23 16 11 5 6 15 8 -13 -22 -22 -18 -3 28 57 55 24 -6 -33 -53 -51 -28 6 22 15 0 -10 -9 8 23 34 45 58 67 68 65 48 27 2 -26 -46 -68 -75 -76 -83 -93 -98 -112 -131 -147 -131 -91 -37 21 55 61 46 23 6 -6 -7 23 83 151 187 180 150 82 -8 -81 -96 -61 -18 28 18 28 -24 -72 -120 -85 -80 -10 33 100 77 54 -29 -64 -99 -60 -9 91 132 141 85 4 -64 -75 -41 26 77 97 69 5 -59 -94 -87 -39 24 63 65 54 14 -37 -67 -60 -22 8 17 13 -1 -20 -37 -41 -18 11 18 12 0 -14 -29 -33 -24 -11 -6 -8 -12 -19 -24 -16 5 29 47 54 60 61 48 35 22 9 1 -16 -38 -52 -72 -83 -97 -106 -107 -98 -81 -64 -30 9 40 62 68 68 66 69 86 116 146 156 129 85 36 -8 -24 -9 12 20 17 -6 -40 -76 -109 -112 -79 -38 -1 14 5 -26 -95 -141 -130 -83 -9 70 130 137 121 19 -37 -79 -56 -43 52 91 109 51 30 -33 -47 -89 -57 -32 23 27 40 24 -9 -53 -72 -75 -41 -9 10 14 7 -17 -40 -50 -34 -3 28 52 52 39 13 -12 -22 -20 -2 13 23 31 32 21 5 -12 -13 -2 12 20 19 18 276 11236 305 1335
-47 -43 -30 -1 25 36 34 26 11 -9 -25 -27 -22 -9 10 24 29 21 14 18 18 18 11 -1 -15 -27 -30 -23 -7 4 7 11 -2 -27 -43 -41 -22 8 35 55 61 46 3 -54 -95 -118 -122 -83 -20 50 106 131 127 103 78 71 84 107 103 70 3 -80 -144 -169 -135 -75 -31 -11 -22 -64 -97 -108 -72 -17 38 67 59 19 -42 -88 -96 -65 -2 66 121 146 127 93 60 27 7 0 3 -3 -15 -11 -6 -7 -14 -21 -18 -20 -20 -15 -1 11 18 16 -8 -41 -58 -60 -42 -17 7 19 27 18 3 -3 2 17 29 29 15 8 4 -11 -27 -25 -7 15 27 39 41 28 12 -11 -28 -38 -36 -18 3 7 3 -7 -7 -7 -1 0 -5 -10 -11 -9 2 8 20 27 17 -11 -11 -7 -1 -7 30 14 9 -11 8 -4 5 -11 -1 -23 -16 -23 7 25 30 13 6 -15 -17 -23 -13 -6 4 10 2 -4 -9 -12 -5 -2 4 3 1 4 4 11 15 14 19 13 4 -4 -4 -4 -11 -19 -4 2 4 -2 -4 -9 -19 -22 -13 -4 7 9 9 7 5 7 8 7 4 6 6 0 -2 6 2 -5 -9 -7 -5 -10 -11 -5 -3 -2 -15 -19 -4 11 14 8 3 4 7 6 6 10 15 277 12256 305 1335
0 3 -3 -9 -13 -15 -16 -9 7 14 9 6 4 9 10 0 5 43 74 71 47 16 -30 -98 -136 -116 -74 -20 33 75 91 63 26 -9 -34 -29 -1 27 31 10 -31 -73 -87 -64 -8 51 74 56 9 -49 -85 -86 -44 7 27 1 -53 -111 -132 -100 -32 56 142 187 191 159 114 82 69 62 58 61 44 4 -48 -89 -105 -107 -87 -58 -34 -16 -14 -19 -22 -21 -29 -48 -61 -72 -23 -24 34 56 64 33 37 15 7 6 36 48 56 36 23 -18 -62 -95 -92 -56 2 50 70 64 40 -2 -41 -74 -73 -41 -14 6 19 21 15 14 19 23 17 8 2 -3 4 12 21 7 -31 -63 -70 -62 -47 -38 -25 -7 30 60 91 123 109 48 -24 -78 -96 -85 -42 7 50 66 49 22 -12 -28 -9 11 33 30 -2 -53 -107 -126 -97 -37 36 95 129 127 84 46 50 84 123 142 114 60 -27 -109 -171 -180 -143 -92 -50 -30 -34 -50 -70 -79 -73 -49 -3 26 34 21 -12 -34 -38 -22 9 40 74 94 102 105 93 71 36 0 -27 -39 -32 -16 7 25 11 -15 -43 -59 -53 -29 10 41 55 49 17 -34 -72 -88 -72 -32 17 65 88 80 43 -1 -32 -39 -22 -3 14 24 11 -8 -14 -14 -8 -8 -8 278 4816 305 1335
4 2 2 6 8 15 15 10 1 -8 -9 -9 -7 -10 -9 9 17 6 1 7 -4 -20 -20 -12 -13 -6 4 7 8 6 16 28 12 -10 -7 3 5 2 15 19 12 -5 -13 -12 -7 -14 -20 -36 -44 -55 -55 -40 -30 -31 -44 -68 -97 -102 -76 -18 43 102 150 178 176 162 148 119 78 62 52 48 32 -1 -37 -94 -150 -172 -143 -68 -4 21 22 -8 -54 -102 -121 -104 -54 8 56 73 73 50 29 4 -10 2 31 67 90 90 71 26 -30 -66 -80 -63 -27 24 62 63 32 -12 -47 -59 -54 -36 -15 7 15 6 -14 -35 -47 -34 -31 -16 13 34 46 43 27 -2 -30 -35 -20 -6 11 27 27 19 15 5 -2 10 3 -12 2 8 4 1 3 6 -2 -12 -15 -16 -21 -30 -19 -8 -21 -33 -26 -25 -49 -56 -34 -12 3 27 49 80 95 102 104 108 119 127 120 93 34 -37 -85 -123 -145 -157 -144 -112 -89 -80 -63 -52 -59 -74 -64 -40 3 55 80 71 27 -31 -51 -27 33 95 145 167 149 96 37 -7 -27 -21 7 25 20 9 -13 -35 -60 -86 -88 -70 -39 6 38 47 19 -28 -67 -96 -85 -31 35 80 94 77 46 15 -4 -15 -9 14 36 53 46 27 -12 -15 -24 -28 -39 -2 -7 278 14244 305 1335
-3 17 19 13 -2 -22 -35 -19 23 56 46 26 3 -19 -20 -9 -3 -3 -3 -1 1 11 25 31 29 8 -19 -39 -38 -15 2 12 14 1 -5 -4 -6 -7 -4 6 2 -4 4 25 41 51 51 41 28 48 61 58 52 37 17 -8 -38 -57 -76 -84 -94 -115 -140 -170 -186 -169 -120 -50 25 74 89 75 50 27 25 49 89 135 154 133 83 18 -39 -75 -75 -35 29 75 90 69 18 -53 -121 -136 -100 -51 -5 30 35 12 -26 -52 -52 -22 14 49 63 56 39 -3 -27 -29 -14 13 44 55 55 40 14 3 9 11 15 17 22 18 -2 -29 -42 -44 -40 -24 -9 8 26 32 30 14 -7 -18 -28 -24 -25 -34 -32 -25 -21 -22 -17 7 32 43 34 17 5 -7 -5 7 29 59 69 69 65 36 5 -27 -55 -75 -87 -86 -68 -63 -71 -96 -121 -125 -107 -82 -43 10 47 69 87 98 111 137 166 187 178 131 76 16 -31 -37 -22 9 25 13 -18 -52 -88 -118 -126 -107 -64 -5 40 45 9 -62 -126 -157 -140 -65 27 105 135 106 48 -19 -59 -55 -15 50 101 108 79 24 -26 -54 -57 -19 -10 43 38 34 -17 -31 -74 -63 -67 -14 -10 22 6 0 -39 -41 -56 -22 -4 38 53 48 18 -5 -25 278 14749 305 1335
48 2 -25 -26 3 28 20 -14 -58 -98 -98 -59 8 66 92 74 23 -35 -64 -53 -12 31 60 68 42 -5 -49 -56 -37 -13 19 55 70 66 28 -2 -22 -36 -36 -30 -23 -25 -40 -39 -24 0 26 30 7 -37 -72 -99 -109 -96 -80 -61 -37 -24 -8 28 82 145 167 209 199 165 112 109 69 64 31 22 -47 -88 -144 -136 -131 -75 -32 16 5 -2 -35 -74 -111 -118 -96 -55 -19 27 58 53 39 22 17 25 40 59 76 83 64 27 -6 -34 -42 -27 -7 21 37 41 30 1 -11 -26 -40 -47 -49 -41 -25 -29 -28 -35 -40 -40 -25 -1 19 32 35 30 23 6 -4 -10 -21 -15 -10 1 21 33 44 44 29 15 0 -12 -21 -32 -31 -22 -11 3 18 21 3 -19 -41 -48 -39 -26 0 20 17 -12 -52 -77 -73 -56 -28 7 40 71 106 133 151 155 146 124 86 52 24 2 -29 -66 -110 -142 -143 -140 -127 -104 -71 -86 -86 -79 -32 -21 39 58 73 23 6 -42 -35 -35 21 58 115 130 143 106 61 14 -8 -33 -29 -12 13 26 10 -11 -33 -59 -65 -44 -6 28 41 39 19 -10 -38 -51 -40 -23 -3 18 30 37 31 29 20 5 -2 4 7 17 14 13 3 -7 -15 -14 -10 -3 3 14 16 279 16025 305 1335
-41 -22 -3 13 4 -14 -32 -34 -35 -22 -5 11 24 27 33 27 10 -1 -15 -15 2 21 28 21 15 8 2 0 -6 -5 0 -3 2 9 38 86 88 70 39 -5 -72 -130 -145 -119 -75 -12 40 64 47 2 -41 -76 -70 -31 29 85 107 94 58 33 54 102 150 171 141 65 -37 -126 -158 -143 -99 -55 -47 -70 -119 -161 -168 -130 -64 9 73 111 102 58 -4 -51 -67 -41 12 64 97 114 117 111 98 67 36 -1 -37 -53 -42 -4 27 40 31 -3 -48 -82 -95 -71 -22 37 66 50 13 -36 -72 -73 -43 8 40 44 35 16 5 7 8 16 17 17 25 30 27 1 -25 -39 -32 -7 14 30 39 26 10 -4 -9 -14 -22 -21 -22 -32 -29 -20 -14 -10 -15 -22 -35 -58 -82 -80 -44 11 69 106 128 118 60 -7 -60 -91 -83 -52 -9 34 66 67 44 0 -36 -45 -33 9 52 62 28 -31 -80 -96 -67 -8 49 78 57 7 -37 -55 -33 9 48 65 45 0 -48 -73 -58 -25 10 40 49 37 4 -23 -27 -10 14 26 28 8 -21 -34 -35 -22 6 32 39 15 -16 -34 -46 -38 -4 31 54 41 9 -23 -42 -38 -20 -2 6 16 17 2 -6 -1 12 4 -18 -15 -17 -25 8 44 53 37 18 280 8625 305 1335
3 11 12 9 8 2 -6 -17 -11 -2 -9 -1 12 12 5 -4 -2 -4 -7 -3 0 5 8 -1 -11 -8 -2 1 1 7 9 2 -5 -7 -5 -7 -4 0 4 3 1 5 5 -5 -3 12 24 20 14 0 -10 -16 -20 -23 -20 4 51 80 70 37 -13 -70 -135 -175 -163 -104 -38 32 93 110 98 60 20 2 0 17 58 72 46 9 -19 -22 -1 37 73 98 83 37 -19 -55 -48 -13 22 42 33 1 -40 -92 -113 -89 -43 -4 20 30 27 9 -10 -18 -14 -15 -20 -22 -19 -5 15 30 33 20 11 8 0 -7 -24 -33 -34 -30 -16 -1 6 -5 -20 -32 -33 -18 2 15 17 13 7 -12 -32 -23 -1 16 24 29 31 25 16 12 16 22 27 17 7 2 4 -1 -4 0 -2 0 3 6 5 -1 -13 -13 -22 -35 -37 -31 -20 -13 -17 -20 -34 -35 -35 -39 -40 -27 10 54 88 124 146 128 74 12 -45 -91 -83 -52 -20 41 81 67 20 -35 -57 -60 -39 -3 17 0 -47 -79 -93 -88 -60 -17 29 47 17 -20 -49 -54 -28 15 63 89 78 41 -12 -36 -26 -14 8 36 55 57 35 11 1 -5 -11 -22 -22 -24 -22 -13 -2 20 29 23 22 11 -1 -13 -17 -11 8 34 53 51 36 281 1007 305 1335
15 22 27 23 11 -2 -5 -6 -6 2 8 11 7 -1 -6 -6 -1 1 -5 -25 -36 -29 -14 6 16 16 19 16 -6 -37 -49 -33 -18 -7 4 -2 24 -28 -10 -26 -44 -101 -95 -93 -55 -25 56 97 133 123 127 132 154 140 122 92 76 65 55 21 -35 -103 -149 -169 -149 -95 -28 9 10 -9 -42 -75 -90 -87 -60 -24 10 38 45 35 22 20 28 48 61 73 80 74 52 17 -19 -32 -43 -49 -44 -23 -12 2 -1 -9 -19 -34 -44 -43 -36 -25 -12 3 0 -13 -24 -22 -4 10 21 33 40 38 28 15 6 -9 -16 -14 -13 -9 -3 5 9 -2 -11 -10 -13 -11 -14 -13 -3 3 5 7 12 17 17 24 17 4 -10 -22 -23 -25 -22 -18 -23 -19 -24 -42 -35 -14 9 27 56 88 105 119 143 154 140 88 35 -20 -78 -114 -116 -87 -77 -106 -126 -120 -95 -69 -70 -70 -57 -34 17 72 100 84 31 -36 -88 -75 -3 83 147 162 132 75 20 -2 -9 4 25 25 16 -5 -28 -35 -35 -41 -45 -51 -43 -23 -3 13 15 5 -20 -45 -49 -40 -13 20 48 52 37 20 0 -14 3 22 36 46 38 20 0 -14 -12 -12 -14 -11 -2 -6 -11 -1 0 -6 -11 -17 -16 -28 -36 -21 -7 2 10 281 1388 305 1335
-32 -21 -12 -4 6 3 -4 -9 -12 -18 -17 -12 -7 -2 0 -10 -15 -18 -18 -3 12 26 31 37 47 40 32 28 23 24 25 21 13 2 -13 -30 -36 -33 -26 -13 0 14 29 29 24 0 -13 -16 -38 -52 -59 -57 -49 -40 -20 -5 -13 -25 -31 -13 26 78 150 192 173 101 18 -45 -88 -86 -52 -16 30 59 63 43 2 -37 -56 -50 -29 -21 -40 -66 -95 -111 -98 -67 -22 26 47 29 -9 -31 -38 -21 9 48 69 48 14 -15 -32 -18 6 39 67 71 53 27 7 -3 -1 7 14 5 -16 -44 -54 -46 -16 9 24 30 18 -1 -7 -10 1 13 23 32 29 22 17 11 16 32 37 35 33 33 16 -3 -20 -38 -39 -48 -51 -39 -27 -18 -14 -8 -6 -19 -14 4 10 9 1 -9 -19 -26 -23 -6 17 28 27 25 13 6 4 12 21 15 14 8 2 -5 -8 -16 -17 -13 -7 -9 -16 -20 -23 -26 -29 -21 -16 -13 -4 -6 -10 -12 -16 -8 7 28 45 51 47 40 20 -6 -24 -27 -11 5 11 15 14 8 0 -11 -13 -11 -11 -28 -36 -33 -24 -16 -13 -2 16 18 10 -4 -11 -5 -1 -4 4 20 36 44 53 52 27 -7 -27 -26 -6 17 32 24 0 -24 -34 -23 -6 -4 -7 281 10243 305 1335
4 -4 -1 3 1 -3 -4 -5 -12 -17 -15 -3 12 21 18 4 -9 -12 -24 -28 -18 -5 4 19 24 25 22 11 0 -9 -9 -3 6 16 18 9 -2 -11 -8 -1 9 3 -9 -14 -21 -17 -5 2 7 -2 -15 -31 -62 -87 -98 -105 -100 -72 -19 36 82 127 166 175 148 108 87 82 97 111 108 81 15 -52 -102 -145 -162 -156 -122 -64 -13 22 35 6 -49 -100 -123 -110 -58 11 64 86 77 53 20 -11 -5 32 66 92 91 65 27 -20 -55 -75 -71 -46 -19 3 18 27 20 -8 -40 -62 -58 -35 -14 0 2 -4 -9 -22 -24 -12 -4 13 35 47 41 30 17 6 -13 -23 -16 -9 2 15 17 14 6 -2 -9 -13 -15 -13 -6 -6 1 8 12 22 20 9 -2 -16 -19 -16 -13 -12 -18 -21 -30 -38 -42 -38 -32 -23 -6 19 45 76 103 128 143 140 127 105 74 42 -10 -61 -86 -112 -128 -128 -108 -86 -84 -94 -106 -106 -97 -54 14 70 91 83 56 18 -25 -55 -50 -19 33 95 142 163 144 98 35 -33 -75 -71 -34 15 45 43 3 -48 -87 -103 -87 -50 3 48 59 39 8 -22 -40 -52 -52 -27 10 46 71 67 49 26 4 -4 -4 9 23 36 33 16 -11 -38 -46 -39 -21 9 24 281 10733 305 1335
3 2 -8 -15 -16 -21 -23 -19 -16 -14 -13 -3 7 8 7 5 -5 -5 -2 -2 3 4 7 13 16 12 12 17 17 20 15 9 3 -6 -17 -31 -39 -24 -10 -4 7 18 26 24 3 -26 -43 -45 -29 -22 -19 -18 -41 -70 -88 -98 -96 -68 -29 12 56 98 141 174 180 177 165 152 131 89 49 26 -14 -66 -107 -129 -127 -101 -54 -20 -7 -17 -40 -57 -74 -78 -67 -51 -31 -19 3 29 34 21 3 2 12 32 65 89 84 54 11 -22 -38 -35 -26 -13 5 10 7 7 -3 -11 -17 -35 -43 -42 -33 -21 -23 -25 -20 -21 -23 -18 -11 1 13 17 14 11 7 6 6 -1 -5 3 9 9 11 14 22 19 17 16 9 -3 -18 -20 -8 3 11 19 16 6 -6 -12 -12 -17 -18 -19 -25 -36 -45 -48 -55 -51 -31 -13 11 36 55 85 105 123 131 150 164 146 115 73 25 -22 -66 -102 -136 -158 -156 -149 -131 -111 -85 -56 -47 -43 -26 -2 16 13 -4 -13 -29 -29 0 40 79 110 125 112 90 71 59 51 36 21 12 9 7 -4 -32 -57 -76 -81 -48 -8 24 39 32 0 -42 -74 -87 -77 -39 -1 15 21 21 22 17 17 20 24 32 28 27 39 45 46 29 4 -13 -18 -5 2 0 282 3079 305 1335
-8 -18 -5 4 10 6 0 -3 -15 -24 -27 -30 -22 -11 -10 -9 -9 -4 0 -11 -27 -43 -48 -37 -9 22 45 75 99 114 127 135 149 149 110 49 0 -24 -41 -71 -97 -104 -111 -123 -144 -153 -135 -109 -95 -84 -51 -10 22 49 60 44 2 -44 -52 -30 24 100 159 183 157 108 62 17 -12 -23 -20 -6 4 12 9 -18 -47 -71 -79 -71 -50 -8 21 27 17 -12 -42 -68 -71 -42 -5 34 58 61 50 29 14 14 21 32 37 38 34 24 17 -1 -14 -17 -18 -4 4 5 9 2 -8 -27 -42 -46 -46 -30 -13 -2 3 -2 -7 -10 -9 -2 5 17 13 6 11 11 5 7 8 9 5 1 -5 -13 -6 8 18 14 5 -5 -17 -23 -26 -29 -24 -16 -8 -4 -1 11 18 13 -7 -26 -28 -14 -12 -5 17 35 46 47 51 73 78 63 28 -24 -85 -123 -126 -96 -43 20 65 80 52 11 -29 -47 -20 20 41 47 19 -32 -81 -100 -71 -20 35 76 93 67 2 -46 -53 -28 8 33 50 36 -5 -41 -65 -57 -12 33 61 58 32 1 -34 -50 -36 -3 25 22 -6 -33 -37 -18 9 38 52 46 22 -7 -19 -20 -6 21 34 30 12 -22 -45 -40 -11 19 40 46 34 2 -25 -38 -33 -20 -8 282 11853 305 1335
-8 -17 -10 -1 3 1 1 10 5 4 7 6 4 -1 4 8 5 6 3 7 -16 -7 7 -4 1 13 16 1 12 21 40 34 51 49 52 39 37 32 25 -5 -30 -66 -80 -83 -90 -94 -107 -125 -148 -163 -148 -101 -42 25 73 90 70 31 6 9 44 97 147 181 160 95 13 -60 -81 -71 -13 53 89 82 35 -37 -96 -134 -134 -104 -50 8 45 48 16 -29 -61 -72 -44 0 58 108 96 54 17 -22 -39 -22 22 67 80 62 34 19 5 -3 3 7 9 3 -8 -20 -34 -37 -26 -19 -23 -26 -23 -13 -7 8 21 22 16 0 -6 -3 5 18 17 -7 -33 -41 -25 -1 28 54 50 28 -1 -24 -29 -17 22 54 58 37 0 -27 -36 -42 -45 -47 -49 -62 -87 -103 -106 -102 -92 -79 -53 -17 38 76 87 97 110 116 114 121 139 143 121 73 15 -19 -40 -42 -11 23 32 10 -42 -100 -144 -150 -108 -47 17 42 26 -25 -93 -139 -142 -94 -10 74 128 135 96 40 -21 -57 -57 -18 41 86 112 103 53 -14 -70 -84 -55 -2 53 68 36 -17 -73 -107 -99 -56 -3 24 22 6 -18 -40 -47 -34 -11 13 34 44 45 40 30 19 1 -12 -9 1 19 32 30 19 5 -8 -18 -16 -4 10 15 282 12231 305 1335
-7 -6 -4 -8 -13 -21 -23 -19 -26 -23 -23 -15 -10 -13 -5 0 5 17 18 19 16 11 14 17 14 11 12 21 19 13 13 12 7 -5 -2 3 3 5 6 -6 -14 -24 -23 -20 -20 -16 -21 -28 -33 -45 -57 -69 -75 -80 -80 -59 -20 32 74 106 132 156 168 170 155 131 104 84 58 15 -26 -65 -107 -139 -153 -143 -99 -42 5 18 2 -32 -71 -102 -107 -83 -30 20 57 65 53 37 12 -6 -15 -12 27 69 105 121 97 58 19 -14 -45 -56 -38 -11 6 11 -2 -25 -45 -50 -36 -37 -44 -49 -36 -25 -19 -5 7 -10 -23 -23 0 25 36 29 14 -5 -16 -15 -3 17 34 33 20 10 1 8 14 10 4 -6 -14 -12 -12 -4 7 10 5 -6 -17 -32 -32 -24 -21 -26 -35 -37 -42 -43 -29 -20 -25 -13 10 38 67 98 128 136 126 117 106 91 76 50 13 -29 -72 -109 -125 -138 -138 -130 -106 -86 -74 -68 -63 -53 -33 -6 25 42 47 29 -7 -27 -30 1 46 95 137 153 152 139 97 43 3 -13 -38 -72 -98 -106 -93 -69 -51 -25 1 18 16 8 9 20 38 51 35 -7 -47 -60 -48 -6 55 106 125 93 44 -1 -31 -31 0 32 56 61 32 -15 -64 -83 -68 -27 21 55 54 283 4169 305 1335
9 6 -5 -18 -16 7 17 17 14 10 6 -7 -15 -10 2 7 -2 -14 -18 -30 -28 -14 3 19 32 37 19 -8 -21 -22 -24 -21 -15 4 6 10 11 10 0 -20 -25 -19 -11 15 47 67 73 63 47 44 51 51 35 -2 -32 -49 -58 -60 -70 -79 -83 -98 -141 -177 -182 -148 -96 -41 10 56 72 65 43 17 27 57 94 135 160 163 130 59 -8 -62 -79 -56 8 66 85 63 19 -46 -101 -134 -118 -64 -7 32 38 11 -22 -56 -69 -56 -15 37 64 71 60 38 10 -12 -15 10 44 64 67 58 35 6 -4 -18 -9 14 30 32 25 4 -26 -54 -70 -64 -44 -11 21 38 28 3 -14 -30 -38 -32 -14 13 20 17 7 -3 -8 -13 -4 18 30 34 29 20 13 8 12 26 39 52 52 34 3 -34 -69 -85 -84 -79 -74 -66 -74 -91 -106 -115 -97 -61 -27 13 44 73 97 100 97 106 138 168 167 135 85 32 -13 -39 -24 9 31 33 10 -33 -82 -123 -140 -131 -94 -42 0 14 -11 -56 -109 -135 -115 -64 -1 73 122 121 66 5 -37 -44 -8 49 99 115 85 34 -17 -46 -42 -27 -9 7 20 26 9 -33 -75 -96 -89 -67 -31 17 46 36 -14 -45 -52 -39 -12 22 50 64 39 13 -3 283 4687 305 1335
-7 -13 -7 -5 -7 -3 12 16 2 3 13 14 15 10 6 7 3 -6 -18 -23 -18 -14 -16 -22 -23 -8 2 9 10 12 16 13 10 6 4 10 -5 -23 -33 -29 -11 2 12 24 25 20 15 0 -13 -7 7 14 11 5 1 19 33 29 29 18 -22 -100 -166 -191 -168 -102 -11 73 128 120 86 30 -30 -46 -32 3 34 38 2 -47 -83 -84 -50 20 79 131 156 161 145 155 157 190 171 157 120 80 7 -47 -99 -115 -139 -131 -117 -101 -111 -113 -99 -84 -77 -70 -73 -79 -90 -89 -45 11 69 108 103 78 41 11 2 8 35 70 78 54 -4 -52 -95 -105 -86 -50 -7 19 21 6 -29 -44 -41 -39 -25 -11 2 13 10 6 -4 -15 -6 13 28 32 43 53 53 47 38 32 32 19 11 -3 -15 -15 -23 -33 -42 -51 -40 -32 -42 -51 -64 -60 -41 -23 -14 -13 -8 10 40 71 110 160 162 102 30 -38 -97 -131 -127 -70 0 57 94 107 81 52 46 58 97 125 124 83 16 -60 -111 -141 -139 -129 -123 -140 -163 -172 -156 -126 -84 -36 6 31 32 24 12 6 12 24 46 74 95 101 97 98 97 94 87 71 43 6 -33 -41 -15 7 21 19 2 -32 -72 -85 -60 -14 40 62 44 15 -21 283 13276 305 1335
0 -7 -20 -30 -31 -23 -20 -20 -11 -3 7 15 10 11 19 23 16 -10 -23 -15 1 28 60 68 46 15 -19 -60 -88 -85 -72 -67 -76 -74 -74 -80 -69 -52 -28 -3 18 46 73 91 110 120 113 99 97 107 92 67 22 -23 -47 -40 0 41 53 30 -29 -98 -150 -170 -130 -60 5 45 37 -11 -74 -123 -124 -81 -12 60 108 124 93 48 -8 -42 -47 -31 21 67 89 85 44 -4 -38 -58 -45 -16 10 24 19 -11 -47 -78 -79 -49 -9 26 38 30 5 -23 -49 -54 -35 -9 18 35 37 29 8 -13 -18 -13 1 26 42 51 46 43 29 6 -9 -9 -4 -6 -7 -6 -18 -29 -36 -38 -28 -20 -4 13 12 10 0 -10 -7 -2 20 48 61 62 46 16 -21 -35 -23 -14 -10 2 16 25 9 -8 -17 -21 -21 -22 -16 2 14 31 36 21 0 -18 -26 -13 7 10 4 -7 -17 -15 0 19 38 41 28 4 -29 -46 -39 -26 -7 3 5 6 -1 -6 -4 -4 -7 -8 -5 6 28 38 27 -3 -36 -45 -36 -18 0 16 24 16 -5 -18 -13 -9 -5 12 16 6 -16 -38 -38 -21 4 18 25 26 15 4 -8 -12 -14 -13 -2 2 2 6 2 -3 -11 -27 -31 -29 -14 2 9 7 14 8 9 283 13946 305 1335
-34 -43 -34 -38 -26 -20 -16 -5 8 15 18 7 3 -5 -11 -5 4 12 20 28 25 13 0 -9 -4 0 9 22 19 7 -18 -39 -46 -42 -32 -11 2 15 22 16 9 -2 -21 -29 -24 -14 4 22 34 23 1 -15 -14 -6 5 41 92 111 91 44 -6 -75 -159 -189 -158 -104 -42 22 82 112 76 20 -23 -40 -20 23 70 89 64 3 -53 -58 -16 48 97 102 84 45 -2 -27 -20 13 36 37 15 -28 -77 -98 -89 -57 -23 12 35 33 12 -20 -48 -61 -56 -29 -16 38 13 34 10 9 -15 37 40 51 14 16 -19 -15 -26 0 -2 16 -7 -16 -41 -45 -39 -24 4 27 29 22 -7 -23 -28 -28 -18 -4 10 22 30 29 20 14 12 15 18 22 21 21 12 -4 -10 -22 -19 -16 -9 -3 4 8 -3 -22 -35 -45 -41 -34 -22 -11 -11 -12 -21 -23 -26 -30 -28 -15 22 71 101 135 152 122 64 0 -46 -69 -76 -51 -8 32 47 27 2 -29 -56 -61 -36 16 36 14 -38 -91 -114 -113 -83 -21 29 54 40 -4 -33 -31 3 49 80 80 53 11 -24 -45 -32 1 39 67 66 55 29 -3 -26 -46 -38 -16 8 19 6 -12 -12 -9 -14 -17 -8 2 -4 -13 -8 11 29 40 44 36 20 284 6094 305 1335
12 0 -18 -42 -45 -29 -8 10 26 34 30 21 4 2 -23 -42 -34 1 -16 -11 -20 -24 -64 -45 -21 45 68 88 84 91 82 105 114 119 88 42 -14 -52 -79 -94 -110 -126 -132 -120 -97 -64 -40 -35 -43 -57 -53 -17 28 66 74 49 6 -38 -62 -40 20 97 156 177 134 62 -1 -49 -59 -36 1 40 52 42 17 -26 -59 -82 -84 -54 -14 31 55 41 7 -40 -77 -91 -68 -16 39 79 93 80 41 -3 -24 -23 -6 24 48 56 47 17 -12 -37 -47 -37 -14 -1 0 2 -1 -16 -24 -26 -20 -21 -18 -12 -18 -26 -27 -17 3 15 22 36 33 17 3 -3 -2 0 5 16 13 13 21 15 -5 -26 -32 -25 -13 1 15 24 9 -24 -34 -29 -15 0 1 3 0 0 8 13 14 10 -4 -15 -15 -4 11 14 5 -17 -31 -25 -4 19 33 30 14 -9 -20 -26 -11 21 34 28 10 -11 -17 -14 -4 3 1 -9 -16 -21 -24 -12 2 5 3 -8 -14 -8 0 14 21 18 11 1 -3 4 8 8 -1 -12 -18 -18 -11 -2 11 19 12 1 -9 -18 -23 -20 -7 5 17 20 15 4 -9 -12 3 8 2 15 9 0 6 18 16 11 1 -1 -2 -5 -3 7 12 5 -5 -16 -12 -17 -14 284 14452 305 1335
-25 -30 -22 -8 11 19 11 -5 -15 -4 10 26 46 64 69 48 13 -22 -48 -53 -47 -56 -62 -78 -96 -120 -134 -119 -86 -49 -4 40 60 59 58 70 91 103 120 142 150 124 86 43 5 -7 6 32 46 45 21 -32 -95 -140 -154 -124 -66 -10 16 11 -27 -94 -158 -171 -121 -30 63 123 146 119 51 -26 -83 -85 -33 45 115 139 123 79 17 -43 -76 -65 -24 23 54 48 11 -41 -84 -101 -89 -53 -16 8 8 -23 -57 -63 -47 -19 16 54 76 62 24 -10 -34 -39 -21 20 54 72 73 70 53 12 -28 -42 -38 -10 15 23 30 19 -11 -39 -49 -33 -11 -5 -7 -16 -20 -17 -15 -10 -5 1 14 27 37 32 16 6 0 1 7 27 42 37 26 12 -10 -26 -27 -15 6 19 34 36 12 -20 -38 -31 -24 -13 6 20 23 11 -2 -11 -23 -19 -1 7 12 11 4 -17 -38 -37 -26 -4 19 24 20 7 -8 -29 -39 -30 -16 4 24 22 15 1 -11 -14 -17 5 27 35 41 34 15 -6 -24 -26 -22 -12 -2 10 16 5 -8 -14 -24 -24 -19 -6 4 4 5 0 -3 6 16 28 42 68 82 65 29 -13 -72 -129 -142 -108 -47 6 42 63 60 30 0 -13 -1 26 50 46 29 -10 -61 284 14973 305 1335
15 15 9 -1 -5 2 4 1 7 8 7 10 5 6 5 3 0 -4 5 1 -4 -5 -5 0 -8 -11 -4 2 6 -1 -4 2 2 4 8 1 -4 -6 -5 1 -2 -19 -16 -9 -18 -14 1 9 2 -12 -19 -22 -37 -59 -56 -63 -85 -103 -84 -46 -10 44 118 175 196 192 168 131 95 76 72 61 42 8 -41 -87 -123 -145 -137 -102 -66 -33 -1 5 -5 -32 -74 -94 -92 -54 2 38 43 36 24 19 17 35 63 88 85 55 21 -5 -25 -36 -37 -29 -30 -23 -4 8 15 14 0 -12 -31 -47 -35 -5 16 7 -8 -17 -27 -29 -21 -3 11 22 34 34 21 11 -7 -10 -11 -10 -4 12 -13 28 11 21 0 20 -9 3 -2 21 0 12 -1 17 8 17 5 3 -15 -21 -31 -28 -38 -30 -22 -25 -35 -50 -55 -35 -33 -15 33 75 92 104 123 138 130 120 115 106 56 1 -42 -84 -129 -150 -146 -128 -123 -110 -87 -82 -87 -74 -43 -3 25 47 60 47 7 -38 -55 -42 -8 40 87 119 124 113 85 35 4 -11 -9 2 6 11 17 -5 -26 -38 -34 -18 2 20 28 20 -6 -30 -46 -59 -63 -51 -32 -7 9 23 31 26 12 -5 -10 10 35 49 58 58 46 16 -16 -35 -37 -24 -3 285 6561 305 1335
-10 3 0 -4 -10 -12 -12 -1 16 21 15 10 4 -6 -22 -19 -1 -9 -9 13 15 9 16 18 7 -7 -8 -1 8 2 -2 10 3 -14 -12 -11 -22 -52 -69 -79 -80 -79 -83 -72 -59 -38 6 51 76 89 105 143 157 149 146 147 139 118 102 73 9 -65 -134 -173 -165 -122 -75 -40 -32 -33 -55 -68 -81 -93 -84 -67 -35 5 37 57 57 46 38 32 38 49 71 84 88 72 38 -4 -38 -57 -43 -12 2 1 -9 -14 -20 -34 -40 -38 -34 -22 -23 -21 -19 -19 -22 -18 -14 -9 3 24 29 23 16 18 23 12 -3 -12 -14 -4 4 5 14 5 4 1 -9 -14 -9 -1 6 6 10 16 17 15 15 8 -7 -2 -3 -32 -29 -15 -22 -26 -35 -36 -41 -54 -46 -21 13 41 75 119 134 131 129 123 111 93 71 42 3 -39 -66 -87 -113 -141 -142 -137 -139 -139 -128 -97 -66 -37 4 48 64 50 13 -26 -38 -19 21 66 110 134 142 130 109 74 32 -14 -32 -18 5 27 32 15 -22 -63 -93 -107 -90 -53 -10 26 26 -9 -54 -58 -46 -36 -26 17 19 25 16 47 44 49 29 22 5 26 27 40 18 13 5 -10 -32 -16 5 15 15 23 19 -3 -25 -37 -27 -24 -26 -15 -5 -4 -10 301 8174 305 1335
-5 -5 -5 -5 7 10 10 4 8 -1 -22 -14 2 3 -9 -4 16 14 -3 -9 -3 -4 -15 0 20 18 11 12 20 19 16 32 44 40 32 35 45 28 3 -7 -23 -47 -73 -88 -97 -99 -96 -100 -125 -135 -131 -103 -71 20 38 98 92 77 12 24 32 86 119 173 174 159 74 -9 -100 -125 -103 -32 31 76 81 47 -23 -91 -132 -133 -96 -39 14 50 45 7 -33 -57 -54 -19 25 57 62 36 -1 -19 -10 15 37 60 76 80 50 8 -26 -28 -27 -20 9 44 48 30 12 -11 -43 -64 -64 -34 3 30 52 46 8 -23 -31 -27 -16 -15 -12 -15 -21 -10 2 11 5 0 7 4 -2 4 14 17 12 18 17 24 42 43 35 20 -6 -26 -53 -73 -69 -59 -54 -60 -85 -103 -109 -93 -58 -15 19 52 86 96 87 81 81 94 114 123 121 91 50 4 -37 -48 -21 10 23 3 -35 -82 -123 -146 -132 -79 -10 47 60 25 -38 -99 -138 -136 -92 -10 71 117 131 96 36 -16 -42 -25 13 60 101 106 76 22 -31 -53 -40 -10 22 31 24 -4 -40 -70 -83 -63 -27 11 31 12 -6 -23 -44 -61 -62 -37 5 37 61 62 37 3 -31 -45 -38 -7 41 74 83 61 27 4 -17 -19 -21 -18 -8 303 2910 305 1335
-90 -37 23 75 94 73 34 -14 -31 -16 20 64 84 65 14 -48 -72 -45 17 85 125 123 75 14 -20 -8 31 56 62 33 -18 -58 -83 -87 -67 -36 -10 -12 -44 -72 -97 -118 -128 -117 -78 -31 5 32 60 83 98 114 138 155 161 152 134 105 63 20 -24 -79 -130 -170 -186 -168 -132 -85 -39 -20 -18 -35 -53 -65 -61 -40 -10 19 39 47 46 33 30 40 60 93 120 132 121 87 50 13 -24 -41 -44 -34 -23 -18 -13 -23 -31 -32 -35 -36 -42 -37 -28 -26 -19 -28 -47 -58 -62 -57 -54 -46 -17 24 76 114 143 152 120 59 3 -45 -69 -63 -23 20 52 64 45 14 -26 -51 -41 -4 46 79 55 -7 -83 -139 -147 -114 -58 -6 11 -12 -58 -87 -90 -63 -16 26 46 42 26 9 -3 21 78 133 176 195 188 153 94 47 9 -22 -43 -93 -80 -120 -141 -148 -135 -140 -124 -89 -37 -14 16 34 47 55 40 19 0 -14 -12 15 53 100 122 140 135 105 63 30 14 13 18 22 0 -36 -80 -116 -129 -125 -86 -35 0 14 7 -9 -23 -46 -51 -39 -17 5 23 28 30 29 27 15 13 16 26 41 53 61 52 24 2 -18 -22 -17 -17 -10 1 11 15 7 -4 -13 -22 -23 -25 -22 -12 -2 -3 20 11809 305 1852
-2 8 17 6 -7 -18 -13 3 14 20 16 1 -3 -10 -10 -2 2 15 13 6 -2 -7 -3 -3 1 8 10 19 20 21 27 31 43 50 48 44 27 4 -17 -40 -61 -69 -73 -81 -84 -87 -100 -128 -144 -132 -88 -40 29 89 104 94 66 25 9 36 79 122 161 176 137 50 -36 -89 -100 -78 -21 50 83 62 7 -51 -105 -138 -117 -53 6 39 38 14 -26 -61 -73 -55 -9 32 62 79 70 38 4 -21 -35 -30 6 54 84 79 47 6 -24 -37 -26 -3 9 17 7 3 4 -4 -16 -23 -17 -14 -15 -8 0 11 9 -5 -24 -40 -38 -28 -13 0 -5 -10 -16 -21 -7 22 48 54 35 13 -5 -3 -3 42 51 60 67 50 5 -29 -46 -60 -57 -57 -49 -59 -70 -93 -104 -111 -87 -63 -23 12 54 81 94 95 99 95 105 130 143 118 73 29 -22 -46 -39 -8 17 20 -3 -38 -85 -129 -151 -127 -58 4 43 55 31 -31 -96 -133 -116 -66 5 76 124 125 88 25 -28 -52 -41 -9 45 79 68 39 -3 -39 -52 -41 -2 37 58 53 25 -6 -41 -68 -74 -53 -19 12 34 29 -3 -28 -44 -50 -38 -25 6 26 27 21 2 -7 2 1 4 15 27 37 42 43 30 17 7 1 -4 -10 -10 20 12325 305 1852
-7 -13 -14 -16 -11 1 17 35 35 13 -14 -23 -19 -21 -16 3 10 14 10 5 3 -9 -20 -28 -26 17 48 67 59 17 -52 -123 -155 -144 -99 -42 1 42 65 64 59 38 32 41 53 62 53 20 -15 -55 -76 -60 -15 25 36 16 -15 -47 -53 -24 37 109 161 179 153 101 59 41 68 106 121 114 62 -25 -118 -201 -230 -205 -151 -91 -54 -40 -50 -78 -93 -89 -64 -32 0 24 32 43 45 26 29 22 28 36 34 49 53 48 45 36 11 -19 -44 -45 -46 -39 -32 -17 -4 2 5 -11 -19 -13 -4 13 27 35 36 13 -11 -23 -20 -5 6 18 31 33 26 11 2 -9 -19 -25 -34 -30 -17 -12 -12 -17 -16 -17 -27 -35 -46 -48 -23 20 66 106 146 160 130 63 -9 -64 -95 -104 -85 -48 -13 -3 -17 -44 -70 -75 -43 15 78 118 112 72 26 -2 13 56 93 94 67 17 -67 -148 -157 -159 -123 -103 -63 -85 -110 -141 -112 -75 -6 33 104 122 114 63 20 -11 8 38 87 118 132 108 66 37 31 39 51 43 27 6 -2 -14 -41 -50 -64 -74 -69 -58 -34 1 25 38 29 8 -4 -9 -13 -16 -5 3 9 13 13 8 0 -13 -21 -24 -8 17 29 27 12 -9 -22 -34 -34 -16 7 21 4161 305 1852
-20 -19 -24 -17 -2 6 10 15 13 -4 -24 -27 -9 11 4 6 18 -2 -16 -1 12 24 24 9 4 -4 -13 4 35 54 55 38 28 25 28 30 32 22 3 -17 -40 -63 -81 -105 -106 -102 -109 -127 -147 -144 -107 -55 8 70 108 107 75 46 29 33 64 114 160 178 150 85 -3 -77 -126 -120 -59 9 58 74 46 -5 -70 -118 -127 -106 -60 -9 23 29 7 -29 -51 -51 -20 30 74 88 73 40 -8 -34 -34 -12 30 64 90 90 52 9 -21 -35 -37 -25 7 28 27 23 9 -18 -47 -66 -61 -43 -12 19 43 45 18 -1 -7 -16 -16 -18 -21 -29 -32 -21 8 20 43 42 30 2 8 -24 -11 0 54 42 42 22 44 16 9 -22 -27 -62 -64 -73 -58 -45 -30 -51 -91 -120 -112 -86 -41 8 48 74 89 101 107 107 110 126 140 130 92 46 -10 -41 -41 -26 9 16 7 -26 -73 -124 -150 -131 -74 -16 44 72 58 0 -76 -136 -149 -111 -34 44 110 138 119 63 -6 -45 -53 -25 29 74 90 79 28 -23 -62 -65 -35 9 42 49 36 1 -41 -64 -64 -45 -20 0 15 5 -13 -27 -44 -49 -37 -23 2 34 46 38 13 -12 -26 -24 -20 -2 24 45 55 51 34 15 -3 -11 -14 -21 -25 21 4695 305 1852
30 24 -1 3 -11 -14 -34 -19 -22 -7 8 36 33 26 -2 -15 -13 -3 13 40 40 23 -15 -46 -66 -69 -54 -37 -20 -2 6 9 7 7 6 2 -9 -26 -45 -59 -72 -72 -75 -69 -43 -5 46 101 127 146 152 152 147 147 148 139 118 79 38 1 -43 -94 -142 -175 -185 -175 -138 -94 -57 -32 -23 -38 -56 -71 -70 -39 4 43 68 70 55 27 0 -11 10 48 77 92 94 82 44 2 -20 -27 -27 -15 -7 -8 -9 -19 -31 -44 -49 -37 -27 -17 -7 1 5 1 -5 -10 -13 -10 -6 0 -4 -7 10 20 14 18 23 7 13 4 15 3 31 24 24 6 7 -21 -33 -56 -36 -26 -2 -3 2 -5 -9 -15 -16 -13 11 22 25 17 -4 -21 -37 -56 -56 -36 -9 14 43 68 86 109 124 128 133 119 102 73 37 -3 -43 -81 -106 -127 -140 -151 -153 -157 -160 -147 -117 -81 -36 6 45 79 93 75 39 10 -3 -5 2 32 82 124 139 135 103 56 16 -14 -11 13 44 70 59 7 -64 -112 -120 -98 -73 -48 -10 13 1 -16 -18 -16 -17 -29 -25 -7 15 31 33 24 8 -9 -12 -7 6 30 47 49 28 8 0 -2 4 3 0 1 -4 -5 -12 -11 2 4 -5 -18 -26 -18 -11 -6 1 22 5947 305 1852
0 6 10 7 5 3 -1 -7 -16 -11 -4 0 -2 -10 -14 -12 -9 -3 1 13 22 18 16 8 7 3 2 11 13 48 21 29 26 52 32 50 28 28 -12 -22 -80 -82 -94 -80 -100 -92 -102 -100 -127 -130 -106 -57 -5 61 99 112 81 46 26 28 55 104 155 177 143 63 -26 -82 -98 -76 -24 34 85 93 38 -45 -103 -139 -139 -120 -71 -5 42 48 24 -22 -53 -65 -42 9 68 102 109 75 10 -35 -34 -10 26 56 61 54 32 8 -7 -9 -10 -10 0 11 8 4 -4 -22 -40 -44 -33 -16 12 39 47 39 13 -7 -23 -36 -25 -10 -6 -8 -17 -23 -18 -11 -3 11 30 32 27 19 9 7 11 25 42 45 46 40 18 0 -29 -51 -59 -63 -61 -62 -72 -83 -103 -114 -110 -89 -47 1 42 72 84 93 96 102 111 127 144 136 100 55 6 -24 -35 -24 2 12 7 -22 -69 -116 -147 -140 -91 -19 38 51 27 -31 -102 -149 -148 -89 2 88 143 142 106 54 -9 -52 -59 -26 33 75 92 76 27 -31 -77 -84 -57 -8 49 80 63 17 -37 -67 -81 -66 -34 -14 2 9 4 8 -3 -23 -27 -15 -3 6 19 23 14 -9 -37 -48 -36 -5 31 47 52 45 25 1 -6 5 24 24 10 22 15752 305 1852
-3 -2 -11 -23 -24 -12 -8 -12 -1 6 -2 0 8 19 23 13 7 4 4 11 25 36 34 21 8 -2 -14 -24 -16 -6 -5 0 -4 -18 -26 -40 -52 -51 -54 -62 -73 -77 -66 -51 -24 14 49 86 118 135 138 123 160 123 145 136 135 84 63 -12 -75 -154 -165 -181 -148 -109 -52 -34 -24 -55 -82 -99 -82 -48 -13 22 52 64 51 24 7 3 18 42 67 89 85 68 48 18 -5 -12 -4 4 -7 -15 -23 -35 -53 -65 -60 -52 -39 -18 3 8 -1 -14 -29 -53 -55 -28 1 20 27 24 17 4 9 15 8 -3 -6 3 19 24 34 44 42 27 10 3 -3 1 16 19 14 5 7 9 1 -13 -30 -52 -59 -65 -63 -35 10 46 38 0 -48 -94 -144 -174 -157 -80 17 98 152 184 184 157 133 110 107 114 112 89 33 -47 -124 -175 -175 -138 -82 -36 -20 -32 -60 -69 -33 22 85 117 99 44 -33 -86 -96 -69 9 90 141 140 87 31 -13 -39 -39 -18 20 40 26 -4 -56 -96 -114 -99 -61 -24 12 29 25 16 0 -12 -13 -23 -31 -36 -37 -31 -19 -1 13 21 22 14 6 -2 2 16 27 38 35 23 23 25 32 31 19 24 36 38 25 2 -2 -4 -14 -21 -23 -9 8 10 6 23 7606 305 1852
-8 -10 -18 -27 -24 -14 8 16 19 17 13 14 -1 -19 -21 -13 -3 -6 -3 14 20 25 24 17 5 -14 -24 -19 -4 11 18 15 5 -9 5 26 35 29 4 -38 -88 -114 -110 -83 -42 -10 12 27 10 -15 -39 -60 -54 -29 3 46 70 83 80 79 93 128 168 197 200 175 126 70 18 -28 -56 -80 -109 -147 -173 -166 -133 -90 -42 -20 23 -34 -50 -82 -82 -88 -30 10 49 34 27 -9 -17 -23 14 56 96 99 95 57 11 -30 -49 -47 -36 -19 -4 -1 -6 -13 -20 -18 -2 12 13 4 -3 -12 -22 -36 -43 -29 -17 0 6 5 11 21 25 30 23 17 7 2 -7 -4 15 40 51 34 20 21 10 -13 -21 -17 -6 3 14 19 3 -21 -51 -78 -82 -66 -47 -26 -17 -14 -17 -7 7 35 67 66 34 6 -3 3 22 56 105 131 129 107 87 57 22 -3 -26 -50 -70 -108 -147 -186 -212 -208 -179 -135 -77 -15 29 36 29 29 34 44 47 34 13 -14 -24 -7 31 85 129 150 136 89 42 12 1 12 33 52 39 2 -42 -78 -85 -66 -28 18 45 51 30 -2 -27 -48 -49 -38 -30 -22 -19 -14 -8 -3 6 16 26 33 35 41 36 28 16 7 9 1 -3 -5 -10 -10 -7 1 12 23 16325 305 1852
10 4 -1 -1 -6 -7 -5 -7 -9 -9 -7 -2 -19 -13 7 -2 12 16 24 7 10 -7 0 -6 17 17 22 4 5 2 12 17 31 30 38 28 20 14 3 -18 -36 -44 -49 -74 -84 -86 -93 -103 -114 -103 -76 -45 -7 36 76 76 32 13 21 31 48 101 161 181 149 89 13 -52 -101 -96 -45 6 50 75 55 6 -57 -98 -107 -97 -72 -27 16 32 13 -14 -36 -48 -33 -6 21 38 47 43 24 6 3 12 24 34 34 27 9 -15 -26 -11 7 17 28 37 33 18 6 -12 -25 -37 -35 -24 -2 20 26 18 -6 -26 -28 -24 -12 -1 0 -8 -28 -40 -41 -26 -9 5 15 17 20 15 13 21 32 42 52 57 56 45 17 -2 -29 -49 -56 -60 -57 -53 -58 -65 -71 -77 -76 -67 -44 -10 27 51 65 78 78 76 81 95 113 113 95 66 22 -16 -30 -20 13 25 14 -15 -55 -105 -140 -135 -92 -32 28 60 56 15 -43 -101 -138 -126 -62 21 86 113 97 55 2 -35 -42 -27 11 58 88 78 43 6 -24 -44 -44 -23 10 26 23 10 -13 -27 -37 -30 -3 12 18 11 -16 -35 -43 -38 -30 -16 2 8 0 -4 -2 -10 -44 -50 -14 27 58 67 62 48 15 -15 -28 -13 20 41 43 25 2572 305 1852
-1 -3 5 10 14 16 12 5 -7 -14 -14 -7 -5 -8 -9 -14 -17 -14 -1 10 9 9 9 -4 4 -2 1 1 7 -20 -1 -6 4 -15 -3 -19 -17 -43 -34 -46 -40 -53 -41 -49 -32 -13 20 45 80 109 126 119 106 97 84 73 74 71 61 27 -25 -85 -137 -169 -161 -127 -71 -12 35 47 23 -21 -61 -77 -76 -47 5 61 86 75 35 -7 -42 -52 -30 13 64 109 118 94 39 -20 -60 -76 -70 -44 -8 21 33 25 -2 -30 -38 -29 -15 -3 7 12 4 -5 -20 -33 -34 -26 -11 1 5 17 21 12 -8 -15 -1 15 22 18 14 15 11 -3 -13 -11 4 3 -2 4 10 16 25 37 41 19 -15 -35 -42 -38 -26 -3 13 2 -15 -27 -30 -39 -52 -56 -48 -32 0 43 80 93 88 79 66 64 74 74 64 37 1 -38 -80 -102 -106 -96 -89 -93 -91 -86 -79 -69 -43 3 38 58 68 57 37 4 -35 -48 -40 0 58 111 137 120 86 37 -14 -45 -44 -6 36 55 55 20 -35 -89 -126 -114 -69 -8 50 76 71 39 -6 -45 -67 -58 -31 0 30 42 34 13 -9 -21 -29 -20 10 33 49 50 41 22 -5 -14 -10 -7 5 19 36 34 13 -12 -26 -26 -23 -22 -12 -1 4 -6 -24 26 12412 305 1852
-17 -6 -8 -6 -2 0 7 9 11 18 22 24 20 10 5 -2 -8 -7 -2 6 2 -8 -20 -55 -17 -18 3 37 57 48 37 38 38 28 28 39 47 49 25 13 -12 -46 -77 -92 -115 -121 -121 -109 -119 -120 -116 -98 -68 -12 51 87 79 53 26 28 54 95 147 190 180 122 33 -56 -112 -120 -76 -22 25 49 46 12 -36 -79 -108 -112 -78 -30 20 58 57 24 -15 -42 -38 -10 30 74 97 81 41 2 -17 -20 -14 7 39 49 35 9 -20 -28 -21 -4 15 25 33 30 8 -18 -38 -48 -40 -22 5 23 28 22 2 -15 -26 -26 -9 0 8 2 -8 -16 -27 -20 -3 5 18 25 21 16 9 7 3 3 12 29 49 52 36 2 -41 -39 -73 -57 -46 -47 -56 -58 -79 -93 -96 -87 -69 -41 9 48 79 84 87 87 92 92 111 121 126 103 73 23 -20 -29 -6 12 12 -13 -48 -92 -135 -145 -112 -52 16 56 67 32 -40 -106 -133 -115 -67 9 83 130 128 88 26 -32 -72 -68 -32 21 77 95 71 20 -35 -61 -73 -63 -14 32 45 30 6 -20 -43 -46 -25 10 25 5 -21 -41 -45 -28 -13 -1 10 7 11 9 8 5 -17 -29 -27 -7 23 44 46 33 12 -5 -12 -7 3 21 25 51 6444 305 1852
-5 -6 -10 -6 -2 -2 0 3 1 0 -1 2 5 2 3 -1 -3 9 -26 15 -10 -2 -12 22 0 17 21 56 20 14 -11 1 -20 -11 -16 -2 -9 -12 -33 -46 -75 -89 -98 -98 -87 -53 -7 45 92 127 154 149 124 97 79 86 104 115 101 58 -10 -91 -154 -176 -153 -117 -74 -33 4 10 1 -29 -64 -81 -85 -65 -25 16 49 59 41 12 -24 -33 -5 41 87 111 99 54 0 -34 -47 -40 -22 4 21 15 8 1 -13 -20 -25 -17 -6 5 16 13 5 0 -14 -25 -35 -40 -32 -12 8 17 18 14 1 -11 -23 -27 -17 -6 8 17 14 14 12 4 3 3 8 11 18 25 28 29 28 25 14 -4 -19 -38 -5 -38 -16 -24 -14 -50 -24 -40 -35 -57 -28 -24 9 24 83 99 118 109 113 107 103 85 64 26 -16 -61 -91 -116 -128 -124 -122 -115 -112 -110 -90 -75 -53 -14 29 72 91 75 41 -1 -27 -41 -36 11 66 112 128 120 92 52 18 -6 -17 -3 11 26 30 4 -28 -66 -87 -83 -59 -13 26 33 21 -10 -41 -63 -62 -40 -14 14 37 45 34 -1 -22 -27 -24 -8 14 42 62 60 52 30 -1 -26 -36 -20 5 30 52 54 33 0 -18 -21 -24 -25 -28 -29 -22 -24 -11 51 15194 305 1852
-17 -15 -12 -2 9 12 10 10 1 -1 3 2 5 2 -1 -1 -4 -8 -10 -12 -6 -5 -4 5 12 15 10 2 -6 3 16 16 17 28 -16 -9 -52 -56 -54 -51 -75 -81 -89 -77 -75 -42 2 54 94 120 136 136 132 129 132 131 125 120 111 64 -7 -90 -158 -187 -182 -147 -80 -15 20 6 -38 -76 -96 -98 -76 -35 20 50 53 37 24 9 -22 -30 -8 25 73 109 117 96 43 -5 -41 -48 -30 -18 -15 -8 -10 -5 -9 -12 -12 -12 -17 -27 -27 -15 -3 5 1 -19 -32 -45 -46 -39 -23 -2 7 5 7 -2 5 17 22 20 11 5 6 10 14 17 23 21 12 5 2 13 24 33 36 23 9 -5 -24 -27 -34 -35 -29 -31 -32 -34 -36 -40 -48 -49 -38 -11 34 72 95 97 131 101 110 112 112 81 80 44 4 -51 -84 -103 -113 -124 -125 -126 -130 -129 -119 -101 -80 -39 8 51 69 69 48 15 -16 -20 0 47 89 114 124 103 62 26 0 3 11 32 50 45 18 -21 -63 -95 -97 -81 -60 -29 8 25 32 17 -4 -16 -26 -42 -40 -26 0 4 10 13 11 11 16 7 -1 1 18 36 49 58 52 45 19 -6 -15 -12 -1 8 -1 -4 -17 -17 -11 -15 -8 7 12 3 -29 52 7540 305 1852
23 23 22 19 0 -36 -54 -36 -18 -11 5 27 34 16 13 23 16 -1 -9 1 21 32 43 44 20 -6 -28 -29 -24 -21 -17 -11 -20 -29 -29 -19 -22 -30 -39 -56 -69 -85 -88 -78 -56 -14 33 71 103 125 138 141 140 138 136 127 123 115 89 43 -23 -100 -160 -180 -163 -128 -89 -51 -28 -37 -56 -63 -66 -57 -39 -11 21 34 29 24 13 12 13 19 39 57 70 70 66 53 30 4 -21 -26 -16 -33 -1 -3 1 -20 -11 -32 -19 -33 -2 -20 -2 -12 3 -21 -17 -32 -29 -48 -35 -24 3 14 35 47 38 17 4 -14 -15 -18 -7 17 38 54 47 19 -6 -21 -24 -23 -9 13 28 29 19 18 8 -23 -39 -52 -60 -47 -25 0 3 -18 -33 -46 -53 -49 -36 -9 24 55 91 120 142 148 151 140 108 70 33 1 -29 -68 -96 -121 -144 -152 -160 -166 -156 -137 -108 -77 -44 12 63 97 102 80 48 11 -13 -15 3 40 74 93 92 72 50 15 -2 3 17 40 45 38 21 -14 -46 -66 -71 -54 -31 -6 13 23 14 -13 -36 -48 -53 -46 -40 -1 -9 -1 0 12 -18 7 5 41 29 61 57 71 44 46 18 15 -17 -14 -23 -7 -1 11 5 -5 -21 -24 -33 -28 -19 -10 1 0 -5 52 16224 305 1852
-2 3 8 1 6 0 -3 -8 -11 -10 -2 9 10 3 1 2 0 -2 -2 7 12 13 17 8 -12 -22 -11 4 -6 0 11 6 -6 -14 -8 9 8 -1 9 8 -15 -23 -15 -9 4 18 29 33 18 -6 -9 -22 -33 -37 -29 -2 37 49 54 36 -14 -88 -155 -180 -155 -88 -1 76 119 110 70 23 -7 -2 20 56 78 77 55 24 5 8 35 76 97 93 68 26 -18 -41 -39 -18 2 8 -2 -31 -73 -107 -114 -85 -33 17 37 28 -9 -52 -73 -62 -39 -14 3 9 -2 -14 -12 -4 13 37 55 52 29 5 -14 -17 -9 5 22 25 5 -18 -31 -23 -13 -4 2 11 13 6 -13 -31 -30 -20 -7 6 20 27 22 22 22 31 30 18 17 17 3 -3 0 -3 -10 -1 19 36 -9 15 -10 0 -28 -14 -29 -24 -39 -21 -39 -27 -44 -31 -38 -24 -30 -25 -28 -17 10 62 101 137 146 115 55 -9 -54 -77 -74 -35 16 54 57 33 -9 -58 -83 -77 -39 3 13 -12 -53 -98 -110 -77 -31 18 40 34 -5 -43 -59 -45 -8 39 71 77 49 8 -34 -52 -32 11 67 110 113 86 55 28 6 -11 1 14 2 -15 -23 -16 -8 1 18 24 10 -22 -47 -51 -35 4 40 50 31 -5 -27 148 13190 305 1852
-22 -17 -8 10 14 3 4 2 -13 -20 2 10 4 9 19 15 -1 -8 3 12 13 25 44 48 27 3 -21 -49 -64 -67 -61 -51 -59 -73 -89 -106 -102 -74 -37 9 53 94 108 100 99 95 95 103 123 120 94 62 17 -27 -48 -38 0 26 23 -2 -50 -106 -160 -182 -146 -73 -1 45 46 8 -52 -105 -132 -101 -17 73 136 154 115 57 -6 -47 -49 -20 19 93 70 51 -13 -48 -67 -34 -3 36 65 70 24 -29 -74 -93 -85 -59 -8 27 38 33 24 -12 -45 -59 -44 -18 16 34 42 34 -1 -32 -41 -24 2 21 26 35 28 13 1 4 5 -8 -16 -20 -15 3 6 9 6 0 -12 -19 -5 22 28 19 8 -9 -28 -27 -4 20 46 52 31 4 -12 -15 -10 -2 18 30 18 -2 -23 -36 -32 -33 -23 0 19 26 29 24 -1 -19 -27 -26 -11 8 24 31 16 0 -9 -12 -6 4 17 23 12 -5 -17 -20 -17 -9 16 25 21 11 -7 -25 -22 -8 6 6 14 11 5 -9 -19 -16 -8 -4 8 5 -8 -18 -25 -26 -18 -3 16 30 29 22 8 -7 -23 -26 -23 -13 -5 8 30 33 11 -5 -18 -27 -26 -17 9 34 35 11 -3 -17 -18 -21 -23 -23 -15 -8 6 21 34 34 17 148 15825 305 1852
-25 -12 8 7 0 1 11 -26 14 3 27 18 20 -23 3 6 5 -14 15 9 10 -6 3 -1 0 -2 17 23 11 -3 -1 -8 -33 -38 -11 31 42 43 34 -8 -77 -135 -158 -133 -79 -13 53 103 108 71 16 -26 -26 16 64 91 75 33 -17 -38 -7 60 132 184 175 118 26 -49 -79 -57 -19 22 36 15 -36 -79 -100 -92 -67 -37 -17 -3 -14 -33 -43 -49 -55 -54 -41 -17 -9 -20 -25 -19 -2 21 54 74 63 23 -9 -28 -31 -16 24 43 29 -2 -36 -53 -49 -35 -7 18 24 7 -20 -29 -36 -28 -11 9 20 27 24 13 6 17 26 32 33 31 29 10 -17 18 -13 16 7 10 -8 25 -6 -20 -31 -12 -41 -34 -38 -26 -41 -48 -46 -31 -37 -19 -2 -8 -26 -25 7 40 71 112 156 158 109 39 -16 -57 -76 -68 -26 39 76 69 35 -11 -50 -64 -52 -13 16 11 -48 -126 -171 -171 -118 -33 42 80 57 -3 -55 -77 -60 -13 54 98 99 68 21 -15 -15 -6 24 49 62 64 56 40 15 1 10 15 17 8 -15 -29 -35 -19 7 38 59 56 22 -25 -68 -67 -38 3 37 42 21 -21 -50 -49 -28 12 49 58 51 28 10 -1 2 6 4 -1 -9 -20 -25 -35 -34 -24 -20 151 151 305 1852
-5 -3 1 4 -2 -5 -9 -10 -1 3 4 10 12 9 6 1 3 4 -1 3 7 8 1 -11 -11 -14 -14 -9 -4 1 -4 -8 -10 -11 -12 -16 -22 -29 -47 -59 -71 -97 -61 -82 -19 16 68 79 142 153 164 125 124 85 84 65 84 77 69 15 -50 -126 -160 -174 -156 -112 -51 -3 15 4 -26 -73 -119 -136 -115 -53 23 91 125 112 73 20 -13 -3 37 82 103 96 63 15 -21 -50 -52 -39 -22 -10 -5 -6 -2 -7 -29 -56 -74 -71 -46 -18 9 16 5 -14 -32 -37 -12 31 49 42 27 7 -1 -3 -4 4 5 6 8 7 8 11 18 19 8 -7 -25 -37 -35 -22 1 23 32 29 18 10 4 -3 -3 -4 0 -1 -9 -14 -28 -43 -55 -57 -50 -40 -25 14 48 64 87 121 131 116 110 105 97 59 3 -25 -46 -88 -111 -125 -128 -122 -111 -95 -85 -72 -63 -48 -23 5 35 53 51 38 8 -16 -20 -8 30 81 129 155 145 107 51 -11 -46 -49 -29 -3 22 41 29 -6 -61 -97 -100 -84 -47 -1 36 44 23 -20 -59 -74 -58 -33 -6 21 44 61 64 45 23 10 3 12 32 52 52 33 -2 -40 -55 -42 -9 26 40 44 30 3 -33 -62 -59 -46 -39 -21 -2 7 14 22 22 151 9961 305 1852
-10 -12 3 9 2 -1 2 9 16 10 2 -5 -1 0 -6 -8 -2 5 4 4 5 8 15 10 5 10 10 13 22 33 51 52 43 40 44 48 40 22 2 -27 -65 -92 -96 -103 -114 -116 -114 -132 -153 -151 -113 -59 -3 57 99 103 76 45 39 54 75 119 160 170 130 63 -13 -67 -84 -63 -7 61 96 79 10 -72 -133 -175 -169 -116 -51 0 27 23 -5 -46 -64 -59 -35 15 76 120 115 81 43 17 10 24 47 59 50 39 25 15 18 15 5 -17 -9 -34 -54 -49 -42 -42 -39 -26 -23 -9 -2 20 22 33 23 10 -13 -12 -3 30 32 21 4 -8 -14 -12 -24 -5 14 32 26 13 -5 -9 -6 5 19 36 44 34 11 -16 -32 -50 -54 -56 -58 -58 -60 -72 -86 -106 -106 -78 -35 15 57 86 94 90 91 93 96 121 149 146 100 54 13 -26 -39 -25 5 21 14 -12 -56 -117 -154 -159 -112 -48 -3 13 2 -45 -97 -129 -117 -59 20 87 128 132 100 45 -12 -45 -36 7 61 102 101 69 25 -31 -69 -68 -38 4 33 41 21 -22 -58 -80 -88 -78 -53 -21 4 14 6 -8 -17 -22 -14 13 6 35 47 27 13 5 9 1 10 19 36 39 45 13 -22 -57 -47 -31 2 17 29 152 2617 305 1852
-6 6 17 28 33 30 24 13 5 4 2 2 2 -1 -7 -8 2 10 8 -2 -3 1 -2 -16 -21 -15 -7 0 1 16 21 5 -8 -4 9 15 7 -12 -29 -47 -59 -59 -48 -33 -11 12 38 67 90 106 121 87 123 107 103 70 81 18 -26 -89 -101 -162 -164 -178 -141 -139 -107 -95 -56 -37 8 28 52 43 25 3 -9 -11 13 45 64 74 95 118 126 109 73 26 -5 -14 2 20 31 19 -19 -60 -89 -91 -78 -50 -23 6 10 1 -19 -28 -39 -51 -52 -32 -10 12 26 44 51 45 36 19 23 34 46 52 42 25 7 -11 -13 -13 -5 12 19 19 13 -7 -17 -27 -36 -31 -22 -24 -32 -24 -25 -21 -13 1 9 17 14 13 6 3 7 7 12 23 27 22 8 -4 3 7 6 8 16 13 -1 -17 -25 -29 -34 -35 -23 -8 7 19 15 3 -24 -7 -47 -29 -21 21 9 50 39 35 -17 -11 -37 -22 -32 3 -3 15 7 26 13 2 -20 -28 -37 -28 -14 25 42 29 6 -11 -18 -11 -11 -18 -23 -15 -4 11 20 26 29 23 -5 -37 -36 -13 6 14 29 19 -2 -13 -10 -9 0 -2 10 6 -8 -3 23 29 11 -14 -24 -16 -7 -3 3 7 0 -8 -11 -9 -5 0 11 152 10933 305 1852
-22 -17 -10 9 26 27 12 6 -5 -2 7 8 3 -6 -10 -5 -5 2 7 8 10 6 2 -9 -16 -15 1 16 22 24 30 34 40 43 54 60 45 22 1 -25 -53 -81 -95 -97 -111 -116 -110 -124 -142 -137 -105 -54 5 60 85 94 76 47 34 37 66 109 153 173 148 86 7 -60 -89 -75 -34 29 71 70 25 -46 -114 -154 -153 -109 -47 13 45 42 0 -47 -61 -50 -13 28 61 73 62 27 -5 -17 5 45 84 98 87 71 40 -11 -57 -53 -26 1 17 33 16 -13 -47 -62 -63 -54 -24 30 58 56 36 7 -12 -30 -37 -37 -23 -8 6 28 37 23 4 -13 -15 -16 12 2 46 14 2 -33 -4 -22 10 31 71 50 38 -17 -31 -58 -41 -46 -41 -44 -52 -80 -103 -115 -97 -65 -21 26 63 86 82 75 80 84 92 110 122 121 82 42 8 -16 -17 -5 15 25 16 -15 -75 -128 -159 -149 -98 -32 20 46 19 -34 -99 -143 -139 -86 1 83 130 132 83 24 -28 -54 -34 13 72 115 114 81 20 -30 -66 -75 -48 0 32 39 19 -14 -51 -81 -80 -62 -32 -1 24 24 0 -30 -45 -51 -30 -1 28 37 30 19 4 -17 -15 -3 19 41 60 74 56 29 -3 -33 -48 -46 -29 2 22 152 11333 305 1852
-5 -8 -6 -4 4 11 5 -7 -13 -8 3 11 8 9 1 -4 3 -1 -15 -2 16 4 -3 6 13 -17 -8 -19 -4 -21 16 8 21 0 12 -22 -17 -45 -25 -20 19 18 35 28 23 -3 -10 -16 -3 -1 16 25 20 7 -7 -7 11 35 50 35 -8 -70 -136 -172 -157 -115 -50 9 62 94 81 39 -2 -21 -8 18 67 98 105 80 34 6 8 27 74 108 122 99 46 -11 -45 -48 -20 17 31 -1 -55 -101 -119 -101 -58 -4 22 5 -24 -55 -78 -75 -58 -27 -6 -1 -7 -22 -26 -10 18 47 62 58 36 10 -9 -16 -8 3 9 10 1 -14 -23 -34 -31 -21 -7 9 14 11 0 -17 -25 -25 -16 3 19 25 22 22 22 24 22 23 25 58 26 20 -4 7 -21 6 7 22 -3 13 -17 -16 -38 -20 -27 -9 -26 -24 -41 -45 -58 -52 -50 -37 -29 -25 -24 -14 7 47 97 140 169 156 98 24 -36 -57 -65 -41 2 57 81 62 32 -8 -60 -84 -85 -43 -4 5 -24 -76 -121 -140 -129 -72 -10 32 43 21 -14 -43 -49 -14 42 77 66 25 -15 -34 -18 26 76 109 109 85 38 -10 -24 -6 19 30 15 -11 -34 -47 -49 -32 -1 26 33 17 -4 -16 -12 0 3 10 22 27 12 153 2350 305 1852
0 4 3 13 17 5 -11 -11 -8 -1 5 11 16 8 -2 -12 -6 3 5 5 8 3 -2 -11 -7 -2 -1 9 17 29 33 37 35 37 38 51 40 29 10 -8 -41 -65 -82 -96 -107 -108 -108 -113 -126 -130 -102 -73 -33 21 68 83 63 36 27 33 53 92 138 172 174 135 56 -22 -71 -77 -44 16 70 93 57 -6 -70 -126 -151 -137 -104 -56 -6 28 26 2 -24 -32 -20 -1 17 43 55 47 28 17 9 10 35 72 82 67 41 9 -4 -49 5 8 35 10 20 -29 -25 -38 -22 -70 -56 -48 5 12 42 38 21 -24 -28 -30 -16 -1 20 28 25 6 -6 -19 -15 3 17 29 26 13 -4 -13 -10 5 23 38 46 42 21 7 -18 -42 -51 -51 -55 -49 -60 -77 -97 -118 -119 -95 -61 -15 34 71 92 98 87 81 88 102 125 139 118 80 34 -5 -35 -34 -11 18 16 0 -34 -76 -122 -144 -129 -88 -28 17 27 -8 -60 -109 -129 -109 -42 39 104 135 124 79 16 -31 -45 -36 4 47 82 88 62 30 0 -20 -32 -26 3 18 16 -9 -46 -70 -77 -65 -36 -16 4 9 -23 -48 -66 -15 -22 30 41 61 18 44 20 8 -48 -17 -10 26 40 85 70 48 0 -27 -58 -49 -27 6 19 153 12960 305 1852
-14 -19 -19 -1 20 25 23 10 -5 -18 -14 4 19 36 51 54 34 1 -7 3 13 21 30 38 26 5 -7 -16 -24 -24 -13 4 19 33 48 42 16 -13 -27 -34 -40 -54 -80 -100 -115 -116 -108 -116 -131 -92 -88 -34 14 79 87 118 91 72 27 54 68 123 146 177 139 75 -24 -77 -111 -84 -38 21 47 37 3 -48 -104 -131 -118 -73 -24 17 44 42 10 -26 -45 -41 -14 31 71 81 66 31 -10 -35 -34 -14 8 31 58 57 31 -4 -29 -28 -13 -4 10 27 37 18 -3 -21 -33 -32 -16 3 17 22 17 2 -21 -27 -26 -17 -7 -2 -3 -1 -8 -16 -23 -18 -15 -5 8 20 27 31 36 41 41 44 46 53 50 25 3 -19 -43 -54 -51 -41 -43 -62 -77 -101 -121 -116 -82 -34 6 34 50 59 70 73 75 81 92 118 135 126 91 48 6 -31 -56 -45 -16 7 12 -16 -63 -117 -147 -137 -82 -6 54 70 37 -29 -92 -124 -103 -50 8 61 97 99 67 18 -21 -34 -27 10 55 82 80 53 13 -30 -61 -61 -29 16 44 56 41 3 -36 -66 -75 -57 -14 26 38 19 0 -29 -50 -50 -40 -14 13 25 26 21 2 -27 -36 -27 -7 18 36 39 29 11 6 5 7 18 26 28 25 161 13741 305 1852
-18 -25 -15 -5 0 -4 -8 -5 9 23 25 16 5 -8 -17 -20 -12 3 7 6 2 -7 -11 -1 10 20 27 30 23 18 29 42 42 42 40 40 28 16 15 -12 -45 -55 -80 -85 -97 -85 -95 -101 -131 -141 -135 -83 -35 37 86 121 116 65 7 3 26 63 119 175 181 130 52 -29 -82 -99 -77 -12 42 66 64 18 -48 -109 -140 -118 -71 -21 19 36 17 -27 -59 -65 -38 4 46 84 98 81 48 5 -26 -36 -23 7 41 67 69 39 8 -14 -29 -34 -14 -1 5 2 -4 -21 -42 -37 -19 -7 -15 -12 -4 4 9 11 15 18 4 -8 -18 -20 -14 -22 -36 -36 -20 6 26 39 42 26 0 -20 -22 -1 34 69 76 56 24 -12 -33 -47 -51 -38 -42 -56 -69 -80 -85 -88 -83 -73 -56 -23 20 54 69 88 107 90 100 119 145 135 119 78 39 -19 -41 -48 -10 24 39 3 -58 -113 -142 -159 -132 -60 10 46 49 28 -24 -89 -122 -103 -49 9 68 125 119 68 18 -23 -40 -30 4 57 89 77 41 -8 -58 -77 -62 -19 24 45 44 25 -6 -41 -58 -53 -30 10 26 22 11 -5 -23 -33 -37 -19 -1 24 34 23 8 -8 -21 -36 -36 -15 9 23 20 15 20 17 15 16 14 19 18 163 7582 305 1852
-16 -24 -19 -19 -16 -12 0 6 4 2 13 13 9 5 0 -3 -5 -2 4 10 16 11 10 7 1 0 0 6 10 16 26 31 39 50 44 40 44 24 7 -6 -25 -48 -59 -70 -82 -98 -110 -131 -149 -157 -144 -99 -46 16 65 86 79 40 23 37 59 94 144 174 162 124 68 2 -40 -48 -40 -12 28 48 21 -28 -80 -127 -145 -118 -69 -20 8 6 -27 -68 -79 -53 -6 58 102 118 106 73 34 4 -8 -11 10 46 72 76 59 24 -12 -42 -59 -50 -22 21 42 34 9 -23 -44 -51 -36 -11 6 15 15 9 -1 -5 1 -1 -15 -15 -3 0 -4 -7 -6 -10 -5 3 11 23 32 35 32 16 7 0 9 33 53 55 41 12 -23 -50 -60 -65 -66 -66 -70 -80 -94 -109 -106 -99 -71 -29 4 51 77 83 92 102 108 123 139 148 130 96 42 -5 -34 -46 -9 29 27 -3 -52 -108 -152 -176 -134 -61 0 43 47 6 -58 -117 -142 -123 -55 30 98 136 125 73 4 -39 -41 -15 38 89 95 73 25 -36 -79 -82 -43 6 43 60 52 12 -43 -85 -97 -76 -38 -3 25 37 21 -7 -38 -59 -57 -37 3 38 50 54 43 20 3 -6 -7 4 14 17 17 14 15 19 15 7 14 9 -8 163 16045 305 1852
2 2 -2 -1 4 4 -3 -15 -23 -24 -13 1 10 4 -5 -1 -3 -8 -4 -1 -1 2 -1 5 15 9 6 2 5 -5 -10 -3 5 3 3 7 6 0 2 -4 -2 6 2 0 8 13 11 10 7 3 3 5 -5 -13 -10 1 29 41 34 15 -32 -98 -153 -174 -142 -86 -17 34 67 64 30 -4 -17 0 49 104 143 141 95 28 -19 -27 1 53 90 96 72 22 -32 -53 -36 1 23 9 -21 -58 -103 -123 -125 -97 -54 -22 -6 -9 -18 -20 -18 -8 8 28 41 32 10 -7 -10 9 42 75 80 67 54 28 -4 -14 -7 11 19 13 4 -22 -36 -36 -26 -25 -27 -25 -20 -15 -7 -2 1 -5 -17 -19 -8 7 6 -9 -19 -23 -18 6 21 35 31 15 -10 -16 -2 11 11 23 28 13 -9 -18 -11 -10 -13 -16 -13 -13 -29 -40 -38 -42 -36 -37 -44 -48 -40 -14 28 75 112 156 169 136 76 20 -24 -33 -27 -2 34 57 43 3 -54 -95 -103 -77 -29 12 23 0 -60 -123 -155 -144 -98 -44 -3 5 -16 -36 -34 -1 42 85 129 119 75 37 1 1 21 69 76 69 46 35 4 -7 -9 15 21 21 3 -19 -56 -76 -72 -52 -38 -22 -5 -6 -17 -35 -30 -17 -8 10 13 12 -3 164 732 305 1852
7 22 31 15 -5 -16 -17 -23 -26 -15 -5 1 3 6 9 3 -10 -15 -15 -14 -1 24 42 34 19 10 -4 -22 -21 -10 -14 -21 -10 3 6 4 3 -11 -40 -71 -88 -86 -79 -54 -12 17 27 46 78 99 107 107 110 105 80 68 81 90 74 34 -19 -85 -144 -176 -167 -125 -67 -5 34 32 -2 -43 -71 -79 -67 -25 28 63 73 58 30 -3 -31 -34 -9 34 78 107 100 59 17 -21 -55 -66 -47 -9 17 13 0 -20 -36 -45 -44 -35 -18 3 22 27 14 -4 -15 -21 -26 -26 -14 6 20 26 22 7 -6 -8 -14 -16 -5 6 12 14 9 6 0 -3 -1 3 9 18 17 21 27 31 28 20 4 -12 -22 -36 -49 -42 -27 -15 -11 -16 -28 -51 -62 -58 -53 -28 15 54 93 115 122 122 116 101 77 57 38 11 -14 -44 -68 -88 -104 -108 -112 -106 -102 -102 -99 -95 -71 -15 47 91 109 99 63 2 -54 -73 -46 7 72 125 142 121 79 22 -23 -44 -33 -4 26 49 55 27 -26 -91 -130 -117 -67 -8 34 55 49 22 -13 -43 -40 -25 19 19 13 26 37 16 -11 -15 -25 -16 -8 11 29 45 38 28 -2 -22 -32 -16 0 20 37 37 22 1 -18 -26 -26 -18 -13 -14 -5 -6 -11 164 7533 305 1852
-20 -6 -2 -4 -15 -27 -25 -12 12 22 16 2 -18 -27 -23 -9 13 24 25 20 12 9 9 8 12 14 20 20 16 15 18 26 28 35 40 39 41 20 -4 -25 -48 -62 -71 -83 -91 -100 -112 -131 -143 -131 -98 -47 9 61 91 95 73 46 21 30 57 101 150 170 150 88 7 -57 -97 -91 -37 29 72 66 28 -32 -93 -130 -123 -86 -37 0 25 18 -16 -52 -69 -52 -19 28 74 93 88 65 25 -12 -37 -27 8 39 67 80 72 40 -6 -31 -35 -24 -9 5 12 9 -4 -23 -39 -41 -34 -28 -21 -15 4 25 27 19 1 -19 -23 -21 -7 5 -3 -20 -26 -12 10 35 51 56 43 4 -32 -34 -15 17 46 53 48 26 -9 -35 -50 -48 -44 -45 -49 -58 -61 -67 -86 -99 -91 -66 -42 -1 50 80 86 89 91 97 101 124 145 131 92 42 -7 -36 -44 -28 9 28 20 -20 -63 -125 -158 -134 -87 -20 35 77 49 -13 -95 -134 -143 -87 -12 72 117 126 86 34 -30 -48 -34 9 58 90 84 57 7 -50 -79 -68 -30 13 44 54 42 0 -44 -68 -67 -46 -14 12 27 17 -17 -43 -59 -59 -31 3 33 49 49 30 4 -12 -20 -13 -1 14 36 42 39 28 18 13 1 -5 0 0 -11 164 8057 305 1852
-3 4 6 1 2 -1 -12 -23 -16 0 15 23 19 16 6 -15 -33 -38 -24 -1 17 24 23 26 22 12 -11 -22 -19 -6 9 18 13 6 -3 -18 -21 -12 -3 7 -1 -11 -15 -6 10 16 16 17 23 17 -12 -34 -34 -30 -25 -1 51 75 70 53 4 -79 -149 -170 -132 -73 -19 51 86 69 26 -17 -47 -23 30 88 113 106 59 7 -28 -38 -13 28 62 76 70 52 28 18 29 46 62 65 40 -13 -69 -97 -97 -71 -34 -7 4 -5 -30 -38 -68 -48 -22 19 13 26 -5 -23 -65 -38 -27 14 19 38 14 0 -24 -3 3 16 15 18 3 -23 -45 -50 -45 -28 -17 -6 2 -4 -5 -5 -3 -2 5 19 27 23 22 21 15 10 16 24 24 14 11 7 12 11 16 19 14 7 -1 -3 7 4 -4 -12 -20 -30 -34 -26 -27 -23 -15 -10 -21 -37 -48 -57 -68 -57 -14 45 96 143 173 139 58 -8 -54 -80 -66 -8 61 91 68 20 -45 -91 -92 -59 -5 43 61 31 -19 -64 -101 -96 -70 -49 -33 -36 -49 -57 -51 -28 4 39 66 64 38 5 -26 -38 -29 1 34 72 89 64 29 0 -6 16 41 55 56 39 17 -15 -35 -32 -13 4 6 -6 -19 -29 -30 -18 3 30 42 42 21 164 9234 305 1852
3 17 17 15 7 0 1 7 14 9 -1 -6 -6 2 9 14 12 1 -11 -18 -16 -2 -1 0 4 5 -1 -2 2 4 -3 -3 4 1 -2 -14 -19 -32 -41 -57 -74 -85 -88 -82 -52 -19 22 58 91 118 132 133 138 137 138 142 136 124 90 36 -29 -92 -147 -176 -171 -140 -97 -60 -42 -39 -52 -68 -74 -71 -49 -5 41 67 69 33 9 -7 -26 -17 37 95 130 138 112 65 9 -39 -54 -52 -53 -33 -6 2 -12 -29 -44 -66 -85 -79 -53 -10 30 52 52 23 -19 -44 -47 -34 -19 -6 7 21 32 34 35 31 9 -12 -33 -31 -9 17 29 27 7 -10 -25 -25 -13 3 8 9 13 10 16 29 35 22 -5 -32 -37 -43 -40 -32 -23 -19 -35 -48 -53 -52 -36 -5 27 61 82 98 114 126 133 137 128 107 73 31 -16 -51 -81 -104 -111 -117 -131 -143 -148 -143 -135 -117 -68 -17 36 68 80 71 48 17 -11 -15 12 57 99 107 102 92 57 17 -4 7 30 40 39 42 4 -41 -74 -96 -95 -75 -49 -10 5 16 17 9 -10 -23 -27 -25 3 29 34 33 20 5 -5 -16 -23 -17 3 34 62 78 74 49 18 -12 -35 -45 -37 -20 -2 16 20 18 17 -5 -31 -50 -49 -23 -1 4 19 164 16193 305 1852
-5 -6 -6 -5 1 2 0 8 10 11 5 -1 -2 -10 -13 -7 1 3 3 5 2 -2 -5 -3 6 5 7 20 26 30 31 31 35 35 36 41 40 29 16 0 -20 -44 -59 -65 -78 -109 -136 -140 -145 -152 -137 -97 -30 28 71 96 76 48 29 18 42 88 141 184 194 151 66 -23 -84 -116 -106 -51 20 72 67 32 -27 -87 -116 -120 -98 -53 -1 33 23 -6 -36 -57 -41 2 54 82 80 56 27 10 7 12 23 28 31 33 34 26 2 -23 -33 -37 -11 28 42 36 10 -20 -42 -58 -52 -21 5 18 21 18 -2 -17 -17 -7 2 12 14 7 -14 -21 -18 -18 -8 3 17 26 21 13 13 6 5 11 29 51 62 59 43 14 -19 -47 -57 -56 -46 -44 -50 -61 -89 -117 -121 -110 -79 -39 1 40 55 64 78 91 106 121 138 151 143 102 49 10 -16 -25 -9 11 19 1 -34 -82 -137 -165 -150 -95 -17 49 68 46 -12 -86 -144 -151 -103 -21 61 114 138 114 60 5 -33 -41 2 51 77 80 52 1 -47 -75 -66 -33 0 23 24 11 -10 -28 -35 -36 -34 -22 -3 12 9 -9 -38 -61 -58 -28 18 53 68 55 23 -16 -42 -49 -19 22 48 46 27 6 -11 -18 -9 7 23 18 6 165 316 305 1852
-11 -26 -38 -32 -18 -5 -5 0 17 27 26 14 0 -12 -13 -2 14 18 21 18 5 -6 -10 2 0 -2 -7 -16 -27 -20 3 18 17 16 13 -13 -49 -73 -72 -65 -64 -62 -57 -60 -47 -9 39 67 84 102 119 132 138 152 152 144 85 97 56 28 -49 -82 -168 -195 -200 -129 -97 -40 -32 -9 -36 -44 -68 -55 -46 -12 21 51 61 63 49 31 12 7 22 43 64 88 95 73 28 -20 -56 -75 -70 -42 -11 7 3 -11 -30 -38 -45 -46 -30 -2 13 22 7 -4 -13 -22 -28 -26 -17 -4 5 18 24 27 20 8 0 -5 -8 -2 3 9 7 8 18 18 15 7 -4 -6 -1 8 15 17 23 21 2 -15 -30 -33 -32 -26 -22 -14 -6 -14 -35 -53 -66 -60 -39 -12 29 72 112 133 121 114 114 108 92 70 50 12 -35 -65 -82 -101 -124 -136 -145 -158 -150 -119 -74 -30 -7 1 61 50 82 58 39 -28 -21 -22 17 30 97 104 116 72 55 18 11 -1 12 12 23 17 11 -17 -52 -77 -92 -91 -65 -29 17 50 54 32 -9 -44 -61 -53 -24 6 34 47 48 34 13 -4 -4 6 25 31 44 43 33 15 -4 -19 -25 -29 -17 -5 4 8 11 6 -4 -13 -19 -23 -17 -17 -14 -7 -4 166 1169 305 1852
9 1 -9 -16 -21 -15 -7 5 5 4 4 7 -2 0 11 -10 -2 4 -6 0 17 29 9 0 -6 -5 -12 -5 -19 -28 -35 -13 2 17 25 22 12 -18 -68 -92 -77 -72 -81 -62 -26 -4 22 74 119 133 124 108 102 93 95 124 139 120 66 6 -53 -104 -155 -182 -173 -141 -96 -34 16 31 11 -31 -77 -96 -93 -46 19 82 113 98 61 14 -28 -38 -12 38 85 111 101 58 9 -41 -73 -82 -73 -39 4 24 22 1 -20 -40 -49 -37 -14 11 30 32 15 -6 -20 -25 -26 -22 -18 -3 9 16 20 17 6 -4 -15 -7 8 14 20 16 11 5 1 -2 1 0 2 -1 5 5 6 5 12 16 8 -3 -12 -25 -25 -16 -15 -11 -13 -16 -24 -32 -43 -51 -54 -34 -8 27 76 123 145 141 114 85 71 67 44 10 -17 -54 -89 -112 -108 -98 -101 -107 -114 -125 -120 -92 -39 19 53 70 73 63 36 -8 -40 -43 -25 17 77 136 158 143 94 13 -56 -81 -59 -9 36 60 52 9 -55 -106 -123 -107 -64 -6 43 70 70 47 12 -27 -55 -59 -34 4 36 52 52 28 1 -24 -38 -23 5 36 54 48 35 11 -11 -27 -26 -19 -9 1 11 13 9 -1 -8 -8 -11 -10 -6 -2 1 -2 -4 166 9599 305 1852
-33 -29 -24 -11 0 -9 -22 -17 5 24 29 27 15 6 5 -5 -5 10 19 16 8 6 6 -1 -1 1 4 4 10 17 28 38 41 37 38 35 38 23 5 -8 -26 -52 -63 -74 -82 -94 -106 -120 -143 -148 -137 -103 -50 20 68 93 83 60 35 29 49 95 148 184 184 148 65 -18 -80 -100 -73 -20 24 46 28 -4 -57 -103 -120 -97 -59 -21 2 5 -6 -35 -67 -75 -45 6 63 92 93 73 41 12 -3 -5 13 36 57 61 48 21 0 -19 -29 -30 -21 3 16 12 5 7 -5 -9 -15 -26 -28 -23 -14 -1 3 7 13 10 4 -12 -15 -11 -4 -14 -34 -43 -26 0 31 42 43 32 17 -2 -22 -18 14 37 54 66 57 31 -4 -32 -52 -72 -81 -79 -69 -60 -61 -70 -83 -95 -90 -53 1 47 65 68 64 77 87 111 144 151 135 97 53 -3 -27 -30 3 26 23 -5 -47 -101 -138 -152 -134 -84 -18 33 48 23 -29 -92 -140 -133 -72 4 78 120 127 80 11 -32 -31 -7 31 84 112 97 41 -28 -74 -78 -53 -3 44 54 50 21 -29 -62 -61 -50 -27 -6 17 28 11 -17 -37 -51 -55 -33 -4 14 32 39 38 17 -6 -14 -5 10 16 29 35 23 6 5 4 4 11 21 26 166 10120 305 1852
-5 0 -1 0 -4 -4 -2 -6 -14 -19 -14 -7 5 18 29 24 20 4 -4 -29 -31 -17 -6 0 13 28 36 31 34 39 38 31 27 37 44 56 69 51 -3 -50 -80 -78 -74 -77 -87 -106 -125 -145 -156 -135 -95 -45 7 52 81 78 63 41 31 43 71 118 163 185 166 93 5 -69 -110 -100 -48 21 72 66 16 -39 -94 -127 -124 -79 -28 14 27 9 -21 -59 -80 -59 -22 24 64 87 86 55 19 -4 -9 10 41 64 78 67 32 -2 -23 -32 -27 -2 18 28 22 4 -11 -33 -45 -43 -28 -4 9 7 12 15 5 -9 -13 -19 -4 5 9 9 4 -16 -23 -16 -6 7 13 12 6 1 7 21 32 59 73 71 51 28 0 -34 -58 -61 -58 -53 -52 -53 -67 -95 -127 -143 -131 -90 -24 40 70 75 75 62 65 92 118 139 145 133 102 67 32 -4 -21 -11 0 -4 -27 -57 -90 -125 -156 -160 -114 -34 32 64 48 -7 -80 -142 -147 -86 11 94 131 134 65 46 -27 -40 -34 39 63 106 93 71 -15 -54 -87 -63 -43 12 28 47 25 0 -44 -71 -73 -42 -7 28 33 17 -13 -48 -67 -57 -31 -2 25 43 37 20 4 -12 -16 -7 12 38 45 38 31 14 -1 -9 -7 3 14 24 22 168 12469 305 1852
-4 -11 -5 -7 -2 -9 -11 6 22 16 10 -7 2 15 12 5 1 -7 -20 -27 -18 -3 7 3 12 18 6 -9 -12 2 16 17 15 14 1 -17 -34 -40 -39 -45 -62 -77 -88 -79 -62 -37 -3 30 70 99 112 119 133 152 156 156 147 117 82 30 -27 -93 -159 -188 -177 -139 -86 -39 -8 -6 -32 -62 -71 -56 -25 7 38 60 61 36 12 6 -7 -10 11 31 53 71 75 66 30 -3 -22 -39 -55 -57 -42 -30 -31 -21 -2 7 -7 -5 12 20 14 0 -10 -6 -11 -2 -6 -16 -20 -8 -3 13 17 22 18 1 -16 -16 -2 11 2 1 -15 -16 -12 1 8 7 11 12 -2 4 10 22 34 31 25 12 -17 -30 -32 -21 -16 -20 -16 -7 -16 -43 -53 -45 -43 -32 -9 27 72 95 105 115 110 108 97 82 68 36 -6 -49 -81 -103 -119 -136 -139 -132 -123 -126 -110 -77 -30 11 38 70 87 67 33 -7 -35 -37 -18 18 56 86 95 81 61 45 18 -2 0 27 48 43 23 -9 -44 -77 -85 -68 -54 -25 12 28 28 17 15 9 -16 -31 -17 5 13 11 13 10 -2 -22 7 6 4 17 32 18 11 28 30 22 -4 -10 -11 -14 -9 7 1 -6 -18 -13 -8 7 18 16 5 -13 -25 221 3592 305 1852
4 0 4 14 21 19 20 12 4 6 0 -5 -4 -2 -5 -6 -12 -11 -12 -5 -2 -2 -1 -5 -3 0 2 7 10 20 21 16 13 9 8 -2 -17 -16 -9 -7 -4 -1 0 -5 -14 -17 -19 -16 -12 -7 8 15 26 9 -1 5 37 41 59 38 3 -90 -143 -183 -159 -128 -54 6 66 59 22 -26 -40 -35 4 51 110 147 139 92 42 13 6 28 90 136 141 108 54 -6 -58 -70 -46 -4 9 -20 -59 -83 -92 -62 -10 49 63 42 -2 -45 -71 -74 -56 -27 -13 -13 -38 -59 -68 -55 -22 11 36 43 25 0 -22 -36 -27 -14 -7 -11 -18 -19 -31 -43 -35 -13 2 16 24 15 -6 -20 -28 -25 -4 9 28 42 48 48 38 34 32 32 40 43 43 33 21 6 -1 9 8 6 7 9 8 -2 -10 -5 -11 -17 -18 -26 -30 -39 -60 -68 -65 -51 -37 -31 -32 -28 -5 38 87 136 159 143 84 18 -31 -67 -69 -27 30 74 74 38 -2 -56 -91 -90 -62 -10 24 20 -19 -79 -131 -147 -114 -46 13 64 81 55 8 -37 -37 -15 19 39 18 -21 -58 -74 -41 14 70 104 102 67 26 5 2 18 43 52 37 5 -30 -47 -55 -42 -10 20 41 38 21 14 13 15 12 8 20 27 17 221 4867 305 1852
24 5 -10 -1 -2 -19 -27 -15 6 5 5 12 18 24 16 -2 -19 -19 0 9 15 15 12 10 4 -5 -8 -9 -2 -8 -21 -23 -18 -6 6 -3 -12 -17 -24 -46 -77 -94 -102 -96 -68 -24 30 71 114 145 145 128 103 93 100 108 125 138 110 48 -37 -113 -164 -186 -180 -148 -97 -43 -5 19 12 -17 -55 -83 -80 -57 -7 50 78 88 67 10 -24 -36 -13 31 79 109 110 78 13 -51 -69 -69 -56 -35 -10 12 8 -10 -14 -24 -27 -26 -19 -4 5 18 24 5 -12 -30 -43 -42 -26 -4 13 31 43 38 28 6 -9 -5 -43 5 -5 5 -13 16 -4 0 -25 3 -13 -1 -16 22 26 37 24 23 -2 -15 -33 -34 -37 -25 -8 4 6 5 -12 -21 -31 -34 -28 -21 -6 23 51 81 104 126 140 136 113 85 54 18 -28 -66 -93 -114 -123 -113 -100 -112 -128 -132 -127 -113 -71 0 80 121 123 94 44 -3 -38 -63 -51 0 60 110 144 143 107 52 -7 -54 -67 -43 14 54 61 23 -45 -86 -114 -125 -87 -8 63 92 58 16 -6 -2 -26 -32 -23 10 23 9 -11 4 13 4 -8 -17 -2 27 43 50 45 37 11 -18 -32 -29 -20 -14 0 13 15 21 18 8 -7 -35 -13 -55 -32 -18 14 226 10204 305 1852
-1 -3 -8 -7 -5 -8 -5 -7 -3 4 5 7 7 11 5 0 -2 -13 -19 -11 -1 15 23 32 37 27 2 -11 -14 -18 -20 -11 1 5 1 2 -6 -27 -48 -57 -63 -67 -63 -61 -49 -33 -15 11 39 75 111 119 115 113 113 117 125 128 117 80 14 -63 -135 -179 -177 -142 -97 -48 -11 8 9 -16 -49 -71 -82 -65 -30 15 62 81 72 39 1 -19 -11 20 53 90 99 79 45 -2 -45 -72 -66 -41 -25 -15 1 4 -1 -8 -15 -21 -24 -21 -5 6 15 17 3 -18 -26 -23 -21 -13 3 18 28 27 22 9 -9 -23 -26 -23 -19 -15 5 19 14 9 8 2 -7 -12 -6 11 22 24 28 23 4 -17 -28 -31 -29 -27 -7 11 1 -17 -31 -45 -47 -47 -41 -18 9 37 62 81 95 97 96 99 107 104 79 48 7 -29 -59 -92 -110 -118 -125 -128 -138 -127 -103 -81 -52 -14 27 70 96 92 57 7 -27 -41 -30 0 46 95 122 127 99 52 13 -30 -49 -55 -36 7 32 29 -1 -37 -60 -76 -80 -57 -8 35 57 59 38 1 -22 -33 -31 -19 -10 3 12 25 39 37 23 3 -17 -6 14 34 41 29 2 -23 -35 -31 -14 7 16 21 20 7 -2 -5 -5 -14 -31 -37 -25 -8 -1 227 2405 305 1852
-42 -30 -3 30 54 53 28 -1 -12 -1 7 9 20 30 21 1 -22 -26 -32 -55 -68 -70 -66 -57 -50 -56 -61 -65 -63 -49 -10 35 63 71 66 57 69 108 145 161 147 90 17 -29 -52 -36 1 24 8 -29 -66 -78 -98 -124 -124 -83 -40 6 64 87 46 -45 -141 -169 -115 -18 88 163 153 73 -9 -54 -62 -34 20 59 70 53 26 4 -21 -33 -30 -24 -12 7 34 44 28 -8 -44 -57 -47 -10 36 50 36 -7 -60 -86 -79 -40 3 28 41 44 27 1 -6 2 0 0 13 25 27 19 6 -5 -14 -9 -7 3 21 23 8 -12 -16 -57 -16 -22 3 -7 7 -31 -33 -32 2 1 24 23 33 14 22 13 4 -16 -14 -4 12 20 33 37 28 16 0 -17 -21 -11 5 10 2 -7 -8 -15 -20 -16 7 29 31 17 6 -5 -1 3 -3 -2 9 18 23 9 -6 -5 -22 -52 -46 -14 7 22 35 32 15 1 -13 -14 -26 -38 -13 14 9 1 -2 5 6 16 37 34 10 -14 -19 -9 -3 12 18 6 -12 -23 -16 -12 -15 -14 -24 -20 -4 11 20 10 0 -19 -37 -39 -16 7 22 21 16 7 -8 -17 -14 6 19 14 5 -12 -15 -16 -13 -6 1 1 -5 -10 -1 4 -11 26 -12 227 3048 305 1852
-6 -12 -7 1 -5 0 9 12 7 -7 -14 -12 -12 -6 -3 7 22 33 25 2 -5 -11 -23 -24 -24 -7 -2 -1 9 8 -6 -14 -24 -30 -32 -19 11 26 12 -20 -48 -65 -72 -66 -54 -29 8 48 91 119 133 138 118 88 56 43 56 71 66 25 -44 -108 -150 -176 -165 -117 -48 9 39 36 11 -11 -32 -45 -45 -28 8 41 59 58 29 2 -13 -15 -2 22 51 78 77 53 8 -40 -76 -80 -61 -39 -10 19 29 22 11 -7 1 -4 2 11 23 31 24 1 -13 -31 -37 -36 -30 -6 15 43 41 36 33 17 0 -17 -26 -23 -28 -27 -22 -18 -13 -10 -1 6 2 3 2 8 24 32 40 35 15 -8 -26 -36 -41 -34 -19 -15 -1 1 -7 -18 -32 -36 -35 -19 18 45 59 71 84 96 100 97 88 68 42 1 -46 -79 -96 -105 -116 -119 -103 -83 -70 -56 -51 -46 -31 7 60 89 90 75 44 -3 -57 -69 -41 5 47 78 87 74 61 47 19 -5 -5 8 17 10 -6 -30 -62 -83 -80 -62 -23 16 58 85 70 22 -20 -38 -44 -37 -14 9 7 1 0 13 10 9 -7 -14 -4 18 31 43 34 12 -26 -60 -69 -56 -17 13 38 44 47 32 11 4 8 7 -2 -19 -27 -25 -22 228 13206 305 1852
4 4 8 7 3 -6 -6 10 15 11 9 12 3 -3 2 4 -6 -12 -16 -24 -27 -24 -7 -4 -18 -23 -17 -9 1 2 11 16 9 -10 -30 -30 -13 11 31 42 46 47 39 20 -4 -8 0 6 2 -12 -31 -55 -79 -97 -103 -100 -93 -89 -70 -32 25 99 164 201 212 199 155 105 66 54 62 68 44 12 -40 -99 -126 -124 -83 -43 -20 -8 -11 -23 -45 -78 -103 -113 -93 -41 21 66 71 55 23 -18 -28 -11 28 76 94 84 47 -5 -45 -74 -66 -33 4 36 47 36 13 -11 -33 -50 -55 -36 -58 -4 -16 -2 -27 -16 -54 -38 -32 17 14 45 28 22 -8 -10 -22 -10 -14 1 8 16 20 22 25 28 25 9 -9 -9 -7 -1 7 15 15 13 -1 -7 -16 -14 -13 -17 -14 -13 -26 -32 -39 -46 -50 -44 -34 -24 -7 21 54 90 107 121 128 131 136 127 113 91 47 -7 -69 -117 -146 -156 -147 -123 -91 -62 -57 -67 -80 -87 -69 -41 3 36 51 30 -10 -25 -19 -1 35 78 123 144 137 118 84 45 10 -15 -10 14 36 38 17 -34 -95 -104 -87 -70 -24 23 45 25 -27 -65 -84 -87 -67 -27 13 40 55 57 38 11 1 2 6 -2 60 62 87 50 21 -36 -19 -34 -2 6 37 260 6079 305 1852
-10 -5 -8 -2 12 5 -7 -11 -12 -7 -5 -2 11 8 -1 -10 -18 -24 -35 -47 -55 -55 -54 -42 -6 45 85 120 141 146 138 119 97 69 41 16 -21 -55 -89 -119 -126 -112 -93 -81 -76 -73 -75 -75 -53 -25 3 27 44 43 19 -5 -31 -58 -54 -18 51 121 167 183 147 75 1 -63 -87 -71 -19 33 55 46 11 -33 -64 -73 -50 -19 12 35 40 27 -6 -41 -66 -82 -64 -17 28 67 67 38 -5 -39 -40 -16 25 57 63 52 25 1 -14 -22 -15 -8 0 17 23 23 18 5 -9 -37 -51 -57 -49 -29 -12 6 14 6 -3 -13 -10 -2 5 12 12 14 15 7 8 11 7 6 4 5 1 -6 2 10 15 14 1 -13 -24 -41 -44 -29 -4 14 22 18 6 -8 -23 -33 -23 -9 7 23 27 26 9 -5 -7 -9 -3 6 13 17 14 13 6 3 1 -9 -9 -2 11 17 2 -13 -28 -37 -30 -18 0 14 21 25 14 3 -8 -17 -21 -21 -13 -6 -2 8 11 15 13 -13 -14 -9 3 22 29 32 23 4 -11 -7 -2 -1 -17 -23 -22 -7 12 21 22 18 6 -17 -29 -20 -6 1 10 11 9 -3 -16 -6 1 7 9 12 6 2 6 18 23 15 -2 -12 -19 -17 -3 4 6 260 15153 305 1852
41 26 -12 -48 -77 -74 -42 -5 39 67 67 30 -14 -40 -57 -58 -39 -9 14 14 13 7 -14 -17 -13 -13 -5 13 41 54 42 31 24 15 14 31 51 35 2 -20 -33 -34 -36 -34 -49 -69 -96 -130 -155 -149 -122 -78 -38 -8 25 56 74 91 102 105 101 114 148 169 154 117 61 -3 -44 -39 -6 22 33 11 -32 -87 -137 -151 -119 -63 -5 30 28 -26 -102 -149 -155 -105 -24 58 119 140 115 60 -6 -43 -57 -30 29 88 118 102 55 -15 -62 -68 -48 -14 31 51 39 -1 -45 -80 -94 -76 -44 -8 20 26 14 -13 -37 -43 -37 -4 29 53 59 35 6 -12 -23 -21 -4 27 54 58 49 31 11 -10 -21 -18 -4 8 9 2 -4 -21 -33 -29 -29 -23 -17 -10 6 17 21 8 -10 -8 -1 -1 2 14 24 11 1 0 12 30 39 36 29 12 -7 -28 -28 -7 6 17 24 17 10 3 -20 -43 -57 -53 -40 -6 28 37 22 12 -2 -26 -45 -32 -3 17 30 24 15 7 2 17 31 31 16 -3 -7 -9 -7 3 3 -11 -28 -25 -8 -5 -12 -38 -55 -43 -26 6 26 32 26 0 -31 -28 -12 16 27 28 23 12 -5 -18 -11 8 13 13 11 2 -9 -18 -11 -7 -10 -9 -13 -15 -13 260 15649 305 1852
0 -1 -2 -3 -3 -3 3 7 8 -1 -17 -23 -13 3 6 3 2 -3 -5 -23 -38 -21 2 11 15 18 26 24 15 4 -19 -25 -10 9 21 20 20 11 -4 -11 -15 -9 -2 -5 -13 -20 -13 -5 -7 -3 -9 -19 -24 -45 -79 -106 -118 -118 -98 -49 8 62 121 174 197 183 151 124 107 110 126 96 115 34 -35 -113 -128 -175 -155 -133 -59 -42 11 9 9 -49 -86 -120 -101 -74 -16 31 66 65 47 19 -1 1 28 61 87 88 74 46 5 -29 -53 -53 -29 -21 -18 9 23 7 -11 -22 -40 -52 -45 -32 -7 -5 -11 -7 -16 -36 -34 -22 7 16 20 31 23 13 10 4 -2 -18 -15 -5 7 19 27 29 12 -5 -11 -18 -13 -3 -1 7 12 17 22 9 -6 -19 -17 -4 -5 -6 -13 -24 -33 -46 -50 -48 -40 -29 -26 -11 13 38 70 99 136 165 176 172 139 98 60 2 -51 -81 -111 -147 -161 -137 -112 -98 -99 -113 -116 -102 -69 -12 32 99 56 45 1 -13 -57 -21 -13 36 68 148 170 179 121 80 5 -39 -71 -38 -2 38 40 3 -55 -94 -108 -82 -43 3 37 36 13 -17 -38 -24 -8 -16 -36 -18 25 43 60 80 62 19 -15 -17 0 26 48 60 47 3 -45 -49 -37 -11 16 261 7234 305 1852
-5 -3 -4 1 2 6 11 11 9 13 23 25 9 -3 -3 -9 -23 -29 -17 -11 -2 10 20 30 26 6 -6 -19 -21 -8 10 22 17 7 1 -10 -10 0 10 13 7 -5 -13 0 22 47 70 74 71 46 55 -7 -2 -22 -19 -63 -44 -52 -56 -83 -72 -108 -135 -187 -165 -125 -52 3 70 92 74 41 27 23 34 50 90 127 139 127 90 21 -38 -76 -81 -46 18 72 81 48 -6 -74 -128 -147 -119 -53 11 53 40 0 -31 -59 -47 -20 25 71 83 63 35 9 -3 -9 5 32 49 53 46 26 -1 -32 -38 -28 -1 24 27 23 6 -17 -39 -60 -51 -27 -4 14 16 15 14 3 -3 -7 -1 9 15 19 20 14 -4 -14 -12 -12 -5 8 14 18 0 -10 5 14 22 34 42 46 32 9 -14 -32 -40 -48 -58 -69 -75 -78 -85 -85 -80 -64 -42 -31 -9 20 39 52 64 72 78 97 138 169 152 99 39 -11 -44 -42 -2 43 56 28 -23 -75 -126 -148 -137 -106 -45 15 51 48 -6 -65 -114 -141 -116 -46 44 115 146 123 56 -20 -73 -72 -16 46 91 106 84 32 -37 -61 -44 -20 14 35 35 21 -19 -51 -67 -68 -45 -16 12 18 10 -3 -27 -42 -47 -34 -2 25 49 53 37 24 0 262 229 305 1852
-4 9 12 3 -2 -9 -10 -5 -2 6 11 1 -6 -16 -12 -5 3 17 16 6 0 -2 0 5 2 -2 -7 1 -6 -6 -9 -9 -6 -4 0 10 9 9 9 1 -2 -6 -9 -5 -11 -22 -40 -54 -68 -78 -78 -90 -90 -82 -57 -3 60 111 140 138 139 144 151 169 183 171 123 50 -14 -75 -122 -144 -140 -121 -105 -75 -35 2 12 -21 -61 -99 -124 -102 -55 5 58 73 55 22 0 -3 7 32 62 84 98 85 51 10 -36 -26 -78 -47 -31 9 6 31 2 -16 -55 -43 -59 -40 -42 -21 -23 -16 -22 -4 4 9 9 12 11 16 22 24 12 3 -3 -3 -13 -24 -8 15 26 29 21 12 -1 -10 -9 -2 4 3 2 2 4 9 11 0 -5 -10 -7 -17 -21 -23 -29 -34 -33 -50 -58 -60 -41 -14 1 21 57 89 110 119 135 143 147 136 120 98 45 -25 -82 -118 -142 -146 -120 -107 -132 -137 -121 -106 -77 -34 3 23 21 12 5 -13 -27 -17 3 21 48 89 126 146 145 125 78 13 -19 -12 6 35 40 17 -19 -72 -110 -112 -81 -32 11 32 23 10 1 -16 -38 -49 -44 -24 3 34 56 59 51 38 20 13 6 12 12 -4 -13 -14 -8 -2 0 10 17 21 20 -1 -22 -32 -24 263 1773 305 1852
5 -5 -6 -6 -9 -7 -6 -6 12 17 16 12 -1 -8 -20 -27 -15 -2 8 5 -2 7 20 22 10 -1 -4 -10 -8 -6 -4 3 0 -7 -19 -40 -39 -44 -54 -65 -91 -108 -116 -107 -68 -21 25 73 116 136 132 129 137 149 148 134 130 127 106 69 6 -73 -154 -201 -186 -123 -45 8 10 -14 -47 -93 -111 -97 -85 -35 -9 21 25 64 45 47 26 42 31 66 68 106 82 66 18 -8 -46 -41 -43 -12 0 8 -15 -28 -35 -34 -34 -30 -23 -22 -27 -24 -20 -23 -23 -27 -13 -3 9 31 38 23 19 9 2 -6 -2 8 6 9 13 16 9 1 -10 -11 -14 -14 -25 -24 -22 -13 6 14 8 4 6 9 3 -13 -19 -19 -17 -20 -30 -33 -40 -49 -53 -40 -19 4 33 62 91 120 130 140 149 154 148 111 64 20 -26 -65 -90 -100 -99 -114 -130 -138 -141 -141 -133 -111 -80 -41 3 38 67 64 21 -27 -56 -50 2 71 135 177 172 142 84 34 -1 -26 -5 -12 12 21 27 -17 -23 -59 -73 -110 -72 -60 -3 13 30 -7 -27 -70 -63 -61 -22 4 33 41 39 31 39 43 45 37 34 30 34 35 24 15 4 -8 -11 -10 -5 6 1 1 1 -13 -39 -46 -43 -51 -37 -12 8 3 -1 263 10417 305 1852
9 11 7 6 -2 -13 -14 -11 3 21 25 26 17 8 1 -5 -8 -5 -3 -4 2 12 19 18 10 -1 2 -23 -36 -33 -23 3 14 11 10 7 -8 -6 0 26 38 31 14 20 40 51 58 57 59 56 35 17 -3 -39 -59 -68 -73 -86 -105 -117 -123 -145 -148 -172 -104 -70 -7 31 109 94 69 30 51 32 69 96 157 155 127 54 -4 -76 -83 -57 3 56 83 70 26 -43 -104 -134 -122 -87 -26 24 47 31 0 -32 -44 -41 -4 41 68 77 62 27 0 -28 -36 -12 16 49 70 63 32 -1 -19 -19 -17 -2 18 31 15 -2 -20 -49 -64 -55 -30 -3 16 33 29 2 -18 -27 -23 -17 -8 5 2 -15 -33 -35 -23 -13 -3 19 31 42 38 33 19 8 1 10 36 59 67 58 30 -19 -43 -56 -49 -60 -77 -96 -108 -117 -125 -121 -98 -54 -2 35 45 44 45 68 93 108 136 169 180 171 130 76 -3 -20 -59 -11 36 77 26 -2 -71 -112 -171 -138 -102 -36 -14 20 -18 -55 -117 -135 -129 -73 0 80 128 135 86 28 -24 -50 -38 7 68 110 109 78 17 -41 -74 -68 -27 16 42 45 15 -24 -71 -95 -86 -60 -17 15 22 10 -11 -24 -33 -33 -11 11 38 47 40 31 12 -12 -26 263 10913 305 1852
-10 -2 8 5 7 2 -3 -8 -8 3 9 14 19 7 2 2 -6 -13 -18 -13 -8 -1 6 4 6 -1 -3 3 2 6 10 13 17 10 2 -1 -6 2 1 -5 -9 -11 -6 -6 -13 -19 -16 -2 2 -6 -17 -34 -49 -78 -114 -117 -99 -62 -15 34 89 134 165 177 157 135 122 111 102 92 82 61 21 -35 -102 -142 -149 -130 -106 -81 -43 -14 -11 -22 -46 -68 -73 -70 -59 -34 4 40 55 46 29 22 28 50 80 93 82 52 15 -15 -35 -36 -23 -17 -15 -14 -3 11 3 -27 -48 -63 -63 -50 -27 -6 4 3 -28 -38 -34 -26 -18 20 24 36 23 41 17 10 -6 5 -3 15 7 27 19 23 19 9 -8 -17 -23 -13 -4 7 3 2 3 -2 2 5 3 -2 -16 -22 -20 -25 -19 -16 -20 -29 -53 -63 -55 -28 1 33 64 95 111 122 130 138 136 122 99 63 9 -54 -106 -133 -147 -139 -121 -114 -111 -108 -94 -77 -72 -57 -21 18 42 50 47 23 0 -13 -12 13 55 94 112 113 109 90 55 27 -1 -10 -3 1 3 -3 -23 -43 -62 -68 -49 -22 0 4 4 -11 -30 -36 -34 -15 -6 -3 8 22 37 39 23 15 18 21 28 45 62 68 48 6 -18 -40 -38 -16 12 -4 5 265 4807 305 1852
2 2 0 1 4 4 -5 -5 1 5 4 2 -7 -14 -17 -6 8 10 10 11 5 1 -3 -8 -4 1 9 2 -5 -4 -2 -3 -11 -6 2 -2 -4 -10 -4 9 14 22 29 29 40 39 42 59 70 75 55 28 -3 -38 -65 -82 -82 -79 -78 -75 -88 -126 -157 -171 -150 -105 -43 30 74 98 102 68 25 3 21 66 107 156 169 132 59 -27 -87 -93 -40 32 76 89 57 -5 -61 -104 -116 -94 -49 3 24 21 -8 -34 -42 -62 -55 -12 31 62 69 61 21 -16 -27 -9 24 53 80 97 64 16 -14 -23 -20 -10 13 40 36 11 -9 -40 -60 -58 -33 -9 -2 5 13 4 -11 -25 -23 -25 -21 -3 10 29 -4 21 -7 -15 -17 14 1 21 25 30 6 5 3 19 22 40 57 55 17 -18 -44 -60 -64 -65 -60 -51 -67 -91 -118 -126 -111 -84 -42 4 38 70 85 89 83 83 96 123 149 156 132 94 44 -7 -36 -35 8 36 43 20 -39 -93 -130 -141 -113 -65 -7 30 30 -10 -80 -141 -152 -113 -44 28 100 131 107 59 -3 -40 -35 -6 47 86 99 80 38 -6 -40 -53 -30 8 39 50 37 -5 -54 -92 -106 -88 -39 6 24 23 13 -9 -52 -86 -74 -33 14 41 52 52 31 6 -7 265 14018 305 1852
-13 -5 2 0 -13 -14 -11 2 19 22 21 15 8 5 -15 -31 -24 -10 5 10 13 13 22 24 8 -6 -10 -13 -10 -14 -1 15 14 4 -2 -4 1 1 -10 -14 -4 2 2 23 49 55 57 59 51 23 7 19 17 -2 -19 -29 -32 -53 -73 -74 -82 -103 -148 -172 -151 -109 -48 8 42 64 67 59 37 17 24 39 70 109 136 140 101 33 -35 -84 -83 -45 18 81 95 65 1 -75 -121 -128 -90 -35 20 59 55 17 -26 -49 -50 -32 9 46 62 66 42 19 -2 -15 -10 12 27 43 49 37 8 -25 -33 -27 -11 8 28 25 10 -6 -24 -44 -41 -29 0 23 27 27 18 1 -11 -24 -31 -19 -9 0 -1 -7 -16 -22 -19 -18 -18 -4 9 17 10 10 8 7 16 28 45 63 54 39 12 -23 -35 -48 -72 -70 -62 -62 -64 -65 -70 -85 -87 -61 -23 1 21 66 94 93 89 97 128 141 126 89 51 23 -3 -7 9 32 37 30 8 -32 -78 -119 -139 -113 -54 4 42 40 -3 -63 -130 -160 -134 -65 28 103 128 103 35 -28 -65 -68 -28 39 97 110 84 39 -2 -29 -42 -42 -21 4 21 15 -12 -32 -55 -66 -55 -30 1 25 29 16 -8 -26 -61 -40 -26 13 23 67 35 20 -23 266 6277 305 1852
-15 -19 -8 2 10 3 -2 7 11 6 -3 -6 -4 -6 -10 -7 -9 -4 3 8 8 0 -4 6 11 18 23 25 24 22 22 16 14 21 34 50 44 37 33 16 -19 -64 -95 -99 -105 -110 -98 -97 -104 -119 -118 -96 -57 11 69 94 74 36 19 26 51 98 149 182 177 127 39 -48 -95 -99 -64 6 63 88 74 18 -54 -126 -162 -148 -96 -33 33 76 52 -20 -71 -83 -55 -16 34 73 75 49 20 -6 -6 6 25 43 49 59 54 26 -1 -7 -4 -5 -2 14 19 11 -5 -16 -27 -44 -42 -22 -1 22 33 23 2 -19 -22 -17 -16 -5 8 15 10 3 -4 -3 -4 -5 -1 18 30 29 18 6 1 -4 3 28 43 42 33 11 -13 -37 -49 -51 -55 -56 -65 -79 -92 -105 -107 -90 -59 -19 22 66 95 99 93 87 88 91 106 129 124 93 50 7 -23 -35 -12 19 27 -1 -44 -99 -145 -158 -123 -63 3 44 41 5 -55 -123 -158 -136 -62 26 102 146 134 77 10 -48 -77 -62 5 97 147 133 87 22 -52 -93 -78 -30 7 44 16 30 -19 -42 -79 -49 -62 -31 -29 3 -16 0 -29 -31 -55 -26 -11 22 33 54 40 13 -16 -14 -2 28 51 59 39 20 1 -20 -25 -19 -4 6 11 154 4604 305 1916
-3 -15 -13 -7 -6 -8 -2 6 11 3 -7 -5 20 -6 8 10 3 -4 5 12 11 15 10 1 -18 -28 -23 -7 -3 16 35 42 18 -3 -12 -18 -30 -25 -7 5 9 4 12 15 6 -10 -27 -43 -38 -24 -8 -6 -25 -56 -90 -112 -101 -65 -21 17 54 100 141 171 174 169 155 131 97 70 60 49 19 -26 -89 -147 -170 -157 -117 -72 -32 -13 -22 -43 -66 -79 -75 -58 -27 3 32 56 62 58 47 37 38 53 70 74 72 64 37 -1 -38 -61 -64 -53 -30 -8 10 18 7 -1 -12 -29 -36 -35 -31 -21 -15 -18 -19 -13 -9 -7 -9 -2 5 15 17 15 17 14 5 -11 -20 -19 -10 4 15 19 24 16 9 7 1 -2 -1 -5 -6 -8 0 10 7 5 8 5 -10 -30 -36 -32 -28 -24 -31 -41 -54 -61 -55 -40 -11 27 60 92 106 114 122 130 138 130 104 65 19 -31 -84 -127 -144 -141 -134 -128 -105 -86 -75 -67 -68 -60 -33 -7 32 62 65 41 16 5 -1 15 61 107 121 110 91 61 18 -6 -14 -9 11 28 26 -6 -46 -69 -82 -80 -53 -20 15 39 43 34 8 -30 -61 -70 -47 -12 28 54 51 32 15 4 7 8 8 5 8 17 26 32 23 8 -3 -19 -19 -3 15 157 7773 305 1916
16 3 2 6 12 12 5 24 26 9 -26 -21 -27 -16 -19 5 -10 -14 -41 -53 -91 -88 -80 -46 -32 17 69 121 129 121 110 108 115 123 120 106 62 2 -63 -107 -127 -130 -120 -122 -136 -142 -127 -106 -85 -46 -8 21 49 58 40 -3 -36 -45 -25 11 67 123 160 170 143 97 38 -12 -31 -25 -2 26 40 23 -25 -70 -87 -81 -61 -37 -15 7 18 12 -7 -19 -26 -41 -49 -39 -15 15 47 58 48 27 16 10 8 14 26 34 21 1 -12 -18 -12 -4 15 27 20 10 19 35 43 32 14 -4 -31 -47 -44 -34 -21 -21 -19 -25 -30 -27 -20 -9 -3 0 6 8 27 26 21 22 21 -13 -13 -12 23 25 38 17 15 -6 -9 -34 -30 -36 -9 -7 3 3 3 -5 -14 -30 -33 -29 -5 13 12 8 8 5 7 8 2 -10 -16 -18 -21 -10 6 20 28 24 14 -3 -13 -11 -19 -23 -15 0 12 10 10 9 -1 -8 -23 -37 -30 -5 21 41 45 22 0 -9 -20 -20 -13 -10 -8 -11 -10 8 27 22 9 -6 -20 -38 -28 0 10 10 6 5 -4 -12 -1 14 23 20 9 0 -11 -7 8 13 1 -19 -34 -22 -12 -2 12 21 18 10 13 30 38 48 33 13 -12 -21 -18 -18 -9 158 9727 305 1916
-21 -5 23 50 55 45 23 -15 -36 -31 -11 -3 -19 -34 -41 -44 -27 -6 4 3 -2 -4 3 15 22 32 34 28 20 25 29 43 56 56 50 34 19 8 -3 -15 -41 -59 -73 -93 -112 -115 -111 -117 -134 -137 -113 -72 -21 35 75 87 69 48 36 40 64 107 157 171 152 103 25 -35 -78 -86 -56 1 54 63 30 -21 -84 -131 -139 -109 -57 -10 28 34 8 -25 -52 -50 -21 9 40 60 72 59 24 3 -3 0 23 42 57 65 56 28 -11 -37 -48 -42 -10 23 45 31 38 7 -25 -56 -24 -30 -8 -3 28 10 13 -18 -14 -50 -45 -52 -24 -17 11 27 40 26 17 14 25 33 40 36 15 6 15 36 61 69 64 41 -8 -58 -89 -95 -70 -55 -48 -60 -81 -106 -113 -104 -89 -59 -21 8 40 69 95 110 108 100 98 106 128 135 118 76 26 -12 -28 -26 -10 2 1 -27 -67 -116 -153 -150 -111 -52 1 36 37 -2 -59 -108 -125 -93 -22 56 109 132 115 61 -3 -41 -48 -24 24 76 94 77 38 -12 -51 -66 -58 -33 6 37 36 10 -28 -56 -74 -63 -34 0 21 21 4 -14 -31 -45 -43 -16 5 15 18 39 9 -5 -12 4 -15 19 37 57 34 45 8 0 -24 -1 -5 8 -5 158 10108 305 1916
6 -3 1 -7 -19 -23 -27 -23 -12 -9 -8 -9 -8 -10 -18 -18 -9 6 20 27 20 1 -19 -26 -19 2 22 33 39 27 14 9 9 17 26 34 29 20 24 17 -7 -31 -42 -44 -48 -67 -90 -100 -103 -114 -109 -85 -53 -7 43 86 101 80 63 64 78 113 160 180 153 87 18 -24 -43 -45 -30 -7 -4 -13 -34 -64 -102 -128 -126 -92 -42 12 35 15 -32 -88 -127 -125 -69 19 96 142 139 90 29 -32 -70 -62 -5 58 86 81 58 12 -34 -59 -52 -15 11 34 43 28 -11 -50 -78 -80 -61 -36 -8 16 24 9 -18 -39 -39 -28 -13 7 23 29 23 5 -11 -17 -10 9 28 50 60 44 18 -1 -11 -16 -12 7 19 19 8 -6 -20 -33 -34 -24 -14 4 9 0 -12 -19 -11 -2 1 4 9 18 19 9 1 7 21 24 18 23 24 12 1 -14 -24 -25 -6 16 28 28 13 -12 -34 -47 -33 0 29 41 33 18 12 -2 -8 -16 -24 -16 -2 24 40 33 16 11 -9 -42 -42 -13 3 15 20 7 -14 -36 -36 -13 -4 12 36 36 6 -25 -19 2 10 9 17 31 21 0 -8 -14 -9 -9 -2 10 10 3 0 -7 -8 -17 -27 -27 -18 0 6 6 -2 -3 -5 -10 -8 -1 0 159 2757 305 1916
-3 -2 -10 -3 14 22 16 4 0 -11 -11 5 19 26 34 41 45 33 24 23 31 35 27 32 30 -4 -46 -81 -102 -111 -122 -123 -127 -133 -132 -111 -63 -14 30 58 63 49 27 36 65 89 118 139 145 138 100 34 -38 -93 -100 -56 14 80 104 74 -4 -89 -156 -178 -142 -75 -5 40 31 -1 -40 -62 -58 -38 6 53 81 74 52 34 12 -5 -3 6 34 65 74 51 13 -11 -19 -18 -6 15 37 41 16 -11 -31 -52 -53 -41 -10 19 24 18 5 -11 -17 -25 -23 -8 4 3 -5 -8 -6 -5 -9 -8 11 25 22 17 12 11 12 11 20 29 36 47 49 33 8 -22 -44 -56 -56 -61 -64 -67 -86 -102 -119 -118 -83 -40 2 36 62 77 78 82 89 98 115 134 136 108 62 34 11 -13 -24 -8 12 4 -31 -69 -106 -133 -133 -100 -46 4 35 31 -17 -83 -136 -146 -96 -15 71 135 160 131 62 -15 -58 -52 -12 43 91 107 88 42 -20 -62 -68 -48 -17 9 22 24 4 -27 -47 -54 -43 -12 10 3 -12 -25 -41 -57 -52 -27 3 31 51 57 37 2 -36 -44 -22 7 42 69 65 40 7 -5 -6 -6 -9 -17 -21 -14 -4 8 10 1 -12 -20 -20 -17 -3 9 -1 -9 -17 -21 -6 160 3431 305 1916
-1 6 38 31 29 7 -23 -49 -57 -42 -21 3 21 27 17 0 -15 -12 -3 5 12 18 24 14 4 -1 1 9 18 27 37 32 29 13 -2 -15 -13 -2 10 20 33 31 10 -15 -29 -39 -45 -40 -21 -16 -32 -40 -22 -12 -32 -57 -62 -65 -71 -17 72 127 159 171 135 49 -23 -52 -48 -48 -29 29 81 78 37 -11 -54 -77 -81 -55 2 49 41 -3 -72 -133 -137 -97 -40 2 10 1 -33 -64 -56 0 72 110 101 57 -3 -45 -53 -24 15 48 65 52 32 16 1 -1 8 61 38 41 9 0 -44 -18 -17 8 -11 12 -13 -10 -31 -11 -6 36 39 56 39 12 -15 -34 -33 -11 7 23 32 24 9 -2 -2 -5 -6 1 -2 -8 -19 -20 -20 -22 -19 -19 -21 -10 -18 -19 -23 -26 -20 1 13 19 18 23 16 -2 -15 -15 -8 16 35 38 23 13 12 -1 -9 -10 -1 -3 -13 -18 -17 -7 2 -4 -6 -7 -9 -1 -4 -14 -20 -13 -11 -1 4 12 19 28 20 3 -4 1 6 5 11 15 13 12 0 -14 -11 -7 -9 -29 -44 -42 -25 -8 5 15 22 15 0 -19 -36 -30 -20 -7 11 23 34 35 32 35 23 9 -10 -15 -3 12 26 35 16 -11 -27 -25 -11 0 3 -3 -14 160 9048 305 1916
-11 11 10 27 18 28 0 -6 -21 -3 2 11 6 11 2 -3 -17 -15 -6 7 11 4 -3 -9 -11 -12 -10 3 17 17 8 -6 -18 -16 -12 -22 -27 -26 -31 -56 -77 -79 -78 -63 -34 9 56 95 116 126 125 119 110 105 105 111 114 94 52 -8 -72 -130 -165 -172 -138 -95 -55 -30 -20 -27 -44 -65 -70 -54 -22 15 49 68 69 50 13 -14 -22 -10 25 67 96 103 76 32 -15 -49 -63 -61 -37 -1 27 28 8 -20 -42 -59 -66 -60 -24 3 13 19 18 15 12 -4 -22 -36 -34 -15 6 19 28 29 32 8 -15 -10 9 -12 -5 -7 3 -19 2 5 20 0 9 7 15 -10 -3 4 15 9 7 2 1 -3 -1 -3 -18 -41 -58 -63 -51 -27 -5 3 -4 -7 9 45 87 116 116 117 110 93 76 57 34 -4 -44 -81 -110 -117 -110 -106 -108 -118 -116 -110 -94 -61 -16 36 68 78 72 48 14 -6 -19 -6 17 49 84 103 99 75 31 -3 -23 -13 18 41 56 44 17 -27 -76 -104 -110 -77 -28 11 48 54 31 -4 -39 -51 -46 -23 15 45 53 44 17 -13 -34 -28 -15 1 19 36 45 42 36 31 4 -17 -20 -20 -11 5 14 20 11 -4 -17 -24 -27 -19 -3 5 0 -9 -20 160 11956 305 1916
0 2 12 12 11 -3 -13 -8 -3 1 -3 -5 -7 -10 -11 -6 4 7 -1 3 8 3 2 1 9 14 21 21 28 31 39 30 30 35 43 39 29 20 3 -22 -48 -73 -79 -89 -93 -98 -103 -110 -123 -129 -100 -57 -4 46 75 84 64 34 24 43 80 118 156 171 149 91 0 -78 -105 -92 -47 15 68 87 47 -32 -100 -135 -126 -98 -51 0 28 25 7 -30 -62 -66 -44 -13 26 67 90 82 49 18 -5 -16 -1 34 56 51 23 5 2 20 10 15 29 36 -15 -24 -32 -28 -51 -28 -25 -8 -16 3 -7 6 -11 -4 -10 -17 -21 4 20 31 15 0 -9 -12 -2 13 27 35 32 17 3 -5 6 26 46 54 52 43 9 -23 -47 -53 -54 -57 -60 -53 -67 -81 -100 -104 -96 -79 -46 2 47 74 85 87 86 94 105 117 135 136 104 59 13 -13 -22 -12 10 20 3 -38 -88 -128 -151 -140 -90 -26 24 47 30 -22 -80 -111 -120 -87 -14 57 107 117 83 35 -12 -36 -30 10 69 110 114 73 3 -54 -79 -83 -60 -11 35 50 34 5 -24 -49 -60 -52 -33 -13 -1 0 -13 -32 -46 -46 -17 10 23 28 31 19 -8 -22 -4 23 40 43 37 26 15 8 4 -10 -28 -16 7 2 1 160 12457 305 1916
-4 -10 -9 -8 -15 -15 -7 8 17 9 2 1 -2 -4 -12 -22 -18 -11 -11 -6 6 22 30 23 3 -8 -11 -10 1 8 15 22 15 7 -6 -21 -25 -37 -51 -68 -84 -84 -77 -66 -50 -32 -1 31 58 73 91 121 131 126 124 124 135 139 132 106 39 -40 -112 -170 -176 -157 -99 -47 -35 -48 -42 -57 -63 -84 -61 -66 -35 -8 46 59 57 31 23 -12 -5 19 64 97 111 96 68 29 -3 -29 -40 -40 -32 -17 -11 -13 -25 -31 -27 -29 -37 -36 -23 -4 2 -3 -9 -13 -26 -33 -33 -12 0 6 7 11 15 15 9 10 6 7 8 9 7 10 12 3 -2 -2 -8 -7 2 8 17 22 24 23 7 -5 -11 -23 -20 -18 -13 -16 -27 -33 -37 -44 -52 -54 -49 -38 -9 31 69 102 114 116 117 119 120 109 85 54 18 -14 -42 -61 -74 -90 -116 -136 -148 -161 -164 -142 -104 -53 -1 44 73 72 49 16 -11 -15 -6 38 73 106 131 134 87 59 24 3 -30 -2 26 67 52 37 -14 -59 -116 -125 -108 -57 -10 29 31 19 -4 -25 -36 -34 -23 -7 7 14 12 13 21 27 23 12 8 10 25 42 55 53 42 14 2 -9 -17 -17 -4 3 5 -4 -5 -16 -27 -28 -26 -23 -23 -19 -8 161 4731 305 1916
-17 -13 -3 11 22 25 28 11 -10 -26 -27 -22 -4 7 5 -13 -18 -16 -14 -4 6 10 16 10 -1 5 24 38 37 26 21 28 36 41 45 58 29 48 6 -13 -56 -46 -74 -79 -109 -102 -134 -125 -157 -139 -124 -57 -7 51 73 95 79 57 29 33 58 103 150 171 160 116 30 -51 -100 -110 -69 -7 46 70 48 -6 -72 -123 -136 -106 -55 -4 33 34 4 -33 -54 -59 -33 1 40 63 76 62 30 6 2 3 20 38 59 64 41 11 -10 -13 -11 1 23 32 25 3 -12 -22 -42 -48 -38 -25 -5 16 28 27 12 -10 -26 -41 -41 -25 -3 9 6 2 1 1 0 8 22 32 38 41 27 21 12 8 14 20 35 49 37 4 -43 -71 -70 -62 -48 -38 -35 -54 -89 -121 -138 -118 -71 -29 55 63 102 103 121 95 121 119 143 113 108 57 34 -12 -14 -30 -7 1 24 -8 -53 -119 -162 -168 -132 -65 17 67 63 -2 -73 -123 -144 -110 -37 48 118 139 113 55 -3 -33 -32 -7 35 73 84 66 32 -14 -59 -63 -56 -27 7 30 34 17 -17 -47 -72 -67 -35 -4 14 17 7 -22 -49 -53 -44 -18 11 31 37 25 9 -9 -16 -13 -12 1 29 47 45 34 18 12 0 -11 -5 6 16 161 5245 305 1916
4 -17 -35 -36 -28 -6 24 39 32 11 -3 -13 -12 -1 -2 -11 -19 -20 -3 12 30 37 23 7 -15 -32 -32 -17 6 20 14 -7 -18 -18 -20 -19 -21 -22 -37 -60 -71 -77 -75 -60 -41 -13 28 69 99 117 121 118 126 134 130 130 132 116 80 29 -26 -96 -163 -186 -174 -138 -84 -39 -12 -12 -32 -56 -72 -71 -56 -21 26 59 64 56 40 11 -14 -11 18 51 87 99 89 67 32 -6 -41 -55 -41 -21 -7 2 -5 -13 -29 -47 -46 -30 -11 0 12 13 -1 -16 -18 -17 -20 -22 -14 -12 -12 -2 3 10 15 11 10 12 12 8 -1 -2 -2 -2 3 0 1 8 12 13 10 18 27 30 26 4 -13 -23 -32 -33 -38 -25 -8 -9 -18 -39 -56 -62 -58 -41 -22 6 42 68 86 96 108 119 117 111 101 86 64 35 -3 -43 -81 -94 -111 -140 -161 -152 -170 -125 -133 -87 -47 30 39 83 92 95 23 -10 -39 -7 18 80 103 116 98 87 52 26 -8 -20 -15 0 18 35 33 3 -50 -97 -116 -97 -62 -7 35 48 36 12 -18 -33 -37 -23 -3 8 19 17 5 -4 -2 2 -2 1 15 26 34 39 43 36 18 1 -5 -6 -4 3 6 6 -3 -10 -16 -19 -14 -16 -11 -4 -3 -9 -16 161 13364 305 1916
20 18 28 35 34 18 -5 -39 -56 -54 -34 -15 4 4 -10 -33 -39 -43 -22 18 37 44 34 27 6 -14 -29 -19 -1 17 20 34 42 47 42 29 13 -6 -24 -25 -21 -8 10 7 -10 -2 -46 -27 -31 -42 -62 -41 -31 -28 -30 -21 -28 -33 -34 -5 45 88 144 169 141 77 15 -21 -38 -33 4 46 60 36 -17 -69 -103 -94 -50 1 38 42 4 -55 -113 -145 -132 -81 -23 4 14 -2 -29 -43 -33 8 65 100 109 79 37 -4 -20 -2 35 60 66 52 25 -3 -14 -4 23 49 46 21 -4 -34 -47 -48 -38 -13 -6 -13 -29 -38 -30 -25 -16 2 18 29 24 4 -20 -30 -16 2 18 37 35 31 14 -12 -26 -15 6 24 38 42 31 -1 -26 -39 -35 -37 -39 -35 -23 -14 3 16 22 17 4 -12 -20 -12 9 39 51 48 38 18 -1 -8 -14 -12 -1 6 10 13 18 21 9 -11 -26 -40 -50 -40 -20 -9 -6 -11 -19 -26 -20 1 14 12 16 6 -8 -8 6 23 24 16 2 -13 -12 -8 -5 3 5 3 -4 -4 -2 -6 -2 0 -9 -16 -24 -19 -7 2 11 15 14 11 8 7 5 5 9 12 20 24 22 6 -4 -9 -19 -19 -7 2 6 -5 -13 -9 -2 5 6 3 5 162 3070 305 1916
-28 -28 -17 -14 -11 1 12 10 5 8 11 13 9 9 11 6 2 -1 1 7 4 -4 -8 -7 -7 -8 -4 10 21 21 23 24 24 30 39 45 41 26 5 -15 -36 -51 -52 -60 -70 -83 -100 -122 -141 -141 -117 -73 -19 39 82 93 73 41 19 21 45 92 146 171 152 98 22 -48 -93 -98 -57 -4 37 53 42 10 -41 -86 -97 -73 -39 -15 -2 2 -9 -38 -74 -72 -30 16 57 75 72 54 17 -24 -21 11 34 37 52 52 24 -9 -20 -14 -24 -38 -11 31 39 27 24 26 0 -33 -59 -50 -27 -12 4 19 11 4 3 5 3 -10 -16 -18 -22 -11 5 16 11 7 5 9 24 29 27 13 -6 -3 19 43 63 61 37 0 -45 -77 -79 -63 -39 -26 -32 -51 -82 -101 -98 -68 -27 9 38 48 56 62 69 91 104 112 118 103 75 49 15 -14 -33 -26 6 22 19 -2 -36 -83 -126 -131 -95 -33 25 55 57 14 -56 -118 -140 -104 -46 19 75 95 79 40 -2 -21 -24 -4 38 80 96 71 28 -16 -53 -70 -58 -12 31 50 49 15 -24 -48 -58 -45 -22 9 26 26 5 -23 -55 -71 -65 -46 -24 4 36 58 65 42 4 -14 -14 -5 9 30 45 35 17 12 8 0 -5 -12 -17 162 6104 305 1916
-3 -3 2 9 12 9 9 9 4 -1 -3 -14 -25 -21 -17 -12 -9 1 18 28 20 12 0 -4 4 15 27 35 40 41 35 32 34 34 31 25 14 -12 -28 -38 -39 -47 -53 -61 -65 -83 -124 -164 -160 -147 -117 -44 23 81 106 123 84 49 12 24 44 102 153 196 165 87 -11 -75 -110 -101 -61 -4 36 42 19 -17 -56 -84 -92 -77 -39 -7 19 28 10 -31 -59 -61 -45 -3 46 78 79 58 20 -12 -30 -11 21 54 66 57 33 9 -19 -19 -15 -1 17 33 28 11 -4 -22 -33 -35 -37 -25 -5 9 6 1 -12 -17 -20 -18 -8 7 18 15 -1 -7 -13 -11 -2 5 16 23 16 11 3 -4 0 16 43 56 57 44 19 -12 -40 -53 -55 -54 -47 -52 -69 -83 -103 -104 -86 -59 -29 -4 15 38 56 73 79 106 135 157 159 127 93 49 -22 -41 -34 -30 6 26 35 -15 -63 -130 -171 -184 -117 -31 60 86 76 12 -66 -134 -135 -92 -32 35 92 114 103 61 6 -23 -25 -4 23 57 77 67 25 -20 -62 -82 -61 -15 31 54 54 16 -33 -73 -75 -44 6 36 42 17 -13 -39 -55 -57 -35 -9 21 27 27 19 4 1 -3 -6 1 8 23 34 38 28 10 -2 -7 0 9 10 13 164 9045 305 1916
-12 -5 8 9 -4 -8 -6 -3 1 5 0 -7 -3 -3 -6 -3 -4 2 8 4 4 0 1 3 -1 6 17 18 21 24 32 42 50 52 44 38 26 4 -14 -34 -45 -55 -65 -75 -93 -101 -105 -134 -161 -161 -120 -50 15 72 105 104 78 50 38 41 63 110 162 182 161 75 23 -54 -96 -120 -48 7 56 39 26 -52 -90 -135 -106 -74 -8 25 49 7 -38 -78 -82 -68 -19 35 82 106 100 66 25 -14 -27 -11 16 58 84 73 40 -7 -42 -43 -21 7 21 23 17 -2 -21 -39 -34 -28 -22 -14 -10 0 9 4 3 -5 -10 -10 -11 -2 6 6 0 -12 -19 -19 -13 7 23 24 23 16 7 2 10 22 37 57 58 47 23 -7 -31 -50 -63 -65 -70 -70 -73 -83 -95 -100 -96 -72 -37 0 35 71 83 89 90 89 101 129 148 141 94 46 6 -33 -45 -24 9 25 9 -31 -78 -130 -164 -148 -86 -17 38 61 36 8 -81 -126 -130 -69 -23 76 118 137 70 26 -46 -47 -36 43 88 117 83 48 -18 -76 -115 -88 -38 21 59 66 38 -3 -49 -88 -96 -63 2 50 55 39 0 -44 -66 -59 -37 -12 11 27 28 28 17 15 9 5 2 -1 3 14 21 26 13 -4 -10 -8 -7 2 13 165 1388 305 1916
-17 -16 -8 -5 -8 -7 -4 0 3 6 15 15 9 3 1 2 0 5 11 9 3 -6 -6 -4 -7 -2 4 8 10 7 18 34 38 41 45 48 41 29 16 0 -20 -40 -53 -59 -78 -93 -102 -114 -139 -155 -135 -86 -42 17 71 94 84 45 16 10 25 66 122 169 179 151 91 9 -60 -95 -83 -36 24 66 71 34 -27 -91 -133 -137 -103 -44 7 19 1 -31 -58 -62 -39 5 54 95 106 78 26 -9 -25 -29 -22 16 54 74 61 35 14 -18 -53 -39 4 38 52 51 39 -5 -43 -58 -44 -20 -4 4 5 -4 -10 -19 -16 -23 -34 -29 -24 -14 3 6 2 -3 -9 0 12 31 41 39 28 15 4 2 16 42 60 64 45 10 -26 -57 -72 -63 -54 -48 -52 -62 -82 -105 -106 -88 -65 -23 20 50 63 69 82 87 96 107 123 129 111 77 43 3 -22 -33 -7 22 29 15 -22 -74 -122 -145 -125 -74 -16 33 54 28 -32 -94 -130 -124 -77 -2 67 119 121 87 36 -13 -35 -21 13 55 78 79 35 -28 -72 -91 -72 -23 37 68 67 36 -9 -63 -92 -88 -60 -29 0 22 17 -15 -46 -66 -62 -40 8 23 88 76 64 18 2 -28 -14 -9 12 10 38 40 41 19 7 -15 -20 -24 -13 165 10450 305 1916
-30 -42 -32 -22 -12 3 15 20 17 17 14 -2 -17 -20 -13 -2 14 28 18 3 -11 -16 -8 -2 11 9 -2 6 12 21 40 49 49 39 21 11 19 24 6 -18 -41 -64 -78 -89 -86 -85 -99 -121 -142 -144 -105 -58 10 70 93 78 44 25 26 44 76 119 162 177 145 74 -8 -67 -101 -92 -37 16 47 59 23 -47 -104 -125 -118 -89 -28 27 43 23 -15 -48 -63 -54 -4 52 81 82 65 40 8 -18 -16 13 43 58 62 50 13 -14 -24 -25 -14 1 20 30 21 8 -6 -22 -35 -40 -30 -16 -10 -7 -12 -11 -6 4 16 14 8 7 -1 -13 -30 -30 -19 -15 0 24 42 39 15 -7 -15 -11 -9 56 82 83 63 33 -11 -36 -47 -55 -59 -68 -64 -59 -55 -58 -68 -77 -79 -83 -56 -17 33 70 90 93 82 80 93 118 134 123 92 49 -3 -28 -25 11 43 32 1 -47 -92 -121 -133 -114 -58 1 44 45 22 -29 -84 -125 -131 -89 -19 54 106 111 78 30 -18 -41 -27 19 77 107 103 62 -2 -53 -73 -58 -21 17 38 35 15 -20 -61 -81 -73 -47 -8 15 25 9 -15 -32 -53 -53 -32 -2 26 36 38 26 4 -18 -26 -9 15 27 36 37 37 20 -7 -16 -13 -7 -3 -5 4 168 14840 305 1916
11 26 37 26 15 -1 -17 -27 -33 -26 -4 3 10 13 9 2 -13 -29 -31 -20 2 26 43 47 23 4 -6 -7 -10 -14 -5 -8 -7 7 16 17 4 -25 -48 -74 -86 -85 -72 -54 -44 -37 -14 24 67 111 135 138 125 105 79 80 106 112 111 77 10 -69 -142 -188 -190 -156 -91 -29 12 19 6 -22 -60 -83 -85 -49 1 45 77 83 53 18 -22 -44 -33 12 70 106 113 95 41 -14 -57 -53 -67 -22 19 28 16 10 -12 -43 -55 -54 -29 -6 22 32 26 -3 -25 -41 -33 -30 -20 -5 16 24 17 16 15 11 3 -4 -6 3 15 18 10 8 3 -1 -3 -2 -7 -10 -9 8 18 27 33 26 11 -6 -23 -32 -45 -45 -33 -15 -6 -13 -19 -33 -52 -63 -65 -42 -5 38 78 102 119 131 123 112 94 77 63 37 7 -25 -63 -90 -111 -114 -106 -105 -107 -108 -107 -114 -96 -37 21 72 102 101 76 19 -49 -75 -62 -14 41 93 138 145 111 58 16 -20 -38 -19 18 47 62 42 -2 -68 -124 -135 -101 -38 23 60 62 29 -13 -49 -64 -54 -18 9 24 33 30 10 -10 -25 -34 -25 -9 25 58 70 63 46 18 -5 -22 -19 -2 10 15 19 16 -1 -17 -25 -28 -31 -29 -21 -10 -3 0 170 7517 305 1916
-12 -16 -1 8 18 23 25 17 -4 -20 -19 -14 -12 -15 -12 -6 -5 -3 7 13 9 -1 -7 -9 -5 12 25 28 25 20 33 40 38 47 53 50 38 10 -13 -32 -48 -60 -69 -81 -99 -111 -118 -135 -145 -136 -103 -57 -7 55 94 98 78 44 29 40 73 124 163 182 147 71 0 -57 -108 -88 -42 21 38 52 10 -34 -87 -108 -113 -76 -46 6 18 20 1 -27 -48 -39 -19 21 52 75 77 51 17 -11 -17 -1 20 39 62 70 59 20 -3 -21 -34 -34 -24 -8 4 14 19 6 -16 -32 -44 -40 -35 -18 1 1 1 14 7 -9 -7 5 -5 -19 -20 -7 5 3 -2 10 6 -3 -9 -15 -17 -17 -7 19 47 67 75 64 36 -5 -37 -48 -39 -33 -40 -51 -71 -94 -117 -123 -100 -68 -37 -3 19 41 63 85 113 130 129 132 139 131 102 66 33 -4 -25 -23 6 17 2 -25 -71 -122 -150 -152 -113 -40 22 50 36 -13 -70 -112 -114 -75 -8 68 117 123 95 45 -4 -34 -30 -3 34 67 72 54 12 -34 -56 -60 -39 -3 29 43 29 2 -27 -53 -61 -49 -20 14 25 24 9 -8 -35 -49 -35 -14 4 21 23 21 10 -7 -15 -17 -4 16 25 21 16 22 13 -13 -10 7 8 0 5 170 8031 305 1916
-10 -12 -10 -10 0 10 1 -15 -26 -24 -11 7 26 34 40 30 9 17 1 -2 21 33 46 42 52 23 -8 -38 -43 -54 -46 -60 -57 -71 -83 -95 -89 -72 -41 -17 2 20 36 40 48 72 90 114 141 158 146 98 34 -16 -48 -50 -16 31 58 44 -3 -71 -135 -169 -152 -100 -24 24 50 39 -2 -64 -107 -109 -76 -26 35 86 107 93 44 -13 -53 -53 -11 46 91 99 66 13 -51 -84 -72 -25 30 68 69 32 -13 -45 -68 -67 -48 -21 6 19 15 -1 -20 -36 -39 -29 -15 -12 3 25 37 23 -3 -17 -22 -12 7 27 41 39 30 21 6 1 5 10 18 17 3 -12 -29 -29 -27 -20 -6 2 0 -7 -8 -29 -27 -17 -21 4 30 41 20 11 -13 -17 -23 -3 15 36 36 40 22 9 -14 -16 -15 -6 10 17 12 3 -2 -11 -17 -12 -8 -2 12 17 14 7 -8 -15 -16 -6 9 17 18 16 -6 -28 -48 -40 -23 2 14 11 15 24 15 -5 -20 -9 3 10 23 24 26 16 -3 -14 -14 -2 10 6 5 -9 -29 -38 -26 -3 17 29 36 28 1 -34 -48 -41 -40 -23 10 35 38 25 22 26 5 -16 -24 -9 16 34 38 29 1 -33 -41 -25 -13 -7 -11 -16 -13 -10 -4 171 799 305 1916
1 -3 4 10 -3 13 8 7 9 13 -11 -4 -20 -3 -10 20 7 5 -19 -8 -14 -7 -13 9 6 12 7 10 15 25 32 41 39 48 55 54 46 26 7 -13 -42 -62 -74 -83 -91 -102 -107 -121 -147 -160 -138 -81 -20 30 77 95 89 46 21 31 58 95 142 169 167 117 43 -27 -83 -98 -71 -16 37 67 65 24 -38 -94 -129 -121 -83 -45 -6 12 8 -11 -38 -44 -37 -9 40 74 81 57 22 -2 -19 -13 21 58 74 58 31 -5 -36 -33 -12 21 41 47 39 13 -4 -19 -42 -68 -63 -22 10 18 41 39 12 -22 -47 -42 -30 -9 9 23 12 -18 -26 -22 -16 2 20 28 21 4 2 17 31 41 51 53 50 43 34 18 -13 -42 -56 -61 -61 -61 -62 -74 -85 -96 -103 -97 -75 -27 21 57 82 91 87 85 87 106 134 145 127 83 33 -2 -19 -22 -2 23 20 -7 -48 -94 -138 -156 -136 -70 1 49 53 9 -58 -118 -145 -121 -58 24 98 131 115 67 10 -33 -44 -22 23 82 110 92 47 -14 -63 -87 -75 -25 24 53 54 17 -30 -63 -70 -51 -29 -2 15 18 -1 -36 -59 -63 -44 -11 15 38 48 34 5 -23 -40 -24 -7 16 36 48 47 37 8 -10 -15 -16 -5 13 31 171 9198 305 1916
7 17 28 29 24 12 -1 3 16 20 14 -9 -36 -51 -51 -29 -6 -2 -4 -8 -21 -49 -79 -74 -49 -22 14 54 90 115 131 135 108 80 62 50 43 21 6 -15 -62 -109 -144 -136 -92 -60 -44 -50 -74 -114 -153 -143 -99 -38 39 82 87 60 13 -24 -44 -11 74 169 233 235 186 83 -32 -87 -93 -31 75 127 139 82 10 -87 -133 -129 -50 24 76 54 14 -63 -109 -144 -133 -86 -29 3 22 12 -6 -22 -30 -21 -7 3 6 5 13 26 33 34 38 33 13 0 3 27 57 65 66 61 27 -22 -66 -81 -67 -44 -22 -6 0 -7 -21 -30 -35 -26 -11 2 9 21 28 39 40 29 14 4 2 4 9 24 34 53 63 46 16 -13 -34 -53 -64 -54 -37 -23 -12 -6 -9 -33 -59 -72 -74 -51 -19 18 40 24 -3 -29 -30 8 51 93 134 138 102 49 2 -33 -45 -32 -13 8 15 2 -17 -57 -78 -64 -31 18 50 37 -8 -61 -101 -122 -88 -29 1 26 9 -27 -66 -48 -13 43 72 94 75 49 0 -23 -29 3 36 69 72 59 30 8 -4 -4 14 37 40 22 0 -23 -38 -41 -25 -4 4 -5 -20 -34 -40 -29 -5 25 35 23 -7 -32 -44 -37 -15 8 31 35 25 17 11 7 11 172 887 305 1916
-4 -5 -5 -11 -14 -9 1 6 5 2 1 -4 -14 -10 -9 -3 -1 3 12 12 14 12 10 14 12 19 28 30 31 30 35 34 36 50 55 56 45 20 -8 -42 -66 -75 -76 -74 -78 -86 -100 -122 -146 -151 -120 -60 1 57 100 114 95 49 24 27 54 99 141 169 150 87 11 -58 -98 -85 -35 21 56 58 26 -33 -93 -123 -128 -107 -60 3 46 37 -2 -49 -77 -76 -44 21 83 108 95 57 16 -14 -25 -17 2 25 47 59 59 40 15 -8 -26 -32 -22 1 19 23 17 -18 -49 -59 -54 -27 2 18 17 -2 -19 -23 -9 9 21 22 10 -5 -17 -25 -26 -16 -1 16 18 18 15 7 11 9 16 22 30 42 45 40 25 -1 -25 -46 -54 -63 -70 -64 -68 -77 -92 -102 -97 -82 -50 -8 32 50 80 86 95 85 113 118 141 132 125 64 29 -22 -29 -43 -10 5 16 -12 -48 -102 -133 -147 -111 -53 14 56 59 23 -46 -120 -142 -106 -45 32 91 121 111 61 3 -41 -42 -11 29 71 87 73 29 -27 -64 -78 -50 7 50 73 59 26 -17 -66 -89 -75 -41 4 25 27 14 -18 -43 -51 -46 -34 -4 40 56 49 28 10 2 -18 -20 21 39 26 10 -1 -8 -12 0 25 40 31 12 172 1272 305 1916
32 22 7 -3 -12 -10 -15 -19 -13 -7 7 21 32 38 28 9 -20 -42 -34 -19 1 17 15 1 -16 -23 -17 -13 2 20 24 11 -4 0 -3 -11 -16 -26 -35 -49 -58 -71 -84 -83 -58 -29 8 49 83 108 129 132 128 125 125 123 121 117 96 54 -16 -82 -136 -169 -168 -137 -92 -50 -29 -23 -34 -57 -77 -80 -57 -20 18 47 53 48 30 11 5 3 23 52 78 89 80 60 32 -5 -28 -42 -34 -16 -3 -1 -12 -29 -40 -51 -46 -24 -5 3 -4 -13 -14 -13 -8 -13 -11 -19 -28 -18 2 20 26 22 12 3 0 2 0 10 24 28 22 7 1 3 0 -14 -26 -14 1 12 21 31 47 50 28 -6 -41 -54 -48 -31 -18 -13 -12 -25 -46 -69 -69 -42 -18 -12 -4 22 55 85 120 154 169 166 148 99 41 3 -34 -60 -79 -85 -84 -97 -111 -119 -133 -144 -149 -121 -66 -5 50 86 93 65 16 -21 -34 -24 0 30 69 104 117 108 76 38 4 -14 -2 25 44 48 28 -5 -48 -87 -104 -106 -41 -5 20 9 29 -3 -20 -49 -30 -36 0 -6 16 6 11 -11 -5 -11 7 10 32 35 41 44 45 44 35 20 -4 -18 -9 3 8 11 4 -3 -9 -23 -31 -26 -15 -10 -18 -24 -20 172 9487 305 1916
1 2 10 0 -9 -19 -29 -26 -12 2 21 32 32 18 2 -6 -15 -20 -11 1 9 9 15 23 16 0 -23 -34 -38 -35 -1 27 32 21 -5 -24 -39 -44 -42 -51 -71 -77 -67 -48 -23 9 43 71 75 77 91 108 117 119 108 90 84 61 56 31 -13 -77 -143 -182 -174 -140 -73 0 38 35 0 -41 -80 -93 -80 -29 33 69 92 95 41 -14 -37 -29 -5 30 76 109 109 69 13 -26 -65 -82 -59 -18 12 26 29 12 -24 -48 -53 -46 -30 -5 27 21 20 3 -12 -44 -35 -46 -26 -17 21 17 29 5 13 -4 2 -7 13 11 23 20 22 11 10 8 3 -9 -10 2 1 2 12 19 23 19 7 -9 -29 -39 -41 -33 -22 -16 -12 -17 -25 -39 -51 -57 -48 -21 29 70 108 120 120 112 92 75 65 55 48 23 -12 -37 -59 -83 -103 -117 -114 -118 -114 -96 -76 -58 -41 -5 32 70 84 81 42 -7 -54 -66 -46 12 85 131 151 135 84 1 -61 -73 -48 -10 36 84 84 22 -26 -60 -104 -124 -93 -30 33 67 78 71 16 -62 -95 -74 -30 15 47 56 38 5 -27 -40 -32 -9 15 24 29 50 38 34 13 4 -30 -22 -14 14 4 26 10 12 -17 -15 -23 -9 -13 2 -8 -13 -30 173 11188 305 1916
-18 -29 -28 -31 -50 -64 -56 -23 19 45 57 52 34 12 -5 -10 -20 -23 -21 -15 8 33 57 62 45 30 29 35 60 75 75 62 32 4 -8 -9 -1 2 -9 -36 -72 -100 -115 -108 -99 -87 -88 -113 -145 -165 -164 -116 -47 31 94 117 105 67 38 38 62 112 167 200 191 131 44 -31 -81 -95 -70 -13 37 22 40 -12 -60 -130 -133 -132 -73 -29 39 26 17 -34 -51 -74 -39 11 74 91 102 69 40 4 -3 -2 14 36 56 51 36 9 -4 -9 -13 -6 3 12 9 -14 -22 -27 -34 -28 -11 4 3 -8 -1 -4 -15 -25 -18 -5 -2 8 29 27 9 -23 -41 -42 -30 2 40 58 56 34 4 -14 -6 6 18 30 43 53 51 32 5 -20 -48 -71 -88 -82 -68 -60 -64 -87 -108 -106 -86 -39 13 51 76 83 79 76 92 130 158 158 128 78 32 -14 -35 -29 -5 23 27 0 -49 -104 -147 -155 -126 -62 1 41 46 13 -46 -108 -130 -108 -58 12 71 136 98 66 11 -18 -61 -13 26 97 98 101 41 -9 -76 -76 -72 -17 27 64 39 14 -19 -44 -70 -65 -42 -4 9 11 4 -9 -26 -44 -48 -36 -15 12 33 42 32 8 -11 -19 -16 -5 19 45 49 40 25 10 0 1 7 16 9 173 11708 305 1916
-3 9 9 -1 10 23 21 4 -5 -8 -1 -3 3 1 5 -3 -5 -5 -4 -1 9 9 1 -8 -11 -7 0 1 -1 1 2 1 -4 -7 -15 -27 -38 -40 -42 -42 -40 -55 -64 -67 -44 -3 39 75 113 130 127 113 98 87 85 89 95 88 65 18 -46 -115 -165 -182 -155 -105 -44 4 34 22 -19 -59 -91 -93 -60 -10 49 82 81 49 9 -25 -42 -27 17 70 113 125 104 51 -16 -60 -76 -74 -47 -13 23 39 23 -1 -28 -46 -63 -71 -50 -16 13 28 20 4 -15 -28 -36 -35 -19 2 24 41 37 29 20 14 7 -3 -2 3 2 2 -4 -8 -5 4 12 7 1 -1 11 13 -5 -11 3 8 -4 -19 -24 -18 -17 -7 -11 -20 -19 -24 -33 -40 -36 -15 -2 7 27 58 85 98 91 79 69 69 77 76 60 21 -20 -61 -98 -120 -122 -109 -95 -89 -82 -89 -92 -73 -36 14 56 84 94 69 23 -13 -29 -26 -7 35 76 107 116 94 51 -2 -38 -35 -15 26 58 61 35 -19 -83 -122 -128 -94 -37 24 68 78 50 1 -39 -58 -61 -37 -3 31 48 41 29 11 -19 -32 -34 -16 18 47 66 63 44 22 -12 -33 -34 -19 2 13 12 9 5 -2 -17 -21 -14 -7 -7 -20 -19 -10 -12 174 3304 305 1916
-12 -15 -5 4 7 12 9 -4 -8 -10 -10 -8 -7 1 2 -9 -8 0 12 20 19 10 -1 -4 3 4 -2 -5 1 11 9 10 13 16 2 -21 -26 -24 -17 -8 -7 -3 3 4 10 6 -6 -18 -19 -10 6 2 8 26 15 -10 21 33 45 25 6 -66 -123 -169 -139 -90 -15 40 87 81 45 -13 -38 -43 -9 44 98 124 112 64 7 -37 -41 -10 44 82 103 115 81 26 6 10 29 54 59 35 -29 -86 -113 -99 -57 -8 36 42 0 -51 -70 -58 -36 -12 20 22 -9 -43 -65 -60 -45 -29 -2 6 -4 -18 -30 -25 -8 9 14 3 -7 -24 -45 -50 -36 -12 6 23 29 20 17 2 -11 -16 -16 7 28 37 48 39 16 -3 -8 5 20 35 45 38 20 5 17 26 23 22 15 5 -9 -14 -6 -7 -10 -5 -12 -17 -23 -36 -37 -36 -38 -39 -46 -36 -42 -56 -26 34 63 110 137 135 54 -6 -71 -82 -70 -12 43 96 75 34 -27 -71 -97 -85 -43 18 59 63 22 -40 -100 -131 -120 -85 -33 9 31 21 -19 -40 -28 6 51 74 66 32 -17 -50 -46 -10 39 68 67 36 -7 -31 -29 5 47 79 75 43 15 -13 -29 -27 -15 11 18 5 -8 -13 3 18 28 41 48 41 12 221 2705 305 1916
-33 -21 1 11 1 -23 -39 -42 -42 -31 0 24 32 16 -3 -19 -31 -18 0 19 35 32 30 19 4 3 8 26 45 54 57 33 55 11 24 9 19 -13 7 -2 7 -11 22 18 18 -7 -12 -44 -49 -72 -63 -54 -44 -41 -35 -30 -37 -57 -43 -5 46 100 155 171 127 47 -28 -75 -82 -59 -10 35 51 35 9 -29 -46 -38 -14 14 35 27 -17 -77 -111 -129 -108 -69 -22 13 14 -10 -36 -44 -31 -10 28 61 72 45 0 -30 -33 -15 26 58 84 84 56 27 13 7 25 48 58 37 0 -31 -47 -49 -28 10 43 52 36 6 -17 -16 -4 17 29 16 -2 -16 -38 -50 -41 -10 16 32 36 28 8 -6 0 10 14 15 10 -5 -25 -43 -46 -40 -37 -26 -14 -12 -6 -6 -8 -5 -5 -1 6 12 7 0 1 5 8 15 18 12 7 10 12 8 6 7 5 6 -7 -16 -16 -11 -4 -5 -5 6 11 12 2 -2 1 -2 -4 -11 -13 -11 -7 3 2 7 20 22 13 -6 -18 -11 -7 2 8 8 4 -6 -19 -24 -20 -7 -10 -28 -45 -41 -15 9 22 25 23 17 -4 -22 -21 -11 2 11 17 26 20 19 24 20 7 -3 -6 -11 -17 -5 8 13 6 -9 -9 -5 5 12 5 221 11598 305 1916
-6 4 7 8 11 4 -11 -17 -12 -1 2 1 1 4 1 -9 -11 -7 -2 0 4 11 18 6 3 -2 -4 3 5 3 4 -1 -1 -8 -17 -19 -25 -27 -35 -44 -55 -69 -77 -70 -46 -12 23 66 96 117 126 109 96 83 73 78 89 97 90 40 -29 -99 -154 -186 -179 -130 -59 -5 34 58 43 -19 -64 -79 -87 -56 10 82 113 85 39 2 -39 -58 -19 48 84 80 67 35 -11 -51 -61 -49 -30 0 24 11 -9 -23 -30 -43 -53 -32 -2 29 49 51 32 -5 -42 -55 -47 -21 9 34 37 16 1 0 0 -7 -22 -24 -25 -28 -12 5 21 24 14 2 -15 -20 -1 10 13 18 20 20 18 14 7 -2 -12 -21 -33 -28 -15 6 6 -1 -23 -46 -57 -53 -43 -11 28 63 85 85 85 87 92 90 83 69 43 9 -25 -60 -82 -97 -100 -100 -98 -89 -82 -83 -82 -76 -45 -3 37 77 89 78 43 -6 -46 -63 -42 10 64 115 135 125 84 22 -30 -60 -49 -3 41 60 46 5 -44 -92 -108 -84 -44 5 47 65 49 10 -31 -50 -45 -17 12 39 6 39 20 -4 -48 -26 -40 -9 6 63 57 58 17 -3 -48 -40 -31 12 30 46 31 18 5 2 -10 -20 -30 -23 -17 -4 9 12 7 221 15166 305 1916
0 -8 -11 -3 18 29 26 13 -9 -13 -4 18 49 58 48 23 -16 -33 -60 -48 -34 -48 -43 -38 -42 -76 -92 -95 -82 -75 -40 0 54 71 90 97 98 101 122 133 136 103 62 22 -18 -30 -19 15 40 26 -10 -54 -94 -133 -156 -127 -62 18 73 69 22 -54 -125 -169 -154 -78 27 103 144 131 87 29 -26 -38 -13 18 45 53 54 32 -2 -27 -37 -32 -17 13 34 33 10 -30 -67 -74 -60 -35 5 34 29 -9 -42 -54 -52 -34 -3 25 36 24 12 4 -2 -4 -4 8 13 9 12 12 21 30 25 11 -15 -24 -20 -19 -17 -8 1 -3 -22 -26 -16 -2 7 7 7 -1 -9 -9 -4 21 40 37 27 3 -14 -19 -16 0 16 28 32 31 25 8 -11 -32 -43 -35 -17 8 24 29 24 1 -14 -20 -23 -7 20 35 29 8 -4 -9 -10 -2 8 15 13 2 -7 -18 -17 -17 -9 10 20 33 35 21 -3 -25 -34 -32 -28 -10 5 5 10 22 26 14 -5 -14 -12 -7 -6 3 14 8 -7 -23 -30 -24 -20 -9 1 2 7 15 10 16 20 13 1 -12 -25 -29 -16 3 7 0 -10 -9 -5 -11 -5 5 14 10 -15 -20 -14 -3 15 26 29 15 -2 -9 -13 2 25 30 21 1 -19 222 7863 305 1916
-19 5 24 31 38 37 27 7 -14 -24 -19 -7 0 6 15 18 12 7 5 2 -9 -21 -21 -19 -2 17 14 4 -11 -21 -21 -16 -8 -6 -10 -12 -13 -11 -13 -24 -45 -63 -69 -66 -44 -9 21 58 92 110 122 122 112 98 82 79 78 69 51 11 -40 -100 -154 -179 -164 -109 -41 15 39 31 2 -44 -87 -98 -80 -31 24 63 81 66 35 3 -23 -19 15 62 96 103 91 45 -13 -58 -76 -65 -45 -13 19 28 20 0 -20 -33 -44 -39 -17 5 19 15 3 -14 -28 -33 -32 -24 -8 14 39 40 33 31 22 15 -3 -13 -12 -17 -19 -18 -23 -15 2 25 37 26 7 -13 -23 -27 -23 1 20 17 1 -16 -21 -27 -33 -27 -29 -12 2 14 22 1 -24 -37 -36 -15 17 52 74 81 94 107 115 116 107 87 40 -13 -52 -87 -115 -133 -134 -122 -119 -111 -96 -80 -48 -29 -7 17 35 58 74 75 48 -6 -54 -70 -37 19 77 135 156 129 70 4 -34 -47 -35 0 29 44 28 -13 -56 -88 -92 -69 -31 20 59 77 58 16 -27 -67 -74 -58 -31 9 36 47 42 17 -6 -13 -8 15 32 45 56 50 27 -1 -21 -34 -39 -28 -6 11 18 22 27 10 -13 -25 -36 -38 -35 -30 -19 -15 -10 222 15723 305 1916
0 -2 -14 -16 -10 -4 -3 -3 -4 -4 0 4 4 10 16 13 9 4 -5 -11 -19 -19 -12 6 30 38 30 12 -2 -14 -24 -24 -16 -7 -1 2 8 5 -13 -25 -36 -35 -23 -6 17 32 33 28 8 -4 -5 -9 -14 -22 -11 22 46 61 55 27 -38 -119 -165 -173 -129 -55 14 70 82 46 -3 -49 -49 -10 52 112 136 110 45 -13 -34 -19 26 70 100 113 82 40 7 -2 21 43 60 53 8 -43 -76 -86 -70 -42 -12 18 20 -19 -51 -55 -54 -40 -7 21 10 -22 -48 -57 -57 -43 -6 31 39 13 -4 -11 -25 -26 -10 12 18 4 -19 -50 -72 -70 -42 0 26 31 24 5 -12 -18 -10 8 24 40 43 31 18 12 12 19 26 34 38 30 26 21 14 20 25 29 17 11 7 1 -5 -20 -21 -18 -20 -20 -27 -30 -23 -26 -28 -37 -40 -41 -57 -77 -70 -31 24 70 120 153 148 100 27 -31 -71 -77 -36 18 66 78 43 -9 -71 -98 -71 -18 38 58 18 -42 -91 -114 -102 -62 -16 12 12 -28 -69 -67 -82 0 38 83 86 77 22 -1 -33 -29 -25 18 52 80 73 56 14 -14 -13 19 48 53 40 7 -32 -48 -37 -3 21 24 9 -11 -21 -17 -3 23 40 46 40 9 -21 223 4756 305 1916
-17 -12 8 22 5 -22 -33 -38 -42 -40 -14 3 8 14 10 -6 -23 -22 -6 5 11 24 23 24 21 22 31 39 45 49 54 47 30 22 19 9 8 11 15 16 11 3 -7 -17 -17 -15 -13 -9 -13 -21 -43 -61 -66 -59 -48 -45 -46 -51 -41 -5 41 87 147 172 145 75 17 -22 -50 -50 -20 19 45 40 9 -34 -78 -87 -65 -15 23 42 26 -23 -83 -121 -123 -75 -19 26 34 3 -21 -39 -32 -5 25 51 64 37 -10 -52 -59 -44 2 58 87 96 77 42 9 -14 -4 27 48 56 43 18 -12 -39 -41 -18 5 15 6 -10 -20 -18 -2 22 36 32 28 14 -17 -44 -46 -24 4 30 48 61 20 41 10 -10 -21 -7 -17 -10 -6 3 -18 -35 -60 -61 -48 -29 -17 -18 -27 -32 -35 -19 5 20 29 14 -5 -4 0 12 23 36 47 39 23 9 4 12 10 5 -6 -15 -20 -32 -31 -18 -12 -4 -18 -26 -10 13 19 14 20 25 21 18 17 11 0 -14 -20 -21 -19 -19 -20 -17 -18 -18 -10 -1 12 18 13 6 -7 -13 -13 -10 -13 -16 -19 -14 -15 -10 1 8 10 11 8 6 8 3 -2 6 6 0 -1 -5 -6 3 10 15 19 26 27 13 0 -6 -15 -19 -15 -2 14 223 13576 305 1916
4 19 25 24 24 13 0 -10 -17 -18 -12 -2 4 5 8 6 8 4 -2 1 2 6 20 16 11 10 2 -2 -4 -5 -7 -15 -27 -30 -25 -12 -3 -1 -10 -22 -43 -78 -107 -114 -95 -58 -10 51 100 124 138 143 138 124 112 113 120 118 103 69 13 -68 -143 -188 -179 -137 -95 -55 -24 -14 -20 -36 -50 -56 -56 -43 -16 8 33 46 41 23 4 8 21 42 69 88 91 67 28 -5 -31 -45 -50 -32 -6 0 -3 -4 -6 -12 -27 -39 -40 -38 -17 -3 -8 -15 -12 -18 -31 -23 3 26 36 33 38 41 33 17 -5 -25 -29 -30 -18 -6 1 11 13 17 16 6 -5 -19 -23 -21 -13 3 8 9 2 -13 -21 -26 -21 -10 -8 2 -1 -10 -20 -36 -41 -32 -28 -13 1 15 38 71 105 120 130 143 147 135 86 31 -15 -66 -102 -117 -120 -116 -120 -118 -119 -125 -117 -95 -65 -27 19 74 108 97 50 -6 -41 -30 -43 28 42 87 94 129 98 74 35 23 -26 -19 -24 10 15 13 -23 -59 -96 -96 -72 -25 23 57 61 36 -4 -40 -49 -36 -27 -8 2 14 29 25 12 4 -6 5 17 32 44 46 42 16 -7 -21 -20 -11 2 2 4 8 18 14 3 -8 -23 -30 -41 -38 -22 -14 -5 224 1030 305 1916
1 -4 -5 -4 4 6 14 7 -2 -12 -17 -8 10 19 26 24 19 7 -10 -17 -16 -4 0 1 6 8 10 10 4 1 -7 -5 2 -5 -1 0 -1 -3 -6 -4 -3 -4 -6 -6 0 -3 -9 -10 -8 1 1 -5 -3 -12 -22 -14 28 61 55 26 -21 -87 -151 -173 -142 -84 -24 40 70 72 48 16 -8 -14 6 48 90 111 78 21 -21 -29 -21 45 102 120 105 74 48 13 20 38 62 50 24 -30 -70 -101 -96 -89 -48 0 36 31 2 -20 -33 -58 -75 -72 -43 -25 -41 -49 -40 -21 -5 15 32 34 15 4 -10 -18 3 26 22 2 -14 -39 -70 -60 -36 -7 4 -1 -5 -10 -21 -11 0 10 10 11 20 23 20 16 30 29 15 21 37 47 51 40 35 23 9 8 5 9 6 -6 -8 -10 -11 -10 -15 -15 -15 -18 -28 -35 -36 -43 -46 -43 -44 -45 -49 -40 -2 45 94 146 156 128 66 0 -44 -65 -56 -20 29 57 51 19 -19 -54 -64 -45 6 51 69 33 -38 -105 -144 -143 -100 -41 4 17 -10 -41 -59 -46 -3 43 78 80 44 -2 -43 -65 -56 -22 23 50 75 86 79 55 26 19 27 34 34 26 13 -11 -42 -41 -17 3 7 8 7 -22 -46 -23 14 48 75 70 21 224 5641 305 1916
-8 -7 -4 9 18 19 13 9 0 -5 10 29 46 53 45 23 -16 -43 -52 -58 -56 -60 -54 -45 -50 -51 -52 -59 -57 -37 -8 17 42 63 73 77 82 100 125 121 102 62 18 -11 -19 0 25 39 35 9 -41 -93 -143 -164 -145 -77 11 83 111 78 12 -76 -155 -169 -116 -23 71 119 120 67 -4 -56 -75 -46 16 75 98 77 36 -8 -40 -46 -34 -6 17 32 40 24 -5 -30 -50 -49 -35 -12 19 31 28 3 -34 -61 -74 -64 -32 6 33 45 40 19 -4 -16 -14 1 21 38 47 35 16 3 -14 -19 -16 -9 1 4 0 -4 -13 -14 -12 -8 -3 -4 1 3 -4 -21 -30 -13 3 28 47 36 13 -9 -25 -28 -21 7 32 33 23 14 14 9 -8 -14 -3 13 22 21 20 10 -1 -14 -30 -31 -28 -12 7 12 14 11 11 15 12 15 24 22 -1 -37 -56 -52 -35 -13 1 15 32 39 29 9 -5 -15 -25 -20 -9 10 28 24 4 -16 -26 -16 -5 7 6 -6 -9 -3 3 2 8 16 11 -5 -23 -28 -26 -25 -18 0 15 32 43 45 38 16 -10 -28 -29 -8 12 23 24 9 -9 -23 -20 -13 -9 -4 -4 -27 2 -4 5 9 -1 -24 -30 -12 -3 -6 5 17 14 11 -1 225 2573 305 1916
2 -3 -7 -4 0 8 7 6 9 12 6 2 2 4 -5 -1 2 3 -2 -11 -11 -11 -6 13 27 27 13 -7 -18 -30 -30 -19 -7 -2 4 6 5 -5 -17 -32 -31 -31 -17 19 41 37 24 5 -6 -14 -21 -19 -9 -7 -21 4 55 63 69 47 5 -95 -158 -187 -151 -102 -21 18 62 56 34 -7 -24 -18 23 70 122 136 108 56 -1 -43 -40 4 64 110 113 81 35 14 10 31 55 76 65 15 -51 -104 -135 -119 -71 -17 28 28 3 -31 -52 -53 -41 -14 13 13 0 -25 -46 -56 -48 -29 -9 6 8 -4 -10 -11 -5 12 20 16 -14 -47 -63 -65 -51 -18 8 26 27 18 4 -17 -29 -32 -12 10 23 32 30 26 16 4 18 33 33 28 18 21 27 24 25 39 50 43 19 5 -6 -8 -2 1 0 -6 -7 -2 -12 -17 -31 -45 -57 -76 -77 -74 -75 -63 -25 26 80 137 168 148 78 6 -42 -58 -40 1 45 77 69 23 -36 -75 -95 -73 -24 14 38 29 -3 -56 -104 -109 -76 -43 -29 -32 -40 -57 -64 -46 10 69 104 116 104 47 -20 -64 -61 -20 24 62 79 57 19 -11 -17 5 33 45 33 14 -2 -15 -10 1 8 2 -14 -19 -24 -20 3 21 42 51 35 12 -12 225 7262 305 1916
-8 -16 -26 -19 -7 4 7 3 8 4 0 -5 1 10 19 14 2 -8 0 6 11 8 4 0 -10 -17 -7 -6 -2 3 3 -1 -22 -22 -8 -25 -31 -23 -26 -43 -59 -64 -68 -67 -54 -21 29 59 89 119 124 117 114 123 130 122 123 115 76 16 -51 -111 -152 -169 -152 -109 -62 -26 -17 -25 -41 -50 -55 -50 -24 9 39 51 38 16 0 -12 -13 -2 29 62 78 77 63 36 -3 0 -56 -32 -26 -9 -25 10 13 12 -13 -13 -22 -7 -13 -4 -10 -6 -13 -17 -11 -3 -10 -23 -39 -43 -32 -6 30 56 59 43 18 -3 -18 -16 -14 -12 -12 -8 12 27 19 12 5 -5 -21 -24 -6 16 26 30 6 -22 -39 -39 -38 -31 -25 -15 -16 -27 -41 -31 -20 -16 -9 1 20 46 78 105 114 118 119 120 109 84 50 16 -23 -62 -97 -109 -120 -133 -137 -133 -127 -117 -100 -66 -28 15 52 71 77 65 33 0 -20 -16 9 35 64 84 95 84 51 15 1 13 28 31 35 22 -2 -30 -68 -88 -78 -55 -24 4 22 30 17 -1 -19 -27 -22 -14 1 11 20 17 2 -7 -17 -17 -4 12 34 38 32 27 22 23 14 -13 -20 -12 0 -2 -7 8 22 23 11 0 -3 -14 -30 -40 -40 -24 -15 225 10625 305 1916
-22 -21 -10 -9 -14 -16 -3 12 26 27 19 15 -5 -23 -27 -16 10 23 8 -11 -23 -20 -8 5 17 11 0 -10 -12 -2 18 31 19 -3 -12 -14 -1 11 12 12 -6 -14 -5 8 17 9 1 -6 -10 -2 10 12 0 -27 -46 -33 19 64 74 44 -24 -104 -167 -172 -108 -36 7 39 46 30 17 8 8 24 32 48 79 88 69 43 3 -33 -32 15 82 124 126 97 41 -15 -25 -1 36 63 48 -4 -61 -98 -97 -68 -21 19 27 8 -35 -58 -55 -37 -19 -7 3 -10 -36 -51 -60 -44 -21 -1 21 21 9 -2 -14 -10 -1 8 8 -6 -27 -56 -79 -71 -50 -17 11 28 38 24 4 -18 -27 -11 5 32 52 46 37 28 20 20 32 46 46 30 9 -3 -2 10 28 38 36 32 17 -7 -27 -38 -28 -22 -23 -14 -12 -12 -14 -18 -18 -32 -53 -65 -64 -54 -36 -1 38 66 81 114 139 123 58 -8 -47 -75 -80 -39 23 58 40 10 -35 -77 -77 -46 19 65 56 14 -49 -117 -150 -128 -68 -11 29 38 16 -32 -46 -20 7 20 66 52 24 -13 -24 -47 -24 -3 52 66 81 56 50 22 10 11 33 42 40 15 -9 -38 -49 -30 -4 18 30 24 9 -15 -25 -4 21 34 33 22 5 226 305 305 1916
8 5 2 9 2 -6 -4 -6 -7 -3 2 6 2 -3 -13 -15 -7 -3 3 8 5 3 -4 2 6 6 15 10 1 1 1 0 -6 -9 -1 -2 0 1 -1 -1 -9 -15 -16 -3 7 9 9 -3 -15 -11 -13 -12 -15 -16 -2 17 54 69 58 22 -32 -100 -158 -172 -134 -77 -11 42 75 81 55 12 -26 -25 22 78 117 130 92 25 -38 -66 -32 38 101 129 103 47 -5 -20 4 41 73 76 46 -15 -93 -136 -129 -84 -28 5 24 21 -8 -26 -33 -32 -26 -21 -9 -9 -18 -18 -27 -33 -35 -23 0 16 15 -8 -30 -38 -33 -12 6 5 -4 -31 -62 -75 -59 -24 9 31 39 21 -1 -15 -16 -10 3 24 36 40 35 21 16 19 31 41 41 51 52 36 25 9 1 5 6 11 3 -3 -10 -17 -20 -14 -42 4 -15 -12 -24 -9 -42 -50 -58 -46 -59 -42 -46 -16 10 53 98 144 149 119 56 -2 -43 -65 -56 -15 27 54 49 18 -33 -70 -73 -46 7 55 69 31 -45 -111 -144 -128 -73 -25 9 5 -25 -50 -59 -44 18 78 103 102 69 5 -42 -56 -38 -1 36 60 74 54 28 16 10 12 17 17 19 14 8 -6 -17 -18 -15 -4 5 5 -7 -20 -13 6 35 60 63 45 9 227 2433 305 1916
7 -2 -1 -10 -13 -6 -1 7 4 0 -1 0 6 8 5 3 2 -2 -8 -9 -2 6 3 -6 -12 -1 1 -8 -9 1 21 30 25 15 6 -3 -14 -27 -31 -30 -19 -8 0 4 13 23 21 4 -6 -10 -8 -2 5 19 5 -3 18 29 29 22 -2 -52 -127 -172 -160 -107 -35 22 69 87 55 3 -44 -51 -11 45 99 126 102 54 2 -20 -15 13 64 100 113 96 57 36 19 12 25 38 37 0 -56 -107 -123 -98 -51 8 47 38 5 -37 -67 -66 -45 -9 12 8 -16 -54 -79 -68 -40 1 27 35 21 5 -11 -22 -12 7 10 0 -28 -48 -62 -69 -42 -7 18 25 23 22 20 -38 -15 -23 -1 5 33 29 37 33 25 -2 14 30 52 50 46 45 20 -8 7 24 26 23 21 13 -7 -13 -6 -8 -19 -27 -15 -9 -23 -32 -32 -38 -52 -59 -45 -40 -37 -33 -5 37 73 114 149 131 79 12 -46 -83 -82 -45 17 71 91 64 5 -61 -91 -72 -35 16 56 45 -5 -72 -122 -139 -125 -76 -28 -1 14 4 -4 -11 -3 34 65 72 49 1 -45 -71 -54 -1 59 93 87 66 28 -14 -27 -6 33 67 66 35 -10 -56 -68 -57 -19 19 41 40 16 -6 -2 20 35 41 40 20 -10 227 11207 305 1916
-4 -3 0 1 11 14 6 -7 -12 2 6 4 10 8 8 5 -7 -11 -10 -4 6 8 7 4 -3 -8 -6 5 16 24 27 28 42 47 40 34 24 14 -1 -19 -33 1 -37 -8 -34 -51 -101 -95 -131 -150 -168 -117 -86 -24 30 94 95 69 7 -19 -12 40 108 180 200 177 115 21 -56 -105 -108 -55 -10 34 75 85 38 -34 -90 -115 -112 -79 -18 52 62 27 -19 -64 -87 -68 -15 44 68 69 52 8 -24 -25 6 38 48 49 39 23 -1 -15 -8 -7 2 23 37 36 18 10 0 -17 -34 -39 -35 -20 -4 7 5 -11 -24 -25 -16 -4 5 18 23 19 4 -13 -12 -2 11 16 13 16 14 3 -3 2 21 38 41 43 40 18 -10 -38 -52 -49 -50 -54 -57 -61 -71 -85 -100 -95 -66 -32 -2 27 47 67 72 66 79 97 118 136 128 99 61 16 -28 -48 -29 11 28 19 -19 -70 -116 -151 -148 -98 -17 56 92 79 18 -60 -125 -156 -124 -56 28 92 113 88 38 -20 -54 -63 -27 36 91 110 93 52 -4 -52 -64 -43 1 43 47 30 -17 -52 -68 -60 -32 7 35 48 29 -22 -71 -86 -81 -63 -26 14 44 56 50 29 2 -23 -22 -16 12 51 73 67 36 -7 -34 -33 -17 4 17 232 11627 305 1916
-37 -61 -71 -59 -35 -9 4 -10 -24 -27 -25 -3 21 34 29 -1 -29 -51 -62 -44 -10 21 28 18 7 -10 -27 -32 -17 6 23 50 62 47 23 -11 -35 -49 -49 -14 14 7 -20 -44 -43 -28 2 51 89 119 126 118 116 117 120 110 91 67 38 11 -27 -76 -117 -174 -210 -210 -186 -141 -93 -33 22 43 60 76 79 70 50 42 36 37 42 39 33 10 -18 -34 -44 -29 5 44 86 98 57 -22 -104 -137 -133 -103 -49 -9 -13 -55 -104 -122 -95 -24 57 117 136 108 48 -20 -68 -76 -54 -13 24 38 39 23 4 3 14 34 56 72 70 51 28 4 -5 -1 0 -3 -17 -33 -41 -44 -19 20 52 78 75 46 5 -34 -47 -46 -29 -9 3 5 -16 -48 -70 -69 -53 -26 10 51 75 88 83 72 68 62 64 65 50 29 -13 -58 -91 -115 -124 -112 -95 -92 -97 -92 -89 -79 -58 -18 31 67 89 98 83 56 23 1 -2 5 34 70 87 76 43 0 -38 -48 -29 0 41 72 80 51 -8 -63 -96 -104 -80 -36 15 58 47 54 38 -2 -52 -58 -75 -27 10 55 43 35 -21 -55 -82 -53 -33 -1 -1 29 36 34 29 30 22 5 -17 -9 0 12 22 30 26 1 -21 -23 -18 -9 4 15 9 237 342 305 1916
-1 -2 0 2 4 3 6 11 8 6 -9 -19 -21 -28 -23 -11 -9 -18 -26 -37 -45 -58 -63 -57 -23 10 50 90 118 131 127 116 113 111 101 80 46 1 -52 -97 -128 -138 -139 -128 -111 -93 -84 -78 -70 -49 -13 18 36 50 46 21 -23 -56 -58 -34 18 80 150 190 173 109 44 -15 -41 -48 -24 20 43 36 12 -20 -55 -86 -86 -66 -34 8 49 78 57 5 -52 -97 -97 -58 -16 34 29 77 45 26 0 30 10 19 5 33 6 17 8 22 -11 -28 -40 -15 -7 25 48 59 32 -4 -38 -51 -49 -26 -12 -2 -8 -20 -21 -19 -16 -10 0 4 -1 1 1 3 14 27 23 12 -8 -15 -14 -2 10 18 25 33 18 8 -9 -19 -29 -34 -34 -14 7 19 10 2 -14 -29 -32 -26 -6 8 17 24 15 1 -6 -20 -16 -11 -3 10 12 16 18 18 16 7 5 -7 -17 -14 -11 -2 1 4 4 -2 -11 -15 -21 -11 -9 -3 1 3 8 2 -3 -5 -9 -7 -3 1 6 3 7 10 16 21 15 3 -11 -14 -7 -25 -24 -19 14 -24 2 9 30 -3 23 11 7 -26 -2 2 26 6 13 0 9 -4 4 6 7 -1 -6 -24 -23 -17 2 18 24 20 10 -9 -26 -33 -25 -13 -4 241 15095 305 1916
-19 -13 -3 7 28 33 30 16 9 9 10 16 35 49 52 36 9 -20 -40 -54 -58 -51 -45 -55 -72 -96 -116 -126 -130 -98 -36 18 61 87 110 121 109 94 99 115 131 133 112 70 25 -11 -30 -21 4 26 23 -23 -78 -130 -154 -127 -73 -8 36 37 3 -65 -134 -170 -153 -82 4 89 140 145 107 38 -18 -56 -62 -15 49 100 116 83 21 -52 -99 -98 -61 -6 36 40 16 -27 -55 -59 -38 -14 1 24 22 -7 -26 -46 -51 -47 -20 26 66 99 103 76 43 10 -18 -20 7 32 39 22 -1 -24 -39 -41 -29 -7 1 -1 -15 -32 -30 -30 -27 -20 -18 -11 -14 -12 -1 10 20 22 21 26 30 30 35 31 24 10 2 0 4 19 27 13 6 7 -12 -46 -54 -40 -38 -28 -2 15 17 -5 -21 -22 -28 -12 18 44 49 31 21 4 -13 -14 5 27 24 10 -3 -12 -9 -3 14 38 36 23 1 -14 -23 -39 -45 -41 -34 -26 -14 9 21 12 -5 -22 -26 -16 8 45 66 64 42 3 -22 -27 -18 -9 -6 3 11 20 30 31 24 16 2 -24 -42 -41 -38 -44 -58 -73 -73 -51 -31 -8 7 14 9 1 3 17 21 32 29 15 1 -1 17 31 36 34 26 20 4 1 10 15 14 249 413 305 1916
11 23 23 16 9 -10 -35 -45 -35 -5 28 47 43 18 -21 -53 -62 -50 -26 -1 13 8 -4 -18 -22 -14 8 22 28 25 32 33 23 9 -3 9 32 48 51 33 3 -36 -66 -80 -75 -57 -46 -44 -61 -90 -106 -101 -88 -53 -6 32 48 47 44 46 60 90 133 186 213 206 161 91 33 -31 -17 8 33 21 16 -59 -100 -156 -137 -127 -67 -28 21 -3 -28 -95 -126 -158 -137 -82 9 81 120 118 87 20 -40 -66 -45 6 65 120 127 83 27 -33 -79 -84 -47 17 67 82 58 2 -55 -91 -104 -88 -64 -32 -6 11 4 -13 -30 -36 -36 -18 2 31 56 62 42 0 -38 -43 -24 18 56 72 71 43 9 -11 -6 14 31 37 24 0 -25 -47 -45 -36 -31 -13 -2 6 2 -16 -22 -18 -4 11 15 27 33 25 6 -14 -18 -12 4 36 53 61 55 34 11 -12 -7 10 19 23 8 -22 -52 -84 -98 -90 -59 -14 15 16 1 -13 -30 -8 -13 8 14 29 -11 4 -3 22 19 49 37 46 19 33 21 34 20 19 0 -7 -19 -9 0 18 8 -10 -28 -39 -38 -34 -30 -24 -17 -2 -1 -16 -28 -30 -16 2 14 27 44 52 44 12 -8 -15 1 14 17 12 19 13 3 -15 -16 -19 -16 253 6546 305 1916
9 15 23 21 8 -6 -17 -18 -13 -10 4 17 21 20 10 10 -1 -19 -20 -7 11 26 39 35 10 -8 -11 -2 15 23 33 32 19 20 32 53 54 33 4 -31 -64 -74 -74 -75 -80 -89 -102 -128 -138 -130 -104 -56 -7 40 68 70 55 41 35 36 52 94 122 175 116 86 10 -46 -107 -76 -26 50 76 93 39 -24 -100 -140 -140 -86 -20 44 60 44 2 -46 -74 -65 -28 23 61 79 66 38 4 -26 -28 -2 29 55 62 63 38 0 -15 -16 -13 4 17 26 13 -5 -17 -36 -51 -42 -25 -1 14 29 29 18 -13 -43 -53 -43 -26 5 35 55 48 13 -12 -22 -25 -16 2 18 20 13 15 16 10 2 5 17 21 27 30 22 3 -28 -49 -61 -68 -60 -71 -99 -123 -133 -110 -68 -13 43 76 85 69 48 52 71 102 142 153 130 79 41 10 -8 -4 5 21 21 5 -6 -32 -78 -114 -124 -99 -49 1 34 19 -34 -95 -139 -136 -89 -7 74 131 135 82 5 -59 -86 -61 -11 56 111 118 84 24 -37 -64 -63 -32 16 46 53 35 -7 -56 -91 -94 -65 -19 18 35 28 0 -30 -48 -54 -39 -9 22 46 46 29 7 -12 -19 -21 0 35 52 56 45 24 1 -19 -29 -28 -8 12 19 256 10487 305 1916
2 0 -3 -4 -7 -7 1 -3 -12 -12 -12 1 12 18 18 6 -6 -8 -17 -24 -24 -12 -2 3 10 20 31 22 8 1 -13 -23 -12 7 29 30 18 6 -11 -19 -12 -5 -6 -14 -24 -20 -14 -6 -4 0 -6 -18 -44 -81 -110 -112 -104 -81 -40 17 76 117 153 178 167 140 117 110 108 96 99 78 26 -44 -99 -141 -155 -142 -112 -74 -35 -16 -13 -23 -33 -77 -56 -82 -48 -14 41 43 44 36 29 0 21 50 88 88 87 68 31 -14 -34 -29 -17 -22 -19 -21 -12 -5 -11 -22 -31 -44 -44 -40 -30 -13 -6 -9 -18 -23 -16 -7 1 11 27 31 26 28 20 10 0 -6 -8 -10 -12 -7 -1 6 13 10 10 3 -4 -11 -11 -10 -4 0 6 11 13 7 -3 -14 -18 -9 -8 -9 -7 -10 -20 -32 -42 -42 -43 -38 -19 4 29 60 94 123 143 153 156 137 99 57 20 -40 -93 -123 -141 -136 -122 -112 -100 -102 -98 -95 -93 -72 -26 35 75 84 64 30 -17 -41 -34 -4 31 73 122 144 140 107 49 41 -29 -21 -21 -2 -3 15 -17 -52 -96 -86 -81 -46 -13 28 34 14 -12 -22 -30 -23 -18 -3 7 17 30 32 23 15 6 9 20 30 45 45 29 14 -4 -16 -21 -22 -11 2 9 261 16365 305 1916
7 11 12 3 -6 -11 -4 0 5 11 3 -1 2 2 6 -2 0 10 4 -2 -6 -9 -9 -6 2 7 -2 -14 -26 -24 -17 0 21 26 23 18 5 -5 -18 -15 3 16 29 37 41 47 70 51 52 38 45 13 26 0 -8 -50 -56 -86 -88 -118 -108 -128 -141 -173 -162 -125 -51 18 80 102 101 65 22 -4 6 47 96 141 160 135 79 14 -31 -56 -60 -25 26 65 83 57 -5 -79 -143 -150 -108 -45 16 47 36 -3 -52 -73 -58 -21 17 48 66 56 29 0 -21 -19 -4 31 62 70 68 46 15 -3 -17 -25 -14 15 36 29 8 -12 -32 -41 -48 -39 -11 21 34 19 -3 -23 -41 -39 -29 -10 5 5 4 -4 -9 -4 0 6 20 31 37 26 11 -4 -11 -2 16 44 58 56 47 12 -29 -50 -52 -37 -34 -46 -55 -83 -111 -132 -119 -87 -55 -21 5 31 59 82 103 108 105 103 113 141 154 127 77 2 -56 -68 -30 37 87 84 23 -77 -158 -185 -162 -87 1 47 38 -8 -61 -115 -142 -127 -79 -13 45 97 131 112 57 -7 -48 -50 -25 36 97 112 79 23 -25 -56 -63 -31 21 56 46 9 -32 -69 -81 -74 -50 -22 -4 5 0 -18 -31 -45 -46 -22 12 41 60 60 39 5 -24 266 14782 305 1916
-5 -9 -14 -5 17 20 17 17 7 -4 -20 -27 -25 -24 -15 -10 -13 -18 -23 -26 -38 -45 -39 -34 -10 21 59 90 105 113 115 113 117 107 89 55 2 -50 -83 -94 -102 -105 -94 -77 -80 -93 -104 -95 -84 -68 -42 -1 42 63 67 54 19 -20 -52 -50 -1 68 135 169 156 105 41 -19 -46 -50 -38 -12 20 32 23 -1 -32 -67 -88 -85 -43 15 57 65 32 -11 -56 -91 -86 -44 13 58 76 70 38 -3 -24 -23 -6 14 33 43 38 24 -1 -18 -23 -26 -20 -1 22 37 23 4 -9 -25 -33 -36 -35 -25 -12 1 4 -1 -10 -14 -8 -4 -4 -2 7 19 16 10 12 12 16 16 9 7 1 1 3 -1 1 5 -5 -12 -15 -21 -29 -22 -8 -1 5 3 1 1 -3 -4 -4 -10 -16 -21 -16 -1 2 10 23 27 27 16 12 4 1 -4 -15 -19 -19 -19 5 8 4 6 -23 -38 -41 -7 7 36 34 30 -7 -15 -27 -1 1 10 12 8 -8 5 16 28 21 7 -6 -16 -21 -22 -7 6 3 -10 -30 -36 -24 -18 11 31 20 4 -6 0 8 5 9 9 9 -3 -6 4 14 10 10 7 13 13 13 11 6 10 3 -13 -17 -14 -6 -2 1 1 -4 -5 -4 -3 -1 -2 2 273 4777 305 1916
1 10 6 10 13 13 8 8 10 5 3 9 -1 -5 -3 -10 -7 -10 -3 -5 -6 2 13 12 3 13 4 -10 -17 -14 -38 -17 -5 15 -1 19 16 27 4 9 -1 17 20 44 46 49 41 46 37 35 32 25 0 -43 -79 -88 -79 -76 -76 -72 -77 -106 -148 -175 -156 -100 -44 18 77 113 104 68 47 47 52 77 108 135 137 102 43 -25 -75 -93 -61 23 87 99 60 -13 -88 -142 -140 -94 -39 15 38 28 1 -36 -56 -50 -28 5 30 56 71 63 41 7 -15 -17 0 27 49 71 59 19 -11 -25 -27 -9 18 42 40 10 -17 -36 -45 -46 -34 -5 13 14 9 5 -1 -12 -21 -22 -22 -7 3 17 16 3 -8 -19 -21 0 21 41 42 33 21 8 1 9 28 42 43 37 21 -7 -37 -56 -58 -57 -63 -63 -71 -88 -101 -109 -95 -73 -42 8 51 71 80 84 78 74 86 126 165 173 139 97 23 -38 -57 -45 -17 11 17 7 -29 -78 -119 -135 -120 -80 -25 20 28 8 -40 -107 -145 -126 -39 51 106 126 97 46 -11 -52 -43 0 54 88 77 46 2 -28 -47 -56 -39 -7 19 34 30 16 -16 -49 -66 -68 -41 2 36 33 -1 -33 -58 -69 -45 -5 33 55 44 34 13 -19 -29 278 1852 305 1916
21 16 29 38 31 5 -13 -18 -7 4 7 0 -13 -36 -51 -62 -75 -83 -96 -106 -117 -120 -100 -65 -29 20 62 101 120 108 74 50 43 44 62 93 123 129 94 22 -58 -112 -110 -93 -39 44 85 49 -14 -77 -125 -159 -148 -89 -23 10 11 -3 -31 -50 -35 28 105 179 205 174 92 -5 -66 -92 -85 -38 23 88 108 79 19 -44 -69 -64 -26 29 56 27 -41 -107 -148 -146 -84 -11 50 75 53 10 -27 -38 -21 6 34 52 56 12 -8 -20 -22 -7 19 46 61 67 40 13 -13 -18 -14 7 17 26 23 20 1 -12 -26 -33 -34 -37 -53 -58 -54 -44 -45 -62 -80 -91 -87 -54 -7 47 87 117 126 118 104 90 92 98 89 68 42 18 -5 -27 -23 -1 14 6 -33 -76 -104 -138 -143 -104 -43 18 54 66 28 -44 -117 -143 -102 -19 77 158 168 125 42 -25 -60 -61 -31 18 56 72 58 27 -6 -46 -59 -51 -18 11 24 19 -6 -37 -59 -73 -56 -26 9 35 31 9 -17 -47 -62 -53 -17 23 47 54 38 8 -17 -29 -19 -1 25 42 46 42 15 -15 -38 -46 -30 -9 3 17 19 12 -1 -20 -23 -11 -2 13 16 12 -3 -14 -17 -18 -5 18 36 44 27 12 -8 -24 -15 -5 10 20 24 283 7322 305 1916
-4 -6 -9 -8 -3 9 7 -5 5 10 -6 -13 3 18 10 4 6 6 -3 -19 -10 -1 -4 2 7 -1 -9 -5 6 9 5 4 7 8 6 -5 -17 -27 -28 -20 2 25 41 40 18 -8 -14 -12 -18 -23 -27 -37 -51 -64 -70 -78 -89 -87 -75 -48 -1 65 136 175 180 171 147 121 99 71 91 44 51 9 -22 -87 -99 -120 -108 -101 -59 -42 -4 -13 -26 -77 -114 -122 -92 -48 1 43 68 60 41 13 5 30 62 83 85 72 60 28 -13 -37 -46 -43 -27 -4 19 28 23 0 -25 -42 -62 -62 -39 -9 5 4 -9 -20 -34 -34 -21 1 17 27 29 27 17 6 0 -3 -14 -22 -4 5 4 12 29 34 14 -4 -10 -8 -6 0 12 11 2 2 1 -3 -3 0 -1 -12 -24 -26 -21 -21 -29 -39 -47 -55 -51 -40 -28 1 38 78 103 116 126 123 121 127 112 83 44 -2 -50 -100 -136 -146 -132 -110 -96 -82 -69 -69 -72 -85 -73 -40 1 39 40 29 12 -10 -11 0 17 53 96 136 145 123 79 32 2 -22 -21 6 32 34 6 -40 -72 -85 -73 -47 -10 32 56 47 6 -45 -70 -82 -81 -52 -5 40 67 73 67 41 6 -21 -17 10 34 62 68 42 6 -24 -32 -20 -9 1 6 293 1427 305 1916
-27 -33 -29 -15 2 9 5 -3 -9 -7 -1 9 24 35 34 24 -3 -13 -13 -7 16 42 56 66 58 34 -10 -44 -54 -66 -78 -84 -84 -88 -105 -113 -97 -78 -56 -29 7 39 65 96 118 121 112 109 120 125 114 89 44 -5 -31 -29 4 39 51 37 -10 -77 -144 -175 -144 -78 -6 39 42 3 -66 -130 -161 -133 -55 27 88 122 120 88 23 -37 -58 -39 12 69 99 98 56 4 -43 -61 -59 -38 11 50 55 22 -33 -73 -89 -78 -47 -10 25 32 12 -20 -48 -55 -43 -16 16 35 40 31 6 -17 -28 -19 4 33 54 53 46 32 12 -7 -21 -22 -7 7 13 14 9 -1 -15 -24 -21 -10 2 4 -1 -11 -16 -23 -24 -12 8 25 38 39 27 12 1 -7 -7 0 16 32 34 22 1 -14 -23 -27 -29 -19 -1 15 28 28 17 0 -21 -33 -25 -17 -5 4 8 8 -3 -19 -18 2 31 39 27 11 -3 -9 -13 -4 16 35 38 18 -4 -15 -29 -39 -36 -32 -16 -3 17 22 12 3 1 -1 -7 -15 -11 -7 -12 -8 -4 -4 4 23 37 31 16 4 -5 -2 0 12 19 7 -9 -19 -16 -9 -7 -6 -9 -25 -30 -28 -15 -3 1 -5 -10 -13 -16 -15 2 18 24 21 11 7 1 293 2068 305 1916
-3 -2 -8 -5 -5 -1 -4 -13 -7 1 6 9 5 7 -7 -10 -7 2 0 7 9 1 -14 -9 -3 7 4 0 0 -8 -4 8 10 6 5 1 -3 -7 -3 5 7 0 -6 -7 -6 -3 4 2 0 -1 3 5 -6 -14 -7 12 48 62 52 33 -2 -62 -131 -174 -170 -120 -50 18 70 100 90 53 10 -17 -4 37 72 98 82 35 -6 -24 -5 36 82 108 87 38 -24 -59 -46 -10 30 70 62 21 -39 -81 -117 -82 -35 24 35 42 9 -6 -44 -42 -49 -39 -41 -14 -9 7 6 8 -4 -5 6 14 14 -3 -24 -37 -40 -25 4 20 13 -17 -40 -57 -52 -32 -8 17 31 18 0 -18 -22 -15 2 13 25 25 30 23 22 15 18 23 25 20 18 15 17 10 -2 -1 4 17 22 25 21 16 10 1 -21 -32 -38 -38 -51 -63 -61 -57 -64 -60 -41 -49 -55 -28 14 45 78 116 144 131 79 29 -10 -53 -65 -30 24 66 76 68 39 -16 -55 -45 -16 -2 12 1 -47 -94 -131 -121 -73 -11 30 30 -5 -49 -88 -89 -51 13 80 102 78 26 -21 -44 -43 -23 22 62 79 69 57 38 15 -7 -13 -4 0 -7 6 16 7 -3 -5 5 12 13 7 -7 -23 -11 23 57 62 55 31 299 6587 305 1916
12 25 38 35 17 -2 -4 -2 12 23 26 8 -17 -28 -25 -15 -4 -4 -4 -9 -21 -19 -4 15 20 12 -4 -9 -6 0 1 6 4 -2 -11 -22 -23 -23 -18 -19 -44 -66 -84 -90 -73 -40 15 66 97 124 137 142 141 129 114 97 80 67 45 18 -24 -83 -136 -178 -177 -140 -84 -22 24 28 -3 -52 -85 -110 -103 -68 -21 24 58 65 54 32 21 21 29 50 84 108 101 68 30 -13 -42 -55 -45 3 -8 19 24 -2 -42 -51 -53 -51 -41 -28 -15 -11 -15 -29 -34 -33 -16 7 26 49 74 75 66 37 14 -13 -47 -58 -50 -37 -26 -5 19 20 12 6 -9 -15 -4 18 36 41 33 18 -9 -14 -16 -19 -15 -14 -18 -21 -4 12 3 -4 -19 -54 -74 -78 -56 -21 21 42 60 74 84 98 112 116 119 113 67 21 -23 -62 -94 -111 -127 -134 -124 -100 -84 -79 -71 -57 -41 -21 9 37 63 64 35 -2 -38 -50 -27 29 106 166 180 172 130 68 9 -18 -15 -5 4 15 4 -17 -59 -94 -111 -108 -71 -23 13 30 18 -2 -29 -56 -64 -54 -25 10 38 60 60 45 31 12 2 5 16 29 30 16 -1 -14 -6 -4 1 8 22 30 25 18 22 27 17 -12 -37 -57 -67 -59 -47 -45 -31 303 13928 305 1916
-47 -4 25 21 -7 -56 -118 -148 -125 -61 7 49 55 25 -19 -51 -61 -37 6 48 71 65 33 -2 -15 -8 19 62 88 95 77 47 22 14 29 60 74 61 25 -21 -78 -120 -121 -102 -80 -66 -62 -91 -128 -134 -88 -27 29 73 92 86 56 42 47 57 83 119 157 176 146 77 -17 -91 -126 -103 -39 28 71 64 6 -69 -137 -161 -139 -97 -43 0 18 2 -29 -53 -50 -39 -1 34 66 77 76 61 32 5 -4 6 28 47 63 68 35 -6 -40 -46 -29 -2 26 43 26 2 -30 -55 -62 -55 -30 0 17 24 18 4 -13 -20 -18 -21 -11 -1 11 21 10 -7 -16 -22 -17 -6 16 39 30 17 1 -12 -16 -6 17 36 47 49 24 -8 -36 -56 -58 -51 -36 -29 -37 -79 -102 -119 -114 -106 -30 21 90 116 141 100 95 71 82 80 122 121 108 57 28 -10 -26 -35 -16 -13 -7 -23 -45 -74 -100 -105 -84 -45 7 40 31 -26 -95 -134 -125 -67 16 94 143 131 66 -3 -60 -74 -50 -5 49 75 69 46 -1 -39 -63 -49 -16 15 44 60 51 17 -30 -59 -63 -45 -11 14 30 17 -7 -34 -62 -71 -48 -6 37 52 45 21 -11 -32 -38 -23 12 43 64 62 41 23 9 -1 -13 -8 8 19 25 4 1365 305 1757
-2 11 -9 4 -4 9 0 2 -7 -7 -11 -6 -9 1 0 -4 -11 -9 4 10 6 3 0 3 -2 -8 -3 0 4 5 4 2 -3 -10 -7 -8 -19 -39 -44 -48 -55 -59 -67 -69 -53 -29 7 50 82 119 130 126 119 110 101 101 104 112 97 64 -2 -70 -135 -174 -177 -143 -96 -38 -2 4 -20 -57 -83 -100 -81 -40 14 67 101 93 59 12 -22 -35 -26 8 60 97 104 96 61 1 -41 -62 -66 -53 -25 13 34 22 -7 -42 -64 -61 -41 -20 -1 13 13 14 12 3 -7 -20 -5 -27 -28 -24 12 -4 23 12 14 -20 -14 -24 10 6 30 15 18 -4 3 -1 13 6 4 0 23 24 33 24 12 -12 -25 -30 -23 -28 -18 -14 -27 -45 -60 -68 -63 -48 -28 -1 27 50 71 95 108 111 113 118 118 105 82 48 9 -31 -74 -105 -113 -118 -120 -123 -122 -127 -120 -104 -70 -27 27 67 81 71 47 11 -16 -26 -11 28 84 114 117 97 57 23 -3 -12 0 21 40 51 34 -2 -50 -85 -103 -98 -67 -27 21 48 34 15 -9 -41 -54 -38 -10 3 18 43 48 27 -4 -21 -22 -28 -20 11 40 51 42 36 28 13 6 7 8 1 -5 -2 5 12 10 -4 -22 -36 -33 -18 -5 3 -1 8 13741 305 1757
-3 -1 -3 -3 -2 -5 -6 -2 1 7 9 9 0 -17 -22 -17 -5 11 28 37 24 4 -9 -22 -25 -23 -16 -5 -4 0 11 9 5 -13 -34 -48 -55 -49 -31 -21 -28 -50 -67 -65 -40 4 39 68 94 119 136 145 146 139 116 92 66 54 35 0 -44 -99 -157 -182 -171 -124 -72 -28 -1 -7 -37 -70 -83 -66 -31 16 50 71 76 51 25 -1 -17 -6 24 69 107 106 80 38 -4 -43 -62 -57 -39 -14 2 6 -6 -22 -34 -39 -49 -34 -11 7 21 18 10 -1 -23 -32 -36 -29 -10 7 16 5 6 14 -2 -8 7 19 9 1 13 18 5 -2 0 12 4 -12 -10 -1 7 13 16 23 26 15 0 -14 -27 -31 -30 -29 -30 -32 -30 -24 -32 -47 -43 -32 -18 13 38 73 106 118 114 103 103 111 106 87 55 9 -33 -76 -111 -139 -146 -131 -121 -116 -109 -95 -72 -59 -30 6 43 77 89 77 46 8 -11 -14 7 47 89 115 106 65 15 -25 -36 -18 22 55 67 60 20 -50 -107 -131 -121 -80 -26 28 63 70 49 11 -32 -64 -68 -38 9 47 65 61 29 -21 -47 -38 -15 3 20 31 33 34 33 25 16 2 -18 -21 -10 9 -16 33 4 -12 -20 -4 -29 -19 -3 14 -9 -18 -21 14 2638 305 1757
38 22 -7 -20 -6 15 28 32 43 51 36 13 6 -5 -8 -7 5 17 14 8 9 6 -3 -11 -15 -32 -58 -70 -56 -34 -19 -14 -10 -16 -32 -58 -64 -15 40 79 140 167 138 79 13 -25 -49 -49 -20 13 40 43 32 -8 -43 -55 -49 -16 34 43 6 -72 -146 -170 -148 -84 -7 52 61 17 -42 -67 -54 -8 40 67 65 33 -5 -38 -40 -16 22 60 70 61 38 16 5 8 14 30 31 18 -3 -24 -34 -33 -16 1 17 28 22 8 -1 3 12 14 24 31 25 9 -14 -20 -17 -12 4 23 30 35 21 -1 -18 -22 -13 -8 -2 -3 -8 -17 -30 -35 -32 -26 -13 -9 -4 1 -8 -12 -15 -19 -13 -7 6 16 15 14 18 27 29 23 19 10 1 -2 -1 2 7 24 33 19 2 -5 -8 -26 -47 -39 -24 -12 -2 3 14 4 -15 -22 -23 -23 -3 26 42 42 17 -1 -12 -5 -3 6 1 -12 -9 -5 9 -3 27 13 3 -26 -31 -38 -28 -10 -3 -3 -9 -10 -12 -16 -15 3 12 20 12 16 12 12 14 13 3 -1 -4 5 7 1 -2 -4 -7 -8 -6 3 10 14 10 -2 -13 -19 -17 -11 -1 10 20 16 2 -5 -4 1 7 11 9 11 10 3 -4 -6 -8 -3 1 19 5796 305 1757
9 -1 -10 -22 -26 -29 -24 21 46 23 5 -1 -2 -6 -7 2 4 -8 -15 -2 19 26 30 28 4 -23 -41 -35 -16 1 15 19 5 -10 -33 -39 -36 -33 -27 -39 -62 -69 -60 -41 -23 -1 30 67 104 122 121 117 114 106 88 82 84 84 70 27 -38 -96 -152 -177 -164 -121 -60 -7 24 20 -9 -40 -72 -89 -77 -38 21 66 92 90 50 6 -27 -29 -2 38 82 107 98 66 14 -39 -67 -72 -45 -11 18 33 23 2 -25 -42 -47 -36 -18 -1 10 13 -1 -21 -39 -48 -41 -29 -13 0 6 14 19 21 18 9 7 6 2 -1 0 7 14 17 14 1 -11 -12 2 -1 0 24 35 24 11 -1 -15 -30 -44 -44 -33 -29 -15 8 8 -16 -39 -57 -73 -55 -42 -1 65 89 104 102 110 103 109 94 81 49 39 5 -17 -51 -66 -92 -100 -116 -129 -141 -126 -114 -97 -75 -33 8 50 87 105 80 26 -29 -56 -44 2 62 121 142 125 90 45 1 -30 -44 -33 -2 27 49 51 16 -43 -94 -122 -105 -57 3 55 74 52 6 -48 -79 -79 -47 -3 34 46 37 18 1 -10 -14 -15 0 25 45 52 46 33 23 1 -13 -16 -13 0 7 14 21 13 5 0 -12 -24 -29 -27 -22 -15 -15 -18 24 11858 305 1757
-1 -2 -4 1 4 2 -1 -5 -8 -10 -7 5 8 3 1 -6 -9 -6 -4 3 7 6 4 3 2 0 3 11 21 16 6 3 -8 -26 -30 -31 -31 -28 -26 -20 -25 -46 -71 -72 -61 -42 -10 39 88 122 143 149 139 109 80 64 63 77 85 82 42 -40 -122 -178 -190 -156 -103 -45 -3 16 7 -15 -49 -71 -69 -46 -11 27 59 66 49 15 -17 -32 -14 30 70 94 98 74 35 -14 -53 -59 -39 -6 24 31 15 -4 -25 -48 -64 -51 -20 9 20 23 20 4 -15 -33 -50 -49 -38 -24 -8 4 16 20 7 -4 -7 0 10 11 9 19 29 24 17 12 3 -3 -10 -17 -7 4 12 25 32 30 14 -6 -20 -37 -47 -45 -37 -23 -18 -22 -35 -40 -40 -45 -41 -14 22 56 81 101 111 112 112 97 84 76 56 28 -4 -46 -76 -97 -110 -116 -107 -100 -102 -106 -111 -100 -74 -39 12 62 95 100 63 20 -15 -36 -31 -5 42 92 123 120 90 38 -2 -24 -22 -1 30 52 44 25 -22 -79 -103 -94 -60 -14 25 51 42 11 -32 -67 -70 -47 -16 22 53 70 57 -1 -46 -65 -50 -30 -5 41 77 90 68 41 16 -5 -19 -15 -8 15 40 46 28 -8 -26 -26 -24 -24 -30 -27 -16 -15 -12 29 8055 305 1757
6 -1 -11 2 4 7 4 0 -1 -7 -15 -15 -10 -1 -2 2 0 -3 -4 -1 7 9 7 4 0 -4 -6 -15 -4 6 10 7 6 9 6 -16 -27 -26 -21 -34 -54 -72 -87 -89 -80 -48 11 63 97 105 107 107 93 85 99 111 124 127 119 88 21 -57 -126 -173 -186 -161 -97 -33 -2 6 -10 -34 -61 -78 -70 -52 -21 24 61 82 68 43 20 -4 -22 -13 24 67 97 100 63 11 -35 -64 -69 -51 -20 10 16 3 -9 -18 -16 -25 -29 -21 -10 6 18 13 -1 -16 -24 -31 -33 -24 -4 14 27 25 17 2 -9 -16 -12 0 5 6 13 8 6 7 7 9 2 0 5 3 6 16 25 29 25 10 -15 -28 -32 -30 -23 -17 -5 -6 -30 -54 -67 -71 -58 -44 -12 32 66 87 96 108 115 107 104 106 100 71 22 -27 -67 -89 -104 -118 -116 -112 -113 -118 -119 -106 -81 -42 0 40 69 81 68 29 -10 -33 -28 1 43 88 126 132 104 57 2 -42 -49 -23 18 40 45 36 8 -36 -78 -106 -91 -51 -8 31 54 52 29 -9 -45 -57 -39 -12 9 11 3 1 1 -5 -12 -10 8 36 45 36 24 25 19 -2 -13 -5 6 20 29 36 33 15 -16 -36 -32 -16 -1 11 4 -15 -31 34 13041 305 1757
3 3 6 14 17 15 12 7 5 -6 -23 -28 -26 -20 -16 -20 -21 -26 -33 -55 -71 -78 -70 -44 -8 39 90 141 164 156 134 115 100 82 70 50 12 -33 -87 -132 -156 -158 -148 -132 -120 -108 -94 -51 -27 9 53 106 94 80 30 -8 -61 -56 -58 -7 44 126 166 182 133 73 -13 -57 -74 -38 16 69 71 30 -38 -91 -124 -118 -79 -26 20 50 56 40 -1 -46 -88 -99 -77 -32 18 54 62 50 18 -7 -19 -10 19 49 66 61 40 12 -6 -14 -15 -13 1 9 18 20 20 20 6 -16 -30 -45 -49 -40 -23 -6 1 4 1 -13 -24 -20 -12 -6 0 16 26 29 23 14 9 4 -1 3 8 16 15 17 21 10 -3 -13 -30 -40 -46 -52 -37 -11 19 23 21 5 -12 -8 2 9 12 27 42 22 8 8 -8 -29 -45 -48 -39 -34 -23 -2 12 24 41 44 20 -5 -5 -1 -5 -12 -7 12 9 6 6 5 -7 -25 -39 -29 -11 17 38 36 20 -1 -18 -27 -18 -3 -3 -3 6 12 15 12 14 12 2 -14 -23 -16 -6 1 11 10 -1 -11 -15 -11 -4 5 1 -1 1 1 9 24 28 14 -10 -23 -15 -9 -3 4 12 23 19 8 -1 -8 -1 6 12 9 -1 -8 -11 -12 -10 40 2126 305 1757
3 -5 -5 1 3 1 0 -4 0 -2 -8 -1 3 0 1 5 4 -2 -7 -5 0 6 1 -2 -7 0 3 -7 -9 -2 3 12 12 9 6 -1 -20 -34 -49 -52 -59 -65 -74 -81 -70 -46 -16 22 77 121 135 131 127 124 122 113 115 117 96 51 -5 -71 -144 -196 -197 -158 -103 -46 -3 20 16 -14 -58 -88 -79 -48 2 54 80 85 64 21 -25 -54 -48 -5 47 99 123 116 53 27 -43 -65 -66 -31 -26 -5 7 9 -9 -29 -44 -46 -32 4 19 4 -7 -12 -14 -32 -37 -27 -10 9 26 29 27 11 -6 -10 -7 7 20 23 8 -9 -9 5 11 3 -16 -24 -25 -17 -10 8 34 42 22 21 13 -3 -15 -14 -16 -20 -23 -21 -19 -15 -21 -39 -54 -60 -44 -26 3 43 80 109 113 100 100 102 101 87 63 37 -2 -46 -79 -96 -103 -108 -112 -111 -105 -98 -93 -88 -62 -10 43 75 93 100 67 13 -33 -61 -52 -14 35 81 101 103 87 44 -3 -26 -16 15 46 67 66 43 -11 -72 -114 -130 -106 -56 2 48 59 35 27 -44 -44 -40 -18 -3 33 41 34 13 -5 -26 -24 -5 17 23 31 48 40 15 -1 -8 -21 -18 -10 14 27 21 -1 -23 -35 -31 -15 7 17 3 -9 -10 0 44 14646 305 1757
19 25 18 7 -5 -6 0 9 17 25 17 2 -15 -17 -11 -2 -5 -17 -15 -5 1 4 -11 23 -15 -9 -13 -5 -16 17 19 17 -4 -8 -17 -16 -30 -36 -50 -63 -79 -86 -77 -50 -2 34 68 87 100 110 112 112 109 96 96 93 84 73 42 -10 -70 -126 -168 -177 -146 -89 -28 15 29 11 -26 -76 -93 -87 -43 12 64 91 79 43 1 -40 -46 -21 34 88 112 104 74 32 -18 -55 -67 -53 -19 12 22 23 -1 -25 -41 -54 -48 -25 6 28 31 23 4 -35 -53 -46 -37 -17 13 48 53 28 6 2 -5 -27 -32 -13 -6 1 11 18 23 6 -11 -23 -32 -27 -6 17 42 47 39 31 18 1 -14 -25 -41 -46 -26 -11 0 7 4 -14 -45 -68 -73 -55 -9 36 65 81 92 103 101 87 85 80 65 38 2 -25 -39 -58 -85 -102 -108 -115 -114 -103 -92 -84 -71 -43 -8 27 66 85 81 57 10 -26 -40 -33 2 60 103 121 112 72 13 -31 -44 -23 16 41 54 48 13 -28 -74 -110 -107 -61 -11 24 46 50 28 -10 -43 -62 -53 -28 11 39 48 41 13 -13 -27 -32 -18 13 41 54 48 40 23 3 -10 -15 -4 7 18 23 18 4 -7 -14 -17 -18 -11 -9 -7 -10 -10 -5 -6 49 10661 305 1757
-20 -29 -21 -1 4 4 0 -7 -4 -50 -3 -7 11 12 45 15 10 -11 13 -7 20 28 75 74 68 18 -5 -44 -65 -82 -71 -58 -50 -50 -52 -66 -82 -103 -107 -91 -57 -4 56 110 135 126 109 102 106 114 116 89 49 16 -11 -19 4 31 46 33 -16 -84 -142 -169 -144 -87 -25 21 48 41 -2 -72 -126 -138 -103 -42 34 104 143 132 77 9 -35 -44 -17 29 72 92 69 19 -32 -69 -75 -46 2 43 55 42 12 -27 -59 -63 -41 -17 9 22 15 -8 -37 -58 -62 -47 -9 26 35 44 45 23 -9 -32 -33 -16 2 18 36 38 18 -2 -12 -13 -4 4 21 27 13 -3 -28 -2 -39 -11 -1 25 -14 4 -13 -21 -46 -6 -6 18 13 34 18 16 -17 -18 -24 -12 4 27 41 50 31 16 -12 -33 -27 -11 5 19 31 40 32 10 -10 -28 -33 -39 -34 -16 3 19 21 17 5 3 11 8 2 6 8 12 11 1 1 3 -3 0 0 -7 -24 -40 -50 -46 -26 7 46 64 59 47 17 -13 -15 -5 11 21 25 16 -14 -45 -51 -47 -36 -25 -13 -7 -9 -10 -9 -12 -18 -17 -3 10 7 -14 -42 -49 -44 -27 5 36 68 62 36 21 18 25 44 49 43 32 10 -6 -17 -24 -23 54 7334 305 1757
19 17 10 2 -2 -13 -13 -2 12 11 3 -5 -7 -14 -6 2 2 4 -1 4 3 -3 5 16 15 6 0 10 16 22 34 39 41 46 47 45 32 20 2 -20 -41 -58 -60 -72 -83 -85 -101 -130 -149 -152 -119 -67 -13 47 85 85 59 26 16 31 65 103 145 171 154 96 12 -61 -94 -87 -43 13 51 61 27 -26 -72 -103 -100 -64 -20 14 26 24 -5 -45 -64 -50 -22 11 57 94 77 33 -8 -34 -45 -36 12 70 91 72 26 -12 -25 -26 -19 -1 15 23 30 1 27 -11 -19 -38 -38 -65 -41 4 45 41 25 -11 -23 -32 -24 -11 -7 -2 0 -7 -15 -2 18 36 27 17 9 5 0 4 13 16 31 43 40 23 2 -8 -20 -42 -57 -58 -63 -71 -64 -67 -81 -96 -96 -78 -44 -6 35 69 88 97 96 102 109 121 130 117 84 52 10 -21 -35 -34 -3 23 17 -20 -67 -109 -136 -132 -88 -20 45 67 45 -12 -84 -134 -142 -100 -21 55 108 125 96 46 -17 -53 -44 -8 39 79 92 65 13 -37 -65 -57 -22 17 44 45 35 5 -35 -72 -83 -58 -7 29 35 16 -10 -34 -62 -79 -55 -6 38 59 45 54 2 14 -7 -21 -34 6 21 35 35 51 31 14 -2 -8 -8 -5 -3 59 3538 305 1757
-2 4 -11 8 4 22 10 6 -19 -18 -32 -9 -11 12 20 35 24 7 -9 0 -5 -16 -16 -3 -6 -14 -2 17 9 -12 -29 -21 -16 -11 12 32 40 26 1 -4 -9 -1 -3 -12 -25 -27 -13 7 28 46 39 10 -27 -54 -54 -25 39 80 74 29 -41 -112 -162 -173 -137 -78 -23 24 63 76 70 57 39 30 38 57 79 79 53 13 -35 -46 -14 36 90 128 126 87 31 -11 -20 -6 22 41 32 -11 -57 -78 -78 -54 -6 31 37 11 -16 -35 -54 -57 -45 -27 -16 -33 -54 -62 -67 -46 -10 22 45 43 21 -3 -25 -30 -24 -9 6 3 -12 -39 -56 -56 -38 -9 11 23 22 6 -10 -27 -34 -17 0 11 25 29 27 23 23 28 31 42 59 65 51 24 10 0 3 3 8 23 26 18 5 -11 -13 -4 -6 -24 -43 -56 -59 -56 -53 -38 -21 -11 -26 -44 -60 -55 -14 53 120 169 179 142 65 -13 -66 -87 -74 -49 -19 4 7 14 0 -19 -18 3 29 36 15 -25 -79 -133 -155 -131 -74 -10 44 62 41 -4 -48 -41 -3 42 86 98 53 -12 -74 -86 -45 13 53 73 73 56 35 20 18 31 40 37 25 3 -18 -36 -33 -20 -5 15 35 43 40 25 8 -3 -5 -1 4 8 4 64 5431 305 1757
-25 -22 -18 5 22 21 22 12 6 2 -11 -9 -3 11 21 18 9 -8 -16 -19 -15 -3 2 0 -8 -15 -3 13 30 40 37 30 29 25 32 39 37 26 0 -25 -46 -55 -57 -58 -60 -76 -93 -119 -149 -141 -106 -58 -12 37 59 70 49 15 -2 38 56 100 141 190 147 95 1 -53 -109 -99 -63 23 65 83 53 7 -62 -99 -121 -109 -64 4 35 17 -7 -18 -41 -55 -26 19 51 62 61 49 18 -7 -3 8 16 22 39 37 17 -4 -20 -18 -16 -14 15 37 35 30 19 2 -30 -56 -56 -45 -30 -3 29 50 45 26 7 -6 -10 -18 -22 -18 -7 3 0 -7 0 4 -2 -15 -20 -13 -2 19 39 49 52 52 35 19 6 -13 -42 -56 -55 -44 -30 -26 -33 -49 -81 -114 -126 -106 -52 3 41 66 75 71 68 74 94 118 134 133 99 54 27 12 -3 -5 8 8 11 -29 -77 -104 -123 -146 -91 -26 47 55 65 7 -60 -141 -147 -123 -38 29 112 129 112 51 -3 -49 -51 -27 24 60 81 68 32 -11 -50 -57 -31 -1 31 47 34 12 -19 -47 -61 -53 -30 -4 4 6 -2 -24 -45 -46 -34 -10 21 38 45 35 19 2 -10 -19 -20 -7 19 34 28 17 10 2 -4 -9 -18 -17 -5 70 6056 305 1757
-5 -4 -1 -3 -5 -3 -6 -3 2 2 5 0 -7 -8 -12 -8 -2 -4 -4 -1 12 23 14 -1 -8 -4 -9 -25 -26 -14 -6 -2 -3 3 10 14 14 3 -6 -8 -2 12 17 16 17 8 6 -1 -4 -1 -7 -16 -29 -36 -23 3 40 62 63 44 2 -74 -155 -185 -168 -119 -46 33 90 102 78 44 15 -7 10 60 107 131 105 46 -19 -69 -61 8 81 128 127 85 22 -24 -31 -1 36 48 30 -15 -66 -92 -86 -60 -16 28 41 26 -7 -35 -50 -55 -41 -25 -14 -18 -37 -53 -60 -52 -33 -3 23 28 21 3 -21 -31 -25 -12 -2 1 -2 -20 -47 -59 -50 -29 -4 19 39 25 23 -4 -21 -40 2 14 36 27 53 29 33 7 27 33 57 39 45 31 37 14 16 9 13 3 4 1 -7 -16 -13 -14 -12 -15 -20 -26 -41 -50 -46 -40 -35 -35 -45 -58 -68 -58 -17 49 112 168 191 164 84 5 -56 -91 -95 -62 -8 37 47 42 2 -51 -83 -72 -30 21 63 63 6 -76 -138 -152 -115 -55 8 33 15 -21 -36 -24 7 47 71 61 26 -21 -55 -57 -32 17 57 66 61 43 19 5 2 24 40 45 32 14 2 -8 -16 -14 2 22 30 31 20 0 -4 0 4 14 22 29 15 75 9079 305 1757
9 5 4 -1 -6 -6 -3 6 11 10 -2 -6 2 -7 -13 5 10 0 -4 4 5 -9 -12 -8 -1 -1 -1 12 19 7 -3 -3 -5 -5 -4 3 6 3 -1 -6 -9 -8 -4 6 5 -3 -15 -23 -27 -38 -41 -42 -58 -68 -76 -86 -80 -55 -9 46 96 142 168 181 177 153 127 111 103 76 39 6 -48 -105 -140 -146 -124 -93 -57 -27 -23 -26 -34 -38 -44 -57 -64 -48 -14 23 33 21 -1 -17 -12 13 57 94 110 105 67 10 -36 -56 -47 -29 -16 -4 -2 0 -1 -2 -2 -8 -15 -20 -25 -18 1 10 -4 -28 -45 -53 -39 -20 -2 18 24 27 31 18 6 10 9 1 -5 -4 -2 -4 1 17 29 22 8 0 -8 -9 -8 1 14 16 13 11 -1 -10 -21 -28 -23 -11 -2 -8 -18 -25 -36 -50 -61 -55 -31 -7 23 55 83 100 108 130 144 139 130 111 75 30 -25 -78 -109 -124 -127 -133 -134 -130 -123 -114 -94 -65 -38 -9 25 46 52 33 2 -27 -49 -40 0 52 99 123 123 108 86 60 30 13 16 25 27 13 -11 -39 -62 -74 -77 -55 -12 26 49 38 9 -19 -50 -70 -58 -36 -8 8 18 25 26 18 9 1 -11 -14 8 39 64 66 52 33 4 -28 -42 -35 -17 0 15 88 16025 305 1757
4 0 -4 -3 1 2 -1 5 14 9 6 4 -1 3 4 1 -4 -12 -18 -11 -1 7 13 18 12 -8 -25 -33 -32 -17 5 17 14 20 24 17 6 -9 -8 2 16 30 35 37 39 41 39 35 34 37 30 6 -24 -44 -56 -57 -53 -61 -66 -71 -91 -124 -159 -171 -140 -84 -16 49 88 96 79 59 46 39 50 86 131 153 149 113 41 -40 -94 -89 -36 26 70 81 51 -7 -71 -118 -119 -92 -48 -9 15 27 17 -20 -51 -63 -52 -23 17 51 64 55 31 3 -18 -17 0 30 60 78 66 42 12 -10 -17 -9 10 33 42 37 18 -13 -38 -49 -39 -25 -11 5 12 11 -4 -24 -36 -38 -29 -19 -11 4 1 -13 -20 -24 -14 9 28 30 21 13 8 2 3 15 48 69 69 50 21 -11 -42 -60 -61 -55 -55 -56 -67 -84 -101 -115 -108 -81 -39 2 42 71 78 76 76 84 106 143 175 168 121 70 17 -29 -51 -39 -2 19 16 -2 -38 -93 -142 -157 -129 -73 -7 45 50 3 -73 -139 -161 -128 -52 31 99 125 97 50 -1 -31 -33 -12 27 67 85 78 54 21 -21 -52 -51 -19 22 48 54 38 -5 -54 -81 -80 -45 -7 18 28 9 -30 -61 -66 -52 -32 2 30 35 29 8 -17 -27 89 142 305 1757
-15 -14 -9 -6 -5 12 18 14 2 -4 -5 -12 -12 -2 7 4 -4 -1 7 1 -6 -9 1 -1 5 21 31 28 27 28 34 35 46 59 63 55 28 -1 -32 -70 -97 -97 -68 -39 -39 -61 -94 -132 -160 -162 -119 -52 12 61 85 83 61 26 5 6 33 86 149 186 169 101 8 -69 -96 -73 -16 29 54 59 36 -5 -47 -84 -96 -82 -55 -28 -5 2 -4 -29 -60 -76 -60 -10 38 70 81 62 28 -11 -31 -21 21 70 91 86 56 13 -16 -9 -31 8 34 45 28 20 0 -44 -58 -46 -29 -18 0 14 23 5 -13 -35 -34 -31 -11 1 7 -1 -7 -25 -27 -19 7 34 39 34 19 5 6 5 18 40 50 57 55 37 0 -31 -47 -48 -48 -51 -60 -62 -80 -103 -114 -99 -76 -52 -20 30 68 84 80 65 62 72 93 127 153 146 101 57 22 -3 -12 0 19 20 -4 -39 -85 -122 -142 -147 -109 -36 29 60 38 -27 -98 -149 -154 -113 -45 40 101 119 90 39 -8 -28 -12 22 64 107 115 90 37 -22 -61 -65 -35 12 53 72 45 -10 -69 -110 -113 -75 -19 23 32 18 -18 -64 -95 -95 -57 -11 32 66 71 48 18 5 2 -9 -12 12 40 57 53 41 21 -2 -18 -19 1 22 15 92 3279 305 1757
-8 -11 -8 -5 -3 1 4 11 15 12 1 -7 -5 3 4 3 3 6 7 -3 -4 0 4 4 -1 2 10 17 20 31 41 44 45 39 39 53 51 16 -7 -23 -62 -90 -85 -75 -89 -102 -104 -117 -138 -158 -136 -65 1 65 106 109 77 31 10 13 37 93 146 171 144 83 20 -34 -69 -69 -35 31 82 93 62 -6 -79 -138 -154 -116 -51 11 35 17 -22 -68 -89 -70 -19 41 78 95 83 24 -27 -49 -38 -9 31 72 95 91 71 36 11 -2 -13 -4 17 36 35 16 -16 -52 -65 -59 -41 -21 -18 -17 -13 -14 -15 -19 -21 -19 -19 -15 1 17 25 14 0 -11 -6 9 24 41 51 45 32 9 -1 2 11 32 44 43 21 -15 -46 -65 -75 -74 -68 -58 -60 -84 -106 -116 -102 -69 -28 11 41 78 82 61 79 100 102 116 143 156 124 65 16 -13 -26 -20 21 50 31 -9 -62 -111 -147 -153 -107 -43 2 23 7 -34 -95 -146 -144 -97 -18 61 117 138 108 39 -26 -63 -51 2 66 111 114 81 20 -39 -63 -53 -9 48 80 79 40 -4 -56 -101 -112 -91 -50 -6 19 20 -2 -38 -70 -92 -80 -36 20 65 78 62 32 -2 -19 -14 6 26 42 60 66 60 46 21 5 -4 -13 3 -27 97 9020 305 1757
-12 -5 -3 1 -3 -6 -7 -12 -8 0 10 12 1 -3 5 9 9 6 4 0 -3 -8 -18 0 16 4 12 18 31 19 29 34 46 35 42 29 37 23 23 -4 -32 -79 -93 -106 -99 -96 -87 -101 -119 -127 -117 -87 -40 11 61 78 66 36 13 17 37 77 132 172 164 115 37 -37 -73 -72 -33 26 82 101 75 14 -50 -110 -147 -146 -102 -54 -2 36 41 11 -26 -46 -49 -40 -3 41 60 56 43 25 9 3 18 52 81 78 51 27 7 -2 1 8 13 7 -2 -16 -27 -35 -48 -56 -57 -47 -24 7 34 38 14 -13 -31 -37 -32 -17 7 23 24 12 -1 -2 5 13 33 41 29 19 11 6 7 15 33 40 48 38 13 -11 -30 -43 -61 -69 -67 -67 -70 -87 -103 -103 -98 -82 -50 -3 41 75 93 95 81 82 91 113 139 154 135 92 42 -4 -33 -32 -4 26 29 1 -42 -88 -131 -147 -126 -73 -15 7 7 -21 -71 -115 -140 -118 -47 35 98 134 134 86 11 -39 -52 -33 0 48 100 105 76 34 -9 -39 -49 -28 1 13 25 10 -31 -69 -90 -80 -49 -23 -8 -6 -12 -34 -47 -29 -10 4 16 23 36 35 31 21 -4 -13 -2 23 63 90 89 64 24 -21 -59 -58 -27 3 9 104 612 305 1757
-3 5 11 21 29 24 20 13 11 19 25 37 47 48 36 16 -6 -30 -53 -63 -66 -63 -61 -56 -49 -64 -85 -91 -83 -54 -18 27 70 85 89 93 98 106 116 123 110 80 54 34 11 -9 -4 7 10 7 -9 -44 -92 -134 -137 -97 -38 15 42 23 -29 -102 -163 -173 -117 -16 74 119 115 76 21 -31 -56 -41 7 57 82 90 80 50 11 -24 -43 -34 -5 36 57 38 4 -35 -69 -80 -66 -29 5 23 15 -13 -34 -52 -55 -39 -7 24 37 39 30 7 -8 -13 -8 11 30 42 43 36 27 12 -5 -14 -13 -6 4 7 2 -2 -10 -20 -13 -38 5 -6 5 -15 -2 -32 -27 -30 -3 -4 18 7 13 -5 -5 -17 -3 5 22 31 44 44 34 13 -6 -15 -9 4 12 21 22 9 -5 -25 -38 -40 -34 -17 -9 -9 -3 -1 -5 -20 -32 -13 5 11 6 3 9 11 11 10 17 38 51 51 31 1 -10 -13 -9 -2 11 29 27 17 3 -19 -34 -39 -37 -37 -34 -14 0 4 -1 -7 -2 3 -7 -10 -5 2 5 4 16 20 16 15 16 18 10 1 -13 -21 -13 -1 10 12 5 2 -1 -4 -3 -7 -11 -15 -22 -17 -5 8 14 8 -6 -25 -25 -14 -7 6 22 22 6 -9 -20 113 3541 305 1757
-6 8 12 11 11 4 -4 -3 1 8 10 14 14 8 -1 -8 -12 -12 -13 -13 -7 1 4 -3 3 3 0 7 14 14 10 -3 -3 -1 -2 -4 -3 2 -4 -9 -10 -13 -8 -2 -4 -11 -16 -9 -10 -23 -38 -51 -57 -91 -100 -88 -89 -59 -14 40 79 138 164 177 151 141 116 112 97 104 85 53 -10 -65 -123 -148 -158 -133 -94 -58 -29 -3 3 -11 -39 -62 -67 -71 -67 -32 16 44 47 44 31 25 36 58 89 94 73 42 12 -12 -33 -39 -35 -30 -19 -4 16 33 28 -5 -35 -55 -58 -43 -17 3 5 -13 -38 -49 -43 -26 -1 22 35 30 13 8 9 9 10 5 -3 -3 3 18 30 34 26 11 -2 -16 -21 -14 -8 2 6 3 -9 -10 7 12 -3 -8 -15 -19 -23 -29 -26 -22 -28 -38 -50 -52 -42 -20 9 37 67 94 115 128 131 134 129 116 90 48 -1 -56 -94 -119 -139 -146 -134 -119 -103 -97 -92 -81 -61 -33 -6 24 44 44 33 2 -29 -32 -20 14 54 103 134 137 121 100 62 26 -7 -17 -14 -2 4 -3 -23 -58 -76 -67 -44 -15 6 16 17 -14 -41 -57 -53 -42 -24 -6 11 29 49 42 18 3 -3 7 28 54 64 54 31 1 -29 -37 -28 -8 20 25 11 114 12631 305 1757
-24 0 5 19 24 37 31 34 29 23 28 29 31 32 30 21 4 -21 -37 -49 -53 -47 -48 -62 -83 -106 -124 -125 -91 -50 -8 33 66 87 84 75 78 86 93 98 109 122 101 64 25 2 -7 4 12 4 -13 -33 -68 -111 -130 -105 -50 -1 38 42 -5 -81 -152 -181 -137 -51 48 114 132 106 53 -4 -50 -64 -41 8 64 100 106 80 26 -36 -67 -59 -16 29 66 71 36 -19 -70 -99 -88 -52 -13 21 26 4 -25 -47 -64 -57 -26 13 36 44 35 13 -19 -34 -26 -9 20 49 61 63 47 21 7 -5 0 7 16 30 32 14 -6 -29 -31 -29 -19 -4 10 14 -1 -19 -33 -36 -28 -11 9 23 14 6 -9 -20 -21 -12 6 25 36 38 28 11 0 -13 -17 -7 16 35 41 38 26 13 -9 -30 -35 -37 -26 -9 7 22 24 15 1 -19 -25 -15 -6 -6 -4 -7 -15 -16 0 14 17 10 -6 -22 -39 -26 1 25 38 39 30 13 -2 -11 -17 -25 -22 -8 14 30 36 25 4 -16 -39 -49 -34 -3 21 30 13 -9 -36 -46 -38 -23 6 19 15 6 -14 -22 -5 12 19 10 9 11 10 0 -4 0 -5 -5 3 5 5 6 2 4 -3 -13 -15 -9 0 3 2 6 1 -11 -27 116 15890 305 1757
11 7 1 -8 -8 -2 0 4 3 5 8 -5 -20 -16 -17 -12 -20 -25 -27 -37 -44 -55 -62 -56 -41 -9 29 59 88 118 138 128 121 124 119 107 78 32 -19 -66 -94 -108 -114 -111 -119 -128 -128 -120 -106 -82 -47 0 28 30 21 8 -17 -43 -49 -27 6 50 97 179 165 159 95 39 -41 -26 -9 43 52 71 28 0 -45 -49 -65 -55 -50 -22 -4 28 38 16 -33 -80 -118 -119 -88 -29 30 59 55 31 7 3 12 37 64 71 57 26 0 -11 -6 10 14 14 5 2 5 8 3 3 -16 -24 -36 -44 -41 -36 -21 -7 -5 -7 -11 -14 -9 -5 1 3 4 5 11 16 14 8 3 0 6 7 17 30 33 28 22 12 -5 -19 -25 -30 -29 -17 -8 3 12 7 -2 -10 -21 -29 -27 -15 -7 -2 1 -1 -4 -1 2 1 3 5 14 21 22 21 20 9 1 -7 -13 -11 -3 6 12 9 4 0 -11 -18 -30 -30 -27 -28 -28 -20 -8 0 -2 -9 -4 9 18 12 8 6 14 22 25 28 32 25 18 -1 -15 -14 -8 1 7 4 3 5 5 10 5 9 6 -11 -29 -39 -33 -20 -3 -2 -4 7 10 -5 -18 -27 -18 -12 1 15 24 32 31 30 27 9 -9 -14 -12 -5 7 122 14684 305 1757
-20 20 40 35 30 8 -29 -48 -37 1 27 22 13 0 -8 -4 4 9 12 17 12 -4 -19 -21 -8 1 -1 2 6 6 9 13 20 26 21 17 6 -6 -15 -23 -15 -7 -11 -18 -29 -34 -43 -62 -76 -76 -48 -13 9 27 26 -7 -57 -98 -99 -70 -10 66 130 184 214 205 171 126 101 90 89 86 60 -15 -116 -198 -223 -185 -98 -8 55 72 25 -56 -117 -130 -89 -31 12 39 39 20 -15 -45 -45 -2 57 92 95 87 69 45 12 -24 -39 -37 -37 -47 -54 -44 -24 5 35 42 32 11 -14 -38 -49 -44 -28 -14 -9 -23 -39 -44 -35 -15 11 39 52 39 10 -27 -42 -28 3 30 41 44 43 25 -5 -19 -5 11 9 5 4 6 3 2 18 19 0 -19 -30 -21 -8 6 16 2 -27 -50 -64 -64 -63 -54 -44 -35 -11 31 80 116 130 133 128 131 139 133 109 69 18 -41 -102 -130 -132 -127 -124 -127 -121 -112 -112 -102 -77 -46 -19 4 25 29 19 3 -7 -7 6 32 70 115 145 142 111 76 38 2 -21 -27 -6 16 21 10 -15 -42 -55 -61 -49 -18 20 38 31 10 -24 -50 -62 -59 -31 3 31 45 46 45 32 16 14 13 15 13 8 4 -4 -12 -17 -11 0 8 12 15 19 127 11613 305 1757
6 4 7 5 1 -2 7 12 9 3 0 0 -5 -3 5 2 6 3 0 0 -2 -1 -4 -9 -1 2 1 0 -1 6 6 3 5 10 7 -6 -8 -5 -7 0 4 3 1 -3 -3 -14 -27 -30 -34 -42 -56 -74 -83 -86 -81 -64 -29 18 61 101 127 147 167 177 167 141 114 95 67 25 -30 -68 -115 -141 -147 -110 -91 -31 -4 11 -31 -44 -81 -69 -74 -42 -28 16 19 34 28 28 9 11 7 27 45 73 96 89 56 23 -17 -46 -69 -65 -38 -13 4 13 12 -2 -15 -13 -10 -16 -30 -46 -36 -26 -7 9 10 -6 -16 -13 7 15 20 16 -5 -17 -12 -2 5 6 2 -9 -15 -11 2 13 11 13 5 -8 -12 -8 10 24 21 15 6 -9 -21 -24 -13 -4 -5 -8 -18 -29 -37 -43 -44 -42 -32 -22 -10 18 47 78 102 116 131 135 131 125 104 69 20 -41 -88 -118 -134 -137 -134 -125 -113 -105 -93 -80 -57 -30 -2 23 33 32 20 -3 -19 -27 -15 24 67 114 137 133 116 82 44 16 -2 4 15 19 13 -1 -24 -49 -69 -81 -74 -48 -17 14 35 36 27 -3 -45 -68 -57 -30 -6 7 22 27 24 27 31 36 28 17 5 5 14 30 42 36 15 -4 -20 -20 -13 -12 -9 133 1108 305 1757
12 12 9 9 12 10 3 -3 -3 1 10 10 5 9 9 -7 -15 -19 -19 -19 -23 -20 -12 -1 13 24 22 11 4 2 -3 -6 -4 4 5 4 8 6 -5 -14 -18 -21 -21 -16 2 19 21 17 10 2 -6 -9 -7 -7 -10 -7 14 52 62 51 26 -26 -108 -175 -185 -140 -76 -4 47 70 63 33 8 -8 -2 29 60 84 90 73 46 16 11 24 62 97 102 71 13 -37 -53 -46 -12 22 25 13 -18 -57 -87 -99 -64 -50 24 16 12 -17 -27 -70 -59 -44 -9 -9 1 -11 -5 -9 0 17 41 41 33 19 -2 -14 -18 -4 12 22 18 2 -24 -40 -44 -36 -21 1 14 9 -6 -12 -15 -22 -19 2 15 20 26 26 23 28 24 32 33 35 31 20 4 -2 1 11 11 9 11 7 -6 -23 -24 -20 -22 -29 -40 -38 -32 -30 -23 -28 -33 -31 -35 -46 -51 -37 0 36 82 115 155 164 117 47 -10 -47 -63 -49 -1 42 62 59 25 -17 -55 -72 -64 -47 -26 -20 -38 -59 -85 -90 -65 -16 28 25 -1 -40 -73 -80 -52 6 60 82 90 71 26 -21 -47 -25 17 97 89 109 69 22 -36 -11 -1 15 0 -5 -28 -37 -39 -7 10 28 17 3 -11 -26 -24 -16 -3 13 22 15 6 152 5486 305 1757
-1 -4 -2 0 -2 0 1 1 4 4 7 4 -2 3 7 4 -5 -17 -21 -23 -19 -9 6 27 36 32 13 -7 -10 -13 -9 -6 -6 -2 -7 -8 -9 -21 -31 -47 -69 -84 -84 -61 -31 -10 15 44 75 98 109 114 111 107 98 89 93 94 82 45 -18 -83 -139 -170 -161 -119 -57 -11 5 4 -13 -45 -74 -84 -75 -54 -11 38 72 87 74 47 13 -9 1 33 68 90 85 64 24 -27 -68 -78 -58 -35 -5 21 28 14 -8 -32 -40 -38 -25 -9 3 15 12 -4 -21 -32 -24 -15 -8 10 25 29 19 5 -2 -8 -18 -21 -18 -7 3 8 16 21 24 22 17 12 4 5 1 1 7 13 19 16 3 -9 -25 -28 -27 -23 -17 -18 -17 -20 -29 -42 -52 -47 -35 -19 10 45 77 90 89 95 102 99 85 58 41 22 -11 -41 -64 -79 -95 -106 -111 -114 -110 -96 -77 -59 -37 -13 17 47 68 62 33 3 -26 -34 -16 26 78 112 129 119 84 37 -10 -43 -55 -41 -15 15 40 37 -1 -42 -73 -81 -72 -43 6 42 48 27 -8 -36 -47 -44 -20 12 39 47 34 22 11 3 -2 -8 -1 10 20 23 10 -4 -21 -30 -27 -18 9 31 38 31 17 7 -3 -17 -22 -26 -25 -23 -17 -6 -1 159 15491 305 1757
16 15 11 2 -14 -13 -2 6 10 11 15 11 -7 -14 -13 -7 -2 -8 -11 -19 -21 -14 -2 12 22 25 25 12 -11 -34 -33 -27 -19 -1 7 -4 -14 -25 -28 -39 -77 -66 -96 -46 -10 43 55 103 102 105 85 109 101 105 84 90 82 75 34 -4 -69 -122 -163 -171 -138 -85 -34 -5 -7 -18 -42 -65 -69 -50 -16 23 44 52 42 31 14 1 5 19 44 66 75 75 57 22 -10 -39 -42 -39 -29 -13 0 4 0 -9 -21 -28 -27 -16 -1 15 23 19 1 -17 -23 -28 -34 -28 -17 3 5 11 16 13 5 -5 -9 -6 0 14 26 22 15 8 9 2 2 4 4 3 12 22 29 27 21 11 -6 -17 -27 -35 -36 -41 -40 -36 -33 -23 -15 -9 -14 -22 -19 -1 19 46 76 95 102 108 115 115 90 45 -2 -40 -69 -81 -74 -71 -84 -105 -117 -118 -116 -107 -87 -58 -16 34 79 101 93 58 9 -36 -58 -35 11 60 96 110 96 62 19 -11 -22 -10 19 33 34 20 -1 -35 -65 -81 -78 -53 -17 15 37 36 17 -4 -28 -37 -29 -17 2 17 23 21 6 -10 -18 -20 -8 8 29 39 37 30 24 12 -2 -15 -8 -7 -5 1 7 13 11 4 -4 -16 -20 -13 -4 0 -2 -4 -12 160 7731 305 1757
1 -3 -15 -17 -17 -6 -6 -4 -17 -18 -15 -10 -3 6 17 25 18 15 4 5 17 36 56 58 52 38 4 -26 -42 -44 -42 -54 -48 -50 -53 -63 -88 -99 -86 -71 -47 -16 32 68 83 87 92 110 133 152 158 142 110 67 24 0 -3 15 25 -1 -42 -91 -145 -187 -191 -158 -99 -25 39 62 32 -30 -90 -123 -129 -94 -23 46 89 97 79 52 26 15 39 69 96 101 88 62 23 -5 -15 -23 -26 -15 10 23 13 -13 -48 -76 -84 -62 -30 -7 11 4 -30 -67 -64 -60 -30 -3 30 27 46 33 20 -23 -18 -24 6 6 33 41 57 35 21 4 3 -3 8 10 17 15 -2 -27 -47 -54 -38 -18 -6 -3 -11 -22 -34 -31 -20 4 25 42 40 20 -1 -18 -29 -15 15 43 60 67 52 38 15 -1 -17 -14 -3 7 7 1 -19 -41 -60 -69 -70 -54 -30 -7 13 21 22 26 25 24 20 12 6 5 1 -5 -13 -14 0 17 31 42 62 78 57 30 11 -2 -28 -50 -43 -28 -18 -12 -7 -2 -16 -28 -29 -27 -18 3 26 31 8 -14 -24 -30 -24 -7 9 5 -8 -4 2 13 30 42 45 20 -3 -15 -29 -27 -14 1 16 12 11 8 -6 -19 -25 -22 -18 -12 0 9 14 12 5 161 996 305 1757
25 28 18 -2 -11 -17 -21 -8 1 11 19 10 10 5 -4 -7 -14 -17 -22 -23 -8 14 28 27 18 15 -1 -20 -36 -37 -25 -24 -11 9 21 18 11 5 -11 -48 -79 -86 -80 -55 -26 6 24 40 62 90 111 113 101 83 64 64 81 100 105 61 12 -65 -142 -178 -165 -151 -77 -19 33 16 5 -35 -54 -85 -72 -51 1 27 68 67 51 15 -13 -30 -18 13 59 92 100 79 29 -12 -42 -62 -56 -35 -9 16 20 6 -22 -37 -45 -51 -36 -18 12 33 32 16 0 -20 -32 -41 -20 4 14 19 10 3 -8 -20 -9 7 17 31 39 36 26 30 35 33 26 14 0 -27 -49 -56 -43 -17 2 12 25 13 -24 -58 -82 -77 -53 -20 8 16 0 -42 -83 -89 -68 -24 24 79 119 137 144 153 152 145 123 91 56 17 -10 -26 -49 -77 -103 -127 -136 -127 -112 -112 -118 -107 -75 -31 17 62 88 77 35 -24 -62 -55 -26 22 74 110 120 107 74 36 1 -18 -16 -2 25 54 65 49 10 -47 -94 -104 -78 -34 16 44 46 24 -10 -44 -68 -64 -33 0 33 43 35 18 -4 -24 -31 -21 2 28 52 59 57 41 22 5 -9 3 22 30 29 21 7 -14 -40 -57 -59 -53 -48 -54 -50 -34 -19 162 2154 305 1757
0 -7 -6 -6 -1 5 10 13 5 -3 -3 -6 -4 -2 -1 -1 -4 -7 -3 3 4 3 12 11 -1 -6 -8 1 2 -1 6 9 6 0 -8 -7 -15 -30 -50 -63 -60 -61 -68 -68 -53 -23 6 40 71 90 104 114 117 118 115 116 114 101 86 56 11 -44 -113 -172 -191 -168 -112 -55 -17 1 3 -17 -56 -82 -73 -42 -9 22 54 69 59 40 22 7 2 7 38 68 86 90 70 31 -14 -45 -50 -40 -28 -17 -14 -13 -19 -24 -20 -12 -5 -7 -9 -7 -3 2 -5 -11 -12 -18 -26 -22 -11 5 13 15 13 3 -6 -7 6 18 20 15 5 3 2 2 13 18 13 6 -3 2 10 20 29 23 10 -7 -20 -30 -40 -38 -25 -18 -24 -35 -35 -39 -43 -41 -33 -13 9 28 55 76 92 100 100 100 99 95 76 48 16 -25 -54 -109 -81 -95 -104 -127 -97 -124 -116 -114 -62 -44 11 37 85 79 77 26 -10 -41 -36 -12 34 79 120 122 97 55 18 -9 -26 -19 6 27 31 17 -3 -35 -78 -97 -93 -69 -31 12 50 57 37 0 -33 -47 -40 -20 7 16 19 13 7 10 7 7 8 4 2 1 18 29 31 23 9 -6 -12 -16 -7 3 15 19 7 -9 -14 -3 6 -2 -6 -11 -12 163 12254 305 1757
-3 -6 -7 -1 4 6 0 -8 -12 -8 0 3 -3 3 4 -2 -3 -7 -6 1 0 -2 4 9 3 0 3 6 6 -1 -6 -8 -13 -16 -15 -12 -4 2 1 -4 -34 -66 -80 -93 -94 -70 -27 24 65 103 135 132 110 87 71 61 69 106 134 121 50 -47 -126 -172 -177 -155 -114 -56 -7 11 15 4 -18 -43 -65 -67 -46 -7 36 65 67 36 -2 -30 -28 -3 33 70 90 84 58 9 -23 -35 -41 -36 -23 -6 7 10 -2 -17 -23 -24 -20 -9 4 12 15 12 6 -10 -34 -48 -48 -33 -16 3 30 39 30 15 3 -1 -4 -4 6 15 17 16 15 6 -5 -6 -11 -18 -6 9 22 27 31 27 9 -11 -23 -25 -24 -21 -13 -6 -14 -22 -24 -28 -31 -36 -32 -19 3 29 49 81 100 104 103 92 88 76 56 43 16 -20 -59 -97 -109 -116 -116 -109 -108 -103 -100 -94 -83 -59 1 61 97 98 68 35 -7 -43 -52 -29 22 70 91 117 112 73 30 -4 -18 -24 -10 19 35 27 -7 -37 -68 -92 -88 -60 -14 36 4 34 -3 -11 -38 -21 -34 4 22 55 23 5 -20 -12 -20 0 16 44 49 65 58 36 8 -16 -29 -29 -17 12 25 26 7 -8 -10 -14 -21 -25 -28 -23 -22 -11 6 220 4876 305 1757
1 2 6 7 5 -8 -15 -12 -8 2 3 3 4 3 0 5 15 18 10 7 3 5 2 -13 -21 -27 -29 -23 -16 1 8 14 16 10 1 -4 -6 -2 -1 -2 -5 -6 -6 -10 -12 -8 0 6 16 26 30 15 4 -14 -26 -9 27 48 50 23 -18 -86 -160 -187 -155 -87 -30 26 78 90 65 22 -19 -26 5 67 120 143 114 47 -19 -54 -44 18 84 115 101 51 3 -18 -6 35 72 95 84 27 -56 -127 -141 -109 -52 13 47 46 19 -14 -30 -40 -34 -23 -17 -13 -16 -18 -22 -35 -49 -45 -21 3 7 14 -35 -4 -20 -6 -6 19 -22 -43 -87 -72 -69 -24 5 50 45 35 4 -11 -27 -13 16 40 43 32 17 12 7 16 26 39 44 32 27 24 18 22 26 33 30 17 13 11 1 -7 -11 -16 -24 -29 -32 -28 -24 -28 -35 -39 -53 -53 -50 -43 -42 -38 -8 42 78 133 153 128 70 7 -37 -60 -57 -31 10 41 31 -2 -48 -87 -86 -61 -10 47 66 46 -6 -84 -127 -121 -74 -25 3 14 -9 -48 -71 -68 -23 49 119 145 108 39 -39 -83 -87 -51 12 51 60 50 30 18 10 11 21 26 25 32 30 18 2 -14 -13 -7 4 13 5 -21 16 2 46 67 98 41 5 220 10314 305 1757
-2 -5 -5 -4 -8 -4 2 9 7 -8 -10 -15 -27 -20 -11 4 25 36 37 18 -7 -11 -10 -11 -14 -4 10 9 7 4 4 -10 -28 -36 -34 -21 11 35 38 26 8 1 4 9 19 27 26 33 51 67 63 51 32 -3 -49 -85 -95 -77 -51 -40 -63 -98 -138 -170 -157 -111 -42 25 72 83 65 32 59 29 57 72 107 125 153 131 69 -13 -65 -105 -90 -49 19 72 71 33 -30 -87 -111 -106 -70 -10 33 45 28 -4 -37 -50 -34 -8 14 39 53 50 34 10 -10 -24 -13 9 25 36 32 18 1 -19 -18 -9 8 34 48 48 38 16 -16 -33 -32 -25 -11 7 16 13 2 -18 -34 -34 -21 -9 4 14 7 -8 -16 -19 -10 1 10 22 26 24 8 5 12 27 31 35 33 27 16 3 -12 -28 -34 -48 -56 -54 -70 -89 -97 -102 -94 -80 -49 -10 29 61 77 74 67 67 91 117 144 156 141 96 32 -16 -36 -36 -21 -6 -17 -30 -55 -75 -104 -122 -102 -53 -3 28 44 40 -4 -65 -119 -118 -63 5 82 132 123 65 -9 -66 -81 -48 19 70 86 69 32 -15 -51 -63 -59 -42 -15 22 55 66 33 -8 -42 -52 -38 -27 8 39 38 0 -42 -73 -66 -44 -11 11 32 42 22 -13 -31 230 187 305 1757
-1 -18 -20 -15 -4 0 -6 -11 -14 -6 6 17 23 17 3 -11 -16 -12 -9 1 3 -4 -8 -13 -8 -9 -18 -12 -9 -6 0 8 13 4 -3 -6 -13 -19 -30 -32 -38 -50 -59 -49 -16 19 48 89 109 106 106 96 85 71 57 57 65 55 20 -31 -82 -129 -167 -171 -125 -57 -2 32 35 16 -16 -51 -73 -64 -36 9 45 57 58 45 23 -3 -22 -13 19 51 77 87 74 36 -5 -43 -55 -45 -29 -2 19 18 -3 -31 -46 -47 -43 -24 15 37 36 20 2 -15 -36 -49 -50 -35 -11 13 31 34 30 16 -6 -22 -30 -20 8 28 32 25 11 13 14 7 -7 -26 -28 -23 -10 12 41 63 53 19 -22 -52 -57 -45 -15 6 2 -15 -45 -50 -52 -67 -48 -1 27 39 62 71 112 112 96 69 93 69 63 27 9 -44 -62 -94 -97 -114 -96 -94 -80 -79 -66 -63 -44 -26 9 44 61 68 71 52 12 -20 -33 -28 -4 38 81 111 107 69 12 -38 -58 -50 -25 7 27 41 29 -11 -51 -73 -76 -57 -21 24 62 68 43 6 -29 -53 -63 -48 -12 16 28 25 16 -3 -19 -21 -16 5 22 32 42 39 28 22 8 -4 -9 -4 0 3 7 13 12 -3 -21 -34 -43 -37 -28 -20 -4 7 17 165 10210 305 1859
-10 -23 -21 -10 -3 -2 11 27 22 14 5 0 -1 -1 -2 7 17 22 15 3 -4 -3 -6 -13 -19 -27 -28 -13 4 15 27 26 19 -2 -31 -50 -54 -44 -37 -39 -36 -36 -38 -38 -25 1 32 62 87 105 115 120 117 103 87 87 87 68 71 -16 -54 -118 -139 -170 -117 -91 -35 -44 -23 -44 -39 -58 -37 -42 -20 0 36 41 47 32 23 4 -10 -11 10 41 69 75 67 53 25 -8 -32 -39 -28 -15 -14 -13 -1 -3 -11 -24 -31 -28 -19 -13 10 14 10 11 8 -20 -42 -31 -24 -33 -16 16 29 17 4 -1 -5 -14 -14 8 27 26 24 21 2 -12 -5 2 6 5 15 29 25 17 15 5 0 -16 -19 -15 -16 -20 -20 -26 -42 -59 -71 -69 -56 -38 -5 39 68 88 98 93 91 89 79 78 82 72 44 5 -33 -64 -93 -111 -117 -127 -124 -102 -80 -77 -68 -52 -32 -7 26 55 62 50 23 -4 -4 15 41 67 80 72 54 33 11 -2 1 10 14 16 16 17 3 -22 -43 -62 -70 -58 -38 0 34 45 36 11 -12 -16 -13 -8 -4 -1 7 9 0 -2 2 -2 -8 -9 -8 5 18 36 51 43 31 20 -5 -23 -18 -5 7 13 14 16 6 -13 -22 -23 -23 -19 -8 2 3 168 14731 305 1859
-3 -15 -9 -3 0 -5 3 -3 -3 -14 -14 -20 -8 -3 2 1 -4 -4 7 10 14 11 8 2 -8 -13 -6 14 29 35 30 22 16 -5 -35 -55 -58 -38 -7 14 37 44 25 -2 -35 -44 -37 -17 -7 -19 -58 -89 -101 -78 -34 28 73 96 94 78 82 115 157 174 146 102 69 25 -26 -75 -112 -137 -154 -146 -100 -34 20 42 25 -16 -61 -93 -91 -59 -16 23 45 35 13 2 10 32 42 43 39 37 40 41 34 23 5 -29 -55 -55 -30 13 45 51 39 20 -1 -21 -28 -30 -19 -10 -12 -20 -33 -33 -30 -34 -26 -28 -19 -3 -3 6 13 15 2 -5 -12 -6 -2 19 26 34 18 10 11 14 7 3 -2 7 5 0 6 4 -3 -15 -27 -33 -32 -25 -2 20 21 6 -20 -48 -70 -78 -63 -23 13 41 61 70 77 82 96 111 127 119 99 57 9 -46 -85 -106 -106 -111 -115 -122 -128 -121 -103 -75 -31 18 60 86 77 49 27 -3 -39 -55 -48 -16 27 56 84 98 90 62 19 -17 -26 -7 22 37 41 24 -6 -39 -55 -54 -51 -35 -5 15 31 45 49 35 -11 -50 -70 -77 -54 -15 19 38 31 14 -7 -15 -12 5 24 32 41 37 24 24 19 12 -1 -18 -7 11 17 21 25 195 12505 305 1859
3 3 -5 -6 5 13 9 -4 -3 2 -7 -15 -3 15 16 4 -4 -6 -4 -5 -1 13 15 5 -8 -14 -13 -15 -10 2 4 6 4 -4 -7 -5 -9 -15 -20 -30 -45 -72 -85 -93 -42 -13 39 74 130 117 113 95 109 73 72 70 91 76 61 17 -22 -97 -144 -169 -154 -122 -63 -2 36 27 0 -32 -59 -66 -51 -29 -4 22 37 43 41 25 12 9 5 20 41 61 72 64 31 -9 -41 -55 -52 -36 -12 5 5 0 -6 -13 -9 5 4 7 8 6 7 -4 -14 -25 -34 -33 -24 -12 1 10 13 15 13 4 -9 -19 -22 -12 1 0 6 15 22 19 5 7 12 9 12 13 25 35 29 19 8 -8 -26 -36 -35 -29 -17 -16 -19 -22 -36 -48 -49 -39 -23 -4 21 49 65 77 93 98 99 93 82 63 31 -1 -32 -43 -90 -95 -110 -106 -130 -100 -95 -72 -82 -48 -26 15 35 77 72 69 30 7 -19 -28 -20 19 59 91 92 78 50 21 -4 -27 -27 -10 13 25 14 -3 -30 -51 -63 -62 -38 1 26 48 50 29 9 -15 -37 -42 -33 -16 -3 -3 -18 -27 -19 -14 -1 13 34 54 56 42 21 2 -9 -21 -24 -2 24 34 38 33 18 -4 -17 -17 -7 5 18 18 -2 -24 -39 196 14048 305 1859
-2 -7 -15 -10 -4 5 11 2 -6 -4 -7 0 6 11 16 11 6 -6 -10 -8 -1 7 5 1 -5 -10 -12 -14 -9 0 0 9 9 -1 -9 -17 -26 -25 -31 -45 -69 -81 -89 -88 -62 -12 48 97 121 124 122 123 104 79 81 93 105 103 83 41 -26 -99 -153 -182 -174 -126 -61 2 35 25 -10 -39 -61 -74 -76 -64 -29 19 57 72 58 37 16 -3 -9 7 37 75 96 70 26 -10 -37 -63 -65 -40 -11 4 6 2 -2 0 4 -7 -19 -15 -9 0 14 8 -5 -19 -32 -28 -24 -16 10 22 17 7 4 -4 -18 -20 -6 2 10 11 10 3 5 9 6 8 6 7 12 8 14 18 17 23 17 1 -10 -20 -32 -31 -21 -13 -8 -15 -32 -46 -54 -52 -38 -19 20 61 75 90 107 116 125 112 92 78 58 17 -24 -55 -77 -101 -122 -133 -130 -120 -110 -104 -96 -66 -30 0 36 62 69 58 31 1 -26 -44 -28 22 84 126 131 109 81 44 -1 -35 -40 -22 4 18 15 2 -25 -55 -71 -70 -40 -4 23 41 37 25 9 -28 -47 -61 -23 -16 -4 -26 1 -15 10 10 37 24 34 26 34 19 16 -2 3 -18 -9 6 20 28 29 25 21 7 -15 -26 -22 -9 -3 3 -3 -16 -26 200 11013 305 1859
5 3 0 -11 -9 5 6 -6 -9 -10 -7 -2 -3 1 7 9 11 7 1 2 0 2 -5 -8 -3 0 -7 -11 -7 3 9 10 5 5 2 -13 -24 -34 -46 -61 -82 -95 -80 -58 -25 28 77 115 120 112 112 105 85 72 77 87 90 78 46 2 -65 -126 -161 -169 -136 -73 -16 20 22 -5 -41 -67 -73 -65 -39 -5 25 43 47 45 38 23 8 -3 6 26 41 51 46 23 -7 -36 -51 -41 -27 -11 5 14 12 6 7 10 -2 17 -26 -2 -4 6 -23 -6 -18 -18 -41 -23 -28 -6 7 26 23 13 -6 -13 -28 -36 -26 -6 7 14 13 5 1 14 23 14 7 7 11 10 9 20 27 26 9 -8 -12 -17 -18 -14 -10 -11 -11 -23 -43 -61 -61 -46 -25 3 33 61 86 103 108 99 94 85 69 49 14 -15 -45 -68 -84 -103 -109 -110 -104 -99 -95 -91 -82 -55 -18 18 53 68 61 36 2 -22 -29 -9 40 83 108 116 97 64 29 -5 -25 -21 -6 12 24 23 13 -3 -26 -46 -50 -40 -20 5 30 37 23 4 -12 -34 -41 -33 -21 -12 -12 -17 -16 -11 3 11 11 16 27 27 13 7 4 2 -6 -15 1 19 32 42 40 31 23 5 -4 -6 -8 0 2 -5 -14 -22 -20 207 12209 305 1859
-7 -4 1 0 -7 -10 5 14 8 4 8 0 -13 -15 -13 3 5 10 7 -2 -4 -3 1 12 16 13 13 10 6 1 -4 -10 -8 -2 -8 -20 -29 -36 -42 -57 -67 -73 -67 -38 -10 20 63 99 102 129 112 93 55 66 50 70 78 105 77 31 -52 -104 -164 -176 -163 -100 -37 22 40 38 -7 -62 -97 -106 -81 -27 36 92 108 87 32 -26 -55 -49 -8 37 74 96 86 51 4 -31 -48 -57 -45 -31 -11 14 25 8 -14 -43 -52 -45 -19 9 31 35 19 -15 -40 -46 -32 -12 15 28 19 16 9 4 5 -3 -8 3 2 1 2 10 12 7 2 -7 -17 -20 -14 4 17 23 22 18 16 2 -7 -8 -12 -21 -25 -25 -10 0 3 -11 -34 -43 -44 -33 -11 19 45 66 82 91 96 96 83 77 67 43 15 -13 -38 -67 -90 -96 -99 -105 -77 -93 -93 -99 -71 -66 -8 25 67 69 80 49 21 -31 -35 -30 8 46 104 117 112 58 3 -34 -59 -57 -22 16 55 74 63 13 -50 -86 -92 -79 -54 -5 46 56 45 17 -15 -33 -45 -39 -21 6 30 42 28 16 -11 -27 -30 -17 5 37 58 53 20 -10 -35 -36 -15 7 21 24 34 24 -6 -29 -37 -42 -31 -20 7 29 31 36 41 211 45 305 1859
-5 -9 -5 3 9 7 -4 -4 1 -1 1 8 10 -3 -10 -1 12 15 7 -1 -5 -20 -31 -20 -13 -3 4 -1 -1 0 3 9 12 11 9 9 -5 -19 -20 -16 -11 -3 11 25 9 -14 -32 -57 -81 -101 -101 -79 -60 -23 21 58 82 92 98 98 113 138 164 172 144 98 50 -2 -53 -108 -161 -173 -151 -105 -42 12 43 40 2 -44 -77 -83 -69 -34 7 37 47 30 15 0 -17 -12 18 54 74 72 66 50 22 -9 -39 -53 -48 -38 -25 -8 2 2 0 -4 -7 -8 -7 -7 -5 -3 -3 -12 -20 -16 -16 -19 -7 5 13 19 17 21 17 10 1 -5 -14 -26 -29 -20 -4 5 2 1 -2 -8 -1 9 16 30 33 25 12 0 0 -9 -20 -29 -27 -14 -6 -12 -13 -14 -22 -39 -42 -37 -26 -5 15 37 63 80 98 109 117 123 111 92 63 25 -11 -58 -97 -118 -127 -130 -129 -127 -121 -109 -84 -46 -7 21 43 68 71 47 8 -37 -53 -44 -17 29 72 102 127 111 69 31 5 -7 -4 10 29 33 13 -19 -54 -81 -80 -61 -45 -25 3 33 61 64 39 11 -16 -37 -48 -42 -12 -2 -4 4 9 16 19 23 28 28 23 9 5 12 12 1 16 -3 -15 -20 0 2 10 15 5 214 4625 305 1859
5 -3 -1 6 24 25 13 -8 -8 -10 -13 -25 -27 -11 2 9 13 -3 -3 14 6 -16 -35 -36 -25 -14 2 21 35 27 -4 -31 -31 5 54 69 53 7 -47 -96 -123 -113 -90 -61 -38 -26 -1 36 73 85 50 10 2 39 82 98 77 18 -53 -88 -56 45 149 187 170 97 14 -35 -34 14 67 81 59 3 -67 -111 -111 -66 -15 19 22 -15 -66 -70 -41 -35 -24 -2 -7 -31 -39 -43 -35 -36 -40 -22 5 12 9 5 -7 -30 -35 -22 -5 -2 -16 -29 -43 -48 -29 -11 6 23 25 7 -3 -15 -19 -1 32 53 43 36 22 12 2 9 20 45 55 63 52 43 23 16 2 -5 -1 2 1 0 -12 -20 -24 -14 -1 -4 -8 -15 -30 -47 -54 -43 -19 -12 -28 -60 -68 -45 4 69 117 145 128 66 14 -16 -28 -26 -22 -24 -23 -7 19 38 22 -11 -34 -37 -6 41 73 53 -25 -128 -191 -176 -97 5 75 86 27 -48 -88 -73 -28 35 89 103 69 -2 -61 -80 -53 -4 31 31 8 -1 17 25 29 62 77 42 -11 -32 -37 -40 -31 -11 10 15 10 23 20 0 -5 12 36 47 47 51 47 16 -17 -31 -28 -6 27 37 28 10 -19 -37 -37 -23 -1 11 7 -9 -34 -46 -45 -39 -23 214 15091 305 1859
0 2 7 -2 -5 -9 -17 -18 -17 -13 0 6 13 7 -6 0 10 14 8 0 -8 -18 -14 -4 -5 -1 6 9 7 -4 11 12 11 -7 -26 -24 -27 -39 -54 -82 -83 -76 -78 -63 -21 36 80 99 103 124 138 119 105 102 106 96 83 60 46 -14 -85 -132 -162 -174 -139 -86 -29 2 7 -6 -30 -50 -50 -43 -34 -9 30 55 64 54 40 26 13 10 31 48 50 30 -3 -26 -35 -30 -23 -17 4 23 17 -4 -38 -22 -66 -39 -38 7 -2 37 25 41 5 6 -32 -26 -37 -16 -5 28 26 21 4 -1 -12 -21 -23 -18 -24 -16 2 21 35 38 19 -8 -28 -38 -29 0 25 43 38 23 10 -2 -4 -4 -5 -3 -8 -20 -28 -30 -40 -47 -41 -43 -51 -40 -14 33 58 77 95 121 134 133 121 104 83 53 4 -46 -69 -83 -95 -115 -127 -127 -121 -120 -113 -86 -53 -26 -7 30 61 84 68 40 0 -32 -36 -10 21 69 110 117 95 65 31 4 -21 -24 -1 18 11 1 -8 -31 -62 -74 -54 -14 17 26 32 20 -6 -32 -46 -38 -15 10 33 30 15 4 -10 -24 -31 -21 -2 19 32 43 43 26 4 -6 -15 -25 -20 3 34 35 24 19 8 -7 -23 -36 -43 -39 -16 7 23 27 19 215 5523 305 1859
-3 3 12 15 12 2 -7 -3 7 15 12 2 -2 4 2 -4 0 2 8 15 12 3 -9 -27 -31 -22 -1 26 43 57 61 44 32 32 23 9 5 7 5 -6 -21 -34 -57 -80 -94 -105 -118 -124 -112 -84 -61 -41 -17 13 46 69 64 33 10 9 37 94 153 174 163 102 9 -76 -125 -119 -67 -5 48 64 45 0 -58 -95 -103 -88 -70 -6 -3 54 55 44 -9 -3 -21 6 23 59 58 56 26 10 -15 -22 -17 -3 19 33 25 10 -5 -19 -22 -17 2 20 18 15 15 4 -9 -13 -20 -23 -17 -1 15 31 24 14 2 -13 -15 -14 -4 5 -1 -7 -8 0 7 1 -1 1 6 4 -2 -1 5 21 28 30 33 32 16 -5 -36 -42 -38 -40 -43 -50 -54 -63 -82 -94 -92 -77 -53 -25 19 59 82 78 73 82 88 98 110 97 79 57 33 14 -11 -23 -11 3 4 -28 -74 -108 -130 -120 -86 -29 31 73 67 17 -41 -98 -129 -102 -40 35 99 124 109 59 4 -38 -57 -65 -45 -12 34 70 67 34 -3 -30 -43 -42 -17 14 29 13 1 -5 -21 -21 -6 4 -9 -11 5 -10 -30 -6 21 16 7 -3 -3 1 4 6 -4 -28 -41 -23 7 23 40 41 25 4 -15 -4 10 8 11 215 6027 305 1859
30 24 12 12 24 40 51 49 47 49 39 24 16 17 16 16 16 8 -9 -29 -37 -30 -23 -6 14 14 1 -21 -42 -53 -68 -69 -57 -51 -47 -30 8 56 82 109 124 98 39 -4 -18 -22 -22 -11 6 29 20 0 -23 -56 -69 -41 6 56 80 53 -11 -101 -167 -174 -125 -43 35 70 43 -14 -56 -74 -46 5 55 78 55 12 -33 -46 -17 12 42 67 69 59 34 8 2 16 37 47 41 21 -4 -23 -35 -30 -18 1 19 23 28 24 7 -1 0 5 13 16 9 7 0 -11 -16 -1 19 28 23 13 3 -13 -25 -24 -21 -12 -2 -15 -36 -53 -47 -29 -21 -15 -4 -6 -9 -11 -5 -4 -5 -7 -1 8 5 -3 -10 -3 14 17 18 27 26 21 14 4 6 11 6 -1 -6 -11 -13 -14 -21 -24 -10 0 -5 -11 -7 4 17 18 16 11 13 4 -19 -29 -31 -25 -5 7 16 21 17 11 -4 -19 -20 -13 -4 2 5 5 7 7 -9 -19 -18 -10 -7 -25 -35 -25 -12 6 17 25 34 33 17 -7 -21 -17 -2 7 8 21 29 25 26 23 12 -5 -19 -14 7 23 14 45 23 5 -26 -22 -27 -7 8 19 7 6 5 6 3 0 -1 -4 -5 -8 -2 -1 -2 -1 -13 -24 -15 219 5806 305 1859
-28 -28 -15 -17 -35 -39 -19 8 24 34 50 57 51 23 -4 -21 -19 -6 2 10 23 22 15 -4 -21 -24 -29 -28 -10 7 24 35 32 4 -34 -8 -42 -14 -34 -34 -85 -74 -94 -69 -68 -10 1 34 59 103 122 143 136 141 129 114 100 95 79 39 -29 -96 -151 -176 -163 -121 -70 -30 -6 -2 -13 -33 -59 -61 -50 -29 -1 16 33 45 29 17 16 8 17 33 47 61 67 57 31 2 -27 -56 -65 -49 -13 -1 6 19 12 -11 -24 -35 -38 -24 -12 5 15 6 -11 -23 -31 -35 -26 -6 10 28 43 43 25 7 -7 -21 -18 -7 3 15 18 19 8 -18 -30 -27 -25 -17 5 27 41 33 12 4 -11 -29 -39 -34 -19 -1 15 21 22 6 -22 -42 -63 -62 -37 3 44 67 81 90 83 82 91 92 79 58 44 32 11 -18 -58 -91 -115 -130 -141 -133 -112 -95 -80 -60 -49 -19 23 51 64 57 27 -10 -35 -36 -4 45 95 122 117 88 54 23 7 -2 -3 10 22 13 -4 -21 -44 -59 -74 -63 -42 -21 5 28 33 25 3 -27 -43 -33 -18 -6 6 29 44 32 12 10 1 -6 11 16 28 33 23 16 7 -4 -10 -14 -13 -8 4 19 27 24 6 -10 -29 -37 -31 -25 -15 -5 -5 221 5429 305 1859
4 -6 -15 -17 -8 6 11 20 25 10 1 2 0 3 1 5 5 -3 -2 0 0 -2 -6 -9 -6 -6 0 9 11 20 40 46 39 42 57 42 13 -22 -26 -19 -28 -41 -49 -71 -81 -106 -117 -128 -148 -139 -92 -47 -11 28 76 86 68 36 23 6 14 59 136 190 210 173 95 3 -84 -119 -97 -44 22 59 59 30 -26 -88 -136 -145 -102 -48 -8 17 26 18 2 -22 -41 -27 9 44 68 71 60 46 16 3 8 11 21 29 22 10 -12 -26 -36 -33 -9 14 29 33 26 6 -11 -18 -25 -23 -13 -8 4 17 17 10 -3 -5 -4 -13 -13 -5 -9 -10 -5 1 14 9 -3 -1 2 3 15 24 22 15 15 29 39 28 16 10 -6 -29 -52 -63 -59 -54 -58 -71 -95 -100 -83 -72 -64 -35 -3 40 74 89 92 95 82 90 98 110 103 82 53 26 -7 -12 10 19 8 -7 -43 -83 -137 -148 -124 -64 -8 48 76 54 -12 -81 -120 -105 -70 -9 64 119 129 90 29 -16 -45 -45 -25 1 27 43 47 29 -2 -25 -31 -34 1 -8 -3 0 1 -37 -34 -7 6 -4 3 0 -5 -28 -46 -45 -37 -16 15 33 24 14 9 7 -4 -20 -25 -20 -9 7 30 40 45 29 1 -15 -15 -12 1 232 11960 305 1859
-10 -18 -20 -12 2 14 15 14 6 -7 -19 -22 -15 0 5 8 12 9 3 -2 -9 -10 -7 0 6 1 -1 3 0 -6 2 14 11 8 6 3 -7 -30 -43 -50 -63 -66 -68 -69 -45 -14 20 47 71 94 95 84 107 95 110 111 143 117 113 58 5 -82 -126 -174 -152 -127 -62 -38 -21 -30 -24 -37 -43 -60 -47 -20 22 50 67 64 41 2 -38 -61 -49 -19 17 49 64 64 42 11 -13 -18 -13 -13 -14 -10 -9 -14 -6 5 -1 -11 -23 -24 -11 4 9 11 12 6 -7 -23 -32 -29 -22 -17 -20 -17 -2 2 -2 6 15 13 16 16 8 -2 -3 -1 0 4 7 9 7 6 11 15 26 32 27 25 12 -12 -28 -44 -44 -33 -31 -28 -30 -40 -50 -55 -40 -9 20 48 73 95 105 106 100 98 102 96 80 53 6 -40 -83 -110 -111 -110 -116 -111 -108 -116 -122 -102 -66 -21 22 60 91 97 77 37 -2 -18 -7 14 37 58 67 72 52 12 -27 -45 -30 2 22 43 44 26 -8 -41 -63 -66 -59 -40 -13 9 21 24 17 0 -17 -29 -25 -11 -11 -14 -4 16 36 31 22 21 17 11 -5 -5 11 25 29 29 33 27 16 10 -3 -10 -12 -11 1 7 14 22 11 -2 -19 -29 -15 233 13358 305 1859
9 33 29 15 5 -2 5 2 3 12 12 8 5 3 10 8 5 0 -4 -11 -12 -10 -5 -1 6 6 1 -7 -12 -4 -1 2 2 -6 -12 -18 -24 -30 -45 -46 -48 -65 -77 -71 -50 -14 27 70 107 121 112 106 102 97 106 117 120 118 84 33 -30 -100 -149 -170 -153 -112 -71 -49 -40 -39 -42 -45 -49 -36 -2 32 53 56 41 19 -3 -22 -18 -2 9 26 45 50 50 35 25 16 0 -6 -12 -14 -10 -6 -10 -24 -41 -48 -46 -34 -14 8 20 21 20 8 -11 -21 -25 -21 -16 -13 1 5 1 0 7 24 8 5 -15 -29 -33 10 22 31 20 33 4 -12 -43 -35 -27 -13 -10 37 53 59 35 20 -1 -27 -51 -46 -33 -21 -6 -2 -15 -39 -56 -60 -22 18 40 61 75 84 93 107 122 126 113 83 31 -10 -40 -60 -83 -95 -101 -102 -113 -125 -130 -119 -106 -82 -48 -4 45 79 92 86 51 13 -9 -17 -8 25 52 72 71 47 22 3 -3 5 18 32 44 43 24 -6 -34 -55 -61 -57 -39 -15 -6 10 19 14 8 -3 -6 -6 -9 -3 9 18 16 -6 -26 -30 -27 -20 -5 20 38 48 46 36 29 18 10 11 2 2 8 11 14 10 -2 -11 -8 -41 -54 -46 -19 -27 0 234 14268 305 1859
7 4 0 -5 -4 -6 -11 -2 0 8 10 3 1 6 1 -2 -9 -19 -19 -18 -12 5 27 34 40 33 17 2 -5 -13 -17 -11 0 13 22 27 24 -3 -24 -39 -41 -31 -11 20 27 9 -4 -15 -31 -46 -41 -30 -22 -20 -15 12 61 78 66 21 -34 -92 -152 -169 -129 -74 -13 23 37 35 12 -5 -8 2 52 102 128 120 101 59 -1 -44 -49 0 41 88 86 72 10 13 0 41 68 108 81 38 -49 -88 -125 -97 -60 9 34 40 13 -29 -61 -48 -30 -5 9 13 -8 -38 -58 -60 -45 -26 -15 -15 -26 -44 -40 -33 -16 10 37 39 22 -15 -46 -66 -63 -47 -11 15 22 17 3 -16 -15 -10 11 30 39 42 43 30 18 11 3 15 26 33 35 33 26 20 15 6 13 27 28 21 0 -11 -24 -43 -39 -28 -16 1 13 5 -15 -42 -57 -57 -61 -60 -51 -25 21 67 98 130 150 121 56 -12 -42 -36 -27 4 47 56 38 -8 -64 -106 -113 -79 -38 11 48 54 18 -36 -84 -104 -83 -46 -7 -21 -24 -56 -60 -79 -7 65 133 122 120 40 -23 -85 -70 -37 37 66 89 54 0 -39 -36 -29 10 49 55 33 12 -2 2 13 17 21 10 -13 -26 -26 -30 -9 17 38 44 41 24 235 3752 305 1859
-16 -37 -28 -6 17 28 28 19 16 -4 -26 -26 -25 -22 -14 2 17 22 18 19 11 -3 -16 -16 -6 2 13 26 30 14 1 -8 -16 -16 -15 -25 -31 -49 -63 -67 -63 -57 -52 -45 -31 -7 31 70 109 126 127 116 100 88 83 85 90 88 63 16 -53 -113 -158 -170 -148 -104 -53 -11 9 10 -10 -47 -76 -72 -35 17 69 89 84 54 0 -50 -75 -55 -1 49 84 101 86 45 -4 -45 -62 -53 -31 1 27 29 17 -2 -22 -41 -48 -38 -8 23 32 33 19 16 -14 -33 -45 -26 -39 -14 -2 18 10 19 9 11 -13 -4 2 24 13 11 -4 -7 -10 -14 -15 3 12 24 23 12 11 4 -4 -7 -4 0 -4 -6 -8 -21 -36 -49 -52 -56 -51 -26 -7 11 25 32 45 63 87 99 87 82 78 78 78 67 44 8 -34 -82 -123 -135 -128 -109 -89 -78 -78 -87 -88 -64 -36 7 62 95 98 57 11 -7 -7 -8 3 33 72 96 93 62 21 -18 -38 -28 -6 35 63 73 51 -3 -69 -115 -116 -81 -24 16 43 47 42 10 -23 -50 -35 -12 5 13 30 43 37 1 -37 -49 -38 -31 -9 17 48 59 50 30 5 -18 -13 -10 1 15 19 22 16 3 -11 -30 -41 -41 -26 -11 3 16 19 235 6770 305 1859
30 8 -26 -44 -38 -20 -11 3 10 -3 -16 -13 -16 -17 -12 -6 0 10 13 17 13 -5 -17 -13 -2 6 21 35 44 18 -13 -17 -10 -8 1 -7 -15 -15 -6 10 18 18 14 11 -7 -20 -35 -37 -23 -22 -41 -47 -44 -40 -21 -66 -65 -60 -44 -14 68 124 167 169 159 114 90 83 106 106 68 9 -44 -75 -89 -97 -95 -79 -66 -60 -57 -30 4 9 -32 -85 -125 -128 -75 12 88 115 84 19 -35 -49 -8 62 111 123 89 45 12 -4 -10 -18 -41 -47 -31 9 49 67 49 8 -49 -98 -105 -72 -33 -4 -6 -28 -47 -62 -52 -16 18 39 39 16 9 4 1 14 22 12 -3 -6 -7 -1 16 26 24 20 17 17 8 -6 -17 -24 -19 -17 -9 11 22 14 -6 -26 -34 -32 -24 -10 -11 -19 -32 -48 -62 -58 -42 -13 23 53 83 103 118 116 112 108 111 101 80 58 17 -35 -73 -111 -129 -136 -134 -109 -83 -71 -63 -55 -49 -43 -31 -13 14 29 23 4 -13 -13 -1 23 47 86 114 123 98 57 25 -14 -28 -13 18 46 54 33 -5 -52 -88 -93 -61 -23 13 36 36 18 -3 -32 -68 -96 -82 -30 19 60 86 86 60 11 -36 -44 -28 -2 34 51 45 27 5 -13 -23 -25 -20 -5 14 242 13606 305 1859
-3 11 41 34 9 18 29 21 9 11 29 26 24 21 28 37 37 41 45 44 44 45 25 -16 -43 -50 -67 -82 -95 -109 -127 -136 -140 -132 -111 -65 -8 32 58 79 90 65 23 -2 7 26 59 115 148 123 67 -4 -65 -102 -83 3 90 124 110 57 -21 -100 -162 -174 -149 -101 -32 39 71 50 11 -33 -60 -62 -39 5 40 61 64 32 -3 -8 11 39 61 78 78 90 66 41 19 32 9 -3 -29 -22 -30 -20 -38 -36 -53 -43 -45 -15 4 22 23 15 -22 -43 -51 -39 -19 5 29 42 37 27 19 15 20 30 39 29 17 -2 5 12 8 17 27 35 36 22 -5 -34 -60 -73 -85 -91 -93 -95 -106 -114 -109 -94 -68 -31 10 52 87 105 120 115 105 101 100 115 127 111 86 45 4 -20 -25 -10 6 6 -17 -50 -90 -121 -132 -108 -56 -9 22 34 14 -50 -116 -142 -115 -47 28 93 126 115 71 0 -63 -79 -49 12 78 114 112 83 30 -31 -78 -82 -48 0 36 38 15 -19 -44 -64 -74 -54 -23 -5 9 -22 -26 -16 0 -17 10 31 60 32 12 -19 -18 -43 -36 -18 23 46 68 63 60 25 3 -12 -20 -11 6 22 27 14 -6 -20 -33 -29 -21 -24 -34 -28 -20 -13 -8 -8 -4 243 6778 305 1859
6 9 7 1 -4 -1 -4 -1 -2 -7 -5 2 1 -4 -15 -14 -4 1 8 15 11 3 -6 -9 -9 -6 3 9 7 0 0 3 3 13 15 8 -6 -18 -16 -7 -2 10 19 24 15 5 0 -12 -36 -54 -60 -65 -66 -71 -72 -75 -74 -63 -31 10 56 105 155 176 178 161 140 121 106 102 86 35 -21 -82 -123 -133 -117 -83 -54 -42 -40 -41 -46 -62 -73 -72 -68 -55 -29 13 44 50 45 26 0 -10 -4 32 74 94 90 66 20 -26 -49 -47 -33 -14 7 28 35 15 5 -11 -30 -46 -58 -54 -30 -18 -10 -12 -18 -27 -37 -35 -19 2 23 34 33 23 22 14 -3 -11 -7 2 11 11 16 14 0 2 3 5 6 0 2 3 4 14 17 18 12 1 -11 -24 -31 -33 -24 -22 -34 -42 -48 -53 -48 -39 -20 -1 15 44 78 103 125 137 142 143 130 113 80 39 -11 -62 -107 -137 -143 -145 -148 -136 -122 -104 -90 -77 -51 -16 10 30 36 41 26 2 -6 4 33 59 78 94 96 93 80 57 36 8 2 7 15 12 46 24 -3 -73 -87 -119 -76 -30 39 44 57 12 -16 -81 -92 -90 -50 -22 25 57 74 62 52 31 14 6 1 16 33 53 57 47 16 -16 -41 -41 -24 1 7 245 8377 305 1859
6 4 -9 -14 -19 -22 -15 -8 1 7 5 6 7 8 8 3 4 2 -1 2 -3 -11 -4 3 -1 -5 0 6 1 -6 -5 -5 -9 -7 6 10 14 4 -8 -11 -19 -21 -9 7 21 25 29 26 14 -1 -2 -6 -23 -33 -20 10 53 77 73 41 -17 -94 -149 -169 -134 -56 22 73 93 86 51 14 -16 -18 -4 23 57 74 57 13 -29 -37 -17 22 56 74 67 31 -19 -64 -63 -30 9 34 26 -6 -40 -77 -84 -56 -5 40 50 33 2 -27 -46 -60 -15 -26 21 14 15 -26 -9 -22 14 17 56 39 29 -16 -36 -49 -21 10 43 38 18 -13 -29 -44 -41 -11 12 19 19 5 -11 -24 -35 -20 0 21 32 28 20 8 0 5 7 11 25 32 26 10 -1 -15 -23 -15 2 20 21 8 -6 -16 -21 -27 -30 -19 -11 -8 -14 -25 -37 -38 -38 -23 -18 -25 -26 -7 28 70 97 121 126 96 29 -29 -71 -87 -68 -25 23 61 62 41 7 -45 -70 -68 -39 9 34 12 -34 -76 -91 -82 -45 -2 40 57 24 -19 -43 -36 -12 19 54 68 45 0 -51 -69 -40 10 58 88 90 69 41 5 -31 -42 -25 -5 9 8 1 -9 -13 5 19 33 34 12 -17 -35 -39 -13 18 30 21 1 -10 257 1493 305 1859
8 0 -6 -4 -4 0 8 6 8 8 3 -5 -11 -9 -3 1 -2 -7 -2 -4 -5 -4 -1 5 2 7 6 -2 -4 -3 -6 -1 -2 4 17 13 -2 -5 11 44 60 60 54 33 -12 -60 -78 -62 -21 32 69 86 66 18 -31 -79 -98 -87 -72 -48 -45 -89 -141 -171 -150 -81 12 104 154 144 78 4 -37 -36 22 99 156 160 110 40 -33 -86 -91 -38 36 88 100 69 18 -37 -74 -100 -92 -69 -34 -17 -20 -24 -15 0 4 5 10 15 16 19 13 20 18 7 0 -7 -3 15 34 48 47 37 19 -4 -29 -49 -48 -34 -18 11 26 16 -1 -11 -18 -30 -25 0 13 18 13 1 -12 -21 -17 -5 3 5 7 11 9 8 16 18 8 -9 -10 3 10 10 8 3 6 8 8 8 -1 -20 -45 -51 -27 -1 22 32 11 -42 -103 -140 -145 -112 -45 25 85 114 113 103 74 52 62 96 141 152 106 32 -44 -93 -90 -47 23 75 75 27 -49 -115 -146 -118 -52 12 54 55 7 -58 -122 -146 -112 -60 18 83 108 101 54 1 -44 -61 -58 -32 0 24 36 40 28 15 6 -3 -8 -13 3 20 26 18 2 -16 -34 -43 -34 -13 12 37 49 36 12 -13 -29 -41 -40 -18 14 27 25 26 12 266 6247 305 1859
3 -15 -7 -12 -9 -11 -3 0 -3 -4 -1 -30 -64 -84 -84 -56 -18 23 40 60 55 10 -51 -80 -74 -53 -29 30 94 135 150 132 103 75 49 38 33 38 41 7 -47 -96 -119 -107 -65 -29 -19 -41 -88 -128 -130 -83 -13 55 71 41 -24 -106 -132 -86 -25 48 129 174 155 91 26 -16 -24 -10 18 59 77 54 19 -21 -53 -59 -34 7 32 35 26 3 -29 -54 -48 -24 -9 4 2 -1 -12 -22 -19 -3 10 25 40 39 26 2 -22 -32 -27 -25 -13 8 16 14 14 5 2 -6 -10 -17 -30 -29 -13 -10 -10 -7 1 -1 -9 -11 3 21 19 7 -2 -2 -1 -2 0 16 22 16 6 -8 -22 -28 -23 -2 21 48 57 35 2 -18 -32 -49 -48 -25 9 28 29 23 18 5 -9 -24 -21 -7 10 25 34 29 8 -11 -20 -17 -9 -4 1 -2 -7 -10 -6 5 15 21 13 -7 -28 -24 -16 -26 -8 19 13 3 4 10 11 0 -9 -6 -6 -12 6 35 38 24 7 -13 -23 -27 -16 8 11 10 8 3 -2 -15 -11 3 8 10 10 3 -3 -16 -12 -3 -3 -6 -4 -5 -10 -5 0 -4 1 1 -7 -4 -11 -6 -6 -14 -15 -14 -4 3 0 8 16 12 -4 -6 -5 -5 -1 0 5 268 174 305 1859
3 6 3 1 1 -2 -1 -2 1 6 8 0 -6 -9 -8 -6 -3 4 10 6 2 -3 -8 -4 2 7 9 11 13 13 0 -13 -10 11 -22 11 -10 6 -23 7 -13 19 4 25 -5 2 -39 -43 -70 -50 -52 -39 -50 -51 -62 -65 -65 -25 20 71 116 147 166 172 161 141 117 97 74 52 28 -23 -82 -126 -139 -124 -98 -56 -16 13 6 -33 -72 -87 -104 -100 -70 -17 30 54 60 49 28 9 -5 -1 23 60 84 81 55 13 -20 -37 -42 -31 -19 -11 -3 4 14 14 1 -16 -32 -52 -54 -32 -6 4 -1 -14 -24 -30 -24 -3 21 27 26 9 -3 -5 -8 -5 0 6 10 9 9 19 19 14 10 6 7 8 6 4 6 0 -3 -1 5 7 4 -5 -15 -22 -24 -21 -32 -55 -15 -56 -38 -54 -34 -54 0 10 62 73 116 103 124 107 132 123 127 90 53 -7 -57 -111 -131 -135 -125 -105 -110 -131 -109 -84 -81 -64 -18 12 28 40 28 3 -32 -55 -35 0 46 104 146 147 122 84 48 -5 -29 -18 6 24 31 29 11 -26 -60 -79 -74 -51 -8 33 46 35 7 -25 -45 -57 -50 -41 -29 -5 26 56 75 68 42 13 -18 -29 -15 11 36 47 36 7 -21 -29 -19 1 12 18 13 271 10618 305 1859
10 16 17 13 9 2 3 14 22 27 29 25 26 13 1 -9 -20 -19 -15 -20 -23 -29 -34 -25 -11 4 6 -4 -9 -9 -16 -35 -34 -15 1 10 17 23 33 26 17 3 -8 -1 6 7 1 -18 -18 -27 -51 -61 -57 -60 -76 -88 -92 -74 -20 50 117 156 167 171 148 97 50 29 39 45 40 38 12 -25 -66 -105 -120 -105 -58 -4 28 36 24 -10 -72 -117 -115 -80 -22 38 63 59 29 -5 -17 -11 16 47 60 64 55 37 12 -11 -31 -51 -51 -29 8 32 39 39 18 -16 -48 -66 -55 -29 -7 13 23 11 -10 -26 -33 -24 -10 11 30 28 14 1 -12 -21 -21 -14 -1 9 13 24 30 23 16 13 12 3 -8 -10 -10 -16 -10 6 16 21 21 18 5 -17 -30 -30 -30 -36 -37 -30 -32 -40 -54 -48 -33 -14 35 68 89 117 122 114 101 100 98 89 57 27 -25 -80 -125 -132 -133 -116 -89 -56 -32 -29 -60 -74 -66 -53 -41 -17 18 38 32 10 -14 -34 -31 -3 42 92 143 166 137 74 7 -39 -46 -25 13 31 24 4 -19 -41 -48 -44 -16 4 8 2 -3 -14 -26 -49 -63 -64 -52 -21 15 37 47 46 28 3 -10 -7 13 43 57 52 32 8 -8 -22 -17 -2 12 22 24 272 12076 305 1859
6 3 2 9 14 16 18 16 14 -2 -15 -14 -6 -7 -2 -2 -9 -24 -35 -49 -62 -67 -51 -35 -15 16 48 77 100 112 116 116 110 101 89 66 28 -10 -50 -89 -107 -107 -92 -88 -100 -100 -96 -89 -70 -47 -13 21 45 53 36 10 -21 -57 -67 -46 -2 61 128 169 160 120 54 -23 -68 -73 -29 33 77 81 42 -17 -63 -92 -91 -68 -32 12 53 65 46 19 -22 -68 -84 -83 -57 -10 34 65 55 24 -8 -31 -24 4 29 46 46 35 12 -1 0 5 6 -6 -8 11 30 33 23 4 -17 -42 -51 -46 -32 -13 3 7 8 -5 -18 -19 -17 -5 6 8 7 13 13 10 -2 -7 -8 -3 -1 5 17 20 16 16 -30 13 -10 -4 -36 -6 -23 8 -3 35 12 15 -12 -4 -44 -26 -14 -7 -18 6 11 14 0 -1 -6 -11 -18 -4 15 21 12 15 11 -3 -8 -5 -2 2 5 19 23 12 1 -5 -6 -10 -17 -12 -18 -16 -22 -13 10 30 26 9 -3 5 -4 -22 -22 -6 3 4 3 16 26 19 13 22 17 0 1 4 10 11 6 -4 -8 -12 -11 -7 -6 -11 -24 -29 -14 9 23 28 25 25 18 -5 -23 -20 -14 -8 -2 16 25 25 16 10 -1 -20 -42 -53 -46 -30 -9 273 12721 305 1859
-6 -8 -10 -2 12 20 19 12 7 5 8 26 41 47 51 48 19 -24 -60 -82 -86 -82 -73 -58 -50 -52 -76 -99 -88 -61 -34 11 61 81 90 91 93 96 97 104 108 81 48 31 18 11 8 16 26 27 6 -25 -64 -100 -113 -87 -32 30 56 43 -4 -69 -135 -169 -148 -81 2 63 88 83 49 6 -39 -53 -21 30 72 95 95 81 48 -4 -43 -64 -52 -14 16 28 19 -7 -41 -69 -67 -46 -17 7 19 21 -4 -31 -44 -44 -21 0 19 39 43 27 -2 -20 -17 -9 -1 20 39 48 45 29 0 -19 -23 -19 -4 9 20 23 5 -14 -23 -31 -20 -6 17 -2 24 -8 -11 -39 -4 -20 13 12 41 8 13 -8 7 -5 18 14 38 36 31 7 -10 -25 -18 -18 -4 12 20 22 3 -15 -15 -16 -18 -19 -17 -8 5 12 12 10 1 -11 -11 -13 -22 -21 -11 -3 2 -4 12 17 30 38 38 25 14 7 14 14 10 16 24 5 -20 -27 -30 -42 -58 -74 -64 -34 2 33 36 25 14 -2 -15 -28 -18 3 7 2 5 13 12 10 13 19 23 10 -9 -16 -20 -14 -7 -4 5 2 -6 -2 -9 -18 -22 -25 -17 -1 21 30 24 8 -10 -22 -23 -10 9 16 11 -1 -9 -8 -7 274 14811 305 1859
6 -5 -20 -26 -20 -1 15 32 40 30 5 -25 -39 -33 -17 -4 8 2 -8 -9 3 10 -4 -22 1 18 -10 -24 2 19 14 16 14 3 -6 -8 -1 5 1 11 20 17 8 0 -5 -15 -20 -18 -26 -35 -42 -46 -50 -60 -71 -74 -77 -72 -46 7 49 97 113 175 172 172 125 142 92 88 53 57 8 -18 -84 -106 -149 -135 -111 -56 -32 -2 7 -10 -48 -79 -95 -92 -72 -16 46 71 72 57 26 9 6 24 46 64 72 69 44 4 -35 -56 -64 -53 -34 -6 13 19 3 -15 -37 -49 -62 -52 -38 -27 -7 18 18 1 -15 -14 8 12 0 4 9 4 0 5 16 20 15 7 1 -3 2 17 19 18 16 14 12 -1 -22 -26 -21 -9 -11 -20 -15 5 24 28 19 10 3 -10 -35 -47 -46 -55 -58 -47 -25 4 24 55 80 82 87 102 115 118 122 134 126 83 23 -39 -84 -114 -136 -149 -147 -139 -99 -112 -71 -68 -41 -76 -31 -4 45 39 57 11 -3 -43 -27 -4 59 94 138 140 121 82 48 5 -22 -30 -13 5 11 7 -1 -31 -57 -64 -58 -39 -19 1 19 19 3 -22 -47 -62 -59 -37 -3 30 55 66 58 29 15 5 10 9 18 28 38 28 11 0 -9 -15 -13 -8 9 276 7380 305 1859
-9 -4 -4 -4 -3 -1 -10 -6 5 5 -5 14 4 -4 1 8 4 5 5 -3 -10 -4 -3 -14 -7 5 8 -3 -5 -3 2 -2 3 12 14 6 2 3 6 4 2 1 6 8 -1 -19 -37 -42 -42 -44 -28 -15 -16 -34 -76 -92 -74 -56 -28 26 89 128 154 173 171 144 108 79 62 50 46 43 21 -25 -95 -138 -139 -111 -62 -23 -7 -6 -21 -37 -48 -61 -64 -55 -35 -12 11 26 30 35 24 2 -1 16 50 76 75 61 30 -13 -49 -71 -49 1 38 46 33 14 -10 -33 -46 -47 -41 -36 -27 -19 -19 -22 -27 -22 -17 -14 -8 5 16 28 30 24 17 -1 -12 -17 -22 -3 28 17 26 29 17 5 8 0 -6 4 3 -3 -4 0 4 6 -3 -4 -17 -20 -18 -14 -16 -17 -25 -27 -35 -47 -53 -46 -31 -8 23 56 91 115 125 136 133 132 123 99 64 13 -35 -73 -111 -135 -146 -146 -127 -101 -89 -85 -81 -72 -62 -45 -19 18 52 47 26 -7 -26 -19 -1 30 68 101 124 121 95 68 31 8 3 6 6 11 17 11 -3 -32 -55 -49 -35 -20 0 9 13 -6 -53 -91 -104 -76 -24 19 53 73 76 57 18 -18 -29 -16 7 29 51 61 60 40 12 -5 -14 -18 -6 9 22 277 9026 305 1859
-42 -34 -22 -18 7 22 15 12 14 -6 -21 -17 0 -4 -6 15 36 26 14 2 -3 -6 -15 -16 -5 7 14 12 8 -3 -10 -1 14 22 10 -8 -28 -31 -19 -2 14 24 4 -21 -33 -36 -29 -30 -31 -32 -46 -65 -75 -85 -83 -75 -62 -34 14 62 106 147 165 173 170 148 128 117 100 75 39 3 -40 -82 -109 -110 -86 -54 -28 -14 -6 -16 -43 -71 -86 -91 -85 -67 -41 -20 -5 11 12 -1 9 29 44 62 77 77 71 52 25 -6 -34 -47 -41 -26 -4 13 20 19 1 -27 -45 -51 -43 -24 -12 -15 -16 -20 -23 -20 -11 0 2 -4 -8 -3 3 18 24 28 21 5 -8 -2 7 1 -7 3 18 30 29 26 16 -6 -18 -32 -27 3 19 31 32 20 -4 -25 -29 -15 -6 -23 -52 -64 -63 -51 -23 1 19 25 28 41 56 90 123 143 154 142 114 87 43 -10 -52 -83 -114 -135 -131 -121 -110 -97 -87 -81 -89 -86 -55 -18 19 41 41 25 -7 -31 -27 -11 35 48 124 123 121 81 77 23 14 -1 16 -1 21 25 23 -20 -47 -69 -69 -68 -30 4 19 26 18 -7 -26 -44 -48 -39 -26 -11 12 34 43 32 19 12 9 12 21 27 28 34 27 9 3 3 -6 -11 -12 -3 8 279 1814 305 1859
18 29 31 22 25 15 -2 -20 -34 -45 -44 -24 -4 11 8 14 17 9 11 21 22 13 -6 -19 -21 -23 -22 -19 -22 -12 -3 7 12 5 3 10 20 21 19 14 1 -9 -15 -16 -5 -3 -11 -20 -18 -14 -23 -30 -34 -45 -60 -80 -102 -108 -78 -30 27 86 138 175 184 162 124 93 75 63 63 59 44 4 -47 -89 -126 -135 -108 -60 -25 -11 -8 -3 -7 -37 -69 -78 -70 -23 -32 8 22 49 5 16 -2 22 27 78 83 99 70 49 -18 -44 -55 -30 -18 5 12 22 16 14 -1 -34 -69 -73 -55 -37 -19 5 -1 -19 -46 -53 -34 2 33 57 64 64 48 31 17 -8 -21 -25 -23 -21 -5 7 8 1 1 0 5 1 0 13 24 27 19 6 -4 -19 -28 -23 -15 -11 -17 -26 -25 -20 -18 -18 -21 -30 -34 -30 -21 2 29 56 85 98 104 113 122 117 101 76 42 -5 -53 -89 -113 -124 -124 -120 -102 -84 -71 -66 -59 -53 -39 -9 15 33 39 26 1 -29 -43 -22 14 55 101 127 131 111 71 34 8 0 -5 2 16 16 -1 -34 -64 -77 -86 -63 -25 10 36 35 7 -31 -57 -61 -48 -18 16 39 50 45 40 29 7 -10 -13 -7 10 42 61 42 19 -4 -38 -61 -50 -29 0 279 10803 305 1859
1 6 2 -3 -7 -3 -4 -3 7 8 6 1 -12 -15 -6 -3 -2 7 18 11 6 4 -1 -8 -16 -15 -14 -17 -3 11 24 31 14 28 -14 1 -14 -15 -36 2 6 20 6 18 -8 -21 -49 -48 -51 -40 -29 -17 -33 -60 -86 -101 -75 -21 20 60 99 138 165 169 158 146 132 111 74 40 13 -11 -46 -100 -143 -157 -134 -92 -55 -8 16 4 -22 -54 -75 -71 -54 -21 11 39 57 59 46 26 5 0 12 43 61 64 52 33 9 -23 -48 -54 -50 -31 -7 14 29 22 -2 -29 -51 -60 -51 -35 -17 -3 4 4 -4 -18 -16 0 15 26 36 33 23 14 4 -2 -8 -12 -11 -10 -11 -8 1 3 -1 -3 3 6 -5 -9 -9 -1 3 5 15 24 15 3 -7 -16 -23 -22 -23 -22 -22 -30 -37 -41 -38 -24 -12 12 38 62 83 100 110 109 110 111 106 92 55 2 -49 -85 -118 -153 -157 -133 -110 -90 -74 -55 -31 -20 -11 8 30 44 45 39 14 -12 -28 -27 2 40 78 107 107 84 33 -7 -13 -2 7 25 45 50 20 -29 -64 -84 -90 -78 -35 5 37 57 53 24 -22 -59 -71 -57 -17 27 64 73 52 12 -6 -8 4 15 10 -2 -1 9 7 10 12 4 -16 -28 -26 -7 8 282 13694 305 1859
57 49 11 -31 -79 -128 -148 -137 -84 -21 21 65 85 66 30 -2 -7 -1 16 45 72 60 23 -14 -17 16 68 112 128 109 66 14 -29 -37 -14 10 15 7 -10 -33 -58 -59 -25 8 23 29 12 -28 -74 -109 -106 -82 -67 -55 -47 -60 -93 -115 -100 -50 22 101 166 196 180 136 86 67 64 55 47 28 9 -18 -57 -90 -113 -122 -121 -108 -74 -28 -2 -1 -17 -45 -81 -95 -76 -32 27 80 112 115 84 51 30 25 41 63 68 68 58 35 -1 -31 -49 -54 -41 -25 -7 -1 -4 -17 -42 -68 -90 -100 -81 -50 -23 -15 -18 -15 -14 -1 58 110 139 158 150 93 23 -30 -69 -70 -50 -13 40 65 54 34 -4 -42 -57 -37 -8 2 -30 -70 -108 -128 -106 -50 14 59 64 32 -17 -56 -68 -46 -9 23 44 32 -11 -56 -82 -69 -29 38 111 152 154 141 118 105 98 97 103 86 42 -15 -66 -106 -133 -134 -107 -72 -59 -66 -65 -65 -67 -61 -52 -24 15 45 60 60 49 34 20 14 31 62 96 116 122 102 62 15 -34 -72 -79 -59 -27 -10 -6 -57 -54 -84 -78 -84 -21 -22 31 36 42 -13 -29 -70 -57 -44 11 45 87 91 94 61 21 -18 -22 -10 15 34 48 40 2 -25 -38 -36 -26 -27 -25 284 15595 305 1859
-2 -5 2 16 32 48 35 13 5 -1 -7 -7 -12 -21 -29 -36 -39 -36 -37 -49 -69 -77 -65 -37 -1 41 77 97 113 121 128 130 126 117 87 40 -15 -63 -96 -116 -123 -106 -86 -78 -75 -66 -60 -60 -52 -46 -25 -3 7 14 4 -20 -33 -52 -52 -31 21 84 143 177 164 104 29 -28 -42 -19 23 65 77 57 6 -47 -78 -84 -68 -39 -14 14 29 11 -14 -35 -49 -57 -53 -34 -5 20 38 63 36 44 1 -13 -23 15 17 48 54 46 -7 -35 -54 -33 -15 20 50 68 67 40 4 -19 -31 -51 -60 -48 -33 -17 1 11 8 -6 -24 -39 -42 -28 8 40 54 49 25 2 -11 -9 -9 -21 -29 -11 13 35 40 41 28 4 -38 -61 -52 -28 -5 20 17 8 -3 -11 -16 -15 -6 10 -1 -19 -21 -13 1 14 15 -3 -17 -10 6 17 13 13 16 20 21 11 5 6 0 -6 -16 -21 -16 -5 0 8 3 -11 -24 -31 -27 -15 -1 12 18 14 12 5 9 18 29 21 17 19 22 19 2 -11 -6 -8 -10 -15 -19 -17 -10 3 -1 -27 14 2 4 -8 8 -13 6 6 12 -7 -1 -27 -22 -17 -10 2 24 22 8 -4 -2 -3 -15 -10 6 13 17 14 6 -4 -11 -17 -21 -23 -19 287 1068 305 1859
-12 -8 1 11 16 20 25 25 32 27 25 30 27 2 -13 -1 10 15 18 17 11 -12 -20 8 29 31 25 -2 -48 -96 -127 -141 -142 -127 -106 -99 -99 -88 -69 -49 -8 39 78 105 120 133 144 139 149 164 159 135 95 47 -11 -58 -66 -32 8 26 8 -41 -104 -170 -207 -183 -111 -34 23 38 6 -49 -106 -130 -100 -30 49 112 138 128 93 48 4 -22 -15 19 61 92 90 55 3 -42 -69 -67 -53 -31 -6 7 -2 -22 -45 -61 -59 -39 -9 22 33 27 8 -25 -35 -22 0 10 26 44 56 49 39 30 21 8 3 2 1 6 -9 -15 -18 -29 -36 -27 -22 -18 -10 0 3 6 -2 -13 -29 -37 -35 -23 -7 9 15 16 18 13 24 36 49 65 72 57 36 11 2 2 17 42 54 43 14 -23 -50 -51 -41 -27 -15 -7 -9 -11 -20 -30 -38 -38 -27 -16 -21 -19 -7 -1 -1 18 8 65 52 52 23 31 -6 2 4 38 34 49 32 28 -6 -24 -33 -40 -59 -73 -73 -46 -22 -17 -20 -26 -31 -37 -39 -23 -2 8 15 21 25 24 32 44 46 36 17 17 13 9 10 14 21 13 -6 -14 -18 -15 -18 -46 -71 -67 -50 -21 10 31 22 -1 -26 -38 -20 3 21 29 32 28 24 287 10209 305 1859
-5 -8 0 0 2 4 12 21 14 3 -6 -14 -10 -3 -12 -29 -42 -42 -20 14 30 34 30 15 -11 -36 -31 -7 -1 -5 11 21 24 28 30 23 7 -6 -15 -13 -5 6 19 15 -8 -28 -41 -38 -35 -34 -45 -67 -73 -66 -59 -46 -43 -49 -41 -12 33 89 145 176 172 154 127 96 83 77 77 67 37 -23 -86 -128 -148 -138 -97 -45 -1 18 6 -22 -59 -97 -105 -83 -46 -5 25 49 47 32 15 4 4 21 46 66 76 75 43 3 -33 -56 -51 -34 -15 9 20 16 2 -9 -13 -25 -33 -31 -27 -24 -18 -11 -14 -15 -25 -34 -23 -9 3 21 27 26 18 2 -4 -6 -4 7 15 23 35 33 14 -12 -23 -17 -5 7 17 40 39 17 3 -2 -13 -26 -29 -18 -23 -18 -8 -10 -23 -38 -56 -66 -68 -56 -24 15 47 68 83 76 88 112 122 122 120 120 110 75 31 -15 -72 -117 -154 -163 -148 -123 -98 -79 -74 -81 -85 -68 -41 -2 36 51 42 12 -17 -21 -8 26 65 101 128 126 110 82 45 17 3 -4 0 2 3 -4 -12 -23 -41 -61 -69 -58 -29 4 29 23 -4 -26 -53 -66 -55 -29 6 23 27 36 39 33 20 11 10 13 27 36 37 27 9 -8 -14 -20 -19 -9 15 288 1501 305 1859
-1 -7 -8 0 3 1 8 11 14 12 1 -5 -13 -21 6 -18 -20 -34 -26 -65 -48 -51 -32 -35 15 42 86 93 125 120 123 103 101 84 81 44 -1 -45 -78 -112 -128 -133 -119 -104 -88 -66 -59 -63 -63 -53 -33 3 37 55 48 24 -11 -44 -54 -25 38 99 146 171 150 113 45 -22 -65 -69 -33 24 60 70 52 18 -39 -90 -109 -81 -27 21 48 45 20 -9 -56 -96 -88 -45 -3 27 32 33 29 14 3 3 17 37 49 45 20 -2 -11 -20 -29 -24 1 24 35 41 37 20 -5 -30 -44 -44 -29 -1 8 -8 -26 -29 -17 -17 -29 -32 -28 -20 -9 6 20 29 28 14 1 -2 3 14 17 17 17 10 9 10 -1 -2 -7 -23 -31 -34 -25 -11 7 20 17 3 -22 -36 -31 -14 7 18 26 24 6 -1 -5 -7 -3 3 8 4 2 17 14 8 16 20 10 -2 -8 -17 -25 -24 -20 -15 -15 -14 -4 -15 -20 -18 -16 -9 -5 -1 15 22 21 16 9 -4 -17 -12 3 14 14 12 9 5 4 7 12 26 25 9 -3 -10 -15 -12 -15 -15 0 21 33 22 6 0 -2 -12 -29 -36 -23 -9 -4 2 21 18 3 -10 -17 -18 -2 22 43 41 28 15 1 -11 -17 -30 -28 -18 -1 288 10157 305 1859
-3 2 9 9 11 10 3 6 13 19 13 7 5 -4 -11 -18 -16 -3 2 7 1 -13 -17 -17 -18 -11 3 18 31 35 19 2 -8 -26 -41 -36 -12 9 16 17 19 10 -1 -8 -13 -9 -11 -2 10 10 -11 -33 -53 -61 -69 -86 -93 -81 -65 -24 47 111 152 169 157 126 88 59 63 77 83 67 34 -3 -57 -107 -132 -133 -106 -68 -30 -1 22 35 11 -35 -82 -105 -93 -52 1 51 70 71 49 16 -3 -10 2 32 58 63 48 20 -9 -40 -58 -53 -27 2 29 45 40 20 -6 -40 -58 -59 -42 -20 -5 10 14 1 -17 -28 -29 -21 -2 23 36 31 20 7 -3 -15 -16 -8 6 19 20 19 15 10 7 0 -9 -8 -5 -4 -1 5 15 28 19 7 -3 -11 -12 -14 -18 -17 -20 -31 -38 -37 -51 -58 -49 -38 -13 14 42 65 92 119 136 129 130 120 103 67 12 -38 -74 -102 -118 -119 -106 -86 -71 -72 -81 -82 -80 -63 -37 -20 41 51 45 28 3 -35 -29 -19 -4 8 52 108 141 134 96 50 3 -22 -27 -24 -6 16 13 -4 -25 -37 -42 -42 -22 4 26 33 18 -9 -36 -51 -52 -48 -33 1 35 47 46 30 -2 -32 -32 -13 19 50 57 40 13 -16 -24 -25 -8 10 20 289 11442 305 1859
-7 -1 3 0 -1 -5 -4 0 -3 1 2 3 7 5 -1 -5 -12 24 12 10 10 13 -16 -19 -15 -5 1 15 12 11 2 -8 -2 -2 11 22 9 -2 -9 -19 -18 -12 2 16 31 26 3 -12 -30 -52 -76 -83 -69 -58 -60 -59 -59 -48 -24 11 57 104 155 189 194 161 118 84 57 44 40 18 -26 -81 -118 -128 -108 -65 -26 -1 5 -6 -24 -53 -80 -95 -101 -98 -60 1 44 61 60 48 22 -1 -9 18 68 107 107 72 17 -34 -65 -64 -50 -22 15 39 37 24 2 -26 -45 -63 -63 -41 -21 -11 -8 -9 -12 -18 -19 -8 5 19 28 27 17 12 -3 -19 -14 -7 -1 13 19 18 17 13 10 3 14 -3 19 7 -14 -26 -4 -6 1 7 21 7 -5 -18 -27 -27 -21 -18 -19 -31 -40 -41 -40 -28 -13 10 28 51 74 91 110 122 130 126 108 93 64 11 -36 -73 -103 -121 -131 -124 -113 -106 -85 -63 -54 -47 -39 -24 1 16 13 6 -2 -15 -21 -13 9 53 96 128 141 127 103 67 13 -25 -37 -25 0 13 23 23 0 -43 -87 -115 -98 -42 17 56 71 53 5 -50 -94 -102 -78 -39 15 61 93 92 57 29 2 -16 -17 1 31 44 44 39 26 5 -20 -23 -15 -4 10 291 4608 305 1859
-34 -32 -28 -10 22 41 49 39 7 -29 -35 -26 -12 0 8 0 -11 -22 -17 -1 14 20 10 0 -7 -2 17 37 32 14 -6 -16 -15 -7 8 20 10 -10 -11 -11 -9 -13 -12 -5 1 -16 -21 -31 -35 -36 -38 -36 -35 -49 -66 -79 -79 -63 -25 23 79 130 160 173 167 149 127 108 93 83 63 40 1 -56 -102 -131 -133 -108 -73 -32 5 10 -12 -42 -76 -102 -97 -78 -51 -12 21 42 37 25 20 34 49 58 60 67 68 51 23 -2 -28 -36 -62 -28 -35 -17 -7 16 -16 -21 -30 -31 -51 -35 -18 9 20 24 23 15 -3 -23 -35 -31 -22 -16 -3 11 8 11 8 -5 -12 -2 9 24 38 43 38 33 13 -2 -12 -18 -15 -19 -31 -33 -34 -7 25 34 32 19 0 -22 -43 -44 -41 -43 -43 -40 -39 -31 -10 21 44 61 66 85 102 110 131 156 160 130 74 25 -18 -60 -99 -127 -144 -148 -143 -124 -94 -76 -78 -86 -87 -70 -31 10 39 53 30 -7 -28 -24 5 49 94 129 131 113 88 58 26 6 -9 -13 -1 14 23 14 -10 -39 -53 -66 -61 -31 2 20 19 -2 -20 -36 -51 -56 -19 -18 23 32 36 13 27 8 -4 -15 7 10 23 25 39 32 27 14 9 13 12 8 20 291 13749 305 1859
-11 -21 -22 -13 -5 -4 1 3 7 9 20 24 11 -2 -2 -2 -4 0 2 -3 -5 -11 -7 -5 -2 7 7 5 8 4 7 7 -1 0 -4 -4 -3 -2 -1 1 6 7 9 14 8 -1 -19 -33 -34 -31 -54 -45 -65 -74 -103 -79 -74 -32 3 71 99 143 153 170 137 114 78 75 70 75 55 28 -32 -79 -113 -126 -118 -85 -38 5 12 -8 -43 -69 -90 -102 -95 -55 3 41 48 44 25 7 2 14 33 60 81 95 75 42 2 -27 -46 -63 -67 -41 -5 26 37 37 21 -8 -35 -56 -62 -49 -34 -30 -23 -9 3 7 17 28 26 17 1 -7 -3 6 14 13 -3 -19 -25 -10 6 13 16 9 3 -2 1 12 18 15 -6 -26 -22 -7 10 22 16 8 -6 -19 -17 -7 2 -5 -16 -39 -67 -78 -70 -43 -13 12 41 58 78 97 112 123 131 124 138 91 56 10 -26 -94 -104 -123 -112 -129 -99 -93 -70 -86 -79 -80 -59 -40 1 22 45 30 9 -16 -27 -23 3 43 99 139 148 131 100 52 7 -25 -26 -9 5 15 23 7 -22 -50 -70 -70 -47 -15 23 40 38 17 -14 -47 -64 -71 -57 -26 12 48 71 69 54 27 -4 -16 -4 2 2 9 14 6 -4 -2 10 11 3 -14 -20 292 6166 305 1859
-19 -2 -21 3 -4 27 11 36 16 26 14 28 19 29 29 36 14 -10 -37 -49 -69 -85 -88 -88 -92 -99 -106 -110 -104 -66 -3 40 71 101 111 104 90 74 75 100 128 128 103 72 34 3 -30 -22 2 25 13 -23 -63 -99 -122 -108 -76 -31 12 23 -5 -65 -137 -172 -145 -65 30 111 149 137 93 12 -70 -99 -67 -7 54 93 114 92 41 -13 -47 -53 -42 -22 7 33 40 24 -9 -51 -84 -82 -49 -9 14 7 -12 -37 -58 -45 -10 21 35 35 32 19 2 -4 -5 5 21 34 46 49 46 40 16 -15 -35 -32 -24 -6 13 17 14 -4 -30 -35 -27 -14 5 15 15 4 -5 -16 -21 -9 5 19 27 26 21 12 2 -3 -1 14 29 27 21 12 -3 -14 -26 -24 -15 1 15 17 19 12 -6 -26 -37 -35 -15 12 35 37 18 -9 -26 -25 -14 5 25 28 17 3 -11 -16 -9 8 20 25 20 5 -22 -38 -27 -14 -4 19 38 36 11 -17 -30 -37 -48 -38 -7 16 25 22 16 -3 -33 -39 -28 -17 1 30 46 41 22 -2 -18 -18 -5 3 -6 -17 -11 -2 7 10 4 7 -2 -19 -27 -25 -16 -3 5 1 -10 -12 -11 -3 3 3 3 -5 -7 -6 3 26 45 39 16 -9 -14 292 6835 305 1859
-8 -30 -23 -6 8 5 -12 -29 -27 -20 -11 2 17 21 18 3 -14 -20 -3 25 27 16 8 -1 -9 -11 -4 14 17 3 -5 19 -12 3 5 -5 -34 -18 -11 -5 -21 -1 13 21 14 14 0 -14 -23 -23 -33 -45 -43 -50 -66 -77 -84 -78 -50 -8 51 112 155 172 167 142 109 89 71 72 75 65 39 -3 -62 -111 -144 -151 -119 -62 -14 17 1 -40 -81 -115 -138 -118 -69 -13 40 72 74 54 21 4 -6 -8 14 57 97 100 75 36 -6 -41 -54 -44 -21 15 51 68 51 6 -35 -57 -75 -89 -76 -42 -13 0 -6 -8 -5 -5 -1 -3 -2 15 28 39 42 36 25 7 -15 -19 0 23 33 37 16 -17 -31 -18 4 12 13 20 17 -2 -16 -18 -7 -7 -8 7 15 7 6 7 -7 -24 -41 -58 -68 -59 -30 8 33 38 47 60 85 109 113 111 103 92 80 60 31 -21 -82 -134 -164 -149 -115 -85 -72 -75 -82 -99 -105 -76 -34 5 39 56 54 21 -11 -33 -39 -12 40 97 141 155 141 103 43 -9 -32 -25 -1 36 66 61 35 -4 -49 -85 -99 -76 -35 -4 15 16 -9 -42 -80 -96 -85 -53 -8 37 69 77 61 40 10 -9 -5 11 34 45 51 44 30 11 -8 -16 -19 -23 -9 292 14573 305 1859
-20 -18 -6 3 -6 -13 -2 7 -2 8 13 1 -17 -25 -28 -16 -15 -17 -19 -37 -43 -31 -35 -38 -20 6 42 88 128 156 160 132 101 85 74 46 5 -37 -71 -108 -131 -122 -109 -106 -101 -94 -92 -96 -90 -51 -6 25 43 49 46 27 -5 -36 -54 -32 22 90 150 177 162 112 41 -32 -85 -80 -33 14 41 48 29 -14 -57 -81 -81 -57 -9 22 42 39 20 -2 -31 -61 -72 -55 -26 33 37 64 48 33 0 12 -4 4 19 41 34 31 7 -6 -24 -30 -19 6 21 18 12 4 -7 -23 -38 -37 -32 -29 -16 -1 3 3 4 5 -1 -14 -11 -2 -2 -3 0 3 4 6 16 19 9 -4 -11 -5 13 20 22 15 1 -11 -20 -29 -34 -24 -15 -8 2 9 16 4 -23 -30 -20 -16 -10 9 31 38 28 20 11 -4 -21 -18 -8 -6 -8 -3 6 15 9 0 -5 -5 -2 -11 -22 -20 -7 8 8 2 3 10 11 8 1 -2 1 7 5 9 19 15 3 -8 -7 2 4 -1 -17 -26 -19 -3 19 34 32 22 13 -3 -24 -35 -34 -35 -28 -16 3 23 34 40 31 20 11 1 -6 -4 11 31 30 6 -15 -19 -17 -11 -6 -9 -16 -20 -19 -6 4 6 6 0 -9 -13 -14 -4 7 293 6874 305 1859
-29 -24 -13 -2 3 2 -5 -13 -9 7 19 26 29 20 8 -9 -18 -13 -7 2 10 8 7 0 -11 -15 -8 5 14 14 4 -5 -14 -20 -14 -2 7 6 -4 -2 1 -11 -16 -9 0 6 9 10 0 -14 -25 -34 -41 -59 -74 -84 -90 -76 -46 1 59 118 165 175 166 140 97 67 66 65 67 62 47 11 -52 -125 -165 -166 -139 -75 4 58 61 27 -41 -102 -125 -115 -86 -43 5 54 75 73 55 31 20 11 11 32 58 78 68 25 -20 -61 -82 -76 -47 -6 22 32 17 -15 -35 -37 -27 -17 -15 -15 -11 5 12 0 -6 -19 -23 -1 17 22 28 31 14 -12 -26 -28 -20 -5 12 31 32 32 24 10 6 6 8 19 11 -2 -3 0 1 1 5 12 2 -15 -31 -45 -55 -52 -36 -30 -24 -26 -33 -32 -33 -18 11 36 65 89 104 120 132 94 135 100 83 45 41 -34 -63 -109 -115 -148 -128 -121 -86 -89 -74 -71 -66 -57 -30 -3 26 38 35 20 -14 -40 -50 -35 18 85 144 164 144 97 50 5 -37 -55 -35 1 35 39 33 13 -16 -45 -65 -65 -33 4 33 36 15 -10 -39 -59 -67 -55 -17 26 47 29 2 -5 -4 7 19 28 48 61 41 9 -17 -23 -32 -25 13 39 51 294 8253 305 1859
-12 -8 3 7 11 8 11 12 1 -5 -3 -2 -14 -23 -21 -8 -15 -27 -36 -45 -62 -66 -56 -35 -6 20 46 73 94 106 120 132 147 141 113 71 19 -25 -59 -94 -105 -92 -78 -85 -100 -97 -101 -117 -128 -112 -75 -35 6 43 55 37 -12 -53 -61 -45 5 83 157 188 167 123 76 28 3 -14 -17 -6 11 24 27 16 -14 -45 -66 -84 -77 -55 -26 9 28 16 -11 -41 -49 -33 -14 12 38 52 42 17 -2 4 15 13 8 12 16 23 27 22 16 11 11 10 6 13 18 17 9 -16 -42 -56 -54 -45 -29 -16 -5 2 1 5 3 -9 -9 -3 -7 -6 7 19 20 11 8 10 3 -9 -3 6 15 16 17 18 5 -9 -16 -22 -30 -15 -32 17 9 19 -16 13 -18 -6 -42 -14 -12 2 -24 12 7 16 1 11 10 21 4 5 18 10 -11 -4 3 3 -1 -8 -9 -13 -15 -6 -11 -12 3 16 14 4 -7 -12 -22 -25 -26 -20 -4 6 25 27 24 13 14 13 5 -7 -14 -12 4 15 7 9 20 23 13 4 13 24 3 -25 -42 -40 -31 -22 -19 -8 6 9 0 -13 -26 -16 -4 3 20 36 44 41 32 27 12 -14 -25 -15 3 24 31 22 0 -22 -27 -21 -11 -3 -11 296 10493 305 1859
9 14 12 -2 -18 -27 -9 22 34 31 12 -10 -15 -11 -4 7 17 23 21 11 0 -12 -13 -6 2 -15 -21 0 -6 -21 -4 17 22 14 12 12 4 -9 -19 -10 -3 -6 6 14 5 -6 -7 -9 -30 -39 -55 -31 -39 -39 -68 -51 -85 -71 -54 23 62 118 134 169 145 132 103 94 67 64 57 43 6 -33 -84 -115 -131 -117 -86 -48 1 32 26 1 -42 -82 -103 -102 -66 -9 45 66 58 38 10 -20 -35 -9 37 78 103 96 58 18 -29 -66 -83 -76 -38 9 35 46 39 21 -10 -42 -58 -46 -24 -8 8 19 13 -6 -27 -33 -27 -15 11 31 23 -1 -22 -24 -12 -5 3 16 28 34 16 -10 -15 -10 -9 -5 10 18 23 34 32 14 -8 -8 -9 -29 -20 17 20 -1 -16 -25 -31 -34 -45 -47 -54 -66 -56 -23 12 48 87 99 90 80 88 103 130 106 99 54 20 -64 -84 -103 -95 -126 -109 -117 -90 -97 -72 -71 -51 -49 -17 0 29 43 45 11 -12 -31 -33 -10 36 83 118 127 122 88 41 2 -21 -25 -8 21 40 38 13 -26 -66 -88 -79 -49 -6 23 43 44 25 -15 -55 -72 -72 -46 3 36 54 61 49 19 -11 -24 -12 7 32 58 60 40 12 -11 -24 -21 -5 17 31 297 2957 305 1859
10 14 6 -2 -11 -17 -9 4 8 -8 -27 -31 -15 6 24 23 26 22 -1 -30 -43 -35 -19 -14 1 26 43 41 33 19 -3 -19 -26 -17 0 16 23 20 -2 -20 -23 -12 2 20 -19 10 -37 -37 -49 -5 -30 -20 -56 -51 -100 -89 -84 -32 -12 41 69 110 136 172 165 144 105 80 63 53 47 33 9 -30 -89 -133 -141 -120 -74 -20 26 43 29 -8 -57 -100 -121 -103 -60 -13 33 59 59 48 29 12 10 10 33 61 71 64 40 4 -31 -57 -55 -32 0 24 35 28 12 -13 -32 -39 -29 -25 -23 -18 -22 -23 -20 -14 -12 -19 -14 7 21 27 26 15 7 5 -1 -7 -14 -20 -24 -14 -2 16 43 65 64 34 -2 -13 -26 -42 -37 -13 10 17 21 25 -1 -36 -46 -40 -40 -38 -15 9 6 -20 -45 -52 -47 -30 6 20 73 54 110 131 161 128 159 111 71 -10 -24 -63 -67 -103 -106 -134 -130 -125 -91 -90 -71 -52 -40 -40 -30 1 47 61 44 13 -18 -38 -35 0 55 105 139 150 129 78 17 -30 -48 -38 -11 13 25 20 1 -26 -52 -68 -61 -41 -11 18 42 40 3 -41 -73 -80 -57 -22 13 48 59 51 27 8 -4 -6 5 22 34 31 24 16 2 -13 -13 -11 2 11 21 298 3585 305 1859
-16 0 2 8 15 21 8 -1 -1 -7 -9 -3 3 10 8 -1 -7 -16 -22 -17 4 27 35 28 18 10 -12 -39 -50 -50 -27 5 20 27 32 23 9 -3 -8 -4 9 27 41 46 44 42 39 36 43 50 49 31 -16 -60 -84 -90 -80 -70 -73 -78 -84 -111 -154 -172 -146 -60 -46 35 83 127 71 68 35 49 27 69 96 150 128 109 43 -11 -80 -89 -59 17 59 72 42 -11 -73 -115 -108 -68 -23 12 24 14 3 -15 -35 -43 -28 -7 22 44 53 54 35 11 -8 -17 -12 22 51 68 54 30 -1 -23 -35 -21 13 42 42 26 -1 -23 -43 -46 -23 -2 14 22 18 6 -16 -36 -32 -22 -16 -12 -4 4 -2 -13 -19 -19 -15 0 20 34 36 35 22 8 3 12 31 49 61 60 38 2 -35 -65 -75 -77 -74 -68 -65 -75 -96 -116 -110 -74 -27 21 57 71 71 63 55 62 85 119 160 173 133 81 31 -19 -51 -47 -4 34 37 16 -23 -80 -133 -156 -132 -74 -12 34 46 14 -56 -119 -142 -116 -39 43 95 107 74 33 -4 -25 -20 4 36 62 68 58 25 -10 -36 -51 -43 -24 0 19 24 13 -14 -36 -51 -56 -32 -5 19 29 13 -13 -32 -45 -39 -25 -4 27 45 49 34 9 -16 298 12924 305 1859
-29 -22 -6 3 4 6 12 21 25 20 18 5 -8 -12 -20 -17 3 21 27 17 4 2 -5 -25 -32 -15 -3 5 14 20 13 -13 -35 -39 -36 -27 1 27 39 29 8 -7 -12 -1 9 -5 -23 -25 -11 11 28 30 29 16 -17 -30 3 24 35 29 -5 -73 -146 -169 -139 -92 -29 33 78 87 62 29 14 17 28 54 73 70 48 10 -27 -25 10 68 120 133 110 59 0 -33 -36 -16 25 55 45 5 -45 -78 -86 -65 -29 9 29 23 -7 -46 -71 -65 -48 -25 -13 -12 -18 -33 -46 -37 -16 22 56 62 49 24 -5 -19 -17 -4 7 -3 -19 -41 -61 -67 -50 -29 -12 8 15 12 7 -4 -10 -16 -9 14 21 23 24 19 16 18 23 29 32 36 41 34 15 0 -6 -10 -3 1 -5 1 6 12 13 -8 -19 -17 -24 -41 -64 -61 -46 -44 -44 -28 -6 0 -9 -12 13 55 83 129 160 134 66 1 -48 -73 -74 -36 20 45 30 2 -27 -37 -28 -13 14 40 42 -6 -89 -158 -172 -136 -76 -3 59 80 45 -14 -57 -65 -47 8 64 77 63 29 -14 -40 -45 -15 42 83 86 55 16 -8 -14 -7 15 39 33 11 -18 -44 -51 -33 -7 29 43 40 20 -5 -1 12 23 38 39 27 -4 299 2025 305 1859
-7 -1 4 6 -4 -9 -8 -2 -1 1 4 -3 0 5 5 12 15 7 -3 -6 -1 0 -6 -3 -1 -1 -3 -5 -2 6 6 3 3 3 0 1 4 6 14 6 -8 -17 -23 -18 -8 -3 -5 -15 -28 -34 -41 -54 -60 -64 -60 -60 -50 -29 0 40 85 123 151 177 189 173 141 103 78 56 16 -24 -55 -90 -121 -133 -124 -103 -77 -47 -24 -24 -40 -46 -45 -54 -56 -44 -23 11 40 54 46 26 20 24 47 87 105 98 72 29 -20 -48 -51 -40 -25 -21 -28 -21 -15 -14 -11 -9 -8 -18 -34 -40 -44 -23 8 20 18 7 -7 -11 -14 -6 9 24 23 18 13 -3 -15 -18 -18 -14 -10 -1 7 12 24 23 5 -2 -2 -5 -2 9 20 24 15 -1 -10 -9 -6 -5 1 6 1 -23 -41 -44 -41 -36 -37 -37 -29 -14 12 47 77 104 115 109 107 107 106 100 71 23 -35 -82 -121 -139 -139 -128 -108 -88 -85 -82 -71 -60 -43 -18 15 34 43 44 26 -2 -21 -26 -9 26 74 118 136 128 99 61 19 -7 -14 -9 11 16 -4 -30 -64 -83 -72 -50 -27 -2 25 39 18 -19 -41 -47 -50 -44 -25 -4 23 33 27 27 27 21 16 -4 -19 -9 16 38 50 52 48 29 1 -26 -37 -26 -13 303 1101 305 1859
5 -14 -20 1 7 3 3 9 13 2 -5 9 9 -3 -9 0 -7 -19 -10 6 8 3 1 4 4 -4 -6 3 8 7 6 9 11 10 -4 -21 -25 -36 -45 -52 -57 -67 -72 -78 -58 -22 17 65 109 141 159 163 155 140 120 107 98 85 44 -4 -71 -131 -167 -174 -147 -96 -43 10 29 13 -24 -60 -78 -98 -98 -59 -6 33 53 59 51 32 15 11 25 40 55 75 74 55 20 -25 -52 -52 -38 -21 -16 -6 9 27 30 25 15 3 -25 -58 -72 -57 -40 -24 -15 -27 -38 -37 -30 -17 -1 19 26 9 -4 4 22 34 21 13 23 6 -9 14 23 7 2 5 0 -6 -13 -6 18 18 16 20 3 -22 -24 -18 -14 -18 -20 -18 -23 -39 -38 -76 -31 -47 -15 -3 63 56 89 94 121 107 134 120 127 83 46 -5 -42 -81 -100 -128 -134 -137 -130 -113 -92 -75 -63 -52 -27 5 33 44 51 35 4 -21 -26 -10 17 46 91 119 117 109 87 55 18 -7 -12 -3 7 9 4 -16 -54 -79 -72 -57 -39 -15 15 31 23 0 -30 -47 -46 -62 -55 -29 -2 17 28 27 33 36 32 20 22 33 41 45 52 49 39 35 36 18 5 12 13 -4 -31 -58 -59 -62 -59 -41 -28 -16 -8 -7 -15 3 14460 305 2268
-35 -33 -28 -12 -7 -7 5 19 27 20 3 -1 -5 -9 1 8 3 -9 -17 -5 16 25 18 12 16 16 25 34 44 40 4 -22 -28 -29 -18 -14 -23 -26 -31 -38 -49 -60 -62 -60 -48 -24 13 56 86 100 99 90 78 56 55 58 108 128 131 116 72 -36 -123 -174 -175 -134 -66 5 51 54 14 -42 -106 -128 -97 -25 41 100 100 40 -54 -136 -164 -125 -40 67 139 152 102 8 -76 -110 -91 -36 29 65 65 28 -21 -54 -50 -33 0 31 48 46 37 22 12 0 -6 -6 -11 -16 -26 -37 -24 2 23 41 51 49 31 2 -12 -5 8 9 13 15 3 -8 -11 4 20 22 29 31 24 20 16 21 16 -8 -38 -56 -51 -43 -42 -51 -55 -60 -62 -50 -31 -12 3 8 16 38 58 86 112 122 115 98 77 63 43 11 -36 -74 -101 -121 -125 -115 -88 -67 -66 -75 -81 -65 -28 22 40 73 64 40 -7 -34 -55 -34 14 75 120 140 126 86 36 -14 -43 -46 -17 6 32 33 14 -20 -63 -101 -103 -73 -17 39 68 67 37 -12 -57 -86 -83 -55 -19 17 38 39 26 13 -14 -22 -17 2 31 60 66 70 55 19 -16 -29 -35 -21 -2 25 42 33 12 -9 -32 -45 -43 -35 -19 1 10 12 8 8 3092 305 2268
44 0 -6 -32 1 -23 -10 -27 1 -17 4 -4 21 4 2 -20 -18 -14 3 1 2 -4 -6 -18 -23 -6 10 15 9 -1 -8 -13 -18 -13 -9 -8 -28 -50 -62 -64 -61 -60 -54 -46 -30 2 42 86 133 147 144 118 95 80 72 74 91 93 70 10 -58 -121 -165 -187 -170 -119 -50 8 35 31 5 -35 -75 -86 -59 -13 51 96 110 89 39 -10 -38 -47 -18 39 92 113 100 63 11 -39 -69 -71 -36 7 36 35 8 -29 -62 -78 -68 -40 5 40 47 36 9 -16 -41 -61 -56 -38 -19 5 20 28 25 18 -8 -36 -46 -32 -4 22 29 78 20 14 -12 -3 -44 -28 -47 -8 -4 49 53 66 37 27 -20 -51 -66 -34 -18 0 -14 -32 -44 -52 -48 -38 -20 7 25 30 43 73 116 144 135 115 95 80 68 47 13 -18 -44 -81 -113 -126 -128 -114 -105 -96 -97 -101 -100 -76 -38 15 64 94 102 81 38 1 -31 -33 -10 27 75 115 128 104 52 -3 -42 -50 -42 -5 35 47 38 -2 -56 -101 -126 -109 -62 -10 33 60 56 29 -8 -34 -45 -31 -12 22 49 53 38 12 -18 -33 -37 -16 20 44 58 49 27 11 -1 -10 -12 -6 7 18 17 13 8 -7 -21 -30 -46 -43 -14 8 15 8 2 13 913 305 2268
10 2 -9 -16 -23 -16 -2 0 6 12 17 16 4 -8 -14 -12 -7 3 14 18 22 15 5 -7 -16 -14 -6 -16 -24 -23 -8 0 41 1 18 -5 -10 -62 -58 -83 -74 -103 -95 -87 -31 14 79 112 138 135 126 116 121 134 153 163 144 93 27 -34 -90 -137 -168 -177 -156 -114 -64 -30 -12 -9 -30 -53 -63 -54 -20 16 46 62 47 37 17 2 -5 2 19 40 49 48 32 17 -5 -25 -40 -45 -30 -14 -8 -2 -9 -17 -24 -36 -33 -27 -12 13 18 10 5 -2 -6 -9 -1 -3 -6 -8 -7 0 0 -11 -12 -15 -13 -14 -10 7 15 16 12 10 12 8 3 3 -1 6 16 21 25 29 29 16 4 -7 -22 -28 -20 -12 -13 -18 -26 -31 -46 -53 -55 -50 -26 0 32 68 104 132 148 145 133 122 105 63 12 -34 -63 -83 -101 -101 -100 -119 -137 -157 -164 -142 -104 -47 12 56 80 78 60 35 4 -22 -37 -27 12 66 109 129 125 93 36 -14 -42 -34 -6 19 39 29 -8 -45 -74 -85 -73 -49 -22 1 23 31 36 34 28 18 6 9 19 23 27 24 17 9 -12 -20 -13 -10 -4 6 14 16 6 2 1 2 -4 -4 3 12 18 11 6 12 0 -10 -9 -7 -6 2 10 9 3 18 8006 305 2268
1 -9 -13 -4 8 13 16 20 18 20 4 -14 -12 -4 -2 9 21 26 28 21 12 5 -5 -3 -7 -20 -33 -36 -21 7 22 26 21 4 -17 -43 -69 -72 -59 -60 -53 -47 -47 -37 -18 13 49 77 103 125 132 134 142 145 132 110 87 67 39 -6 -64 -124 -165 -177 -164 -121 -66 -35 -27 -38 -62 -72 -74 -60 -26 8 33 55 56 43 31 24 16 15 33 57 76 83 81 61 7 -24 -42 -51 -54 -27 -19 -6 -14 -1 -24 -37 -54 -36 -41 -23 -20 -2 -7 9 -1 2 -8 -6 -7 1 8 26 30 29 18 8 4 -1 -5 -6 -3 5 11 16 21 22 16 3 -4 -3 11 15 15 9 -2 -17 -18 -24 -34 -29 -31 -34 -30 -24 -15 -14 -27 -47 -65 -61 -35 7 60 107 136 135 122 106 89 81 78 75 61 28 -14 -53 -92 -116 -137 -152 -153 -146 -128 -102 -78 -57 -37 -10 23 58 71 50 20 -6 -8 11 45 87 116 115 95 55 21 2 -6 0 16 29 24 6 -20 -53 -72 -74 -62 -52 -44 -6 29 37 33 12 3 -18 -30 -24 -2 -5 21 26 26 5 11 -3 0 -5 12 10 28 19 36 29 31 18 7 -12 -10 -8 13 20 19 10 1 -8 -20 -32 -36 -31 -30 -30 -25 23 6069 305 2268
-14 -1 13 11 4 0 3 -3 -11 -9 2 9 7 4 -1 -11 -14 -21 -21 -12 -12 -13 -2 -2 -5 2 19 42 50 44 40 50 59 51 20 8 8 0 -17 -25 -28 -32 -45 -74 -95 -107 -123 -140 -143 -126 -84 -34 18 59 79 74 56 31 16 14 37 96 165 191 170 107 29 -44 -106 -116 -74 -11 30 44 42 20 -27 -72 -86 -86 -70 -24 28 55 54 37 8 -7 -12 4 39 63 55 6 -56 -92 -90 -64 -10 31 47 38 2 -25 -23 -4 17 33 42 31 8 -4 -7 -9 -9 -8 -11 -13 1 22 48 77 79 63 39 14 -2 -13 -15 -15 -22 -25 -28 -40 -52 -50 -42 -25 -9 4 14 19 14 22 31 34 39 38 28 13 -19 -48 -48 -47 -47 -55 -69 -77 -75 -80 -81 -69 -46 -25 4 36 74 101 105 101 103 108 111 98 76 50 9 -17 -24 -11 11 13 -2 -21 -80 -97 -149 -140 -96 -24 10 65 80 53 -31 -88 -113 -85 -44 12 77 108 95 60 17 -30 -62 -73 -39 -13 9 22 23 4 -20 -36 -25 3 33 43 39 9 -31 -49 -39 -10 24 45 56 37 5 -22 -29 -13 21 38 43 32 13 -12 -23 -33 -46 -54 -53 -49 -33 -15 9 13 2 -3 -2 4 11 10 14 28 4713 305 2268
2 9 9 0 -9 -19 -20 -13 -9 7 21 23 15 0 -6 -6 -11 -8 -13 -11 1 16 28 35 29 30 17 -4 -12 0 22 37 46 46 41 36 19 10 -1 -20 -39 -59 -77 -97 -104 -85 -81 -106 -133 -146 -125 -73 -20 35 70 111 79 44 23 33 56 104 150 171 142 83 10 -60 -96 -99 -56 3 50 71 58 2 -52 -91 -106 -97 -62 -25 12 15 -4 -24 -31 -38 -26 1 38 63 64 54 32 -1 -10 -4 1 16 36 38 29 15 5 3 2 1 5 15 17 17 8 1 -18 -40 -39 -22 -15 -3 11 19 15 -5 -13 -15 -22 -16 -9 -7 -3 -4 -8 -16 -15 -5 16 33 34 26 21 17 14 5 5 25 40 40 31 14 -1 -29 -52 -57 -65 -74 -84 -84 -80 -83 -81 -63 -38 -17 12 47 73 91 89 67 67 101 144 161 138 97 48 -11 -53 -62 -34 -13 -4 -41 -50 -78 -107 -114 -64 -26 5 27 38 13 -41 -82 -100 -94 -62 6 74 117 105 65 6 -38 -46 -18 17 59 71 54 11 -26 -49 -47 -31 -7 21 42 38 27 5 -18 -38 -51 -41 -19 -11 -3 -3 -13 -27 -39 -45 -33 -11 13 31 39 29 4 -15 -26 -23 -10 28 52 46 36 25 2 -6 -7 3 13 11 33 11350 305 2268
3 7 5 3 2 0 0 3 5 -3 -13 -16 -12 -5 -2 14 40 47 25 8 1 -6 -28 -42 -25 -8 -6 -2 5 -1 -10 -22 -33 -43 -34 -10 14 12 0 -19 -47 -67 -67 -60 -47 -26 15 69 104 134 149 143 119 97 84 86 84 82 58 7 -67 -134 -164 -171 -143 -97 -53 -19 -13 -27 -37 -47 -37 -37 -26 -8 13 39 51 42 23 8 9 20 37 61 75 78 62 28 -11 -40 -50 -45 -38 -19 -6 3 11 -4 -21 -25 -27 -28 -27 -17 0 8 7 -7 -13 -35 -44 -27 -13 2 18 30 32 16 6 -7 -22 -20 -14 -9 4 13 19 19 14 11 9 7 7 11 14 17 26 27 15 1 -8 -9 -7 -20 -32 -21 -6 -20 -33 -24 -23 -46 -53 -44 -26 -1 18 50 74 86 97 123 138 137 126 98 53 2 -53 -92 -108 -115 -118 -125 -129 -125 -125 -124 -107 -71 -19 25 58 85 95 72 28 -5 -23 -9 33 72 95 90 66 45 25 10 8 15 30 42 27 -9 -47 -73 -90 -87 -73 -18 26 45 36 46 14 -14 -41 -25 -17 2 3 32 18 4 -29 -19 -8 2 -10 4 11 22 28 36 34 25 -7 -14 -10 -1 10 24 18 8 6 -1 -9 -8 -8 -12 -27 -23 -20 -19 -14 40 1939 305 2268
-9 -6 -1 4 5 10 13 11 4 2 9 12 4 -8 -15 -13 -13 -20 -12 -8 4 18 19 8 -1 1 2 -8 -22 -22 -14 -1 8 7 4 3 -7 -28 -48 -53 -56 -51 -52 -48 -32 -14 14 46 78 112 132 134 115 82 68 80 92 96 80 43 -14 -93 -163 -190 -171 -134 -85 -23 21 39 25 -2 -31 -61 -73 -53 -17 30 68 79 60 21 -13 -21 -8 24 54 65 56 39 11 -17 -29 -38 -45 -36 -23 -6 9 18 18 5 -15 -27 -31 -17 1 11 14 3 -18 -36 -40 -33 -24 -13 4 19 24 16 11 3 -8 -16 -20 -14 0 9 19 19 13 14 7 -2 -4 0 10 24 34 28 19 8 -7 -17 -27 -25 -24 -23 -13 -7 -16 -22 -29 -43 -52 -54 -35 -4 30 62 80 91 102 100 95 90 83 65 49 12 -25 -55 -86 -118 -126 -126 -110 -87 -84 -77 -75 -69 -48 -3 20 106 109 96 37 4 -53 -59 -48 3 44 93 116 124 86 43 -6 -46 -48 -30 3 38 56 43 0 -58 -86 -88 -59 -19 15 40 48 38 12 -19 -38 -48 -40 -31 -17 6 19 31 31 9 -17 -24 -13 12 27 47 51 35 8 -15 -23 -10 9 24 28 29 28 24 10 -13 -25 -30 -32 -27 -23 -15 -3 43 14523 305 2268
3 26 35 33 3 0 -13 -26 -31 -19 0 -4 -2 8 17 13 10 3 5 4 10 8 1 -10 -3 7 7 -1 1 0 -1 -5 -24 -34 -33 -17 -2 -7 -17 -21 -42 -63 -84 -85 -63 -28 8 55 107 136 143 145 128 101 73 57 62 69 70 51 -2 -65 -128 -174 -164 -122 -70 -27 6 17 3 -25 -53 -72 -70 -45 -5 37 66 72 48 18 -8 -25 -9 28 59 89 96 75 21 -40 -72 -83 -64 -23 11 29 29 14 -8 -25 -36 -35 -25 -12 2 15 16 9 -4 -26 -34 -36 -31 -8 21 39 42 29 12 -15 -14 -47 -22 -17 -4 -12 17 27 30 9 2 -14 -13 -4 10 20 28 32 28 17 -10 -19 -27 -29 -21 -4 -2 -7 -16 -24 -36 -42 -40 -27 -12 2 23 38 52 67 79 94 106 110 111 83 49 8 -35 -75 -106 -124 -119 -112 -106 -89 -76 -71 -71 -65 -48 -21 21 70 111 108 67 11 -43 -56 -41 -11 34 84 112 116 93 51 3 -27 -37 -26 0 22 32 20 -15 -60 -96 -97 -70 -38 20 65 70 43 -5 -50 -68 -54 -22 6 25 40 42 25 4 -7 -15 -15 3 27 42 46 42 26 -1 -25 -34 -36 -24 3 23 37 36 18 3 -11 -20 -23 -21 -16 -7 3 5 50 6430 305 2268
31 22 -1 -18 -11 2 8 14 19 12 -5 -12 -4 21 16 7 -12 -42 -59 -28 0 26 38 31 12 -3 -14 -19 -16 -11 -9 -13 -19 -6 18 21 17 2 -29 -59 -78 -72 -52 -36 -22 -8 -1 11 43 88 126 131 113 91 70 62 71 92 97 65 -7 -89 -151 -181 -174 -135 -72 -5 29 36 24 -15 -53 -72 -78 -53 -16 24 53 73 59 20 -12 -19 -14 10 57 88 92 65 26 -23 -48 -63 -68 -43 -3 17 27 22 14 -3 -24 -35 -24 -14 -1 2 2 -1 -12 -32 -41 -28 -26 -5 7 16 31 33 14 4 -11 -15 -18 -15 -6 4 8 9 8 11 12 19 7 -13 0 9 8 24 44 47 26 -3 -35 -66 -68 -59 -22 12 21 30 25 -16 -55 -68 -60 -39 -10 34 82 107 111 112 98 70 53 47 31 22 5 -20 -54 -96 -123 -125 -116 -95 -85 -91 -86 -69 -39 7 63 96 100 76 29 -22 -58 -64 -32 12 58 96 106 99 81 42 7 -24 -35 -27 -3 28 52 41 3 -50 -93 -106 -69 -14 20 53 62 49 11 -31 -58 -61 -43 -11 4 20 24 14 0 -10 -15 -10 -2 14 27 37 49 30 7 -7 -11 -16 -6 15 27 27 30 19 11 -8 -24 -24 -23 -19 -11 -15 -20 55 3884 305 2268
13 14 14 16 13 -8 -9 -39 -15 -7 -3 -10 16 24 16 -6 -6 -11 -11 -8 -3 9 15 21 19 10 -1 2 -6 -8 -20 -32 -30 -10 1 2 -9 -21 -38 -54 -80 -93 -99 -91 -53 -6 45 93 117 130 135 119 108 106 108 119 126 108 93 39 -24 -101 -155 -178 -165 -139 -107 -54 -14 -2 -9 -26 -40 -48 -52 -28 4 40 53 50 31 9 -18 -15 7 38 66 77 60 44 17 -11 -29 -33 -38 -32 -26 -14 2 -3 -22 -30 -31 -22 -17 -5 15 25 26 19 5 -13 -25 -33 -23 -9 -1 1 10 14 15 4 -11 -13 -10 -13 -4 6 13 16 4 -1 2 1 -5 -12 -7 6 20 29 33 26 11 1 -17 -31 -32 -32 -26 -14 -17 -24 -24 -30 -31 -33 -27 -9 10 41 73 92 110 122 129 125 105 78 53 17 -35 -73 -89 -103 -110 -110 -111 -108 -115 -119 -111 -94 -54 -1 51 89 91 68 36 6 -16 -27 -17 8 47 84 107 116 93 57 15 -29 -40 -22 0 26 32 10 -32 -73 -88 -81 -54 -16 17 33 34 21 7 1 0 -16 -26 -17 1 26 29 19 9 -17 -36 -32 -15 16 41 53 51 31 6 -15 -24 -17 -4 8 13 16 14 11 3 -10 -19 -18 -25 -19 -6 1 13 62 4774 305 2268
-5 1 4 6 1 -4 4 4 6 9 4 2 -8 -13 -2 0 7 9 14 15 12 5 -1 -6 -3 -2 11 17 26 34 30 29 32 38 48 32 10 -7 -21 -31 -41 -48 -43 -50 -58 -76 -103 -133 -156 -156 -112 -51 8 62 97 88 48 21 8 23 55 99 151 171 143 68 -27 -89 -103 -87 -45 4 47 74 59 11 -39 -73 -99 -100 -69 -29 0 15 20 10 -17 -27 -19 -2 23 41 44 34 8 -14 -14 5 32 46 43 30 10 -1 6 8 -4 -5 8 12 7 4 -2 -3 -15 -27 -29 -24 -6 8 23 47 35 9 0 -15 -22 -13 8 6 13 5 3 -3 -1 -7 10 11 19 14 14 8 7 1 10 15 23 23 8 -13 -33 -53 -62 -57 -49 -41 -41 -54 -72 -83 -85 -68 -33 3 47 83 95 93 82 80 89 105 113 100 71 36 -10 -36 -35 -12 12 11 -10 -42 -68 -103 -121 -104 -57 4 51 57 33 -20 -77 -119 -136 -108 -35 39 100 123 103 58 11 -27 -38 -17 12 37 53 51 31 2 -23 -34 -29 -8 19 23 6 -24 -54 -61 -44 -18 9 22 25 17 -10 -41 -54 -47 -31 -12 6 33 53 46 31 14 -13 -29 -28 -12 15 50 70 49 21 -10 -40 -37 -18 -9 -19 63 15358 305 2268
-4 -6 10 5 -14 -6 6 9 0 -1 -2 -1 -4 -4 8 6 -1 5 10 0 -12 -7 3 1 -2 5 12 13 5 -6 -9 -9 -2 5 4 4 -1 1 5 -4 -10 -3 -2 -7 -13 -11 -4 -3 -13 -23 -30 -39 -41 -46 -67 -83 -89 -80 -44 1 61 122 168 187 173 150 122 86 59 52 51 34 7 -28 -75 -117 -145 -146 -115 -79 -43 -1 22 11 -30 -75 -55 -90 -37 -11 30 14 50 37 52 30 55 47 59 29 30 12 12 3 -1 -28 -39 -47 -33 -15 6 17 18 6 -8 -29 -38 -27 -16 -5 -2 -6 -16 -15 -13 -6 -1 5 27 29 6 6 24 12 -6 -11 -12 -17 -24 -24 -2 10 8 17 22 14 1 3 2 -11 -11 6 23 28 25 20 4 -8 -19 -25 -22 -24 -23 -20 -28 -38 -47 -46 -35 -23 5 38 64 85 90 97 103 110 116 106 79 38 -5 -44 -84 -103 -113 -119 -114 -111 -104 -89 -77 -58 -42 -29 -4 20 37 42 28 11 -9 -24 -22 1 33 59 89 108 106 88 53 22 4 -10 -18 -13 0 5 -6 -22 -27 -30 -26 -20 -14 -9 -4 -2 -4 -16 -24 -25 -27 -25 -11 9 19 27 19 4 -4 0 12 28 35 41 40 22 -9 -35 -33 -27 -22 -9 14 129 12332 305 2268
-4 -1 -2 -7 -14 -9 -3 3 8 3 -7 -8 -2 11 17 17 14 7 0 -1 1 4 8 9 -3 -10 -15 -17 -1 9 12 18 6 -8 -8 -7 -3 -4 -2 -2 -11 -15 -8 6 9 4 -9 -14 -15 -19 -28 -30 -43 -56 -72 -97 -103 -83 -56 -13 28 80 140 171 179 169 149 130 103 82 67 57 37 3 -49 -103 -141 -151 -131 -88 -39 3 22 6 -28 -62 -95 -93 -69 -30 21 56 68 54 22 -17 -31 -9 30 67 105 114 82 27 -14 -53 -89 -86 -47 -6 28 36 34 23 -17 -53 -74 -77 -55 -17 16 29 17 -2 -25 -37 -36 -20 -7 -1 16 30 41 45 24 11 -2 -33 -43 -26 -4 22 30 21 2 -16 -27 -27 -12 5 21 28 22 12 3 11 24 19 13 -3 -21 -26 -34 -39 -38 -41 -43 -49 -51 -37 -12 16 50 73 97 111 121 129 143 143 125 90 36 -21 -63 -103 -126 -142 -139 -121 -115 -110 -93 -77 -69 -64 -46 -15 17 32 40 33 6 -25 -36 -24 10 65 115 148 149 112 70 31 2 -13 -14 12 28 22 10 -18 -51 -74 -76 -58 -31 4 29 44 21 -25 -44 -61 -72 -48 -11 23 43 52 51 38 18 -2 -6 2 12 36 60 52 28 4 -12 -27 -39 -35 -13 135 2139 305 2268
6 15 31 38 25 7 5 5 -16 -23 -11 -9 -22 -16 4 4 -7 -12 -8 5 2 -8 -5 -10 -13 -8 6 16 14 16 20 12 11 -23 23 -1 1 -13 21 -5 0 -17 10 -9 -8 -30 -38 -54 -37 -26 -17 -24 -31 -54 -65 -75 -71 -37 7 59 104 137 168 176 164 148 118 94 64 32 -1 -33 -61 -88 -116 -128 -120 -91 -52 -10 4 -10 -35 -61 -82 -75 -60 -22 15 27 29 31 32 32 25 32 45 58 68 66 50 26 -1 -26 -45 -49 -40 -23 -7 2 9 6 -17 -27 -37 -43 -39 -29 -9 9 5 -1 -2 -3 -6 -13 -10 -5 6 10 8 5 1 3 7 1 2 4 15 27 32 36 31 9 -5 -16 -13 -5 -3 2 1 -5 -11 -13 -18 -24 -16 -13 -18 -11 -19 9 -34 -24 -41 -30 -54 -13 -3 40 41 70 68 81 75 96 106 117 108 102 71 21 -46 -98 -123 -149 -160 -147 -128 -105 -81 -63 -41 -31 -26 -12 7 23 34 40 37 23 10 3 11 48 87 98 91 79 64 33 19 7 8 10 0 -20 -32 -45 -52 -55 -52 -40 -15 10 25 24 14 -3 -27 -44 -49 -36 -15 17 40 42 31 12 5 1 0 14 31 36 34 27 21 7 -6 2 9 5 -4 -4 -5 136 12236 305 2268
-10 -16 -22 -16 -9 6 19 27 36 23 5 -4 -13 -21 -24 -17 -3 5 11 13 0 -19 -28 -30 -28 -13 13 39 46 33 12 -2 -7 -5 -3 -13 -10 -6 -3 15 20 20 19 4 -20 -40 -39 -25 -21 -24 -36 -49 -65 -74 -80 -76 -62 -44 -18 15 55 104 157 183 178 145 104 85 70 63 57 37 11 -31 -82 -124 -137 -116 -81 -35 -7 10 13 -13 -55 -83 -97 -86 -61 -13 43 64 66 47 19 -2 -14 -6 27 59 72 68 49 15 -25 -52 -57 -36 -10 11 33 37 22 -6 -38 -48 -47 -42 -28 -13 -2 3 -5 -16 -23 -25 -20 -5 8 18 27 19 2 -10 -12 -4 2 1 9 21 17 12 7 14 22 14 -1 -12 -19 -15 -12 -9 0 15 26 28 19 0 -10 -16 -30 -45 -52 -42 -27 -35 -42 -33 -12 7 10 26 66 92 103 112 127 131 123 103 75 40 0 -45 -85 -126 -158 -160 -144 -105 -68 -49 -46 -48 -47 -52 -52 -27 7 20 20 20 20 11 8 22 59 87 106 117 117 98 62 15 -18 -34 -29 -3 22 31 5 -40 -78 -88 -78 -43 4 36 45 21 -10 -31 -44 -55 -56 -36 -3 32 48 54 54 33 8 -4 -4 9 29 33 34 22 4 -5 -15 -20 -9 -2 8 142 10397 305 2268
-17 -9 -4 -5 -3 3 0 -11 -22 -23 -12 -5 1 14 25 27 25 12 -4 -1 -3 -15 -27 -31 -17 9 2 26 17 17 -2 10 -28 -25 -25 -2 -16 11 15 38 17 19 4 0 -22 -15 -23 -11 -8 3 -2 -31 -64 -80 -84 -76 -75 -60 -34 9 56 98 142 169 170 147 111 90 81 74 64 38 4 -39 -96 -132 -136 -123 -85 -55 -21 -4 -12 -38 -61 -79 -81 -72 -45 -10 33 54 56 48 28 18 22 34 59 79 82 67 33 -5 -23 -29 -22 -13 -3 7 7 -1 -5 -4 -17 -34 -45 -56 -46 -35 -22 -10 -8 -15 -11 -12 -8 9 32 46 39 26 20 5 -16 -25 -17 -8 -7 2 6 8 11 11 18 16 16 6 -6 0 0 -6 0 -2 20 17 30 22 13 -40 -40 -64 -66 -82 -45 -42 -23 -27 -6 -11 2 3 44 58 95 132 162 156 131 88 62 25 -20 -70 -102 -123 -134 -133 -115 -82 -63 -67 -78 -88 -85 -55 -15 28 57 59 34 -7 -31 -27 -16 20 64 105 124 128 117 97 55 6 -26 -23 -8 8 11 11 -3 -33 -58 -68 -69 -45 -6 15 24 7 -20 -38 -57 -61 -45 -26 -6 12 27 46 51 40 26 10 3 6 19 36 46 45 21 -3 -22 -30 -18 -1 18 149 895 305 2268
0 -2 -1 2 6 4 4 2 -7 -3 9 13 7 8 6 -6 -15 -19 -11 7 18 17 8 -1 -3 -20 -44 -37 -16 5 21 24 23 18 10 -8 -22 -24 -15 3 14 18 21 21 18 -5 -14 0 8 4 -2 -23 -38 -41 -23 11 48 62 65 36 -30 -104 -155 -171 -151 -93 -11 64 103 111 93 48 0 -18 4 47 88 112 94 36 -19 -39 -13 45 97 116 94 36 -24 -46 -32 -7 16 19 -2 -40 -88 -114 -107 -85 -49 -11 0 -4 -23 -48 -60 -55 -38 -17 -5 2 -4 -13 -7 8 25 44 63 66 46 20 -4 -13 -8 1 16 19 9 -4 -26 -34 -24 -8 10 18 15 3 -11 -24 -24 -21 -9 5 9 8 18 22 20 26 31 34 32 21 20 11 0 -1 1 5 2 -10 -18 -17 -19 -21 -24 -27 -28 -30 -33 -29 -22 -20 -15 -13 -21 -25 -38 -43 -32 -8 36 93 133 168 164 122 65 1 -58 -90 -81 -44 1 41 59 46 -4 -58 -76 -76 -50 -4 19 4 -45 -108 -142 -125 -67 -10 15 16 -6 -31 -32 -11 26 64 80 66 28 -7 -26 -19 7 39 74 89 85 68 29 5 6 8 15 15 13 6 -14 -39 -49 -42 -19 3 16 10 -3 -25 -37 -27 -15 1 16 13 7 149 6485 305 2268
-10 1 6 3 -5 -12 -13 -12 -8 -5 3 20 29 33 15 4 0 -18 -26 -25 -15 -5 -7 2 9 3 -2 -8 -10 -3 12 30 46 56 46 29 11 -13 -24 -37 -56 -59 -52 -36 -7 14 15 -3 -25 -42 -70 -79 -63 -40 -29 -43 -63 -61 -38 -4 51 114 160 175 166 142 122 111 99 89 71 11 0 -49 -82 -128 -111 -122 -90 -69 -15 -15 -7 -34 -38 -73 -82 -86 -55 -27 15 37 52 40 30 26 26 29 42 51 57 46 29 13 -1 -12 -23 -22 -9 6 19 23 22 12 -11 -28 -42 -43 -39 -34 -18 -13 -9 -11 -18 -16 -8 -3 8 12 17 14 6 -3 -7 -7 -5 -3 9 20 34 37 35 34 31 27 16 3 -8 -14 -19 -26 -31 -28 -20 -15 -20 -27 -27 -16 0 4 9 10 5 -16 -41 -64 -78 -59 -11 31 65 105 148 145 114 91 89 93 79 63 38 -9 -75 -122 -147 -151 -133 -99 -79 -85 -94 -86 -61 -33 -5 24 37 61 14 -18 -43 -30 -48 6 48 112 119 141 102 84 35 5 -32 -21 -10 19 25 28 7 -21 -42 -48 -46 -28 -19 -12 -4 -4 -6 -14 -29 -40 -49 -46 -25 11 40 51 51 31 7 -13 -18 -5 6 21 25 22 4 -4 -7 0 7 16 18 159 10959 305 2268
26 19 19 29 23 14 11 8 0 -6 -18 -19 -21 -29 -25 -22 -15 -9 1 15 21 18 11 3 2 8 10 0 -5 -11 -17 -8 -5 -8 -7 -11 -25 -33 -41 -37 -43 -53 -60 -66 -59 -24 21 64 101 128 130 118 99 80 72 67 80 90 90 77 36 -50 -134 -182 -187 -160 -113 -47 7 24 13 -15 -55 -86 -96 -74 -28 22 64 91 82 44 7 -14 -13 20 60 87 88 60 26 4 -12 -27 -46 -46 -22 -16 -21 -22 -21 -22 -27 -33 -30 -8 5 10 13 10 0 -17 -39 -32 -9 8 25 28 22 10 -2 -1 -12 -24 -22 -16 -4 14 29 32 27 15 5 7 13 10 17 16 7 -3 -9 -6 -14 -28 -27 -28 -34 -34 -27 -8 3 5 1 -16 -36 -43 -32 -14 11 42 66 87 97 98 109 109 98 85 56 18 -18 -51 -77 -95 -117 -99 -105 -124 -134 -99 -102 -88 -69 -8 23 75 92 105 52 6 -38 -43 -36 11 63 118 129 114 80 33 -17 -40 -32 -4 23 36 32 11 -18 -52 -77 -83 -66 -27 -3 14 19 19 16 -7 -29 -29 -19 3 11 23 25 13 -4 -9 -8 3 24 44 50 48 40 22 1 -29 -38 -21 -6 16 24 19 23 15 -6 -36 -49 -54 -49 -37 -11 16 36 163 6054 305 2268
-12 11 18 21 20 10 3 -17 -39 -45 -25 -4 0 8 19 23 20 9 8 6 0 -1 2 14 16 11 17 3 -16 -22 -17 -6 -8 -31 -44 -43 -33 -22 -18 -27 -37 -43 -60 -67 -46 -6 29 60 97 145 162 151 129 109 88 61 47 46 34 -5 -48 -95 -145 -170 -147 -95 -29 15 25 6 -25 -58 -75 -71 -47 -16 14 43 53 39 19 -2 -12 0 25 67 106 128 102 44 -12 -53 -77 -82 -60 -19 16 42 38 8 -20 -44 -54 -49 -33 2 20 16 11 -9 -29 -47 -49 -37 -16 7 30 40 40 23 11 -7 -18 -14 -13 0 12 15 18 17 18 20 7 0 -3 -4 10 16 14 15 19 4 -19 -32 -41 -36 -26 -20 -9 -12 -28 -35 -40 -34 -34 -32 -4 30 60 78 79 82 88 92 95 96 92 81 51 2 -44 -78 -112 -144 -155 -147 -114 -87 -70 -49 -38 -43 -39 -15 23 56 73 80 51 3 -34 -37 -7 40 77 96 96 81 54 28 3 -13 -5 2 5 -1 -12 -22 -45 -79 -96 -86 -40 18 58 72 63 23 -36 -76 -87 -61 -5 40 61 60 36 12 -14 -35 -29 -4 30 58 62 54 31 -1 -28 -38 -27 -12 4 18 24 25 12 5 -27 -24 -32 -31 -42 -4 -19 0 -4 164 7087 305 2268
0 3 17 30 37 33 16 -9 -35 -46 -41 -30 -6 11 19 13 -1 0 3 12 20 12 2 0 -2 3 20 20 39 59 50 21 13 7 -2 -15 -21 -9 -1 -5 -9 -12 -29 -38 -50 -61 -71 -54 -19 11 23 22 -11 -38 -46 -59 -73 -71 -49 -19 31 94 140 172 153 98 41 -17 -41 -30 -5 24 37 43 28 -15 -63 -88 -81 -60 -27 10 29 25 -8 -57 -91 -105 -84 -42 -7 6 -7 -26 -27 -21 9 48 78 88 71 40 5 -18 -9 14 42 59 52 33 18 8 1 9 38 40 26 12 -10 -21 -26 -25 -13 -6 -15 -31 -42 -46 -39 -18 8 31 39 28 7 -11 -19 -11 0 15 23 13 5 -8 -16 -14 -11 -6 -3 -4 2 -2 -6 -13 -32 -26 -22 -22 -22 -9 0 5 -2 -4 4 16 17 17 25 19 21 10 -8 -9 2 14 37 61 69 53 42 18 -23 -42 -47 -43 -32 -9 8 6 -4 -19 -32 -45 -52 -31 2 13 22 32 28 15 -6 -14 -5 -2 -8 -9 -5 -43 -7 -6 14 12 32 10 20 -12 -19 -36 -27 -31 -10 -2 13 9 13 17 12 0 -9 -10 -4 12 23 27 30 18 0 -12 -6 4 -2 -17 -18 -17 -8 3 14 19 9 -9 -19 -23 -20 -6 0 164 10041 305 2268
10 -3 -12 -18 -14 -10 -7 -4 3 7 7 5 -3 0 3 -4 0 10 13 16 5 -2 -4 -9 -3 -1 -3 1 7 8 5 2 -6 -16 -25 -32 -24 -25 -34 -38 -56 -84 -92 -73 -27 17 65 123 153 147 126 115 105 82 68 71 79 67 34 -6 -60 -119 -165 -181 -156 -104 -43 15 57 35 -13 -53 -69 -95 -73 -32 21 31 60 64 65 29 12 2 21 23 54 75 80 46 4 -51 -79 -67 -54 -24 11 28 30 20 -11 -30 -33 -15 -9 -11 -10 -5 -2 -8 -23 -29 -29 -23 -16 -3 27 35 35 26 7 -14 -34 -33 -12 4 19 26 25 22 16 14 7 -3 1 5 13 15 13 13 9 -5 -21 -21 -13 -20 -17 -15 -20 -20 -27 -29 -42 -56 -52 -33 -21 1 37 69 89 99 107 124 126 109 95 65 19 -13 -49 -86 -108 -117 -121 -123 -130 -122 -106 -92 -67 -36 -4 34 61 74 63 37 1 -26 -37 -34 -4 42 93 133 132 108 73 28 -11 -38 -43 -16 11 25 16 -17 -47 -66 -73 -64 -36 20 61 65 36 3 -20 -46 -57 -65 -42 -2 26 28 12 -8 -13 -12 2 23 40 53 58 39 4 -18 -26 -31 -27 -10 19 43 48 47 44 21 -5 -31 -43 -33 -24 -7 8 -3 -17 164 15654 305 2268
-17 -22 -19 -4 7 8 10 2 -4 -3 -10 -17 -23 -18 -4 8 4 10 18 21 13 10 2 2 4 12 26 38 40 40 36 34 31 30 41 39 18 -10 -25 -23 -26 -47 -60 -57 -60 -87 -115 -132 -147 -145 -126 -52 -6 45 80 110 74 51 10 22 31 88 129 177 162 124 37 -24 -80 -78 -61 -21 1 19 23 0 -41 -71 -90 -95 -81 -50 -3 23 20 -1 -29 -41 -41 -25 12 53 67 59 44 18 -6 -6 6 25 42 40 36 20 2 -9 -14 -17 -3 2 11 17 19 17 2 -24 -34 -32 -20 -11 6 21 15 -5 -18 -20 -30 -32 -16 -1 8 6 -7 -8 -4 -2 7 18 29 32 22 18 24 26 34 37 40 36 25 -7 -31 -47 -60 -69 -70 -68 -51 -54 -64 -82 -97 -69 -51 -51 -16 39 65 65 78 109 132 134 121 128 116 63 24 3 -13 -18 -4 26 30 -7 -52 -94 -139 -157 -127 -54 23 63 67 26 -45 -106 -122 -105 -70 -9 61 109 115 85 42 -7 -44 -46 -16 30 72 82 66 20 -39 -71 -67 -33 14 44 54 41 3 -39 -53 -39 -19 2 13 13 4 -11 -32 -47 -53 -35 -16 0 16 22 17 7 -12 -14 -12 -3 16 33 44 33 20 8 -1 -7 -10 2 16 164 16157 305 2268
13 13 7 3 1 -7 -7 -6 -8 -7 -5 -2 2 -8 -14 -8 16 5 1 -10 -5 -27 -12 -10 20 23 46 27 16 -5 -12 -34 -29 -31 -10 -12 -9 -18 -32 -52 -69 -85 -85 -71 -34 20 69 100 109 112 111 109 100 81 77 77 78 84 75 34 -29 -101 -158 -188 -181 -128 -57 -3 18 14 -8 -41 -70 -73 -52 -18 20 47 56 52 43 25 5 -4 1 31 62 80 81 58 22 -13 -44 -55 -49 -20 9 20 14 3 -16 -37 -47 -39 -30 -15 6 11 7 -5 -17 -23 -31 -30 -16 -6 17 30 31 25 9 -3 -12 -20 -16 -7 7 12 15 15 8 9 3 -2 -5 -5 11 26 30 38 28 15 1 -17 -26 -28 -29 -27 -26 -24 -31 -34 -35 -40 -40 -40 -20 8 32 55 71 84 99 96 89 82 76 66 36 -4 -40 -65 -78 -84 -92 -99 -93 -90 -102 -110 -104 -82 -41 5 47 84 99 86 45 -10 -41 -42 -13 28 71 111 131 111 60 19 -7 -22 -22 -7 2 7 5 1 -12 -48 -67 -69 -52 -22 2 25 35 12 -12 -29 -33 -25 -5 22 38 34 20 7 -4 -16 -13 4 16 24 21 27 36 25 0 -25 -43 -39 -26 6 35 43 37 17 -9 -27 -34 -26 -21 -5 3 1 -4 168 11391 305 2268
-1 -12 -12 -1 4 6 1 -1 6 -2 -1 2 -1 -4 -6 -6 -1 1 3 8 9 2 3 7 0 3 4 4 2 -13 -22 -22 -20 -3 16 23 22 7 -21 -45 -56 -70 -79 -69 -47 -17 21 66 102 109 108 107 95 88 83 87 101 98 74 39 -7 -64 -122 -170 -194 -185 -138 -72 -4 36 46 22 -27 -66 -89 -79 -30 33 75 84 60 27 -1 -30 -33 -6 38 75 81 66 78 27 -1 -46 -48 -76 -31 -11 23 8 23 -1 -12 -51 -32 -26 1 2 13 1 8 -14 -30 -38 -21 -11 -6 6 22 23 16 19 16 4 -3 4 6 12 13 14 24 18 2 -1 -3 -5 -11 3 18 20 19 17 7 -8 -29 -35 -35 -30 -28 -28 -22 -25 -28 -32 -42 -36 -20 -7 13 31 65 87 92 95 97 96 89 69 47 23 -3 -33 -62 -77 -93 -101 -104 -106 -98 -102 -96 -74 -50 -15 24 57 76 77 65 31 -18 -51 -50 -20 14 57 97 120 111 74 24 -17 -37 -25 5 32 55 53 19 -32 -89 -115 -97 -64 -26 7 29 35 25 3 -20 -31 -26 -9 7 6 11 14 -5 -20 -18 -6 8 18 39 52 40 25 8 -1 -5 0 12 15 11 4 3 12 9 -5 -29 -45 -36 -25 -8 8 15 171 14159 305 2268
9 9 5 6 2 2 8 8 7 9 5 3 -11 -20 -13 -14 -8 3 6 8 10 9 9 3 -4 -5 2 -5 -14 -5 6 16 12 -1 -10 -27 -41 -51 -65 -71 -65 -69 -70 -63 -39 4 56 90 114 123 120 121 119 116 128 130 117 98 58 7 -59 -116 -156 -188 -185 -135 -70 -12 15 14 -5 -34 -73 -98 -74 -36 10 48 67 66 49 21 8 1 15 42 74 90 97 80 48 5 -34 -57 -60 -36 -10 -6 -16 -29 -42 -46 -39 -33 -20 2 10 2 -8 -13 -27 -33 -32 -23 -22 5 19 24 16 23 2 0 -8 6 5 17 11 17 8 10 4 9 6 10 2 -3 6 11 18 22 16 4 -15 -28 -33 -43 -37 -29 -23 -24 -26 -27 -33 -41 -45 -40 -6 17 39 68 89 109 118 115 116 110 93 70 33 0 -36 -68 -88 -98 -111 -116 -114 -114 -119 -117 -107 -79 -43 2 47 71 77 67 37 -4 -37 -36 6 68 115 146 149 108 22 -78 -133 -132 -98 -34 32 74 71 31 -39 -98 -111 -77 -3 71 109 118 82 28 -21 -49 -34 18 71 88 68 28 4 4 28 52 67 58 20 -28 -71 -79 -55 -17 28 23 -4 -31 -53 -69 -51 -23 12 12 16 -19 -48 -66 -44 -29 -5 1 15 172 6371 305 2268
-27 -63 -147 -130 -122 -57 -13 75 75 100 63 55 5 11 19 78 88 107 76 36 -24 -57 -58 -12 27 63 65 35 -7 -39 -55 -51 -35 -28 -41 -68 -110 -129 -108 -75 -35 1 15 10 -19 -30 -11 26 67 105 140 152 133 124 116 105 91 81 60 18 -41 -103 -155 -170 -160 -126 -95 -90 -91 -97 -116 -117 -80 -3 67 106 109 76 27 -20 -42 -31 9 70 112 141 143 108 67 30 -1 -9 -6 17 29 5 -24 -53 -72 -77 -67 -40 -1 35 38 14 -13 -36 -63 -81 -78 -33 11 31 38 36 21 -4 -36 -42 -24 13 62 104 122 132 125 93 34 -42 -55 -112 -81 -56 8 5 46 4 -35 -107 -97 -95 -35 -3 42 24 -10 -68 -94 -120 -80 -8 48 57 65 58 32 20 42 77 101 85 54 25 -17 -38 -23 19 43 35 23 -4 -36 -62 -68 -44 -13 4 1 -14 -27 -54 -65 -51 -28 -1 25 32 24 3 -5 1 9 24 30 28 22 6 -2 -7 -4 8 21 29 24 9 -5 -15 -17 -17 -12 -12 -15 -18 -23 -26 -13 -3 7 14 12 5 -1 -7 -13 -11 -4 8 25 38 37 21 9 5 -11 -31 -31 -14 3 9 16 28 22 -8 -33 -43 -40 -23 -2 27 40 28 5 -16 -18 -18 -18 173 8072 305 2268
-7 -4 -3 -2 -9 -4 6 1 10 17 18 12 1 -11 -12 -14 -6 1 9 9 6 0 -2 -5 -6 -6 -1 -3 -5 0 -2 4 8 5 -1 -16 -30 -38 -48 -50 -50 -48 -46 -43 -34 -13 16 50 83 107 121 120 109 96 86 76 74 71 54 20 -34 -105 -155 -173 -153 -97 -40 7 37 35 4 -46 -92 -99 -78 -38 21 66 80 68 36 -3 -28 -29 -5 40 84 107 106 73 30 -19 -59 -67 -54 -35 -16 -15 -20 -15 -6 -6 -11 -13 -8 -2 -17 -23 -4 -11 -23 -26 -27 -9 3 14 24 27 17 10 3 2 7 19 23 7 -9 -11 -3 1 4 6 -5 -18 -20 -4 25 35 35 29 5 -18 -26 -27 -24 -22 -23 -17 -26 -34 -31 -18 -12 -23 -31 -32 -25 -10 27 66 83 95 99 89 84 78 72 66 45 11 -22 -56 -77 -92 -109 -114 -111 -108 -106 -96 -77 -47 -18 10 38 64 80 74 40 2 -21 -33 -15 20 63 110 118 98 59 9 -30 -42 -24 7 35 48 37 7 -42 -86 -101 -89 -43 2 34 63 57 25 -9 -40 -47 -35 -18 1 5 5 -4 -15 -15 -2 16 25 31 36 40 41 23 -5 -6 -6 -4 -2 5 12 2 -10 -11 -13 -12 1 11 13 2 -17 -28 -30 -22 174 119 305 2268
14 10 8 -2 -11 -15 -15 -13 -7 2 12 15 5 -2 -8 -9 -1 -1 1 6 7 8 2 -7 -5 -6 -19 -26 -22 -15 -2 10 15 11 2 -7 -19 -36 -50 -67 -81 -87 -79 -53 -8 39 81 109 113 110 117 111 97 90 84 85 78 59 36 -2 -63 -126 -168 -177 -152 -91 -19 36 44 10 -29 -62 -78 -73 -58 -21 30 65 79 64 42 23 4 -13 -5 32 62 75 67 35 -9 -56 -78 -72 -50 -13 18 25 17 -2 -17 -20 -12 -1 0 -6 -7 0 -4 -14 -24 -25 -21 -22 -25 -1 23 26 24 20 5 -13 -25 -23 -17 -9 5 18 21 21 16 7 3 -6 -9 2 20 33 35 28 20 10 1 -11 -18 -15 -12 -13 -22 -20 -18 -25 -37 -51 -56 -46 -34 -2 36 70 99 114 113 112 107 94 74 54 28 -11 -50 -79 -95 -116 -128 -125 -126 -120 -102 -81 -58 -41 -12 27 59 74 73 55 25 -16 -47 -43 0 58 109 135 124 87 42 -10 -45 -57 -34 7 24 30 13 -19 -51 -78 -85 -60 -20 16 48 62 50 23 -12 -40 -51 -46 -23 3 14 8 -4 -13 -8 10 22 33 40 48 45 12 -7 -13 -20 -26 -17 8 33 39 42 42 21 -7 -21 -19 -20 -10 3 1 -8 -32 -40 199 3532 305 2268
0 4 12 -1 2 8 16 4 7 6 0 -7 -15 -17 -6 1 2 7 6 9 7 0 -11 -13 -16 -10 -12 -10 7 2 1 7 7 6 2 -5 -10 -21 -40 -62 -68 -68 -70 -67 -58 -31 17 62 86 101 115 122 117 122 122 117 112 90 66 35 -21 -78 -133 -181 -196 -165 -100 -35 22 47 30 0 -48 -95 -108 -82 -28 18 56 78 72 55 31 9 2 9 32 68 96 99 69 20 -42 -84 -82 -54 -14 6 7 4 -10 -27 -26 -20 -9 -7 -16 -19 -16 -9 -1 -8 -20 -32 -39 -28 -1 26 46 46 21 0 -10 -13 -16 0 6 6 -3 -14 -10 1 12 19 10 7 2 3 16 26 36 28 8 -14 -27 -30 -28 -19 -7 -11 -11 -16 -20 -26 -37 -37 -38 -25 6 33 60 92 100 101 98 96 93 86 66 32 -8 -50 -82 -98 -115 -119 -115 -122 -111 -101 -84 -63 -44 -10 32 68 90 85 54 13 -31 -59 -57 -10 53 110 142 147 133 75 3 -29 -39 -35 -14 11 24 12 -18 -49 -79 -101 -98 -66 -19 33 69 78 49 -9 -55 -73 -58 -21 7 16 18 14 5 12 10 16 30 24 14 23 27 30 25 7 -15 -41 -46 -20 14 33 36 28 11 -19 -37 -29 10 27 18 0 -25 204 7127 305 2268
-17 -18 -13 3 21 19 13 9 9 10 -4 -23 -19 -17 -12 -5 1 16 23 17 0 -17 -16 -4 5 10 24 43 47 42 40 32 26 22 21 13 -3 -5 2 -2 -15 -38 -54 -66 -92 -122 -122 -123 -138 -142 -113 -58 -3 49 89 104 80 40 14 11 42 96 149 180 157 94 22 -45 -82 -94 -75 -24 23 53 52 20 -24 -70 -104 -113 -83 -28 17 35 23 -10 -40 -59 -40 -1 32 62 69 56 35 8 -2 -2 1 6 17 33 19 -11 -6 -1 -16 -13 15 24 19 28 34 26 2 -27 -28 -17 -21 -5 17 18 3 -11 -12 -15 -23 -21 -3 7 1 -5 -6 0 2 -1 -2 5 13 15 6 3 19 30 31 38 37 29 25 -5 -33 -40 -53 -61 -65 -45 -41 -46 -72 -74 -73 -62 -56 -28 -2 39 61 90 119 134 128 116 111 111 76 29 6 -11 -26 -26 4 24 13 -27 -74 -124 -163 -158 -99 -21 42 68 45 6 -56 -108 -130 -115 -66 12 84 130 131 96 34 -26 -64 -54 -8 43 83 90 50 -12 -58 -69 -51 -29 6 36 45 31 1 -15 -12 -14 -19 -15 -9 -17 -14 -9 -35 -42 -23 -21 -27 -10 20 36 29 11 2 -9 -25 -23 11 27 20 22 25 13 -2 -7 -2 6 8 205 133 305 2268
-37 -34 -25 -9 8 10 2 -11 -8 3 1 4 2 -5 -3 -2 1 19 20 22 19 14 4 -7 -2 23 27 17 19 23 4 -6 -3 -5 -12 -20 -24 -16 -25 -28 -24 -30 -36 -42 -35 -25 -15 13 53 74 81 88 100 95 83 71 66 69 42 1 -46 -103 -160 -210 -231 -203 -159 -102 -60 -18 5 17 32 54 87 119 136 125 86 28 -20 -36 -6 53 112 149 147 105 37 -36 -62 -42 -4 28 31 2 -49 -110 -153 -164 -124 -60 -11 10 10 3 -22 -36 -24 1 7 8 -5 -18 -27 -19 18 59 81 80 56 31 25 34 41 44 47 37 24 12 -5 -19 -37 -43 -36 -22 -9 -1 3 -9 -33 -41 -35 -29 -8 2 3 0 -13 -26 -29 -10 15 29 32 21 11 10 10 14 9 3 1 -8 -3 0 4 11 13 8 -12 -32 -34 -31 -27 -18 -18 -16 -14 -20 -31 -31 -14 13 50 82 118 138 109 52 4 -33 -50 -51 -29 -2 14 -1 -16 -42 -63 -65 -46 -11 12 10 -15 -49 -86 -98 -76 -40 -6 18 6 -19 -38 -31 3 43 87 113 99 61 24 -6 -15 0 29 60 69 50 29 5 -6 -6 4 12 21 6 -23 -47 -61 -51 -28 -10 3 -9 -30 -38 -45 -44 -27 -5 12 23 23 206 8837 305 2268
-1 -4 -9 -18 -27 -31 -19 -10 -5 10 25 33 15 2 -2 -4 -9 9 20 20 17 15 14 8 -3 0 -2 -11 -29 -41 -36 -16 10 28 23 12 -1 -15 -55 -83 -64 -50 -57 -58 -53 -39 -18 34 91 117 113 112 124 133 132 147 141 113 67 30 -16 -80 -145 -180 -185 -160 -116 -49 8 22 2 -24 -60 -77 -67 -27 12 39 48 38 15 -4 1 13 36 63 78 72 64 40 12 -8 -27 -39 -35 -28 -12 -4 -4 -1 -1 -11 -31 -3 -34 -4 -5 7 -24 -12 -27 -9 -31 -12 -15 3 -4 23 14 20 14 23 15 2 -12 -8 -12 -9 -2 16 18 12 6 -3 -12 -10 -3 4 9 12 21 10 3 -2 -11 -23 -35 -25 -5 0 -1 -4 -8 -19 -46 -62 -65 -46 -16 20 61 97 133 141 118 95 93 88 71 38 11 -30 -78 -111 -112 -119 -133 -151 -147 -145 -122 -74 -14 18 48 73 79 60 34 -4 -27 -44 -33 9 70 105 121 113 89 45 0 -16 -3 21 37 31 2 -39 -81 -91 -84 -58 -30 -1 15 18 22 25 11 -12 -26 -25 -18 -9 4 13 15 8 -3 0 -1 0 18 33 39 29 16 9 1 -11 -2 2 -2 -2 8 8 14 16 15 14 3 -16 -20 -25 -20 -13 -12 67 8863 305 2043
-7 5 16 16 17 7 -9 -17 -18 -8 2 17 28 31 21 0 -8 -7 -3 1 -9 -17 -20 -14 7 8 7 17 20 14 -8 -27 -30 -25 -26 -24 -14 -11 -16 -28 -52 -84 -101 -95 -55 4 64 120 140 134 114 93 97 109 120 118 94 67 30 -22 -76 -119 -152 -172 -152 -106 -51 -8 17 11 -16 -50 -71 -67 -49 -12 28 58 64 41 15 0 -2 13 34 60 74 67 53 27 0 -26 -41 -48 -38 -17 7 20 20 -2 -29 -48 -53 -33 -1 13 16 9 -9 -23 -48 -51 -43 -15 12 20 19 18 22 20 16 9 -2 -7 -8 -11 -8 12 -18 28 7 9 -21 3 -18 -20 -21 32 21 32 22 35 -6 -16 -25 -15 -17 -21 -30 -18 -21 -23 -22 -17 -15 -18 -15 14 35 48 67 89 101 102 115 129 120 84 31 -17 -73 -114 -119 -108 -96 -95 -99 -112 -120 -110 -82 -51 -21 9 53 82 88 71 38 -12 -40 -45 -23 20 76 119 128 106 57 11 -19 -35 -20 12 31 35 10 -31 -60 -78 -72 -47 -13 15 37 40 27 1 -21 -36 -45 -41 -18 10 27 34 25 0 -23 -33 -17 18 33 52 64 42 24 3 -10 -24 -19 -12 -7 7 19 19 18 10 -2 -22 -28 -27 -31 -24 -12 -23 17 68 1555 305 2043
51 53 36 19 -13 -54 -79 -92 -74 -43 -30 -22 -23 -32 -39 -47 -46 -31 -17 -1 9 16 15 6 -7 -15 -5 20 53 74 76 70 65 66 78 96 92 68 38 6 -39 -82 -90 -86 -85 -89 -99 -110 -131 -147 -133 -87 -25 42 87 84 48 18 -4 4 35 93 160 188 160 106 24 -45 -89 -97 -50 16 62 73 56 9 -59 -107 -118 -98 -57 -18 17 16 -17 -49 -78 -81 -42 7 54 71 62 39 7 -10 -12 3 29 51 67 66 52 28 7 8 6 6 21 33 31 20 9 15 -40 -17 -45 -48 -62 -34 -61 -57 -71 -48 -51 -28 -22 14 25 56 51 38 14 10 -9 -2 19 41 58 64 45 29 31 32 44 51 58 65 51 17 -24 -70 -100 -102 -86 -77 -91 -114 -146 -156 -146 -101 -35 17 59 97 97 79 56 49 63 100 148 173 153 98 18 -29 -39 -15 24 35 22 -12 -70 -129 -146 -128 -80 -28 25 52 51 4 -63 -117 -139 -118 -59 10 77 113 96 50 0 -36 -40 -9 44 90 102 80 35 -15 -52 -55 -33 3 41 57 47 13 -29 -62 -68 -57 -32 -7 8 11 -13 -41 -56 -63 -61 -48 -24 4 28 39 31 2 24 -13 22 25 44 20 40 25 25 3 18 -2 13 0 2 68 2055 305 2043
35 23 16 19 29 40 51 56 47 40 34 17 7 7 10 12 15 11 1 -12 -18 -28 -34 -29 -21 -28 -35 -43 -52 -50 -47 -41 -38 -35 -27 -20 -2 36 74 117 144 133 84 25 -30 -66 -64 -38 3 33 31 10 -21 -51 -47 -11 35 62 51 8 -56 -128 -158 -173 -74 -32 29 47 39 -31 -66 -73 -28 2 64 87 85 33 -15 -41 -32 -3 39 64 60 41 28 26 33 47 50 51 33 -5 -34 -47 -45 -20 4 15 11 0 -11 -15 -10 3 18 25 21 14 6 -1 -1 -3 2 15 29 35 29 12 -1 -14 -19 -15 -14 -7 -1 -17 -32 -45 -54 -48 -33 -19 -9 -4 -5 -11 -20 -20 -9 3 13 24 20 23 25 18 9 11 20 29 27 32 27 17 8 2 -5 -8 -3 3 4 0 -8 -18 -22 -27 -23 -14 -18 -20 -25 -28 -21 -7 12 12 6 6 0 -4 -7 -3 5 4 -2 -9 -8 -7 -22 14 -15 12 9 6 -11 9 -1 -2 -20 -12 -24 -15 -6 13 8 3 -8 -17 -32 -33 -19 1 22 30 36 39 33 21 11 7 8 10 20 23 16 12 5 -2 4 8 9 0 -18 -34 -35 -20 3 25 39 41 33 12 -18 -33 -34 -13 0 2 7 11 9 15 10 8 -7 68 2592 305 2043
-27 -58 -66 -47 -14 10 18 12 -7 -20 -20 -26 -5 24 31 19 -1 -20 -19 -4 22 49 48 40 23 -8 -27 -11 21 46 58 48 19 -7 -19 -7 19 39 49 41 29 23 10 13 11 -3 -14 -23 -35 -46 -60 -70 -83 -98 -108 -100 -107 -120 -107 -80 -44 23 110 199 263 274 230 157 95 46 35 68 112 120 93 13 -88 -181 -220 -187 -120 -39 17 19 -27 -96 -160 -193 -182 -121 -52 22 65 56 25 -9 -29 -17 20 75 117 127 102 54 7 -14 -10 6 30 48 37 13 8 15 34 46 39 12 -28 -68 -80 -64 -12 3 55 37 11 -51 -48 -60 -3 30 76 53 55 9 -7 -48 -41 -28 11 10 21 26 18 -4 -10 -5 16 21 21 3 -25 -34 -23 -23 -9 12 16 -4 -25 -46 -53 -45 -26 -17 -19 -40 -60 -75 -66 -42 -3 36 70 83 87 96 111 124 132 141 136 95 52 18 -29 -84 -125 -139 -149 -136 -123 -100 -92 -96 -95 -65 -25 22 54 63 39 0 -26 -31 -20 -2 39 72 92 103 103 75 38 -2 -24 -34 -20 6 28 27 8 -40 -84 -101 -81 -50 -9 25 53 46 5 -36 -52 -48 -34 -9 16 36 37 31 17 -1 -10 -3 3 18 30 47 49 80 37 23 -4 3 -19 68 10796 305 2043
7 7 5 0 -9 -10 -12 -8 6 11 11 1 -21 -34 -31 -24 -4 10 15 12 5 -10 -5 0 5 14 28 34 38 36 29 27 27 36 40 37 28 13 -13 -31 -55 -71 -74 -77 -81 -84 -86 -100 -121 -124 -95 -47 21 71 95 83 57 17 -1 23 67 122 163 173 151 69 -22 -83 -101 -89 -38 32 78 75 32 -39 -104 -124 -150 -73 -43 25 36 46 -4 -15 -48 -43 -60 -12 13 64 67 69 39 7 -39 -46 -33 -5 25 61 77 64 29 -12 -35 -17 13 36 37 8 -18 -37 -46 -45 -28 -5 4 2 0 3 6 5 7 -2 0 14 21 17 10 -10 -27 -20 -5 21 51 62 50 13 -23 -33 -16 19 42 58 55 30 -13 -55 -80 -86 -68 -35 -16 -19 -43 -82 -103 -114 -99 -68 -29 12 49 74 91 85 79 80 91 110 123 115 95 58 10 -23 -20 -4 3 14 6 -29 -77 -127 -145 -128 -77 -12 41 55 39 -6 -72 -126 -126 -84 -19 58 113 133 110 54 -8 -63 -32 -28 43 74 95 49 46 -7 -33 -67 -35 -12 37 21 12 -32 -63 -98 -77 -60 -37 -11 18 31 23 -7 -26 -34 -35 -17 12 36 33 24 7 -8 -15 1 20 28 27 27 27 17 10 8 -1 -1 5 7 4 68 11324 305 2043
-28 -20 -34 -26 -31 6 -13 -17 -47 -31 -39 2 10 52 37 45 12 -5 -27 -13 -8 19 27 39 24 17 16 26 31 37 34 34 32 21 -4 -8 -4 2 3 -7 -2 10 -5 -29 -46 -66 -85 -89 -80 -46 -8 34 55 69 69 68 61 38 17 30 68 127 163 174 134 44 -61 -151 -208 -212 -157 -65 20 61 57 12 -58 -112 -113 -62 13 77 108 79 3 -85 -144 -145 -106 -29 64 122 112 38 -37 -77 -78 -41 13 52 62 25 -18 -50 -53 -27 22 62 75 60 42 27 11 8 11 21 5 -18 -39 -41 -27 -2 30 48 36 27 9 -12 1 -19 5 16 37 4 13 -6 -6 -40 -8 -7 37 38 59 34 20 -11 -16 -42 -39 -45 -33 -36 -40 -46 -45 -40 -37 -44 -45 -42 -35 -21 9 43 77 97 107 103 96 89 87 90 66 32 -3 -47 -76 -101 -111 -103 -88 -81 -77 -83 -85 -84 -65 -25 34 80 102 103 75 23 -27 -55 -41 -5 40 85 112 103 66 17 -18 -30 -23 1 25 26 13 2 -21 -57 -81 -85 -62 -19 17 39 36 18 -12 -51 -61 -37 -14 14 31 30 8 -17 -32 -32 -15 8 21 27 36 39 39 28 18 -3 -22 -25 -10 14 44 50 47 25 1 -17 -27 -26 -15 69 3277 305 2043
0 15 16 24 6 -6 -11 -15 -11 -3 3 14 16 9 5 3 1 -1 -4 -7 -8 -9 -4 1 3 12 20 21 10 -8 -17 -21 -32 -33 -19 -16 -6 8 18 13 -1 -9 -11 -19 -17 2 30 41 39 12 -10 -9 -2 -10 -22 -25 7 46 56 47 20 -42 -120 -182 -196 -156 -82 8 75 100 78 38 -4 -20 6 57 104 128 101 38 -21 -49 -20 42 98 136 143 114 52 -5 -21 -3 28 48 38 0 -48 -81 -87 -79 -51 -18 14 18 -3 -33 -57 -65 -57 -41 -16 -9 -19 -24 -46 -54 -37 -8 18 32 32 16 -10 -30 -44 -36 -21 -9 -3 -18 -34 -51 -56 -38 -15 12 30 26 18 2 -13 -11 -1 15 26 24 24 24 29 35 43 53 58 60 46 31 25 18 9 11 12 13 8 0 -5 -21 -27 -14 -9 -13 -21 -30 -39 -47 -44 -43 -43 -39 -37 -47 -65 -63 -31 20 75 131 174 181 126 48 -18 -73 -93 -67 -8 49 70 55 22 -31 -68 -67 -24 22 43 11 -49 -107 -147 -151 -106 -44 28 59 24 -29 -63 -67 -36 15 70 94 78 44 9 -25 -52 -39 10 57 81 88 78 47 4 -14 2 28 38 23 -5 -38 -60 -51 -23 7 35 37 25 1 -14 -11 10 30 37 32 13 72 15495 305 2043
6 1 -2 7 10 2 6 6 5 4 4 7 9 5 -1 -15 -12 3 11 14 14 9 -2 -16 -20 -9 -2 -5 -9 -3 3 -1 -15 -20 -16 -14 -24 -30 -42 -56 -72 -93 -95 -78 -45 -1 43 81 121 131 143 150 153 109 110 97 100 70 54 -6 -37 -111 -145 -177 -138 -104 -52 -28 -4 -22 -43 -81 -82 -67 -37 -10 21 34 31 31 41 39 35 38 49 67 83 92 74 29 -22 -57 -63 -39 -8 14 24 20 -13 -34 -50 -45 -30 -12 -7 -5 -9 -15 -28 -33 -35 -31 -30 -18 4 27 57 72 64 44 23 0 -13 -24 -19 -6 0 -1 -4 -11 -13 -18 -18 -14 -13 -19 -21 -16 1 17 15 3 -8 -17 -20 -16 -7 7 9 7 1 -8 -25 -43 -46 -39 -19 4 35 71 95 111 126 125 125 117 99 75 32 -15 -55 -91 -114 -122 -129 -134 -132 -119 -112 -107 -95 -61 -7 41 76 91 73 37 -11 -46 -44 -21 25 82 123 136 121 82 35 -1 -19 -16 2 25 32 20 -12 -43 -62 -70 -69 -59 -24 14 24 16 -2 -29 -45 -58 -58 -32 2 37 49 42 32 10 -1 4 16 33 52 64 54 36 15 -13 -28 -45 -55 -40 -14 19 42 45 34 13 -16 -43 -70 -66 -43 -27 -9 8 18 73 13 305 2043
-6 -4 1 1 -8 -7 -6 -4 10 14 15 14 7 9 5 1 2 7 9 4 2 -3 -5 -4 -1 17 37 39 32 15 4 -1 -2 16 36 45 48 35 38 13 -15 -46 -62 -101 -92 -94 -82 -105 -95 -124 -110 -97 -39 0 64 68 66 21 2 -4 17 55 126 176 189 144 63 -30 -96 -120 -90 -22 52 91 94 55 -10 -83 -137 -139 -108 -52 24 66 63 8 -49 -70 -58 -28 11 37 53 48 27 13 1 -3 2 24 45 59 65 45 6 -25 -36 -29 -18 -1 23 24 21 9 -25 -50 -55 -40 -6 21 42 38 3 -19 -17 -25 -29 2 27 26 11 2 -3 -9 -17 -1 20 20 19 22 10 -4 -9 0 15 20 28 42 36 7 -27 -47 -51 -51 -50 -40 -35 -53 -73 -94 -110 -95 -66 -26 22 62 85 90 82 83 88 92 103 113 106 75 36 10 -6 -16 -5 33 47 19 -29 -93 -147 -172 -151 -78 7 63 82 50 -18 -97 -154 -157 -104 -14 74 137 142 94 19 -52 -95 -87 -26 64 125 138 107 42 -20 -53 -55 -31 0 21 31 28 15 -10 -50 -74 -66 -52 -36 -17 -12 -18 -25 -45 -62 -60 -40 -9 13 25 34 24 -3 -21 -9 31 61 67 51 42 38 14 -15 -9 14 16 8 73 510 305 2043
-6 7 6 3 -7 -15 8 34 44 39 20 12 0 -11 -9 -2 -6 -9 -4 -2 -5 6 13 12 10 4 5 6 8 23 37 42 35 30 36 39 29 19 6 -16 -34 -48 -59 -74 -86 -94 -98 -122 -148 -145 -119 -70 -12 45 85 91 66 35 13 15 51 105 151 169 149 92 9 -67 -112 -110 -65 6 61 76 55 6 -64 -110 -124 -107 -60 -15 22 36 11 -19 -43 -48 -21 23 65 84 76 49 4 -35 -41 -20 15 54 79 66 28 -8 -42 -57 -49 -20 27 55 54 45 17 -13 -25 -37 -36 -22 1 20 38 41 32 11 -11 -16 -6 -1 5 1 -18 -33 -41 -25 5 25 43 50 45 16 -15 -25 -18 -1 25 48 58 51 36 5 -27 -56 -79 -83 -73 -56 -28 -24 -59 -105 -127 -116 -71 -16 41 73 74 71 75 82 100 129 150 145 106 56 15 -15 -28 -19 7 17 2 -36 -84 -125 -156 -139 -88 -23 38 61 45 -3 -72 -136 -160 -120 -36 53 122 142 110 41 -16 -47 -47 -3 51 87 92 55 3 -44 -74 -63 -21 27 57 59 33 -15 -51 -68 -62 -36 -3 26 36 17 -10 -37 -57 -60 -56 -27 7 27 36 24 2 -25 -39 -26 -7 9 29 41 33 9 -6 -8 -7 -6 1 11 15 74 10939 305 2043
4 -1 0 4 6 8 9 9 2 -1 6 5 -4 -6 -16 -19 -18 -9 5 8 -1 -6 -10 -13 -6 9 11 10 16 6 0 1 -3 -5 -14 -26 -30 -44 -54 -58 -59 -60 -69 -72 -55 -19 24 68 112 136 136 125 111 104 103 102 109 104 78 28 -44 -108 -165 -195 -178 -131 -63 0 36 35 0 -47 -93 -105 -71 -19 47 86 92 67 20 -29 -45 -40 1 49 95 116 105 61 8 -48 -81 -99 -79 -44 -3 24 34 13 -5 -20 -29 -34 -24 -2 27 5 46 14 -1 -35 -27 -41 -19 8 35 20 15 -13 -15 -18 -9 -5 10 21 22 5 -22 -33 -29 -20 -19 -7 7 18 23 26 39 32 13 -9 -19 -14 -2 12 15 -4 -26 -33 -33 -29 -38 -46 -56 -51 -41 -5 40 75 92 103 94 94 92 94 102 96 69 20 -38 -75 -99 -109 -104 -103 -106 -114 -118 -110 -94 -69 -35 9 47 72 86 71 38 -4 -43 -56 -29 25 91 134 143 114 58 -5 -46 -57 -33 20 56 64 40 -9 -68 -97 -112 -87 -38 14 54 82 67 35 -21 -61 -79 -61 -12 36 56 58 32 0 -32 -40 -30 -4 19 38 39 73 13 15 -9 -15 -34 4 20 30 17 24 -3 -18 -30 -25 -21 -4 12 20 9 0 -2 75 3014 305 2043
-3 -12 -3 3 7 12 10 6 4 -5 -18 -18 0 20 29 33 18 6 -5 -9 -4 -8 -3 -3 -4 -8 -8 -2 13 11 15 27 46 63 59 51 38 29 22 13 -8 -28 -52 -62 -71 -85 -101 -105 -115 -132 -133 -111 -73 -28 23 70 78 46 12 -8 10 52 115 178 219 197 116 24 -55 -113 -125 -90 -26 41 72 64 23 -45 -100 -139 -133 -85 -28 35 69 57 10 -47 -69 -50 -3 42 35 79 51 27 13 20 21 29 37 38 7 -12 -20 -21 -12 -14 -10 -6 3 15 17 1 -3 -12 -16 -29 -8 22 36 34 27 15 9 2 -2 -3 -2 3 3 -2 -6 -15 -13 -8 -7 -9 -7 -5 0 11 19 15 26 32 34 43 42 38 8 -25 -50 -58 -61 -53 -63 -57 -57 -75 -91 -105 -99 -77 -42 7 52 77 82 79 89 98 114 128 132 118 85 49 17 -12 -19 0 16 16 -16 -57 -110 -160 -167 -120 -46 27 59 58 18 -52 -121 -151 -123 -56 26 100 134 126 68 7 -38 -59 -46 -5 51 97 102 61 2 -49 -70 -74 -57 -20 54 32 26 -5 -35 -59 -28 -11 6 12 12 3 -14 -34 -42 -38 -24 6 28 38 33 26 -2 -31 -54 -35 -6 25 52 69 53 27 -2 -30 -37 -30 -14 75 3516 305 2043
11 6 -3 1 0 -3 -6 -10 -2 7 16 18 11 9 5 -5 -13 -22 -18 -2 6 1 2 14 21 10 4 5 7 10 28 52 59 56 58 56 46 30 9 -13 -46 -90 -108 -106 -97 -82 -79 -98 -135 -154 -146 -118 -71 5 72 98 87 57 38 44 74 116 160 170 145 102 46 -12 -64 -90 -76 -38 9 46 46 1 -66 -125 -144 -114 -52 8 49 48 22 -18 -56 -60 -33 4 49 71 75 59 25 0 -8 -6 12 34 47 42 28 5 -19 -31 -38 -36 -10 19 45 39 18 -2 -27 -32 -28 -14 8 17 20 18 0 -11 -17 -11 4 18 19 10 4 -12 -22 -10 -1 10 20 18 12 4 3 9 8 19 39 50 52 40 15 -12 -40 -58 -67 -62 -63 -61 -64 -79 -100 -114 -108 -76 -44 -8 35 65 83 86 79 87 91 111 149 162 143 101 54 1 -36 -39 -18 1 1 -26 -70 -126 -155 -139 -99 -44 -4 26 48 21 -28 -72 -107 -103 -64 2 82 126 116 65 0 -50 -54 -10 44 88 105 73 9 -61 -94 -79 -48 -3 30 41 30 -2 -36 -54 -58 -39 -17 5 23 36 31 -2 -41 -67 -67 -37 0 44 59 43 36 -23 -5 -28 -8 -2 45 24 27 5 9 -18 0 -1 15 9 15 76 14190 305 2043
8 21 32 34 24 6 -14 -33 -42 -26 4 19 20 1 -20 -27 -20 -2 9 7 4 -6 -12 -7 6 21 25 13 4 -1 1 -1 -1 1 -2 -6 -27 -40 -44 -67 -74 -63 -69 -83 -77 -34 18 58 95 125 136 121 111 126 129 122 118 109 85 34 -23 -83 -145 -178 -178 -136 -74 -29 3 9 -10 -40 -70 -77 -67 -41 7 56 76 59 26 -1 -21 -17 9 46 84 95 94 69 19 -21 -53 -71 -66 -46 -19 1 13 1 -17 -23 -32 -34 -23 1 26 27 12 -1 -22 -36 -49 -50 -31 -15 9 37 44 39 22 3 -18 -32 -30 -18 -2 11 18 11 9 9 8 -6 -21 -24 -15 9 27 41 44 28 8 -13 -30 -29 -32 -31 -35 -43 -36 -21 -14 -18 -22 -15 -10 -11 -7 23 62 89 115 129 127 126 121 110 86 33 -22 -63 -93 -100 -96 -96 -123 -149 -154 -145 -123 -85 -45 -4 28 65 91 71 64 19 -25 -60 -16 17 73 105 149 109 87 25 -4 -38 -7 19 66 53 39 -14 -57 -104 -107 -87 -45 -10 20 41 54 36 10 -19 -47 -52 -34 -7 20 28 25 17 -7 -31 -32 -16 10 38 55 62 53 26 -1 -15 -20 -17 -8 3 17 24 18 14 -4 -18 -24 -30 -28 -17 -9 -2 -2 77 6120 305 2043
2 0 4 13 3 -2 0 8 17 17 16 9 -8 -19 -23 -25 -23 -20 1 14 11 8 4 -13 -15 -5 18 34 35 29 23 21 19 28 42 47 46 29 15 8 -7 -27 -52 -77 -103 -119 -116 -106 -119 -133 -133 -112 -67 5 85 125 116 72 12 -20 -9 47 124 179 191 138 45 -42 -94 -92 -53 -5 38 57 30 -12 -57 -84 -91 -71 -36 -6 14 25 17 -7 -38 -41 -31 -14 17 46 56 44 8 -20 -38 -32 8 53 82 80 55 23 -6 -19 -30 -29 -10 25 54 60 54 35 -11 -42 -57 -53 -29 -1 33 43 16 -16 -35 -40 -30 -17 -6 1 -2 -16 -13 0 15 32 39 35 32 23 10 7 4 9 28 42 48 39 18 -10 -45 -59 -62 -60 -58 -59 -61 -75 -86 -121 -95 -84 -61 -54 13 34 90 103 140 120 118 79 104 102 123 89 63 -6 -53 -81 -41 9 52 44 -2 -84 -162 -199 -164 -65 34 85 85 27 -54 -125 -149 -109 -46 28 98 120 104 54 -3 -38 -58 -43 -9 34 67 73 53 13 -19 -42 -52 -22 9 29 40 17 -15 -46 -64 -56 -32 3 32 36 22 -10 -50 -89 -100 -70 -22 34 69 67 44 7 -24 -31 -31 2 44 69 75 59 37 17 -2 -3 -1 3 -3 77 6634 305 2043
2 11 16 0 -10 -12 -2 12 16 15 11 8 0 -11 -9 -5 10 17 11 7 -2 2 6 0 -1 -1 -5 -4 -10 -13 -7 -7 -6 -5 0 1 1 5 9 7 4 -9 -10 -14 -6 7 11 19 9 -3 -4 -6 -1 -1 0 26 46 52 38 9 -44 -114 -163 -169 -135 -74 -16 44 76 62 30 -7 -22 7 56 113 145 122 72 4 -44 -46 -6 53 102 110 87 49 15 -3 6 39 67 70 43 -5 -60 -103 -100 -67 -35 -6 -2 -10 -33 -60 -61 -35 -14 -7 -18 -33 -51 -59 -42 -16 3 9 5 -7 -29 -38 -34 -16 6 21 32 30 1 -36 -77 -91 -72 -41 -9 29 39 18 -18 -36 -37 -21 11 50 65 51 34 20 14 23 40 55 66 60 45 36 25 23 22 28 29 21 6 -8 -19 -24 -18 -16 -27 -33 -44 -44 -41 -46 -47 -41 -39 -41 -41 -43 -43 -22 20 73 129 167 166 112 41 -18 -59 -69 -45 -2 43 55 25 -16 -73 -109 -95 -47 17 71 68 21 -40 -96 -126 -113 -69 -18 4 -6 -26 -44 -41 -14 28 67 86 67 25 -11 -35 -34 -7 21 47 64 53 28 2 -9 3 13 30 45 49 28 4 -6 -8 0 14 19 8 -21 -35 -37 -26 9 45 63 61 41 17 77 13791 305 2043
10 31 35 13 -18 -30 -25 -11 -4 -12 -15 -11 -5 1 7 12 4 -11 -15 -12 -11 1 10 7 5 1 0 4 5 19 17 4 -8 -17 -22 -27 -34 -37 -37 -50 -83 -103 -104 -86 -51 -10 41 93 124 136 133 121 116 117 130 144 137 119 81 14 -63 -128 -168 -175 -152 -115 -78 -39 -29 -36 -47 -61 -55 -41 -17 13 32 53 50 28 15 7 3 6 24 51 67 71 63 42 15 -16 -33 -42 -35 -19 -16 -9 2 -4 -21 -38 -50 -48 -34 -5 23 44 53 41 7 -23 -40 -50 -50 -33 -11 7 20 26 22 10 -13 -26 -35 -32 -14 19 49 51 26 0 -19 -33 -24 -14 -4 14 24 30 37 37 23 5 -17 -42 -53 -54 -40 -22 -21 -24 -39 -60 -57 -40 -13 21 53 83 100 110 123 136 148 149 124 86 54 15 -40 -85 -97 -101 -115 -132 -140 -138 -152 -154 -131 -94 -46 4 59 101 98 71 33 -5 -21 -10 27 68 100 109 91 65 34 4 9 17 18 16 45 27 -3 -48 -50 -81 -71 -65 -22 -5 20 4 14 -8 -15 -29 -11 -4 9 6 13 11 2 -10 -5 -14 -15 -3 16 33 41 40 39 28 12 2 -5 -5 -2 0 6 10 6 -11 -17 -28 -30 -29 -25 -20 -6 2 15 77 15338 305 2043
-7 -2 8 12 7 13 14 9 10 4 1 0 -4 -4 -4 -4 -1 -1 -5 -8 -6 -3 -1 1 1 6 11 18 27 30 31 36 36 34 35 39 42 29 3 -15 -33 -46 -64 -78 -83 -86 -91 -105 -135 -148 -136 -99 -52 9 62 82 74 38 10 11 30 78 141 181 185 148 66 -29 -113 -141 -117 -42 40 81 85 54 -5 -74 -114 -112 -79 -20 36 60 56 22 -27 -57 -55 -20 22 42 46 28 7 1 -6 2 18 42 57 45 13 -23 -41 -36 -24 7 35 56 61 45 33 10 -26 -46 -46 -18 13 30 30 16 -15 -41 -39 -23 -12 -4 3 3 -3 -12 -7 -4 -8 1 8 15 21 18 21 13 2 22 32 29 43 57 45 19 -20 -52 -69 -74 -73 -50 -42 -64 -82 -108 -123 -108 -73 -25 17 38 66 81 84 81 94 117 141 149 134 95 48 -2 -25 -48 -6 15 17 -27 -44 -106 -137 -170 -123 -80 2 44 86 43 4 -77 -114 -128 -65 -3 70 111 115 62 8 -43 -63 -57 -18 40 76 80 54 2 -31 -48 -44 -7 26 40 27 6 -17 -41 -38 -22 10 31 36 19 -13 -48 -71 -85 -68 -34 -3 24 40 44 17 -26 -44 -36 -14 26 56 68 63 35 -5 -23 -21 -7 2 14 22 77 15845 305 2043
-43 -26 -1 10 -1 -35 -65 -74 -72 -52 -21 -3 -3 -16 -22 -21 -18 -9 14 42 55 55 52 38 30 22 15 26 33 40 46 44 41 26 14 13 3 1 8 8 7 1 -8 -25 -24 -5 11 3 -19 -43 -61 -76 -67 -51 -37 -38 -59 -75 -68 -33 31 94 149 170 138 90 40 -7 -42 -48 -18 14 33 26 7 -17 -61 -87 -72 -28 33 75 57 -3 -87 -157 -172 -126 -44 25 44 17 -28 -65 -65 -15 51 96 106 70 16 -21 -33 -10 25 54 74 60 17 -17 -32 -15 17 57 91 86 51 -4 -53 -83 -84 -32 23 20 -3 -18 -29 -31 -17 35 70 67 47 46 29 11 0 37 30 24 -5 -17 -38 -18 -11 29 21 14 -24 -33 -51 -44 -40 -36 -45 -46 -46 -23 -20 -22 -23 -15 -3 12 24 28 27 26 18 7 -5 -4 9 22 30 36 27 10 -4 2 16 27 24 6 -10 -9 -4 -5 -14 -31 -36 -23 -6 3 5 3 2 -4 -6 -4 -6 -9 -11 -5 0 5 1 -4 3 2 -2 3 2 -1 -1 -1 -2 -12 -21 -20 -21 -22 -20 -16 -11 -10 -3 -1 -2 -7 -5 2 1 -3 2 -4 -3 -1 1 13 15 8 11 20 23 21 14 15 15 13 14 14 10 4 12 5 8 78 5828 305 2043
12 8 12 8 2 5 4 2 -4 -3 2 -8 -11 -5 -10 -8 -3 -1 -1 -2 -4 -10 -7 -2 3 9 11 5 0 -3 3 0 -12 -10 -4 -4 -7 -27 -43 -69 -86 -96 -94 -74 -42 -4 38 73 107 126 138 135 120 117 115 123 134 122 85 32 -32 -95 -150 -170 -158 -134 -101 -65 -35 -18 -18 -32 -42 -28 -4 14 28 34 42 18 -13 -13 -12 -19 11 54 86 99 90 64 30 -10 -33 -21 -15 -14 -7 -6 -19 -34 -51 -61 -74 -74 -42 4 35 45 32 9 -23 -45 -39 -21 -6 11 16 6 -2 -1 3 5 14 18 18 6 -3 0 6 19 19 -4 -20 -28 -32 -21 -11 -4 3 17 23 18 13 8 0 -11 -20 -24 -29 -28 -28 -39 -42 -38 -41 -37 -18 -16 52 74 110 109 136 118 126 100 99 50 36 -15 -27 -65 -74 -108 -114 -131 -126 -139 -128 -123 -96 -63 -25 15 49 68 80 66 40 17 1 -7 -1 24 61 87 86 67 43 21 15 17 29 53 66 46 -3 -30 -58 -98 -112 -77 -41 -15 10 27 19 -8 -35 -33 -11 2 16 33 28 17 17 1 -30 -48 -41 -9 30 60 84 86 54 15 -19 -31 -25 -14 8 16 3 -15 -30 -38 -34 -24 -16 -11 -11 -16 -5 18 32 78 8229 305 2043
40 29 12 -2 -9 -25 -38 -25 -4 7 14 20 17 4 -26 -52 -50 -34 -8 25 45 42 24 -1 -10 -6 8 21 31 29 31 35 47 61 59 48 25 -4 -28 -35 -35 -39 -49 -68 -96 -116 -121 -126 -140 -149 -137 -108 -69 -3 59 111 120 90 59 40 47 85 135 173 168 116 35 -45 -105 -130 -94 -18 42 69 54 7 -52 -101 -107 -85 -49 2 34 42 24 -19 -53 -61 -44 2 42 75 84 67 29 -6 -19 -16 -1 22 33 37 19 -3 -19 -36 -25 3 33 51 45 27 8 -9 -34 -30 -12 -4 1 11 6 -4 -16 -18 -9 -2 6 14 16 26 -16 6 -19 -15 -30 9 -5 21 21 38 2 -1 -19 12 17 53 62 77 50 14 -39 -71 -86 -84 -83 -70 -71 -78 -91 -102 -92 -74 -47 -9 14 41 76 97 110 112 112 130 155 160 136 91 42 -14 -57 -81 -63 -19 16 13 -22 -70 -113 -149 -143 -85 -14 44 56 30 -22 -90 -121 -99 -43 21 76 107 91 56 14 -7 -11 -12 11 45 65 61 26 -28 -74 -99 -73 -22 30 59 52 14 -22 -48 -55 -40 -8 21 33 25 -2 -31 -53 -51 -35 -22 -2 27 26 16 14 4 10 -1 -11 8 22 19 23 17 1 -12 -9 6 17 17 12 78 8742 305 2043
-9 -23 -42 -39 -32 -26 -1 32 49 43 28 15 11 9 -6 -23 -14 -3 21 42 43 34 10 -13 -21 -26 -15 9 24 35 33 29 31 41 45 34 7 -16 -21 -16 -24 -37 -53 -81 -94 -97 -99 -98 -105 -108 -118 -107 -55 18 80 101 72 35 7 4 37 101 161 191 172 104 3 -82 -126 -115 -68 -2 60 74 40 -15 -72 -99 -92 -61 -16 12 18 7 -21 -41 -46 -39 -14 14 41 50 55 48 33 29 26 29 41 51 60 54 33 16 -5 -19 -34 -34 -21 -7 3 5 -10 -4 -34 -53 -45 -37 -15 3 30 16 8 -5 -2 -8 18 19 37 26 17 -7 -22 -24 4 12 26 27 24 13 -3 -25 -36 -20 7 26 37 34 25 9 -27 -59 -80 -81 -55 -35 -31 -43 -64 -77 -87 -79 -53 -16 20 40 46 53 69 98 121 157 172 157 123 59 -10 -47 -51 -25 8 24 21 -9 -53 -100 -140 -149 -116 -52 28 85 97 56 -19 -107 -158 -142 -71 17 85 98 76 24 -24 -42 -35 -2 39 69 80 60 22 -18 -45 -48 -33 -2 31 51 45 13 -24 -54 -65 -48 -20 13 39 28 6 -33 -68 -83 -71 -35 5 28 38 37 35 -2 -8 -5 -5 17 37 50 33 27 4 -9 -22 -4 -1 15 7 79 1122 305 2043
11 16 17 6 8 6 -4 -6 -11 -11 -14 -16 -15 -11 -3 -2 1 4 1 -2 -5 -2 5 2 7 9 -4 -12 -3 5 -7 -13 -1 -2 -12 -17 -18 -21 -46 -69 -73 -80 -87 -77 -47 -12 21 66 107 132 131 123 134 134 126 132 134 115 77 19 -38 -108 -162 -177 -165 -135 -95 -54 -36 -37 -43 -44 -29 -15 -3 9 18 31 38 31 22 22 18 28 39 63 84 80 61 29 -11 -40 -50 -41 -28 -14 -9 -8 -7 -36 -58 -58 -47 -25 -1 27 46 41 40 37 17 -8 -31 -37 -27 -8 15 30 29 5 -22 -22 -13 -7 -13 -20 -12 -10 -1 15 18 14 -8 -28 -21 -13 2 21 32 32 18 2 -13 -17 -13 -10 -11 -13 -20 -28 -43 -38 -32 -40 -33 -24 -24 -6 26 57 78 97 124 141 140 130 117 93 50 7 -28 -62 -100 -121 -115 -134 -159 -150 -152 -144 -134 -81 -33 32 58 93 85 75 29 10 -15 -2 18 61 81 96 84 68 41 24 8 5 8 20 22 17 -4 -37 -63 -87 -87 -67 -35 4 27 37 36 10 -16 -26 -24 -15 9 34 48 37 13 -10 -25 -43 -41 -20 -3 15 40 58 64 40 7 -18 -38 -34 -14 13 38 38 21 -6 -21 -21 -20 -21 -23 -23 -13 8 33 79 9319 305 2043
-4 -4 2 -1 6 9 2 1 5 6 11 6 3 8 4 0 -1 7 5 -7 -19 -22 -8 13 20 27 38 53 54 31 15 11 5 8 14 32 35 19 17 11 -22 -63 -86 -86 -99 -111 -95 -75 -93 -126 -137 -112 -65 3 62 86 77 36 16 23 49 101 154 182 158 94 24 -43 -92 -99 -70 -21 33 63 58 16 -41 -96 -117 -102 -65 -10 38 52 30 -20 -55 -60 -44 -14 30 70 83 63 33 -4 -26 -13 19 43 50 44 16 -12 -31 -33 -20 0 21 39 40 23 13 5 -15 -30 -28 -14 -3 -2 5 5 -6 -15 -16 -10 -6 4 8 8 8 4 -3 -10 -8 6 10 19 30 29 21 11 6 18 25 26 28 26 23 -9 -10 -28 -46 -73 -51 -65 -67 -90 -79 -118 -104 -101 -52 -22 29 48 84 72 88 96 115 116 132 141 126 79 37 -9 -35 -44 -26 -11 -10 -17 -53 -99 -136 -153 -117 -42 22 61 63 31 -33 -103 -131 -109 -56 18 84 124 113 71 6 -54 -77 -63 -5 72 113 113 72 18 -43 -97 -109 -63 -5 37 57 52 22 -15 -34 -25 -7 8 13 16 6 -12 -18 -27 -39 -53 -43 -10 22 37 26 -9 -21 -26 -14 12 34 45 40 15 -4 -8 -9 -3 16 21 15 79 9828 305 2043
7 5 -2 0 8 -4 -10 -10 -21 -19 -10 1 17 19 7 -8 -11 -11 -11 -9 -6 -1 5 1 8 14 11 4 -9 -8 -4 -1 9 16 9 -2 -21 -35 -44 -57 -72 -91 -104 -100 -76 -27 42 99 124 129 136 117 102 98 105 121 128 124 100 42 -28 -89 -139 -169 -175 -146 -95 -43 -6 7 1 -31 -63 -59 -26 12 38 44 38 6 -24 -35 -26 1 17 30 59 74 79 64 30 1 -17 -29 -25 -9 17 20 -1 -37 -67 -77 -70 -38 4 29 42 31 10 -10 -34 -36 -32 -29 -20 -11 -2 -2 -8 -6 5 16 21 22 20 21 20 19 13 10 8 -6 -28 -39 -34 -32 -31 -7 18 43 49 33 22 8 -13 -23 -24 -30 -37 -30 -34 -44 -57 -63 -52 -29 -2 27 59 83 105 110 121 129 125 122 107 85 50 -5 -56 -91 -111 -112 -106 -95 -89 -91 -110 -122 -125 -107 -67 -9 41 87 106 86 57 12 -21 -27 -17 19 65 98 113 93 50 1 -22 -15 9 47 60 43 7 -28 -41 -56 -68 -61 -37 -9 -4 -6 -5 -6 -11 -20 -36 -28 -9 13 24 26 18 -3 -27 -37 -25 10 42 61 62 47 40 30 14 6 -4 4 15 6 -14 -20 -12 -10 -21 -30 -30 -31 -29 -22 -3 9 14 80 2045 305 2043
-19 -9 1 3 7 10 11 1 4 11 19 18 20 15 1 -23 -26 -23 -18 -7 7 20 21 25 24 3 -16 -20 -17 -3 9 22 33 20 3 -10 -16 -20 -20 -13 -20 -26 -23 -11 4 6 8 18 19 5 -19 -30 -21 -22 -16 15 63 81 78 62 14 -82 -166 -199 -168 -104 -24 49 74 43 -6 -42 -38 -6 43 105 139 133 96 44 -2 -28 -21 17 56 78 76 62 29 8 17 40 64 69 52 12 -44 -75 -87 -81 -48 -10 12 11 -19 -57 -75 -68 -43 -17 -4 -8 -26 -51 -65 -55 -33 -12 4 -1 -8 -16 -19 -10 6 13 20 15 -1 -27 -58 -59 -52 -30 -11 -2 -2 -3 -10 -10 -4 9 15 33 46 46 48 34 18 22 27 40 39 35 36 27 21 24 32 38 35 37 25 6 -8 -14 -14 -32 -48 -53 -55 -46 -33 -17 -2 -7 -29 -44 -60 -67 -74 -54 -4 51 97 159 181 147 65 -6 -61 -81 -61 -5 56 81 51 2 -71 -114 -119 -81 -15 46 79 83 46 -24 -88 -94 -64 -53 -40 -23 -27 -56 -67 -43 -26 34 69 75 38 17 -42 -50 -48 14 34 84 83 78 17 14 2 29 35 60 60 55 21 6 -15 -17 -20 -4 -5 -15 -24 -34 -33 -18 4 27 31 32 22 80 8924 305 2043
-1 8 13 20 18 15 18 11 1 -4 -1 2 -5 -10 -4 -3 -6 -6 -4 2 2 4 10 7 4 4 10 7 -3 -6 -8 -6 -5 -9 -8 -8 -11 -13 -30 -45 -53 -66 -83 -97 -93 -57 -10 34 78 125 146 140 115 92 85 89 110 137 141 109 48 -41 -123 -177 -191 -167 -125 -83 -41 -16 -10 -19 -38 -58 -60 -30 6 32 46 50 42 6 -25 -31 -22 8 54 95 114 91 52 13 -18 -30 -27 -12 5 10 5 -5 -26 -61 -91 -98 -87 -51 -1 38 54 33 -6 -30 -43 -29 -9 10 34 45 43 28 17 19 24 20 8 -8 -17 -20 -23 -19 -17 -5 -11 -29 -40 -40 -28 -14 -1 23 37 42 45 32 12 -11 -24 -28 -28 -27 -24 -19 -19 -29 -41 -48 -38 -17 13 57 89 108 114 104 98 100 97 87 60 28 -6 -43 -72 -94 -128 -89 -101 -99 -104 -105 -124 -122 -91 -42 9 69 102 112 82 34 0 -25 -19 5 38 71 96 94 83 44 6 -16 -11 0 20 46 56 34 -13 -65 -102 -115 -90 -39 3 31 40 22 -4 -32 -36 -20 10 32 37 39 53 29 -14 -45 -53 -51 -22 31 78 88 65 28 5 -32 -59 -42 -6 16 13 -2 -11 -24 -36 -28 -19 -13 -7 -5 -4 2 25 80 11399 305 2043
29 30 19 10 -2 -2 18 23 17 17 6 8 19 30 36 13 -21 -47 -44 -23 -2 14 18 12 6 -4 -2 6 13 -1 -31 -54 -56 -47 -12 24 48 37 -6 -31 -30 -12 32 86 122 118 73 23 1 7 19 35 35 6 -25 -43 -52 -51 -49 -56 -84 -128 -156 -174 -171 -147 -108 -55 2 44 65 68 48 32 29 41 66 103 146 183 181 126 47 -33 -88 -102 -79 -22 40 64 51 8 -55 -104 -114 -85 -45 -5 23 21 -6 -39 -57 -61 -39 6 46 65 65 44 20 -1 -15 2 33 60 70 54 36 6 -21 -34 -37 -22 11 38 46 30 16 -12 -36 -46 -30 -3 8 1 -2 -14 -15 -13 -19 -13 -4 1 7 10 8 1 -8 -8 -5 9 28 46 48 35 25 10 0 9 33 60 63 40 11 -30 -65 -83 -92 -80 -81 -51 -67 -85 -100 -104 -103 -88 -46 -10 35 66 99 106 131 132 141 141 142 130 104 57 25 -15 -30 -22 -7 1 -3 -34 -78 -127 -162 -173 -140 -66 14 79 97 55 -21 -101 -156 -156 -94 3 80 113 115 65 15 -23 -24 3 45 73 83 68 36 -3 -30 -44 -46 -28 3 33 25 -10 -46 -69 -68 -40 -3 34 45 30 -1 -42 -75 -80 -63 -25 10 35 38 29 6 80 11889 305 2043
-19 -25 -17 -9 -3 -2 6 14 10 6 -12 18 -15 5 6 32 -7 20 8 12 -25 -7 -12 6 -20 3 0 8 -8 10 -10 -24 -13 8 -2 -10 -19 -31 -51 -77 -93 -94 -83 -65 -35 8 39 61 85 103 113 117 117 125 117 121 135 125 87 34 -20 -87 -149 -183 -179 -147 -91 -40 0 -6 -21 -41 -59 -56 -33 4 52 74 62 29 -9 -36 -48 -36 -1 50 94 113 96 51 8 -19 -34 -24 -1 10 16 6 -9 -25 -40 -48 -50 -53 -42 -22 2 22 33 23 7 -11 -26 -37 -47 -43 -20 3 16 27 13 11 16 25 33 24 7 4 13 17 17 16 1 -21 -31 -26 -7 1 3 -6 -17 -15 -1 7 10 -4 -27 -34 -33 -28 -19 -17 -21 -33 -42 -37 -21 8 41 78 112 130 130 120 118 115 92 64 36 1 -35 -68 -82 -93 -119 -136 -147 -150 -140 -123 -96 -66 -32 12 39 66 85 86 60 18 -13 -24 -17 20 61 94 106 86 50 3 -25 -24 -8 28 66 71 52 2 -54 -96 -109 -93 -55 -3 37 44 32 8 -16 -37 -42 -23 -6 12 24 25 16 5 -11 -21 -27 -21 -7 18 45 57 65 66 48 20 -7 -15 -16 -20 -15 -8 -8 -13 -17 -13 -17 -25 -29 -35 -34 -24 -6 81 4051 305 2043
4 -14 -31 -22 -1 13 15 13 13 10 0 -9 -23 -16 -2 8 14 21 5 -9 -16 -12 -1 5 5 3 -2 -6 -3 -1 -4 -5 -14 -21 -15 -11 -10 -16 -18 -6 -1 3 23 43 41 25 -9 -47 -129 -148 -135 -103 -51 8 51 53 32 -14 -44 -39 21 84 151 172 168 101 9 -68 -73 -36 43 94 118 95 56 26 22 37 68 90 69 2 -73 -122 -129 -98 -53 -3 31 29 3 -44 -82 -83 -52 -18 10 20 20 -3 -22 -40 -43 -40 -29 -15 -9 -8 0 2 1 -8 -5 0 -8 -31 -52 -76 -82 -67 -37 5 26 19 13 7 -1 -14 -2 27 56 67 58 46 32 30 44 46 41 28 15 2 6 22 45 44 39 18 -6 -13 -15 -19 -23 -28 -30 -25 -18 -23 -32 -36 -32 -27 -40 -52 -47 -42 -38 -32 -12 25 63 102 140 144 106 56 3 -41 -54 -26 20 51 53 15 -35 -94 -130 -110 -55 21 85 86 34 -49 -112 -135 -117 -66 -17 8 -4 -40 -64 -63 -20 53 108 121 87 29 -35 -83 -77 -25 40 98 111 78 25 -19 -31 -25 -7 26 55 61 42 14 -9 -22 -28 -30 -25 -21 -11 8 20 24 29 36 42 43 37 16 -15 -30 -18 7 34 50 47 24 -11 -45 -59 -47 -19 81 10331 305 2043
-10 -18 -15 -19 -29 -20 -14 -8 -6 3 18 26 21 20 21 10 -10 -12 -4 4 4 3 6 -1 -13 -23 -28 -31 -26 -11 7 24 35 43 31 8 -9 -20 -24 -37 -62 -88 -109 -113 -94 -49 2 51 91 99 91 86 94 109 115 140 164 164 147 112 48 -37 -123 -180 -196 -166 -107 -50 -15 -22 -42 -49 -56 -56 -49 -31 -9 15 37 56 50 22 -15 -40 -44 -17 29 76 100 98 71 28 -15 -39 -37 -15 8 13 9 -5 -31 -50 -50 -42 -28 -13 8 23 25 22 8 -13 -27 -34 -36 -23 -5 3 6 6 -3 -3 1 5 15 22 22 19 6 -4 -14 -22 -22 -19 -21 -22 -21 -11 5 19 46 31 61 29 20 3 6 -14 -9 -13 -17 -50 -62 -78 -82 -73 -59 -46 -18 23 74 115 130 145 144 141 128 114 89 45 -6 -46 -71 -80 -87 -90 -108 -133 -147 -153 -151 -127 -89 -41 10 66 110 115 75 13 -44 -60 -39 13 68 116 121 91 55 26 11 1 -8 7 37 61 72 50 9 -37 -88 -119 -119 -85 -30 25 56 41 0 -39 -54 -47 -25 6 32 38 28 7 -6 -1 -5 -13 -13 0 24 45 52 51 35 16 -3 -15 -14 -9 -3 7 11 7 -11 -23 -25 -16 -1 2 7 15 6 82 14617 305 2043
5 7 1 -2 3 9 1 1 6 6 6 -5 -14 -9 -6 -3 0 5 8 5 -3 -4 3 0 4 6 4 -3 -5 -5 3 8 5 0 2 3 5 -7 -18 -10 0 9 16 26 35 32 28 32 45 61 65 59 34 3 -23 -48 -65 -77 -93 -105 -120 -132 -153 -172 -152 -104 -38 25 76 105 109 83 49 30 41 67 106 146 162 142 83 5 -67 -113 -107 -49 33 92 94 48 -25 -99 -133 -130 -93 -35 8 29 35 22 -4 -30 -43 -39 -25 -1 20 45 52 32 -2 -33 -31 -4 29 71 87 70 36 -7 -22 -18 -3 26 38 32 10 -12 -37 -49 -48 -31 -12 10 19 18 15 -2 -18 -30 -34 -25 -20 -6 5 7 0 -21 -23 -15 -8 16 22 24 30 17 4 12 16 20 39 63 55 24 -9 -30 -35 -52 -55 -37 -42 -64 -90 -112 -124 -113 -75 -29 10 44 77 99 97 93 97 107 126 137 130 104 59 16 -24 -49 -38 -4 17 14 -21 -57 -99 -137 -144 -99 -32 16 42 25 -28 -87 -133 -139 -89 -5 83 141 147 97 25 -34 -65 -62 -16 49 105 125 90 34 -15 -47 -51 -36 -8 21 47 45 14 -30 -72 -87 -75 -49 -11 20 20 -9 -49 -72 -63 -33 11 44 63 62 34 -8 -40 95 13326 305 2043
12 0 -10 -7 -4 2 19 19 12 10 0 -4 -2 -4 -6 -25 -39 -34 -21 -2 13 16 37 10 -2 -20 -8 -19 12 35 74 62 78 62 80 63 61 19 5 -27 -32 -57 -57 -70 -84 -112 -123 -131 -135 -149 -149 -125 -73 -8 56 92 95 66 31 14 29 64 120 170 178 142 67 -16 -73 -89 -57 1 63 93 69 10 -56 -107 -133 -123 -81 -28 18 40 35 6 -28 -62 -60 -27 19 64 87 82 47 5 -22 -37 -17 30 68 83 70 33 -11 -32 -31 -20 6 30 39 21 -6 -29 -46 -53 -46 -29 -9 9 20 22 15 0 -14 -22 -30 -22 -7 6 13 8 4 -4 -10 -11 2 18 34 47 40 25 1 -13 -13 2 28 51 56 46 15 -30 -67 -84 -90 -92 -85 -85 -102 -108 -99 -84 -57 -32 3 35 57 86 108 124 128 126 133 141 132 103 56 10 -25 -30 0 36 50 18 -23 -68 -144 -195 -173 -100 -22 26 40 8 -65 -137 -165 -129 -58 26 104 140 130 86 31 -16 -39 -32 10 65 105 107 74 19 -46 -80 -76 -51 1 43 59 39 -13 -70 -113 -116 -80 -28 19 40 28 -3 -38 -55 -55 -27 21 51 63 60 41 15 -11 -18 -8 8 36 57 63 54 29 5 -13 -26 -28 -20 -7 96 14336 305 2043
-9 -6 -4 -9 -9 -5 -4 -8 -2 6 12 7 -2 -3 0 9 6 -1 2 4 0 -8 -22 -25 -21 -12 -3 2 10 22 28 23 7 -9 -12 -2 9 9 17 17 14 7 -2 -8 -6 -11 -16 -34 -48 -44 -39 -34 -39 -53 -58 -62 -86 -103 -79 -23 39 97 140 178 194 180 167 148 117 93 77 63 40 -4 -50 -105 -151 -163 -134 -68 -10 11 5 -33 -72 -108 -116 -97 -60 -9 30 46 47 35 22 9 0 31 61 85 104 87 55 13 -35 -69 -73 -53 -17 15 36 35 15 -25 -52 -54 -48 -37 -28 -18 -8 -10 -21 -25 -31 -23 -13 2 18 22 26 26 13 2 -5 -6 -18 -25 -11 12 37 47 37 12 -4 -4 -2 -10 -2 3 12 12 6 -4 -9 -13 -9 -7 -12 -19 -20 -11 -14 -21 -38 -48 -55 -57 -45 -17 14 56 77 87 88 90 106 119 119 128 134 117 63 -24 -88 -130 -160 -175 -160 -128 -104 -99 -97 -94 -97 -88 -49 -1 27 52 64 53 16 -21 -27 3 57 115 155 174 109 98 28 11 3 25 16 30 15 -6 -42 -66 -91 -91 -82 -56 -15 16 20 11 -6 -40 -63 -70 -52 -9 41 72 71 49 25 14 10 10 20 33 48 56 49 31 13 -9 -20 -15 -9 0 11 99 8601 305 2043
-34 -30 -20 -1 14 24 15 -11 -31 -39 -35 0 17 36 64 59 45 25 20 -12 -17 -32 -16 -9 0 -10 -7 -29 -31 -30 -37 -61 -46 -14 37 63 93 123 106 31 -24 -56 -92 -108 -81 -28 4 22 24 4 -32 -55 -46 -16 27 63 79 54 34 28 52 89 143 188 186 127 40 -41 -96 -114 -106 -82 -76 -97 -135 -169 -173 -146 -98 -48 -7 25 40 49 44 28 12 -11 -26 -27 -9 30 71 114 147 140 101 54 3 -38 -46 -21 11 28 21 -22 -76 -117 -128 -97 -45 30 84 88 61 6 -45 -70 -72 -45 -2 39 60 57 48 26 0 -14 -12 4 15 28 51 51 31 2 -24 -33 -42 -59 -24 7 15 27 28 20 -22 -21 -21 -4 -15 -18 -14 4 -6 21 34 28 -1 -10 -11 -4 0 -1 -10 -17 -24 -9 -2 -1 8 14 -6 -18 -1 12 13 13 11 -1 -14 -31 -36 -6 19 29 31 15 -3 -21 -27 -23 -12 7 13 6 -9 -15 -5 3 -2 -2 -4 8 15 18 14 8 14 3 -10 -17 -16 -9 -4 7 21 14 4 -1 -10 -16 -20 -11 1 -3 -2 -2 -7 -4 -2 0 4 13 14 5 3 5 17 28 18 12 3 -4 -5 -10 -9 0 -1 1 0 -7 -9 -10 -7 -10 -17 105 6701 305 2043
-5 -7 4 19 26 16 15 -1 -37 -58 -62 -49 -27 -13 -8 -18 -35 -46 -38 -26 -17 -22 -32 -31 -8 28 80 128 148 136 126 131 140 133 117 90 45 -8 -67 -108 -131 -141 -138 -131 -122 -123 -128 -120 -111 -89 -52 -14 11 21 22 14 -10 -28 -27 -1 53 106 148 169 150 106 55 12 -15 -26 -7 29 46 34 3 -40 -86 -105 -82 -43 -2 27 33 17 -22 -56 -71 -66 -51 -34 -7 26 39 43 38 29 23 19 23 26 36 42 39 31 10 -5 -4 0 7 15 17 22 14 3 -13 -29 -42 -51 -44 -31 -27 -20 -19 -22 -23 -27 -23 -13 6 19 14 17 25 33 38 26 21 7 -7 -4 4 12 20 27 35 25 5 -10 -32 -53 -67 -58 -30 7 31 23 12 0 -25 -42 -52 -52 -40 -32 -11 10 21 23 26 35 40 34 22 19 21 26 37 47 28 0 -22 -30 -13 -6 -7 -10 -23 -25 -23 -12 -1 -4 -5 2 -3 -6 -2 2 4 0 4 6 -1 -7 -4 6 3 6 24 -21 11 -9 3 -2 26 -3 5 -10 12 -15 7 -5 7 -8 -4 -22 -12 -15 4 6 9 -2 -8 1 7 8 18 16 12 -2 -9 -6 -10 -9 -2 1 2 -1 -1 -1 -4 -4 -9 -5 2 6 7 109 11417 305 2043
0 4 1 -4 12 24 22 16 17 23 -17 6 -13 -27 -48 -58 -71 -49 -24 -9 -24 -40 -48 -38 -22 -6 30 71 95 109 124 127 137 134 136 103 42 -21 -62 -88 -108 -117 -97 -91 -102 -112 -109 -94 -83 -76 -62 -34 3 38 52 48 4 -34 -55 -46 2 69 137 172 160 123 67 9 -18 -21 3 32 45 35 10 -29 -68 -88 -88 -77 -37 7 42 48 24 -11 -51 -83 -75 -53 -7 35 56 64 53 27 -5 -17 -8 14 43 63 60 40 11 -13 -35 -44 -18 8 13 30 36 23 -1 -27 -36 -44 -40 -32 -24 -19 -16 -9 -4 -9 -10 -7 -3 -2 -4 6 7 7 13 15 16 6 26 -4 3 -14 -21 -28 7 23 26 21 23 10 -6 -22 -22 -7 -1 -5 -8 -12 -28 -16 -11 -9 -13 -20 -22 -17 -20 -4 20 44 36 12 -2 -4 6 9 6 3 2 9 18 17 29 20 10 -8 -25 -22 -13 -3 8 -5 -25 -37 -38 -21 -11 7 14 10 -3 -10 -6 9 20 21 6 3 6 11 9 4 5 10 4 9 8 3 2 -8 -9 -6 -8 -24 -35 -31 -14 1 12 11 7 8 5 8 7 7 -2 -10 1 12 14 13 -4 -5 -3 -5 -4 7 16 15 4 -7 -18 -16 -14 -14 -4 113 16050 305 2043
3 24 31 22 6 -17 -38 -54 -46 -30 -41 -50 -34 -16 2 6 9 3 -10 -14 -12 -5 -5 12 11 -9 -30 -18 5 30 54 72 71 51 29 13 19 18 29 33 21 -5 -17 -17 -16 -8 -8 -17 -27 -50 -66 -74 -80 -90 -103 -118 -126 -111 -80 -32 33 92 141 172 182 187 174 158 148 128 114 94 43 -19 -86 -135 -157 -153 -119 -76 -36 -14 -18 -40 -71 -92 -89 -72 -41 -14 18 47 50 48 41 28 30 33 48 74 90 102 92 64 28 -10 -35 -47 -49 -39 -16 7 10 -2 -31 -56 -86 -110 -112 -87 -82 -57 -18 -3 -14 -25 -22 5 30 48 58 67 56 38 32 23 12 1 -13 -15 -10 10 40 51 45 33 12 -11 -25 -12 7 0 -4 -13 -25 -40 -37 -14 -2 -15 -35 -43 -50 -54 -60 -49 -60 -55 -53 -42 -28 7 60 107 125 142 140 139 147 155 151 125 80 22 -43 -95 -120 -117 -112 -117 -113 -107 -105 -102 -100 -81 -56 -26 10 22 19 -3 -35 -44 -30 8 57 113 151 159 142 112 80 53 29 23 28 27 23 2 -23 -48 -82 -99 -93 -73 -41 -28 -23 -23 -41 -60 -57 -37 -25 -15 9 27 54 71 64 55 45 29 23 20 32 30 31 32 19 9 6 6 2 -15 -28 119 6869 305 2043
-8 -28 -43 -51 -54 -46 -36 -44 -39 -9 33 83 114 100 33 -45 -87 -95 -75 -31 12 43 47 30 18 0 -2 14 32 57 70 49 2 -48 -74 -67 -25 21 52 65 36 -11 -46 -58 -38 0 35 43 16 -35 -90 -127 -123 -93 -62 -40 -39 -53 -59 -36 8 69 133 173 181 160 129 109 101 111 128 118 85 24 -62 -135 -166 -149 -110 -68 -34 -18 -32 -62 -96 -112 -104 -71 -39 -14 9 16 18 28 30 32 36 45 56 58 71 84 79 66 41 -2 -44 -67 -58 -30 -4 20 31 27 -6 -49 -65 -62 -49 -35 -22 -17 -28 -30 -23 -18 -6 5 5 7 15 28 42 45 33 18 11 4 7 8 1 -16 -25 -6 23 31 32 22 1 -15 -27 -32 -27 -19 -9 0 3 6 4 0 -15 -24 -23 -15 -9 -16 -29 -39 -41 -39 -33 -9 38 78 107 124 132 143 152 148 134 103 59 2 -57 -99 -130 -146 -147 -136 -125 -116 -106 -97 -87 -72 -54 -26 2 20 23 12 -6 -18 -22 -4 39 85 130 152 146 115 69 28 0 -11 -6 0 7 20 23 -6 -47 -68 -71 -63 -38 -6 16 13 -7 -27 -63 -79 -57 -23 3 17 29 39 35 19 8 17 25 25 30 33 37 37 29 18 5 -4 -4 -9 -3 123 12239 305 2043
5 3 3 -5 -2 3 7 11 9 7 2 -10 -13 -12 -6 3 2 -4 -9 -8 0 3 7 11 10 8 -4 -9 -12 -2 8 9 22 22 7 -4 -17 -19 -15 -15 -4 10 16 22 36 58 68 66 56 36 21 15 14 5 -14 -35 -66 -94 -106 -108 -104 -116 -154 -174 -164 -123 -51 31 99 125 114 72 25 3 20 66 111 145 160 129 61 -7 -56 -70 -56 -22 25 56 56 24 -42 -106 -150 -155 -106 -38 21 47 23 -24 -55 -53 -20 21 66 97 92 63 30 14 -1 4 23 44 67 64 46 23 -12 -30 -31 -28 -12 4 8 -2 -19 -41 -63 -71 -55 -20 14 30 39 33 9 -5 -15 -9 9 19 28 22 8 3 -4 -4 7 17 32 3 34 -7 -19 -16 1 -11 11 38 48 24 11 -7 -25 -44 -53 -49 -48 -64 -71 -73 -92 -102 -107 -86 -54 -12 28 63 86 102 104 103 107 121 138 150 132 84 32 -18 -58 -58 -21 14 41 33 -16 -84 -134 -159 -146 -104 -42 10 28 6 -30 -84 -127 -126 -74 6 82 137 158 124 56 -15 -55 -38 15 68 93 77 41 -4 -44 -51 -38 -7 14 16 1 -33 -62 -80 -82 -69 -51 -21 2 3 -2 -17 -33 -32 -22 0 31 60 82 69 41 11 -8 128 11138 305 2043
-32 -14 -2 -7 -24 -39 -45 -44 -37 -28 -21 -22 -14 -5 11 21 43 45 24 -24 -51 -39 -15 10 41 52 53 41 30 25 13 1 -6 -6 -1 14 27 29 8 -17 -28 -21 -27 -34 -35 -44 -46 -37 -28 -21 -28 -47 -56 -54 -32 6 44 87 117 127 132 147 167 176 160 129 79 7 -67 -118 -143 -149 -141 -134 -131 -131 -129 -120 -97 -74 -41 -11 15 29 28 11 -8 -26 -25 -7 27 62 132 132 160 137 85 19 7 -6 -1 6 20 20 4 -32 -55 -66 -64 -46 -24 3 18 19 -3 -22 -35 -55 -62 -52 -21 9 29 40 33 11 4 2 19 34 44 55 45 27 12 4 3 5 -2 -6 -14 3 22 44 37 9 -29 -56 -77 -75 -59 -26 -6 -6 -6 -7 -12 -12 -15 -13 -14 -8 17 37 44 38 34 28 20 7 -7 -16 -18 -8 15 37 40 26 -3 -33 -58 -74 -57 -25 6 21 -2 -30 -39 -41 -31 -9 17 30 20 3 -5 6 22 34 31 17 7 1 -6 -2 2 12 20 13 1 -4 -7 -10 -12 -7 -2 -9 -22 -26 -12 -7 -3 -2 4 4 0 -4 5 7 10 17 19 20 5 -7 -4 6 7 10 4 5 3 0 -10 -4 -1 3 -1 -8 -12 -4 -1 3 -5 -17 -14 134 10680 305 2043
3 1 2 14 34 51 58 48 30 17 6 -1 -6 2 5 4 -7 -20 -28 -43 -48 -40 -26 -2 16 13 -15 -40 -53 -54 -60 -51 -29 -18 -18 -7 15 43 77 99 122 137 124 88 46 -2 -34 -51 -43 -12 14 26 12 -23 -64 -72 -54 -18 15 19 -17 -78 -145 -171 -140 -72 0 50 47 8 -36 -60 -41 11 71 108 104 71 26 -1 -7 3 34 68 89 94 77 42 13 -3 -3 -1 2 -9 -25 -41 -60 -66 -51 -33 -20 -15 -10 -1 -12 -19 -12 -4 10 20 18 8 -7 -13 -5 12 38 51 51 38 22 8 4 8 2 -7 -14 -25 -32 -37 -34 -17 -9 -7 -6 -9 -11 -9 -2 3 3 -5 -9 -3 1 10 22 28 29 33 28 23 14 10 10 5 3 1 -9 -17 -26 -25 -19 -23 -22 -12 -10 -17 -25 -24 -25 -17 -4 7 11 7 4 1 -13 -21 -11 3 21 17 12 16 10 8 3 -10 -11 -11 -3 5 8 3 -3 -3 -8 -7 1 2 -7 -22 -34 -25 -5 17 31 33 34 28 5 -16 -22 -9 0 7 20 24 19 20 25 24 4 -9 -25 -29 -9 11 34 34 13 -7 -20 -18 -6 -1 -2 -13 -27 -20 1 17 15 5 -6 -22 -20 -10 1 11 3 -6 -17 -26 -14 149 2617 305 2043
-5 -2 -7 -6 7 14 9 5 -1 0 -6 -21 -26 -21 -10 -2 9 21 30 34 23 1 -16 -20 -11 1 13 19 6 -6 -11 -17 -10 1 5 -4 -25 -32 -23 -8 7 18 31 32 13 -18 -45 -51 -51 -48 -52 -18 -61 -56 -67 -40 -52 7 42 93 111 164 163 183 148 133 94 94 74 63 13 -44 -106 -138 -158 -141 -103 -59 -29 -25 -33 -42 -63 -77 -80 -64 -39 -13 5 22 34 50 50 39 30 36 49 53 64 69 59 37 -1 -35 -54 -50 -26 2 22 24 8 -11 -30 -46 -51 -44 -33 -22 -13 -4 -6 -12 -19 -17 -13 -2 14 26 30 28 21 10 3 -5 -12 -17 -13 0 8 15 16 16 7 -2 -13 -15 -11 -7 2 9 12 12 9 5 3 -4 -6 -1 -1 1 -3 -17 -32 -50 -69 -75 -64 -36 10 53 82 101 107 107 109 109 111 115 98 62 23 -19 -58 -96 -130 -148 -156 -149 -129 -97 -66 -53 -52 -45 -27 -1 28 43 28 4 -7 -5 7 37 76 110 122 113 99 71 46 31 16 3 -11 -24 -16 -9 -16 -35 -53 -62 -70 -61 -24 21 36 24 -3 -35 -58 -64 -57 -31 -2 21 39 41 28 22 13 7 9 14 22 25 27 31 22 5 -4 -5 -3 4 15 22 20 149 4973 305 2043
21 11 -2 -9 -11 0 2 4 4 3 -2 -4 5 19 29 40 48 47 38 29 25 25 24 17 10 2 -28 -64 -88 -103 -115 -131 -138 -147 -161 -151 -101 -34 28 72 79 64 35 18 33 81 127 157 167 153 115 54 -10 -61 -90 -73 -16 43 85 79 30 -42 -121 -172 -168 -109 -36 28 52 32 -20 -67 -80 -52 -3 51 89 75 85 22 23 13 29 0 42 41 62 38 41 4 1 -28 -15 -14 10 8 23 9 -7 -41 -59 -54 -24 10 41 47 34 14 -11 -20 -20 -12 7 19 18 8 -8 -17 -17 -12 1 16 21 7 -1 -10 -3 1 9 22 37 36 35 13 -6 -17 -30 -43 -48 -54 -61 -68 -74 -83 -95 -96 -86 -57 -25 15 57 80 91 89 87 92 100 120 137 128 88 41 0 -25 -31 -6 14 4 -4 -37 -100 -148 -146 -120 -78 -23 23 28 -4 -75 -128 -146 -126 -61 26 103 149 142 96 21 -43 -61 -25 33 90 124 119 70 6 -49 -70 -54 -22 10 17 1 -22 -38 -51 -54 -51 -29 -12 -8 -15 -26 -30 -33 -35 -24 0 26 53 73 74 38 -8 -45 -43 -10 30 71 81 45 7 -23 -32 -30 -25 -13 -4 -2 1 -1 -14 -30 -27 -11 3 13 26 30 18 -1 -8 -5 0 149 14177 305 2043
-17 -14 -4 1 2 6 9 3 0 3 3 -5 -4 0 3 7 1 2 1 -6 -10 -18 -11 -3 -3 9 9 7 10 10 2 -7 -6 -5 -15 -15 -5 1 -1 -6 8 -20 30 20 16 -17 -3 -38 -24 -33 -18 -50 -52 -82 -86 -103 -70 -40 10 36 91 132 167 179 180 165 148 115 84 55 30 1 -48 -95 -128 -146 -131 -93 -47 -15 -16 -30 -51 -72 -83 -80 -56 -36 -12 11 33 45 39 20 11 12 34 68 96 102 86 53 12 -31 -40 -30 -17 -4 0 1 -3 -18 -30 -36 -34 -34 -43 -41 -40 -31 -21 -17 -11 -16 -23 -19 -7 14 29 32 31 22 14 7 -2 -1 1 8 14 19 21 15 21 13 -3 -12 -19 -15 -19 -16 3 13 14 14 3 -8 -12 -13 -5 -5 -10 -12 -22 -32 -42 -47 -49 -45 -39 18 10 60 76 117 98 126 127 139 113 115 62 32 -31 -59 -105 -122 -146 -141 -144 -134 -122 -91 -62 -31 -19 -3 25 39 31 12 -10 -21 -26 -6 33 75 107 120 109 86 65 51 38 33 22 17 14 12 -7 -31 -72 -96 -93 -68 -29 6 30 43 12 -36 -80 -88 -73 -44 -4 26 31 25 18 19 21 30 38 35 36 34 35 46 44 29 7 -17 -17 -10 -3 6 7 156 6774 305 2043
-4 -3 -8 -8 -8 -5 2 4 5 3 -2 -13 -22 -20 -13 1 18 28 34 27 9 -2 -15 -22 -19 -9 6 7 6 10 4 -4 -18 -33 -38 -35 -24 -13 -9 -22 -51 -78 -84 -67 -34 -5 32 71 102 125 137 135 127 107 92 80 70 68 45 4 -57 -118 -161 -173 -151 -104 -58 -27 -15 -20 -41 -56 -47 -23 -3 21 42 53 43 14 -3 -13 -4 18 39 60 72 71 60 37 10 -20 -33 -38 -33 -20 -9 3 9 0 -22 -38 -39 -31 -26 -6 12 20 18 0 -22 -28 -24 -20 -11 -2 4 -4 1 4 12 10 1 -6 -9 1 11 6 9 17 17 10 -1 -2 6 12 17 26 27 25 20 14 5 -11 -23 -30 -39 -43 -38 -34 -35 -36 -44 -50 -43 -35 -17 9 39 70 84 94 102 104 113 114 97 68 38 6 -38 -86 -113 -132 -103 -104 -101 -110 -84 -95 -77 -72 -12 12 68 81 95 61 42 1 4 -3 25 53 87 85 66 33 8 -1 9 18 33 44 35 6 -50 -91 -107 -102 -76 -45 -12 25 39 40 30 10 -8 -21 -15 1 29 54 57 41 13 -13 -24 -32 -36 -35 -24 -5 6 20 25 17 0 -15 -22 -7 12 26 29 34 26 13 -5 -17 -17 -8 -4 -9 -21 -26 -18 170 10484 305 2043
-19 -22 -16 -6 -9 -6 14 25 24 24 25 18 -1 -19 -23 -13 2 15 21 16 2 -6 -10 -5 -3 1 9 -7 -18 14 44 53 57 56 52 37 15 7 2 -19 -43 -50 -60 -80 -98 -110 -105 -123 -157 -154 -115 -59 4 57 93 93 55 24 15 31 71 126 168 181 161 102 27 -39 -86 -93 -52 9 48 45 22 -26 -80 -116 -124 -101 -53 -6 26 28 -5 -45 -72 -63 -31 18 67 88 88 65 28 -7 -24 -11 17 44 69 72 53 12 -25 -32 -26 -14 15 39 38 20 -3 -24 -38 -36 -26 -15 -10 -9 -7 -11 -16 -3 17 29 24 6 -1 -9 -26 -32 -25 -13 -3 6 29 36 16 -9 -12 -33 1 21 61 68 96 56 29 -19 -25 -55 -42 -77 -82 -85 -52 -72 -80 -87 -79 -88 -78 -58 1 44 74 105 121 98 85 107 132 134 111 72 31 -13 -40 -13 29 46 26 -29 -83 -129 -158 -143 -94 -38 19 57 38 -12 -74 -126 -139 -101 -36 41 99 121 97 44 -8 -31 -34 -1 50 90 100 77 23 -38 -76 -70 -34 9 49 66 41 -4 -43 -70 -83 -65 -25 15 32 19 -5 -35 -60 -71 -59 -18 22 41 55 47 23 -3 -17 -21 -6 13 35 46 38 17 2 -6 -9 1 8 15 28 170 11002 305 2043
1 11 16 17 16 17 9 -2 -13 -20 -16 3 16 25 15 -5 -17 -22 -7 3 -4 -12 -18 -21 -15 -2 14 17 8 -9 -19 -14 -8 3 8 -2 -19 -37 -44 -48 -57 -58 -60 -63 -42 -26 45 59 119 131 136 94 100 87 101 87 112 97 74 2 -55 -117 -147 -172 -147 -111 -70 -40 -14 -5 -15 -37 -48 -51 -33 3 38 58 65 52 23 -5 -17 -10 12 40 60 74 66 42 14 -15 -33 -32 -22 3 12 13 4 -9 -27 -38 -39 -29 -22 -6 3 11 11 0 -11 -23 -29 -38 -43 -30 -10 7 33 48 50 32 7 -6 -12 -16 -11 -3 7 13 16 18 10 -2 -19 -29 -29 -18 13 34 50 51 33 4 -19 -34 -34 -33 -32 -25 -25 -21 -24 -28 -30 -34 -33 -24 -6 25 67 104 120 115 106 94 82 62 35 14 -23 -69 -93 -90 -89 -93 -93 -88 -104 -114 -99 -70 -39 2 42 75 75 52 25 0 -20 -19 6 32 58 77 88 79 50 17 -3 -11 0 16 36 49 32 -8 -46 -77 -85 -73 -41 -12 16 32 23 2 -21 -37 -31 -18 7 24 32 34 20 -2 -18 -28 -26 -12 11 32 36 36 28 18 -1 -16 -9 2 8 8 3 10 6 -5 -3 -4 -9 -15 -18 -9 -11 -15 -11 172 4209 305 2043
-8 0 1 0 3 10 11 10 -1 -20 -28 -21 -10 11 38 35 23 4 -5 12 29 30 2 -6 -11 -27 -14 17 23 5 -22 -24 -19 -16 -5 7 7 -14 -33 -38 -57 -73 -72 -73 -73 -70 -41 15 66 107 138 144 138 115 104 109 123 129 120 76 1 -81 -138 -182 -181 -145 -99 -55 -32 -31 -33 -47 -59 -59 -49 -21 11 36 46 45 23 -1 -6 3 20 50 78 101 97 71 37 -1 -18 -44 -31 -21 -3 -16 5 -26 -37 -58 -28 -40 -21 -23 13 -5 4 -12 1 -7 -2 -17 -31 -43 -25 -16 9 25 44 52 33 16 0 -7 -1 -7 -7 1 2 5 9 17 16 2 -14 -19 -17 1 28 63 55 26 -14 -41 -39 -27 -27 -27 -34 -61 -66 -43 -24 -33 -27 -13 -5 -2 26 80 125 137 134 127 118 97 77 63 25 -23 -62 -94 -117 -137 -127 -104 -109 -129 -133 -114 -69 -18 34 70 82 77 45 8 -17 -17 1 20 40 61 65 72 64 40 18 4 7 26 31 38 32 2 -28 -62 -86 -86 -63 -26 2 19 23 12 -4 -27 -40 -16 -18 8 20 43 10 11 0 1 -31 -2 1 36 27 48 40 45 23 19 2 -10 -22 -4 0 11 14 9 1 -15 -27 -26 -23 -16 -15 -14 -9 177 11997 305 2043
-16 -5 7 13 12 21 19 8 -4 -10 0 6 11 20 23 21 9 0 -5 -7 -7 -10 -16 -23 -19 -1 11 13 20 19 21 11 -22 -43 -43 -32 -23 -23 -25 -30 -35 -51 -67 -52 -36 -24 7 62 124 154 154 132 104 83 67 77 100 96 61 5 -63 -119 -160 -172 -160 -122 -69 -21 13 22 -3 -44 -82 -92 -74 -29 40 91 103 79 24 -25 -50 -44 2 67 123 141 111 56 2 -45 -73 -81 -59 -20 21 36 -1 -12 -40 -65 -85 -54 -40 2 18 48 13 1 -33 -33 -45 -24 -18 19 27 36 22 19 9 5 2 5 1 0 -1 6 8 11 15 6 2 -3 -13 -14 -3 14 27 31 32 22 1 -16 -33 -40 -37 -22 -19 -23 -27 -36 -48 -52 -54 -29 4 38 60 66 83 94 81 76 88 101 96 84 74 40 -19 -80 -120 -138 -141 -115 -82 -68 -73 -89 -99 -94 -66 -11 40 70 84 76 56 22 -10 -18 5 31 58 89 112 103 69 17 -38 -61 -43 0 38 57 47 0 -71 -120 -131 -90 -24 34 72 76 55 21 -24 -57 -71 -52 -14 25 50 50 51 1 -30 -45 -35 -45 16 52 80 54 48 9 -9 -38 -13 -12 16 14 28 19 12 -5 -7 -13 -14 -23 -16 -13 -11 -12 -15 179 5458 305 2043
7 4 11 17 8 -19 -55 -87 -107 -98 -73 -32 9 32 35 14 -13 -34 -41 -27 -3 12 24 26 30 34 31 24 7 -8 -2 11 40 57 57 36 6 -17 -18 -10 -10 -14 -14 -17 -14 1 9 5 -12 -34 -56 -65 -65 -46 -25 -9 -18 -39 -51 -37 10 80 135 170 169 119 37 11 -36 -42 -51 -23 -27 14 -4 -12 -72 -86 -105 -70 -34 26 22 11 -49 -96 -134 -114 -67 -8 33 47 24 0 -13 15 67 111 138 128 87 37 -7 -18 4 36 72 77 49 8 -27 -45 -48 -28 -2 8 -10 -48 -74 -77 -75 -54 -37 -19 -6 -12 -12 -13 -6 11 28 43 48 30 8 -3 -2 8 31 40 49 56 51 21 2 -7 1 4 -11 -14 -13 -19 -29 -37 -36 -27 -28 -29 -30 -14 0 14 13 10 6 3 -9 -18 -11 5 12 15 30 35 31 27 15 5 -1 -12 -3 -2 -2 -5 -11 -16 -15 -13 -6 -5 -7 -27 -47 -47 -25 11 26 33 37 31 12 -13 -30 -21 -8 11 29 36 30 23 16 11 -3 -13 -17 -17 -10 6 15 1 -19 -32 -26 -11 -4 2 1 -12 -25 -23 -3 25 34 28 13 -4 -14 -15 -12 1 12 19 14 5 -6 -6 2 1 -1 -13 -19 -11 -1 7 16 10 -4 200 13810 305 2043
16 9 -3 -20 -28 -18 -1 8 18 9 2 -4 -8 -10 -10 -6 3 2 4 8 9 10 1 -7 -6 2 3 3 9 16 10 1 -3 4 8 7 12 15 17 14 -3 -13 -13 -8 6 26 54 76 72 52 35 26 5 -16 -28 -41 -56 -71 -73 -70 -90 -111 -145 -179 -174 -130 -57 20 73 94 94 73 35 14 26 48 84 135 174 177 158 63 -34 -94 -117 -102 -49 40 77 72 3 -73 -131 -139 -118 -50 8 55 50 13 -42 -72 -68 -33 21 63 77 81 65 30 -1 -24 -16 6 37 63 62 38 12 -14 -29 -43 -39 -11 22 46 40 18 -11 -39 -42 -30 -12 13 22 28 16 -2 -3 -8 -8 -1 1 0 -2 0 -3 -18 -22 -22 -10 -2 2 10 14 9 6 2 13 27 42 59 56 36 7 -28 -45 -59 -62 -55 -55 -57 -72 -91 -99 -101 -85 -52 -7 38 73 89 80 78 93 103 117 131 135 105 48 3 -24 -40 -25 10 35 32 -12 -71 -128 -172 -176 -128 -48 17 61 75 11 -37 -97 -143 -124 -51 55 117 150 128 73 -4 -46 -60 -17 35 92 99 62 1 -52 -80 -71 -41 8 52 71 45 -10 -50 -83 -86 -59 -12 30 48 39 27 -12 -58 -78 -69 -28 29 72 80 55 13 -25 201 202 305 2043
-7 -11 -8 -12 -5 6 13 8 1 1 1 -6 -10 -6 -4 4 8 15 19 12 1 -4 -3 9 15 15 14 2 -10 -15 -10 -2 9 13 4 -4 -4 4 8 3 1 8 8 12 26 36 36 22 23 33 40 45 34 12 -18 -49 -68 -76 -78 -86 -92 -105 -143 -179 -177 -133 -55 18 82 101 118 50 42 10 28 36 108 144 167 144 120 34 -49 -123 -121 -87 2 75 112 86 14 -76 -139 -157 -116 -60 -13 23 30 7 -16 -32 -25 -8 16 39 54 55 49 33 8 -14 -23 -13 18 50 59 46 17 -15 -30 -26 -1 40 51 42 15 -1 -16 -35 -49 -31 -1 20 28 31 23 7 -10 -22 -18 -17 -15 -12 -12 -10 -11 -18 -15 -16 -8 6 16 27 18 8 3 5 14 23 35 46 43 34 4 -30 -49 -60 -56 -56 -50 -43 -65 -98 -117 -120 -94 -51 0 44 72 92 98 91 86 92 112 136 140 118 80 41 -9 -43 -40 -15 14 24 4 -41 -104 -152 -161 -128 -59 13 58 58 8 -69 -141 -170 -134 -47 54 129 159 132 63 -6 -56 -63 -31 27 85 105 81 40 -10 -43 -52 -38 -8 31 50 49 23 -14 -48 -64 -58 -41 -11 9 12 -11 -54 -79 -79 -53 -9 21 42 50 44 20 -17 203 3040 305 2043
-6 -9 -24 -26 -9 8 18 13 9 7 -1 3 22 31 16 -10 -27 -33 -19 7 26 26 0 -24 -34 -28 7 47 60 43 7 -14 -6 25 74 96 80 30 -17 -39 -36 -27 -21 -39 -81 -126 -146 -132 -126 -118 -109 -87 -55 -22 31 78 93 79 45 19 25 60 122 175 193 165 84 -12 -96 -119 -96 -28 57 84 72 30 -27 -86 -130 -136 -94 -56 -9 -2 15 12 -14 -59 -52 -7 50 71 78 69 50 21 -10 -15 -1 17 41 51 44 30 7 -12 -39 -44 -10 21 38 44 39 17 -20 -57 -72 -68 -43 -13 22 52 53 35 16 15 13 -7 -22 -20 -11 -4 -9 -4 8 4 1 5 15 19 -2 -25 -31 -13 12 38 57 53 28 -2 -33 -47 -45 -36 -26 -29 -42 -65 -95 -113 -115 -89 -53 -20 6 36 63 80 86 97 98 104 113 125 122 81 42 3 -29 -38 -17 12 20 -1 -34 -77 -131 -157 -142 -93 -24 38 69 43 -28 -109 -159 -148 -82 15 95 142 140 89 18 -30 -47 -35 9 58 95 105 70 11 -44 -63 -56 -34 1 37 48 39 7 -38 -74 -82 -61 -28 2 20 25 10 -27 -67 -71 -45 -10 22 52 73 69 36 -5 -27 -32 -23 -7 14 31 37 32 25 18 -1 -24 -31 -28 203 11937 305 2043
-10 -12 -10 -5 0 2 5 0 0 -5 -16 -19 -12 -5 6 9 14 12 3 -6 -11 -8 1 -4 -8 -8 -6 -2 3 10 15 19 6 -10 -20 -37 -47 -47 -49 -41 -51 -67 -69 -58 -48 -32 8 62 102 127 146 147 135 117 108 102 105 98 65 11 -57 -121 -160 -174 -149 -98 -47 -2 10 -17 -47 -72 -82 -73 -48 0 45 73 87 73 33 -10 -34 -23 2 53 97 124 104 49 -3 -43 -71 -74 -72 -46 -13 5 11 2 -19 -37 -52 -48 -45 19 30 39 30 15 -24 -37 -35 -27 -16 14 35 26 12 -4 -2 5 10 3 -1 2 -6 -25 -25 -4 4 -2 -6 4 6 0 3 14 12 7 14 28 17 4 -5 -17 -24 -29 -34 -18 -18 -22 -29 -37 -42 -38 -27 0 34 62 83 99 103 103 108 115 121 108 67 21 -25 -71 -94 -109 -120 -123 -121 -121 -125 -121 -103 -76 -42 6 52 82 89 73 31 -6 -31 -30 5 65 106 116 100 79 39 -7 -26 -23 -8 9 30 44 33 -12 -68 -106 -114 -92 -35 28 70 74 53 16 -17 -42 -47 -40 -25 2 28 43 42 23 0 -26 -49 -46 5 9 54 65 48 7 -6 -30 -38 -17 1 9 11 6 3 11 17 15 -6 -10 -14 -33 -35 -19 -11 230 11879 305 2043
4 -5 -23 -36 -33 -32 -20 13 43 54 36 8 -9 -21 -18 -11 -18 -11 0 10 7 -16 -38 -36 -30 -18 -10 35 63 74 48 23 19 35 43 42 21 17 9 -8 -26 -24 -28 -37 -72 -104 -125 -136 -149 -145 -109 -62 -31 1 40 71 67 40 21 23 51 90 135 179 186 141 57 -35 -91 -98 -68 -13 37 58 43 -1 -55 -82 -83 -73 -48 -17 10 24 14 -8 -26 -44 -39 -11 27 61 61 41 38 5 -30 -17 0 32 46 60 36 19 -15 -25 -45 -29 -6 38 39 36 15 -6 -35 -42 -47 -27 -5 15 19 7 -3 -10 -14 -10 -2 4 10 10 -1 -18 -29 -27 -13 3 12 23 26 26 27 24 28 31 42 59 60 45 18 -17 -49 -78 -93 -89 -73 -63 -64 -68 -81 -99 -96 -82 -49 -15 28 68 82 86 101 118 131 132 131 125 97 54 24 4 -18 -26 -3 16 8 -18 -59 -100 -148 -170 -137 -66 13 74 86 50 -15 -96 -146 -142 -74 8 79 123 119 73 17 -22 -35 -24 6 37 64 76 52 12 -30 -60 -68 -41 4 40 47 21 -32 -55 -57 -57 -19 20 42 19 0 -37 -53 -70 -43 -21 17 15 27 24 19 4 7 -11 -4 -3 7 21 29 30 28 16 2 -8 -5 5 7 230 12377 305 2043
-9 -13 -10 0 14 25 19 11 9 1 -8 -16 -21 -21 -25 -23 -4 17 27 16 6 6 -5 -27 -42 -27 -10 0 15 25 30 28 18 9 -12 -31 -39 -44 -38 -24 -23 -46 -75 -84 -58 -6 41 76 96 103 104 104 109 121 129 129 118 90 56 11 -62 -129 -165 -172 -148 -110 -63 -14 6 -7 -42 -71 -78 -53 -8 41 83 85 52 11 -28 -53 -43 -14 30 62 78 81 63 31 6 -23 -32 -24 -13 -8 -5 -1 -12 -24 -38 -48 -51 -43 -6 34 43 35 12 -7 -26 -45 -42 -26 -15 -6 -3 0 -1 3 12 12 18 22 18 12 10 9 0 -2 3 -6 -17 -21 -18 -9 -3 5 20 32 23 -2 -20 -18 -15 -14 -2 16 11 -15 -38 -57 -71 -73 -59 -28 7 40 80 105 107 98 81 77 87 103 117 104 58 0 -59 -98 -104 -105 -115 -129 -138 -140 -129 -102 -69 -36 -6 21 46 54 55 49 36 21 0 -12 6 39 75 96 88 60 17 -16 -22 2 45 77 78 49 4 -36 -75 -92 -88 -71 -29 3 20 18 5 -7 -23 -26 -16 -5 8 18 22 20 13 -4 -26 -34 -26 -7 16 33 45 46 39 33 31 20 11 16 -23 23 -7 -4 -15 9 -25 -24 -35 -13 -31 -18 -22 6 -2 231 4588 305 2043
-22 -19 -20 -17 -12 -7 4 10 1 -10 -11 -5 -8 -1 11 22 19 21 20 18 7 6 8 4 -16 -24 -19 -10 -4 12 11 4 -10 -31 -53 -58 -53 -44 -47 -39 -24 -18 -30 -29 -3 17 30 61 99 139 156 146 128 94 62 50 46 43 25 -16 -73 -130 -166 -175 -140 -85 -30 22 51 42 4 -38 -65 -67 -44 -4 37 62 63 43 11 -23 -40 -29 -4 37 70 90 82 46 -9 -54 -71 -65 -47 16 17 47 33 13 -26 -35 -45 -34 -23 12 23 12 1 -8 -23 -37 -39 -23 -4 11 23 20 23 15 7 -5 -14 -9 -9 -10 0 5 10 9 -2 -2 -3 4 9 6 8 14 13 17 19 14 2 -13 -13 -23 -25 -19 -9 -13 -30 -41 -53 -71 -72 -48 -5 32 70 106 111 100 98 87 72 65 73 69 41 7 -30 -68 -125 -155 -153 -143 -121 -86 -59 -42 -50 -52 -35 -5 39 74 77 60 24 -10 -28 -20 8 54 105 120 96 62 25 -9 -23 -28 -22 -4 15 26 5 -30 -59 -77 -80 -69 -21 38 78 80 50 7 -26 -51 -61 -40 -12 22 45 46 31 16 -8 -33 -29 -7 12 29 40 42 25 -6 -24 -28 -25 -13 7 22 29 24 12 5 3 -5 -9 -16 -24 -18 -14 -8 -3 46 8483 305 2475
7 3 -2 -9 -6 -4 -12 -12 1 10 13 1 0 -10 4 12 8 -7 18 1 -5 -21 7 0 8 -3 4 -12 -4 -16 2 -6 1 2 10 -2 -5 -28 -42 -56 -58 -68 -73 -76 -59 -30 2 31 68 91 109 120 116 105 110 124 121 103 88 58 8 -58 -130 -170 -166 -142 -108 -71 -31 -2 -1 -28 -58 -65 -53 -28 13 45 63 63 34 5 -16 -17 7 35 53 60 55 48 38 20 -4 -19 -15 -10 -19 -33 -38 -34 -36 -33 -22 -9 10 23 27 24 8 -2 -3 -6 -9 -5 0 0 -15 -21 -13 4 8 0 -9 -17 -19 -15 -1 18 22 21 13 -3 -11 -9 0 12 13 14 20 26 29 41 26 12 -3 -9 -46 -41 -39 -15 -26 -24 -48 -46 -63 -44 -45 -21 -5 32 55 87 98 121 118 114 102 85 59 34 2 -24 -48 -68 -91 -99 -110 -125 -133 -129 -122 -92 -68 -38 6 54 74 68 45 23 0 -2 9 30 59 82 88 73 48 29 14 0 8 22 31 36 28 1 -30 -56 -72 -69 -53 -36 -12 5 5 6 0 -3 1 10 17 11 5 0 -6 -18 -28 -28 -23 -12 3 13 22 25 21 12 -4 1 20 31 33 24 17 11 -1 -9 -11 -10 -11 -19 -15 -1 11 15 14 47 799 305 2475
7 0 -4 -22 -33 -31 -13 5 18 24 24 20 12 0 -6 -3 2 11 5 10 12 9 0 -10 -14 -3 -1 -2 -16 -19 -12 -2 7 12 16 7 -16 -46 -78 -87 -86 -90 -83 -66 -31 7 46 92 123 134 125 107 107 115 117 119 103 76 32 -18 -65 -112 -151 -171 -160 -116 -66 -21 9 5 -17 -49 -70 -64 -42 -5 30 50 55 35 21 8 -5 2 34 62 66 62 54 29 2 -22 -42 -42 -30 -14 -4 3 15 11 -4 -19 -31 -29 -14 -4 1 1 -1 -13 -29 -36 -31 -21 -6 10 15 11 12 11 3 1 -4 -7 -6 -4 5 19 23 20 7 -2 -2 8 14 0 1 20 16 4 8 19 9 -15 -17 -22 -20 -18 -17 -12 -19 -30 -27 -30 -35 -43 -36 -9 16 40 83 129 146 141 123 110 89 54 11 -19 -49 -85 -102 -104 -105 -114 -131 -143 -143 -130 -95 -48 4 49 70 71 62 43 16 -15 -38 -32 9 64 113 140 137 107 56 2 -28 -27 -9 18 32 23 -7 -42 -68 -85 -83 -57 -26 2 26 37 31 15 -3 -26 -43 -44 -29 -3 17 24 23 11 -5 -12 -15 1 17 30 40 39 24 7 -1 0 -2 0 9 22 33 29 24 14 2 -15 -31 -33 -18 -8 -1 -14 -28 54 2470 305 2475
-13 -1 5 -8 -19 -35 -49 -47 -34 -10 14 30 36 29 17 1 -24 -37 -41 -21 14 44 56 45 36 27 16 7 5 22 39 34 37 40 35 37 37 37 26 4 -15 -19 -4 14 31 23 -6 -34 -56 -73 -63 -54 -48 -55 -64 -62 -57 -40 -8 18 55 94 144 169 147 84 21 -42 -79 -90 -62 -17 29 37 17 -22 -60 -72 -42 4 46 61 22 -44 -114 -146 -124 -75 -24 26 36 17 -22 -38 -30 -1 33 57 60 23 -17 -35 -42 -23 17 50 68 79 29 51 14 20 15 53 31 27 -4 -4 -47 -44 -43 0 16 32 21 21 0 -3 4 31 29 19 7 -11 -23 -31 -25 -2 18 36 47 43 32 11 -11 -32 -32 -21 -20 -19 -11 -3 -5 -28 -39 -48 -48 -42 -32 -22 -13 -13 -3 12 16 3 -10 -20 -24 -22 10 50 72 65 41 10 -6 -1 9 1 -6 -11 -7 0 8 15 4 -12 -22 -31 -28 -7 12 25 19 5 -13 -20 -10 3 8 15 20 15 10 17 24 15 5 -13 -26 -26 -20 -15 -20 -30 -26 -20 -12 -6 -2 -15 -16 -5 -1 -2 -4 0 -1 -11 -10 4 9 10 15 7 49 7 20 10 15 -17 18 18 28 -2 3 -17 -1 -4 13 11 23 12 24 21 16 74 9956 305 378
-6 -4 0 -8 -12 -15 -2 12 15 11 1 -7 -7 -16 -11 -1 10 11 9 5 -5 -1 3 7 14 13 12 3 -11 -8 -7 -10 -1 15 47 54 35 5 -36 -95 -145 -159 -130 -74 -13 28 65 63 30 -5 -14 1 44 91 125 125 72 1 -64 -91 -52 31 120 172 160 103 34 -9 -18 6 31 32 16 -20 -58 -71 -69 -46 -16 5 6 -18 -40 -44 -46 -41 -40 -34 -25 -26 -40 -53 -52 -47 -34 -12 17 44 46 20 -6 -23 -27 -13 -5 -8 -16 -30 -36 -43 -42 -27 0 19 33 29 12 -16 -33 -32 -13 12 28 36 28 16 12 24 46 56 54 60 57 49 40 27 27 27 12 0 -16 -22 -23 -18 -12 -13 -17 -22 -27 -38 -48 -42 -35 -43 -44 -45 -46 -49 -53 -30 12 64 109 155 170 141 69 6 -47 -79 -78 -36 14 41 32 4 -41 -74 -72 -28 24 57 62 21 -50 -126 -166 -150 -98 -33 29 47 23 -14 -33 -36 -19 20 54 59 35 0 -26 -40 -21 18 48 63 65 51 37 24 23 34 46 53 44 19 -5 -27 -50 -50 -27 5 29 35 28 16 11 13 19 9 -10 -13 -19 -29 -20 -3 17 40 54 64 53 21 -13 -34 -26 -3 23 27 3 -37 -71 -74 -59 -51 -39 75 10850 305 378
15 12 4 -10 -11 2 11 23 31 21 -4 -18 -17 -5 -1 -1 -4 -16 -25 -20 -2 10 5 -4 -14 -20 -19 -4 8 6 8 3 16 0 4 10 31 -1 12 -4 -3 -20 5 -10 8 -10 0 -18 -6 -17 3 -2 -1 -11 -2 10 51 53 46 20 -31 -101 -157 -172 -134 -81 -15 37 70 66 38 17 9 19 53 94 119 95 39 -21 -50 -46 0 63 126 143 115 65 16 -6 0 27 52 43 9 -39 -85 -104 -88 -53 -2 39 42 16 -15 -45 -63 -63 -52 -32 -19 -19 -27 -41 -40 -14 8 23 28 20 -3 -31 -45 -38 -25 -9 1 -2 -24 -53 -81 -84 -61 -20 34 72 67 32 -4 -37 -43 -25 0 22 32 39 48 44 39 40 45 39 28 22 27 36 35 25 11 -5 -11 -5 -4 4 3 -4 -14 -26 -26 -13 -7 -6 -26 -45 -49 -48 -41 -35 -38 -42 -38 -17 20 74 115 153 160 114 42 -27 -75 -81 -60 -19 24 45 28 2 -34 -57 -49 -13 37 68 50 -4 -78 -144 -171 -142 -84 -27 8 9 -12 -40 -47 -14 26 62 75 63 31 -13 -41 -35 -9 34 70 83 76 48 18 0 2 20 36 48 38 5 -33 -61 -55 -28 4 34 43 30 7 -10 -8 6 22 40 41 24 -1 76 3143 305 378
20 27 18 8 -6 -22 -21 -16 -2 10 6 -4 -18 -32 -30 -14 -6 -2 6 8 -2 -18 31 16 42 19 15 -17 2 -2 0 -13 7 -6 3 -25 -21 -26 -28 -46 -58 -80 -95 -104 -80 -36 19 69 108 138 137 122 118 117 117 114 110 112 84 27 -45 -117 -164 -180 -165 -111 -46 2 26 32 -2 -58 -99 -106 -87 -43 11 63 82 66 29 -12 -18 0 27 61 89 98 89 54 15 -34 -68 -80 -71 -43 -8 15 26 15 -9 -38 -51 -46 -34 0 23 23 19 2 -25 -44 -52 -35 -5 29 49 47 43 35 6 -26 -47 -52 -40 -15 8 20 24 23 11 4 -10 -13 -7 -4 0 11 33 37 23 16 6 -16 -31 -41 -48 -45 -27 -8 5 0 -14 -32 -45 -57 -53 -29 12 56 82 106 130 137 139 137 125 99 57 11 -35 -64 -83 -90 -99 -111 -129 -139 -131 -104 -86 -72 -47 -11 33 69 83 69 30 -20 -48 -52 -19 35 95 140 148 121 77 26 -20 -48 -32 4 33 42 20 -20 -60 -88 -101 -92 -59 -4 34 61 62 40 -2 -49 -75 -67 -32 7 36 54 41 14 -10 -20 -17 -5 21 50 63 56 37 6 -18 -33 -38 -27 -13 2 17 31 27 10 -4 -21 -35 -32 -24 -13 -4 7 13 76 7040 305 378
-22 7 33 35 53 8 19 12 15 -7 4 -6 -11 -33 -26 -28 -22 -19 7 16 17 10 8 9 11 26 30 23 12 14 20 31 31 37 40 43 36 28 15 -3 -29 -57 -76 -81 -96 -115 -122 -142 -152 -148 -114 -64 -4 51 90 104 90 51 24 29 61 106 156 176 144 77 -11 -87 -126 -121 -72 11 77 93 56 -12 -80 -126 -125 -82 -29 13 36 30 4 -26 -36 -26 10 50 70 73 60 36 5 -27 -33 -20 -1 30 56 63 38 -10 -49 -59 -47 -13 38 78 78 47 0 -46 -57 -52 -32 -13 0 31 44 41 29 9 -2 -18 -36 -40 -16 4 11 -8 -14 -23 -14 -6 12 28 36 21 7 -11 -3 10 43 72 73 47 12 -32 -50 -57 -43 -30 -31 -41 -56 -87 -109 -118 -105 -91 -63 -24 21 64 84 93 104 108 115 122 130 135 104 62 12 -28 -35 -26 -6 5 5 -26 -81 -132 -153 -146 -93 -22 38 71 57 7 -65 -133 -155 -115 -26 65 126 152 118 48 -16 -62 -67 -37 19 70 83 62 19 -27 -64 -72 -46 -10 24 45 41 20 -16 -51 -58 -49 -23 7 23 23 1 -30 -49 -64 -53 -16 31 61 63 49 19 -15 -47 -62 -38 0 30 50 51 44 27 9 1 -12 -11 4 14 76 7544 305 378
12 -26 6 -11 -7 -32 -2 -15 0 -9 19 -8 12 -1 19 4 16 7 24 9 13 1 4 -2 -3 2 22 29 29 23 23 22 33 51 51 43 24 6 -13 -38 -56 -65 -76 -84 -93 -109 -120 -136 -135 -123 -93 -53 14 84 111 91 55 29 22 23 58 117 168 177 125 42 -40 -101 -121 -98 -39 28 72 79 43 -22 -78 -104 -89 -54 -5 35 33 6 -43 -82 -79 -49 1 51 81 88 65 15 -24 -44 -38 -9 25 52 57 43 16 -1 0 -6 -10 5 33 56 54 52 33 -14 -53 -65 -53 -27 -11 -7 -11 -16 -12 -7 1 9 9 -2 -16 21 -5 10 5 19 -12 16 8 31 1 23 13 23 4 35 34 49 33 31 -3 -33 -76 -85 -80 -60 -54 -51 -71 -88 -98 -99 -82 -52 -5 37 62 85 93 91 93 94 113 134 135 116 72 30 -18 -50 -50 -13 13 14 -7 -48 -103 -145 -152 -115 -38 41 86 90 45 -29 -107 -153 -135 -62 23 89 118 108 67 8 -46 -68 -51 -2 54 77 62 17 -42 -88 -102 -72 -12 50 86 79 28 -24 -61 -73 -57 -35 -2 24 35 21 -4 -31 -53 -60 -46 -16 28 67 82 68 30 -12 -39 -42 -16 7 12 21 26 24 16 15 20 17 7 -8 -20 76 16165 305 378
-8 3 14 20 17 10 -6 -8 -5 5 0 -5 0 -3 -10 -12 -7 1 -1 -5 -3 -3 -4 7 21 24 11 0 -1 -9 -22 -21 -10 2 4 7 5 -1 -20 -43 -65 -91 -114 -98 -69 -34 14 66 110 117 97 83 74 73 93 123 154 163 139 75 -4 -86 -152 -181 -179 -147 -92 -33 14 29 10 -25 -63 -86 -76 -39 18 74 93 73 26 -25 -55 -44 -38 15 62 76 82 75 51 19 0 -31 -29 -27 -3 13 19 -11 -27 -50 -49 -51 -26 -7 20 27 27 7 -15 -35 -37 -41 -29 -13 -2 6 2 4 12 11 8 3 8 16 13 8 22 25 13 -3 -6 -13 -21 -30 -21 -9 11 19 22 21 10 -1 -18 -24 -28 -29 -25 -21 -8 -1 -14 -30 -46 -51 -45 -22 21 66 93 106 108 106 100 97 96 87 65 25 -15 -49 -81 -96 -101 -107 -114 -123 -125 -126 -124 -106 -72 -14 47 85 103 98 65 12 -35 -52 -34 10 55 88 112 108 74 24 -27 -43 -20 20 60 76 69 38 -10 -58 -89 -93 -74 -42 -14 -2 7 14 7 -10 -27 -24 -5 8 12 4 1 -3 -21 -29 -20 -6 18 49 70 69 45 23 13 7 7 18 27 15 -3 -14 -15 -11 -23 -44 -54 -54 -44 -27 -7 17 11 77 8088 305 378
-9 -24 -28 -16 3 21 36 27 14 3 -6 -10 -12 -6 -9 -16 -20 -22 -7 10 18 23 17 4 -23 -48 -37 -9 13 36 55 65 64 58 64 69 52 26 5 -3 -9 -13 -30 -56 -91 -115 -112 -106 -123 -152 -162 -146 -96 -39 33 89 103 68 -1 -14 14 35 101 173 214 185 133 31 -51 -105 -96 -63 4 36 56 33 -6 -66 -103 -125 -100 -62 -8 29 37 12 -22 -58 -60 -31 16 56 85 76 42 4 -17 -21 -7 18 50 58 46 23 -7 -30 -29 -24 -2 23 35 30 22 11 -5 -24 -34 -25 -14 -2 10 22 21 10 -5 -3 -2 -7 -1 9 5 -8 -19 -19 -12 1 13 17 19 21 16 0 -7 -2 5 25 47 72 87 63 5 -46 -74 -88 -87 -77 -58 -54 -76 -96 -103 -97 -80 -57 -25 9 40 69 105 122 116 107 116 134 134 107 64 20 -22 -32 -14 26 51 36 -13 -80 -154 -196 -183 -114 -23 55 92 67 4 -69 -124 -140 -105 -38 35 84 111 104 66 16 -33 -47 -23 23 72 94 78 36 -18 -58 -77 -63 -19 32 54 48 14 -29 -65 -71 -49 -12 17 29 30 5 -31 -49 -53 -42 -15 11 34 46 46 27 -1 -23 -30 -25 0 23 34 33 23 6 -13 -21 -11 9 25 77 8601 305 378
-18 -2 11 16 12 -3 -19 -14 0 12 16 10 -7 -17 -26 -32 -24 -10 -1 10 12 7 3 -3 7 17 21 19 10 6 15 -31 11 -9 -4 -21 2 -21 -21 -32 -33 -74 -70 -88 -84 -88 -67 -40 6 49 107 144 161 157 147 144 147 158 158 134 73 -20 -110 -174 -200 -183 -142 -95 -56 -42 -35 -30 -20 -13 -28 -43 -45 -34 -9 14 35 38 21 0 -15 -3 44 103 139 135 106 43 -26 -80 -98 -79 -43 -23 -4 -4 -10 -2 4 6 2 2 11 11 12 9 -11 -23 -31 -33 -33 -30 -23 -19 -16 -7 7 33 35 28 15 2 -2 -7 -16 -22 -25 -21 -16 -13 3 19 34 45 50 37 16 2 -5 -2 10 17 9 -23 -59 -62 -53 -40 -29 -30 -41 -58 -61 -39 -22 45 33 76 89 109 94 128 140 154 130 121 60 14 -42 -72 -96 -100 -123 -135 -155 -167 -159 -142 -112 -75 -33 19 59 76 84 66 18 -24 -34 -21 23 81 110 114 101 67 34 6 -1 15 30 37 35 17 -14 -47 -77 -88 -84 -58 -25 6 31 36 23 1 -16 -23 -30 -19 -7 10 14 9 5 -6 -21 -17 -13 -2 24 41 44 36 30 24 14 10 11 12 12 6 -2 -10 -11 -8 -4 4 20 22 3 -31 -45 78 861 305 378
12 9 7 2 -10 -10 -6 4 14 11 8 3 -8 -8 -1 13 -7 27 15 15 2 5 -6 -8 -19 -2 17 19 15 27 36 35 31 32 45 49 40 21 17 -3 -27 -50 -66 -87 -97 -101 -96 -109 -132 -140 -126 -85 -34 26 77 93 76 30 -6 -12 17 81 150 197 210 158 52 -48 -113 -133 -108 -44 29 75 72 37 -20 -82 -136 -138 -106 -48 13 59 72 36 -19 -55 -59 -25 22 53 58 42 26 15 8 14 32 51 52 26 -6 -20 -18 -16 -20 -15 -4 15 17 12 19 4 -30 -47 -50 -27 10 39 55 50 20 -11 -20 -11 3 14 18 15 7 -10 -19 -20 -17 2 15 17 12 -5 -15 -14 -9 3 53 42 70 60 36 -13 -29 -50 -61 -63 -47 -44 -48 -69 -93 -114 -119 -89 -55 -17 17 56 85 100 100 104 98 108 123 132 113 75 36 -3 -31 -30 -4 18 18 -5 -56 -114 -151 -153 -115 -50 12 61 69 18 -45 -109 -145 -136 -78 5 83 121 120 77 14 -43 -63 -48 -3 51 90 97 68 8 -41 -67 -63 -31 1 21 30 12 -11 -37 -44 -27 1 16 14 8 -6 -23 -37 -44 -36 -17 6 27 40 35 20 -7 -34 -53 -44 -6 33 60 72 51 27 1 -26 -37 -23 -7 3 78 1361 305 378
-14 -6 1 2 4 3 6 6 6 6 11 17 14 11 6 -1 0 1 6 6 2 1 -5 -16 -13 -4 6 12 17 23 25 25 30 34 41 49 46 31 14 0 -26 -39 -81 -46 -69 -83 -116 -102 -157 -158 -150 -82 -53 20 48 90 61 42 9 30 46 96 141 176 162 120 49 -30 -101 -123 -94 -26 42 70 65 34 -29 -90 -123 -119 -73 -20 17 33 25 -1 -34 -52 -42 -18 16 46 72 73 53 30 3 -7 8 30 48 43 21 -12 -49 -57 -42 -15 18 41 49 46 27 -10 -46 -51 -40 -21 2 23 38 37 20 8 -9 -20 -23 -13 13 34 40 34 6 -24 -34 -22 -5 12 17 5 -5 -12 -14 7 34 50 57 43 19 -1 -25 -45 -58 -58 -55 -56 -61 -71 -87 -100 -103 -89 -63 -32 14 61 82 80 75 70 109 95 140 146 143 62 38 -16 -34 -49 13 25 46 -5 -43 -111 -141 -163 -118 -60 13 54 67 32 -28 -95 -133 -124 -74 0 70 108 112 74 13 -31 -48 -30 12 59 91 86 55 4 -48 -69 -62 -27 11 40 48 28 -9 -45 -63 -49 -26 5 34 35 9 -29 -59 -73 -66 -40 7 46 64 51 25 -1 -21 -29 -24 1 30 43 52 47 26 -3 -33 -45 -38 -11 25 78 10565 305 378
-6 6 23 24 18 18 -3 -13 -28 -36 -23 -1 5 4 6 17 16 -3 -27 -25 -9 1 13 26 29 20 -1 -14 -11 -11 0 -3 -17 -25 -30 -21 2 21 28 31 25 -2 -34 -43 -24 -5 9 22 31 20 14 16 18 11 -6 2 36 50 54 44 -1 -79 -155 -183 -150 -96 -34 16 46 40 22 12 19 50 84 117 135 111 66 15 -32 -52 -42 -4 30 45 46 26 0 -2 18 43 57 58 41 -5 -49 -81 -81 -54 -20 9 8 -17 -44 -68 -72 -58 -46 -22 -9 -14 -28 -44 -46 -35 -10 14 22 25 15 9 10 14 27 34 35 21 -2 -20 -37 -44 -31 -23 -4 6 8 11 1 -10 0 20 32 33 28 27 23 10 -4 1 27 11 33 33 31 8 23 12 29 17 39 9 6 -19 -2 -4 30 18 7 -32 -34 -50 -62 -70 -58 -57 -53 -48 -33 -39 -49 -45 -21 22 73 139 182 162 91 18 -40 -64 -63 -34 -3 9 -7 -24 -54 -74 -68 -27 12 44 38 17 -16 -51 -73 -65 -50 -28 -16 -26 -52 -66 -51 -25 10 46 71 72 41 0 -37 -50 -23 22 63 82 71 47 15 0 8 26 57 74 61 39 8 -20 -26 -9 6 10 3 -15 -34 -41 -31 -11 10 26 35 23 -2 84 7869 305 378
3 5 7 1 0 1 6 15 30 39 33 12 -5 -11 -22 -30 -20 0 3 -6 -1 5 -2 -17 -26 -23 -17 -1 21 40 50 44 40 34 26 28 23 8 -8 -23 -28 -33 -33 -37 -55 -79 -107 -136 -146 -127 -83 -28 21 53 65 57 34 14 9 22 57 105 146 170 148 83 5 -62 -100 -93 -45 18 58 68 41 -9 -65 -106 -97 -55 -6 39 52 31 -5 -36 -41 -36 -12 22 46 55 41 20 -6 -26 -28 -19 1 12 21 24 16 0 -12 -21 -15 6 22 39 53 58 45 21 4 -10 -20 -17 -14 -8 -4 -16 -27 -33 -34 -34 -27 -16 -8 -4 -5 -11 -10 -8 2 22 28 27 19 10 1 -9 -8 8 19 29 35 28 3 -23 -39 -51 -51 -49 -44 -33 -35 -46 -54 -57 -55 -46 -29 -7 10 29 43 58 68 71 84 106 111 91 57 27 4 -9 -2 18 46 48 28 -19 -65 -109 -136 -140 -96 -27 34 68 60 13 -52 -107 -122 -101 -45 28 87 105 75 24 -24 -40 -26 4 48 61 50 26 -1 -25 -33 -29 -11 12 32 36 32 19 -9 -37 -43 -22 5 24 34 30 0 -39 -68 -76 -67 -50 -8 3 21 11 3 -5 -11 -14 4 29 35 37 27 30 10 8 7 14 5 6 3 84 10213 305 378
-30 -4 35 71 72 56 19 -39 -77 -71 -44 -19 -14 -16 -21 -32 -31 -12 8 12 20 32 39 43 33 22 32 35 42 52 66 70 62 44 23 7 -1 -5 -7 -8 -10 -19 -41 -50 -48 -39 -24 -16 -13 -40 -36 -34 -40 -26 -3 -6 -35 -46 -55 -24 16 74 132 173 146 90 15 -30 -61 -46 -21 21 34 15 -22 -66 -107 -105 -79 -27 30 67 54 4 -58 -95 -92 -62 -27 7 10 -8 -42 -54 -46 -1 49 95 95 65 16 -34 -57 -52 -22 12 27 33 30 26 41 60 70 72 71 62 42 15 -6 -12 -10 -2 11 12 -6 -38 -71 -77 -52 -16 35 73 73 45 -1 -40 -44 -23 13 35 36 32 21 11 1 3 14 11 -8 -33 -50 -55 -57 -55 -58 -62 -55 -49 -39 -26 -17 -1 14 28 39 51 64 63 47 32 24 18 14 7 2 -4 -4 -7 -12 -17 -20 -12 -4 -9 -13 -17 -21 -21 -18 -1 10 8 -2 -13 -11 5 17 24 23 17 7 5 5 4 12 16 4 -5 -16 -21 -19 -17 -10 -9 -16 -19 -19 -21 -15 -15 -15 -19 -15 -11 -1 5 4 -1 -5 3 8 10 7 11 10 18 17 20 21 11 -5 -12 -10 0 4 8 12 7 2 -12 -18 -17 -9 0 5 4 -2 84 16360 305 378
-13 6 -30 -35 -31 6 -20 7 21 51 25 23 -11 -8 -35 -17 -27 0 2 21 24 31 16 9 -13 -19 -28 -2 26 49 46 17 -22 -44 -47 -30 -17 -25 -44 -62 -65 -62 -55 -42 -49 -68 -72 -48 10 71 125 156 157 131 103 94 112 136 157 136 74 -18 -114 -170 -180 -167 -126 -86 -56 -43 -34 -26 -29 -43 -55 -61 -52 -30 6 36 52 43 21 6 4 15 47 89 118 127 94 46 -12 -61 -80 -71 -44 -19 -5 2 -5 -19 -29 -27 -23 -18 4 20 22 17 3 -12 -21 -25 -17 -11 -5 4 11 15 22 20 14 -2 -13 -15 -17 -17 -16 -14 -18 -25 -27 -25 -8 14 32 40 27 16 5 -13 -21 -21 -18 -8 -7 -3 7 7 -7 -26 -38 -44 -38 -10 19 28 19 17 34 51 80 110 115 115 117 122 120 96 54 0 -59 -111 -139 -144 -134 -126 -115 -112 -118 -119 -106 -77 -35 19 68 91 87 51 12 -7 -20 -5 25 62 97 121 118 92 45 9 -14 -15 1 21 30 18 -14 -53 -88 -107 -101 -65 -10 25 48 47 28 -4 -29 -38 -29 -22 -4 7 9 15 16 9 -1 -10 -9 3 16 34 49 47 25 7 -14 -29 -27 -22 -12 4 7 11 10 7 7 -1 -10 -16 -18 -20 -20 85 2452 305 378
-13 -12 -13 8 9 25 22 23 12 10 10 5 -1 0 7 8 1 5 9 10 19 16 5 -16 -27 -19 -4 15 26 30 35 30 32 37 39 39 47 39 23 -5 -31 -57 -72 -85 -88 -91 -99 -129 -152 -157 -128 -74 -17 43 76 83 65 34 18 26 55 108 161 189 171 101 12 -68 -114 -117 -66 10 69 81 55 -4 -64 -122 -135 -104 -54 0 33 36 19 -20 -45 -45 -27 11 51 82 73 43 8 -9 -14 -3 22 49 57 40 6 -28 -40 -36 -20 4 21 29 30 16 2 -19 -34 -37 -23 -7 12 23 33 30 18 -1 -10 -12 -19 -26 -33 -22 -8 5 21 28 29 33 21 -3 -23 -27 -23 -17 -6 19 38 48 53 53 28 -12 -46 -60 -51 -32 -24 -23 -44 -79 -107 -116 -107 -91 -68 -22 21 54 79 94 99 95 94 115 137 137 106 63 24 -15 -26 -18 11 31 25 -3 -55 -112 -148 -154 -108 -34 27 63 49 -5 -83 -137 -152 -112 -36 47 107 137 113 71 14 -29 -41 -25 18 61 73 62 30 -12 -42 -58 -42 -12 21 37 34 11 -21 -50 -57 -47 -23 -4 6 13 -8 -29 -44 -45 -31 -18 3 27 25 20 8 -1 -9 -12 -8 11 25 39 41 41 28 10 -4 -16 -23 -32 -33 85 2952 305 378
-10 -10 -13 3 23 30 26 0 22 -28 -16 -15 13 -13 11 -9 -4 -40 -28 -46 -23 -30 -7 -17 5 10 32 23 23 14 9 0 11 10 3 -11 -14 -20 -47 -55 -63 -73 -84 -85 -77 -55 -20 22 66 114 136 143 148 129 119 131 128 118 101 61 2 -75 -134 -169 -170 -139 -92 -48 -16 -4 -18 -48 -62 -68 -61 -41 -11 20 42 44 26 8 8 16 29 58 77 88 87 65 28 -10 -36 -50 -58 -47 -30 -18 -16 -15 -10 -17 -22 -13 -11 -7 -5 -3 7 0 -20 -24 -21 -23 -18 -11 6 30 53 59 50 26 9 -6 -30 -48 -44 -29 -15 -3 -2 -3 -1 4 4 -5 -10 1 20 33 43 53 50 29 1 -18 -32 -36 -31 -28 -42 -50 -47 -45 -33 -25 -17 1 19 26 36 64 104 126 142 151 151 128 92 53 6 -51 -107 -142 -145 -135 -122 -119 -127 -140 -146 -114 -62 -10 38 75 74 64 40 19 -7 -24 -22 5 45 94 125 128 107 71 25 -9 -9 13 28 37 17 -22 -61 -95 -104 -82 -51 -23 7 27 25 15 7 -10 -28 -39 -29 -13 3 14 25 23 13 9 6 5 15 26 36 46 30 10 2 -5 -21 -26 -24 -15 1 12 22 26 20 9 -10 -28 -38 -34 -26 -14 -5 85 11677 305 378
-4 -1 9 8 9 0 -13 -17 -12 1 11 11 9 8 5 0 -1 1 -5 -7 -6 -3 -3 -5 7 23 31 30 18 9 -6 -28 -35 -25 -16 -13 -10 -8 -18 -47 -82 -116 -133 -120 -77 -24 24 61 72 77 92 111 126 135 139 151 155 153 147 113 45 -41 -125 -191 -211 -183 -124 -65 -32 -33 -48 -50 -82 -86 -62 -17 -12 22 47 70 52 57 17 15 -6 33 60 96 85 77 39 11 -37 -54 -55 -28 -13 -7 -11 -19 -31 -39 -48 -35 -10 6 12 8 8 3 -13 -21 -23 -20 -20 -16 1 13 17 14 5 7 -6 -12 -13 -10 -5 4 7 19 14 6 -1 -5 1 5 4 5 8 20 27 27 19 5 -9 -24 -29 -26 -24 -18 -17 -27 -40 -51 -51 -47 -43 -26 1 32 63 84 105 126 137 146 140 119 82 46 8 -35 -59 -69 -87 -109 -138 -159 -175 -182 -164 -131 -83 -33 14 66 95 96 73 22 -19 -28 -15 22 68 108 122 115 90 52 25 6 -6 -6 -3 9 15 3 -13 -41 -65 -72 -67 -55 -31 0 17 15 11 4 -5 -5 7 22 21 12 7 -2 1 13 18 21 9 -5 2 19 31 28 14 -3 -25 -33 -18 6 27 36 27 5 -14 -24 -24 -23 -22 -18 -11 -8 -10 86 3977 305 378
3 8 7 6 1 -7 -15 -17 -6 -4 -11 -4 -3 3 3 1 -4 -4 -8 -1 7 -2 -3 3 6 0 -1 -13 -17 -5 7 11 13 14 6 -15 -36 -36 -32 -37 -51 -54 -64 -70 -53 -19 23 69 101 123 129 128 116 101 98 87 80 74 57 22 -41 -98 -144 -169 -153 -105 -39 17 42 37 5 -47 -81 -102 -89 -49 19 75 91 79 43 -1 -26 -33 -12 28 67 98 93 57 10 -32 -57 -64 -55 -28 -1 19 20 9 -16 -33 -37 -32 -21 -4 11 18 -2 -30 -36 -31 -20 -3 16 32 40 25 2 -12 -20 -25 -27 -13 0 16 23 27 31 26 11 -2 -9 5 11 12 11 3 6 -1 0 9 -3 -29 -40 -43 -33 -21 -2 9 -1 -27 -48 -52 -46 -39 -23 0 33 64 87 97 105 105 115 100 85 73 47 -3 -42 -65 -108 -101 -116 -124 -137 -103 -103 -75 -77 -41 -43 4 24 70 72 77 24 -10 -58 -55 -32 34 88 138 147 126 68 7 -43 -53 -33 5 41 56 38 -4 -53 -90 -106 -87 -41 10 56 81 66 29 -21 -55 -61 -57 -34 3 31 35 23 5 -10 -25 -20 -3 31 55 51 42 24 8 -11 -22 -13 10 25 29 23 21 11 -11 -35 -53 -48 -40 -30 -11 -3 -2 -8 86 12492 305 378
-3 5 11 10 3 0 -3 -5 -2 2 7 9 14 3 -3 1 1 -2 7 20 22 3 -12 -12 -17 -18 2 22 27 24 22 24 24 30 43 65 66 54 35 7 -26 -59 -84 -94 -105 -115 -121 -141 -166 -159 -116 -51 1 43 77 88 64 15 2 27 63 113 160 174 162 97 13 -73 -120 -108 -49 25 76 83 55 2 -56 -97 -124 -114 -77 -27 21 49 47 9 -35 -59 -60 -30 21 69 84 46 -6 -37 -32 -1 25 50 62 57 29 -3 -18 -2 3 8 11 19 21 5 -7 -16 -22 -27 -29 -19 0 20 41 35 13 -23 -47 -55 -46 -23 8 21 18 5 -10 -15 -14 4 26 41 35 7 -13 -18 -14 6 35 71 75 55 23 -13 -38 -57 -65 -51 -38 -66 -52 -82 -102 -135 -103 -96 -51 -16 54 64 100 78 89 77 105 115 143 132 115 66 42 0 -12 -11 9 26 17 -18 -53 -88 -122 -131 -101 -44 6 38 33 -10 -72 -130 -145 -106 -32 48 102 132 121 69 6 -53 -68 -44 -1 50 88 87 53 -1 -48 -69 -46 4 49 71 50 10 -31 -62 -67 -48 -22 -4 -13 -31 -47 -54 -40 -17 1 15 28 34 21 6 -4 -11 -20 -22 -8 19 46 72 74 56 26 -13 -43 -40 -15 18 31 86 12995 305 378
6 17 8 3 -6 -5 -1 8 14 12 3 1 -4 -8 -6 -1 -3 -3 0 -3 -9 -14 -11 1 2 0 9 21 33 36 41 46 47 37 32 27 21 6 -7 -22 -34 -42 -44 -57 -80 -99 -108 -131 -155 -141 -105 -53 2 64 96 87 55 24 -2 11 54 118 168 169 129 61 -17 -70 -92 -81 -40 19 73 95 80 22 -41 -89 -115 -102 -59 -3 48 61 31 -20 -53 -61 -47 -15 26 53 58 33 -11 -37 -40 -21 -9 18 34 36 29 10 -3 -8 -11 6 29 34 30 23 12 -15 -42 -48 -44 -25 8 33 36 27 12 -13 -39 -38 -23 -1 9 0 -4 -20 -24 -21 -11 6 20 23 25 16 4 6 15 21 29 43 41 22 3 -11 -24 -43 -55 -48 -48 -47 -51 -63 -85 -109 -89 -75 -52 -4 43 71 78 94 93 102 96 110 118 130 95 53 14 -11 -32 -24 -5 15 7 -15 -49 -89 -112 -105 -66 -11 33 50 32 -17 -81 -133 -146 -109 -37 46 104 122 98 44 -20 -72 -74 -32 28 76 96 79 46 -10 -51 -53 -27 11 46 58 38 -3 -27 -42 -44 -37 -11 17 24 2 -22 -48 -50 -43 -24 2 34 64 72 50 15 -16 -37 -47 -28 14 45 54 42 14 -16 -34 -33 -26 -22 -17 -13 87 5354 305 378
-12 -13 -4 2 4 3 -3 -5 3 9 5 -1 0 -4 -10 -11 -10 -1 2 -5 5 10 5 5 6 13 12 14 23 32 35 33 29 30 34 36 38 36 23 -1 -27 -57 -81 -91 -101 -101 -96 -112 -133 -144 -140 -100 -50 18 70 83 80 58 35 26 54 99 154 187 179 139 20 -38 -125 -122 -90 12 51 97 93 56 -49 -115 -162 -127 -103 -47 -6 22 10 -12 -34 -42 -39 -10 20 50 69 79 80 52 12 -11 -8 19 41 51 50 23 -9 -20 -14 8 28 41 44 7 -22 -52 -66 -66 -41 -13 1 9 20 15 13 2 -3 0 -5 -2 10 25 34 27 9 -9 -20 -9 2 14 23 24 17 4 -7 -9 -1 23 39 45 31 -1 -33 -60 -71 -65 -56 -47 -47 -67 -88 -105 -112 -96 -69 -24 23 66 94 101 103 98 96 110 132 144 123 90 53 4 -23 -32 -17 -2 -7 -24 -65 -108 -135 -138 -116 -60 0 41 35 -16 -48 -151 -143 -124 -47 7 97 132 136 67 26 -31 -31 -30 24 72 110 99 66 4 -44 -73 -62 -32 8 33 39 28 -6 -55 -77 -76 -57 -32 -14 -1 -10 -27 -37 -44 -33 -3 36 70 71 61 26 -7 -23 -15 8 33 48 54 37 25 7 -9 -25 -46 -53 -35 -16 88 7041 305 378
-2 -9 -3 1 2 2 3 10 9 -3 -10 -15 -5 -5 -5 -2 2 -1 3 0 5 6 13 8 -1 -5 -7 -11 -11 -2 9 9 8 4 -7 -10 -18 -26 -33 -45 -52 -57 -64 -66 -68 -48 -14 9 36 74 116 152 164 163 150 122 91 72 74 64 27 -30 -109 -169 -188 -166 -109 -45 11 42 37 8 -51 -106 -135 -126 -80 -5 69 117 125 95 38 -19 -52 -38 26 96 138 136 76 -8 -73 -101 -84 -54 -30 -10 4 8 6 3 -8 -31 -53 -57 -36 -2 31 43 15 -28 -62 -76 -60 -11 44 77 75 48 14 -16 -23 -9 6 11 -4 -28 -39 -30 -9 12 25 23 11 -7 -22 -14 0 11 19 16 10 -3 -23 -27 -23 -11 9 20 23 13 -7 -26 -46 -59 -60 -48 -28 0 38 78 110 127 124 121 117 102 83 54 15 -25 -60 -89 -122 -146 -150 -141 -117 -92 -66 -49 -42 -33 -19 10 43 61 55 20 -19 -41 -45 -17 34 97 157 181 160 106 37 -34 -84 -86 -39 14 52 68 49 -12 -95 -150 -144 -85 -6 59 95 85 34 -21 -61 -67 -46 -32 -19 -4 20 49 58 43 17 -10 -25 -20 12 55 79 71 35 -25 -76 -88 -51 -5 32 48 36 17 -8 -19 0 16 19 -1 -34 -48 -39 88 15040 305 378
-16 -5 4 15 13 9 9 5 8 12 17 29 41 54 53 35 13 -18 -47 -60 -62 -64 -58 -55 -74 -109 -128 -121 -94 -56 -19 28 68 86 87 90 100 110 115 135 134 150 81 58 -3 -23 -46 15 40 46 -2 -33 -92 -117 -149 -136 -104 -26 20 23 -17 -63 -126 -172 -154 -64 36 105 142 142 99 16 -55 -75 -52 -2 63 116 123 82 15 -43 -67 -55 -13 38 73 63 28 -28 -77 -94 -80 -35 13 47 46 20 -18 -52 -78 -73 -41 -1 17 39 40 20 -12 -40 -51 -36 -12 35 89 111 87 31 -15 -37 -35 -15 5 7 7 -7 -7 -4 12 22 26 7 -23 -37 -36 -28 -17 -8 -5 6 15 22 25 17 4 -4 -8 3 22 49 57 41 19 0 -24 -39 -37 -21 4 20 27 24 18 -7 -35 -49 -39 -16 -4 3 0 -20 -17 -5 0 -6 -5 7 18 25 26 12 1 -8 -14 -6 21 45 34 4 -18 -29 -24 -22 -12 9 19 20 19 5 -15 -37 -45 -32 -4 13 15 7 -3 -16 -25 -34 -19 9 23 29 23 15 3 -21 -30 -22 -11 -2 4 8 12 8 2 -2 -2 -4 -2 -7 -15 -8 2 4 -4 -18 -15 5 17 26 23 16 4 -15 -28 -30 -35 -26 -18 -2 14 26 37 89 7814 305 378
-3 -4 22 16 23 9 3 -23 -35 -33 -12 6 20 19 23 20 10 5 -3 -5 -6 -6 1 6 9 7 0 -2 -7 -9 -3 -4 -13 -31 -33 -16 10 22 23 21 26 7 -9 -10 5 21 32 47 69 70 71 68 54 18 -25 -56 -75 -77 -67 -64 -74 -105 -141 -169 -175 -153 -111 -62 -10 34 64 78 65 47 34 41 71 116 165 185 155 84 -1 -69 -99 -75 -7 63 103 85 30 -45 -115 -144 -128 -84 -39 6 42 24 -30 -51 -59 -67 -45 15 77 101 91 56 13 -33 -55 10 33 77 88 95 26 -2 -44 -20 -13 31 27 50 19 6 -39 -42 -52 -30 -20 1 2 10 8 10 -11 -15 -14 -9 -6 -7 -3 -7 -15 -14 -10 -7 -2 7 21 26 21 20 27 32 30 21 14 17 19 22 17 12 -6 -29 -59 -70 -73 -80 -91 -103 -125 -134 -118 -65 -11 28 55 71 72 74 87 117 154 182 175 146 101 47 -1 -27 -39 -19 8 27 25 -9 -58 -110 -157 -170 -138 -70 6 40 19 -51 -140 -195 -181 -92 11 108 163 157 95 19 -30 -37 -13 34 79 103 104 72 13 -44 -69 -55 -23 15 48 61 42 -5 -59 -90 -98 -76 -37 1 20 10 -12 -34 -45 -37 -23 -1 29 42 42 29 14 90 103 305 378
4 4 -1 4 4 -5 -5 -5 -2 -5 -9 -5 -4 -11 -16 -20 -16 -5 3 -3 -8 -4 -4 3 24 46 58 53 40 16 -9 -23 -21 -20 -14 -21 -30 -33 -40 -51 -74 -101 -117 -122 -104 -58 8 75 119 137 142 146 153 148 138 121 106 93 78 49 -4 -77 -136 -171 -169 -134 -77 -10 32 24 -23 -79 -121 -124 -92 -42 7 46 59 41 14 0 6 25 42 67 87 91 80 42 -1 -37 -58 -55 -39 -14 13 33 33 12 -16 -46 -59 -52 -30 -6 7 -5 -24 -26 -31 -47 -43 -17 0 8 24 38 43 28 2 -11 -21 -29 -12 13 22 14 17 18 10 0 0 15 17 8 9 10 14 17 15 10 2 -11 -17 -29 -35 -24 -12 -8 -16 -27 -44 -58 -66 -63 -48 -28 9 65 86 101 142 149 163 149 154 124 94 30 -15 -72 -96 -130 -127 -137 -126 -120 -107 -111 -104 -98 -70 -32 14 43 42 27 -2 -33 -51 -48 -7 54 117 163 164 142 101 45 4 -9 3 25 33 15 -26 -59 -81 -83 -71 -51 -10 30 34 10 -24 -40 -50 -68 -67 -43 -9 29 55 66 54 18 -12 -19 -1 30 68 87 57 27 5 -21 -23 -16 -17 -22 -22 0 17 28 32 18 -13 -48 -58 -40 -28 -17 -7 -2 -14 90 8676 305 378
-30 -13 18 35 41 19 -11 -27 -25 -10 7 12 7 -9 -20 -16 -9 6 9 9 0 -3 -1 -2 -2 -2 -3 -2 -1 3 7 8 16 16 3 -10 -16 -14 5 15 13 4 -3 -16 -21 -24 -16 -11 -18 -36 -54 -77 -92 -98 -99 -77 -31 25 75 110 132 151 163 169 152 141 137 130 111 60 -4 -68 -115 -151 -161 -135 -80 -33 -8 -10 -30 -55 -81 -87 -79 -63 -32 -5 15 24 12 -3 -1 13 36 67 102 120 103 64 20 -12 -35 -44 -40 -44 -36 -19 0 13 18 20 12 -13 -32 -46 -51 -42 -36 -31 -28 -29 -27 -25 -24 -20 -15 -5 14 38 47 44 26 -4 -26 -25 -8 14 15 15 16 16 23 25 30 31 27 -4 -28 -22 -10 -11 -4 0 -10 -35 -47 -30 -13 -12 -16 -18 -33 -54 -58 -39 -31 -14 14 38 60 85 116 154 164 154 148 141 122 79 25 -38 -88 -117 -149 -172 -175 -161 -136 -124 -115 -103 -75 -34 8 40 51 52 27 -9 -44 -43 -16 35 87 131 152 136 100 57 27 22 30 39 42 36 21 -17 -55 -76 -86 -73 -42 -4 26 26 11 -13 -37 -53 -64 -57 -26 -33 30 14 24 7 29 2 12 17 59 44 57 31 46 28 18 -12 -10 -16 1 12 22 15 5 91 962 305 378
-2 -6 -6 2 7 3 5 5 6 7 1 4 7 11 26 32 36 39 40 50 54 45 35 14 -12 -45 -76 -93 -99 -103 -105 -103 -117 -143 -153 -137 -89 -36 16 66 90 68 36 21 36 73 115 154 164 141 92 25 -26 -55 -56 -25 27 74 81 58 3 -70 -135 -169 -152 -82 -8 49 65 42 -2 -52 -80 -73 -40 14 61 75 64 40 17 0 14 36 47 55 55 49 44 37 29 6 -16 -12 6 14 14 3 -24 -57 -71 -55 -18 16 34 34 12 -19 -39 -38 -27 -13 -6 2 4 1 -6 -12 -8 8 17 21 18 18 22 21 13 4 8 22 34 45 43 30 3 -31 -60 -74 -72 -62 -64 -74 -95 -119 -134 -134 -100 -46 5 56 90 103 95 86 94 108 128 149 159 131 72 25 -8 -31 -30 3 30 23 -18 -62 -103 -138 -144 -110 -58 -9 14 9 -32 -77 -160 -135 -117 -36 38 126 128 117 61 9 -60 -64 -31 44 94 126 118 86 24 -36 -69 -64 -30 12 38 33 4 -30 -49 -61 -62 -53 -30 -15 -14 -12 -10 -14 -22 -29 -27 -5 22 47 39 5 -20 -30 -18 14 48 75 82 55 10 -22 -32 -25 3 29 31 13 -12 -23 -29 -31 -22 -15 -14 -9 -1 10 18 12 1 -11 -10 91 1501 305 378
9 -2 -8 -1 8 24 30 23 12 4 4 -3 -5 -1 -13 -29 -36 -27 -12 1 9 11 8 1 -6 -19 -31 -29 -13 -4 4 11 12 21 32 27 9 -11 -18 -12 3 22 34 28 2 -23 -35 -32 -29 -41 -68 -92 -105 -115 -104 -81 -54 -23 6 48 98 140 165 170 166 153 144 135 124 110 76 26 -35 -94 -159 -153 -128 -79 -54 -10 -20 -29 -72 -77 -103 -76 -73 -28 -13 30 28 35 7 7 3 24 40 77 87 89 77 50 5 -26 -39 -30 -15 -3 8 12 7 -10 -23 -31 -39 -38 -33 -27 -25 -23 -18 -26 -36 -29 -21 -6 1 7 12 13 11 10 4 0 -7 -8 -5 5 16 31 35 23 5 -7 -20 -25 -11 4 35 51 42 29 9 -6 -16 -21 -18 -15 -15 -11 -5 -2 -20 -50 -79 -98 -96 -68 -16 43 81 104 115 115 132 144 150 143 118 94 69 45 4 -52 -93 -127 -154 -170 -165 -141 -122 -111 -105 -100 -80 -44 -3 29 38 22 -11 -47 -25 -10 46 102 150 134 131 101 91 40 36 11 29 18 40 21 5 -43 -54 -80 -73 -71 -47 -24 -2 4 -5 -36 -48 -55 -48 -36 -14 11 32 42 37 34 31 24 18 21 27 35 42 39 25 8 3 -3 -3 -2 3 6 13 92 1743 305 378
11 5 6 5 1 -2 0 6 2 -2 -2 1 3 2 12 2 -19 -14 -17 -19 -4 20 26 6 -13 -10 8 18 27 50 64 56 44 41 40 38 30 15 -8 -36 -52 -91 -76 -91 -106 -126 -100 -139 -147 -151 -87 -61 4 43 99 88 82 42 48 39 73 114 164 170 136 66 -7 -74 -93 -76 -15 49 83 78 36 -37 -111 -147 -138 -92 -29 32 58 37 -6 -54 -83 -85 -42 25 83 114 98 54 10 -29 -42 -30 6 52 74 79 58 29 8 -13 -22 -10 15 30 22 18 3 -24 -51 -60 -41 -15 2 18 15 -10 -40 -62 -57 -32 -4 21 35 36 13 -29 -53 -40 -10 15 39 57 57 48 35 32 37 34 35 36 45 52 40 9 -35 -78 -97 -92 -81 -76 -92 -121 -151 -166 -143 -84 -19 26 49 66 78 86 90 123 118 133 134 135 68 59 30 22 -13 17 17 37 0 -11 -56 -84 -138 -125 -91 -28 13 35 -2 -70 -152 -185 -161 -86 7 85 121 115 64 0 -44 -58 -29 28 98 135 122 82 26 -27 -63 -56 -18 25 61 67 37 -10 -65 -95 -97 -85 -51 -8 29 36 6 -32 -58 -62 -44 -13 29 65 69 41 7 -20 -26 -21 5 40 78 87 58 23 -10 -27 -20 -4 25 52 53 92 2262 305 378
44 31 15 -7 -24 -33 -32 -13 2 5 3 3 7 -3 -15 -22 -23 -7 23 48 51 27 5 -6 -2 9 17 21 16 10 10 26 55 72 76 65 35 -4 -34 -51 -59 -59 -63 -87 -116 -122 -121 -131 -144 -139 -104 -69 -25 35 90 112 88 41 21 19 47 91 147 170 154 100 23 -48 -80 -76 -35 22 70 82 43 -24 -88 -135 -146 -114 -54 10 36 39 17 -18 -53 -61 -41 -4 38 69 78 59 22 -11 -14 -9 18 41 62 65 48 23 5 -7 -9 0 23 38 29 16 1 -28 -52 -59 -49 -30 -12 18 29 10 -11 -15 -24 -32 -17 1 2 5 6 4 3 -5 6 22 28 21 15 6 -5 -7 0 9 25 35 32 24 8 -5 -20 -40 -47 -56 -69 -76 -84 -94 -106 -108 -89 -49 -8 19 40 59 75 95 113 126 127 135 147 136 98 56 13 -33 -66 -60 -22 14 27 10 -37 -90 -135 -153 -138 -82 -21 20 17 -20 -69 -112 -130 -81 6 78 120 123 95 51 1 -29 -26 -13 22 70 101 92 47 -9 -58 -83 -67 -14 44 72 45 -7 -64 -96 -98 -68 -26 4 8 -1 -23 -34 -32 -24 -8 11 22 27 27 34 34 16 -7 -27 -22 10 48 63 62 50 9 -29 -22 -2 13 20 18 92 11265 305 378
-18 2 -1 20 2 14 7 19 -1 14 1 -7 -11 6 5 5 1 12 4 -4 -5 -3 0 1 0 8 20 29 29 30 37 37 36 42 49 52 42 26 -12 -43 -64 -81 -87 -89 -98 -105 -132 -165 -165 -132 -83 -37 19 68 87 76 48 27 30 51 90 129 163 174 140 65 -25 -96 -113 -73 12 97 129 103 31 -60 -126 -157 -142 -95 -45 -7 8 8 -11 -32 -47 -38 -1 31 43 51 44 21 -8 -18 -3 19 50 84 101 85 41 -1 -19 -13 13 38 52 31 -6 -29 -42 -48 -50 -53 -41 -26 -9 16 34 32 8 -26 -43 -46 -32 -7 7 14 9 -11 -20 -15 7 29 42 36 16 8 -2 -10 11 31 41 42 42 37 8 -23 -41 -53 -52 -54 -60 -66 -80 -98 -126 -128 -100 -67 -20 28 61 84 93 98 94 94 118 139 146 124 77 35 -8 -31 -27 3 29 30 6 -35 -87 -125 -140 -119 -73 -23 19 20 -21 -80 -139 -163 -131 -60 28 94 130 124 81 26 -25 -42 -16 28 74 92 90 62 23 -7 -20 -17 -5 8 26 19 -4 -34 -71 -93 -87 -61 -21 9 4 -12 -37 -61 -66 -38 5 40 50 51 40 18 -10 -22 -26 -18 8 41 76 91 73 44 5 -29 -39 -34 -9 25 37 93 4034 305 378
2 -3 18 6 13 2 3 -10 -5 -14 -1 -2 -3 -7 -14 -12 -1 4 1 -3 0 5 12 19 17 8 -4 -12 -20 -35 -28 1 18 12 -4 -19 -10 -18 -32 -50 -64 -71 -76 -87 -78 -45 13 65 96 113 145 161 133 96 77 60 58 66 77 67 21 -39 -105 -171 -197 -153 -65 3 42 57 30 -30 -83 -102 -94 -73 -31 25 63 73 57 35 10 -22 -19 24 72 107 104 61 2 -53 -75 -78 -55 -13 19 31 26 14 -7 -32 -42 -45 -38 -19 -1 17 14 -3 -20 -40 -46 -38 -18 19 44 49 36 10 -9 -22 -22 -15 -8 -2 4 12 11 8 13 12 6 -4 -12 -5 -1 6 14 14 12 13 12 7 -3 -10 -10 -10 -9 -15 -13 -14 -26 -40 -60 -67 -56 -30 16 53 81 102 106 110 106 97 97 97 84 47 -5 -47 -91 -123 -133 -124 -100 -76 -58 -59 -73 -74 -71 -55 -19 26 73 89 62 9 -43 -65 -55 -21 46 117 149 138 95 43 -12 -50 -55 -35 -2 28 48 47 12 -34 -79 -89 -60 -15 31 50 31 -1 -41 -67 -72 -53 -22 0 12 22 22 23 23 18 5 -5 6 19 36 53 49 32 -1 -34 -42 -26 13 49 56 46 20 -9 -30 -41 -38 -28 -18 -11 -8 -6 -7 103 13652 305 378
-8 -4 -3 -4 -1 4 7 0 -12 -17 -11 -7 -5 -2 6 7 5 6 3 8 8 3 -1 -7 -11 -10 2 15 8 -4 -14 -17 -7 6 19 16 7 4 -6 -16 -19 -15 -4 1 10 18 5 -13 -33 -44 -39 -39 -49 -64 -76 -86 -92 -80 -34 33 94 151 153 202 178 155 93 93 49 44 33 62 10 -31 -107 -127 -150 -116 -71 1 18 18 -28 -73 -112 -120 -108 -63 -2 56 78 62 25 -1 -23 -29 -6 33 84 119 123 98 43 -22 -78 -98 -69 -2 51 71 48 8 -36 -56 -70 -72 -58 -49 -38 -18 -1 16 8 -16 -37 -41 -18 14 38 49 42 24 0 -16 -14 -2 12 22 21 16 5 -2 -1 4 15 6 -5 -11 -21 -13 -1 10 21 12 1 -3 -14 -24 -29 -19 -13 -13 -17 -19 -23 -36 -47 -43 -35 -11 16 50 90 113 121 121 113 114 117 102 76 34 -10 -60 -107 -133 -140 -134 -120 -114 -60 -80 -59 -68 -49 -69 -19 9 58 40 55 11 -9 -43 -19 12 79 115 160 147 104 34 -21 -49 -28 17 60 65 46 8 -35 -84 -114 -102 -74 -35 11 49 67 38 -29 -87 -119 -108 -50 18 83 104 86 42 4 -23 -29 -17 3 32 65 71 62 37 4 -18 -39 -52 -32 3 35 105 7402 305 378
8 22 14 -7 -28 -50 -55 -50 -38 -10 11 16 9 -8 -24 -32 -30 -16 -2 8 11 12 8 0 -6 -4 12 34 39 44 40 28 18 9 13 23 25 33 30 18 -16 -5 -60 -52 -76 -78 -121 -94 -110 -106 -128 -96 -90 -38 -5 51 62 89 89 98 102 122 143 171 169 137 92 47 3 -38 -54 -39 -7 13 4 -24 -70 -118 -143 -142 -111 -62 -20 -4 -29 -70 -117 -138 -106 -37 47 115 141 119 70 10 -22 -16 14 46 81 101 89 56 8 -46 -74 -73 -36 16 51 54 15 -43 -87 -106 -97 -63 -18 16 22 5 -16 -31 -33 -28 -9 19 41 44 28 14 8 2 2 9 25 44 56 62 55 38 21 2 -14 -12 -4 1 -3 -13 -16 -32 -54 -46 -19 -12 -4 8 5 -13 -28 -30 -16 -2 9 28 37 22 13 13 4 -1 15 36 45 43 37 28 2 -19 -19 -11 2 17 21 20 1 -21 -34 -41 -41 -26 -2 11 4 3 -1 -19 -33 -36 -26 -5 24 49 57 50 23 -5 -15 -18 -12 2 14 16 6 0 3 -8 -17 -18 -18 -16 -12 -3 14 10 -6 -24 -25 -17 -4 5 -8 -23 -29 -22 1 23 39 42 17 -13 -41 -50 -27 0 15 9 -4 -4 2 -3 -2 10 17 5 -10 105 8037 305 378
-8 3 13 17 8 -5 -18 -30 -25 -18 -8 9 19 27 27 23 11 -3 -8 -11 -10 4 7 9 8 -2 -8 -10 -1 8 -3 -18 -31 -34 -23 -11 -7 -14 -25 -37 -64 -97 -122 -109 -71 -24 32 85 130 161 163 167 163 134 106 90 87 90 72 30 -37 -108 -161 -172 -138 -91 -53 -28 -15 -20 -46 -71 -83 -89 -75 -41 7 47 60 57 44 13 3 19 47 72 92 99 78 22 -32 -57 -57 -48 -25 1 7 2 -6 -21 -34 -50 -53 -46 -37 -19 -6 -2 -7 -21 -24 -18 -6 12 31 40 35 26 14 6 -12 -25 -8 4 -10 -8 6 13 9 7 10 12 -4 -13 -7 -2 -2 2 6 7 9 13 14 11 -1 -9 -13 -18 -19 -25 -28 -28 -43 -57 -53 -39 -15 10 30 51 77 112 131 134 143 158 152 111 58 8 -45 -94 -126 -137 -141 -140 -125 -106 -98 -97 -102 -99 -73 -38 18 69 86 66 17 -28 -37 -22 12 59 103 130 138 129 107 28 27 -15 -14 -19 14 2 5 -19 -49 -102 -99 -93 -41 0 36 37 20 -23 -44 -55 -39 -7 14 21 34 43 37 34 25 16 11 18 29 38 33 25 16 2 -14 -23 -20 -11 -1 16 22 16 -4 -24 -24 -32 -50 -47 -19 -11 -24 -18 8 110 4545 305 378
-20 -18 0 37 54 41 7 -26 -36 -18 8 29 35 34 27 3 -24 -36 -30 -16 -10 -9 -14 -21 -29 -27 -9 6 24 30 18 -1 -17 -18 -6 3 14 20 19 12 0 -8 -12 -20 -37 -56 -80 -105 -123 -112 -74 -24 18 61 95 119 131 128 110 98 112 139 162 169 154 88 -23 -144 -218 -241 -197 -117 -25 37 56 22 -32 -97 -127 -108 -46 26 80 82 43 -16 -62 -60 -10 64 132 146 96 31 -19 -23 -8 18 33 12 -21 -53 -86 -94 -65 -17 17 20 1 -18 -22 -28 -31 -16 2 10 -6 -30 -31 -16 -5 22 47 54 37 6 -28 -57 -58 -28 8 33 31 30 12 -19 -46 -55 -39 -11 23 11 48 26 34 23 66 33 24 -12 -5 -42 -18 -19 18 -2 -19 -68 -73 -79 -55 -39 -9 18 57 77 94 110 123 131 140 136 117 77 30 -17 -69 -105 -119 -122 -113 -100 -89 -88 -92 -104 -91 -63 -38 -10 15 24 18 -8 -37 -48 -44 -13 32 74 112 137 133 110 71 36 4 -8 6 27 42 36 13 -18 -54 -63 -56 -36 -18 -7 7 4 -9 -26 -40 -58 -66 -47 -11 20 38 50 44 32 15 10 22 28 28 34 42 37 14 -3 -4 0 2 1 18 25 16 7 -12 -31 -49 -59 -60 116 2987 305 378
7 8 12 11 0 -13 -12 -3 1 -1 -2 -2 1 -5 -11 -9 1 9 11 6 7 8 0 -8 -9 -2 5 4 5 1 -10 -8 -5 -3 -2 8 19 10 -3 -11 -6 -1 -2 -1 3 6 4 -7 -17 -21 -27 -25 -27 -34 -50 -74 -93 -95 -72 -21 31 88 145 179 175 138 105 77 53 39 40 47 33 -5 -48 -97 -138 -149 -134 -88 -28 25 59 54 2 -73 -128 -140 -105 -33 4 73 68 52 21 12 -9 20 62 102 103 79 43 7 -35 -55 -58 -50 -24 7 33 30 11 -22 -56 -81 -78 -51 -14 7 18 13 0 -16 -27 -13 6 23 43 53 51 30 6 -3 -11 -19 -16 -14 -8 -11 -7 -1 9 11 3 -5 -6 -5 -1 1 5 11 8 12 15 14 14 8 1 -9 -16 -10 -5 -9 -15 -21 -37 -54 -56 -42 -23 10 49 79 93 97 103 99 89 85 74 50 15 -20 -52 -84 -109 -117 -108 -86 -66 -50 -45 -51 -60 -62 -45 -16 18 48 53 29 -13 -49 -60 -47 -3 65 120 153 162 125 65 -1 -39 -40 -25 -12 39 23 25 -19 -60 -106 -83 -44 2 31 42 22 -4 -46 -69 -77 -66 -24 19 56 72 67 36 2 -25 -30 -24 5 37 66 69 48 21 -17 -45 -52 -40 -7 21 147 1413 305 378
0 2 4 8 4 -4 -6 -8 -13 -5 -2 2 2 1 5 3 -3 -11 -10 -2 5 12 10 7 1 -6 -4 1 4 15 15 7 1 -2 -3 1 -3 -6 -9 -2 5 -1 -7 -10 -10 -11 -19 -19 -24 -30 -39 -52 -70 -73 -92 -70 -46 -2 5 60 95 148 153 189 178 188 131 106 68 61 13 -19 -68 -111 -159 -152 -128 -86 -61 -33 -22 -37 -65 -77 -79 -65 -44 -23 13 50 75 70 37 8 -7 5 49 100 132 123 92 27 -43 -83 -96 -63 -16 13 21 11 -7 -28 -54 -54 -47 -33 -20 -14 -9 2 11 6 -14 -25 -28 -17 2 16 34 41 35 26 10 -4 -10 -10 0 -2 -5 -1 1 6 4 4 -2 -11 -17 -11 -4 9 15 19 10 1 1 1 5 0 -10 -6 -7 -14 -17 -34 -44 -49 -50 -40 -25 -3 25 51 80 103 116 121 134 142 124 92 49 3 -48 -101 -133 -133 -132 -135 -131 -118 -98 -86 -78 -66 -41 -9 18 42 51 34 5 -19 -21 -7 24 80 129 156 149 114 71 24 -4 -5 -3 11 20 14 -14 -54 -84 -96 -92 -66 -34 11 44 44 14 -24 -60 -76 -67 -33 3 39 62 58 43 26 11 3 -6 -4 5 14 28 47 52 41 21 0 -22 -42 -42 -23 -2 149 4281 305 378
6 20 25 15 -3 -14 -14 -16 -21 -23 -16 -5 3 4 6 9 43 21 14 3 6 -17 10 15 36 5 14 -13 -15 -35 -15 -22 -9 -28 -26 -29 -4 13 29 35 41 33 23 -1 -9 2 20 42 62 76 71 55 41 12 -33 -71 -94 -103 -95 -83 -76 -91 -136 -176 -173 -121 -62 1 51 81 78 54 39 53 68 86 106 136 148 125 72 7 -44 -72 -72 -36 23 69 75 37 -37 -112 -155 -152 -109 -46 11 45 41 -6 -54 -71 -57 -15 27 65 87 74 45 11 -17 -21 0 30 53 64 57 38 14 -8 -19 -24 -16 1 8 -2 -10 -20 -32 -37 -40 -19 12 34 43 34 20 3 -10 -11 -7 2 12 19 16 4 -6 -18 -25 -13 -2 11 20 18 15 6 2 3 8 19 23 17 17 12 -7 -23 -15 -7 -16 -33 -56 -78 -107 -134 -121 -94 -66 -24 25 69 87 83 80 68 65 94 140 173 164 115 53 -8 -50 -62 -36 -5 4 2 -17 -51 -90 -120 -123 -95 -51 -2 18 9 -27 -87 -132 -132 -81 3 77 126 132 87 22 -39 -60 -40 15 74 108 102 60 5 -35 -63 -58 -19 25 57 53 21 -25 -68 -81 -67 -46 -23 -5 8 6 -9 -28 -44 -40 -25 -7 14 27 37 27 0 -19 149 4803 305 378
11 9 5 2 -3 -7 -5 -4 2 13 10 9 11 6 -2 -2 -2 -14 -24 -24 -18 -15 8 31 41 29 22 4 -21 -31 -34 -30 -14 0 8 7 7 20 32 27 5 -18 -28 -21 -2 21 31 14 -9 -21 -24 -16 -4 0 -5 -5 21 47 49 25 -17 -89 -150 -172 -141 -78 -8 61 108 110 75 27 1 6 35 72 93 88 50 6 -20 -17 22 80 115 112 73 20 -23 -52 -50 -22 10 19 -13 -56 -108 -139 -128 -87 -38 -5 2 20 -44 -61 -79 -49 -41 7 9 27 -3 14 4 44 58 96 90 85 39 22 -9 -3 6 27 25 9 -15 -39 -61 -59 -45 -15 8 7 -2 -23 -33 -32 -31 -20 -5 3 6 3 -7 -14 -8 13 26 50 65 62 38 10 -5 -22 -32 -23 -17 -9 2 8 15 12 -2 -23 -41 -54 -58 -27 8 7 -4 -12 -24 -34 -30 -15 -11 -7 26 89 144 174 174 149 68 -26 -90 -115 -103 -57 10 64 55 15 -38 -77 -90 -76 -31 5 1 -36 -87 -120 -123 -97 -43 -3 23 34 10 -25 -46 -27 23 71 101 98 67 21 -10 -17 -3 32 77 104 107 77 37 12 -3 3 12 6 -3 -22 -50 -64 -57 -37 -16 -3 1 -12 -39 -56 -52 -21 3 18 20 7 -7 149 7631 305 378
-21 -18 -11 -2 8 10 -1 -12 -5 7 12 -4 -18 -31 -25 -12 -2 3 -11 -36 -52 -56 -45 -20 9 43 74 91 100 114 125 127 119 100 70 34 -18 -68 -104 -128 -138 -147 -147 -128 -108 -91 -79 -70 -69 -70 -46 2 53 74 67 45 9 -23 -29 -4 52 115 159 174 147 100 53 5 -23 -31 -17 4 14 8 -10 -47 -80 -104 -99 -63 -13 25 37 36 6 -33 -64 -72 -58 -37 23 29 54 58 74 21 19 7 32 22 56 34 42 9 -2 -41 -30 -29 8 20 45 49 38 2 -12 -36 -50 -60 -51 -32 -22 -15 2 12 8 -6 -16 -18 -17 1 31 48 38 21 13 6 2 7 -5 -12 -16 -13 5 23 29 23 5 -27 -63 -75 -60 -41 -13 8 11 0 -6 -6 -4 0 3 0 4 0 7 24 35 30 15 4 13 17 18 33 34 18 4 -5 -10 -17 -22 -24 -17 -15 -19 -22 -28 -25 -18 -18 -15 -12 -12 -7 1 11 18 11 0 -3 1 15 19 17 17 22 10 -5 -7 2 12 9 -1 -3 2 -3 -5 -14 -18 -8 3 2 -5 -4 5 1 -8 -10 -10 -2 -1 -2 -3 -2 3 2 3 7 4 2 -3 -3 -1 1 8 11 10 14 13 5 -2 -6 -3 0 1 -2 -3 149 12989 305 378
10 -3 -9 -24 -34 -26 -12 4 6 6 19 25 23 3 -6 -10 -5 11 17 17 21 13 3 -13 -19 -9 -6 -12 -20 -26 -17 -7 6 11 6 8 -4 -33 -71 -91 -94 -100 -94 -69 -46 -15 20 75 115 122 133 152 158 160 158 145 124 90 53 15 -23 -75 -133 -169 -170 -128 -68 -14 28 18 -24 -69 -100 -113 -99 -61 -10 36 54 37 20 10 9 22 46 66 76 80 73 53 24 -12 -38 -46 -49 -36 -6 5 9 10 -3 -18 -37 -48 -46 -37 -21 -7 -5 -14 -26 -32 -28 -20 -10 3 18 23 27 29 15 -1 -16 -28 -20 1 17 32 33 32 23 9 4 -1 -4 -6 0 8 4 5 1 -7 -10 -13 -16 -26 -26 -9 -4 -6 -14 -25 -26 -45 -66 -66 -48 -21 17 60 103 140 169 164 150 137 119 100 63 15 -25 -75 -104 -123 -136 -144 -157 -158 -150 -134 -100 -55 -22 3 19 36 42 39 15 -22 -47 -44 -6 64 125 167 169 136 84 21 -23 -27 -10 22 45 33 -1 -44 -76 -89 -77 -58 -27 0 17 34 33 17 -15 -46 -68 -55 -33 -8 11 27 45 43 23 5 3 14 33 40 40 33 27 11 -8 -12 -8 -8 -4 7 13 9 13 9 -14 -29 -43 -52 -46 -39 -17 -8 -2 89 11937 305 2133
-19 -20 -15 -13 -11 1 16 21 22 23 31 36 25 21 27 5 -12 -16 -27 -41 -43 -28 -26 -43 -74 -106 -130 -144 -117 -49 15 47 66 77 74 68 86 98 106 123 136 129 104 67 27 -13 -40 -29 -9 10 5 -18 -62 -117 -148 -133 -84 -27 21 47 18 -52 -130 -173 -143 -71 6 85 130 127 83 20 -29 -49 -25 24 71 98 102 75 25 -27 -51 -55 -27 7 41 61 40 -5 -54 -88 -90 -69 -39 0 11 10 -4 -23 -41 -42 -26 2 21 36 40 29 6 -18 -22 -20 2 25 46 58 50 26 9 -9 -19 -16 -2 13 16 15 8 -7 -14 -18 -24 -27 -23 -10 -4 9 26 30 21 8 11 15 -5 -4 -4 -28 -27 -10 6 18 29 30 14 -17 -49 -44 -9 6 32 58 35 3 4 -16 -28 -49 -18 -14 18 24 43 27 23 -30 -44 -59 -23 -6 28 28 20 -8 -21 -34 -15 3 30 35 25 14 1 -3 -2 -12 -10 -12 -11 0 -3 -8 -16 -15 -17 -12 -1 4 7 18 13 10 -8 -30 -31 -12 10 28 28 22 7 -12 -18 -21 -14 -5 -1 6 11 6 -2 -11 -15 -17 -8 1 -1 4 6 9 0 -8 -3 0 -5 2 10 21 7 -12 -16 -12 -6 0 8 14 11 0 -9 89 12585 305 2133
-22 -14 -3 8 13 7 7 10 6 -4 -16 -6 6 12 18 33 23 14 -4 -20 -33 -25 -26 -33 -38 -28 2 27 37 33 20 8 -2 -20 -26 -30 -25 -17 -4 11 18 20 29 33 21 -12 -33 -45 -52 -47 -49 -69 -98 -118 -104 -53 -2 56 102 122 128 138 164 174 157 130 98 80 62 26 -20 -74 -113 -132 -140 -111 -51 2 16 6 -32 -89 -119 -107 -69 -19 17 28 21 -3 -13 -1 25 47 56 59 63 76 72 64 40 -6 -46 -68 -71 -42 -5 22 37 20 -10 -31 -52 -51 -38 -17 1 -5 -20 -31 -35 -43 -35 -13 2 11 26 26 19 14 14 17 6 -5 -14 -22 -15 -2 19 35 33 26 16 0 -3 -4 2 13 20 11 -8 -25 -39 -34 -19 -5 10 19 8 -8 -31 -50 -64 -81 -79 -60 -38 -8 30 75 109 123 122 122 127 146 168 172 135 67 -15 -92 -132 -148 -148 -147 -150 -137 -112 -88 -78 -74 -55 -36 -20 0 18 18 7 -12 -36 -40 -10 43 96 145 161 139 93 39 6 1 23 53 53 32 1 -32 -57 -77 -80 -56 -23 4 16 11 3 -16 -36 -55 -62 -56 -45 -17 13 37 50 40 27 10 4 15 28 38 43 41 40 35 11 -1 -14 -15 -13 -2 9 9 3 90 4291 305 2133
27 11 -7 -19 -26 -12 2 17 36 31 12 0 1 6 1 -3 4 9 12 4 -6 -6 -2 0 6 14 6 -3 -5 -10 -16 -20 -24 -20 -8 9 24 20 6 3 3 10 20 30 39 38 32 32 35 38 41 41 24 2 -19 -45 -70 -90 -97 -94 -101 -118 -149 -176 -164 -121 -66 -4 46 80 90 67 42 27 34 65 106 152 170 151 88 11 -52 -83 -62 2 51 84 84 51 -13 -89 -143 -149 -114 -59 -8 28 35 5 -35 -66 -70 -41 12 66 88 88 63 23 -11 -42 -41 -8 35 72 83 72 52 32 15 -10 -18 -6 9 21 24 18 -4 -28 -50 -46 -21 -8 2 26 0 -43 -46 -33 -25 -17 -4 16 22 -5 -32 -35 -37 -27 7 45 56 49 45 38 16 -5 -3 14 33 53 60 44 4 -46 -68 -75 -79 -71 -70 -81 -109 -135 -131 -106 -69 -34 5 49 80 95 101 103 113 122 139 152 147 117 69 28 -2 -23 -15 3 9 6 -20 -61 -117 -158 -159 -123 -62 -5 29 15 -38 -99 -151 -157 -97 -12 86 149 153 107 37 -28 -50 -41 7 65 105 111 82 34 -19 -56 -60 -36 4 32 52 52 15 -35 -76 -93 -77 -48 -9 21 19 -1 -29 -58 -68 -53 -19 15 39 45 38 19 -3 90 4802 305 2133
12 9 -9 -7 17 13 14 22 23 10 -3 -5 -6 -13 -28 -48 -48 -32 -4 20 26 29 20 18 -4 -30 -18 13 26 27 46 60 56 57 82 75 44 8 -26 -53 -67 -66 -62 -80 -110 -143 -152 -154 -162 -150 -115 -68 -5 56 99 101 70 47 28 35 66 108 157 172 139 66 -13 -70 -84 -53 10 65 94 74 29 -45 -112 -135 -125 -92 -38 9 40 41 12 -28 -56 -53 -22 16 46 64 66 43 8 -16 -24 -8 16 47 80 80 55 18 -13 -22 -26 -8 22 38 37 27 0 -34 -50 -38 -33 -20 20 43 36 7 -14 -22 -40 -39 -21 0 1 -6 -5 -5 -19 -11 8 18 23 24 26 29 16 6 3 16 28 31 34 35 30 16 -12 -44 -68 -78 -85 -102 -108 -115 -129 -122 -94 -54 -15 16 41 57 72 100 131 156 167 160 144 122 92 49 2 -28 -44 -13 22 32 23 -20 -70 -134 -183 -181 -129 -55 20 48 7 -74 -133 -179 -156 -89 29 105 163 144 108 27 -20 -55 -36 -3 71 115 135 80 25 -31 -59 -61 -30 7 46 54 35 -7 -56 -94 -103 -79 -33 11 31 18 -11 -38 -55 -51 -34 4 36 44 45 26 -2 -20 -29 -16 11 35 51 51 35 15 3 -6 0 6 6 5 10 90 13660 305 2133
9 16 17 4 -11 -13 -2 4 -2 5 5 -1 -8 -13 -9 -7 -8 1 11 10 4 -1 0 6 11 16 25 28 29 23 16 16 29 43 60 74 64 37 -4 -44 -71 -90 -102 -110 -118 -113 -112 -121 -132 -139 -126 -92 -43 18 75 103 101 78 50 36 60 109 157 169 144 87 20 -49 -67 -47 -2 52 75 51 -3 -68 -107 -122 -116 -94 -55 -8 14 15 -2 -29 -50 -51 -24 14 54 93 100 77 44 6 -15 -6 19 46 64 70 56 16 -18 -28 -12 4 23 30 19 3 -25 -44 -49 -54 -45 -24 1 29 34 23 6 -15 -34 -33 -14 11 27 22 6 -5 -10 -15 -8 4 21 35 24 12 2 -10 -8 5 26 42 44 35 10 -15 -36 -54 -60 -59 -61 -63 -69 -86 -111 -117 -101 -79 -40 8 48 74 81 93 109 109 121 137 154 153 122 75 20 -27 -45 -28 1 9 -6 -27 -69 -117 -147 -132 -100 -70 -35 0 -8 -44 -108 -138 -127 -76 6 77 119 131 102 53 5 -19 -11 24 63 85 102 85 33 -20 -68 -89 -74 -35 21 53 52 33 -8 -57 -97 -111 -83 -34 2 13 4 -9 -23 -25 -13 15 35 39 39 43 40 29 9 -13 -24 -17 13 42 57 14 15 -31 -30 -41 12 13 41 91 6447 305 2133
-16 -16 -3 15 26 25 5 -6 -10 -14 -6 2 8 4 -4 -4 -1 -3 5 7 10 3 -5 -12 -9 -2 12 24 34 35 42 46 50 55 53 53 40 14 -13 -41 -72 -84 -92 -98 -109 -122 -135 -156 -164 -147 -102 -36 38 95 104 85 57 24 16 36 76 112 147 177 160 75 -3 -66 -110 -92 -26 48 103 96 45 -37 -115 -152 -134 -85 -41 0 18 19 5 -20 -36 -28 -22 3 23 34 48 54 45 -9 6 -3 20 26 79 58 51 5 6 -32 -10 7 65 60 44 -5 -12 -41 -42 -48 -28 -2 16 16 20 -1 -19 -28 -27 -27 -19 -12 -10 -11 -3 3 5 -4 -3 11 22 30 26 17 15 10 7 23 40 61 58 35 4 -30 -59 -62 -60 -46 -47 -56 -84 -116 -136 -136 -110 -62 -10 35 62 75 83 82 93 104 117 138 147 131 100 60 22 -9 -19 -6 9 12 -12 -53 -84 -110 -129 -140 -111 -40 3 7 -10 -48 -114 -169 -150 -85 -7 86 146 159 110 35 -16 -33 -35 -5 52 107 109 75 33 -12 -33 -37 -23 -2 19 40 31 -6 -41 -31 -82 -72 -57 -3 -12 3 -35 -43 -89 -62 -48 19 25 62 57 62 17 -18 -48 -30 -13 23 48 72 69 47 32 26 20 14 0 -13 -10 92 8191 305 2133
-2 14 30 43 32 6 0 -11 -29 -26 -19 -7 5 13 24 10 -19 -36 -39 -30 -16 16 42 37 23 9 0 -12 -14 4 5 -15 -24 -1 27 24 12 14 4 -17 -32 -36 -18 2 15 19 -4 -26 -40 -40 -41 -49 -59 -79 -97 -100 -83 -37 9 53 96 121 147 170 182 179 153 134 127 110 75 21 -30 -74 -116 -144 -151 -127 -82 -36 -3 -5 -27 -56 -84 -87 -76 -55 -23 4 28 38 25 22 24 36 54 66 77 82 73 41 0 -25 -38 -39 -39 -33 -11 1 8 8 -9 -17 -25 -29 -22 -24 -23 -22 -26 -34 -41 -44 -35 -20 -5 4 19 30 29 21 12 10 6 -7 -8 -8 1 19 26 24 18 7 2 -1 -7 -10 -8 0 16 29 18 4 -1 -13 -26 -49 -53 -25 0 -5 -15 -24 -28 -51 -58 -51 -44 -27 37 61 99 113 151 138 152 135 146 119 90 15 -27 -90 -105 -129 -132 -133 -122 -121 -111 -125 -127 -115 -80 -30 15 45 52 46 25 -3 -28 -41 -20 39 97 143 166 150 107 47 8 6 5 12 12 2 -9 -36 -55 -62 -59 -53 -42 -20 4 15 11 -4 -20 -42 -59 -56 -35 -6 27 45 50 38 21 19 14 23 41 46 45 32 19 8 -6 -13 -17 -10 3 14 15 92 16383 305 2133
-29 -26 -20 -19 -15 2 17 35 33 9 -2 -7 -9 -18 -18 -9 -6 -15 -8 -4 5 4 -5 -15 -21 -23 -5 19 31 21 5 -2 -3 1 0 3 -10 -24 -14 9 27 34 20 4 -12 -27 -30 -30 -19 -11 -21 -48 -68 -83 -94 -95 -88 -78 -52 -21 16 78 138 184 202 189 168 147 129 124 102 74 38 -11 -64 -116 -154 -152 -117 -74 -37 -15 -13 -32 -58 -84 -93 -86 -79 -41 6 45 67 61 40 11 -8 15 44 76 98 98 64 20 -15 -37 -54 -57 -39 -2 19 27 14 -13 -32 -43 -52 -46 -38 -33 -24 -12 -8 -18 -36 -39 -34 -18 6 27 36 42 39 21 7 0 -13 -7 -1 12 24 28 27 24 17 8 -9 -18 -14 -13 -9 0 8 8 11 13 6 -5 -19 -29 -22 -20 -34 -49 -48 -40 -45 -51 -33 -11 8 35 59 85 109 131 148 153 153 149 128 90 39 -10 -60 -108 -150 -179 -174 -159 -138 -108 -90 -75 -62 -49 -44 -39 -17 13 22 19 11 -1 -6 14 58 106 131 134 130 119 79 40 21 -19 -32 -2 24 27 6 -38 -92 -126 -122 -71 1 49 45 24 -12 -49 -63 -61 -45 -23 0 24 40 40 43 36 21 3 6 28 49 68 66 35 2 -26 -31 -21 -7 12 17 93 9075 305 2133
-8 2 7 18 28 33 27 24 23 -1 -33 -36 -28 -7 17 35 37 6 -19 -19 -16 -10 -7 -8 -7 -4 3 13 22 31 35 37 37 48 62 64 53 22 -9 -24 -55 -73 -70 -70 -83 -103 -116 -138 -164 -157 -112 -58 -3 40 66 69 54 31 23 34 57 100 152 178 162 97 10 -48 -81 -76 -27 43 93 94 46 -23 -96 -145 -146 -105 -43 9 34 24 -7 -40 -59 -58 -33 10 54 79 79 49 11 -13 -24 -8 30 63 82 77 47 17 -4 -16 -10 10 31 42 32 16 0 -27 -53 -60 -54 -36 -13 9 28 41 30 6 -24 -41 -38 -30 -23 -16 -14 -8 -4 3 13 13 1 -11 -13 -15 -7 22 40 55 60 57 53 39 26 3 -36 -56 -58 -52 -43 -41 -56 -83 -121 -147 -145 -112 -57 9 59 82 82 70 72 88 97 121 155 156 115 62 25 12 2 6 16 16 4 -23 -63 -107 -146 -158 -123 -61 -6 16 11 -32 -88 -135 -151 -107 -30 54 128 148 118 60 -8 -46 -43 3 65 109 120 103 65 6 -42 -54 -43 -14 22 40 35 -1 -49 -82 -93 -79 -50 -20 5 4 -12 -34 -62 -61 -40 -18 7 31 52 46 24 1 -7 -5 3 20 41 50 57 50 26 4 -11 -7 3 5 13 93 9585 305 2133
-2 -5 -6 -7 -1 8 10 4 -12 -20 -23 -20 -5 1 7 5 -4 -4 0 2 9 7 3 2 13 27 18 21 39 29 27 44 58 57 53 61 60 43 6 -33 -51 -84 -104 -104 -115 -123 -128 -147 -158 -163 -137 -78 -27 32 78 101 108 49 40 37 50 88 150 182 148 94 34 -28 -71 -71 -30 44 76 82 44 -19 -90 -141 -165 -134 -73 6 53 52 10 -26 -49 -73 -79 -35 28 83 81 52 33 21 14 5 16 46 80 92 69 31 17 11 -4 -16 -3 22 25 0 -31 -57 -68 -61 -40 -13 11 34 43 26 -12 -61 -68 -56 -38 -3 28 42 39 24 13 4 -2 -3 5 16 31 44 45 27 5 -7 11 37 44 39 9 -31 -52 -66 -73 -72 -59 -65 -98 -111 -116 -128 -124 -86 -25 24 55 79 96 104 99 108 121 125 140 148 123 87 40 -3 -27 -37 -9 15 16 -6 -53 -112 -150 -148 -108 -61 -12 13 7 -33 -101 -142 -145 -113 -32 53 120 149 122 65 4 -35 -42 -15 41 94 115 104 61 2 -51 -68 -46 -11 26 45 39 13 -42 -96 -110 -91 -51 -16 6 14 3 -16 -39 -52 -32 3 32 45 43 31 5 -16 -27 -22 7 41 79 94 76 52 18 -8 -33 -46 -23 4 15 94 11545 305 2133
-24 -34 -26 -10 13 37 42 29 8 -9 -8 4 -3 -14 -17 -2 1 14 26 26 13 -14 -36 -41 -35 -11 13 11 -3 -14 -17 -21 -11 7 20 24 22 10 -2 0 6 7 3 -7 -6 3 -1 -18 -29 -33 -46 -52 -58 -73 -81 -88 -76 -59 -32 10 57 106 150 173 175 160 144 128 112 100 82 49 -6 -66 -106 -140 -149 -117 -75 -28 6 16 -6 -58 -98 -114 -102 -61 -24 4 25 31 29 21 13 7 15 47 75 96 95 66 26 -18 -47 -55 -50 -21 8 24 39 37 -22 -14 -59 -54 -51 -21 -40 -22 -17 -3 -30 -27 -35 -20 -20 5 27 33 26 19 11 2 -14 -24 -6 7 17 13 22 25 24 13 24 26 33 30 13 -12 -23 -9 10 25 21 21 10 -16 -35 -31 -31 -17 -25 -47 -73 -89 -80 -52 -28 1 38 81 95 94 100 116 124 128 142 146 112 82 34 -25 -85 -143 -169 -159 -145 -110 -86 -86 -103 -112 -99 -67 -22 17 37 35 8 -22 -36 -31 -8 20 65 112 139 145 121 69 30 7 -3 -2 9 29 30 17 -14 -52 -90 -96 -70 -24 17 35 25 7 -21 -54 -68 -64 -42 -8 26 53 54 26 50 3 18 9 22 8 42 36 30 4 4 -25 -21 -15 14 30 32 95 3237 305 2133
10 -4 -16 -15 -11 -4 -6 -20 -25 -19 -16 1 21 25 17 1 -6 -9 -9 4 13 15 13 8 3 6 17 24 18 0 -30 -36 -17 9 31 25 3 -22 -32 -16 13 30 43 42 33 26 25 37 54 63 54 30 0 -29 -52 -70 -75 -71 -82 -100 -125 -154 -166 -169 -141 -71 -8 48 89 99 80 51 33 38 60 100 146 173 147 90 24 -40 -81 -77 -32 34 70 75 44 -31 -105 -146 -149 -107 -64 20 52 40 11 -26 -67 -76 -40 8 64 94 100 60 20 -21 -30 -26 7 41 70 63 65 38 19 -2 -22 -32 -15 2 22 33 29 4 -30 -48 -43 -17 -1 2 2 -1 -1 -7 -14 -7 -9 -4 -11 -21 -24 -17 -12 -4 -4 0 1 3 7 18 25 15 -2 10 31 43 60 81 70 13 -37 -60 -66 -73 -81 -68 -61 -90 -112 -117 -118 -99 -53 6 51 72 84 92 92 93 107 136 153 150 118 76 34 -7 -31 -35 -13 14 20 -20 -70 -116 -152 -158 -126 -56 5 28 26 -12 -71 -126 -141 -107 -39 54 123 142 115 65 10 -38 -43 -5 61 81 106 95 56 -3 -49 -60 -48 -10 16 34 17 -12 -57 -79 -94 -75 -55 -10 4 13 -12 -33 -50 -49 -38 -2 19 41 59 59 36 5 -9 95 3740 305 2133
-5 6 6 3 0 4 2 -6 -4 13 25 11 -2 -5 -9 -11 -11 -2 10 12 18 14 8 8 7 6 1 -6 -8 -9 -6 -2 -1 6 4 -1 -13 -16 -4 2 8 13 10 9 12 26 47 58 67 68 58 49 22 -28 -56 -51 -60 -71 -58 -55 -86 -115 -157 -181 -175 -161 -97 6 50 87 95 94 31 1 -4 44 97 175 198 191 105 23 -55 -83 -83 -35 13 63 74 59 15 -40 -94 -126 -118 -85 -44 4 24 13 -18 -54 -64 -52 -16 41 73 93 82 48 6 -17 -4 31 62 79 77 60 22 -16 -24 -26 -7 11 20 15 -3 -26 -41 -53 -50 -39 -24 -12 0 14 21 7 -10 -16 -16 -15 -13 0 3 2 -2 -1 9 7 9 23 24 23 16 12 13 10 14 32 46 47 31 -1 -31 -45 -48 -44 -58 -74 -91 -93 -108 -120 -117 -103 -73 -32 12 53 73 104 111 85 94 119 137 147 153 121 87 37 -17 -20 -1 -14 18 27 1 -73 -116 -162 -151 -134 -58 -1 33 8 -24 -92 -143 -175 -133 -63 37 111 146 132 85 22 -25 -38 -2 47 102 131 112 67 9 -44 -60 -53 -16 18 36 14 -38 -84 -107 -109 -83 -38 8 33 29 -2 -48 -69 -70 -52 -14 34 67 79 64 50 25 96 4881 305 2133
-1 9 12 10 6 2 -1 -7 -5 -2 -2 8 12 11 3 -11 -8 -7 -8 4 11 10 4 0 2 -6 -12 -8 -5 4 11 11 0 -5 -8 -8 -9 -9 -8 8 18 31 36 32 37 37 44 61 68 70 53 19 -13 -45 -83 -108 -95 -78 -75 -78 -88 -121 -155 -170 -135 -77 -22 36 70 80 74 52 38 38 49 82 114 143 146 117 60 -13 -65 -74 -32 33 71 75 39 -22 -81 -121 -119 -79 -37 3 18 -6 -37 -58 -54 -43 -34 -9 19 42 54 55 40 13 -1 -7 14 58 90 101 78 24 -11 -18 -11 3 23 40 34 7 -14 -36 -45 -39 -25 -8 5 3 -9 -18 -23 -32 -29 -26 -18 -3 1 2 -2 -12 -12 -12 -8 12 30 38 34 22 13 13 25 35 43 50 53 42 16 -14 -41 -69 -75 -78 -76 -71 -74 -88 -101 -110 -100 -76 -45 -2 43 71 87 96 102 111 114 129 149 152 110 66 23 -8 -24 -19 2 18 4 -29 -76 -118 -137 -139 -107 -52 -7 17 14 -20 -82 -128 -130 -87 -19 39 90 120 101 48 -9 -41 -22 18 67 102 95 69 31 -10 -32 -29 -9 9 23 33 25 -4 -52 -99 -121 -107 -61 -9 27 36 11 -10 -36 -70 -62 -57 9 31 52 31 44 -1 21 96 13925 305 2133
29 -2 -44 -69 -64 -43 -12 10 12 7 -10 -23 -36 -42 -34 -17 12 17 21 24 26 -10 -9 -19 4 -14 13 11 24 8 20 3 22 16 24 4 -6 -25 -19 -14 13 30 50 47 31 -5 -28 -42 -49 -41 -31 -29 -35 -45 -50 -48 -51 -46 -40 -30 4 62 126 172 181 148 115 102 105 100 70 14 -40 -99 -139 -147 -130 -106 -88 -90 -105 -126 -123 -92 -47 0 28 43 43 14 -20 -39 -36 -16 28 85 131 167 177 145 88 20 -37 -56 -38 -3 24 34 24 -8 -55 -91 -101 -66 -18 21 43 46 10 -35 -67 -80 -78 -49 0 50 78 72 55 27 -5 -17 -12 7 32 48 54 41 18 -10 -27 -29 -11 10 21 26 21 5 -11 -27 -41 -36 -31 -36 -24 -12 -3 1 -9 -5 4 -3 -3 -8 -15 -13 -4 10 21 25 21 11 -6 -13 -7 1 12 30 31 20 10 -7 -9 -10 -19 -21 -28 -30 -14 9 31 28 0 -30 -49 -42 -28 -12 7 22 17 -1 -8 1 16 36 37 20 4 -3 4 11 10 17 20 8 -8 -18 -19 -20 -19 -15 -25 -28 -18 2 14 19 19 5 -10 -23 -37 -26 -11 -1 17 22 20 24 34 38 25 5 -4 -11 -8 -3 3 0 -9 -16 -13 2 7 -10 -26 97 5677 305 2133
-2 0 -7 2 11 21 21 10 -3 -6 -12 -1 2 -5 -24 -46 -41 -18 4 23 34 30 20 0 -27 -37 -31 -23 -14 0 10 21 27 27 36 31 6 -12 -16 -1 11 17 26 9 -18 -29 -26 -16 -13 -31 -53 -71 -77 -72 -65 -65 -73 -75 -61 -17 46 101 152 172 170 154 120 93 89 91 89 76 36 -16 -72 -122 -150 -150 -116 -64 -17 13 19 -2 -41 -80 -113 -114 -65 -6 45 80 83 59 10 -25 -30 -20 17 74 118 117 73 20 -30 -66 -84 -69 -24 21 46 43 21 -6 -43 -71 -70 -52 -22 8 18 13 -6 -30 -48 -53 -36 -12 12 38 45 34 17 4 -10 -23 -15 -3 18 37 32 21 7 -8 -18 -19 2 23 35 39 24 0 -4 -5 -14 -27 -28 -30 -34 -20 -7 0 -7 -29 -41 -62 -71 -52 -25 9 27 40 61 84 110 129 123 114 99 106 114 100 67 -3 -64 -121 -163 -183 -167 -125 -85 -77 -83 -86 -86 -69 -50 -6 39 69 65 29 -14 -31 -26 0 34 78 128 162 157 109 52 0 -39 -40 -17 15 48 53 31 -22 -83 -127 -133 -86 -15 45 76 70 35 -25 -77 -98 -80 -31 15 45 68 71 47 9 -23 -27 -10 16 50 65 62 46 10 -23 -48 -51 -27 4 29 97 14009 305 2133
8 7 -4 -8 -4 -5 -1 -3 2 6 -2 1 3 -6 -3 -5 -10 -12 -9 -6 0 12 17 12 13 6 7 -1 -18 -18 -12 -2 4 3 9 -1 -16 -29 -52 -68 -81 -98 -102 -93 -66 -26 16 66 112 144 159 161 147 121 114 114 114 118 96 46 -14 -87 -148 -176 -156 -109 -66 -28 2 -4 -34 -70 -83 -74 -61 -36 -7 22 35 47 47 19 -8 0 29 63 77 77 57 13 -30 -51 -48 -27 -9 11 15 3 -10 -16 -18 -27 -37 -38 -34 -20 -15 -13 -6 -10 -21 -29 -38 -25 -6 18 38 32 22 10 -1 -13 -21 -13 7 12 12 14 21 16 5 -1 -5 -3 -1 -3 3 3 9 17 15 13 4 -6 -8 -12 -14 -11 -13 -22 -26 -26 -44 -58 -57 -50 -32 -10 26 72 96 115 133 140 147 149 143 117 77 30 -27 -91 -132 -144 -139 -135 -125 -116 -112 -111 -114 -106 -81 -41 10 51 69 62 22 -20 -34 -23 9 57 105 136 135 111 85 54 22 0 -14 -21 -7 13 20 6 -24 -51 -63 -65 -41 -3 10 5 -11 -31 -37 -38 -28 -8 7 7 8 8 14 18 21 21 21 14 13 23 34 37 33 17 2 -17 -22 -7 16 37 38 18 3 -14 -31 -39 -43 -36 -31 -26 -20 -12 -10 98 6344 305 2133
9 -1 -18 -33 -44 -47 -37 -27 -4 23 27 23 2 -21 -34 -40 -32 -5 19 27 25 17 4 -8 -7 2 21 39 45 38 15 -1 -5 -16 -11 3 18 31 20 1 -14 -31 -44 -49 -75 -90 -83 -95 -117 -103 -78 -55 -34 -6 36 80 89 95 91 74 75 115 159 170 139 104 63 11 -46 -65 -30 5 16 -4 -37 -85 -129 -135 -97 -52 -11 -2 -11 -41 -79 -109 -115 -94 -39 31 98 133 121 64 -10 -59 -65 -23 46 111 134 101 40 -13 -61 -69 -40 3 37 39 22 -16 -62 -86 -89 -76 -49 -24 -10 3 1 -11 -30 -49 -47 -20 14 42 57 54 40 25 -2 -10 15 37 62 69 69 47 11 -19 -35 -37 -20 -5 5 6 -5 -18 -31 -39 -39 -21 -1 2 5 6 -9 -21 -35 -25 1 22 39 43 30 18 1 1 8 15 45 54 36 22 19 -9 -30 -24 -7 5 18 13 12 -11 -54 -62 -49 -44 -26 4 35 56 -1 8 -37 -31 -44 4 -4 20 17 32 9 21 -1 9 -16 -13 1 24 34 48 36 7 -19 -29 -12 0 -6 -23 -28 -25 -17 -9 1 11 6 -5 -13 -29 -39 -26 -14 0 0 -6 1 13 25 25 12 5 -1 -2 9 38 58 51 18 -18 -42 -25 -10 -3 13 98 6964 305 2133
7 -2 -6 -6 0 5 8 22 19 7 -5 -19 -28 -22 -6 1 2 11 -3 0 2 -6 -17 6 -2 7 -3 19 2 8 -8 -3 -23 -3 -1 24 5 8 6 14 5 14 8 6 -3 -6 -24 -34 -45 -53 -52 -48 -50 -44 -41 -43 -64 -91 -71 -17 42 100 143 175 185 161 122 103 92 85 70 54 32 6 -39 -81 -113 -122 -104 -68 -53 -33 -18 -21 -47 -77 -90 -89 -73 -26 26 60 59 34 7 -3 7 26 54 76 75 67 53 27 -5 -41 -67 -72 -51 -11 23 31 20 0 -27 -47 -54 -51 -38 -11 8 4 -19 -28 -24 -23 -15 -1 10 18 15 3 4 15 14 6 -9 -17 -15 -1 15 24 26 27 17 -3 0 -7 -18 -13 9 -13 4 12 29 7 14 -14 -6 -27 -14 -26 -11 -19 -11 -35 -40 -58 -52 -48 -18 13 51 80 105 117 126 122 120 117 114 96 57 17 -26 -69 -107 -129 -126 -111 -98 -90 -95 -99 -91 -91 -78 -53 -17 11 20 6 -2 2 13 24 53 80 118 144 131 94 54 11 -15 -22 -1 24 33 24 -4 -40 -73 -78 -59 -32 -7 9 16 17 6 -10 -42 -83 -80 -44 4 48 66 69 57 18 -16 -33 -24 7 38 43 31 19 12 -1 -11 -9 -1 5 -1 98 15400 305 2133
-27 4 -19 5 -3 36 26 36 10 15 -15 -17 -35 -19 -12 2 9 22 18 9 -8 -19 -28 -24 -6 24 41 43 41 37 27 27 30 33 34 31 38 44 37 22 -14 -44 -80 -108 -127 -131 -121 -110 -131 -156 -159 -119 -72 -7 59 89 89 58 31 43 78 123 162 180 180 141 78 10 -50 -84 -70 -24 20 46 42 3 -55 -110 -142 -131 -88 -28 36 65 47 5 -45 -64 -53 -23 19 47 64 60 34 11 -5 -2 12 36 62 79 72 42 8 -8 -16 -9 10 23 28 19 0 -22 -47 -52 -45 -30 -7 0 36 9 -1 -30 -27 -57 -28 -20 11 -13 10 -21 -15 -27 5 8 39 27 47 19 11 8 21 25 39 44 53 44 26 -7 -37 -51 -52 -47 -45 -49 -64 -96 -120 -142 -151 -125 -80 -30 20 55 89 112 117 109 110 116 138 154 155 123 78 24 -16 -37 -21 7 12 -20 -70 -131 -168 -172 -132 -58 14 50 55 24 -50 -131 -165 -136 -77 -6 72 125 130 91 30 -32 -69 -55 5 86 139 148 117 34 -48 -84 -77 -36 10 33 29 0 -37 -68 -79 -64 -35 -18 -12 -4 4 -10 -31 -41 -35 -19 -6 17 46 47 35 16 -1 -14 -19 1 30 50 57 48 30 14 2 -4 3 12 14 98 15912 305 2133
6 -20 -48 -56 -37 -23 -10 1 5 -6 -27 -45 -38 -18 2 18 34 38 32 21 -2 -24 -39 -36 -16 -5 8 30 42 52 39 15 -6 -16 -13 7 18 22 23 17 5 -1 -2 -5 -8 -25 -44 -43 -27 -14 -18 -31 -25 -31 -42 -57 -65 -43 -3 40 99 132 152 173 169 141 125 105 58 16 -16 -44 -69 -101 -134 -143 -150 -142 -105 -81 -83 -95 -92 -57 -22 18 60 73 40 -10 -42 -50 -24 26 89 149 168 149 108 44 -12 -33 -26 -2 17 30 33 7 -24 -58 -94 -103 -77 -27 23 46 49 20 -26 -71 -83 -69 -47 -8 31 54 59 40 19 8 3 11 22 41 54 51 39 22 -3 -16 -33 -33 -17 10 26 28 19 -4 -25 -55 -44 -39 -34 -48 -2 -14 4 -11 8 -18 -5 -19 15 7 27 17 31 8 16 12 16 -2 -9 -19 -11 -10 -5 8 21 27 26 11 -10 -34 -44 -38 -33 -21 -7 2 4 -1 -7 -22 -24 -30 -31 -19 12 43 55 33 16 -4 -10 1 18 21 15 2 7 11 15 22 16 4 -11 -28 -38 -34 -7 6 5 -5 -15 -20 -32 -30 -7 5 11 10 0 3 12 26 33 22 12 7 6 16 18 18 6 5 8 7 5 -6 -9 -2 -9 -13 -19 -23 -19 99 8117 305 2133
-1 3 7 10 12 -12 9 -6 -3 1 2 -14 -15 -1 -4 0 -7 1 11 14 4 9 0 11 5 12 10 9 10 25 35 42 44 47 42 42 34 18 2 -27 -52 -70 -82 -91 -110 -138 -149 -167 -166 -138 -80 -14 43 77 96 86 59 21 10 26 63 110 158 177 146 62 -28 -101 -119 -76 1 86 135 113 43 -47 -119 -152 -144 -102 -50 -1 36 44 26 -14 -46 -55 -38 -1 32 62 73 56 23 -17 -37 -19 14 57 88 88 67 24 -14 -20 -3 29 48 42 17 -7 -23 -48 -54 -50 -31 6 27 26 12 -13 -24 -29 -41 -37 -35 -26 -6 13 20 10 -6 4 -16 23 35 31 26 31 25 2 7 21 34 46 50 32 19 -19 -40 -59 -57 -57 -54 -74 -95 -119 -126 -126 -107 -76 -24 24 59 87 95 89 95 100 113 138 155 143 93 41 6 -18 -26 -9 17 29 12 -22 -74 -125 -157 -147 -96 -29 10 18 -21 -71 -121 -147 -124 -63 24 107 143 139 97 25 -38 -76 -69 -17 53 105 116 88 39 -4 -33 -48 -34 4 38 52 30 -7 -41 -73 -85 -72 -42 -8 10 2 -26 -58 -75 -62 -28 9 40 56 61 41 -6 -39 -37 -15 22 59 74 83 73 55 32 -1 -26 -36 -26 3 30 100 622 305 2133
-9 -14 -11 3 11 13 17 10 -5 -21 -37 -27 -6 5 -10 -32 -40 -41 -39 -35 -38 -42 -51 -52 -38 -5 54 111 138 142 132 127 136 139 133 113 74 24 -32 -82 -129 -152 -142 -132 -120 -122 -130 -124 -111 -85 -56 -17 29 67 37 59 0 -20 -50 -18 -14 57 119 178 154 128 60 32 -8 -6 5 31 48 43 13 -23 -64 -81 -83 -72 -42 -14 14 21 7 -13 -35 -54 -54 -44 -23 -1 21 38 43 36 18 10 10 10 18 28 46 49 31 8 -5 -16 -13 -15 -8 1 14 16 2 -21 -43 -51 -43 -31 -17 -14 -13 -7 -21 -30 -27 -17 2 16 17 14 23 39 50 42 28 18 19 19 17 11 11 19 20 9 -2 -20 -32 -46 -73 -80 -59 -24 10 17 19 20 8 -17 -44 -46 -22 -1 13 22 30 27 27 40 37 20 0 -14 -14 -7 14 31 23 5 -14 -37 2 -31 -9 -29 -29 -50 -1 16 34 -1 -9 -46 -39 -41 -9 10 30 29 25 -3 -11 -2 15 30 29 25 11 -7 -18 -11 2 13 14 8 -8 -9 -5 -1 1 -1 -4 -8 -12 -11 -11 -10 -4 -4 -6 1 1 6 8 13 10 10 2 5 9 12 12 15 12 13 7 8 13 9 1 -4 -11 -15 -16 -17 -7 100 8832 305 2133
3 5 4 1 -8 -9 -5 11 15 9 5 -1 1 -5 -4 9 -5 -18 0 1 -1 1 15 20 4 -3 10 27 22 18 40 43 31 36 40 45 30 11 0 -27 -59 -76 -85 -92 -108 -112 -109 -130 -150 -145 -112 -64 -8 56 94 94 64 33 25 40 72 115 151 170 148 75 -10 -73 -96 -79 -26 42 91 95 54 -21 -93 -143 -151 -115 -49 16 56 56 21 -32 -60 -62 -39 5 42 60 54 26 10 6 7 26 53 82 90 67 32 3 -21 -29 -21 8 34 50 45 26 -1 -45 -72 -69 -44 3 29 37 22 -10 -28 -37 -45 -47 -39 -24 -10 0 6 11 12 -2 -5 3 16 35 37 25 20 14 17 26 36 55 57 40 10 -20 -51 -76 -78 -69 -71 -78 -88 -100 -119 -130 -114 -84 -28 27 63 87 97 93 106 79 128 130 156 150 127 54 13 -20 -23 -22 13 21 20 -16 -66 -115 -152 -159 -111 -44 5 27 3 -38 -98 -149 -149 -87 -4 83 130 133 96 36 -24 -58 -45 2 63 114 122 90 28 -23 -58 -60 -31 14 38 39 8 -28 -58 -78 -71 -39 -9 13 15 5 -15 -53 -78 -81 -54 -15 30 62 56 28 -6 -36 -42 -29 15 66 96 97 76 46 17 -8 -23 -23 -16 -2 19 100 9203 305 2133
-58 -45 -11 7 11 -10 -41 -66 -74 -57 -25 5 26 25 33 34 12 4 10 5 -11 -27 -12 -1 15 24 36 44 23 3 1 -2 1 7 10 3 -4 -8 -9 -8 -10 -14 -17 -34 -54 -56 -61 -70 -77 -70 -39 0 31 72 88 79 47 24 22 38 63 105 149 176 166 126 60 -12 -64 -104 -111 -95 -92 -107 -132 -143 -126 -100 -55 -8 15 11 -11 -18 -20 -18 10 34 37 23 3 -5 11 60 124 161 148 96 31 -24 -46 -16 30 51 43 -5 -64 -108 -117 -81 -18 41 72 54 3 -52 -86 -100 -90 -61 -18 25 40 36 25 3 -17 -18 -5 36 78 102 97 57 8 -18 -29 -25 -10 4 23 43 32 0 1 -5 -30 -48 -54 -57 -61 -55 -25 -3 -4 -10 -11 -6 4 15 30 30 21 12 9 11 13 22 20 15 4 -6 0 16 21 25 24 16 2 -35 -60 -61 -47 -22 -5 6 6 -7 -19 -26 -27 -16 0 14 20 23 16 1 -9 -16 -9 5 16 30 37 27 20 5 -1 -3 -5 -3 -4 -3 -4 -14 -21 -27 -28 -20 -17 -11 -6 0 4 -1 2 6 5 -3 -25 -24 -5 9 26 28 25 34 28 16 -1 -6 2 6 13 12 -2 -6 -1 5 -3 -5 1 -17 -39 -55 -49 101 1401 305 2133
1 11 13 -1 -17 -34 -34 -20 0 31 49 43 24 -7 -15 -9 -5 -3 -7 -11 -8 -2 16 19 20 21 18 7 1 14 29 39 47 44 38 36 24 17 7 -14 -37 -75 -97 -93 -84 -80 -89 -123 -149 -161 -131 -78 -16 49 94 97 70 44 32 32 64 111 139 190 116 85 14 -38 -97 -61 -26 36 58 83 42 -11 -89 -123 -141 -116 -60 6 37 38 9 -29 -54 -61 -33 2 42 80 93 75 42 8 -11 -6 15 43 63 73 61 35 3 -16 -26 -20 -6 12 19 14 -5 -42 -58 -61 -46 -31 -5 16 27 17 4 -22 -42 -38 -12 14 26 20 8 -2 -12 -17 -10 10 35 54 46 30 15 3 3 -2 -3 16 25 26 9 -18 -34 -41 -47 -58 -68 -70 -80 -93 -104 -112 -100 -72 -29 3 39 79 91 81 71 73 97 133 162 174 140 95 38 -22 -55 -46 -9 14 16 1 -41 -94 -126 -123 -87 -51 -20 -10 -14 -40 -82 -118 -119 -98 -40 34 98 131 111 57 -14 -64 -59 0 69 118 131 103 44 -14 -56 -66 -40 -3 32 42 20 -13 -49 -81 -87 -84 -65 -41 -18 -2 -3 -20 -36 -45 -37 -14 25 55 67 55 31 19 5 -6 7 28 46 68 69 54 22 -10 -17 -12 -5 1 1 101 1799 305 2133
-14 6 17 38 47 32 11 2 -1 -6 -15 -13 -10 -10 4 11 5 -2 -12 -20 -29 -26 5 35 47 29 9 -8 -14 -14 -16 -10 -7 -8 4 19 24 29 26 13 -9 -27 -26 -8 4 5 -7 -26 -40 -54 -62 -67 -63 -62 -72 -99 -113 -89 -37 16 74 122 159 185 188 177 158 134 122 107 89 66 25 -23 -74 -134 -167 -158 -120 -62 -4 27 22 -10 -61 -110 -97 -92 -9 41 86 52 30 -55 -93 -132 -62 -13 80 124 186 157 105 6 -52 -89 -65 -35 7 11 -3 -41 -82 -89 -56 -19 25 42 23 -11 -58 -81 -69 -26 22 41 30 3 -28 -38 -17 24 72 93 75 31 -5 -32 -41 -21 5 28 27 -1 -20 -29 -39 -26 6 36 56 48 26 5 -11 -12 -11 -10 -9 -12 -12 -18 -19 -16 0 12 -4 -26 -44 -54 -35 -8 23 70 107 127 124 117 124 127 110 75 20 -35 -79 -113 -134 -131 -111 -100 -93 -99 -101 -85 -76 -58 -21 27 64 73 64 35 -25 -75 -90 -61 5 83 144 157 121 53 -13 -26 -4 39 83 126 133 66 -33 -101 -145 -168 -148 -93 -8 67 103 92 36 -36 -78 -78 -37 20 66 63 26 -29 -66 -60 -20 46 99 101 66 14 -25 -35 -12 22 51 50 7 -49 -83 101 10524 305 2133
-9 -9 -4 -3 -6 -6 -8 -1 2 7 10 2 1 -1 -9 -11 -5 2 9 7 4 8 1 -8 -14 -11 -5 -6 -9 -1 13 15 9 6 1 0 3 2 -1 15 -9 -3 -10 18 -7 4 -17 -16 -55 -33 -51 -25 -33 -23 -55 -61 -103 -119 -123 -68 -2 90 158 223 259 255 217 171 113 92 80 64 26 -37 -112 -180 -208 -174 -97 -6 51 58 5 -88 -174 -213 -176 -88 9 76 77 19 -40 -80 -73 -22 53 120 147 142 119 81 43 4 -15 -20 -12 2 14 19 17 16 14 -7 -26 -46 -76 -91 -98 -85 -50 -20 -4 -3 -22 -32 -29 -23 -4 31 57 51 31 17 11 16 25 45 65 58 32 4 -8 3 13 26 26 2 -17 -29 -30 -25 -28 -37 -45 -43 -31 -17 -4 3 -1 -17 -32 -29 -25 -27 -33 -45 -38 -11 20 58 88 112 115 103 99 104 124 161 171 156 96 -7 -117 -200 -242 -248 -214 -161 -116 -78 -65 -64 -57 -60 -33 5 43 67 44 -17 -64 -91 -70 3 103 184 228 215 135 35 -38 -54 1 70 119 119 56 -26 -102 -143 -123 -68 -9 38 55 35 -8 -51 -79 -90 -81 -52 -24 -12 -11 2 14 28 42 49 44 29 15 13 18 34 50 56 54 35 18 0 -15 -12 11 102 2935 305 2133
12 -15 11 -13 0 -13 10 -9 -3 -14 2 -5 2 -3 7 10 9 5 6 1 8 18 6 -9 -24 -22 -5 11 35 54 69 73 60 49 44 33 13 -7 -25 -42 -59 -75 -74 -75 -103 -122 -127 -150 -168 -145 -101 -38 14 47 78 89 79 54 36 35 53 96 147 180 172 115 36 -52 -113 -120 -75 7 73 80 43 -29 -99 -135 -145 -118 -61 -6 29 34 19 -7 -27 -31 -21 16 56 86 91 66 35 8 -6 2 13 34 62 66 55 19 -19 -40 -40 -19 6 20 25 10 -15 -42 -56 -47 -32 -9 10 30 38 20 -5 -22 -28 -17 -10 5 19 12 0 -11 -19 -15 -11 1 12 16 14 8 -1 -6 5 20 30 41 47 42 26 -10 -32 -45 -63 -67 -56 -40 -40 -68 -100 -117 -110 -82 -51 -7 38 68 87 94 95 88 87 104 129 134 105 63 30 -12 -30 -28 -17 10 16 -12 -54 -109 -147 -141 -103 -49 6 50 55 13 -63 -133 -145 -101 -18 75 136 164 136 60 -5 -52 -62 -28 7 46 71 72 47 1 -42 -61 -40 -6 16 23 6 -22 -51 -90 -100 -57 -7 24 34 33 4 -42 -56 -34 -3 34 51 60 37 3 -3 4 -5 -24 -19 4 28 45 46 39 20 -13 -27 -20 -10 8 14 102 3466 305 2133
3 3 1 5 13 -19 30 4 -10 -45 -13 -23 16 18 57 30 30 -18 -13 -35 -23 -22 0 -6 -3 -11 3 2 2 -2 -15 -24 -11 9 33 40 28 4 -16 -19 -2 10 9 -5 -5 -6 -5 -8 -17 -31 -62 -91 -122 -142 -121 -80 -37 11 52 88 122 148 168 181 176 153 124 105 103 87 49 -13 -76 -135 -156 -142 -96 -43 -7 -6 -16 -45 -76 -100 -106 -88 -52 -13 20 30 23 22 19 14 23 41 61 83 88 66 40 13 -24 -43 -40 -24 -5 2 12 9 -1 -12 -33 -43 -41 -43 -32 -23 -21 -26 -31 -31 -28 -21 -9 -1 16 29 38 35 16 8 -8 14 -25 -5 -4 23 -9 30 27 43 5 14 -8 2 -23 3 -1 10 1 11 -8 -17 -22 -11 -7 -2 -17 -20 -26 -27 -29 -30 -40 -44 -43 -42 -35 -2 43 87 125 153 166 174 176 160 118 62 9 -35 -78 -109 -121 -121 -136 -142 -138 -130 -115 -107 -107 -94 -62 -13 28 55 56 31 -12 -53 -64 -19 43 109 149 171 162 113 63 29 8 13 16 25 30 16 0 -27 -54 -72 -77 -59 -23 2 2 -17 -43 -67 -66 -47 -27 3 14 20 29 32 37 39 32 27 24 30 35 41 43 41 36 18 -4 -17 -24 -14 -1 8 10 102 11586 305 2133
1 9 15 16 21 19 3 -13 -24 -30 -30 -27 -21 -12 8 23 14 30 -2 11 4 24 -12 1 -22 -3 -36 -14 -26 8 7 39 35 63 47 49 32 36 26 33 27 27 13 -7 -40 -67 -76 -74 -60 -46 -36 -38 -64 -95 -111 -118 -109 -82 -30 31 74 114 159 178 182 189 183 163 123 92 63 45 14 -35 -78 -116 -143 -135 -95 -32 -4 -7 -46 -101 -135 -145 -136 -88 -27 19 31 28 20 10 6 21 48 81 101 114 112 84 39 -8 -41 -56 -54 -25 2 25 34 16 -11 -37 -53 -56 -47 -39 -34 -31 -36 -35 -27 -31 -34 -34 -24 -4 19 37 55 58 47 32 9 -2 0 7 17 21 18 13 11 8 2 2 7 18 27 28 32 27 8 -9 -31 -54 -77 -90 -73 -45 -31 -26 -31 -43 -64 -80 -64 -30 8 39 53 61 75 93 105 127 161 187 195 178 136 81 8 -60 -99 -125 -145 -156 -158 -147 -142 -125 -103 -86 -75 -59 -45 -29 -1 24 24 13 -10 -19 2 44 102 149 165 154 124 86 47 19 26 37 40 30 8 -27 -67 -88 -85 -75 -54 -37 -7 14 3 -16 -46 -78 -87 -83 -53 -8 32 59 55 35 22 12 18 37 52 59 57 53 46 33 12 5 6 2 -4 -5 -10 105 7253 305 2133
7 2 -1 3 0 -10 -16 -21 -7 2 1 -2 -3 -4 -6 -4 4 5 6 21 21 7 -5 -12 -11 -7 -12 -24 -22 -9 6 12 7 6 4 -10 -36 -62 -69 -64 -69 -63 -59 -54 -29 11 44 79 110 136 155 159 149 133 110 80 61 56 31 -6 -62 -122 -168 -185 -146 -80 -13 37 47 31 -7 -75 -135 -146 -106 -40 28 80 102 96 67 29 5 -3 18 51 75 102 101 60 -5 -78 -111 -96 -52 0 26 31 14 -18 -44 -52 -48 -46 -35 -15 -4 7 7 -6 -16 -26 -19 -1 17 35 44 34 23 6 -9 -23 -35 -28 5 25 20 6 0 0 4 3 -2 -2 -9 -9 -10 -11 2 7 2 9 17 -19 11 -17 -12 -10 4 -18 -17 -18 -25 -57 -61 -53 -24 -4 32 80 107 121 118 113 104 92 81 79 49 12 -38 -84 -126 -150 -146 -131 -109 -86 -66 -53 -53 -54 -38 -5 33 59 75 57 6 -41 -61 -51 -5 57 124 174 179 140 68 -2 -48 -73 -64 -27 15 38 32 0 -48 -84 -103 -100 -63 -12 44 81 73 28 -29 -80 -93 -66 -15 29 51 57 52 38 25 15 13 18 16 11 12 13 8 3 -5 -21 -27 -22 -13 8 21 23 17 -10 -37 -46 -35 -5 6 4 2 1 3 110 6217 305 2133
-30 -24 -24 -29 -26 -10 3 2 -12 -26 -37 -41 -25 2 26 39 43 49 47 32 43 57 64 64 50 34 13 3 14 29 48 58 49 35 24 26 19 -2 -29 -57 -78 -109 -134 -126 -120 -115 -104 -112 -124 -137 -132 -88 -36 30 96 121 106 82 52 47 67 115 137 197 192 162 63 -7 -88 -104 -112 -42 2 43 17 -16 -88 -134 -175 -148 -100 -28 17 46 27 -9 -38 -43 -24 21 67 111 124 101 57 4 -16 -10 7 39 72 95 82 37 -18 -44 -51 -51 -34 -11 1 -4 -16 -25 -35 -50 -48 -32 -14 9 36 48 53 38 13 -3 -10 5 15 0 -14 -16 -12 -4 6 16 22 11 -19 -42 -48 -37 -12 19 39 40 27 22 13 -1 -5 -9 -28 -48 -57 -56 -46 -53 -74 -97 -111 -103 -64 -23 16 56 72 84 86 83 90 108 130 156 141 103 54 0 -32 -37 -8 26 36 22 -25 -71 -118 -146 -132 -91 -28 20 24 -9 -65 -119 -148 -143 -83 7 79 127 128 92 37 -24 -49 -32 18 81 116 111 76 22 -32 -63 -56 -26 12 35 28 7 -28 -67 -88 -86 -61 -30 -9 7 18 -1 -23 -36 -32 -15 4 28 51 55 38 6 -19 -24 -11 11 27 41 43 41 28 -2 -14 -17 -12 -9 -12 115 5650 305 2133
1 8 11 6 -6 -12 -11 -5 -7 -1 -9 -12 -1 3 8 9 7 9 -1 -12 -18 -19 -19 -12 2 19 27 26 16 2 -16 -23 -9 2 20 30 20 13 0 -9 -9 -14 -17 -13 -19 -21 -30 -23 -11 -16 -25 -25 -38 -76 -109 -115 -103 -73 -25 27 85 132 165 194 189 157 119 91 89 88 88 82 33 -39 -108 -148 -158 -143 -106 -68 -29 1 10 -4 -46 -87 -113 -114 -70 -10 41 81 84 60 21 -10 -13 10 51 90 105 89 49 -4 -48 -66 -59 -37 -4 18 26 27 3 -25 -46 -64 -65 -50 -25 -1 7 -1 -22 -37 -36 -28 -11 12 40 52 44 27 8 -11 -16 -22 -14 1 10 17 15 14 14 9 13 19 14 5 -10 -17 -18 -11 3 10 9 -1 -10 -23 -29 -20 -14 -11 -9 -23 -28 -34 -45 -44 -28 -10 10 25 56 86 110 131 145 164 167 134 94 55 6 -57 -107 -129 -151 -157 -143 -116 -83 -83 -97 -98 -103 -82 -33 26 78 84 56 15 -20 -38 -41 -13 37 97 151 179 177 122 45 -17 -65 -72 -41 6 53 56 13 -44 -97 -118 -102 -56 7 46 56 30 -13 -44 -63 -61 -40 -14 18 43 65 54 27 14 2 -5 7 23 43 52 40 23 0 -17 -26 -25 -8 12 26 120 4007 305 2133
-5 -8 -3 6 18 14 -3 -18 -19 -4 -14 9 20 7 -4 -2 4 -17 -16 -5 16 14 8 -5 6 -14 -17 -35 -32 -24 0 7 21 15 16 7 -10 -40 -55 -58 -64 -76 -85 -81 -59 -31 5 55 97 137 154 144 131 120 112 110 106 102 75 36 -25 -98 -156 -171 -148 -113 -58 14 41 25 2 -30 -75 -118 -119 -70 -16 35 78 93 60 -7 -27 -3 23 49 68 71 51 16 -12 -35 -49 -55 -42 -13 6 20 30 23 4 -24 -46 -49 -41 -25 -5 4 -2 -22 -37 -40 -27 -3 15 28 33 22 7 -9 -10 -16 -22 -14 -2 16 32 29 26 20 12 18 14 5 -7 -15 -15 -8 -2 2 3 2 -2 -2 -7 -13 -5 -11 -12 -14 -24 -31 -43 -48 -46 -53 -36 4 38 68 93 118 134 136 134 133 129 106 76 37 -27 -84 -120 -141 -142 -148 -138 -125 -127 -122 -106 -85 -50 -13 38 84 91 68 25 -12 -50 -80 -66 -6 63 113 147 170 153 105 37 -18 -21 2 42 89 91 48 -19 -85 -120 -115 -73 -17 26 42 33 13 -30 -78 -100 -98 -74 -43 -19 8 20 20 3 -22 -14 7 27 61 76 67 42 18 11 24 44 57 60 48 27 12 7 -4 -19 -45 -71 -81 -78 -62 -56 -48 -36 125 2684 305 2133
0 22 3 8 -13 -1 -10 8 10 21 19 16 4 4 -1 2 7 -6 -27 -39 -35 -17 6 16 18 17 13 2 -23 -36 -26 -16 -13 -3 6 6 0 -11 -12 -28 -49 -84 -107 -113 -93 -53 4 53 92 121 154 161 159 146 122 102 100 104 104 68 6 -64 -133 -172 -172 -133 -74 -22 4 10 -16 -58 -95 -101 -95 -66 -18 22 49 42 24 11 5 14 31 46 71 83 73 47 16 -17 -38 -39 -34 -23 -7 7 15 7 -13 -28 -40 -43 -31 -22 -9 -1 -7 -16 -32 -37 -30 -17 2 28 49 43 24 7 -7 -15 -11 1 11 12 7 3 3 6 12 13 18 12 1 -4 -6 1 8 13 22 25 25 17 -3 -30 -44 -44 -35 -23 -15 -11 -11 -29 -48 -56 -49 -25 0 23 61 91 113 138 151 162 157 136 96 45 -17 -79 -99 -95 -111 -129 -134 -128 -127 -130 -128 -124 -104 -58 4 60 70 54 33 -18 -70 -79 -36 35 94 133 152 138 114 73 37 10 5 26 35 27 14 3 -14 -44 -74 -78 -64 -31 -3 9 12 -1 -24 -42 -54 -56 -45 -17 14 35 42 27 18 19 17 24 29 40 50 38 32 22 1 -9 -18 -14 5 16 16 7 -7 -19 -22 -20 -28 -37 -40 -42 -33 -26 -14 130 1433 305 2133
15 9 -8 -22 -24 -15 0 -1 -10 -17 -34 -35 -9 14 25 29 28 17 -12 -35 -31 -17 -2 6 15 25 25 25 28 24 2 -26 -28 -24 -6 19 31 27 1 -21 -14 -7 -4 -3 -12 -21 -33 -36 -26 -22 -37 -72 -105 -115 -109 -74 -25 31 75 109 138 153 163 170 162 144 129 113 90 46 5 -30 -79 -125 -149 -141 -107 -66 -34 -11 -8 -32 -70 -95 -101 -79 -36 7 39 47 40 35 27 25 31 46 68 75 78 62 31 -3 -24 -41 -43 -34 -15 3 7 2 -4 -11 -21 -32 -35 -37 -31 -24 -24 -21 -27 -31 -21 -13 -5 5 18 29 25 19 17 10 8 0 -4 -1 3 3 -7 3 17 18 28 35 19 -1 -20 -19 -22 -24 -13 -2 2 0 3 14 7 -18 -41 -53 -57 -47 -24 -7 -8 -24 -36 -34 -19 13 59 84 106 133 150 169 182 154 115 76 2 -72 -98 -121 -122 -136 -128 -154 -148 -152 -119 -110 -77 -55 -14 -4 26 40 57 30 0 -25 -18 8 60 105 147 150 124 84 42 9 -5 7 24 31 22 -7 -39 -69 -84 -73 -49 -27 -3 10 14 0 -22 -39 -50 -54 -37 -16 5 16 29 38 35 33 36 38 27 22 33 30 26 20 13 8 -7 -15 -5 -2 -4 0 10 134 16237 305 2133
-9 0 8 -1 19 45 34 36 6 42 7 10 -2 28 -8 -14 -21 14 -25 -14 -18 2 -19 -21 -34 -22 -32 -13 1 6 -1 -5 -10 -19 -28 -27 -7 19 27 29 33 30 32 30 18 2 -16 -20 -22 -32 -44 -61 -80 -97 -117 -114 -90 -54 -15 17 68 118 164 186 185 168 150 130 107 76 58 21 -33 -80 -115 -121 -98 -58 -15 5 2 -25 -62 -87 -98 -83 -61 -39 -27 -14 8 20 15 9 -2 0 26 61 94 103 77 39 -5 -29 -33 -29 -16 -2 12 16 8 -1 -13 -22 -34 -41 -33 -33 -35 -30 -32 -23 -16 -30 -33 -26 -7 16 26 21 14 15 -2 -20 -5 -5 27 -6 28 24 31 -15 11 14 26 -9 15 4 7 -17 2 -5 8 -1 11 5 -10 -19 -17 -22 -25 -35 -37 -39 -48 -54 -49 -37 -24 5 44 73 99 119 133 142 145 144 140 114 78 30 -20 -68 -116 -149 -165 -155 -145 -134 -113 -83 -63 -53 -54 -35 -8 15 20 4 -15 -34 -45 -13 35 76 119 146 141 109 71 50 42 34 28 21 18 10 -2 -31 -69 -96 -98 -70 -26 14 44 42 17 -24 -70 -95 -81 -41 7 29 30 28 23 16 7 13 31 42 41 39 46 49 40 26 7 -7 -8 1 13 14 7 139 14654 305 2133
-7 -15 -24 -15 1 10 17 5 -4 -11 -17 -8 7 11 13 9 3 -3 -6 -2 10 14 7 -2 -10 -11 -7 -1 8 7 -2 -10 -15 -14 0 3 5 2 -8 -8 -4 -4 -4 0 7 1 -10 -21 -29 -32 -43 -50 -67 -83 -87 -79 -64 -26 21 72 111 140 167 169 151 126 99 89 87 76 54 12 -46 -106 -145 -156 -142 -99 -49 -8 14 2 -23 -67 -101 -100 -71 -28 29 66 80 66 31 -2 -21 -13 27 74 111 120 97 43 -23 -66 -77 -62 -42 -20 5 10 14 5 -16 -46 -68 -72 -59 -35 -2 27 29 15 -5 -23 -12 9 19 14 15 23 33 35 26 19 7 -18 -36 -39 -26 -5 8 13 3 -16 -22 -30 -29 -13 -6 -1 4 3 3 11 28 34 20 2 -11 -10 -12 -10 -11 -19 -25 -57 -41 -43 -25 -15 55 57 88 89 125 106 129 115 134 90 60 -8 -41 -93 -106 -131 -130 -126 -109 -97 -81 -85 -83 -70 -43 -9 26 55 59 35 0 -24 -36 -25 13 64 110 145 145 114 65 21 -13 -29 -26 4 21 24 7 -25 -56 -75 -85 -64 -31 4 28 32 14 -15 -37 -52 -52 -37 -7 27 48 50 45 29 14 3 -13 -9 7 18 40 42 30 13 -4 -12 -26 -38 -29 -7 9 145 5596 305 2133
6 4 5 4 -3 -7 -6 4 12 6 -4 -9 -7 -6 -7 -1 5 5 2 -1 3 3 2 5 0 -4 -12 -8 7 6 0 -2 -4 -5 -12 -9 -2 5 8 4 4 -3 -5 0 -6 -3 -4 -12 -17 -31 -41 -51 -73 -83 -86 -77 -69 -46 22 81 106 135 164 176 154 132 134 124 97 68 46 1 -62 -103 -128 -148 -145 -117 -69 -38 -37 -36 -34 -46 -64 -67 -54 -30 -1 24 32 30 24 22 25 30 60 90 94 81 51 22 -8 -31 -36 -26 -12 1 10 7 -4 -14 -23 -37 -54 -65 -55 -32 -2 17 12 -2 -7 -20 -29 -30 -19 -1 16 30 45 40 28 15 4 -9 -25 -25 -13 7 26 34 29 7 -20 -29 -21 -2 4 -4 -7 -10 -10 3 9 13 8 -6 -11 -12 -9 -11 -18 -28 -44 -57 -58 -43 -25 -2 29 51 72 92 105 121 142 146 128 88 47 11 -40 -91 -108 -111 -135 -148 -124 -108 -99 -89 -69 -44 -32 -17 14 32 34 29 18 -1 -20 -14 23 62 93 126 142 131 92 53 17 -15 -20 0 21 23 4 -29 -67 -90 -91 -64 -29 -7 12 26 -26 -9 -45 -44 -49 -3 -11 28 29 62 39 46 14 12 -21 -10 -6 27 35 58 57 46 11 -14 -21 -20 -21 -5 2 150 2321 305 2133
-9 -34 -10 -24 11 14 50 31 30 -3 -6 -18 -1 -8 -13 -20 -8 12 32 28 23 12 -17 -42 -50 -34 -8 5 11 4 -10 -17 -13 -4 12 23 25 10 -6 -9 2 20 30 27 13 -1 -7 -16 -26 -39 -59 -69 -80 -94 -96 -97 -82 -48 -10 43 89 122 148 173 182 173 158 143 123 106 79 42 -13 -80 -138 -163 -161 -130 -88 -45 -20 -26 -40 -64 -90 -100 -89 -57 -14 26 51 51 37 27 32 40 54 76 86 84 69 42 14 -18 -45 -50 -42 -24 -4 11 15 5 -16 -30 -40 -43 -40 -34 -32 -25 -24 2 -36 -21 -22 9 -16 17 16 32 -2 11 -11 20 -3 5 -12 -3 -7 3 -16 -14 -5 8 6 16 27 30 24 7 -5 -1 -1 6 13 26 24 0 -19 -19 -20 -15 -21 -37 -69 -93 -97 -86 -50 -1 39 71 91 113 117 114 128 135 131 113 87 58 10 -38 -63 -96 -129 -154 -156 -136 -107 -86 -68 -52 -52 -48 -16 20 40 36 5 -21 -30 -23 13 66 106 130 124 117 100 70 41 11 -3 1 11 16 8 -9 -31 -58 -75 -74 -59 -37 -15 8 13 -4 -32 -56 -61 -51 -31 4 23 29 37 40 42 36 24 14 9 16 29 33 30 23 12 -4 -10 -7 -2 9 10 155 321 305 2133
-6 6 2 7 12 19 10 10 12 21 3 -3 1 14 -23 -13 -16 1 -10 4 12 39 16 10 -11 -5 -19 -6 4 21 21 37 49 62 56 50 36 15 -7 -20 -12 -14 -45 -67 -86 -108 -118 -122 -143 -167 -165 -115 -59 9 78 116 105 59 22 3 12 56 123 175 185 144 79 -5 -72 -100 -83 -32 26 55 63 31 -20 -76 -126 -139 -111 -57 3 37 37 9 -22 -48 -53 -22 15 55 85 78 50 14 -17 -22 -14 14 46 55 55 39 14 -2 -18 -28 -19 2 21 24 22 5 -14 -34 -49 -33 -7 13 23 25 19 2 -12 -19 -27 -25 -7 -2 0 1 0 -5 2 6 7 13 14 9 9 14 25 28 28 36 42 48 40 19 -7 -29 -55 -59 -54 -64 -73 -78 -88 -109 -125 -118 -84 -38 2 36 60 81 95 98 105 120 134 141 127 78 39 9 -18 -31 -10 23 37 24 -14 -70 -129 -165 -154 -100 -29 24 49 32 -19 -88 -132 -136 -96 -24 44 99 124 111 76 21 -22 -21 5 34 53 59 50 16 -30 -56 -50 -29 11 53 60 34 -12 -54 -66 -60 -37 0 18 13 3 -10 -23 -38 -48 -44 -29 -7 23 43 41 16 -15 -35 -25 -4 20 49 63 52 32 7 -9 -5 5 16 19 159 15067 305 2133
32 17 6 -16 -29 -24 -9 3 11 7 -18 -41 -50 -42 -18 -10 -12 -10 -15 -5 -4 -6 6 9 8 9 10 20 21 13 7 4 3 0 -5 -10 -15 -25 -48 -63 -77 -99 -104 -93 -68 -33 2 42 76 102 129 142 141 136 136 138 137 123 97 54 -10 -85 -150 -186 -175 -131 -84 -40 -13 -17 -39 -69 -85 -78 -57 -26 8 27 39 45 35 21 20 28 44 61 84 102 95 67 38 3 -32 -55 -62 -47 -28 -19 -8 -9 -27 -33 -37 -40 -25 1 20 15 -2 -20 -37 -51 -44 -21 13 41 51 37 20 9 -14 -23 -19 -13 -4 -4 4 12 8 -2 -22 -24 -12 -5 9 31 44 40 25 21 26 25 6 -29 -43 -41 -25 -1 12 14 -5 -40 -67 -88 -89 -63 -28 9 34 44 55 75 102 118 134 147 146 116 71 37 6 -30 -65 -101 -127 -133 -140 -144 -139 -136 -122 -94 -58 -14 27 61 83 73 38 -8 -34 -33 -1 50 97 127 125 103 80 45 17 5 6 20 24 19 8 -24 -56 -83 -100 -91 -63 -22 15 38 37 21 0 -27 -51 -47 -30 -4 17 22 24 15 8 2 -10 0 23 40 57 52 36 19 0 -10 -22 -6 -32 18 -1 7 -5 19 -10 2 -19 -4 -28 -19 -34 -17 -28 164 12467 305 2133
-46 -30 -7 10 10 7 0 -18 -23 -13 -9 7 10 10 6 5 15 25 18 3 -4 2 8 0 -3 -2 7 1 -2 -2 -5 1 6 -1 -9 -25 -38 -49 -60 -58 -56 -68 -77 -81 -69 -33 15 63 106 131 144 144 130 115 111 112 112 112 84 34 -31 -98 -147 -176 -168 -138 -97 -52 -19 -7 -10 -36 -70 -86 -72 -32 25 68 80 65 36 -3 -26 -24 6 54 83 100 102 77 31 -16 -50 -61 -57 -33 -6 12 16 2 -27 -55 -67 -58 -43 -21 -4 13 27 19 1 -20 -40 -40 -37 -24 -3 8 17 26 30 27 19 16 17 11 4 2 7 6 9 17 15 10 -1 -9 -5 -4 7 14 7 0 -8 -12 -9 -18 -23 -19 -12 -21 -41 -53 -60 -57 -49 -33 -11 10 40 75 97 110 109 103 110 119 130 123 82 25 -33 -72 -88 -99 -107 -117 -131 -140 -142 -125 -101 -75 -50 -24 17 56 79 86 62 25 -5 -27 -12 27 73 121 142 127 78 11 -29 -38 -21 21 54 56 29 -14 -74 -114 -117 -105 -66 -18 15 48 52 25 -7 -38 -47 -38 -17 12 40 54 45 19 -2 -18 -26 -28 -5 26 44 52 46 33 16 -10 -25 -24 -13 0 3 2 14 14 3 -16 -27 -22 -19 -20 -15 -5 -8 169 10180 305 2133
5 -14 -21 -28 -21 -12 -10 -4 5 13 12 -1 -17 -31 -34 -18 11 38 45 29 3 -14 -20 -23 -12 -7 -15 -15 -2 18 38 34 20 -2 -32 -48 -52 -50 -41 -37 -54 -86 -106 -97 -62 -6 50 94 118 118 122 125 142 157 149 138 123 92 58 2 -63 -124 -166 -173 -149 -111 -70 -35 -15 -25 -51 -79 -86 -67 -34 3 41 65 64 40 17 3 -5 7 36 65 97 106 84 50 16 -15 -41 -44 -37 -22 -8 -8 -12 -18 -33 -44 -50 -42 -29 -12 6 13 4 -2 -11 -23 -24 -23 -8 0 9 13 14 13 13 11 10 6 5 -4 -1 7 8 14 11 3 -1 -7 -8 -4 0 16 26 31 25 3 -15 -23 -25 -21 -17 -13 -18 -26 -40 -60 -70 -75 -63 -38 -14 24 63 94 115 113 112 120 128 137 126 100 65 14 -41 -82 -99 -108 -123 -140 -165 -170 -154 -127 -98 -69 -22 32 64 72 58 27 -2 -21 -25 1 48 97 138 151 127 77 26 -10 -21 -5 27 69 75 35 -20 -64 -86 -100 -107 -92 -59 -16 17 33 33 11 -23 -45 -49 -39 -2 28 42 40 32 10 -6 -15 -15 5 24 36 48 42 33 22 17 -17 17 -11 -12 -26 14 -10 -5 -20 1 -26 -16 -36 -14 -22 -6 -17 -3 174 7992 305 2133
13 7 -1 -11 -20 -29 -31 20 -3 22 14 28 -4 19 -1 2 -22 8 2 22 -1 18 2 -2 -14 -7 -16 -2 -2 -9 -29 -20 -4 3 3 5 0 -12 -42 -73 -95 -104 -105 -98 -69 -16 43 96 135 163 153 121 106 102 115 137 153 148 103 20 -60 -125 -166 -195 -192 -152 -94 -48 -20 -6 -20 -55 -84 -93 -72 -14 37 67 78 61 36 6 -13 3 31 66 97 105 91 58 16 -22 -43 -47 -45 -33 -26 -20 -14 -23 -36 -42 -47 -38 -32 -21 9 24 19 2 -17 -27 -33 -30 -19 -3 17 25 24 18 5 -2 -8 -4 1 3 14 24 27 19 3 0 -10 -17 -8 -1 9 17 24 35 28 15 2 -9 -22 -36 -38 -38 -27 -16 -28 -36 -41 -44 -38 -40 -42 -23 10 49 81 117 155 167 158 134 110 89 53 10 -35 -65 -88 -116 -121 -114 -121 -137 -156 -157 -146 -118 -54 21 80 112 107 76 36 2 -21 -30 -10 35 91 135 148 134 91 29 -19 -44 -30 5 37 50 24 -25 -71 -111 -117 -103 -68 -10 32 38 24 7 -7 -21 -22 -14 1 18 29 31 16 3 6 2 -1 5 13 33 39 39 40 23 2 -14 -27 -26 -12 6 15 13 3 -8 -6 -9 -17 -21 -22 -14 -7 -10 0 179 14378 305 2133
2 2 -5 -3 -3 -7 -9 -7 3 9 3 2 10 7 2 -1 -4 -3 -1 -3 -3 -2 -2 4 12 15 12 15 23 18 3 5 18 37 52 55 47 36 18 4 -29 -61 -80 -85 -99 -101 -92 -115 -114 -161 -122 -83 -38 -8 67 81 57 12 18 42 81 103 156 196 196 125 38 -47 -108 -117 -73 -1 48 65 67 32 -34 -103 -145 -134 -83 -14 57 76 42 -24 -78 -98 -71 -17 31 61 69 50 35 16 -5 -5 10 36 57 60 58 33 1 -17 -31 -25 -1 33 54 43 22 -3 -35 -48 -40 -19 1 13 20 9 -10 -33 -43 -38 -25 -12 3 8 11 0 -13 -12 -2 12 21 23 30 27 11 0 -2 11 33 55 63 57 44 17 -9 -31 -53 -60 -64 -72 -80 -90 -101 -113 -121 -108 -73 -30 12 54 83 86 94 101 101 115 130 139 120 81 44 3 -25 -20 13 54 66 21 -32 -96 -182 -264 -271 -194 -92 -4 51 53 3 -88 -140 -135 -88 13 136 238 261 188 74 -36 -107 -90 5 143 229 215 132 21 -61 -85 -52 11 62 71 39 -20 -92 -147 -155 -122 -75 -33 -16 -15 -38 -71 -91 -90 -70 -26 14 33 32 15 -6 -19 -15 1 32 58 63 56 44 41 51 51 42 23 -2 -19 -34 184 4329 305 2133
-15 -7 3 8 5 4 12 13 14 10 5 -5 -9 -17 -11 0 1 0 0 -3 4 6 2 8 4 5 9 17 23 33 31 38 39 46 46 46 36 28 19 2 -22 -52 -79 -99 -113 -111 -105 -124 -144 -146 -132 -90 -38 28 85 104 93 56 23 12 29 74 128 169 170 145 94 18 -50 -86 -87 -59 -16 31 57 31 -31 -100 -145 -143 -98 -32 19 29 6 -23 -43 -47 -23 23 57 79 77 46 -1 -26 -4 34 55 66 65 44 11 -27 -46 -28 0 16 27 32 27 3 -12 -29 -36 -41 -39 -36 -18 7 32 36 32 13 -4 -12 -14 -6 -3 -7 -6 -5 -8 -6 -7 -2 3 15 19 17 11 4 -1 5 14 35 45 46 36 17 -8 -39 -55 -50 -48 -47 -47 -64 -86 -110 -113 -100 -77 -37 16 62 88 94 96 89 86 98 125 142 121 80 35 -21 -46 -37 -3 25 23 -5 -50 -104 -146 -154 -115 -58 -8 26 38 18 -28 -77 -108 -117 -87 -15 66 133 151 111 31 -50 -74 -36 33 100 120 84 27 -27 -68 -76 -28 12 25 30 -14 -38 -48 -29 -33 -15 -8 15 0 -1 -20 -23 -38 -30 -30 -5 12 42 53 54 30 3 -22 -41 -49 -32 -1 36 55 57 42 21 12 -6 -22 -19 -11 189 2286 305 2133
-13 -12 -10 1 6 7 1 2 17 24 18 7 -3 -6 -2 3 4 2 4 1 4 5 6 5 -6 4 22 28 26 18 17 23 26 36 47 43 21 -5 -25 -49 -63 -65 -68 -71 -85 -100 -116 -138 -140 -121 -76 -20 25 66 88 80 54 43 21 63 88 137 150 182 112 55 -39 -66 -106 -67 -37 45 61 62 -4 -60 -114 -120 -109 -55 -9 27 26 -1 -34 -56 -60 -35 4 47 76 85 73 42 14 -12 -24 -5 15 41 53 55 44 17 -4 -27 -39 -24 5 19 22 12 1 -18 -25 -17 -5 11 14 4 6 1 6 -4 -7 5 2 3 2 -4 -6 -22 -39 -48 -38 -1 34 51 49 35 17 -10 -26 -11 16 44 51 43 31 0 -34 -53 -54 -51 -67 -70 -67 -81 -87 -83 -68 -49 -31 0 41 75 87 84 80 79 100 133 146 127 82 29 -14 -49 -47 -15 12 22 -8 -60 -110 -164 -146 -123 -45 18 74 34 15 -62 -93 -143 -96 -56 37 84 129 102 69 1 -21 -43 -17 36 85 97 77 27 -28 -75 -83 -65 -25 21 54 55 26 -11 -46 -70 -58 -37 -15 11 18 12 1 -34 -63 -60 -32 4 24 49 47 24 -4 -23 -24 -3 17 28 27 33 22 6 -6 -2 12 17 18 23 20 195 1314 305 2133
21 11 -8 -20 -11 -5 10 27 34 22 4 -13 -18 -10 -2 8 18 12 -4 -17 -25 -5 9 25 26 7 0 13 11 15 27 42 44 41 45 46 39 11 -17 -31 -63 -92 -88 -68 -66 -92 -112 -137 -164 -163 -116 -42 34 82 97 83 54 34 27 45 83 129 164 172 139 73 -3 -67 -95 -83 -42 18 61 61 22 -40 -97 -123 -114 -71 -12 32 40 18 -27 -68 -81 -62 -21 31 75 94 82 44 12 -9 -24 -21 1 36 52 76 20 20 5 7 -35 -3 7 30 3 30 10 11 -26 -17 -22 -4 -10 9 4 -9 -30 -24 -21 -3 8 17 20 12 -12 -36 -57 -50 -25 0 25 47 49 40 20 5 2 15 31 45 62 61 46 8 -34 -72 -87 -69 -48 -68 -84 -100 -124 -128 -101 -53 -9 23 42 64 74 69 87 121 130 140 150 137 87 28 -9 -24 -31 -12 10 12 -4 -44 -84 -131 -161 -146 -93 -23 37 52 27 -33 -97 -139 -135 -72 13 86 125 115 72 9 -38 -46 -17 45 97 108 88 36 -17 -57 -75 -57 -20 19 38 37 23 -4 -39 -61 -64 -36 -5 17 22 10 -7 -31 -53 -55 -48 -24 9 23 26 19 7 -4 -11 -4 7 28 49 50 36 18 0 -13 -13 8 30 48 50 199 14576 305 2133
-16 -18 -7 5 -1 -9 -4 4 16 26 23 20 9 -12 -30 -36 -26 -5 10 12 4 -3 -12 -15 -15 -11 -3 -3 -2 2 8 23 28 10 -11 -28 -36 -32 -33 -41 -51 -76 -91 -85 -59 -23 23 73 113 130 126 116 111 109 120 132 133 118 75 14 -53 -122 -166 -176 -158 -109 -66 -34 -21 -24 -39 -55 -58 -51 -29 3 30 54 65 45 24 -2 -14 -6 18 58 78 81 80 55 16 -23 -43 -44 -44 -36 -14 -1 -1 -13 -21 -33 -42 -37 -23 -2 4 12 25 9 -13 -24 -28 -23 -16 -1 13 14 17 21 12 2 -1 8 17 18 11 0 0 -9 -24 -32 -33 -21 -9 -8 4 18 36 49 35 21 9 -6 -6 -4 3 10 6 -6 -20 -35 -54 -69 -74 -72 -52 -18 26 67 85 95 104 105 109 102 86 76 48 17 -14 -48 -73 -89 -97 -88 -129 -119 -148 -136 -123 -77 -41 4 34 61 53 46 16 -3 -18 -17 14 55 96 129 130 101 58 16 -10 -14 0 23 42 36 3 -26 -70 -100 -106 -87 -48 -13 10 32 30 13 -7 -24 -31 -25 -9 18 32 34 32 14 -6 -21 -11 1 20 34 43 44 33 17 9 -2 -6 -4 -5 -6 -1 -3 0 -2 -6 -7 -8 -11 -10 -7 -6 1 7 205 4985 305 2133
14 -22 -28 -28 -17 -13 4 -26 -8 -7 -1 -8 17 2 -1 -28 -16 -13 15 12 23 20 10 -7 -2 -2 21 33 40 31 27 23 36 38 52 53 41 12 -14 -33 -49 -63 -73 -84 -94 -108 -117 -129 -146 -136 -111 -68 -17 33 76 95 86 61 37 37 62 97 146 184 168 93 12 -57 -101 -106 -64 8 68 77 44 -16 -82 -140 -153 -128 -77 -23 37 48 13 -34 -62 -65 -45 -3 53 88 82 60 39 14 0 10 20 29 48 48 36 25 18 33 36 20 9 -3 -19 -23 -32 -31 -35 -35 -29 -27 -20 10 18 -7 -24 -10 2 15 36 43 38 11 -12 -6 -4 -7 -4 7 13 12 29 32 22 9 -2 -9 -5 7 31 39 32 -10 -49 -70 -98 -86 -58 -47 -49 -52 -84 -96 -95 -49 -15 14 41 68 84 90 93 95 96 118 136 128 96 54 26 -2 -25 -35 -28 -13 -4 -22 -57 -100 -142 -156 -127 -52 18 56 51 -2 -86 -151 -167 -113 -19 74 127 138 112 42 -17 -40 -37 -6 49 101 111 81 47 14 -29 -50 -36 9 35 38 41 24 -28 -77 -95 -83 -60 -24 2 2 -8 -33 -38 -39 -32 -5 18 29 32 22 19 10 5 -5 -8 8 24 26 29 36 22 -10 -20 -2 -1 -2 -6 209 11173 305 2133
14 8 0 1 -1 -2 0 0 -4 -6 -14 -14 -12 -2 9 9 5 3 -1 -2 7 11 -2 -5 3 3 -3 -8 -6 6 2 -6 -1 2 3 -3 -18 -38 -60 -73 -71 -74 -82 -76 -41 -3 33 70 109 134 146 138 125 106 95 89 84 82 63 35 -12 -93 -151 -169 -166 -126 -66 -20 3 4 -13 -41 -69 -79 -70 -40 -11 27 49 53 53 41 16 5 17 56 85 87 72 36 -2 -30 -41 -36 -26 -16 -14 -17 -27 -35 -31 -30 -24 -18 -21 -21 -15 -5 4 -3 -13 -18 -30 -35 -22 3 33 41 37 28 22 12 -6 -19 -21 -17 -5 9 18 21 13 3 -14 -22 -23 -20 -5 5 13 27 24 12 3 -9 -12 -18 -17 -6 -9 -14 -10 -13 -24 -41 -46 -43 -26 -7 15 58 94 120 141 137 132 119 97 74 41 3 -32 -65 -93 -111 -122 -131 -129 -121 -116 -104 -91 -69 -30 9 48 75 81 65 22 -21 -44 -42 5 49 85 125 134 106 57 14 -10 -19 -7 13 30 16 -5 -15 -44 -82 -89 -69 -33 -8 8 28 31 3 -25 -41 -38 -22 -2 14 20 15 4 1 0 6 20 30 36 47 45 42 40 21 -9 -42 -58 -45 -17 12 31 37 35 13 -25 -52 -55 -48 -34 -15 8 21 27 214 8971 305 2133
7 -1 3 17 19 2 -15 -16 3 17 16 11 0 -15 -28 -32 -15 6 26 29 10 -7 -18 -29 -35 -27 -11 0 0 0 10 31 34 27 18 0 -1 -3 -7 -12 -21 -20 -15 -15 -8 1 9 14 7 -4 -21 -41 -53 -58 -57 -65 -78 -84 -66 -18 44 104 150 169 174 162 133 114 101 93 86 60 37 -43 -80 -163 -186 -188 -135 -101 -31 20 54 20 -14 -71 -94 -98 -68 -18 52 88 94 66 21 -11 -24 -12 28 65 92 95 72 24 -27 -69 -87 -72 -37 -7 15 21 19 7 -25 -50 -49 -34 -14 -13 -6 -1 -2 -8 -12 -23 -26 -23 0 29 50 38 20 12 -1 -20 -26 -17 -2 2 0 7 8 14 16 9 5 0 4 6 1 -1 4 3 -15 -40 -48 -38 -14 6 24 30 19 10 -14 -47 -69 -73 -68 -48 -21 20 65 101 127 135 121 99 84 86 96 92 60 1 -66 -120 -146 -141 -129 -111 -101 -97 -86 -76 -47 -19 -1 24 50 65 45 45 -18 -21 -46 -37 -24 54 112 159 155 131 54 -13 -69 -64 -42 5 40 49 23 -25 -76 -103 -106 -68 -14 41 77 79 45 -2 -54 -80 -81 -53 -14 29 56 60 45 15 -16 -22 -19 3 23 41 48 42 15 -4 -23 -27 -25 -12 6 219 7476 305 2133
2 -2 -5 -7 -2 -2 1 8 8 6 -6 -3 1 -2 -2 -2 1 9 2 -2 -1 1 4 11 17 17 12 7 9 -1 -11 -14 -11 -18 -18 -12 5 26 31 19 3 -13 -14 -21 -27 -12 -4 -1 13 29 24 3 -7 -21 -58 -44 18 77 87 70 29 -52 -132 -172 -154 -103 -58 -3 56 75 64 34 2 -23 -21 16 72 107 107 70 12 -46 -56 -15 43 99 118 101 64 17 -6 18 62 93 76 27 -35 -89 -107 -86 -41 -21 33 26 7 -42 -40 -69 -38 -24 17 -12 -25 -66 -60 -77 -47 -36 6 11 13 -4 -11 -21 -7 3 11 22 15 -23 -53 -66 -64 -46 -16 3 13 7 -2 -7 -19 -22 -3 11 24 27 30 33 25 18 25 29 41 49 52 43 30 23 24 29 25 21 21 8 0 -6 -13 -17 -25 -27 -23 -30 -26 -27 -33 -40 -54 -56 -47 -43 -51 -57 -36 3 62 122 156 148 95 34 -21 -67 -73 -43 -5 46 68 44 4 -38 -63 -59 -35 17 57 56 14 -45 -102 -125 -106 -67 -11 24 13 -27 -75 -97 -59 11 82 120 107 55 -7 -65 -86 -65 -24 49 64 91 70 46 -8 28 41 62 36 59 31 25 -18 -11 -24 -15 -22 0 -2 4 -10 -9 -9 2 26 37 26 224 841 305 2133
2 -18 10 1 20 0 10 -4 9 -10 -3 -18 -21 -31 -29 -26 -11 -3 2 -10 -16 2 27 31 27 32 25 9 -17 -29 -21 -7 -3 -6 -9 -12 -12 -16 -26 -43 -55 -55 -64 -55 -33 -3 28 54 86 100 100 89 73 57 52 64 92 105 98 63 4 -62 -137 -184 -186 -150 -90 -31 9 24 12 -7 -28 -38 -38 -21 13 50 80 84 64 28 -25 -64 -49 -5 50 82 74 43 3 -28 -39 -40 -30 -12 0 4 -5 -15 -16 -15 -23 -28 -16 -5 12 35 43 37 12 -16 -31 -47 -45 -20 3 19 19 7 -10 -22 -23 -17 -13 -9 -2 10 19 21 21 11 3 -8 -9 11 24 29 29 24 25 16 2 -3 -13 -29 -35 -30 -12 -20 -21 -8 -8 -31 -39 -24 -12 -8 9 29 48 69 86 100 96 88 79 62 34 1 -22 -36 -55 -74 -82 -81 -86 -94 -108 -122 -122 -98 -66 -17 29 77 118 120 86 33 -14 -38 -40 -13 35 69 88 87 62 20 -31 -63 -62 -32 6 46 72 64 18 -46 -100 -97 -60 -11 34 50 47 29 -3 -26 -28 -20 -2 6 5 1 -2 0 -3 -13 -27 -36 -27 -8 26 54 60 52 23 -9 -33 -31 -6 15 30 39 33 14 -5 -24 -34 -36 -32 -18 0 11 11 229 14389 305 2133
-7 -4 -37 -16 -23 3 -1 25 20 31 25 31 21 -7 -32 -25 -9 15 25 18 -2 -20 -10 21 36 30 -5 -66 -133 -163 -151 -104 -49 -2 28 44 28 9 -2 -8 31 90 137 163 147 97 29 -21 -26 6 54 108 139 133 90 39 3 -3 11 20 14 -27 -101 -169 -214 -224 -195 -149 -88 -36 2 33 38 25 8 0 19 44 62 75 85 93 81 45 -12 -74 -111 -118 -80 -18 42 91 84 28 -52 -122 -152 -138 -102 -33 26 48 27 -20 -64 -89 -70 -13 51 98 109 97 61 20 10 25 58 75 69 43 47 -13 7 16 65 68 108 87 73 13 -5 -59 -57 -71 -39 -35 -16 -18 -20 -50 -79 -103 -91 -74 -39 -6 2 -4 -2 12 49 100 143 143 104 56 14 -13 -10 13 46 67 74 36 -23 -77 -112 -99 -72 -45 -15 -13 -50 -104 -167 -209 -213 -185 -126 -66 -20 7 21 30 55 108 172 213 215 173 127 83 41 26 15 10 14 24 33 17 -18 -46 -63 -80 -96 -85 -47 -21 5 52 68 17 -53 -104 -129 -113 -43 55 140 157 121 76 10 -57 -70 -39 18 77 113 101 43 -29 -85 -94 -63 -7 42 66 59 19 -37 -71 -79 -68 -41 -21 -23 -34 -53 -69 -80 -75 -50 -24 10 35 38 234 4735 305 2133
12 11 3 -2 -6 -3 -5 -7 -3 4 -3 -4 -8 -9 -18 -15 -9 1 5 10 7 1 -5 6 11 9 8 7 26 60 66 69 58 21 -36 -98 -124 -116 -89 -49 -9 12 -3 -39 -79 -110 -97 -52 -13 6 8 0 -21 -36 -16 28 89 130 132 121 101 93 125 173 201 193 137 39 -78 -162 -184 -138 -55 23 64 40 -26 -91 -140 -141 -99 -35 36 62 31 -24 -87 -126 -131 -100 -40 25 65 63 26 -2 -6 -1 -1 17 47 42 9 -31 -52 -46 -34 -4 36 47 24 -9 -17 -9 -2 21 51 61 46 30 27 20 0 -28 -40 -21 13 52 75 69 42 4 -25 -24 4 37 61 59 39 9 -27 -48 -43 -23 10 29 30 9 -22 -57 -78 -91 -107 -113 -103 -76 -31 6 45 55 17 -30 -60 -62 -40 9 72 129 150 137 102 57 27 39 70 92 100 82 27 -45 -106 -128 -111 -86 -71 -80 -124 -172 -185 -134 -44 56 142 162 96 -12 -106 -153 -138 -57 58 148 165 126 54 -28 -81 -61 10 94 150 153 115 44 -37 -82 -87 -52 -1 31 37 24 4 -21 -41 -41 -5 37 40 22 0 -27 -48 -47 -20 7 13 -2 -7 -25 -48 -40 -1 34 36 24 28 28 11 -16 -40 -55 -50 -30 3 31 41 238 11266 305 2133
3 5 -1 -1 3 11 18 15 3 -4 -8 -16 -16 -16 -5 5 16 12 0 -4 -5 -14 -17 -17 -7 1 -3 -5 9 29 34 28 14 0 -4 -6 0 12 12 12 3 -13 -15 -12 -10 -11 -18 -31 -45 -49 -38 -30 -36 -50 -64 -76 -80 -67 -25 28 74 108 149 171 172 161 149 131 102 68 42 14 -21 -52 -88 -123 -143 -132 -88 -30 17 21 -9 -51 -92 -111 -104 -64 -6 36 51 54 43 27 2 -5 17 40 61 83 88 71 31 -14 -50 -69 -66 -43 -5 33 55 44 9 -33 -61 -73 -61 -35 -7 18 15 -4 -32 -51 -50 -37 -14 15 32 39 38 29 10 -3 -11 -19 -13 -1 15 26 26 30 21 3 -4 -2 0 -5 -12 -4 6 9 7 -3 -6 -1 -2 -8 -21 -25 -25 -22 -24 -31 -34 -46 -56 -54 -43 -10 32 68 101 117 114 105 100 106 113 116 108 70 4 -61 -110 -141 -159 -156 -137 -113 -101 -93 -74 -56 -53 -40 -22 1 17 27 41 33 3 -17 -16 19 77 130 147 127 90 42 3 -14 -9 11 32 35 24 -12 -49 -74 -84 -75 -63 -34 4 28 29 13 -17 -47 -76 -82 -51 1 56 87 89 61 17 -13 -21 -3 21 42 66 62 37 12 -18 -27 -27 -22 -12 1 16 245 3465 305 2133
-24 -43 -51 -41 -25 -17 -9 -11 -16 -20 -30 -28 -11 9 22 21 22 22 22 21 14 9 -5 -11 -7 -7 2 13 20 23 7 -7 -9 -14 -14 -7 3 11 3 -3 -5 -6 -6 -11 -11 -17 -17 -12 -10 -12 -17 -27 -33 -46 -53 -47 -30 -4 15 54 99 137 165 180 163 142 120 87 36 -19 -66 -99 -123 -135 -129 -121 -131 -140 -143 -137 -106 -62 -3 42 55 43 23 -1 -17 -30 -32 -12 37 97 143 166 158 124 68 10 -26 -26 -1 31 39 11 -27 -66 -92 -99 -75 -35 -11 8 8 -4 -9 -16 -23 -35 -40 -39 -16 3 29 51 57 39 30 25 21 25 33 38 37 16 -5 -19 -26 -21 -10 -3 3 7 6 2 -5 -15 -15 -25 -35 -33 -27 -20 -10 -10 -2 6 6 -1 -8 -5 4 17 24 23 20 19 7 -1 0 3 10 5 -5 -2 18 10 26 -3 -24 -54 -19 -35 -10 -10 11 -21 -5 -27 1 -4 28 16 17 -11 -10 -7 18 18 16 2 -6 -15 -15 3 16 25 26 17 10 2 -9 -2 -12 -27 -35 -32 -18 -3 5 11 10 7 5 0 -6 -2 4 9 21 13 -4 17 15 -8 -4 10 10 -4 -10 -10 -13 -17 -19 -2 12 10 17 25 -1 -23 -32 -25 -23 -16 -1 250 10122 305 2133
-9 -14 -15 0 6 -1 -9 -20 -21 -6 1 10 13 13 10 2 -2 -6 -2 2 -2 -4 -5 -1 -3 -8 1 7 6 11 9 4 -2 -4 2 8 12 9 4 -1 -8 -6 -7 -1 4 6 0 -9 -23 -29 -45 -57 -64 -74 -80 -73 -63 -63 -30 20 54 98 139 176 170 167 132 102 62 56 43 42 20 -3 -47 -86 -126 -132 -111 -63 -16 11 9 -19 -66 -103 -112 -97 -56 -2 45 59 49 37 35 31 29 39 58 75 97 95 51 -10 -64 -93 -85 -55 -8 28 42 12 -39 -72 -82 -76 -49 -19 -8 -19 -30 -36 -34 -25 -20 -11 2 15 37 58 74 72 45 12 -12 -16 -5 1 12 27 28 9 -12 -14 -12 -7 -10 -13 -16 -19 -22 -17 -5 13 22 14 9 -5 -19 -18 -13 -7 0 -4 -20 -33 -43 -51 -46 -23 13 39 61 88 111 117 122 125 117 107 91 63 19 -37 -93 -125 -141 -139 -126 -105 -82 -76 -80 -81 -77 -60 -28 5 41 62 48 9 -27 -44 -33 8 63 118 147 144 122 76 20 -22 -53 -44 -5 27 35 8 -28 -55 -69 -67 -60 -34 -4 24 23 1 -11 -30 -58 -67 -53 -17 33 70 84 74 47 17 8 25 44 55 60 58 42 17 -9 -30 -48 -56 -57 -43 -13 254 15289 305 2133
9 11 7 -2 -4 7 6 3 9 6 0 -6 -20 -16 -25 -12 -1 -1 -2 -2 5 6 -1 0 6 14 1 -16 -25 -29 -18 6 14 25 30 34 29 0 -16 -7 7 22 30 43 44 32 28 35 50 51 37 25 -8 -57 -81 -79 -73 -80 -78 -72 -81 -116 -163 -177 -158 -103 -34 38 88 119 110 74 42 26 29 61 114 160 173 139 52 -38 -104 -118 -59 21 77 84 44 -25 -92 -136 -132 -95 -42 12 44 38 9 -20 -32 -42 -34 5 43 70 75 69 39 10 -14 -22 5 40 67 79 58 14 -22 -37 -39 -27 3 35 35 15 -14 -39 -55 -58 -39 0 28 27 27 28 -1 -26 -22 -25 -15 -12 7 16 11 1 -7 -19 -32 5 30 39 19 38 9 -8 -23 22 22 43 38 52 19 0 -47 -56 -68 -61 -62 -55 -73 -92 -117 -124 -111 -77 -32 20 58 72 74 82 84 85 106 151 186 176 129 69 14 -46 -72 -61 -10 20 37 18 -31 -86 -137 -164 -140 -93 -24 43 67 28 -44 -119 -152 -119 -42 46 116 135 108 58 -3 -35 -42 -19 35 72 75 58 32 -2 -42 -60 -50 -30 7 29 30 11 -27 -71 -102 -86 -37 15 50 43 16 -14 -46 -55 -42 -12 30 54 57 43 14 -8 -23 264 3310 305 2133
-3 -13 -14 -3 6 12 13 12 6 4 5 8 12 13 11 3 -5 -7 -5 -4 -4 -7 -3 -3 -2 -2 2 6 0 3 12 12 13 13 1 -8 -9 -12 -20 -32 -38 -33 -13 -2 -6 -6 -6 -17 -38 -56 -59 -60 -61 -59 -62 -64 -68 -59 -25 20 72 121 167 195 192 170 143 111 92 73 59 32 -5 -43 -95 -142 -164 -148 -104 -61 -25 0 -6 -25 -61 -93 -100 -79 -31 30 77 92 72 43 18 6 10 28 57 78 83 75 42 -1 -39 -68 -74 -57 -21 22 45 38 10 -19 -40 -55 -56 -53 -52 -44 -27 0 11 11 14 18 14 1 -8 4 19 27 21 8 -5 -23 -39 -29 -7 11 21 20 15 9 6 6 1 -3 -18 -21 -18 -7 1 -1 -6 -5 -3 5 11 4 -4 -8 -8 -15 -23 -38 -52 -48 -31 -9 20 51 97 127 138 139 127 122 121 104 87 56 13 -38 -96 -138 -165 -170 -155 -131 -105 -87 -81 -81 -84 -61 -32 7 50 71 62 27 -5 -12 -7 17 60 105 136 130 106 77 39 -4 -29 -28 -11 1 3 -6 -24 -50 -73 -71 -64 -47 -17 9 15 5 -17 -32 -43 -52 -46 -27 12 49 66 68 56 40 27 -2 -21 -24 0 26 30 22 17 19 4 -12 -14 -4 8 269 9666 305 2133
0 -2 -11 -9 1 3 -7 -3 10 15 10 5 6 5 -5 -14 -17 -11 -6 -5 -2 3 4 8 14 15 19 26 32 28 20 22 28 35 46 56 58 47 27 -4 -31 -51 -71 -82 -92 -103 -110 -114 -128 -137 -131 -96 -50 -3 47 74 72 38 13 9 24 62 120 174 183 136 68 -10 -71 -95 -76 -19 41 78 87 53 -17 -90 -139 -148 -115 -50 24 65 64 26 -23 -51 -52 -30 4 42 61 58 52 38 23 11 13 21 22 21 21 17 11 6 -12 -24 -17 -4 11 20 16 -3 -27 -42 -46 -20 17 42 42 27 15 -22 -16 -27 -26 -18 -5 -5 2 4 -11 -20 -18 -10 -3 11 26 34 27 25 23 19 9 17 31 35 27 5 -14 -38 -60 -60 -56 -57 -64 -78 -94 -114 -119 -105 -71 -28 14 54 84 93 97 88 90 102 123 143 141 107 64 11 -23 -35 -24 8 30 31 -4 -50 -101 -138 -139 -101 -44 12 33 12 -45 -107 -142 -138 -83 6 83 132 131 88 31 -31 -61 -52 -8 51 93 104 81 35 -14 -60 -79 -59 -16 26 38 28 3 -33 -58 -64 -47 -17 2 9 14 9 -11 -30 -29 -17 -5 16 30 36 25 -4 -30 -42 -28 7 39 63 74 66 40 11 -46 -40 -31 -23 -15 270 2695 305 2133
-15 -9 -3 6 7 7 18 17 1 -22 -40 -32 -11 5 12 14 22 31 19 -8 -2 14 -1 -2 18 26 20 4 -7 0 -10 -19 0 9 -14 -37 -35 -11 14 18 16 28 28 7 -20 -33 -20 -23 -44 -40 -23 -12 -22 -44 -57 -75 -93 -91 -49 14 73 123 162 175 160 135 123 118 105 86 65 43 14 -29 -70 -103 -134 -134 -113 -76 -25 3 7 -5 -36 -82 -116 -117 -80 -27 11 29 31 18 4 5 7 28 58 62 62 51 33 18 -19 -37 -41 -34 -4 16 26 38 32 16 -4 -21 -25 -22 -15 -15 -12 -22 -43 -42 -48 -44 -29 -15 21 33 16 13 15 17 11 -5 -1 6 11 9 8 17 24 23 11 8 10 1 -2 0 -1 11 7 7 18 11 -3 -12 -18 -10 -19 -33 -34 -37 -43 -50 -56 -40 -12 2 10 37 64 77 79 84 106 126 126 130 118 73 15 -52 -101 -124 -144 -132 -96 -77 -76 -96 -105 -97 -84 -69 -42 -4 26 37 35 14 -5 -25 -39 -20 9 53 102 135 152 121 55 6 -16 -6 12 26 43 38 12 -22 -39 -36 -19 -1 -1 7 26 16 -10 -40 -87 -50 -59 -33 -44 8 1 33 5 25 -14 5 -8 40 41 58 35 31 13 8 -13 6 15 23 19 274 7987 305 2133
8 -5 -6 -10 2 9 4 12 16 6 3 -3 -6 -8 -14 -16 -18 -24 -27 -37 -43 -44 -42 -25 4 33 47 64 81 94 110 118 111 110 80 48 5 -39 -71 -85 -90 -105 -120 -114 -99 -86 -82 -71 -55 -44 -36 -20 3 22 16 -7 -36 -57 -47 -11 46 111 155 174 158 111 53 10 -6 -14 -24 -15 -1 -3 -21 -37 -44 -47 -50 -43 -33 -11 7 21 29 10 -14 -34 -37 -18 -3 9 20 25 26 20 17 21 23 25 16 -1 -11 -9 -1 -6 -5 5 6 -5 -11 -4 1 6 7 -5 -26 -30 -16 3 13 10 -3 -2 5 4 -1 -4 -2 -4 -2 -3 -8 -8 1 5 3 -1 -6 -10 -6 -5 -1 10 13 12 6 1 -2 -2 4 7 4 8 13 13 2 -6 -10 -17 -21 -18 -23 -24 -21 -5 10 15 16 13 7 6 5 8 23 29 22 11 5 -8 -23 -28 -31 -21 -8 -8 1 2 4 4 -2 0 0 7 14 13 12 5 3 1 -5 -9 -11 -6 -2 -9 -16 -18 -20 -13 1 18 23 13 11 7 -6 -16 -18 -4 6 11 12 7 5 9 7 -1 -8 -3 -4 -5 -6 5 17 14 1 -2 -11 -10 4 -2 -14 -29 -22 -3 12 17 20 20 20 -2 -19 -22 -19 -18 -14 280 8216 305 2133
0 -22 18 7 10 -13 1 -33 -20 -22 17 0 13 -8 2 -11 1 -4 5 2 20 11 4 -3 -2 -4 -8 -9 3 4 3 2 2 -2 -14 -13 -8 -6 -2 5 13 6 -4 -14 -19 -8 5 2 5 15 14 4 -9 -8 -9 2 40 77 79 59 26 -33 -117 -170 -170 -121 -56 4 65 110 109 69 10 -26 -21 6 44 65 63 36 -6 -43 -44 -1 63 93 77 23 -29 -58 -63 -27 17 49 61 33 -24 -83 -117 -98 -58 -7 36 55 45 13 -18 -36 -53 -49 -21 1 12 18 22 11 -4 1 19 37 30 4 -13 -31 -34 -19 0 19 10 27 -23 -25 -40 -23 -34 22 25 35 -5 -6 -31 -21 -23 13 19 33 16 20 9 6 9 9 5 5 -4 -2 -5 -6 0 2 7 11 7 11 12 13 4 -6 -15 -18 -15 -10 -6 0 -5 -6 -13 -26 -23 -32 -38 -32 -8 36 79 109 135 123 78 14 -36 -75 -94 -80 -40 14 53 55 36 -8 -46 -55 -45 -5 29 33 6 -54 -99 -99 -66 -7 43 55 29 -16 -55 -66 -39 8 62 95 82 38 -10 -54 -64 -47 -10 33 58 63 50 28 4 -18 -28 -22 -12 4 16 20 8 -10 -11 0 12 18 7 -13 -36 -31 -7 16 40 44 29 285 2425 305 2133
4 0 -2 -5 -6 -10 -7 3 3 -2 -9 -5 2 10 15 9 4 5 -3 -13 -15 -9 1 7 8 5 4 5 -3 -1 9 9 3 -6 -11 -6 -4 -4 1 9 7 -7 -8 -7 -4 1 -3 -6 -7 -16 -33 -50 -50 -46 -61 -80 -93 -85 -56 -12 45 101 145 179 178 154 129 108 98 82 60 42 12 -30 -81 -118 -135 -136 -119 -82 -48 -27 -21 -18 -25 -55 -77 -77 -49 -9 27 49 45 37 35 34 44 58 74 78 59 35 8 -15 -30 -37 -36 -36 -33 -24 -14 1 6 1 -4 -25 -39 -41 -28 -9 -2 4 -2 -14 -17 -15 -4 11 23 32 31 21 12 4 1 -8 -16 -16 -14 -9 -3 8 25 27 16 -1 -15 -15 -18 -9 4 5 10 13 11 4 -1 2 2 0 0 -4 -12 -22 -28 -29 -39 -47 -46 -36 -16 12 45 76 92 106 115 123 127 122 105 68 14 -40 -85 -113 -123 -120 -108 -101 -97 -101 -100 -91 -77 -41 -4 26 50 50 35 12 -17 -35 -28 2 52 93 120 120 104 80 57 0 7 -17 -9 -23 3 -27 -23 -37 -25 -52 -32 -30 10 8 20 3 -6 -27 -34 -42 -37 -29 -7 13 27 33 38 30 9 -13 -17 1 26 39 47 49 36 5 -32 -45 -28 -15 -5 289 3240 305 2133
5 -6 28 -11 -10 -18 30 23 33 3 4 -24 -8 -6 14 7 15 7 5 -8 -13 -20 -9 -4 1 2 1 -11 -18 -16 0 14 23 17 7 6 8 3 -6 -1 4 3 2 -7 -6 -8 -13 -13 -7 -16 -23 -40 -54 -68 -75 -75 -80 -64 -33 8 59 109 151 172 163 138 109 88 67 59 64 53 21 -31 -82 -127 -148 -130 -80 -29 16 40 37 -5 -62 -106 -115 -105 -66 -4 54 81 65 33 -3 -23 -31 -6 47 94 114 98 53 5 -45 -81 -88 -60 -11 36 57 49 24 -5 -36 -57 -64 -56 -30 -5 5 9 2 -14 -39 -18 -30 9 26 39 -21 -12 -26 -14 -31 9 7 36 20 30 2 -1 -8 5 -1 13 21 26 10 11 13 16 12 1 -7 -2 6 21 9 -17 -42 -48 -34 -30 -40 -48 -59 -74 -65 -30 14 58 88 98 98 102 102 113 112 107 95 62 11 -33 -67 -97 -115 -120 -108 -100 -88 -79 -74 -72 -70 -67 -46 -11 30 51 45 18 -25 -50 -53 -20 35 101 152 163 134 86 28 -18 -41 -28 2 32 51 40 4 -44 -75 -91 -82 -50 0 35 52 37 -2 -41 -65 -73 -57 -32 9 46 67 65 38 8 -14 -23 -7 12 29 43 49 40 8 -19 -28 -18 6 26 38 294 10457 305 2133
2 10 21 19 11 6 1 -4 -11 -6 2 4 10 2 -10 -14 -19 -19 -16 -10 5 10 5 1 -3 -5 -7 8 30 40 40 51 57 52 54 57 46 35 21 -15 -47 -77 -84 -95 -110 -107 -97 -110 -134 -145 -129 -90 -35 23 69 104 95 46 24 20 25 63 127 171 160 111 45 -16 -62 -81 -52 7 49 68 47 -12 -81 -130 -140 -114 -68 1 63 70 29 -24 -55 -66 -53 -17 34 71 73 48 12 -19 -13 4 -1 41 45 56 56 34 3 1 9 8 6 4 -4 -12 -24 -33 -31 -18 12 40 50 49 38 14 -7 -27 -28 -22 -13 -11 -20 -22 -16 -7 -7 -11 -18 -21 -13 12 33 43 34 19 2 -16 -4 25 46 58 48 16 -21 -50 -59 -57 -49 -42 -42 -60 -100 -131 -121 -95 -60 -10 38 65 64 77 80 70 73 100 126 139 121 94 51 1 -26 -32 -4 23 37 14 -35 -84 -139 -167 -135 -79 -21 29 43 11 -56 -120 -138 -113 -56 25 104 144 124 70 13 -36 -52 -30 20 67 79 75 53 10 -42 -65 -40 -6 22 38 32 12 -14 -40 -60 -66 -33 -28 4 11 -6 -12 0 -6 -12 0 16 27 16 -5 -26 -44 -43 -26 5 28 44 45 22 6 -3 0 20 35 31 26 5 300 2428 305 2133
0 -10 -13 -15 -10 2 12 7 27 -10 7 -2 14 -12 14 2 8 -29 -11 -28 5 -1 16 -3 1 -8 8 -6 -12 -20 -4 -4 4 16 17 5 -8 -27 -47 -72 -80 -79 -80 -75 -62 -33 1 42 82 123 158 163 141 121 95 98 112 119 106 65 3 -69 -152 -200 -186 -138 -84 -36 -7 0 -21 -49 -71 -80 -80 -60 -20 16 44 62 63 48 16 7 29 57 77 78 64 40 9 -12 -21 -25 -26 -28 -20 -10 -4 -1 -8 -21 -29 -34 -30 -32 -22 -12 -16 -15 -25 -36 -30 -14 7 23 24 23 11 5 6 -4 -4 4 6 -3 -3 8 12 11 5 -1 6 4 -3 -4 -4 4 1 2 11 6 -2 -7 -10 -6 -1 4 -1 -13 -21 -35 -41 -44 -42 -32 -28 -17 12 44 71 90 113 133 130 131 127 108 72 25 -22 -66 -103 -124 -126 -124 -117 -109 -107 -111 -103 -90 -62 -18 27 65 91 76 33 -17 -44 -32 -8 38 89 118 125 114 91 66 25 -4 -19 -21 -17 -4 15 13 -15 -49 -69 -64 -52 -37 -14 0 1 1 -2 -11 -26 -35 -34 -31 -25 -10 18 38 41 32 21 10 14 29 41 43 41 23 -5 -12 3 19 27 16 9 7 -4 -16 -24 -24 -29 -42 -45 -29 -18 -24 -18 304 7564 305 2133
50 52 37 15 7 7 17 19 11 4 -2 -4 -7 -9 -5 11 22 16 -3 -5 -3 -2 -9 -14 -3 10 11 -4 -33 -46 -58 -70 -60 -43 -36 -40 -33 6 57 92 119 130 105 52 8 -1 -10 -37 -44 -10 24 35 45 30 -24 -66 -64 -29 19 31 7 -41 -118 -175 -161 -85 2 51 61 29 -29 -77 -81 -38 20 69 88 58 1 -40 -38 -13 18 52 73 77 60 30 5 -5 -5 10 14 8 2 -3 -18 -26 -16 6 23 25 20 8 -4 -13 -8 5 21 35 36 28 7 -16 -12 5 29 48 45 28 7 -22 -47 -48 -32 -13 1 8 0 -14 -24 -18 -7 -3 8 18 4 -9 -18 -15 -5 1 4 0 5 12 16 12 9 2 -11 -17 -12 -6 3 7 8 2 -5 -5 1 6 7 3 -4 -9 -13 -13 -14 -25 -27 -12 3 12 15 23 21 -7 -21 -18 -18 -16 4 20 15 10 12 16 12 -10 -17 -1 0 -4 -8 -4 -5 -18 -24 -18 -9 -7 -10 -18 -37 -39 -12 11 21 22 28 32 15 -11 -23 -23 -10 -4 7 18 23 37 33 28 21 5 -20 -28 -26 -7 14 30 25 9 -13 -22 1 13 6 -10 -22 -19 -7 1 11 12 6 -1 -7 -4 7 21 21 14 4 -6 -6 4 11367 305 132
-25 -20 -30 2 -19 -2 -22 10 0 9 -3 6 -10 -5 -9 9 10 18 14 11 10 12 10 6 -8 -18 -21 -10 2 -2 3 0 -12 -13 -13 -14 -22 -36 -43 -49 -54 -67 -83 -82 -68 -47 -12 36 88 115 131 136 139 141 134 130 143 142 119 73 8 -61 -137 -199 -196 -145 -95 -49 -5 -3 -36 -67 -87 -98 -90 -59 -4 44 63 68 58 31 -7 -29 -18 12 60 112 134 119 70 13 -31 -54 -49 -34 -18 -5 1 5 0 -18 -39 -53 -51 -53 -41 -17 -3 3 -9 -42 -58 -55 -41 -13 3 14 19 15 1 -9 35 19 43 27 28 0 31 22 28 -9 7 -14 4 -9 14 9 26 11 13 -6 -6 -13 -10 -19 -22 -24 -22 -32 -35 -40 -43 -45 -46 -43 -33 -11 10 36 80 111 124 134 136 134 135 120 89 53 19 -26 -70 -102 -123 -134 -144 -145 -147 -144 -130 -109 -82 -40 5 44 79 82 60 22 -5 4 9 15 61 102 102 88 82 63 33 9 4 30 37 22 20 3 -40 -81 -98 -92 -81 -55 -7 29 39 21 -6 -29 -43 -41 -26 -5 21 34 34 22 9 8 3 -3 -1 11 29 41 52 52 32 13 0 -9 -10 -12 0 6 -9 -29 -38 -32 -19 -7 -1 -2 6 -2 -32 9 12800 305 132
-5 9 13 7 3 -5 -11 -6 2 6 5 2 2 5 8 1 -1 10 7 -1 -1 4 -2 -4 -3 4 10 16 10 1 -5 -4 -3 1 -9 -15 -14 -36 -16 -59 -46 -70 -70 -109 -77 -60 -8 29 93 104 123 117 141 127 126 133 147 130 118 91 36 -49 -126 -175 -187 -174 -136 -72 -26 -21 -26 -39 -60 -75 -78 -55 -19 6 35 54 47 27 9 11 34 51 71 84 94 82 54 22 -2 -22 -36 -36 -21 -11 -10 -15 -37 -56 -69 -67 -47 -19 6 20 29 30 -6 -54 -69 -62 -50 -23 6 26 35 41 33 28 17 1 -13 -17 -6 24 43 52 38 0 -22 -23 -17 -16 -17 -9 0 10 21 27 23 6 -18 -42 -50 -33 -17 -13 -17 -26 -34 -53 -64 -51 -33 -9 19 46 64 72 91 117 130 139 138 121 94 55 12 -31 -64 -83 -109 -119 -127 -127 -134 -139 -138 -130 -103 -52 -1 53 91 94 69 27 -8 -22 -17 17 68 110 120 108 91 58 17 -4 -2 18 30 37 36 2 -40 -69 -89 -94 -80 -45 -9 16 21 19 7 -11 -33 -32 -16 6 27 41 45 26 0 -19 -37 -28 -3 28 67 87 85 51 10 -13 -28 -33 -26 -12 -2 1 14 21 13 -11 -41 -55 -57 -49 -10 28 39 14 10649 305 132
9 1 0 -2 -2 -11 -18 -3 10 8 -1 -3 -3 -5 -3 0 5 8 12 7 -12 -24 -22 -18 -5 13 32 40 22 2 -5 -9 -22 -28 -24 -26 -40 -43 -36 -45 -73 -97 -105 -97 -61 10 85 137 160 152 130 107 107 115 109 110 109 91 58 5 -61 -121 -164 -184 -171 -123 -65 -23 -6 -16 -42 -80 -97 -75 -28 27 39 80 59 28 1 1 -1 29 65 88 93 93 73 36 -10 -42 -43 -31 -16 -9 4 1 -10 -39 -53 -67 -64 -43 -12 6 20 11 -5 -25 -37 -36 -23 -9 0 5 15 27 37 32 7 5 2 -12 -9 11 13 16 19 26 14 -6 -21 -19 -4 -5 6 35 45 37 26 13 -8 -34 -42 -36 -30 -25 -20 -21 -35 -54 -60 -55 -44 -26 -3 29 57 84 108 117 121 131 136 128 99 69 31 -20 -66 -102 -116 -114 -109 -108 -126 -137 -130 -122 -116 -98 -47 19 63 91 89 62 35 3 -17 -9 30 81 113 132 127 92 43 -2 -19 -7 18 38 57 -2 -34 -81 -108 -116 -79 -41 -2 32 40 13 -18 -41 -53 -51 -34 3 32 60 72 60 21 -25 -57 -39 -12 32 72 89 68 26 -6 -12 -14 -12 -19 -19 -9 1 12 16 7 -16 -33 -42 -42 -34 -16 -8 6 5 -4 20 606 305 132
-2 5 9 2 -6 2 6 -6 -9 5 12 14 20 11 -4 -18 -18 -13 -14 -6 5 14 18 11 6 4 0 -3 -7 -7 -13 -25 -23 -8 8 21 18 2 -32 -59 -76 -94 -99 -91 -67 -29 8 62 111 136 137 117 95 83 92 121 147 145 102 35 -38 -109 -159 -183 -177 -133 -77 -15 34 47 21 -28 -81 -118 -125 -78 6 74 105 82 37 -13 -47 -42 -7 46 93 124 121 75 25 -12 -41 -59 -56 -24 17 31 21 2 -14 -33 -53 -53 -37 -15 5 11 10 -11 -36 -49 -55 -40 -20 1 21 27 29 29 20 13 2 -4 -4 -3 4 15 22 18 12 10 1 -15 -20 -14 3 17 29 27 12 4 -6 -23 -36 -47 -46 -30 -16 -11 -8 -7 -22 -48 -64 -51 -25 -3 22 55 86 110 127 129 120 105 91 78 53 22 -5 -41 -80 -116 -134 -133 -124 -113 -103 -99 -102 -100 -68 -9 52 87 100 90 43 -22 -70 -77 -40 18 79 137 159 141 93 27 -27 -52 -34 12 52 70 59 24 -38 -104 -130 -122 -76 -9 28 46 39 18 -19 -51 -62 -33 6 27 21 19 19 1 -20 -22 2 27 43 58 70 58 26 -4 -19 -22 -10 16 0 22 -11 -14 -5 9 -14 -28 -39 -49 -51 -25 -2 9 5 24 14101 305 132
-9 -4 -8 -10 -5 -3 0 -2 -5 -2 -5 -11 -5 3 10 11 0 2 6 16 21 20 12 -4 -20 -22 -24 -19 -5 12 17 15 13 7 -2 -18 -38 -45 -43 -39 -45 -60 -66 -65 -53 -20 25 61 87 99 99 97 107 124 140 144 139 130 91 18 -59 -123 -166 -189 -171 -110 -49 -1 23 32 -1 -73 -120 -107 -65 -9 64 116 101 46 -5 -29 -37 -40 -11 47 84 100 109 85 31 -34 -83 -91 -67 -29 11 32 24 -7 -7 -53 -49 -49 -14 -16 26 18 20 -25 -19 -47 -40 -59 -21 -7 24 13 23 17 12 -5 -1 -8 4 11 23 25 19 8 -1 -3 -6 -5 0 9 13 9 7 18 26 22 13 -10 -24 -37 -37 -31 -28 -31 -29 -31 -36 -52 -49 -36 -26 -11 20 60 94 114 121 114 111 107 90 72 51 22 -9 -41 -65 -80 -104 -113 -128 -139 -139 -131 -111 -82 -37 18 67 96 92 69 29 -22 -49 -51 -28 26 93 143 150 103 43 -18 -58 -55 -10 62 100 82 38 -18 -71 -115 -135 -117 -72 -12 43 78 80 45 -3 -52 -87 -78 -43 5 47 63 52 13 -25 -42 -42 -18 19 48 67 65 53 31 13 -2 -14 -6 3 10 20 20 17 2 -19 -32 -38 -32 -20 -7 9 11 1 30 3522 305 132
11 30 58 61 51 44 40 30 19 22 40 44 32 33 27 8 -9 -9 -3 1 -11 -17 -16 -29 -41 -44 -41 -36 -38 -37 -31 -25 -21 -19 -14 -14 -17 -25 -33 -39 -52 -62 -59 -64 -47 -2 54 106 135 151 158 147 126 106 95 95 93 86 78 59 8 -70 -147 -205 -231 -207 -137 -46 18 38 21 -26 -74 -112 -126 -91 -33 31 85 118 115 67 -2 -26 -43 -22 46 105 131 115 75 -12 -74 -104 -85 -57 -10 14 47 19 -11 -30 -24 -37 -32 -19 6 11 15 10 -4 -25 -36 -33 -17 2 15 15 19 20 11 4 -12 -24 -21 -16 -24 -12 12 25 11 14 25 25 5 -3 7 23 26 38 51 41 16 -7 -22 -42 -48 -39 -22 -7 -11 -16 -23 -43 -62 -61 -48 -28 -7 28 67 100 117 127 120 108 98 94 85 61 19 -24 -64 -99 -115 -117 -115 -109 -108 -107 -99 -93 -75 -41 0 37 65 71 56 18 -25 -55 -56 -22 45 117 162 165 126 59 -7 -55 -63 -34 11 51 66 40 -8 -59 -94 -127 -100 -46 4 54 79 70 25 -12 -52 -62 -63 -16 11 38 22 15 -5 -11 -23 -3 10 39 57 52 22 -1 -20 -31 -34 -15 7 29 45 48 39 10 -10 -20 -25 -14 3 5 -4 -30 -44 35 1183 305 132
15 17 23 14 -4 -20 -32 -34 -24 0 25 32 24 6 -8 -17 -13 -1 -1 -9 -1 12 27 29 20 13 -2 -19 -27 -26 -11 0 11 13 -4 -29 -47 -52 -52 -53 -58 -76 -100 -106 -77 -16 41 83 110 122 127 131 128 130 127 130 138 132 103 57 -5 -79 -142 -172 -168 -140 -100 -57 -31 -28 -45 -68 -81 -75 -47 -12 28 49 52 46 29 11 -2 4 32 62 85 95 85 62 31 -1 -20 -25 -21 -26 -24 -16 -16 -27 -49 -57 -59 -55 -37 -19 -2 20 21 8 -6 -12 -14 -8 7 22 25 25 21 11 1 -4 -8 -14 -20 -21 -24 -10 0 5 7 1 -3 -6 -13 -8 5 25 49 60 56 32 3 -19 -44 -62 -57 -30 -16 -18 -18 -19 -31 -47 -58 -49 -57 8 32 72 93 120 103 112 118 132 120 102 53 4 -49 -75 -84 -82 -85 -92 -104 -133 -155 -176 -169 -131 -79 -22 42 82 103 95 72 39 2 -18 -6 35 87 128 144 115 60 7 -19 -14 6 23 31 20 -4 -28 -54 -69 -86 -87 -74 -42 -2 23 27 17 -5 -20 -29 -23 -5 27 48 47 31 14 -10 -28 -27 -8 20 36 43 40 27 6 -13 -26 -21 -13 -4 6 15 12 5 6 7 2 -6 -3 6 8 8 4 -1 41 465 305 132
-10 3 0 -13 -14 -9 -14 -12 7 21 23 15 5 1 -7 -8 -1 7 10 8 14 17 16 12 1 -11 -25 -34 -26 -14 1 10 12 8 1 -14 -38 -63 -77 -70 -62 -70 -72 -57 -32 2 54 106 135 131 114 109 112 132 148 145 122 91 52 10 -42 -105 -160 -206 -177 -140 -80 -40 17 -9 -34 -80 -79 -93 -43 -12 50 59 71 39 30 -1 3 6 37 49 75 92 94 60 25 -7 -35 -62 -63 -45 -14 10 10 2 -23 -44 -50 -46 -26 -1 14 21 7 -17 -31 -42 -45 -30 -9 9 15 19 16 12 7 4 4 7 1 0 -2 12 18 14 9 -1 -7 -6 1 11 13 13 12 8 16 15 13 0 -18 -34 -44 -36 -21 -12 -6 -9 -27 -50 -66 -62 -46 -18 28 73 113 142 143 130 114 106 98 76 43 3 -39 -78 -101 -99 -98 -115 -142 -169 -170 -146 -101 -45 -3 30 50 58 70 71 47 3 -34 -14 1 61 110 151 128 117 56 6 -53 -25 -9 37 37 39 -3 -33 -96 -106 -117 -91 -62 -13 15 39 45 41 2 -32 -55 -38 -8 17 39 46 36 14 -9 -18 -13 -2 20 41 55 51 31 13 -6 -19 -18 -16 -3 8 18 15 11 6 -6 -20 -22 -21 -9 -9 -3 -4 -11 45 4989 305 132
-14 -16 -21 -24 -24 -12 -3 4 10 11 8 10 14 16 6 0 -3 -2 -3 -9 -12 -15 -15 -10 -12 -3 7 9 3 -2 4 18 21 17 11 4 -3 -13 -19 -25 -16 -2 0 2 5 11 19 11 14 9 -20 -8 4 -8 5 31 72 61 47 7 -38 -114 -162 -196 -162 -114 -23 38 85 84 74 45 20 3 31 63 90 75 34 -10 -37 -27 26 82 117 114 75 33 6 5 28 53 47 6 -35 -68 -90 -86 -74 -50 -24 -2 12 10 -3 -24 -46 -49 -33 -10 -2 -14 -31 -44 -44 -33 0 43 66 55 31 13 3 -6 -7 0 0 -11 -44 -85 -88 -77 -53 -20 7 19 17 5 4 2 2 9 22 27 21 21 17 15 14 11 22 33 39 43 30 14 6 -3 0 -2 -2 7 5 -5 -11 -18 -18 -13 -8 -13 -15 -21 -30 -39 -49 -54 -45 -41 -35 -37 -37 -5 37 80 129 171 182 143 69 -5 -67 -101 -102 -59 -6 31 49 51 19 -20 -37 -16 16 32 17 -32 -95 -143 -153 -112 -55 -10 8 -6 -33 -47 -31 19 62 83 78 52 12 -29 -50 -55 -30 20 63 96 106 80 43 1 -17 -11 3 14 18 4 -32 -67 -82 -58 -24 11 37 53 43 21 14 27 52 71 60 34 -7 50 10183 305 132
-22 -11 4 8 -7 -16 -28 -41 -33 -18 -3 5 11 7 -5 -12 -11 -13 -14 -11 4 8 10 17 12 15 27 32 39 39 29 19 11 9 2 -3 0 2 2 4 7 1 -9 -10 -12 -16 -17 -23 -25 -31 -37 -39 -40 -39 -39 -46 -43 -43 -37 3 63 117 162 178 150 81 17 -35 -76 -85 -60 -15 19 25 22 5 -17 -27 -25 -1 18 18 0 -39 -88 -124 -113 -70 -17 30 41 22 -11 -45 -50 -22 28 72 78 48 7 -22 -34 -40 -23 18 41 50 48 44 38 22 19 28 27 11 -11 -29 -38 -31 -8 19 38 30 15 8 -6 -18 -21 -18 -9 4 15 15 6 -3 -15 -19 -2 26 43 43 31 13 -10 -19 -13 -2 6 0 -12 -26 -35 -31 -25 -18 -10 -9 -12 -17 -25 -24 -18 -15 -12 -7 5 12 11 9 10 13 16 22 22 19 17 9 1 -3 -11 -10 -10 -14 -20 -18 -7 -1 -3 -3 3 -2 -8 -9 -9 -12 5 -12 17 15 18 -6 20 1 20 4 19 -9 0 -15 1 -16 2 -7 3 -14 -2 4 19 4 -9 -26 -21 -25 -17 -9 9 21 21 10 6 -1 -8 -19 -6 21 27 21 15 8 -2 -16 -21 -17 -16 -14 0 21 26 13 2 -2 3 1 -8 -17 -24 55 6699 305 132
-12 -19 -32 -35 -29 -26 -15 -4 -3 3 7 11 9 10 17 24 36 5 33 16 15 9 20 -1 1 -5 2 -7 -8 -10 -13 -15 -7 -8 -14 -25 -33 -40 -58 -69 -73 -65 -71 -69 -46 -12 20 57 90 122 126 115 107 99 89 88 99 116 103 53 -13 -91 -155 -176 -142 -88 -30 28 47 37 -4 -52 -89 -114 -121 -88 -30 40 77 81 60 19 -17 -31 -36 -12 39 79 88 75 47 2 -50 -69 -52 -18 6 27 41 35 17 -2 -16 -23 -36 -26 1 17 10 -17 -45 -53 -61 -58 -31 4 22 21 13 2 -6 -12 -17 -10 -7 -8 9 25 32 37 42 41 21 6 1 0 14 22 24 18 15 12 0 -14 -36 -25 -53 -27 -17 -8 -33 -21 -36 -58 -76 -64 -46 -12 20 64 97 118 128 128 121 113 114 102 77 33 -8 -45 -81 -115 -126 -123 -114 -106 -98 -95 -89 -90 -67 -28 13 46 61 52 7 -36 -53 -54 -30 28 97 137 157 148 108 43 -16 -53 -51 -25 11 47 75 93 73 13 -59 -112 -144 -150 -130 -77 -18 6 -3 -12 -19 -28 -33 -22 6 49 92 118 115 58 -16 -62 -55 7 89 143 156 117 48 -13 -39 -22 12 44 55 24 -30 -82 -104 -98 -68 -40 -25 -17 -24 -43 -51 60 13880 305 132
-30 -19 -6 15 39 49 36 7 -6 -15 -19 -21 -10 -2 -3 3 4 7 0 -13 -19 -23 -31 -15 9 24 26 19 6 -4 -15 -16 -7 -4 -20 -27 -9 3 -4 -14 -33 -63 -99 -111 -79 -29 21 73 122 129 110 100 94 90 87 92 101 93 51 3 -36 -83 -141 -181 -164 -114 -54 8 56 64 27 -22 -71 -102 -93 -46 15 67 86 79 39 -11 -42 -39 -4 49 98 126 108 60 6 -47 -84 -89 -58 -18 17 37 32 9 -20 -51 -59 -53 -25 11 32 33 10 -25 -48 -55 -46 -20 18 44 44 39 35 22 10 -1 -5 -7 -12 -15 -19 -15 -7 -3 2 -2 -11 -14 -19 -11 -2 6 19 29 26 12 -5 -13 -20 -25 -18 -10 0 -1 -5 -19 -33 -30 -27 -29 -19 -5 15 35 56 83 98 104 115 118 107 83 51 8 -40 -74 -105 -114 -114 -114 -109 -98 -88 -83 -78 -55 -25 -2 19 37 58 65 43 10 -19 -24 -11 7 47 96 130 117 78 39 -6 -40 -30 7 46 47 26 -2 -52 -89 -99 -80 -46 -11 29 53 52 22 -28 -76 -88 -106 -29 15 70 74 78 13 -16 -40 -3 -3 39 48 69 46 35 10 0 -21 -17 -19 -22 -23 2 24 21 10 -5 -25 -36 -52 -53 -31 -5 11 12 65 9985 305 132
-17 -30 -32 -16 3 14 22 19 4 -8 -9 -8 -7 8 6 -2 3 8 8 11 6 6 3 -7 -11 6 14 15 23 28 20 13 22 28 39 41 32 16 -10 -29 -43 -63 -68 -71 -72 -81 -101 -121 -140 -131 -93 -33 28 65 81 83 34 25 19 47 54 111 150 174 121 59 -27 -75 -114 -95 -40 33 77 88 37 -21 -74 -100 -105 -81 -42 1 22 19 -11 -35 -43 -22 10 39 62 65 40 12 -19 -30 -19 2 44 74 71 47 22 -3 -31 -35 -25 -1 30 42 45 28 0 -32 -65 -81 -60 -21 28 54 61 49 16 -6 -14 -4 5 -4 -1 8 5 -4 6 6 -1 -7 -6 -5 -1 4 6 -1 -1 3 18 24 28 25 6 -16 -41 -57 -52 -46 -25 -8 -27 -61 -89 -102 -101 -78 -33 13 54 76 82 80 65 74 95 119 134 117 74 23 -22 -43 -39 -21 6 11 5 -21 -62 -110 -137 -123 -73 -6 51 72 55 -1 -89 -147 -157 -104 -26 58 116 125 94 43 -16 -52 -48 -13 41 78 79 48 8 -26 -48 -44 -17 22 48 44 21 -14 -42 -52 -55 -30 -1 -2 7 11 -19 -47 -47 -40 -25 -9 16 42 40 8 -5 -10 -19 -20 -5 17 37 44 38 29 11 -13 -21 -27 -20 -4 -2 70 14851 305 132
-6 -24 -26 -17 -7 -10 -10 -1 6 2 -10 -25 -30 -19 -11 -7 3 13 20 17 3 1 7 2 4 -5 -30 -28 -11 18 42 36 25 13 -18 -50 -57 -47 -34 -31 -36 -33 -20 -21 -17 -6 10 27 44 69 108 118 117 103 65 47 48 52 55 30 -23 -90 -147 -174 -149 -89 -40 -3 10 12 5 -18 -16 2 1 -2 -8 -17 -5 9 17 18 6 -2 2 22 33 49 68 67 43 5 -23 -41 -61 -49 -29 -13 11 15 4 -9 -17 -15 -4 5 16 20 19 11 -8 -30 -31 -34 -23 -11 1 -18 2 -9 -15 -21 -7 -13 2 -17 -3 -4 9 11 30 24 43 41 40 27 27 21 29 24 13 0 -8 -16 -22 -30 -22 -14 -15 -9 -14 -18 -16 -30 -35 -22 -12 1 27 47 64 68 71 71 67 47 35 25 18 9 -13 -36 -55 -81 -100 -108 -121 -104 -70 -39 -20 -15 -5 8 22 41 50 32 7 2 -3 -11 -7 -6 15 42 42 38 42 41 41 27 9 7 0 10 12 -3 -19 -27 -37 -49 -51 -33 10 40 37 25 13 3 -16 -38 -43 -25 -4 15 25 5 -11 -13 -13 -15 -9 5 28 42 39 25 11 -1 -9 -14 -5 2 17 52 17 3 -4 15 -11 -17 -27 -12 -10 -12 -22 86 6146 305 132
-4 5 9 8 11 3 0 9 -8 -11 3 -1 -15 -28 -33 -11 16 22 20 24 20 13 -1 -24 -27 -25 -28 -12 -2 8 32 36 27 9 -26 -41 -42 -34 -21 -23 -38 -52 -65 -80 -59 -27 14 59 92 116 141 144 143 123 103 98 80 45 16 -23 -63 -108 -160 -174 -148 -104 -46 7 37 43 21 -27 -59 -64 -63 -35 -2 26 48 41 23 12 -5 -3 13 34 64 78 66 44 7 -33 -60 -71 -63 -37 -4 15 24 14 4 1 -15 -24 -17 -10 12 12 -6 -8 -15 -19 -17 -20 -4 9 10 18 23 20 11 3 -4 -14 -25 -27 -11 2 9 26 27 19 12 6 8 9 15 31 20 -3 -14 -32 -35 -28 -26 -10 12 21 15 2 -14 -22 -36 -53 -43 -30 -11 31 56 67 68 57 61 69 76 92 94 75 40 -17 -68 -92 -114 -130 -132 -125 -109 -80 -66 -51 -30 -5 19 33 39 59 63 42 5 -41 -71 -71 -52 -3 57 102 124 117 82 51 22 5 11 27 30 31 19 -11 -40 -71 -84 -72 -60 -27 7 24 36 18 -13 -39 -59 -55 -31 0 22 40 43 36 29 14 7 15 18 28 32 22 16 1 -18 -17 -25 -25 -18 -13 -1 10 11 14 12 1 -16 -20 -24 -19 -8 -5 7 86 15214 305 132
-16 -5 4 11 26 32 30 19 0 -16 -27 -29 -19 -9 -1 -5 -9 -17 -34 -39 -40 -42 -42 -48 -41 -12 35 85 116 137 145 138 117 87 65 53 28 -5 -44 -73 -95 -113 -108 -95 -89 -92 -99 -95 -84 -62 -18 13 26 30 32 20 -6 -34 -52 -46 -6 51 124 176 176 134 59 -12 -48 -49 -14 25 50 59 28 -27 -75 -100 -85 -45 0 35 50 40 0 -45 -75 -86 -73 -50 -8 35 53 51 32 7 -2 -5 4 27 47 59 52 29 8 -13 -20 -20 -11 6 17 22 15 10 -3 -27 -43 -52 -49 -33 -16 14 24 -4 -17 -15 -22 -29 -11 14 17 19 24 21 12 -7 -10 -5 -13 -11 -1 9 14 16 23 21 20 19 5 -12 -29 -40 -37 -24 -11 11 30 32 14 -12 -33 -36 -30 -23 -9 4 5 4 -4 2 10 3 -6 -9 -13 -2 19 41 47 36 15 -8 -20 -13 -1 -1 -15 -23 -15 3 16 14 14 10 -11 -29 -35 -31 -14 -2 4 -6 -20 -16 -4 5 13 20 23 16 9 9 22 37 26 5 -11 -10 -1 -3 -3 4 -6 -13 -10 0 8 4 8 5 -10 -24 -21 -11 -8 1 14 11 4 -5 -2 10 10 3 -1 -12 -8 -1 6 12 8 15 3 -23 -11 6 2 107 12213 305 132
32 18 1 3 -3 -9 -4 5 15 20 30 35 24 0 -26 -33 -33 -16 18 40 40 19 -8 -19 -27 -25 -15 -20 -24 -21 -10 6 13 22 29 18 3 -8 -13 -13 0 15 12 6 -7 -22 -23 -25 -25 -27 -35 -49 -74 -92 -89 -78 -64 -41 -9 31 81 125 152 169 174 157 134 117 109 106 84 45 -12 -81 -139 -163 -160 -81 -69 -16 -6 0 -53 -59 -90 -87 -101 -52 -34 13 34 62 36 24 8 22 26 55 72 87 83 63 20 -18 -42 -39 -31 -11 9 9 7 3 -9 -29 -53 -55 -45 -31 -26 -18 -14 -22 -30 -34 -22 -3 9 22 40 43 34 18 9 7 -1 -3 8 21 24 14 6 2 -3 -5 -10 -14 -15 -10 -3 -12 -15 4 8 -1 -19 -21 -12 -13 -25 -26 -16 -1 -2 -9 -28 -47 -52 -40 -21 -1 26 59 86 106 117 120 123 117 92 69 45 29 9 -30 -71 -104 -124 -134 -153 -150 -121 -100 -94 -82 -53 -22 23 71 93 71 19 -31 -48 -36 11 71 119 142 130 104 77 43 7 -16 -23 -12 10 31 27 3 -45 -73 -82 -91 -62 -8 27 35 22 -8 -35 -64 -65 -34 -1 10 21 44 47 25 14 17 19 11 17 42 54 46 27 13 2 -20 -25 -14 -2 7 5 108 4442 305 132
12 11 4 2 2 2 8 9 9 10 3 0 5 19 22 21 34 40 44 51 49 41 7 10 -49 -45 -70 -64 -104 -82 -107 -113 -150 -143 -151 -103 -61 11 58 107 92 68 35 22 32 58 98 154 167 142 88 22 -38 -73 -70 -38 10 53 64 41 -22 -97 -155 -169 -125 -57 2 54 57 24 -20 -49 -51 -23 22 78 101 90 52 1 -31 -37 -13 34 83 116 102 58 3 -31 -48 -59 -39 3 27 29 18 0 -29 -62 -71 -56 -36 -5 28 54 45 7 -22 -31 -29 -10 11 18 -1 -14 -3 13 28 30 32 25 -5 -29 -42 -32 5 26 33 41 37 29 27 8 -10 -20 -20 -37 -55 -59 -52 -53 -78 -95 -107 -109 -85 -40 8 56 82 97 93 85 87 97 116 125 123 96 54 6 -32 -43 -23 8 26 18 -12 -53 -106 -145 -150 -112 -48 2 24 18 -27 -81 -116 -120 -84 -10 68 127 151 123 57 -17 -63 -68 -26 45 104 114 84 32 -30 -77 -79 -46 3 39 38 18 -21 -66 -92 -90 -63 -26 7 23 17 2 -19 -40 -42 -27 0 25 46 54 32 8 -13 -25 -18 -3 24 52 62 57 33 3 -18 -21 -11 -10 -15 -18 -10 4 -2 -7 6 17 12 -4 -20 -25 -21 -11 -7 -4 10 108 4981 305 132
-19 -18 -4 8 20 24 14 2 -17 -32 -24 -14 2 9 3 -3 -13 -15 -8 -1 0 0 0 -3 -11 -7 10 25 23 4 -6 -12 -7 4 8 10 1 -5 -4 -4 -4 5 11 16 13 5 -7 -21 -26 -27 -32 -43 -49 -46 -62 -86 -92 -80 -48 -15 46 109 159 180 182 157 126 106 109 117 99 58 9 -37 -91 -137 -151 -127 -87 -38 -33 19 8 -2 -58 -77 -116 -96 -80 -18 -13 29 29 45 14 9 11 47 61 90 105 109 61 8 -37 -69 -71 -41 3 40 41 30 10 -19 -41 -47 -45 -35 -26 -22 -24 -26 -26 -30 -42 -48 -25 -2 13 32 38 35 30 16 3 -13 -23 -21 -17 -7 13 29 37 32 21 12 3 0 2 0 -16 -33 -29 -7 17 35 35 29 11 -18 -37 -46 -42 -41 -49 -53 -63 -78 -59 -18 13 35 46 67 95 124 148 163 168 149 103 43 2 -20 -64 -113 -147 -161 -150 -118 -86 -65 -80 -102 -106 -83 -45 -2 34 49 26 -12 -32 -31 -10 25 74 104 155 130 122 87 66 1 1 -15 8 -1 31 9 -4 -50 -42 -58 -48 -46 -5 19 26 4 -17 -53 -81 -89 -57 -21 12 38 49 45 34 32 36 29 28 31 35 40 36 26 14 -2 -11 -8 -12 -5 12 108 13542 305 132
-13 10 28 24 16 3 -4 -4 -2 2 8 13 11 2 -3 -11 -11 -6 -9 -8 -13 -23 -20 -12 4 13 11 14 10 -1 -8 -1 5 7 9 10 6 2 -8 -11 -3 8 44 83 93 72 26 -24 -91 -149 -156 -128 -85 -33 -38 4 -31 -47 -71 -25 7 89 144 201 165 131 49 36 32 82 122 150 102 28 -95 -177 -205 -154 -71 7 44 35 -11 -71 -110 -116 -92 -48 -1 24 33 26 11 7 7 9 11 13 24 33 30 32 39 43 26 1 -18 -18 -9 7 25 51 51 26 -10 -47 -73 -71 -37 2 19 23 3 -30 -63 -87 -74 -36 7 40 51 42 21 -4 -26 -39 -28 -9 9 24 28 36 38 36 39 32 16 -11 -33 -20 8 38 63 59 25 -19 -47 -49 -37 -27 -25 -32 -49 -71 -82 -92 -104 -104 -95 -40 39 111 177 198 170 110 59 43 54 78 105 105 111 14 -39 -105 -132 -166 -118 -78 -31 -63 -77 -137 -150 -151 -75 8 100 114 90 -2 -72 -105 -73 -6 89 157 181 142 81 24 -7 -12 5 35 55 61 52 22 -12 -40 -63 -67 -58 -42 -22 -15 -4 0 -7 -19 -33 -50 -54 -56 -37 0 46 64 57 34 -4 -36 -34 -8 37 64 74 66 34 -1 -27 -32 -22 -1 27 109 5929 305 132
-33 -41 -54 -33 -21 9 12 5 -14 -31 -37 -29 -16 -3 -2 -5 11 26 39 36 31 25 10 -15 -43 -49 -26 -4 14 24 32 28 8 0 2 -2 -6 -16 -5 9 23 26 18 -5 -27 -41 -31 -20 -12 -23 -44 -48 -28 -7 7 0 -18 -56 -82 -66 -14 69 150 203 228 215 174 113 48 8 -18 -41 -64 -86 -124 -172 -187 -164 -113 -54 -16 -7 -22 -54 -68 -54 -26 4 14 13 -9 -48 -60 -27 42 129 189 199 155 78 3 -37 -29 6 54 84 65 21 -45 -97 -110 -82 -21 39 66 57 6 -63 -112 -125 -98 -55 -13 16 29 28 16 10 20 30 43 50 55 55 44 39 30 25 25 11 -2 -7 -14 -12 -4 11 20 19 11 -15 -48 -72 -74 -60 -50 -24 -2 3 5 8 13 20 16 11 1 -4 5 24 37 39 18 -8 -29 -37 -32 -31 -29 -20 9 44 75 110 109 64 -6 -77 -117 -123 -93 -36 7 24 10 -17 -39 -47 -35 -8 25 44 33 -3 -45 -67 -59 -26 24 77 101 84 36 -17 -42 -39 2 54 92 91 46 -17 -58 -72 -52 -21 16 36 30 10 -18 -37 -42 -31 -13 -3 -5 -20 -39 -41 -31 -13 18 37 39 19 -4 -17 -17 -2 23 41 45 32 9 -17 -22 -6 8 114 11659 305 132
13 14 12 -5 -29 -36 -24 -14 -2 17 27 25 32 33 29 17 -9 -20 -17 -8 9 23 20 2 -17 -22 -17 -7 4 -3 -16 -16 -8 -5 3 15 8 -6 -18 -22 -15 -4 7 21 22 24 27 32 45 56 59 59 51 45 30 21 25 44 41 14 -26 -75 -139 -202 -227 -214 -187 -153 -97 -27 26 68 92 97 86 57 50 58 66 63 54 53 59 64 68 57 20 -26 -63 -64 -54 27 74 85 24 -29 -117 -148 -153 -59 15 100 110 94 14 -39 -94 -79 -51 9 36 50 16 -17 -41 -27 9 68 114 132 107 55 -2 -48 -60 -34 7 48 62 40 -3 -46 -67 -62 -47 -16 14 22 15 8 -6 -36 -54 -67 -65 -55 -30 6 39 44 36 20 9 5 8 10 11 10 16 23 37 51 60 64 66 53 28 1 -25 -51 -70 -83 -85 -89 -98 -111 -116 -130 -132 -118 -97 -64 -11 60 126 157 174 185 165 119 79 57 30 10 10 9 8 8 23 37 22 -3 -35 -54 -66 -77 -82 -80 -75 -59 -34 -10 -1 -15 -52 -96 -103 -64 28 80 127 124 85 -26 -79 -110 -55 8 107 145 166 98 31 -56 -72 -64 -11 20 42 13 -36 -98 -120 -110 -54 4 46 55 36 -6 -46 -74 -66 -40 -4 26 33 118 8085 305 132
25 25 17 -5 -23 -30 -22 -6 5 15 9 -14 -29 -24 -7 3 7 11 4 -4 -10 1 22 24 13 -1 -9 -6 -5 -6 0 6 13 11 7 3 -9 -13 -10 -9 -7 -10 -15 -10 -2 0 -8 -18 -34 -42 -44 -57 -70 -83 -92 -88 -65 -22 34 78 115 141 159 169 166 150 130 110 99 85 57 14 -47 -105 -152 -159 -130 -80 -36 -15 -10 -20 -46 -73 -91 -91 -69 -41 -7 21 36 36 21 10 16 29 50 75 91 79 53 19 -12 -31 -35 -38 -27 -6 2 7 -5 -14 -16 -14 -17 -27 -34 -28 -30 -37 -48 -48 -43 -33 -14 3 20 28 34 48 40 22 3 -3 1 9 14 21 21 17 15 13 14 11 -5 -32 -53 -48 -21 9 28 35 39 25 0 -26 -44 -36 -26 -21 -9 -1 -5 -11 -18 -27 -42 -49 -37 -15 31 88 133 151 142 125 118 125 128 107 61 1 -61 -108 -133 -131 -119 -122 -134 -140 -133 -112 -91 -69 -43 -18 10 30 42 32 6 -22 -31 -18 18 73 128 133 160 119 75 34 11 -11 4 27 40 22 -6 -36 -70 -80 -70 -42 -16 2 8 4 -16 -35 -56 -61 -57 -33 -10 3 21 32 39 46 38 28 27 29 32 30 28 26 14 2 -3 -7 2 4 10 9 12 122 11912 305 132
-6 3 -10 10 -10 -2 -11 0 -2 -3 -2 8 2 4 -3 -4 5 8 10 8 7 10 7 2 -5 -5 -9 -16 -14 -4 14 38 40 32 7 -19 -29 -38 -43 -20 -10 -2 1 14 12 0 -13 -30 -51 -68 -64 -42 -43 -58 -72 -83 -59 -16 41 88 114 129 151 173 178 164 147 124 81 30 -12 -42 -76 -103 -126 -134 -117 -83 -43 -2 8 -11 -46 -81 -110 -106 -64 -4 37 52 50 34 19 9 17 38 63 88 99 85 44 -2 -29 -45 -48 -48 -32 -4 10 13 8 -9 -21 -27 -36 -37 -27 -10 -8 -24 -37 -38 -34 -22 -4 13 21 26 26 19 10 -2 -7 -4 -2 3 4 7 14 15 13 10 13 20 10 -3 -8 -10 -14 -19 -16 -10 -4 -4 -5 -4 -9 -17 -8 -3 -9 -20 -31 -35 -51 -66 -55 -38 -18 15 52 82 111 139 146 143 136 123 107 82 39 -7 -57 -96 -132 -156 -165 -155 -136 -109 -96 -83 -66 -45 -19 -1 13 26 27 18 1 -9 -1 22 53 90 129 151 143 102 39 -19 -42 -28 6 34 48 53 28 -28 -84 -112 -100 -61 -19 18 40 38 12 -16 -38 -53 -56 -41 -15 13 40 62 61 34 8 -3 14 37 48 39 17 -5 -10 -8 4 16 18 15 1 -10 -15 126 7941 305 132
-6 -2 3 9 16 12 3 1 -8 -18 -17 -13 -2 2 -5 -16 -21 -14 -9 -3 4 7 4 0 -1 3 4 14 14 8 3 2 3 4 8 9 -4 -10 1 9 10 5 1 -5 -12 -17 -22 -25 -22 -26 -27 -28 -37 -59 -79 -87 -89 -81 -54 -5 52 108 147 172 177 170 151 118 87 72 58 50 28 -11 -56 -114 -150 -157 -128 -77 -27 0 -4 -33 -67 -96 -96 -73 -26 26 58 78 64 20 -8 -15 -9 0 65 79 118 99 62 -26 -48 -92 -71 -50 14 31 53 26 13 -28 -36 -49 -48 -48 -36 -16 1 4 -2 -16 -22 -29 -34 -15 12 31 41 29 15 -4 -14 -22 -20 4 27 34 34 18 11 5 -3 -4 1 8 8 0 1 1 7 4 2 3 1 -1 -5 -19 -27 -32 -34 -32 -38 -38 -39 -42 -35 -20 1 26 51 86 112 125 122 120 121 107 81 52 14 -22 -73 -118 -139 -139 -123 -110 -99 -82 -73 -74 -72 -59 -28 3 34 49 47 32 3 -23 -27 -8 36 77 118 134 117 76 22 -12 -19 -8 9 34 53 37 -9 -41 -78 -106 -95 -52 -1 38 50 39 2 -49 -87 -91 -55 -11 38 69 64 50 28 9 -8 -22 -8 10 34 55 61 57 40 8 -23 -48 -43 -20 14 133 6844 305 132
2 -20 -27 -30 -22 0 16 33 36 29 21 6 -20 -48 -60 -51 -45 -41 -33 -45 -58 -63 -52 -26 7 40 61 76 83 84 106 118 117 111 87 65 24 -28 -71 -97 -100 -94 -86 -78 -73 -68 -75 -81 -85 -81 -50 -11 19 35 26 -3 -38 -64 -48 1 60 121 163 172 144 85 20 -29 -38 -24 -3 20 48 50 13 -31 -60 -75 -67 -44 -12 25 45 37 9 -34 -69 -83 -70 -26 15 48 71 61 30 0 -18 -18 -8 9 31 47 42 21 5 -11 -15 -3 4 22 34 26 12 -8 -14 -14 -30 -37 -36 -39 -44 -48 -26 6 34 41 26 2 -16 -28 -48 -57 -26 0 16 28 35 37 22 0 -19 -40 -11 30 35 40 44 36 6 -17 -9 11 14 -6 -5 14 8 12 3 -20 -37 -58 -61 -53 -44 -21 5 15 17 5 -12 -13 -6 1 21 28 19 5 0 0 13 10 -2 -1 3 11 8 -10 -5 1 -6 -1 -4 -4 5 7 -2 -14 -10 0 -7 -15 -6 8 8 -1 -7 -10 -1 10 11 12 7 0 0 -5 -4 2 2 8 2 -7 -5 -6 -1 -2 4 7 11 12 8 8 4 -1 7 2 2 9 3 9 11 -15 5 -8 -7 -2 -7 -25 -27 -4 10 -6 -15 -9 2 3 -6 136 9895 305 132
-12 2 8 17 15 27 19 7 -2 -5 0 1 8 13 3 8 -6 -11 -9 4 2 -15 -45 -49 -23 -3 2 18 27 29 34 13 -22 -25 -26 -13 -2 -1 21 41 41 35 3 -24 -32 -31 -28 -4 5 -1 -21 -56 -83 -89 -92 -73 -63 -67 -22 29 70 116 150 174 179 135 117 105 81 56 38 5 -35 -70 -94 -112 -112 -100 -69 -31 -19 -10 -13 -20 -26 -44 -61 -67 -67 -25 14 45 56 40 29 18 2 -4 20 46 59 54 38 18 4 -26 -33 -24 -14 17 31 17 4 -22 -48 -63 -54 -77 -25 -13 17 -8 23 -1 3 -23 9 15 32 23 24 3 14 -14 -20 -18 -24 -14 8 20 21 6 3 8 -1 -5 11 17 6 -7 -13 -16 -23 -15 16 49 47 21 14 0 -16 -55 -68 -67 -62 -46 -17 -17 -10 -15 -13 7 27 51 111 141 156 167 147 99 55 20 -7 -47 -98 -124 -130 -126 -109 -74 -63 -53 -67 -78 -68 -58 -18 24 35 32 20 2 -7 -15 -20 17 63 79 104 116 110 102 65 10 -27 -50 -35 2 15 12 7 -14 -37 -62 -70 -44 -24 -2 14 18 4 -19 -51 -49 -27 -8 23 59 69 72 59 21 -5 -31 -33 -20 -15 3 23 15 0 -14 -23 -12 4 8 21 145 197 305 132
3 0 -15 -27 -29 -12 -1 8 16 20 10 -8 -16 -21 -18 -2 7 6 -2 -23 -35 -47 -50 -34 -1 37 70 88 102 97 92 91 86 80 61 31 -11 -48 -75 -107 -129 -122 -106 -89 -77 -57 -43 -42 -42 -33 -11 21 40 55 57 39 -1 -35 -49 -38 11 76 139 177 176 118 34 -48 -84 -84 -63 -18 17 28 19 -10 -42 -74 -89 -61 -18 31 70 80 57 -2 -67 -102 -97 -51 5 51 67 51 31 7 -4 11 27 41 39 19 2 -14 -20 -22 -24 -19 -12 0 10 12 12 9 1 -15 -30 -28 -20 -4 10 9 5 2 3 6 11 17 16 6 4 2 3 5 11 19 12 -4 -18 -20 -14 -2 5 4 0 7 -3 -13 -26 -30 -25 -18 -9 1 8 15 11 2 -3 -14 -15 -14 -6 5 15 18 13 3 1 -10 -14 -8 5 13 8 6 7 -2 -10 -21 -26 -19 -12 -8 0 -3 2 4 -1 7 17 34 29 10 -3 -3 -1 -3 0 2 -3 5 7 -2 -11 -10 2 0 -5 0 7 11 -1 -18 -22 -26 -28 -26 -23 -9 0 5 6 5 21 27 36 26 3 -5 -4 5 15 17 16 10 3 -4 -11 -6 3 1 -14 -25 -18 -1 8 11 13 24 21 -1 -41 -27 -44 -28 -23 147 10896 305 132
7 8 6 9 3 4 7 6 9 4 -9 -10 -11 -3 8 9 5 5 -3 -9 -7 -10 -2 5 8 7 13 14 23 31 35 40 36 43 59 57 51 31 4 -26 -60 -84 -90 -93 -105 -105 -100 -127 -138 -123 -97 -62 -17 41 86 96 79 50 28 20 37 84 143 181 180 129 43 -28 -70 -83 -64 -14 43 65 37 -17 -66 -119 -153 -142 -103 -50 0 32 46 20 -32 -59 -47 -6 36 66 77 63 33 8 5 16 38 68 75 56 24 -8 -12 -13 -21 -7 10 8 -1 -16 -18 -28 -39 -41 -33 -12 15 34 37 22 2 -15 -28 -29 -21 1 14 13 9 -4 -12 -15 -12 9 19 15 13 -2 -9 1 10 23 34 42 52 49 28 -4 -35 -52 -61 -59 -58 -57 -59 -80 -100 -121 -115 -88 -44 16 59 84 102 102 88 83 88 105 130 135 104 75 40 -10 -38 -36 -18 0 -1 -13 -42 -91 -128 -140 -118 -69 -19 19 23 -16 -72 -114 -122 -92 -27 54 113 134 112 59 7 -42 -50 -16 34 88 114 104 74 13 -36 -59 -55 -32 -6 15 22 4 -32 -65 -77 -65 -39 -9 2 3 -6 -29 -42 -34 -12 19 32 50 54 35 14 -9 -34 -42 -29 13 56 72 69 57 29 -23 -58 -59 -37 -7 8 152 15874 305 132
-4 4 -4 -4 -3 -9 -5 8 10 11 -2 -19 -18 -7 -10 -6 -4 -8 3 6 8 19 15 13 16 3 0 3 1 9 5 -2 3 -2 -11 -20 -31 -47 -53 -63 -75 -81 -92 -96 -72 -41 2 56 97 141 165 162 160 147 128 122 101 74 45 6 -40 -105 -164 -175 -151 -119 -62 -7 6 20 17 -47 -104 -110 -88 -48 -14 47 94 90 58 24 18 19 14 30 51 59 50 45 30 -8 -30 -36 -19 -9 -20 -14 4 -6 -16 -23 -24 -12 -14 -8 4 -3 -13 -28 -45 -29 -8 10 5 21 -6 2 -5 6 -10 -22 -50 -19 -19 -4 16 35 36 38 10 11 1 -5 12 20 16 8 9 14 29 27 22 12 -19 -43 -42 -34 -23 -22 -39 -40 -52 -70 -68 -59 -37 -6 24 61 96 113 139 139 128 123 115 91 70 29 -23 -58 -89 -133 -143 -145 -127 -100 -88 -66 -63 -74 -54 -39 -18 27 51 56 39 5 -21 -22 2 46 93 125 152 144 78 38 7 -51 -59 -29 9 33 12 -16 -26 -54 -75 -68 -43 -13 4 16 28 2 -36 -36 -15 -11 -11 -3 23 39 14 17 12 -3 -13 -9 2 27 16 2 -6 -16 3 22 36 38 40 -1 17 17 22 -11 -22 -56 -39 -40 -17 0 15 11 11 158 11561 305 132
11 -16 -23 -7 12 37 38 13 4 -11 -19 -7 -16 -4 11 3 -3 -8 -6 16 16 7 1 -10 -13 -1 -1 -9 -6 -3 5 9 -10 -15 -7 -9 -11 -27 -57 -58 -70 -80 -73 -55 -15 20 44 78 113 135 138 129 115 107 100 83 89 85 49 1 -68 -118 -150 -176 -156 -117 -73 -13 5 4 -8 -37 -63 -68 -46 -10 33 59 69 66 34 0 -17 -23 7 41 67 93 84 51 21 -21 -40 -49 -50 -28 -6 -10 -10 -10 -28 -36 -43 -44 -28 -15 -14 -5 -11 -17 7 17 15 6 -3 22 37 24 13 5 5 11 -4 -15 -6 -9 -3 -9 -22 -20 -4 5 16 17 11 21 26 22 32 26 24 21 -20 -45 -47 -44 -17 -6 -10 -8 -16 -35 -57 -76 -71 -45 -14 21 67 99 115 128 117 108 100 76 77 66 42 28 -17 -73 -112 -138 -132 -121 -117 -117 -115 -117 -106 -75 -29 27 69 79 82 58 29 14 -7 -13 9 26 64 96 103 91 52 5 -21 -33 -27 2 27 36 21 -17 -56 -80 -96 -82 -46 -9 33 52 43 34 12 -16 -32 -35 -26 -5 6 24 34 14 2 -12 -21 -14 1 16 39 46 32 28 3 -21 -25 -24 -15 2 15 23 24 16 8 -12 -16 11 7 -1 -4 -7 -15 164 8809 305 132
-2 8 18 19 17 17 4 3 2 -3 1 3 8 21 16 6 4 0 -6 -10 -4 2 3 5 8 12 0 -11 -19 -23 -11 -2 -5 -2 -11 -19 -23 -39 -48 -51 -56 -63 -71 -64 -37 -2 37 77 108 120 115 106 102 93 84 87 95 82 52 6 -57 -114 -156 -188 -168 -127 -55 -23 16 17 4 -54 -61 -68 -20 22 84 95 86 38 9 -22 -31 -22 33 83 111 104 66 14 -39 -71 -66 -58 -40 -3 13 12 -1 -24 -44 -62 -71 -67 -31 18 50 63 39 15 -6 -38 -71 -73 -40 -3 9 30 52 53 42 23 8 -9 -22 -16 1 20 29 28 19 -5 -27 -34 -23 -6 -4 1 10 8 14 19 13 5 -21 -47 -50 -47 -38 -24 -7 3 -5 -32 -53 -48 -19 19 58 93 120 125 110 99 91 90 90 68 33 -7 -51 -87 -113 -127 -120 -118 -119 -109 -99 -97 -92 -68 -27 19 62 87 102 89 49 -2 -34 -32 -8 33 93 130 127 90 31 -21 -53 -45 -7 38 67 64 22 -38 -95 -121 -116 -76 -17 29 53 46 13 -18 -41 -49 -39 -12 21 41 52 56 43 17 -14 -39 -45 -28 7 48 74 84 76 43 -4 -36 -45 -41 -31 -11 6 12 5 -6 -9 -25 -37 -40 -42 -39 -20 7 31 168 3864 305 132
-7 -4 5 2 3 18 24 18 17 13 -2 -16 -14 4 18 9 7 12 9 8 -5 -11 1 4 13 27 23 19 5 -7 -4 -10 -13 -36 -14 -23 -40 -66 -75 -89 -75 -56 -22 -2 35 64 78 86 101 118 133 137 141 150 120 74 16 -53 -87 -105 -110 -123 -148 -170 -172 -145 -120 -100 -62 -14 38 43 39 44 32 13 -3 -11 23 60 100 127 124 98 68 30 10 8 28 52 71 53 12 -20 -55 -87 -105 -112 -85 -52 -24 20 44 37 7 -30 -40 -44 -32 -3 27 36 26 7 -4 -9 -1 4 5 21 48 45 27 28 30 9 -3 -4 -14 1 34 44 46 17 -23 -75 -146 -179 -155 -96 -39 -7 22 35 25 -6 -29 -9 25 66 99 107 96 55 10 -9 -1 31 63 77 69 72 26 26 27 39 43 53 19 -32 -84 -100 -98 -80 -54 -9 -2 -25 -48 -67 -67 -53 -22 12 24 19 -2 -25 -37 -41 -36 -17 8 19 12 22 25 25 25 24 20 1 -34 -55 -63 -55 -34 -4 19 20 -7 -30 -46 -46 -27 12 51 69 62 35 11 1 -5 -2 3 0 23 35 56 67 48 31 13 -14 -29 -23 -15 14 22 16 -3 -21 -35 -33 -32 -30 -24 -21 -33 -32 -27 -23 -20 -34 -40 -26 16 172 8681 305 132
28 17 -5 -23 -25 -9 0 0 -2 -13 -17 -14 -1 15 23 22 12 -8 -19 -19 -2 17 22 16 2 -10 6 -18 2 6 32 2 7 -15 -13 -40 -22 -42 -26 -53 -59 -83 -80 -87 -50 -16 34 69 108 126 137 130 121 110 102 99 107 102 86 48 -19 -96 -165 -195 -172 -124 -70 -28 -11 -14 -32 -56 -75 -71 -51 -20 19 51 62 54 30 3 -9 -4 21 51 85 107 99 71 23 -19 -39 -53 -49 -29 -6 8 2 -15 -35 -57 -73 -72 -53 -10 39 66 49 15 -18 -45 -56 -61 -46 -10 10 13 20 31 34 12 -13 -22 -21 -3 22 46 48 33 10 -11 -18 -13 -9 -12 -15 1 29 43 48 44 18 -14 -58 -78 -67 -43 -19 -6 -9 -27 -59 -76 -70 -47 -18 12 41 65 89 110 121 136 145 136 112 79 49 12 -27 -50 -71 -93 -110 -129 -140 -144 -135 -121 -115 -97 -67 -20 33 72 87 78 48 9 -18 -13 11 49 91 115 118 108 73 36 -2 -18 -10 7 30 36 20 -15 -55 -85 -108 -102 -70 -16 37 58 52 28 -10 -42 -57 -39 -3 21 34 32 21 5 -12 -21 -15 0 26 44 54 48 36 22 -2 -14 -12 -9 1 7 8 8 3 -11 -16 -10 -13 -25 -25 -15 -11 -8 -3 177 12894 305 132
9 -7 -19 -11 -4 -6 -16 -9 6 11 11 16 10 8 -6 -26 -20 -2 10 7 1 5 7 6 10 17 10 -3 -5 2 6 9 12 11 1 -18 -28 -36 -42 -58 -91 -110 -109 -87 -45 6 59 102 125 125 104 88 88 91 105 123 133 124 91 47 -17 -97 -165 -191 -167 -119 -60 5 27 3 -44 -86 -98 -88 -61 -17 21 47 53 46 29 8 -1 -1 17 48 78 102 99 73 30 -21 -52 -62 -50 -21 3 20 17 -13 -42 -62 -60 -43 -20 -8 0 10 8 -9 -23 -30 -36 -38 -25 8 25 29 27 12 -2 -11 -10 -1 8 17 27 26 10 -4 -5 -6 -5 -1 -4 -9 -11 1 17 17 18 14 7 1 -15 -27 -26 -26 -26 -27 -29 -28 -38 -54 -57 -48 -29 -3 29 59 90 112 123 133 140 134 116 83 40 -7 -51 -71 -79 -82 -76 -81 -101 -127 -144 -146 -139 -106 -54 4 54 90 100 68 15 -26 -52 -48 -8 57 126 154 143 107 53 3 -29 -33 -14 7 31 43 33 5 -39 -77 -102 -101 -75 -37 10 47 52 22 -27 -60 -66 -57 -17 27 55 65 42 15 -7 -12 -1 15 29 43 53 56 39 20 0 -20 -18 -6 8 20 23 17 -5 -20 -28 -40 -39 -25 -16 -5 -7 -15 -17 182 8818 305 132
9 -13 10 7 19 12 9 -6 8 1 19 40 58 77 74 40 13 -17 -42 -56 -58 -48 -38 -40 -51 -90 -125 -129 -109 -93 -61 -23 12 59 86 94 101 99 118 151 132 90 56 32 -1 -34 -46 -5 38 56 42 1 -71 -135 -160 -135 -68 12 72 83 17 -69 -139 -171 -136 -70 12 81 115 118 92 44 -12 -45 -44 -17 32 89 120 102 35 -34 -86 -97 -40 30 78 94 51 -23 -86 -113 -83 -37 -5 9 -2 -24 -38 -46 -47 -24 -7 1 16 25 31 37 20 12 4 -3 2 20 45 68 63 40 10 -23 -30 -11 4 12 14 -2 -17 -24 -29 -24 -6 2 6 -6 -17 -20 -27 -31 -16 3 19 35 27 18 6 -9 -14 -15 -3 28 49 49 37 20 1 -10 -19 -22 -13 -3 12 20 12 3 3 11 16 -3 -9 16 14 -5 -21 -42 -32 -15 -2 13 9 -8 -17 -29 -39 -28 4 34 55 48 15 -8 -26 -15 -5 -26 -31 -7 15 40 41 30 15 -23 -53 -54 -27 10 37 34 0 -40 -65 -50 -15 15 39 31 -6 -32 -40 -24 10 28 27 11 -12 -7 4 10 13 2 -1 4 -6 -19 -2 12 14 3 -19 -43 -35 -16 6 22 16 1 -13 -19 -12 -11 5 32 18 3 0 7 20 187 6033 305 132
-3 -17 -16 -10 -6 0 10 13 14 2 -7 -14 -21 -18 -11 -4 -1 -6 -6 -5 -3 6 11 11 12 15 17 21 20 19 34 45 50 56 57 46 27 2 -19 -40 -58 -67 -71 -76 -82 -94 -105 -128 -153 -147 -112 -62 -8 52 90 87 58 27 17 27 55 107 161 179 159 95 22 -52 -106 -98 -47 14 71 79 43 -20 -80 -112 -116 -88 -43 -1 19 10 -18 -55 -78 -66 -32 23 75 98 94 66 21 -24 -46 -25 20 56 67 62 46 26 7 -9 -15 -7 13 34 37 22 9 -8 -20 -25 -28 -18 -6 -9 -19 -28 -25 -16 -7 4 7 12 13 6 -17 -44 -44 -26 -9 19 40 50 49 37 27 7 18 5 15 44 59 55 50 27 -36 -79 -89 -72 -66 -63 -74 -83 -113 -117 -96 -64 -41 -9 21 52 74 85 92 101 110 128 142 137 109 67 26 -12 -33 -24 7 21 8 -23 -70 -120 -168 -174 -124 -45 13 53 50 2 -71 -128 -146 -98 -16 69 116 129 101 45 -11 -41 -31 3 53 98 98 58 5 -46 -75 -78 -48 0 40 60 49 2 -46 -75 -77 -50 -20 6 21 15 -1 -28 -51 -56 -39 -12 9 23 27 24 21 7 -5 -2 11 25 24 21 23 10 3 4 3 13 28 34 30 193 3660 305 132
28 11 -7 -11 -11 -2 12 12 7 -1 -15 -28 -30 -19 -4 3 13 13 15 18 4 -10 -15 -12 -2 7 19 26 25 14 -10 -25 -21 -8 -4 -14 -22 -24 -22 -9 5 19 33 39 25 -8 -30 -44 -60 -56 -37 -29 -36 -51 -58 -52 -43 -29 2 46 85 127 160 169 149 116 89 75 73 79 70 26 -43 -110 -162 -178 -159 -110 -52 -8 13 10 -13 -47 -80 -85 -71 -38 9 54 84 79 57 22 -19 -28 -5 35 81 98 91 52 -9 -59 -80 -73 -43 -3 34 44 40 23 2 -20 -36 -32 -20 -11 4 15 13 3 -19 -39 -43 -39 -24 -8 5 12 8 0 -8 -15 -23 -22 -13 0 19 34 32 29 29 25 10 -4 -7 -14 -16 -5 8 19 19 15 8 1 -11 -18 -13 -10 -7 0 -6 -32 -56 -70 -72 -61 -35 15 66 69 109 106 92 60 95 79 88 63 78 27 1 -71 -101 -144 -146 -150 -116 -94 -65 -64 -54 -62 -60 -25 29 67 73 45 20 -14 -26 -14 8 53 93 114 110 83 54 21 -9 -29 -35 -14 8 22 22 2 -36 -73 -96 -79 -48 12 64 82 58 16 -31 -61 -68 -39 -11 7 23 31 28 7 -9 -15 -21 -13 -2 12 33 40 49 43 26 9 -5 0 10 18 32 198 8194 305 132
-18 -1 16 25 26 18 13 -1 -14 -21 -25 -14 2 9 -5 -24 -35 -26 -9 3 9 11 0 1 4 0 10 24 28 27 7 -5 7 3 -8 -7 4 14 4 -9 -18 -5 9 20 27 23 30 35 40 62 63 63 50 14 -20 -49 -70 -80 -90 -94 -89 -111 -152 -177 -158 -111 -63 -4 53 87 83 58 44 38 55 85 122 168 168 135 79 -7 -76 -105 -92 -34 23 55 62 30 -23 -76 -107 -99 -62 -23 5 22 14 -17 -36 -52 -44 -20 1 36 63 59 57 36 11 2 -6 5 21 28 28 23 21 12 -1 -16 -2 24 17 3 -6 -35 4 -17 -19 -26 20 1 36 6 29 -7 5 -11 13 -8 8 -4 4 -14 -10 -31 -23 -23 -26 -22 -15 8 31 23 25 32 45 54 22 9 18 3 -12 -24 -28 -31 -39 -42 -46 -61 -96 -119 -117 -96 -59 -11 22 58 62 68 88 86 85 104 127 151 135 102 73 33 -20 -51 -39 -21 -11 -15 -48 -92 -141 -168 -150 -96 -28 34 57 41 -17 -77 -112 -119 -68 16 76 109 107 65 15 -35 -50 -26 17 59 91 90 49 3 -29 -51 -52 -39 -10 28 40 40 16 -25 -46 -61 -55 -20 0 15 20 0 -29 -57 -67 -42 -2 23 28 27 9 18 -20 203 5030 305 132
8 37 37 -8 -55 -71 -52 -6 29 46 34 13 8 2 -16 6 42 25 11 7 -9 -6 -6 -18 1 -7 -30 -15 -8 -17 -29 -31 1 14 -6 2 18 5 -22 -68 -110 -103 -92 -76 -26 16 57 106 128 147 159 134 119 105 75 78 89 82 43 -35 -101 -130 -163 -179 -156 -101 -34 22 41 45 14 -46 -82 -110 -115 -60 7 63 104 92 62 15 -28 -32 13 67 120 123 82 27 -25 -70 -79 -74 -65 -29 -4 15 35 22 12 -8 -60 -72 -55 -21 31 41 19 -14 -68 -89 -42 18 54 67 50 24 4 -18 -12 15 27 3 -35 -52 -10 25 45 45 10 -14 -18 -33 -23 6 30 38 16 -18 -23 -21 -7 14 4 -18 -28 -24 -16 6 9 9 -2 -29 -36 -40 -39 -8 22 53 84 105 137 159 139 110 85 53 9 -46 -91 -111 -122 -142 -140 -118 -111 -96 -87 -83 -77 -62 4 75 103 108 87 41 -6 -56 -75 -58 -13 57 125 168 166 135 79 6 -56 -90 -66 -14 14 33 22 -13 -56 -105 -123 -85 -32 31 68 69 52 25 -15 -54 -77 -77 -38 8 34 53 43 21 12 -6 -10 8 23 51 58 46 32 -5 -35 -32 -29 -22 5 23 20 24 13 -5 -8 -25 -41 -28 -49 1 -16 -12 -14 209 2324 305 132
-2 -4 -12 -9 -4 11 25 20 8 -3 -20 -32 -31 -14 -2 11 2 -8 -16 -35 -58 -72 -70 -33 0 35 69 101 123 119 105 97 94 94 85 59 25 -16 -55 -103 -140 -134 -119 -109 -117 -119 -105 -91 -62 -21 24 71 90 71 42 1 -58 -87 -51 -4 44 109 158 170 140 84 18 -42 -77 -56 9 65 87 68 15 -64 -125 -134 -101 -48 7 54 75 55 18 -27 -60 -77 -72 -39 23 44 75 69 26 -14 -34 -22 -14 16 49 70 57 25 -7 -29 -43 -23 -4 12 20 20 8 -7 -23 -23 -22 -16 -21 -24 -13 -6 -3 5 8 13 5 -3 -8 -23 -18 -1 16 27 23 20 5 -12 -19 -21 -10 -1 15 22 19 12 5 -12 -23 -34 -30 -19 -7 1 9 11 9 -4 -15 -20 -20 -14 -4 13 16 17 13 12 15 1 -12 -11 -10 -12 -9 -2 7 13 17 18 10 3 -13 -31 -23 -9 -15 -11 3 7 7 17 19 3 -26 -43 -31 -8 8 38 52 25 -9 -27 -19 -11 -17 -6 12 22 21 23 22 16 0 -16 -18 -15 -16 3 13 13 3 -16 -19 -18 -15 -2 1 0 2 -1 -5 2 13 21 19 19 11 2 1 4 11 7 0 -13 -17 -6 -4 0 6 2 10 9 -7 -17 -13 213 7530 305 132
-40 -13 18 30 17 -15 -51 -66 -61 -36 -11 -6 1 2 3 7 3 -5 -12 -12 2 16 29 43 49 38 17 11 25 50 78 79 72 42 -1 -18 -21 -7 15 31 43 35 10 -9 -13 -8 -24 -42 -44 -42 -44 -40 -29 -25 -41 -63 -80 -84 -67 -26 42 106 146 175 155 94 26 -32 -74 -105 -103 -62 -7 -17 -1 -46 -73 -113 -67 -25 83 156 203 141 69 -38 -61 -55 22 83 120 77 -11 -125 -195 -213 -139 -36 36 57 37 -1 -54 -96 -97 -59 -1 43 75 94 88 71 51 28 34 36 44 52 53 58 42 20 0 -17 -32 -38 -40 -34 -20 8 27 35 25 -8 -38 -55 -51 -19 9 40 52 34 10 -19 -40 -42 -34 -5 21 33 32 16 -14 -46 -60 -58 -50 -31 -20 -15 -19 -31 -29 -29 -24 -5 6 7 7 4 14 26 38 49 44 26 3 -9 -7 -2 0 -4 -9 -16 -37 -54 -60 -50 -26 -3 19 44 62 80 83 78 80 93 98 84 47 60 4 -17 -73 -95 -147 -131 -132 -96 -93 -65 -95 -78 -62 -4 27 63 62 50 -12 -53 -66 -33 9 46 87 120 112 73 35 13 -12 -22 -10 15 52 66 58 28 -33 -83 -111 -96 -42 28 83 98 68 8 -38 -55 -42 -32 -18 -3 15 219 5319 305 132
-18 17 29 22 15 3 -20 -16 10 21 7 -6 -2 -2 1 20 39 36 8 -24 -35 -40 -24 0 18 11 -11 -27 -32 -27 -13 -3 0 -7 -7 7 17 24 24 14 -1 -14 -8 8 10 4 0 -7 -12 -13 -6 3 11 4 -16 -17 7 31 45 39 12 -49 -127 -169 -160 -105 -32 26 57 62 38 9 -13 -16 11 66 112 126 104 54 -7 -46 -49 -7 60 107 117 89 42 12 4 29 66 81 68 23 -40 -86 -104 -85 -50 -8 15 6 -16 -36 -48 -62 -50 -27 -17 -24 -14 -48 -63 -83 -55 -33 9 11 22 -4 -11 -24 -3 3 22 18 6 -17 -26 -42 -39 -33 -14 3 5 -2 -20 -35 -30 -11 22 54 62 52 28 10 -3 6 27 51 63 72 55 37 26 32 35 30 24 13 -1 -8 -18 -12 -6 -2 1 -2 -23 -45 -58 -49 -44 -41 -34 -29 -35 -40 -41 -31 -12 14 50 112 163 166 120 43 -32 -75 -74 -32 15 35 31 0 -44 -83 -92 -62 -18 21 47 41 3 -60 -108 -116 -88 -40 0 18 7 -26 -45 -38 -8 36 63 78 62 15 -27 -55 -59 -31 10 44 58 52 33 11 -2 15 34 46 54 62 16 -9 -28 -20 -22 10 9 24 -4 -9 -19 1 10 39 35 25 -2 223 1944 305 132
10 11 -2 -5 2 3 -1 -8 -9 3 4 0 -8 -8 2 9 9 4 0 -2 -6 -9 -8 -3 6 3 1 2 5 8 3 2 -2 -16 -25 -24 -20 -12 -5 -4 -19 -50 -77 -84 -75 -46 6 63 97 123 139 135 109 79 64 61 64 77 80 59 9 -74 -152 -190 -176 -118 -49 4 30 23 -2 -24 -65 -46 -51 -32 -5 35 43 54 56 24 -29 -53 -46 -4 54 97 110 71 10 -44 -77 -69 -22 16 34 36 25 5 -11 -29 -43 -36 -23 -4 15 28 22 5 -15 -33 -53 -51 -32 -9 13 28 34 22 10 3 -7 -5 5 14 16 13 11 15 11 8 -5 -15 -17 -16 -6 0 5 17 16 8 0 -11 -22 -31 -31 -23 -16 -16 -13 -10 -19 -33 -37 -35 -27 -12 13 49 80 99 113 117 112 103 85 70 50 13 -24 -61 -93 -116 -130 -128 -114 -100 -93 -93 -91 -72 -36 0 40 79 106 103 61 6 -35 -60 -53 -7 52 102 125 111 69 14 -7 -52 -23 1 26 38 53 26 -30 -83 -96 -94 -63 3 60 83 61 6 -56 -92 -82 -40 0 40 63 66 37 -9 -45 -57 -41 -18 16 57 73 59 48 24 -2 -29 -36 -20 4 28 42 37 15 -8 -23 -22 -14 -16 -32 -48 -49 -32 -3 228 235 305 132
12 -1 -15 -24 -21 -17 -15 -13 -4 2 4 9 12 18 16 5 3 -2 -5 -5 -1 10 13 3 -4 -12 -17 -15 -14 -5 3 8 9 11 15 9 -3 -19 -33 -40 -48 -55 -62 -74 -67 -55 -34 14 53 85 107 121 117 107 95 99 114 123 116 101 60 -16 -110 -183 -212 -200 -153 -73 8 64 73 25 -38 -80 -94 -74 -25 31 70 76 63 26 -30 -78 -84 -50 3 58 107 131 113 54 -14 -59 -75 -57 -25 2 21 15 6 -2 -21 -29 -22 -17 -23 -24 -10 11 26 22 1 -26 -50 -59 -51 -26 3 13 10 4 -2 5 22 33 42 45 41 26 9 1 -9 -21 -23 -23 -24 -20 -6 11 22 29 20 7 -9 -26 -31 -25 -19 -10 -13 -23 -29 -39 -47 -45 -33 -14 7 39 72 103 120 122 116 108 97 79 54 34 7 -30 -61 -83 -103 -118 -123 -116 -105 -105 -106 -102 -79 -42 0 55 100 112 88 47 3 -30 -37 -20 13 58 91 106 89 50 6 -28 -36 -11 22 57 69 47 3 -52 -102 -122 -111 -66 -10 44 80 70 33 0 -34 -65 -58 -21 7 21 31 27 7 -28 -45 -21 -6 4 34 58 61 55 47 41 21 -4 -19 -16 -8 -7 -8 -19 -32 -40 -36 -20 -12 -4 14 15 0 233 7007 305 132
-9 -4 -1 -3 0 10 15 15 9 3 0 -4 -11 -17 -22 -18 -12 -1 18 35 37 19 0 -7 -16 -23 -22 -10 4 4 0 8 11 -2 -27 -41 -50 -62 -59 -38 -25 -31 -55 -72 -59 -17 34 69 93 113 128 146 156 141 116 100 85 52 3 -30 -63 -106 -161 -179 -149 -94 -47 -15 11 9 -23 -68 -82 -66 -17 35 69 76 59 29 -7 -29 -16 17 57 94 115 117 87 32 -17 -53 -77 -87 -71 -33 -1 16 16 -1 -27 -45 -39 -23 -4 18 32 32 18 -4 -21 -37 -43 -30 -39 15 22 47 43 46 -3 -17 -25 1 -19 0 2 15 3 -10 -20 -8 -11 -11 -7 11 21 24 23 21 18 5 -14 -28 -38 -33 -14 -10 -10 -14 -20 -28 -47 -46 -32 -20 1 20 43 60 78 96 112 110 95 84 92 76 48 9 -31 -67 -110 -144 -151 -148 -136 -130 -106 -84 -65 -39 -2 28 53 71 81 66 27 -4 -13 -2 18 53 97 113 93 46 -1 -28 -34 -7 36 56 63 53 0 -72 -125 -135 -116 -75 -10 52 84 75 52 22 -27 -65 -70 -41 5 43 72 69 24 -21 -40 -32 -14 6 33 44 33 25 17 12 -1 -21 -41 -58 -16 -16 26 35 36 2 4 -30 -34 -46 2 7 11 -2 7 238 5433 305 132
-10 -24 -19 -5 16 23 8 -14 -26 -25 -12 16 28 27 7 -19 -24 -14 -4 11 19 9 -9 -18 -14 -6 2 10 9 3 -9 -8 -6 -3 -4 -17 -33 -37 -37 -39 -46 -63 -82 -93 -86 -59 -22 40 103 136 137 127 127 137 140 144 138 117 85 33 -35 -105 -154 -169 -147 -95 -40 8 31 12 -25 -78 -110 -111 -92 -44 16 48 59 38 9 0 -6 9 29 49 51 47 49 63 34 -7 -15 -31 -40 -46 -8 -2 5 -6 4 -4 -10 -22 -3 -13 -15 -34 -42 -48 -38 -22 0 8 1 -1 5 14 15 12 2 -3 -16 -22 -9 8 19 24 26 25 24 21 15 -4 -7 -5 -7 -3 8 16 24 16 1 -7 -15 -17 -18 -10 -7 -7 -19 -40 -63 -77 -64 -44 -30 -6 35 73 102 115 124 128 136 139 131 116 83 37 -12 -59 -98 -129 -135 -130 -134 -135 -130 -116 -100 -85 -61 -27 6 33 42 33 7 -25 -34 -19 12 54 101 138 140 118 82 43 17 -2 -5 13 27 35 21 -7 -38 -67 -72 -63 -48 -24 -8 6 10 -18 -22 -25 -51 -44 -24 14 5 13 16 24 5 12 19 40 31 38 22 14 6 4 12 28 28 19 8 5 7 5 -3 -25 -33 -32 -31 -28 -23 -14 -8 -13 -28 244 14050 305 132
25 21 14 9 3 -5 -8 -6 -10 -15 -9 -2 13 25 27 24 12 -4 -13 -26 -30 -25 -14 -10 -6 9 20 9 -12 -24 -23 -16 1 23 38 43 26 3 -15 -17 -11 -12 -15 -8 -7 -6 7 0 -17 -26 -46 -78 -116 -133 -113 -65 -24 12 47 78 99 125 156 176 166 138 116 101 93 85 52 -5 -71 -129 -152 -145 -106 -51 -8 -4 -13 -35 -70 -97 -99 -81 -49 -26 -3 21 27 26 22 19 27 43 59 82 86 79 49 5 -30 -44 -43 -30 -11 11 23 19 0 -14 -22 -39 -50 -47 -36 -19 -12 -17 -21 -32 -33 -26 -18 -8 14 37 49 39 18 -4 -18 -20 -16 -2 8 21 19 21 26 14 10 16 6 2 -3 -1 -2 -1 7 12 15 4 -12 -25 -30 -30 -23 -16 -11 -15 -17 -33 -58 -66 -85 -43 -22 22 51 121 118 139 134 168 154 159 110 84 17 -22 -76 -93 -125 -125 -132 -132 -129 -113 -110 -104 -104 -89 -60 -18 32 59 57 41 6 -26 -43 -21 30 80 121 148 141 113 73 46 26 13 4 7 13 10 -9 -21 -46 -70 -75 -54 -16 12 13 -4 -38 -64 -71 -63 -41 -13 11 20 17 18 30 44 39 26 23 21 30 38 33 33 24 19 9 -17 -27 -11 7 17 16 249 11738 305 132
13 17 7 1 -8 -11 -8 -16 7 14 0 5 3 1 9 4 10 10 -7 -9 4 2 -6 -7 -4 -4 -11 -17 4 19 7 8 2 -4 5 2 -3 3 -4 9 6 -3 -2 2 5 -5 -19 -27 -42 -49 -53 -51 -52 -82 -77 -82 -72 -35 2 57 106 131 165 175 175 167 145 125 115 77 34 -25 -81 -136 -163 -159 -144 -95 -37 10 30 14 -11 -47 -88 -90 -85 -50 -10 20 48 47 24 16 2 -1 30 71 105 120 100 45 7 -34 -44 -40 -50 -53 -33 -15 12 28 14 1 -25 -57 -69 -86 -73 -41 -27 -20 -21 -28 -24 -5 -3 -2 79 55 55 16 30 -16 18 -7 18 -25 2 -7 13 -4 18 6 13 -8 -7 -10 -10 -4 8 5 -11 -18 -15 -10 -2 -8 6 10 5 -7 -10 -38 -43 -41 -43 -39 -26 3 37 56 82 107 121 126 124 134 127 113 66 35 -21 -85 -116 -139 -155 -145 -139 -121 -101 -92 -73 -44 -25 7 29 44 54 29 3 -18 -21 -16 16 48 85 123 131 117 96 46 31 16 6 9 4 -14 -17 -30 -49 -63 -85 -77 -43 -13 21 31 10 -10 -39 -55 -61 -71 -62 -18 24 47 70 68 62 59 29 20 25 32 34 29 21 19 3 -17 -24 -36 -18 26 -21 254 10029 305 132
-3 -3 3 16 23 33 30 25 18 8 6 11 21 41 41 23 1 -33 -50 -60 -74 -76 -59 -55 -75 -105 -118 -122 -107 -79 -32 38 92 127 139 117 95 80 89 110 112 103 86 58 22 -11 -25 -13 3 13 -8 -37 -66 -93 -110 -96 -58 -17 9 13 -28 -90 -150 -173 -140 -58 44 126 156 129 68 -4 -55 -62 -27 36 86 99 80 44 -3 -51 -67 -49 -13 19 43 55 44 4 -52 -85 -84 -65 -30 5 17 1 -20 -43 -58 -55 -31 2 34 53 47 32 8 -20 -26 -12 18 50 65 65 39 7 -22 -30 -15 12 23 29 21 -9 -35 -33 -8 2 1 -8 -13 -12 -8 -2 6 -2 -17 -30 -25 -2 28 49 43 11 -20 -19 0 32 65 86 59 9 -35 -54 -50 -28 8 41 42 24 1 -20 -32 -33 -20 -6 -4 -6 -1 10 5 -9 -13 -12 -6 2 13 28 33 23 10 -9 -18 -13 -5 3 5 -4 -8 -14 -18 -12 6 26 29 20 5 -17 -31 -32 -13 -2 6 22 21 12 -1 -11 -18 -34 -39 -24 1 20 18 13 13 3 -6 -12 -23 -24 -20 -7 -2 2 16 13 7 -1 6 19 15 4 -1 2 3 4 12 16 3 -12 -18 -26 -34 -36 -19 -4 2 0 -8 -7 -4 0 6 259 8139 305 132
-10 -13 -11 -12 -9 -3 8 12 7 4 1 -3 -6 -5 -2 -8 -8 -7 1 9 6 9 10 9 9 2 0 -4 -13 -12 -9 -1 21 40 37 16 1 -13 -34 -46 -42 -24 -19 -21 -4 11 4 -3 -24 -30 -35 -13 31 61 69 70 74 93 92 74 37 -30 -115 -170 -158 -99 -23 45 78 73 37 -20 -50 -49 -25 12 34 35 7 -37 -71 -86 -69 -12 50 82 71 32 -11 -36 -39 -25 21 68 70 36 -13 -50 -61 -43 13 60 74 63 30 -12 -49 -67 -52 -20 7 15 4 -15 -25 -13 17 44 57 42 12 -26 -49 -27 9 36 49 34 11 -20 -41 -35 -9 21 45 52 39 9 -20 -37 -37 -26 -13 3 3 -8 -10 -14 -18 -11 -7 3 7 -4 -17 -27 -23 -14 -2 18 31 30 27 23 17 21 31 28 18 11 -1 -19 -30 -34 -32 -45 -56 -59 -54 -57 -57 -52 -23 23 73 105 123 107 53 -11 -58 -79 -79 -52 -5 38 57 45 10 -13 -15 2 35 68 74 51 -1 -52 -84 -80 -37 9 34 40 34 9 -31 -56 -42 1 33 29 20 -10 -58 -75 -51 -1 51 84 91 68 18 -29 -49 -38 -6 29 47 24 -28 -60 -51 -18 18 33 28 -5 -43 -58 -57 -20 19 34 11 -10 -29 264 1512 305 132
47 13 -26 -53 -55 -52 -30 11 50 61 40 7 -21 -40 -53 -57 -40 -20 -4 19 22 11 -6 -28 -36 -33 -14 25 56 67 51 18 -2 1 22 45 46 42 37 17 -11 -31 -35 -46 -65 -94 -115 -115 -120 -115 -101 -96 -84 -50 0 51 82 95 99 97 97 111 144 171 161 119 59 1 -32 -30 4 33 39 22 -27 -74 -129 -153 -125 -72 -13 20 11 -29 -89 -137 -146 -117 -53 25 98 135 128 77 10 -41 -61 -43 24 88 118 104 54 -2 -55 -79 -55 -8 32 54 52 18 -35 -79 -89 -66 -34 -6 14 15 -5 -28 -42 -47 -37 -10 23 36 42 43 23 -1 -14 -14 2 22 36 51 51 35 15 0 -13 -15 -4 12 20 15 4 -2 -22 -39 -39 -31 -11 11 19 17 0 -12 -18 -25 -25 -7 15 23 13 3 5 11 12 21 34 33 33 35 28 18 -2 -17 -13 -9 -2 4 7 3 -27 -55 -99 -31 -11 28 38 54 11 -9 -50 -49 -51 -18 -2 28 38 49 34 35 20 12 3 -3 -3 13 27 31 14 -17 -37 -33 -18 -1 8 1 -23 -47 -56 -33 -8 6 16 13 -9 -18 -22 -7 1 5 23 26 18 11 9 11 8 1 -1 -2 0 -3 7 10 0 -14 -30 -32 -17 -6 8 269 13952 305 132
15 12 -6 -20 -9 9 16 12 13 13 0 3 2 6 10 11 5 2 -9 -15 -5 9 12 8 3 -10 -17 -20 -11 -1 0 5 1 -6 -11 -14 -6 -3 3 5 16 30 35 36 53 58 59 53 52 61 58 43 22 -7 -38 -62 -77 -95 -109 -107 -137 -128 -165 -169 -156 -79 -53 16 52 107 78 67 34 49 44 88 121 154 142 106 39 -26 -77 -78 -46 6 39 58 46 -3 -70 -103 -96 -77 -56 -8 38 42 8 -30 -51 -60 -43 4 60 99 87 42 0 -38 -49 -20 34 76 86 68 30 -4 -21 -31 -31 -13 10 32 34 25 10 -10 -36 -60 -62 -35 -6 18 41 37 11 -22 -44 -49 -26 8 28 29 13 -17 -24 -22 -7 8 14 22 24 11 -4 -11 -1 15 34 52 60 54 31 5 -17 -43 -67 -67 -63 -59 -63 -64 -95 -132 -145 -119 -70 -23 23 72 100 94 88 96 111 137 155 151 146 66 36 -2 -9 -44 1 17 29 -18 -29 -85 -107 -147 -112 -76 -15 15 21 -9 -60 -119 -144 -125 -53 41 122 153 134 75 4 -54 -71 -48 11 65 92 93 54 -2 -46 -72 -63 -29 19 53 48 14 -43 -81 -81 -66 -29 9 33 31 2 -24 -50 -57 -35 -4 28 45 48 49 35 12 -10 276 7256 305 132
-7 -3 -5 -11 -16 -17 -10 -4 2 6 5 6 13 14 5 -3 -2 -3 -5 -1 7 14 3 -14 -16 -11 -2 12 18 17 5 -6 -23 -38 -35 -16 -2 11 22 31 27 22 8 -8 -13 -9 -2 3 0 -8 -28 -54 -69 -83 -99 -84 -108 -88 -65 0 43 119 147 176 162 179 143 129 84 93 77 60 9 -20 -71 -105 -132 -93 -57 -38 -32 -28 -33 -43 -61 -71 -78 -79 -62 -18 21 28 25 3 -6 -11 13 54 84 87 84 46 -4 -25 -14 -21 -21 -4 21 17 -3 -9 4 4 -20 -35 -37 -35 -33 -35 -32 -28 -27 -18 -21 -23 -15 4 27 37 27 16 1 -10 -13 -9 -3 4 14 20 16 18 21 23 14 4 3 -6 -3 5 -3 -1 1 1 8 9 11 3 -11 -15 -16 -21 -35 -42 -41 -46 -52 -55 -43 -26 -7 27 65 88 111 122 130 142 146 147 127 82 31 -28 -88 -121 -129 -125 -128 -126 -112 -94 -83 -88 -84 -73 -51 -23 -1 25 18 -20 -39 -27 -1 22 57 99 125 125 117 102 78 45 23 17 19 25 19 3 -35 -70 -81 -55 -32 -5 20 32 6 -36 -51 -70 -87 -53 -12 -3 -11 -1 23 32 28 26 37 36 26 33 44 45 42 27 8 -13 -19 -1 11 14 19 280 3563 305 132
4 10 1 2 -6 -8 -14 -10 -5 8 12 11 -1 -8 -13 -10 -3 6 15 8 -1 -4 -12 -12 -1 2 12 20 24 24 24 25 38 50 54 58 55 42 20 -10 -47 -65 -75 -83 -89 -103 -120 -131 -147 -141 -124 -84 -29 20 60 72 51 24 14 30 53 88 135 170 169 118 37 -28 -75 -79 -45 11 66 77 51 0 -63 -108 -132 -129 -91 -50 -4 37 39 21 -11 -33 -34 -10 16 33 46 43 24 9 -2 11 41 61 77 73 47 11 -27 -33 -19 -3 23 34 18 -8 -25 -38 -49 -51 -49 -30 6 30 49 47 16 -14 -35 -27 -3 14 28 31 20 4 -22 -31 -14 10 29 36 29 3 -19 -22 -14 9 35 48 48 32 16 -1 -26 -38 -48 -46 -44 -54 -64 -76 -98 -111 -110 -90 -56 -19 26 63 80 85 91 95 91 102 122 130 121 82 39 1 -32 -34 -8 17 25 1 -35 -73 -119 -139 -117 -72 -20 22 34 3 -53 -115 -141 -116 -56 26 100 136 129 81 14 -38 -57 -41 -5 37 82 89 60 10 -28 -44 -40 -21 10 32 24 -11 -50 -81 -92 -62 -22 18 35 15 -15 -42 -55 -36 -2 41 61 59 45 26 4 -13 -28 -39 -30 2 40 70 74 52 20 -13 -42 -51 -41 -15 17 285 2851 305 132
-21 -26 -23 -7 8 25 42 52 48 38 29 20 33 50 42 16 -18 -46 -51 -45 -32 -32 -56 -85 -114 -137 -141 -119 -86 -55 -20 10 29 53 82 112 125 119 125 138 143 129 98 68 25 -19 -28 -3 23 32 13 -28 -80 -126 -138 -106 -55 -4 25 16 -31 -100 -161 -170 -114 -33 54 120 135 108 49 -9 -45 -45 -2 49 91 107 86 36 -12 -53 -69 -46 0 34 47 45 15 -34 -73 -82 -65 -38 -3 20 8 -11 -37 -52 -45 -28 -1 28 42 39 24 7 -12 -22 -17 -3 19 39 58 64 41 11 -11 -20 -13 -7 10 29 28 6 -22 -34 -33 -30 -16 -7 -3 4 7 1 -9 -12 -5 4 8 -2 -8 0 -3 -6 -3 9 27 39 42 44 34 16 -3 -13 -6 6 9 11 19 21 7 -13 -35 -53 -56 -48 -16 27 42 27 -1 -21 -32 -42 -34 -11 9 18 21 20 14 9 19 28 28 18 6 -7 -14 -4 8 16 14 -4 -8 -3 -6 -32 -27 -31 -36 -46 -3 6 16 2 6 -27 -19 -31 -4 0 29 23 26 7 5 -4 5 3 20 14 10 3 -5 -7 -11 -20 -19 -18 -17 -15 -8 1 3 -8 -22 -21 -6 9 19 15 17 8 -13 -15 0 5 12 20 13 7 1 -3 -4 289 9371 305 132
-6 -13 -7 -1 3 12 13 12 7 -2 2 10 13 27 40 43 42 33 28 31 43 53 50 45 32 3 -47 -90 -102 -110 -113 -112 -121 -140 -161 -154 -105 -53 -5 37 59 60 47 41 55 76 91 109 132 143 124 72 -5 -64 -90 -68 0 70 112 99 37 -47 -126 -171 -149 -87 -19 20 42 -12 -11 -54 -50 -45 4 8 51 54 70 49 42 10 9 -3 28 45 69 66 47 20 -1 -21 -21 -14 6 22 13 -5 -27 -49 -67 -63 -30 2 24 33 36 27 -3 -30 -37 -35 -17 2 19 32 21 3 -13 -24 -15 14 32 30 26 23 12 -6 -14 4 32 45 49 40 16 -7 -35 -61 -70 -65 -59 -67 -93 -114 -128 -127 -104 -64 -17 24 60 77 81 80 83 97 116 139 158 145 104 55 10 -16 -23 -6 23 28 9 -27 -69 -105 -124 -125 -90 -38 7 14 -10 -64 -125 -157 -144 -82 10 99 160 155 94 21 -45 -63 -32 21 76 109 96 98 7 -25 -67 -65 -80 -27 -2 36 28 18 -40 -57 -78 -62 -47 -16 6 16 -6 -24 -35 -29 -5 32 59 57 37 12 -9 -19 -11 12 30 32 32 39 39 26 -4 -28 -42 -38 -13 13 34 36 6 -32 -51 -43 -22 -3 13 23 15 -5 -27 -28 -13 294 7754 305 132
13 -18 -39 -38 -18 4 4 -18 -24 -19 -17 -1 21 28 16 -3 -13 -10 -4 9 23 25 19 6 3 4 2 4 3 8 7 -2 -10 -5 4 -1 -11 -18 -26 -22 -13 -10 -8 -11 -16 -14 -13 0 26 34 31 18 5 1 -4 13 50 76 69 39 -2 -76 -145 -176 -168 -127 -63 7 66 85 73 36 -3 -22 -10 28 87 78 82 18 -11 -25 5 32 95 132 134 61 1 -45 -46 -26 14 48 50 17 -23 -66 -85 -69 -40 -8 0 0 5 5 -11 -34 -41 -40 -38 -37 -30 -27 -33 -30 -1 30 41 30 -1 -34 -63 -57 -19 27 56 52 12 -31 -57 -55 -35 -16 3 15 14 3 -6 -7 -8 -8 -10 -20 -14 -1 15 32 32 28 24 24 19 12 18 24 22 10 -3 9 28 33 29 19 5 -13 -20 -16 -16 -13 -11 -20 -27 -38 -43 -35 -32 -31 -37 -51 -67 -64 -26 35 98 152 172 150 88 31 -14 -48 -51 -24 17 58 73 64 26 -34 -68 -66 -42 -10 -9 -6 -80 -111 -147 -135 -97 -12 38 58 24 -8 -51 -53 -16 45 76 74 44 7 -34 -49 -27 7 40 67 75 64 39 17 5 5 7 17 20 9 -13 -22 -23 -14 2 18 25 10 -9 -20 -27 -26 -1 27 45 38 16 300 10019 305 132
-14 9 28 23 6 -10 -12 0 7 13 12 4 -1 -3 -5 -2 -2 11 8 4 0 -10 -9 -9 -4 2 5 16 26 31 37 36 40 46 58 58 40 19 -3 -32 -60 -84 -91 -96 -96 -91 -95 -120 -139 -143 -115 -61 -5 49 82 92 70 38 26 41 68 110 150 175 154 92 11 -60 -91 -83 -42 16 55 64 16 -27 -93 -132 -152 -89 -62 0 16 47 10 -2 -46 -41 -46 2 26 68 68 74 61 47 22 11 20 37 41 32 16 3 -10 -14 -14 -1 14 20 -2 -28 -45 -46 -31 -11 1 6 11 18 23 27 18 -7 -19 -28 -18 7 34 37 24 2 -14 -31 -35 -25 -1 22 26 7 -4 -11 -7 3 22 34 41 36 19 4 -3 -16 -32 -52 -65 -66 -68 -78 -95 -99 -91 -73 -39 4 41 66 84 94 93 83 76 97 123 130 104 65 20 -14 -27 -26 1 20 15 -17 -61 -108 -146 -157 -117 -52 9 43 34 -8 -68 -124 -138 -100 -22 60 118 138 126 52 -4 -49 -33 -34 41 81 121 79 61 -9 -50 -88 -40 -24 16 35 46 0 -48 -83 -78 -69 -50 -13 21 18 -4 -15 -26 -46 -42 -12 23 39 35 23 8 -7 -11 -7 13 25 30 42 41 17 -12 -22 -23 -15 5 20 18 304 12023 305 132
3 -1 -3 1 5 6 8 12 17 8 3 -3 -23 -28 -23 -12 2 3 8 19 12 1 -9 -11 -4 4 14 21 23 17 7 1 -1 4 8 -5 -14 -26 -27 -11 -2 12 24 17 15 4 -13 -45 -59 -42 -33 -39 -41 -47 -64 -77 -68 -31 2 34 69 115 155 171 175 162 138 118 113 123 107 48 -37 -123 -184 -190 -161 -117 -79 -56 -48 -55 -67 -84 -90 -88 -70 -39 4 52 78 66 58 44 29 36 61 81 97 96 78 32 -18 -53 -70 -61 -43 -17 4 13 8 -7 -26 -38 -48 -38 -35 -31 -18 -2 12 5 -21 -31 -24 -10 0 8 25 38 30 9 -12 -21 -21 -15 -4 7 17 18 13 9 4 6 7 0 4 4 -1 1 4 16 26 23 15 -5 -18 -21 -16 -10 -4 -5 -19 -36 -58 -82 -80 -71 -52 -10 37 84 102 99 95 107 113 121 133 137 109 56 6 -37 -87 -139 -168 -174 -171 -149 -115 -91 -85 -93 -79 -39 6 57 77 59 32 2 0 17 47 90 125 137 122 92 62 38 3 -18 -24 -11 1 9 2 -20 -46 -78 -91 -78 -50 3 41 47 18 -25 -55 -68 -65 -47 -13 23 42 48 51 46 33 18 11 8 10 19 25 19 14 5 -6 -13 -18 -6 12 20 24 4 13988 305 3588
27 21 13 10 14 22 34 41 38 28 19 7 -8 -11 0 6 18 15 6 4 3 -2 -3 -7 -5 -17 -32 -43 -46 -38 -31 -27 -35 -41 -49 -50 -42 -9 44 102 152 167 137 78 17 -35 -57 -55 -46 -10 47 57 29 -12 -36 -31 -49 16 36 47 -13 -76 -159 -180 -143 -59 -6 42 35 14 -26 -62 -63 -16 33 69 71 42 5 -27 -24 2 31 44 53 54 43 34 37 32 23 11 9 13 5 -12 -38 -57 -43 -14 13 34 39 14 -11 -18 1 21 31 25 16 6 -14 -27 -14 17 41 44 39 27 4 -9 -14 -4 3 3 -5 -25 -44 -47 -41 -30 -19 -15 -2 4 -4 -10 -12 -21 -25 -12 -3 5 10 11 12 6 7 16 15 14 18 20 17 8 5 6 -2 -16 -18 -10 -10 -11 0 -1 -5 -8 -8 -2 -7 -6 4 2 4 -3 -7 -6 -6 -2 11 15 13 -2 31 -1 14 1 -11 -39 -18 -20 -13 -13 17 22 16 -5 -7 -7 -9 -23 -21 -13 -9 -1 2 8 6 -6 -23 -33 -33 -11 19 46 45 33 14 -5 -10 -5 3 4 -3 7 13 15 27 27 12 0 -19 -31 -27 -8 7 12 8 -10 -15 -10 -8 -3 4 11 7 -12 -6 14 28 32 20 5 -9 -22 -16 9 7620 305 3588
-1 -5 3 4 -4 -4 5 8 6 -3 -11 -19 -15 -12 -9 0 4 0 -5 -8 -3 2 9 10 2 1 -1 -3 -2 6 15 8 0 -9 -18 -20 -24 -30 -34 -53 -70 -80 -84 -75 -65 -41 3 46 85 114 134 145 147 139 118 108 106 107 106 70 3 -71 -141 -183 -187 -150 -94 -47 -16 2 -13 -40 -66 -78 -74 -60 -18 33 77 106 92 54 16 -10 -18 -8 34 82 104 99 57 16 -29 -77 -93 -82 -54 -12 17 34 15 -26 -58 -63 -46 -22 -6 9 6 -5 -15 -8 9 11 9 0 -12 -11 -5 9 28 37 29 7 -20 -34 -31 -10 6 14 17 7 0 -4 2 12 13 16 19 24 31 23 14 5 -11 -27 -33 -26 -21 -23 -25 -29 -36 -50 -65 -62 -41 -14 14 40 64 87 107 126 132 130 119 102 81 51 16 -19 -60 -92 -122 -135 -133 -123 -121 -119 -116 -109 -90 -51 -1 47 79 88 73 28 -20 -33 -15 21 68 111 132 114 76 40 12 -5 -11 3 22 24 15 0 -26 -64 -96 -99 -81 -48 -2 32 51 37 5 -29 -55 -53 -28 -1 25 43 48 41 20 -3 -13 -11 -5 -2 11 25 32 31 21 9 -3 -7 -2 -1 3 6 6 13 15 7 -6 -24 -35 -35 -26 -15 -10 15 1892 305 3588
36 32 29 16 28 29 16 10 4 -3 -1 2 7 26 21 25 22 -9 -13 -3 7 35 34 36 35 15 -19 -28 -31 -40 -47 -72 -84 -70 -59 -29 13 40 93 127 128 106 62 1 -32 -51 -46 -14 10 53 70 40 -3 -54 -76 -49 3 63 101 76 -9 -84 -156 -175 -131 -91 -35 6 -3 -18 -40 -33 -24 12 27 70 33 24 -12 -4 -36 -2 4 63 71 74 38 21 -18 6 8 34 57 50 13 -11 -45 -50 -31 -10 12 16 1 -11 -10 2 27 44 43 43 13 -13 -20 -34 -24 20 36 37 29 13 1 -10 -24 -8 -7 4 9 -5 -18 -25 -43 -44 -35 -24 -18 -14 -20 -13 0 -5 7 9 6 5 -8 -10 0 -6 -1 8 7 5 2 -2 12 14 9 4 -10 -22 -25 -14 14 41 45 46 45 10 -10 -8 -24 -24 -16 -13 -4 -10 5 11 -1 -22 -36 -56 -51 -23 16 47 54 21 -6 -12 -13 -9 -13 -18 0 11 15 17 14 20 4 -34 -46 -43 -29 6 22 5 -11 -8 -5 -1 3 8 10 6 -8 -13 -1 24 36 24 20 12 -8 -2 -1 -2 10 11 11 16 -1 -3 9 10 8 7 -2 -9 -5 1 14 17 11 13 7 -8 -2 -12 -12 3 2 4 2 -11 -11 19 10063 305 3588
-12 -8 -10 5 7 0 -10 -15 -1 5 -6 -6 5 3 -4 -7 -12 -14 -9 -3 11 11 5 14 15 11 13 6 5 3 -4 4 8 4 0 -7 -4 -11 -18 -4 -33 6 -13 8 -17 17 -20 -1 -28 5 -23 12 -4 12 0 30 58 67 39 26 -16 -84 -150 -171 -133 -61 -5 31 61 61 35 -5 -51 -39 11 65 101 110 69 33 -14 -41 -15 43 95 127 124 91 48 6 -1 6 20 29 29 -21 -81 -126 -121 -67 -5 29 55 40 2 -34 -87 -100 -65 -30 -2 0 -12 -11 -21 -20 -6 9 17 28 30 21 14 17 15 11 -19 -36 -32 -38 -39 -57 -61 -33 -13 2 28 22 12 -5 -25 -22 -8 7 25 29 16 4 9 19 31 41 51 62 42 9 -4 -10 2 12 12 21 13 -7 -12 -10 -14 -19 21 -17 3 -25 -15 -56 -28 -62 -37 -72 -35 -46 -33 -32 26 58 116 141 148 117 51 -22 -53 -64 -47 -18 20 51 46 10 -27 -57 -62 -31 26 57 66 23 -50 -117 -158 -139 -75 -25 19 32 -2 -26 -56 -55 -9 43 74 80 39 -11 -60 -80 -58 2 58 107 124 94 53 5 -16 6 15 15 30 15 -10 -25 -27 -15 -7 -9 -6 -11 -15 5 33 35 45 39 20 6 -20 24 9675 305 3588
-24 -40 -24 -14 -2 16 16 25 27 9 -3 -18 -16 6 6 2 2 1 3 -4 -7 1 10 2 -16 -28 -41 -32 -8 17 44 36 20 16 -11 -46 -63 -65 -65 -70 -69 -54 -49 -46 -27 -6 9 49 94 124 148 152 157 164 136 95 84 85 73 12 -59 -109 -127 -193 -152 -131 -71 -63 -14 -28 -11 -41 -28 -48 -36 -38 -4 8 39 38 34 39 27 7 16 32 63 90 77 65 37 -3 -24 -42 -54 -36 -14 -2 3 -1 -12 -15 -21 -31 -15 -3 -6 -9 -22 -9 -12 -25 -22 -17 -15 -4 -6 12 27 25 13 4 -7 -11 -16 -23 -17 -6 -4 6 18 18 29 21 13 19 5 10 20 18 28 20 4 -13 -36 -46 -38 -22 -10 8 0 -32 -56 -85 -97 -66 -35 14 64 95 127 126 112 118 107 94 94 75 53 27 -13 -54 -102 -140 -151 -157 -165 -147 -106 -63 -32 -35 -31 11 29 40 59 45 11 -25 -38 -7 31 54 75 89 95 90 62 36 26 15 6 3 -9 -14 -11 -24 -43 -61 -74 -59 -44 -24 22 45 45 29 -5 -29 -31 -29 -21 -13 -1 19 32 21 11 7 5 15 11 1 14 20 19 19 1 4 -3 -20 -17 -7 11 39 43 32 20 3 -19 -25 -28 -29 -17 -12 -10 35 9821 305 3588
-32 -8 11 15 0 -19 -32 -46 -48 -32 -14 4 18 19 5 -12 -19 -18 -12 -2 10 24 25 20 18 13 20 24 33 42 40 31 18 3 -7 -8 3 12 11 5 3 1 -2 -6 -7 -11 -19 -24 -30 -31 -35 -38 -33 -33 -29 -28 -37 -43 -45 -18 38 86 139 171 160 106 32 -29 -68 -73 -48 -6 33 40 23 -6 -32 -39 -35 -16 8 3 -26 -65 -101 -111 -100 -68 -24 11 33 24 -16 -42 -44 -13 35 76 87 60 13 -38 -72 -65 -34 24 70 77 56 21 -2 -8 -4 21 41 31 1 -25 -34 -18 6 23 26 21 13 4 -5 -2 22 34 30 23 10 -5 -14 -16 -3 10 22 34 36 31 17 4 -5 -23 -22 1 9 -6 -19 -21 -31 -32 -18 -5 6 -37 -20 -29 -26 -37 16 0 -3 -24 5 2 27 27 66 65 72 45 52 42 57 54 53 31 4 -31 -63 -96 -109 -111 -108 -114 -132 -157 -168 -159 -120 -65 12 80 106 93 58 30 22 45 94 145 185 194 142 59 -40 -103 -115 -77 -2 60 75 62 9 -64 -136 -175 -156 -101 -41 9 31 31 6 -24 -44 -42 -9 33 73 89 74 59 35 3 -6 17 50 65 55 31 4 -19 -14 1 17 25 34 31 -1 -25 -38 -40 -45 37 12787 305 3588
-2 -1 -2 4 2 -14 -16 -11 -5 7 8 12 19 17 5 -3 -9 -13 -16 -9 6 20 18 21 23 8 -5 -14 -14 -7 1 12 15 6 -4 -15 -22 -30 -45 -61 -85 -105 -106 -81 -30 21 65 98 120 136 125 106 86 68 82 97 96 101 89 48 -24 -105 -158 -189 -186 -138 -55 25 54 34 -19 -87 -123 -115 -66 2 49 72 69 44 14 -16 -26 -16 4 44 76 97 95 64 14 -37 -68 -65 -42 -6 20 33 24 -8 -41 -66 -62 -30 -6 20 32 19 1 -23 -42 -44 -36 -24 -13 2 16 17 13 13 13 5 -3 -3 -2 -4 3 4 14 21 17 5 -10 -9 -6 -12 -2 13 31 41 32 21 8 -15 -36 -45 -33 -24 -16 -12 -17 -30 -53 -65 -57 -44 -12 20 44 73 92 109 122 124 123 114 97 69 29 -19 -56 -82 -102 -110 -102 -92 -82 -88 -104 -115 -114 -97 -65 -15 54 101 108 90 53 -5 -52 -64 -32 34 106 150 163 126 49 -22 -61 -56 -22 11 39 56 39 3 -40 -78 -96 -93 -65 -18 24 44 43 14 -27 -62 -66 -47 -9 32 55 48 25 0 -22 -34 -16 15 47 65 58 47 36 15 -6 -17 -16 -6 2 8 13 14 13 -2 -21 -32 -38 -40 -32 -10 -1 2 4 40 15993 305 3588
24 23 26 24 7 -12 -33 -28 -11 -8 -6 1 12 19 10 9 8 -2 -12 -21 -19 -1 19 32 21 5 -16 -18 -15 -15 -8 -9 -8 2 1 -3 10 14 14 2 -1 11 32 35 34 40 44 42 43 44 47 42 18 -2 -28 -63 -70 -79 -89 -93 -107 -125 -154 -174 -153 -98 -36 18 65 92 91 71 52 48 65 91 128 153 150 125 58 -13 -68 -98 -81 -41 6 43 42 13 -39 -90 -121 -117 -79 -26 12 29 32 25 2 -25 -21 1 41 69 74 63 29 2 -16 -23 -6 10 20 32 27 11 -10 -12 -12 -17 -8 -2 -1 -9 -8 -5 -11 -5 8 0 -5 4 15 18 0 -13 -16 -21 -21 -15 -7 -7 -11 -16 -23 -24 -11 15 43 46 38 26 6 0 -3 -1 13 28 47 63 54 34 3 -37 -66 -85 -88 -76 -63 -59 -76 -107 -123 -112 -85 -46 7 63 100 123 113 113 128 142 162 159 119 75 29 -6 -31 -44 -29 -6 5 -10 -51 -87 -118 -127 -111 -69 -11 30 44 24 -26 -74 -107 -103 -57 1 64 110 111 75 18 -36 -55 -38 0 36 55 62 42 -1 -36 -38 -35 -19 18 44 41 22 -13 -40 -59 -68 -55 -25 8 23 16 7 -7 -32 -38 -26 -6 15 39 45 31 10 -10 45 12804 305 3588
-4 -8 -11 -12 2 14 7 10 4 -5 2 -4 -7 3 2 3 2 -7 -3 -5 -11 -1 7 3 8 1 -8 -5 -5 -8 -4 -1 10 12 -7 -18 -28 -50 -51 -51 -47 -37 -43 -51 -28 -2 31 69 101 118 120 102 88 82 72 79 99 103 87 45 -15 -77 -150 -200 -188 -149 -83 -7 37 51 18 -34 -73 -96 -87 -36 33 86 105 85 44 4 -26 -34 -20 0 33 72 85 84 52 -3 -40 -76 -85 -64 -34 4 30 28 5 -23 -39 -43 -26 -11 12 39 36 20 -11 -28 -21 -24 -23 -12 -4 15 23 13 6 -4 -10 -6 -3 6 14 18 14 9 -1 -11 -12 -13 -5 12 7 2 17 15 26 7 14 -1 3 -22 -10 -28 -11 -29 -14 -22 -23 -46 -28 -32 -27 -19 23 48 80 88 106 108 84 63 63 52 42 6 -31 -43 -75 -110 -118 -122 -116 -98 -88 -79 -69 -66 -50 -11 22 62 87 76 56 28 -24 -30 -31 -4 52 90 106 106 68 21 -29 -60 -49 -4 43 66 63 28 -15 -55 -100 -110 -92 -48 21 51 59 56 25 -7 -33 -52 -40 -11 17 44 51 41 24 -4 -35 -36 -17 5 39 49 28 1 -15 4 12 1 10 20 26 18 -9 -24 -23 -35 -39 -20 2 19 30 27 18 52 2213 305 3588
24 -6 17 -32 -15 -32 -6 -9 15 -18 -4 -9 18 31 23 3 6 -9 1 3 -3 1 3 0 10 -2 -14 -8 1 3 16 10 2 -3 -25 -36 -39 -57 -48 -40 -47 -44 -59 -61 -33 -8 37 87 117 135 140 123 109 93 72 61 66 69 64 -3 -79 -105 -153 -191 -147 -90 -31 26 47 47 15 -40 -85 -86 -61 -13 36 60 67 48 18 -1 -30 -33 4 34 65 90 84 60 5 -53 -72 -79 -68 -42 -13 22 38 28 4 -24 -47 -37 2 25 37 34 4 -3 -24 -57 -76 -68 -39 2 19 44 56 40 22 -3 -22 -30 -27 -11 10 24 33 35 14 -15 -5 -7 -8 -9 -22 -20 -4 14 46 42 14 7 -15 -33 -42 -41 -34 -18 -11 -5 -7 -14 -17 -13 -16 -4 19 44 83 109 118 128 105 68 57 44 33 -2 -55 -87 -115 -129 -122 -106 -93 -83 -82 -88 -88 -68 -21 40 73 89 83 62 34 -26 -51 -15 2 18 71 104 123 107 46 -7 -31 -46 -29 8 28 38 30 -5 -44 -78 -88 -58 -27 20 72 74 53 37 -14 -45 -59 -61 -36 -4 14 27 22 -1 -18 -33 -34 -15 16 39 58 48 42 17 -24 -40 -28 -19 8 25 37 53 40 28 9 -29 -48 -36 -27 -16 -15 -7 6 56 6432 305 3588
-3 -6 -7 2 -2 -9 -8 -5 -4 -3 -2 -1 6 2 -4 3 0 -9 -11 -15 -3 3 3 18 18 10 5 -10 -9 2 -1 5 5 -12 -25 -29 -45 -66 -70 -63 -60 -74 -84 -56 -22 12 50 78 108 135 137 139 124 96 83 82 88 86 57 27 -19 -98 -160 -180 -163 -120 -61 -16 14 16 -5 -25 -47 -50 -22 -4 3 6 2 15 34 29 26 29 36 44 38 28 34 30 10 0 -13 -26 -23 -24 -12 -3 -11 -9 -12 -23 -16 -5 -8 -4 -1 12 28 21 1 -23 -44 -39 -20 -11 1 24 15 3 -6 -15 -7 -2 -9 2 -6 -14 -8 -3 8 14 10 11 8 1 6 18 24 30 28 24 21 2 -19 -24 -32 -41 -36 -41 -37 -26 -35 -41 -47 -49 -23 5 30 68 93 116 126 109 103 111 93 62 40 13 -20 -51 -87 -107 -119 -140 -134 -123 -112 -98 -97 -79 -34 0 39 75 89 78 40 4 -14 -17 -2 34 74 97 100 76 37 15 1 4 10 2 -6 -18 -30 -33 -42 -42 -23 -20 -14 -5 -4 2 4 -3 -1 -7 -18 -17 -14 -12 -6 3 1 0 -5 3 11 5 8 23 21 29 46 23 -3 -10 -15 -9 0 25 35 22 5 -11 -35 -32 -23 -15 -11 0 -15 -7 -6 62 3480 305 3588
14 19 19 15 9 11 7 -5 -4 3 0 -10 -30 -35 -26 -8 9 18 24 25 4 -24 -49 -45 -26 -5 15 26 32 25 11 15 20 19 4 -14 -21 -27 -29 -26 -37 -62 -90 -99 -72 -29 16 53 82 107 118 125 129 127 116 95 83 77 55 17 -35 -97 -151 -190 -186 -131 -67 -3 37 35 8 -30 -60 -81 -76 -45 -4 32 48 44 24 3 -17 -24 -5 43 85 113 110 75 30 -17 -55 -73 -62 -27 7 28 33 14 -9 -36 -53 -53 -33 -1 13 16 7 -9 -28 -39 -41 -33 -20 0 20 35 46 39 23 17 5 -9 -12 -6 1 7 9 16 16 9 -2 -16 -25 -19 -2 2 6 -1 -9 -10 -12 -13 -3 5 11 10 2 -5 -12 -25 -37 -46 -43 -34 -25 -4 27 51 66 78 82 93 70 126 117 109 64 40 -33 -71 -99 -103 -141 -135 -128 -94 -77 -55 -49 -41 -40 -14 16 53 81 88 58 3 -56 -83 -58 -13 47 99 121 120 89 37 2 -2 9 23 41 45 39 18 -23 -72 -106 -95 -55 -11 24 45 40 15 -29 -82 -112 -97 -63 -19 19 50 55 31 1 -9 -2 20 49 66 68 60 39 12 -8 -23 -32 -32 -23 -3 12 20 18 9 2 -10 -23 -33 -43 -46 -36 -19 2 72 12683 305 3588
-34 -33 -20 -3 2 -4 8 12 0 -24 -41 -34 -10 6 23 37 30 7 -5 -8 -6 4 -2 -4 7 14 26 37 32 20 -5 -22 -39 -44 -31 -15 -15 -27 -50 -70 -87 -99 -94 -76 -48 -14 25 63 99 137 158 161 159 143 134 129 121 109 71 15 -50 -109 -157 -178 -164 -124 -74 -35 -19 -19 -29 -41 -48 -53 -42 -14 12 34 43 39 29 7 -9 4 25 51 67 82 73 41 5 -27 -46 -52 -52 -31 3 17 9 -9 -16 -29 -37 -27 -8 5 18 16 7 -18 -35 -53 -52 -27 -12 -14 22 14 25 11 25 6 19 11 17 -9 1 -14 3 -3 8 6 7 -2 -3 -17 -1 13 24 23 15 15 9 -8 -15 -13 -20 -41 -51 -56 -51 -37 -31 -30 -21 -23 -12 7 25 46 79 108 131 138 149 145 124 91 55 21 -25 -66 -103 -140 -161 -163 -144 -123 -110 -97 -88 -71 -48 -22 18 52 69 70 49 13 0 5 24 51 75 92 94 88 74 57 40 18 -1 -6 5 10 -7 -41 -72 -100 -100 -77 -37 15 44 37 15 -3 -15 -26 -33 -25 -2 15 17 29 28 15 -2 -8 -6 0 5 28 47 55 48 27 0 -14 -29 -34 -21 12 -1 19 12 24 -4 1 -25 -19 -38 -22 -33 -14 -18 74 5717 305 3588
-17 1 11 27 39 28 6 -5 -17 -7 0 -4 -1 -5 -17 -4 -1 -1 10 -3 -14 -12 -20 -13 -1 4 10 4 -6 -4 4 8 9 6 -7 -17 -39 -51 -43 -46 -55 -59 -68 -64 -49 -33 11 55 87 117 127 135 140 126 116 108 98 97 69 10 -38 -81 -138 -173 -178 -144 -89 -42 -10 18 0 -23 -44 -54 -32 1 18 50 60 58 42 12 -12 -2 10 17 41 57 59 58 37 11 -8 -45 -40 -37 -27 -7 6 5 11 1 4 -14 -40 -45 -32 -19 -10 3 8 16 -2 -31 -27 -15 -29 -19 -13 5 15 26 37 32 -5 -22 -30 -31 -27 -14 15 36 24 8 1 -9 -9 5 13 18 14 1 17 30 9 -4 -19 -32 -45 -71 -66 -37 -30 -31 -36 -44 -27 1 25 58 94 112 127 122 107 117 117 101 80 24 -28 -53 -90 -115 -138 -159 -142 -124 -117 -106 -88 -61 -26 10 41 70 89 85 69 28 -13 -25 -31 -11 43 75 95 86 61 31 6 -9 -1 3 29 38 22 -6 -32 -54 -60 -57 -49 -20 6 18 31 27 8 -1 -33 -35 -33 -27 -8 11 4 5 -6 -10 0 10 11 7 59 48 56 13 25 -5 1 -23 11 -22 1 -16 6 4 20 -11 3 -19 -13 -21 -26 -44 -33 77 176 305 3588
2 -3 -6 5 -2 -2 10 6 12 12 -5 -6 -6 -4 14 13 7 16 20 25 30 12 0 3 -3 -11 -24 -52 -42 -28 -30 -18 -12 4 17 -8 -34 -38 -54 -58 -54 -56 -36 -27 -30 -18 5 33 74 98 95 92 85 103 134 138 146 142 110 70 -9 -96 -135 -171 -192 -158 -107 -59 -14 6 12 0 -38 -58 -40 -9 43 80 86 76 30 -18 -24 -31 -32 -7 10 30 46 39 38 32 6 -12 -32 -42 -29 -14 -11 5 0 -18 -24 -32 -25 -2 6 20 28 7 1 -8 -22 -15 -22 -27 -15 -22 -21 -9 -5 -10 -5 -7 4 15 4 11 16 10 7 -2 -12 0 -10 -4 13 10 15 23 15 25 26 17 10 -7 -22 -25 -24 -27 -18 -24 -37 -40 -50 -40 -13 -1 33 65 78 97 107 103 111 99 86 80 63 41 2 -50 -93 -102 -109 -108 -107 -128 -134 -133 -136 -107 -67 -19 56 96 107 102 74 35 -13 -46 -28 2 24 66 105 96 54 7 -29 -35 -27 6 55 75 63 31 -17 -44 -66 -89 -78 -64 -44 6 40 55 51 30 9 -21 -49 -46 -13 9 18 13 -14 -26 -37 -57 -41 -23 9 73 95 78 52 10 -25 -72 -119 -109 -69 -14 31 47 38 16 -13 -39 -38 -1 55 112 121 82 14423 305 3588
8 0 -4 0 -9 -15 -5 -9 5 19 2 -5 -2 19 -20 14 -3 24 -19 21 12 25 -16 17 -2 20 -10 -16 -35 -25 -36 -18 -5 18 31 17 -15 -26 -45 -75 -82 -82 -63 -29 -12 18 42 49 71 80 81 103 115 125 133 117 96 71 27 -8 -43 -101 -158 -179 -168 -98 -25 16 50 50 10 -40 -94 -110 -83 -41 14 52 64 65 43 4 -25 -30 -11 37 73 88 98 78 36 -10 -68 -92 -71 -47 -11 13 17 27 9 -23 -31 -34 -19 10 17 20 18 -8 -26 -28 -30 -20 -6 0 23 31 21 20 13 -3 -14 -28 -27 -7 -8 4 24 12 5 -4 -17 -4 0 12 28 27 23 22 4 -10 -16 -23 -22 -18 -26 -9 2 -22 -27 -27 -41 -36 -36 -31 -9 0 25 66 89 105 113 108 105 91 62 50 33 2 -18 -55 -104 -127 -145 -141 -119 -107 -87 -68 -51 -22 1 23 51 75 80 65 17 -36 -53 -51 -28 24 72 118 137 102 61 22 -23 -32 -26 -10 31 52 39 8 -43 -81 -91 -85 -59 -30 -7 33 66 59 37 6 -12 -22 -44 -47 -10 10 13 17 12 10 10 5 14 18 16 34 34 -1 -4 14 -1 -22 -22 -2 16 24 25 23 1 -22 -35 -31 -17 -11 -2 5 -24 85 8899 305 3588
-3 -9 -10 4 0 -10 5 4 -7 -11 -20 -18 -3 3 21 19 9 9 7 -26 14 3 11 -14 22 -11 11 -23 8 -2 9 -18 8 -27 2 -18 -11 -5 9 -6 7 -6 -3 -7 -22 -37 -26 -20 -16 -18 -37 -53 -67 -71 -46 -40 -25 22 48 72 115 139 166 180 161 145 134 106 81 43 -7 -35 -58 -98 -117 -132 -126 -96 -75 -46 -24 -37 -38 -52 -69 -66 -43 -3 48 54 39 28 -8 -51 -56 -27 29 85 109 105 67 0 -36 -47 -52 -18 25 55 73 43 1 -21 -54 -69 -65 -63 -44 -33 -30 -11 -11 -28 -36 -45 -48 -19 16 35 53 45 26 9 -12 2 18 17 32 34 24 24 7 -2 7 5 0 -7 -19 15 -5 19 9 30 -27 0 -23 -11 -35 -18 -43 -11 -50 -34 -42 -29 -31 -19 -25 16 31 68 91 109 110 117 107 101 112 102 75 55 18 -18 -50 -92 -119 -152 -175 -167 -168 -157 -124 -100 -70 -36 -14 19 36 41 41 43 20 10 9 18 41 59 80 107 92 66 46 11 -2 26 41 59 71 61 41 -19 -92 -114 -101 -61 -1 42 47 23 -23 -69 -97 -110 -68 1 47 79 74 41 23 -2 -20 -9 -6 14 49 75 87 71 38 10 -26 -55 -47 -15 8 33 29 91 14442 305 3588
-12 8 27 25 37 25 -7 -11 -14 -17 -21 -39 -29 0 4 9 10 -1 -4 -16 -27 -11 5 19 43 35 18 10 -3 0 15 -4 -14 -16 -24 -5 13 12 11 3 -4 -8 -23 -19 0 1 -8 -31 -61 -64 -51 -58 -59 -62 -80 -76 -71 -49 14 74 126 159 149 178 136 149 127 135 69 96 36 19 -57 -85 -142 -123 -132 -86 -57 -26 -23 -4 -31 -40 -52 -67 -63 -52 -27 16 30 27 28 15 20 25 19 34 54 62 57 33 2 -11 -29 -60 -53 -21 9 25 18 17 23 -2 -20 -37 -30 -6 -4 -8 -3 -23 -49 -56 -46 -27 -8 9 31 41 24 14 6 -20 -17 -6 -3 11 12 13 25 10 10 15 6 5 9 1 -9 -17 -11 20 36 20 4 -2 -6 -10 -39 -52 -31 -29 -28 -24 -45 -37 -28 -37 -20 -1 35 82 98 114 138 140 130 133 121 105 78 24 -31 -98 -165 -174 -148 -129 -105 -101 -97 -77 -89 -91 -60 -43 -11 22 49 54 37 13 5 7 10 36 74 97 120 112 95 65 6 -20 -11 -6 8 11 -9 -18 -42 -52 -41 -26 -4 13 10 5 8 6 -9 -40 -66 -54 -19 -11 6 26 33 37 18 -6 -3 -7 6 25 39 41 21 -7 -6 -8 -11 1 13 19 27 97 2222 305 3588
-5 -3 2 -5 -1 10 10 2 -12 -9 -2 -4 -9 -11 -8 4 18 -1 -3 9 3 6 -1 -14 2 2 2 12 2 -6 -5 -18 -15 -5 -13 0 16 8 11 11 4 7 1 -8 3 -6 -19 -18 -39 -41 -35 -49 -56 -74 -96 -78 -59 -47 -19 23 83 142 166 169 167 153 139 110 63 44 37 9 -24 -72 -119 -113 -109 -100 -72 -48 -15 7 -12 -33 -54 -63 -48 -40 -31 -4 26 47 42 -3 -26 0 30 54 82 86 83 60 -8 -47 -64 -69 -49 -31 -4 34 34 32 27 1 -29 -40 -48 -33 -14 -1 11 9 -14 -19 -21 -19 2 -2 1 17 13 19 26 0 -7 -15 -27 -24 -15 -11 5 14 5 -4 -10 -2 14 17 19 23 16 10 8 -3 10 20 12 8 -14 -23 -22 -34 -36 -34 -37 -36 -43 -53 -36 -19 31 55 86 78 116 101 112 112 124 81 68 10 -6 -58 -90 -121 -114 -137 -131 -127 -89 -63 -41 -44 -27 -11 8 26 32 31 24 -6 -15 -23 -30 4 48 78 107 101 76 58 30 9 -2 10 28 42 37 4 -38 -69 -73 -60 -45 4 48 55 39 -3 -36 -51 -73 -70 -39 -17 12 25 38 36 21 1 -1 -3 -2 19 39 48 52 25 -4 -9 -21 -23 -27 -25 -7 101 14193 305 3588
-16 -20 -5 -8 -12 -10 -8 6 -2 -27 -19 -16 8 37 26 20 8 -10 -9 -17 -40 -19 11 22 25 22 10 23 5 -5 5 10 2 16 -3 9 6 -7 -7 -3 -16 -3 -13 -37 -42 -42 -25 13 21 4 -7 -18 -41 -69 -93 -82 -76 -90 -58 -3 52 120 149 172 171 137 102 84 59 62 67 66 41 -10 -68 -101 -128 -143 -124 -90 -41 20 36 29 16 -43 -98 -126 -112 -29 31 52 81 76 42 2 -28 -25 9 40 56 68 53 21 -7 -39 -51 -47 -40 6 41 47 54 31 6 -17 -59 -73 -62 -35 -3 10 -6 -16 -12 -26 -36 -19 9 39 41 20 17 7 -4 -12 -29 -17 9 27 44 39 20 8 -7 -12 -9 -16 -8 3 0 -1 -3 -9 -4 0 -9 1 6 -6 -9 -17 -25 -18 -25 -28 -17 -24 -23 -16 -20 -2 19 47 95 119 129 149 143 108 84 61 16 -32 -89 -123 -138 -153 -134 -104 -85 -65 -58 -66 -61 -59 -34 13 49 70 69 38 3 -23 -40 -51 -35 9 72 137 165 158 97 17 -36 -78 -77 -38 8 61 67 24 -21 -60 -86 -73 -44 -5 42 49 22 0 -28 -58 -64 -59 -29 8 33 61 60 38 19 -14 -24 0 15 31 51 43 19 -8 -37 -37 -23 -13 19 114 1179 305 3588
-14 14 -11 13 -11 16 -42 -6 -18 26 0 21 -17 4 -17 2 -5 19 6 24 9 -5 -12 -9 -4 10 -5 -2 -1 -6 2 2 -8 6 6 -6 -6 1 9 12 5 7 7 -9 -10 0 -8 -14 -19 -39 -42 -51 -52 -48 -54 -64 -52 -51 -26 18 62 108 152 171 171 153 117 95 77 62 44 13 -15 -45 -90 -109 -109 -107 -78 -33 -9 4 -18 -50 -57 -63 -70 -51 -23 13 32 29 38 41 6 -29 -31 -15 19 44 55 63 43 1 -32 -65 -59 -31 2 46 68 52 35 3 -25 -28 -35 -52 -47 -33 -4 24 18 5 6 -10 -27 -24 -18 9 27 17 4 -29 -47 -34 -26 -12 18 26 23 19 7 7 18 29 41 37 8 6 9 -5 -1 10 9 13 10 -3 -20 -38 -38 -45 -57 -50 -43 -48 -52 -44 -22 1 21 49 84 112 125 125 106 98 98 81 72 54 3 -41 -92 -136 -152 -155 -140 -102 -81 -70 -62 -62 -54 -40 -23 8 42 47 37 33 18 -6 -22 -7 44 68 88 105 99 84 47 3 -14 -23 -15 12 26 25 20 -1 -32 -50 -46 -21 13 27 23 18 -9 -31 -52 -72 -64 -36 5 36 28 18 19 15 3 -21 -37 -12 11 17 24 37 35 35 17 2 8 7 9 119 14994 305 3588
-33 -24 -26 -5 20 29 40 23 -6 -27 -43 -37 -10 10 13 7 -6 -6 1 -5 5 19 11 12 0 -15 0 6 0 5 -7 -8 4 -1 -1 0 -2 6 10 8 3 -1 -3 2 -1 -20 -26 -43 -49 -46 -57 -58 -53 -68 -69 -70 -57 -10 37 82 126 146 164 169 176 135 129 101 79 40 23 -20 -49 -117 -122 -133 -132 -97 -57 -28 -2 -8 -23 -40 -71 -68 -52 -28 7 36 45 47 38 23 22 27 35 59 64 56 49 17 2 -17 -39 -28 -25 -15 3 -2 -3 -3 -18 -29 -29 -50 -55 -49 -35 -7 19 5 6 7 2 11 -8 -26 -6 3 3 12 16 28 26 10 2 -6 -20 -3 11 3 7 13 12 4 -14 -22 -15 -22 -33 -37 -33 -3 27 28 27 4 -10 -5 -29 -51 -41 -45 -48 -40 -32 -6 33 52 63 78 89 106 106 105 118 118 105 98 50 -7 -51 -98 -121 -143 -173 -165 -137 -108 -76 -62 -50 -35 -26 -20 11 37 50 50 32 7 -35 -30 35 62 80 126 129 101 68 28 11 7 -16 -16 1 -13 -17 -18 -36 -50 -54 -55 -28 -12 -7 19 16 -3 -20 -44 -41 -28 -18 10 25 19 30 30 21 21 15 7 13 15 18 25 12 6 9 2 -3 -3 6 20 10 129 8514 305 3588
-12 0 -6 6 21 19 18 6 -5 0 -4 -3 -6 -8 2 11 6 6 12 9 2 -3 -4 -3 -15 -27 -15 -10 -1 11 26 34 25 3 3 -17 -39 -40 -31 -14 10 28 35 10 -26 -35 -37 -52 -36 -22 -28 -22 -29 -57 -70 -78 -34 27 13 43 120 151 163 187 166 136 94 42 15 2 -26 -31 -45 -106 -137 -133 -119 -82 -40 3 35 28 -6 -49 -88 -78 -46 -14 28 59 75 63 30 7 8 2 18 45 58 68 46 11 -17 -50 -72 -54 -30 -2 25 23 13 9 -16 -36 -43 -43 -16 -8 -14 -10 -16 -14 1 -4 -2 14 19 29 33 11 5 0 -14 -11 -10 -18 0 -2 -7 -7 -5 6 17 2 -3 6 -8 -11 1 1 3 3 5 18 22 8 12 14 -6 -6 -24 -33 -32 -41 -47 -53 -53 -14 14 23 45 71 93 101 93 101 118 123 102 63 18 -55 -50 -127 -149 -176 -128 -133 -84 -78 -12 -39 -20 -27 -5 -2 33 28 42 25 4 -3 -3 -12 16 57 88 120 100 48 12 -23 -37 -15 -9 16 50 46 15 -27 -59 -73 -83 -63 -7 34 55 52 33 -17 -60 -84 -65 -29 7 43 61 49 41 11 -9 5 -8 -15 -3 0 12 18 21 23 14 -9 -22 -14 -2 13 18 130 1115 305 3588
-2 4 6 7 -7 -20 -19 -30 -16 27 24 21 17 -2 -11 -19 -19 -4 2 4 17 0 -10 -1 -3 -12 -3 -4 9 28 29 31 16 -22 -30 -36 -44 17 -13 26 24 35 -20 23 -13 15 -19 -4 -45 -15 -58 -39 -58 -52 -65 -73 -99 -77 -60 -11 46 98 146 173 164 153 144 128 96 46 27 32 36 20 -10 -64 -101 -122 -131 -106 -59 -14 34 30 -7 -43 -91 -114 -87 -60 -11 35 52 52 38 11 8 5 -5 14 37 59 74 47 11 -12 -41 -37 -1 24 38 58 47 23 -24 -65 -64 -65 -55 -29 -13 -21 -24 -30 -24 -20 -18 -9 5 9 30 42 22 -5 -21 -20 -7 -16 4 33 22 15 23 15 9 0 -4 11 2 2 15 16 3 0 -9 -8 6 13 7 -1 -33 -39 -41 -48 -38 -43 -43 -30 -37 -41 -10 9 34 80 106 126 145 136 135 116 83 61 34 -16 -59 -101 -140 -137 -124 -124 -107 -101 -76 -49 -65 -74 -53 -28 2 28 35 49 37 15 -6 -11 -9 24 72 115 137 130 102 50 -13 -47 -46 -24 14 8 -6 -18 -34 -29 -13 -17 -6 8 17 11 -3 -32 -65 -85 -76 -36 -7 22 67 70 49 42 20 16 19 25 50 61 33 21 2 -13 -17 -28 -40 -29 -17 132 12348 305 3588
12 11 -1 1 -1 -12 0 5 8 14 -6 -10 2 -5 -6 -7 -10 -1 5 1 -3 -13 -25 -10 -7 -2 11 8 15 30 13 -2 7 11 24 30 15 3 -26 -50 -41 -30 -15 17 38 37 6 -39 -53 -63 -84 -92 -82 -78 -57 -32 -24 1 16 44 85 109 131 171 186 188 156 110 85 52 9 -27 -79 -131 -145 -133 -101 -49 -9 18 28 -11 -51 -68 -87 -74 -48 -29 0 14 18 30 23 19 22 21 21 23 21 33 44 30 2 -31 -60 -47 -19 -3 20 32 44 48 17 -11 -17 -29 -25 -23 -25 -19 -20 -31 -34 -35 -34 -18 -10 1 10 9 1 -1 -14 -10 -5 -6 13 24 26 36 28 13 11 3 16 26 18 9 10 0 4 1 -9 -12 0 -5 -8 -12 -18 -18 -32 -42 -37 -59 -67 -62 -63 -31 -4 19 61 91 110 122 119 122 131 134 114 89 47 -1 -45 -83 -144 -119 -156 -137 -160 -125 -127 -78 -68 -12 -29 11 18 40 16 -1 -34 -28 -16 5 35 79 113 137 125 99 76 32 7 8 3 15 26 15 5 -14 -40 -47 -57 -62 -48 -31 0 35 41 27 3 -22 -42 -47 -62 -33 -1 7 24 38 38 43 30 29 25 4 4 19 11 14 20 18 21 8 -5 3 7 134 5546 305 3588
-6 -2 -6 -5 -3 -12 -10 -12 -13 1 -2 1 15 10 10 9 -4 -5 -4 0 8 6 -8 -12 -14 -17 -7 -10 -9 7 9 7 5 -17 -10 2 5 13 14 25 31 0 -4 10 -4 -17 -14 -24 -28 -37 -60 -61 -51 -59 -63 -63 -74 -49 -15 8 40 77 128 171 161 163 126 147 93 78 17 42 -30 -32 -80 -77 -130 -95 -101 -47 -17 31 24 1 -85 -114 -123 -93 -37 13 54 88 70 19 -2 -36 -43 -29 -2 57 94 94 66 37 -21 -54 -74 -64 -21 22 50 78 52 4 -28 -66 -64 -50 -34 -18 -1 -12 -5 -16 -24 -32 -27 -12 9 17 22 22 -6 -21 -22 -23 0 22 28 40 28 15 14 -5 -4 16 23 24 10 -11 -9 -3 7 20 19 12 10 0 -9 -12 -26 -33 -31 -46 -48 -49 -67 -53 -33 -14 21 48 74 101 104 112 121 118 112 104 72 37 0 -46 -74 -97 -127 -123 -108 -103 -80 -73 -70 -73 -47 -68 -3 0 50 13 40 -3 6 -50 -13 -15 44 79 140 128 121 54 14 -26 -48 -47 2 41 71 56 21 0 -44 -87 -87 -64 -15 23 40 46 27 -24 -62 -84 -88 -59 -13 41 91 89 46 17 -14 -16 -13 -20 -9 22 24 37 24 8 17 17 -4 -11 -9 136 7874 305 3588
9 24 24 23 9 -11 -3 -7 -13 -5 -3 15 25 9 6 1 -13 -11 -20 -39 -44 -46 -22 18 26 21 31 21 1 -15 -35 -23 -4 -14 0 20 28 45 30 11 3 -10 -13 -12 -11 -9 -11 -32 -54 -68 -82 -68 -34 -13 1 -4 -16 -3 -6 16 75 117 162 187 181 182 156 113 69 4 -36 -53 -74 -101 -129 -155 -164 -135 -77 -3 58 67 37 -30 -116 -128 -93 -22 68 108 105 65 -18 -65 -53 -12 48 98 112 93 37 -34 -66 -64 -44 4 24 17 8 -22 -41 -33 -28 0 28 19 3 -17 -32 -37 -40 -22 15 16 2 -3 -12 -8 1 7 21 24 3 -13 -28 -35 -20 -8 1 27 26 25 30 17 14 4 -15 -17 -26 -14 9 17 14 52 35 9 -16 -23 -43 -45 -66 -41 -29 -33 -40 -28 -50 -24 -4 25 58 93 122 144 122 97 69 46 50 64 48 20 0 -45 -96 -154 -193 -187 -171 -150 -110 -75 -36 9 23 26 15 24 40 57 49 36 3 -27 -30 5 66 153 199 175 101 -6 -78 -86 -55 15 72 77 43 -37 -111 -135 -118 -52 23 65 73 38 -21 -57 -70 -62 -17 24 38 45 24 -5 -6 -6 4 32 35 32 29 0 -11 -3 -10 -2 4 2 0 -18 -21 -10 3 142 14922 305 3588
-9 -6 13 -5 22 -6 0 -35 -37 -33 -8 -13 12 10 -14 -20 -31 -33 -14 -8 -3 16 8 16 27 28 34 25 12 27 24 2 2 -5 -18 -17 -19 -17 2 1 0 8 9 3 -9 -31 -21 -23 -33 -28 -30 -34 -21 -28 -29 -16 -21 -21 -8 14 61 107 159 176 133 48 -21 -58 -80 -83 -61 -18 36 38 26 13 -17 -16 -20 -29 -1 5 -27 -59 -102 -126 -107 -69 -17 29 27 1 -29 -72 -89 -55 8 94 133 98 50 5 -19 -17 3 51 89 75 52 36 26 33 45 43 33 4 -35 -49 -60 -59 -24 10 21 15 -5 -19 -24 -40 -35 -19 -15 -1 12 4 -12 -18 -16 -16 -2 34 59 42 30 21 5 -4 -4 -6 8 2 -18 -14 -19 -27 -16 -8 9 14 -4 -9 -12 -12 -1 -1 -5 6 12 16 29 32 25 24 11 -4 5 9 18 12 -2 1 -9 -31 -26 -39 -45 -23 -14 4 17 4 -2 -2 -15 -22 -19 -15 1 16 8 13 4 -8 -2 -1 4 16 7 0 -4 -15 -1 -2 -13 -3 -4 -11 -10 -11 -7 -6 -21 -29 -18 -17 -9 18 28 50 51 18 9 8 2 -3 -26 -23 4 3 11 24 17 7 -14 -30 -24 -22 -10 27 38 16 7 -2 -10 -1 -19 -31 -14 147 12959 305 3588
11 4 -22 -14 -7 -4 14 14 12 16 7 -5 -5 -7 -13 -8 -2 4 2 -27 -31 -21 -17 9 22 22 26 2 -8 -5 -12 -4 11 18 25 23 9 0 -16 -24 -14 -10 -10 4 10 5 0 -30 -52 -58 -60 -41 -29 -29 -35 -57 -63 -42 -12 29 79 125 163 169 172 100 99 38 50 5 34 13 17 -72 -89 -155 -139 -135 -75 -40 22 24 37 -15 -76 -105 -107 -77 -13 41 68 94 80 38 1 -34 -44 0 55 66 71 74 68 8 -51 -66 -53 -26 0 22 46 48 22 -5 -32 -57 -57 -35 -39 -52 -54 -37 -5 5 -1 13 25 30 19 -3 7 5 -20 -17 -4 3 22 27 26 26 10 -13 -6 7 17 27 16 4 -4 -28 -14 11 15 25 14 -3 -8 -24 -25 -12 -10 -13 -16 -35 -44 -44 -51 -48 -27 -11 25 63 91 131 131 106 98 81 79 79 49 19 -20 -71 -116 -146 -159 -139 -100 -70 -42 -35 -41 -42 -46 -33 9 37 62 66 41 18 -11 -32 -8 22 56 104 130 134 102 53 9 -34 -55 -47 -15 6 29 25 -2 -29 -73 -106 -75 -55 -50 7 21 0 -19 -34 -41 -46 -49 -19 13 25 34 56 53 30 10 11 25 16 6 18 17 11 13 1 12 27 16 22 25 152 15032 305 3588
-5 -8 -12 -4 -2 -3 8 18 14 15 3 -4 -5 -19 -9 1 -2 11 14 -1 -8 -17 -22 -13 -18 -17 -3 7 23 25 1 0 16 -1 -15 -12 -6 6 -1 -1 15 18 18 11 -8 -4 -6 -18 -5 -16 -33 -32 -33 -41 -57 -79 -80 -63 -48 -41 -13 24 97 171 184 189 180 138 98 50 18 17 -15 -37 -45 -60 -85 -104 -112 -96 -78 -60 -21 12 4 -11 -33 -67 -71 -65 -26 56 91 65 46 25 -5 -26 -4 44 70 74 64 37 -1 -39 -64 -59 -42 -26 4 28 17 21 21 -16 -39 -54 -49 -20 -8 4 15 10 -1 -15 -33 -28 -20 -12 7 14 2 4 4 -20 -21 -15 -9 8 9 17 38 28 22 17 -2 1 -2 -3 16 22 18 25 14 3 5 1 -1 -4 -22 -31 -26 -40 -47 -43 -45 -35 -36 -44 -25 -6 26 75 105 126 129 113 110 113 93 75 59 22 -23 -69 -127 -158 -173 -170 -137 -93 -42 -8 -22 -29 -17 -21 -7 1 13 33 38 28 28 20 13 13 31 67 101 100 90 74 15 -27 -48 -43 0 17 -2 -1 -40 -85 -66 -38 -24 5 38 54 32 -17 -45 -39 -39 -47 -30 -7 20 38 41 35 6 -9 -8 -19 -10 20 41 57 47 10 -2 -9 -24 -23 -1 157 11502 305 3588
22 -13 -7 1 4 0 12 2 0 -11 -9 -14 -8 0 38 53 39 16 -19 -57 -98 -133 -107 -60 -27 23 49 55 37 4 -9 -12 13 71 113 105 74 34 -7 -32 -22 19 87 113 111 102 72 42 39 43 68 83 43 -9 -70 -129 -151 -155 -126 -93 -103 -130 -151 -185 -202 -172 -123 -53 23 60 76 80 64 66 68 67 84 102 121 142 121 98 75 29 -18 -50 -57 -39 -36 -41 -25 -23 -46 -55 -60 -71 -57 -60 -45 -13 0 5 14 11 26 26 20 38 54 66 64 27 -5 -15 2 32 61 60 49 30 -16 -38 -46 -36 8 31 14 -5 -20 -31 -36 -55 -59 -36 -30 -25 -23 -27 -15 -6 -1 24 55 91 131 119 60 7 -31 -47 -38 -19 25 65 60 31 -6 -47 -53 -25 21 76 89 65 18 -68 -142 -171 -157 -116 -81 -77 -84 -110 -140 -133 -90 -39 35 79 96 96 67 67 96 123 164 191 185 161 105 53 28 9 5 27 34 17 -4 -47 -96 -120 -140 -129 -95 -64 -16 7 3 -4 -36 -65 -71 -73 -47 -3 36 72 85 70 46 14 -23 -22 -1 18 41 44 25 18 -5 -35 -38 -36 -15 13 12 -5 -37 -58 -58 -58 -48 -9 28 42 34 -3 -35 -32 -30 -11 21 38 67 69 36 162 8693 305 3588
32 23 10 4 11 19 28 30 20 6 -3 1 -24 18 -7 7 -1 9 -20 -17 -21 -11 -33 -21 -24 -21 -41 -38 -32 -30 -29 -20 -17 -16 -29 -32 -11 36 95 131 155 155 105 38 -18 -46 -42 -19 15 35 38 25 -4 -48 -76 -73 -51 -26 12 18 -21 -93 -159 -180 -145 -82 8 75 77 23 -35 -60 -45 3 69 100 86 38 -6 -19 -5 34 79 101 90 50 10 -9 -4 21 37 32 13 -23 -49 -69 -73 -48 -13 14 28 26 23 10 -9 -20 -18 3 26 27 9 -10 -21 -32 -29 -4 28 53 50 35 16 -3 -17 -29 -31 -9 11 7 -6 -20 -30 -28 -16 0 9 12 5 0 -4 -21 11 -17 13 16 23 7 32 19 25 12 36 20 13 -2 4 -9 -13 -13 -1 -10 -14 -19 -17 -10 -11 -18 -23 -26 -23 -26 -19 -12 -8 1 3 0 7 9 5 1 4 16 17 8 3 6 0 -9 -9 0 1 2 -6 -3 6 -1 -11 -17 -17 -8 -12 -19 -23 -21 -14 -10 -6 5 23 37 34 20 8 0 -2 -4 11 34 34 19 5 -1 -7 -14 -8 -7 -24 -28 -23 -10 3 16 28 35 30 11 -22 -32 -22 -11 -11 -2 11 12 5 10 20 24 7 -18 -19 -10 8 22 26 14 -10 158 14474 305 2473
2 -4 -3 0 2 8 11 12 4 0 -6 -7 -1 -4 -11 -5 0 -1 -11 -16 -5 5 7 15 15 6 2 -12 -23 -19 -5 6 8 3 -4 -3 -8 -24 -35 -43 -51 -65 -72 -56 -41 -22 15 49 79 105 122 126 107 86 81 80 86 98 94 59 3 -64 -137 -183 -190 -161 -105 -58 -20 3 2 -9 -22 -30 -30 -24 -8 22 49 60 51 28 5 -14 -8 13 41 55 58 54 31 4 -16 -23 -17 -23 -30 -21 -12 -2 -3 -6 -10 -15 -17 -16 -7 7 18 21 5 -18 -38 -48 -36 -16 -7 -2 3 7 12 8 6 7 10 17 11 4 6 13 13 8 7 3 2 1 3 12 24 24 16 6 -1 -4 -7 -9 -20 -31 -30 -36 -38 -34 -27 -24 -33 -37 -26 -10 6 25 54 80 94 102 103 117 79 94 55 35 -16 -31 -81 -86 -107 -100 -114 -100 -111 -101 -111 -94 -78 -32 15 66 100 107 76 34 -9 -29 -32 -6 31 60 80 81 69 55 24 -5 -17 -16 2 24 36 35 8 -30 -68 -82 -70 -45 -13 5 17 17 12 11 4 -5 -6 -12 -9 -11 -14 -5 -1 -3 -5 -10 -11 -3 15 33 42 38 20 6 -1 3 12 12 10 7 0 7 6 -3 -3 -6 -10 -15 -16 -11 -8 164 9793 305 2473
-10 -8 -7 -7 -2 3 -1 -7 -5 -7 -2 8 10 7 3 -1 -4 -8 -5 0 4 12 17 14 3 -2 1 -4 -1 -2 1 8 8 1 -8 -20 -24 -29 -34 -39 -52 -56 -61 -66 -54 -33 0 40 71 92 102 102 103 110 106 97 95 100 80 43 -5 -64 -126 -171 -169 -131 -86 -36 3 23 9 -28 -52 -58 -55 -43 -7 41 47 32 29 19 -4 -23 -13 10 38 67 85 87 58 13 -16 -31 -36 -30 -16 -5 -4 1 10 13 2 -4 -8 -19 -36 -32 -12 -1 -2 -10 -18 -33 -48 -44 -29 -13 8 19 23 20 12 15 19 15 10 13 15 16 19 17 8 3 4 11 12 11 19 22 17 9 -2 -13 -20 -29 -23 -12 -14 -29 -42 -43 -42 -45 -39 -29 -26 -13 15 41 60 79 88 91 93 84 76 73 67 41 5 -26 -61 -93 -109 -110 -112 -107 -100 -90 -81 -69 -43 -10 26 50 70 71 43 7 -23 -24 -3 -9 53 67 79 65 62 21 12 3 18 32 48 24 16 -5 -42 -68 -70 -64 -44 -23 1 27 30 10 -2 -13 -24 -34 -27 -18 -13 -8 6 10 5 7 22 18 6 4 11 19 25 34 36 28 14 -4 -12 -16 -7 7 18 8 -6 -15 -11 -17 -21 -9 5 4 -5 165 11362 305 2473
0 1 0 -4 -11 -13 -2 8 15 13 10 2 -12 -17 -12 4 21 21 14 7 0 -9 -16 -19 -14 -2 3 8 20 33 47 53 45 32 17 12 15 18 14 0 -29 -51 -71 -85 -89 -86 -88 -113 -135 -123 -79 -23 25 69 97 98 65 27 19 41 71 115 164 177 147 82 6 -62 -112 -128 -98 -46 7 35 36 -1 -59 -111 -129 -103 -55 -8 23 21 -13 -49 -70 -58 -22 25 69 94 93 73 46 23 7 18 38 57 68 52 20 -10 -24 -24 -22 0 25 35 19 -14 -35 -46 -54 -43 -24 -11 -6 -12 -13 -15 -20 -16 -10 -4 -2 2 4 0 -4 -13 -18 -7 1 12 19 20 21 13 12 20 24 30 37 41 30 12 -4 -19 -39 -47 -49 -55 -60 -57 -45 -45 -54 -64 -63 -45 -24 1 43 78 76 99 83 87 91 111 113 108 79 36 -12 -44 -57 -42 -13 6 -3 -45 -90 -132 -154 -146 -94 -11 49 78 78 32 -37 -92 -113 -87 -37 36 107 145 132 78 18 -22 -27 9 54 91 90 62 19 -37 -70 -66 -52 -18 4 10 3 -23 -51 -62 -65 -57 -34 -9 -5 -13 -20 -35 -42 -40 -21 15 46 60 52 29 10 -7 -6 0 9 28 36 27 22 14 9 7 -3 -3 0 8 4 165 11874 305 2473
7 -2 -14 -17 -15 -18 -17 -18 -20 -19 -17 -4 7 6 8 19 24 3 -13 1 15 28 40 47 58 58 36 4 -29 -48 -53 -54 -45 -26 -20 -31 -56 -76 -81 -65 -37 -7 19 38 55 64 70 82 86 97 106 91 54 12 -22 -40 -40 -2 44 65 50 -4 -90 -176 -229 -215 -148 -42 61 130 138 76 -7 -74 -97 -57 12 84 119 109 68 9 -33 -41 -21 22 58 78 75 52 28 12 4 -3 -7 -3 -18 -44 -49 -58 -58 -50 -43 -31 -32 -36 -34 -28 -18 -12 -9 -17 -29 -37 -32 -18 3 26 43 40 23 7 -3 -4 9 32 55 59 45 21 -9 -31 -38 -27 -8 12 24 25 18 -2 -17 -14 -3 1 -2 -4 -4 -16 -17 -21 11 12 23 20 15 -6 -17 -16 -14 -3 16 28 31 23 4 -11 -19 -19 -22 -7 0 3 2 -8 -19 -21 -16 -12 -19 -25 -21 -31 -30 -8 37 74 104 119 103 51 -5 -53 -76 -76 -52 -1 41 54 28 -10 -44 -59 -49 -19 10 28 18 -14 -43 -64 -67 -51 -25 -22 -32 -34 -25 -4 18 39 60 71 58 28 -5 -13 -13 -3 11 24 35 35 25 15 7 7 19 30 27 13 -1 -12 -18 -17 -11 -3 6 2 -12 -27 -36 -23 -7 11 25 23 10 166 4257 305 2473
-1 0 -9 -8 -5 9 6 4 1 6 0 -2 2 7 8 6 -3 -10 -13 -24 -21 -11 7 24 28 19 4 -15 -26 -32 -29 -16 1 12 13 -3 -11 -19 -27 -44 -49 -57 -64 -58 -33 0 41 71 97 102 102 101 98 86 68 59 69 77 70 37 -12 -79 -142 -183 -190 -150 -78 -19 22 39 23 -11 -52 -72 -55 -27 10 50 71 75 55 25 -11 -29 -14 21 66 93 89 53 -3 -51 -78 -74 -37 2 19 15 -2 -15 -23 -43 -42 -29 -7 6 9 20 24 11 -8 -26 -41 -45 -25 1 15 42 22 21 8 -16 -24 -13 -3 -4 4 19 27 17 20 13 3 -13 -16 -15 -4 13 37 36 29 14 1 -16 -31 -26 -26 -23 -14 -14 -15 -22 -25 -28 -37 -42 -34 -10 24 57 85 104 107 107 95 87 60 50 49 14 -32 -53 -77 -96 -114 -115 -101 -91 -90 -82 -72 -66 -53 -9 38 68 84 100 80 23 -30 -41 -33 -11 34 89 121 105 61 19 -19 -46 -44 -25 13 37 43 27 -16 -62 -91 -96 -69 -9 45 62 44 16 -18 -38 -43 -29 -1 18 28 21 2 -4 -12 -13 -17 -15 3 22 35 42 39 33 10 -21 -31 -20 0 20 34 26 11 3 -4 -12 -15 -27 -20 -15 -15 -10 3 173 14604 305 2473
6 7 6 7 -5 0 -2 -10 -10 -9 -7 -4 -1 -3 -7 -10 -10 -3 6 11 7 16 27 32 24 11 5 -3 -10 -13 -10 1 5 12 14 -3 -23 -36 -47 -61 -77 -78 -76 -70 -57 -30 12 48 74 91 102 110 121 137 150 147 128 99 70 37 -13 -77 -139 -175 -169 -138 -88 -39 -6 2 -17 -54 -73 -81 -67 -25 15 32 35 35 25 6 -7 -6 11 35 53 81 89 86 65 19 -26 -49 -52 -34 -18 2 11 3 -10 -31 -40 -39 -30 -12 3 7 4 -6 -12 -21 -23 -20 -19 -5 2 6 16 17 19 12 9 10 4 -6 -8 -7 2 4 13 12 8 -2 -1 0 -4 6 32 35 29 27 10 -3 -17 -23 -30 -36 -29 -29 -36 -37 -41 -51 -56 -54 -45 -30 -3 23 54 84 102 121 126 122 131 106 71 38 2 -33 -66 -88 -100 -116 -131 -143 -149 -141 -112 -71 -39 -16 14 52 50 74 26 2 -16 -8 -22 11 65 114 116 115 80 49 11 -1 7 17 22 28 23 -5 -42 -63 -71 -72 -73 -59 -17 10 31 42 30 10 3 -22 -42 -43 -26 -3 8 26 36 34 18 8 17 13 2 7 18 24 28 28 24 3 -10 -12 -5 8 12 6 5 -3 -3 -7 -7 -4 -16 -24 -23 175 101 305 2473
-4 -2 6 6 3 -1 3 7 12 13 11 17 15 6 6 5 3 -2 -6 -2 -7 -10 -7 -6 -5 -7 -7 -9 -14 -5 1 -5 -11 -9 -11 -19 -20 -27 -43 -48 -56 -75 -95 -98 -61 -18 17 60 103 129 133 113 100 102 108 110 116 127 116 73 6 -76 -141 -176 -172 -130 -81 -37 -20 -24 -43 -62 -68 -55 -35 -10 4 13 30 39 45 33 17 20 29 30 26 32 44 44 30 13 0 -5 -17 -16 -9 -9 -7 -15 -15 -15 -12 1 -1 -11 -11 -2 10 6 -8 -28 -46 -53 -48 -24 5 17 19 15 -1 -12 -17 -1 15 17 15 9 7 5 2 6 6 0 -11 -14 -11 -4 13 29 33 30 11 -9 -16 -28 -34 -37 -30 -19 -20 -25 -25 -33 -39 -42 -34 -12 18 51 84 73 125 113 120 112 138 96 63 19 -7 -65 -86 -110 -92 -98 -111 -129 -131 -138 -124 -112 -80 -26 31 71 89 85 56 14 -15 -23 5 39 77 104 104 86 57 28 17 10 12 20 21 14 3 -11 -23 -38 -36 -39 -44 -36 -21 -5 -3 -8 -8 -21 -23 -23 -16 -4 1 1 -8 -18 -12 -1 16 24 21 21 19 22 24 22 15 6 -3 -3 4 22 28 26 24 5 -15 -25 -23 -8 2 1 -8 -17 -16 206 16002 305 2473
17 4 -6 -12 -2 2 -1 6 2 -3 3 10 9 0 -4 -15 -32 -34 -17 4 15 16 10 -9 -19 -16 -4 10 9 -2 -16 -26 -12 15 32 37 21 3 -3 1 13 19 19 11 -9 -27 -42 -37 -20 -12 -29 -75 -120 -138 -125 -74 -11 37 69 85 103 134 168 188 174 142 109 93 82 67 48 2 -71 -143 -172 -147 -94 -43 -2 4 -30 -70 -101 -106 -84 -48 -15 4 16 32 42 50 55 48 33 33 41 47 53 50 27 -4 -41 -64 -58 -32 6 26 25 21 2 -15 -30 -34 -32 -26 -25 -28 -25 -17 -16 -25 -29 -23 -10 7 24 33 25 16 7 -11 -25 -31 -15 -1 5 15 25 32 37 29 18 -2 -15 -15 -7 12 24 25 22 17 12 7 2 -4 -24 -43 -57 -57 -37 -25 -27 -37 -45 -40 -46 -52 -33 14 66 100 123 136 140 146 152 148 121 63 6 -47 -83 -95 -100 -107 -125 -139 -136 -129 -117 -101 -88 -65 -34 1 38 58 48 10 -25 -34 -20 18 65 110 132 125 101 63 27 9 8 18 23 18 21 12 -14 -38 -47 -44 -44 -29 -6 9 12 3 -16 -47 -77 -77 -66 -42 -4 28 50 49 35 25 16 17 36 52 54 36 16 -3 -20 -27 -27 -17 2 11 18 16 19 244 16136 305 2473
-11 -6 -7 -17 -29 -31 -15 -10 -15 -14 -14 -6 9 19 35 35 31 25 11 -10 -22 -19 -16 -13 4 28 49 46 35 29 6 -23 -31 -32 -14 2 17 14 -9 -34 -34 -21 -5 2 4 -8 -27 -37 -39 -26 -25 -41 -65 -89 -95 -70 -23 39 86 120 146 159 167 171 175 171 141 98 56 10 -52 -113 -157 -172 -162 -138 -100 -51 -16 -15 -27 -50 -71 -86 -85 -70 -44 -19 15 45 61 61 63 63 66 75 97 108 97 77 42 8 -26 -51 -78 -28 -33 23 20 23 -25 -19 -62 -62 -80 -51 -59 -39 -57 -38 -47 -28 -27 -5 12 38 55 66 66 59 35 21 11 6 5 0 -5 -11 -19 -13 -4 11 16 15 11 -9 -27 -26 -27 -29 -25 -11 -1 4 14 21 16 3 -18 -29 -41 -36 -28 -25 -25 -30 -36 -19 6 45 75 95 105 115 127 140 149 139 102 44 -29 -90 -121 -135 -131 -127 -132 -133 -138 -132 -106 -79 -47 -20 -4 22 48 44 29 24 12 -9 -13 21 72 109 118 122 108 62 16 -12 -22 -14 -10 1 -1 -28 -55 -63 -60 -51 -35 -2 21 25 14 -8 -25 -52 -74 -73 -50 -17 15 40 52 48 42 39 38 49 56 64 64 52 41 24 2 -14 -23 -15 -9 2 12 13 4 247 10594 305 2473
-7 -10 -5 2 7 5 3 5 2 -2 -7 -8 -7 -13 -11 -4 -11 -27 -43 -45 -46 -58 -55 -31 -12 17 62 113 150 163 159 134 106 80 51 21 -16 -42 -62 -91 -113 -128 -132 -126 -125 -110 -88 -64 -36 -17 2 18 28 37 34 6 -27 -54 -49 -8 60 122 154 169 144 77 -6 -61 -59 -20 15 34 35 19 -11 -50 -85 -102 -94 -51 -1 40 65 62 25 -32 -83 -99 -74 -23 28 63 70 57 37 12 -6 -11 -2 25 50 52 38 12 -11 -30 -36 -24 -5 13 26 32 19 -5 -21 -33 -39 -38 -37 -32 -18 -13 -5 -5 -2 4 -1 -3 -7 -3 12 19 27 24 10 2 -2 -1 -2 3 16 16 13 11 -4 -8 -13 -20 -24 -28 -29 -32 -27 -9 3 13 14 8 -4 -14 -13 -11 -12 0 18 29 23 8 4 -4 -11 -9 2 5 2 14 34 18 -8 -1 -8 -20 -38 -18 -11 6 6 8 7 18 20 17 -8 -11 -6 8 14 22 20 14 2 9 3 -4 -8 -8 -9 -17 -20 -9 5 18 15 6 18 24 12 -13 -27 -35 -39 -21 0 15 30 30 21 5 -15 -14 -10 -2 13 24 23 9 -10 -12 -7 0 2 -2 -8 -12 -12 -9 0 9 -2 -8 -10 -13 -4 1 -1 -8 -19 248 11503 305 2473
2 19 20 25 23 12 -2 -21 -21 -8 0 5 -5 -15 -17 -12 -3 3 12 20 14 3 -9 0 16 34 45 28 8 8 15 29 42 52 63 66 53 33 0 -31 -64 -96 -113 -121 -124 -125 -127 -128 -134 -128 -102 -46 10 58 93 97 64 14 -14 -6 32 94 160 201 197 144 54 -26 -68 -58 0 65 96 83 18 -74 -153 -178 -165 -114 -38 1 9 16 -3 -42 -64 -58 -26 7 34 55 65 56 31 21 23 23 37 62 80 72 49 36 18 -5 -19 -18 -2 7 2 -7 -19 -38 -66 -79 -63 -40 -12 12 30 27 -5 -47 -59 -45 -16 13 36 53 66 53 20 3 -5 -4 9 24 36 39 29 19 7 4 12 21 27 15 -15 -55 -78 -82 -67 -55 -56 -64 -76 -110 -141 -141 -120 -76 -13 49 109 141 149 139 120 102 89 91 116 135 130 95 38 -15 -42 -30 11 47 44 -16 -96 -169 -219 -214 -159 -81 -12 14 3 -37 -91 -132 -130 -74 14 97 154 155 106 32 -23 -41 -24 22 82 125 137 107 53 -10 -61 -65 -47 -17 20 33 23 -6 -49 -78 -89 -76 -48 -24 -9 -7 -14 -32 -41 -37 -26 4 32 51 69 73 66 43 12 -1 -1 21 52 59 47 32 10 -13 -30 -29 -16 -9 -3 248 11875 305 2473
27 5 -18 -21 -12 1 14 22 24 12 -3 -4 6 16 15 9 -5 -22 -31 -31 -24 -21 -16 -6 -2 4 14 20 34 38 29 12 4 1 6 5 2 6 1 -5 -8 -4 -1 -7 -17 -18 -28 -45 -57 -61 -64 -65 -82 -92 -84 -63 -28 22 70 106 132 153 168 170 156 132 109 83 57 22 -15 -50 -93 -127 -135 -118 -77 -39 -23 -26 -37 -51 -60 -69 -60 -45 -28 -4 24 48 52 36 11 -10 -13 6 55 104 113 85 41 -3 -27 -49 -59 -52 -42 -29 -6 11 20 24 23 5 -30 -57 -61 -38 -14 9 14 -4 -20 -37 -22 19 49 48 24 -8 -27 -31 -11 20 31 21 -5 -24 -16 4 20 26 23 4 -19 -18 -15 -1 15 20 13 -3 -18 -17 -12 -2 8 -25 1 -26 -28 -49 -21 -52 -39 -55 -12 -14 39 48 92 93 118 108 128 125 142 123 99 47 -4 -56 -99 -133 -139 -137 -136 -140 -138 -117 -98 -77 -56 -26 4 27 47 54 44 18 -10 -16 -8 24 62 96 115 121 100 73 32 3 -12 -8 11 27 32 21 -12 -49 -83 -93 -87 -57 -13 18 40 49 26 -13 -49 -69 -64 -48 -19 13 29 36 39 35 24 14 14 13 19 27 34 39 29 11 -8 -19 -14 -3 3 -1 -26 257 4491 305 2473
-10 -11 -14 -9 4 13 12 2 0 2 -8 -1 4 -2 -4 0 13 23 19 11 0 -11 -24 -36 -25 -8 0 2 0 4 7 19 25 17 4 -11 -18 -8 8 25 35 26 11 -9 -19 -19 -14 -18 -42 -65 -81 -81 -73 -62 -55 -48 -36 -21 -7 29 82 129 161 175 171 157 133 120 108 85 47 -4 -65 -109 -127 -121 -107 -89 -59 -25 -7 -16 -41 -79 -109 -118 -100 -54 14 57 66 50 24 9 6 23 49 66 76 80 70 43 5 -28 -47 -44 -36 -24 0 20 22 8 -16 -41 -55 -51 -35 -24 -10 -1 -11 -21 -29 -27 -19 -4 12 22 27 25 15 10 0 -11 -8 3 9 4 15 14 4 8 10 7 11 5 5 4 -6 -5 0 0 -1 -3 4 3 -7 -18 -20 -19 -27 -28 -24 -36 -45 -52 -54 -41 -22 7 38 73 109 132 138 127 110 97 91 87 73 37 -8 -58 -109 -146 -159 -150 -136 -117 -99 -94 -81 -63 -41 -11 7 16 18 2 -8 -6 0 12 33 73 114 141 150 125 72 12 -24 -20 2 36 53 50 23 -34 -84 -93 -118 -45 -31 8 4 20 -24 -30 -53 -38 -57 -32 -23 23 46 78 81 65 22 5 -1 14 24 39 47 39 26 9 -13 -27 -32 -19 2 11 4 262 10450 305 2473
6 7 10 6 -2 -8 -9 2 7 7 2 3 3 2 5 0 -2 -4 -3 0 2 8 13 12 10 -4 -25 -26 -24 -20 -4 15 25 25 27 20 1 -5 -1 -10 -23 -24 -3 13 27 47 50 38 20 14 20 38 57 69 48 -2 -61 -99 -78 -71 -65 -74 -124 -181 -197 -148 -78 -11 23 41 36 25 9 23 45 69 73 75 87 121 136 120 61 -3 -60 -91 -73 -12 68 117 98 18 -76 -129 -135 -105 -35 19 44 34 0 -29 -48 -46 -26 1 35 54 56 54 32 11 2 1 12 26 44 52 44 29 7 -4 -13 -16 4 22 23 18 4 -17 -42 -55 -44 -29 -4 23 33 26 5 -22 -36 -42 -31 -12 3 11 8 6 -3 -9 -4 0 8 15 21 23 22 22 19 17 29 38 30 21 17 -1 -33 -53 -66 -68 -62 -53 -61 -89 -117 -128 -127 -102 -51 2 59 87 84 73 69 100 118 146 144 101 62 48 38 30 33 31 28 3 -14 -38 -43 -57 -84 -114 -113 -87 -31 3 23 4 -54 -131 -183 -168 -86 24 120 161 137 79 8 -48 -62 -27 23 66 86 80 50 15 -25 -38 -21 0 16 21 16 -2 -23 -37 -54 -65 -56 -39 -12 9 13 -10 -42 -60 -53 -19 25 56 67 48 14 263 2977 305 2473
-1 -11 -7 -10 -12 -16 -2 14 20 9 -6 -17 -17 -11 0 4 3 8 6 -4 -9 3 18 19 7 1 -11 -16 -19 -10 2 13 32 34 14 0 -10 -19 -32 -37 -26 -13 0 7 14 15 -11 -43 -59 -59 -46 -34 -22 -35 -72 -95 -85 -51 7 58 93 122 147 169 185 173 146 125 103 64 24 -6 -37 -76 -114 -142 -146 -121 -69 -16 17 23 -8 -61 -107 -123 -96 -39 14 40 44 39 31 18 10 28 41 84 87 77 40 38 -20 -37 -56 -27 -39 -19 -13 25 7 10 -4 -4 -31 -32 -34 -22 -23 -19 -25 -14 -8 -8 -10 -6 4 13 16 21 7 -12 -17 -12 -6 -2 4 16 15 11 17 16 17 15 10 6 -2 -1 -4 -5 -2 3 17 15 5 -4 -18 -25 -28 -25 -22 -20 -19 -18 -33 -47 -55 -50 -38 -14 23 68 98 106 107 119 126 130 143 139 99 41 -24 -78 -123 -150 -163 -166 -145 -120 -104 -88 -78 -56 -35 -20 -1 21 33 26 14 -1 -15 -9 15 47 93 137 159 141 83 21 -21 -37 -24 -2 24 40 37 2 -60 -97 -97 -76 -26 -10 34 53 48 -7 -8 -37 -40 -75 -37 -29 18 45 83 61 36 -6 0 -9 7 11 18 9 4 -3 -3 -1 10 9 3 0 5 292 8339 305 2473
17 0 -13 -27 -36 -49 -42 -23 -6 -1 13 11 0 -18 -25 -23 -16 -6 11 11 17 18 5 -7 -17 -11 1 24 33 40 50 54 26 -2 -9 3 9 5 11 -9 -35 -55 -60 -60 -62 -75 -92 -113 -120 -115 -90 -46 -12 10 39 67 88 92 83 75 87 127 158 174 160 107 38 -11 -36 -53 -24 22 36 1 -55 -114 -152 -165 -136 -62 4 30 14 -5 -85 -109 -116 -62 -40 51 97 152 101 64 -13 -31 -57 -7 30 97 102 92 42 -12 -68 -81 -68 -26 14 45 47 17 -31 -74 -89 -74 -47 -12 12 20 15 -8 -29 -42 -36 -6 19 41 51 49 30 2 -23 -20 -11 12 34 54 56 42 15 -12 -27 -20 -9 9 10 8 -1 -19 -32 -32 -31 -16 4 8 15 9 -6 -21 -18 -4 6 13 19 30 24 14 4 0 0 9 17 32 34 13 -2 -5 -7 -17 -12 7 17 9 -5 -25 -37 -38 -37 -25 2 23 26 34 39 7 -24 -15 -6 1 17 41 51 27 -2 -19 -22 -26 -28 -18 -10 -7 3 3 0 4 7 16 6 -24 -38 -41 -42 -44 -23 4 19 33 40 43 33 7 -24 -35 -27 3 30 41 29 0 -21 -21 -20 -24 -22 -17 -15 -10 -4 2 6 -5 -22 -26 -20 -6 1 292 8964 305 2473
2 -6 -13 -19 -26 -28 -26 -16 -12 -15 -16 -15 -15 -5 -5 -1 17 26 16 6 -1 -10 -24 -29 -24 -12 -1 9 15 12 12 19 20 22 30 20 10 4 18 30 33 42 48 36 11 -20 -46 -69 -76 -71 -61 -55 -57 -50 -43 -43 -37 -21 0 28 58 102 132 173 139 139 112 111 55 53 -5 -44 -110 -104 -117 -86 -97 -80 -94 -89 -117 -109 -94 -52 -8 25 29 32 11 -14 -34 -32 -14 12 44 82 109 128 130 107 67 30 -1 -14 7 31 19 5 1 -23 -56 -71 -53 -30 -6 7 13 -2 -28 -45 -38 -42 -40 -22 5 15 17 17 25 22 15 13 15 19 22 25 21 12 9 3 -2 -4 -1 14 24 26 22 5 -8 -15 -23 -27 -30 -27 -20 -13 -7 -6 -10 -17 -26 -22 -27 -21 -5 13 18 17 17 23 27 35 29 24 32 31 19 7 0 0 -12 -30 -46 -49 -37 -32 -26 -17 -4 12 18 22 17 4 -6 -14 -24 -28 -23 -2 9 12 11 8 14 24 17 12 3 -4 -7 -4 1 2 4 -1 -6 -3 -1 -4 -2 -12 -25 -28 -12 12 18 13 9 -2 -13 -27 -31 -25 -15 2 7 11 18 12 17 18 10 -5 -16 -6 4 11 23 29 27 14 -3 -9 -12 -10 -13 293 10090 305 2473
-20 -30 -29 -11 2 5 -1 -9 -13 -21 -17 1 11 17 7 -8 -21 -29 -15 0 13 36 47 54 30 -6 -14 -15 -7 14 35 47 46 40 34 19 2 -7 -4 6 16 34 39 19 -13 -41 -41 -33 -32 -26 -31 -37 -46 -51 -35 -14 -6 -12 -15 1 33 82 127 170 189 152 80 -1 -70 -107 -116 -95 -62 -39 -38 -58 -102 -151 -180 -155 -94 -15 53 66 29 -27 -64 -66 -25 57 142 188 175 106 16 -64 -95 -70 -15 44 91 89 43 -19 -76 -93 -80 -43 -4 27 42 37 11 -14 -24 -12 -4 2 7 19 35 48 51 43 18 -1 -6 -2 14 31 36 35 18 -5 -20 -18 1 23 37 43 43 21 -15 -42 -56 -48 -27 -3 29 41 29 0 -36 -58 -62 -55 -35 -16 -9 -6 -2 -7 -22 -25 -21 -21 -11 13 45 63 54 45 35 31 36 39 35 8 -22 -35 -36 -31 -25 -25 -42 -71 -103 -124 -121 -93 -51 -13 15 40 54 54 66 88 107 119 128 130 125 99 63 22 -14 -36 -32 -15 -1 -11 -42 -79 -131 -132 -110 -70 -34 34 36 18 -49 -84 -136 -116 -79 20 78 125 117 94 33 -7 -43 -30 3 45 74 73 46 12 -19 -34 -35 -19 8 32 43 33 11 -21 -47 -54 -53 -31 -2 300 1535 305 2473
4 -6 -1 -7 7 -4 11 -4 -6 -7 8 6 9 -3 0 -5 -8 -13 -14 -7 3 10 16 14 11 7 2 -11 -24 -23 -13 -7 6 9 5 2 -9 -18 -44 -62 -63 -66 -75 -69 -47 -13 9 40 79 113 137 147 142 124 103 91 85 84 64 26 -19 -71 -137 -178 -178 -132 -82 -37 -2 11 -1 -22 -46 -71 -87 -71 -29 16 50 70 78 53 20 7 24 49 70 71 65 32 -7 -35 -48 -42 -27 -13 2 7 0 0 -7 -16 -29 -30 -30 -27 -18 -1 8 -1 -22 -23 -24 -16 -6 7 21 22 8 -5 -16 -17 -13 -13 -5 -4 0 13 24 26 29 27 22 6 -4 -12 -6 7 16 25 22 10 5 -13 -20 -18 -19 -14 -12 -23 -38 -45 -49 -56 -59 -47 -33 -10 12 46 81 107 118 121 119 123 117 101 63 25 -12 -61 -103 -113 -112 -113 -115 -104 -91 -88 -93 -89 -62 -25 11 40 72 87 60 4 -16 -20 -7 25 71 110 127 117 97 53 -3 -39 -49 -40 -22 1 21 19 -13 -42 -56 -53 -39 0 21 14 -1 -10 -13 -18 -17 -12 -5 -6 -2 -9 -2 1 7 12 3 -9 -13 -1 17 21 21 20 18 6 6 26 36 39 37 13 -3 -6 -12 -22 -31 -34 -29 -25 -19 -18 -12 6 2576 305 2493
20 10 -17 -26 -18 -4 22 38 51 35 3 -21 -22 -13 -10 -14 -18 -28 -24 -8 9 11 3 -4 -9 -20 -4 17 28 42 46 45 42 42 54 64 60 42 14 -15 -46 -72 -90 -99 -106 -113 -122 -141 -160 -148 -117 -74 -28 24 76 97 81 51 43 31 65 104 141 169 169 128 46 -34 -93 -97 -64 -4 43 70 45 1 -79 -126 -151 -119 -72 -20 14 37 16 -14 -39 -42 -29 2 43 73 77 65 37 13 -2 -6 8 39 71 60 44 14 -8 -14 -21 -35 -18 -2 7 -2 -11 -13 -6 -9 -16 -24 -12 1 11 14 8 -3 -18 -18 0 0 -4 -13 -23 -33 -45 -27 12 39 39 26 12 2 -1 2 3 7 22 50 81 84 55 18 -14 -53 -87 -94 -75 -57 -44 -62 -104 -132 -136 -111 -61 -11 36 73 85 85 91 107 123 133 140 131 111 82 46 6 -22 -20 2 18 14 -17 -61 -100 -136 -144 -122 -75 -20 18 30 -1 -58 -107 -127 -108 -48 41 122 155 136 81 25 -14 -35 -23 17 58 81 79 46 -1 -53 -68 -50 -27 -2 17 22 3 -29 -60 -78 -63 -31 -3 16 33 27 3 -25 -42 -41 -17 15 36 47 35 8 -16 -32 -37 -24 6 35 52 51 36 22 5 -10 -15 -19 -5 9 7 4100 305 2493
5 10 0 -13 -23 -28 -31 -12 14 32 34 28 9 -4 -17 -13 1 -5 -8 -10 -10 10 26 37 34 13 -19 -35 -39 -28 -2 26 27 6 -13 -23 -30 -42 -40 -36 -39 -45 -53 -61 -39 -1 42 72 89 117 126 121 111 94 75 63 53 53 49 23 -24 -75 -131 -171 -172 -136 -81 -20 21 40 24 -18 -50 -63 -61 -33 3 51 74 68 56 32 2 -20 -5 16 39 55 62 51 25 -13 -38 -70 -76 -54 -22 8 27 28 19 -4 -25 -29 -22 -4 20 37 33 12 -11 -36 -40 -45 -38 -10 6 14 16 9 0 -9 -21 -15 -13 -3 10 24 24 11 12 12 7 5 11 5 13 27 39 26 21 14 -2 -27 -51 -53 -42 -37 -20 -6 -1 1 -8 -37 -57 -68 -52 -14 25 54 85 108 106 92 81 76 63 45 19 -8 -49 -67 -69 -76 -83 -86 -80 -95 -105 -100 -86 -65 -34 5 52 83 106 107 78 23 -22 -36 -24 9 65 115 131 106 54 -1 -45 -66 -57 -40 -12 7 15 15 -3 -39 -72 -75 -57 -12 41 80 91 79 32 -17 -51 -53 -34 0 25 33 21 -4 -27 -43 -45 -25 -1 14 19 25 27 20 5 -5 -8 -2 4 19 29 29 17 14 13 -4 -20 -31 -27 -24 -27 -33 -17 8 5354 305 2493
-25 -17 -8 -6 -11 -19 -14 1 17 21 17 -3 -15 -9 -2 7 14 12 9 -1 -5 -1 3 7 9 9 6 5 17 26 34 41 41 32 26 33 41 25 14 -10 -44 -72 -82 -82 -86 -96 -103 -129 -153 -157 -130 -72 -4 52 86 99 82 48 23 22 56 111 156 182 167 101 15 -64 -110 -104 -58 12 69 79 60 8 -65 -117 -128 -100 -57 -17 7 6 -12 -35 -38 -27 -2 30 57 69 72 56 30 -6 -34 -24 4 30 58 80 78 46 1 -20 -24 -24 -14 5 15 4 -11 -20 -31 -40 -51 -44 -32 -22 11 44 55 42 14 -6 -23 -32 -19 -13 -25 -33 -28 -6 19 43 54 47 22 -10 -27 -25 -4 28 50 56 45 18 -3 -19 -38 -46 -50 -57 -59 -57 -55 -53 -72 -100 -117 -104 -72 -23 29 79 99 101 102 106 106 122 136 135 110 64 10 -25 -34 -22 -4 8 12 -12 -55 -104 -138 -142 -108 -51 13 55 56 10 -53 -118 -145 -117 -49 38 112 146 128 73 15 -22 -35 -11 32 64 70 46 10 -18 -41 -39 -31 -6 19 35 27 2 -25 -48 -59 -50 -34 -5 17 6 -11 -34 -51 -50 -37 -8 25 38 42 36 21 -2 -32 -5 -7 9 1 47 36 44 26 44 6 11 -23 -12 -40 8 5866 305 2493
-31 -30 -7 20 32 22 -15 -56 -80 -72 -43 -9 10 16 12 5 0 0 0 1 -2 0 2 11 16 20 17 25 28 27 36 42 41 35 22 8 1 0 4 11 15 4 -3 -19 -28 -18 -13 -15 -24 -32 -35 -40 -45 -37 -33 -31 -35 -48 -45 -15 28 83 136 173 162 104 31 -20 -48 -57 -36 7 34 46 23 -6 -42 -59 -49 -17 23 52 33 -23 -95 -155 -172 -141 -87 -30 11 14 -13 -38 -42 -24 16 42 56 55 33 8 -12 -21 -2 20 44 64 60 52 48 53 61 53 37 21 -3 -33 -58 -52 -37 -18 2 9 0 -22 -40 -30 -8 29 64 77 73 35 -17 -49 -46 -16 17 33 39 35 31 26 26 28 27 14 -13 -40 -45 -44 -29 -22 -28 -36 -44 -44 -37 -29 -18 -8 -4 -3 -6 5 23 28 17 6 2 3 13 18 17 15 9 17 -13 20 3 14 -12 10 -31 -17 -29 -3 -18 8 -10 3 -21 -11 -19 -7 -11 2 2 4 -3 -3 -8 -4 8 10 15 6 1 10 12 12 7 1 3 -2 -2 -1 4 20 30 26 9 0 -6 -6 -13 -17 -5 0 -9 -15 -18 -22 -13 -12 -9 -4 -1 3 3 -8 -2 -5 -5 -3 14 24 23 21 8 -10 -21 -13 8 18 18 9 721 305 2493
6 14 15 9 5 2 -3 -4 -2 0 -1 -9 -21 -25 -20 -12 2 7 12 20 19 -1 -16 -22 -12 -4 -1 15 24 25 25 19 12 1 -18 -29 -21 4 21 28 22 7 -7 -8 11 29 37 37 38 45 48 45 45 26 -9 -50 -72 -78 -84 -89 -95 -109 -142 -173 -178 -142 -80 1 64 91 87 57 33 33 48 94 150 183 180 149 92 16 -48 -90 -97 -63 -13 30 47 26 -15 -68 -115 -127 -109 -65 -10 25 39 15 -23 -44 -47 -25 14 61 89 85 58 27 5 -5 -1 12 23 35 35 16 -7 -13 -10 -6 -3 11 28 26 25 16 -4 -27 -39 -38 -26 -14 0 14 21 2 -20 -38 -45 -36 -22 -5 14 27 30 23 1 -7 -3 0 4 6 15 14 14 25 37 49 47 36 19 -1 -16 -28 -25 -26 -44 -63 -76 -87 -95 -118 -135 -119 -86 -33 19 59 84 94 89 78 77 96 132 155 146 103 51 1 -26 -35 -17 15 27 9 -38 -93 -123 -130 -115 -79 -39 6 39 43 8 -55 -116 -137 -106 -48 25 98 136 126 73 3 -39 -51 -22 36 76 93 81 34 -26 -67 -73 -44 -8 20 37 33 9 -18 -38 -50 -45 -25 -2 10 4 -11 -20 -34 -39 -31 -14 10 25 31 30 16 -2 13 3598 305 2493
-5 -9 -11 -13 -9 -7 -1 8 15 14 9 2 -5 -12 -21 -20 -15 -10 5 15 25 30 27 13 1 -4 -5 -9 -1 14 30 37 44 57 56 45 25 0 -16 -24 -29 -32 -46 -56 -74 -96 -106 -109 -123 -135 -128 -88 -31 34 86 117 114 66 17 -10 3 49 108 170 191 144 63 -24 -91 -112 -92 -39 17 49 54 37 -5 -55 -89 -98 -80 -39 2 31 28 -4 -34 -50 -54 -28 17 56 76 61 29 -1 -30 -35 -7 24 49 59 56 32 -2 -25 -23 -12 7 26 36 29 19 0 -23 -28 -36 -39 -30 -18 -1 7 9 8 -3 -14 -19 -18 -7 8 7 -7 -14 -7 -2 2 9 20 23 14 9 8 3 12 25 44 54 48 35 12 -20 -45 -63 -62 -56 -52 -48 -56 -74 -97 -99 -85 -48 -41 37 46 71 53 97 77 91 89 137 120 120 49 23 -24 -24 -32 -2 19 46 31 -16 -83 -131 -159 -144 -79 4 68 82 51 -12 -88 -135 -132 -91 -25 39 84 98 72 35 2 -20 -13 28 50 55 50 34 -11 -39 -51 -35 -14 12 41 55 24 -17 -48 -58 -43 -16 21 42 31 3 -18 -31 -47 -57 -45 -25 -2 13 31 37 20 -1 -23 -36 -26 -3 25 46 51 42 21 0 -6 -2 14 26 18 10219 305 2493
-20 -11 -4 2 12 19 20 10 6 8 12 5 2 0 0 6 13 6 1 -2 -1 11 22 32 30 29 27 8 -22 -32 -32 -27 -30 -31 -26 -18 -15 -21 -33 -53 -67 -57 -34 -4 29 60 90 97 91 104 116 122 113 74 35 13 -13 -39 -60 -71 -83 -108 -150 -176 -165 -141 -108 -70 -31 10 42 65 75 68 40 9 -13 -13 1 37 82 108 96 73 58 39 13 -7 -10 3 11 19 26 6 -35 -74 -98 -85 -56 -14 26 46 46 24 -8 -23 -14 -8 -19 0 24 9 -10 -11 -6 -13 -18 -5 8 12 17 32 46 39 20 17 3 -11 -5 12 19 21 14 14 3 -7 -17 -19 -18 -17 -16 -10 -9 -14 -24 -13 -44 -19 -32 -9 -13 26 10 29 14 26 7 13 -13 5 5 26 14 16 9 10 -2 -11 -16 -17 -22 -10 2 -1 -7 -10 0 2 -10 -16 -22 -19 -13 -13 3 27 39 37 17 -5 -24 -24 -24 -17 -9 -1 7 7 1 9 5 -15 -16 -18 -11 2 24 42 35 12 -1 -12 -15 -16 -9 -6 -11 -8 3 24 31 26 18 -10 -29 -30 -24 -8 0 -1 -10 -20 -20 -19 -28 -15 17 11 -10 0 11 8 13 29 32 25 8 5 8 -6 -8 11 18 0 -11 -5 -2 19 2111 305 2493
17 9 -11 -30 -36 -25 -11 5 15 13 -10 -17 -15 -7 -2 -1 6 4 -7 -5 10 26 31 17 4 -9 -13 -12 -6 -1 7 19 17 1 -19 -32 -33 -40 -53 -61 -74 -88 -89 -80 -56 -19 20 95 100 131 132 152 112 137 129 152 121 139 84 52 -46 -99 -167 -177 -186 -132 -95 -38 -18 -16 -48 -70 -82 -69 -50 -8 33 66 72 53 26 3 5 12 28 63 88 100 91 64 28 -8 -31 -45 -45 -32 -15 -3 -3 -17 -37 -53 -48 -34 -21 -8 1 4 -4 -23 -34 -35 -27 -10 -2 3 10 19 24 4 -18 -19 -8 0 5 13 25 32 31 14 -4 -12 -14 -9 0 9 27 34 30 22 15 13 0 -20 -42 -66 -63 -38 -15 -5 -9 -16 -28 -49 -80 -91 -62 -14 30 75 116 144 156 157 152 132 105 77 46 21 -12 -35 -57 -92 -132 -155 -156 -152 -153 -151 -140 -107 -65 -12 49 87 91 67 22 -15 -22 -10 25 61 95 114 110 91 66 34 12 4 7 14 23 24 8 -13 -55 -94 -112 -104 -65 -17 16 36 31 14 -11 -38 -45 -32 -8 21 40 43 32 10 -11 -25 -20 5 36 56 57 52 33 10 -3 -12 -7 -1 -1 10 10 -3 -12 -11 -8 -7 -9 -14 -18 -10 -9 -13 -20 19 11086 305 2493
2 8 7 9 3 -4 -4 -2 0 12 23 12 0 -1 -2 -2 -4 -6 3 1 -2 5 8 -2 -10 -7 8 14 25 40 82 50 50 32 49 9 35 17 28 -17 -21 -68 -73 -109 -96 -114 -96 -131 -146 -161 -135 -86 -21 31 85 93 76 47 28 29 58 108 154 185 186 134 42 -50 -109 -120 -89 -31 32 60 53 3 -61 -99 -107 -86 -52 -17 3 5 -14 -28 -36 -26 -2 29 42 56 55 36 11 -4 -11 1 22 47 62 52 27 -2 -32 -41 -29 6 51 69 54 27 -4 -32 -48 -48 -45 -31 -17 11 35 35 16 3 -11 -31 -45 -35 -6 16 17 2 -19 -26 -22 -11 6 21 31 19 0 -4 14 42 62 69 65 52 33 4 -33 -55 -68 -72 -65 -64 -64 -75 -95 -114 -123 -108 -79 -42 4 44 71 89 103 104 105 126 151 158 131 80 39 8 -14 -8 18 30 11 -30 -73 -121 -164 -168 -129 -63 15 65 66 26 -33 -100 -133 -116 -55 28 92 121 110 69 18 -23 -39 -14 28 60 80 73 39 -8 -43 -50 -40 -17 14 38 39 14 -18 -41 -48 -44 -39 -20 -4 -7 -23 -51 -63 -59 -45 -14 18 38 47 38 17 -4 -29 -33 -14 10 32 44 51 47 41 15 -13 -20 -20 -9 5 19 11589 305 2493
-17 -7 12 36 44 27 -4 -16 -21 -41 -51 -34 3 19 26 21 9 -4 -14 -26 -21 -14 4 24 29 23 7 -8 -4 -1 0 -6 -11 -15 -12 -6 -4 -13 -35 -55 -83 -104 -109 -78 -35 11 45 68 99 117 123 137 145 149 145 127 107 94 75 36 -32 -112 -163 -180 -171 -132 -75 -33 -7 -9 -32 -61 -87 -88 -64 -18 30 57 60 49 28 6 -7 4 35 70 105 122 108 66 21 -23 -59 -68 -49 -26 -4 -2 -10 -19 -33 -47 -51 -44 -23 -2 8 9 -3 -21 -31 -35 -36 -24 -8 7 -19 37 21 24 -3 17 -18 -6 -12 29 5 22 9 27 10 11 -7 11 7 12 -1 -2 -2 14 22 16 -10 -28 -36 -45 -48 -35 -26 -25 -15 -12 -25 -43 -50 -36 -18 -8 15 50 86 118 134 139 143 144 124 87 52 18 -17 -60 -96 -111 -127 -133 -142 -145 -136 -126 -120 -97 -75 -34 20 73 104 91 50 13 -10 -18 -7 31 84 118 126 109 84 54 21 10 16 19 29 24 2 -30 -63 -75 -82 -86 -68 -29 15 33 15 -14 -50 -68 -61 -23 12 30 28 26 15 7 -2 3 7 8 27 42 48 53 42 33 20 2 -10 -22 -27 -22 39 14 33 6 -6 -66 -38 -40 -7 -26 3 -4 4 21 4845 305 2493
4 6 6 -4 -24 4 -12 -2 -7 13 -13 13 -1 18 -15 0 -15 5 -5 18 9 29 12 18 0 1 -7 0 -4 -3 -11 -2 -9 -10 -13 -17 -19 -32 -43 -46 -56 -61 -61 -52 -25 2 37 77 110 126 119 110 94 89 80 82 78 69 40 4 -55 -109 -151 -175 -165 -121 -64 -4 46 67 45 -14 -71 -93 -83 -46 5 54 74 59 26 -1 -21 -29 -10 26 61 82 86 76 43 -7 -50 -69 -57 -20 14 24 14 2 -6 -11 -20 -17 1 12 2 -17 -24 -23 -27 -41 -47 -51 -54 -40 -22 -9 11 27 28 7 -7 -3 5 6 13 18 20 16 14 16 17 13 9 17 28 31 41 44 40 26 1 -23 -44 -59 -64 -54 -38 -26 -28 -35 -40 -47 -49 -44 -24 6 44 74 99 118 118 109 98 85 76 58 28 6 -27 -62 -87 -100 -102 -103 -107 -105 -106 -103 -91 -68 -24 21 57 76 83 70 30 -15 -49 -42 -3 32 76 117 126 104 49 -7 -37 -42 -23 9 39 55 40 -3 -55 -95 -106 -83 -36 12 50 70 57 23 -12 -47 -56 -50 -35 -21 -13 5 17 8 -6 -18 -13 0 18 35 52 64 62 42 20 3 -6 -7 4 14 17 27 28 11 -7 -19 -24 -11 -4 1 1 5 -1 21 13829 305 2493
19 0 15 3 -2 -15 -2 -5 8 5 15 15 2 -4 -2 -8 -11 -3 3 -10 -24 -16 4 15 12 16 22 15 -4 -23 -29 -15 -14 -7 2 10 9 -2 -22 -39 -60 -78 -79 -60 -27 4 38 65 84 92 100 103 100 90 73 60 62 60 50 33 -9 -78 -143 -176 -171 -131 -76 -12 33 42 14 -27 -60 -67 -50 -21 16 48 62 57 34 6 -13 -24 -15 13 48 73 82 65 35 -16 -56 -71 -56 -23 8 29 35 24 3 -19 -38 -43 -32 -8 12 24 22 5 -19 -46 -56 -44 -29 -10 12 25 26 20 15 6 -2 -2 -3 -1 10 23 25 18 18 14 7 -2 -11 -7 2 6 15 22 26 18 1 -7 -11 -28 -42 -43 -34 -27 -16 -2 5 -9 -32 -43 -38 -23 3 31 60 85 96 94 100 93 80 54 18 -10 -34 -49 -55 -66 -78 -90 -100 -100 -92 -80 -79 -74 -52 -12 37 81 104 91 49 -4 -50 -75 -48 5 69 113 117 90 49 6 -21 -29 -16 11 33 41 34 17 -20 -52 -79 -84 -64 -25 13 50 52 39 1 -37 -54 -50 -29 1 24 31 25 15 -1 -28 -34 -27 1 28 44 52 44 26 4 -19 -24 -20 1 20 24 27 24 12 -3 -15 -24 -27 -21 -10 -11 -12 -12 23 7803 305 2493
1 5 -4 -6 -4 0 10 8 2 -4 -18 -20 -12 1 7 6 4 1 -6 -9 -6 0 3 9 11 6 8 6 6 3 -5 1 4 -7 -14 -27 -38 -48 -62 -74 -87 -84 -70 -55 -31 10 62 105 124 134 131 127 128 134 131 116 104 97 58 -7 -83 -155 -150 -182 -145 -122 -61 -62 -13 -33 -36 -76 -40 -53 -14 -6 31 29 60 40 29 2 20 29 53 73 100 103 75 17 -25 -51 -53 -34 -12 5 13 15 5 -34 -72 -84 -67 -46 -25 7 32 33 23 2 -12 -36 -51 -40 -10 20 45 50 42 15 -10 -15 -3 3 -1 -10 -11 -7 6 10 8 4 -3 -6 -6 -4 12 18 26 32 24 13 1 -16 -31 -36 -32 -36 -36 -36 -37 -39 -47 -47 -44 -42 -26 10 51 89 105 120 133 133 131 123 99 75 37 -8 -48 -81 -99 -107 -116 -130 -142 -144 -139 -120 -97 -70 -17 36 69 74 56 29 4 -19 -16 1 41 82 103 111 103 75 45 20 12 15 24 29 36 28 -21 -62 -82 -94 -87 -54 -12 23 25 19 5 -25 -60 -63 -40 -15 11 45 64 45 10 -6 -11 -17 -11 12 31 44 46 54 52 23 -7 -31 -40 -30 -13 9 25 21 9 -8 -24 -22 -27 -38 -48 -43 -26 3 29 25 2169 305 2493
1 2 -1 0 -1 0 4 -1 -6 -12 -12 -14 -11 0 12 27 32 17 2 -6 -9 -13 -19 -13 -6 1 2 41 15 38 22 15 -16 16 41 82 76 71 25 -14 -66 -80 -90 -89 -98 -105 -111 -124 -132 -120 -90 -41 6 35 60 69 62 51 46 48 67 111 158 174 150 88 5 -65 -110 -101 -39 39 76 63 16 -38 -88 -116 -118 -81 -35 2 20 10 -14 -32 -44 -36 -14 12 40 55 46 29 19 3 -11 0 28 48 61 53 29 2 -21 -21 -11 4 21 26 17 1 -21 -37 -47 -40 -23 -5 5 8 16 17 8 -5 -21 -23 -26 -22 -8 -6 -9 -9 -11 -13 -19 -10 12 25 26 24 22 22 30 47 62 75 77 64 43 8 -20 -36 -49 -53 -60 -68 -76 -97 -126 -144 -144 -105 -52 -2 40 74 92 95 90 82 85 114 139 139 111 68 31 1 -10 1 7 6 -10 -55 -96 -131 -146 -129 -88 -31 20 47 36 -15 -89 -152 -151 -88 2 87 134 141 107 40 -32 -69 -58 -12 31 69 87 73 33 -9 -35 -38 -26 -8 15 38 47 38 9 -28 -53 -55 -36 5 28 19 -8 -41 -53 -47 -33 1 27 24 12 -3 -7 -12 -9 -4 0 12 16 25 35 37 31 13 2 -2 -7 1 10 25 2690 305 2493
7 0 -7 -10 -4 2 4 -2 -7 -5 -9 1 10 6 4 4 -6 -7 -14 -14 -10 -14 -5 7 18 27 37 29 12 -1 -7 -20 -22 -15 -17 -37 -10 -16 -24 -37 -57 -106 -128 -114 -92 -46 17 71 99 115 126 146 136 126 115 123 126 145 147 125 55 -31 -125 -192 -222 -190 -133 -83 -45 -29 -42 -61 -81 -86 -76 -49 -10 23 46 57 61 62 35 19 16 37 68 96 103 90 60 27 -17 -40 -50 -51 -32 -16 -12 -16 -33 -42 -46 -47 -39 -27 -13 -3 -2 -2 -7 -12 -23 -24 -25 -24 -9 11 25 38 32 17 7 -5 -8 -4 7 16 15 11 -2 -9 -9 -7 -4 -6 -6 5 21 29 37 32 25 6 -10 -32 -42 -23 -29 -44 -36 -25 -36 -45 -58 -53 -40 -25 -4 32 58 76 114 149 120 133 138 125 92 62 28 -21 -58 -74 -98 -114 -117 -135 -145 -171 -170 -154 -115 -65 0 49 88 95 92 51 9 -20 -17 19 64 104 136 131 112 71 27 7 0 3 9 8 11 1 -21 -53 -78 -87 -68 -47 -36 -28 -6 4 3 -5 -8 3 10 14 33 36 29 10 -4 -2 8 18 24 21 16 13 26 33 28 10 -17 -36 -33 -21 2 16 23 14 -8 -21 -30 -28 -17 -13 -4 2 -2 25 10816 305 2493
-2 -11 -21 -26 -20 -29 11 29 37 12 36 -2 -17 -52 -28 -38 -10 -10 33 20 34 10 23 4 0 -13 9 22 58 65 67 41 29 21 24 34 27 9 -13 -41 -61 -74 -67 -69 -93 -115 -129 -151 -162 -146 -117 -69 -18 43 82 95 80 58 40 46 66 115 163 200 178 117 27 -60 -113 -118 -81 -9 44 64 43 -13 -72 -116 -123 -93 -52 -13 15 20 0 -30 -43 -41 -17 26 61 84 78 48 25 4 2 14 30 49 51 38 20 0 -7 -4 -7 1 18 28 19 13 10 -10 -39 -59 -49 -22 -11 1 9 8 4 -1 -5 2 3 5 1 -8 -20 -35 -36 4 9 31 44 74 21 21 -3 -1 -25 10 16 60 39 54 24 7 -53 -77 -105 -92 -85 -45 -32 -36 -78 -108 -124 -108 -64 -14 23 53 72 91 113 126 140 155 159 139 88 46 8 -23 -27 -20 -8 -2 -7 -40 -83 -129 -156 -159 -113 -46 29 80 86 28 -63 -138 -154 -118 -36 51 110 133 109 58 5 -30 -29 0 41 75 78 53 9 -39 -66 -65 -34 -3 24 38 21 0 -32 -58 -57 -40 -14 11 18 11 -13 -33 -43 -47 -36 -19 7 33 50 50 24 -3 -20 -26 -11 2 25 42 41 35 28 11 3 -4 -1 8 3 25 11330 305 2493
21 0 -5 -12 -27 -36 -27 -5 4 10 16 13 16 13 7 -1 0 10 16 18 19 21 22 6 -7 -13 -8 0 -9 -30 -36 -26 -6 12 16 17 19 14 -3 -28 -36 -28 -17 -9 5 19 19 19 25 27 19 -3 -24 -26 -14 32 83 93 71 -14 -52 -129 -160 -177 -109 -94 -21 12 75 47 42 -12 -8 -13 44 74 123 92 56 -16 -53 -50 13 80 138 144 118 53 -16 -39 -12 24 47 41 7 -48 -91 -107 -90 -45 3 29 17 -2 -17 -49 -60 -47 -18 2 4 -15 -26 -34 -30 -19 6 28 36 21 3 -14 -21 -20 -10 -1 3 -1 -22 -43 -55 -56 -37 -15 9 26 27 19 0 -23 -30 -21 -5 14 26 28 23 13 14 18 21 28 39 48 40 24 1 -15 -18 -17 -11 10 29 46 36 14 -2 -25 -38 -42 -33 -13 -18 -27 -30 -37 -42 -46 -52 -72 -75 -43 23 96 144 169 159 128 18 -20 -57 -45 -70 -10 23 76 43 36 -36 -52 -76 -27 -12 41 24 1 -77 -143 -172 -129 -71 1 32 29 -11 -54 -55 -15 38 94 111 80 23 -28 -55 -47 -11 29 55 69 69 54 20 2 8 21 27 36 16 -5 -26 -36 -32 -16 0 20 15 8 4 6 8 16 30 43 39 18 -1 26 236 305 2493
2 -3 1 -1 -15 -13 4 -2 -3 0 0 -2 -5 -2 7 6 2 10 14 8 7 14 3 1 -10 -4 1 0 -12 -7 -13 -6 -1 -4 -8 -22 -40 -39 -47 -70 -71 -69 -56 -65 -36 -15 39 78 121 142 154 129 123 92 89 86 110 96 64 13 -43 -118 -166 -191 -176 -130 -70 -4 23 7 -29 -57 -88 -86 -48 10 70 106 76 23 -11 -26 -41 -21 39 107 136 132 91 31 -28 -65 -67 -40 -19 9 27 29 -4 -34 -52 -59 -65 -66 -44 -5 20 34 33 9 -7 -28 -51 -54 -51 -23 1 19 35 56 44 25 8 14 1 -3 5 26 38 40 30 11 -16 -37 -44 -19 12 17 13 10 -4 -14 -13 -4 -6 -31 -50 -39 -30 -35 -25 -15 -22 -37 -45 -47 -21 6 52 103 133 137 127 119 107 95 93 84 55 15 -42 -83 -114 -123 -132 -133 -118 -105 -106 -111 -109 -83 -53 -16 33 71 80 60 10 -15 -27 -40 -13 49 105 125 113 85 39 -18 -42 -33 6 46 75 58 21 -22 -65 -102 -105 -72 -11 38 53 56 34 -10 -52 -68 -61 -38 -4 34 54 43 24 5 -21 -38 -30 -4 17 38 57 71 71 56 26 1 -22 -35 -25 -16 -5 9 17 2 -9 -18 -28 -41 -50 -45 -19 -2 17 26 12051 305 2493
6 23 15 13 11 -3 -11 -6 -2 10 18 16 7 1 3 -6 -8 -10 -9 -4 -3 -1 3 5 4 9 10 -5 2 8 -3 0 10 -14 5 8 14 -6 11 -1 5 -13 14 22 40 24 44 39 50 47 45 22 9 -23 -39 -41 -35 -37 -41 -63 -85 -110 -141 -173 -180 -155 -89 -25 37 85 104 76 23 -1 0 32 83 158 214 218 154 55 -42 -100 -112 -83 -35 20 57 62 30 -22 -74 -106 -114 -100 -59 -8 18 13 -14 -46 -64 -51 -17 36 77 84 71 43 13 -4 0 30 58 68 51 28 15 -6 -23 -21 -8 10 22 21 10 -5 -18 -34 -31 -27 -39 -36 -14 7 21 16 6 0 -10 -12 0 9 7 -1 -3 -9 -11 -3 4 16 19 16 11 10 10 13 13 27 44 52 41 18 4 -15 -43 -62 -70 -71 -67 -64 -70 -82 -99 -102 -92 -64 -29 14 44 72 94 95 100 116 124 140 140 113 78 33 -4 -23 -20 9 22 13 -17 -63 -109 -152 -165 -137 -73 14 65 74 39 -30 -102 -151 -152 -88 -1 88 136 132 96 40 -11 -30 -26 13 65 96 88 45 -6 -48 -63 -55 -31 14 36 31 1 -50 -78 -79 -55 -18 18 39 42 20 -29 -74 -80 -62 -25 13 43 63 57 38 22 26 12543 305 2493
-8 0 6 5 3 -6 -4 -2 -9 2 -10 11 21 6 -4 0 -2 -15 -3 10 17 9 7 -10 -7 -22 -9 -3 8 4 6 -7 2 -6 -4 -4 -11 -33 -55 -75 -76 -75 -71 -62 -42 -15 1 34 70 103 114 114 128 135 138 135 133 126 101 42 -19 -86 -142 -172 -152 -117 -85 -62 -41 -17 -9 -40 -77 -92 -86 -60 -15 42 75 58 32 -1 -30 -35 -4 54 95 105 113 99 74 32 -9 -29 -37 -36 -31 -18 -8 -3 -9 -25 -55 -71 -67 -46 -22 -16 -5 5 -1 -11 -20 -22 -11 -1 12 15 20 24 27 19 6 -4 -9 -14 -8 8 26 32 19 14 11 0 -3 -4 6 17 20 27 21 4 -11 -23 -24 -25 -19 -15 -24 -35 -43 -41 -42 -48 -46 -47 -40 -17 5 39 71 96 121 131 128 131 134 129 98 60 14 -36 -80 -106 -117 -126 -134 -139 -144 -140 -125 -106 -72 -37 0 40 65 70 48 15 -4 -7 7 37 75 110 129 120 83 43 14 -3 1 12 22 42 46 19 -32 -81 -104 -100 -78 -51 -24 21 38 23 -4 -26 -38 -40 -34 -36 -11 27 60 68 61 45 34 14 -17 -23 -6 26 42 29 12 -2 -18 -19 -7 8 3 -3 -6 -5 4 9 7 -2 -25 -36 -33 -21 -5 27 4923 305 2493
44 40 39 7 8 -12 -19 -33 -19 -20 -6 -8 3 -7 -7 -5 -8 -21 -21 -16 -2 9 19 27 27 26 15 10 10 3 -12 -27 -28 -21 -9 11 23 15 15 1 -6 -17 -19 -5 19 42 65 69 68 61 60 51 34 2 -33 -58 -69 -64 -61 -81 -112 -138 -165 -179 -165 -120 -65 -22 21 59 75 69 51 41 52 77 123 169 181 151 91 22 -48 -91 -86 -42 25 64 65 29 -39 -96 -122 -118 -81 -43 -12 -2 -15 -37 -49 -44 -28 -2 38 62 69 66 46 21 4 13 27 30 46 58 60 50 28 10 1 -11 -14 -2 3 1 -13 -25 -48 -57 -55 -40 -28 -10 14 27 32 43 46 27 5 -3 3 9 4 -9 -8 0 -11 -24 1 29 35 25 19 15 0 -14 -10 4 11 20 33 34 18 4 -16 -40 -52 -63 -68 -78 -98 -108 -119 -119 -92 -54 -12 19 41 62 75 88 114 143 170 168 147 98 43 7 -28 -44 -28 3 34 33 -3 -54 -114 -160 -171 -138 -62 12 61 52 -12 -100 -163 -166 -122 -38 63 128 144 111 56 11 -21 -18 17 49 71 81 63 22 -25 -54 -52 -28 1 26 37 21 -8 -33 -57 -72 -72 -45 -6 12 18 7 -20 -41 -49 -43 -11 20 44 56 48 27 6 27 5427 305 2493
-13 -3 1 0 8 3 2 -3 0 4 3 -1 1 10 4 -3 -1 -3 -4 -10 -13 1 7 10 15 16 5 -17 -26 -7 -2 7 9 2 -9 -14 -9 -12 -26 -45 -70 -93 -109 -94 -48 -2 35 60 88 129 152 158 150 120 89 66 74 98 99 75 20 -64 -149 -197 -199 -167 -107 -42 -2 16 1 -35 -70 -90 -71 -35 -5 31 58 60 44 20 10 12 24 56 88 110 99 67 14 -25 -35 -34 -23 -20 -16 -5 9 0 -25 -64 -84 -85 -61 -21 21 38 34 -5 -42 -59 -52 -38 -11 17 35 40 33 22 19 16 13 13 4 -4 -5 1 13 17 12 10 -10 -23 -27 -23 -11 5 23 36 36 25 8 -5 -17 -32 -42 -46 -32 -27 -27 -20 -27 -43 -52 -53 -35 -12 23 66 97 112 120 117 111 107 102 86 54 18 -21 -52 -83 -107 -114 -118 -115 -113 -116 -112 -110 -93 -61 -22 23 70 94 91 58 19 -13 -29 -19 18 63 90 109 114 91 57 23 -10 -20 -5 23 33 14 -14 -48 -79 -138 -97 -75 -7 5 49 10 4 -36 -18 -37 -3 -12 26 23 53 37 32 -12 -31 -38 -6 22 78 90 81 38 -3 -39 -50 -34 -3 16 15 10 0 -4 -17 -15 -17 -15 -22 -26 -19 -14 7 23 27 13827 305 2493
2 6 -9 -23 -36 -43 -36 -13 23 56 53 18 -8 -11 -4 2 -8 -12 -4 1 16 24 29 26 10 -12 -20 -16 6 28 47 47 39 32 32 33 18 7 -1 -25 -50 -77 -84 -74 -75 -87 -108 -144 -160 -143 -105 -66 -17 50 90 103 79 47 26 48 82 104 143 187 161 91 13 -56 -99 -98 -62 5 55 60 43 -3 -66 -117 -117 -86 -48 -20 3 12 -5 -36 -56 -53 -17 23 57 84 87 62 35 10 -4 2 20 44 52 42 26 10 -3 -12 -14 -10 5 19 15 7 -4 -15 -26 -36 -36 -27 -18 4 18 16 14 14 5 -8 -14 -12 -11 -7 -9 -12 -17 -22 -16 5 23 34 33 37 34 10 -3 -6 9 37 51 56 47 23 -8 -49 -80 -86 -78 -64 -62 -62 -77 -95 -101 -94 -65 -21 23 66 83 78 74 76 109 158 145 178 126 91 5 -37 -86 -47 -23 12 2 5 -57 -98 -147 -139 -106 -52 2 57 62 20 -53 -112 -136 -128 -60 37 116 134 94 31 -26 -52 -34 6 59 89 80 42 -16 -52 -62 -52 -29 1 33 47 37 13 -13 -41 -52 -51 -30 -9 8 18 14 -12 -34 -50 -46 -26 4 20 29 34 18 -3 -13 -15 -5 7 17 22 23 33 35 13 5 6 6 1 1 27 14350 305 2493
-25 -15 -2 14 15 -3 -32 -56 -72 -62 -39 -13 19 37 38 29 5 -15 -24 -25 -17 -1 17 29 23 11 13 28 44 42 34 26 25 20 17 18 20 19 9 -4 -3 -6 -12 -17 -33 -43 -38 -27 -12 -2 -9 -12 -13 -23 -52 -71 -69 -61 -50 -19 36 92 135 178 183 128 52 -15 -57 -63 -49 -2 48 54 19 -23 -55 -71 -64 -34 9 40 31 -3 -97 -117 -157 -122 -77 0 12 37 8 -9 -43 -25 2 55 62 65 35 3 -33 -44 -24 8 45 75 74 46 12 -9 -8 6 29 32 30 13 -16 -32 -33 -26 -6 17 25 21 10 5 9 19 37 43 39 16 -2 -19 -23 -13 3 20 27 25 26 13 -4 -12 -11 -9 0 0 -2 -18 -33 -33 -37 -42 -39 -25 -19 -13 -6 -5 -6 -3 -2 3 14 22 29 23 15 -1 -17 -16 -16 -4 16 34 49 49 28 3 -18 -30 -39 -41 -36 -24 -13 -14 -4 3 -13 -18 -20 -21 -9 4 35 54 39 18 -7 -18 -14 -9 -10 -3 13 18 14 2 31 -4 15 -16 -24 -54 -18 -11 0 -20 -12 -35 -19 -30 -11 -1 10 4 -3 -12 -5 22 43 39 18 3 -4 6 1 2 15 22 15 4 -2 -3 -11 -7 0 -3 -5 -9 -6 -1 -1 28 3399 305 2493
-5 11 17 4 -12 -25 -25 -8 0 7 15 16 5 -4 1 2 2 0 2 1 -1 5 10 14 18 5 -10 -10 -6 -5 -1 4 8 -2 -14 -19 -30 -41 -50 -58 -59 -68 -75 -61 -43 -26 11 62 96 122 133 133 126 107 90 94 101 105 84 83 -12 -61 -143 -169 -208 -147 -101 -16 6 39 -6 -36 -101 -102 -100 -43 0 69 99 93 48 2 -34 -26 5 53 99 116 100 60 9 -33 -62 -57 -25 6 22 22 12 -21 -55 -70 -71 -57 -37 -12 23 34 27 4 -23 -46 -60 -60 -25 18 42 37 31 13 -3 -12 -12 -18 -12 -2 23 50 66 55 22 -10 -37 -57 -47 -20 14 34 27 16 7 -4 -16 -20 -22 -25 -34 -42 -33 -13 1 -4 -18 -41 -52 -45 -25 7 32 60 93 105 105 107 109 110 106 95 64 20 -25 -64 -90 -103 -109 -118 -123 -118 -114 -117 -109 -97 -71 -23 25 75 102 96 65 16 -26 -41 -28 23 76 113 132 119 73 17 -27 -46 -29 18 52 70 56 7 -47 -100 -126 -119 -84 -26 31 59 61 39 -4 -50 -73 -62 -30 16 52 64 46 24 2 -19 -30 -11 17 37 50 50 56 41 12 -14 -34 -34 -10 12 26 27 13 -5 -30 -51 -57 -42 -22 -3 9 9 15 28 5981 305 2493
15 17 13 9 7 5 4 4 6 11 8 2 -2 -1 -5 -10 -9 -17 -25 -20 -17 -1 10 8 3 -9 -10 -7 -13 -10 4 12 9 5 10 10 11 6 -4 0 5 10 14 17 34 42 27 67 23 47 39 48 4 21 -14 -19 -70 -56 -79 -71 -99 -104 -146 -172 -195 -161 -112 -42 16 71 104 102 74 52 38 50 84 135 187 203 174 93 -14 -97 -119 -88 -26 29 48 30 -11 -57 -95 -108 -91 -51 -12 -9 -18 -40 -51 -60 -49 -10 35 62 90 99 82 41 8 -8 -1 19 51 76 72 38 -1 -34 -40 -22 -10 0 10 8 4 -3 -4 -12 -24 -36 -52 -38 -4 3 4 15 9 -14 -25 -9 8 14 7 2 0 -20 -25 -4 13 21 23 20 18 10 7 13 17 24 34 49 61 55 24 -15 -38 -58 -74 -74 -76 -74 -73 -89 -102 -109 -104 -75 -41 2 54 86 97 94 95 100 116 140 154 142 102 52 3 -31 -30 -5 17 20 -5 -52 -103 -153 -166 -141 -94 -26 34 53 22 -41 -97 -122 -110 -62 8 74 103 102 69 29 3 -3 12 45 71 89 73 24 -26 -63 -76 -61 -27 21 51 42 10 -35 -74 -88 -70 -24 21 47 38 8 -30 -55 -55 -50 -36 -6 19 44 58 55 42 28 6479 305 2493
-23 -17 -5 9 13 -7 -32 -55 -68 -55 -29 -5 15 21 17 -2 -17 -29 -8 13 29 36 24 8 5 1 9 33 41 47 42 24 10 13 22 16 9 10 0 -20 -24 -11 13 16 0 -12 -12 -19 -30 -37 -44 -59 -56 -44 -27 -7 -2 -9 -29 -34 -4 48 119 178 181 126 44 -20 -63 -65 -30 13 48 32 -19 -62 -90 -78 -37 15 76 98 54 -40 -137 -177 -157 -104 -34 26 49 27 -3 -36 -49 -9 34 51 70 72 33 20 -56 -40 -21 37 13 54 34 21 -33 5 11 55 42 51 0 -24 -46 -19 -16 8 19 24 9 -1 -9 -13 2 33 50 45 25 -2 -18 -25 -14 -2 14 33 32 24 16 4 -11 -10 -11 -6 -6 -6 -16 -28 -41 -42 -30 -26 -21 -11 -15 -11 -2 -8 -7 0 -2 -4 1 18 27 30 16 3 5 0 4 19 22 19 1 -14 -20 -16 5 19 17 8 -20 -39 -38 -32 -13 3 14 11 -3 -10 -1 20 35 39 22 -10 -33 -38 -29 1 28 53 56 25 -7 -20 -26 -33 -33 -18 -8 -12 -11 -7 -15 -19 -20 -38 -47 -16 13 23 35 40 29 -1 -25 -15 3 -10 -15 1 24 33 31 36 25 -5 -30 -39 -31 -7 18 26 14 4 -10 -13 -8 3 20 28 12740 305 2493
-21 -12 -4 -2 -4 -3 -8 -10 -7 -3 0 -3 -2 -4 -11 -12 6 11 4 -2 0 -2 1 8 12 22 11 -5 -11 -17 -13 6 13 10 -7 -24 -35 -42 -48 -51 -53 -63 -80 -89 -75 -38 -1 36 89 124 140 144 142 142 134 131 134 135 118 75 10 -59 -126 -174 -194 -175 -115 -79 -46 -17 -12 -63 -80 -84 -60 -53 7 35 71 60 49 11 0 -15 25 47 84 90 98 75 52 19 0 -17 -24 -38 -39 -38 -41 -36 -35 -28 -18 -10 -12 -20 -23 -12 -8 -9 -19 -23 -29 -38 -29 -6 13 13 0 -10 -8 0 21 33 39 27 5 1 4 5 10 -4 -17 -14 -10 3 18 35 47 38 18 -1 -16 -22 -21 -11 -21 -36 -43 -45 -34 -36 -42 -50 -60 -64 -53 -15 40 75 96 104 106 118 125 137 138 125 107 71 22 -33 -77 -105 -126 -131 -137 -156 -158 -153 -141 -127 -97 -45 13 49 72 81 71 41 6 -6 2 27 64 103 127 120 97 65 23 -7 -14 6 26 36 35 7 -44 -84 -107 -102 -71 -36 -3 21 22 9 3 -7 -24 -32 -20 -5 5 11 18 16 5 -1 -10 -11 5 16 31 49 52 45 24 10 2 0 -1 -3 2 11 2 -11 -20 -9 -2 -4 -8 -15 -11 -7 -14 28 14719 305 2493
6 4 -3 -5 -8 -7 -7 -11 -2 6 10 11 -1 0 2 -3 0 -3 -3 10 8 4 -2 -6 -12 -13 -2 0 1 6 4 3 1 6 14 13 12 4 -10 -15 -25 -32 -23 -10 6 23 34 31 7 -9 -19 -19 -20 -17 -7 13 61 80 63 29 -31 -102 -154 -178 -146 -76 -7 39 49 41 23 3 -12 -11 20 71 106 117 87 40 -14 -44 -29 10 61 100 109 88 42 0 -8 8 35 49 35 -6 -61 -99 -100 -70 -15 36 51 22 -28 -57 -60 -46 -22 2 20 11 -15 -39 -58 -54 -22 7 29 33 16 -5 -24 -14 -33 26 18 24 -15 -10 -68 -57 -67 -16 -22 20 12 21 -4 3 -13 2 -5 15 17 21 20 23 15 19 19 17 22 26 21 15 19 17 14 14 13 17 8 0 -1 -4 -4 -8 -14 -14 -22 -26 -30 -31 -41 -45 -45 -37 -41 -46 -53 -32 11 56 85 123 142 122 63 13 -27 -51 -44 -18 21 50 49 23 -17 -67 -86 -65 -14 46 75 47 -12 -82 -135 -144 -110 -41 8 6 -7 -13 -41 -43 4 46 68 69 41 0 -47 -82 -61 5 63 92 96 72 32 -18 -46 -32 -1 25 43 44 29 -5 -22 -11 4 16 20 6 -4 -4 9 13 57 26 49 25 17 29 4949 305 2493
-5 7 16 16 13 15 16 9 -3 -21 -26 -22 -12 -5 5 29 45 31 8 -13 -17 -23 -22 -2 1 1 -11 29 23 4 -20 -21 -48 -48 -28 9 23 14 -21 -54 -79 -95 -102 -91 -73 -41 20 69 113 145 163 159 145 116 113 113 120 122 106 57 -12 -83 -145 -177 -177 -161 -115 -75 -49 -29 -16 -16 -31 -57 -63 -45 -4 40 67 65 35 6 3 6 26 56 87 103 90 75 34 -12 -39 -49 -56 -49 -26 4 6 -8 -30 -47 -45 -45 -42 -17 7 24 24 2 -12 -29 -30 -33 -28 -20 -5 14 23 17 17 6 4 -4 -7 -3 -4 9 23 18 16 17 14 1 -13 -14 -4 10 22 25 22 13 7 -2 -20 -29 -38 -34 -26 -28 -33 -44 -49 -50 -32 -62 -30 -11 8 13 60 97 130 143 155 157 151 119 80 26 -28 -65 -86 -89 -119 -142 -127 -118 -134 -134 -127 -113 -93 -46 19 74 96 87 67 25 -12 -14 10 38 48 58 86 105 93 77 49 29 18 8 9 6 -10 -36 -64 -82 -84 -63 -38 -12 19 30 21 1 -11 -19 -21 -10 10 14 16 15 13 13 -6 -27 -36 -31 -6 21 45 60 48 32 1 -15 -9 4 13 13 11 6 1 4 -3 -8 -11 -18 -21 -23 -22 -10 -2 29 7478 305 2493
-32 -48 -46 -13 23 16 42 16 10 -12 -23 -38 -5 13 18 0 6 6 14 17 24 23 0 -14 -13 8 41 60 49 29 4 1 2 19 35 39 32 20 2 -11 -24 -46 -71 -81 -88 -103 -112 -124 -139 -142 -137 -96 -44 16 74 93 85 54 25 25 40 76 134 177 189 150 77 -13 -82 -113 -100 -47 16 56 67 29 -38 -94 -129 -123 -81 -31 18 36 23 -9 -41 -57 -54 -22 27 71 85 67 44 20 1 2 13 28 33 31 25 17 2 -8 -11 -8 8 24 35 27 11 -9 -30 -41 -42 -29 -11 0 10 14 11 8 14 22 7 -21 -36 -33 -22 -11 -5 40 24 26 3 -10 -12 22 16 11 0 7 13 42 63 63 43 -4 -51 -81 -81 -53 -19 -15 -26 -66 -108 -131 -134 -121 -82 -36 20 62 95 113 110 108 107 109 111 116 116 96 62 6 -36 -40 -18 5 10 -8 -43 -90 -139 -161 -139 -70 3 49 57 34 -16 -74 -128 -136 -88 -3 74 121 126 86 32 -21 -49 -29 6 47 80 86 59 12 -40 -70 -69 -42 2 34 48 40 5 -37 -56 -52 -39 -19 3 12 3 -20 -38 -42 -42 -24 0 20 35 33 26 12 -13 -19 -12 2 19 35 40 33 25 13 -3 -9 -6 11 22 29 7985 305 2493
-15 -15 1 3 2 8 15 11 1 -4 0 7 11 5 -2 -9 -15 -18 -13 0 4 2 2 -12 -18 -2 9 17 12 8 6 3 -1 -1 0 -3 -15 -24 -35 -47 -60 -71 -75 -80 -69 -46 -10 42 85 106 121 129 127 120 111 113 117 120 119 90 23 -60 -128 -189 -231 -220 -167 -91 -34 -15 -12 -24 -43 -54 -64 -38 15 64 90 86 73 56 30 12 11 30 52 79 58 64 17 -6 -50 -21 -47 -22 -20 19 -17 -27 -74 -52 -70 -43 -27 19 22 44 36 29 0 -20 -36 -33 -12 11 29 33 14 -5 -11 3 12 1 -9 -20 -21 -17 -12 6 13 10 -1 -3 -13 -12 -2 19 28 36 41 45 26 -3 -12 -19 -29 -35 -40 -37 -36 -34 -28 -44 -57 -64 -57 -37 -5 34 76 101 112 120 132 137 126 114 87 49 4 -44 -77 -106 -119 -118 -124 -133 -141 -147 -138 -119 -84 -39 14 62 96 107 93 63 25 5 6 28 62 95 107 107 89 51 17 -6 -15 -14 -8 -1 1 -15 -44 -74 -88 -81 -59 -43 -19 -5 32 -1 3 -16 -1 -26 14 25 66 36 50 5 -3 -48 -32 -30 1 4 49 49 45 18 0 -28 -38 -33 -15 7 28 30 29 15 0 -2 -13 -38 -45 -30 3 18 25 30 266 305 2493
6 7 10 24 24 34 49 55 50 42 24 18 2 -1 10 16 12 7 9 14 15 13 8 0 -18 -37 -52 -79 -76 -55 -36 -27 -23 -15 -9 -25 -32 -6 45 96 141 156 131 81 10 -52 -83 -72 -29 17 37 41 22 1 -3 -11 -3 14 35 40 -8 -88 -155 -191 -177 -116 -40 20 43 41 13 -20 -41 -26 14 55 74 71 34 -7 -42 -52 -8 9 77 60 43 -17 11 -17 38 42 78 35 42 -12 -6 -25 9 16 42 22 24 2 -10 -17 -20 -16 1 -5 -16 -25 -40 -42 -30 -1 25 34 38 39 24 8 -2 -2 6 11 15 1 -15 -34 -34 -30 -21 -16 -6 -4 4 -16 -27 -37 -41 -37 -31 -23 -10 -14 -3 15 18 13 17 28 37 31 8 1 14 9 -1 10 10 7 -5 -20 -14 -5 0 4 0 1 -2 -21 -26 -17 -9 -10 -10 -20 -26 -19 -8 20 33 40 56 65 53 32 14 9 0 -17 -27 -30 -33 -31 -26 -24 -25 -37 -41 -39 -29 -10 31 49 50 43 26 11 -2 22 -14 -9 -37 7 -8 42 17 32 -6 14 -32 -17 -37 -2 -8 12 -11 -8 -17 -8 0 10 0 8 7 7 16 17 33 35 16 -3 -7 5 12 4 -1 -1 5 5 2 -3 -18 -13 -20 32 1028 305 2493
-26 -22 -12 -3 1 -5 -15 -10 5 12 8 14 24 20 7 -4 -9 -11 -11 -3 -1 1 6 -1 -2 1 2 1 -3 -2 3 9 12 8 1 -17 -35 -51 -64 -65 -75 -88 -85 -80 -70 -36 14 63 103 136 148 133 115 104 105 118 136 149 140 93 8 -85 -152 -194 -203 -168 -112 -55 -18 -5 -16 -51 -86 -97 -90 -59 -10 44 89 98 68 30 3 -14 -7 29 66 86 92 80 65 39 -1 -27 -39 -42 -45 -39 -26 -14 -12 -18 -40 -48 -41 -19 -33 24 7 2 -32 -31 -72 -42 -15 20 5 8 7 29 21 37 36 40 29 26 22 15 14 17 15 4 -4 -9 -9 -14 -8 4 20 26 22 24 15 -10 -30 -46 -48 -43 -43 -26 -22 -26 -37 -42 -53 -51 -33 -4 29 65 88 115 126 126 122 119 108 90 60 32 -8 -51 -75 -97 -112 -115 -124 -133 -143 -150 -144 -116 -75 -23 28 70 86 78 44 9 -15 -21 5 44 83 122 132 104 64 30 9 -5 -9 4 21 32 26 7 -20 -57 -93 -114 -107 -77 -34 13 35 32 13 -12 -14 -17 -20 -7 14 25 32 29 28 20 6 -4 -3 5 61 35 52 17 -3 -45 -8 2 18 7 29 17 22 -24 -38 -40 -37 -40 -25 -16 0 7 1 37 1201 305 2493
11 -3 -13 -13 -17 -13 -12 -8 4 2 -5 -4 -1 4 8 9 13 18 9 -4 -3 -15 -19 -8 -15 2 8 8 18 19 10 5 -8 -12 -16 -25 -27 -40 -65 -67 -61 -63 -65 -57 -39 -4 33 61 97 116 136 151 136 116 111 96 92 79 58 21 -38 -101 -148 -177 -163 -116 -63 -18 14 19 -1 -42 -81 -123 -59 -32 37 68 91 61 40 -14 -43 -72 -33 18 71 101 106 80 34 -17 -54 -56 -46 -20 22 54 51 32 5 -24 -47 -67 -44 -16 -14 -28 -39 -36 -13 -8 -23 -24 -1 21 21 -4 -24 -17 -16 -25 -19 -10 13 29 46 56 43 15 10 -5 -8 8 29 32 8 -23 -23 -7 1 5 0 -17 -23 -28 -19 6 8 -9 -25 -44 -48 -51 -53 -43 -21 -7 23 59 97 134 142 132 120 100 85 70 51 24 -14 -70 -111 -127 -140 -140 -129 -107 -99 -92 -75 -46 -28 3 48 82 85 67 20 -18 -41 -49 -17 31 83 126 137 118 78 21 -36 -24 -46 6 35 52 25 14 -49 -75 -109 -93 -59 2 44 72 57 28 -10 -54 -80 -76 -49 -17 20 36 45 40 4 -21 -24 -3 29 37 32 36 24 12 -7 -15 15 50 45 37 31 20 10 -16 -39 -41 -44 -36 -17 -2 -12 -18 -36 41 15868 305 2493
16 12 7 -5 -12 -11 -14 0 16 19 14 -6 -17 -24 19 0 24 14 19 -40 -22 -29 2 -14 23 14 25 -9 1 -16 5 -8 1 -3 3 -8 -24 -47 -47 -46 -50 -68 -80 -82 -65 -34 8 55 94 124 137 132 125 121 116 109 104 97 77 36 -31 -86 -145 -176 -173 -138 -78 -18 18 26 3 -35 -86 -114 -99 -44 16 66 97 87 38 -15 -47 -51 -17 45 119 161 148 96 20 -47 -92 -112 -83 -25 20 45 48 31 -14 -62 -88 -92 -70 -29 21 59 54 26 -19 -59 -60 -42 -13 14 28 43 44 37 35 22 -2 -29 -49 -45 -30 -1 26 36 25 -5 -28 -38 -30 -9 7 23 31 21 20 18 19 12 -7 -18 -27 -30 -14 -7 -9 -16 -24 -42 -54 -53 -37 -12 24 55 87 111 107 98 93 98 101 81 61 28 -24 -64 -100 -120 -126 -123 -115 -102 -89 -80 -78 -71 -54 -14 31 67 84 73 47 7 -37 -48 -27 15 74 128 156 141 93 35 -22 -50 -33 1 40 55 44 2 -55 -100 -121 -100 -57 -11 35 56 47 15 -28 -57 -72 -69 -36 10 55 67 51 26 -1 -21 -31 -19 9 35 57 66 52 30 1 -16 -36 -50 -36 -18 7 30 36 34 22 -2 -22 -47 -58 -52 -27 2 22 47 14919 305 2493
19 -2 34 -10 6 -15 19 -16 9 -4 17 -10 5 -19 3 -9 0 8 17 -1 7 -5 -9 -8 3 2 -1 -7 -1 -6 -3 -5 8 11 6 -19 -43 -51 -53 -57 -57 -66 -75 -70 -49 -6 30 68 93 120 131 122 97 91 80 82 89 71 63 48 8 -73 -136 -177 -165 -118 -40 27 72 64 16 -51 -115 -107 -68 -43 -21 4 20 35 40 36 5 -7 -5 11 34 67 93 82 26 -35 -85 -90 -63 -13 42 71 54 17 -21 -42 -37 -3 34 25 8 -5 -14 -29 -40 -54 -57 -44 -28 -12 25 43 34 21 -1 -22 -46 -42 -26 17 -7 38 32 46 2 28 4 20 -21 10 -4 26 8 31 4 5 -13 -7 -15 -5 -14 -12 -25 -25 -18 -17 -28 -41 -46 -64 -59 -24 28 73 105 121 123 114 110 103 93 84 61 20 -12 -62 -92 -112 -129 -120 -98 -99 -89 -72 -65 -66 -44 -10 22 52 54 35 -5 -36 -59 -64 -42 24 93 142 162 136 93 36 -10 -32 -33 -6 24 34 36 11 -28 -55 -56 -60 -43 6 49 61 36 -12 -49 -75 -88 -75 -33 5 29 25 16 -8 -29 -9 20 29 28 36 43 42 34 11 -13 -28 -29 -9 15 36 55 46 32 -5 -47 -63 -53 -42 -23 -14 -9 -15 -21 59 4771 305 2493
-4 -4 16 20 6 -12 -20 -17 -8 -4 6 9 5 4 2 0 1 1 7 10 6 13 17 6 -4 -13 -18 -20 -22 -24 -17 -16 -15 -5 6 13 16 13 20 29 16 0 -12 -15 -14 -11 2 22 26 19 3 -2 3 -2 -16 -20 10 50 61 57 28 -27 -109 -171 -176 -147 -82 10 86 133 118 66 12 -18 -10 20 53 69 57 26 -18 -49 -43 0 57 87 86 65 21 -16 -42 -49 -26 -8 -6 -24 -49 -57 -58 -51 -22 15 56 69 58 18 -31 -65 -62 -31 0 -3 -6 -8 -33 -46 -12 36 62 62 63 40 -7 -45 -49 -19 1 3 10 5 -19 -41 -30 -3 13 24 28 20 -3 -26 -31 -23 -20 -11 -4 1 7 9 21 29 31 36 29 19 14 12 1 -15 -18 -14 -6 0 1 6 9 3 8 1 -5 -1 -13 -29 -31 -38 -46 -57 -60 -51 -34 -28 -36 -24 -1 47 103 141 172 159 100 32 -28 -72 -93 -84 -29 30 63 54 18 -27 -56 -64 -48 -6 31 28 -8 -67 -115 -114 -81 -26 30 58 58 28 -8 -15 -2 24 42 39 25 -3 -38 -63 -78 -68 -29 26 72 92 81 49 22 -1 -29 -32 -26 -26 -33 -36 -24 -8 10 43 61 46 21 1 -3 4 25 52 64 35 -12 59 12736 305 2493
30 -3 -22 -15 7 19 17 19 4 -19 -34 -40 -22 10 25 20 0 -23 -38 -31 -13 11 28 42 20 6 -23 -9 -7 38 47 79 60 65 25 27 -11 -2 -15 -2 -8 12 5 22 5 -7 -27 -27 -40 -55 -65 -73 -87 -92 -93 -76 -58 -30 0 29 72 121 161 189 206 197 157 93 36 -13 -48 -73 -84 -87 -97 -105 -95 -80 -56 -30 -7 17 14 -9 -54 -103 -134 -129 -90 -32 20 58 55 23 -16 -29 -10 35 83 110 104 68 6 -49 -75 -59 -13 39 72 81 60 30 -3 -11 6 29 40 39 22 -7 -32 -42 -36 -15 8 15 14 -1 -21 -20 -17 -13 -4 -4 -7 -26 -39 -31 -16 10 41 59 61 45 15 -9 -15 3 16 31 35 15 5 -38 -57 -74 -58 -52 -9 -9 15 -19 -23 -60 -62 -92 -78 -73 -15 25 79 92 111 111 125 118 111 98 81 46 21 -13 -49 -77 -99 -115 -126 -129 -112 -92 -64 -35 -18 -5 10 24 33 45 47 31 3 -23 -35 -19 16 60 92 101 98 70 33 2 -27 -34 -23 -15 -1 2 -6 -26 -45 -54 -49 -35 -16 9 34 41 35 9 -25 -44 -54 -45 -21 -3 18 24 15 7 -3 -9 -6 -1 20 34 30 27 27 22 8 1 -5 -3 8 13 20 68 8887 305 2493
-4 -1 1 -3 -8 -17 -19 -17 -4 6 3 12 26 39 38 20 -3 -40 -92 -117 -121 -90 -46 3 43 62 44 24 7 0 16 52 80 85 60 8 -40 -73 -69 -24 28 57 62 29 -13 -35 -19 29 87 133 146 123 84 50 22 20 48 72 68 40 -17 -87 -148 -192 -186 -153 -112 -55 -26 -25 -43 -52 -56 -60 -66 -41 1 34 53 50 33 14 -8 -34 -43 -25 -1 24 50 61 73 57 12 -32 -57 -53 -24 11 42 59 49 31 -2 -19 -26 -17 -2 11 22 41 14 39 7 8 -9 15 -5 6 7 34 4 7 -15 0 -16 -9 -16 -14 -26 -29 -42 -39 -34 -25 -22 -24 -33 -34 -2 33 62 104 129 110 54 -20 -54 -74 -74 -50 -16 12 17 -5 -32 -63 -73 -54 -9 53 96 109 82 32 -15 -33 -11 36 69 79 35 -31 -95 -142 -151 -118 -77 -45 -45 -69 -97 -108 -77 -19 47 106 138 126 81 28 -8 -24 -6 31 77 109 112 94 72 38 15 0 0 9 11 14 13 4 -6 -27 -47 -63 -62 -47 -26 7 38 59 55 15 -17 -42 -56 -46 -25 11 32 23 5 -17 -33 -40 -38 -19 0 18 25 1 15 -28 -3 -1 9 -18 11 15 37 4 16 -5 3 -9 6 -1 6 -9 -22 69 9907 305 2493
-32 -3 14 27 23 13 15 -8 -34 -28 -14 -15 -10 11 24 32 22 16 17 -7 -22 -14 -6 18 34 31 28 -1 -18 -14 -13 -1 1 -10 -25 -34 -38 -34 -30 -41 -54 -70 -86 -78 -64 -44 5 46 79 112 116 126 139 133 128 119 113 111 93 64 22 -41 -112 -171 -196 -177 -121 -62 -18 13 6 -20 -46 -77 -74 -47 -15 27 53 61 48 16 0 -5 -8 15 52 85 93 75 42 2 -30 -57 -56 -31 -13 7 9 0 -7 -33 -40 -44 -37 -3 14 18 13 -7 -22 -31 -38 -42 -33 -16 5 24 27 29 36 34 26 10 -10 -19 -29 -33 -9 6 17 28 21 15 -1 -20 -17 -10 -10 1 9 9 19 24 8 -20 -50 -60 -51 -53 -32 4 18 14 -5 -38 -45 -29 0 32 49 72 117 140 145 146 131 106 69 18 -27 -62 -79 -82 -90 -121 -143 -157 -153 -133 -118 -98 -52 -20 11 55 89 108 98 53 -6 -42 -37 -2 40 80 111 114 95 64 16 -15 -16 -14 8 32 18 -1 -23 -53 -77 -94 -78 -41 -4 34 62 50 15 -18 -43 -48 -32 -10 25 45 26 12 -3 -19 -27 -20 9 37 48 58 54 33 15 -3 -24 -24 -16 -5 11 18 16 15 8 -3 -10 -27 -37 -33 -34 -15 -2 72 14508 305 2493
-11 8 10 4 6 1 -3 1 -2 -5 2 13 20 3 -10 1 12 2 -8 -10 -5 7 19 6 5 -3 -13 -5 -2 -2 4 -1 -6 -12 -18 -27 -44 -48 -41 -52 -66 -74 -71 -62 -30 11 67 107 113 122 141 141 135 117 99 109 101 80 33 -34 -91 -134 -165 -169 -144 -107 -64 -14 17 19 0 -28 -41 -42 -18 20 38 36 21 -18 -26 -14 -5 14 44 74 87 65 34 5 -24 -38 -48 -28 -10 4 21 28 7 -35 -40 -35 -21 7 35 27 17 -17 -22 -22 -22 -37 -35 -54 -36 -22 -8 13 50 41 11 -9 -17 -14 -6 1 17 22 10 2 -5 3 11 1 0 0 -1 9 28 30 16 7 -2 -24 -42 -51 -42 -37 -36 -26 -29 -29 -35 -38 -23 -6 14 43 57 79 110 118 121 123 118 102 77 56 23 -19 -55 -77 -99 -125 -140 -144 -146 -131 -124 -108 -80 -55 -8 41 73 98 89 56 23 -1 -12 -3 11 36 71 84 73 56 26 3 -6 -3 21 41 35 21 -13 -48 -68 -79 -61 -19 7 30 37 32 9 -19 -42 -43 -33 -16 9 29 20 9 -20 -45 -45 -37 4 46 59 58 45 28 28 26 12 3 -6 5 10 22 35 44 20 -12 -34 -56 -61 -34 -12 7 3 -18 -22 77 13089 305 2493
-25 -19 -9 1 2 1 3 14 24 31 30 12 -8 -13 -1 18 20 11 8 -1 -13 -15 -6 7 18 18 13 12 8 6 11 20 36 52 55 45 32 15 -2 -22 -39 -47 -59 -67 -63 -99 -97 -115 -145 -159 -129 -72 -22 33 67 81 53 32 23 36 49 102 145 175 152 99 24 -49 -97 -99 -71 -16 35 55 42 2 -50 -85 -94 -75 -46 0 35 38 15 -19 -38 -42 -37 0 32 58 62 52 30 6 -14 -16 -6 16 39 54 41 13 -7 -6 -10 -26 -24 8 22 20 27 20 11 5 -6 -12 -20 -23 -12 -2 8 16 25 31 24 13 9 9 -7 -36 -54 -62 -60 -39 -14 12 24 21 18 3 -14 -13 -1 15 25 39 49 36 11 -9 -27 -45 -66 -82 -85 -71 -50 -38 -34 -45 -53 -33 -5 26 52 64 80 81 83 99 113 125 104 61 16 -13 -26 -17 8 26 17 -13 -56 -101 -134 -138 -90 -28 24 60 61 30 -24 -82 -116 -102 -55 14 66 95 85 41 -13 -62 -76 -42 23 75 92 81 43 -8 -46 -63 -40 -2 30 48 41 10 -27 -64 -70 -54 -25 9 26 19 2 -23 -43 -55 -50 -32 -6 16 30 42 37 22 15 5 2 9 12 9 -3 -9 -10 -14 -12 1 13 27 30 82 12363 305 2493
-22 -8 -3 9 18 17 15 16 19 20 9 -7 -14 -14 -12 -38 -2 -6 11 -7 21 -3 10 -10 16 -12 7 -9 17 13 37 28 48 42 56 47 50 27 25 10 -7 -21 -25 -46 -75 -101 -119 -137 -156 -161 -153 -132 -90 -23 43 66 55 19 -14 -19 6 80 161 216 221 177 86 -3 -78 -99 -78 -23 46 93 95 69 16 -54 -124 -156 -138 -85 -16 54 80 44 -27 -89 -114 -84 -8 67 110 97 44 -7 -35 -31 -5 26 56 66 52 30 5 -1 2 13 30 38 31 13 -8 -22 -35 -37 -45 -39 -20 -3 21 38 31 20 -8 -33 -40 -36 -16 -4 7 7 -4 -10 -9 -3 10 20 31 27 18 2 -16 15 10 41 49 68 30 31 -19 -26 -67 -42 -54 -32 -55 -57 -102 -117 -146 -120 -98 -42 -2 41 53 64 69 88 97 114 139 152 150 121 83 49 11 -4 10 26 27 9 -20 -71 -126 -155 -133 -80 -10 37 61 27 -38 -123 -178 -172 -111 -27 52 97 110 77 22 -30 -66 -67 -26 37 100 125 114 70 1 -50 -59 -32 -2 20 27 6 -23 -41 -48 -41 -32 -14 1 -3 -11 -26 -42 -52 -51 -30 1 29 54 64 63 33 -9 -35 -37 -16 22 65 88 70 34 -3 -22 -16 -8 -4 -7 87 11006 305 2493
3 -11 -23 -23 -9 1 9 11 2 -6 -11 -11 0 6 7 10 5 4 1 -4 -3 -4 -9 -9 -3 5 6 6 3 2 -11 -10 13 7 -12 -4 1 -8 -11 -2 17 22 9 0 2 -5 -19 -22 -27 -42 -63 -80 -95 -107 -109 -84 -44 2 58 105 142 162 165 169 163 147 141 126 103 67 23 -36 -99 -138 -142 -122 -89 -51 -24 -18 -26 -53 -91 -114 -108 -84 -48 -13 22 55 70 59 31 10 13 31 62 86 99 88 54 7 -36 -52 -47 -39 -28 -21 -15 -4 7 14 2 -13 -17 -23 -32 -37 -41 -49 -49 -38 -24 -18 -8 0 13 23 8 -6 -2 6 13 23 36 23 4 4 8 23 27 22 11 -9 -21 -17 -8 0 2 -3 -6 -5 0 5 8 7 -8 -20 -13 -20 -37 -33 -19 -43 -72 -66 -57 -44 -17 26 77 111 124 141 155 149 149 148 126 77 26 -19 -60 -101 -133 -143 -146 -144 -141 -138 -118 -94 -78 -57 -36 -5 21 27 18 -5 -21 -25 -18 12 58 107 141 144 128 93 56 28 6 5 15 22 27 6 -22 -46 -65 -67 -58 -32 -4 13 22 12 -13 -36 -47 -49 -51 -43 -27 -14 6 22 21 27 37 47 43 35 41 42 26 16 14 17 10 6 14 20 16 3 -6 92 8522 305 2493
31 7 -5 -8 -8 -5 -14 -14 -8 5 24 34 35 30 9 -18 -32 -30 -18 -7 -2 -9 -13 -21 -23 -12 1 10 11 7 9 5 10 21 22 13 1 -8 -8 0 2 -3 -1 2 1 2 5 1 -8 -24 -40 -53 -71 -77 -91 -65 -81 -44 -11 49 54 120 137 175 143 147 106 102 63 71 46 43 -11 -45 -110 -142 -147 -115 -76 -13 25 44 17 -27 -69 -97 -107 -89 -46 12 56 74 64 39 10 -14 -13 10 40 72 82 59 28 -14 -48 -78 -69 -38 -5 28 53 45 19 -17 -42 -50 -41 -29 -17 -5 -4 -12 -26 -39 -29 -14 -1 21 28 30 29 5 -23 -46 -45 -27 -11 1 25 51 61 42 16 3 -4 4 7 17 17 18 15 6 8 18 14 3 -22 -51 -57 -47 -21 -2 1 -5 -17 -33 -62 -90 -81 -46 -8 32 75 116 134 141 143 136 125 100 81 57 14 -19 -54 -95 -134 -160 -149 -121 -96 -78 -76 -76 -75 -59 -22 20 48 42 16 -16 -45 -54 -37 6 73 123 148 151 127 89 35 -15 -39 -34 -9 20 35 33 9 -38 -83 -97 -75 -35 15 40 50 45 3 -54 -87 -91 -70 -33 19 62 66 48 24 -7 -21 -14 9 41 53 52 41 20 -1 -14 -20 -18 -2 16 30 97 15861 305 2493
-3 -10 -8 7 10 -2 31 -10 20 6 9 -26 19 10 26 -10 0 -21 -7 -31 5 3 10 0 -5 -11 4 3 6 9 12 6 -3 -5 -7 -9 -13 -15 -8 -1 5 -2 -5 14 20 8 -19 -42 -37 -42 -59 -58 -59 -69 -76 -74 -55 -9 26 70 107 138 162 181 162 131 101 75 58 45 20 5 -34 -83 -114 -135 -127 -91 -40 13 39 40 23 -38 -101 -137 -127 -87 -25 46 97 133 113 59 1 -34 -30 1 24 58 67 51 22 -30 -73 -94 -89 -52 -5 34 59 66 52 9 -32 -76 -74 -36 -4 8 0 -17 -28 -43 -38 -9 11 32 40 26 10 -11 -22 -19 -19 -20 -14 -3 11 24 36 29 29 12 -13 -21 -7 20 30 16 14 5 -2 -2 -10 -16 -11 -15 -11 1 -3 -15 -31 -44 -55 -56 -52 -43 -24 2 54 91 106 124 133 130 122 102 96 77 43 12 -30 -75 -113 -143 -151 -148 -127 -99 -69 -54 -54 -45 -40 -34 -9 12 33 38 18 1 -22 -29 -5 30 86 138 163 145 86 21 -37 -73 -70 -35 18 50 59 30 -18 -61 -85 -87 -52 -15 27 58 54 22 -32 -80 -96 -88 -48 7 50 71 74 67 41 6 -24 -15 15 19 20 26 17 6 -11 -26 -11 18 32 35 23 103 5550 305 2493
20 9 25 6 6 1 4 13 4 -1 3 -13 -9 5 -9 -8 -1 1 7 6 1 2 0 -9 -5 4 -2 -12 -15 -11 1 -6 -10 0 12 25 24 18 10 5 13 20 7 6 13 19 25 39 59 86 88 58 22 -19 -65 -97 -103 -103 -98 -101 -98 -122 -167 -174 -140 -106 -57 -16 30 79 93 73 67 67 78 103 125 135 133 100 34 -32 -65 -49 -10 43 95 105 67 10 -65 -120 -139 -119 -60 -9 9 16 8 -17 -45 -73 -79 -52 -3 41 78 88 74 34 -19 4 -8 50 72 111 54 68 14 23 -13 15 8 50 13 10 -33 -40 -67 -46 -56 -33 -6 10 12 6 -16 -26 -39 -41 -31 -23 -8 10 1 -9 -14 -8 8 17 25 40 43 29 12 16 22 32 33 41 49 29 2 -9 -26 -43 -58 -77 -72 -77 -86 -105 -129 -143 -127 -102 -61 -9 46 86 104 95 90 102 109 124 158 169 149 100 53 18 -17 -28 -18 -10 -8 -24 -45 -56 -78 -97 -94 -72 -35 -4 -10 -52 -89 -134 -148 -113 -59 19 96 118 104 61 -3 -32 -29 13 68 101 116 105 72 21 -37 -74 -84 -50 10 70 97 52 -7 -65 -122 -133 -102 -50 6 19 0 -35 -68 -71 -58 -26 17 45 47 34 20 13 10 108 4181 305 2493
-10 -12 -6 -19 -18 -23 -24 0 21 33 39 15 -5 -24 -39 -47 -25 -4 5 8 -3 -13 -19 -18 -8 13 7 16 4 -1 6 19 21 28 11 6 -7 -2 8 0 -7 -8 -1 -9 -10 -15 -17 -20 -33 -61 -68 -78 -80 -84 -89 -83 -77 -62 -13 39 91 138 166 188 196 184 163 135 102 86 75 46 4 -42 -91 -119 -145 -136 -100 -64 -27 1 -10 -38 -72 -107 -120 -112 -70 -8 39 51 49 35 24 18 30 44 70 96 95 70 26 -7 -26 -49 -51 -33 -7 11 8 6 3 -14 -32 -49 -50 -48 -60 -41 -32 -35 -29 -10 -3 3 8 15 31 36 -9 -15 1 -16 -10 13 19 34 36 33 29 -2 -18 4 10 1 11 10 -8 -20 -21 -8 12 -5 -4 -7 -28 -22 -2 10 20 -6 -14 -10 -39 -72 -75 -64 -62 -31 21 67 99 132 153 156 127 120 114 109 103 71 25 -26 -91 -125 -150 -167 -148 -131 -114 -113 -97 -72 -50 -28 13 37 38 35 30 1 -26 -32 -13 20 64 101 139 148 122 89 33 -9 -23 -22 -1 25 23 11 -22 -56 -81 -79 -63 -30 1 13 22 15 -17 -42 -66 -65 -46 -30 -3 28 50 59 43 25 21 14 0 8 26 35 31 28 7 -14 -23 -26 1 12 10 113 1606 305 2493
-53 -91 -76 -26 33 77 91 62 -3 -58 -75 -41 26 64 66 41 -16 -60 -84 -79 -31 8 33 31 8 -7 -13 -13 -2 26 41 37 17 -25 -49 -28 -4 26 38 43 47 28 4 -10 -16 -3 -6 -29 -50 -72 -85 -83 -66 -50 -49 -63 -90 -108 -98 -56 22 104 168 201 183 163 151 128 110 97 98 102 74 38 -11 -75 -125 -146 -143 -120 -84 -45 -13 -1 -27 -69 -103 -126 -114 -73 -23 24 53 68 71 53 50 51 47 50 58 73 74 58 39 -12 -56 -59 -57 -40 -19 34 24 16 -6 -42 -72 -70 -69 -22 -10 -6 -14 -12 -20 -16 -17 0 11 25 30 32 25 16 10 -6 -12 -3 -5 1 6 11 28 24 17 13 -2 -5 -6 -7 0 12 10 12 10 8 3 -1 -18 -18 -22 -27 -20 -32 -43 -41 -48 -54 -56 -49 -25 8 42 81 102 115 126 137 141 141 129 101 67 14 -43 -83 -125 -135 -124 -121 -115 -114 -106 -94 -105 -108 -90 -53 -5 31 37 35 21 -2 -19 -15 16 55 95 129 155 154 112 69 18 -17 -17 -14 3 8 -16 -32 -41 -43 -39 -42 -26 3 8 -10 -21 -43 -68 -68 -60 -59 -8 31 67 69 67 46 32 -2 14 20 53 55 54 22 10 -8 -2 -12 -19 -23 -13 117 15986 305 2493
-18 -29 -32 -25 -2 27 44 40 20 -3 -24 -40 -30 -10 7 21 13 6 6 -3 14 37 45 50 45 17 -9 -32 -45 -65 -98 -122 -115 -97 -74 -57 -50 -38 -16 3 31 75 110 136 137 104 74 54 63 99 118 102 116 30 -10 -72 -64 -82 -15 -28 -14 -80 -100 -169 -160 -163 -70 -14 45 39 22 -47 -91 -115 -68 5 83 141 152 113 62 1 -43 -48 -18 33 84 91 63 17 -39 -86 -99 -78 -31 -2 11 25 10 -33 -60 -65 -52 -26 -9 16 19 8 -6 -5 -9 -6 3 22 45 57 39 28 3 -11 0 11 25 44 46 45 23 -8 -22 -34 -31 -11 5 21 31 29 14 -6 -23 -33 -24 -16 -3 18 19 11 -4 -20 -11 7 24 42 33 30 28 16 5 -5 -16 -9 -4 -9 -31 -41 -45 -51 -53 -40 3 42 64 66 22 -29 -70 -96 -68 -14 45 87 75 34 -2 -24 -22 -1 18 36 49 38 20 5 -10 -17 -13 -11 2 11 4 -6 -24 -38 -32 -44 -41 -15 8 18 3 -16 -25 -27 -18 10 36 50 43 22 -8 -7 0 0 5 10 17 20 2 0 -7 -16 -8 -12 -23 -22 -16 -3 -5 -16 -25 -29 -30 -26 -15 -3 11 13 -2 -7 -6 -4 10 13 19 31 23 14 3 122 14413 305 2493
-32 -20 1 5 5 -3 -13 -4 -37 12 13 22 -11 3 -35 -7 -9 34 18 23 -9 5 -13 1 -4 14 3 11 7 -1 -11 -9 -1 12 4 -3 -7 -11 -7 -10 3 12 4 1 -3 -7 -10 -22 -26 -29 -35 -42 -55 -71 -91 -100 -89 -56 -6 42 94 137 159 169 165 146 134 112 103 98 79 46 -1 -63 -113 -138 -133 -108 -66 -34 -13 -12 -38 -71 -93 -100 -87 -64 -29 16 44 56 51 36 27 23 25 38 60 78 72 42 10 -16 -36 -45 -39 -19 8 25 19 9 0 -26 -56 -77 -77 -55 -35 -21 -8 -1 4 1 -5 -5 -2 -1 16 30 31 31 22 14 1 -24 6 -9 18 4 4 -43 -11 -4 29 13 31 8 23 -16 -19 -25 -9 -14 3 -3 -7 -15 -14 -12 -3 -9 -19 -26 -42 -47 -27 -9 -2 -7 5 30 43 59 82 105 124 146 175 184 161 100 17 -61 -104 -118 -124 -118 -111 -123 -138 -138 -131 -99 -59 -19 10 22 5 -19 -47 -58 -57 -41 -9 28 61 94 116 115 104 82 60 37 19 12 31 41 36 33 13 -16 -40 -56 -46 -20 1 11 1 -21 -52 -86 -101 -89 -63 -33 -7 14 33 39 28 20 18 15 24 42 45 47 47 49 40 14 3 6 11 29 31 127 11607 305 2493
-38 -26 -8 -5 8 12 18 37 25 8 -5 -6 -4 -8 -4 7 8 4 -1 -4 -8 -6 -6 -25 -42 -56 -26 21 35 29 22 15 18 -6 -33 -24 -16 -7 10 16 26 33 26 17 1 -24 -34 -23 -26 -25 -13 -15 -36 -73 -100 -95 -92 -80 -44 -14 24 80 128 170 184 173 152 129 103 89 82 65 31 -18 -74 -120 -152 -142 -103 -70 -37 -11 -15 -34 -55 -77 -78 -76 -59 -24 11 48 71 67 53 34 22 28 44 55 42 76 43 28 -27 -24 -66 -46 -54 3 -18 15 2 15 -36 -46 -66 -26 -35 -17 -17 2 -7 -4 -16 -14 -6 1 11 22 8 8 13 6 7 -3 -3 10 3 1 9 9 5 8 4 -5 -1 7 20 13 -11 -19 -13 -7 8 20 35 52 41 15 -5 -21 -34 -51 -62 -54 -50 -44 -26 -14 -10 -2 15 42 75 107 145 177 179 157 121 71 25 -24 -73 -110 -150 -167 -146 -125 -102 -81 -73 -70 -79 -90 -72 -24 26 59 50 11 -21 -31 -29 -7 33 91 143 142 116 100 69 40 4 -17 -10 0 12 16 -8 -33 -53 -67 -69 -61 -40 -17 29 -1 -9 -45 -40 -79 -40 -34 31 18 59 52 62 21 42 21 41 20 39 33 38 14 5 -9 0 -1 -3 -9 0 132 9281 305 2493
6 -2 -14 -13 0 10 5 5 12 3 -5 3 -4 0 0 -12 -3 -1 -4 0 -9 -9 -8 -9 -15 -21 -16 0 19 22 20 18 3 -2 -12 -28 -19 -6 -1 8 10 20 27 14 4 -4 -18 -16 -15 -17 -20 -35 -51 -58 -76 -96 -95 -89 -85 -65 -16 54 135 181 201 196 181 158 120 83 76 58 32 -12 -20 -92 -99 -121 -90 -88 -33 -31 -5 -28 -21 -54 -65 -88 -80 -74 -27 15 49 58 36 9 -4 -1 19 43 68 81 66 28 -5 -30 -32 -20 -2 -9 19 40 21 -3 -8 -14 -44 -61 -51 -35 -27 -13 -8 -10 -33 -45 -22 -12 -10 6 25 29 17 1 -2 -7 -6 -5 11 20 20 19 20 24 21 16 16 10 2 -3 -7 -14 -11 -13 -9 0 9 13 1 -17 -11 -9 -25 -34 -37 -48 -57 -61 -59 -42 -19 2 43 75 107 129 135 145 154 154 145 108 62 12 -49 -103 -138 -154 -162 -145 -123 -101 -77 -70 -73 -58 -47 -23 -10 -2 10 -1 -21 -23 -19 -1 30 61 103 121 123 107 101 85 53 14 -18 -14 8 11 5 -19 -46 -53 -59 -43 -19 -3 15 11 -26 -52 -75 -67 -54 -47 -33 3 28 40 50 44 35 24 9 -2 16 39 71 67 39 10 -10 -16 -7 -2 2 137 15458 305 2493
1 -26 -52 -63 -60 -48 -31 -21 -25 -30 -34 -28 -11 9 26 35 35 26 4 -20 -35 -31 -11 -2 10 20 35 46 37 21 14 14 13 3 -1 5 4 0 -6 -5 1 -2 -9 -25 -44 -47 -34 -15 -1 3 -11 -28 -36 -55 -71 -63 -39 -9 31 78 126 155 167 169 157 129 90 59 41 16 -19 -59 -93 -132 -157 -150 -130 -110 -95 -96 -97 -90 -69 -29 12 39 50 32 2 -27 -35 -16 16 51 94 139 167 152 110 60 6 -33 -43 -18 9 31 34 8 -30 -70 -95 -87 -55 -11 28 42 36 4 -38 -68 -82 -70 -33 3 38 58 67 49 19 5 3 8 22 29 36 31 20 11 3 1 -3 0 15 18 12 4 -2 -10 -25 -35 -45 -43 -38 -34 -25 -15 -5 2 -2 -2 0 -4 -5 -2 6 16 21 28 31 26 14 -8 -20 -18 -6 10 22 31 34 15 -14 -38 -41 -41 -41 -33 -23 -8 4 11 16 5 -26 -48 -54 -44 -20 15 49 61 42 18 0 -4 0 0 6 11 17 19 27 28 15 2 -20 -38 -35 -22 -3 2 -7 -17 -25 -21 -10 0 7 3 2 -5 -8 1 19 41 41 18 1 -8 -4 2 4 11 14 12 8 2 -2 -14 -20 -15 -7 2 -4 -11 -16 -11 -7 142 12888 305 2493
4 5 4 12 9 3 11 9 5 -6 -17 -16 -4 -2 2 2 4 11 13 6 2 4 3 5 1 8 5 -20 -7 8 -19 -25 -17 -13 0 16 32 56 37 -8 -12 -14 -33 -36 -23 -14 -23 -35 -27 -24 -45 -68 -85 -104 -94 -62 -19 41 76 92 110 126 159 178 161 137 110 89 74 73 23 0 -45 -121 -178 -177 -154 -102 -56 -21 -5 -29 -47 -75 -89 -81 -53 -27 9 23 48 62 73 64 52 38 40 58 74 76 69 33 0 -25 -46 -45 -40 -18 12 20 16 -10 -42 -49 -50 -42 -34 -19 -14 -12 -18 -22 -16 0 -2 4 14 27 33 23 22 20 5 -3 -13 -23 -15 -7 4 20 17 1 -3 -6 -9 -15 -23 -20 -6 3 14 24 16 3 3 12 -2 -20 -3 6 -17 -24 -23 -29 -31 -43 -50 -32 -27 -4 51 80 89 115 141 132 115 99 88 73 15 -33 -61 -90 -104 -119 -135 -137 -136 -110 -98 -108 -97 -63 -21 15 42 63 71 54 12 -19 -18 -3 45 88 119 148 140 112 71 20 -5 -14 -17 -13 -21 -27 -26 -25 -35 -51 -50 -32 -7 -14 -31 -27 -32 -42 -43 -43 -31 -8 9 38 48 41 38 27 21 21 28 45 42 16 -7 -1 9 1 -11 -21 -12 0 -3 4 11 149 3000 305 2493
-1 -7 -9 -12 -2 3 8 17 17 20 15 -2 -10 -8 -4 3 -1 -6 -5 -7 -6 -1 -2 -1 -3 -3 0 5 2 3 4 1 5 4 6 10 0 0 10 10 11 17 20 28 33 31 32 32 37 43 46 36 23 3 -23 -46 -72 -91 -93 -92 -96 -119 -157 -171 -155 -111 -52 15 89 124 101 63 43 26 20 49 103 152 165 138 81 14 -50 -87 -81 -39 21 64 71 40 -28 -92 -135 -145 -104 -46 -10 5 2 2 0 -18 -27 -3 26 42 48 49 39 27 20 3 -1 13 47 61 53 39 21 8 -4 -35 -29 8 27 30 16 -9 -32 -48 -58 -39 -9 20 31 40 28 7 -17 -34 -29 -20 -8 2 1 6 2 -4 0 -1 0 7 22 27 24 15 10 5 10 24 40 40 32 26 4 -28 -54 -62 -53 -65 -76 -77 -96 -110 -116 -100 -63 -22 9 50 80 96 100 91 86 97 118 125 124 96 55 16 -26 -43 -19 12 26 11 -18 -54 -113 -152 -139 -99 -46 -1 16 -1 -46 -92 -119 -106 -66 -7 66 124 140 104 44 -5 -39 -48 -26 7 60 93 80 49 8 -25 -34 -30 -14 6 17 14 -5 -32 -64 -57 -37 -15 0 -2 -2 -4 -31 -53 -67 -48 -9 19 45 60 56 39 -5 153 8061 305 2493
-2 2 6 -1 -4 -2 1 6 -1 -7 -5 -3 -3 -16 -17 -6 6 11 4 0 5 12 18 20 21 8 -5 -18 -37 -42 -28 -10 9 16 15 12 11 15 -5 -18 -8 3 3 3 3 5 1 -3 0 8 4 -6 -12 -32 -46 -16 41 75 65 28 -19 -91 -163 -189 -158 -79 -1 52 90 90 64 36 15 16 33 57 72 68 39 3 -8 6 32 75 116 129 99 28 -38 -71 -58 -8 34 49 29 -25 -85 -117 -103 -55 -3 36 42 13 -27 -51 -51 -45 -29 -8 -2 -10 -28 -35 -23 -4 21 38 38 24 -2 -22 -28 -26 -13 -3 1 -4 -14 -28 -37 -29 -10 1 9 13 14 8 -8 -15 -18 -13 4 16 23 26 27 30 23 19 24 31 37 33 17 0 -6 -6 -5 5 16 26 26 12 -12 -25 -19 -11 -15 -22 -21 -28 -39 -43 -40 -29 -26 -26 -31 -41 -50 -29 22 70 108 150 170 143 73 -4 -67 -87 -69 -39 0 59 57 36 -3 -24 -56 -51 -34 -7 -21 -45 -87 -101 -116 -95 -48 18 49 41 -14 -61 -76 -47 16 76 101 88 40 -24 -71 -81 -34 34 84 94 72 42 12 -10 -15 6 25 18 1 -12 -25 -11 12 28 29 22 12 6 -3 -3 -5 5 13 13 9 4 -5 158 5433 305 2493
11 6 5 -3 0 2 2 4 5 18 8 -9 -3 4 -18 -6 6 16 -5 3 -5 0 -12 -8 -5 5 -10 -6 -7 -4 -6 7 2 -6 -4 -9 -34 -41 -39 -44 -58 -62 -58 -58 -53 -32 13 54 83 107 126 121 115 111 100 101 98 99 84 34 -41 -101 -154 -183 -185 -141 -81 -15 23 26 -8 -48 -75 -90 -77 -20 50 96 109 85 41 -5 -39 -41 -24 9 57 106 128 105 53 -1 -47 -75 -86 -65 -23 13 17 -3 -23 -42 -53 -44 -26 -8 19 24 18 10 -4 -15 -22 -31 -35 -26 -2 22 38 27 5 -7 -14 -10 4 18 27 17 4 1 -9 -13 -15 -11 4 8 5 7 15 28 30 26 17 -3 -29 -49 -50 -36 -15 0 -9 -24 -44 -65 -68 -56 -37 13 50 63 87 111 103 102 117 110 85 74 64 31 -15 -56 -80 -103 -125 -127 -111 -104 -103 -96 -82 -78 -68 -29 21 67 89 99 74 17 -33 -49 -31 8 63 113 134 121 80 19 -32 -54 -31 14 51 72 61 17 -42 -95 -120 -115 -86 -33 21 50 52 40 21 -10 -43 -51 -31 0 22 41 51 29 1 -21 -30 -17 -1 14 26 35 39 30 22 18 1 -14 -19 -10 7 14 5 -6 -11 -11 -8 2 5 5 -3 -19 -30 163 8853 305 2493
-2 -2 7 6 1 -2 -8 -7 0 5 10 13 12 4 0 0 -7 6 17 13 1 -12 -11 -7 -16 -21 -18 29 -17 12 21 30 -25 2 -19 -24 -66 -50 -64 -44 -71 -52 -59 -50 -62 -22 13 50 85 126 144 149 134 129 115 104 107 110 94 47 -25 -93 -148 -174 -170 -125 -70 -34 -16 -29 -59 -77 -98 -96 -67 -24 35 79 94 90 58 13 -26 -38 -15 34 103 143 131 84 24 -22 -54 -70 -60 -41 -19 -4 0 3 -13 -38 -55 -74 -68 -35 -4 22 24 17 3 -21 -38 -35 -19 -6 6 22 23 20 16 17 16 3 0 1 -2 2 10 17 16 4 -13 -22 -27 -20 -4 14 23 25 23 16 3 -11 -18 -20 -23 -20 -17 -20 -25 -39 -46 -44 -50 -46 -31 -7 26 54 80 106 122 127 124 124 125 111 77 30 -8 -56 -94 -109 -115 -115 -115 -126 -133 -135 -125 -98 -67 -22 36 71 76 57 29 -3 -27 -21 16 66 104 128 125 96 57 14 -23 -26 -7 25 49 57 47 8 -51 -104 -132 -124 -78 -10 50 70 51 15 -15 -39 -59 -54 -37 -5 31 54 69 59 25 -9 -39 -47 -30 5 48 74 67 41 6 -23 -34 -27 -17 -2 12 10 1 2 8 6 -2 -14 -25 -30 -19 -2 2 169 5278 305 2493
-4 -8 -3 -6 -12 -6 6 4 5 7 -8 -22 -23 -15 -12 -6 9 28 34 19 2 1 -5 -17 -27 -24 -13 -10 -5 7 13 20 18 6 -14 -26 -30 -33 -30 -36 -45 -55 -72 -74 -56 -26 22 68 91 97 101 106 111 108 111 111 107 96 67 13 -50 -106 -159 -185 -163 -112 -52 0 37 45 7 -51 -90 -101 -77 -24 37 86 96 69 33 -2 -30 -33 -13 23 64 99 113 90 34 -32 -81 -103 -85 -41 5 39 47 25 -12 -48 -54 -43 -32 -12 9 20 13 -1 -14 -31 -41 -44 -36 -17 8 32 45 41 30 12 -6 -12 -8 7 16 10 15 20 12 -5 -15 -4 1 -1 0 9 17 20 22 12 -5 -12 -25 -30 -25 -30 -5 -11 -16 -38 -23 -53 -49 -52 -12 -11 33 56 94 97 119 113 121 102 100 80 65 20 -10 -51 -84 -109 -117 -131 -132 -128 -125 -114 -95 -68 -25 19 56 78 85 73 36 -12 -43 -41 -21 17 79 135 150 118 54 -3 -52 -57 -21 25 56 60 34 -5 -58 -102 -123 -120 -90 -26 44 90 93 67 9 -58 -104 -98 -51 -3 44 74 61 27 -10 -32 -30 -19 5 37 48 50 50 41 28 5 -22 -40 -35 -16 5 26 31 22 3 -19 -27 -30 -35 -26 -15 -1 -3 173 9462 305 2493
-4 -9 -15 1 9 12 1 -6 -7 -2 16 31 28 3 -13 -16 -10 -7 -1 -1 8 17 4 -10 -6 2 -6 -8 7 6 -5 -12 -9 2 -4 -16 -15 -18 -32 -31 -42 -66 -86 -79 -57 -16 27 68 100 108 110 116 111 107 99 87 91 90 77 43 -10 -77 -141 -179 -173 -138 -83 -27 15 25 2 -29 -65 -90 -94 -61 7 59 85 87 55 12 -30 -50 -19 31 89 123 124 88 32 -21 -67 -90 -73 -32 4 23 17 -2 -36 -57 -55 -46 -27 -4 17 27 3 -26 -42 -48 -43 -32 -12 16 40 51 40 21 27 -6 -4 -6 -1 2 18 12 -1 1 12 -3 -13 -21 -30 -35 -27 1 36 53 56 53 21 -30 -70 -73 -58 -35 -11 18 33 14 -11 -26 -42 -51 -51 -28 15 59 99 121 113 93 77 84 101 87 57 15 -33 -73 -90 -97 -100 -98 -109 -123 -120 -112 -97 -80 -57 -8 39 74 98 92 57 13 -28 -39 -28 10 61 107 133 129 94 32 -27 -49 -38 -3 30 52 54 15 -45 -96 -119 -107 -73 -18 35 64 60 38 0 -38 -54 -42 -18 6 30 42 40 20 -8 -21 -28 -18 7 32 57 61 53 35 7 -15 -22 -21 -16 -7 3 10 19 19 3 -18 -36 -40 -39 -35 -19 1 12 178 5924 305 2493
-5 -13 -17 -12 -9 -7 7 17 18 21 10 13 10 0 4 1 3 12 2 1 2 -2 1 -1 -6 -6 -3 -5 -10 31 -12 12 -8 4 -43 -6 -37 -15 -64 -38 -66 -50 -70 -46 -55 -7 12 66 97 129 131 127 113 105 91 85 85 86 68 34 -22 -92 -145 -172 -174 -134 -89 -34 14 19 -1 -36 -76 -86 -75 -28 31 75 90 90 48 -11 -52 -55 -24 27 74 120 133 92 39 -21 -72 -84 -70 -33 21 39 39 19 -19 -43 -55 -60 -47 -22 -15 -19 -13 -5 10 6 -24 -17 -6 -12 -7 -14 -1 16 3 2 7 7 19 22 20 15 3 -3 -1 6 13 28 29 8 -1 -3 6 15 3 -6 -18 -40 -37 -36 -31 -17 -22 -28 -30 -35 -27 -27 -34 -27 -6 10 27 50 75 111 129 122 119 98 76 68 45 14 -16 -55 -88 -113 -128 -125 -121 -117 -103 -93 -88 -72 -40 0 43 81 94 81 42 0 -27 -37 -10 24 59 106 125 113 87 33 -18 -44 -43 -15 23 49 54 17 -42 -95 -124 -114 -70 -4 45 74 68 35 0 -43 -68 -52 -18 21 40 43 44 22 -3 -12 -14 -1 11 12 16 30 34 26 13 1 8 17 2 2 7 4 2 -13 -25 -26 -31 -29 -13 -12 -20 -29 -32 183 10586 305 2493
-3 -5 2 3 0 5 5 4 -10 -9 -6 -1 -5 -1 8 13 7 0 -10 -12 -10 -6 3 9 11 7 -2 -3 0 5 15 7 -15 -30 -35 -33 -32 -31 -26 -21 -35 -68 -87 -85 -68 -34 17 70 112 136 149 148 141 127 113 99 97 86 74 40 -16 -92 -160 -197 -177 -117 -60 -34 -26 -30 -45 -60 -65 -50 -30 -12 2 10 26 33 25 20 17 21 42 69 85 87 77 49 7 -34 -56 -46 -22 5 18 9 -3 -18 -35 -38 -35 -35 -28 -18 -4 0 -11 -21 -29 -25 -30 -36 -25 -6 9 21 27 30 25 14 -6 -16 -5 3 9 14 12 14 15 11 12 6 -2 -4 1 11 21 23 15 8 3 -7 -22 -31 -29 -25 -31 -29 -22 -19 -24 -37 -44 -38 -27 -1 31 61 93 114 122 124 124 122 111 92 63 16 -28 -67 -94 -114 -130 -132 -136 -139 -135 -125 -103 -77 -46 -4 39 76 94 75 33 -8 -31 -22 4 42 85 117 122 95 66 34 15 15 17 26 30 16 -10 -45 -74 -89 -84 -56 -29 1 28 32 9 -25 -53 -67 -59 -30 6 34 44 41 29 0 -22 -21 -14 2 26 47 62 57 49 41 24 -8 -30 -31 -12 8 31 45 37 0 -34 -44 -43 -37 -35 -36 -33 -35 -27 188 6442 305 2493
-25 -25 -16 -6 13 13 2 13 16 7 -1 -1 -1 -1 -2 0 10 9 5 12 2 -5 -6 -11 4 7 2 15 4 -14 -15 -17 -9 0 -9 -18 -31 -42 -45 -53 -71 -70 -62 -59 -46 -18 24 80 114 126 148 143 132 123 102 95 107 97 69 6 -24 -124 -151 -190 -155 -156 -65 -32 9 -23 -18 -64 -56 -68 -38 -21 27 48 67 37 2 -8 -8 11 46 73 109 124 101 58 4 -40 -53 -55 -37 -9 11 12 8 -15 -38 -45 -46 -45 -49 -52 -18 23 30 19 4 -6 -17 -46 -54 -35 -10 6 30 43 53 44 24 6 -12 -32 -26 -11 6 37 47 29 4 -20 -16 -6 -3 15 20 7 -2 -8 -9 -6 -11 -22 -29 -44 -43 -24 -18 -17 -18 -25 -36 -49 -43 -4 38 80 116 101 99 129 116 98 101 93 65 16 -39 -78 -106 -139 -148 -136 -134 -115 -101 -101 -97 -94 -60 10 51 76 96 85 49 9 -23 -19 -1 39 91 122 125 112 81 28 -13 -34 -27 7 22 21 9 -35 -66 -90 -104 -82 -47 -1 40 45 39 18 -14 -37 -52 -46 -18 15 31 36 38 29 22 3 -29 -29 -19 3 34 49 69 76 45 11 -14 -29 -30 -33 -23 3 21 20 15 3 -21 -48 -61 -63 -43 -23 11 194 2326 305 2493
2 -6 -16 -20 -3 3 3 3 -2 4 4 8 23 26 30 27 9 -7 -19 -32 -32 -19 5 25 35 23 2 -22 0 -40 -23 -37 2 -36 3 -17 10 -24 -12 -61 -40 -77 -69 -71 -19 0 35 39 68 84 110 115 110 97 99 103 107 117 106 74 29 -52 -138 -178 -193 -176 -119 -66 -24 3 -2 -24 -54 -75 -81 -63 -38 6 52 89 98 67 11 -18 -32 -6 49 94 120 113 72 27 -25 -72 -75 -68 -39 -13 -5 -7 -8 -23 -35 -34 -26 -14 2 20 46 50 29 20 -2 -18 -21 -25 -5 28 31 37 26 5 -8 -22 -32 -21 -2 5 -3 -16 -21 -6 -4 -15 -11 -20 -9 18 26 37 44 40 34 14 -4 -11 -27 -31 -22 -17 -22 -24 -36 -46 -49 -51 -47 -32 -16 25 62 80 104 110 105 103 94 86 64 26 -1 -22 -45 -70 -94 -119 -130 -130 -130 -129 -124 -106 -68 -34 5 55 98 120 98 41 -2 -27 -32 1 51 98 131 128 107 64 7 -33 -53 -55 -37 -2 37 54 32 -24 -71 -101 -111 -88 -41 14 54 58 46 18 -22 -33 -30 -15 4 14 29 35 24 15 15 3 -18 -12 13 30 39 33 21 -6 -43 -55 -42 -15 17 22 18 12 0 -8 -14 -18 -5 6 -1 -11 -4 199 5957 305 2493
19 28 10 34 14 -6 -45 -10 -15 9 0 21 -8 -9 -37 -16 -14 10 2 12 -3 -5 -2 19 27 35 18 4 -3 -7 -5 -5 -6 -11 -23 -30 -35 -36 -36 -40 -55 -78 -90 -84 -64 -17 40 86 116 133 138 130 117 118 119 118 113 105 80 33 -36 -106 -161 -184 -174 -134 -77 -31 0 2 -21 -62 -89 -79 -56 -24 21 54 63 50 28 10 -5 3 23 51 78 94 91 63 20 -23 -57 -67 -55 -29 0 10 6 -1 -25 -47 -53 -41 -14 6 19 22 11 -3 -26 -43 -45 -35 -19 2 28 45 42 29 7 -12 -28 -40 -30 -11 2 11 15 16 38 2 -3 -18 0 -26 7 23 58 41 53 14 9 -27 -21 -31 -27 -49 -47 -48 -27 -24 -13 -24 -23 -18 -26 -31 -4 39 73 91 111 131 139 143 139 115 69 11 -48 -91 -101 -92 -88 -91 -111 -143 -152 -146 -118 -95 -65 -21 29 60 84 83 60 14 -25 -36 -10 44 100 141 145 111 61 17 -2 -4 9 37 54 38 10 -38 -84 -102 -98 -85 -57 -19 19 35 23 0 -25 -40 -50 -40 -5 28 42 42 30 7 -12 -14 -7 11 34 53 59 47 24 7 -4 -19 -37 -43 -29 -11 1 7 11 4 -7 -21 -33 -31 -24 -24 -19 -10 -10 204 9449 305 2493
-17 -14 1 2 6 10 -4 -12 -8 -12 -17 2 19 14 4 -13 -9 1 -9 -6 10 5 1 -6 -5 12 22 24 26 22 19 21 23 35 54 53 37 22 2 -21 -52 -78 -70 -66 -81 -90 -102 -111 -130 -153 -133 -71 -14 31 58 71 67 36 16 30 73 116 161 178 161 116 31 -58 -103 -112 -79 -23 33 73 62 14 -46 -109 -141 -121 -63 3 55 64 42 3 -39 -54 -43 -38 -6 40 67 81 71 48 27 -4 -20 -9 1 20 39 34 16 0 -16 -27 -16 3 12 16 15 3 -25 -36 -13 3 9 14 17 27 23 8 4 -9 -20 -5 4 1 -3 2 4 -7 -25 -33 -24 -3 21 29 18 14 7 5 20 28 33 41 28 0 -25 -45 -55 -61 -63 -52 -50 -65 -77 -99 -112 -91 -56 -17 29 62 80 92 89 87 92 102 130 150 129 90 40 -9 -32 -36 -9 20 13 -19 -56 -99 -135 -149 -132 -75 -10 35 52 27 -36 -91 -132 -125 -63 10 76 117 106 71 15 -40 -54 -28 26 85 107 91 51 -1 -49 -74 -77 -46 6 38 48 46 21 -9 -40 -57 -37 -13 6 19 14 5 -4 -31 -43 -39 -25 1 25 16 -4 -24 -31 -18 0 13 37 54 56 46 8 -20 -25 -28 -14 3 14 209 13723 305 2493
19 18 15 -4 -23 -25 -19 -2 15 20 11 -7 -23 -17 -7 -3 -3 -6 -13 -16 -18 -9 10 24 29 23 2 -9 -8 25 -13 7 -1 23 -30 -15 -45 -27 -50 -31 -76 -66 -92 -72 -64 -19 11 70 97 116 115 120 116 124 114 109 116 109 83 45 -21 -80 -134 -170 -166 -135 -88 -38 -5 -3 -31 -57 -73 -73 -51 -17 19 45 62 63 35 9 -7 -6 18 40 58 80 78 58 23 -9 -27 -45 -50 -39 -19 -3 -5 -17 -31 -32 -36 -44 -26 0 9 17 19 13 -9 -34 -35 -26 -17 5 15 22 26 20 8 -13 -22 -17 -5 0 3 15 22 18 9 -13 -18 -14 -12 0 10 18 33 37 35 24 9 3 -12 -34 -55 -65 -52 -27 -7 -2 -6 -8 -18 -32 -44 -31 15 56 89 122 133 134 128 117 108 79 43 4 -36 -57 -65 -73 -86 -113 -138 -146 -140 -125 -103 -85 -67 -32 14 53 87 88 58 13 -29 -32 -5 34 84 119 126 106 65 21 -5 -5 1 19 25 26 13 -19 -54 -80 -97 -86 -59 -28 12 32 31 23 0 -27 -36 -30 -8 15 26 28 16 -2 -13 -16 -18 -6 13 24 45 48 27 16 7 -4 -8 -15 -11 -4 1 9 13 9 3 -11 -23 -26 -26 -28 -12 2 4 215 842 305 2493
4 -11 -11 -5 -6 2 -7 -19 -11 1 6 16 19 14 9 -1 -16 -23 -27 -26 -5 9 24 20 13 23 10 -9 -14 -15 -8 3 10 17 9 -12 -27 -36 -45 -49 -63 -89 -94 -77 -40 20 60 90 123 135 116 84 63 64 58 57 82 99 83 41 -20 -84 -140 -179 -169 -110 -37 29 74 67 22 -50 -108 -113 -83 -41 11 50 72 70 34 5 -16 -27 -9 27 56 84 89 54 1 -50 -80 -82 -65 -26 25 53 50 14 -23 -35 -42 -43 -12 20 38 32 -3 -28 -39 -54 -56 -39 -22 2 31 36 34 27 7 -6 -11 -15 -2 6 9 19 15 9 5 -6 -3 -7 -12 -7 -1 7 17 25 20 17 9 -12 -25 -35 -39 -11 -3 -1 0 -9 -14 -31 -52 -49 -40 -17 26 67 99 110 111 104 99 96 79 59 20 -19 -44 -77 -93 -105 -104 -76 -74 -90 -83 -84 -90 -86 -55 7 60 87 98 84 37 -26 -68 -73 -41 20 86 155 174 132 57 -25 -59 -55 -51 -22 16 40 50 28 -12 -54 -84 -85 -56 -21 26 57 59 38 -3 -61 -86 -67 -39 4 27 59 37 7 -20 -26 -34 1 41 52 45 42 39 21 -10 -27 -14 -16 -9 0 14 16 17 8 1 -13 -41 -40 -20 -13 -3 8 1 219 13210 305 2493
-3 -16 -5 6 5 10 -15 24 14 6 -1 14 -11 -4 -12 3 1 9 9 22 12 7 -4 -22 -24 -9 2 22 47 57 62 44 22 29 23 14 15 18 15 2 -17 -32 -65 -98 -115 -123 -133 -118 -99 -93 -92 -86 -62 -4 33 57 74 55 21 15 31 84 132 169 182 139 60 -18 -77 -97 -71 -19 21 50 59 38 -6 -66 -101 -105 -89 -49 -5 31 57 42 4 -23 -36 -18 10 34 52 54 42 17 -3 -21 -16 4 19 36 37 21 1 -21 -24 -17 -6 15 28 23 18 6 -10 -18 -32 -31 -18 -6 14 24 23 12 1 -9 -18 -22 -31 -21 -6 -7 3 -4 11 -14 7 13 25 3 25 23 26 14 25 24 39 31 30 9 -17 -41 -49 -56 -71 -65 -59 -60 -73 -100 -98 -85 -68 -34 4 43 89 110 106 94 86 76 85 102 111 87 53 21 -1 -17 -11 0 7 -2 -43 -91 -111 -128 -117 -75 -10 45 57 23 -31 -90 -125 -114 -62 -1 68 119 128 90 24 -37 -73 -96 -78 -14 48 90 90 55 17 -17 -34 -34 -22 6 30 21 1 -8 -22 -27 -17 -1 18 24 11 -3 -10 -22 -22 -19 -24 -20 -17 -3 12 0 -14 -18 -25 -20 5 43 70 67 36 1 -17 -25 -23 -16 -1 225 2585 305 2493
-9 -15 -20 -21 -12 -5 -3 6 24 21 10 7 4 12 5 -18 -14 -13 -12 -3 -5 8 22 20 6 -11 -19 -19 -16 3 27 30 25 18 0 -23 -29 -32 -38 -50 -83 -100 -96 -86 -48 -8 33 82 105 112 101 86 88 99 98 97 113 110 87 48 -14 -93 -153 -183 -163 -118 -57 10 44 39 3 -53 -82 -84 -83 -56 -12 30 58 72 66 26 -22 -42 -25 10 49 90 103 80 35 -24 -67 -82 -72 -27 11 30 37 25 2 -20 -41 -37 -22 -9 -3 5 10 4 -13 -39 -54 -53 -41 -9 21 35 49 36 18 3 -14 -13 -3 2 18 19 8 2 -3 -10 -16 -10 -2 6 8 9 16 16 17 17 4 4 -11 -39 -41 -36 -32 -9 -7 -19 -24 -36 -43 -47 -38 -10 36 80 104 117 118 115 110 98 83 53 20 -5 -42 -70 -79 -92 -93 -95 -105 -98 -97 -108 -94 -73 -38 9 60 99 106 70 23 -15 -51 -65 -38 14 89 137 134 105 60 11 -19 -52 -55 -21 12 49 74 54 5 -52 -102 -122 -100 -45 24 67 75 54 -1 -62 -82 -74 -51 -11 26 49 47 15 -1 -6 -6 3 3 16 45 58 50 34 12 -10 -22 -32 -25 -1 17 32 34 16 -4 -30 -45 -33 -23 -11 -5 -9 -8 229 6733 305 2493
-4 10 -8 6 -13 12 -7 7 -4 3 -3 8 -5 3 -5 -6 -8 -7 -7 -1 5 14 13 3 -3 2 4 11 12 1 -6 -13 -12 2 12 24 24 7 -11 -22 -17 0 16 31 37 42 42 44 50 52 49 24 -7 -27 -46 -49 -43 -38 -42 -69 -106 -120 -148 -170 -155 -106 -36 13 47 70 72 57 32 17 17 39 94 149 185 179 121 37 -60 -128 -137 -91 -11 55 79 64 6 -64 -113 -124 -92 -42 2 30 27 1 -23 -27 -29 -31 -2 37 68 75 63 45 19 -7 -8 7 29 47 47 34 7 -23 -36 -41 -23 4 29 32 21 18 0 -19 -26 -21 -5 2 -1 4 2 2 3 -2 4 9 9 3 -14 -21 -20 -10 1 -2 -2 -3 -1 -2 3 17 18 14 19 24 39 51 50 33 -1 -34 -52 -61 -55 -52 -56 -68 -90 -109 -114 -95 -65 -25 11 31 40 57 77 97 106 106 119 127 123 91 55 27 -2 -21 -21 2 15 10 -15 -66 -124 -164 -162 -110 -40 25 71 73 29 -41 -111 -134 -105 -43 36 100 129 111 53 -12 -53 -59 -23 27 63 69 52 22 -11 -39 -48 -27 6 27 32 16 -9 -35 -61 -60 -34 -4 20 30 29 13 -26 -51 -48 -34 -17 11 39 43 23 -3 -14 234 4433 305 2493
16 19 16 15 12 17 31 43 48 46 31 9 -9 -15 -14 -5 9 18 16 7 -3 1 0 -1 -10 -16 -17 -23 -30 -56 -66 -55 -53 -39 -10 -9 -16 6 50 74 108 137 135 88 28 -19 -34 -43 -31 2 28 36 14 -19 -35 -32 -19 20 54 59 19 -49 -124 -174 -183 -138 -69 7 50 48 9 -22 -24 -23 -4 30 47 33 -6 -32 -35 -17 23 66 92 82 44 13 2 13 44 72 71 39 -4 -41 -61 -56 -44 -26 -6 0 10 17 18 21 12 5 15 19 24 14 -3 -13 -15 -4 7 22 46 59 40 2 -27 -32 -21 -6 3 8 0 -29 -58 -71 -62 -39 -15 1 8 -2 -18 -30 -30 -18 -1 14 22 15 9 4 10 9 15 23 21 19 19 13 -2 -12 -14 -16 -19 -10 -4 -1 -4 -11 -20 -15 -11 -3 -1 6 11 8 2 -3 3 0 -1 3 3 0 -1 3 14 16 14 16 13 10 1 -18 -33 -37 -25 -10 7 24 24 11 -13 -22 -22 -29 -27 -14 -3 -2 -8 6 19 15 -2 -18 -26 -20 -3 28 53 53 29 4 -10 -12 -4 1 -9 -10 -6 4 21 25 24 15 -2 -15 -25 -18 -2 15 24 14 -8 -21 -17 -7 4 10 11 6 5 2 7 23 32 23 8 239 3253 305 2493
3 15 10 6 -2 -5 -6 -5 1 12 16 17 13 -4 -15 -10 2 1 -2 7 8 -1 -8 1 20 30 25 13 -3 -9 -22 -36 -37 -25 -4 9 19 26 16 3 -18 -30 2 -7 38 71 78 57 58 45 43 34 25 -6 -24 -49 -65 -67 -69 -72 -79 -98 -136 -177 -188 -146 -82 -22 19 54 69 59 29 14 24 53 84 118 152 163 131 64 -10 -66 -81 -46 15 69 89 64 17 -58 -120 -139 -122 -71 -5 38 47 23 -16 -53 -66 -53 -19 29 68 78 61 31 4 -11 -13 4 33 58 77 61 28 16 3 -10 -18 -4 17 17 9 0 -16 -41 -57 -55 -31 -18 5 26 33 17 1 -18 -34 -31 -16 -7 8 17 11 0 -15 -17 -5 13 34 39 29 14 9 5 3 16 36 49 44 23 -2 -37 -54 -64 -75 -77 -71 -67 -73 -86 -108 -112 -99 -57 -20 12 44 71 87 88 95 112 140 163 158 118 72 27 3 -7 -2 21 38 33 2 -52 -98 -127 -138 -129 -98 -49 5 25 9 -47 -102 -126 -107 -63 -4 67 114 106 58 11 -21 -28 -7 49 99 113 95 51 -2 -41 -59 -37 -7 14 23 25 15 -19 -70 -99 -100 -70 -28 22 42 28 -4 -47 -74 -61 -24 24 56 61 55 28 2 245 46 305 2493
-10 7 8 8 -1 -5 9 8 -4 5 13 1 3 6 9 3 -3 -9 -12 -26 -12 7 14 19 17 7 8 2 2 6 2 -4 -9 -13 -12 -2 4 6 7 5 8 1 -13 -13 -4 -5 3 -7 -25 -33 -46 -53 -63 -80 -84 -86 -79 -53 -11 33 81 123 153 169 161 149 140 124 103 87 68 41 -2 -61 -101 -121 -127 -105 -80 -45 -20 -20 -31 -56 -88 -97 -86 -63 -38 1 9 51 59 29 15 32 46 55 54 58 69 51 29 0 -26 -39 -31 -28 -23 -15 13 19 -5 -30 -45 -50 -61 -52 -32 -2 27 22 -9 -40 -51 -23 13 35 55 58 53 26 -15 -33 -37 -46 -38 -12 9 27 36 42 30 13 -14 -17 -17 -7 12 27 28 17 -9 -12 -4 -2 -2 -17 -43 -52 -41 -25 -14 -16 -27 -44 -58 -56 -29 0 30 69 88 102 111 118 139 148 145 130 85 29 -30 -80 -106 -128 -142 -141 -139 -131 -119 -100 -85 -71 -52 -35 0 24 39 44 22 -1 -20 -37 -12 29 73 127 154 145 110 61 22 -4 -20 -21 -2 25 23 3 -22 -46 -58 -67 -48 -16 8 29 26 3 -19 -47 -59 -57 -47 -17 19 46 55 45 34 25 12 11 25 42 48 49 22 -22 -47 -55 -46 -23 3 45 68 250 6022 305 2493
1 -1 -2 11 7 -4 1 2 5 2 1 4 2 -11 -21 -20 -31 -40 -37 -37 -42 -57 -54 -18 16 47 72 94 115 117 88 79 83 98 95 67 26 -6 -45 -94 -126 -135 -127 -100 -87 -71 -55 -56 -58 -51 -28 3 26 47 43 -2 -49 -68 -47 -3 48 106 156 174 134 70 10 -37 -54 -40 -3 47 65 58 40 -5 -63 -107 -115 -68 -6 44 79 73 25 -36 -86 -105 -83 -47 -11 24 49 53 37 11 2 -16 -27 1 41 62 72 56 17 -20 -49 -46 -18 14 42 47 25 -9 -35 -49 -51 -38 -27 -13 -8 -17 -10 -12 -8 2 2 1 11 14 13 9 11 21 12 4 -1 6 4 -2 5 13 13 -6 -15 1 7 1 -12 -20 -17 -21 -23 -9 0 10 13 -2 -13 -23 -20 -13 -2 13 23 21 11 8 7 -3 -6 -16 -20 1 10 16 21 11 3 -4 -7 -4 -16 -22 -15 -7 -3 6 18 27 23 0 -12 -13 -30 -40 -20 -4 4 5 7 18 7 -12 -18 -20 -16 -4 17 48 60 37 4 -12 -8 0 -5 -16 -13 -5 -6 2 9 4 0 -13 -23 -21 -19 4 24 16 2 -9 -10 -4 -2 2 7 5 0 0 5 11 26 29 17 2 -9 2 8 -7 -7 -6 -7 1 -4 256 4027 305 2493
-5 -13 -9 1 10 13 0 -4 -8 -21 -24 -19 -12 -2 -8 -20 -26 -27 -33 -37 -40 -49 -41 -32 -7 33 73 101 120 120 118 102 87 86 83 60 24 -24 -66 -91 -113 -132 -134 -111 -78 -66 -65 -52 -49 -51 -33 -2 26 44 29 -5 -39 -62 -63 -11 57 116 155 174 158 93 20 -39 -73 -65 -25 29 75 89 58 -2 -65 -112 -112 -70 -23 25 57 54 29 -24 -72 -85 -76 -48 -13 18 51 58 46 18 -8 -19 -20 -7 20 51 72 58 23 -17 -42 -37 -21 8 33 38 37 12 -25 -43 -51 -42 -25 -19 -17 -14 -10 -5 -1 -1 -6 -8 -11 -6 8 9 15 24 25 14 -7 -12 -6 -5 6 16 16 19 14 -1 -4 -10 -14 -17 -24 -22 -8 4 4 7 2 -8 -18 -26 -20 -6 -7 2 9 6 8 -2 -12 -3 -2 1 7 18 28 24 11 -3 2 9 8 4 -3 -10 -20 -33 -19 -5 8 31 39 34 10 -11 -15 -25 -35 -27 -7 11 16 19 19 3 -17 -27 -23 -20 -3 29 40 36 21 -1 -4 -4 -1 3 -7 -8 0 5 9 16 14 1 -20 -38 -34 -12 4 18 24 6 -9 -14 -12 0 6 12 15 2 -7 -5 2 17 21 14 1 -12 -12 -7 -4 -3 -3 -3 -2 260 9433 305 2493
-22 -2 22 23 7 -16 -42 -48 -43 -25 8 32 46 47 35 22 18 22 29 27 21 19 15 3 -5 -10 -12 -9 5 11 18 13 9 1 -18 -30 -28 -27 -26 -28 -34 -39 -35 -30 -27 -25 -21 -14 1 23 46 72 105 107 59 -14 -78 -128 -139 -105 -38 55 140 187 189 153 110 81 66 78 85 79 38 -38 -113 -175 -202 -187 -137 -77 -36 -20 -21 -31 -40 -60 -77 -79 -70 -48 -31 -2 43 84 113 112 93 72 50 46 53 78 98 95 65 3 -59 -94 -97 -67 -32 -1 26 26 12 -17 -47 -53 -38 -12 -1 -9 -5 -8 -21 -37 -26 13 51 76 87 81 63 21 -19 -45 -50 -25 3 10 -1 -28 -36 -31 -33 -28 -26 -27 -36 -46 -37 -13 7 10 0 -3 -5 3 16 29 23 16 14 6 -25 -12 -19 -25 -48 -39 -55 -30 -5 49 72 96 96 101 89 92 90 100 76 36 -18 -64 -104 -141 -144 -119 -101 -91 -79 -71 -72 -79 -63 -33 1 25 40 59 53 21 -10 -32 -24 9 63 124 163 165 130 65 3 -44 -51 -30 6 36 44 29 -5 -50 -82 -96 -84 -48 1 36 38 19 -7 -37 -51 -46 -28 -3 17 28 33 34 35 26 27 40 42 35 34 37 23 -5 -20 -21 -23 -23 -12 265 15627 305 2493
11 1 -5 -1 7 9 1 -5 -16 -21 -28 -9 17 38 48 37 13 -8 -23 -32 -37 -23 -4 0 6 9 7 0 -12 -21 -25 -21 1 21 43 49 23 -5 -16 -11 5 5 -5 -18 -21 -18 -9 7 5 -13 -43 -82 -115 -129 -118 -77 -38 -4 33 76 116 139 158 172 167 147 121 105 101 91 64 13 -55 -114 -146 -136 -107 -61 -22 -5 -8 -29 -63 -83 -93 -87 -67 -37 -7 12 25 24 19 18 29 43 58 66 80 75 53 19 -12 -32 -38 -36 -18 2 12 12 3 -11 -29 -44 -53 -52 -42 -35 -31 -26 -27 -27 -24 -15 -9 1 14 26 36 35 29 19 1 -19 -9 4 10 21 38 38 29 19 13 9 1 -7 -9 -10 -16 -12 1 9 -2 -19 -17 -14 -22 -30 -34 -34 -29 -26 -24 -31 -38 -38 -34 -33 -25 6 44 79 109 133 153 163 165 154 119 76 40 -2 -47 -81 -132 -104 -139 -144 -146 -110 -125 -120 -123 -98 -94 -45 5 61 69 50 19 -13 -43 -35 12 77 125 152 157 131 92 54 26 18 16 11 10 4 -12 -21 -40 -58 -73 -64 -44 -15 3 1 -20 -48 -67 -63 -42 -16 8 12 24 23 35 44 44 37 34 25 33 37 44 46 43 31 11 -10 -24 -19 -3 2 4 271 5724 305 2493
-3 -1 2 20 24 4 -24 -44 -40 -25 -8 9 25 26 4 -17 -19 -5 16 17 8 1 -12 -8 0 14 25 15 3 -3 -8 -7 4 16 16 8 -6 -23 -25 -20 -14 1 10 8 -3 -16 -19 -20 -18 -16 -29 -51 -78 -96 -101 -99 -76 -33 17 67 110 142 163 175 175 155 132 114 99 83 54 7 -42 -93 -132 -143 -122 -88 -59 -25 0 -6 -39 -68 -79 -86 -89 -65 -57 12 29 52 37 63 36 55 40 76 57 74 55 59 14 1 -31 -28 -47 -26 -11 10 16 0 -31 -47 -50 -38 -35 -19 0 3 -9 -41 -59 -58 -50 -29 -5 23 46 54 59 53 31 9 -21 -29 -19 3 35 58 50 21 -5 -10 -11 -13 -17 -23 -28 -30 -17 1 11 9 -6 -21 -23 -24 -14 3 2 -10 -24 -41 -54 -54 -44 -30 -2 17 29 53 81 108 132 148 156 146 124 92 55 8 -41 -83 -115 -138 -145 -143 -134 -120 -111 -107 -104 -85 -49 -15 12 38 46 32 0 -25 -22 -10 16 63 112 140 138 121 95 52 18 0 -2 -4 30 5 6 -27 -37 -94 -70 -68 -26 -26 20 10 9 -36 -30 -52 -41 -44 -11 13 36 35 32 17 15 8 13 26 49 74 74 52 21 -4 -20 -39 -44 -21 0 2 9 276 3584 305 2493
-9 -7 -4 6 9 6 4 -1 -2 -5 2 8 9 0 -5 -3 7 5 12 12 17 5 -9 -13 -5 3 11 25 58 73 63 47 34 21 15 17 27 23 12 -3 -24 -51 -81 -101 -114 -122 -122 -112 -101 -103 -109 -97 -75 -30 34 79 82 47 20 16 42 79 132 175 175 121 35 -43 -90 -90 -48 12 59 72 56 14 -49 -102 -126 -112 -75 -30 12 39 41 12 -30 -55 -53 -21 26 59 75 66 40 47 -7 -11 1 36 25 44 44 33 -6 3 -1 5 4 10 12 7 -10 -19 -25 -29 -39 -32 -14 7 23 24 19 12 -6 -24 -33 -24 -11 -1 9 9 -2 -4 -11 -10 0 11 21 25 20 17 9 6 10 25 29 28 19 5 -10 -27 -54 -70 -73 -69 -73 -87 -98 -105 -109 -96 -68 -25 23 67 86 85 81 86 94 109 120 132 131 108 73 33 -5 -25 -11 8 6 -11 -31 -67 -113 -136 -133 -84 -11 39 43 2 -55 -114 -142 -121 -50 37 102 128 116 63 8 -38 -61 -49 -11 46 96 107 84 40 -10 -46 -61 -54 -33 -3 20 21 2 -36 -49 -34 -33 -22 9 22 5 -23 -25 -21 -17 -8 -3 11 21 30 41 21 -16 -38 -32 -10 17 51 74 69 35 -10 -35 -32 -16 4 16 280 9591 305 2493
-2 -10 -6 -3 -4 -3 0 -6 -18 -15 -7 -1 5 14 7 4 -6 -12 -7 5 3 1 -7 1 -2 -2 -7 -5 4 4 7 4 -5 -3 4 3 6 8 9 7 1 3 -2 -9 -3 6 -2 -31 -41 -41 -49 -65 -68 -66 -72 -80 -67 -32 24 80 120 156 168 172 164 137 95 67 53 38 18 4 -31 -80 -119 -136 -122 -81 -29 17 23 -8 -63 -111 -130 -118 -72 -5 59 95 92 58 16 -19 -33 -27 19 79 114 118 95 49 -3 -59 -80 -62 -22 18 48 53 25 -24 -64 -89 -89 -61 -34 -16 -16 -7 -10 -10 2 8 7 9 11 20 29 36 26 4 -18 -26 -23 -7 12 22 26 14 5 -9 -18 -15 -3 4 -1 -13 -14 -16 -6 6 14 14 5 1 -4 -12 -15 -19 -19 -21 -24 -27 -45 -55 -42 -26 -12 16 58 85 98 108 112 117 105 86 78 70 30 -21 -67 -100 -120 -129 -117 -99 -79 -73 -65 -68 -69 -58 -31 -7 22 43 52 29 -7 -34 -36 -19 26 89 143 159 139 100 38 -25 -54 -49 -11 36 68 69 35 -14 -73 -120 -133 -95 -36 13 51 68 40 -14 -70 -98 -97 -62 -3 64 104 114 78 22 -21 -32 -16 0 13 29 40 30 27 24 9 -11 -17 -26 -26 -4 14 285 7022 305 2493
7 9 9 7 11 10 6 12 9 -3 -8 -6 -1 -5 -4 2 5 -5 -11 -7 -3 -5 5 13 18 14 2 -5 -10 -14 -9 -3 2 2 3 5 10 5 -4 -4 3 11 13 18 26 36 38 39 44 54 68 29 49 20 -4 -56 -34 -66 -61 -90 -81 -122 -126 -177 -177 -170 -100 -58 10 54 103 106 81 36 21 28 62 103 149 164 139 77 -1 -56 -76 -56 0 46 59 40 -2 -52 -94 -118 -113 -80 -20 21 26 5 -21 -49 -63 -52 -9 33 75 95 89 62 19 -20 -29 -9 29 68 93 81 35 -10 -36 -39 -24 -11 5 9 -6 -13 -18 -21 -29 -37 -32 -23 2 26 31 25 5 -15 -28 -29 -17 6 25 21 4 -9 -21 -17 1 12 20 22 18 14 11 14 22 24 30 43 44 29 5 -13 -30 -58 -79 -84 -74 -73 -85 -96 -100 -103 -99 -79 -46 28 39 83 86 107 69 104 113 142 126 147 102 79 12 -8 -37 -14 -1 22 14 -6 -55 -97 -148 -145 -100 -35 15 31 7 -42 -108 -152 -143 -74 14 79 115 116 76 20 -29 -37 -8 42 79 97 93 59 -5 -50 -72 -61 -34 3 39 46 15 -28 -75 -99 -94 -53 -1 36 48 27 -4 -34 -51 -37 -19 0 14 31 50 53 36 290 5523 305 2493
3 -16 -32 -26 -10 1 24 47 39 14 -11 -18 -36 -47 -45 -26 -28 -33 -28 -9 -29 -54 -67 -70 -49 -14 50 108 136 145 139 120 102 93 92 72 31 -13 -53 -80 -94 -105 -101 -101 -106 -108 -110 -97 -77 -60 -38 -23 -4 22 43 44 20 -17 -39 -31 3 57 124 176 182 136 62 -4 -43 -57 -35 14 49 58 44 -1 -56 -91 -93 -73 -35 3 27 31 16 -11 -40 -63 -71 -52 -15 22 49 68 69 46 3 -10 4 8 26 50 63 36 16 -10 -24 -40 -27 -8 25 26 20 12 9 -15 -30 -45 -43 -35 -20 -7 -1 -4 -4 -6 -9 -11 -13 -3 6 11 19 19 13 10 11 4 1 3 5 1 3 1 18 27 19 -6 -28 -33 -30 -34 -30 -16 1 20 19 4 -10 -22 -34 -45 -40 -23 6 28 35 32 25 21 14 1 -3 -2 3 9 17 16 5 -5 -3 -4 -5 0 0 -3 -18 -35 -38 -23 0 6 3 9 13 3 -25 -34 -22 -13 2 15 26 30 21 19 27 20 7 -10 -13 -5 2 18 25 12 -9 -29 -25 -15 -10 -10 -18 -22 -24 -17 1 17 26 24 11 6 -4 -3 0 -2 -2 -1 1 5 8 15 16 15 3 -9 -5 1 2 7 9 5 -12 -27 -19 -8 2 296 3502 305 2493
-18 -29 -22 -6 8 8 -4 -6 -11 -10 -7 8 21 40 35 24 11 7 4 9 16 19 1 -15 -28 -24 -8 -5 -10 -19 -29 -33 -22 -1 11 15 24 11 7 3 6 6 7 13 14 10 6 4 4 10 21 29 22 12 2 2 21 42 45 33 -1 -59 -136 -177 -174 -138 -75 -12 44 80 74 43 12 -8 -2 22 63 86 76 37 -8 -27 -10 41 95 155 124 101 25 -7 -64 -19 3 50 22 22 -29 -32 -63 -40 -39 -8 -7 -7 -40 -57 -78 -74 -60 -35 -17 -9 -20 -39 -58 -56 -13 52 86 85 64 24 -27 -50 -41 -14 4 3 0 -7 -17 -21 -20 -10 -4 -6 -18 -34 -34 -33 -25 -30 -28 -21 -10 3 28 43 53 36 15 12 33 55 62 55 28 -3 -15 -7 10 26 37 44 18 -5 -16 -28 -30 -26 -26 -30 -47 -66 -76 -76 -54 -32 -17 -17 -22 -23 -5 39 92 143 181 167 104 32 -31 -70 -78 -49 -4 39 62 61 36 3 -31 -43 -26 4 10 -8 -49 -99 -141 -142 -97 -34 16 30 6 -44 -78 -75 -36 16 67 83 69 22 -16 -36 -32 -3 42 74 83 71 47 21 6 8 14 20 12 0 -12 -26 -38 -35 -13 24 41 37 19 -7 -19 -29 -29 -8 18 29 19 301 7591 305 2493
-7 -7 0 6 -2 6 7 -3 -5 -13 -6 12 13 17 9 -6 -10 -6 0 -5 -16 -15 -12 -16 -13 15 22 2 9 13 7 4 -5 -1 -1 -8 0 4 -1 0 2 8 2 -5 5 9 6 -3 -29 -32 -45 -67 -77 -74 -71 -98 -84 -59 -15 13 67 124 168 172 197 184 161 127 102 76 55 18 -18 -65 -105 -122 -115 -108 -97 -68 -39 -31 -45 -75 -85 -87 -87 -61 -33 -1 33 33 26 29 27 47 74 80 76 75 73 64 42 2 -39 -65 -67 -31 8 32 43 30 0 -34 -70 -80 -67 -41 -13 -10 -21 -21 -29 -36 -37 -31 -12 10 13 15 30 32 27 12 -16 -16 -3 7 18 16 13 23 20 12 7 -2 -6 -7 -11 -17 -13 3 23 26 28 33 11 -17 -11 -9 -14 -16 -23 -34 -45 -63 -67 -70 -74 -45 1 47 84 104 114 126 123 127 143 132 97 57 8 -49 -95 -125 -134 -131 -132 -113 -92 -87 -80 -78 -66 -45 -20 11 41 50 42 17 -7 -19 -12 16 63 108 133 142 118 80 43 4 -16 -15 -12 10 17 -3 -35 -58 -57 -47 -48 -32 -13 8 16 3 -29 -54 -59 -63 -52 -17 18 54 70 51 33 12 -1 2 10 33 49 42 38 21 6 -6 -14 -17 -20 -22 -21 1 6370 305 717
15 28 21 26 33 43 50 51 56 38 11 -6 -14 -22 7 -16 30 19 17 -4 18 -7 -10 -26 -18 -32 -29 -40 -36 -52 -48 -29 -30 -34 -24 -29 -28 9 45 93 132 143 137 90 18 -36 -66 -69 -46 0 43 66 49 25 -15 -55 -64 -22 15 40 11 -58 -134 -176 -167 -91 -15 57 88 61 -1 -62 -70 -47 -18 20 59 54 17 -12 -17 -18 7 31 45 51 40 32 32 19 18 13 5 11 6 -4 -25 -33 -16 24 56 70 63 40 -6 -38 -57 -51 -25 0 19 19 -14 -25 -24 -2 34 56 70 54 23 -4 -19 -10 10 10 -13 -19 -14 -27 -31 -30 -29 -1 16 15 -5 -19 -24 -23 -27 -17 -12 -18 -29 -21 -6 8 7 7 5 2 4 11 13 7 12 22 29 26 9 1 -7 -16 -12 -13 -8 -5 -8 -8 0 -5 -5 -10 -9 -4 0 -2 3 0 -1 -8 -5 2 17 20 10 7 -4 -7 -5 -10 0 6 -6 -9 -17 -12 -12 -17 -16 1 7 10 -1 -8 -10 -8 -11 1 17 10 7 7 0 11 18 21 18 4 4 -6 -23 -28 -15 -10 3 11 19 22 26 12 10 8 -9 -10 -2 13 25 16 9 7 -7 0 13 9 -11 -29 -36 -16 17 44 36 17 12 -1 -35 6 1732 305 717
11 14 -11 -16 -11 -12 -6 -1 16 26 26 9 1 -9 -24 -17 -1 10 13 18 12 13 -6 -5 -8 -4 -2 -16 -32 -22 -5 17 21 17 13 0 -34 -68 -75 -88 -91 -85 -75 -59 -30 6 55 88 102 110 112 125 143 149 159 146 107 78 52 8 -44 -105 -167 -196 -186 -156 -95 -40 -14 6 -14 -47 -65 -72 -62 -30 14 60 67 55 41 26 10 8 15 33 63 90 84 68 42 3 -31 -61 -62 -42 -28 -7 -3 -11 -9 -22 -31 -34 -32 -14 1 10 17 3 -7 -19 -26 -23 -13 1 2 14 25 16 7 -2 4 7 -8 0 6 0 0 11 18 18 5 2 0 5 5 14 30 32 21 7 0 -8 -27 -32 -26 -28 -19 -24 -25 -22 -25 -45 -62 -75 -56 -21 23 67 116 151 159 145 127 117 97 64 38 8 -26 -44 -61 -83 -111 -152 -175 -174 -168 -137 -95 -59 -25 -1 22 45 67 67 39 -2 -25 -20 9 62 109 130 134 108 52 9 -21 -28 9 31 19 -1 -19 -24 -41 -78 -94 -84 -57 -34 -12 23 65 62 18 -20 -39 -41 -14 7 22 35 26 22 5 -15 -17 1 17 39 38 31 25 23 10 -2 -9 -10 -4 -2 3 9 1 3 0 -16 -16 -19 -23 -17 -9 -5 -1 11 990 305 717
5 0 -19 -7 -11 1 -6 6 -4 3 -4 5 -2 21 15 5 -2 -3 -6 3 -5 0 3 1 8 3 -2 -4 1 8 14 5 -14 -24 -29 -26 -23 -33 -47 -52 -66 -84 -93 -80 -41 -1 40 87 118 131 137 132 134 132 122 107 104 92 71 27 -33 -97 -152 -183 -165 -136 -103 -61 -30 -7 -9 -42 -64 -66 -62 -32 9 46 71 68 45 21 -1 -5 11 45 83 112 103 74 32 -26 -60 -67 -54 -25 -6 -12 -13 -24 -32 -53 -69 -50 -12 20 29 20 14 18 -6 -53 -67 -45 -33 -14 -5 13 43 48 23 18 2 -20 -19 -5 29 26 29 27 28 -3 -11 -26 -19 -24 -8 -10 22 28 44 35 19 5 -2 -30 -49 -66 -58 -40 -39 -30 -23 -19 -25 -19 -4 23 40 58 92 123 136 148 146 122 100 67 31 4 -42 -85 -110 -128 -126 -120 -120 -116 -117 -114 -111 -103 -71 -9 43 83 102 87 47 17 -5 -9 3 32 71 99 106 100 73 28 1 -28 -17 9 21 27 16 -13 -46 -83 -106 -92 -53 -15 21 41 37 13 -26 -45 -31 -18 -2 22 23 37 30 5 -11 -18 -15 -1 8 24 43 46 41 27 6 -14 -30 -39 -18 5 15 27 28 10 0 -21 -36 -32 -28 -14 -2 3 12 16 7360 305 717
-28 -46 -34 -18 12 40 45 31 10 -4 -12 -16 -11 -12 -14 -13 2 29 34 19 5 1 -10 -37 -44 -6 15 10 -3 -3 -8 -18 -18 -2 -2 -19 -40 -47 -55 -66 -57 -48 -52 -62 -54 -22 23 66 109 138 152 146 132 114 101 106 113 101 74 22 -44 -106 -162 -185 -168 -128 -70 -24 -5 -1 -23 -50 -72 -78 -61 -21 28 63 72 62 29 -2 -17 -11 22 53 85 110 97 64 23 -16 -42 -56 -53 -35 -17 3 7 4 -14 -41 -59 -57 -38 -16 2 18 21 6 -23 -47 -48 -42 -29 -6 24 46 43 30 21 16 8 -3 -4 0 2 2 -2 -5 -13 -4 15 25 17 9 7 10 7 1 4 6 -1 -11 -23 -32 -22 -2 2 -16 -33 -34 -31 -49 -49 -20 -1 5 24 57 92 108 108 106 97 79 83 99 88 45 -5 -45 -87 -140 -165 -159 -144 -131 -111 -97 -81 -56 -27 14 49 67 77 68 40 9 -7 0 11 25 62 106 125 102 66 22 -59 -41 -41 12 40 67 17 -25 -81 -89 -118 -89 -55 10 43 57 47 37 0 -29 -45 -40 -23 -3 25 42 47 22 -10 -27 -36 -23 5 34 55 48 27 12 -2 -9 -14 -15 -7 0 5 14 17 17 8 -5 -20 -29 -28 -24 -17 -12 -16 21 5401 305 717
24 22 5 -12 -15 -1 5 -4 -13 -12 -5 5 25 29 22 1 -22 -36 -31 -16 0 6 19 13 3 -10 -2 16 23 24 39 39 35 40 64 66 72 22 -8 -27 -59 -74 -70 -67 -86 -96 -119 -140 -159 -140 -102 -48 -7 44 68 74 54 43 35 54 81 118 156 179 156 100 12 -61 -95 -89 -47 17 62 59 29 -22 -80 -123 -120 -92 -46 5 25 19 -10 -45 -67 -56 -20 26 57 70 67 50 24 4 4 11 23 38 52 55 34 12 -4 -15 -18 -9 8 25 17 9 5 -20 -31 -29 -21 -17 -3 3 0 -5 -8 -13 -15 -23 -7 9 6 0 1 -3 -9 -22 -15 -1 2 7 21 33 29 34 31 30 45 53 39 29 18 9 -20 -41 -52 -57 -69 -80 -88 -98 -129 -147 -132 -93 -39 28 58 103 103 74 51 62 86 110 143 147 125 86 42 5 -4 -9 4 -5 -13 -36 -61 -98 -123 -141 -116 -55 12 42 34 -19 -91 -150 -155 -101 -13 66 118 124 83 27 -20 -34 -21 12 71 108 96 55 11 -29 -52 -54 -31 1 31 34 25 -6 -41 -56 -61 -60 -37 -4 9 5 -5 -27 -49 -56 -30 -8 17 28 35 26 0 -1 2 3 11 31 27 26 30 36 22 13 4 2 2 1 8 26 12562 305 717
24 19 13 -11 13 -29 -15 -6 30 3 32 15 19 -17 -2 -15 -4 -30 -26 -33 -2 9 32 26 20 14 2 -22 -31 -23 -5 -6 1 20 20 9 -2 -11 -26 -56 -81 -83 -76 -67 -43 -12 11 33 61 94 123 128 116 97 81 70 78 97 116 93 35 -38 -114 -172 -183 -157 -110 -55 -5 18 18 -15 -53 -81 -90 -71 -33 13 70 99 81 46 2 -34 -42 -15 31 88 120 112 70 20 -27 -56 -66 -54 -24 -2 8 11 -6 -29 -54 -65 -52 -34 -8 22 33 36 22 -10 -38 -43 -30 -25 -17 23 38 22 16 15 8 -6 -9 7 21 19 9 19 23 0 -3 0 -5 -10 -11 6 27 29 31 32 23 1 -27 -56 -65 -56 -41 -17 2 9 10 -14 -46 -56 -60 -48 -16 30 75 101 112 123 123 103 70 48 33 16 10 7 -14 -58 -97 -115 -123 -121 -117 -116 -103 -90 -74 -37 7 56 92 90 59 11 -32 -46 -34 0 47 85 108 114 94 53 12 -16 -34 -25 5 40 67 60 23 -39 -105 -121 -103 -70 -11 33 58 57 25 -18 -46 -51 -35 -8 13 28 41 33 6 -15 -30 -29 -19 -3 38 61 59 48 28 17 9 -16 -25 -3 21 3 -2 19 11 -15 -34 -36 -26 -31 -25 -12 -8 31 768 305 717
-10 -14 -5 10 15 12 0 -5 6 7 3 5 3 0 -4 -15 -12 2 7 5 2 -3 -2 -1 4 18 9 -1 -5 -7 -5 -4 -4 4 -3 -23 -33 -37 -38 -38 -44 -47 -52 -49 -29 5 40 83 125 142 137 119 94 72 47 41 61 64 53 28 -28 -98 -160 -183 -161 -122 -65 6 50 51 19 -28 -76 -98 -95 -54 12 54 84 96 60 15 -26 -39 -3 43 83 97 71 30 -14 -49 -59 -49 -23 5 22 16 2 -6 -17 -28 -40 -43 -21 -6 -5 3 -3 -16 -32 -52 -48 -22 13 44 55 42 27 14 6 -6 -14 -7 7 11 5 0 1 10 22 15 11 3 -17 -16 -8 9 29 26 18 9 -8 -15 -20 -26 -28 -25 -17 -13 -12 -19 -29 -37 -45 -41 -36 -14 39 82 103 114 101 100 92 69 56 48 26 -9 -53 -88 -109 -119 -120 -110 -104 -100 -85 -76 -64 -38 -2 41 74 82 86 58 13 -22 -41 -34 -7 31 83 124 128 97 42 -16 -57 -65 -44 -2 32 43 38 4 -48 -83 -96 -70 -23 16 47 57 43 16 -24 -57 -62 -43 -13 22 44 48 37 12 -14 -22 -16 2 25 38 50 44 14 -16 -49 -61 -39 -3 34 63 59 55 41 4 -38 -56 -51 -46 -40 -23 2 12 15 38 817 305 717
20 24 21 9 -4 -10 -15 -21 -20 -10 0 5 12 16 11 6 3 -10 -16 -7 8 21 21 12 2 -4 -5 -10 -10 2 2 -13 -29 -33 -25 -6 0 -9 -15 -27 -60 -94 -109 -104 -74 -34 23 81 117 142 154 146 129 105 90 99 115 121 117 83 5 -79 -145 -183 -188 -155 -141 -50 -32 -1 -20 -13 -71 -82 -103 -37 -3 61 59 76 37 17 -15 -10 -3 48 85 114 97 66 25 -7 -37 -48 -43 -18 -9 -3 -7 -21 -32 -43 -50 -52 -48 -26 3 28 34 23 3 -22 -39 -37 -25 -11 3 23 37 28 20 7 -14 -19 -20 -11 10 33 41 33 19 6 -8 -21 -22 -7 6 17 28 28 23 15 0 -9 -20 -30 -28 -29 -27 -22 -21 -14 -17 -38 -49 -43 -18 -2 8 25 48 72 95 124 155 169 155 110 64 24 -30 -80 -104 -106 -103 -111 -110 -104 -121 -142 -154 -144 -105 -46 30 97 122 106 60 12 -24 -32 -17 4 92 103 145 137 121 40 18 -40 -22 -27 26 29 49 -3 -41 -104 -120 -127 -78 -36 16 36 36 8 -16 -28 -22 -22 -4 18 26 34 36 22 3 -11 -18 -15 -6 19 52 71 67 44 13 -16 -32 -37 -24 -1 15 24 20 9 -8 -33 -43 -44 -37 -24 -8 4 16 41 4363 305 717
4 -2 -3 -1 -4 -1 -4 -8 -2 1 6 8 2 1 -1 -4 -3 0 0 -1 -6 -13 -10 4 23 41 39 17 1 -11 -28 -34 -30 -20 -9 -9 -11 -17 -34 -56 -76 -98 -106 -96 -63 -17 19 44 66 87 110 127 127 129 128 120 123 134 127 107 49 -36 -121 -186 -201 -176 -124 -69 -33 -14 -14 -39 -67 -80 -79 -62 -26 16 45 70 77 51 18 -12 -9 18 53 95 111 103 76 24 -21 -46 -53 -41 -21 -6 -4 -8 -20 -34 -43 -46 -35 -17 -10 -2 6 6 2 -14 -30 -35 -37 -27 -9 9 29 45 43 23 1 -13 -14 -5 -1 8 17 18 15 3 -1 -3 -10 -8 -3 5 18 23 24 16 3 -7 -15 -21 -25 -28 -28 -26 -25 -31 -34 -30 -35 -39 -35 -18 7 16 51 102 112 114 127 131 122 111 56 63 11 -22 -65 -50 -109 -114 -134 -116 -163 -155 -154 -105 -99 -52 -3 56 83 96 69 44 -2 -24 -22 11 53 103 136 137 103 66 28 -7 -27 -29 -11 8 31 36 11 -21 -58 -83 -95 -86 -49 -9 15 32 25 14 -8 -27 -28 -14 -2 10 18 30 22 16 10 5 3 3 18 42 46 40 18 -9 -21 -29 -22 -1 11 14 10 -2 -14 -16 -11 -15 -18 -16 -12 -9 -12 47 3624 305 717
3 -27 6 -3 20 -3 -8 -20 -7 -9 8 8 2 -5 -7 -8 2 3 4 5 1 2 1 -2 4 12 1 -7 -2 0 3 5 10 17 -4 -37 -52 -61 -57 -54 -58 -65 -88 -90 -44 -5 27 67 103 124 135 143 148 138 122 118 116 99 72 27 -35 -92 -138 -171 -166 -147 -100 -42 -10 4 0 -26 -51 -68 -61 -35 -6 21 49 56 46 36 16 -6 4 27 53 75 80 74 40 -8 -33 -43 -43 -33 -32 -30 -29 -31 -23 -10 -15 -22 -24 -18 3 24 20 2 -25 -44 -33 -11 4 14 13 12 7 -9 -15 -5 1 5 -6 -18 -11 -6 -4 3 2 4 0 -13 -16 3 33 50 55 40 30 26 12 7 -4 -20 -23 -32 -39 -36 -42 -35 -30 -46 -42 -37 -41 -18 29 69 108 130 138 131 125 102 101 91 44 2 -37 -56 -90 -113 -117 -117 -142 -141 -135 -116 -110 -80 -46 -6 22 55 72 75 60 36 -1 -17 2 33 76 105 120 122 84 32 -5 -20 -16 4 26 50 27 -18 -55 -85 -108 -95 -64 -31 5 30 39 30 3 -28 -39 -34 -12 8 8 17 16 9 5 -10 -22 -8 10 33 48 34 19 12 12 11 6 -4 5 16 12 11 12 1 1 -8 -18 -14 -13 -7 -3 -7 -6 52 9466 305 717
8 6 -1 -5 -7 -7 1 8 11 6 -7 -15 -16 -15 -15 -3 20 44 45 24 5 -7 -26 -30 -20 -7 3 11 11 10 2 -15 -24 -21 -19 -16 -1 22 27 14 -2 -10 -4 6 -1 -17 -23 -15 6 29 44 45 27 -7 -35 -33 -4 46 79 79 43 -28 -99 -170 -168 -122 -71 -3 57 88 59 41 28 22 15 48 68 69 54 41 -25 -77 -76 -10 41 86 106 95 41 -24 -48 -24 -3 14 14 -13 -59 -90 -87 -63 -23 13 41 46 15 -19 -29 -27 -17 -2 6 10 -7 -26 -41 -37 -18 17 49 66 55 24 -13 -32 -31 -16 7 19 16 1 -23 -37 -34 -15 10 23 25 20 6 -7 -19 -28 -18 -8 1 3 1 1 5 14 16 15 18 19 19 8 -2 -8 -16 -16 -9 -14 -10 2 15 16 3 -8 -7 -3 -14 -40 -45 -39 -36 -27 -20 -8 -10 -18 -33 -43 -23 21 75 131 172 173 126 51 -14 -63 -87 -76 -36 -4 1 -14 -15 -22 -30 -21 6 38 51 40 -26 -107 -140 -143 -112 -46 37 92 83 34 -12 -30 -23 6 54 84 74 38 -17 -62 -73 -41 13 55 60 45 24 8 -5 7 31 38 23 -4 -28 -38 -45 -39 -11 11 17 16 5 -7 -8 0 7 18 19 12 1 57 9100 305 717
5 3 -1 -1 1 1 0 -13 -7 -4 -12 -11 -13 0 17 3 1 9 6 -2 -6 6 20 11 4 3 -4 -17 -13 -1 -1 -6 -13 -25 -28 -43 -46 -29 -29 -28 -36 -61 -64 -68 -59 -27 19 76 122 151 163 161 138 114 100 93 91 83 52 14 -45 -116 -165 -176 -151 -94 -41 8 26 -9 -59 -94 -100 -79 -46 -8 43 71 62 27 -1 -19 -19 -7 35 84 113 118 100 50 -7 -61 -89 -75 -41 -7 35 40 21 -7 -36 -45 -47 -40 -28 -15 -11 0 12 9 1 -19 -44 -46 -33 -7 26 41 40 35 8 -8 -16 -25 -18 -8 1 9 7 8 20 10 -5 -7 -7 -6 0 -1 6 14 10 -2 -10 -19 -18 -24 -27 -15 -13 -19 -19 -22 -29 -36 -47 -31 -9 12 40 76 99 118 119 121 130 116 94 80 46 10 -35 -82 -110 -131 -145 -145 -136 -124 -107 -98 -86 -61 -29 14 55 78 88 73 29 -6 -24 -24 9 60 107 135 120 81 42 -9 -36 -31 -8 39 63 43 7 -38 -88 -117 -119 -81 -23 30 60 74 44 -7 -53 -65 -92 -39 -34 60 65 72 14 5 -41 -11 -32 -5 -11 28 38 88 64 42 17 -4 -46 -59 -55 -14 24 31 30 8 -17 -29 -42 -40 -28 -15 1 6 4 62 12897 305 717
14 12 -3 -19 -16 -13 -6 2 5 0 2 2 -7 -12 2 12 29 28 9 -3 -21 -19 -12 -21 -11 4 -2 -3 5 18 26 24 12 5 2 -6 -13 -26 -47 -48 -62 -76 -76 -75 -51 -20 8 54 92 112 129 135 128 112 97 83 76 71 62 44 -8 -76 -136 -174 -168 -131 -90 -19 31 51 48 3 -52 -87 -98 -80 -48 4 56 75 57 28 6 -12 -5 22 52 84 93 69 41 -6 -44 -55 -59 -37 -7 17 36 24 -14 -49 -76 -75 -44 -7 21 46 45 10 -28 -65 -79 -59 -32 4 54 72 75 58 30 8 -26 -63 -46 -5 15 30 38 25 -8 -33 -41 -13 -6 -17 -13 -2 -9 -7 8 23 15 2 -6 -20 -29 -15 -3 -2 -9 -7 -14 -40 -44 -37 -32 -19 7 44 77 108 120 119 118 96 77 57 31 11 -17 -46 -72 -103 -122 -127 -129 -102 -86 -80 -62 -44 -33 -14 20 58 82 79 46 2 -38 -62 -40 -4 53 110 143 148 110 43 5 -65 -44 -45 8 18 60 11 -7 -69 -80 -102 -59 -31 38 59 63 36 1 -60 -79 -75 -53 -9 27 55 66 40 8 -21 -42 -26 5 41 86 97 69 37 2 -41 -68 -68 -35 8 30 39 63 36 -9 -60 -87 -65 -51 -43 26 53 37 68 3041 305 717
-2 -3 -12 -11 -5 -4 0 2 -3 -2 -1 5 8 10 16 14 12 15 9 -4 -17 -19 -15 -12 -5 19 35 27 5 -10 -11 -13 -22 -24 -14 -4 -15 -26 -36 -44 -54 -70 -93 -107 -98 -54 6 55 88 108 117 122 122 121 110 104 105 111 122 114 70 -2 -89 -170 -214 -198 -146 -82 -18 12 -1 -31 -61 -74 -78 -65 -32 10 42 52 52 44 26 4 -7 11 48 76 95 92 73 42 0 -33 -48 -48 -31 -13 -6 -5 -12 -27 -41 -46 -40 -24 -8 5 17 19 7 -12 -39 -52 -45 -32 -11 12 29 32 24 17 17 6 -4 -7 1 11 13 12 14 9 -7 -18 -22 -21 -13 1 11 22 24 16 6 -8 -14 -21 -31 -31 -23 -18 -14 -15 -19 -27 -35 -38 -33 -20 2 33 68 92 116 134 129 113 109 103 81 50 25 -17 -57 -84 -100 -102 -115 -136 -134 -136 -150 -140 -99 -56 -16 39 84 109 97 55 11 -23 -37 -19 27 90 130 132 123 81 27 -7 -16 -14 -8 1 6 1 -14 -42 -66 -82 -76 -43 -21 -1 19 29 24 1 -17 -20 -16 -2 14 22 21 4 -10 -13 -9 0 17 34 35 33 34 36 35 19 -37 -27 -37 -17 -18 28 7 12 -18 -1 -38 -23 -31 -1 -12 3 -9 72 8406 305 717
5 5 9 14 4 -10 -4 -3 1 -1 25 -12 14 -3 12 -23 6 1 20 -5 13 -8 -2 -19 -8 -8 11 15 26 23 13 6 4 -3 -5 -12 -24 -32 -35 -17 4 13 23 22 7 -9 -23 -39 -45 -57 -68 -82 -93 -85 -50 -21 -1 35 58 84 100 127 168 193 179 168 140 109 74 20 -58 -129 -171 -171 -141 -103 -58 -18 -9 -25 -58 -82 -80 -64 -36 -2 8 15 30 18 1 4 7 24 40 35 60 92 100 77 29 -9 -24 -40 -48 -37 -30 -19 -3 -4 -11 -6 -14 -18 -15 -14 -9 -13 -14 5 -2 -18 -19 -27 -31 -29 -20 6 32 41 34 22 1 -5 -13 -18 -5 6 11 18 6 -7 -7 -11 -5 -2 2 14 16 9 10 2 -8 -15 -14 -14 -10 -14 -22 -17 -22 -21 -16 -38 -48 -48 -39 -8 23 61 96 100 108 123 128 133 124 101 78 48 -6 -63 -107 -135 -143 -155 -170 -159 -147 -133 -103 -74 -32 18 51 80 77 46 21 0 -21 -16 7 55 111 134 122 95 60 24 5 -2 9 32 42 29 -6 -45 -53 -72 -94 -98 -89 -44 1 29 55 57 38 21 -3 -39 -63 -53 -25 -3 14 29 45 36 23 21 7 5 21 32 55 62 50 38 -2 -43 -48 -27 2 16 12 77 6525 305 717
-1 11 17 8 10 6 -6 -7 -2 -5 4 13 13 8 -3 -25 -29 -20 -12 -2 -5 -7 -3 -5 -17 -6 8 15 6 4 19 24 15 2 -14 -26 -36 -41 -47 -52 -68 -83 -81 -74 -58 -27 10 54 95 113 128 133 133 128 118 123 133 120 92 49 -18 -92 -148 -175 -170 -144 -102 -53 -28 -33 -45 -54 -58 -38 -21 6 40 59 65 38 1 -19 -29 -25 1 32 64 91 93 66 29 24 -16 -21 -42 -45 -43 -20 -22 -24 -32 -14 -19 -24 -23 -19 -9 14 27 26 22 3 -1 -17 -33 -42 -24 -13 -14 -19 -18 -5 12 17 23 22 31 31 5 -17 -16 -15 -19 -17 -1 10 5 17 44 49 30 9 -4 -8 0 -2 2 -1 -27 -51 -57 -59 -44 -48 -61 -54 -33 8 55 96 117 114 99 102 113 127 126 101 64 17 -31 -70 -87 -99 -107 -113 -132 -141 -145 -152 -134 -101 -56 0 45 74 80 64 45 25 2 -8 10 44 75 88 86 77 57 19 -1 0 16 40 47 44 26 -12 -51 -77 -89 -80 -61 -31 1 16 16 15 1 -15 -20 -12 -9 2 19 16 7 -6 -13 -13 -21 -20 -9 14 48 53 48 45 33 26 15 5 9 11 9 -2 -18 -30 -34 -33 -31 -15 1 9 10 -2 -8 82 4692 305 717
14 -17 -30 -30 -18 -6 -5 -13 -15 -10 -4 4 3 -2 3 -1 -2 9 8 9 12 1 5 8 9 18 23 24 27 24 18 26 40 42 49 41 24 4 -23 -43 -57 -74 -76 -83 -94 -100 -113 -132 -137 -132 -98 -52 -8 37 68 73 59 58 22 68 65 100 130 171 117 68 -19 -55 -81 -56 -23 41 69 84 49 -12 -67 -104 -106 -81 -41 7 39 33 12 -8 -33 -46 -32 -10 21 50 57 53 28 1 -9 -19 -15 7 18 27 27 22 34 41 24 17 15 20 4 -16 -31 -29 -40 -39 -22 -6 4 10 -6 -14 -23 -33 -21 5 18 22 8 -14 -18 -13 -10 -14 -17 -3 27 38 37 34 35 23 9 3 12 22 31 36 17 -5 -34 -62 -81 -90 -98 -80 -66 -79 -93 -106 -99 -62 -23 11 43 70 86 94 106 132 149 148 138 118 74 46 26 12 8 -4 -24 -31 -40 -49 -55 -88 -78 -116 -70 -28 22 21 43 -15 -79 -153 -152 -124 -31 48 120 137 102 36 -32 -83 -70 -11 54 97 91 62 20 -30 -59 -53 -20 21 57 62 46 15 -28 -57 -67 -67 -40 -13 0 5 -4 -13 -20 -33 -25 -13 11 34 46 32 17 1 -12 -26 -21 -3 29 54 63 54 25 9 11 3 11 16 16 87 12562 305 717
-15 -13 -21 2 13 10 9 7 -1 -11 -20 -24 -23 -24 -20 -13 -21 -29 -27 -37 -47 -51 -47 -22 3 28 65 86 108 124 129 129 130 119 104 79 33 -12 -55 -104 -139 -149 -166 -155 -128 -101 -80 -77 -79 -40 -13 22 42 37 24 4 -24 -57 -54 -20 36 82 133 170 165 133 79 10 -30 -25 -2 21 38 29 13 -18 -67 -95 -91 -68 -30 -14 6 26 16 -5 -34 -51 -40 -22 -12 2 22 33 33 35 22 20 36 49 61 57 45 23 -4 -21 -16 -2 13 1 29 -16 6 -1 13 -48 -30 -59 -44 -68 -29 -30 13 1 4 -12 -1 -8 1 -11 -1 12 14 18 26 26 31 21 1 -5 -5 -1 9 14 21 19 -1 -18 -27 -39 -42 -26 -13 -11 -5 1 4 1 -12 -14 -28 -27 -8 4 13 22 16 26 13 -23 -26 -14 1 18 32 26 34 23 12 -7 -19 -20 -5 -11 -18 5 5 0 -8 -13 -13 -11 -14 -9 -5 6 7 10 1 -7 -8 4 15 13 12 27 20 8 -10 -22 -14 -16 -8 16 28 37 26 1 -9 -16 -27 -28 -21 -20 -5 7 1 5 5 -15 -30 -35 -24 14 37 44 43 18 -5 -13 -10 -4 -12 -7 1 -3 2 12 20 20 7 -12 -19 -21 -28 -22 -3 92 9916 305 717
-7 -5 2 6 4 1 -9 -17 -17 -13 1 14 10 8 1 -10 -9 1 13 12 4 -2 -9 -9 -10 -10 -4 11 19 13 7 8 2 -9 -23 -29 -28 -31 -34 -44 -63 -80 -100 -111 -93 -52 1 54 107 143 154 150 144 138 140 143 142 124 91 42 -21 -86 -143 -174 -161 -121 -66 -18 10 20 -1 -40 -75 -94 -94 -64 -17 31 62 61 42 20 0 -4 20 52 71 71 46 10 -19 -36 -30 -26 -15 11 28 20 -2 -22 -30 -40 -48 -42 -22 -4 14 16 6 -16 -39 -52 -46 -17 16 47 46 20 3 -9 -12 -12 -19 -23 -25 -16 -10 2 32 44 29 5 -3 -4 -7 -4 3 12 12 12 -14 11 -11 0 -16 14 -22 -14 -30 -1 -37 -31 -62 -40 -59 -45 -39 7 29 64 78 109 115 132 140 154 144 117 72 23 -30 -72 -115 -135 -133 -134 -134 -127 -116 -100 -89 -77 -63 -39 -8 34 57 49 20 -5 -32 -32 -6 44 99 136 144 135 98 50 9 -14 -13 -2 12 17 12 -2 -29 -56 -72 -65 -39 -11 10 14 3 -13 -38 -55 -51 -25 12 30 26 33 35 30 17 5 -1 5 14 27 39 44 25 4 -22 -44 -33 -4 28 44 40 28 8 -15 -27 -48 -61 -60 -44 -17 7 29 29 101 11945 305 717
23 10 -19 -34 -38 -39 -25 -16 -12 -2 -15 -19 -21 -27 -26 -12 7 28 21 14 15 5 0 -4 -10 -11 -6 5 22 26 25 31 33 22 17 1 -18 -27 -32 -19 -1 5 27 39 34 22 -19 -32 -16 -40 -64 -41 -31 -38 -45 -44 -41 -39 -49 -29 34 78 119 169 189 178 146 120 111 79 33 -13 -63 -107 -132 -139 -129 -119 -114 -111 -111 -118 -105 -74 -44 -10 18 26 22 -3 -19 -15 -15 4 37 67 106 146 165 138 81 40 -2 -28 -29 -9 17 30 11 -19 -41 -53 -66 -56 -32 -1 10 43 6 -22 -82 -54 -85 -49 -31 32 26 70 33 41 9 22 3 38 29 38 35 36 18 13 -14 -17 -11 -5 8 18 16 10 -6 -19 -32 -40 -39 -36 -29 -17 -10 -8 -8 -8 -6 7 6 -2 -11 -14 -17 6 14 26 33 35 12 -16 -12 10 1 10 35 26 13 6 -7 -27 -43 -58 -49 -29 -26 1 49 51 25 -8 -34 -29 -26 -21 8 17 3 -10 -23 -15 6 32 48 44 25 12 3 -1 15 28 16 0 -19 -33 -30 -26 -8 6 -9 -16 -11 -9 4 14 20 22 15 -7 -27 -33 -32 -25 -3 25 54 57 48 39 15 -6 1 -39 -11 -10 20 -7 14 -20 0 -30 17 -8 4 103 5926 305 717
23 10 -2 -5 6 14 25 18 5 -1 -8 -12 -8 -5 4 3 -1 0 -7 -4 3 7 -2 -10 -12 -21 -26 -18 -1 19 21 14 1 -9 -5 3 12 10 -2 -4 -1 -4 0 4 2 -4 -8 -15 -21 -21 -25 -41 -56 -69 -79 -88 -91 -76 -42 14 67 103 143 169 166 147 125 109 93 85 76 55 19 -34 -98 -151 -174 -156 -109 -49 7 36 33 -6 -55 -83 -88 -78 -43 -3 26 30 15 -1 -13 -9 20 64 114 143 142 113 63 5 -47 -71 -65 -51 -30 -11 2 10 5 -10 -33 -58 -66 -66 -49 -19 1 6 -9 -32 -55 -61 -44 -28 -10 19 49 65 53 35 26 22 22 17 3 -1 -3 -3 -2 4 13 17 24 20 7 -9 -25 -42 -44 -24 1 13 12 -5 -31 -47 -37 -7 14 4 -13 -27 -44 -50 -36 0 31 44 63 85 103 123 103 143 130 120 87 64 -3 -43 -83 -108 -153 -156 -149 -124 -113 -97 -90 -77 -68 -42 0 34 61 70 56 19 -18 -33 -27 -5 42 93 135 144 131 94 48 19 3 11 27 26 12 -15 -60 -106 -129 -130 -106 -66 -10 26 39 29 -2 -36 -55 -52 -39 -23 5 27 47 53 46 39 37 33 27 29 50 69 73 63 39 9 -9 -26 -36 -33 -17 108 2170 305 717
6 5 4 6 -1 -5 -3 -3 -9 -13 -6 0 -4 -2 2 0 9 13 21 13 -3 -6 -4 -15 -28 -25 -10 -3 2 8 16 21 21 20 8 -4 -1 2 -2 5 11 15 10 0 -6 -14 -24 -38 -56 -69 -63 -52 -42 -43 -59 -67 -59 -49 -32 18 76 121 156 174 183 166 137 113 92 69 38 1 -38 -75 -103 -119 -131 -126 -90 -40 10 28 2 -51 -100 -127 -123 -76 -10 46 73 60 39 25 10 10 22 53 86 97 92 66 29 -6 -47 -74 -57 -21 1 9 16 9 -17 -46 -65 -66 -57 -38 -12 -5 -3 -8 -20 -22 -21 -8 15 31 33 35 38 28 15 3 -10 -18 -18 -15 -4 5 11 12 4 5 2 -10 -13 -7 -1 4 1 3 10 14 12 3 -3 -12 -19 -19 -11 -5 -3 -15 -37 -61 -65 -51 -27 5 36 70 99 109 113 100 91 88 85 97 97 70 26 -37 -106 -148 -159 -152 -138 -109 -91 -78 -66 -56 -47 -30 -7 16 27 26 25 4 -6 -14 -6 28 82 136 163 146 92 21 -24 -37 -15 17 47 59 37 -10 -66 -106 -100 -71 -39 -8 13 24 18 -9 -37 -61 -64 -45 -26 -2 39 78 82 51 21 0 -5 1 11 29 40 39 30 12 -4 -13 -15 -8 -7 -5 4 113 8106 305 717
-5 -9 -5 7 2 -3 -1 2 8 -4 -3 4 5 -5 -6 -4 2 1 2 4 5 -1 -5 -7 -9 -1 8 12 13 5 -1 1 0 0 3 5 2 -8 -13 -10 -1 10 21 27 22 3 -14 -35 -46 -52 -49 -43 -40 -47 -60 -74 -81 -81 -66 -25 31 91 139 172 182 176 163 145 131 121 104 70 13 -55 -111 -139 -138 -120 -94 -53 -20 -16 -36 -70 -93 -103 -105 -76 -31 13 44 61 64 49 29 16 18 44 70 95 103 77 35 0 -21 -26 -34 -41 -41 -41 -37 -27 -3 7 -9 -26 -45 -62 -63 -45 -17 -8 -15 -13 -4 8 9 18 31 33 30 14 8 10 -1 -6 -6 -7 -9 -11 -3 7 8 7 3 -3 -7 -16 -17 -21 -17 -13 -5 13 23 20 8 -7 -13 -20 -17 -8 -13 -21 -27 -42 -58 -59 -50 -33 -6 34 61 85 94 108 126 132 139 148 133 97 45 -11 -62 -105 -128 -139 -142 -136 -128 -122 -107 -98 -83 -56 -15 21 40 37 16 -5 -21 -37 -18 28 93 140 143 129 109 77 36 -1 -3 8 12 20 26 13 -23 -63 -88 -97 -81 -39 12 46 37 13 -17 -46 -47 -43 -37 -24 -12 9 32 51 66 67 53 20 -14 -20 -2 19 30 27 19 -3 -15 -18 -12 3 6 117 13451 305 717
1 3 1 0 3 -6 -9 -6 -11 -7 1 -1 -7 -14 -8 7 -2 3 36 13 -13 11 8 -20 -44 -38 -12 2 9 23 39 23 -2 -7 -7 -4 -8 3 24 16 5 0 -12 -14 -6 -1 -8 -29 -56 -84 -95 -78 -57 -61 -71 -60 -28 -5 16 55 109 137 144 172 191 187 174 144 112 76 11 -45 -93 -124 -126 -110 -95 -74 -54 -33 -26 -38 -61 -88 -110 -97 -53 -14 24 58 60 41 17 6 22 42 56 75 82 66 37 4 -17 -30 -41 -43 -40 -31 -15 -3 5 6 -4 -26 -39 -40 -34 -21 -16 -7 -3 -11 -13 -5 -1 11 9 11 19 19 10 1 -8 -5 -2 -2 -5 -8 -8 8 -8 24 6 18 -13 18 -27 3 -4 31 6 38 8 28 -1 15 -1 6 -20 -9 -24 -34 -54 -59 -65 -53 -51 -38 -10 14 42 81 114 140 144 126 121 119 106 85 52 22 -18 -69 -113 -133 -141 -156 -164 -151 -124 -104 -85 -49 -17 -1 12 11 1 -6 -19 -10 14 35 58 83 104 123 117 86 44 11 2 9 25 42 55 32 -14 -55 -89 -95 -69 -44 -2 21 14 2 -24 -40 -39 -48 -42 -26 -11 13 40 52 52 42 22 16 19 22 39 46 26 19 9 -4 -7 -17 -12 0 -1 2 -9 122 10912 305 717
13 10 0 -1 -3 -3 5 6 3 0 -9 -15 -12 -2 10 19 24 12 7 -7 -17 -12 2 10 22 23 21 5 -5 -6 -11 -20 -21 -14 -10 -2 6 14 18 20 11 1 -5 6 34 70 95 94 70 44 16 -6 -24 -50 -74 -89 -94 -91 -85 -78 -92 -129 -163 -170 -126 -60 16 77 99 80 27 1 17 44 82 131 170 144 75 30 -7 -49 -58 -26 25 56 58 46 16 -39 -103 -122 -110 -78 -21 33 42 23 -16 -47 -58 -53 -15 38 72 75 59 34 6 -8 -3 15 37 51 58 50 22 6 1 -9 -12 -1 15 12 3 -1 -13 -36 -43 -39 -23 -10 9 26 21 3 -15 -28 -32 -28 -19 0 10 19 6 -2 -5 0 6 19 27 31 21 16 9 3 3 7 24 36 32 27 8 -28 -54 -65 -69 -78 -72 -78 -96 -100 -88 -82 -74 -57 -17 24 48 64 73 87 101 102 115 143 164 153 115 67 15 -23 -40 -18 15 30 14 -28 -81 -130 -149 -130 -80 -34 -4 -4 -39 -78 -97 -104 -87 -39 28 75 91 88 62 13 -26 -28 2 45 90 117 108 59 -10 -60 -75 -53 -7 34 49 34 -9 -50 -69 -78 -73 -61 -43 -24 -10 -3 1 -6 -21 -30 -17 7 35 60 62 42 12 -9 -13 128 875 305 717
-5 -4 -1 4 3 -5 -12 -10 -4 3 9 -15 14 -2 -3 -4 4 -12 -1 7 8 -13 -10 -9 -6 -4 4 17 14 5 0 4 -3 1 -1 4 -3 -7 -4 5 12 17 12 12 2 -14 -30 -46 -52 -49 -35 -30 -32 -37 -57 -84 -97 -87 -50 4 70 128 158 170 172 156 141 132 124 110 78 37 -3 -38 -68 -102 -122 -120 -89 -64 -50 -43 -40 -55 -75 -91 -77 -53 -22 24 53 60 48 26 16 14 32 61 76 80 61 46 27 -1 -27 -55 -69 -67 -52 -19 8 23 21 -10 -41 -55 -55 -37 -22 -8 0 -8 -21 -24 -11 4 6 18 22 21 16 6 8 9 7 0 -16 -21 -26 -4 -13 21 25 10 -12 5 2 -5 -10 4 3 1 6 17 19 14 11 8 7 -4 0 -7 -17 -26 -39 -51 -59 -64 -54 -38 -8 23 53 78 100 115 125 135 144 140 120 78 27 -26 -75 -107 -114 -118 -123 -122 -121 -113 -111 -99 -74 -46 -20 -3 9 20 15 7 -12 -13 8 45 75 96 109 124 101 62 24 -1 -6 -4 16 29 24 5 -32 -68 -83 -76 -45 -14 12 17 12 4 -8 -25 -45 -60 -52 -24 13 46 62 70 50 11 -14 -26 -17 18 47 53 31 6 -10 -15 -21 -14 2 10 7 133 6217 305 717
0 0 -6 -2 -9 -5 4 -2 3 8 -1 -10 -12 0 14 19 20 3 -8 -8 -5 -6 -9 4 8 3 -2 -16 -12 4 5 6 3 -1 0 -3 -3 -2 -3 6 7 -2 -7 -3 -2 -7 -15 -20 -27 -35 -51 -55 -66 -75 -70 -65 -45 -11 24 71 114 147 154 197 187 168 103 99 54 42 -27 -32 -89 -104 -142 -113 -111 -52 -39 -7 -28 -35 -52 -49 -59 -47 -42 -12 7 24 36 32 7 -4 8 28 49 76 82 71 36 -18 -53 -67 -50 -18 1 8 15 3 1 -6 -9 -13 -14 -19 -22 -28 -16 2 6 -3 -10 -20 -17 -3 1 5 12 17 20 16 1 -9 -11 3 12 6 6 14 15 14 16 10 3 3 -4 -10 -6 2 9 10 4 5 -1 -4 1 -8 -13 -14 -30 -40 -41 -52 -54 -48 -37 -22 -3 24 53 77 103 114 115 114 124 118 97 73 23 -31 -79 -118 -133 -131 -125 -114 -109 -98 -70 -94 -73 -61 -16 -20 29 27 59 10 4 -33 -12 -23 45 68 111 105 109 75 59 19 18 5 10 16 25 10 -17 -40 -46 -49 -46 -32 1 25 28 16 -12 -34 -47 -44 -36 -26 -9 26 35 36 30 22 14 9 -20 -28 -19 9 37 43 37 28 21 5 -18 -27 -21 -7 0 138 3440 305 717
11 -20 -17 6 9 4 8 4 1 1 -8 -3 -1 -17 1 10 0 2 1 10 5 -6 2 7 2 -6 -10 -7 -1 2 -8 -5 -7 -10 11 9 -3 0 -3 -1 6 0 6 4 -4 -5 -11 -14 -20 -34 -37 -45 -56 -66 -78 -90 -96 -83 -58 -11 44 99 148 175 178 173 147 125 139 92 97 61 37 -55 -63 -115 -111 -149 -98 -83 -27 -39 -8 -38 -39 -64 -61 -77 -60 -46 7 33 23 7 8 13 23 32 59 84 93 86 62 26 -11 -38 -46 -38 -13 6 20 18 -1 -10 -24 -43 -59 -77 -82 -54 -28 9 13 3 1 -1 -15 -26 -23 2 6 14 21 27 24 18 22 15 4 3 1 7 11 21 45 30 0 -19 -19 -6 -6 -5 -8 -15 -10 -7 0 8 11 -11 -30 -29 -27 -26 -12 -22 -43 -50 -56 -41 -10 23 66 102 125 133 125 131 141 141 118 85 39 -20 -72 -120 -146 -148 -148 -137 -117 -111 -100 -95 -91 -71 -42 -10 27 44 41 21 -8 -19 -16 0 39 86 130 143 131 105 71 30 -5 -11 0 14 25 7 -14 -34 -67 -77 -73 -55 -19 4 18 22 10 -11 -35 -53 -57 -36 -8 17 40 48 56 50 23 11 5 -2 7 13 27 44 46 46 22 -8 -23 -16 -6 143 352 305 717
-14 -10 -3 14 12 -1 -15 -35 -39 -31 -16 9 26 21 11 1 -16 -19 -14 -8 5 17 25 29 28 22 30 0 51 33 38 11 43 -15 5 -18 17 -9 12 -21 6 -29 -21 -33 -19 -34 -20 -29 -26 -36 -36 -23 -5 -16 -27 -40 -51 -42 -26 22 91 137 166 169 130 66 -9 -65 -87 -75 -39 3 51 70 55 5 -48 -78 -77 -47 10 39 24 -40 -109 -138 -127 -83 -18 28 33 3 -31 -45 -37 -10 29 58 58 39 6 -38 -40 -11 25 61 79 77 69 41 19 10 10 12 11 13 23 16 -12 -35 -34 -18 8 20 7 -6 -22 -32 -23 -9 9 23 24 22 5 -17 -21 -10 7 29 37 33 20 5 -5 -11 -14 -15 -13 -13 -7 -3 -18 -25 -35 -4 -32 -7 -25 5 -43 3 -9 22 11 42 -11 21 14 26 -1 24 21 31 12 10 3 0 -19 -2 4 -3 -6 -12 -7 -12 -22 -14 -11 -13 -14 -16 -11 -9 -8 -6 -9 7 11 20 11 0 -3 -8 -11 -5 -11 5 10 19 18 -3 -16 -12 -11 -9 -21 -25 -17 -14 -4 14 21 13 7 3 -11 -18 -18 1 25 21 24 29 16 12 3 0 8 -6 -34 -37 -22 4 22 24 21 23 20 1 -23 -43 -40 -27 -23 -4 20 149 2542 305 717
2 -8 -16 -8 2 10 5 -2 -1 4 6 5 7 9 0 -14 -18 -14 -12 -14 -6 5 17 33 32 21 5 -4 -8 -19 -28 -21 -13 -7 -2 1 -9 -33 -60 -84 -100 -104 -87 -51 -19 3 35 65 102 133 145 143 130 114 100 87 93 95 73 27 -44 -116 -163 -176 -149 -100 -49 -15 2 0 -26 -61 -92 -105 -89 -60 -12 49 94 106 77 31 7 0 15 46 76 99 92 66 22 -24 -55 -65 -55 -28 1 16 3 -12 -24 -41 -47 -45 -38 -30 -28 -17 -9 -13 -7 -6 -10 -7 1 15 25 33 36 26 15 1 -12 -16 -12 8 14 12 12 2 -1 -5 -8 -8 -14 -8 -1 4 15 25 21 9 -6 -11 -17 -17 -8 -1 -2 -13 -20 -32 -49 -56 -53 -39 -23 -9 22 55 80 98 105 110 113 112 100 75 37 -1 -28 -54 -85 -101 -107 -112 -113 -111 -101 -82 -69 -59 -38 -6 32 62 72 50 9 -21 -34 -26 9 63 111 137 150 134 90 37 -14 -58 -79 -64 -17 25 44 29 -12 -51 -84 -105 -86 -40 6 30 37 22 -6 -31 -43 -36 -17 -4 12 32 51 58 49 34 11 -15 -13 3 25 37 28 12 -13 -29 -25 -9 10 22 19 8 -3 -8 -22 -31 -32 -34 -33 -28 -12 -3 20 154 2509 305 717
31 45 47 28 19 24 34 45 46 37 32 13 -6 -14 -8 1 7 19 20 9 -7 -15 -10 -15 -22 -21 -31 -36 -44 -51 -44 -37 -29 -23 -22 -21 -24 -20 9 51 94 141 162 137 71 4 -41 -58 -47 -28 9 43 47 32 1 -26 -47 -58 -47 -32 -33 -65 -120 -183 -228 -232 -170 -66 32 93 115 107 98 103 118 148 179 187 167 120 64 24 -2 -17 -75 -66 -98 -96 -96 -49 -30 14 10 -2 -64 -99 -130 -106 -70 -8 42 92 105 96 62 30 22 45 59 68 74 65 28 -15 -41 -43 -30 2 38 61 52 20 -16 -46 -62 -63 -49 -30 -35 -49 -44 -31 -34 -47 -47 -32 -25 -14 -1 10 15 2 -21 -27 -31 -21 0 27 33 30 31 35 39 31 22 20 9 -6 -16 -13 6 20 24 23 8 -10 -20 -18 -13 -21 -27 -33 -43 -51 -62 -59 -52 -47 -41 -36 -7 36 81 116 125 129 133 123 117 108 85 50 6 -48 -96 -128 -139 -136 -129 -128 -122 -112 -101 -85 -64 -39 -3 28 49 64 54 22 26 -22 8 30 82 106 153 138 116 58 30 -11 -16 -23 -3 -2 -4 -18 -29 -42 -40 -42 -30 -20 2 24 19 0 -14 -34 -38 -41 -27 -1 29 39 31 17 3 1 17 28 30 20 16 158 14889 305 717
2 15 12 14 6 2 -12 -9 -4 12 16 12 -4 -11 -11 -9 -4 -1 6 6 -3 -1 6 -9 -11 9 16 -3 -10 2 0 -10 -4 4 8 -15 -39 -46 -48 -64 -71 -76 -79 -81 -55 -15 34 76 103 130 140 139 142 144 141 143 131 111 73 21 -41 -111 -164 -180 -160 -125 -82 -41 -20 -26 -43 -71 -80 -84 -74 -42 -5 31 59 63 59 54 47 44 44 61 70 73 69 50 17 -17 -31 -34 -41 -40 -41 -39 -37 -37 -21 -6 -7 -17 -25 -24 -21 -17 -16 -22 -27 -24 -10 7 16 23 21 9 2 -4 -3 3 4 5 -5 -8 0 5 6 8 6 7 -3 -14 -13 0 21 31 32 17 5 1 -4 -8 -13 -20 -24 -21 -13 -15 -34 -26 -29 -64 -83 -64 -42 -12 30 87 123 122 108 108 125 126 130 131 100 51 -10 -59 -99 -139 -154 -144 -133 -136 -140 -131 -118 -102 -68 -17 37 73 76 54 17 -12 -25 -16 23 78 119 139 136 116 71 30 0 -20 -5 25 41 37 -1 -43 -76 -98 -97 -76 -42 -2 26 37 29 9 -17 -40 -45 -43 -20 6 11 13 16 20 26 27 28 25 21 26 28 17 9 10 18 14 4 -3 2 6 0 -2 4 8 1 -10 -13 -21 -28 -26 -25 -26 -12 163 10936 305 717
6 15 15 3 -9 1 1 9 6 0 -3 -9 -15 -6 -1 5 7 9 21 9 5 31 47 39 24 -7 -53 -110 -151 -146 -104 -59 -4 52 76 58 32 13 14 23 31 72 98 77 32 -5 -20 -2 37 80 94 85 51 8 -18 -15 21 51 55 23 -29 -93 -121 -178 -140 -108 -39 -18 24 0 -26 -61 -28 -24 -1 4 25 2 -22 -33 -9 24 52 76 82 59 30 5 -6 1 14 35 57 24 -25 -54 -57 -45 -36 -29 -1 11 3 -12 -8 8 1 -6 -11 -4 0 4 3 6 14 22 22 39 29 24 20 9 -9 -6 -16 -9 1 5 1 -17 -33 -36 -20 -15 -8 -8 -14 -19 -22 -39 -34 -34 -38 -33 -29 -25 -16 6 48 83 124 159 146 91 26 -19 -40 -43 -31 -6 28 33 -2 -29 -60 -67 -46 -27 14 37 15 -24 -80 -120 -114 -94 -55 -17 1 -22 -54 -61 -42 5 62 109 130 96 44 7 -21 -22 1 41 73 73 51 30 11 6 12 31 50 35 -4 -39 -62 -58 -37 -10 7 9 -6 -34 -57 -66 -44 12 51 62 53 27 -5 -36 -44 -30 -19 -2 11 21 31 34 24 18 11 -13 -28 -23 -18 -8 0 -5 -7 -15 -19 -15 -14 0 14 11 15 15 20 38 47 41 24 168 12024 305 717
-2 -2 0 -2 5 8 3 6 8 10 9 6 8 5 1 -1 -4 -3 4 9 11 2 -7 -13 -8 2 -4 -7 -11 -15 -7 1 15 13 -3 -16 -33 -48 -52 -57 -63 -73 -80 -65 -38 -11 26 71 112 133 138 128 118 111 101 105 103 85 65 22 -49 -117 -167 -188 -172 -117 -45 11 35 25 -11 -70 -127 -132 -81 -13 50 92 111 94 48 2 -31 -33 5 56 109 137 134 91 20 -41 -79 -92 -69 -28 5 2 -14 -23 -34 -42 -51 -38 -3 9 2 -10 -19 -21 -36 -47 -36 -18 9 51 94 98 66 19 -36 -97 -129 -120 -81 -42 -5 29 49 55 33 -9 -37 -36 11 76 126 140 103 33 -29 -50 -27 21 64 82 69 29 -20 -33 -12 19 34 12 -29 -82 -131 -127 -76 -1 77 120 118 89 58 39 27 24 30 27 5 -44 -98 -137 -154 -150 -126 -94 -76 -79 -81 -75 -42 9 57 99 117 88 31 -39 -88 -90 -53 13 94 156 173 127 50 -18 -51 -46 -17 34 75 86 56 -4 -59 -104 -119 -85 -30 27 68 82 67 30 -15 -43 -47 -31 -11 5 10 13 4 -17 -26 -19 -2 14 9 7 17 11 -8 -35 -62 -76 -78 -43 26 91 131 153 135 76 7 -28 -43 -36 -17 4 26 34 26 173 10400 305 717
-9 -2 0 5 9 2 -6 -4 2 1 7 3 -12 -12 -10 -7 4 3 9 12 -2 0 -4 -3 9 5 6 9 2 1 0 -2 -1 5 -3 -13 -23 -42 -44 -43 -58 -65 -66 -62 -46 -27 0 40 87 123 133 131 138 124 102 97 108 107 80 25 -38 -101 -156 -182 -164 -118 -57 -13 -2 2 -9 -46 -73 -88 -76 -34 5 45 72 68 42 0 -42 -43 -15 36 94 125 112 75 32 -12 -41 -62 -69 -45 -26 -2 26 34 22 -3 -37 -52 -60 -50 -15 15 23 17 -6 -36 -57 -57 -30 -3 14 26 23 8 6 14 13 14 3 -1 12 9 8 16 17 14 -1 -10 -5 4 13 20 20 11 14 12 -3 -4 -8 -14 -18 -35 -34 -28 -35 -36 -33 -37 -38 -36 -25 -6 16 46 72 90 102 116 120 115 110 90 63 32 -12 -46 -75 -108 -115 -124 -131 -125 -116 -104 -92 -80 -50 -16 16 50 78 81 55 22 -5 -16 -9 12 50 81 100 100 74 40 7 -22 -17 4 20 32 21 -5 -37 -75 -102 -102 -68 -13 28 51 59 29 27 -29 -56 -71 -34 -23 5 29 50 35 29 -2 -13 -24 -14 13 37 56 62 53 31 5 -12 -24 -21 -8 -6 -11 -12 -10 12 8 3 -1 -4 -3 -23 -41 -28 182 1496 305 717
5 -13 -22 -11 2 -2 -12 -18 -13 -17 -11 5 7 -1 -9 -17 -19 -19 2 18 12 12 9 5 9 12 13 7 -6 -10 -7 -2 0 7 1 -19 -40 -54 -57 -61 -63 -48 -44 -56 -39 -9 24 64 96 122 133 119 109 101 91 90 89 82 59 13 -46 -104 -151 -172 -156 -120 -76 -30 -4 -1 -13 -36 -63 -61 -51 -26 18 59 88 67 44 10 -13 -20 10 41 76 87 84 57 33 -17 -44 -53 -52 -22 2 8 3 -18 -38 -43 -47 -30 0 28 44 35 10 -18 -43 -67 -64 -43 -23 1 19 29 32 4 -12 -22 -22 -10 11 40 61 45 15 2 -3 -6 -8 -13 -12 -1 17 40 52 44 40 26 -13 -42 -51 -45 -27 -24 -23 -23 -30 -33 -35 -43 -40 -31 -24 -9 11 46 95 125 133 117 96 82 80 72 48 15 -20 -45 -77 -111 -120 -110 -104 -103 -113 -114 -98 -79 -45 6 51 80 76 56 32 7 -17 -18 5 33 72 101 112 104 68 22 -14 -34 -28 -2 27 43 35 5 -37 -86 -111 -105 -66 -14 23 44 51 35 -6 -45 -56 -52 -21 4 19 38 35 13 -1 -23 -22 -10 3 25 42 44 39 27 9 -5 -8 -8 -5 3 12 23 19 7 -5 -25 -36 -22 -8 8 13 2 -3 185 12866 305 717
-10 -5 -1 -6 -9 -3 2 9 0 1 9 6 1 0 10 14 -8 -23 -16 -3 -1 -2 5 3 7 5 0 8 12 12 4 -13 -14 -24 -32 -17 -13 -22 -21 -22 -34 -52 -64 -65 -53 -32 9 60 99 128 146 127 103 85 59 45 45 64 78 53 1 -67 -135 -178 -185 -156 -106 -54 -9 16 13 -9 -26 -42 -61 -3 9 79 109 124 82 71 15 -2 -38 -1 29 42 16 19 -12 -43 -62 -51 -28 -6 -7 4 13 8 -12 -36 -63 -75 -79 -59 -21 0 10 32 31 13 0 1 20 39 47 65 73 59 35 2 -23 -35 -29 -22 -2 12 21 18 1 -6 0 -12 -14 -18 -27 -25 -15 5 20 18 13 -1 -16 -32 -32 -22 -7 6 10 8 -6 -28 -38 -45 -43 -14 18 49 77 98 107 96 80 76 62 43 25 -6 -35 -66 -93 -106 -103 -94 -89 -77 -74 -74 -73 -79 -59 -18 26 77 114 112 78 28 -12 -21 -22 0 51 101 123 104 63 15 -32 -64 -67 -50 -26 -1 15 5 -19 -54 -67 -56 -45 -17 20 37 26 -9 -39 -40 -34 -10 33 72 98 105 85 43 21 11 -8 -25 -30 -12 11 15 18 9 -26 -45 -60 -52 -25 0 39 60 42 9 -21 -38 -57 -74 -81 -66 -33 -16 0 190 422 305 717
1 13 24 13 -14 -28 -33 -33 -8 27 42 29 2 -22 -23 -7 9 14 3 -14 -14 -11 32 28 41 29 26 -46 -42 -52 -2 -5 25 12 18 -32 -21 -26 -8 -7 25 28 32 21 31 45 45 28 32 38 42 43 33 22 1 -31 -41 -53 -79 -91 -93 -111 -148 -172 -164 -125 -66 -2 64 97 86 60 27 25 40 68 103 126 118 95 29 -39 -82 -93 -63 6 67 92 89 67 20 -29 -76 -85 -58 -24 6 24 19 2 -26 -39 -32 -23 -2 26 36 36 15 -11 -27 -34 -22 -14 -4 19 35 33 16 7 -1 -6 3 18 38 42 29 20 -2 -32 -40 -29 -13 -2 8 23 29 19 -1 -24 -36 -43 -37 -39 -37 -31 -26 -9 -3 -5 10 25 41 44 26 22 22 17 35 42 49 46 41 23 -6 -27 -39 -48 -58 -79 -83 -74 -67 -72 -92 -86 -65 -48 -31 -11 22 59 73 93 112 127 149 156 131 77 27 -18 -50 -45 -7 43 63 43 1 -41 -82 -97 -80 -27 23 40 33 -7 -71 -123 -150 -136 -83 -22 40 86 96 67 21 -27 -52 -39 -5 35 62 54 30 1 -39 -49 -35 -7 29 43 40 28 5 -9 -20 -24 -17 -9 -5 4 9 1 -10 -20 -35 -34 -27 -15 11 20 12 -5 -30 193 12544 305 717
21 18 15 7 -3 7 8 13 17 8 4 -4 -13 -10 -23 -34 -27 -14 -9 -7 5 21 32 20 7 3 -3 -9 -16 -24 -15 -10 -11 4 11 16 26 18 5 4 10 -1 40 48 64 42 52 17 35 20 40 3 -13 -55 -60 -87 -55 -74 -71 -87 -82 -115 -162 -180 -129 -81 -32 26 93 120 110 84 61 60 59 69 103 134 156 140 65 -15 -79 -104 -75 -29 23 47 35 -13 -64 -99 -102 -90 -58 -29 -4 -9 -20 -31 -35 -32 -24 -2 46 67 65 62 45 26 1 -15 1 28 45 50 38 21 -2 -14 -22 -15 1 7 11 -1 -2 -4 -14 -18 -16 -23 -2 11 11 26 32 15 -12 -10 -7 -30 -34 -13 -7 -11 -8 -1 0 0 2 15 25 20 18 30 22 10 15 21 37 31 14 11 -13 -48 -69 -81 -81 -44 -55 -50 -75 -64 -97 -62 -53 -3 15 59 54 82 68 100 95 128 151 162 111 73 27 -9 -58 -61 -24 11 12 -8 -43 -88 -133 -162 -148 -93 -25 33 73 45 -28 -93 -129 -110 -53 15 80 122 116 88 40 1 -17 4 30 53 56 45 19 -15 -45 -50 -47 -29 -5 17 39 27 -8 -31 -51 -58 -32 3 26 26 1 -19 -39 -42 -41 -28 -7 20 27 23 12 1 -9 203 5011 305 717
-31 -13 24 59 52 15 -21 -51 -47 -22 -10 1 -2 -10 -12 -9 10 27 30 24 6 -13 -16 -8 8 24 23 11 7 9 18 32 41 47 41 20 -2 -4 -19 -31 -49 -71 -83 -91 -81 -34 -23 -55 -94 -118 -135 -140 -100 -30 47 97 97 84 78 79 87 104 163 202 197 153 69 -30 -108 -144 -107 -26 64 121 107 33 -77 -162 -187 -134 -47 31 58 28 -52 -131 -160 -138 -59 18 86 97 70 31 -1 -7 2 19 52 80 94 79 45 -1 -36 -48 -34 13 80 106 85 20 -43 -73 -76 -53 -19 -7 -15 -40 -58 -51 -29 -6 10 -15 -54 -70 -37 22 70 79 50 11 -17 -18 -2 4 28 35 40 28 24 22 69 50 35 -9 -17 -49 -38 -53 -40 -63 -71 -95 -80 -91 -74 -57 -38 -37 -20 9 59 82 84 74 56 50 78 122 171 191 195 174 90 -14 -73 -75 -69 -51 -40 -52 -74 -129 -175 -170 -138 -71 9 73 90 41 -59 -143 -194 -181 -97 18 125 175 144 54 -37 -78 -51 32 132 194 193 114 20 -63 -114 -82 -12 57 93 79 38 -12 -66 -89 -75 -37 -3 8 -7 -25 -53 -78 -84 -66 -36 0 20 21 23 22 18 16 11 12 10 12 17 20 18 28 31 29 13 -1 -6 5 16 209 2327 305 717
-5 -12 2 -9 -23 -12 -2 4 8 1 8 16 19 10 1 -10 -9 3 10 17 24 20 14 -4 -15 3 -6 -22 -35 -44 -30 -9 9 24 26 28 23 -3 -19 -19 -23 -27 -9 13 26 41 35 24 20 -11 -24 -18 -14 7 24 41 66 45 13 -5 -35 -87 -142 -176 -167 -117 -60 6 69 85 61 21 -14 -1 37 78 117 117 73 16 -35 -43 -10 47 113 145 124 73 17 -6 -5 24 54 70 40 -24 -78 -112 -108 -65 -26 64 43 40 -18 -47 -113 -62 -63 -6 -13 10 -36 -42 -78 -47 -31 1 11 33 4 1 -6 -31 -38 -29 -23 -3 8 1 -29 -74 -82 -51 2 51 60 40 -3 -57 -75 -41 18 58 66 45 5 -11 -6 25 73 95 96 64 23 10 13 19 27 19 13 16 12 8 12 12 -6 -40 -65 -58 -34 -20 -10 -15 -43 -68 -91 -92 -72 -61 -37 2 42 91 125 155 165 135 63 -16 -84 -106 -75 -21 27 56 45 20 -14 -67 -79 -31 29 78 72 8 -55 -126 -181 -176 -120 -37 32 43 13 -27 -43 -30 11 49 83 92 51 -9 -60 -86 -53 15 76 100 81 53 33 10 4 18 36 48 40 7 -19 -34 -26 -11 3 17 27 34 39 33 2 -9 -3 1 25 45 33 223 13136 305 717
-6 -21 -12 -4 -5 13 17 8 2 -8 -11 -3 -1 19 24 9 3 1 6 14 11 0 0 -6 -11 0 2 -3 -5 -16 -18 -19 -24 -15 -4 -19 -29 -45 -54 -47 -45 -44 -39 -47 -52 -42 -9 40 82 114 133 139 136 142 142 128 120 116 93 61 0 -61 -129 -181 -175 -169 -152 -87 -43 0 -38 -7 -31 -31 -78 -21 5 46 21 76 53 37 4 18 11 28 28 75 91 84 49 1 -46 -69 -69 -46 -16 10 32 41 9 -20 -34 -50 -62 -51 -36 -4 6 13 19 0 -29 -46 -61 -48 -22 21 58 82 62 31 -4 -21 -18 -12 -28 -29 -17 3 25 24 16 14 0 -13 -26 -38 -16 12 34 34 11 -19 -34 -39 -38 -36 -23 -9 -11 -27 -22 -3 -1 -5 -17 -23 2 36 67 96 111 128 138 124 114 102 82 60 19 -36 -82 -110 -136 -147 -149 -167 -154 -137 -125 -100 -65 -15 34 61 89 98 83 53 18 -3 -1 6 39 74 98 105 100 69 30 14 -1 -8 5 8 13 -12 -56 -76 -99 -103 -81 -57 -19 16 33 29 23 5 -2 4 3 4 4 13 27 24 -8 -13 -23 -6 -2 5 13 42 47 46 13 -7 -1 -6 -38 -46 -23 27 44 26 4 9 0 -17 -43 -67 -65 -31 -14 224 2131 305 717
-26 -35 -26 -4 24 27 9 -37 -57 -57 -56 -58 -28 9 28 14 -5 -12 -13 -3 16 25 41 62 52 38 30 33 34 38 34 36 37 28 14 1 -15 -1 25 43 52 31 14 18 3 -26 -50 -58 -32 -27 -46 -48 -37 -14 -6 -22 -40 -46 -42 -36 3 45 110 175 176 107 38 -32 -47 -67 -65 -18 33 40 26 -2 -38 -74 -85 -63 -5 40 64 51 -7 -81 -129 -135 -91 -28 17 27 -14 -57 -65 -46 -6 40 81 106 68 -2 -49 -58 -36 6 44 70 77 49 7 -18 -24 2 45 58 64 43 -7 -29 -40 -31 -1 14 15 12 1 -15 -22 -1 26 48 42 33 20 -7 -31 -37 -19 28 49 39 34 15 -24 -39 -47 -34 -6 8 14 -6 -24 -41 -58 -51 -26 -6 3 -3 -17 -33 -35 -42 -26 8 18 25 38 48 49 25 6 11 8 1 -2 -7 1 6 7 11 9 1 -18 -24 -35 -37 -25 1 37 40 17 -1 -21 -20 -13 -19 -19 -3 23 39 37 28 30 12 -12 -40 -42 -18 5 13 15 3 -27 -41 -37 -41 -35 -20 -14 -7 -17 -21 -1 9 14 18 1 -3 7 15 15 15 12 21 27 14 0 1 2 10 12 4 1 -8 -4 6 4 8 11 1 2 -1 1 21 30 224 6122 305 717
-9 3 -8 -10 -6 -8 -5 3 3 4 8 6 4 0 -6 4 9 6 11 5 -2 -3 -13 -5 5 -5 6 21 28 45 47 42 47 42 32 42 50 36 11 -24 -56 -73 -92 -102 -103 -112 -105 -116 -144 -139 -112 -68 -22 61 65 104 64 65 3 36 37 105 115 181 157 120 4 -45 -109 -103 -102 -39 31 71 58 25 -30 -61 -87 -90 -63 -30 0 22 25 13 -7 -18 -19 -3 9 30 54 41 7 -10 -29 -14 21 41 69 68 59 21 -22 -43 -34 -22 -3 21 39 31 21 10 -1 -21 -48 -44 -26 -6 34 56 51 21 -21 -34 -22 -11 10 7 -2 -18 -21 -15 0 8 13 13 10 2 9 13 12 20 28 33 30 23 18 6 -27 -48 -66 -77 -81 -74 -62 -59 -77 -97 -102 -95 -67 -22 27 71 105 106 100 95 90 107 126 123 104 64 24 -12 -34 -27 -3 5 7 -19 -60 -91 -124 -148 -116 -48 12 53 52 11 -43 -107 -139 -122 -63 30 98 123 125 88 23 -37 -59 -40 6 48 68 69 44 0 -34 -59 -54 -16 16 46 47 18 -15 -55 -74 -59 -38 18 64 57 27 -8 -39 -55 -62 -57 -19 21 39 49 48 20 -2 -24 -34 -24 -4 36 70 67 44 12 -26 -22 -11 -5 -10 224 11376 305 717
39 12 -5 -21 -3 -6 1 -2 7 3 -8 -19 -10 9 18 14 6 7 8 -2 11 30 32 25 13 -8 -26 -28 -8 -1 -9 -25 -34 -24 -11 9 10 0 -13 -29 -61 -94 -113 -106 -93 -58 -2 53 98 132 141 139 124 104 97 102 116 125 114 71 -1 -81 -142 -169 -176 -162 -124 -77 -27 18 32 23 -12 -59 -86 -84 -49 9 57 87 86 52 7 -31 -38 -6 38 77 100 96 57 11 -26 -61 -74 -67 -42 -6 13 22 22 -2 -20 -34 -43 -36 -7 18 23 3 -9 -27 -53 -63 -44 -9 19 43 43 32 19 3 -7 -11 -15 -1 -5 -1 11 3 3 14 14 11 15 8 -2 -3 5 9 10 5 0 -16 -35 -36 -35 -30 -10 1 7 15 -10 -23 -28 -26 -19 -10 -4 14 34 65 104 133 150 154 136 97 60 20 -32 -71 -92 -103 -113 -124 -114 -111 -125 -123 -115 -97 -71 -27 44 108 124 104 66 24 -9 -35 -49 -33 9 59 113 144 129 90 28 -36 -69 -73 -41 9 45 49 11 -45 -87 -118 -107 -56 5 56 74 62 38 8 -22 -23 -30 -43 -8 24 8 13 20 7 -15 -30 -19 11 20 29 55 63 35 5 -15 -27 -31 -24 -2 12 14 19 26 17 -1 -32 -46 -41 -28 -15 10 230 593 305 717
-6 -8 -6 -1 -3 -19 -19 -6 10 24 16 8 12 10 6 -15 -28 -7 4 -2 -3 5 19 17 3 -6 -14 -16 -15 0 17 26 15 -3 -10 -24 -27 -20 -26 -54 -49 -113 -74 -58 -21 -22 48 59 100 57 69 70 102 76 94 99 125 123 110 68 14 -74 -139 -174 -166 -123 -64 -6 18 -8 -39 -47 -47 -46 -43 -43 -15 20 53 70 55 19 -13 -46 -59 -31 24 74 114 99 66 15 -25 -42 -37 -30 -6 0 -4 -12 -25 -37 -32 -24 -15 -18 -19 4 26 31 14 -10 -38 -39 -36 -32 -6 14 19 24 2 -12 -7 -1 13 15 9 17 23 22 17 2 -10 -10 -14 -22 -15 5 20 32 29 25 19 -4 -16 -17 -22 -15 -12 -16 -20 -27 -33 -33 -33 -33 -18 -2 21 51 69 86 105 115 115 107 82 51 19 -13 -41 -65 -58 -45 -56 -76 -101 -116 -118 -124 -123 -93 -47 -4 34 67 86 77 48 6 -28 -50 -40 13 62 83 92 81 68 31 -13 -35 -36 -1 44 69 74 56 21 -30 -89 -124 -112 -73 -20 38 68 51 16 -17 -46 -47 -35 3 21 8 17 18 -3 3 9 -5 -11 2 30 54 57 43 42 31 9 -3 -8 -6 0 -7 -2 -18 -41 -41 -39 -40 -37 -40 -28 -16 -19 234 14688 305 717
-6 -7 -10 -7 0 16 9 -7 1 3 2 9 6 1 -2 -6 -5 -5 -7 -5 3 11 7 -6 -6 3 1 -15 -15 -12 3 15 10 11 8 -2 -9 -28 -40 -36 -39 -51 -61 -69 -54 -38 -14 27 75 122 146 142 116 102 97 86 92 96 72 46 -10 -82 -137 -175 -171 -143 -95 -22 25 44 38 5 -38 -85 -108 -93 -33 42 88 105 83 30 -20 -41 -3 39 57 70 66 40 1 -37 -48 -47 -49 -37 -12 19 29 30 16 -5 -35 -53 -47 -24 -13 0 5 -3 -19 -32 -25 -21 -20 -1 10 13 18 18 16 17 3 -9 -12 -8 8 27 30 17 14 11 6 -7 -20 -13 -9 -5 8 11 5 9 3 5 4 -15 -22 -13 -16 -21 -26 -30 -32 -38 -40 -36 -28 -10 17 46 69 93 107 107 99 91 96 83 54 26 -14 -54 -83 -117 -134 -127 -106 -83 -76 -81 -80 -76 -60 -26 22 61 96 85 40 5 -37 -61 -50 -12 53 107 134 141 116 56 -8 -51 -65 -40 5 47 74 32 19 -62 -94 -115 -41 -45 12 21 57 19 22 -35 -32 -66 -40 -32 -5 6 56 52 33 -6 -25 -20 -2 8 36 54 46 26 3 -22 -14 6 23 32 26 14 16 7 -4 -27 -45 -43 -35 -24 -12 -5 3 241 15345 305 717
-14 -25 -21 -13 -8 -4 -10 -18 -13 2 3 4 1 -10 -20 -29 -14 30 50 45 22 -11 -10 -16 -14 7 29 34 26 11 -3 -11 -11 -18 -8 4 0 -18 -34 -40 -37 -35 -18 2 8 26 12 -9 -15 -35 -49 -51 -60 -62 -71 -80 -61 -31 1 41 92 127 160 172 160 145 124 108 103 84 59 15 -42 -86 -127 -148 -133 -100 -57 -17 1 -2 -25 -61 -79 -112 -84 -37 1 6 51 73 32 -1 9 17 36 53 69 87 67 36 -2 -27 -55 -62 -56 -26 1 28 43 30 -5 -33 -34 -48 -60 -56 -32 -5 -8 -27 -25 -16 1 3 -2 13 26 34 32 32 25 10 0 -6 -3 1 16 20 8 -19 -39 -38 -14 16 25 28 12 1 -21 -35 -24 -13 -14 -1 7 12 19 29 30 26 2 -34 -59 -65 -59 -29 6 25 42 56 83 109 128 142 136 124 116 89 53 11 -42 -95 -152 -186 -198 -173 -140 -115 -95 -90 -85 -61 -23 19 51 74 77 30 -23 -53 -47 -20 22 82 143 182 187 155 100 42 14 6 3 2 2 -1 -37 -89 -100 -88 -88 -69 -35 -10 6 4 -6 -5 -27 -60 -62 -51 -35 -9 24 50 62 57 53 51 21 15 38 50 59 47 23 10 -16 -38 -46 -43 -21 1 7 245 11282 305 717
-6 -1 0 3 12 12 6 5 -6 -15 -6 -1 -1 4 7 10 6 -5 0 1 2 4 -7 -5 6 12 15 8 0 -3 -7 -21 -42 -39 -27 -11 0 11 32 36 27 18 12 10 0 -20 -14 -7 -6 -13 -23 -47 -60 -73 -80 -89 -99 -91 -54 7 74 129 155 169 173 152 122 92 76 77 65 41 18 -23 -69 -93 -104 -100 -86 -66 -33 -10 -8 -16 -34 -68 -96 -103 -73 -12 33 42 36 14 4 0 1 33 62 70 77 61 1 -23 -30 -55 -61 -33 4 23 29 30 34 21 -10 -25 -27 -16 -5 -5 3 -15 -39 -43 -46 -45 -33 -11 0 -2 7 18 18 15 6 -3 -2 3 4 6 30 36 28 29 10 -8 -17 -16 -10 -4 7 20 15 8 5 1 0 -5 -15 -24 -29 -35 -30 -27 -32 -42 -41 -58 -54 -35 21 47 79 90 128 126 134 126 136 125 112 59 14 -61 -109 -147 -152 -143 -121 -104 -81 -64 -67 -77 -73 -56 -32 0 18 32 20 5 -3 -12 -10 7 32 70 102 119 133 119 72 20 -7 -12 6 5 -4 -4 -4 -27 -35 -44 -34 -11 9 12 -5 -19 -6 -31 -72 -67 -57 -59 -38 7 36 49 34 14 14 0 2 47 74 83 69 50 41 17 -3 -3 5 3 12 253 3413 305 717
-3 2 4 -5 -5 7 4 -4 -7 -3 -4 -16 -30 -32 -18 2 8 -2 -9 -25 -43 -62 -79 -67 -27 24 66 97 122 147 128 140 98 87 55 78 21 -6 -55 -67 -135 -144 -166 -115 -98 -68 -84 -81 -99 -66 -35 17 47 74 68 39 -19 -67 -76 -48 4 83 149 175 172 136 77 5 -50 -64 -44 -3 44 70 60 7 -59 -114 -115 -76 -24 10 30 33 13 -27 -58 -70 -68 -46 -14 23 60 74 63 35 2 -18 -22 -1 32 57 64 51 18 -18 -29 -18 -11 6 19 21 11 -9 -19 -28 -43 -45 -37 -26 -10 1 9 8 1 -4 -9 -12 -6 4 8 13 11 8 10 18 10 3 -3 -8 1 4 6 14 12 12 10 2 -9 -28 -35 -27 -23 -18 -1 17 22 3 8 -38 -26 -30 0 -15 34 37 53 1 11 -20 -1 -9 20 5 6 -21 -6 -16 -10 -2 29 36 25 3 -8 -18 -30 -39 -24 -10 -11 0 5 1 -9 -24 -31 -34 -27 7 43 55 41 16 -5 -1 2 -2 -6 5 13 14 17 21 26 18 0 -21 -38 -33 -21 -5 8 -8 -26 -30 -25 -13 -2 15 29 25 14 8 12 24 36 31 13 6 10 12 5 -6 -7 0 0 1 -5 -11 -6 -13 -31 -46 -48 -32 -22 258 9574 305 717
8 -1 1 2 2 -6 -10 -11 8 23 28 18 -5 -9 -5 -25 -32 -20 -2 15 18 15 23 16 0 -6 -14 -13 2 11 8 4 8 9 4 -6 -8 2 0 -15 -36 -37 -20 -3 22 37 28 29 24 -5 -34 -33 -25 -17 -12 8 41 63 56 45 15 -45 -126 -179 -173 -119 -58 16 80 94 76 35 8 -5 3 24 52 67 62 29 3 -1 13 43 89 130 130 88 23 -31 -44 -23 8 50 43 21 -15 -73 -117 -90 -59 4 30 50 17 -20 -79 -85 -79 -41 -16 9 -5 -10 -32 -27 -8 14 36 39 24 9 -20 -43 -32 -19 -6 -2 -7 -18 -38 -51 -43 -22 -6 7 18 13 -2 -16 -27 -23 -17 -6 22 34 47 48 34 24 23 23 32 24 28 28 19 8 3 -2 -3 4 10 20 30 14 -12 -28 -47 -58 -50 -41 -14 3 11 -2 -32 -39 -36 -57 -58 -40 3 52 96 133 164 151 86 6 -50 -87 -81 -36 32 94 88 54 17 -30 -61 -63 -45 -4 10 -1 -26 -68 -105 -113 -87 -47 -11 -4 -14 -35 -67 -90 -74 -38 29 60 57 28 -14 -35 -28 -32 35 95 129 95 59 10 0 -12 11 22 42 32 27 0 -16 -15 1 23 33 -5 -19 -19 -42 -35 0 29 42 32 10 272 5580 305 717
-8 -10 -6 -3 -7 -3 9 5 3 16 12 0 -13 -9 -5 -2 -4 -2 7 9 7 3 -4 3 7 0 5 4 -5 -6 -19 -16 -13 -19 -12 -9 2 15 20 6 4 19 29 36 33 11 -9 -32 -51 -71 -96 -96 -87 -90 -88 -82 -55 0 49 91 124 140 156 169 166 157 134 107 80 60 28 -7 -47 -103 -145 -167 -150 -97 -38 9 24 -14 -4 -38 -120 -134 -96 -53 -12 27 61 87 67 54 50 39 8 28 54 75 69 53 31 -2 -54 -66 -45 -26 -11 -25 -33 -26 -30 -27 -16 -22 -23 -36 -45 -34 -10 11 15 11 5 8 5 9 31 39 36 25 -5 -27 -31 -24 -4 0 3 9 2 -7 -11 -12 -7 -4 -8 -9 1 9 12 14 12 19 12 -6 -6 -8 -14 -14 -24 -33 -34 -38 -42 -46 -48 -31 -10 13 46 78 97 116 132 133 132 112 83 63 39 4 -47 -96 -110 -121 -135 -133 -120 -102 -77 -62 -57 -51 -32 -12 7 29 54 56 23 -19 -42 -43 -8 45 100 159 173 142 85 22 -23 -51 -59 -29 -1 5 9 0 -20 -36 -55 -72 -65 -41 -4 41 61 47 17 -27 -52 -44 -29 -6 8 13 25 33 37 44 33 24 9 -5 -11 -10 3 20 26 5 -20 -27 -23 -13 3 272 9609 305 717
-22 -18 1 12 17 23 22 28 22 -2 -4 -4 -18 -19 -15 -12 -7 2 7 4 1 -4 -16 -26 -24 -2 24 58 70 58 46 32 21 21 13 10 23 21 26 21 2 -26 -63 -102 -123 -128 -124 -94 -85 -103 -114 -96 -64 -28 22 70 64 42 18 9 7 63 124 177 176 144 77 18 -56 -82 -74 -28 23 63 60 32 -23 -79 -120 -138 -114 -58 -15 17 52 42 6 -28 -28 -1 27 46 57 54 40 20 5 8 17 15 29 41 32 9 -4 -15 -12 -9 4 19 14 -7 -11 -22 -31 -32 -30 -8 8 14 28 35 22 11 -1 -17 -25 -28 -21 4 23 28 29 14 3 -3 -12 -10 -3 -3 4 4 5 9 5 7 18 24 22 16 0 -31 -50 -48 -40 -36 -53 -60 -69 -98 -118 -126 -109 -60 -11 51 103 120 117 110 91 85 89 99 114 104 86 63 34 1 2 14 19 4 -35 -89 -145 -185 -163 -104 -41 23 50 30 -21 -96 -150 -145 -91 -2 92 157 172 132 66 -4 -49 -67 -50 1 64 115 105 46 -10 -58 -77 -50 -13 14 14 -5 -29 -55 -64 -57 -43 -17 0 1 -5 -11 -21 -28 -9 12 24 38 39 36 25 8 4 -6 -14 -5 10 29 31 19 12 3 -13 -31 -35 -28 -16 272 10124 305 717
-7 -9 -5 14 29 36 34 19 -15 -37 -38 -36 -20 -3 7 6 -15 -18 -3 4 12 15 13 7 -1 -8 10 23 19 8 -12 -14 -2 1 -14 0 10 13 7 -7 -3 9 1 -4 -10 -16 -20 -47 -47 -44 -53 -70 -89 -96 -84 -51 -13 32 80 108 137 157 165 172 155 130 116 89 67 42 1 -41 -97 -147 -159 -143 -110 -74 -41 -22 -24 -51 -77 -74 -71 -55 -18 13 41 52 38 33 29 23 29 42 63 81 79 65 39 0 -35 -46 -42 -24 -6 -11 -9 -4 -21 -31 -34 -35 -36 -49 -50 -26 -11 5 9 -7 -16 -20 -13 -7 -8 5 19 33 31 26 24 26 21 -1 -15 -5 -4 -3 11 5 3 -4 -15 -12 -15 -8 1 -11 -23 -28 -23 7 20 19 22 21 21 -4 -45 -75 -60 -54 -59 -42 -11 16 47 54 80 104 106 113 120 144 160 148 108 41 -25 -81 -111 -123 -137 -147 -154 -147 -126 -104 -76 -59 -53 -33 -13 7 36 51 49 28 -1 -5 2 28 71 118 150 144 108 59 22 -3 -14 4 -13 20 -2 -6 -54 -28 -79 -55 -70 -17 -17 21 -4 17 -32 -34 -51 -36 -37 1 17 42 43 40 31 27 9 3 6 10 23 26 24 20 3 -10 -12 -12 -6 6 12 14 6 276 14265 305 717
-20 -22 -11 -1 12 13 16 3 -11 -17 -20 -26 -5 25 48 51 29 23 15 14 13 10 -11 -27 -29 -16 -13 2 20 9 -3 -2 -3 6 25 30 14 -5 -25 -44 -59 -62 -46 -24 -11 1 3 -9 -19 -29 -27 -18 -30 -44 -63 -93 -107 -108 -75 -12 53 112 158 181 186 179 165 145 135 123 100 75 31 -12 -62 -113 -132 -139 -133 -92 -53 -25 -15 -20 -41 -65 -84 -99 -97 -66 -18 30 63 82 79 62 55 40 36 39 54 70 68 39 10 -24 -57 -55 -45 -33 -1 24 19 9 -20 -58 -85 -89 -75 -30 -4 17 30 8 -14 -26 -31 -26 -15 6 36 49 45 39 17 -12 -29 -42 -47 -10 30 48 54 37 8 -20 -28 -20 -20 -37 -25 -8 4 16 30 36 24 9 -8 -26 -27 -15 -11 -8 -24 -42 -57 -61 -57 -39 -10 21 45 77 95 120 139 149 151 124 92 70 40 -3 -56 -88 -113 -131 -131 -116 -105 -98 -83 -75 -73 -70 -50 -22 18 38 51 46 16 -16 -34 -43 -14 25 70 106 115 104 79 38 8 -8 -8 5 31 32 19 7 -18 -45 -52 -59 -46 -27 -11 11 13 -4 -17 -39 -48 -41 -26 1 28 40 47 35 28 10 7 9 23 26 31 46 39 17 3 -10 -16 -19 -23 282 4294 305 717
10 5 12 8 5 7 -1 -9 -13 -24 -24 -21 -9 5 19 27 28 25 -1 -8 -1 -13 -19 -20 -17 -2 0 16 23 7 -9 -22 -31 -31 -14 19 45 40 21 7 -5 -12 -13 -15 -26 -27 -17 -3 0 -27 -56 -77 -110 -127 -139 -116 -48 17 69 100 118 141 159 169 172 160 142 116 78 41 19 0 -44 -98 -140 -146 -114 -83 -50 -14 -2 -6 -39 -78 -87 -84 -72 -34 14 49 56 49 34 25 26 30 40 43 49 43 19 -4 -14 -31 -37 -40 -22 10 30 44 41 25 5 -16 -32 -38 -46 -53 -49 -44 -56 -58 -39 -15 4 7 17 32 33 38 38 22 12 0 -20 -18 -19 -9 15 25 32 31 20 9 2 -13 -12 7 12 3 -5 -12 -3 12 14 18 20 5 -14 -45 -70 -76 -69 -50 -37 -30 -25 -25 -20 -4 29 73 114 148 167 170 160 143 122 79 38 1 -45 -78 -106 -124 -122 -123 -120 -108 -105 -106 -104 -96 -84 -59 -22 15 38 25 -6 -25 -36 -23 5 53 114 130 117 103 80 17 36 4 37 20 50 -7 11 -25 1 -39 -17 -36 2 -15 14 -2 1 -34 -63 -97 -90 -79 -21 24 47 52 46 29 25 31 35 39 46 47 34 8 -5 0 -5 -18 -16 -15 -6 4 8 287 2155 305 717
11 -22 -7 -21 7 -11 1 -13 5 -5 -5 -20 -12 -6 10 9 18 13 12 6 -5 -4 6 9 4 -9 -14 3 11 8 3 1 0 -9 -16 -20 -14 -5 -7 2 7 21 32 19 3 -13 -35 -45 -48 -29 -18 -21 -33 -58 -89 -107 -102 -69 -14 30 67 112 155 176 175 162 157 143 111 85 61 13 -41 -91 -126 -132 -121 -87 -31 1 -2 -21 -42 -72 -93 -80 -54 -31 -16 -11 -1 9 20 24 7 5 25 49 75 79 75 54 17 -14 -34 -35 -25 -17 -6 0 11 13 0 -18 -31 -30 -25 -33 -29 -32 -29 -20 -27 -25 -16 -11 1 11 23 28 20 18 14 5 -3 -3 -3 -5 4 5 3 18 21 20 20 10 9 3 0 4 -2 3 8 2 -3 -9 -14 -14 -20 -27 -30 -24 -25 -37 -51 -64 -59 -42 -20 13 43 68 96 105 119 130 131 135 136 124 93 39 -16 -64 -106 -129 -144 -155 -155 -139 -122 -106 -78 -58 -44 -14 4 14 17 12 0 -30 -40 -22 9 56 93 120 133 115 80 55 45 39 33 31 23 15 4 -22 -52 -86 -94 -66 -34 2 29 32 18 -17 -52 -67 -70 -56 -31 -2 16 26 28 24 18 20 29 38 34 33 33 37 44 35 18 -2 -25 -16 6 10 7 295 12824 305 717
10 3 1 -2 -2 4 0 -3 1 -4 -20 -2 -39 -4 -5 -14 -16 16 9 20 -1 17 17 11 2 9 -1 -14 -27 -27 -21 -9 7 30 44 34 21 4 -13 -11 -17 -5 13 21 37 50 58 71 59 40 18 -8 -20 -20 -34 -54 -80 -103 -123 -121 -114 -136 -165 -176 -129 -62 13 90 126 125 87 32 4 -2 24 84 138 156 120 57 -15 -60 -72 -50 2 50 71 73 41 0 -43 -89 -110 -102 -62 6 34 29 18 -8 -24 -30 -33 -4 37 59 59 41 15 -8 -10 1 19 38 55 62 47 19 4 -9 -13 -7 -5 6 20 14 -2 -32 -43 -35 -29 -13 5 21 31 24 2 -20 -32 -41 -38 -18 2 20 21 5 -4 -4 -2 12 14 22 30 19 9 1 -3 6 17 28 34 31 21 1 -30 -66 -70 -70 -78 -77 -80 -87 -99 -107 -104 -80 -44 5 42 71 99 106 112 110 104 119 141 134 83 33 -5 -23 -21 -5 26 48 50 23 -34 -99 -144 -153 -107 -35 18 40 20 -44 -113 -155 -148 -88 -18 45 93 109 98 66 8 -38 -30 7 38 49 54 56 24 -19 -40 -39 -15 25 51 49 29 -19 -59 -68 -62 -39 1 17 6 -10 -24 -30 -38 -47 -45 -35 -6 37 47 47 34 9 -10 297 7733 305 717
-8 -47 8 -9 15 -9 10 -19 14 -10 8 -15 -6 -15 -7 -10 26 36 43 33 30 6 -20 -41 -41 -21 1 22 32 4 -15 -16 -10 9 10 -17 -23 -17 -13 -12 0 24 20 10 -11 -14 -6 -1 -11 -18 -24 -39 -65 -66 -65 -62 -57 -52 -26 16 60 112 153 173 179 137 94 73 57 47 52 43 11 -40 -98 -151 -163 -152 -108 -36 14 40 24 -22 -47 -87 -121 -110 -57 3 52 80 94 66 23 -6 -9 16 53 84 102 96 56 7 -36 -74 -89 -62 -26 17 48 40 19 -18 -53 -63 -72 -65 -35 -2 20 20 -2 -14 -16 15 -26 13 19 54 4 30 5 21 -25 -1 -33 -11 -16 5 -18 -9 -21 -2 -10 -2 13 24 16 7 -11 -26 -20 11 48 65 48 20 -2 -22 -29 -32 -47 -34 -24 -22 -27 -39 -31 -8 5 21 48 66 98 117 123 107 89 65 48 15 -26 -51 -73 -114 -135 -142 -114 -71 -43 -32 -40 -56 -47 -36 -20 14 52 73 67 29 -17 -42 -42 -12 48 100 133 144 119 76 22 -31 -42 -36 -23 13 38 37 8 -35 -69 -85 -87 -58 -14 30 47 33 1 -39 -71 -88 -69 -32 7 51 68 58 42 22 4 -10 -10 14 36 44 47 34 12 -11 -35 -38 -15 5 17 302 14132 305 717
25 15 2 3 17 21 26 39 44 33 11 -23 -50 -67 -69 -64 -70 -67 -45 -47 -74 -96 -101 -90 -61 -9 52 92 109 109 100 89 87 101 119 115 74 37 15 -8 -3 11 23 38 22 -25 -77 -122 -159 -162 -119 -50 16 54 51 17 -48 -119 -149 -122 -40 55 127 171 147 76 6 -52 -65 -35 11 50 71 59 29 4 -25 -50 -46 -20 6 25 27 17 -10 -40 -56 -64 -55 -23 3 21 -23 -5 -37 -30 -57 3 -8 38 20 42 0 15 -13 6 -3 20 11 39 42 53 33 18 0 -16 -33 -25 -18 0 8 5 -5 -15 -32 -31 -19 -5 3 13 8 -4 -11 -10 5 17 22 24 17 6 8 -10 -15 -6 17 37 43 41 28 -7 -29 -40 -30 -9 16 36 39 29 4 -19 -23 -25 -12 1 -4 5 9 8 14 16 26 22 10 6 9 4 -10 -28 -26 -18 -12 -1 10 4 -19 -41 -65 -75 -47 -1 42 61 50 30 -3 -22 -13 -9 -7 4 13 33 38 11 -8 -12 -29 -47 -41 -17 9 23 13 -5 -24 -30 -16 -14 -5 1 33 -10 -3 -29 9 -9 28 -5 13 -17 19 1 19 -10 3 -16 4 -14 -9 -1 17 9 2 -10 -2 -8 -16 -5 11 17 15 2 0 -3 -4 3 12 3 9979 305 3653
7 1 -7 -10 -6 3 5 4 8 -6 -16 -14 -13 0 10 11 10 -1 -20 -20 -4 14 22 15 9 -2 -17 -31 -26 -15 5 18 14 17 16 3 2 -8 -20 -12 6 14 10 10 16 14 0 -11 -4 8 7 -9 -29 -42 -37 -19 30 67 69 68 32 -47 -136 -184 -164 -119 -58 19 78 105 88 55 20 -9 -2 26 62 82 81 53 -9 -58 -56 -1 77 120 114 82 26 -28 -43 -28 18 54 42 7 -41 -77 -89 -79 -46 4 35 25 1 -29 -44 -41 -42 -35 -9 -4 -22 -35 -45 -27 -1 12 32 42 31 5 -27 -41 -38 -26 -14 2 10 -2 -18 -34 -36 -19 -1 16 24 20 16 -6 -27 -22 -11 10 18 19 30 29 25 23 24 29 29 29 19 17 8 -4 2 15 19 23 9 0 -1 -6 -1 -5 -18 -12 -14 -22 -28 -34 -32 -25 -23 -26 -26 -37 -56 -55 -30 23 86 139 184 165 87 11 -49 -86 -89 -59 -6 38 53 46 18 -24 -57 -65 -57 -18 21 26 0 -60 -123 -135 -102 -46 15 38 29 2 -34 -35 -12 19 56 67 51 3 -53 -70 -51 -6 33 54 58 51 53 21 -7 11 18 27 15 14 10 -2 -21 -12 -15 19 38 42 23 18 -3 -6 -12 0 11 23 16 7 10389 305 3653
34 43 16 -6 -26 -23 2 10 3 -15 -23 -15 -2 2 10 17 11 1 -12 -25 -14 2 10 21 14 5 0 -5 2 15 13 8 -7 -20 -16 -23 -34 -26 -32 -51 -68 -80 -74 -64 -49 -9 35 68 103 137 144 138 121 103 96 82 75 85 74 42 -17 -92 -144 -177 -185 -147 -86 -27 18 22 -1 -39 -82 -97 -76 -37 13 70 94 88 59 13 -10 -16 -7 31 76 107 111 75 24 -21 -61 -77 -62 -34 1 20 16 -1 -26 -66 -82 -78 -53 -5 39 66 69 32 -8 -31 -50 -56 -50 -30 7 28 34 38 27 10 -13 -34 -46 -27 9 46 62 46 19 -10 -33 -22 -11 -18 -15 4 22 48 34 41 33 9 -39 -42 -80 -53 -47 -3 -15 -10 -58 -56 -75 -51 -31 13 31 86 96 116 123 134 134 117 77 66 41 5 -29 -60 -81 -97 -116 -125 -119 -113 -109 -95 -87 -84 -66 -28 31 77 89 91 59 10 -20 -44 -24 28 81 117 132 119 88 27 -24 -44 -31 -9 22 33 35 22 -32 -97 -117 -113 -82 -21 31 67 66 24 -16 -53 -59 -38 -17 18 47 50 36 12 -20 -37 -28 -8 23 51 59 61 42 13 1 -16 -30 -21 -12 5 22 17 10 3 -15 -27 -30 -27 -23 -21 -8 19 28 17 10383 305 3653
19 -10 -16 -11 3 2 -7 -19 -2 18 25 29 28 14 -3 -23 -26 -22 -17 3 11 9 -2 -14 -11 -3 -7 -9 -8 -6 -14 -13 7 21 17 -6 -23 -43 -55 -53 -69 -85 -71 -50 -19 13 47 92 118 132 149 143 130 127 118 112 107 87 36 -25 -84 -133 -159 -173 -150 -95 -52 -29 -21 -24 -34 -54 -66 -60 -33 2 27 41 45 33 17 10 5 13 44 79 89 81 64 43 19 -12 -33 -37 -36 -25 -19 -21 -19 -21 -27 -34 -42 -43 -23 -13 -6 1 6 -4 -16 -29 -28 -20 -10 8 21 17 19 17 5 2 -12 -14 5 18 27 28 15 17 17 -1 -23 -31 -18 2 10 16 37 47 33 14 -8 -26 -33 -44 -28 -5 -2 -12 -31 -47 -49 -54 -54 -37 -29 -18 16 66 107 131 145 153 153 126 75 34 4 -23 -61 -86 -89 -93 -108 -119 -123 -118 -126 -133 -107 -64 -6 51 81 79 62 31 1 -12 -17 -4 18 46 73 99 105 92 57 5 -15 -10 1 28 39 35 -6 -32 -85 -90 -101 -35 -31 13 9 41 6 11 -26 -15 -40 -17 -24 9 0 17 4 0 -9 7 0 20 24 40 50 43 22 11 8 13 4 -4 0 12 12 9 5 -7 -10 -17 -28 -27 -27 -22 -10 -7 -2 21 7462 305 3653
0 3 11 16 8 -2 0 -4 -7 -4 -1 12 14 1 7 4 2 6 -2 -2 4 2 3 -2 -10 -7 -3 -3 -4 -5 -1 -1 -9 -16 -19 -27 -20 -15 -30 -47 -57 -81 -95 -93 -68 -12 39 88 132 149 154 146 121 102 87 85 101 109 74 24 -41 -118 -167 -178 -161 -112 -72 -35 -13 -18 -24 -34 -60 -69 -49 -11 38 60 56 47 23 -13 -21 -2 28 73 90 133 114 57 -23 -26 -77 -51 -41 23 21 20 -21 2 -37 -43 -78 -67 -71 -27 -3 30 29 11 -25 -43 -59 -46 -24 5 40 48 44 36 11 0 3 0 1 4 -1 0 10 17 16 7 -3 -10 -17 -22 -11 -7 12 34 23 8 -1 -23 -29 -36 -38 -26 -20 -13 -8 -15 -28 -38 -48 -47 -22 8 39 76 98 112 120 116 113 110 95 81 40 -5 -39 -78 -103 -111 -123 -119 -114 -107 -98 -102 -100 -76 -30 17 59 83 91 70 22 -16 -26 -30 -3 39 69 91 116 97 53 -1 -22 -5 19 44 53 46 31 -21 -84 -115 -118 -99 -49 7 59 44 29 -11 -32 -103 -59 -25 37 28 65 41 58 7 -2 -34 -27 -36 21 52 92 87 63 21 -7 -50 -60 -43 -15 22 40 24 11 -13 -32 -33 -33 -27 -16 -24 -19 -10 1 22 8691 305 3653
30 16 10 -1 -1 17 32 41 45 28 16 10 3 17 10 5 23 17 0 -8 -11 -13 -11 -17 -20 -15 -26 -36 -33 -43 -47 -46 -39 -28 -40 -43 -13 30 66 91 112 128 121 74 28 -6 -17 -9 0 8 28 16 -26 -62 -78 -65 -27 26 66 60 2 -74 -148 -186 -149 -73 -2 51 53 13 -31 -58 -42 6 29 42 43 34 23 10 -8 3 21 30 38 32 17 19 11 9 -6 22 19 24 11 4 -35 -44 -32 -12 7 39 54 44 15 -10 -6 11 34 39 45 14 -7 -20 -22 -12 6 26 46 34 6 -22 -44 -34 -17 -6 7 7 -2 -13 -36 -56 -45 -26 -16 -8 -2 -4 -7 -9 -12 -3 1 14 11 6 13 16 7 14 10 9 9 1 10 20 3 -6 -4 -4 -7 -18 -15 0 2 -14 -9 -9 -11 0 2 2 14 5 2 5 -7 -3 1 1 6 2 -4 -2 -2 -3 -4 -7 -4 7 1 -14 -10 -7 0 4 -12 -7 0 -9 -18 -37 -36 -22 -17 -4 14 22 27 18 3 -1 4 4 13 27 30 22 32 -5 15 11 2 -3 6 -11 -28 -45 -18 2 7 18 28 26 6 -16 -40 -32 -26 1 30 40 32 37 27 24 13 -11 -17 -10 -4 12 23 22 12 -8 -20 27 9856 305 3653
-37 -32 -12 -1 5 -1 -25 -45 -53 -41 -8 4 5 5 -2 -11 -11 -8 3 27 40 41 31 5 0 7 12 31 47 60 63 34 13 3 -4 3 -3 -22 -22 -5 12 17 13 4 5 -5 -35 -56 -65 -65 -42 -36 -26 -11 -15 -13 -19 -33 -17 19 73 125 162 172 137 55 -20 -65 -76 -59 -23 6 20 9 -15 -40 -59 -33 -5 25 49 34 -29 -90 -121 -138 -107 -66 -8 23 26 -11 -22 -35 -13 19 59 71 67 24 -15 -46 -53 -36 4 47 69 47 27 23 -2 -8 19 46 56 51 9 -31 -46 -51 -24 19 44 47 33 0 -19 -23 -12 28 40 37 24 -7 -27 -22 -21 -5 15 35 47 31 15 2 -8 -10 -5 -9 -12 -12 -17 -32 -41 -51 -43 -26 -19 -6 -4 -8 -1 1 2 -4 -23 -26 -14 -4 8 28 52 62 47 15 0 -11 -22 -21 -15 -7 5 4 -7 -13 -22 -28 -30 -31 -23 -6 17 35 27 7 -2 -13 -8 1 -11 -20 -3 11 20 27 37 22 20 -5 -35 -41 -23 5 7 4 -5 -19 -35 -25 -25 -8 -9 3 3 5 -6 8 15 19 12 7 -8 6 10 0 7 23 25 18 4 1 9 12 19 6 -9 -14 -19 -14 -7 3 12 13 2 0 5 2 2 32 6660 305 3653
-11 3 23 47 55 33 15 22 19 16 11 -8 -15 1 16 32 49 38 21 1 -26 -43 -46 -30 -5 -8 -17 -33 -47 -54 -56 -52 -40 -28 -35 -45 -31 13 69 105 134 149 123 75 24 -16 -30 -29 -28 7 44 49 32 4 -19 -67 -33 -38 10 -2 3 -89 -123 -176 -126 -105 -19 15 55 22 7 -39 -20 2 57 87 86 51 7 -35 -43 -29 3 37 56 58 54 34 15 6 6 17 34 32 21 -5 -35 -56 -46 -34 -5 10 -1 -3 -9 -6 13 32 39 43 32 19 -7 -24 -20 4 24 39 37 25 8 -11 -24 -8 7 2 -7 -16 -18 -33 -20 2 -21 -38 -22 -20 -30 -41 -43 -32 -19 -20 3 35 32 28 34 17 -6 -10 -1 25 27 18 30 22 3 -9 -11 -2 -2 -24 -39 -33 -18 3 16 13 12 8 -14 -35 -48 -35 -11 -3 17 45 45 37 33 20 4 15 -41 -3 2 34 -1 32 -10 -4 -51 -18 -20 14 -11 0 -37 -23 -19 2 6 15 -3 -15 -19 -11 2 0 1 7 1 11 12 18 14 5 -7 -5 8 19 29 35 27 26 6 -14 -25 -33 -20 -14 -17 -19 -23 -30 -15 -12 -5 4 17 25 36 35 28 23 8 -7 -7 -9 0 -4 -21 -12 -13 -28 -16 37 5902 305 3653
14 13 8 1 -5 -3 2 -6 1 5 10 6 -3 -6 1 -23 14 4 6 -20 22 -7 11 -17 18 3 38 3 13 -29 -22 -38 -13 -11 19 20 35 -3 -34 -58 -62 -87 -101 -105 -77 -44 -6 36 79 106 119 121 118 123 127 138 159 149 108 55 -7 -66 -118 -174 -191 -175 -130 -74 -20 14 26 1 -40 -79 -101 -83 -29 22 52 64 51 29 3 -13 2 29 50 76 79 67 55 26 0 -26 -51 -52 -29 -6 9 13 15 2 -24 -50 -44 -25 -4 19 15 -3 -9 -33 -44 -44 -42 -11 7 8 21 24 21 19 -1 -6 -4 -4 -4 10 6 -10 -4 9 16 13 -11 -4 9 5 13 13 24 35 14 35 -6 -22 -39 -21 -68 -22 -22 8 -34 -18 -64 -45 -68 -30 -6 46 54 98 90 109 103 110 119 123 91 59 2 -44 -78 -99 -113 -118 -128 -129 -126 -131 -135 -114 -76 -14 47 75 88 89 57 11 -49 -63 -34 5 52 93 115 135 114 66 17 -6 -6 10 27 32 38 28 -13 -67 -99 -101 -78 -56 -24 -2 4 22 20 7 -6 -21 -11 4 -6 -4 8 10 -5 -13 -6 6 22 41 58 58 42 28 11 -1 3 4 16 15 -6 -6 8 8 -1 -19 -24 -21 -22 -14 -9 -14 -24 43 10648 305 3653
10 12 6 6 6 -5 -6 -3 -4 1 2 0 7 -5 -18 -7 -1 4 1 2 18 16 3 0 -1 -3 -2 1 6 15 9 3 -6 -16 -7 6 -7 -7 2 1 -6 -9 -3 9 -1 -4 4 -2 -15 -27 -36 -34 -42 -61 -69 -72 -78 -66 -30 6 49 101 159 186 152 129 133 103 74 69 70 74 47 -15 -76 -135 -173 -167 -131 -89 -44 1 22 6 -37 -67 -71 -71 -53 -5 43 76 63 20 -19 -45 -25 33 77 109 119 114 76 -1 -67 -94 -93 -69 -25 17 31 35 24 7 -11 -52 -64 -48 -26 15 41 38 17 -24 -48 -53 -48 -31 -16 -6 8 22 27 17 4 -19 -31 -24 -17 1 12 18 33 18 4 2 1 8 8 10 21 21 8 2 8 12 6 -9 -27 -37 -40 -35 -22 -21 -39 -16 -41 -45 -58 -21 -18 27 47 114 106 131 117 140 114 111 71 65 10 -23 -68 -89 -136 -136 -124 -118 -127 -123 -99 -81 -99 -74 -8 33 64 77 73 64 20 -19 -22 -16 7 68 133 147 128 91 47 7 -33 -37 2 27 38 24 -18 -64 -105 -123 -87 -52 3 67 93 67 20 -29 -69 -84 -66 -34 2 22 46 51 24 -5 -36 -49 -26 0 42 81 81 67 33 -5 -16 -12 -14 -21 -15 48 3 305 3653
-9 -6 -2 18 12 4 16 18 24 16 2 1 -3 -18 -21 -12 -18 -12 -2 0 5 12 9 17 8 1 2 -9 -8 -10 -18 -5 5 21 26 7 -18 -29 -40 -66 -82 -81 -68 -61 -62 -31 22 45 65 81 89 99 108 127 146 136 121 105 77 46 -3 -69 -135 -174 -172 -134 -82 -26 22 34 5 -35 -78 -108 -98 -64 -7 44 67 65 45 5 -26 -47 -31 16 53 95 131 126 86 21 -44 -76 -69 -44 -12 20 30 18 -7 -39 -52 -59 -46 -22 -8 8 17 -4 -16 -15 -10 -7 -3 9 27 41 35 36 28 5 -5 -15 -26 -24 -34 -30 -11 -7 -8 -10 -8 1 6 27 42 47 44 35 20 8 -2 -16 -27 -33 -44 -39 -21 -14 -8 -17 -35 -34 -33 -32 -17 -2 24 48 60 74 86 87 98 102 89 80 68 38 2 -36 -68 -91 -115 -125 -120 -126 -129 -113 -100 -73 -37 -14 23 54 71 70 28 -10 -23 -29 -19 11 53 98 136 137 109 62 7 -25 -29 -12 29 53 50 33 -17 -68 -100 -117 -116 -91 -33 36 72 74 47 -3 -42 -63 -72 -52 -4 28 40 54 40 10 -5 -14 1 21 26 31 20 10 16 9 -3 -9 -16 -4 15 33 39 27 11 -2 -8 -19 -19 -19 -31 -35 -43 54 6513 305 3653
-92 -119 -131 -138 -133 -154 -144 -153 -130 -94 -40 19 67 80 89 69 32 10 -8 6 39 72 100 115 101 73 49 17 -10 -19 -11 18 38 32 45 25 -13 -56 -112 -154 -162 -143 -98 -63 -30 17 43 29 17 3 1 30 72 98 118 88 26 -26 -61 -42 25 92 159 174 136 76 11 -29 -44 -34 8 45 49 14 -40 -78 -83 -73 -61 -35 -18 -30 -37 -37 -36 -15 9 27 22 -29 -67 -70 -48 -8 41 82 91 53 2 -33 -52 -43 -28 -19 -15 -19 -45 -61 -60 -63 -62 -46 -33 3 15 11 15 4 -8 -14 -24 -8 16 31 40 37 22 37 16 43 56 63 44 47 3 -29 -30 -15 -14 -1 -10 0 4 -19 -22 -20 -4 8 1 -7 -14 -27 -34 -38 -45 -50 -46 -40 -31 2 36 84 117 130 125 90 47 21 -18 -52 -63 -49 -10 20 29 21 -22 -49 -39 -12 22 62 60 18 -55 -127 -150 -109 -55 8 52 46 14 -28 -65 -61 -23 22 62 64 35 8 -19 -31 -11 15 40 57 48 23 -4 -11 12 47 52 48 32 -2 -41 -65 -50 -7 29 56 58 29 -4 -24 -11 2 8 14 26 30 16 -8 -19 -8 5 5 6 16 23 21 7 -15 -18 -23 -24 -14 -17 -22 -31 -51 -58 -49 -27 58 10765 305 3653
-6 -21 -40 15 -6 15 -15 29 -13 12 -9 37 8 24 -11 -6 -30 -3 -17 4 -1 17 24 13 -2 0 -6 9 12 2 -3 -12 -19 -18 -20 -24 -29 -34 -39 -31 -41 -61 -69 -79 -73 -46 -22 31 89 116 137 138 133 134 127 130 147 146 115 55 -16 -81 -138 -180 -186 -159 -119 -62 -22 -11 -11 -32 -62 -58 -43 -22 6 21 37 42 29 21 8 -1 13 30 46 64 71 78 77 57 12 -29 -51 -49 -47 -50 -32 -10 -9 -5 -12 -28 -33 -47 -43 -20 -8 18 34 20 1 -33 -51 -35 -5 18 31 29 27 31 1 -18 22 34 8 -11 -30 -38 -6 -49 8 7 13 -47 -1 -12 20 3 48 20 28 -17 -4 -32 -23 -22 -7 -17 -13 -21 -13 -26 -40 -41 -31 -13 13 37 73 102 112 117 120 120 121 107 87 58 16 -37 -78 -118 -137 -134 -146 -141 -136 -139 -125 -100 -65 -6 42 69 89 82 56 22 -12 -32 -26 1 49 91 116 113 88 45 26 10 -5 11 26 27 21 -8 -43 -70 -90 -82 -62 -31 2 21 28 28 10 -17 -33 -33 -29 -15 0 15 31 26 19 8 -15 -9 4 13 31 31 41 50 33 9 -8 -18 -24 -27 -33 -24 5 18 12 0 -8 1 -17 -25 -2 -15 -27 63 8044 305 3653
10 27 25 21 15 4 0 0 0 11 14 5 3 1 2 -1 -17 -11 -6 -15 -18 -26 -24 -8 3 1 -3 -2 1 11 6 -8 4 11 17 11 -11 -19 -18 -20 -8 5 24 36 20 -9 -31 -53 -73 -89 -92 -86 -83 -72 -38 5 43 77 102 115 131 139 158 180 165 128 96 59 33 -8 -79 -145 -183 -184 -139 -76 -19 27 41 13 -34 -82 -107 -94 -56 -4 32 34 41 40 16 5 12 28 53 59 72 91 84 53 5 -45 -65 -59 -46 -23 -5 1 10 6 -8 -19 -32 -30 -13 -15 -14 -5 -17 -15 -20 -29 -17 -12 -5 11 17 30 48 42 23 1 -15 -25 -23 -20 -12 2 -2 4 9 -6 -7 -14 -9 2 -2 3 7 3 11 11 -6 -13 -15 -8 1 -4 -12 -5 -12 -32 -47 -49 -47 -33 -25 6 48 65 86 105 111 128 131 124 118 85 41 -4 -52 -90 -112 -128 -135 -135 -147 -147 -129 -108 -66 -32 -4 35 53 61 62 22 -17 -37 -41 -19 32 77 123 127 140 100 68 11 11 -13 -1 -1 31 7 -3 -48 -47 -62 -66 -77 -59 -38 19 39 50 40 11 -17 -43 -69 -70 -45 -7 32 54 62 54 37 17 14 16 14 32 32 30 35 20 6 -10 -40 -43 -32 -1 25 13 68 5611 305 3653
50 34 5 -14 -33 -52 -40 -5 17 31 37 25 12 -17 -31 -20 -21 -17 9 17 25 12 -5 -4 -4 6 13 -7 -18 -7 4 19 25 16 2 -15 -52 -78 -79 -73 -56 -53 -75 -73 -74 -66 -29 15 70 121 143 152 143 139 142 131 107 99 84 51 -1 -70 -140 -178 -180 -149 -90 -34 15 44 23 -7 -56 -98 -92 -69 -16 37 62 66 61 29 7 -7 -7 18 55 83 97 90 50 -2 -45 -68 -56 -38 -25 11 26 29 10 -29 -50 -72 -75 -40 -7 19 25 23 14 3 -11 -29 -24 -12 -1 19 27 29 22 -9 -19 -30 -31 -19 -8 6 25 22 16 -2 -26 -31 -27 -10 14 30 26 22 17 9 1 -10 -24 -10 -9 -15 -20 -26 -21 -17 -25 -37 -51 -57 -40 -12 19 57 101 138 137 114 102 102 90 84 88 57 15 -36 -90 -119 -135 -143 -134 -133 -133 -127 -102 -73 -38 -4 41 84 106 82 33 -18 -46 -59 -51 4 74 121 158 155 111 46 -19 -50 -43 -13 39 65 41 1 -53 -88 -97 -83 -66 -35 -2 22 38 27 5 -42 -34 -56 -42 -32 22 25 38 34 31 -4 -11 -19 3 17 35 49 57 45 18 5 -17 -23 -29 -27 -13 6 16 27 13 -4 -24 -45 -43 -31 -14 -8 -9 73 3361 305 3653
15 8 0 -10 -16 -17 -17 -3 10 -13 -31 -26 -11 9 19 24 31 26 5 -25 -56 -55 -29 -14 5 30 39 35 27 20 15 1 -18 -16 -10 -8 8 3 -27 -64 -92 -89 -80 -80 -71 -35 4 39 76 113 136 137 113 95 85 83 102 106 95 71 13 -60 -128 -169 -159 -136 -94 -41 -2 14 12 -13 -49 -76 -79 -59 -15 24 61 71 36 6 -12 -27 -13 10 49 102 112 83 37 -9 -47 -67 -64 -38 -7 8 12 4 -9 -20 -39 -50 -30 -6 13 30 30 18 4 -23 -39 -44 -41 -19 1 14 33 34 18 5 -16 -19 -12 -11 -9 9 18 28 31 17 8 0 -5 -4 -8 -13 -1 2 6 16 16 25 21 -9 -24 -26 -34 -45 -52 -44 -28 -22 -28 -25 -18 -10 9 23 45 87 118 151 156 129 113 91 57 27 -21 -63 -94 -123 -128 -114 -97 -92 -95 -106 -110 -107 -95 -44 27 80 114 102 64 22 -28 -54 -44 -4 48 93 112 123 102 61 14 -27 -42 -10 31 52 41 7 -28 -63 -97 -102 -76 -32 27 58 52 39 3 -40 -56 -58 -40 -2 18 17 24 32 8 -21 -26 -15 2 20 50 66 62 44 19 -7 -20 -31 -28 -12 9 31 33 13 2 -25 -43 -56 -54 -33 -14 3 -14 79 11424 305 3653
0 13 1 3 0 -2 5 9 13 14 12 12 3 -19 -23 -20 -15 -4 9 8 8 5 -9 -16 -12 3 30 43 53 32 60 39 47 10 59 25 40 3 21 -31 -28 -74 -52 -83 -78 -112 -103 -133 -140 -149 -126 -83 -30 11 67 86 73 45 26 29 52 83 130 170 182 145 67 -23 -90 -117 -109 -78 -18 36 52 28 -15 -57 -85 -74 -51 -19 25 47 27 3 -28 -41 -29 -1 24 41 45 49 33 5 -19 -17 -13 3 24 32 44 48 26 -12 -58 -65 -27 14 58 77 70 43 1 -38 -44 -28 -15 -2 18 19 14 6 -8 -14 -14 -10 -5 -19 -26 -34 -40 -18 12 31 43 37 14 3 -5 -3 13 27 34 38 32 29 26 6 -11 -23 -49 -70 -84 -96 -92 -58 -98 -77 -95 -72 -103 -41 -17 58 54 112 104 123 87 122 119 147 117 92 48 17 -28 -33 -22 1 6 -16 -59 -103 -152 -156 -129 -73 -1 52 73 53 -16 -86 -113 -110 -79 -6 67 106 114 72 11 -36 -57 -37 10 57 95 83 41 -11 -53 -62 -39 -7 21 40 46 26 9 -16 -42 -57 -56 -27 3 25 50 32 -16 -53 -77 -76 -50 -3 49 63 43 21 -2 -14 -18 -11 2 14 18 29 46 48 37 23 7 7 -1 82 15949 305 3653
-30 2 -36 0 5 42 18 59 39 37 -20 -6 -50 -39 -47 -19 -29 -13 -16 14 -3 -10 -11 -1 0 6 29 60 60 36 9 -4 -13 -16 -19 -33 -22 -17 -11 10 16 10 12 -1 -10 -19 -30 -19 -5 -4 -27 -56 -72 -72 -80 -87 -81 -55 -39 -6 34 89 146 170 173 158 130 120 113 105 101 75 39 -13 -81 -138 -165 -149 -110 -65 -24 2 9 -12 -46 -75 -89 -73 -53 -22 22 36 35 31 7 -6 -5 4 33 63 81 74 48 16 -8 -29 -45 -27 0 8 11 11 12 6 -19 -32 -34 -35 -23 -17 -16 -7 -11 -15 -23 -32 -34 -29 -21 -4 12 26 31 34 22 7 -3 -7 1 9 14 20 13 17 18 -3 -13 -21 -27 -15 -11 2 27 49 49 35 17 2 -10 -18 -31 -39 -50 -57 -60 -56 -56 -54 -52 -26 -10 11 49 83 114 143 148 149 148 136 107 77 38 -14 -73 -131 -162 -166 -153 -121 -93 -93 -85 -77 -68 -59 -50 -17 20 43 50 32 3 -16 -17 4 37 77 106 127 124 101 72 41 15 -2 -12 -2 19 18 0 -35 -66 -69 -62 -43 -7 24 33 17 -5 -25 -42 -52 -44 -25 -16 -1 20 35 43 37 20 12 0 -10 3 14 27 32 25 18 0 -14 -15 -17 -10 88 5746 305 3653
4 5 8 7 14 10 12 5 7 1 -11 -17 -11 -10 1 -1 5 9 3 -10 -12 -7 1 3 5 8 9 6 -2 -4 -3 -1 4 2 -1 -2 -1 1 -6 -5 -3 -8 0 3 -1 -3 -10 -20 -28 -31 -35 -43 -50 -60 -61 -55 -50 -30 2 48 90 120 147 171 169 147 109 77 54 21 -1 -17 -67 -106 -112 -117 -116 -79 -33 -17 22 -22 -5 -24 -43 -91 -50 -48 -10 8 63 46 21 -13 0 1 27 48 83 89 65 15 -25 -48 -55 -45 -26 -12 8 22 28 21 10 -1 -12 -29 -35 -37 -19 9 17 3 -15 -32 -37 -29 -15 7 19 33 35 31 9 1 -4 -3 -12 -14 -6 13 18 20 17 16 10 -3 -18 -15 -4 8 13 14 13 8 0 -5 -12 -14 -14 -11 -17 -26 -30 -42 -48 -50 -46 -35 -22 2 31 59 88 104 114 119 123 111 86 59 27 -7 -42 -80 -104 -121 -128 -128 -120 -101 -72 -54 -47 -42 -35 -12 14 30 32 18 19 1 -39 -36 3 37 67 104 123 117 92 51 16 -15 -37 -17 24 27 3 -20 -29 -50 -79 -72 -23 26 54 48 24 -5 -39 -65 -64 -41 -11 16 32 36 27 19 8 3 -13 -24 -21 0 30 50 49 40 17 -7 -31 -46 -29 -1 12 97 7386 305 3653
-16 -3 7 3 2 1 -7 1 1 -14 -8 11 -1 -15 0 16 5 -10 1 17 15 10 13 5 -15 -31 -23 -8 4 -1 29 39 9 -17 -19 -1 -22 -24 -13 4 -8 -2 4 14 -2 -4 -26 -28 -40 -31 -18 -12 -20 -31 -57 -64 -67 -59 -30 -1 45 99 145 171 170 148 120 80 46 28 30 26 14 -27 -94 -145 -155 -136 -86 -43 13 47 35 -9 -47 -72 -77 -75 -52 -13 28 57 60 36 12 2 0 1 26 59 86 91 58 12 -37 -79 -80 -56 -21 20 43 56 41 4 -28 -45 -49 -46 -26 0 12 10 0 -13 -27 -42 -31 -12 15 37 41 35 23 -6 -20 -27 -28 -9 8 25 34 31 22 10 2 2 1 6 7 6 0 0 4 3 2 1 -10 -9 -10 -18 -21 -29 -23 -22 -27 -27 -34 -38 -34 -20 -2 26 66 95 109 101 89 100 105 95 74 43 11 -36 -103 -147 -163 -146 -108 -80 -66 -51 -40 -40 -50 -41 -21 15 54 70 56 12 -23 -41 -48 -22 29 83 119 114 85 58 22 -8 -12 -4 20 47 38 6 -25 -48 -70 -80 -68 -26 22 59 71 51 15 -37 -90 -102 -79 -42 13 56 64 52 24 -1 -14 -26 -26 -9 8 37 54 51 23 -4 -29 -37 -22 5 32 99 9654 305 3653
-26 -12 1 18 23 11 -4 -7 -3 4 8 2 9 7 -6 -4 -5 4 11 3 -3 -5 -11 0 8 15 20 10 -8 -12 -10 -11 -5 10 16 17 2 -5 3 -11 -13 -1 2 6 2 -4 -5 -18 -27 -34 -41 -45 -57 -76 -91 -98 -100 -78 -31 13 66 133 164 175 178 167 148 122 101 89 67 43 5 -48 -105 -151 -163 -132 -99 -61 -8 18 1 -33 -62 -81 -85 -74 -45 0 29 40 44 44 48 49 53 74 76 71 62 37 7 -53 -38 -73 -57 -64 10 -7 21 -14 -1 -61 -45 -58 -6 -4 15 -9 2 -24 -14 -17 -13 -15 -6 10 35 35 39 29 11 -7 -23 -37 -35 -9 13 14 8 -21 -16 1 5 6 2 -9 -10 -19 -1 26 47 49 34 8 -2 -1 -9 -11 -6 -11 -21 -28 -39 -50 -61 -58 -38 -27 -8 24 48 84 115 134 142 140 128 119 103 62 9 -42 -84 -115 -140 -142 -132 -123 -108 -94 -87 -77 -54 -39 -9 16 33 44 29 3 -13 -29 -21 16 67 106 127 133 124 90 32 -12 -25 -20 -3 12 16 20 -3 -41 -64 -75 -55 -25 -3 19 23 9 -15 -18 -78 -51 -46 -1 -16 52 37 63 10 20 -3 27 16 53 27 44 21 14 -20 -37 -39 -12 -1 8 3 117 11415 305 3653
-17 3 -1 -1 7 5 -3 -25 -40 -38 -26 2 41 49 31 10 -2 -6 -11 -21 -23 -13 -6 5 27 39 34 24 -9 -24 -27 -19 3 16 21 15 -12 -33 -35 -27 -9 13 18 14 6 -3 -1 14 15 0 -33 -57 -65 -72 -84 -89 -91 -82 -56 -19 26 104 107 176 185 188 135 142 104 99 62 79 51 24 -42 -70 -121 -145 -149 -110 -63 -22 0 10 -18 -60 -87 -108 -99 -60 -11 36 62 63 52 33 9 0 18 49 78 87 64 36 -3 -31 -42 -44 -30 -9 6 14 2 -8 -11 -26 -41 -50 -50 -44 -36 -29 -18 -6 -8 -11 -4 -2 7 16 16 16 13 7 10 0 -13 -8 4 26 42 44 37 22 3 -9 -27 -39 -34 -18 -4 11 20 28 30 10 -5 -4 -11 -12 -6 -8 -6 -13 -31 -40 -50 -52 -45 -49 -45 -29 7 59 119 156 164 160 152 135 98 58 41 4 -57 -90 -110 -124 -129 -128 -108 -96 -105 -108 -104 -85 -53 -11 21 30 28 16 7 -11 -32 -26 -8 33 93 141 167 153 102 46 -11 -33 -15 5 21 25 13 -5 -30 -66 -80 -52 -16 3 12 -2 -17 -32 -51 -56 -56 -31 -3 2 15 46 58 52 34 15 6 3 4 9 21 26 26 19 0 -8 0 11 20 125 1976 305 3653
0 1 2 3 -1 5 13 10 1 -2 -1 0 0 -5 -8 -1 2 5 -2 -10 -5 -7 -13 -11 1 12 11 7 11 13 8 18 20 7 -4 -12 -19 -27 -24 -10 12 33 43 27 -14 -8 6 -33 -49 -25 -18 -26 -35 -41 -44 -71 -104 -98 -77 -45 17 98 158 176 159 146 136 113 87 66 43 42 41 17 -12 -54 -95 -127 -147 -133 -92 -33 29 46 9 -50 -102 -125 -118 -76 -9 56 85 77 48 14 2 16 30 42 58 66 68 45 4 -29 -56 -64 -49 -28 -4 22 42 41 6 -33 -56 -55 -44 -32 -10 9 20 5 -17 -21 -28 -22 -7 4 16 33 38 30 11 -10 -17 -17 -13 2 19 34 43 36 13 -3 -12 -18 -11 -5 3 11 7 6 -2 -9 -4 -4 -8 -12 -17 -13 -19 -35 -39 -38 -41 -44 -32 -27 -32 -9 39 59 72 109 138 130 122 126 102 73 36 -8 -48 -101 -136 -138 -131 -119 -100 -82 -61 -57 -70 -83 -73 -44 -7 36 58 59 42 11 -14 -26 -17 31 80 136 161 138 105 57 -8 -56 -53 -26 11 32 15 -19 -42 -59 -63 -53 -32 14 41 37 14 -25 -46 -60 -73 -54 -19 17 55 78 81 58 24 -10 -24 -16 10 45 61 48 28 4 -18 -25 -36 -37 -26 125 10358 305 3653
12 0 0 2 -9 -14 -25 -32 -26 -19 0 21 32 19 7 5 -23 -42 -47 -39 -24 -9 4 22 22 32 51 49 28 1 -6 -3 -4 8 15 8 -12 -29 -24 -10 3 4 -9 -9 -6 5 9 6 7 -11 -37 -52 -64 -73 -83 -94 -85 -76 -66 -30 26 88 141 169 171 152 125 107 111 112 96 76 32 -15 -96 -105 -157 -142 -146 -61 -50 17 13 33 -39 -57 -116 -89 -88 -26 18 76 69 65 29 -5 -31 -10 25 66 81 83 78 33 -22 -51 -63 -48 -23 5 36 38 12 -8 -24 -38 -41 -34 -27 -21 -11 -8 -2 -10 -12 -17 -24 -17 10 30 52 43 22 -3 -29 -51 -47 -23 11 36 52 69 62 19 -3 -10 -23 -26 -24 -28 -17 -3 18 30 15 -1 -12 -27 -36 -28 -4 21 16 -14 -38 -52 -56 -57 -59 -56 -19 22 67 111 136 142 131 110 94 77 67 74 59 13 -52 -114 -150 -161 -155 -124 -89 -71 -78 -88 -85 -53 -15 19 55 59 41 22 32 -37 -22 -23 44 56 124 123 159 91 72 -13 -30 -77 -33 -17 33 32 26 -20 -56 -90 -75 -60 -33 13 39 46 14 -19 -43 -59 -64 -45 -10 30 44 42 42 21 1 0 6 11 28 42 37 31 22 5 -6 -21 -27 -2 7 127 4050 305 3653
-9 -8 -24 -8 20 20 8 8 19 14 8 9 11 7 -23 -23 -10 -17 -9 12 23 31 13 0 7 3 -9 -19 -27 -22 -21 -16 1 14 11 0 -10 -31 -32 -7 19 43 41 22 14 -13 -20 -16 -22 -33 -53 -63 -56 -48 -48 -58 -77 -94 -89 -49 12 76 137 178 185 161 135 128 105 96 96 80 53 -4 -63 -100 -123 -128 -110 -82 -48 -10 12 2 -28 -64 -95 -97 -76 -43 -1 38 60 61 38 14 -2 0 21 46 73 81 66 39 0 -43 -54 -41 -20 -1 11 12 17 13 -5 -27 -48 -54 -42 -35 -21 -7 -11 -9 -14 -18 -11 -6 6 11 12 13 11 10 4 -3 -10 -18 -10 1 16 23 24 29 28 18 7 -15 -16 -4 -1 8 16 15 10 -6 -8 -12 -12 -12 -15 -19 -22 -32 -55 -71 -62 -52 -36 -10 5 28 50 75 94 94 105 134 152 153 136 109 69 11 -50 -95 -123 -143 -145 -127 -115 -102 -88 -85 -80 -80 -60 -22 -3 3 -2 -17 -14 -9 -2 21 51 90 125 131 117 100 69 26 5 -7 -10 10 28 39 36 -8 -54 -85 -98 -68 -23 15 33 18 -2 -23 -50 -66 -75 -66 -37 4 39 63 77 56 23 -5 -21 -5 15 32 52 46 29 8 -13 -12 2 11 15 127 12603 305 3653
23 72 48 69 53 39 -8 -16 -27 -13 -23 4 10 4 -23 -41 -41 -15 3 8 2 -5 -7 -9 3 15 23 4 -20 -32 -19 -3 8 12 17 8 -3 -8 -11 4 10 6 10 2 -11 -14 -15 -6 -13 -30 -46 -57 -73 -81 -87 -85 -74 -45 -9 42 93 129 159 171 163 143 113 92 88 77 56 23 -12 -52 -102 -138 -143 -118 -69 -18 14 18 6 -24 -66 -95 -106 -84 -39 11 56 76 62 38 8 -13 -10 16 54 81 83 64 27 -8 -36 -50 -47 -23 12 40 53 38 3 -36 -65 -77 -68 -36 12 46 27 -10 -39 -64 -78 -69 -39 -3 25 52 64 55 32 12 -10 -34 -37 -9 31 57 43 20 -5 -24 -28 -26 -18 -9 -5 8 25 38 41 30 15 -12 -36 -48 -46 -28 -17 -17 -36 -53 -53 -60 -59 -39 -15 9 27 41 85 129 160 161 149 131 112 91 59 21 -18 -63 -102 -128 -150 -151 -142 -107 -79 -75 -68 -60 -56 -37 -13 8 35 43 34 2 -28 -36 -18 25 70 110 145 155 136 80 19 -29 -54 -36 -4 24 47 40 5 -49 -98 -104 -78 -40 3 36 44 16 -27 -63 -83 -78 -55 -11 37 61 73 64 45 25 0 -1 11 29 47 42 28 13 -11 -24 -37 -36 -23 -4 9 129 5978 305 3653
6 11 11 4 -3 -4 -13 -7 4 11 10 -4 -16 -18 -14 -2 6 14 17 7 -1 -4 -8 -6 9 13 2 -3 -3 -4 -5 -3 5 2 1 6 2 -10 -8 4 4 -4 -9 -8 -8 -14 -19 -18 -10 -9 -17 -34 -46 -50 -61 -86 -104 -101 -62 -8 56 113 150 178 183 159 126 95 77 74 80 72 36 -10 -56 -115 -157 -163 -117 -69 -35 -18 -23 -27 -37 -65 -70 -89 -20 2 27 15 70 25 24 -2 37 19 58 66 116 93 69 8 -15 -69 -65 -45 -3 14 16 7 2 -19 -37 -60 -79 -77 -53 -17 10 10 2 -16 -36 -41 -16 11 43 55 49 31 22 5 -1 -4 -1 6 3 -9 -5 -3 -13 -7 3 -5 -19 -16 -17 -17 -7 2 -1 -2 4 11 9 5 2 -5 -14 -18 -12 -9 -17 -23 -31 -44 -37 -31 -19 12 48 92 120 126 123 118 111 101 85 61 17 -24 -73 -105 -123 -135 -124 -114 -108 -87 -71 -56 -52 -48 -24 7 32 50 56 39 1 -18 -10 13 45 75 100 115 107 82 42 13 -7 8 -30 1 15 46 -28 -29 -71 -68 -102 -54 -34 30 26 37 -17 -41 -83 -59 -33 6 27 49 45 48 42 25 3 -18 -17 9 33 57 65 57 24 -21 -56 -57 -32 -6 6 137 13169 305 3653
-15 -8 -10 -21 -14 -3 0 2 -2 -5 0 8 13 17 26 31 30 14 0 -6 -18 -9 3 -4 -4 -9 -13 -6 -10 -5 7 14 15 4 -9 -9 -6 -1 3 7 14 12 14 9 15 7 -1 -3 -14 -28 -39 -57 -66 -72 -83 -85 -92 -81 -52 -7 51 109 150 176 177 152 120 98 82 57 35 10 -10 -40 -81 -110 -124 -104 -63 -37 -3 17 12 6 -31 -66 -72 -72 -68 -12 21 56 59 55 -7 -42 -69 -30 16 78 100 115 68 26 -49 -86 -84 -57 -25 23 60 77 54 25 -3 -32 -53 -59 -40 -20 0 15 22 13 -13 -39 -40 -20 -1 6 12 16 4 -16 -20 -28 -21 -3 9 7 16 25 27 21 13 0 5 10 9 18 24 25 7 -7 0 -5 -12 -6 -2 -4 -26 -47 -52 -52 -46 -41 -41 -39 -45 -37 -17 26 64 94 117 123 117 119 113 106 98 66 24 -31 -87 -122 -136 -134 -115 -94 -76 -70 -71 -68 -61 -37 -18 8 28 35 30 6 -17 -30 -38 -18 20 78 122 134 125 91 45 0 -41 -44 -7 14 57 57 43 -19 -66 -113 -107 -82 -11 36 89 75 43 -19 -66 -101 -97 -77 -13 40 72 72 56 22 -15 -38 -38 -24 3 36 64 67 44 20 -15 -24 -10 -3 5 139 6640 305 3653
-8 4 2 4 8 0 0 3 -5 2 0 -1 -6 -16 -12 0 7 7 6 8 1 -4 -10 -10 -6 -10 0 10 4 1 -8 -12 -4 -4 4 11 7 11 7 -5 -17 -23 -39 1 -1 -7 -6 0 -23 -28 -29 -27 -35 -51 -51 -67 -86 -93 -72 -46 29 84 139 175 206 196 166 133 123 107 75 41 16 -25 -71 -109 -136 -128 -105 -78 -52 -46 -37 -21 -24 -35 -54 -69 -64 -45 -17 20 23 24 23 39 58 73 69 71 59 41 9 -13 -39 -36 -23 -33 -37 -32 -20 2 12 18 14 -5 -28 -45 -43 -16 10 8 -4 -23 -37 -36 -29 -24 -1 19 20 19 10 1 4 -4 -3 1 -9 -8 3 18 22 23 28 30 18 5 1 3 0 5 2 0 3 -6 -3 -3 -12 -16 -17 -13 -15 -34 -39 -36 -43 -47 -49 -44 3 13 60 95 118 127 151 157 149 148 124 81 32 -20 -73 -98 -138 -144 -155 -146 -132 -119 -119 -97 -84 -58 -29 -1 23 41 40 20 -2 -26 -25 4 43 86 115 120 121 109 76 36 0 -11 0 -5 -10 -17 -23 -38 -46 -46 -34 -15 9 15 11 -16 -28 -36 -45 -39 -32 -13 12 13 24 29 23 16 -5 -21 -19 1 32 60 66 61 41 18 -19 -47 -37 -16 -1 144 10764 305 3653
-13 18 37 47 32 2 -2 -8 -32 -42 -37 -13 0 2 20 12 0 -22 -22 -26 -16 2 22 40 27 -11 -16 -13 -8 -3 -14 -26 -16 2 21 30 28 28 9 -24 -46 -43 -26 6 25 11 -9 -27 -37 -37 -45 -45 -42 -56 -63 -68 -64 -20 39 87 123 136 152 170 162 135 102 80 69 62 38 7 -27 -75 -126 -160 -178 -152 -100 -48 0 17 9 -18 -65 -98 -102 -81 -27 27 66 82 76 55 47 -10 -1 9 69 54 103 69 59 -8 -23 -72 -50 -73 -17 -7 25 9 6 -27 -37 -71 -58 -39 -17 -12 -1 -4 -10 -14 -17 -5 13 10 18 24 18 20 20 19 22 3 -8 -17 -23 -9 18 28 11 7 -4 -12 -27 -25 -8 18 30 34 26 25 13 -15 -43 -51 -45 -20 -6 3 15 10 -6 -24 -55 -72 -53 -15 34 72 94 116 123 112 100 98 95 90 67 18 -33 -78 -107 -119 -123 -111 -92 -83 -80 -96 -105 -90 -77 -59 -6 51 90 99 78 29 -16 -50 -45 4 67 136 185 181 140 64 -3 -36 -52 -44 -26 -12 3 6 -13 -41 -70 -93 -99 -75 -37 12 47 44 17 -26 -58 -52 -40 -6 34 55 65 47 14 -7 -10 13 23 23 20 24 20 2 -10 -12 -11 -7 -9 -2 13 150 6793 305 3653
-38 -9 22 54 68 47 19 -32 -77 -75 -51 -10 26 34 27 -3 -32 -50 -48 -25 3 29 35 28 19 17 27 27 18 24 20 20 19 -4 -14 -13 -16 -9 -4 -1 -2 -11 -12 -11 -14 -29 -34 -37 -33 -19 -22 -30 -26 -32 -23 -17 -25 -21 -17 11 68 107 155 187 159 88 14 -48 -82 -75 -37 9 51 52 32 -2 -64 -91 -71 -25 19 19 -11 -54 -120 -150 -125 -71 -5 32 37 12 -42 -80 -75 -30 28 75 93 74 32 -16 -32 -16 18 65 100 105 95 54 11 -4 -3 16 23 3 -10 -23 -35 -43 -30 -3 25 35 1 -32 -48 -58 -37 -11 16 48 53 45 -12 -17 -40 -24 -4 44 37 52 39 24 -22 -34 -32 -17 -22 -28 -41 -39 -31 -15 4 3 17 20 -1 -16 -31 -28 -19 -12 16 44 44 48 41 39 28 13 -1 6 16 26 34 27 0 -13 -32 -28 -12 -19 -33 -38 -44 -33 -24 -13 5 5 -4 -7 -9 -4 1 4 12 16 7 5 11 8 7 16 11 15 8 1 3 7 3 0 -20 -21 -21 -28 -26 -33 -37 -27 -21 -18 -15 -3 0 5 19 24 29 30 29 37 31 24 14 1 3 -2 -6 0 -10 -11 -8 -11 -9 -5 -2 0 -5 -7 -1 -6 -17 -8 3 156 641 305 3653
11 19 7 -6 -16 -9 -1 -2 1 15 9 1 0 -9 -13 0 0 7 21 6 8 2 -7 1 3 -5 7 5 1 0 -9 -9 -2 2 1 0 -6 -23 -23 -29 -43 -76 -106 -106 -102 -78 -24 30 91 136 140 152 152 144 129 118 123 128 115 105 73 -1 -103 -177 -216 -213 -168 -102 -24 22 4 -37 -79 -101 -92 -82 -61 -14 29 57 98 73 45 41 34 11 13 46 96 111 78 38 -8 -58 -79 -76 -67 -26 0 16 3 -15 -28 -8 -17 -28 -36 -28 -14 -9 2 0 -14 -32 -30 -26 -18 6 26 39 45 21 2 -20 -27 -14 -2 5 20 19 20 10 13 3 1 0 6 7 11 15 17 11 15 3 -7 -15 -27 -36 -28 -27 -26 -16 -20 -31 -52 -59 -55 -51 -29 15 55 86 108 130 138 147 143 133 120 80 40 -7 -50 -77 -113 -138 -140 -152 -157 -148 -139 -121 -101 -66 -11 34 62 67 61 37 8 -10 -21 5 48 97 139 140 118 95 53 13 -19 -30 -9 7 7 19 -18 -25 -39 -74 -101 -79 -39 3 39 47 35 20 -2 -42 -73 -68 -4 5 -1 -2 5 11 23 24 32 34 24 28 21 11 12 13 -10 -12 -10 0 9 21 34 48 20 -16 -26 -35 -24 -10 -15 3 -6 160 6583 305 3653
10 -14 -31 -32 -25 -15 5 7 17 21 -5 -21 -38 -45 -23 1 26 50 39 17 -9 -29 -19 -6 -10 -14 -2 10 19 24 14 11 3 -25 -45 -52 -41 -23 -27 -29 -46 -105 -95 -101 -72 -43 54 81 136 123 147 121 143 114 125 93 110 96 77 13 -33 -104 -138 -171 -174 -132 -74 -22 16 15 -10 -48 -94 -109 -90 -39 18 61 77 78 54 11 -2 3 26 67 96 119 113 75 16 -30 -74 -83 -78 -51 -9 16 15 9 -11 -34 -57 -67 -50 -14 16 22 22 5 -17 -31 -49 -55 -35 -20 20 46 47 41 34 25 12 -18 -32 -20 -15 -1 8 29 27 20 -1 -9 -11 -7 4 13 23 28 11 0 -5 -15 -15 -23 -26 -19 -19 -21 -31 -52 -60 -49 -38 -24 -1 28 52 70 75 85 106 121 138 138 123 98 49 22 -46 -82 -114 -100 -153 -139 -159 -131 -133 -77 -82 -39 -30 26 43 63 40 51 17 -8 -31 -26 9 56 94 142 153 120 65 6 -24 -18 -1 25 36 28 11 -24 -69 -99 -111 -114 -71 -19 30 63 65 20 -14 -63 -83 -64 -25 15 44 45 49 41 8 -15 -11 3 22 44 53 55 41 19 6 -21 -45 -39 -29 -1 17 14 17 9 -6 -12 -25 -29 -32 -34 -24 -9 1 165 12156 305 3653
-2 -21 -20 -1 1 2 10 6 8 13 8 2 6 3 4 3 -5 -5 -5 -10 -5 -3 -6 -8 -4 5 5 0 6 9 -3 -2 -7 27 -14 -5 -32 -16 -80 -56 -79 -57 -92 -55 -60 -6 13 77 97 132 129 142 113 107 106 97 99 106 85 47 -18 -94 -154 -184 -189 -151 -89 -29 18 26 -10 -49 -94 -107 -80 -36 30 89 99 84 44 -1 -21 -32 -11 24 63 87 107 87 43 2 -26 -50 -47 -37 -12 -2 -11 -11 -26 -52 -52 -42 -23 -14 -14 -5 2 -5 2 9 5 -11 -22 -26 -11 13 30 27 4 -13 -2 0 7 25 21 20 11 -12 -14 -17 -22 -12 -7 1 11 16 19 28 22 14 1 -21 -39 -34 -21 -2 3 -12 -22 -28 -29 -33 -46 -39 -11 8 42 74 91 107 115 111 110 98 78 62 45 13 -17 -50 -87 -100 -110 -115 -104 -107 -110 -108 -109 -89 -58 -17 37 76 93 80 43 -1 -34 -44 -21 32 86 126 141 113 67 14 -38 -54 -36 5 54 63 42 1 -56 -94 -112 -108 -71 -19 27 59 56 23 -10 -40 -58 -49 -25 12 46 49 46 33 3 -24 -38 -37 -12 21 42 54 40 22 15 2 -10 -14 -15 -2 8 3 -7 -10 -14 -15 -21 -21 -6 1 2 3 -2 170 9088 305 3653
5 15 21 18 -2 -3 10 -9 -22 -4 -7 -24 -20 7 24 9 -19 -19 5 -1 -4 17 15 6 8 5 0 -9 -11 6 6 -2 0 1 -2 -7 -11 -13 -9 0 4 8 1 4 -1 -14 -20 -15 -22 -29 -34 -40 -57 -68 -78 -76 -75 -51 -10 14 84 122 168 177 207 160 147 111 129 89 69 12 -1 -88 -132 -171 -159 -151 -103 -88 -55 -52 -45 -34 -27 -28 -41 -58 -36 11 46 63 53 20 0 13 26 61 101 117 113 63 -3 -37 -58 -56 -33 -26 -10 -7 -12 -18 -28 -42 -35 -32 -31 -18 8 24 34 11 -18 -29 -37 -32 -17 -16 2 25 29 31 18 12 14 -5 -18 -25 -18 0 21 22 12 10 1 -7 1 13 29 29 19 28 24 11 10 -5 -18 -30 -48 -45 -37 -40 -37 -38 -44 -45 -38 -35 -19 1 19 47 77 99 127 128 135 150 132 105 76 34 -2 -42 -74 -107 -141 -132 -152 -152 -149 -122 -137 -85 -63 -13 -9 54 65 91 49 34 4 -2 -21 23 48 98 116 115 108 83 39 6 -11 -6 17 14 1 -32 -59 -82 -96 -105 -71 -10 17 31 36 12 -7 -18 -34 -16 -12 16 34 39 24 17 -2 -15 -42 -52 -31 19 49 67 72 62 40 0 -44 -50 -39 -26 -4 176 7317 305 3653
4 -7 -10 -3 -5 -1 9 10 -1 -13 -19 -4 8 12 22 15 2 0 -4 -10 -8 -6 3 5 -6 -6 7 -10 17 -11 -8 -3 8 -18 -1 -4 9 2 -1 -4 5 -2 7 2 -8 2 16 4 -18 -26 -36 -42 -41 -44 -61 -89 -99 -88 -55 -6 51 104 156 170 155 133 112 98 86 70 88 81 59 21 -41 -106 -165 -205 -204 -147 -79 -9 45 50 11 -38 -102 -113 -67 -23 24 65 87 82 43 14 1 -2 23 42 62 83 82 51 9 -25 -64 -77 -68 -52 -7 28 28 9 -33 -58 -57 -43 -3 8 10 28 22 2 4 -17 -34 -27 -8 8 15 15 24 46 36 4 -9 -29 -33 -16 7 33 39 21 17 -3 -22 -15 -17 -15 1 16 37 42 17 21 -14 -7 -36 -41 -52 -17 -12 -10 -24 -27 -46 -49 -55 -44 -18 10 53 82 100 115 120 115 112 101 90 66 36 -4 -40 -68 -96 -111 -123 -120 -115 -125 -114 -104 -92 -67 -46 5 56 81 89 72 38 -5 -42 -47 -11 36 85 131 155 119 76 14 -29 -37 -38 -20 26 35 23 -8 -56 -95 -103 -95 -64 -9 31 51 52 35 11 -24 -50 -50 -20 18 46 46 38 5 -39 -49 -29 -5 18 53 72 74 42 12 -41 -61 -49 -27 0 180 3036 305 3653
17 2 29 33 47 11 -37 -79 -92 -54 -2 14 17 26 24 -7 -50 -59 -37 -10 11 31 41 41 34 16 13 12 8 8 16 17 28 40 39 12 -9 -8 9 4 -12 -32 -43 -44 -42 -29 -6 2 -11 -27 -45 -55 -44 -35 -30 -19 -26 -32 -23 -3 47 95 139 177 156 92 34 -2 -20 -24 -17 3 26 23 -8 -41 -77 -94 -71 -32 25 55 34 -12 -78 -126 -124 -103 -67 -18 5 -4 -33 -58 -53 -15 38 87 106 88 51 10 -17 -10 19 50 77 70 42 12 -15 -16 5 29 46 54 47 14 -34 -50 -32 -23 -21 -17 -18 -24 -36 -42 -21 14 36 47 39 -1 -33 -44 -33 -13 0 35 68 51 24 5 -15 -32 -43 -25 7 24 25 18 1 -30 -54 -69 -66 -39 -10 19 37 15 1 2 3 22 34 31 17 -15 -22 1 27 46 45 26 6 -17 -36 -32 -8 5 12 3 -17 -22 -29 -24 -6 -9 -15 -23 -30 -14 6 17 35 27 2 -14 -14 -4 12 13 10 14 12 6 -1 -12 -8 2 -8 -11 -10 -21 -13 -10 -13 0 -4 -15 -16 -9 3 3 -1 2 4 9 12 17 20 24 18 6 0 -10 -12 5 4 3 21 12 -6 -10 -10 -3 -6 -1 8 -7 -15 -8 2 4 -5 184 15899 305 3653
2 -3 -13 -22 -20 -11 5 10 1 8 4 -10 -13 -19 -8 13 7 3 7 12 15 15 5 7 -7 -16 -8 6 22 36 48 62 64 56 45 33 10 5 1 -10 -23 -51 -77 -77 -95 -119 -133 -141 -150 -152 -133 -72 -14 27 68 79 78 62 36 14 22 68 136 195 207 170 92 -12 -93 -129 -116 -39 41 80 72 7 -63 -109 -139 -127 -79 -29 14 24 8 -10 -13 -19 -17 -5 14 56 78 68 52 24 6 10 10 27 47 55 49 17 -5 -12 -24 -24 -8 10 14 6 2 -6 -11 -18 -20 -20 -17 -1 16 20 26 9 -6 -6 -18 -17 -12 -18 -16 -7 2 9 12 10 11 7 -2 0 7 15 20 19 29 46 41 31 23 2 -14 -32 -50 -56 -58 -64 -73 -90 -98 -99 -100 -95 -73 -38 12 56 78 92 101 98 100 99 107 132 128 77 36 2 -15 -13 -3 12 6 -9 -41 -97 -160 -176 -144 -82 -17 39 68 56 -13 -102 -146 -134 -70 15 89 143 147 99 36 -35 -61 -32 7 44 59 50 31 7 -18 -32 -28 -5 27 30 4 -15 -31 -60 -63 -56 -31 11 26 31 26 -6 -39 -51 -42 -19 9 35 49 37 8 -5 -5 -6 -6 -9 -4 15 27 38 46 39 17 -15 -39 -32 -16 189 14175 305 3653
-8 3 3 -7 -5 1 -4 -8 1 -15 34 12 12 -30 3 -20 2 -19 28 -7 11 -17 2 -17 3 -8 13 -3 12 9 8 5 6 -10 -18 -17 -18 -26 -34 -47 -57 -68 -77 -74 -61 -31 20 54 82 116 122 124 129 126 127 124 119 120 91 39 -28 -89 -146 -174 -170 -126 -63 -9 6 6 -20 -44 -72 -91 -76 -37 -4 44 70 73 49 5 -16 -25 -19 24 83 126 125 86 16 -42 -69 -87 -77 -59 -37 -6 12 23 26 10 -7 -21 -41 -41 -22 -4 9 4 -17 -35 -50 -56 -52 -36 -9 18 27 32 43 37 35 27 -1 -13 -12 2 22 15 2 11 4 -12 -17 -15 -5 45 23 49 37 38 -22 1 -36 -9 -38 -8 -31 -19 -57 -30 -56 -41 -42 -26 -26 -4 14 49 73 102 130 136 122 119 113 93 70 36 -10 -49 -84 -99 -111 -132 -140 -143 -148 -129 -117 -93 -52 -16 19 51 74 74 63 35 15 6 6 24 63 89 113 105 81 53 6 -30 -20 -15 4 18 9 -12 -41 -79 -104 -98 -64 -10 37 60 71 49 19 -14 -57 -69 -45 -22 9 21 31 40 31 8 -4 -12 -3 23 31 41 44 35 27 10 -18 -32 -28 -27 -21 -12 -6 5 13 29 27 -3 -11 -4 -16 -40 -53 195 3638 305 3653
-25 -4 7 10 19 22 12 -1 -17 -23 -17 -4 22 43 40 17 2 -3 -10 -9 -17 -23 -13 -3 24 40 24 15 13 -7 -24 -22 -10 -5 -12 -6 -28 -60 -81 -56 -62 -68 -71 -66 -60 -34 10 82 135 157 155 137 122 124 121 122 118 107 80 33 -28 -97 -146 -178 -173 -140 -95 -44 -18 -18 -23 -49 -74 -80 -67 -19 29 56 75 57 18 -2 -6 4 31 60 79 94 92 60 26 -15 -46 -56 -47 -28 -14 -1 10 0 -30 -50 -64 -53 -22 -15 1 7 10 -1 -10 -36 -33 -24 -23 -20 2 13 29 29 18 5 -11 -17 -5 1 11 28 17 2 14 4 -24 -29 -13 1 -1 -4 18 45 40 20 10 4 -9 -22 -33 -44 -58 -40 -61 -17 -42 -27 -31 14 -41 7 13 71 76 141 130 158 132 130 103 72 32 23 -31 -93 -136 -161 -146 -117 -113 -109 -105 -106 -96 -94 -86 -31 24 54 84 113 93 52 5 0 20 43 72 111 127 131 95 45 0 -34 -48 -16 24 38 4 -47 -86 -107 -111 -80 -40 -5 19 27 14 8 -12 -32 -24 -16 -15 7 42 56 48 29 14 -14 -31 -11 8 29 49 62 41 21 8 2 -17 -26 -20 -4 4 16 20 8 -1 -19 -46 -43 -33 -18 -1 -4 3 200 9523 305 3653
10 -22 -36 -33 -31 -18 -14 10 32 22 23 20 7 -1 -7 -2 7 13 22 30 12 -17 -27 -12 1 0 -11 -18 -12 -21 -14 4 15 21 5 -13 -10 -15 -11 2 8 11 8 6 7 5 -6 -14 -20 -32 -45 -57 -69 -60 -62 -39 -86 -46 -22 39 29 113 133 173 139 146 100 118 94 107 77 59 8 -43 -123 -167 -175 -144 -103 -59 -28 10 16 -21 -55 -81 -93 -68 -33 21 61 75 68 42 7 -11 -6 26 64 91 91 92 46 -9 -48 -68 -80 -57 -38 -14 15 27 29 17 -15 -35 -40 -23 -7 -14 -21 -22 -24 -17 -7 6 12 10 1 9 19 7 4 8 -5 -14 -22 -18 -14 -13 -4 7 -4 -7 3 17 35 27 4 -3 6 16 23 16 -5 -10 -17 -14 3 9 15 16 -7 -29 -53 -73 -63 -52 -44 -28 -8 22 53 67 88 113 121 123 117 103 102 83 33 -15 -62 -109 -129 -138 -142 -125 -114 -106 -92 -86 -66 -37 -6 44 84 88 59 13 -25 -41 -34 -6 47 96 129 141 120 72 21 -20 -25 -8 10 34 37 12 -23 -63 -85 -83 -78 -44 4 47 69 39 5 -20 -44 -62 -60 -48 -29 10 34 42 34 4 -15 -12 -11 4 32 50 50 34 21 10 -8 -24 -21 -9 13 206 6673 305 3653
-7 9 4 20 2 7 -7 -6 -3 3 5 3 -7 -10 1 9 10 10 5 -5 -4 -12 -5 12 9 6 1 1 9 0 -6 -5 -3 -2 1 -8 -3 1 9 9 -1 -22 -18 -6 2 10 9 -12 -16 -30 -47 -45 -43 -32 -34 -62 -75 -65 -36 9 59 114 165 184 160 120 94 77 76 63 43 52 42 -27 -92 -130 -152 -167 -158 -101 -32 17 45 44 18 -44 -99 -97 -45 14 51 67 56 30 7 -8 -7 14 37 64 78 73 52 15 -15 -47 -81 -82 -59 -19 24 31 15 -8 -37 -63 -65 -34 14 50 48 27 7 -13 -23 -35 -49 -26 3 18 41 41 22 10 1 -11 -25 -37 -34 -19 -10 2 10 12 10 2 -15 -14 0 11 21 21 26 39 28 1 -11 -20 -20 -23 -32 -26 -27 -27 -16 -13 -19 -29 -41 -38 -16 17 59 104 123 126 118 98 90 90 76 57 17 -30 -61 -104 -130 -126 -121 -110 -111 -113 -100 -87 -70 -38 -13 22 82 100 66 46 15 -35 -47 -25 24 78 107 141 151 101 27 -27 -45 -28 -15 1 22 17 -16 -48 -76 -95 -77 -41 2 45 56 57 46 6 -29 -49 -46 -18 2 25 40 31 13 -17 -54 -61 -28 15 49 62 63 58 28 -24 -63 -70 -54 -23 3 211 12281 305 3653
2 8 -2 -5 2 -1 -8 5 2 12 4 -13 -10 -11 -12 -18 4 22 27 -8 -33 -30 1 5 11 -6 12 18 3 -12 -9 -3 14 9 5 6 -2 -27 -17 -3 3 27 35 25 19 0 -10 -32 -60 -50 -43 -44 -41 -36 -40 -67 -95 -94 -57 -5 45 103 150 176 168 126 108 113 115 114 93 65 46 -4 -68 -116 -150 -153 -141 -123 -81 -34 -1 -5 -28 -51 -70 -82 -58 -8 15 35 48 34 14 5 1 37 67 80 80 69 52 35 -5 -16 4 2 -9 -25 -68 -124 -154 -159 -128 -84 -51 -4 32 29 24 1 -12 19 54 82 108 92 51 1 -32 -12 33 87 131 119 83 32 1 -7 4 44 77 98 55 -35 -109 -133 -110 -57 -25 26 39 36 -2 -52 -77 -55 -34 -16 -9 -20 -42 -76 -111 -97 -66 -35 -14 -8 -14 -1 9 41 92 129 139 124 93 76 51 6 -18 -28 -38 -61 -105 -136 -139 -133 -127 -110 -92 -59 -35 -32 -18 22 64 104 107 99 88 52 19 19 38 77 125 153 159 135 73 16 -16 -32 -27 -19 -8 -12 -51 -108 -136 -136 -102 -61 -40 -10 10 -8 -36 -47 -25 18 62 115 147 125 74 29 -13 -37 -35 -17 22 49 53 50 20 -30 -43 -31 4 46 32 -24 -85 216 360 305 3653
36 30 19 11 16 17 23 47 53 45 33 25 25 12 9 17 15 0 -19 -40 -27 2 34 28 -11 -57 -62 -32 -14 -4 -14 -39 -68 -93 -108 -50 2 66 87 92 113 136 101 45 -3 -38 -60 -60 -32 27 65 58 18 -51 -101 -79 -31 36 86 66 2 -84 -168 -173 -116 -45 9 25 18 -12 -46 -51 -15 24 60 84 56 14 -20 -46 -37 -16 7 48 65 71 54 17 -3 0 8 36 55 50 33 3 -25 -33 -29 -12 15 23 16 23 24 21 26 22 25 28 -2 -25 -30 -25 1 31 47 51 24 5 -2 -34 -50 -39 -13 6 23 10 -12 -28 -45 -48 -52 -56 -29 -2 10 23 5 -14 -13 -9 0 -1 -15 -19 -14 3 24 38 38 19 -15 -39 -23 18 51 58 15 -20 -31 -36 -22 4 20 23 -2 -30 -25 -4 26 35 10 -18 -33 -32 -8 17 18 3 -12 -29 -23 -7 9 39 43 23 -7 -40 -38 -16 -7 -1 1 -4 -8 -8 -15 -13 -8 -4 -10 -27 -17 -3 1 4 4 -18 -6 -6 10 10 42 32 33 8 16 6 1 -1 27 13 9 6 5 -18 -10 6 -2 -4 12 15 -2 -2 7 7 -3 -9 -4 17 22 7 13 14 5 2 -13 -26 -22 -6 13 20 -1 -8 -6 223 12107 305 3653
2 -6 7 12 12 3 0 -7 -2 -4 -6 -4 -11 -14 -1 5 1 1 -3 4 14 7 4 5 2 -1 -13 -17 -14 -12 -5 -6 0 12 33 33 39 26 4 -5 -15 -38 -39 -30 -15 -1 -1 1 12 -4 -15 -15 -24 -24 -2 36 92 96 63 12 -51 -120 -168 -189 -154 -86 -8 57 96 77 35 -1 -41 -34 18 76 134 140 81 12 -51 -62 -25 29 87 128 123 74 24 5 31 73 90 78 42 -24 -75 -102 -109 -67 -21 10 23 6 -24 -56 -75 -52 -25 -9 -6 -15 -29 -58 -68 -49 -29 5 22 29 -6 -18 -29 -21 -12 4 -6 -1 -24 -40 -54 -66 -65 -27 -2 22 33 23 9 -1 -10 -7 6 17 35 44 35 41 43 36 42 38 34 40 33 31 31 21 17 21 14 15 3 6 6 -3 -18 -20 -20 -19 -20 -20 -28 -39 -69 -80 -63 -46 -37 -51 -62 -38 5 67 119 151 157 124 43 -36 -86 -91 -60 -7 37 71 67 35 -13 -68 -91 -59 -3 56 86 54 0 -81 -145 -146 -105 -56 -5 -3 -39 -74 -85 -47 23 79 109 113 75 19 -39 -71 -45 -4 34 73 88 64 43 21 9 9 13 27 38 29 13 -5 -21 -23 -18 -4 11 10 -11 -23 -19 -2 24 47 61 57 11 225 15030 305 3653
16 9 0 -5 -14 2 17 16 19 17 1 0 -3 2 4 -11 -11 -4 -1 -4 -15 -16 -2 -3 -5 7 17 11 13 12 3 11 6 -10 -7 -11 -12 -19 -48 -56 -64 -78 -83 -75 -54 -20 27 68 106 122 135 146 133 117 103 89 92 91 70 26 -36 -109 -158 -188 -184 -150 -103 -49 -14 -1 -2 -12 -26 -29 -17 3 36 71 79 52 11 -24 -39 -47 -21 24 39 82 79 62 22 28 -22 -7 -27 -5 -24 -4 -24 -8 -37 -36 -53 -27 -11 22 12 24 34 26 10 -14 -45 -54 -59 -57 -28 -1 20 39 37 22 6 -5 -9 -10 -4 29 57 52 25 0 -17 -21 -29 -23 -21 -18 -6 31 36 28 10 5 1 -23 -54 -66 -50 -30 -38 -24 -13 -6 0 14 -2 -5 12 65 81 108 120 154 159 121 65 45 27 10 -40 -99 -123 -118 -136 -138 -136 -113 -106 -111 -119 -108 -68 4 73 116 120 111 67 22 -2 -13 -2 17 38 64 70 51 37 11 1 -11 -18 14 51 54 39 5 -38 -67 -75 -68 -42 -11 26 10 15 7 23 -30 -16 -33 -14 -27 3 -16 16 -12 -18 -41 -21 -22 7 20 58 73 67 56 57 34 12 -5 -19 -9 -2 -9 -4 -3 -2 -4 -16 -30 -42 -38 -17 3 13 231 9921 305 3653
-6 -4 -11 -19 -11 -11 -2 4 11 16 12 -6 -3 -5 -5 1 1 6 18 10 3 2 -5 0 -2 -3 -2 -5 -9 6 10 4 1 -10 -28 -35 -31 -28 -30 -50 -54 -57 -60 -56 -51 -27 18 47 79 112 123 120 113 104 95 88 92 99 84 37 -16 -80 -143 -174 -181 -155 -89 -32 9 28 9 -16 -50 -79 -72 -27 34 88 103 90 47 -6 -59 -87 -89 -36 37 90 107 107 69 21 -22 -60 -59 -42 -9 31 48 36 11 -18 -46 -73 -59 -8 29 25 6 -11 -23 -34 -45 -38 -11 6 15 16 -11 -17 -17 -26 -20 10 44 56 34 21 26 8 -20 -17 -2 6 11 17 17 3 -1 3 10 1 3 -6 -29 -30 -22 -27 -12 -15 -16 -27 -49 -59 -50 -36 -5 27 58 81 88 85 102 119 116 114 93 63 41 1 -34 -49 -83 -104 -113 -126 -121 -116 -111 -98 -95 -90 -60 -17 27 75 109 111 80 22 -26 -41 -28 14 56 87 107 93 51 9 -31 -49 -36 -12 31 68 70 37 -2 -54 -93 -112 -92 -38 22 63 85 59 12 -28 -61 -61 -38 -17 19 43 32 16 -22 -45 -49 -31 -9 24 48 59 53 28 5 -7 -3 26 43 31 23 17 -1 -24 -44 -45 -20 -29 -29 -12 -4 -10 -27 235 14119 305 3653
7 15 15 12 7 16 9 4 -4 -15 -5 6 11 8 -4 -14 -12 -13 -12 -6 0 4 14 13 5 -5 -21 -26 -24 -20 5 12 14 23 15 11 3 -20 -22 -8 2 8 21 33 27 -5 -39 -49 -46 -69 -91 -101 -94 -104 -73 -34 24 44 86 98 121 127 163 179 189 154 132 96 62 13 -33 -95 -138 -154 -136 -84 -41 -10 16 4 -38 -71 -96 -95 -63 -36 -9 10 19 24 11 -10 -3 25 48 58 60 77 87 61 10 -28 -55 -56 -38 -9 19 38 25 10 -11 -28 -30 -30 -23 -13 -16 -18 -28 -45 -46 -34 -20 -13 -13 -15 7 24 25 32 36 24 10 -13 -23 -18 -17 0 21 27 29 21 5 -5 -10 -4 7 12 12 26 36 26 2 -25 -35 -25 -20 -10 -6 -13 -19 -40 -64 -69 -64 -46 -27 -14 13 59 86 107 125 142 152 158 143 114 80 36 -16 -67 -110 -135 -154 -157 -147 -151 -141 -115 -90 -55 -26 -11 23 38 31 6 -32 -46 -37 -21 8 56 107 146 159 136 93 52 17 7 3 9 40 43 16 -21 -58 -69 -70 -85 -77 -44 -3 31 36 17 -9 -27 -44 -61 -64 -44 -1 21 37 56 52 48 43 24 27 29 18 13 17 28 30 20 5 -16 -22 -10 5 16 22 241 12899 305 3653
-24 -9 14 30 48 46 39 28 6 -2 -5 -26 -19 12 21 11 2 -15 -28 -31 -27 -13 -6 -27 -36 -34 -20 8 28 34 36 20 11 -2 -24 -28 -22 -12 7 27 38 45 44 35 21 -11 -35 -42 -45 -39 -28 -47 -81 -114 -133 -112 -81 -49 -2 51 67 149 150 196 182 199 126 124 86 113 70 51 -32 -68 -136 -147 -154 -107 -59 -17 -8 -16 -57 -70 -75 -81 -66 -41 -21 9 24 26 22 16 10 18 29 52 58 68 76 62 8 -27 -36 -30 -24 -20 -7 21 19 13 -7 -23 -31 -33 -48 -37 -23 -17 -16 -12 -21 -23 -27 -33 -17 -5 9 34 43 38 25 -3 -15 -19 -17 2 20 36 42 35 24 19 2 -3 5 6 4 2 -7 -13 -16 -21 -14 4 9 21 21 5 -9 -31 -51 -65 -83 -76 -63 -53 -24 17 49 70 80 98 107 119 145 174 180 143 81 12 -42 -80 -125 -154 -156 -157 -97 -119 -79 -80 -62 -113 -73 -82 -17 -4 55 35 30 -37 -44 -47 -1 51 123 143 158 129 97 64 36 19 18 8 22 31 17 -6 -37 -65 -73 -66 -51 -25 7 16 9 -14 -35 -51 -71 -65 -30 -1 38 92 129 131 95 26 -50 -116 -117 -76 -19 35 77 100 92 50 11 -12 -13 4 29 246 10521 305 3653
-11 -9 1 8 16 19 17 7 -3 -15 -16 -12 -25 -39 -40 -26 11 33 35 34 27 24 0 -32 -31 -21 -21 -14 3 17 20 23 27 31 18 -19 -24 1 -3 2 22 19 -8 -32 -24 -11 -12 -22 -40 -45 -53 -59 -37 -36 -60 -84 -92 -74 -40 20 77 155 137 171 149 150 77 111 87 106 54 48 -13 -34 -110 -119 -153 -131 -95 -31 0 22 15 -2 -41 -95 -129 -100 -53 -1 58 80 77 48 -4 -31 -31 0 54 91 100 83 39 -5 -40 -62 -58 -33 5 30 39 24 5 -17 -46 -66 -66 -51 -14 -3 -3 1 -14 -27 -35 -37 -21 -2 16 29 29 29 30 23 11 1 1 6 14 12 1 3 -4 -6 -1 4 24 45 34 15 -2 2 -8 -31 -29 -12 -8 1 9 7 -9 -27 -34 -41 -50 -44 -18 -4 -3 -1 -8 7 54 76 78 75 75 96 117 119 104 73 18 -54 -131 -176 -171 -146 -120 -92 -81 -71 -61 -64 -58 -36 -7 41 76 77 66 38 13 -4 -26 -21 20 79 131 151 130 86 28 -37 -73 -70 -25 38 72 48 17 -39 -87 -105 -102 -55 8 53 68 57 16 -24 -63 -72 -54 -13 34 62 65 53 27 -10 -28 -17 -5 19 48 59 58 31 -7 -25 -35 -28 -9 -1 9 253 11111 305 3653
2 7 14 12 16 12 1 -1 -7 -7 -1 3 3 0 -3 -4 -5 -7 -3 6 7 10 1 -24 -22 -17 -7 8 16 32 49 40 15 -1 -5 -16 -30 -32 -10 6 6 8 15 8 -4 -18 -38 -46 -42 -20 -6 -12 -28 -55 -80 -84 -73 -45 -5 37 82 127 158 176 177 150 118 78 43 21 14 -2 -32 -82 -136 -150 -139 -113 -63 -20 11 16 -13 -45 -67 -68 -50 -32 -3 33 53 59 46 30 22 24 33 37 50 58 52 43 9 -24 -54 -68 -55 -38 -6 28 29 24 4 -23 -31 -36 -33 -29 -20 -3 11 10 -8 -22 -21 -15 -2 4 18 45 39 26 13 -8 -14 -23 -27 -13 -6 1 10 11 10 3 -7 -16 -13 -9 -5 4 13 22 23 9 5 3 -2 -5 -14 -14 -11 -22 -31 -36 -44 -46 -42 -31 -20 -1 25 53 71 81 95 109 111 124 120 94 58 12 -35 -87 -137 -153 -153 -143 -115 -95 -77 -52 -31 -20 -18 -4 17 38 49 45 38 19 -3 -14 -13 26 71 93 101 81 39 10 -8 -6 -4 4 26 34 15 -27 -57 -71 -75 -63 -37 2 35 44 49 19 -22 -49 -62 -53 -20 16 56 66 48 25 11 4 -6 -11 -3 8 15 18 25 24 15 2 -22 -32 -21 -3 17 257 6929 305 3653
16 9 7 -8 -11 -16 -15 -19 -10 -3 2 -3 -15 -18 0 24 33 38 40 29 15 -6 -26 -36 -35 -18 -4 -11 -12 -3 8 11 2 -3 7 13 14 23 20 29 29 9 -6 -13 -21 -22 -38 -70 -89 -87 -74 -58 -67 -74 -47 -17 1 27 63 115 144 148 168 178 170 158 137 111 69 13 -47 -105 -138 -134 -105 -74 -51 -36 -31 -23 -37 -72 -92 -107 -100 -66 -30 23 54 43 24 8 -3 13 41 70 90 88 64 37 10 -19 -26 -33 -34 -19 -18 -4 10 11 10 -12 -38 -49 -50 -36 -18 -14 -18 -25 -38 -41 -24 -10 2 15 18 22 29 21 21 14 -1 -5 -8 -6 10 10 5 2 11 13 -1 -15 2 23 22 15 14 14 14 23 14 7 2 -19 -32 -44 -49 -44 -51 -46 -56 -67 -54 -40 -8 24 52 88 116 132 137 130 125 120 112 89 55 21 -13 -42 -80 -127 -135 -142 -152 -154 -152 -118 -85 -71 -50 -27 3 19 18 1 -19 -21 -9 13 49 80 115 133 127 115 82 46 8 -19 -5 29 52 54 26 -2 -38 -100 -122 -82 -37 -8 17 13 -12 -36 -50 -47 -45 -45 -18 6 13 40 78 84 57 18 6 12 15 23 40 46 31 2 -17 -18 -17 -10 11 23 15 12 -4 262 13876 305 3653
14 10 10 4 -7 -7 -5 -13 -12 4 2 -6 -2 6 6 0 9 22 16 6 -2 -6 -5 -7 -16 -7 1 0 8 4 7 8 -4 3 15 14 8 15 6 -5 -12 -15 -6 5 -2 -4 -11 -30 -36 -31 -26 -26 -43 -54 -59 -81 -79 -66 -26 32 92 134 166 194 198 173 125 83 59 38 24 14 -27 -69 -119 -158 -157 -129 -89 -41 -17 -10 -17 -26 -43 -49 -55 -51 -22 18 39 41 30 16 -7 -13 14 48 82 112 113 92 43 -24 -63 -74 -59 -16 18 19 6 -9 -23 -34 -49 -64 -59 -49 -35 -13 2 8 4 -15 -23 -17 -20 3 32 41 48 46 31 6 -19 -19 -9 -1 11 25 19 1 10 24 17 3 -13 -14 -10 -18 -8 1 15 13 -10 -9 -4 -7 -20 -25 -13 -19 -33 -27 -20 -33 -41 -40 -30 -17 16 46 80 109 113 118 123 114 116 105 75 36 -25 -69 -109 -138 -151 -147 -138 -124 -105 -89 -75 -59 -53 -30 2 27 46 45 34 24 -5 -4 16 35 76 120 130 129 105 69 36 1 -4 20 30 19 13 -3 -41 -81 -106 -110 -92 -64 -19 18 18 4 -35 -66 -72 -55 -7 46 73 85 82 61 33 7 -14 -17 -11 8 35 57 54 44 21 -12 -36 -54 -41 -13 2 267 12208 305 3653
-36 -43 -24 -15 -10 2 2 -1 6 3 8 8 10 24 21 -2 -7 -5 4 0 -10 -17 -12 -5 4 7 -7 -11 14 5 -14 7 16 7 6 -3 8 -4 -14 -8 -1 -12 -20 -5 18 7 -8 -13 -17 -37 -53 -53 -31 -37 -61 -80 -80 -61 -31 14 67 108 148 177 178 151 111 93 72 51 33 6 -19 -52 -93 -124 -130 -106 -64 -26 -6 1 -2 -22 -49 -69 -75 -57 -29 4 40 49 52 37 5 -17 -16 19 67 88 90 86 61 13 -45 -84 -90 -74 -48 -17 29 49 38 14 -19 -43 -57 -68 -47 -13 22 39 33 16 3 -4 6 20 40 42 19 -2 -14 -15 -13 -13 -22 -35 -39 -28 -20 -3 1 13 18 5 -5 -7 -4 4 9 15 17 9 8 5 4 2 -2 -11 -7 -5 -20 -32 -32 -36 -38 -51 -57 -29 -1 35 74 99 116 114 96 93 103 114 97 52 -5 -54 -93 -130 -140 -128 -120 -93 -78 -79 -69 -66 -53 -34 -12 23 47 54 46 18 -7 -24 -18 10 57 101 126 131 103 56 14 -30 -46 -26 -1 27 36 21 -9 -58 -96 -93 -68 -29 5 39 68 63 25 -19 -47 -63 -70 -50 -13 36 62 65 59 31 -3 -25 -38 -26 -4 16 44 44 6 -27 -42 -36 -21 -6 5 272 10863 305 3653
5 3 -1 -3 -6 -7 2 -2 0 4 3 5 1 0 8 13 17 7 -5 -16 -19 -21 -12 8 26 34 40 21 -2 -9 -23 -30 -28 -17 -1 2 2 1 -6 -8 -14 -18 -22 -8 14 25 27 22 15 6 -4 -2 -5 -20 -21 -9 32 71 73 64 35 -41 -121 -172 -168 -111 -39 26 68 78 55 16 -16 -23 4 42 64 72 39 4 -17 -28 -2 39 83 106 83 42 -11 -52 -50 -14 25 41 28 -7 -51 -86 -99 -79 -33 8 31 28 6 -15 -43 -47 -24 -5 15 25 11 -11 -25 -17 5 19 35 39 26 6 -14 -24 -23 -8 6 9 11 0 -15 -28 -37 -17 1 11 19 10 -1 -15 -28 -20 -10 -1 5 15 20 10 6 14 20 26 19 20 15 8 9 6 5 5 -1 10 9 1 2 -4 -14 -22 -33 -33 -24 -20 -13 -8 -9 -22 -31 -30 -35 -47 -55 -41 -3 36 91 136 167 139 86 -4 -46 -87 -63 -50 7 44 80 53 20 -28 -40 -48 -23 -12 -2 -29 -62 -94 -107 -86 -32 26 58 48 5 -40 -76 -80 -39 22 83 103 75 36 -14 -57 -60 -24 26 66 92 84 52 8 -20 -23 -8 10 23 1 -20 -34 -47 -38 -9 17 28 13 -1 -7 -12 -15 -7 9 18 19 15 277 1986 305 3653
2 7 13 17 11 6 -4 -8 -5 0 6 4 -1 1 1 4 8 8 14 13 5 -6 -11 -5 1 -4 -6 -4 -1 0 5 10 9 3 -6 -12 -9 -8 -2 4 4 8 1 -2 1 4 1 -18 -39 -51 -53 -51 -60 -73 -83 -81 -66 -43 -8 50 103 143 165 174 167 143 126 104 74 60 46 23 -13 -65 -124 -174 -190 -152 -90 -19 38 60 31 -28 -77 -108 -110 -84 -25 39 73 75 69 37 -2 -26 -26 5 37 74 107 99 54 -4 -51 -64 -62 -38 -8 10 8 0 0 -10 -23 -30 -33 -34 -34 -32 -24 -24 -21 -21 -29 -28 -12 -1 7 14 18 11 -7 -27 -25 0 25 34 33 31 32 27 23 23 19 8 -9 -28 -30 -27 -18 7 37 57 61 44 23 6 -7 -6 1 -2 -19 -40 -73 -99 -93 -65 -32 4 37 68 86 93 97 100 109 118 119 102 58 1 -41 -75 -108 -129 -125 -121 -109 -98 -86 -72 -59 -44 -33 -20 2 23 32 35 27 -3 -28 -40 -27 6 50 90 114 115 86 39 -3 -28 -29 -11 25 54 61 50 9 -47 -79 -77 -56 -24 11 44 56 33 -7 -44 -63 -62 -49 -32 -7 24 40 42 28 9 4 5 8 21 38 53 52 33 20 12 2 30 18 14 21 282 8425 305 3653
-11 -5 0 8 24 18 -4 -3 -1 -7 5 15 24 25 20 30 29 27 43 51 59 65 44 15 -13 -47 -84 -100 -109 -113 -110 -115 -131 -153 -159 -129 -83 -42 19 67 94 92 53 31 43 59 86 118 139 133 92 29 -31 -71 -73 -25 31 70 82 55 10 -55 -134 -170 -150 -92 -20 36 56 54 29 -1 -25 -31 -13 25 58 78 74 49 19 3 -10 -5 20 38 40 15 -8 -12 -7 1 19 25 40 40 6 -26 -56 -68 -64 -47 -10 26 43 58 52 24 -15 -43 -56 -43 -5 26 42 36 2 -18 -27 -23 7 20 22 15 0 -7 -2 5 16 14 32 22 13 18 10 -12 -36 -46 -67 -85 -78 -70 -85 -94 -108 -98 -92 -70 -20 42 82 106 108 108 104 98 104 123 134 111 84 47 13 -13 -27 -12 9 4 -12 -49 -80 -103 -125 -106 -62 -19 12 17 -18 -73 -117 -138 -106 -42 33 99 141 126 77 3 -56 -69 -40 10 67 90 93 62 3 -38 -55 -52 -21 5 24 35 18 -16 -51 -66 -59 -38 -15 -4 -1 -16 -37 -44 -38 -4 23 41 56 54 43 20 -17 -34 -31 -19 4 39 67 64 43 7 -25 -49 -62 -34 8 36 49 24 1 -17 -35 -29 -24 -15 6 11 17 22 18 13 3 288 8397 305 3653
35 21 9 -12 -32 -35 -16 5 22 33 34 9 -17 -25 -25 -5 2 3 5 -10 -26 -21 -1 12 14 4 -5 -4 -12 -13 3 4 3 7 -2 -7 -3 7 11 3 2 7 -3 -7 0 4 2 -11 -22 -28 -45 -66 -70 -75 -89 -89 -72 -48 -13 31 77 102 159 169 186 150 170 119 112 72 80 28 10 -71 -106 -152 -138 -129 -72 -42 -1 6 0 -40 -69 -98 -98 -72 -41 3 37 59 60 36 9 0 9 40 71 76 69 60 32 -15 -44 -44 -21 8 8 5 -4 -16 -26 -34 -33 -17 -7 7 -4 -24 -29 -35 -52 -54 -37 -13 8 25 32 30 10 -13 -19 -25 -21 6 30 49 49 28 7 -6 -4 12 7 -10 -15 2 17 13 9 18 19 4 -17 -28 -28 -20 -16 -16 -28 -47 -49 -39 -39 -45 -35 -32 -26 -18 10 67 115 136 138 132 132 131 122 107 76 36 -6 -47 -88 -121 -133 -145 -143 -109 -127 -103 -104 -70 -86 -39 -25 34 22 51 11 4 -34 -20 -22 31 70 127 141 147 109 77 28 1 -3 -7 5 24 23 9 -23 -61 -72 -76 -63 -35 -10 15 16 4 -14 -30 -43 -48 -36 -20 9 31 35 37 39 25 20 2 14 33 35 41 37 17 4 -10 -10 8 20 10 -5 292 13867 305 3653
9 7 8 0 1 -2 -12 -10 -4 -3 -2 -7 -7 2 16 13 11 10 6 1 -6 -8 3 6 0 -3 -12 -7 -10 -19 -16 -17 -15 12 23 22 6 -6 -14 -20 -18 -12 -2 13 24 9 -14 -25 -28 -26 -24 -56 -81 -91 -105 -109 -79 -32 34 88 122 147 158 170 170 127 80 73 88 102 94 51 -10 -71 -129 -166 -167 -128 -65 -33 -18 4 -5 -40 -65 -80 -76 -55 -20 14 35 49 55 58 36 7 9 37 66 62 37 14 -22 -45 -44 -28 -3 10 0 -1 -6 -5 -10 -15 -18 -33 -41 -36 -27 -33 -26 -15 -10 -1 3 -9 -5 10 10 18 10 -1 -4 -8 3 14 2 -10 -16 -7 12 17 18 19 14 -4 -10 -6 -3 11 17 15 27 22 10 -4 -16 -10 -12 -22 -13 -23 -31 -33 -49 -65 -67 -49 -28 5 47 87 119 132 136 145 148 147 127 93 62 10 -53 -96 -130 -138 -131 -130 -115 -97 -84 -88 -97 -89 -72 -40 -2 45 37 76 24 -6 -47 -1 -12 40 68 128 126 132 85 69 5 -15 -22 -13 -11 5 12 14 -8 -34 -51 -44 -32 -11 1 -9 -25 -34 -46 -35 -22 -3 15 14 11 8 8 17 26 30 21 11 -1 -1 9 17 18 29 24 9 -11 -6 21 26 17 297 3717 305 3653
-3 4 7 6 5 0 -3 -10 -14 -1 2 -2 1 -2 8 15 9 10 2 -5 -3 -11 -7 3 -6 -9 5 16 7 -1 -3 1 12 8 -3 -8 -5 1 -6 -12 -3 -6 -6 -1 -11 -7 -3 -16 -22 -25 -31 -35 -44 -63 -74 -80 -82 -65 -31 21 88 134 167 194 190 174 148 116 100 74 3 13 -48 -74 -142 -124 -155 -105 -104 -45 -59 -30 -51 -12 -42 -36 -66 -62 -51 -1 30 60 44 35 37 39 53 71 87 98 77 33 -2 -23 -39 -40 -38 -45 -41 -19 -7 3 2 -3 -15 -38 -49 -50 -36 -1 5 2 -11 -22 -25 -18 -13 9 25 40 38 35 20 1 -11 -14 -11 -8 -14 -3 5 11 21 14 6 -6 -16 -9 -2 9 13 5 7 17 18 7 4 3 -3 -3 -4 -17 -20 -30 -39 -40 -53 -51 -43 -30 10 46 82 104 113 124 129 127 125 111 79 36 -14 -72 -120 -138 -144 -139 -132 -119 -94 -88 -86 -70 -60 -29 9 26 78 44 50 3 -2 -57 -3 17 97 100 150 120 137 74 51 1 -11 -23 9 -14 -19 -35 -47 -63 -76 -81 -51 -14 17 19 3 -12 -26 -42 -42 -32 -19 1 25 20 31 45 36 26 3 -23 -18 2 35 45 42 44 42 4 -29 -49 -38 -21 -2 303 2720 305 3653
10 -6 -14 -19 -19 -9 -5 -6 5 10 15 12 10 8 5 -1 -6 -18 -24 -10 13 19 16 20 22 25 12 3 -5 -16 -19 -14 -9 2 0 -2 -9 -19 -18 -4 4 -8 -28 -25 -2 23 36 30 23 3 -23 -58 -85 -87 -88 -100 -93 -67 -20 31 73 121 156 170 157 141 143 141 129 104 77 33 -24 -65 -107 -146 -171 -172 -137 -85 -38 11 21 -1 -40 -84 -103 -90 -58 -14 20 45 48 39 25 27 41 53 72 84 77 70 51 17 -10 -34 -48 -46 -31 -18 -12 -12 -12 -18 -27 -34 -46 -43 -35 -27 -21 -16 -10 -8 -9 -9 -2 14 25 32 28 15 9 7 0 4 -1 6 11 5 8 14 15 14 11 6 3 -7 -15 -12 -2 -4 5 15 11 -3 -17 -22 -9 -5 12 25 26 27 18 10 -5 -28 -47 -57 -56 -37 -7 36 68 104 136 155 152 129 84 22 -46 -83 -115 -136 -141 -148 -150 -153 -155 -134 -95 -48 7 62 88 89 83 89 39 53 2 -10 -35 10 20 100 142 197 157 122 35 -15 -63 -57 -49 -20 -25 -33 -64 -94 -112 -107 -82 -41 -7 14 36 49 45 21 -13 -46 -43 -21 -8 19 41 54 52 34 18 4 0 11 20 19 15 6 -7 -28 -31 -30 -14 -1 9 3 14922 305 2670
6 9 -2 -15 -21 -11 -6 -1 13 7 -3 7 8 6 2 4 9 7 -3 -4 -7 -4 -8 -6 3 7 5 2 3 0 0 2 -3 -4 -8 -22 -33 -48 -58 -58 -68 -72 -63 -59 -34 10 60 107 132 146 150 133 94 60 57 67 80 92 65 20 -49 -119 -168 -186 -154 -89 -41 4 44 34 -23 -75 -94 -89 -62 -13 45 70 51 22 15 1 -14 -1 51 97 106 93 59 7 -43 -80 -67 -31 1 28 43 34 3 -37 -59 -61 -51 -24 14 36 28 7 -19 -32 -28 -37 -52 -52 -33 -3 22 34 45 30 -1 -22 -32 -25 -2 17 30 31 25 20 9 -4 -8 -3 5 2 -4 2 22 24 21 20 4 -23 -38 -49 -37 -25 -33 -32 -21 -23 -33 -46 -46 -33 -15 10 45 90 119 130 125 117 108 90 72 52 19 -11 -45 -78 -106 -130 -129 -116 -107 -99 -93 -89 -80 -63 -31 18 75 100 104 44 25 -25 -33 -47 31 40 114 128 133 74 63 -15 -24 -34 12 11 27 7 4 -35 -79 -109 -85 -55 -11 26 62 67 23 -30 -63 -72 -59 -22 19 53 56 33 3 -30 -50 -42 -11 34 60 62 54 42 25 11 -12 -32 -32 -15 0 27 44 50 32 -8 -42 -61 -67 -40 -12 4 4 2 -6 8 2979 305 2670
-43 -31 -33 -56 -44 -12 18 33 27 35 38 9 -1 12 9 4 11 6 -6 -17 -23 -1 18 22 35 30 18 24 10 -5 -19 -21 6 4 -22 -26 -27 -38 -45 -44 -44 -45 -44 -35 -10 -6 -7 12 25 51 91 105 120 122 132 121 163 115 84 -1 -21 -117 -136 -169 -127 -142 -108 -132 -127 -153 -112 -93 -26 23 65 75 66 41 32 14 11 5 14 48 89 112 123 106 73 37 7 -7 4 12 16 20 6 -25 -64 -107 -119 -91 -59 -16 22 35 39 16 -10 -36 -51 -35 -1 22 40 47 50 34 8 -25 -29 -9 10 30 46 52 52 27 -1 -12 -31 -32 -13 -4 13 16 10 8 -10 -19 -21 -24 -24 -18 -18 -18 -2 2 0 -6 -25 -29 -12 0 15 23 30 33 22 14 18 6 -7 -11 -14 -7 8 9 -3 -8 -12 -9 -7 -13 -11 -5 4 4 -22 -34 -29 -26 -28 13 -22 26 31 49 -7 10 -21 11 -18 8 -11 15 -4 29 14 27 12 2 -35 -58 -75 -43 -1 32 42 39 28 19 -16 -43 -40 -27 -12 13 34 48 38 27 23 18 -6 -20 -28 -17 9 22 29 30 -4 -20 -24 -30 -31 -23 -24 -12 -1 15 28 29 12 0 -5 -5 -6 -7 6 21 11 -4 -7 -1 9 13 876 305 2670
32 24 18 16 2 -10 -16 -15 -5 8 24 24 -2 -17 -16 -11 -4 -10 -17 -8 -4 -8 -8 -3 5 4 -15 -17 -7 0 6 8 0 -5 -14 -18 -10 -21 -38 -47 -64 -79 -86 -86 -51 -1 47 82 97 116 135 130 113 110 109 108 109 90 58 21 -44 -97 -140 -182 -174 -137 -86 -31 5 26 17 -31 -83 -109 -90 -33 29 64 70 81 61 0 -23 -11 17 50 83 113 102 69 27 -17 -61 -87 -57 -11 -10 -13 8 11 -18 -47 -53 -43 -29 -13 13 33 22 -1 -24 -49 -55 -46 -26 18 52 70 64 27 3 -5 -28 -38 -24 3 19 26 31 31 17 -19 -37 -46 -48 -13 24 45 55 28 7 -4 -18 -18 -21 -32 -27 -15 -6 5 3 -1 -12 -41 -71 -76 -55 -18 37 73 87 98 101 111 114 104 105 85 44 10 -24 -46 -60 -89 -120 -142 -142 -127 -116 -104 -90 -69 -44 -5 37 69 93 84 50 12 -33 -45 -20 18 71 112 152 134 75 23 -11 -29 -30 -4 20 35 23 -3 -53 -77 -102 -87 -67 -21 19 55 52 33 -10 -37 -42 -39 -33 -8 16 33 33 29 18 -2 -18 -14 4 23 43 57 48 30 0 -23 -31 -32 -20 6 12 16 18 4 -11 -35 -42 -33 -23 -15 3 7 6 17 14886 305 2670
-22 -24 -14 1 2 13 5 8 2 -27 -20 8 -7 -12 10 26 22 14 9 9 4 -16 -12 5 -9 -15 -7 4 9 -8 -5 4 -13 -18 -10 -11 -15 -30 -45 -47 -61 -79 -81 -68 -47 -12 37 82 118 139 144 135 115 109 102 95 107 102 69 22 -48 -113 -163 -185 -171 -137 -82 -22 6 4 -20 -53 -76 -67 -46 -16 34 73 74 46 0 -25 -29 -22 13 53 103 134 120 76 24 -29 -64 -68 -43 -16 12 25 19 -5 -41 -60 -64 -66 -59 -43 -14 28 42 30 10 -19 -33 -45 -53 -35 -7 9 18 23 26 26 22 14 21 16 4 2 6 13 22 17 9 -1 -16 -32 -15 21 18 -14 -6 14 3 -13 -3 -4 -24 -40 -50 -37 -30 -42 -32 -26 -31 -27 -11 17 46 62 97 131 132 127 121 114 109 84 43 9 -29 -73 -104 -118 -129 -127 -127 -132 -125 -118 -105 -84 -59 -7 48 75 92 78 44 8 -20 -24 1 40 87 126 133 109 66 14 -23 -36 -23 15 48 49 32 -12 -73 -108 -124 -102 -58 -11 33 62 54 23 -13 -42 -48 -33 -16 17 46 54 50 24 -3 -19 -39 -47 -35 -2 42 72 73 73 55 12 -18 -27 -27 -25 -16 6 18 6 -12 -22 -34 -43 -51 -47 -28 -8 5 22 12543 305 2670
-42 -21 3 21 33 29 26 17 16 19 13 -4 -9 -14 -12 5 18 27 21 -8 -22 -16 -13 0 9 1 38 16 0 -11 -16 -28 -14 -8 -10 -28 -54 -67 -57 -55 -62 -64 -80 -61 -48 -26 0 48 99 143 140 144 161 159 143 125 114 113 92 54 6 -63 -131 -177 -195 -180 -137 -82 -39 -12 -25 -47 -56 -67 -49 -20 12 50 61 42 36 11 8 15 26 42 71 89 89 66 39 16 -3 -25 -29 -23 -22 -18 -21 -35 -39 -57 -60 -44 -35 -20 -12 -2 21 24 6 -17 -33 -39 -35 -34 -24 -1 17 26 26 13 15 21 7 8 12 12 20 26 22 22 7 3 0 -8 2 16 20 11 -18 -34 -18 8 9 -2 -17 -25 -27 -51 -72 -69 -65 -42 -54 -28 0 20 30 87 114 125 126 121 125 135 131 110 91 46 -10 -61 -82 -103 -114 -153 -166 -172 -162 -143 -124 -103 -76 -51 -4 47 77 93 75 46 14 -6 -1 29 68 108 131 121 85 44 3 -14 0 26 44 36 1 -17 -54 -90 -106 -103 -77 -31 -8 7 14 18 -1 -22 -32 -19 7 21 29 38 26 12 -13 -24 -7 -3 3 22 30 38 43 32 21 3 -16 -22 -18 -6 12 25 23 14 6 -20 -41 -50 -31 -16 -20 -11 4 28 2957 305 2670
-6 -7 -4 -7 -16 -10 -3 12 8 4 6 12 -2 -20 -39 -33 -27 -20 -3 20 31 32 30 21 9 -5 -20 -19 -4 3 17 22 4 -20 -40 -42 -30 -34 -51 -76 -95 -88 -82 -64 -33 0 35 72 104 125 146 158 151 142 130 124 120 94 62 9 -58 -114 -165 -185 -163 -121 -68 -27 -12 -27 -59 -72 -71 -71 -56 -21 23 48 56 45 34 40 29 27 50 62 78 95 83 55 12 -29 -43 -55 -64 -55 -30 -10 -6 -21 -33 -26 -26 -34 -25 -17 0 10 -2 -2 -2 -7 -7 -10 -17 -9 0 15 30 23 12 7 7 2 -2 -5 2 16 15 6 -6 -25 -21 -21 -20 -5 29 55 64 36 20 15 -8 -35 -47 -41 -29 -18 -5 4 -9 -35 -66 -79 -79 -58 -30 26 73 94 107 122 118 124 126 106 88 72 62 39 7 -30 -71 -118 -157 -184 -183 -157 -124 -105 -94 -79 -57 -11 6 67 76 75 21 21 -37 0 23 117 124 141 92 120 75 35 -22 -9 -15 15 12 15 1 -20 -59 -89 -108 -100 -83 -40 19 38 26 18 5 -19 -48 -48 -20 18 38 43 42 37 29 -1 -23 -4 14 25 40 39 31 24 17 5 -9 -29 -23 -6 -1 0 5 10 6 -20 -32 -28 -29 -27 -11 -7 -4 33 559 305 2670
4 -5 -13 -17 -2 5 7 7 7 11 10 -9 -8 -6 -7 -4 8 18 22 5 -4 -9 -9 -11 -11 -9 -1 15 21 21 23 17 29 44 44 49 45 23 30 27 8 -28 -61 -81 -89 -114 -130 -131 -141 -159 -164 -135 -65 8 53 80 87 65 40 20 27 68 118 175 200 171 111 28 -50 -107 -123 -103 -46 21 71 78 27 -33 -79 -104 -117 -106 -68 -10 14 0 -2 -7 -16 1 24 51 62 45 35 52 17 39 44 33 9 18 13 21 3 -11 -13 -18 -25 2 26 24 30 8 -4 -23 -44 -41 -25 -18 -2 14 28 23 0 -9 9 15 -11 -16 -14 -11 -6 -8 -1 8 1 -2 1 0 -1 3 19 34 30 52 63 60 45 24 -10 -43 -64 -70 -62 -53 -64 -70 -90 -111 -116 -116 -86 -40 -5 35 63 75 92 107 103 115 127 142 143 107 62 31 2 -15 -6 4 11 12 -20 -63 -112 -161 -169 -129 -59 19 61 51 15 -46 -108 -141 -138 -80 9 83 127 125 97 50 -1 -42 -31 9 41 60 62 35 -5 -38 -41 -28 -20 3 19 14 -1 -17 -21 -19 -19 -25 -29 -17 -5 -13 -42 -58 -52 -38 -2 24 36 51 44 17 -3 -27 -26 -13 1 22 43 34 17 7 8 12 10 2 8 37 14930 305 2670
34 35 43 29 24 19 4 -7 -14 -24 -26 -21 -23 -25 -25 -34 -31 -25 -16 0 -15 -25 -21 -29 -27 -15 -4 21 25 28 29 23 3 -16 -36 -39 -28 -17 -17 -15 -38 -72 -100 -125 -117 -69 -1 90 143 165 167 147 127 133 137 127 112 94 83 52 1 -60 -115 -172 -185 -164 -131 -72 -11 20 10 -39 -83 -92 -93 -70 -31 19 53 48 24 14 10 18 34 60 83 108 113 83 38 -5 -43 -62 -61 -23 3 -1 8 13 -3 -21 -39 -44 -30 -18 -6 -4 -7 -23 -34 -48 -50 -44 -28 -18 5 21 38 40 22 11 -5 -14 -12 -12 -7 3 18 38 31 24 15 2 -6 -3 7 22 33 40 35 31 11 -10 -23 -35 -32 -27 -28 -24 -29 -35 -34 -48 -55 -55 -44 -24 7 43 81 102 117 140 151 142 128 106 71 32 -16 -65 -87 -107 -120 -123 -130 -136 -139 -134 -107 -92 -89 -44 19 65 86 79 50 22 -14 -38 -32 1 54 110 143 136 110 68 31 -3 -24 2 34 32 5 -40 -73 -90 -95 -75 -36 7 51 58 23 -7 -32 -61 -58 -43 -34 8 39 34 36 33 18 -4 -25 -6 26 48 56 54 40 47 52 50 12 -50 -119 -153 -156 -116 -44 12 46 48 24 3 -21 -45 -15 35 73 42 11875 305 2670
15 22 7 -5 -17 -20 -6 -1 -6 -4 -2 -9 -4 3 9 13 10 6 4 -9 -12 3 11 7 0 4 14 -11 -13 21 16 -5 -1 5 3 -11 -18 0 14 -8 -15 -8 -13 -10 -10 -14 -9 -10 -8 -12 -47 -61 -58 -75 -101 -110 -96 -47 2 49 99 141 168 182 172 150 137 127 123 117 82 72 -30 -86 -157 -159 -190 -110 -102 -46 -66 -41 -64 -23 -56 -48 -55 -18 -10 28 17 18 11 12 14 35 64 105 123 111 84 35 -17 -36 -43 -36 -26 -20 -24 -39 -46 -21 -5 -13 -36 -55 -53 -36 -12 8 26 5 -26 -47 -46 -28 1 27 47 40 28 17 3 -2 2 -1 -3 -6 -10 -6 7 17 24 21 4 -10 -18 -19 -1 4 6 22 16 10 2 -14 -13 -9 -12 -19 -36 -36 -32 -34 -38 -39 -39 -39 -25 -2 25 64 86 119 147 137 135 142 134 112 66 22 -14 -62 -101 -125 -146 -161 -163 -151 -138 -128 -112 -87 -55 -22 31 76 77 69 44 13 -2 -3 25 58 68 77 94 98 86 60 45 53 44 28 12 -8 -43 -67 -79 -80 -67 -62 -30 10 16 23 22 -4 -21 -47 -51 -18 -1 5 17 22 28 24 9 -5 -9 -5 13 39 54 61 58 32 12 -21 -50 -43 -27 1 36 49 2011 305 2670
15 5 1 -3 -13 -22 -19 6 32 38 25 14 3 -16 -14 -19 -30 -16 7 25 37 31 29 8 -16 -36 -44 -36 -11 10 23 20 1 -28 -42 -40 -28 -16 -26 -47 -68 -91 -93 -68 -52 -14 22 60 103 138 163 167 152 148 144 125 103 88 66 24 -28 -99 -161 -201 -194 -147 -76 -21 15 10 -18 -58 -99 -105 -80 -41 16 53 66 64 44 22 7 10 32 65 81 81 72 44 3 -33 -59 -65 -57 -36 -8 5 7 10 -3 -17 -24 -28 -17 -5 -4 -10 -15 -25 -33 -35 -26 -13 -4 0 20 24 20 31 24 6 -5 -22 -18 -1 -38 16 10 21 -13 23 -28 -11 -33 15 0 36 9 36 8 10 -30 -27 -25 3 -13 6 7 4 -3 -10 -34 -52 -53 -40 -20 2 27 59 89 118 132 130 139 137 108 62 20 -8 -18 -51 -100 -134 -144 -147 -163 -186 -160 -123 -91 -55 -22 15 73 109 114 92 37 -21 -54 -56 -19 61 131 172 171 123 71 19 -25 -40 -39 -28 3 14 13 -10 -52 -81 -92 -81 -38 3 31 52 48 18 -28 -52 -59 -47 -34 -14 16 28 28 30 20 22 22 25 32 28 27 29 16 1 -10 -19 -26 -27 -13 17 9 -2 22 23 -2 1 -8 -24 -29 -30 13 -15 -11 53 14517 305 2670
-3 18 22 9 -2 8 3 3 7 0 5 3 -3 1 -1 -8 -1 2 11 15 8 0 5 4 0 5 18 22 33 35 38 45 37 51 43 32 22 7 -6 -25 -60 -72 -87 -98 -108 -111 -122 -144 -160 -138 -83 -27 17 74 100 99 66 27 14 27 49 105 157 174 158 92 5 -66 -104 -87 -43 10 51 56 8 -49 -71 -98 -123 -98 -50 -12 -2 1 20 23 4 -6 -1 23 44 64 59 22 -16 -17 -3 21 45 56 56 38 -5 -36 -34 -16 -2 14 18 12 4 -7 -12 -21 -26 -20 -23 -21 2 34 65 58 22 0 -18 -34 -25 -11 2 5 6 -2 -8 -15 -7 10 13 11 15 4 -3 -3 0 22 37 40 46 38 16 -6 -38 -54 -62 -61 -98 -46 -78 -85 -113 -90 -118 -82 -62 12 39 90 102 123 111 123 119 129 136 122 86 51 14 -12 -26 -15 7 2 -18 -53 -89 -136 -160 -143 -91 -20 32 49 27 -34 -98 -134 -121 -57 11 81 144 145 96 23 -34 -66 -55 -19 31 59 67 50 27 -15 -38 -43 -23 10 27 18 10 -20 -38 -46 -44 -21 8 16 8 -18 -32 -35 -35 -32 -1 34 50 53 42 27 9 -21 -41 -44 -45 -16 25 50 65 64 50 32 -17 -60 -50 -26 -16 58 11279 305 2670
2 -1 -13 -21 -35 -35 -25 -21 -47 9 -3 37 25 50 0 11 -8 39 13 17 -3 15 -11 0 -22 -19 -21 0 7 2 -13 -4 -6 -18 -26 -25 -14 -11 -29 -42 -46 -56 -78 -81 -60 -15 31 75 117 149 146 135 102 81 83 84 102 116 81 39 -28 -103 -166 -191 -170 -113 -49 5 27 22 -4 -43 -88 -107 -80 -43 12 61 72 74 47 -2 -17 -13 14 54 86 112 112 68 8 -40 -75 -82 -65 -45 -17 13 16 5 -24 -52 -46 -28 -8 22 38 44 35 2 -35 -70 -89 -72 -39 -16 20 39 51 42 17 -7 -11 -8 -4 12 31 41 46 30 19 -4 -22 -20 -30 -58 -16 -32 35 39 50 12 50 11 4 -65 -51 -54 -19 -29 15 4 -11 -39 -47 -69 -53 -32 11 54 89 137 167 155 125 92 75 74 46 -1 -37 -79 -106 -118 -118 -119 -112 -122 -121 -115 -110 -81 -31 18 71 94 99 76 34 -13 -37 -43 -21 24 62 98 125 115 76 17 -36 -57 -40 1 43 60 47 12 -53 -91 -108 -98 -50 7 46 63 45 5 -27 -55 -68 -51 -15 19 38 37 29 14 -11 -26 -26 -10 28 53 54 52 37 20 10 2 5 9 4 19 31 44 45 36 19 0 -29 -62 -75 -73 -68 -43 -19 63 15994 305 2670
0 -20 -11 -10 -7 -4 -7 -1 2 -6 1 2 6 14 8 0 -1 -4 1 7 0 -1 1 -4 -8 -5 -4 5 1 -5 4 10 8 5 -8 -14 -21 -34 -44 -58 -70 -68 -64 -64 -60 -42 -20 18 61 92 116 118 122 127 113 111 121 119 113 81 36 -20 -115 -172 -159 -149 -132 -73 -6 20 6 -18 -35 -59 -102 -111 -66 -8 51 89 88 74 34 -3 -21 -33 -1 51 79 88 74 38 1 -27 -43 -42 -33 -20 9 25 18 19 6 -27 -53 -62 -37 -4 6 3 -16 -38 -38 -41 -32 -7 13 20 25 25 25 26 18 8 3 -7 -12 -6 1 17 19 13 3 -16 -32 -22 -16 -2 16 23 24 18 7 0 -11 -27 -27 -28 -30 -18 -11 -9 -10 -24 -36 -36 -53 -31 2 38 83 99 103 113 105 89 96 94 88 68 28 -18 -52 -90 -116 -131 -144 -141 -131 -128 -115 -99 -81 -36 5 54 95 96 65 31 10 -10 -34 -17 39 72 89 110 114 81 30 -21 -34 -23 -19 8 43 38 22 -1 -52 -94 -104 -83 -35 6 33 42 26 9 -8 -40 -52 -41 -24 -3 18 39 59 53 14 -6 -36 -6 6 31 36 47 2 0 -5 -2 -14 0 8 18 4 -7 -6 -9 -5 -9 -24 -43 -40 -31 -16 68 11586 305 2670
49 37 17 7 17 36 52 59 52 42 34 9 11 12 12 20 13 1 -1 -13 -19 -20 -22 -17 -13 -15 -21 -28 -39 -46 -52 -55 -57 -50 -49 -42 -20 26 75 111 147 148 94 26 -27 -55 -56 -41 -4 34 55 36 1 -41 -73 -62 -28 25 62 60 12 -67 -142 -174 -143 -72 -12 21 38 21 -30 -56 -38 10 71 105 93 43 -18 -69 -83 -53 11 67 98 106 86 30 -10 -4 13 27 39 41 31 -8 -42 -35 -13 9 20 12 -12 -26 -17 16 43 60 60 41 4 -21 -29 -44 -42 -22 11 50 68 61 40 4 -33 -55 -50 -26 4 14 -3 -36 -63 -78 -70 -49 -16 7 7 -9 -31 -29 2 27 35 29 12 3 -3 -3 -3 5 23 31 23 16 13 7 6 4 0 3 11 -4 -15 -12 -12 -11 -17 -15 -5 -3 -7 -5 -6 -9 -3 6 15 19 12 10 4 -4 -10 -10 -4 5 15 9 -5 -17 -24 -17 -25 -24 -11 -6 -14 -25 -26 -16 -10 0 0 -2 0 -1 -11 -5 7 10 7 17 25 16 1 -4 -2 2 -1 19 28 22 11 6 4 1 -1 7 7 -3 -2 5 -2 1 25 15 -9 2 15 0 -22 -21 1 4 -8 -1 29 39 25 15 11 -3 -19 -16 -8 2 7 74 6481 305 2670
-14 -13 -9 -1 25 31 19 13 -1 -13 -9 3 12 -1 -12 -44 10 7 26 12 45 5 10 -31 -23 -53 -32 -35 -6 -4 35 31 32 16 1 -21 -40 -54 -38 -29 -35 -48 -62 -76 -61 -23 31 81 104 108 109 101 107 115 121 128 125 103 65 4 -62 -113 -157 -171 -149 -108 -65 -34 -16 -10 -20 -52 -66 -57 -24 17 51 68 65 27 -14 -36 -42 -21 19 49 73 81 71 52 24 -6 -26 -40 -32 -20 -10 -5 -9 -17 -22 -25 -31 -29 -17 -10 11 23 24 21 -4 -17 -24 -41 -42 -23 -11 -1 4 9 15 10 1 5 11 16 23 23 12 4 3 4 -6 -15 -13 -6 -6 7 21 21 10 -6 -28 -1 -41 -17 -16 7 -25 2 -28 -23 -63 -55 -73 -48 -39 31 72 115 130 138 120 105 84 83 84 87 77 37 -31 -84 -115 -131 -141 -151 -149 -137 -126 -107 -79 -48 -13 26 47 57 60 53 42 20 5 0 0 21 56 80 85 68 32 10 -15 -20 11 59 77 63 22 -16 -49 -77 -88 -65 -34 -2 25 24 19 9 -12 -24 -32 -29 -15 -2 8 16 14 -1 -15 -25 -30 -18 4 32 44 40 39 39 36 27 10 6 13 -2 -5 5 0 -7 -16 -24 -25 -31 -30 -20 -16 -22 -19 78 13654 305 2670
-12 -17 -10 9 33 19 8 8 6 8 13 7 8 13 2 1 4 -4 -14 -17 -20 -6 -7 -16 -12 -2 6 7 -13 -13 -7 4 15 8 3 -4 -25 -46 -49 -52 -66 -67 -58 -45 -22 -13 1 32 59 84 107 96 110 107 115 93 114 112 122 65 24 -64 -118 -182 -177 -168 -95 -46 13 20 14 -32 -57 -91 -98 -78 -21 50 98 104 85 37 -19 -61 -81 -54 12 66 101 123 101 45 -3 -33 -38 -30 -27 -5 8 1 1 -7 -26 -38 -57 -57 -20 8 17 3 -7 -13 -27 -37 -25 -17 -7 -1 8 20 36 22 1 1 -5 1 8 1 6 31 18 5 -12 -19 -25 -32 -27 -7 4 20 31 24 22 15 -17 -39 -34 -40 -32 -16 -7 10 2 -30 -41 -47 -39 -10 26 74 112 119 112 106 99 95 85 69 57 26 -16 -41 -67 -96 -105 -120 -126 -116 -118 -103 -90 -86 -59 -21 10 53 86 96 86 45 -6 -33 -36 -3 42 77 104 114 83 37 -8 -51 -55 -29 5 50 78 72 40 -28 -85 -106 -105 -75 -27 18 54 51 27 4 -19 -42 -46 -32 -12 13 25 35 35 6 -31 -45 -45 -7 20 37 48 49 29 27 25 23 23 9 -10 -14 -13 -19 -18 -15 -18 -40 -56 -44 -27 -19 0 84 1447 305 2670
-1 -22 0 12 2 -5 0 6 -1 -8 -6 3 -9 -19 -2 3 -4 1 8 12 4 0 12 4 -8 -10 -7 -3 -1 -1 12 19 11 -4 -9 -12 -25 -39 -47 -46 -63 -82 -96 -101 -85 -48 -7 53 105 139 154 154 148 146 128 121 122 113 89 50 -17 -92 -145 -170 -158 -119 -66 1 44 43 15 -46 -95 -121 -134 -104 -39 17 56 69 62 41 8 -17 -17 6 47 94 120 113 61 -14 -69 -78 -73 -49 -18 6 29 32 21 13 -16 -38 -45 -56 -50 -31 -14 1 5 -16 -43 -54 -51 -30 2 35 55 40 12 -6 -21 -12 9 15 15 12 28 56 30 4 10 3 -9 -9 3 10 14 7 10 12 -22 -35 -20 -20 -20 -9 -1 5 -24 -48 -45 -55 -67 -53 -36 -4 28 53 92 126 136 140 142 136 130 110 73 37 -9 -66 -107 -146 -158 -150 -148 -137 -121 -113 -85 -65 -44 -10 11 30 48 32 10 -7 -28 -29 -9 27 76 125 144 141 110 57 15 -17 -30 -9 17 32 34 5 -26 -61 -88 -86 -64 -28 19 49 54 37 -7 -59 -85 -90 -74 -35 9 44 64 58 40 22 12 24 24 25 44 54 52 43 19 4 -8 -26 -29 -9 12 13 4 -25 -48 -48 -36 -19 -21 -17 10 4 -20 88 13788 305 2670
-26 -1 -3 11 -24 -3 -12 8 -12 7 -11 3 4 11 -4 12 2 16 14 0 -10 -4 12 7 -4 12 27 22 6 -2 -5 -15 -32 -33 -25 -37 -55 -22 -12 -41 -72 -94 -101 -110 -87 -11 64 106 139 159 165 165 164 143 113 87 72 74 66 29 -19 -85 -137 -172 -185 -140 -66 -10 29 17 -31 -80 -116 -121 -85 -34 8 52 64 50 33 28 21 26 24 46 78 86 72 45 -2 -37 -61 -65 -43 -16 13 33 30 -1 -24 -44 -59 -59 -44 -22 2 2 -12 -16 -29 -36 -36 -26 -7 5 24 42 36 40 22 2 -3 -5 8 18 20 28 36 28 11 -12 -25 -22 -12 -13 -4 19 24 26 13 -3 1 -22 -24 -24 -30 -19 -7 -16 -26 -38 -38 -37 -38 -36 -21 8 50 85 98 117 138 136 138 146 115 94 57 -6 -61 -97 -119 -128 -148 -156 -141 -122 -113 -103 -101 -84 -55 -18 21 46 47 45 30 1 -18 -12 3 44 102 153 171 144 111 48 -14 -37 -24 -5 3 -10 -19 -26 -34 -49 -59 -59 -27 14 8 -10 -14 -34 -56 -71 -66 -23 8 35 68 71 53 42 8 1 19 37 51 55 44 32 20 -1 -17 -27 -47 -57 -39 -9 25 32 22 -4 -41 -60 -61 -46 -14 9 24 20 4 95 2507 305 2670
2 17 10 -1 -6 -7 0 15 25 22 9 -3 -4 -2 3 15 11 8 -2 -14 -18 -9 8 16 9 -4 -8 -6 -6 -3 2 6 7 0 -3 3 0 -6 -8 -14 -8 -8 -12 -5 1 3 0 -28 -13 -37 -46 -47 -40 -63 -74 -69 -63 -63 -33 12 68 109 141 177 169 153 131 106 80 70 59 50 12 -35 -94 -143 -168 -143 -84 -33 4 24 19 -6 -52 -94 -106 -102 -71 -22 36 79 82 69 52 36 17 19 41 73 73 55 21 -17 -60 -77 -66 -43 -15 7 9 4 -8 -18 -9 -3 -10 -10 -15 -13 -1 -4 -19 -40 -59 -50 -12 30 48 50 35 10 -18 -37 -32 -13 -3 0 -7 -4 7 16 28 30 25 6 -21 -24 -6 17 32 34 25 9 -5 -9 -16 -14 -12 -14 -15 -22 -24 -32 -45 -48 -51 -47 -39 -29 4 41 78 102 108 134 120 148 151 129 89 59 8 -41 -89 -109 -133 -147 -143 -134 -114 -103 -87 -72 -64 -57 -23 11 51 52 26 6 -5 -38 -36 14 66 101 142 160 141 90 23 -15 -35 -39 -4 33 41 26 -3 -38 -71 -99 -88 -45 8 34 44 28 2 -37 -70 -77 -62 -35 10 38 46 44 28 20 12 8 18 24 31 36 20 -9 -36 -45 -30 -8 17 45 67 100 16132 305 2670
9 13 12 12 5 0 1 2 5 1 -3 -3 -12 -14 -9 -13 -3 4 10 11 1 -6 -2 -5 -13 -17 -6 8 9 10 8 8 8 7 3 -2 -4 -13 -24 -18 -12 -4 6 19 33 23 -8 -26 -43 -67 -81 -90 -87 -83 -78 -62 -34 6 40 101 98 138 159 200 160 166 116 115 52 45 -5 -34 -111 -124 -155 -112 -84 -23 -3 16 -12 -44 -86 -106 -111 -86 -61 -17 19 39 48 37 24 14 7 20 41 70 104 112 82 29 -29 -65 -71 -52 -22 13 33 28 8 -23 -45 -50 -38 -29 -25 -29 -22 -28 -31 -29 -27 -28 -15 -3 15 30 38 40 35 19 0 -7 0 2 -1 0 11 16 19 22 9 -3 -4 -5 -2 1 3 12 9 6 10 3 -7 -16 -26 -21 -9 -9 -19 -26 -30 -45 -59 -59 -43 -22 1 38 74 100 124 133 144 148 139 130 104 61 11 -38 -78 -116 -146 -157 -149 -134 -123 -105 -80 -60 -56 -56 -35 -3 14 20 7 -10 -20 -26 -6 27 66 115 152 152 129 95 56 20 -1 -3 13 25 18 5 -14 -43 -67 -92 -105 -96 -56 8 48 45 17 -20 -56 -87 -96 -63 -13 25 52 69 69 54 49 44 33 26 24 23 19 19 29 25 1 -21 -36 -31 -9 4 11 106 3457 305 2670
15 4 -6 -18 -7 1 -5 -14 -29 -19 3 14 16 14 12 13 -7 -28 -24 -18 -14 -9 5 15 25 26 18 22 12 -6 -7 -10 -1 7 13 22 2 -17 -5 6 1 -4 -12 -15 -20 -15 -9 11 10 -19 -47 -70 -75 -61 -67 -67 -68 -63 -33 1 46 99 143 174 179 160 137 112 95 78 64 46 15 -28 -76 -115 -144 -154 -131 -93 -45 -2 12 9 -18 -64 -91 -100 -78 -27 21 64 83 71 36 3 -12 -2 39 72 85 76 52 20 -5 -28 -35 -32 -26 -6 2 1 -6 -27 -41 -43 -40 -29 -31 -36 -38 -30 -11 -8 -7 -4 4 13 13 28 37 36 40 23 0 -19 -29 -18 -5 11 41 50 39 20 -7 -21 -39 -50 -49 -31 -10 4 17 21 12 -8 -33 -34 -30 -24 5 24 21 -1 -26 -32 -38 -49 -46 -43 -30 3 60 114 157 164 146 126 96 72 66 54 30 -8 -59 -108 -157 -179 -150 -127 -114 -93 -78 -69 -60 -38 -4 29 43 47 42 20 -2 -19 -18 -4 31 73 123 145 136 116 72 17 -21 -44 -33 -10 7 26 20 -12 -39 -104 -64 -59 -17 -20 38 4 12 -29 -20 -66 -35 -45 10 22 55 47 53 25 31 15 21 17 12 15 31 35 25 6 -9 -17 -10 -7 -4 110 15857 305 2670
21 19 10 4 8 20 21 17 3 -4 -2 -4 -7 -9 -2 5 -9 -14 -8 6 18 9 -5 -12 -17 -32 -25 -4 15 20 25 12 9 -1 -4 0 -3 -3 10 9 3 4 1 -6 -13 -12 -12 -15 -19 -28 -35 -47 -58 -65 -78 -83 -89 -78 -35 10 54 110 150 171 166 155 126 92 68 69 63 45 5 -31 -79 -148 -163 -127 -84 -52 4 36 34 16 -19 -71 -100 -106 -81 -25 36 83 97 59 3 -32 -33 -2 48 80 100 94 52 -5 -62 -101 -92 -57 -20 22 48 63 52 13 -31 -56 -63 -48 -16 21 32 18 1 -33 -51 -47 -25 -5 1 0 2 5 23 18 13 3 3 0 -30 -40 -11 5 5 5 12 24 25 23 28 25 8 -9 -16 -9 7 29 33 29 -38 -26 -37 -17 -42 -8 -61 -46 -80 -50 -59 -8 -11 35 47 94 98 130 118 130 115 108 88 74 35 -12 -65 -101 -129 -145 -132 -105 -67 -44 -47 -58 -65 -66 -45 -6 32 58 50 8 -42 -51 -50 -30 20 90 126 146 128 96 42 -4 -39 -47 -19 13 38 52 22 -14 -47 -79 -79 -53 -7 38 57 45 13 -27 -62 -78 -67 -42 -1 35 49 53 35 7 -2 -14 -12 4 14 34 47 36 10 0 -6 -16 -19 -15 -7 115 12231 305 2670
-1 -5 -7 -4 6 14 7 -4 -13 -10 -11 -27 -31 -15 1 15 18 0 14 31 14 -13 -11 -12 -22 -8 19 39 38 19 9 -4 -26 -13 6 -1 -26 -45 -32 -13 -2 11 24 34 28 -2 -22 -27 -30 -42 -39 -33 -31 -33 -43 -60 -75 -89 -83 -50 13 92 142 172 187 177 150 122 107 109 93 64 20 -27 -67 -99 -117 -119 -106 -83 -56 -31 -18 -15 -23 -59 -87 -102 -91 -47 2 37 68 64 42 22 11 10 23 54 79 70 47 23 -4 -28 -50 -47 -35 -12 9 18 22 6 -14 -26 -48 -56 -48 -32 -13 -14 -16 -15 -21 -27 -22 -5 12 20 30 30 27 19 11 14 6 0 0 -2 6 15 26 32 18 9 1 -12 -24 -23 -10 2 4 0 5 13 10 -1 -2 -4 3 -3 -23 -41 -65 -74 -72 -65 -36 3 34 49 53 77 91 96 105 124 138 139 126 106 66 6 -66 -123 -146 -185 -141 -126 -94 -100 -65 -109 -85 -87 -28 -37 -1 2 49 30 28 -10 2 -2 30 39 74 106 137 129 97 40 1 -20 -24 -11 14 38 33 -2 -38 -68 -69 -44 -16 -1 -2 0 -8 -22 -41 -53 -52 -42 -23 10 30 49 55 50 38 14 0 8 17 30 36 42 34 15 2 -6 -9 -10 -5 121 9620 305 2670
-28 -15 -2 4 9 12 1 -16 -11 3 7 10 10 6 -2 -6 4 14 18 21 13 6 -8 -16 -17 -2 7 0 1 -1 -10 -10 -16 -13 2 12 15 7 -1 6 4 -8 -14 -13 -6 1 -1 -11 -18 -28 -38 -48 -61 -72 -76 -95 -97 -78 -42 18 77 123 159 171 174 164 149 134 119 103 75 44 7 -53 -118 -132 -148 -134 -95 -47 -28 -23 -23 -47 -68 -86 -87 -58 -16 8 32 22 18 11 17 22 54 86 106 93 74 43 14 -32 -64 -63 -56 -41 -18 6 17 7 -12 -30 -50 -51 -38 -13 20 26 6 -19 -20 -17 -19 -29 -26 -3 31 45 61 55 26 1 -25 -45 -51 -38 -10 7 6 3 0 2 8 5 11 16 22 12 9 22 39 47 29 6 0 -10 -16 -11 -10 -7 -26 -46 -48 -55 -61 -57 -49 -28 -6 20 49 80 110 131 145 149 146 138 110 70 17 -37 -80 -122 -144 -135 -127 -117 -107 -104 -104 -93 -68 -46 -27 -1 30 36 8 -18 -24 -44 -15 21 57 97 131 137 117 80 48 21 2 9 10 21 14 10 -10 -32 -57 -57 -52 -30 -14 4 6 7 -9 -35 -47 -47 -43 -23 -4 7 24 28 31 22 9 14 25 36 38 35 26 19 4 -16 -37 -34 -18 4 18 126 6523 305 2670
-17 5 3 7 -11 9 -15 8 -6 14 -9 -2 -21 -5 -23 5 0 19 8 20 2 2 -12 -7 -7 3 -3 6 4 -3 -4 -4 -3 -5 -5 4 3 6 15 15 7 0 -7 -9 -12 -11 -4 -11 -18 -36 -44 -55 -51 -56 -65 -73 -76 -77 -42 1 65 114 146 169 173 162 143 100 68 55 45 35 15 -7 -38 -80 -136 -160 -126 -75 -32 4 14 2 -36 -71 -88 -96 -82 -31 16 51 68 72 62 38 16 9 28 58 80 81 54 2 -42 -64 -48 -29 -7 19 27 11 -21 -51 -54 -53 -57 -58 -44 -20 -9 -3 1 0 -3 -5 -8 -6 28 43 66 49 41 -11 -1 -16 -15 -31 2 -6 14 -3 18 -7 -1 -12 -1 -17 -6 -16 -9 -10 7 10 23 14 3 -2 -9 -22 -14 -11 -15 -24 -32 -29 -28 -32 -25 -16 5 31 60 86 97 108 111 117 108 96 74 51 17 -22 -77 -106 -125 -128 -126 -110 -85 -63 -65 -67 -65 -50 -25 3 29 43 39 24 1 -22 -30 -6 40 90 132 146 137 102 43 -16 -55 -57 -19 13 21 19 1 -27 -60 -78 -73 -49 -11 15 13 2 -10 -24 -41 -52 -39 -9 29 49 51 50 38 25 12 0 3 17 26 31 30 23 14 -5 -25 -44 -47 -29 1 130 11027 305 2670
19 23 25 20 29 38 41 29 15 17 18 4 1 -5 -10 -16 -28 -34 -35 -44 -41 -34 -17 -16 -26 -22 -8 12 14 5 3 5 10 5 10 37 51 57 46 20 12 5 -8 -11 -12 -13 -13 -6 -6 -23 -47 -74 -94 -117 -137 -121 -92 -57 -24 4 49 89 126 170 179 175 173 165 154 136 115 87 45 -5 -70 -128 -157 -140 -91 -50 -24 -4 10 4 -46 -102 -129 -138 -126 -93 -42 30 70 66 43 2 -18 -2 27 51 70 72 50 16 -24 -46 -33 -6 29 23 52 23 16 -10 35 -12 -1 -22 9 -26 -9 -34 -5 -28 -15 -37 -26 -45 -30 -29 -14 -6 5 -10 -12 -18 -12 -6 0 14 34 36 37 32 26 13 5 16 35 35 28 26 22 11 5 2 -1 -2 -10 -20 -26 -47 -51 -58 -64 -70 -79 -74 -56 -45 -22 -3 31 76 114 127 144 163 171 159 128 89 61 24 -26 -67 -104 -123 -128 -140 -144 -153 -148 -126 -105 -83 -55 -20 17 40 34 3 -26 -36 -28 -1 36 84 133 164 157 122 81 50 10 -23 -29 -10 31 51 35 8 -29 -49 -63 -86 -93 -63 -23 -9 -8 -9 -16 -27 -33 -28 -8 26 2 47 47 73 28 53 22 26 -12 38 31 50 2 0 -34 -24 -26 14 14 135 15978 305 2670
0 0 5 4 5 -2 -7 -2 -2 0 4 9 9 -4 -17 -21 -15 -9 -5 2 -1 4 13 4 -8 -11 -7 5 11 14 16 3 -8 -19 -30 -24 -9 4 10 14 14 14 22 19 3 -10 -19 -19 -18 -20 -21 -24 -28 -49 -82 -103 -113 -109 -91 -58 -18 89 124 196 193 219 172 158 102 108 57 57 26 24 -49 -76 -114 -113 -102 -66 -45 -12 -16 -26 -38 -55 -69 -85 -92 -78 -39 5 41 49 30 7 -1 8 40 65 75 80 66 36 3 -20 -29 -33 -28 -8 3 17 22 19 2 -23 -49 -65 -69 -51 -29 -9 -4 -12 -33 -46 -36 -16 6 31 31 20 13 6 -1 -1 4 13 17 20 15 12 15 17 11 5 7 4 -5 -5 -7 -6 9 7 1 2 -3 -7 -15 -20 -25 -22 -21 -23 -27 -31 -37 -45 -46 -33 -15 4 41 74 98 120 129 138 153 154 142 112 74 20 -49 -104 -145 -169 -169 -158 -136 -94 -57 -57 -72 -62 -56 -61 -27 6 14 7 -2 -9 -17 -8 21 62 108 131 142 139 109 74 38 4 -18 -16 9 25 0 -42 -70 -76 -68 -47 -15 14 30 19 -22 -51 -66 -71 -56 -40 -19 4 19 34 42 44 42 32 20 11 20 35 53 65 45 12 -12 -21 -12 -5 -3 140 12952 305 2670
-3 6 3 11 13 2 -2 -15 -16 -7 -17 -16 1 4 11 11 2 -9 -20 -14 -5 -3 1 5 9 5 2 1 -1 7 3 12 26 14 1 -9 -18 -17 -25 -19 7 16 15 10 0 -11 -28 -43 -54 -49 -44 -53 -75 -106 -107 -87 -50 12 61 101 134 147 166 172 159 172 178 152 105 58 13 -49 -113 -151 -148 -127 -107 -67 -24 -4 -16 -58 -87 -102 -108 -76 -34 0 33 31 26 34 34 27 15 16 38 68 89 92 71 35 2 -44 -85 -76 -43 -7 19 18 6 -11 -34 -33 -25 -31 -30 -27 -31 -32 -19 -12 0 -7 -12 -17 3 18 32 25 18 9 -3 -1 -1 -6 7 12 9 6 -2 7 14 12 19 20 6 4 7 8 9 17 16 11 6 -7 -10 -18 -38 -36 -37 -37 -34 -56 -67 -73 -65 -34 -6 33 74 94 112 133 149 154 159 159 136 103 49 -19 -72 -122 -145 -148 -148 -141 -137 -129 -107 -95 -81 -62 -33 8 32 31 18 -5 -35 -40 -20 6 51 102 127 133 124 101 68 24 8 21 30 38 25 7 -3 -33 -68 -102 -65 -53 -21 3 22 9 6 -15 -36 -73 -62 -36 -8 22 52 62 46 29 18 24 10 12 18 10 4 12 9 19 14 10 9 19 -3 -22 -31 145 9947 305 2670
11 7 2 -3 0 -5 -1 1 -11 -5 -1 -5 -8 -8 7 9 -7 -21 -20 -13 -10 2 12 10 10 -11 -14 4 10 19 26 21 6 -14 -7 19 17 8 -8 -49 -106 -154 -153 -107 -45 7 62 104 90 59 22 -3 21 44 52 61 34 -13 -47 -58 -18 61 138 182 162 100 33 -12 -40 -23 25 55 53 20 -18 -62 -105 -106 -74 -49 -19 3 5 -19 -53 -72 -59 -39 -6 16 2 -25 -32 -36 17 32 52 70 58 -11 -63 -78 -70 -32 1 28 23 -18 -42 -40 -55 -34 -11 14 21 16 3 6 -14 -28 -28 -12 9 43 55 56 51 25 17 23 19 21 28 24 20 4 -8 -11 -12 2 25 32 24 11 -1 -26 -36 -44 -24 -18 -26 -34 -40 -42 -35 -44 -39 -23 -19 -13 11 39 76 113 143 140 86 23 -28 -57 -68 -52 -12 45 74 51 20 -6 -36 -42 -30 -6 21 -3 -64 -115 -149 -145 -85 -20 25 34 4 -34 -60 -74 -41 15 60 79 71 34 1 -18 -10 24 54 84 102 80 46 13 -24 -26 -19 -13 -8 -29 -49 -42 -35 -11 -4 53 79 72 30 2 -17 -28 -8 33 48 42 34 7 -11 -41 -22 4 20 10 8 3 14 -2 -14 -18 -5 -8 -15 -22 -29 -37 -51 -52 -23 151 6034 305 2670
21 10 -5 -24 -23 -10 -6 -6 -1 2 1 -4 -10 -9 -1 3 1 0 -5 0 1 -1 7 11 15 12 -9 -10 -10 -14 1 13 16 20 13 7 -5 -7 -2 -1 -4 -7 4 -5 -13 -7 -19 -26 -24 -33 -32 -52 -68 -79 -91 -88 -78 -53 -3 45 93 138 168 172 152 147 139 109 95 100 102 73 32 -13 -83 -145 -185 -184 -130 -87 -36 10 -1 -48 -84 -148 -113 -124 -72 -26 86 73 96 65 76 29 48 44 98 75 78 66 62 27 12 -33 -45 -49 -34 -15 -1 -2 5 -10 -43 -63 -57 -54 -52 -55 -54 -42 -46 -53 -43 -16 23 46 35 33 31 28 38 29 11 11 8 4 3 9 19 25 13 1 2 -9 -24 -21 -16 4 18 14 17 8 -3 -8 -19 -12 -2 -7 -8 -16 -26 -32 -33 -49 -69 -70 -65 -48 -23 18 68 99 113 133 130 126 118 102 85 54 1 -45 -84 -107 -122 -133 -130 -115 -98 -88 -72 -59 -44 -23 -4 22 35 28 19 0 -16 -15 -5 23 69 108 139 144 121 84 30 29 -24 2 -6 31 9 38 -12 -27 -82 -45 -62 -38 -46 -1 3 13 -31 -33 -48 -48 -54 -39 -14 19 35 52 56 52 53 55 41 27 29 34 24 3 -28 -36 -28 -11 16 32 25 156 4778 305 2670
-28 -17 -27 1 -14 10 5 8 -7 -4 -6 1 13 16 7 9 5 8 3 -4 12 11 -5 -16 -16 -10 -8 0 13 4 -3 -8 -16 -18 -25 -19 -24 -37 -51 -58 -63 -78 -88 -68 -53 -15 21 57 107 136 146 155 147 143 142 131 117 108 84 36 -36 -117 -166 -177 -175 -141 -94 -67 -36 -29 -43 -50 -69 -73 -47 -17 23 41 52 59 50 28 16 20 33 62 93 102 98 67 26 -13 -59 -79 -70 -52 -26 -6 14 38 15 -24 -33 -40 -48 -37 -23 -14 -9 -5 -5 -8 -24 -40 -48 -48 -24 8 30 61 66 42 14 -20 -20 -5 -7 -12 -12 5 28 30 27 30 12 -8 -17 -23 -8 30 45 36 17 -17 -44 -53 -59 -36 -14 -17 -21 -42 -64 -56 -39 -18 -1 9 33 73 101 115 125 135 146 152 131 102 62 18 -19 -72 -109 -126 -146 -150 -147 -151 -141 -132 -122 -94 -61 -14 44 78 84 74 49 21 7 6 25 53 74 103 114 96 70 34 1 8 7 3 10 13 2 -20 -59 -83 -94 -87 -52 -8 14 26 27 3 -18 -34 -40 -30 -20 -4 25 33 32 17 -7 -16 -24 -12 34 62 78 89 74 45 25 17 13 18 16 -3 -33 -56 -46 -31 -41 -46 -42 -39 -44 -68 -78 -53 -38 161 10057 305 2670
-6 4 7 33 39 24 8 -29 -55 -46 -40 -20 -3 9 11 4 -5 -12 -6 -2 3 10 13 10 7 9 35 36 22 23 17 10 -5 -28 -17 -6 1 11 9 6 10 1 -16 -20 -24 -29 -22 -18 -13 -2 -16 -20 -26 -38 -32 -28 -39 -50 -67 -50 14 79 130 170 165 121 52 -13 -47 -57 -45 -5 49 68 53 14 -37 -67 -79 -68 -16 16 32 17 -26 -73 -111 -125 -89 -45 -6 -6 -41 -73 -71 -36 20 93 130 103 49 -13 -45 -30 6 53 91 97 81 39 -12 -35 -23 23 52 60 43 15 -22 -32 -32 -30 -24 -19 -25 -23 -29 -47 -33 -6 21 29 23 24 15 -10 -26 -34 -21 11 34 32 28 24 16 6 -14 -25 -8 -1 -14 -13 -7 3 -10 -32 -31 -29 -25 -14 -15 -3 9 6 13 19 19 20 21 18 21 17 12 12 18 19 24 14 4 9 4 -7 1 -7 -18 -29 -37 -27 -17 -12 3 10 14 13 1 -4 -6 -18 -27 -10 -2 0 14 22 23 13 -11 -24 -40 -32 -1 20 34 39 18 3 -11 -18 -27 -29 -36 -26 2 28 47 35 8 -10 -39 -51 -25 -10 8 41 39 27 6 -29 -31 -23 -8 0 7 0 5 10 23 29 17 -6 -13 -13 -5 0 -6 6 12 166 2050 305 2670
-18 -2 11 28 26 8 7 12 -2 -13 -17 -2 17 24 21 16 -3 -17 -14 -10 -3 2 -16 -27 -19 -8 4 8 -2 -6 -12 -16 -7 -6 0 1 -18 -28 -39 -55 -67 -76 -76 -63 -43 -20 21 60 91 126 141 131 163 114 137 116 117 71 90 24 -14 -117 -135 -177 -163 -165 -93 -60 -22 -24 -24 -45 -45 -56 -47 -17 14 52 68 56 47 12 -8 -1 10 35 66 90 99 70 28 -13 -30 -46 -49 -41 -18 6 2 -12 -16 -38 -53 -52 -51 -27 8 16 25 25 13 -3 -27 -38 -39 -39 -21 11 37 49 60 53 33 11 -11 -7 -9 -19 -5 4 2 7 2 -2 -6 -22 -23 -16 -1 20 46 64 57 20 -18 -35 -42 -45 -42 -54 -65 -49 -31 -15 -8 -18 -11 -2 2 29 64 107 143 136 127 115 97 72 36 2 -32 -55 -82 -107 -126 -132 -114 -108 -131 -131 -119 -94 -43 -9 40 82 82 71 52 18 1 -3 16 44 69 79 87 89 59 28 1 -17 -5 6 21 38 26 -4 -42 -76 -81 -85 -69 -24 9 30 38 25 -1 -21 -40 -43 -19 8 29 43 36 24 3 -23 -24 -22 -2 27 26 37 54 35 18 5 -6 -17 -25 -17 10 23 21 18 2 -28 -38 -38 -24 -5 -2 -5 -7 171 4555 305 2670
-17 -13 -11 -11 2 4 -5 -12 -14 -9 0 -5 -6 -10 0 3 -1 -8 -8 3 6 16 25 11 11 16 4 -8 -23 -20 -8 -2 5 16 9 11 1 -13 -17 -9 -7 -3 7 12 26 23 1 -7 -3 -1 10 -4 -21 -30 -28 -7 29 57 69 61 25 -38 -118 -172 -171 -135 -72 9 72 100 84 40 10 -1 16 67 114 135 128 81 14 -38 -50 -12 43 72 69 36 -19 -50 -49 -31 1 25 5 -45 -106 -144 -135 -110 -69 -15 8 7 -10 -35 -40 -31 -14 21 44 42 32 17 4 4 20 38 55 57 44 27 9 0 10 -10 42 25 5 -21 -25 -63 -43 -40 -10 -3 9 2 -2 -27 -36 -25 -10 7 22 22 16 4 -12 0 3 6 20 10 13 6 -2 3 14 8 17 8 -2 -17 -19 -17 -13 -16 -14 -4 -3 -14 -6 -10 -5 -4 -21 -18 -20 -37 -36 -47 -28 29 83 148 203 189 127 50 -16 -68 -91 -66 -1 53 57 26 -21 -87 -122 -117 -83 -13 40 49 12 -63 -118 -143 -136 -80 -22 3 -6 -30 -32 -10 38 94 136 142 105 47 -13 -37 -19 14 69 93 76 52 3 -32 -29 -23 4 27 24 14 -10 -42 -57 -57 -51 -30 -9 -4 -13 -28 -49 -35 -16 36 25 38 24 176 6979 305 2670
0 3 11 3 -1 -4 -7 -13 -3 3 9 15 6 4 6 -1 5 7 -7 -6 -8 -4 4 -4 -2 10 5 4 4 2 3 2 0 2 -1 -16 -26 -38 -55 -57 -63 -76 -80 -80 -57 -12 22 61 106 131 148 138 117 101 78 70 88 101 113 104 43 -49 -142 -203 -203 -175 -138 -62 -3 14 7 -31 -79 -83 -96 -76 -4 60 83 106 81 47 -15 -42 -28 23 56 96 103 85 33 5 -25 -42 -71 -36 0 -9 -13 3 -1 -21 -62 -90 -66 -39 -18 17 45 38 11 -25 -47 -49 -39 -4 33 35 33 32 8 1 -17 -20 -5 5 14 30 20 20 18 6 -8 -19 -27 -16 -5 4 19 26 21 22 14 -2 -13 -33 -41 -32 -25 -9 -10 -25 -33 -40 -38 -36 -40 -18 28 64 86 101 108 114 115 104 100 90 60 20 -28 -69 -88 -99 -98 -92 -110 -112 -108 -116 -112 -99 -68 -17 28 71 97 89 53 13 -24 -34 -15 21 73 121 130 118 82 20 -19 -35 -37 -7 22 47 62 32 -18 -69 -104 -107 -90 -62 -22 19 44 48 25 -19 -29 -27 -28 -7 16 40 58 43 27 7 -17 -23 -18 -7 25 47 45 29 -5 -38 -41 -20 5 30 39 46 44 3 -34 -57 -69 -54 -34 -9 22 30 23 180 15964 305 2670
5 -2 -5 -4 -8 -4 6 3 2 -4 -9 -4 3 4 9 -2 -19 -22 -20 4 24 -5 21 3 -13 -14 8 9 33 43 51 39 36 36 49 40 29 14 -6 0 -11 -40 -56 -78 -111 -113 -106 -100 -104 -136 -153 -142 -102 -33 46 89 106 97 64 39 41 69 128 173 177 160 93 2 -58 -101 -99 -60 -13 39 56 32 7 -43 -98 -122 -114 -78 -21 10 15 2 -26 -41 -28 -12 6 43 68 79 58 18 6 -3 -4 21 40 59 69 50 16 -7 -5 0 -5 7 26 28 21 15 -1 -27 -34 -40 -49 -43 -46 -21 14 20 25 18 8 9 -25 -47 -40 -27 -14 3 10 16 23 18 15 29 32 28 24 13 18 38 60 75 50 35 -25 -48 -58 -71 -104 -76 -67 -71 -91 -83 -83 -81 -86 -71 -40 6 54 86 108 105 101 88 108 145 159 147 101 27 -28 -55 -48 -9 18 25 -14 -86 -137 -161 -153 -102 -34 13 42 32 -14 -61 -105 -120 -86 -39 14 75 108 118 87 28 -11 -28 -23 22 63 88 80 40 -8 -49 -69 -61 -24 9 35 43 15 -16 -44 -71 -63 -36 -13 12 10 2 3 -14 -29 -30 -22 -9 11 29 37 34 28 22 2 -23 -21 -13 -4 23 37 45 56 52 30 -2 -15 185 14136 305 2670
6 4 -9 -18 -1 17 17 7 -5 -17 -16 -12 -7 11 17 14 14 -2 -13 -9 -3 5 1 -9 -1 13 12 5 -12 -18 -7 -1 -1 -8 -16 -21 -25 -40 -49 -45 -44 -47 -62 -85 -74 -45 -7 49 86 123 143 142 136 125 108 104 96 85 82 62 10 -53 -121 -172 -187 -169 -117 -46 1 16 13 -22 -56 -84 -91 -51 -7 30 68 66 53 37 1 -13 -3 22 60 98 106 99 67 -1 -60 -86 -103 -78 -25 26 77 74 37 -9 -64 -85 -83 -72 -17 20 35 21 2 -13 -37 -66 -68 -47 -7 30 67 77 68 36 -12 -30 -30 -28 -13 -10 -2 24 36 43 41 19 1 -15 -35 -29 4 15 16 36 22 -17 -36 -46 -34 -34 -36 -16 -3 -14 -27 -29 -18 -11 -9 -1 9 31 60 82 98 103 118 128 123 100 63 26 -19 -59 -87 -110 -112 -116 -127 -128 -125 -121 -97 -86 -62 -23 18 64 93 95 79 45 1 -32 -34 -3 46 95 117 123 95 49 5 -29 -32 -17 -3 25 33 13 -22 -70 -97 -100 -84 -47 5 45 70 62 18 -25 -52 -72 -53 -14 16 53 60 38 17 -17 -37 -23 -4 24 41 55 54 47 17 -12 -31 -36 -32 -20 -12 19 36 32 20 -3 -14 -24 -51 -60 -45 -32 -10 191 3538 305 2670
14 14 1 -11 -13 -11 -10 -10 -2 11 11 13 11 -4 -15 -6 -4 -5 3 4 13 16 2 -3 -5 -2 7 -8 -19 -22 -20 -8 9 4 0 -5 -22 -43 -69 -85 -81 -81 -80 -49 -16 20 66 89 104 124 127 117 105 99 112 117 106 91 60 11 -37 -96 -163 -201 -197 -156 -86 -22 31 54 22 -38 -86 -102 -76 -41 10 74 93 81 56 20 -12 -25 -15 33 81 107 102 75 36 -9 -57 -88 -79 -48 -15 19 14 8 0 -38 -53 -47 -33 8 29 30 19 -11 -30 -40 -62 -54 -7 14 17 37 33 17 4 -14 -7 -11 -36 -21 3 2 11 24 25 17 -6 -13 -15 -20 -5 29 42 43 42 28 14 -13 -45 -41 -32 -19 -2 -5 -1 -2 -20 -29 -48 -56 -38 -13 19 63 100 123 132 125 108 95 74 54 32 -6 -33 -57 -90 -90 -93 -108 -112 -128 -135 -122 -106 -63 -14 23 63 84 89 86 49 -11 -54 -72 -49 16 97 163 199 168 88 0 -78 -106 -94 -48 21 55 50 28 -34 -101 -133 -128 -81 -15 34 65 79 50 -1 -47 -73 -58 -14 26 63 59 43 30 -4 -30 -34 -18 31 57 46 42 30 3 -38 -61 -31 -5 -6 11 41 34 12 8 -9 -23 -27 -35 -14 -6 -11 18 26 196 1265 305 2670
15 2 -2 -7 1 4 -8 -6 2 3 1 -3 -7 -10 -15 -17 -5 12 18 18 16 7 0 -11 -11 3 5 8 4 -7 -8 0 -5 -13 -15 1 -1 -30 -49 -60 -80 -99 -98 -94 -59 7 73 113 119 123 138 118 93 88 91 94 99 89 61 1 -66 -118 -165 -192 -169 -101 -15 36 39 17 -2 -38 -76 -92 -91 -58 -2 47 88 94 70 42 0 -28 -27 8 66 103 99 62 1 -59 -93 -91 -63 -15 22 26 20 6 -10 -5 -4 -6 -7 -9 3 17 11 8 3 -43 -15 -37 -14 -20 31 0 24 -3 13 -35 -24 -50 -10 -18 14 1 16 16 25 10 11 -2 0 8 18 22 31 29 20 6 -7 -17 -25 -29 -19 -8 -7 -6 -10 -23 -35 -52 -56 -45 -34 -3 23 46 76 104 113 116 99 102 102 80 44 11 -33 -61 -86 -114 -127 -121 -114 -110 -101 -94 -72 -55 -23 27 48 53 61 42 13 -18 -36 -29 3 47 97 131 130 111 70 17 -33 -63 -57 -18 12 26 30 14 -21 -66 -100 -85 -44 3 53 76 71 40 -13 -51 -67 -60 -30 1 10 7 -7 -20 -11 3 8 17 28 31 28 13 8 4 -22 1 -24 11 22 55 19 63 31 27 -31 -10 -36 -9 -27 4 -19 -17 -33 201 15744 305 2670
4 3 11 6 -4 7 5 8 11 16 20 15 9 6 -21 -34 -17 -5 4 3 -4 -5 -8 -10 -12 -13 -12 6 20 9 10 10 -7 -9 -15 -19 -21 -33 -40 -46 -56 -59 -69 -69 -50 -24 12 55 92 113 126 124 125 125 114 108 110 97 76 33 -30 -83 -135 -172 -176 -151 -93 -27 3 12 -2 -29 -61 -96 -109 -69 -8 32 60 73 61 47 18 -2 8 25 61 102 109 94 55 -3 -38 -66 -80 -59 -31 -17 -10 -16 -18 -18 -25 -28 -26 -14 2 7 -9 -9 -12 -36 -41 -27 -13 5 28 54 69 47 24 6 -3 -2 -1 -2 4 -4 -16 -18 -21 -26 -28 -38 -38 -23 -7 12 46 53 37 10 -14 -10 -2 1 2 -7 -14 -14 -22 -31 -29 -29 -20 -11 -9 6 26 43 72 96 105 118 117 110 95 74 56 26 -30 -71 -94 -114 -118 -123 -128 -128 -137 -139 -119 -92 -48 6 45 74 89 73 46 16 -17 -16 10 38 80 112 124 121 86 42 15 -21 -25 -5 13 30 24 -5 -38 -77 -105 -101 -64 -21 19 38 39 29 -4 -30 -37 -40 -20 0 6 16 13 5 6 -3 -4 12 28 41 48 51 44 21 -15 -25 -23 -36 -26 5 15 22 8 -12 -21 -34 -36 -17 3 16 12 -2 -7 207 4748 305 2670
29 25 6 -14 -19 -14 -12 -6 -16 -24 -18 -18 -9 9 4 8 4 -13 -11 -7 -4 10 17 11 3 -8 -6 9 18 8 4 -8 -2 5 -8 -12 -16 -23 -24 -46 -60 -61 -89 -102 -96 -75 -37 8 57 114 151 166 164 146 133 131 126 119 104 50 2 -49 -140 -184 -170 -145 -99 -52 -10 33 19 -29 -47 -71 -96 -82 -44 0 30 45 61 51 15 -9 2 21 45 62 68 74 38 -11 -38 -67 -71 -51 -23 13 32 30 21 -10 -38 -35 -30 -25 6 33 31 9 -18 -28 -33 -45 -44 -18 -4 22 37 39 38 7 -27 -45 -62 -49 -10 24 48 45 24 12 11 -3 -17 -18 -6 21 49 52 52 43 28 3 -39 -49 -35 -22 2 5 -26 -40 -47 -50 -54 -62 -50 -48 7 12 53 87 144 128 127 122 153 129 120 71 28 -25 -62 -107 -128 -153 -142 -124 -109 -98 -96 -101 -81 -48 -7 27 54 70 39 -19 -45 -54 -51 -11 58 116 151 148 119 93 27 -30 -21 -5 -6 15 29 23 -11 -50 -63 -60 -60 -37 12 44 51 36 9 -12 -50 -80 -64 -51 -31 6 27 42 40 28 17 -6 -15 7 22 23 30 26 20 11 -11 -35 -27 -19 -1 28 30 33 31 -2 -25 -49 -61 -36 -14 1 8 212 10394 305 2670
3 -16 -27 -19 -4 5 11 2 -7 4 -6 -7 2 5 9 9 -9 -7 -1 -1 3 1 -6 -6 -6 -11 -8 -4 3 10 8 4 -2 -28 -34 -37 -43 -34 -19 -10 -8 -36 -61 -68 -70 -47 2 49 97 138 155 159 134 104 82 64 48 51 52 38 -3 -80 -151 -179 -173 -121 -47 2 33 38 18 -16 -63 -88 -71 -41 -6 26 45 48 39 12 -15 -24 -13 25 67 92 104 73 -1 -59 -91 -78 -28 10 45 60 30 -2 -32 -61 -53 -33 -19 1 8 1 -6 -19 -15 -14 -26 -26 -8 -1 15 43 53 61 23 -29 -36 -11 -8 7 5 23 24 6 -11 8 15 6 -5 -23 -9 3 0 2 13 13 9 -18 -38 -32 -25 -13 3 2 -2 -2 -16 -30 -42 -42 -35 -17 15 62 95 110 126 120 110 98 75 62 40 -5 -34 -65 -138 -108 -134 -126 -137 -84 -106 -64 -77 -11 -13 33 35 93 76 79 25 -13 -60 -57 -48 14 58 104 135 124 87 40 -17 -43 -39 -15 24 36 23 1 -43 -82 -95 -83 -48 5 47 74 70 10 -52 -89 -96 -66 -14 35 74 68 45 1 -51 -61 -43 -18 24 68 95 81 42 18 -4 -17 -42 -49 -30 5 51 62 42 3 -31 -38 -34 -57 -33 -24 -15 -23 -25 218 23 305 2670
23 11 -42 -86 -105 -93 -44 3 32 35 26 -7 -32 -38 -23 7 22 15 11 -18 -57 -67 -59 -37 -8 9 19 -4 -31 -29 -11 10 35 51 58 54 20 -23 -50 -59 -55 -33 -22 -15 -4 0 32 61 74 106 127 139 151 144 135 128 106 94 78 46 8 -43 -117 -188 -223 -227 -193 -133 -87 -64 -65 -61 -36 -12 28 97 132 137 95 40 4 -22 -26 3 43 66 68 57 26 -8 -21 -10 19 19 2 -26 -81 -124 -139 -113 -50 -43 -42 -15 -44 -93 -87 -45 22 78 101 93 53 -25 -81 -83 -55 7 84 114 95 43 0 -12 -12 11 46 64 75 56 -5 -42 -51 -48 -21 8 13 16 7 0 4 15 42 58 50 28 -3 -41 -48 -39 -26 10 31 15 -13 -50 -69 -63 -43 9 77 127 142 119 92 75 56 38 39 25 -6 -26 -56 -96 -127 -154 -157 -142 -133 -118 -101 -79 -48 -24 7 52 81 106 108 65 7 -25 -28 6 59 91 111 115 85 40 -11 -37 -21 -1 14 25 11 -8 -28 -61 -76 -75 -72 -53 -26 -3 34 58 55 31 -8 -30 -24 -29 -10 25 37 24 -5 -18 -15 -41 -43 -5 5 5 17 20 17 14 -8 -8 -9 -25 -10 31 28 24 20 9 4 -5 -15 -8 -10 -7 7 222 5754 305 2670
-36 -39 -20 2 21 32 30 28 20 -19 -39 -29 -18 -8 -4 4 27 28 15 13 9 2 -16 -28 -10 9 22 29 8 -5 -9 -11 -8 -5 -18 -36 -47 -54 -49 -42 -62 -77 -78 -82 -61 -22 28 88 125 137 150 147 151 144 135 132 118 76 24 -27 -83 -127 -155 -171 -145 -83 -72 -21 -23 -11 -62 -50 -77 -48 -61 13 28 64 35 35 2 17 5 33 57 88 85 82 49 8 -28 -59 -55 -48 -46 -31 -9 -4 2 -4 -5 -6 -19 -27 -19 -4 0 0 -6 -5 -12 -34 -33 -21 -6 21 39 37 38 25 11 4 -13 -14 -4 -12 -14 -15 -24 -13 -3 7 29 38 36 34 11 4 4 -3 -7 -3 -8 -8 -6 -14 -9 -13 -32 -40 -50 -57 -44 -34 -17 -8 -6 1 35 73 108 117 121 130 139 140 132 105 56 4 -70 -126 -147 -158 -145 -138 -152 -147 -142 -128 -84 -33 2 45 68 75 61 38 20 10 2 10 41 68 99 114 106 90 64 29 10 -10 -13 -5 -9 -12 -20 -48 -71 -85 -81 -49 -18 9 37 40 21 3 -20 -34 -38 -34 -19 3 10 34 41 21 9 5 1 13 15 19 38 36 17 -5 -27 -32 -20 -18 -4 5 9 18 23 12 9 -4 -24 -31 -40 -34 -14 -20 -10 227 3916 305 2670
0 -26 -36 -36 14 52 53 35 3 -44 -78 -83 -48 11 54 65 25 -42 -88 -114 -114 -78 -43 -19 -15 -44 -60 -44 -8 53 117 146 140 97 39 8 -11 -6 24 35 15 -15 -54 -84 -101 -106 -90 -82 -95 -97 -79 -56 -21 26 69 103 88 54 31 10 29 87 142 184 191 141 57 -40 -106 -114 -73 -18 37 63 46 6 -53 -104 -109 -85 -35 14 22 16 -8 -50 -70 -77 -52 -2 27 45 38 8 -15 -28 -36 -30 -4 20 56 76 48 24 14 2 -7 -17 -7 19 18 29 44 26 16 9 -3 4 4 -8 0 8 10 11 9 0 -7 -22 -24 -11 -11 -14 -22 -32 -13 3 12 38 41 29 19 1 1 13 23 45 50 32 12 -11 -38 -63 -86 -101 -99 -95 -105 -99 -100 -104 -90 -79 -46 0 33 75 97 97 117 123 121 139 153 149 113 61 15 -15 -42 -40 -9 8 3 -24 -71 -107 -133 -128 -72 -12 37 70 46 -1 -55 -103 -104 -72 -18 55 105 108 87 42 -8 -30 -33 -13 26 45 60 59 7 -47 -74 -82 -63 -30 11 44 41 16 -8 -42 -61 -59 -45 -9 17 20 28 25 -13 -36 -39 -39 -28 -17 4 25 23 22 24 10 8 4 -4 5 14 20 45 54 35 13 -4 -8 4 232 2762 305 2670
14 0 -26 -35 -22 -17 -2 35 44 40 20 2 -6 0 1 2 -7 -6 1 15 14 21 19 8 -2 -21 -35 -27 -19 4 13 -5 -10 -17 -29 -33 -35 -2 48 55 47 32 -17 -77 -117 -118 -80 -26 31 78 96 74 48 23 -3 15 44 78 100 75 12 -72 -151 -172 -147 -107 -51 -14 5 13 22 69 126 156 156 136 89 30 -8 -4 46 98 106 73 -2 -90 -146 -161 -120 -16 30 66 44 -8 -116 -143 -170 -118 -82 5 35 52 -20 -45 -80 -65 -31 32 68 95 55 14 -34 -74 -71 -38 -3 32 43 33 14 -15 -30 -8 17 44 71 77 61 45 21 9 4 -4 24 44 46 44 40 34 20 -8 2 -2 -8 11 27 1 -21 -23 -16 -15 -43 -57 -20 -10 -19 -10 -12 -16 -20 -36 -28 -4 22 60 89 104 95 44 -16 -56 -92 -99 -75 -63 -65 -64 -81 -95 -95 -89 -27 48 111 180 194 140 76 17 -5 12 28 44 27 -36 -90 -98 -78 -41 3 21 13 -39 -110 -135 -113 -60 19 67 78 57 -14 -82 -105 -81 -4 77 142 173 146 83 9 -56 -73 -29 32 77 88 53 -6 -64 -105 -79 -21 28 72 84 51 10 -39 -56 -37 -18 11 40 38 12 -25 -50 -51 -46 -41 -16 0 1 3 237 1362 305 2670
-11 -17 -11 -4 12 15 4 10 8 3 9 -8 -13 4 11 -1 -5 -6 1 -2 0 5 10 1 -1 1 0 4 0 -11 -4 -6 -10 -10 -16 -4 6 6 17 20 16 16 8 1 -7 -16 -14 -19 -36 -53 -53 -55 -50 -45 -63 -71 -68 -61 -35 -11 32 97 142 170 169 153 143 123 98 83 69 51 26 -27 -82 -113 -131 -130 -105 -62 -15 23 14 -34 -98 -141 -130 -84 -31 23 56 103 72 41 -8 -21 -36 8 46 88 108 113 73 19 -35 -50 -68 -81 -40 22 53 50 38 1 -39 -74 -79 -45 -36 -44 -17 8 -4 -19 -25 -14 -11 -21 -5 36 55 56 38 2 -19 -30 -32 -8 10 29 50 40 12 -1 -28 -23 -9 1 7 9 0 3 4 0 0 11 6 -1 -15 -29 -23 -35 -43 -41 -45 -39 -31 -39 -30 -11 16 46 70 95 119 130 128 121 108 98 82 49 16 -21 -70 -111 -140 -156 -146 -122 -107 -89 -75 -70 -68 -56 -22 19 42 50 42 22 -6 -28 -28 -3 44 96 148 162 132 80 20 -30 -39 -28 3 45 67 58 13 -42 -87 -121 -119 -70 -13 33 51 43 13 -32 -84 -111 -94 -55 5 70 104 114 83 20 -14 -18 -15 -2 13 40 52 43 27 4 -20 -37 -46 -30 -9 251 11039 305 2670
2 -2 2 16 8 -15 -18 0 7 2 21 35 18 -1 -14 -12 -20 -29 -12 6 -4 -17 -11 0 -10 -20 -3 1 -7 -10 -4 21 39 46 29 -5 -14 -8 11 18 7 2 3 5 6 -3 -9 -21 -22 -24 -50 -70 -79 -90 -91 -94 -92 -69 -36 19 71 115 151 179 183 162 137 121 115 112 91 61 23 -36 -95 -139 -152 -121 -79 -39 -8 -7 -19 -38 -69 -89 -96 -95 -62 -7 32 45 50 38 22 12 12 31 57 71 80 59 32 9 -22 -36 -38 -38 -8 7 2 1 5 0 -17 -34 -47 -45 -33 -26 -22 -31 -35 -27 -18 -1 3 6 25 26 9 -10 -24 -19 -13 -4 8 15 22 31 31 10 -2 -2 4 17 16 12 25 20 5 -5 -10 7 3 -21 -35 -43 -37 -15 -1 -12 -16 -2 -6 -36 -79 -96 -77 -51 -6 56 104 131 150 152 154 139 121 116 98 75 49 -6 -67 -122 -154 -163 -149 -130 -117 -122 -127 -118 -98 -66 -20 23 48 52 17 -20 -27 -32 -16 23 66 123 150 151 142 104 57 16 -15 -20 -11 5 16 20 -7 -54 -79 -87 -68 -35 -7 31 33 4 -14 -36 -46 -47 -48 -25 -7 11 32 41 48 38 23 10 9 23 23 28 32 20 19 1 -15 -4 2 14 17 294 8321 305 2670
-28 -10 0 -1 1 -6 -14 1 10 12 22 15 1 4 10 10 7 0 2 -8 -21 -13 -7 -5 9 7 -8 -10 -18 -22 -8 7 12 8 -4 -18 -31 -39 -28 -33 -57 -66 -72 -73 -58 -35 2 60 102 134 148 129 116 106 99 104 114 113 92 37 -32 -93 -158 -204 -196 -152 -86 -15 28 38 21 -26 -60 -81 -102 -56 16 48 66 67 57 33 -4 -13 17 55 80 99 97 58 1 -53 -90 -108 -87 -32 13 19 12 12 1 -33 -71 -54 -4 31 56 76 62 15 -35 -70 -86 -77 -47 -3 29 44 37 10 -4 -6 -17 -21 -16 -12 13 39 49 49 27 0 -29 -58 -57 -29 -4 23 28 25 27 22 -8 -30 -29 -29 -24 -17 -23 -16 -9 0 -1 -34 -45 -40 -35 -7 33 76 121 135 130 118 98 84 75 66 49 15 -34 -77 -111 -142 -145 -134 -130 -110 -100 -101 -86 -72 -36 15 40 74 98 88 54 10 -28 -43 -31 5 61 107 135 136 102 42 -21 -66 -43 -15 -3 42 57 12 -30 -68 -90 -86 -74 -22 41 60 56 55 18 -37 -65 -70 -46 -15 6 39 60 24 -3 -30 -45 -19 -1 28 64 61 59 59 30 2 -22 -28 -7 21 40 40 28 3 -22 -57 -88 -83 -63 -32 5 17 33 56 11753 305 2020
-15 -25 -16 7 14 5 -25 -55 -54 -54 -36 -16 22 51 28 -1 -6 -16 -21 -8 35 44 24 -9 -19 -4 2 21 63 59 41 31 4 -14 -22 -14 15 27 16 18 17 13 -2 -19 -20 -10 -10 -6 3 -3 -8 -14 -42 -55 -53 -45 -42 -70 -82 -35 35 102 152 175 166 113 28 -37 -73 -76 -53 -26 12 51 44 17 -8 -26 -25 -9 12 46 43 -13 -65 -103 -141 -135 -95 -39 12 13 -28 -58 -57 -16 37 80 96 72 16 -35 -68 -59 -7 38 56 67 51 18 3 -2 15 46 59 56 26 -14 -33 -34 -27 -10 -2 5 11 2 -12 -10 2 19 38 38 31 20 -5 -15 -26 -30 -8 14 30 44 30 11 -5 -17 -14 1 5 2 -3 -23 -43 -49 -47 -28 -22 -22 -8 -10 -9 -4 -7 -1 5 -1 8 11 11 13 8 1 2 6 1 9 18 16 17 9 2 4 -2 -8 -15 -28 -31 -35 -28 -1 10 19 31 18 5 -2 -13 -24 -25 -10 5 11 13 21 20 0 -16 -20 -26 -14 11 42 51 19 -4 -13 -35 -32 -23 -27 -29 -23 1 24 27 22 18 8 -12 -25 -27 -20 1 8 11 5 -10 -7 -8 -7 15 27 38 13 2 1 20 27 14 -8 -9 -2 -7 -7 -8 12 10 61 13393 305 2020
34 45 5 21 0 31 42 53 58 67 38 19 1 4 21 31 27 32 11 -18 -32 -40 -33 -18 -16 2 13 -13 -40 -54 -61 -62 -64 -56 -42 -41 -21 19 63 90 118 120 105 54 -6 -16 -18 -26 -11 12 31 40 15 -26 -67 -67 -29 31 62 75 33 -54 -139 -190 -175 -104 -36 29 57 17 -39 -67 -72 -34 28 73 93 65 3 -29 -35 -15 29 57 72 84 58 21 5 -2 17 39 44 40 21 -15 -38 -39 -27 -4 16 24 35 19 -8 -12 -10 8 23 25 33 15 -13 -21 -24 -9 18 43 53 44 18 -10 -23 -36 -41 -12 1 3 -11 -39 -52 -58 -61 -41 -30 -15 8 1 -10 -15 -19 -15 -4 11 23 21 20 24 23 4 -1 5 10 22 10 4 19 10 -7 -11 -16 -7 0 0 5 -6 -16 -18 -20 -16 -16 -8 13 21 13 8 9 0 -8 -17 -29 -21 -9 -1 17 19 23 27 8 -6 -15 -27 -18 -4 -1 3 6 2 -7 -22 -34 -27 -16 -22 -28 -33 -12 20 22 22 28 33 43 21 -11 -14 -18 -12 2 14 28 29 23 23 20 1 -16 -8 0 18 26 21 28 8 -21 -18 -11 -4 3 -1 1 0 -1 13 22 8 -3 0 1 -5 -9 -8 9 7 -1 5 -4 66 11602 305 2020
-22 -10 1 18 41 31 1 -14 -30 -19 -10 -16 -11 -12 -9 4 3 10 20 6 -7 -6 -5 0 7 9 8 9 -2 -4 -4 -7 13 18 -2 -10 -18 -18 -6 0 9 11 0 -9 -18 -16 -7 -11 -1 10 5 -3 -7 -32 1 13 48 18 67 13 -22 -114 -143 -170 -115 -90 -3 11 56 41 36 2 11 21 72 104 128 114 69 2 -42 -47 -8 70 122 139 134 73 9 -20 -18 23 55 50 32 -21 -69 -93 -97 -63 0 34 42 9 -43 -90 -93 -83 -53 4 31 30 -1 -37 -59 -87 -57 -7 -1 5 17 10 -4 -27 -33 -15 -19 -45 -46 -42 -38 -19 -6 -1 7 2 11 16 -15 -33 -20 0 29 51 64 75 50 15 5 -8 -4 29 56 64 54 27 15 6 -5 2 7 2 8 3 -11 4 16 9 -5 -29 -33 -26 -37 -47 -47 -39 -35 -37 -47 -59 -59 -13 12 68 89 170 128 110 36 6 -60 -46 -63 -1 8 48 27 14 -40 -36 -43 -10 24 58 44 -1 -74 -143 -164 -139 -84 -21 29 41 3 -41 -52 -40 -1 47 70 76 48 -3 -36 -48 -30 29 71 87 74 51 18 0 -12 14 49 52 34 16 -14 -45 -51 -17 2 12 29 35 16 -12 -8 5 10 10 13 21 -2 71 11119 305 2020
5 6 -12 -27 -18 -5 22 53 55 13 -30 -51 -42 -18 -6 3 7 -11 -10 0 2 21 15 -4 -39 -68 -53 1 22 42 30 -1 1 36 42 29 9 -24 -69 -121 -154 -123 -71 -21 31 42 41 31 -4 -9 16 48 98 119 93 44 -19 -81 -60 3 44 103 164 172 117 35 -12 6 30 52 53 30 -22 -85 -113 -99 -63 -6 45 50 14 -42 -81 -86 -65 -40 -8 9 -6 -34 -54 -72 -59 -29 -3 20 24 15 -10 -29 -15 -3 -13 -17 -28 -35 -36 -49 -53 -27 0 17 27 20 4 -8 -21 -22 -9 8 37 47 41 47 28 6 20 31 47 64 68 65 48 25 16 11 0 -4 -4 6 12 5 -6 -1 -4 -18 -28 -36 -24 -12 -33 -54 -59 -64 -51 -47 -39 -38 -24 25 72 83 100 112 87 35 -11 -42 -42 -24 0 39 47 28 0 -42 -55 -38 -14 43 79 53 -4 -81 -146 -154 -162 -142 -45 36 45 26 -1 -18 -7 -3 16 53 54 21 -13 -41 -39 -5 34 85 105 88 50 -4 -32 -12 19 60 80 49 15 -12 -51 -54 -36 -24 11 29 9 -2 7 16 20 4 5 16 12 6 -6 -17 -6 3 16 37 45 37 28 0 -27 -34 -31 -15 -1 -3 -7 -30 -68 -54 -62 -53 -26 76 10149 305 2020
5 28 38 41 28 5 -12 -10 -23 -27 -13 -13 -9 8 15 12 -13 -34 -26 -39 -36 0 30 43 42 18 1 1 -7 -11 -3 -9 -2 12 14 18 6 -18 -27 -62 -83 -86 -92 -84 -65 -48 -21 16 58 100 119 121 119 98 74 77 97 128 145 117 54 -19 -111 -169 -189 -172 -117 -59 -13 26 25 -5 -44 -80 -88 -58 -17 40 81 79 65 25 -24 -55 -20 -24 60 89 119 66 90 21 -18 -81 -31 -51 -30 -27 26 12 4 -49 -51 -56 -57 -27 28 40 35 31 26 5 -28 -50 -41 -24 -16 4 18 17 18 3 2 -1 -16 -14 2 5 10 15 15 6 -3 -12 -7 -14 -16 4 15 23 38 33 26 8 -15 -28 -39 -43 -31 -24 -15 -5 -14 -35 -43 -45 -43 -39 -25 23 71 97 122 146 136 120 101 91 75 28 -13 -25 -49 -70 -88 -113 -119 -113 -107 -101 -114 -139 -126 -78 -6 71 124 136 115 55 -6 -48 -71 -52 5 61 108 135 122 87 26 -28 -36 -33 -14 31 60 61 34 -18 -80 -125 -126 -80 -16 28 48 41 6 -15 -31 -42 -24 -12 8 32 29 27 17 -8 -23 -35 -23 0 24 49 72 69 41 9 -21 -42 -26 -11 4 19 8 1 -4 -23 -23 -29 -33 -18 -12 -2 13 82 1538 305 2020
47 37 41 41 20 6 -2 -12 -17 -24 -14 0 -6 -10 -17 -36 -54 -67 -65 -40 -4 21 40 35 20 13 9 -11 -5 3 16 24 14 23 41 31 26 14 11 -23 2 -30 -8 -7 33 -6 -14 -54 -25 -39 -22 -42 -30 -34 -23 -46 -41 -18 14 51 90 121 163 169 137 75 17 -19 -45 -62 -28 12 31 26 -8 -59 -86 -87 -55 4 42 34 -25 -102 -165 -175 -157 -91 -19 21 30 0 -29 -25 -12 20 55 73 65 40 11 -9 -3 9 49 90 79 59 66 53 34 23 31 39 20 1 -17 -33 -41 -49 -35 -17 -22 -13 -9 -12 -30 -30 -25 -26 -23 -16 -10 -7 -27 -30 -20 -6 17 33 43 49 38 17 -5 -18 -17 -5 8 23 35 28 14 -1 -25 -14 -9 -20 -19 -15 -6 10 3 8 6 -7 -20 6 -32 17 32 55 21 41 13 22 -4 16 2 0 -32 -23 -26 -2 9 -4 -11 -17 -45 -52 -57 -52 -6 24 16 -1 -15 -4 -6 -8 3 18 21 17 10 13 28 36 19 12 5 -1 9 0 -3 0 -10 -5 -4 -10 -4 -12 -13 -7 -9 -11 -4 3 4 9 6 4 10 9 14 26 15 19 13 -7 -9 -14 -17 -13 -6 2 -3 -8 -10 -16 -19 -15 2 16 17 7 -8 86 15601 305 2020
-2 3 -1 3 15 1 -8 -6 -9 -13 -20 -18 -19 -5 -5 31 -7 11 -2 9 -34 22 16 31 3 14 -7 16 -1 18 4 1 -7 -6 -22 -22 -11 10 19 12 -1 -1 -2 -5 6 3 -4 -5 -30 -36 -38 -50 -58 -66 -81 -84 -81 -53 -7 41 81 133 161 169 157 131 106 94 72 61 51 22 -7 -59 -114 -140 -154 -134 -78 -30 1 10 1 -26 -65 -93 -95 -68 -21 30 53 47 39 29 13 6 17 53 91 83 67 64 21 -28 -44 -46 -49 -32 8 39 39 12 -15 -27 -59 -107 -107 -62 -19 2 29 41 20 5 -26 -42 -30 -12 9 34 53 60 41 22 7 -3 -10 -10 -5 -8 8 22 28 24 -8 -40 -44 -34 -12 -1 -9 -1 3 6 20 20 10 3 -15 -26 -26 -29 -29 -21 -28 -41 -48 -49 -33 -4 29 72 101 104 108 102 105 115 105 91 67 19 -26 -65 -104 -128 -137 -133 -110 -91 -79 -69 -72 -67 -42 -23 -4 27 51 66 53 8 -28 -45 -29 16 52 97 149 147 105 57 4 -31 -40 -27 -2 26 33 21 -9 -53 -81 -85 -72 -38 -9 23 50 34 6 -33 -70 -69 -46 -10 37 71 85 75 37 -8 -31 -34 -20 11 39 64 76 62 30 -17 -42 -35 -36 -39 -10 104 14315 305 2020
-29 -19 10 12 26 5 14 2 20 22 28 7 5 -3 3 1 -1 -2 3 5 6 5 0 8 4 -4 -5 -20 -36 -26 -17 -6 3 -7 -3 -2 -18 -5 9 14 14 6 4 -1 -4 -10 4 -3 -23 -35 -41 -57 -69 -89 -82 -69 -57 -27 14 63 121 150 160 169 162 146 123 106 89 72 37 -14 -61 -110 -139 -147 -138 -96 -44 -6 27 19 -12 -50 -94 -110 -96 -65 -9 48 74 61 28 3 0 12 23 41 68 88 90 58 7 -35 -65 -64 -56 -60 -28 7 21 25 0 -24 -33 -39 -31 -20 -3 9 11 -2 -14 -18 -25 -17 -2 2 23 37 23 -3 -44 -57 -35 -12 18 45 48 58 44 7 -20 -31 -30 -19 -6 7 30 41 37 35 23 -3 -20 -33 -20 -4 -2 11 5 -25 -44 -59 -50 -46 -61 -56 -23 6 41 77 113 125 123 113 123 125 110 98 72 22 -30 -91 -124 -136 -149 -138 -120 -115 -99 -93 -94 -72 -40 -11 16 25 23 21 5 -17 -22 -21 1 48 93 143 160 144 117 57 -9 -46 -54 -16 33 44 30 -2 -47 -83 -95 -88 -52 0 42 52 28 -9 -37 -66 -78 -58 -35 6 43 53 62 55 27 7 -3 2 19 36 48 46 24 6 -6 -21 -22 -8 0 17 30 110 2521 305 2020
45 24 35 -17 -6 -23 -9 -4 9 -7 -23 -37 -12 12 24 35 43 35 22 -9 -30 -36 -37 -33 1 22 33 34 25 18 2 -20 -20 -15 -6 14 22 22 -5 -23 -32 -18 -9 2 0 -10 -15 -16 -34 -36 -30 -37 -43 -66 -92 -97 -87 -62 -18 32 79 119 155 180 186 182 160 129 99 77 59 29 -5 -61 -126 -157 -166 -147 -102 -55 -13 2 -10 -27 -56 -85 -86 -67 -31 8 38 52 56 47 34 30 33 46 64 73 75 57 23 -13 -41 -60 -57 -38 -6 8 8 17 5 -25 -50 -56 -59 -46 -24 -13 -7 -14 -30 -30 -24 -17 10 34 53 56 41 34 22 10 5 -6 -22 -31 -32 -23 -13 4 15 30 30 10 -12 -32 -43 -40 -42 -18 5 19 31 22 7 1 -19 -32 -27 -12 11 23 14 -13 -41 -64 -58 -25 6 34 69 97 124 135 143 158 146 126 86 18 -34 -74 -103 -123 -147 -159 -161 -148 -127 -103 -81 -63 -40 -28 -6 37 66 77 53 3 -16 -25 -15 29 70 115 147 141 119 77 22 -7 -11 -6 -4 0 -9 -22 -30 -48 -61 -64 -60 -33 -13 8 27 11 -15 -33 -48 -40 -34 -18 18 43 55 58 56 38 15 3 11 23 24 22 20 6 -9 -12 -24 -18 -13 -7 12 115 7578 305 2020
-12 -24 -19 -14 -3 19 24 8 8 0 -2 -6 2 25 33 25 17 10 5 7 13 18 27 32 17 9 -28 -61 -56 -45 -42 -45 -71 -88 -98 -108 -115 -113 -81 -30 18 58 98 93 140 129 121 71 125 105 132 87 82 16 4 -50 -7 -14 9 -19 -46 -117 -153 -179 -125 -66 -10 30 54 25 -37 -118 -162 -136 -75 1 92 149 152 114 56 10 -18 -46 -13 62 89 87 87 46 -29 -82 -78 -44 -16 -8 -2 -7 -30 -51 -64 -51 -31 -27 -16 -16 -19 -20 0 -2 -3 -11 7 30 44 51 52 38 9 -22 -29 -15 17 44 58 55 29 9 -19 -32 -27 -19 -4 10 7 13 2 -27 -35 -31 -20 -7 -2 3 8 11 3 -19 -19 -1 16 15 19 16 0 -9 -12 -8 13 26 43 58 37 10 -17 -37 -41 -26 -5 26 34 56 2 -10 -41 -16 -53 -1 11 63 21 28 -17 3 -16 10 -3 19 -16 -16 -41 -29 -23 1 28 51 31 13 -8 -25 -40 -46 -33 -4 17 15 19 26 4 -13 -31 -35 -21 -3 34 61 40 9 -21 -45 -44 -30 -20 -8 -5 10 23 22 13 14 9 -6 -14 -26 -29 -1 -1 -1 -17 -29 -26 -15 7 31 33 24 7 -17 -19 1 20 33 27 4 -8 -12 -23 121 14525 305 2020
-7 -17 -14 -12 -8 16 22 11 1 -8 -9 -5 -4 6 19 16 19 28 10 3 18 31 37 30 17 14 -12 -47 -61 -70 -79 -81 -85 -94 -113 -124 -111 -85 -59 -14 44 86 96 97 103 120 116 105 131 148 133 93 37 -10 -29 -25 0 16 9 -8 -37 -80 -146 -182 -153 -91 -25 13 26 20 -16 -79 -132 -124 -62 14 96 144 148 117 51 -13 -45 -41 10 59 74 65 34 7 -16 -39 -49 -30 4 28 20 -19 -54 -70 -94 -89 -57 -23 20 40 35 23 -12 -42 -47 -29 15 52 70 70 48 13 -6 -1 3 4 15 27 45 42 27 28 2 -30 -41 -41 -21 -1 4 10 1 -28 -41 -41 -31 -18 -1 18 19 -7 -21 -6 0 7 31 40 41 27 8 15 15 4 17 23 25 24 0 -22 -26 -28 -18 -7 -10 -5 9 11 -6 -24 -32 -21 -18 -18 2 5 1 7 -6 -12 0 4 12 21 23 13 8 6 9 3 4 22 26 13 7 -3 -17 -19 -31 -27 -12 -18 -15 -15 -21 -15 -25 0 -1 -14 -2 3 -2 -2 14 13 29 28 22 2 13 7 3 -23 -18 -9 -3 -10 9 13 15 2 -12 -27 -61 -52 9 23 15 19 14 2 -5 -25 -38 -26 -27 -9 33 41 33 26 13 127 3028 305 2020
26 16 6 1 -14 -9 -3 -1 2 -5 -14 -13 -7 8 19 16 9 0 -3 -3 2 6 11 6 -2 -10 -17 -19 -3 1 5 0 -5 8 9 2 5 3 0 -1 -12 -9 3 11 13 8 -8 -19 -25 -31 -39 -51 -67 -74 -83 -93 -89 -71 -39 17 69 114 162 179 174 156 129 119 108 85 53 15 -26 -73 -119 -146 -136 -88 -28 16 33 42 33 -25 -87 -115 -114 -87 -47 4 58 68 53 23 -25 -42 -26 23 76 108 102 67 23 -23 -61 -91 -105 -63 -4 39 61 48 23 -4 -58 -81 -70 -52 -18 19 22 -5 -30 -40 -35 -20 2 28 42 46 45 18 -9 16 20 -15 -33 -24 0 9 3 12 20 7 -12 -19 -10 -7 -5 8 12 4 -4 0 2 8 16 22 18 4 -11 -15 -20 -22 -27 -47 -52 -50 -46 -28 7 36 71 93 108 121 125 119 117 106 74 42 -7 -60 -106 -141 -142 -130 -123 -93 -83 -105 -46 -58 -38 -51 11 5 58 33 55 -11 -13 -59 -18 -5 72 109 154 143 118 57 20 -30 -44 -30 -6 17 26 13 -11 -53 -87 -93 -64 -15 28 40 41 29 -5 -61 -93 -96 -57 -11 21 62 83 80 67 40 14 5 -4 17 37 38 36 31 9 -13 -40 -45 -32 -9 -10 131 6019 305 2020
6 5 1 0 -10 -3 10 4 6 7 0 -3 -12 -7 8 9 4 4 11 11 9 3 2 8 6 12 6 -9 -19 -28 -38 -25 -20 -1 20 11 -14 -31 -50 -62 -74 -79 -70 -65 -65 -35 1 48 98 125 138 135 121 119 138 142 133 110 73 48 5 -73 -143 -178 -171 -137 -87 -33 10 17 1 -48 -106 -134 -122 -84 -18 41 68 73 53 22 6 3 17 43 53 64 78 76 55 5 -43 -65 -70 -45 -9 22 41 35 7 -22 -30 -53 -60 -41 -27 -16 -15 -32 -35 -40 -39 -15 1 15 34 35 36 36 26 12 2 -2 -1 4 7 14 20 14 13 9 0 -3 -6 -2 1 -10 -11 3 7 9 7 0 -3 -20 -36 -29 -17 -16 -18 -29 -34 -39 -52 -53 -26 -31 46 60 93 105 149 112 133 112 131 96 77 27 9 -44 -81 -135 -153 -154 -138 -123 -121 -123 -106 -72 -55 -40 -2 31 55 55 19 -9 -26 -32 -1 39 84 142 175 173 131 70 7 -33 -44 -16 37 69 64 34 -16 -63 -89 -108 -93 -77 -57 -20 8 11 -1 -40 -56 -57 -49 -32 2 41 58 59 48 38 28 20 30 40 39 36 19 10 9 6 14 3 -20 -17 1 3 -2 -16 -36 -61 -76 -56 -24 -3 2 -2 -17 136 11592 305 2020
23 15 -4 -23 -14 1 3 22 31 14 -1 -2 3 3 -14 -35 -38 -30 -21 0 17 14 1 -27 -29 -18 -10 10 18 8 11 -3 -8 -2 10 24 28 16 10 5 -10 -18 -1 13 18 12 -9 -18 -24 -29 -54 -23 -51 -50 -84 -76 -125 -114 -89 -13 27 93 128 169 166 163 145 141 131 124 117 79 41 -5 -59 -106 -139 -146 -106 -63 -23 20 24 6 -31 -73 -101 -108 -103 -63 -11 24 34 31 12 3 9 11 36 60 85 104 85 48 19 -31 -69 -80 -65 -23 7 29 44 42 26 -3 -43 -50 -39 -37 -37 -30 -26 -32 -35 -31 -22 -7 4 13 14 6 5 3 15 27 10 2 12 20 25 15 -6 -5 6 20 31 37 30 15 -16 -45 -53 -41 -7 29 25 16 -7 -27 -36 -36 -39 -27 -21 -27 -49 -76 -58 -9 23 37 51 73 98 125 129 126 166 122 129 78 25 -45 -57 -87 -96 -147 -138 -141 -116 -107 -80 -68 -45 -36 -31 -18 1 25 28 8 -25 -35 -51 -42 5 58 115 146 141 130 98 44 9 -10 -1 13 22 25 25 -8 -37 -61 -77 -62 -31 4 36 47 24 -14 -63 -99 -93 -79 -53 -10 20 43 50 30 17 7 12 27 40 49 58 51 28 13 -13 -33 -20 -9 -3 141 8005 305 2020
25 15 8 -14 -28 -37 -39 -12 12 17 5 -12 -16 -16 -18 -1 15 23 21 7 -5 7 23 15 5 -6 -16 -8 -4 -6 5 6 5 6 -5 -1 8 9 14 7 -11 -19 -27 -28 -12 13 15 4 -17 -39 -45 -52 -58 -51 -61 -86 -103 -97 -54 -6 48 117 161 183 190 176 165 149 135 124 98 59 7 -46 -100 -141 -157 -144 -107 -74 -50 -26 -24 -31 -44 -76 -87 -82 -64 -29 1 32 63 71 59 39 28 42 62 74 76 76 58 25 -7 -45 -61 -59 -48 -28 -19 -9 7 -1 -13 -24 -42 -46 -43 -37 -42 -46 -37 -22 -5 3 19 38 48 54 40 19 19 12 8 13 8 12 3 -14 -12 -13 -4 5 -8 -40 -58 -44 -11 12 17 20 28 12 -15 -23 -20 -5 -3 -14 3 12 11 9 0 -11 -29 -58 -62 -48 -21 31 84 107 112 113 116 126 128 117 108 67 10 -25 -69 -109 -132 -149 -156 -154 -138 -109 -93 -84 -71 -50 -26 -3 26 47 53 31 -4 -14 -9 11 52 95 103 156 109 96 53 49 -10 -14 -25 11 -2 16 -9 -27 -68 -79 -89 -72 -37 5 30 24 -5 -17 -29 -50 -39 -29 -11 28 42 46 38 31 35 36 32 32 16 6 15 20 6 3 -5 -18 -16 -21 -21 146 13386 305 2020
-44 -40 -13 16 36 32 24 8 -17 -32 -44 -36 -12 0 9 23 30 18 19 17 12 13 -3 -10 -2 -15 -6 14 11 4 -12 -13 1 -7 -14 -15 -22 -18 -5 4 16 25 11 -9 -19 -22 -12 -5 -13 -17 -32 -43 -51 -78 -91 -81 -72 -39 -8 23 74 121 158 172 166 157 137 121 110 105 74 27 -24 -90 -132 -149 -158 -136 -93 -60 -24 -13 -20 -38 -65 -77 -72 -70 -49 -5 46 54 41 39 42 38 46 75 92 86 73 51 36 11 -35 -51 -47 -42 -25 -9 -1 -2 -14 -22 -28 -41 -49 -44 -33 -25 -21 -15 -3 8 7 5 4 -9 -7 2 10 29 36 35 30 2 -22 -23 -18 -17 -13 -5 12 5 0 12 5 -15 -18 -18 -22 -13 1 30 55 36 6 -4 -10 -9 -12 -29 -35 -43 -49 -38 -25 -17 -5 2 4 14 30 64 100 121 136 142 123 96 63 25 -8 -54 -93 -115 -133 -140 -122 -103 -85 -85 -95 -88 -50 -16 14 35 56 60 36 2 -11 -15 -5 35 69 104 123 116 103 78 40 13 -6 -12 0 7 8 0 -30 -62 -77 -75 -61 -33 -13 4 19 7 -10 -35 -55 -50 -42 -25 7 26 34 43 47 13 50 8 21 3 59 16 39 8 39 -8 1 -36 -11 -28 16 151 10629 305 2020
0 -2 -6 -7 11 -19 16 -5 14 -5 37 -13 10 -18 12 -21 -1 -18 12 -17 3 -3 17 4 5 -3 14 13 -3 -6 -16 -24 -5 -5 2 16 9 -10 -18 -43 -58 -89 -113 -109 -87 -63 -16 44 91 125 140 147 141 136 140 164 160 138 114 59 -10 -75 -141 -174 -196 -171 -96 -37 5 17 -10 -47 -92 -121 -115 -83 -35 17 55 41 22 14 10 26 50 70 95 92 80 68 46 27 -3 -29 -39 -44 -40 -18 -7 -10 -14 -14 -22 -26 -38 -45 -37 -32 -31 -19 -23 -30 -32 -25 -5 5 11 26 35 44 39 15 -3 -9 -14 -7 -1 2 18 28 14 5 -8 13 -17 8 -12 31 -6 32 5 14 -25 7 -24 3 -23 4 -9 2 -25 -27 -51 -49 -50 -55 -71 -26 22 42 65 84 107 118 125 151 160 131 93 50 -4 -65 -106 -107 -120 -144 -152 -148 -137 -130 -110 -78 -48 -6 32 58 60 46 32 -9 -52 -60 -29 37 94 124 144 139 112 80 39 8 -2 12 27 29 17 -4 -31 -64 -79 -67 -52 -34 -25 -27 -15 -19 -29 -29 -34 -35 -16 -2 1 -4 1 7 15 21 36 52 62 64 65 50 38 5 -19 -5 4 9 15 5 -3 -9 -20 -20 -18 -19 -35 -56 -60 -49 -28 -2 10 156 8146 305 2020
21 15 16 10 2 2 -14 -9 -3 -10 -2 8 12 13 -5 -9 -12 -16 -8 -5 -20 -19 -11 -5 1 10 9 8 6 -5 -2 0 8 19 8 -11 -23 -48 -60 -72 -81 -79 -76 -75 -59 -32 10 62 107 137 151 154 145 138 132 131 113 117 82 41 -52 -80 -161 -179 -192 -133 -106 -45 -44 -10 -28 -33 -58 -51 -57 -15 0 24 40 45 26 25 35 45 54 47 59 76 61 39 15 -9 -14 -35 -53 -47 -35 -26 -24 -42 -42 -28 -17 -9 3 -1 -18 -14 -15 2 -3 -39 -37 -26 -18 14 26 46 54 32 7 -10 -25 -25 -10 5 8 8 3 -3 -10 -17 -6 -4 -14 -5 -1 19 47 49 54 45 14 -3 -11 -26 -42 -54 -39 -25 -29 -21 -17 -52 -55 -20 -32 -28 19 56 91 127 136 137 129 109 101 94 66 35 -13 -50 -77 -114 -123 -119 -137 -151 -149 -137 -114 -84 -54 -19 41 54 81 66 53 -5 0 -10 30 22 78 91 131 112 96 44 32 -3 8 0 17 18 17 -8 -40 -70 -98 -100 -75 -52 -18 10 22 32 16 -1 -24 -48 -36 -7 10 28 33 24 1 -7 6 17 19 20 34 41 37 11 -16 -14 -10 -22 -3 11 17 24 16 -4 -7 -19 -25 -23 -17 -3 5 -3 -15 161 5857 305 2020
5 5 26 11 12 -4 8 -4 7 12 20 -1 -16 -13 -9 -14 -12 -5 4 3 -13 -2 -8 -12 2 8 16 14 1 4 6 1 4 -2 -11 -12 -24 -36 -39 -42 -82 -91 -79 -82 -75 -35 24 78 98 116 138 146 146 130 136 147 134 122 94 35 -33 -90 -142 -186 -188 -156 -108 -66 -41 -16 -15 -35 -54 -73 -68 -42 -11 33 61 62 71 62 31 17 19 31 46 57 68 67 41 11 -6 -38 -61 -58 -59 -47 -28 -17 7 6 -10 -21 -36 -31 -2 2 -8 -28 -41 -22 3 10 13 5 -11 6 9 -8 10 32 3 5 -11 3 -7 -6 -9 9 -16 -9 -15 -11 -11 19 22 30 13 16 30 36 13 0 -18 -32 -33 -40 -16 -10 -21 -19 -32 -53 -59 -68 -40 4 33 55 80 95 109 122 141 156 146 93 77 40 -37 -62 -68 -96 -115 -135 -131 -138 -166 -160 -131 -102 -61 -15 37 72 79 69 57 21 -20 -8 24 50 84 104 115 111 71 42 16 -8 1 17 27 32 4 -20 -52 -91 -105 -97 -73 -31 6 25 39 41 15 -10 -34 -38 -15 -3 8 28 23 27 30 9 -8 -8 9 32 19 5 7 13 16 15 5 -7 -5 -5 -1 8 4 3 5 -13 -13 -13 -12 3 -1 -7 -2 166 3686 305 2020
27 13 -6 -25 -34 -34 -22 -32 -41 -45 -34 -5 -2 0 7 14 21 20 13 33 42 33 22 12 6 -5 -13 -19 -14 -16 -18 -18 -26 -23 -10 -10 -4 -9 -29 -44 -63 -74 -74 -78 -74 -44 -12 38 79 105 125 151 147 137 138 137 128 114 100 80 13 -70 -134 -180 -189 -170 -134 -84 -40 -31 -21 -30 -52 -64 -62 -45 -6 31 57 72 65 36 7 -10 3 38 59 90 107 91 58 8 -30 -33 -37 -37 -21 -5 2 -13 -38 -54 -64 -61 -40 -17 13 43 48 18 -8 -35 -59 -62 -56 -30 -5 10 42 22 45 9 -1 -24 -6 -24 12 30 58 32 34 6 5 -6 -14 -30 -19 -12 19 35 32 29 26 -2 -28 -61 -64 -59 -33 -1 9 -10 -26 -38 -51 -55 -44 -23 8 36 56 94 120 130 137 128 122 115 88 69 24 -24 -57 -82 -106 -123 -142 -148 -144 -153 -141 -112 -95 -58 3 58 85 79 49 32 11 -12 6 38 62 97 105 113 105 66 35 15 -9 -5 10 25 28 -2 -40 -68 -94 -116 -102 -64 -17 23 27 15 6 -11 -14 -31 -37 6 32 35 36 24 16 1 -12 -14 1 21 41 55 44 29 21 0 -10 -23 -33 -2 14 12 5 20 -17 0 -28 -25 -51 -24 -14 13 -6 172 11662 305 2020
-9 -8 -15 -25 -13 4 17 22 8 -12 -14 -10 -9 -1 -6 -11 -5 -10 -4 14 15 20 8 -13 -15 -17 -10 -1 -6 5 9 -1 -4 -6 -14 -18 -28 -51 -64 -75 -85 -76 -71 -67 -39 -3 37 82 110 128 132 130 143 120 151 141 138 100 66 -12 -70 -129 -165 -189 -150 -111 -66 -39 -32 -35 -53 -79 -76 -66 -33 21 55 72 71 44 24 12 7 21 52 73 100 104 88 59 19 -22 -45 -60 -53 -29 -24 -14 -11 -29 -34 -37 -42 -22 0 15 16 -1 -23 -25 -37 -38 -25 -8 0 5 -7 -5 -3 -23 -22 -2 8 24 21 27 37 19 7 2 -7 -6 2 10 27 24 9 6 12 18 17 4 -24 -36 -32 -22 -1 1 -2 -16 -57 -77 -89 -91 -58 -25 5 27 40 68 100 115 128 141 144 136 120 93 65 32 -28 -70 -102 -133 -127 -129 -146 -147 -153 -145 -118 -62 -41 28 57 87 68 56 17 -2 -20 15 39 67 97 113 89 66 33 14 5 -4 14 35 35 33 6 -39 -68 -91 -94 -70 -48 -10 20 44 41 18 -20 -43 -44 -47 -35 -5 9 24 21 5 -5 -22 -7 15 27 49 67 63 63 46 29 8 -12 -27 -27 -24 -14 -4 -9 -21 -26 -44 -46 -21 -8 -1 -4 0 20 177 8523 305 2020
-26 -46 -29 14 44 55 38 8 -21 -38 -39 -15 8 12 24 35 33 25 12 6 -2 -28 -37 -30 -24 -2 7 2 7 -11 -32 -34 -21 9 25 14 1 -8 -7 10 19 10 9 8 -10 -19 -22 -16 0 -20 -33 -35 -59 -77 -82 -88 -70 -38 2 53 95 126 156 169 150 123 111 117 123 111 82 43 -22 -85 -152 -197 -175 -141 -101 -49 -14 1 -2 -25 -41 -50 -44 -18 2 13 29 27 3 -10 -15 -9 24 57 82 111 100 78 52 8 -14 -26 -41 -34 -30 -35 -30 -34 -39 -36 -31 -27 -18 -16 -12 1 10 18 16 -14 -31 -37 -45 -25 -10 2 30 36 36 29 3 -10 -14 -25 -23 -19 -10 8 14 11 12 15 7 8 4 2 17 22 27 33 29 32 13 -25 -36 -43 -44 -37 -48 -57 -60 -57 -42 -25 -16 1 35 53 59 78 94 118 129 134 150 135 96 64 8 -44 -90 -132 -141 -134 -126 -106 -103 -130 -140 -116 -86 -39 18 58 75 61 34 12 -12 -20 -8 20 56 85 98 111 91 57 46 49 46 42 44 47 25 -9 -52 -83 -109 -116 -96 -72 -33 1 -19 20 -16 -18 -20 -3 -15 12 12 46 35 34 10 12 -6 -4 -8 -4 18 50 56 53 30 5 -10 -27 -22 -2 3 182 6114 305 2020
-8 -12 -8 -9 -3 9 7 3 1 -6 -4 -4 -10 -5 9 6 -9 -21 -26 -4 18 27 31 15 0 -4 -20 -32 -27 -19 -1 3 2 12 12 -6 -18 -33 -41 -42 -52 -69 -63 -63 -55 -35 -15 28 78 113 141 134 109 105 105 121 144 145 129 96 28 -63 -152 -205 -202 -165 -125 -68 -9 6 0 -22 -53 -66 -77 -62 -10 39 82 92 67 34 -4 -13 9 35 61 77 76 55 33 11 -19 -44 -62 -73 -56 -41 -13 8 -5 -9 -30 -32 -9 13 27 39 49 0 12 -39 -40 -58 -20 -57 -30 -48 -13 -22 8 5 33 11 24 -4 3 8 24 24 27 10 11 6 2 -4 -7 -10 3 18 28 36 31 5 -12 -38 -46 -35 -33 -18 -7 -22 -35 -53 -64 -59 -51 -22 26 65 94 98 100 103 104 122 138 129 96 57 9 -40 -77 -112 -134 -126 -124 -122 -124 -154 -156 -140 -111 -53 15 90 144 128 80 32 -8 -36 -30 11 65 112 112 102 91 47 4 -23 -35 -12 10 33 54 27 -17 -58 -95 -101 -75 -41 -11 9 22 37 45 22 -2 -20 -31 -23 -21 -15 5 4 6 -3 -26 -35 -29 -8 37 52 36 82 41 55 35 46 7 35 -8 4 -11 14 -14 -7 -43 -40 -62 -49 -40 -19 -22 187 3999 305 2020
2 3 -5 -2 12 15 13 4 -8 -13 -7 0 0 -5 -12 15 18 -19 -8 11 0 -16 -37 -31 -14 -7 -4 9 14 8 19 21 0 -10 -4 9 10 2 18 30 22 17 6 0 3 -6 -25 -55 -78 -64 -47 -36 -38 -43 -41 -53 -83 -87 -51 3 59 117 162 184 185 159 147 129 103 96 82 65 38 -13 -69 -130 -185 -202 -171 -115 -57 -20 -18 -32 -41 -52 -50 -33 -7 25 42 47 48 33 21 7 -8 2 29 65 95 95 76 47 -3 -44 -65 -63 -44 -18 5 12 7 -17 -39 -49 -55 -40 -9 6 24 25 9 -1 -23 -30 -30 -37 -29 -18 3 25 24 22 9 -7 -17 -20 -8 -1 9 12 7 8 -1 5 13 1 2 4 7 26 33 34 29 16 8 -6 -27 -41 -37 -30 -29 -33 -39 -44 -47 -55 -44 -24 3 45 70 79 84 90 102 109 111 125 131 106 47 -18 -69 -114 -149 -169 -152 -130 -120 -106 -101 -91 -86 -65 -25 19 65 108 132 117 74 12 -25 -23 5 53 87 86 79 61 29 -7 -18 -12 5 12 5 4 -15 -45 -66 -83 -86 -62 -35 -1 30 36 38 -12 -17 -58 -57 -28 36 42 55 43 41 3 -8 -26 -10 13 40 54 56 41 34 13 -12 -19 -26 -24 -13 192 2124 305 2020
-6 3 8 -7 -12 -7 -7 -1 -3 -5 10 16 20 28 23 17 9 -6 -24 -26 -16 -6 12 11 3 6 11 18 4 -10 3 8 4 6 2 4 5 2 -4 -14 -20 -15 -26 -44 -34 -4 22 34 25 2 -6 -33 -81 -111 -114 -96 -64 -31 27 84 117 147 166 169 155 122 99 90 84 84 63 18 -46 -109 -160 -174 -151 -124 -82 -34 3 23 2 -33 -69 -111 -118 -89 -29 35 72 75 57 28 8 4 25 59 90 103 90 57 7 -32 -54 -72 -58 -34 -16 9 19 16 -2 -29 -48 -57 -55 -37 -16 -1 6 6 -1 -12 -25 -39 -24 8 24 35 41 36 21 -11 -31 -32 -22 -3 11 23 29 31 28 13 -16 -7 -13 -1 -6 22 12 16 2 7 -9 -3 -14 -6 -23 -27 -25 -13 -18 -18 -29 -36 -38 -39 -33 -24 2 41 83 109 128 142 162 167 125 78 50 10 -57 -93 -117 -125 -130 -139 -116 -93 -102 -100 -96 -80 -60 -26 40 83 90 71 30 -10 -36 -29 -9 27 87 133 160 151 102 48 -9 -55 -68 -53 -12 30 32 11 -31 -72 -89 -83 -52 -9 28 48 39 7 -26 -44 -56 -54 -34 -12 12 41 52 45 33 9 3 0 2 21 38 53 53 30 -2 -32 -43 -30 -10 7 25 197 466 305 2020
7 -1 -7 -19 -9 5 5 9 8 14 22 9 -3 5 7 -5 -24 -32 -20 -4 2 7 20 22 12 -15 -26 -9 -17 0 24 16 24 27 13 1 -6 -11 -3 -21 -26 -29 -26 -18 10 18 18 12 16 12 1 -19 -22 -23 -27 0 41 74 86 59 0 -65 -143 -180 -157 -99 -17 43 73 66 39 9 9 23 54 93 121 110 81 33 -11 -39 -28 22 62 66 58 27 -7 -25 -25 0 31 42 16 -40 -100 -149 -163 -139 -82 -25 5 1 -23 -50 -51 -37 -13 28 51 51 34 11 9 21 33 59 65 55 37 21 11 14 20 30 38 26 0 -30 -60 -66 -51 -42 -22 -4 6 8 -3 -17 -14 -13 -4 7 10 10 12 8 11 12 10 9 7 -2 1 4 1 11 17 12 15 5 1 -2 -11 -14 -19 -32 -41 -46 -43 -35 -25 -8 6 1 -15 -23 -28 -41 -51 -50 -3 69 116 173 193 155 91 13 -44 -66 -66 -21 33 49 20 -21 -62 -84 -88 -84 -45 11 38 31 -12 -75 -101 -104 -102 -72 -45 -22 -17 -31 -27 -11 19 70 108 127 114 72 15 -15 -14 15 64 96 89 62 14 -15 -15 -6 23 36 22 11 -20 -59 -69 -65 -37 -24 -28 -32 -42 -54 -46 -22 1 30 49 27 -1 202 3817 305 2020
-14 17 -13 2 -13 7 -18 7 -6 9 -8 6 -6 10 7 9 11 6 4 11 -8 -2 10 2 -1 -5 6 17 7 -2 -3 5 13 14 4 -3 -12 -25 -38 -32 -20 -4 17 14 11 -26 -55 -70 -84 -105 -106 -88 -41 -1 42 87 117 114 113 122 109 110 140 172 163 123 70 14 -54 -119 -170 -190 -168 -119 -68 -17 -5 -17 -32 -60 -93 -103 -74 -14 27 49 49 43 25 6 -6 -7 15 42 69 88 74 54 45 13 -16 -24 -29 -21 -19 -16 -5 -7 -15 -20 -34 -40 -30 -10 -3 4 -4 -11 -13 -25 -27 -15 -13 -7 0 0 14 13 13 18 3 -4 -2 -2 6 13 10 4 -2 -9 -6 0 -3 3 9 6 12 11 15 20 4 -12 -11 -17 -20 -21 -18 -10 -14 -23 -33 -42 -41 -34 -24 -7 22 47 76 109 126 136 131 112 101 76 31 -4 -31 -52 -72 -106 -128 -138 -143 -131 -139 -154 -124 -71 -28 16 57 79 83 59 8 -26 -35 -14 38 76 105 126 125 107 63 14 5 12 24 33 43 40 19 -22 -66 -86 -85 -71 -48 -33 -18 -8 -5 2 1 -5 3 5 1 -13 -31 -18 -9 -15 -12 6 35 47 40 31 22 5 -3 13 27 31 43 32 7 -12 -33 -21 -3 1 5 207 5498 305 2020
3 -3 2 -3 4 6 7 7 -1 -11 -12 -10 5 15 10 -5 -13 -16 -16 -2 7 9 24 14 12 22 3 4 1 1 10 6 -17 -22 -26 -36 -36 -29 -39 -54 -74 -89 -83 -83 -67 -21 26 71 114 126 147 155 147 135 126 127 132 121 95 39 -36 -112 -162 -185 -175 -137 -77 -18 -6 -24 -46 -62 -65 -49 -33 -24 3 28 33 -14 -36 -3 34 42 73 90 109 106 64 13 -10 -19 -34 -35 -43 -21 -2 -2 -25 -38 -50 -37 -26 -21 3 19 25 14 -4 -4 -10 -29 -46 -50 -43 -23 16 43 52 42 8 -11 -28 -38 -25 -9 16 20 -3 -13 -11 -11 -2 -7 0 6 2 7 20 39 45 37 10 -17 -20 -17 -21 -24 -38 -33 -26 -28 -26 -39 -42 -38 -24 4 31 45 73 94 109 134 141 134 121 93 60 21 -27 -62 -83 -108 -118 -125 -142 -146 -141 -135 -107 -75 -45 5 44 61 69 55 31 2 -30 -30 5 57 91 107 107 86 79 60 34 9 0 32 39 2 -31 -36 -44 -76 -105 -60 -33 -6 14 27 12 53 -7 -21 -59 -6 -23 5 -12 26 7 9 -21 7 -23 16 22 36 34 48 38 27 -11 -25 -19 -21 -17 3 10 24 29 18 3 -13 -22 -14 -5 -9 -1 2 -1 212 3882 305 2020
18 33 33 27 29 43 63 59 53 41 35 17 4 9 14 24 27 13 -5 -17 -26 -37 -38 -16 6 5 1 -9 -33 -47 -65 -74 -76 -71 -56 -35 1 62 106 135 140 110 44 -11 -37 -43 -24 -2 19 11 25 5 -12 -68 -46 -50 1 35 91 43 -7 -117 -167 -190 -122 -60 30 52 45 -8 -52 -71 -26 22 76 94 65 13 -41 -63 -27 24 70 98 82 50 26 14 21 34 53 66 54 17 -16 -45 -71 -63 -31 -4 23 27 20 12 -2 -1 5 17 36 19 -2 8 5 -9 -8 20 47 45 30 17 5 -23 -39 -19 -10 -12 -11 -17 -24 -48 -67 -58 -50 -40 -19 -11 -9 -10 -20 -20 -7 -1 4 5 5 17 26 14 9 17 16 17 14 17 30 19 8 6 2 -1 -6 -7 -1 -11 -22 -25 -24 -18 -16 -13 -14 -4 19 36 37 14 -4 17 -15 -18 -25 3 -7 21 14 35 0 21 -10 -10 -34 -15 -23 -3 -10 11 -2 -5 -28 -28 -33 -28 -16 -12 -26 -33 -43 -29 0 16 30 28 31 31 1 -24 -18 3 16 27 50 58 43 26 10 -3 -14 -6 7 13 28 34 31 18 -16 -44 -32 -7 21 21 3 2 0 -6 -5 8 13 -2 -17 -24 -11 -4 -3 13 18 12 3 216 14307 305 2020
-21 -20 -16 -6 4 13 29 21 10 -3 -18 -24 -27 -24 -10 2 2 1 -7 -28 -47 -52 -62 -58 -42 -11 43 84 117 136 128 125 122 94 68 50 32 8 -37 -83 -105 -112 -118 -119 -117 -114 -106 -95 -79 -51 -16 36 69 70 69 45 -18 -48 -57 -71 -44 35 124 169 164 136 89 19 -50 -64 -24 6 15 26 25 1 -49 -70 -69 -54 -30 -6 17 29 24 24 0 -38 -61 -60 -39 -6 21 34 27 12 5 -1 7 28 43 38 34 33 24 17 7 -9 -9 -20 -17 5 24 32 43 1 23 -23 -33 -53 -24 -48 -15 -23 -4 -24 -10 -27 -2 -18 -5 7 27 40 56 39 29 7 -8 -11 -3 3 4 -7 -11 -5 5 11 1 -36 -73 -86 -63 -15 31 48 45 7 -30 -32 -14 21 48 35 11 -17 -25 -4 25 31 23 -7 -31 -30 -3 23 37 24 -6 -31 -39 -23 3 12 26 -4 -60 -57 -27 -5 27 60 59 22 -27 -38 -13 -2 -13 0 9 -6 -3 9 29 26 -2 -21 -27 -30 -17 2 36 46 24 -1 -16 -20 4 17 7 -14 -17 -9 2 18 15 11 -1 -19 -30 -30 -14 13 17 13 -10 -20 -8 -7 -5 9 3 36 -2 18 19 47 27 42 -3 -3 -15 17 -6 5 -20 222 9226 305 2020
-11 -6 -1 8 15 12 9 12 15 3 -9 -14 -7 7 16 23 16 5 8 -2 -21 -27 -17 -2 8 11 17 29 38 35 28 24 34 48 53 61 58 38 18 -12 -51 -71 -74 -77 -95 -128 -137 -144 -139 -115 -74 -22 22 64 77 68 45 22 15 21 49 108 157 177 158 92 6 -75 -122 -111 -66 -1 66 80 49 -12 -71 -108 -112 -89 -59 -18 13 30 32 10 -7 -14 -19 -3 24 49 60 49 39 30 14 9 20 32 43 41 27 1 -26 -53 -68 -58 -25 2 5 0 -2 -5 1 4 -2 7 15 16 22 17 11 13 4 -18 -39 -37 -18 -1 4 8 17 17 9 2 0 7 9 -2 7 8 4 13 16 24 25 21 16 -7 -32 -50 -66 -67 -61 -57 -57 -66 -80 -98 -98 -84 -48 6 50 80 100 99 105 105 95 102 106 98 66 34 10 -12 -14 8 34 30 14 -12 -59 -110 -166 -141 -105 -37 25 80 47 -9 -83 -144 -169 -119 -26 86 144 152 118 54 -4 -34 -42 -34 7 43 65 67 43 12 -19 -53 -68 -58 -39 -4 11 7 -3 -27 -45 -38 -35 -12 18 35 28 2 -18 -20 -3 5 10 7 17 24 33 20 14 5 9 6 1 13 39 37 30 7 -20 -44 -54 -37 -13 228 9000 305 2020
-14 -24 -23 -8 6 19 20 7 -3 -35 -60 -55 -35 6 46 59 47 10 -31 -37 -21 -7 -3 10 20 30 25 11 10 11 5 -1 -19 -25 -19 -17 -19 -34 -56 -71 -86 -94 -87 -70 -44 -19 10 52 103 146 162 150 130 113 108 105 111 106 75 27 -36 -106 -157 -188 -171 -126 -74 -27 -2 1 -9 -36 -60 -51 -18 12 34 57 66 54 14 -30 -44 -30 -6 26 66 105 106 78 42 -7 -52 -69 -59 -30 -12 -5 7 6 -18 -43 -59 -61 -43 -4 27 49 49 33 8 -26 -39 -35 -25 -19 -5 11 27 15 -10 -19 -7 1 -12 -6 10 33 16 6 0 2 -3 -7 -26 -15 17 -13 20 2 36 42 66 -8 -14 -40 -14 -51 -53 -74 -34 -43 -28 -32 -12 -6 16 17 40 53 73 100 127 132 136 118 91 60 27 -3 -37 -81 -122 -154 -154 -127 -94 -73 -69 -70 -73 -69 -60 -26 22 59 84 93 72 42 13 -10 -7 13 44 75 81 76 63 37 17 -13 -22 -3 25 39 32 -4 -61 -98 -110 -97 -50 -8 22 43 38 22 7 -17 -29 -33 -22 1 15 28 39 32 11 -17 -40 -49 -30 3 33 59 53 37 37 15 -18 -30 -21 3 1 -3 1 6 14 8 -16 -35 -23 -21 -22 -27 -4 232 13964 305 2020
6 10 17 8 -17 -37 -55 -46 -23 6 29 47 25 -7 -17 -5 7 7 -14 -7 5 14 34 39 32 21 -5 -25 -31 -21 -5 12 18 9 3 -17 -30 -28 -26 -10 -5 -13 -12 -22 -15 10 26 12 -4 -12 -1 1 -1 -19 18 9 43 44 65 9 -11 -82 -110 -169 -136 -100 -25 9 60 43 36 -15 -32 -24 30 92 149 143 95 32 -28 -55 -27 26 74 103 108 65 15 4 28 53 87 107 72 5 -64 -117 -114 -78 -48 11 36 21 -31 -53 -64 -57 -47 -11 20 18 -11 -34 -71 -78 -51 -25 -2 6 -11 -25 -36 -34 -14 8 24 22 4 -26 -55 -66 -61 -44 -27 -5 23 31 19 1 -11 3 18 25 26 21 29 26 13 26 43 50 50 36 27 17 19 25 37 47 50 53 33 2 -11 -24 -21 -17 -41 -55 -60 -35 -9 -14 -28 -20 -27 -55 -86 -91 -79 -48 -7 46 105 153 156 129 79 15 -37 -57 -28 4 51 87 68 10 -62 -117 -114 -77 -14 41 51 27 -16 -87 -127 -111 -78 -46 -22 -15 -27 -42 -55 -31 29 70 96 102 65 15 -31 -49 -35 -6 34 62 65 41 20 -6 -21 -9 25 52 62 54 25 -11 -23 -12 -1 8 19 3 -20 -37 -42 -19 26 53 56 41 22 237 14858 305 2020
-23 -8 5 17 19 5 -1 -1 -2 9 13 9 -2 -17 -17 -17 -8 -2 5 3 -6 -6 -4 -3 6 2 1 1 -3 5 2 -6 -5 -9 -7 3 9 11 9 5 -7 -16 -19 -13 -5 -6 -7 -12 -31 -37 -47 -62 -68 -77 -79 -78 -68 -40 9 67 116 148 166 173 173 156 128 99 78 66 45 5 -33 -71 -99 -113 -124 -99 -61 -43 -35 -31 -42 -60 -82 -85 -68 -44 -11 19 31 28 27 39 53 65 61 56 59 61 51 22 -19 -41 -53 -42 -15 2 15 13 -1 -26 -60 -69 -49 -26 -20 -19 -11 -7 -11 -14 -14 -6 -10 -11 1 6 31 57 56 35 -4 -28 -24 -14 2 10 15 21 13 -2 -13 -10 3 10 12 -3 -11 -5 -5 10 26 30 26 12 1 -7 -20 -27 -29 -27 -31 -38 -43 -50 -52 -54 -43 -14 25 61 89 110 130 141 146 141 121 103 75 27 -27 -77 -110 -126 -138 -142 -136 -122 -105 -96 -93 -81 -54 -22 8 25 26 19 4 -15 -21 -11 14 60 103 131 140 121 93 56 18 -5 -13 1 13 8 -6 -22 -39 -48 -52 -50 -39 -11 12 1 -25 -48 -50 -45 -38 -14 8 34 62 66 53 34 16 9 2 10 30 47 46 25 6 -9 -31 -36 -37 -36 -36 5 30 268 283 305 2020
-7 -3 -1 0 6 -5 -3 -5 -10 -21 -24 -15 5 14 27 26 16 -2 -9 -12 -18 -29 -22 -11 -1 -2 5 17 26 25 12 1 -2 -5 0 10 12 18 15 1 -8 -13 -12 -5 -3 -13 -25 -37 -27 -14 -14 -21 -24 -38 -70 -113 -137 -122 -85 -35 41 114 158 181 182 181 167 138 119 105 95 87 67 22 -45 -108 -146 -150 -130 -96 -55 -28 -30 -36 -52 -67 -77 -82 -71 -57 -35 6 31 42 42 27 24 30 39 80 60 85 74 54 -6 -22 -49 -45 -40 -8 -5 11 -5 -9 -24 -35 -40 -40 -49 -39 -29 -23 -18 -16 -13 -18 -19 -12 4 16 23 31 29 29 12 -9 -18 -5 1 21 34 32 24 20 12 16 9 6 4 4 -3 -4 -2 9 14 9 8 7 -7 -14 -14 -21 -23 -24 -28 -34 -48 -50 -46 -36 -13 11 33 55 74 101 116 132 151 165 152 108 51 -7 -70 -122 -145 -138 -133 -134 -115 -104 -111 -114 -111 -94 -71 -33 26 68 73 49 11 -29 -39 -22 7 51 94 125 147 143 111 68 26 -1 -23 -38 -20 11 23 5 -34 -67 -81 -74 -57 -24 12 30 19 -11 -37 -44 -40 -28 -6 11 29 40 39 35 22 14 23 29 33 35 37 41 38 19 -2 -17 -28 -27 -10 296 11658 305 2020
-19 -24 -27 -26 -16 3 20 20 13 8 -6 -13 -3 -6 -18 -15 -4 0 4 -2 -1 8 11 10 13 11 9 -2 -9 -13 -18 0 13 4 -12 -26 -42 -42 -66 -86 -86 -84 -87 -65 -20 24 82 115 143 147 145 139 146 121 117 100 83 39 -2 -36 -48 -86 -134 -176 -186 -184 -155 -121 -85 -57 -52 -47 -45 -53 -36 -2 29 76 118 148 155 131 81 35 17 45 91 150 183 169 92 -6 -88 -119 -93 -24 37 71 39 -27 -100 -137 -153 -107 -30 13 15 14 -4 -51 -81 -78 -41 -16 3 18 33 14 -4 -3 10 8 4 8 1 -12 -25 -20 -8 -7 -10 -8 -24 -44 -50 -44 -23 8 46 66 39 -4 -33 -46 -49 -34 -7 16 23 10 -5 -22 -46 -47 -18 9 36 62 91 114 117 111 111 115 129 110 102 72 21 -39 -87 -120 -151 -157 -161 -154 -138 -114 -108 -96 -100 -64 -37 -13 6 55 94 125 120 119 108 94 70 70 83 100 109 100 72 36 -10 -31 -53 -76 -55 -22 -10 -14 -34 -98 -151 -179 -167 -118 -32 41 85 57 -11 -83 -119 -101 -25 54 106 116 89 45 -5 -40 -5 47 63 78 84 50 7 -7 0 -5 -11 2 15 6 -21 -24 -8 -1 -6 -7 2 -3 -13 -15 -12 3 25 6 10132 305 2273
16 0 -13 -17 -18 -19 -15 -7 -5 14 20 17 13 5 -7 -17 -29 -21 -11 -4 4 4 0 -2 -2 -5 -5 -4 -8 -3 -1 1 18 21 5 -12 -36 -50 -46 -39 -43 -61 -67 -55 -38 -4 50 97 123 130 130 119 100 80 78 94 99 91 68 20 -38 -112 -165 -180 -168 -120 -55 -4 29 27 -7 -52 -89 -97 -74 -26 25 76 97 78 50 8 -41 -21 -32 44 93 114 89 82 18 -29 -81 -76 -63 -19 8 32 23 1 -25 -55 -76 -67 -31 11 42 35 25 -1 -34 -61 -64 -48 -18 4 26 37 31 21 0 -24 -30 -15 5 31 45 42 35 16 -9 -25 -36 -40 -21 -1 23 30 32 37 36 16 -3 -28 -40 -37 -27 -15 -6 -7 -13 -22 -39 -57 -54 -47 -37 -24 2 64 122 142 141 126 116 101 61 29 19 -8 -43 -73 -81 -80 -86 -99 -104 -102 -116 -123 -107 -79 -27 32 86 115 76 29 19 -2 -41 -43 -4 39 80 117 141 124 55 -23 -56 -64 -39 15 67 78 42 -8 -61 -109 -117 -94 -34 24 48 54 47 12 -25 -53 -61 -52 -24 6 32 42 29 10 -14 -30 -18 3 24 53 60 57 47 21 -4 -19 -26 -18 -6 3 10 14 23 18 -3 -21 -35 -42 -33 -16 0 7 12 11 6517 305 2273
-24 -49 -44 -32 -23 -17 -15 -32 -45 -51 -44 -18 -6 11 24 19 4 6 -7 -9 2 18 23 22 8 -2 -5 3 22 51 47 97 77 55 3 13 -40 -35 -48 9 -9 21 7 33 -3 -18 -56 -45 -54 -29 -10 15 -3 -16 -31 -48 -59 -52 -51 -36 -15 52 128 184 193 158 73 -4 -57 -88 -79 -33 17 57 54 16 -20 -51 -63 -47 -1 39 51 -2 -65 -113 -131 -124 -69 -26 12 25 13 -26 -48 -40 1 39 70 64 38 6 -24 -48 -32 14 50 57 60 44 23 0 -11 9 31 36 27 14 -15 -40 -50 -23 -1 27 45 37 18 -1 -20 -22 -15 9 33 35 7 -13 -25 -32 -11 18 41 56 45 26 20 -13 -21 -14 -6 -8 -16 -28 -29 -35 -38 -34 -24 -25 6 -21 -11 -7 19 -28 6 -17 0 -23 16 0 25 -5 20 7 18 -4 15 17 32 20 20 8 5 -3 -10 -30 -41 -39 -14 6 9 10 24 8 -10 -15 -20 -13 4 6 15 21 19 18 9 2 -1 0 -10 -13 -34 -29 -5 16 14 21 8 4 -1 -21 -42 -33 -30 -16 -2 11 18 21 20 17 7 4 4 0 0 18 26 25 15 -6 -12 -11 -17 -5 0 -30 -30 -17 3 10 17 21 7 -25 -19 4 -5 16 6638 305 2273
-26 -22 -5 18 22 6 -25 -54 -65 -51 -32 -13 0 -6 -12 -3 2 1 -5 -1 15 14 3 -1 -4 -6 2 23 46 59 61 64 55 30 2 -14 -19 0 16 31 31 11 -18 6 -32 -5 -20 -15 -66 -37 -54 -19 -43 -9 -42 -42 -77 -48 -47 -3 33 100 137 171 143 103 42 -11 -45 -48 -36 1 32 51 30 -13 -53 -74 -59 -19 26 52 40 -17 -86 -139 -150 -125 -68 -10 27 28 -2 -41 -40 -23 19 61 79 68 28 -21 -42 -47 -16 31 60 71 61 40 8 -4 3 18 29 32 26 7 -22 -29 -24 -9 12 12 6 2 -8 -9 -2 13 29 34 29 11 -6 -5 2 9 19 28 20 12 13 5 4 15 15 10 4 -8 -18 -38 -53 -50 -43 -38 -26 -9 4 -4 -22 -32 -37 -41 -26 3 26 37 39 23 7 -4 -8 -3 -8 -8 1 11 34 50 35 16 -1 -24 -41 -42 -28 -9 -2 -10 -20 -22 -22 -18 -12 -3 6 9 12 9 5 13 23 15 3 -6 5 10 6 3 9 15 11 3 -10 -15 -11 -13 -11 -10 -18 -19 -19 -17 -10 -11 -5 2 2 4 6 6 8 8 7 12 23 24 16 1 -9 -6 0 4 6 1 -1 6 6 1 -7 -12 -3 2 0 2 -2 21 5485 305 2273
14 -4 -2 -2 34 94 124 108 37 -32 -70 -68 -19 57 121 143 112 60 11 -16 -13 10 46 59 32 -25 -77 -97 -100 -64 -12 19 33 17 -55 -67 -101 -86 -59 -29 -42 -54 -87 -112 -138 -110 -47 39 106 143 160 145 131 121 125 130 131 118 100 45 -13 -78 -138 -173 -173 -145 -105 -75 -54 -54 -72 -82 -75 -55 -34 -1 38 58 59 44 50 58 45 33 42 56 75 84 102 106 73 29 -14 -50 -69 -63 -31 5 13 -12 -36 -53 -63 -75 -84 -97 -74 -38 -8 2 -17 -18 -5 18 45 102 139 131 83 38 -16 -40 -43 -19 10 33 34 11 -31 -65 -53 -3 61 81 58 -5 -76 -129 -141 -101 -39 17 54 42 -11 -62 -88 -79 -39 12 42 37 -2 -50 -86 -103 -70 -12 52 104 130 120 141 111 127 153 182 168 162 95 20 -53 -92 -110 -105 -109 -117 -126 -144 -143 -135 -118 -85 -39 -3 36 58 66 52 28 15 23 26 51 76 95 107 109 104 83 46 11 -6 -22 -30 -30 -32 -29 -38 -69 -101 -113 -107 -72 -33 -2 22 26 21 9 -29 -54 -40 -3 33 48 44 40 28 14 -5 -12 -12 14 31 38 47 41 28 9 -15 -29 -21 -25 -13 1 14 20 26 12 -2 -18 -18 -20 -34 -52 -56 27 4727 305 2273
-6 1 -1 -5 -18 -37 -52 -58 -55 -37 -15 5 20 19 11 -4 -14 -7 -2 4 20 28 24 30 -5 35 16 37 29 64 18 21 1 21 0 23 5 22 -8 -6 0 -2 -39 -23 -8 -22 -38 -20 2 -9 -32 -37 -28 -27 -37 -37 -41 -47 -28 20 80 129 163 175 131 58 -11 -48 -53 -46 -30 11 29 12 -25 -51 -53 -41 -22 7 24 -7 -53 -88 -114 -118 -94 -57 -19 1 -2 -27 -65 -63 -5 57 109 128 97 39 -28 -68 -63 -20 40 84 93 63 12 -28 -32 -8 20 38 46 18 -22 -43 -40 -11 9 18 23 15 8 -2 -5 6 24 43 55 45 20 -2 -14 -26 -21 1 20 37 36 21 11 -3 -12 -14 -11 4 8 -5 -20 -46 -25 -62 -22 -21 -2 -44 -25 -37 -10 -36 -1 -9 19 13 35 20 6 -9 14 -8 -20 14 41 27 12 13 20 14 -4 -8 -1 -11 -24 -10 -3 -4 -13 -9 0 -17 -28 -10 -1 2 4 2 14 13 3 -2 0 -11 -5 9 14 3 -8 -13 -2 8 20 23 10 -3 -9 -26 -40 -39 -27 -11 -6 -1 12 18 16 9 -7 -19 -22 -12 7 25 34 33 23 0 -11 -5 -1 -3 -22 -31 -14 5 17 27 23 22 14 -8 -23 -24 -17 -5 9 32 3472 305 2273
-19 -23 -20 -16 -23 -17 -7 -10 -12 -1 5 17 19 17 12 6 4 9 1 1 -3 -7 -5 -7 -4 1 4 -1 -4 4 5 -2 -7 -8 -9 -20 -32 -43 -56 -55 -59 -76 -91 -83 -48 0 47 92 123 139 143 127 115 108 107 110 110 99 66 13 -54 -119 -162 -182 -170 -117 -66 -22 2 -3 -26 -63 -80 -63 -35 -5 32 76 67 28 -3 -9 -35 -9 31 97 96 97 57 29 -28 -45 -57 -21 -21 6 3 8 -4 1 -25 -44 -60 -44 -20 18 31 36 28 -8 -53 -80 -82 -51 -26 -3 19 23 22 19 6 -1 -5 6 7 15 31 57 64 48 25 6 -8 -14 -15 -9 -5 -16 -7 3 1 -1 -3 -17 -20 -24 -28 -25 -10 -6 -18 -21 -30 -46 -66 -63 -29 9 39 74 106 134 141 134 135 123 94 66 36 1 -41 -85 -107 -121 -133 -137 -128 -118 -110 -94 -79 -57 -20 20 59 80 83 75 38 -10 -40 -42 -7 43 93 142 151 119 66 5 -40 -60 -43 -4 32 52 33 -10 -67 -113 -123 -96 -44 9 48 71 54 4 -36 -66 -66 -42 -14 21 49 54 30 -14 -41 -41 -24 4 49 78 72 72 59 7 -30 -26 -6 2 9 26 40 25 -10 -27 -27 -42 -63 -77 -71 -58 -30 4 29 37 4717 305 2273
-27 -12 -5 -6 -1 0 4 -4 2 15 25 32 20 -5 -16 -12 -5 -5 1 4 2 -2 -4 3 2 1 11 11 6 -3 -12 -6 -3 -9 -2 -6 -13 -26 -45 -60 -57 -59 -72 -74 -68 -58 -27 10 68 111 133 150 152 132 122 118 113 111 93 62 27 -35 -110 -172 -195 -183 -138 -72 -8 38 39 10 -30 -75 -86 -68 -28 27 74 87 54 1 -41 -67 -68 -32 19 74 105 98 74 33 -9 -40 -43 -21 -1 20 21 3 -10 -9 10 21 13 20 14 7 2 -4 1 -4 -27 -54 -65 -61 -50 -39 -17 -1 -8 -32 -35 -35 -45 -43 -25 0 21 19 18 27 9 -21 -37 -21 14 55 86 93 87 80 50 9 -20 -23 -22 -25 -18 -11 -6 -4 -12 -22 -47 -72 -74 -58 -27 20 64 97 101 87 85 91 95 91 72 45 11 -21 -60 -82 -89 -101 -120 -132 -128 -108 -96 -79 -49 -14 25 49 69 90 80 47 7 -41 -70 -57 -6 53 102 128 117 69 8 -26 -23 -6 45 88 88 67 24 -35 -91 -127 -110 -57 -2 43 64 54 16 -23 -50 -54 -41 -28 -20 -10 -18 -31 -45 -53 -43 -32 -24 -20 -10 17 38 49 61 58 35 20 9 8 24 44 50 53 53 40 11 -10 -16 -7 -6 2 15 42 9427 305 2273
19 11 6 5 3 5 6 13 4 -22 -11 13 -4 -8 3 9 1 -8 -11 -4 -7 -16 -5 8 3 -1 -2 -7 -14 -16 4 19 10 -3 -4 -8 -18 -39 -54 -59 -67 -73 -79 -76 -56 -17 36 88 118 135 148 134 95 67 58 70 96 90 61 21 -32 -98 -156 -182 -160 -112 -53 8 46 45 11 -43 -90 -105 -76 -22 30 60 58 45 23 1 -15 -7 30 72 98 99 66 23 -15 -59 -79 -64 -32 6 37 55 42 -6 -53 -75 -71 -50 -3 35 35 19 -11 -24 -25 -45 -50 -40 -28 -4 13 40 55 34 4 -16 -25 -26 -17 -2 19 32 25 5 2 2 2 7 0 -13 -16 3 15 11 38 36 -8 -34 -33 -31 -27 -25 -14 0 -4 -27 -35 -37 -47 -39 -8 21 44 57 81 109 113 116 110 93 87 69 39 5 -40 -80 -109 -124 -122 -110 -96 -92 -91 -90 -84 -66 -42 0 48 82 93 70 35 3 -32 -39 -14 31 86 120 133 117 70 12 -22 -28 -10 -4 49 40 19 -49 -62 -109 -93 -82 1 19 64 49 50 -4 -33 -75 -56 -59 -9 25 61 47 21 -18 -45 -55 -32 9 55 70 69 55 30 9 -15 -25 -30 -37 -18 21 49 51 40 21 -10 -44 -66 -65 -47 -19 -8 -5 -7 47 5332 305 2273
12 14 19 7 -1 -11 -15 -3 21 36 36 10 -20 -24 -24 -8 -7 -10 -10 -12 -13 -7 -6 8 14 6 -3 -9 -6 6 13 13 6 -7 -20 -29 -39 -39 -25 -35 -68 -89 -97 -77 -38 0 45 81 102 112 117 125 126 121 120 118 110 94 60 15 -42 -100 -155 -174 -151 -116 -68 -24 -2 -8 -39 -71 -86 -87 -51 -6 31 65 67 41 11 -8 -28 -4 26 58 68 113 83 69 19 5 -41 -51 -60 -18 -14 15 -7 -7 -31 -31 -51 -38 -32 5 26 36 18 4 -26 -52 -57 -49 -27 2 32 57 40 10 -4 -28 -46 -40 -12 12 22 32 36 26 -4 -21 -37 -39 -27 4 33 62 54 33 18 5 -11 -15 -33 -36 -36 -26 -3 9 3 -11 -36 -61 -74 -70 -45 -3 50 86 107 104 97 97 103 116 112 80 45 -5 -51 -65 -74 -87 -104 -121 -125 -124 -123 -117 -102 -84 -49 2 44 70 76 68 48 16 -10 -12 5 53 107 128 125 94 41 -2 -25 -20 3 32 60 57 20 -27 -65 -95 -92 -90 -55 -12 40 17 39 21 1 -44 -40 -47 -7 -4 36 30 32 1 -6 -38 -29 -28 7 36 68 71 66 36 7 -9 -18 -21 -4 11 19 19 3 -11 -30 -40 -38 -35 -21 4 9 4 -1 52 1275 305 2273
22 9 23 -6 1 -15 -4 0 29 39 41 29 17 7 17 23 32 37 33 29 17 11 18 14 7 6 -2 -20 -31 -29 -24 -17 -16 -19 -13 -27 -39 -62 -75 -83 -81 -86 -80 -73 -46 -9 29 62 102 131 151 154 143 128 118 114 113 92 66 31 -25 -94 -147 -177 -175 -140 -93 -43 2 12 -7 -42 -77 -83 -75 -52 -6 39 81 91 66 34 2 -17 -20 -3 30 74 100 84 49 9 -23 -44 -65 -61 -32 -2 19 28 9 -9 -26 -47 -49 -33 4 32 27 -5 -40 -63 -61 -39 -10 15 37 47 37 3 -27 -26 -25 -32 -17 12 30 35 32 31 20 -8 -22 -24 -10 18 39 48 48 35 18 13 -2 -19 -23 -38 -55 -49 -28 -5 -1 -21 -44 -64 -78 -64 -38 -12 28 61 90 109 117 132 138 129 114 97 75 33 -13 -51 -78 -99 -122 -131 -133 -131 -121 -114 -106 -93 -75 -29 23 63 89 87 53 14 -24 -43 -34 13 69 115 138 130 98 44 -10 -31 -25 8 36 54 53 19 -20 -61 -102 -108 -83 -34 17 41 43 33 8 -34 -63 -63 -44 -16 13 29 44 32 11 -11 -31 -23 1 32 59 59 35 11 -9 -25 -28 -17 5 38 54 42 24 10 -9 -36 -54 -44 -27 -23 -9 8 9 57 6065 305 2273
-8 -11 -2 9 15 10 0 -11 -13 -17 -13 6 20 22 20 5 -7 -12 -9 5 6 3 10 2 -12 -13 -4 3 -2 -6 -3 -6 -14 -17 -13 -14 -15 -18 -36 -52 -67 -77 -80 -81 -64 -25 8 48 87 116 142 146 143 146 135 119 117 113 82 30 -27 -93 -146 -176 -168 -122 -73 -28 3 11 -8 -45 -75 -72 -70 -48 -5 29 49 48 29 30 27 19 22 41 68 84 78 40 -1 -35 -57 -57 -60 -35 7 21 14 11 -6 -20 -32 -37 -26 -11 -1 9 7 2 -11 -31 -53 -68 -63 -25 28 59 68 67 50 24 -13 -43 -42 -38 -27 -1 24 39 36 20 11 -2 -23 -29 -19 3 26 43 48 35 3 -26 -37 -37 -36 -28 -30 -31 -30 -25 -18 -20 -35 -44 -49 -30 -15 61 90 129 117 148 118 133 106 125 72 47 -30 -54 -112 -119 -154 -142 -156 -131 -132 -114 -105 -74 -42 16 53 76 88 77 39 -8 -38 -46 -26 14 67 115 130 107 79 45 7 -20 -19 0 18 19 17 -4 -25 -63 -86 -82 -52 -16 31 51 43 21 -3 -38 -61 -71 -44 -13 9 32 57 38 14 -1 -14 -9 7 23 47 62 54 39 15 -19 -51 -60 -40 -8 18 41 61 52 23 -12 -46 -58 -57 -51 -30 -12 -1 62 2554 305 2273
-35 -39 -27 -13 11 37 46 37 25 7 -11 -24 -31 -19 -5 7 10 13 5 -1 -10 -11 -2 -8 -12 2 9 4 6 8 11 5 -7 -7 -3 -7 -18 -35 -40 -38 -42 -53 -47 -30 -4 9 15 32 63 94 127 146 147 149 167 99 71 24 6 -78 -98 -152 -148 -182 -138 -139 -108 -123 -83 -74 -33 -34 2 35 71 49 39 22 19 12 21 50 84 97 101 96 85 68 42 24 0 -22 -15 10 9 -19 -54 -88 -104 -95 -60 -8 34 41 26 -2 -22 -37 -48 -38 -11 3 9 21 26 32 27 16 9 3 1 16 32 42 45 38 8 -14 -26 -35 -27 -14 1 14 17 18 9 -11 -21 -32 -35 -30 -25 -11 10 13 5 -5 -8 -8 -8 1 14 26 25 21 13 3 -7 -7 -13 -3 0 4 3 2 5 1 -12 -9 -10 -14 -24 -39 -35 -18 -7 -2 7 13 6 -6 -13 -1 21 29 27 13 -8 -16 -26 -28 -14 -4 21 42 31 13 2 -6 -19 -32 -31 -9 12 15 20 26 12 -8 -21 -28 -20 -9 16 41 34 11 -11 -18 -1 9 -2 -13 -19 -11 0 20 30 28 9 -2 -6 -23 -38 -11 16 26 11 -9 -9 -14 -22 -9 10 20 12 -6 -12 -10 -2 13 22 10 6 12 7 66 15475 305 2273
-15 1 5 -5 -6 1 2 4 3 -3 -2 15 15 3 -12 -7 1 -3 -6 2 1 3 -2 -4 10 8 8 21 27 37 42 21 29 64 53 27 34 33 8 -22 -47 -64 -80 -111 -120 -114 -119 -135 -137 -116 -83 -57 -6 50 83 81 66 48 29 31 62 114 167 196 178 101 3 -70 -111 -111 -71 -6 50 64 42 2 -65 -118 -132 -117 -81 -36 6 42 40 13 -14 -31 -26 10 48 54 42 31 17 16 21 32 50 51 38 16 -11 -18 -15 -5 4 2 -2 -4 -10 -11 -9 -17 -36 -15 -38 -7 16 36 35 50 27 24 8 0 -12 -5 -1 3 -7 -7 -7 -14 -8 -6 1 7 14 7 10 20 23 20 22 33 41 25 7 -10 -36 -58 -75 -77 -63 -54 -62 -79 -104 -96 -88 -97 -51 14 45 72 107 119 107 95 87 106 121 106 90 69 17 -15 -25 -16 -4 -6 -16 -36 -82 -128 -148 -130 -79 -20 34 58 35 -25 -94 -135 -133 -86 -10 63 122 133 97 40 -10 -34 -30 -11 23 49 63 56 22 -12 -35 -43 -22 -6 -4 -4 -6 -21 -23 -20 -28 -16 -1 3 2 -12 -21 -17 -17 -11 1 12 18 21 19 15 9 0 -11 -30 -32 -2 33 51 63 58 44 20 -22 -50 -51 -39 -13 71 12691 305 2273
-18 -18 -7 6 26 31 16 4 -4 -9 -11 -13 -5 -6 -14 -18 -13 -9 -2 8 17 22 29 28 25 16 4 1 -10 -22 -15 -8 -4 0 -3 3 -11 -39 -50 -47 -59 -76 -72 -83 -88 -76 -47 -2 50 97 144 163 161 156 142 130 126 119 112 82 20 -50 -119 -172 -192 -174 -134 -77 -20 17 25 5 -24 -49 -67 -73 -53 -29 4 25 37 38 40 46 45 29 41 64 67 60 51 32 3 -32 -38 -47 -41 -42 -23 -36 -11 -1 26 8 14 -19 -11 -22 -6 -9 -2 -37 -40 -57 -37 -16 20 38 54 51 37 7 -10 -16 -11 -11 -12 -21 -31 -24 -7 0 6 4 0 3 -2 8 40 59 42 14 -6 -19 -29 -32 -29 -21 -19 -10 -2 -6 -14 -23 -34 -42 -51 -42 -13 15 49 81 105 110 111 120 126 120 112 92 31 -20 -60 -99 -129 -136 -143 -145 -143 -135 -118 -104 -85 -38 19 67 99 97 73 31 -17 -52 -48 -14 33 77 109 128 116 75 27 -5 -20 -10 0 17 28 12 -17 -41 -79 -95 -84 -55 -15 22 56 65 42 14 -16 -42 -55 -43 -25 -3 7 3 -4 4 2 3 5 12 32 40 35 26 6 -3 -10 -17 -17 -10 9 25 33 23 12 4 -12 -17 -12 -11 -3 -1 -1 77 9635 305 2273
-19 -17 -9 -10 -12 -16 -22 -20 -11 -3 14 27 17 1 -16 -20 -9 -2 7 15 12 19 20 9 6 14 12 4 2 -1 3 4 0 -2 -7 -12 -17 -46 -51 -61 -75 -82 -86 -88 -65 -34 12 56 90 120 137 137 132 127 122 125 131 120 98 65 8 -51 -122 -173 -184 -169 -127 -72 -31 8 14 -13 -43 -65 -67 -45 -5 34 62 64 37 -2 -34 -51 -36 -2 44 84 104 110 79 28 -10 -45 -55 -45 -30 -18 -15 -30 -47 -54 -47 -22 5 17 24 27 54 -2 2 -26 -20 -60 -23 -18 3 -22 -5 -35 -18 -29 1 17 39 31 32 25 16 8 2 -15 -31 -36 -24 -2 11 30 47 36 19 -2 -20 -18 -13 -9 -5 -19 -33 -45 -50 -47 -42 -43 -38 -33 -30 -15 22 63 99 124 130 129 124 120 104 83 64 38 -5 -34 -62 -87 -106 -118 -122 -126 -132 -127 -115 -94 -72 -34 13 53 84 96 88 47 -8 -39 -47 -25 33 85 122 121 85 47 3 -26 -8 21 28 51 74 37 -24 -60 -91 -110 -96 -62 -4 35 41 47 44 19 -10 -25 -22 -12 1 23 28 15 -18 -46 -62 -66 -54 -27 11 39 53 56 44 27 19 21 20 15 10 13 5 -8 -12 -22 -26 -26 -27 -17 -4 5 17 83 7516 305 2273
-5 1 -5 -14 -10 -11 -15 -5 -7 1 2 -4 -3 3 5 6 0 2 12 17 17 16 13 9 7 -3 -18 -16 -12 -8 4 22 33 29 11 4 -9 -23 -26 -25 -15 -5 7 17 15 -1 -30 -59 -76 -86 -85 -69 -49 -43 -50 -50 -43 -1 69 100 121 145 161 174 174 170 158 139 102 51 -3 -67 -118 -143 -152 -145 -129 -98 -59 -45 -34 -37 -55 -70 -82 -77 -39 18 70 87 69 40 12 5 4 17 50 78 87 75 48 11 -25 -34 -31 -19 -3 -2 9 15 8 -23 0 -39 -49 -63 -39 -49 -33 -35 -19 -35 -32 -31 -14 -7 12 29 36 40 31 17 -4 -16 -13 -11 1 7 7 22 35 26 17 7 2 9 11 10 7 5 -2 -5 -7 -11 -8 -18 -34 -33 -34 -18 -12 -23 -32 -35 -49 -47 -50 -29 5 43 80 110 125 129 132 139 126 113 105 97 67 -2 -67 -119 -144 -157 -186 -179 -146 -130 -113 -95 -78 -41 -3 26 45 42 23 4 -13 -20 -6 21 63 109 133 133 131 101 51 -4 -40 -16 32 63 65 42 13 -32 -91 -121 -100 -59 -26 10 31 25 0 -30 -54 -67 -75 -58 -24 13 42 58 62 76 16 20 16 27 22 48 32 28 1 0 -15 -9 -18 -3 -2 2 17 88 4662 305 2273
9 5 4 4 7 2 -4 -6 0 1 2 14 24 17 8 3 -5 -16 -22 -19 -18 -11 3 20 42 44 33 13 -4 -7 -25 -33 -18 -3 4 2 1 7 3 -3 -9 -2 6 20 51 70 66 55 40 43 46 36 18 -16 -46 -63 -75 -73 -71 -81 -89 -111 -151 -179 -171 -127 -59 16 57 91 90 45 35 38 53 66 105 129 147 119 92 27 -41 -97 -79 -32 34 55 58 28 -22 -86 -117 -122 -88 -34 16 41 33 -2 -32 -46 -44 -17 14 50 71 67 54 38 19 7 7 23 41 49 43 30 18 0 -19 -34 -33 -10 6 16 17 -5 -26 -36 -49 -38 -13 9 25 22 3 -6 -15 -22 -18 3 14 16 16 6 0 -16 -19 -9 2 17 19 14 14 12 11 10 17 39 49 45 29 6 -22 -54 -79 -92 -88 -82 -86 -84 -86 -99 -102 -91 -60 -15 14 35 61 79 94 100 110 133 157 170 156 112 62 14 -20 -25 3 24 15 -5 -40 -80 -123 -154 -152 -128 -94 -39 5 13 -15 -73 -101 -86 -53 -11 37 88 110 90 59 23 -1 1 35 78 99 96 64 14 -30 -58 -56 -32 -20 -8 -3 -9 -21 -53 -80 -84 -78 -54 -17 18 28 20 -3 -34 -42 -28 5 42 63 71 59 30 7 126 7078 305 2273
-5 7 11 7 -2 -10 -18 -16 -2 5 14 13 3 -7 -14 -12 -11 -6 -1 -7 -5 -7 -8 1 4 4 10 12 15 15 10 -7 -21 -6 1 -1 6 7 -5 -11 -14 -14 -10 -3 3 12 10 -11 -13 -23 -43 -51 -66 -83 -101 -114 -93 -50 -4 53 102 142 166 180 183 170 151 127 101 80 55 21 -26 -68 -98 -130 -133 -105 -76 -42 -28 -38 -55 -75 -83 -83 -75 -49 -18 5 12 18 29 42 52 49 51 57 59 70 63 27 -19 -53 -53 -29 -3 24 35 31 9 -30 -56 -55 -39 -35 -39 -47 -47 -40 -33 -31 -22 -16 -13 -9 -7 12 39 50 53 34 3 -14 -14 -4 5 9 22 36 31 13 6 10 8 -5 -22 -19 -13 -9 4 10 6 10 9 6 10 9 -4 -13 -23 -35 -40 -39 -39 -45 -44 -50 -47 -21 22 69 94 120 149 166 158 146 146 128 73 24 -26 -76 -119 -153 -161 -158 -154 -145 -121 -101 -90 -81 -57 -24 15 44 56 47 15 -15 -40 -36 8 60 113 148 142 122 84 40 8 -3 4 17 25 16 -4 -30 -49 -54 -51 -39 -15 0 3 -6 -35 -55 -57 -60 -50 -40 -12 29 53 53 47 40 30 24 27 34 38 43 39 23 0 -6 -3 -15 -33 -41 -29 1 18 134 39 305 2273
-16 -20 -9 0 0 2 4 15 26 22 19 16 9 -3 -10 -9 -8 0 11 15 8 -5 -3 -2 3 10 9 5 5 -1 0 -2 -8 -7 -2 23 61 77 71 31 -33 -96 -135 -132 -91 -33 16 44 56 34 1 -41 -79 -86 -72 -69 -71 -89 -100 -91 -63 8 104 202 266 273 225 147 86 67 72 89 87 50 -31 -128 -193 -195 -146 -59 12 48 29 -27 -72 -111 -126 -99 -56 -18 1 10 9 10 -13 36 28 59 56 111 80 88 46 64 21 3 -67 -55 -81 -64 -46 14 47 70 49 22 -24 -54 -72 -52 -26 -5 6 -2 -24 -46 -55 -36 -11 11 14 0 -14 -21 -18 1 16 30 33 26 24 27 39 42 43 38 24 -1 -22 -35 -31 -21 2 13 0 -15 -35 -50 -58 -70 -78 -62 -26 24 61 75 58 6 -56 -94 -92 -62 -11 59 127 175 188 175 157 140 132 128 104 69 -2 -99 -181 -226 -227 -184 -119 -60 -32 -50 -97 -132 -127 -75 11 80 99 68 -6 -75 -96 -81 -7 83 159 200 188 140 77 25 4 2 11 29 30 9 -24 -59 -47 -88 -55 -56 -19 -39 11 6 37 -5 -5 -61 -56 -113 -97 -71 -7 26 73 71 66 30 10 -8 6 32 67 88 87 64 35 0 -3 4 3 138 13899 305 2273
-21 -42 -43 -38 -36 -32 -32 -31 -29 -23 -13 0 12 17 26 26 16 12 8 2 1 -2 -1 1 -1 3 18 28 27 21 17 7 -5 -6 -6 -2 0 -1 -2 0 6 10 9 3 -7 -8 -9 -11 -14 -26 -42 -57 -75 -72 -58 -39 -2 28 63 102 120 131 148 174 178 149 101 39 -6 -42 -69 -90 -113 -131 -142 -153 -154 -146 -128 -98 -72 -43 -8 16 37 46 30 8 -20 -38 -35 -12 32 85 140 166 150 108 59 17 -21 -31 -13 -4 3 14 6 -18 -37 -35 -15 -8 -11 -13 -4 -3 -19 -26 -30 -35 -48 -41 -13 17 40 42 22 10 0 7 32 42 39 28 10 2 -1 2 9 8 10 14 11 3 4 8 0 -16 -33 -42 -49 -55 -46 -16 -9 -2 -1 -8 -7 -9 -16 -11 0 5 13 17 14 12 10 2 -1 -1 9 19 20 15 13 5 -2 -21 -32 -28 -24 -23 -31 -19 -14 -27 -30 12 4 9 -6 18 4 20 9 33 33 40 13 11 -16 -13 -17 -13 -18 -11 -9 0 -7 -7 -1 15 28 33 26 11 -8 -13 -18 -11 -3 10 29 19 -4 -14 -12 -9 -17 -11 3 -2 -3 1 15 25 15 -6 -11 -8 -4 -6 19 36 29 8 -6 -5 -2 -13 -23 -32 -28 -13 3 143 11572 305 2273
-4 -5 2 8 15 17 10 5 6 0 -1 -6 -19 -23 -39 -45 -32 11 39 38 29 18 -1 -22 -40 -29 -19 -11 10 17 14 18 17 10 9 3 -4 -7 -1 15 29 20 -2 -9 -10 -8 -4 -13 -23 -40 -61 -66 -69 -61 -53 -57 -60 -56 -33 11 70 125 164 172 159 144 122 99 97 89 65 33 -18 -73 -112 -146 -155 -136 -99 -41 1 20 4 -31 -64 -94 -108 -95 -47 12 49 67 61 42 26 12 16 41 70 92 96 76 44 -6 -48 -67 -69 -43 -5 24 46 43 22 -13 -45 -64 -62 -45 -24 2 7 -7 -19 -25 -34 -23 -19 3 29 36 33 19 3 -3 -5 -7 0 5 10 12 6 -20 -27 -21 -9 3 11 26 35 21 12 2 -11 -18 -20 -7 -6 -12 -8 -1 1 -10 -33 -52 -57 -48 -31 -13 7 14 17 21 43 88 106 104 108 104 104 101 78 51 14 -37 -95 -150 -173 -158 -128 -101 -84 -72 -71 -72 -64 -38 -1 32 51 60 45 23 -2 -21 -6 22 64 105 139 148 123 77 29 -12 -34 -29 -9 11 28 22 -15 -59 -92 -104 -79 -40 4 46 48 27 -10 -52 -69 -74 -60 -29 8 45 60 54 32 6 -5 -6 14 28 36 40 37 29 14 -10 -20 -26 -14 4 6 149 2038 305 2273
40 42 38 31 7 -24 -43 -42 -30 -3 6 6 8 -4 -11 -7 -12 -5 5 2 -8 -23 -16 3 7 4 6 7 0 0 -1 -11 -11 1 9 12 9 8 4 -1 -4 -10 -17 -16 -21 -9 2 -8 -26 -47 -60 -58 -60 -74 -78 -71 -57 -25 12 57 111 152 165 170 161 144 127 105 89 73 44 5 -52 -106 -150 -173 -150 -110 -82 -40 -2 9 5 -16 -46 -67 -74 -59 -16 24 43 47 33 13 1 -5 13 44 65 87 90 70 43 9 -17 -28 -27 -16 -5 7 12 9 -16 -45 -49 -46 -32 -15 -14 -7 -6 -25 -43 -60 -50 -29 -8 21 36 39 46 33 6 -20 -24 -13 -4 8 15 25 27 15 9 0 -6 -1 -14 -23 -20 -11 13 32 35 34 31 20 -2 -51 -27 -35 -34 -27 2 -20 -28 -37 -24 -34 -26 -30 4 42 90 129 140 134 130 122 114 91 48 8 -41 -89 -118 -132 -126 -123 -116 -116 -110 -99 -81 -50 -27 -13 20 40 48 41 17 -2 -12 -14 -1 24 64 94 115 119 98 63 29 3 2 18 33 31 18 -1 -43 -67 -84 -97 -79 -55 -26 -2 -8 -18 -32 -46 -49 -37 -18 6 41 45 48 41 28 17 10 5 18 26 29 44 32 19 2 -10 -17 -9 -2 6 10 153 7608 305 2273
11 7 4 -7 -21 -29 -33 -32 -35 -32 -16 14 40 35 39 53 31 3 -6 -4 8 2 -4 11 22 22 23 14 9 -9 -11 8 36 54 72 87 53 1 -36 -52 -49 -60 -89 -103 -120 -123 -129 -142 -132 -116 -98 -69 -25 31 73 92 78 51 46 49 78 119 154 175 150 88 19 -48 -73 -63 -30 18 42 33 4 -48 -91 -127 -130 -96 -51 -8 26 32 13 -18 -39 -48 -27 13 56 55 96 59 43 -8 9 -10 24 37 70 35 38 2 2 -15 -4 -10 7 6 7 0 -2 -20 -25 -31 -23 -8 -3 14 27 15 6 -13 -24 -25 -20 -5 16 23 22 15 4 -9 -20 -23 -17 -6 -4 14 37 45 39 23 16 39 35 20 4 -13 -25 -36 -47 -39 -47 -49 -71 -103 -128 -131 -104 -50 -2 27 45 66 61 62 71 70 82 103 125 142 130 101 61 7 -32 -39 -33 -20 -13 -30 -62 -112 -153 -153 -114 -64 -5 32 20 -18 -81 -117 -98 -45 22 76 103 118 98 51 0 -33 -34 1 42 70 76 60 27 -17 -56 -64 -49 -26 -5 50 14 16 -29 -47 -82 -38 -27 8 -15 15 0 1 -31 -23 -31 -6 0 15 26 37 23 10 -2 -9 -4 10 21 30 30 35 21 -2 -11 -14 -11 8 20 158 6408 305 2273
2 -17 -42 -30 -30 -1 2 23 -1 -6 -24 -7 -17 -12 5 14 4 8 0 14 14 -2 2 -1 5 13 12 6 -3 -8 3 8 -1 -11 -13 -16 -19 -32 -49 -62 -70 -78 -77 -74 -58 -16 1 31 73 115 148 158 131 120 114 107 93 95 95 73 13 -57 -125 -173 -184 -161 -121 -53 4 10 -3 -27 -62 -79 -85 -66 -16 35 77 90 72 41 0 -32 -31 4 55 95 119 105 61 3 -55 -82 -84 -61 -14 16 33 29 0 -35 -65 -78 -60 -42 -6 20 20 7 -13 -25 -23 -12 -9 2 20 26 21 12 -3 0 8 5 4 14 42 31 24 6 16 -9 3 0 14 4 16 0 1 -19 -6 -7 -11 -39 -52 -63 -47 -29 -15 -4 -2 -12 -32 -62 -90 -88 -69 -30 22 77 125 152 158 151 131 111 96 94 91 75 45 -3 -56 -118 -151 -146 -142 -139 -128 -133 -123 -113 -84 -27 20 44 68 75 64 32 12 -2 2 24 60 105 133 136 121 73 18 -26 -53 -37 -1 29 48 36 -10 -71 -125 -138 -109 -54 4 51 69 52 18 -34 -68 -67 -51 -8 33 59 67 45 11 -11 -30 -28 -10 21 49 56 41 23 7 -13 -25 -21 -4 10 12 8 14 5 -7 -18 -34 -40 -39 -40 -32 -29 -23 164 5375 305 2273
-30 -20 -4 0 -10 -43 -73 -98 -99 -72 -41 -17 7 1 -18 -21 -19 -7 -2 -6 8 23 17 20 12 16 31 45 50 45 32 54 7 10 -8 17 -38 -6 -21 9 -20 6 -21 8 -28 -15 -30 -26 -40 -23 -34 -19 -24 -24 -22 -14 -16 -15 -16 3 52 111 150 185 162 109 47 -21 -77 -95 -84 -36 -9 1 -3 -36 -70 -85 -87 -48 1 21 8 -35 -96 -144 -152 -127 -59 11 49 69 56 28 18 21 61 116 136 123 75 16 -13 -22 -5 28 52 60 64 48 12 -14 -20 -15 -12 -43 -69 -80 -94 -91 -78 -53 -12 5 0 -2 -15 -18 -2 18 39 57 49 30 11 -9 -16 -3 25 47 39 21 31 28 26 30 27 19 15 -26 -54 -64 -71 -65 -40 -12 10 18 17 19 13 -1 -12 -15 -7 11 20 35 40 19 2 -1 -1 14 9 -8 -6 -6 -3 0 -5 -5 -20 -39 -37 -23 -11 -3 -2 -8 -9 -5 -8 1 9 2 12 9 8 8 1 11 18 20 21 9 -1 5 11 5 -2 -4 -4 -8 -18 -29 -25 -17 -6 4 -2 -2 -9 -13 -5 -5 -5 13 17 18 12 0 -8 -7 -6 6 17 19 26 22 2 -5 -11 -19 -8 -2 -4 -6 -10 -12 -5 -14 -11 -7 -6 5 4 169 8086 305 2273
-13 -12 -6 -7 4 4 -6 -3 -3 -2 14 14 6 7 6 7 6 -3 -9 -6 -8 -7 -5 -6 4 10 -2 -1 -1 -9 2 7 8 2 -25 -24 -22 -51 -55 -53 -45 -89 -72 -80 -34 -41 25 58 131 117 161 144 148 108 114 106 127 90 75 17 -41 -112 -160 -185 -171 -140 -86 -32 -8 -7 -13 -30 -50 -58 -58 -30 12 34 37 26 18 19 13 20 48 75 94 104 81 43 3 -20 -39 -60 -42 -19 -4 3 10 6 -6 -31 -66 -88 -77 -54 -3 34 35 22 -2 -26 -57 -78 -51 -5 16 39 55 46 30 21 8 -3 -7 -9 0 12 21 41 48 27 4 -19 -23 -12 -10 1 10 4 4 6 8 6 -11 -25 -42 -50 -36 -20 -18 -20 -29 -48 -56 -53 -34 11 62 89 106 107 107 116 120 130 129 103 60 4 -49 -76 -107 -125 -125 -129 -135 -131 -123 -124 -110 -78 -41 7 38 63 77 67 39 4 -25 -17 2 37 85 116 130 118 82 38 0 -19 -10 7 13 12 2 -23 -52 -85 -101 -78 -44 -14 24 40 49 36 -13 -44 -49 -45 -34 -5 30 48 51 43 23 -7 -37 -42 -23 13 48 59 70 71 28 -12 -25 -25 -17 -9 7 29 22 13 -1 -22 -34 -48 -66 -68 -55 -29 11 174 8758 305 2273
-9 0 -1 -11 2 -6 -22 -20 -14 -2 10 3 11 13 5 -10 -28 -30 -16 -5 7 20 26 22 18 9 -5 -1 -1 20 33 26 18 13 6 8 -8 -11 4 -9 -30 -54 -51 -18 13 20 20 18 16 -8 -35 -45 -29 -31 -20 21 68 77 72 43 1 -70 -148 -169 -134 -80 -19 33 68 58 17 -11 -8 13 35 73 94 95 71 16 -26 -35 -19 24 61 76 77 49 21 12 19 43 66 65 43 -3 -60 -101 -114 -88 -46 -2 13 4 -16 -39 -42 -42 -27 -2 5 1 -15 -45 -46 -35 -18 1 8 2 -7 -17 -11 11 23 30 38 26 -9 -39 -64 -54 -38 -30 -14 -4 -2 11 -4 -8 3 5 15 23 25 28 25 17 9 11 7 6 21 15 23 17 11 16 12 9 20 11 17 17 12 10 -6 -26 -44 -49 -43 -28 -7 10 15 2 -28 -42 -55 -69 -65 -54 -11 53 91 146 166 137 73 -7 -55 -69 -65 -18 41 71 61 23 -33 -74 -78 -60 -23 19 45 47 6 -57 -92 -106 -93 -58 -48 -43 -43 -53 -44 -26 2 44 74 74 51 21 -10 -29 -26 -3 43 77 85 64 16 -7 0 14 41 49 44 49 17 -15 -32 -31 -8 9 5 -8 -24 -35 -29 -6 27 53 59 32 11 179 3255 305 2273
6 0 -1 -1 -2 -3 -14 -18 -15 -2 12 23 30 27 17 4 -13 -22 -31 -22 -3 0 7 9 8 16 7 0 1 0 8 14 6 1 -2 -11 -27 -36 -47 -51 -54 -81 -110 -117 -124 -34 20 85 102 153 134 138 84 106 93 126 119 153 128 110 33 -32 -121 -174 -203 -175 -136 -76 -21 7 -11 -58 -101 -92 -62 -33 3 30 40 34 22 18 22 20 14 21 44 68 76 72 60 35 -2 -30 -33 -25 -10 -2 -3 -3 -25 -46 -51 -50 -26 -15 -8 -9 -6 -8 -3 -14 -24 -29 -27 -24 -8 1 11 19 12 -1 2 1 6 6 1 7 6 18 19 11 13 12 6 -7 -7 6 28 46 46 35 23 2 -18 -33 -41 -34 -30 -30 -31 -44 -52 -65 -77 -71 -55 -30 0 38 77 97 106 116 133 142 139 126 87 38 -16 -66 -55 -83 -66 -67 -60 -127 -121 -151 -123 -130 -83 -62 12 28 75 71 74 25 -3 -46 -45 -19 45 112 153 146 118 61 9 -11 -7 19 37 33 30 18 -2 -26 -58 -73 -68 -77 -68 -12 23 16 14 -5 -34 -44 -43 -13 21 21 17 12 -8 -17 -7 25 34 23 13 25 33 37 33 32 15 1 -9 -7 0 -1 10 7 -3 -1 -12 -24 -28 -39 -37 -38 -32 184 5134 305 2273
-10 -3 2 -2 -6 6 17 15 7 4 -3 0 -1 -9 -10 1 11 4 14 -5 -1 -1 -4 -46 -17 -22 2 -18 7 11 33 11 21 -1 -1 -19 -6 -5 9 13 20 9 -7 -29 -42 -64 -71 -84 -98 -89 -75 -65 -34 -12 32 97 130 117 90 93 103 116 148 181 178 147 92 41 -27 -94 -149 -169 -167 -149 -99 -34 -11 -10 -28 -66 -97 -106 -80 -33 13 46 59 49 29 11 14 25 45 64 80 83 72 62 45 9 -23 -40 -43 -34 -26 -13 -3 -7 -19 -39 -54 -46 -37 -17 -5 7 5 -5 -19 -26 -27 -21 -4 3 8 16 25 9 8 1 -8 -2 2 3 16 18 15 12 -4 -18 -19 -8 2 -1 -2 6 18 16 17 25 18 9 4 -19 -30 -34 -23 -22 -30 -37 -47 -59 -52 -47 -37 -11 19 51 85 118 139 156 154 135 108 81 49 16 -22 -37 -53 -63 -74 -113 -156 -165 -172 -184 -161 -119 -64 -8 43 82 101 71 25 -10 -25 -17 17 67 113 115 99 88 66 40 15 -8 -13 -5 6 28 29 7 -31 -64 -98 -104 -95 -65 -22 22 42 36 4 -27 -44 -50 -29 4 22 31 20 10 15 18 22 18 17 27 44 48 50 41 20 3 -3 -15 -21 -1 9 17 0 -8 -18 189 3537 305 2273
5 -37 2 -31 -9 -24 24 34 58 17 8 -13 -4 -1 1 -18 -10 -4 2 12 9 10 19 2 -9 -18 -38 -32 3 10 -3 -8 0 -5 -17 -6 11 17 7 -7 -13 1 10 31 41 24 -10 2 11 -8 -23 -20 11 29 -7 -21 9 48 59 39 1 -48 -124 -173 -168 -118 -62 -12 28 63 61 29 0 10 27 70 122 146 134 75 5 -32 -47 -13 51 82 90 71 27 -11 -14 2 30 49 33 -13 -79 -137 -149 -129 -91 -42 -16 -4 -20 -54 -57 -32 -18 9 30 47 38 5 -18 -16 -6 17 48 59 51 65 8 12 2 28 -3 46 14 25 -49 -66 -90 -44 -30 35 25 32 -3 -7 -28 -29 -20 18 31 23 11 9 0 3 11 17 27 14 3 8 -3 5 10 -1 -7 -26 -38 -20 -16 -36 -61 -68 -45 -26 -17 -20 -3 4 -6 -37 -73 -61 -28 -23 -21 -18 19 80 120 157 200 188 127 44 -8 -24 -17 -2 16 31 19 -16 -47 -93 -117 -120 -87 -8 33 36 11 -57 -115 -145 -128 -63 -3 32 19 -16 -49 -47 -16 45 118 148 122 67 -3 -39 -28 4 62 92 73 48 17 -23 -25 -15 21 54 48 25 0 -29 -46 -46 -40 -19 -12 -16 -23 -38 -53 -29 -7 13 36 29 18 194 4601 305 2273
-5 -25 -22 -20 -14 6 22 43 40 9 -2 -14 -29 -26 -14 -5 2 4 8 16 6 -15 -21 -34 -37 -21 -2 28 40 23 15 -8 -27 -14 -5 -12 -8 4 21 35 25 17 7 -1 -10 -20 -22 -15 -8 -20 -34 -61 -90 -93 -100 -98 -70 -52 -24 13 41 88 137 169 185 176 167 136 133 122 106 56 24 -29 -78 -143 -167 -175 -129 -89 -53 -32 -26 -46 -54 -82 -81 -54 -31 5 34 52 58 54 36 19 13 29 59 82 86 88 62 21 -11 -48 -65 -54 -37 -22 -17 -18 -3 -1 -21 -32 -43 -43 -26 -15 -13 6 9 -7 -25 -35 -30 -18 -7 13 25 25 28 15 0 -5 -17 -19 -8 -4 7 15 13 21 24 15 15 1 -4 4 3 -4 3 15 32 41 19 -6 -19 -29 -32 -43 -61 -38 -16 -23 -31 -46 -42 -28 -17 19 60 89 122 144 153 152 145 122 92 54 19 -8 -48 -101 -136 -170 -175 -144 -119 -104 -98 -86 -63 -57 -52 -20 20 49 53 40 24 17 15 27 46 69 91 109 99 91 78 56 39 12 -1 11 14 -3 -29 -71 -102 -114 -105 -72 -22 16 44 47 21 -9 -27 -38 -23 -16 -22 -8 7 25 31 19 14 5 -6 3 13 20 40 38 30 23 -1 -24 -25 -21 -15 199 9229 305 2273
-6 -15 -16 -11 -18 -4 15 18 21 5 -3 3 1 6 16 2 7 10 -3 -1 -8 -21 -13 -4 5 19 19 14 17 15 25 37 33 41 62 60 54 26 -19 -39 -52 -73 -74 -82 -87 -87 -100 -121 -147 -159 -132 -86 -38 31 77 87 76 40 23 37 54 88 140 169 163 116 30 -41 -69 -72 -38 4 33 51 41 -6 -63 -122 -128 -93 -60 -19 27 43 31 2 -47 -67 -50 -16 34 58 70 89 69 23 -9 -27 1 22 13 6 7 12 22 22 8 10 26 28 14 -11 -20 -15 -29 -25 -8 -10 6 29 30 33 4 -24 -12 -8 7 28 35 28 3 -24 -23 -20 -22 -18 -12 -14 1 12 11 18 14 7 18 23 35 46 26 12 -14 -50 -57 -57 -54 -44 -52 -68 -91 -113 -108 -68 -31 0 27 46 61 68 68 92 113 119 137 131 102 76 35 6 -3 -13 3 5 -13 -33 -67 -107 -144 -157 -133 -71 -5 26 40 14 -43 -85 -117 -103 -42 14 80 110 85 57 18 -14 -27 -19 25 71 88 84 49 -3 -42 -48 -58 -43 -2 27 49 41 -2 -20 -35 -45 -40 -42 -22 2 -10 -18 -26 -29 -20 2 9 14 38 28 15 -17 -34 -22 -11 -5 20 22 38 16 -18 -34 -25 10 45 47 28 204 8066 305 2273
3 -2 2 -1 -10 -7 7 13 3 -17 -8 -5 -14 -18 -7 -5 12 8 -4 1 -2 -5 -1 -9 4 18 14 14 10 0 5 5 3 3 -8 -19 -28 -33 -25 0 24 49 51 7 10 -24 -19 -36 -40 -58 -15 -38 -44 -59 -59 -85 -86 -100 -62 -20 42 117 168 169 150 124 114 125 128 123 111 76 42 9 -41 -94 -130 -158 -154 -145 -107 -44 -9 -1 -13 -57 -91 -102 -75 -15 37 60 52 32 5 -1 20 50 84 94 79 76 58 29 1 -27 -27 -33 -45 -33 -16 -2 -3 -10 -20 -36 -58 -57 -36 -17 2 13 6 -1 -10 -30 -35 -22 -5 17 28 32 43 28 18 2 -25 -19 -14 -18 -7 8 3 6 8 1 1 -5 -10 2 5 15 28 24 19 16 -2 -6 -7 -19 -15 -13 -19 -11 -4 -8 -16 -28 -30 -24 -12 8 47 77 99 111 101 106 119 114 99 59 9 -21 -60 -100 -131 -143 -126 -115 -124 -134 -136 -123 -99 -73 -46 3 60 84 86 62 29 16 -3 -4 25 55 94 118 122 110 69 21 -6 -5 4 14 10 -5 -36 -84 -105 -77 -55 -30 1 25 48 30 -17 -28 -38 -51 -39 -15 14 29 31 39 39 11 -16 -16 -8 8 35 48 60 48 16 3 -14 -25 -18 -31 -28 209 5750 305 2273
-110 -75 -49 -41 -28 -9 21 69 89 70 48 18 -12 -23 -29 -4 58 113 145 122 65 20 -26 -57 -37 -8 16 24 15 0 -30 -69 -89 -80 -63 -24 23 39 50 43 12 -6 -27 -38 -23 -11 17 45 50 41 15 -24 -43 -41 -29 5 64 103 119 86 8 -75 -159 -197 -167 -119 -50 22 68 82 50 -4 -35 -38 -4 66 120 138 109 42 -24 -51 -40 6 60 93 102 82 35 10 9 39 89 100 72 17 -58 -96 -97 -94 -64 -33 -12 -16 -46 -69 -72 -52 -20 12 22 3 -18 -52 -72 -67 -50 -13 20 17 17 -1 -27 -34 -47 -49 -28 2 21 12 -21 -44 -44 -31 -32 -31 -33 -17 -6 -7 9 22 30 61 72 58 39 11 9 19 30 58 73 63 46 23 15 22 26 8 3 10 15 18 -3 -16 -23 -51 -53 -43 -36 -14 -11 -15 -10 -19 -31 -37 -50 -50 -45 -44 -16 35 77 132 163 138 90 25 -42 -53 -52 -39 8 31 39 -3 -9 -76 -71 -78 30 34 74 28 13 -84 -105 -139 -79 -39 9 -18 -18 -59 -67 -62 -27 32 89 95 81 28 -15 -24 -30 4 46 56 56 37 8 -5 -8 1 34 53 44 32 6 -25 -23 -23 -5 24 26 24 24 -4 -14 -22 -19 13 32 28 35 215 5317 305 2273
-144 -116 -45 1 20 2 -44 -62 -45 -7 54 96 98 73 29 -28 -58 -48 -12 35 53 61 55 19 -1 1 11 45 57 47 36 8 -17 -24 -35 -25 -6 -11 -24 -46 -84 -100 -81 -51 -11 34 70 95 87 67 91 103 103 118 129 139 107 85 77 47 -7 -60 -132 -191 -214 -193 -136 -63 -23 -3 4 -31 -74 -91 -109 -88 -48 3 78 106 95 73 26 -11 -29 -22 18 72 112 122 86 24 -28 -63 -84 -66 -31 -8 12 -1 -20 -22 -41 -45 -33 -26 -4 22 37 39 14 -17 -27 -28 -24 -12 5 30 48 39 9 -6 -22 -18 -8 -9 -3 -7 -19 -12 -14 -15 -7 -14 -21 -16 -22 -9 10 10 17 22 16 0 -21 -33 -32 -26 -11 1 -1 -6 -3 -25 -40 -46 -44 -11 26 51 92 115 120 118 108 111 107 81 76 68 29 -12 -40 -76 -103 -101 -98 -91 -98 -108 -87 -80 -60 -22 15 41 68 66 59 20 -35 -54 -42 -16 30 77 109 111 83 42 -6 -64 -87 -52 -17 16 36 30 19 -18 -71 -93 -92 -60 -1 42 66 79 60 19 -26 -56 -48 -22 -3 16 16 3 4 2 -12 -15 -18 3 42 44 36 30 4 -2 -6 -10 7 22 32 41 29 7 -4 -20 -28 -24 -16 -1 3 -14 -20 220 2055 305 2273
1 -7 -17 -10 -10 -7 6 1 -23 -13 9 -1 4 25 25 11 -4 2 10 -11 -14 -7 2 -5 -14 3 6 -8 -9 6 15 9 -2 -8 -15 -27 -43 -53 -56 -60 -56 -57 -68 -73 -60 -12 47 79 112 134 137 151 138 105 94 99 103 80 28 -19 -71 -125 -162 -170 -149 -93 -31 -1 20 19 -11 -43 -74 -86 -59 -13 34 61 57 48 33 -2 -29 -32 -11 38 89 113 111 72 19 -18 -65 -99 -79 -43 -9 23 39 35 3 -32 -41 -40 -39 -18 2 12 23 28 20 -2 -28 -36 -25 -19 -12 -3 -4 6 9 -3 9 10 1 3 -2 -3 7 7 8 4 -9 -17 -33 -42 -22 -1 17 41 46 22 3 -17 -23 -13 -26 -23 -7 -19 -25 -24 -37 -44 -49 -39 -3 27 53 87 106 118 118 102 99 98 83 75 54 1 -42 -71 -101 -109 -120 -124 -113 -118 -114 -97 -91 -65 -21 23 63 84 80 63 30 -15 -29 -19 -1 42 78 103 120 98 66 28 -22 -33 -15 0 28 38 20 -8 -51 -86 -109 -115 -76 -11 38 67 77 59 20 -25 -62 -60 -46 -32 15 42 38 37 21 7 -10 -34 -20 1 12 44 52 63 43 12 -40 -23 -35 -14 -15 7 -11 17 -2 13 -9 -13 -17 -10 -38 -22 -21 225 8102 305 2273
-11 12 19 22 25 13 -4 -8 -10 -5 3 -9 -19 -23 -24 -3 14 9 6 -9 -22 -14 -7 6 26 27 22 8 -5 -1 7 12 15 7 -12 -29 -39 -47 -43 -49 -61 -66 -85 -94 -70 -34 22 71 100 131 144 141 142 133 131 127 109 86 55 6 -45 -97 -149 -180 -168 -133 -81 -37 -8 14 2 -36 -63 -81 -57 -13 22 55 67 57 38 11 -8 -7 14 40 66 81 64 44 16 -19 -43 -70 -63 -30 -13 10 26 21 12 -8 -32 -51 -48 -27 -4 11 11 15 19 5 -16 -35 -36 -31 -32 -9 14 25 33 30 16 0 -28 -37 -30 -30 -11 18 40 47 32 -6 -27 -26 -13 0 3 3 19 31 27 21 -4 -23 -33 -55 -61 -36 -52 14 -11 -25 -66 -40 -70 -10 8 82 102 142 110 118 101 128 131 118 73 35 -29 -55 -103 -135 -127 -123 -128 -131 -147 -131 -104 -73 -22 21 37 46 54 59 60 41 -4 -26 -27 -5 61 119 150 137 62 1 -33 -38 3 53 65 43 -12 -57 -81 -83 -65 -34 -25 -20 -1 18 50 64 29 -10 -51 -84 -69 -25 36 78 54 14 -18 -41 -29 6 36 67 68 41 25 13 -3 2 -10 -26 -19 -15 -1 26 41 42 24 -24 -44 -40 -35 -24 -28 -31 -8 230 5953 305 2273
-26 -23 0 10 23 22 12 4 9 16 23 17 25 24 15 -2 -9 -7 -4 -1 6 6 -13 -26 -15 -14 -18 -10 -1 12 12 -9 -11 -3 1 6 -6 -14 -9 -15 -4 29 68 76 49 -11 -70 -101 -132 -127 -100 -85 -63 -23 36 59 40 2 -18 -27 16 89 148 173 140 47 -47 -95 -66 26 106 137 117 53 -8 -20 0 49 94 95 56 -11 -85 -114 -100 -66 -18 2 4 -5 -35 -59 -67 -52 -4 26 37 18 -10 -22 -33 -70 -86 -62 -27 -7 -17 -45 -46 -14 -12 11 40 47 36 -19 -74 -66 -42 -19 19 34 36 30 3 -33 -47 -44 -24 24 32 54 62 36 20 19 -4 -5 -1 18 53 62 48 37 36 45 59 40 21 9 -3 -16 -25 -15 11 11 -28 -52 -61 -55 -41 -51 -56 -46 -63 -77 -75 -41 33 94 117 138 126 82 33 3 6 -2 -31 -28 14 42 43 33 -17 -74 -104 -102 -43 51 110 96 -7 -111 -162 -165 -100 -29 23 30 -23 -75 -86 -66 -1 77 123 110 67 3 -38 -43 -26 18 60 61 54 21 -24 -28 -15 3 24 39 48 67 51 10 -18 -9 6 19 10 -4 -5 -24 -26 -56 22 43 78 51 33 -41 -35 -42 -11 13 45 41 51 13 -12 -24 -28 -35 -17 235 1689 305 2273
-32 -55 -52 -17 17 40 27 -5 -25 -44 -40 -14 10 34 36 -18 -74 -115 -120 -91 -42 6 40 29 -3 -31 -44 -27 21 53 71 56 15 -20 -45 -58 -24 16 42 59 42 19 4 -19 -22 -8 3 12 -7 -40 -69 -106 -125 -90 -37 10 52 80 90 107 117 130 160 179 197 191 138 102 62 13 -41 -104 -132 -126 -114 -95 -63 -40 -16 -26 -58 -93 -117 -123 -92 -44 -6 23 21 12 20 7 -10 -17 -20 26 92 93 118 95 46 -20 -59 -87 -76 -54 -4 30 27 -3 -9 -38 -57 -49 -42 -16 4 3 18 19 5 -6 -19 -32 -23 3 38 43 39 41 34 5 -8 -14 -14 -3 3 5 12 2 -13 -11 -19 -17 -9 -11 -6 5 -1 10 7 -5 -10 -6 -1 -1 -14 -14 -9 -9 -14 -11 -24 -33 -34 -39 -23 6 34 68 88 98 119 124 126 136 118 92 53 12 -22 -67 -107 -126 -141 -148 -144 -135 -128 -104 -90 -77 -41 -9 36 73 69 51 22 -11 -28 -30 -16 32 80 119 131 112 79 34 -8 -20 3 27 34 24 9 -11 -50 -102 -109 -92 -53 -5 27 54 76 55 18 -26 -59 -56 -33 -3 35 61 64 51 17 -9 -10 -7 -4 3 -4 1 14 12 12 5 -12 -9 -14 -34 -29 -21 -13 240 1669 305 2273
-13 -11 -7 -5 7 8 -2 -2 -8 -17 -13 -8 4 8 0 1 2 -6 -13 -11 0 6 7 2 6 5 -13 -20 -19 -1 32 35 23 14 4 -6 -27 -42 -30 -7 12 16 6 5 11 12 -4 -7 -3 -4 -1 1 2 12 8 7 18 36 39 27 1 -53 -123 -171 -167 -117 -39 32 72 99 97 44 -23 -53 -37 4 60 88 85 57 18 -2 -6 22 73 113 120 104 61 12 -36 -51 -20 24 53 46 -8 -73 -108 -109 -75 -20 27 37 29 -17 -58 -70 -70 -52 -28 -16 -3 -9 -10 -7 -9 5 20 25 11 -4 -9 -11 -12 -14 -10 -3 -21 -24 -14 -18 -24 -27 -21 -7 -8 -1 4 -12 -31 -34 -22 -6 4 23 48 47 32 23 16 13 26 29 27 31 29 20 9 -1 6 21 20 13 1 -8 -3 -18 -30 -25 -23 -25 -25 -37 -37 -32 -29 -25 -23 -25 -20 -6 -20 50 74 110 138 159 91 37 -36 -47 -78 -66 -20 57 92 102 49 -14 -63 -91 -90 -38 11 27 6 -50 -105 -135 -126 -73 -12 23 52 39 -7 -41 -59 -38 10 51 64 47 -9 -58 -62 -29 31 88 111 106 62 10 -20 -29 -24 14 31 24 2 -16 -28 -28 -25 3 19 15 9 0 0 13 20 19 13 14 23 281 3148 305 2273
18 16 11 -6 -12 -5 -15 -26 -17 -13 -9 -8 -5 9 2 -5 3 -1 -3 5 8 6 2 -11 -23 -20 -12 -2 8 8 14 8 -1 -5 -14 -20 -9 -4 24 44 28 23 24 5 -9 -16 -24 -18 -10 -18 -24 -30 -45 -59 -77 -84 -72 -60 -42 -16 29 94 152 177 176 153 126 102 63 36 31 18 -11 -41 -78 -106 -120 -116 -80 -38 -12 4 9 -8 -32 -63 -87 -88 -75 -39 19 64 85 64 12 -19 -24 -1 37 76 100 90 52 3 -32 -54 -60 -38 -21 4 34 36 26 -2 -38 -51 -57 -57 -38 -6 8 -5 -20 -26 -44 -56 -28 12 35 44 49 59 53 18 -10 -5 -8 -12 0 6 9 0 -18 -21 -24 -21 -5 13 16 14 8 13 18 17 12 13 13 1 -7 -16 -18 -19 -29 -26 -24 -32 -38 -44 -35 -23 -17 13 50 75 100 114 113 113 111 101 79 43 5 -25 -69 -125 -151 -153 -137 -110 -90 -61 -24 -12 -16 -16 3 20 20 20 27 17 -6 -24 -28 -8 27 69 100 120 110 85 60 18 -13 -29 -30 4 29 29 -2 -62 -89 -92 -75 -32 22 55 57 36 -19 -65 -87 -86 -64 -28 5 36 45 39 33 14 11 17 10 21 34 47 63 55 19 -22 -42 -32 -22 -22 -9 304 8144 305 2273
-24 -25 -3 9 19 31 28 18 8 -5 -7 -9 -14 -6 8 17 20 4 -12 -12 -4 7 18 17 10 14 7 -6 -21 -25 -12 -2 1 15 16 16 6 -23 -43 -48 -55 -54 -40 -26 -11 6 25 48 79 108 126 121 101 99 96 88 74 35 -13 -62 -104 -119 -148 -169 -144 -123 -120 -105 -75 -38 -12 6 30 53 53 39 19 -14 -23 3 40 76 96 115 140 118 71 32 -6 -28 -27 -7 20 31 14 -14 -51 -79 -77 -55 -38 -14 -3 -5 -12 -30 -34 -31 -34 -25 -12 -10 6 23 42 45 33 21 25 21 14 15 29 38 42 29 12 1 -16 -16 -4 1 3 -2 -8 -4 -15 -28 -34 -40 -34 -25 -20 0 11 8 -4 -16 -13 -4 5 9 14 10 5 6 -3 -9 5 10 12 10 5 6 1 -3 8 -2 -12 -11 -17 -20 -20 -16 3 23 26 23 14 -8 -23 -32 -39 -22 -6 10 40 45 24 2 -17 -24 -28 -31 -20 -1 12 16 6 -4 -15 -19 -19 -18 -16 -2 22 36 31 32 15 -6 -17 -19 -19 -37 -37 -5 23 41 46 29 13 -4 -23 -30 -14 -1 10 16 3 -14 -22 -21 -6 7 7 15 8 12 -24 16 5 22 -11 23 -16 -6 -22 20 1 20 -3 5 -7 9 7 305 536 305 2273
23 8 3 -1 -21 -36 -33 -27 -15 4 19 17 18 10 -6 -22 -30 -16 -2 8 7 6 2 -2 -13 -3 -3 -3 8 14 17 22 29 37 37 31 19 10 -1 -14 -30 -41 -30 -24 -40 -59 -67 -88 -113 -137 -128 -84 -42 -3 50 89 96 81 72 74 78 100 146 175 161 112 46 -11 -20 -18 -14 -5 -8 -18 -39 -70 -104 -117 -102 -70 -46 -20 2 -16 -60 -100 -129 -121 -69 2 73 126 129 94 36 -26 -44 -17 29 83 101 81 52 9 -23 -46 -56 -30 8 20 16 1 -22 -42 -68 -72 -52 -28 -11 10 9 -7 -20 -45 -49 -22 1 30 47 42 34 15 -9 -9 -10 11 26 29 35 48 28 -1 -9 -18 -12 0 7 7 15 -4 -12 -23 -32 -31 -20 -13 -2 2 6 3 -5 -5 0 5 17 18 11 12 3 -9 -6 2 20 36 36 38 6 3 -14 -13 -33 11 0 25 19 39 -8 -21 -57 -24 -18 14 11 31 9 7 -33 -51 -47 -20 -7 15 14 19 28 15 -9 -14 -13 1 12 23 38 32 20 7 -11 -16 -3 12 9 -11 -39 -50 -33 -10 14 27 29 38 26 -16 -37 -42 -30 -17 -10 12 38 35 33 17 -1 -18 -27 -13 9 21 26 29 7 -26 -37 -27 -3 6 -7 3 9182 305 2751
15 8 -4 -15 -13 -12 -2 16 29 36 16 -14 -12 -14 -12 -12 -18 -25 -14 -3 10 19 24 15 -14 -20 3 19 24 38 42 45 47 45 40 47 38 29 -1 -33 -56 -83 -91 -84 -94 -107 -107 -149 -168 -155 -116 -71 -4 55 90 93 66 46 41 41 70 116 156 179 150 84 15 -55 -96 -97 -62 0 48 55 30 -13 -65 -100 -111 -94 -45 0 23 23 -12 -40 -43 -41 -16 20 52 69 71 55 32 12 5 9 21 38 53 48 26 5 -3 -5 -14 -16 -1 6 -3 3 8 -2 -2 -12 -9 -7 -9 -7 -8 -19 -19 -22 -23 -16 0 10 12 3 -18 -29 -41 -32 7 49 61 57 35 21 15 7 -5 -1 20 50 66 66 42 0 -41 -76 -92 -98 -88 -65 -47 -56 -86 -108 -103 -94 -55 -8 35 73 89 81 82 101 131 150 149 134 85 56 22 -18 -41 -16 12 14 -2 -35 -84 -127 -154 -144 -92 -34 23 60 39 -4 -68 -121 -137 -101 -29 52 104 121 106 61 1 -34 -32 5 56 78 81 52 5 -37 -65 -67 -29 1 22 39 24 -5 -26 -46 -50 -37 -16 6 14 6 -2 -18 -43 -50 -42 -29 -6 19 36 45 18 7 6 4 -1 4 15 38 41 34 25 12 0 -5 -9 -6 1 9 6508 305 2751
-11 -19 -23 -15 2 12 8 9 6 5 16 18 8 0 2 11 12 0 -6 1 0 0 2 -10 -11 -9 -11 -2 4 -6 -11 -7 5 13 14 9 -6 -41 -57 -57 -64 -56 -56 -61 -47 -11 28 79 113 137 153 144 114 97 84 83 92 75 52 10 -52 -114 -167 -192 -173 -131 -76 -48 34 30 25 -45 -49 -99 -67 -56 35 43 91 58 51 -1 -11 -33 11 33 90 106 107 72 28 -28 -67 -79 -66 -49 -25 -13 1 5 -16 -29 -39 -35 -17 -13 13 33 25 -1 -36 -67 -69 -51 -24 13 49 59 54 26 -4 -14 -6 5 16 16 31 33 17 9 6 -6 -11 -31 -47 -39 -11 18 43 50 50 47 25 -9 -45 -63 -54 -42 -30 -6 12 3 -15 -34 -54 -54 -42 -8 35 79 127 151 139 116 88 69 67 59 37 -6 -53 -88 -102 -116 -123 -116 -105 -103 -103 -104 -73 -42 -31 5 40 75 95 76 48 28 -3 -28 -37 -5 56 139 127 140 90 44 -51 -40 -60 0 -4 40 13 1 -72 -85 -126 -95 -75 -6 36 76 70 51 7 -27 -41 -40 -36 -10 17 29 22 3 -8 -18 -26 -12 12 40 62 68 57 33 -10 -37 -40 -35 -15 6 14 18 4 -12 -20 -17 -21 -11 -3 1 0 -1 2 14 1074 305 2751
-9 -8 -2 -2 -14 -12 -3 1 14 5 0 -3 -6 0 4 -1 7 3 -2 -3 9 19 22 9 -6 -11 -14 -14 -5 2 2 6 -9 -14 -25 -40 -40 -45 -54 -46 -63 -75 -74 -68 -44 -9 24 55 95 124 139 144 145 144 138 118 109 100 71 36 -32 -93 -138 -176 -174 -139 -95 -52 -31 -28 -29 -42 -61 -63 -49 -24 21 49 59 62 41 17 4 -7 15 52 76 133 85 84 47 32 -53 -40 -80 -37 -61 -25 -34 6 -12 11 -24 -25 -34 -12 -27 -18 -21 -7 1 -4 -8 -6 -24 -28 -25 -23 -2 23 39 53 35 11 -7 -21 -15 7 7 2 -5 -6 7 20 16 23 24 17 3 -9 -10 10 12 7 -14 -42 -40 -32 -42 -41 -40 -33 -36 -55 -60 -33 -1 23 46 69 94 119 124 123 129 129 130 103 68 38 -12 -57 -91 -114 -134 -157 -158 -141 -148 -141 -113 -82 -58 -17 29 68 94 77 50 31 -7 -10 26 54 80 101 109 98 55 11 -2 -9 -6 15 23 23 14 -17 -54 -81 -98 -93 -64 -29 7 40 40 24 4 -19 -29 -34 -22 2 19 34 37 20 0 -11 -21 -16 5 23 37 43 42 41 23 2 -9 -20 -21 -7 -7 -1 10 4 -1 -11 -22 -16 -7 -4 -24 -42 -38 19 5266 305 2751
-7 -8 -18 -19 -10 -4 9 11 13 12 3 -17 -23 -21 -16 -1 19 31 24 12 5 7 -1 -9 -14 -4 11 1 -4 0 -10 -12 -16 -20 -4 13 -10 1 -35 -49 -99 -79 -108 -56 -41 36 51 93 78 120 100 119 102 117 110 126 113 114 78 37 -26 -89 -148 -180 -174 -137 -75 -31 -7 5 -9 -29 -57 -89 -96 -78 -28 45 99 118 98 48 6 -36 -41 -3 56 100 124 103 49 -10 -53 -87 -82 -59 -24 9 6 -8 -4 -8 -17 -38 -49 -26 -1 18 26 4 -14 -24 -35 -41 -38 -19 2 25 25 18 14 2 -4 -6 -10 12 18 11 10 0 -4 3 -4 8 23 21 17 15 14 17 5 -11 3 12 -4 -19 -31 -41 -31 -41 -45 -30 -30 -28 -29 -32 -27 -24 2 41 81 109 121 119 142 105 100 65 76 9 10 -43 -55 -106 -100 -154 -132 -148 -110 -111 -95 -96 -53 -34 19 51 79 76 62 23 -14 -32 -22 23 74 107 127 120 91 45 -13 -46 -47 -28 21 50 51 42 6 -50 -103 -122 -96 -48 6 57 79 65 15 -28 -60 -64 -45 -16 12 17 12 25 20 6 -6 -13 9 30 31 37 32 17 -1 -18 -18 -2 14 20 31 25 1 -13 -21 -15 2 0 1 -1 -17 -24 -23 24 1496 305 2751
-11 -37 -32 -23 -11 6 18 36 14 30 0 3 -9 9 -13 0 6 27 11 15 -7 -6 -12 -8 -3 -6 -20 -25 -24 -16 4 20 24 9 -13 -34 -39 -46 -46 -41 -54 -61 -62 -66 -50 -21 12 69 113 133 134 128 121 107 92 79 86 89 68 22 -29 -79 -123 -173 -178 -149 -101 -39 9 28 25 -14 -52 -77 -82 -44 8 51 82 85 57 14 -24 -32 -10 26 60 89 97 85 54 -2 -46 -64 -67 -44 -12 12 30 17 -10 -38 -56 -61 -42 -16 9 21 19 11 -5 -22 -26 -22 -16 8 19 7 -4 -13 -16 -10 -10 7 29 36 34 17 8 13 -9 -23 -16 -5 -2 -2 36 9 26 9 5 -21 -12 -19 8 -7 6 -18 -33 -44 -32 -35 -34 -50 -56 -49 -24 18 58 90 98 98 82 74 80 88 95 82 54 26 -23 -69 -95 -119 -114 -103 -105 -107 -101 -84 -63 -55 -49 -18 19 51 81 94 68 35 -10 -38 -41 -23 31 96 124 126 89 31 -17 -53 -45 -8 27 52 56 23 -26 -76 -112 -113 -79 -35 18 59 61 48 19 -22 -44 -54 -40 -3 24 47 52 32 0 -30 -45 -28 -11 23 50 59 49 31 11 -8 -19 -19 -10 4 1 9 22 5 -12 -25 -29 -25 -26 -20 -2 1 5 28 14214 305 2751
2 6 6 -11 -19 -24 -13 3 11 5 9 8 5 1 -4 -2 12 0 -12 -6 7 15 7 -1 8 9 3 4 0 -1 5 2 -3 -9 -18 -29 -30 -37 -47 -51 -63 -65 -59 -45 -13 23 62 104 119 121 113 99 92 76 71 93 102 84 41 -18 -76 -128 -168 -185 -153 -94 -43 5 22 16 4 -25 -46 -58 -42 12 48 51 47 30 5 -20 -31 -9 27 58 82 82 53 19 -1 -16 -27 -40 -40 -10 7 8 -2 -36 -50 -44 -32 -11 11 33 47 30 -8 -38 -51 -45 -28 -26 -22 1 15 17 16 11 8 4 -12 -22 -11 8 34 41 31 10 -10 -13 -6 -4 6 18 26 34 38 31 21 15 2 -20 -47 -57 -42 -30 -35 -31 -33 -35 -35 -45 -40 -28 -3 33 55 79 103 111 108 102 86 80 69 41 2 -19 -46 -82 -97 -108 -111 -109 -113 -98 -91 -93 -81 -50 -1 38 69 85 81 58 12 -28 -38 -21 12 46 89 117 104 64 15 -23 -40 -37 -7 29 42 43 14 -25 -61 -95 -104 -73 -19 28 43 40 31 15 -14 -37 -37 -24 3 27 23 14 3 -19 -30 -34 -23 14 45 60 57 44 36 16 -6 -12 -7 4 18 29 30 23 16 -5 -28 -57 -77 -53 -15 16 34 27 20 33 10705 305 2751
-5 -10 5 4 -5 2 2 2 -8 -16 -4 1 -3 -1 -6 -11 -13 -16 -8 7 19 19 14 8 5 5 -7 -12 -5 8 16 5 -7 -7 -18 -33 -40 -43 -36 -45 -55 -61 -68 -67 -36 -3 38 81 104 123 134 129 122 121 104 85 71 60 35 -6 -56 -102 -147 -175 -162 -100 -29 18 20 6 -28 -72 -95 -88 -58 -10 30 62 69 48 24 17 9 7 24 37 60 82 84 69 30 -21 -50 -69 -70 -52 -23 12 23 9 -10 -21 -38 -39 -29 -8 12 22 19 11 -9 -30 -31 -25 -18 1 14 26 24 -7 -27 -37 -32 -2 14 22 30 40 32 10 -17 -26 -22 -24 -11 17 35 46 51 44 29 -4 -28 -24 -20 -16 7 13 -3 -28 -45 -44 -44 -56 -55 -45 -30 -4 30 70 102 108 99 100 94 89 84 68 41 7 -31 -54 -91 -117 -116 -115 -111 -107 -105 -90 -74 -58 -23 16 40 47 60 51 23 -10 -33 -27 4 44 90 110 124 114 63 14 -22 -44 -32 -3 26 39 25 -7 -54 -97 -115 -91 -50 5 55 71 60 30 -19 -52 -64 -60 -25 10 33 45 39 21 3 -21 -30 -17 14 35 55 56 35 14 -7 -16 -20 -23 6 30 32 21 5 0 -19 -43 -36 -23 -8 7 23 18 4 38 15802 305 2751
-5 -2 9 15 28 46 62 61 39 20 14 4 -12 -24 -23 -23 -21 -17 -24 -27 -30 -16 7 17 17 10 -6 -24 -53 -78 -70 -35 -8 6 10 8 8 3 -6 -9 -8 -11 -12 -21 -31 -18 10 46 78 96 117 124 110 88 70 73 93 105 95 66 18 -43 -119 -187 -209 -186 -150 -108 -57 -11 17 19 5 -5 -34 -44 -12 0 17 65 82 66 27 1 -4 4 25 43 59 52 38 21 -4 -26 -44 -55 -52 -49 -39 -10 2 3 -7 -18 -16 -19 -9 7 22 31 14 -10 -27 -29 -28 -22 -4 13 26 26 25 27 22 11 3 -5 -9 -1 -1 3 4 3 2 -12 -24 -19 -10 1 12 26 33 25 9 -3 -7 -20 -31 -33 -32 -30 -27 -28 -24 -26 -30 -28 -28 -21 1 17 42 75 97 110 105 97 93 84 69 52 27 -8 -48 -73 -90 -93 -101 -108 -103 -111 -117 -108 -92 -54 -13 27 75 92 80 35 -11 -32 -48 -49 -12 38 77 94 95 76 46 26 -34 -1 0 36 34 71 18 7 -59 -49 -76 -37 -34 8 5 34 22 27 5 3 -20 -33 -45 -40 -18 2 10 14 -3 -17 -22 -19 1 25 41 47 34 12 -3 -4 3 16 17 9 9 16 14 10 -1 -5 -6 -17 -19 -17 -14 44 12791 305 2751
17 20 3 -10 -22 -32 -30 -17 4 6 8 0 -1 7 10 -1 5 -7 -1 -6 -17 1 32 42 44 23 7 4 -3 -11 -8 2 9 8 -6 -27 -35 -40 -49 -58 -74 -79 -81 -84 -64 -33 10 60 95 130 159 159 151 135 121 116 111 99 78 32 -30 -98 -155 -181 -163 -124 -74 -29 -11 -14 -32 -63 -79 -81 -69 -33 -2 30 53 54 48 34 16 10 24 49 66 79 73 53 19 -19 -37 -52 -57 -42 -22 2 18 7 -3 -18 -34 -32 -26 -14 7 15 2 -17 -27 -45 -47 -33 -8 19 25 17 19 13 -2 -23 -26 -7 -2 1 15 27 29 34 31 19 7 -6 -8 1 8 22 32 31 27 14 -8 -12 -23 -39 -62 -71 -47 -18 -11 -11 -18 -29 -38 -60 -65 -28 16 46 83 116 138 149 148 141 128 90 43 5 -33 -54 -69 -93 -110 -135 -154 -147 -137 -122 -104 -91 -62 -24 13 57 81 71 33 -8 -38 -36 -1 50 102 125 123 110 72 37 17 -2 2 11 11 14 9 -8 -28 -53 -66 -64 -47 -20 16 28 23 13 -14 -40 -54 -57 -32 -1 14 29 26 19 14 3 -2 2 22 41 42 37 32 22 -3 -13 -11 -8 3 16 21 23 16 6 -2 -16 -32 -35 -34 -28 -25 -23 2 49 9465 305 2751
-10 -13 3 12 11 7 1 -9 -5 -4 2 5 11 7 1 -12 -19 -12 -7 5 16 13 16 7 -5 -5 -22 -22 3 10 15 12 14 7 -5 -27 -29 -25 -25 -34 -38 -51 -56 -62 -56 -30 6 40 90 120 135 129 108 95 87 80 82 80 65 26 -36 -107 -161 -196 -179 -116 -44 25 71 66 26 -25 -77 -107 -104 -68 -1 45 73 85 62 14 -34 -51 -30 8 53 100 124 90 24 -37 -77 -71 -58 -42 -8 21 33 42 29 16 0 -22 -32 -37 -31 -10 5 6 -4 -28 -49 -56 -40 -17 14 28 36 34 19 2 -2 -7 5 3 -9 4 15 21 17 5 3 12 -1 -17 3 29 15 17 22 9 -15 -38 -32 -16 -20 -16 -4 0 -6 -16 -20 -39 -52 -46 -42 -10 24 62 91 98 89 92 86 80 66 68 47 17 -23 -66 -105 -128 -143 -119 -101 -94 -81 -71 -60 -48 -23 22 58 72 73 65 36 -8 -39 -47 -29 9 48 102 130 115 74 25 -14 -32 -40 -13 21 43 45 11 -42 -78 -94 -89 -68 -20 42 78 72 35 -1 -42 -72 -85 -75 -33 13 32 43 33 16 8 -8 -9 5 20 39 51 46 37 17 -3 -22 -26 -21 3 30 31 12 -7 -16 -8 -12 -14 1 8 16 0 -32 55 7838 305 2751
-6 -24 -36 -30 -15 3 17 21 19 9 -14 -37 -39 -32 -18 -10 5 27 29 15 2 -9 -9 -14 -19 -14 4 18 16 9 -1 1 4 -2 19 33 42 43 13 -34 -77 -95 -83 -59 -36 -8 16 19 9 -5 -13 7 35 46 45 42 22 -10 -39 -21 42 109 165 187 171 120 40 -11 -30 -29 -19 -13 -25 -70 -131 -164 -162 -125 -81 -40 -17 -23 -24 -11 10 39 54 54 28 -40 -91 -99 -75 -18 46 100 119 97 47 -2 -47 -57 -30 14 39 49 41 14 -28 -79 -90 -63 -19 33 70 79 66 18 -31 -54 -60 -38 -4 22 35 35 20 -4 -14 -19 -11 13 31 51 66 66 56 34 14 5 -11 -13 -5 0 11 10 -3 -15 -27 -37 -51 -57 -52 -39 -29 -26 -26 -30 -35 -30 -15 23 59 93 119 103 57 14 -27 -52 -58 -45 -8 18 14 0 -20 -36 -37 -24 6 32 40 6 -41 -83 -108 -87 -49 -3 31 21 -8 -45 -65 -54 -17 33 76 84 50 2 -37 -54 -39 -8 32 67 77 57 26 3 8 28 47 54 43 22 1 -23 -28 -12 9 29 35 17 -5 -17 -20 -22 -21 -16 -4 7 7 -1 -12 -14 -9 -9 -9 6 16 10 -9 -20 -5 3 7 15 13 5 -11 -34 -41 -34 -26 65 9233 305 2751
-5 -5 5 3 0 3 -2 -4 -2 -6 -9 2 4 -5 -1 4 5 8 7 7 1 -17 -10 -13 -12 6 20 25 30 34 35 31 31 36 50 58 45 22 -10 -37 -63 -87 -84 -84 -92 -100 -119 -143 -145 -139 -98 -43 13 67 90 80 41 18 13 25 62 117 167 182 146 82 6 -51 -68 -57 -15 38 63 61 30 -33 -88 -123 -119 -89 -57 -25 -7 -2 2 2 -4 -7 -2 14 23 23 29 37 18 -9 -1 22 49 66 65 64 54 23 4 -10 -21 -15 13 24 14 1 -16 -34 -44 -56 -60 -54 -39 -8 7 13 12 -15 -33 -44 -44 -12 23 39 32 18 4 -4 -6 1 20 46 48 34 19 18 19 13 25 52 19 54 1 -20 -78 -55 -101 -82 -111 -58 -80 -78 -113 -99 -107 -58 -26 27 63 101 103 108 103 111 115 124 142 153 116 74 30 -9 -22 -15 -1 13 0 -27 -58 -109 -150 -146 -103 -47 -4 12 0 -42 -106 -138 -130 -81 -6 64 113 134 96 49 2 -31 -24 12 50 77 75 62 38 6 -24 -23 -6 -2 14 32 15 -22 -70 -96 -90 -79 -49 -20 -6 -6 -27 -52 -62 -57 -17 29 48 62 57 45 31 11 -10 -18 -3 15 46 80 92 87 44 -6 -43 -63 -40 -1 20 112 15749 305 2751
11 0 -3 -15 -28 -31 -20 -13 0 16 17 8 -14 -33 -34 -18 -2 21 32 31 12 -14 -13 1 7 6 -6 -10 -2 4 17 26 32 17 -5 -35 -44 -35 -19 -3 4 -6 -3 -3 -13 -12 -11 -15 -17 -29 -45 -50 -50 -43 -58 -79 -87 -51 8 68 110 139 167 185 170 145 127 108 101 68 32 -16 -74 -116 -147 -156 -120 -82 -39 -15 -16 -25 -47 -69 -85 -79 -57 -28 11 35 44 53 43 46 48 39 46 56 65 72 50 24 -3 -29 -41 -41 -34 -12 6 5 4 -1 -19 -27 -34 -45 -42 -42 -36 -15 -16 -16 -12 -9 -2 2 6 21 30 36 35 19 -4 -15 -12 -8 0 3 7 10 6 -5 -5 -10 2 12 4 -6 -13 -6 7 -8 -18 -5 5 9 -4 -9 -1 10 -9 -22 -29 -33 -40 -37 -39 -34 -14 14 43 59 91 123 123 109 91 75 92 106 92 46 -12 -62 -105 -152 -186 -190 -160 -128 -108 -87 -54 -23 -11 15 29 33 33 25 8 12 15 27 39 42 61 85 101 99 72 36 8 -11 -18 -4 16 17 5 -29 -54 -61 -67 -56 -36 -21 3 13 7 -1 -16 -28 -30 -32 -20 -6 8 35 44 36 27 21 12 10 16 24 39 35 15 3 -10 -16 -29 -12 -1 12 -15 113 8006 305 2751
-35 -32 -9 23 43 39 26 7 -12 -10 -5 -7 -5 -18 -13 9 20 32 28 4 -8 -25 -35 -25 -10 7 8 -6 -14 -15 -13 -6 10 14 7 4 -13 -15 -1 10 25 22 9 3 -13 -16 -12 -26 -37 -44 -50 -52 -65 -80 -87 -80 -62 -24 25 72 118 150 162 173 154 134 114 91 89 91 48 0 -54 -103 -135 -144 -129 -89 -31 -3 3 -5 -35 -69 -90 -111 -75 -38 15 25 55 49 49 11 20 2 33 46 76 74 71 28 3 -44 -52 -61 -36 -13 14 24 19 -2 -18 -37 -35 -38 -27 -10 -12 -15 -17 -24 -18 -27 -33 -19 -5 4 10 9 7 18 27 18 5 4 2 10 1 -8 -8 5 20 23 20 26 12 4 4 2 -5 -2 6 1 -10 -11 -9 -6 -9 -13 -18 -37 -50 -77 -94 -71 -41 -3 38 58 75 91 94 97 100 108 120 128 133 118 72 6 -47 -92 -138 -165 -163 -144 -109 -91 -72 -66 -84 -95 -75 -22 27 38 44 29 -17 -41 -28 -4 32 82 118 140 133 104 71 23 -27 -18 -10 14 38 67 24 8 -48 -68 -97 -75 -44 11 18 37 3 -24 -62 -71 -78 -28 2 35 39 44 32 28 14 12 18 18 24 29 29 35 24 19 10 -8 -11 1 5 6 2 116 11982 305 2751
-47 -26 -9 -1 6 3 -10 -18 -25 -20 -2 18 38 35 14 0 -20 -27 -20 -15 8 35 45 41 31 21 1 -17 -26 -13 -3 -1 14 22 31 59 61 46 19 -19 -40 -75 -101 -90 -60 -31 5 22 17 -14 -44 -54 -23 22 70 125 117 55 12 -16 -12 41 121 174 141 51 -52 -135 -180 -173 -115 -47 -21 -40 -69 -97 -108 -99 -50 22 69 84 80 51 -10 -49 -53 -36 1 35 65 87 92 80 65 40 18 7 -6 -8 2 13 18 22 22 5 -27 -57 -65 -39 -3 36 51 40 10 -41 -80 -87 -74 -33 10 38 49 32 3 -19 -27 -11 9 33 56 59 41 17 -8 -24 -21 4 14 26 34 19 12 0 -11 -15 -30 -38 -34 -43 -29 -9 1 -13 -27 -39 -42 -40 -45 -46 -27 0 49 86 97 99 62 17 -21 -46 -61 -56 -41 0 17 17 1 -3 -8 -4 10 37 67 77 43 -14 -66 -88 -64 -18 48 81 69 31 -21 -61 -53 -26 12 30 14 -14 -43 -56 -48 -14 26 55 61 34 -1 -19 -32 -22 2 30 39 47 11 -9 -53 -39 -39 -8 8 48 25 17 -30 -30 -41 1 6 20 -8 -19 -43 -40 -28 18 39 45 32 9 -9 -13 -5 11 16 20 10 -6 -7 -9 -2 12 17 121 1840 305 2751
24 22 3 -29 -54 -66 -48 -24 -4 10 4 -18 -33 -47 -45 -14 22 41 36 28 26 14 1 5 22 27 31 22 6 7 7 -5 -3 -6 -15 -26 -46 -60 -71 -81 -81 -77 -74 -64 -41 -7 31 73 109 145 164 155 141 114 83 68 52 44 21 -33 -64 -94 -150 -170 -126 -47 15 84 100 121 55 -48 -154 -153 -160 -108 -46 36 63 64 33 -5 -54 -46 -10 44 85 96 68 12 -56 -101 -92 -48 19 74 102 84 35 -5 -18 -8 19 49 43 3 -44 -75 -69 -30 9 44 60 45 20 -23 -54 -52 -42 -27 -14 -11 -18 -28 -33 -29 -4 15 26 35 20 10 10 17 29 33 34 42 28 12 -12 -22 -1 9 11 20 22 6 -24 -45 -58 -64 -60 -51 -44 -47 -41 -15 8 48 89 109 127 117 96 91 76 63 46 9 -28 -71 -108 -129 -127 -108 -83 -71 -65 -56 -59 -65 -41 -8 11 23 24 33 6 -51 -46 -21 -5 38 91 127 133 111 71 38 4 -26 -9 17 22 27 15 -5 -32 -63 -64 -53 -38 -3 16 16 20 -3 -26 -38 -48 -40 -22 6 30 40 38 34 37 36 23 1 -13 -6 2 3 3 -8 -6 4 -1 -2 -7 -6 1 -14 -30 -30 -29 -16 -2 7 12 7 -3 -10 -9 122 2738 305 2751
-3 -10 -8 -8 2 3 -5 -3 1 1 4 2 7 22 23 2 -13 -29 -37 -27 -26 -2 37 46 43 24 1 -10 -32 -38 -16 -1 6 16 16 8 -19 -57 -82 -88 -88 -79 -67 -50 -12 7 12 44 73 99 119 96 106 104 110 138 150 113 97 67 6 -80 -144 -169 -151 -126 -100 -73 -55 -33 -38 -54 -59 -50 -45 -20 -2 19 63 71 47 22 1 -8 10 33 69 85 83 67 40 2 -21 -32 -30 -16 -15 -27 -28 -24 -28 -26 -34 -18 -10 -18 -17 1 6 16 6 -12 -25 -25 -22 -12 -4 1 5 3 -9 -8 -7 0 8 10 17 10 1 9 12 13 15 5 6 15 20 15 16 19 25 28 12 6 -6 -33 -42 -52 -52 -41 -38 -29 -27 -54 -59 -45 -36 -17 9 50 96 117 118 120 118 107 104 85 46 23 2 -21 -53 -92 -97 -96 -118 -143 -158 -145 -130 -90 -55 -24 16 91 117 85 38 20 1 -11 -2 33 79 98 96 84 67 30 7 -16 -28 -24 -10 26 43 26 3 -26 -56 -64 -82 -68 -29 2 17 26 15 4 -1 -10 -9 -1 3 13 21 1 13 12 9 8 -8 -15 10 23 38 29 5 -8 -13 -20 -9 9 17 18 10 -8 -3 -10 -21 -2 -3 -12 -16 -20 -9 185 12727 305 1307
-5 -12 -9 9 16 -5 -2 10 -5 -7 -7 -1 10 8 1 6 1 -3 8 11 0 -6 -3 1 -8 -24 -14 5 30 61 68 50 40 27 24 15 -9 -9 4 -9 -30 -46 -59 -78 -103 -111 -109 -126 -136 -116 -81 -42 5 43 72 86 66 35 12 9 48 97 149 184 171 125 38 -60 -110 -113 -78 -16 56 79 46 -12 -78 -109 -120 -101 -37 14 38 44 20 -2 -22 -39 -30 -9 20 57 64 53 39 11 -19 -20 -8 7 40 54 52 33 2 -15 -20 -23 3 21 19 16 4 -1 -14 -30 -31 -18 -19 0 16 16 15 7 -17 -27 -24 -17 -3 1 -1 -7 -20 -25 -7 -39 1 1 25 28 48 2 18 8 38 39 55 35 41 15 -2 -36 -66 -77 -69 -66 -71 -80 -90 -84 -93 -90 -51 -18 29 74 89 101 102 83 76 86 115 125 100 59 32 9 -16 -17 0 7 11 -35 -91 -130 -155 -145 -100 -44 30 70 72 31 -38 -97 -118 -99 -31 57 109 118 99 47 -12 -61 -75 -27 22 49 64 49 21 5 -21 -44 -28 -1 10 8 7 8 -12 -42 -47 -47 -32 10 31 24 11 -15 -45 -45 -37 -18 9 23 33 35 17 4 3 -10 -21 -26 -3 34 51 56 39 5 -22 -29 -24 -1 21 190 10893 305 1307
-4 -19 -23 -14 5 11 2 12 21 19 17 -14 -38 -37 -23 5 21 23 30 22 9 -12 -25 -11 13 7 -14 -29 -36 -19 11 11 16 29 20 -11 -50 -72 -65 -65 -71 -58 -44 -30 -11 4 29 61 80 105 132 139 139 137 120 96 66 53 50 26 -28 -86 -150 -191 -188 -158 -88 -16 23 31 3 -36 -88 -58 -54 -4 5 78 59 70 30 41 -18 -9 -17 28 39 81 75 84 30 -15 -50 -65 -61 -38 -22 9 14 6 3 -12 -27 -31 -23 -6 5 8 9 0 -24 -29 -23 -27 -29 -17 -5 5 6 -4 16 18 15 17 18 13 11 -7 -3 0 5 5 0 -13 -14 1 19 30 23 14 25 25 13 2 -13 -15 -11 -26 -39 -34 -21 -16 -35 -54 -61 -67 -52 -15 28 82 132 145 126 111 99 79 58 37 28 9 -26 -49 -81 -104 -116 -134 -133 -128 -127 -96 -58 -35 -18 1 23 50 72 67 44 3 -30 -28 -2 41 95 126 128 93 18 -28 -12 -49 -10 0 43 15 30 -19 -18 -79 -76 -94 -51 -48 20 49 82 54 11 -37 -46 -45 -13 5 23 28 23 15 2 -20 -18 6 18 26 34 35 28 18 6 6 9 2 -3 -9 -11 -3 -14 -5 -8 -9 6 16 -5 -5 -9 -5 0 191 2831 305 1307
3 -7 -7 -21 -23 -8 1 6 4 -5 -4 -9 -11 13 17 20 29 37 33 24 13 6 -2 -4 -4 -18 -29 -33 -33 -23 -13 -24 -24 -9 -11 -26 -25 -35 -39 -35 -42 -49 -60 -68 -53 -27 12 61 96 123 141 148 142 134 115 107 101 88 70 35 -24 -83 -140 -172 -164 -148 -104 -47 -18 -11 -16 -35 -43 -40 -30 -8 9 26 39 31 10 4 -3 4 40 65 88 100 89 64 19 -39 -56 -56 -45 -22 -8 -1 -8 -34 -47 -41 -37 -25 0 24 29 23 1 -7 -6 -12 -25 -51 -60 -39 -16 20 51 45 39 14 -25 -41 -34 -16 13 25 20 14 5 -11 -9 -4 6 17 13 15 11 6 26 14 -6 -9 -23 -30 -16 -12 -18 -16 -18 -16 -9 -37 -47 -19 -7 0 22 53 83 94 95 111 99 89 93 77 55 35 -19 -60 -91 -110 -118 -123 -123 -112 -109 -111 -103 -97 -71 -18 30 65 91 80 54 22 -8 -9 4 28 71 96 95 93 62 40 14 -7 -11 8 20 19 -4 -30 -54 -68 -86 -76 -53 -18 10 18 19 21 6 -10 -17 -16 -5 -1 -1 10 16 13 9 -1 -5 1 14 23 37 31 33 40 15 -17 -27 -30 -24 -19 -6 22 38 43 29 -4 -28 -34 -35 -15 7 20 24 191 11983 305 1307
5 3 -1 1 -12 -21 -18 -30 -15 16 21 17 15 -1 -6 -8 -16 -17 -9 -3 7 10 12 25 19 4 0 -11 -9 -1 -1 7 16 16 11 -3 -29 -39 -55 -70 -76 -92 -100 -78 -33 23 70 94 126 152 130 104 95 87 94 90 93 93 75 38 -26 -99 -149 -176 -165 -115 -62 -15 25 19 -30 -60 -75 -78 -50 -23 3 37 37 32 31 16 9 0 4 35 58 71 77 54 23 -7 -36 -46 -41 -31 -5 10 2 -11 -15 -22 -17 -14 -18 -4 0 -2 -7 -17 -20 -21 -40 -37 -20 -13 -5 5 14 26 19 -7 -9 -14 -24 -2 7 10 26 21 11 9 2 5 6 18 22 19 20 25 17 7 2 -8 -14 -18 -31 -32 -28 -30 -29 -28 -35 -41 -50 -51 -33 -15 4 60 107 129 126 126 116 109 83 78 34 -7 -54 -72 -101 -98 -95 -81 -98 -111 -123 -106 -117 -103 -58 2 47 84 94 84 43 -7 -27 -32 -9 34 91 138 142 96 54 14 -12 -18 -22 -26 -5 20 23 12 -29 -53 -65 -73 -67 -39 -9 36 44 27 5 -16 -39 -36 -30 -14 1 10 14 15 -4 -5 11 15 20 24 28 42 46 25 11 -5 -2 3 -1 4 19 21 25 21 -2 -16 -20 -25 -22 -22 -19 -7 -10 193 14192 305 1307
1 -21 -20 -29 -32 -17 -8 -7 1 -11 -25 -41 -43 -26 -21 -13 12 21 14 11 -4 -13 -14 -19 -4 24 33 36 36 23 8 -8 -11 14 20 19 29 27 24 24 8 12 26 12 -11 -46 -76 -54 -31 -47 -32 -2 -11 -38 -48 -28 -10 -26 -33 5 58 105 157 187 184 131 65 33 10 4 10 -1 -38 -103 -166 -188 -162 -119 -88 -79 -90 -81 -41 10 69 105 96 50 -28 -78 -76 -50 16 70 90 104 94 78 71 53 23 3 -7 -23 -12 13 42 49 4 -50 -66 -62 -36 -4 30 57 32 -11 -36 -56 -70 -56 -36 -11 12 24 17 15 5 5 -7 -6 11 27 37 49 41 27 16 1 -5 6 13 23 25 15 12 -3 -25 -41 -49 -41 -27 -21 -11 -9 -11 -29 -26 -19 -16 -19 -15 3 9 -4 -1 8 18 28 16 13 10 -12 -15 4 14 23 19 9 3 1 4 3 -12 -34 -33 -20 0 33 32 13 -20 -66 -76 -48 -12 36 66 56 18 -26 -38 -22 -7 -5 -7 -34 18 1 15 2 69 15 14 -37 -19 -22 25 12 47 9 8 -19 -11 -9 11 11 21 -8 -53 -64 -37 2 38 43 28 25 9 -12 -13 -12 -8 -9 -19 -7 9 6 27 31 21 9 -5 -9 9 6 16 194 6993 305 1307
24 23 12 3 0 -5 7 31 44 50 45 26 21 6 -2 10 5 -3 -12 -31 -31 -23 -20 -7 7 6 -15 -30 -31 -43 -50 -41 -20 -29 -19 -22 -42 -65 -50 -42 -3 28 66 79 66 20 -5 -34 -6 55 118 157 157 120 92 53 21 29 56 78 71 12 -96 -201 -280 -288 -218 -134 -57 3 9 -24 -74 -113 -92 -33 20 85 123 129 100 52 1 -5 7 41 76 96 103 99 64 49 27 -1 -11 -22 -31 -28 -29 -19 -4 3 -8 -31 -52 -59 -55 -31 9 49 47 21 2 -25 -60 -73 -35 11 22 42 54 39 16 -21 -25 -3 0 6 24 23 6 -19 -36 -38 -31 -25 -6 10 5 12 16 6 15 18 16 20 3 -11 -12 -17 -15 -14 -19 -18 -25 -36 -38 -15 1 25 55 82 82 81 72 83 63 55 38 20 2 -4 -44 -66 -96 -101 -98 -101 -109 -101 -97 -81 -62 -38 -2 39 72 86 76 36 8 -16 -36 -21 12 57 106 112 95 63 12 -26 -56 -81 -53 -10 36 62 52 10 -25 -66 -94 -89 -44 -1 40 55 60 44 2 -23 -33 -39 -18 7 26 46 40 24 8 -18 -37 -26 3 36 51 31 11 8 -26 -47 -18 6 14 14 18 25 12 -5 -6 -4 -18 -35 -24 -3 -2 196 158 305 1307
-23 -26 -13 -9 -1 2 3 14 9 -2 5 16 18 7 -7 -9 -5 -14 -5 10 17 25 25 0 -7 -15 -30 -30 -27 -20 -5 6 14 17 8 -11 -26 -31 -15 10 27 40 40 23 11 -6 -12 -1 -3 -12 1 17 39 56 52 59 73 51 17 -21 -59 -110 -164 -177 -157 -130 -98 -48 -33 -55 -62 -52 -26 25 88 159 203 175 106 30 -15 -7 45 127 187 184 132 38 -60 -116 -104 -43 24 60 41 -22 -101 -178 -196 -164 -105 -32 5 15 -3 -35 -45 -39 -19 18 43 61 63 54 40 33 27 28 32 39 43 51 48 42 36 24 25 14 -12 -29 -46 -50 -33 -16 1 0 -18 -32 -43 -45 -29 0 22 25 13 -7 -20 -26 -17 1 2 1 5 -10 -9 2 1 9 26 28 30 19 12 19 15 10 15 26 35 33 12 -18 -39 -58 -85 -102 -101 -74 -69 -83 -87 -70 -29 32 84 147 190 169 120 69 38 33 51 88 111 89 42 -8 -73 -126 -124 -84 -21 34 30 -24 -100 -179 -202 -177 -110 -12 49 48 -9 -71 -98 -80 -23 67 155 182 149 86 15 -19 -18 8 58 85 85 71 35 -9 -39 -57 -41 -21 -12 3 16 9 -12 -43 -66 -66 -52 -37 -25 -22 -17 -5 2 6 11 -2 -13 197 10680 305 1307
-6 -15 -23 -35 -54 -55 -44 -34 -7 28 43 46 47 37 29 13 -7 -18 -23 -13 -2 0 4 -4 -19 -27 -32 -24 -19 -10 12 33 35 21 -1 -22 -34 -28 -36 -58 -78 -90 -75 -45 7 52 62 76 84 69 73 94 108 124 110 80 73 74 48 8 -41 -95 -139 -169 -163 -116 -53 11 45 24 -15 -40 -56 -52 -36 -3 51 77 66 45 9 -20 -36 -35 -15 16 37 61 66 48 22 -2 -24 -26 -26 -27 -13 -3 1 3 -1 10 14 -23 -20 13 13 4 3 0 -8 -24 -47 -55 -56 -64 -46 -6 14 27 35 37 22 9 25 42 36 36 25 18 6 -21 -42 -45 -50 -38 -23 -15 5 26 24 18 16 5 7 -1 -17 -12 -14 -22 -24 -42 -43 -43 -61 -59 -29 4 56 102 120 126 117 105 102 80 52 39 9 -15 -29 -46 -67 -85 -114 -133 -141 -139 -112 -82 -56 -34 -19 19 59 71 81 76 48 14 -24 -49 -36 8 65 99 99 91 74 10 -55 -60 -45 -8 30 53 76 17 0 -69 -85 -116 -32 -28 38 26 70 42 61 3 -11 -56 -47 -54 -18 -11 25 15 -19 -57 -68 -18 44 52 65 64 19 -4 -3 19 44 41 3 -15 -23 -26 7 33 22 1 -23 -36 -33 -26 14 39 29 235 1877 305 1307
-17 -19 -26 -5 11 6 8 14 4 0 -15 -20 -6 10 20 14 -3 0 13 5 -1 -2 -5 12 19 7 17 21 14 22 31 35 33 20 19 26 26 26 20 3 -7 -38 -71 -77 -81 -89 -89 -89 -104 -123 -92 -103 -21 12 79 45 64 20 41 3 61 71 146 169 176 109 65 -25 -79 -135 -125 -65 11 55 73 49 -5 -66 -115 -135 -96 -31 35 80 69 31 -8 -50 -50 -36 -26 1 33 43 55 51 30 19 2 -19 -19 -4 12 33 30 21 7 -23 -34 -22 -2 16 18 24 8 -31 -43 -22 -3 16 24 22 28 20 -9 -14 -9 -9 0 7 10 8 -5 -9 1 -5 -13 -16 -13 10 30 21 20 20 16 24 30 29 23 8 -8 -30 -47 -45 -57 -67 -53 -45 -63 -84 -93 -100 -82 -47 -11 37 64 77 93 97 107 107 101 115 114 87 62 29 -12 -29 -33 -24 -20 -32 -48 -66 -103 -119 -94 -58 -7 38 51 46 0 -59 -92 -105 -77 -22 32 78 98 80 36 -17 -59 -59 -23 20 70 94 67 36 -9 -50 -70 -74 -46 -3 15 38 46 23 0 -18 -33 -30 -18 -7 4 13 7 -7 -30 -47 -36 -11 20 31 21 6 -22 -45 -26 2 20 37 48 53 25 -23 -29 -24 -30 -19 13 236 12016 305 1307
19 14 0 -15 -27 -24 -21 -14 16 37 43 26 -9 -19 -9 -7 -9 -11 -7 9 8 -9 34 0 19 -21 -19 -61 4 -8 28 -5 12 -30 -26 -66 -34 -38 -32 -61 -77 -88 -62 -50 -6 47 82 109 117 108 113 121 125 131 123 107 100 75 29 -19 -83 -137 -166 -177 -143 -94 -58 -36 -29 -37 -36 -37 -26 -9 6 23 52 58 48 39 11 -8 -7 0 20 39 47 58 46 26 14 -20 -42 -37 -33 -16 -8 -11 -19 -21 -21 -25 -27 -14 11 18 15 26 16 -13 -24 -29 -35 -28 -23 -11 0 -3 2 8 12 14 15 25 35 25 13 17 4 -10 -8 -14 -23 -33 -29 2 32 32 26 28 26 18 -16 -35 -26 -31 -36 -30 -29 -18 -23 -42 -52 -48 -31 -3 31 60 94 110 109 115 116 120 127 97 56 13 -39 -70 -78 -77 -70 -88 -104 -120 -149 -162 -151 -127 -93 -47 10 71 114 120 107 69 10 -11 -13 4 50 82 93 83 45 21 3 -11 -10 -6 -2 11 18 14 10 -24 -56 -67 -72 -63 -29 -2 19 34 24 10 -14 -31 -15 1 17 32 25 3 -13 -33 -38 -29 -13 13 23 24 39 38 22 22 13 -1 6 4 -2 10 7 1 3 -17 -29 -22 -16 -10 -16 -17 -4 -13 -11 238 5511 305 1307
27 11 1 -6 6 29 41 42 37 29 17 10 9 8 19 22 27 18 1 4 -5 -9 -11 -22 -22 -29 -38 -35 -48 -54 -41 -30 -28 -23 -17 -5 31 71 95 120 125 98 47 -13 -43 -52 -37 4 32 35 38 21 -16 -62 -80 -48 -3 46 68 50 -19 -100 -155 -175 -137 -66 15 72 67 14 -31 -57 -44 -7 21 33 26 3 -9 -20 -20 10 47 66 63 44 27 14 8 15 35 26 11 3 -20 -36 -36 -30 -2 21 26 38 41 26 11 3 10 25 25 18 11 2 -44 -4 -22 15 21 66 28 39 -10 -5 -43 -22 -23 -9 -25 -5 -25 -25 -36 -29 -16 -5 -15 -4 9 0 -9 -9 -19 -14 -18 -14 -3 3 12 20 19 23 19 9 3 -5 -11 -7 -9 -12 -8 -15 -7 -3 0 3 12 3 5 2 -6 -3 -5 -11 0 2 -4 -7 -4 9 8 -5 6 18 11 9 0 -9 -10 -15 -15 -7 -19 -31 -27 -15 3 18 12 3 7 3 -6 -21 -32 -25 -20 -4 15 17 21 26 11 -4 -13 -8 14 30 34 26 7 -7 -20 -26 -17 9 12 -8 -27 -43 -13 28 40 52 48 30 18 -14 -36 -22 -10 -19 18 -8 29 23 47 14 49 -6 -1 -11 22 10 24 -2 11 -29 -33 239 1543 305 1307
-12 -18 -15 -14 4 7 -4 -11 -21 -22 2 15 30 31 8 -12 -20 -13 10 21 19 17 -4 -22 -30 -24 -3 29 32 15 3 -19 -30 -11 4 14 12 -4 0 -1 4 17 16 9 -13 -37 -31 -16 -7 -16 -36 -71 -94 -98 -82 -44 -13 7 26 41 76 127 164 178 158 106 67 55 65 90 80 27 -39 -106 -151 -154 -127 -79 -25 6 11 4 -17 -33 -54 -70 -63 -39 -3 46 63 50 23 -16 -42 -46 -11 60 121 128 91 36 -18 -67 -96 -96 -58 -12 20 49 46 24 12 -23 -62 -71 -53 -2 35 40 25 -4 -35 -47 -42 -32 -27 -9 15 36 42 37 34 4 -31 -51 -56 -33 -3 25 45 35 12 6 -1 -3 -2 7 24 17 6 -8 2 22 31 18 -13 -25 -29 -33 -21 -25 -30 -23 -39 -54 -58 -50 -24 10 40 75 111 124 127 123 109 106 100 71 34 -11 -57 -92 -118 -127 -128 -129 -109 -90 -80 -65 -57 -49 -23 -2 23 44 40 30 9 -27 -43 -33 -1 42 88 116 128 115 72 32 -8 -34 -24 -9 12 31 26 8 -24 -55 -67 -69 -43 8 46 58 49 5 -44 -72 -83 -64 -25 0 32 57 50 29 -1 -28 -23 -11 8 43 64 61 30 -3 -11 -23 -39 -34 -2 14 26 241 8419 305 1307
1 -2 -6 0 11 9 -9 -26 -43 -53 -47 -26 1 13 25 31 0 -25 -24 -17 -4 16 14 15 9 -9 -14 -3 14 33 41 36 29 15 4 5 -4 -4 4 -8 -12 -8 -14 -6 -9 -18 -30 -32 -21 -1 8 9 -7 -25 -35 -48 -71 -64 -42 -27 23 90 128 173 178 124 45 -22 -57 -64 -57 -25 9 42 44 22 -16 -43 -42 -35 -11 11 5 -9 -39 -85 -109 -97 -42 17 28 21 4 -36 -57 -64 1 41 70 71 60 -6 -47 -57 -21 12 65 91 96 59 11 0 3 13 32 36 8 -16 -46 -44 -24 -26 -15 18 1 -30 -18 3 4 -7 -9 5 17 -1 -1 11 6 7 9 15 36 38 42 33 10 -10 -12 -13 -1 3 0 -13 -34 -48 -45 -31 -21 -7 -6 -22 -24 -21 -20 -18 -10 -2 -10 -8 9 9 18 21 16 16 16 12 23 31 31 27 21 -3 -24 -19 -8 -9 -24 -28 -19 -25 -23 -14 -20 -15 -14 -24 -21 -16 -17 -8 2 9 24 24 25 27 15 2 -5 -13 -4 7 10 27 40 30 16 -2 -5 0 -17 -27 -12 13 -1 20 19 8 -29 -29 -34 -26 -25 12 35 43 29 13 -5 -16 -12 -13 -17 -36 -29 -8 18 36 30 40 39 -17 -38 -8 7 13 20 242 5371 305 1307
-16 -10 -9 -2 4 4 10 15 3 0 3 1 5 4 -1 2 2 1 -4 -11 -1 -1 -10 -10 -8 -4 5 4 7 14 20 5 -1 -2 6 13 -4 -19 -17 -12 1 12 26 38 28 13 7 -8 -41 -64 -81 -76 -61 -73 -49 -36 -57 -87 -71 -57 -20 44 126 182 199 178 164 117 91 96 89 72 44 -6 -43 -66 -104 -109 -104 -88 -68 -50 -30 -12 -11 -34 -59 -89 -87 -59 -22 11 39 35 25 -1 -15 5 39 67 89 70 51 27 4 -21 -35 -44 -28 -8 4 13 18 10 4 -10 -28 -40 -50 -29 -7 -10 -5 -7 -19 -22 -24 -22 -8 1 6 14 20 13 7 -11 -14 -11 -10 -3 9 12 35 44 28 29 18 -5 -14 -12 0 10 10 12 4 2 1 -3 -17 -14 -19 -29 -28 -35 -47 -44 -46 -54 -45 -36 -16 21 51 82 108 121 140 132 127 129 117 89 50 -2 -41 -74 -113 -145 -149 -141 -119 -96 -92 -81 -71 -59 -44 -32 -8 29 36 34 15 -13 -11 1 13 39 69 102 124 121 92 57 31 10 7 5 12 31 14 -27 -77 -115 -91 -45 1 39 47 46 26 -25 -61 -76 -80 -65 -25 14 44 58 50 33 18 -10 -10 7 23 49 57 48 30 -6 -25 -28 -25 -12 -6 243 2279 305 1307
-12 -11 -8 0 22 21 23 26 1 -10 -14 -21 -20 -13 -15 -17 -27 -37 -35 -34 -42 -31 -28 -17 -3 7 39 81 98 124 132 129 128 110 80 52 7 -37 -68 -93 -110 -113 -105 -95 -79 -76 -65 -65 -84 -75 -51 -28 15 46 59 44 3 -32 -58 -65 -21 52 128 176 169 126 66 2 -37 -47 -41 -21 11 37 49 37 -10 -46 -70 -91 -72 -17 32 58 34 -18 -56 -84 -92 -67 -16 47 81 75 50 16 -5 3 14 11 21 21 11 15 3 9 3 -5 -9 19 -2 19 19 35 13 1 -39 -42 -63 -47 -34 -5 -6 16 7 6 2 -10 -24 -14 -8 13 19 25 37 25 11 -3 -17 -17 -4 11 20 17 10 7 2 -18 -18 -19 -23 -23 -20 -14 3 0 5 12 -4 -16 -17 -21 -4 7 14 16 9 -5 -7 -3 -9 -7 -5 6 24 23 22 22 3 -4 -7 -17 -18 -15 -10 -3 -12 -16 -9 -1 10 13 5 -1 -3 -18 -23 -20 -19 -5 6 3 18 31 32 25 5 11 22 10 11 11 2 13 6 -22 -25 -14 -6 -3 -8 -27 -34 -24 -4 19 25 24 17 -5 -14 -18 -20 -1 -1 -1 17 24 28 36 31 22 -3 -31 -34 -21 -1 31 40 11 -13 -22 -20 2 0 -14 -22 245 4439 305 1307
6 -2 0 -4 0 20 17 11 9 1 -3 -8 -24 -38 -31 -17 1 44 11 41 22 30 -23 5 -24 15 -18 19 4 24 7 17 -19 1 -8 8 -9 -28 -54 -50 -33 -7 13 20 19 18 -10 -38 -52 -61 -43 -36 -36 -29 -41 -45 -35 -26 -9 11 49 112 160 171 173 157 114 76 50 46 46 27 -29 -84 -132 -149 -136 -100 -47 2 13 20 8 -21 -44 -74 -92 -75 -43 -4 32 55 64 52 20 -1 -2 15 39 64 71 63 32 -22 -57 -83 -76 -37 -3 22 33 27 23 8 -26 -40 -33 -18 -10 7 20 15 -9 -37 -47 -43 -31 -11 10 27 26 7 4 -13 -27 -12 -6 1 19 19 25 25 9 8 16 9 1 5 0 -3 0 -9 -15 -15 -12 0 3 -1 -3 -16 -12 1 2 -6 -27 -58 -70 -61 -44 -8 41 83 106 107 109 108 89 80 78 77 71 50 11 -26 -73 -132 -160 -164 -157 -123 -75 -32 -16 -28 -31 -25 -18 12 32 20 3 -16 -31 -14 14 33 68 96 106 106 85 64 38 -5 -26 -36 -37 -10 9 14 6 -18 -39 -56 -58 -32 15 53 65 57 7 -39 -63 -79 -62 -34 -6 35 53 46 28 -4 -19 -27 -27 -6 33 47 47 35 22 4 -5 -7 14 30 38 247 6256 305 1307
-13 -20 -9 5 5 10 9 -6 -8 0 1 13 14 8 1 -20 -21 -4 3 13 16 0 -13 -9 -9 2 9 2 9 7 -7 -13 -18 -7 9 1 11 19 17 20 -1 -33 -13 -4 -3 -11 -11 -8 7 -31 -42 -32 -36 -55 -47 -77 -92 -85 -67 -23 31 68 139 192 190 166 129 109 85 57 50 60 44 8 -37 -87 -129 -140 -142 -113 -66 -18 27 33 3 -29 -66 -74 -63 -49 -5 30 40 37 28 18 20 13 15 37 60 69 64 35 0 -35 -63 -57 -27 4 39 53 34 8 -36 -70 -71 -60 -31 -2 6 9 -1 -23 -29 -28 -25 -12 -1 10 26 30 21 17 2 -17 -18 -16 2 21 24 27 22 3 -8 -13 -14 -4 -2 1 9 11 13 15 10 8 6 -3 -15 -25 -34 -36 -33 -26 -20 -22 -28 -36 -42 -25 -14 9 54 93 97 109 108 113 108 104 87 68 23 -13 -55 -95 -131 -127 -127 -116 -103 -89 -66 -54 -58 -55 -42 -19 20 38 48 46 28 4 -19 -35 -15 34 78 111 130 111 83 46 1 -25 -28 -8 17 12 -1 -12 -43 -67 -76 -57 -24 3 19 29 15 -13 -29 -31 -35 -26 -12 13 48 57 49 16 -26 -32 -24 -2 36 53 66 59 8 -31 -40 -35 -16 2 14 250 195 305 1307
-2 -10 -1 -1 -2 6 7 9 11 -3 -3 3 3 4 -4 -12 -3 -10 -9 -4 -1 6 7 -4 -11 -12 -22 -15 3 16 28 26 11 3 -12 9 4 14 10 32 -3 22 9 25 17 33 14 35 21 37 29 28 1 -2 -42 -73 -89 -88 -75 -56 -72 -98 -141 -171 -151 -106 -45 29 86 115 111 74 49 37 29 29 55 93 118 108 55 2 -45 -80 -74 -43 12 68 89 77 19 -59 -114 -122 -85 -24 20 38 27 -3 -24 -30 -20 3 26 33 31 28 17 14 6 -12 -10 -11 3 38 49 42 39 27 0 -26 -28 4 33 39 35 10 -25 -46 -53 -46 -19 10 31 48 33 4 -19 -40 -40 -31 -20 3 9 9 7 3 -4 -1 3 1 8 17 25 26 18 17 17 14 26 36 28 26 2 -39 -61 -80 -85 -73 -69 -65 -78 -99 -109 -97 -58 -10 40 84 109 103 85 88 93 106 130 120 98 76 38 6 -11 -26 -8 5 8 -7 -33 -58 -87 -106 -108 -73 -28 8 25 -3 -51 -97 -137 -134 -88 -23 56 111 128 103 37 -29 -53 -47 -15 29 61 73 63 24 -23 -45 -45 -22 3 22 41 37 13 -10 -44 -63 -56 -38 -9 7 12 15 -12 -64 -92 -78 -26 38 80 89 78 41 -12 250 9070 305 1307
-26 -11 12 19 31 38 27 20 5 -3 6 10 17 24 22 19 12 -9 -21 -20 -20 -16 -23 -55 -53 -31 -4 12 15 16 21 -15 -47 -42 -24 -7 6 14 27 20 9 18 18 5 -7 -17 -20 -12 -13 -17 -17 -35 -48 -60 -68 -59 -50 -50 -20 9 53 113 153 171 172 134 105 92 78 75 69 40 2 -56 -119 -134 -125 -101 -59 -25 -10 -4 -23 -48 -67 -78 -56 -39 -21 12 30 30 36 16 2 9 19 30 49 58 58 48 17 -18 -44 -36 -59 -26 -10 39 2 19 8 9 -40 -33 -54 -14 -17 -1 -14 0 -16 -7 -26 -32 -26 -2 7 25 17 8 6 -14 -29 -31 -19 5 6 -5 10 19 17 16 15 16 16 16 11 1 -7 3 6 10 17 41 27 20 -1 -13 -7 -27 -52 -37 -36 -50 -45 -34 -10 -1 2 27 61 80 93 113 144 160 137 94 61 30 -14 -54 -111 -146 -153 -145 -122 -97 -83 -72 -77 -80 -77 -60 -17 29 51 44 23 0 -18 -26 -16 24 71 98 117 110 81 77 56 30 1 -12 15 20 4 0 -24 -49 -53 -58 -47 -21 11 22 25 6 -19 -38 -63 -65 -27 -9 20 41 45 47 30 0 3 7 16 30 30 27 27 19 0 -11 -18 -8 6 9 9 251 9137 305 1307
12 11 23 39 45 14 4 0 -4 -26 -38 -27 5 2 -12 -10 -20 -10 -8 -15 -3 12 17 21 15 13 5 -6 -6 -1 1 8 19 13 5 -2 -10 -19 -21 -29 -19 -9 9 35 38 35 35 13 -9 -44 -73 -71 -60 -55 -46 -40 -53 -70 -80 -72 -26 28 100 174 198 191 168 125 86 53 38 40 18 -13 -37 -66 -91 -102 -98 -78 -44 -20 0 15 0 -18 -49 -99 -112 -90 -41 24 68 84 75 32 -11 -39 -36 12 60 78 77 49 17 -11 -48 -67 -49 -13 23 56 61 51 29 -20 -59 -80 -85 -51 -18 -7 1 -20 -39 -51 -54 -39 1 40 66 55 33 32 24 -1 -23 -13 4 24 24 13 11 -1 -8 -10 -21 -18 -7 -1 15 22 18 21 18 6 4 1 -5 -10 -23 -38 -39 -43 -48 -47 -54 -45 -33 -31 -4 29 56 83 96 114 124 112 100 95 89 74 41 -5 -51 -88 -124 -147 -155 -145 -111 -73 -51 -32 -32 -34 -23 -23 -12 5 23 37 28 1 -17 -19 -5 25 57 88 123 129 96 46 4 -18 -22 -18 4 38 51 33 -22 -91 -117 -97 -50 10 45 70 77 36 -36 -99 -114 -91 -59 -14 43 82 93 80 52 8 -16 -12 7 28 41 62 57 17 -29 -48 -56 -28 -6 252 1619 305 1307
9 4 -3 1 -8 -17 -7 -2 -15 -20 -20 -13 6 19 19 22 7 -3 -7 -24 -30 -18 -10 8 22 19 23 9 8 15 7 -7 0 15 22 13 6 2 -8 -26 -25 -17 -17 -18 -32 -39 -16 -8 0 -1 -19 -21 -32 -75 -100 -90 -68 -41 -7 52 117 148 168 184 173 131 92 57 48 55 46 27 -12 -76 -118 -137 -132 -97 -64 -23 7 5 -2 -17 -52 -74 -88 -85 -56 -4 55 88 82 52 20 -19 -24 16 54 82 88 47 4 -33 -64 -63 -47 -23 8 27 37 30 8 -10 -32 -55 -50 -31 -18 -5 7 -5 -19 -36 -43 -21 -5 15 39 46 35 13 -13 -22 -23 -19 -1 11 15 26 24 12 8 4 5 8 -3 -5 7 10 8 3 -17 -14 -4 -3 -8 -16 -15 -4 -16 -29 -24 -24 -33 -37 -41 -29 -2 17 31 48 67 90 104 113 130 137 120 91 43 -2 -50 -111 -146 -155 -159 -141 -120 -81 -50 -49 -59 -61 -60 -37 7 50 82 92 59 13 -16 -30 -6 21 43 80 115 138 132 79 25 -16 -53 -65 -42 -5 31 41 2 -49 -80 -94 -75 -29 12 47 47 27 -9 -54 -68 -61 -40 3 30 41 58 51 30 2 -13 -8 22 37 36 40 30 9 -9 -30 -33 -22 -7 21 33 253 2307 305 1307
-24 -90 -110 -59 16 77 83 44 -33 -100 -118 -87 -22 32 53 46 -3 -64 -83 -60 -2 39 58 54 39 9 -11 -20 -6 17 41 37 12 -22 -50 -38 -18 4 28 35 28 6 -30 -41 -25 -6 1 -2 -15 -48 -83 -103 -96 -81 -67 -46 -32 -22 -6 3 33 90 133 171 184 167 147 116 85 73 67 59 42 0 -58 -107 -142 -152 -125 -82 -35 3 8 -10 -37 -72 -83 -92 -84 -35 13 54 80 69 52 28 13 22 35 36 42 47 38 17 -8 -17 -9 -9 -15 1 16 21 8 -23 -36 -48 -65 -49 -29 -16 -9 -32 -42 -55 -65 -36 9 24 31 51 43 12 11 15 12 -2 -14 6 23 35 43 32 24 6 -28 -18 -7 -4 0 4 1 6 7 4 2 1 -5 -25 4 -41 -30 -54 2 -36 -33 -72 -41 -64 -18 -29 16 32 80 96 132 126 140 126 118 99 79 46 18 -21 -66 -95 -120 -133 -127 -126 -110 -88 -83 -74 -57 -56 -33 -1 19 40 40 21 -1 -32 -34 -6 29 70 107 124 123 104 57 20 -7 -31 -23 -5 16 37 25 -1 -35 -70 -74 -50 -21 14 37 35 21 -19 -51 -67 -61 -45 -11 17 28 45 42 22 9 -7 -5 12 22 40 41 30 11 -18 -39 -29 -7 26 46 254 12280 305 1307
-19 0 -21 27 -1 31 13 54 18 28 2 20 6 36 26 44 9 -28 -58 -68 -73 -54 -51 -49 -66 -93 -101 -95 -76 -35 13 53 84 98 92 93 84 82 110 116 114 103 56 12 -24 -39 -25 4 18 26 5 -18 -55 -108 -133 -104 -53 4 32 20 -13 -53 -130 -174 -118 -27 47 96 126 116 45 -27 -60 -60 -31 17 77 114 84 31 -14 -64 -94 -73 -14 45 84 75 33 -10 -62 -93 -97 -74 -23 19 23 20 3 -27 -51 -65 -48 -5 21 50 71 56 17 -13 -28 -23 10 39 48 35 11 11 10 6 23 21 13 2 -22 -27 12 -20 3 -21 -1 -41 6 -9 28 -1 15 -15 -10 -42 11 28 60 36 11 -25 -28 -32 1 20 32 35 21 0 -21 -33 -26 -10 4 14 25 22 9 -4 -23 -28 -13 -1 24 29 23 18 -1 -19 -14 -10 8 25 29 14 -1 -14 -18 -19 -12 4 25 27 16 -15 -25 -10 -27 -29 15 33 27 12 -7 -11 -22 -26 -6 6 -3 4 10 1 -20 -26 -13 0 5 14 30 30 17 -8 -23 -19 -14 -12 11 19 14 -3 -35 -46 -40 -33 -16 -7 5 19 20 12 2 -10 -9 4 -4 -16 -11 -6 -6 0 6 23 28 16 10 -3 -7 -6 -13 -8 9 254 12924 305 1307
-15 -21 -10 -10 -11 13 32 43 41 17 -6 -27 -42 -27 -7 22 61 69 53 29 -2 0 26 49 63 61 41 8 -42 -81 -74 -42 -24 -10 -7 -9 -5 -17 -32 -27 -75 -32 -62 -64 -84 -15 -36 27 24 97 112 153 125 139 96 106 85 75 44 31 -16 -76 -141 -176 -164 -129 -103 -70 -58 -70 -76 -81 -56 -23 -1 36 48 31 6 -22 -32 -10 21 66 109 135 131 118 66 25 -12 -39 -28 1 25 49 45 6 -24 -64 -91 -75 -56 -21 10 31 36 18 -28 -71 -84 -65 -23 25 53 83 89 63 30 -8 -26 -13 -1 28 49 47 26 -3 -26 -34 -27 -2 29 48 55 60 32 -8 -44 -74 -89 -77 -56 -22 -6 -22 -30 -38 -52 -46 -22 18 66 68 43 12 -16 -30 -30 -24 3 26 37 46 48 39 34 18 37 -10 11 -3 32 -27 9 -25 -6 -30 7 -37 -25 -72 -52 -48 -9 4 38 30 21 -8 -35 -40 -4 19 42 52 35 25 15 -6 -5 4 16 17 0 -12 -13 -12 -1 4 -7 -16 -24 -34 -27 -23 -14 -5 -3 -7 0 -8 -3 8 3 13 17 7 7 2 -4 11 19 19 18 11 3 -2 -11 -7 1 -2 8 11 -7 -15 -25 -47 -34 -16 -3 13 18 9 11 0 4 255 13019 305 1307
22 13 8 3 -11 -20 -21 -15 -7 3 12 7 6 3 7 -5 -25 -21 -5 0 18 23 25 9 -21 -16 -7 -6 10 15 14 20 17 7 -6 -21 -30 -28 -20 -1 29 42 43 39 27 26 26 38 67 63 39 14 -22 -48 -63 -71 -72 -63 -35 -22 -43 -92 -139 -187 -215 -175 -99 7 104 155 166 146 70 9 -11 22 92 153 168 134 30 -86 -158 -163 -85 32 115 131 83 -15 -116 -174 -161 -89 3 54 69 39 -24 -49 -43 -16 34 63 81 84 47 9 -26 -36 -16 9 36 50 38 11 -4 -17 -10 8 13 3 0 -18 -27 -13 1 19 19 6 -4 -22 -29 -13 7 44 65 52 22 -9 -43 -38 -63 -4 -21 1 -25 33 -27 -20 -31 24 7 41 8 31 3 10 15 48 42 48 26 -5 -35 -52 -57 -44 -40 -43 -49 -81 -108 -110 -103 -77 -51 -20 16 35 41 53 54 66 114 168 202 224 190 125 24 -68 -108 -109 -81 -32 14 35 9 -51 -108 -134 -114 -48 47 104 92 13 -102 -188 -207 -141 -7 119 184 185 117 17 -70 -106 -73 -1 60 86 68 13 -32 -59 -64 -37 -2 33 59 33 -9 -31 -47 -47 -33 -13 3 6 -12 -23 -22 -13 -1 9 1 2 -5 -5 14 19 25 29 4 255 13405 305 1307
-24 12 -28 8 6 28 -20 25 -3 27 -2 13 -6 21 -14 10 -13 -1 1 12 8 6 -11 0 1 -3 0 8 6 -2 -12 -19 -21 -10 -5 15 12 -2 -3 -20 -17 -2 -8 -7 1 4 11 4 4 1 2 3 1 -10 -12 13 49 60 58 17 -25 -90 -154 -175 -153 -88 1 56 102 117 92 55 17 9 29 61 79 69 22 -29 -49 -41 -5 58 104 108 73 6 -48 -56 -27 39 86 88 70 26 -37 -88 -106 -76 -33 -10 4 2 -19 -35 -40 -42 -31 -13 -9 -17 -25 -31 -11 6 8 21 28 33 23 -16 -32 -31 -30 -10 2 10 10 -16 -39 -51 -44 -16 17 31 28 17 -16 -32 -23 -15 2 23 26 25 6 -9 -8 5 25 39 33 23 13 6 4 4 -5 -8 2 7 16 8 -4 -5 -10 -21 -22 -30 -21 -11 -22 -28 -25 -32 -38 -36 -32 -28 -26 -4 40 86 114 153 143 92 19 -48 -91 -100 -94 -54 -1 43 57 35 -3 -13 -11 -2 28 42 32 -11 -73 -113 -116 -91 -33 21 32 14 -34 -82 -91 -72 -27 37 80 96 86 29 -22 -37 -36 -10 33 64 76 59 34 13 -6 -13 0 2 -7 -8 0 11 19 19 25 20 9 13 -9 -27 -24 -23 -2 30 42 47 36 256 15267 305 1307
-20 0 18 31 40 22 0 -2 -11 -11 -5 -10 1 6 -1 0 -2 7 23 19 -1 -20 -38 -44 -24 4 29 42 42 46 23 -23 -41 -41 -41 -27 0 25 46 41 32 17 -7 -19 -17 -19 -13 -8 -6 -19 -48 -60 -64 -73 -78 -71 -72 -50 -16 28 88 141 164 174 151 107 81 60 40 46 46 35 2 -59 -103 -135 -149 -114 -58 -17 8 15 5 -20 -62 -84 -71 -54 -25 19 44 63 65 37 21 5 -8 15 38 62 80 62 22 -24 -63 -70 -53 -33 -4 33 46 37 12 -28 -48 -64 -65 -45 -19 3 22 12 13 13 -14 -27 -24 -11 16 31 34 31 11 -13 -27 -33 -30 -12 8 25 28 11 0 -4 3 18 23 12 11 -12 -35 -19 -5 8 29 42 41 19 -3 -17 -42 -63 -63 -46 -41 -36 -33 -26 -11 -4 8 43 67 98 133 142 140 122 87 60 39 10 -30 -85 -123 -136 -124 -106 -83 -64 -53 -47 -61 -74 -64 -42 2 32 43 53 31 -3 -24 -27 -4 29 55 87 109 116 105 70 22 -18 -39 -39 -18 -1 10 17 5 -24 -50 -80 -70 -37 -1 41 53 22 -15 -47 -65 -59 -39 1 48 64 60 51 18 -6 -18 -12 12 26 22 26 26 11 0 -19 -30 -25 -21 -3 17 257 6746 305 1307
-36 -45 -21 11 17 25 37 29 18 -5 -27 -15 -8 -11 -3 3 13 19 16 14 9 -14 -27 -17 -3 21 38 33 18 -5 -25 -17 -13 -1 14 0 -16 -25 -25 -8 16 26 27 15 5 -10 -20 -30 -31 -40 -48 -42 -43 -44 -45 -65 -66 -47 -26 18 68 124 167 173 149 124 76 49 48 52 49 36 -1 -48 -93 -132 -142 -115 -75 -38 16 22 26 -7 -40 -74 -97 -82 -44 -1 49 75 69 54 23 4 -4 19 41 68 75 59 24 -21 -55 -59 -70 -54 -18 4 23 15 -1 -13 -32 -41 -35 -26 -3 10 5 2 9 13 1 -1 -14 -14 -4 1 5 12 18 32 14 3 -5 -11 -6 -8 -13 2 4 4 15 20 7 -15 -26 -27 -17 -14 -1 24 37 33 17 -11 -18 -19 -26 -23 -37 -45 -35 -29 -21 -6 -5 3 7 12 32 76 105 119 109 86 71 57 39 28 3 -38 -69 -111 -143 -141 -113 -72 -45 -46 -36 -41 -40 -32 -18 17 45 53 49 25 -15 -28 -12 0 28 81 92 122 104 51 11 -13 -40 -42 -37 -5 31 28 14 -17 -52 -68 -54 -41 -1 33 41 36 19 -23 -50 -63 -52 -15 11 40 55 44 32 18 3 5 4 15 29 33 34 28 6 -17 -26 -37 -22 -5 7 257 15198 305 1307
-8 -2 1 -6 -7 -2 -2 -4 -5 -8 -4 -4 -2 13 5 -7 -8 -12 -6 -3 -7 2 6 -3 -3 -6 -4 8 9 5 10 17 23 22 8 -1 -15 -32 -23 -2 1 12 23 21 14 1 -6 -7 -33 -50 -57 -61 -56 -51 -51 -47 -65 -82 -72 -42 1 67 137 187 202 178 143 116 89 71 57 36 31 13 -23 -51 -90 -115 -106 -92 -70 -33 -2 8 -11 -51 -87 -103 -102 -68 -15 27 66 73 48 29 5 4 29 46 56 52 41 32 7 -20 -35 -31 -22 -1 17 26 36 24 -1 -28 -57 -66 -53 -47 -28 -2 4 3 -11 -26 -24 -19 0 14 17 22 24 8 -10 -12 -15 -10 4 12 27 26 16 15 10 4 8 -2 -6 -4 -14 -4 5 2 11 18 12 9 -11 -30 -29 -25 -26 -30 -36 -32 -32 -48 -44 -28 -17 8 47 71 100 119 122 120 117 111 104 78 46 4 -48 -90 -129 -154 -155 -127 -100 -80 -77 -81 -63 -57 -50 -24 2 22 36 20 8 2 -1 11 24 45 90 112 118 110 91 62 25 -16 -40 -32 -11 11 11 -20 -46 -71 -80 -42 -4 24 50 47 13 -30 -58 -60 -50 -47 -28 5 34 60 76 69 42 1 -37 -39 -21 13 61 75 52 14 -25 -30 -15 5 15 258 16102 305 1307
10 5 5 -2 -11 -11 -12 -1 11 1 -1 3 -14 -11 -16 -15 -2 -3 0 7 -1 6 8 9 6 -4 -4 9 10 1 -1 1 1 7 -8 -24 -18 -33 -49 -59 -76 -64 -68 -79 -62 -37 1 51 89 115 133 136 131 125 119 113 114 107 85 42 -13 -66 -123 -170 -165 -141 -96 -40 -6 19 11 -30 -63 -91 -102 -70 -12 48 89 87 54 29 13 -2 4 3 13 31 47 59 51 20 -4 -39 -70 -57 -29 8 44 44 23 -19 -14 -60 -33 -35 19 -16 13 -21 -2 -39 5 -12 4 -23 0 0 25 -3 -3 -11 -17 -15 -11 -5 21 24 28 21 -1 -19 -19 -19 -10 -3 -1 13 20 2 5 9 8 21 12 -6 -6 -16 -17 -13 -20 -33 -33 -43 -48 -52 -41 -16 16 43 75 96 112 124 115 105 108 88 64 42 1 -39 -81 -126 -146 -153 -145 -118 -99 -72 -49 -45 -43 -26 -3 27 50 47 33 18 -14 -26 -21 7 53 85 110 125 106 74 27 -26 -39 -23 3 25 31 17 6 -22 -63 -85 -81 -52 -10 22 42 49 29 -1 -30 -62 -59 -30 -5 34 45 45 41 20 0 -11 -6 15 24 9 -8 -14 -5 15 23 19 24 40 30 12 -14 -23 -13 -28 -29 -13 -11 7 11 10 3 259 8771 305 1307
-13 -11 -20 -19 -10 2 19 11 8 16 12 -1 -20 -36 -26 -6 7 16 10 7 16 12 -6 -6 -3 5 14 14 14 15 6 -1 -9 -17 1 6 -9 -32 -52 -47 -12 13 20 34 38 22 -8 -52 -70 -63 -70 -62 -44 -43 -50 -56 -49 -27 -11 22 73 119 157 185 185 164 126 92 76 66 47 26 -18 -81 -127 -146 -128 -106 -59 -9 1 -28 -19 -37 -60 -77 -62 -62 -28 -9 28 43 54 42 33 2 4 14 37 56 70 53 27 -14 -55 -53 -41 -25 4 20 25 22 -3 -19 -20 -19 -12 -13 -17 -16 -17 -20 -23 -26 -23 -13 -8 0 16 24 16 16 -9 -8 -6 -5 8 14 3 15 11 18 22 13 11 11 4 -6 -12 -9 0 5 3 8 12 2 4 2 -8 -4 -10 -7 -9 -40 -62 -81 -91 -71 -52 -14 51 100 114 118 123 123 119 106 108 112 83 42 3 -60 -110 -148 -175 -172 -153 -125 -76 -54 -54 -56 -53 -36 -13 12 35 27 -3 -19 -26 -23 8 76 103 111 120 117 72 40 17 17 -22 -21 -16 2 5 8 -16 -23 -53 -58 -50 -8 31 54 39 6 -28 -51 -64 -54 -37 -4 26 28 31 23 20 25 15 11 21 16 19 11 -1 0 1 -8 -17 -12 4 13 19 260 1030 305 1307
4 1 1 -4 2 -1 -11 -17 -17 -11 -10 -20 -15 3 14 23 22 8 3 5 -16 -28 -27 -17 0 10 10 14 12 17 17 12 10 5 2 8 1 -6 10 22 7 -7 -15 -19 -6 -17 -44 -44 -26 -8 -11 -28 -28 -33 -60 -99 -122 -104 -59 -21 31 102 158 183 199 188 161 124 80 64 71 58 36 17 -40 -129 -177 -152 -105 -70 -31 3 4 -11 -55 -81 -88 -95 -86 -39 1 32 58 64 43 13 -10 -3 29 55 86 90 68 38 -10 -59 -65 -58 -29 10 27 23 18 -8 -34 -45 -58 -51 -28 -15 -4 -3 -16 -23 -33 -32 -14 -4 7 38 40 44 36 6 -7 -16 -32 -25 -6 11 19 20 12 13 15 6 16 12 10 11 -8 -6 7 -1 5 2 -10 -11 -19 -17 -9 -14 -23 -29 -29 -28 -31 -40 -35 -14 5 30 48 62 96 116 111 126 139 152 150 98 35 -22 -89 -140 -173 -170 -148 -123 -96 -66 -67 -84 -90 -90 -60 -8 26 73 113 61 -10 -36 -47 -34 10 65 125 136 130 113 81 31 -9 -25 -26 -26 -7 11 15 -14 -62 -64 -77 -59 -47 14 28 46 15 15 -53 -65 -68 -22 8 37 31 50 31 34 17 6 0 14 32 39 41 32 19 5 -20 -38 -33 -29 -2 261 1508 305 1307
0 -2 10 8 10 18 14 11 3 -2 1 -7 -27 -32 -31 -23 -16 -25 -41 -43 -50 -52 -41 -35 -6 43 76 109 130 133 143 124 94 85 59 19 -15 -58 -81 -97 -119 -122 -113 -97 -74 -64 -73 -93 -99 -69 -7 40 55 101 47 31 -26 -66 -87 2 39 115 137 171 132 74 -7 -24 -45 -28 -2 31 45 53 18 -33 -74 -101 -78 -25 10 34 24 3 -19 -52 -60 -35 -12 11 29 37 37 31 21 15 4 -8 -4 8 16 43 43 26 10 -20 -38 -32 -19 16 34 36 21 -9 -36 -40 -43 -30 -12 -6 -5 2 -2 -2 9 12 4 0 -6 -6 -11 -6 5 3 4 16 3 -12 -16 -23 -12 -4 7 26 27 15 0 -21 -27 -19 -15 -8 6 10 14 18 3 -9 -17 -24 -16 -16 -22 -6 7 10 14 3 -3 3 4 13 23 19 1 -9 -15 -16 -10 6 36 43 25 16 2 -8 -18 -39 -29 -12 -18 -16 -9 -2 0 -6 -11 -12 -14 -7 19 33 34 36 20 8 13 -1 -16 -26 -32 -10 7 18 33 35 24 1 -34 -51 -38 -15 5 14 -1 -17 -28 -33 -16 5 19 38 33 8 -1 2 15 24 14 -3 -12 -16 -5 2 1 8 6 -3 -7 -9 -3 13 8 -3 -3 -20 -30 261 10550 305 1307
-7 1 1 9 5 -7 -6 -17 -17 -4 0 3 11 8 12 4 -3 -1 4 1 -2 3 4 6 -13 -7 2 -2 -17 17 -8 -2 -10 5 -2 5 -4 28 3 3 -5 0 -19 -8 -2 1 -3 -13 -31 -39 -56 -62 -56 -65 -57 -64 -68 -42 -15 17 74 112 151 170 157 140 119 87 69 70 54 32 0 -54 -107 -134 -158 -140 -100 -29 29 43 33 4 -50 -83 -110 -111 -64 -7 40 69 72 64 45 11 -10 -5 18 48 76 68 45 15 -27 -48 -59 -48 -5 20 23 12 -20 -33 -33 -38 -23 -13 2 15 -7 -37 -44 -43 -47 -31 -5 22 52 50 49 44 3 -17 -23 -26 -6 17 28 33 16 3 2 2 -4 -10 -20 -16 -3 2 9 26 35 8 -15 -39 -17 -32 -14 -7 -1 -22 -16 -48 -38 -43 -24 -25 -12 -19 11 29 69 100 119 118 125 117 105 96 69 41 8 -50 -92 -120 -138 -124 -120 -111 -92 -86 -82 -70 -53 -23 3 12 36 43 25 7 -6 -28 -19 4 40 85 120 130 127 81 35 -5 -33 -24 -9 6 37 41 12 -25 -62 -83 -78 -52 -14 23 37 28 13 -19 -47 -55 -47 -14 21 37 44 26 11 1 -11 0 31 52 59 42 24 6 -25 -50 -35 -15 -6 15 32 262 11558 305 1307
12 6 0 -8 -11 -18 -13 -7 -13 -11 6 11 2 -2 -4 -7 -2 -9 9 10 0 -5 -4 -11 -4 -1 6 6 -1 14 23 -5 -12 -5 3 5 11 2 -5 -6 -14 -12 -9 -12 -10 -14 -16 -2 -14 -36 -52 -64 -65 -77 -101 -93 -65 -30 19 67 113 151 168 170 171 157 132 116 93 66 42 2 -36 -91 -139 -150 -134 -109 -82 -60 -27 -11 -16 -18 -33 -52 -44 -32 -35 -18 12 32 41 43 39 54 60 64 74 64 39 21 1 -8 -19 -23 -18 -27 -35 -18 4 10 5 -25 -52 -63 -56 -35 -5 -6 2 17 -23 -46 -20 -1 11 21 30 39 23 6 -2 1 -6 -9 -6 -8 -17 -13 7 14 0 -8 -3 -3 0 0 5 13 5 3 5 -14 -10 12 20 6 -21 -32 -30 -38 -35 -19 -26 -36 -41 -46 -28 8 37 69 101 114 126 130 117 116 104 78 50 5 -36 -73 -108 -127 -139 -147 -138 -123 -99 -69 -52 -44 -18 -2 8 38 47 34 21 2 0 10 9 34 61 79 95 97 90 69 40 18 -2 -19 -13 -9 -26 -48 -56 -61 -46 -30 -22 -3 -4 -14 0 -8 -13 -6 -9 -8 -15 -20 5 30 36 40 18 -16 -23 -5 19 50 59 54 35 -14 -44 -40 -36 -8 17 9 11 263 12364 305 1307
-5 5 13 8 10 6 1 13 5 -5 5 -7 -3 -5 -5 7 10 10 18 14 3 -6 -7 -2 -6 -15 -11 -6 -17 -23 -19 -18 -17 -8 0 14 -14 40 27 24 -7 33 -14 26 -9 11 -18 -12 -53 -42 -68 -67 -89 -78 -91 -81 -85 -58 -6 40 84 131 152 172 164 131 108 79 65 78 69 45 -5 -61 -103 -138 -157 -143 -93 -28 19 38 39 36 -2 -57 -71 -70 -43 10 43 61 55 29 12 -5 -20 -1 27 55 55 23 -15 -38 -43 -41 -29 -3 23 45 27 -2 -22 -48 -62 -66 -53 -9 18 24 28 13 -10 -29 -40 -24 1 19 38 43 27 3 -15 -20 -8 -7 -25 -27 -27 -13 5 7 18 23 3 -2 -8 -14 1 15 6 2 9 12 5 -2 0 3 -8 -20 -21 -36 -39 -39 -8 -37 -20 -52 -12 -21 50 50 107 112 154 127 148 114 103 68 61 6 -44 -102 -135 -151 -155 -153 -115 -89 -72 -61 -54 -38 -26 -9 36 59 64 46 22 2 -22 -39 -16 35 67 86 113 124 106 62 3 -27 -33 -27 1 12 3 -3 -23 -42 -54 -59 -29 3 21 32 19 -12 -38 -56 -64 -40 -5 24 53 54 44 37 7 -12 -16 -19 -3 18 25 39 20 -11 -25 -39 -42 -27 -4 34 57 264 5016 305 1307
-3 -7 -17 -2 -2 15 7 14 12 -3 -1 6 -2 5 12 13 11 -6 -17 -17 -14 -9 -6 -12 -21 -23 -17 -1 18 14 14 23 10 -4 -32 -32 -13 0 12 25 20 27 21 12 4 -2 -12 -13 -22 -32 -41 -50 -63 -71 -81 -87 -68 -56 -31 -7 21 83 143 176 193 171 138 102 60 27 19 19 3 -26 -60 -91 -105 -108 -81 -39 -14 13 15 -8 -31 -66 -86 -72 -55 -20 26 56 57 27 1 -11 -17 -13 24 71 84 65 22 -16 -32 -44 -50 -24 -1 13 22 13 12 3 26 -37 -25 -40 -8 -51 0 -3 11 -41 -20 -33 -3 -20 9 16 37 10 7 -2 -11 -14 -11 -7 11 14 25 25 10 10 12 3 3 5 9 12 6 6 11 4 -16 -6 0 -3 2 -17 -22 -23 -39 -39 -34 -44 -38 -38 -25 -6 15 38 76 94 110 118 115 101 104 97 83 57 12 -25 -71 -122 -146 -159 -149 -113 -91 -60 -36 -31 -36 -38 -25 3 12 15 26 17 -13 -20 -15 0 31 60 94 117 105 79 53 24 11 -1 -4 10 15 7 -3 -33 -64 -68 -55 -24 8 29 43 29 -9 -42 -65 -61 -35 -24 -21 8 32 41 39 15 -2 3 -8 -4 19 50 64 41 11 -15 -36 -27 -6 15 21 264 13814 305 1307
9 -17 0 -24 4 -10 7 -2 7 1 -2 -16 -4 7 13 19 13 4 -1 -12 -12 -16 -24 -12 -2 1 11 1 2 2 0 2 9 11 11 5 -1 -3 0 -10 -1 6 -3 -6 -12 -15 -5 -20 -26 -27 -40 -45 -58 -74 -67 -55 -48 -29 5 36 79 119 152 173 157 120 90 56 33 21 5 5 -11 -40 -66 -102 -122 -100 -67 -32 -8 9 10 -15 -58 -89 -88 -64 -21 24 51 69 61 34 16 -3 -5 17 38 58 69 44 11 -34 -88 -105 -84 -30 38 71 80 71 38 -12 -61 -79 -66 -52 -44 -15 18 18 12 10 -4 -11 -16 -11 17 27 30 34 14 -20 -41 -41 -11 11 5 1 15 20 16 13 13 16 10 -8 -13 -13 -3 5 -1 7 5 -14 -12 0 -1 -1 1 -8 -23 -40 -53 -54 -48 -38 -18 -4 19 52 78 106 120 117 122 113 89 73 51 29 -11 -65 -103 -124 -142 -140 -113 -77 -48 -36 -40 -43 -45 -41 -20 -1 25 42 30 10 -8 -29 -16 15 48 97 132 138 114 58 2 -35 -57 -50 -17 14 36 44 7 -37 -64 -77 -49 -6 27 57 59 30 -11 -69 -99 -91 -67 -15 37 70 79 64 34 5 -16 -40 -39 -17 2 25 36 35 27 -13 -38 -32 -24 6 32 269 10246 305 1307
-47 -27 -16 5 11 10 -12 -28 -38 -31 -4 7 11 10 -1 -7 -18 -28 -17 -16 -1 16 13 14 18 29 35 41 31 26 29 13 -13 -16 -12 -3 12 13 25 31 37 30 -5 -23 -17 -23 -24 -25 -17 -9 -17 -28 -30 -32 -31 -30 -37 -60 -56 -14 51 111 148 170 157 86 -2 -69 -99 -89 -70 -21 47 83 78 60 17 -16 -35 -32 -17 0 -9 -42 -78 -113 -117 -84 -31 27 41 10 -27 -70 -76 -47 -7 48 72 48 15 -26 -46 -33 3 42 73 81 67 51 19 -2 12 22 30 21 -13 -30 -36 -34 -10 10 25 30 25 -14 -9 -11 -10 -15 19 36 40 10 -7 -6 -8 -2 15 28 49 42 17 5 -16 -24 -26 -24 -11 -6 -9 -13 -17 -34 -31 -18 -1 -2 -12 -9 -4 -17 -24 -9 -10 2 20 16 10 10 5 7 -6 -11 -2 6 9 17 13 9 7 4 4 -2 -25 -31 -28 -30 -21 4 24 37 19 -5 -10 -17 -26 -38 -34 -12 5 15 35 34 14 -4 -16 -22 -18 -13 5 22 24 15 8 -6 -10 -2 -18 -23 -30 -27 -1 19 20 18 10 1 -21 -38 -30 -6 12 17 7 2 6 5 -2 3 5 8 13 1 -7 8 17 17 12 -7 -13 -8 -2 1 2 -1 3 272 15866 305 1307
-13 -5 -9 6 12 10 8 6 1 -6 -23 -13 2 -4 -21 -37 -37 -16 12 20 22 24 19 9 -14 -43 -36 -12 1 -4 4 38 39 13 13 14 -1 -14 -20 1 20 16 13 18 -2 -18 -11 -9 -23 -41 -61 -61 -60 -65 -37 -43 -67 -70 -61 -29 27 79 132 169 167 151 121 86 69 72 61 41 23 0 -24 -70 -115 -119 -111 -94 -54 -13 24 37 10 -29 -77 -116 -99 -50 2 50 74 80 61 14 -27 -30 -12 9 50 72 78 61 18 -30 -68 -74 -47 -14 28 64 65 48 0 -43 -67 -77 -73 -36 -9 0 4 -5 -19 -25 -34 -33 -4 18 41 51 33 21 12 -12 -14 1 30 55 47 29 19 -5 -22 -16 -5 17 39 30 7 -10 -25 -24 -26 -28 -18 -14 -13 -3 -9 -13 -21 -46 -59 -63 -61 -34 0 14 24 36 43 67 96 103 98 88 87 97 97 83 46 0 -46 -103 -164 -176 -152 -111 -70 -59 -55 -60 -67 -61 -42 -25 11 45 41 26 21 14 14 2 -12 13 57 101 136 134 100 46 -23 -54 -60 -47 2 52 69 39 -15 -66 -86 -89 -71 -16 38 64 63 20 -33 -67 -90 -84 -41 10 62 87 75 42 12 -14 -17 -8 20 36 51 48 31 11 -14 -30 -29 -15 -4 282 4770 305 1307
5 -5 -5 5 4 1 -4 -8 0 -1 -15 -6 -11 -14 -5 -1 13 20 17 16 3 -7 -3 2 5 2 -11 -15 -2 -3 -5 3 13 20 17 -5 2 9 -5 -8 -10 -4 7 3 4 -5 -18 -29 -47 -57 -51 -44 -60 -60 -90 -69 -63 -30 -13 79 115 154 166 185 161 142 102 99 74 56 44 6 -49 -94 -124 -139 -118 -88 -52 -17 -3 -4 -21 -64 -89 -81 -66 -21 15 20 28 43 27 -19 -28 9 32 39 72 88 67 38 -14 -33 -45 -51 -23 28 32 21 24 20 0 -16 -33 -27 -32 -55 -57 -62 -50 -11 -3 2 21 17 7 -8 -14 -4 -1 -14 -5 16 23 26 31 26 25 6 -16 -4 1 17 34 26 14 -4 -16 -6 2 3 0 -14 -19 -15 -20 -15 -3 -17 -44 -53 -57 -44 -32 -45 -34 -17 -15 12 45 80 113 127 133 127 117 115 107 85 52 15 -52 -101 -123 -146 -141 -136 -128 -94 -83 -90 -70 -59 -46 -17 11 30 31 15 4 -12 -19 -3 20 51 86 116 130 119 82 40 11 -12 -12 5 14 25 20 -5 -24 -47 -57 -39 -22 4 22 11 6 -7 -33 -50 -62 -56 -28 2 15 33 51 48 43 36 32 29 4 -5 1 -2 8 16 20 31 21 12 11 10 -2 282 13417 305 1307
8 8 2 -9 -12 -8 4 9 -5 -8 -9 -14 -5 -1 7 24 25 15 6 -12 -17 -17 -19 -11 2 10 17 9 -9 -14 -7 -2 2 3 16 32 14 -7 -6 -13 -12 -8 -9 0 0 -9 -13 -5 2 -18 -43 -50 -39 -52 -88 -106 -96 -64 -18 20 64 126 161 175 142 123 118 96 76 62 56 57 32 -24 -77 -120 -136 -132 -112 -86 -44 -4 19 28 2 -48 -69 -80 -78 -45 -10 36 54 45 40 25 13 27 44 56 61 55 35 4 -26 -41 -35 -33 -26 -19 -9 21 28 2 -19 -44 -60 -39 -15 6 18 6 -12 -25 -36 -30 -14 16 5 47 10 15 -2 16 -19 -5 -29 3 -16 4 2 22 25 33 9 16 5 8 15 12 4 -2 -4 -1 -4 -5 -8 -4 -10 -20 -18 -20 -19 -20 -32 -25 -42 -55 -42 -29 0 33 60 96 124 122 116 121 123 114 85 43 4 -37 -79 -113 -137 -139 -104 -99 -95 -86 -72 -59 -58 -59 -31 4 31 49 44 31 7 -15 -23 -8 15 50 91 116 124 107 70 38 -10 -46 -35 -20 -2 11 4 -14 -35 -53 -49 -41 -27 3 23 22 9 -15 -31 -26 -29 -31 -21 5 41 53 28 1 -12 -14 15 38 47 65 54 13 -18 -45 -41 -16 -1 0 30 288 11605 305 1307
0 -3 -3 -10 -9 2 17 25 28 27 10 37 14 35 34 45 16 2 -23 -44 -91 -86 -87 -87 -93 -89 -97 -107 -104 -65 -12 41 86 109 101 89 90 84 74 81 94 113 88 60 47 24 12 18 0 1 -2 -23 -48 -82 -116 -107 -65 -43 -8 19 10 -28 -100 -172 -171 -107 -2 87 126 140 110 30 -43 -86 -72 -22 31 76 103 95 59 22 -11 -37 -39 -31 -7 29 35 27 -2 -49 -69 -68 -51 -11 8 7 -9 -30 -40 -34 -23 0 22 30 27 13 -2 -6 -9 -8 8 21 32 52 63 56 33 -4 -24 -31 -37 -10 12 19 22 7 -6 -8 -14 17 62 71 53 21 -39 -114 -133 -151 -67 -7 40 76 125 96 70 4 -9 -5 9 28 43 -16 -78 -119 -127 -79 10 92 126 103 22 -52 -81 -59 -10 34 61 43 -1 -49 -54 -51 -14 15 43 48 23 0 -6 -12 -11 -2 -4 8 12 14 0 -17 -46 -30 -1 12 24 36 38 26 -3 -13 -2 -8 -13 -14 -30 -27 -12 9 31 34 18 -4 -35 -55 -39 -3 29 45 25 -7 -27 -47 -35 -19 -17 6 31 30 34 16 0 -4 -22 -27 -21 -12 8 18 7 -2 -8 -10 2 11 4 15 18 -4 -24 -40 -25 -7 -14 -26 -41 -55 -38 293 9003 305 1307
-5 -1 -9 -12 -16 -18 -8 -8 -5 8 10 5 -1 -9 6 3 -2 10 15 6 6 3 2 3 -7 -10 -1 -10 -10 -1 -10 4 8 -3 2 9 7 12 -4 -7 9 -4 -9 -8 -4 -2 6 -4 -18 -32 -50 -70 -69 -74 -78 -83 -73 -25 12 51 102 132 168 190 169 134 95 65 56 39 26 27 11 -33 -93 -134 -142 -121 -101 -63 -6 12 4 -11 -44 -65 -88 -83 -44 -9 28 71 97 93 59 15 -1 14 32 45 48 22 3 -9 -29 -30 -24 -12 8 -2 -11 -6 -17 -14 -19 -43 -46 -37 -36 -21 -10 -9 0 6 -2 -3 7 26 42 32 17 20 -23 17 -14 -12 -26 34 -7 25 -10 27 -5 13 -14 1 -34 -12 -17 -3 -1 16 15 23 8 -6 -6 -6 -14 -5 -17 -23 -10 -20 -28 -39 -57 -40 -26 -7 22 45 74 105 119 118 113 104 90 86 49 7 -33 -70 -94 -109 -130 -123 -118 -104 -80 -68 -63 -45 -36 -16 3 21 39 45 28 -1 -18 -24 -3 25 57 102 121 119 104 49 -1 -26 -46 -42 -29 -6 30 33 9 -15 -49 -64 -49 -32 -15 5 9 14 4 -28 -44 -34 -19 0 12 29 54 46 25 15 7 13 22 20 26 27 10 -10 -35 -51 -38 -18 9 34 33 299 5813 305 1307
9 1 -9 -39 -36 -22 -6 24 25 22 31 17 3 -11 -17 1 4 8 4 8 15 14 2 -7 -9 -13 -21 6 -52 -28 -24 23 -5 33 2 56 6 -5 -42 -20 -39 -3 -10 23 26 34 27 24 -5 -9 -5 -15 -15 -7 -6 17 33 37 37 14 -5 -43 -132 -180 -169 -135 -71 7 60 98 88 47 18 6 18 52 73 83 76 21 -33 -44 -26 26 93 124 140 103 23 -34 -43 -19 5 28 45 27 -28 -73 -91 -78 -46 -1 23 20 10 -31 -49 -68 -63 -33 -26 -15 -4 -15 -25 -30 -18 25 35 45 44 8 -32 -49 -52 -43 -10 12 9 -2 -39 -51 -42 -34 0 30 34 33 4 -30 -43 -39 -15 5 13 21 46 49 41 38 38 40 46 32 16 0 -14 -10 -5 -13 20 43 38 25 13 6 -8 -29 -45 -51 -49 -40 -27 -22 -29 -41 -48 -34 -36 -45 -29 1 37 76 100 117 145 145 87 -7 -58 -71 -70 -37 17 38 59 51 13 -31 -59 -62 -30 13 33 3 -53 -114 -140 -143 -102 -25 33 63 43 -13 -37 -36 -36 -3 44 69 67 29 -14 -42 -44 -11 46 72 77 70 41 17 -1 -17 -8 7 23 33 9 -19 -25 -18 0 18 46 50 24 -6 -22 -27 -24 2 20 26 27 303 14848 305 1307
-4 -1 8 -2 -13 -16 -27 -16 -9 -14 0 8 12 16 5 2 12 6 4 -4 -9 -1 3 -1 6 6 -13 -18 -13 -16 -4 4 10 17 3 1 6 -7 -6 -9 -8 9 11 9 6 4 6 9 10 13 18 8 -13 -28 -38 -11 31 46 61 40 -19 -91 -161 -174 -154 -122 -46 31 83 95 85 55 31 17 15 40 71 67 50 12 -20 -11 20 75 134 150 107 28 -39 -53 -28 18 62 62 21 -37 -99 -125 -102 -55 -4 29 25 1 -31 -64 -65 -43 -18 12 12 -9 -23 -34 -15 14 28 32 35 28 3 -25 -48 -37 -16 -1 6 9 -4 -23 -47 -54 -28 -20 -11 8 10 9 -3 -24 -19 -17 -6 18 26 30 31 16 10 21 30 46 56 42 23 6 -27 -25 -11 -8 11 28 33 29 -1 -15 -16 -25 -19 -17 -27 -34 -36 -43 -40 -70 -21 -32 -13 -53 -4 -23 44 71 144 151 172 90 41 -39 -63 -86 -62 -37 18 43 48 29 -1 -20 -28 -28 4 22 -13 -49 -94 -141 -141 -117 -58 29 55 15 -23 -62 -71 -33 17 78 111 94 49 1 -47 -37 -11 39 88 108 86 60 14 -19 -15 2 19 14 -38 -71 -76 -63 -29 -4 26 68 67 33 0 -27 -22 -11 7 43 68 56 35 5 2625 305 2927
3 5 8 4 1 3 -1 3 15 13 9 8 -6 -9 0 -7 -7 -9 -14 3 -6 -4 6 -1 -4 6 2 8 3 -6 -4 2 -7 -4 -5 -14 -9 -18 -40 -57 -77 -84 -77 -81 -46 9 49 89 105 113 128 110 82 72 68 68 90 103 74 51 18 -66 -150 -193 -178 -142 -87 -14 33 39 8 -39 -45 -60 -93 -70 -19 33 86 108 89 41 -18 -57 -63 -37 21 94 127 110 54 -18 -62 -81 -78 -33 5 18 34 7 -26 -25 -26 -41 -41 -25 11 30 24 13 -1 -21 -33 -35 -29 -9 12 17 23 8 -9 -5 -8 -1 8 6 12 12 10 16 21 14 4 -5 -4 0 0 6 28 32 23 25 13 -13 -36 -49 -36 -21 -10 1 -10 -19 -25 -40 -48 -51 -39 -8 24 56 85 105 106 104 100 84 74 67 48 33 -2 -32 -56 -95 -116 -125 -123 -102 -91 -90 -89 -77 -53 -20 9 40 98 104 52 23 -13 -63 -61 -12 59 115 121 116 105 50 -34 -84 -74 -34 9 54 85 71 18 -40 -98 -131 -112 -58 17 78 88 71 34 -32 -76 -75 -45 -2 17 14 3 3 14 4 -20 -6 25 40 33 26 25 21 0 -23 -17 -1 16 33 31 22 8 -20 -29 -25 -19 0 7 -2 -12 -24 -21 8 8712 305 2927
-119 -71 -18 15 27 5 -40 -77 -83 -56 -9 35 66 83 68 35 5 -18 -4 30 46 64 53 26 8 -11 -10 6 32 76 94 64 30 37 -46 -44 -76 -37 -46 23 11 65 31 29 -29 -38 -78 -45 -56 -6 7 4 -26 -43 -63 -44 -29 -23 -35 -23 58 122 144 190 211 155 62 -16 -68 -74 -68 -61 -30 -26 -61 -71 -101 -122 -116 -95 -54 -23 -47 -58 -56 -53 -36 0 37 90 122 120 101 78 61 64 62 52 42 12 -7 -27 -61 -59 -52 -56 -61 -64 -43 -7 15 32 51 46 17 -40 -108 -124 -96 -43 37 109 140 128 76 5 -34 -43 -13 45 79 100 85 17 -45 -77 -77 -43 -1 35 63 59 34 -2 -44 -58 -42 -29 -12 0 -6 -22 -39 -64 -66 -54 -32 0 12 18 10 -18 -31 -35 -34 -11 18 39 60 61 41 26 17 -3 -11 -4 13 43 38 10 0 -10 -12 -25 -56 -51 -22 -4 -23 -31 -3 15 7 6 16 20 12 2 5 12 12 13 35 37 22 29 23 -13 -41 -61 -43 0 25 46 58 43 18 -24 -55 -55 -47 -37 -12 18 38 44 25 6 0 -18 -24 -10 4 26 42 31 13 -15 -29 -18 -8 -3 2 -5 -15 -23 -23 -5 20 15 2 -2 -12 -9 -3 -3 17 13 6419 305 2927
-20 -29 -35 -32 -19 -15 12 41 39 29 9 0 -1 -17 -28 -16 -4 -2 14 25 7 -2 -12 -20 -43 2 9 70 71 90 41 33 10 29 11 35 16 8 -8 2 -23 -57 -78 -93 -117 -135 -129 -121 -128 -115 -99 -74 -24 27 65 91 75 53 42 32 43 82 135 179 173 114 30 -47 -96 -99 -67 -14 42 69 48 15 -48 -80 -98 -99 -65 -20 0 8 -10 -20 -28 -41 -40 -6 30 55 64 56 47 35 5 1 21 35 52 48 24 14 -5 -14 -11 -19 -5 11 10 16 11 -9 -17 -19 -25 -18 -14 -17 3 24 14 3 -12 -17 -13 -23 -15 -1 -2 -5 -12 -15 -3 -2 0 16 20 22 30 33 29 32 40 51 46 31 26 3 -46 -80 -69 -105 -54 -49 -26 -61 -59 -97 -89 -117 -73 -44 24 73 113 107 115 114 100 99 113 119 111 80 47 17 -13 -17 -4 -14 -19 -40 -76 -121 -178 -180 -122 -41 40 88 83 39 -28 -110 -150 -128 -70 5 80 107 120 86 33 -5 -30 -28 12 38 69 75 52 12 -36 -64 -56 -34 -5 20 25 9 -14 -41 -51 -36 -17 -3 1 -13 -12 -12 -31 -36 -36 -27 -6 12 28 41 38 25 7 -14 -20 -12 4 35 52 38 22 4 -16 -21 -13 0 20 18 3577 305 2927
10 -3 2 10 23 40 52 39 26 9 -6 -2 1 8 23 1 -2 -2 -10 -8 -7 -4 12 -1 -10 -17 -33 -39 -34 -39 -39 -40 -34 -23 -21 -22 9 65 99 133 146 117 67 -9 -53 -58 -52 -18 24 43 51 27 -4 -44 -67 -48 -9 29 56 49 -15 -105 -160 -170 -134 -71 -7 60 76 24 -18 -41 -30 11 37 44 27 -4 -31 -43 -28 18 59 79 75 41 0 -13 -10 -14 39 42 42 13 0 -51 -50 -59 7 22 33 17 30 11 33 22 27 5 35 41 10 -36 -25 -20 -15 3 33 43 48 26 7 -4 -34 -39 -12 -7 -5 -7 -15 -23 -27 -31 -15 -9 -20 -4 -3 -15 -11 -6 -3 6 -13 -8 0 -7 1 14 6 24 23 24 18 1 -2 17 13 -11 -21 -13 -16 -14 -21 -14 -5 -17 -15 -11 -22 -14 -10 -6 12 11 5 8 1 5 2 -3 2 5 1 9 18 16 8 -6 -20 -18 -16 -21 -16 -17 -7 14 11 0 -4 -11 -1 -7 -34 -25 -8 -6 -2 4 12 29 32 28 26 17 2 -8 -13 19 13 18 17 24 -26 -14 -26 -4 -28 -28 -32 7 9 42 29 32 20 21 -16 -18 -27 -24 -20 -5 8 33 38 38 38 21 3 -9 -25 -11 2 4 13 5 -11 23 5648 305 2927
-39 -40 -32 -9 22 37 35 19 1 -13 -3 -5 -25 -25 -23 -8 55 21 42 21 22 -46 -30 -55 -7 -20 21 6 31 -12 5 -20 -11 -18 -14 -33 -27 -54 -42 -40 -44 -44 -58 -85 -67 -30 30 83 110 126 140 142 142 145 128 115 118 102 68 21 -41 -87 -143 -170 -166 -149 -109 -57 -42 -24 -14 -31 -49 -58 -46 -12 27 48 58 53 37 15 -17 -24 6 23 58 97 96 74 38 -9 -35 -52 -57 -34 -8 14 21 2 -19 -30 -42 -47 -44 -31 -4 18 16 10 0 -25 -29 -37 -46 -22 -1 13 17 5 15 21 8 6 -1 -4 3 3 -15 -19 -9 6 20 19 3 7 13 20 12 -10 4 10 -3 9 9 6 13 -10 -35 -47 -58 -60 -54 -44 -29 -12 -6 5 20 39 75 109 116 105 85 97 122 113 89 49 -8 -40 -82 -128 -149 -156 -159 -137 -114 -96 -76 -62 -32 0 22 38 65 68 61 41 19 10 8 16 55 88 111 117 67 7 -21 -22 -3 26 42 46 15 -29 -72 -95 -100 -86 -57 -10 28 36 26 26 9 -12 -15 -27 -17 4 13 30 30 15 2 -22 -34 -26 -9 14 26 30 38 42 25 12 2 -18 -18 -5 -4 7 16 24 23 -9 -30 -31 -30 -19 -12 -6 4 28 6534 305 2927
29 10 -17 -26 -24 -20 -13 -9 -6 -2 0 0 11 16 6 -3 -24 -29 -18 -7 9 6 -3 -7 -10 2 18 8 5 15 6 -6 -11 -14 -7 -11 -28 -53 -69 -82 -73 -72 -79 -54 -33 -11 21 47 90 136 152 152 139 133 135 127 108 102 73 20 -37 -106 -162 -179 -176 -149 -95 -52 -22 -5 -14 -26 -41 -56 -42 -18 5 37 50 40 56 30 6 -1 40 39 56 48 70 45 25 -26 -20 -40 -29 -33 -4 -1 6 -12 -19 -55 -65 -38 -11 18 35 36 8 -22 -35 -36 -56 -57 -35 -4 6 23 34 32 13 -20 -33 -32 -25 4 31 53 58 27 -6 -7 -14 -15 -22 -24 -13 20 44 66 66 43 14 -18 -50 -50 -44 -32 -21 -33 -43 -41 -62 -67 -57 -49 -25 3 38 74 104 136 163 156 132 119 104 88 70 28 -16 -62 -106 -127 -134 -147 -136 -124 -122 -116 -109 -85 -40 -1 45 80 85 75 42 7 -7 -16 -8 36 84 103 114 107 81 51 15 -1 -6 -9 6 4 -13 -7 -47 -72 -79 -63 -72 -20 6 34 23 11 -16 0 -37 -37 -27 -2 4 32 20 31 4 -11 -9 3 17 31 32 37 31 8 -1 -2 -2 -2 5 0 9 5 -4 2 1 -10 -19 -45 -44 -17 4 12 0 33 4107 305 2927
-5 0 0 8 7 14 13 -8 -2 5 12 15 -2 -12 -16 -23 -19 -9 -1 13 25 21 8 -3 -11 -3 2 -10 0 8 -1 10 -1 -24 -23 -36 -37 -41 -49 -46 -46 -60 -76 -72 -47 -9 32 62 101 132 130 127 104 92 114 122 117 95 53 19 -40 -112 -164 -192 -175 -128 -74 -13 34 49 22 -21 -67 -87 -77 -42 15 69 88 93 58 7 -14 -20 -4 28 45 61 64 50 39 2 -47 -67 -62 -49 -30 -6 8 -1 -22 -34 -24 -19 -3 27 35 28 4 -31 -35 -27 -17 7 9 -3 -7 -6 -2 3 3 7 -1 -17 -27 -14 -2 10 12 8 14 14 -1 -10 -21 -12 16 23 28 28 24 22 6 -22 -38 -45 -42 -24 -4 -1 1 -6 -22 -37 -43 -21 5 9 35 56 54 70 73 69 77 77 77 67 40 10 -15 -50 -88 -100 -104 -99 -91 -98 -98 -97 -95 -58 -8 47 100 123 129 115 69 26 -1 -13 0 21 43 63 64 45 -13 -6 -59 -72 -110 -50 -43 4 -10 25 -33 -34 -78 -53 -47 0 8 58 58 64 31 11 -3 2 -3 26 51 61 40 21 -4 -18 -21 -17 3 28 27 12 -16 -33 -28 -30 -16 -2 -3 -1 -5 -17 -1 -2 -16 -36 -38 -21 11 20 20 22 22 40 3966 305 2927
-20 -6 6 3 7 4 1 14 5 -16 -3 10 1 -8 0 17 11 -3 -6 -7 -16 -24 -13 -4 -3 9 48 73 47 24 32 42 37 15 -1 8 15 10 8 -13 -29 -46 -63 -90 -121 -128 -119 -127 -134 -119 -84 -51 -12 25 53 79 69 43 23 0 31 104 159 187 169 114 31 -67 -131 -125 -81 -18 10 85 77 53 -49 -63 -115 -94 -95 -4 5 54 21 23 -18 -31 -56 -1 26 70 59 39 6 -9 -22 -3 24 52 59 45 26 20 9 6 2 -13 -23 -24 -30 -18 -5 -14 -13 -15 -22 -11 4 23 59 70 68 56 20 -12 -28 -38 -22 12 34 42 38 22 24 15 8 43 33 -2 4 -8 -39 -42 -33 -13 -8 -23 -35 -51 -91 -117 -101 -78 -64 -59 -50 -44 -70 -104 -90 -72 -44 11 63 121 153 141 129 123 126 144 152 146 115 79 33 -8 -39 -43 -22 -16 -20 -37 -88 -145 -193 -204 -150 -63 14 83 69 10 -61 -119 -141 -127 -66 26 129 136 146 92 56 -42 -38 -55 23 35 102 102 100 21 -8 -63 -48 -42 -4 1 6 -15 -28 -48 -48 -35 -19 -19 -19 -19 -18 -14 -3 9 15 -3 -13 -10 -10 3 7 9 9 -5 -15 3 23 57 75 72 52 25 -11 -51 -77 -66 -37 44 1235 305 2927
23 21 15 1 0 -21 -42 -25 -10 2 26 30 38 28 3 -5 1 8 13 -9 -27 -9 10 11 11 8 1 -10 -30 -33 -13 -3 15 23 4 4 -1 -13 -1 14 21 25 8 -3 -4 -17 -16 -15 -28 -41 -63 -82 -83 -82 -116 -63 -78 -49 -35 59 52 123 124 182 150 153 118 142 112 135 111 86 19 -40 -110 -151 -188 -179 -141 -94 -53 -13 -6 -19 -45 -76 -79 -62 -29 24 45 45 47 26 12 0 -14 8 46 76 87 83 74 50 12 -25 -33 -36 -23 -4 -6 -15 -23 -44 -51 -44 -35 -5 29 35 28 16 -2 -26 -60 -57 -32 -19 0 22 28 21 10 -8 -20 -24 -28 2 37 45 33 7 -5 5 -3 -25 -22 -15 10 35 44 55 63 63 32 -32 -54 -29 -35 -44 -25 -20 -33 -51 -77 -77 -56 -64 -39 -1 8 37 84 126 151 145 134 135 125 105 87 53 47 -29 -51 -110 -103 -175 -125 -135 -115 -154 -131 -155 -91 -79 2 37 80 84 84 32 7 -9 -8 -2 35 85 133 143 114 80 35 -6 -13 -11 9 33 33 21 -8 -57 -89 -112 -105 -71 -37 -1 37 44 25 9 -10 -29 -36 -30 -14 8 15 24 21 2 -2 -17 -26 -2 14 32 53 48 36 18 10 8 2 -5 -3 48 13942 305 2927
-32 3 -20 -11 1 32 -14 7 -2 5 -19 1 -2 30 11 8 12 -8 -15 0 4 12 10 2 9 -9 -11 1 6 2 11 2 -10 -10 -9 -15 -15 -14 -1 18 16 15 13 4 -5 -22 -25 -10 -10 -20 -36 -48 -60 -71 -94 -104 -103 -62 -8 44 84 127 147 174 186 161 130 127 110 87 68 36 4 -48 -117 -147 -157 -134 -86 -40 -13 -4 -28 -58 -84 -105 -108 -70 -21 34 72 63 40 19 6 16 23 45 87 94 75 36 -2 -21 -46 -64 -73 -62 -31 5 33 47 34 29 10 -21 -62 -63 -37 -34 -22 0 10 12 -7 -18 -16 -32 -6 -24 21 32 37 1 11 -30 -39 -54 0 14 25 8 13 11 1 -4 23 24 20 19 10 16 20 19 14 9 -3 -9 -21 -18 -13 -19 -24 -23 -40 -72 -74 -69 -50 -21 -5 28 72 104 138 154 152 155 144 121 91 38 -2 -46 -93 -129 -148 -167 -165 -142 -117 -110 -97 -74 -43 -32 -8 46 70 63 39 -5 -29 -37 -20 26 75 115 141 135 98 57 24 5 2 11 16 28 16 -6 -25 -58 -67 -54 -43 -8 18 30 38 28 3 -29 -60 -77 -71 -58 -31 14 37 41 64 37 10 5 7 4 -2 9 37 31 16 6 -1 -7 -13 -17 -9 53 11277 305 2927
-6 -15 -1 -9 10 5 7 6 0 0 1 -4 6 5 2 10 13 14 4 -12 -8 -3 -6 -2 -3 -4 -2 3 -10 -13 -5 2 12 18 11 16 -8 -25 -33 -24 -3 12 23 55 53 25 -7 -23 -47 -79 -99 -89 -66 -60 -60 -51 -44 -25 11 42 87 131 160 188 181 141 94 54 46 44 24 -13 -70 -127 -161 -155 -126 -66 -1 40 60 37 -12 -58 -93 -99 -68 -42 6 54 59 48 23 -6 -17 -28 -19 20 73 106 100 53 -10 -59 -88 -93 -61 -18 26 55 51 39 4 2 -50 -24 -27 13 -26 28 16 22 -33 -27 -55 -22 -27 9 13 33 17 17 -12 -29 -24 -23 -22 0 6 17 19 7 18 21 15 16 18 17 15 14 11 15 19 13 8 -6 -25 -27 -28 -28 -19 -18 -8 -24 -41 -56 -63 -57 -32 -2 52 84 102 119 127 106 86 82 79 62 42 10 -21 -66 -115 -132 -140 -139 -114 -93 -55 -26 -28 -26 -19 -6 25 41 38 23 -7 -41 -65 -57 -12 56 111 143 144 101 52 13 -28 -30 -7 20 46 37 14 -5 -49 -91 -115 -114 -63 15 72 103 93 46 0 -42 -90 -93 -69 -37 12 42 49 49 22 4 -8 -20 -6 11 40 70 61 35 4 -33 -50 -39 -9 22 45 59 9680 305 2927
2 14 11 11 5 0 -6 -11 -27 -22 -7 2 16 5 1 17 15 6 -7 -13 -1 10 13 13 3 -11 -22 -38 -46 -19 8 7 -5 -32 -49 -47 -27 -7 -3 -19 -23 -43 -70 -74 -51 -9 38 74 113 142 155 159 145 118 94 80 71 65 40 -2 -48 -98 -149 -172 -152 -96 -47 -27 -4 -2 -33 -43 -43 -40 -18 -4 8 23 36 34 27 15 13 29 34 48 65 62 51 18 -29 -46 -52 -54 -34 -17 -10 -1 -8 -11 -9 -16 -9 -6 -2 2 12 15 14 -5 -33 -37 -36 -38 -26 -9 12 38 38 26 6 -17 -22 -26 -22 -2 6 4 12 10 8 10 3 -2 -1 -6 5 18 22 27 20 2 -1 -14 -32 -32 -19 -1 10 0 -5 -10 -32 -48 -54 -40 6 35 59 90 93 76 76 95 107 115 112 91 48 -19 -67 -97 -141 -161 -162 -153 -126 -105 -90 -75 -69 -58 -22 9 42 75 94 88 59 9 -19 -15 -1 35 71 73 77 65 55 39 11 1 0 -16 -24 -27 -31 -33 -41 -51 -49 -38 -15 13 31 42 41 21 -3 -21 -38 -17 15 21 23 6 -12 -11 -18 -16 -6 10 27 39 39 34 25 8 1 -17 -43 -27 -2 -1 9 25 33 27 2 -17 -25 -25 -20 -17 -15 -2 -12 63 15215 305 2927
-19 -4 -7 15 14 18 3 -12 -4 7 9 15 14 12 9 -5 -15 -17 -22 -17 4 7 -6 17 20 14 4 -11 -4 4 -1 4 7 -6 -19 -27 -30 -43 -53 -52 -57 -64 -71 -68 -50 -10 26 61 102 126 134 139 118 100 105 97 82 72 42 8 -44 -105 -148 -169 -155 -115 -71 -14 48 83 73 37 -37 -118 -166 -170 -133 -76 -30 29 63 59 32 4 11 47 90 139 171 153 95 10 -75 -115 -82 -1 98 158 162 126 49 -34 -78 -82 -23 54 85 70 15 -47 -79 -106 -108 -68 -21 1 -2 -10 -14 -10 -13 -17 -17 -38 -65 -78 -87 -53 -14 25 63 53 14 -18 -40 -38 -26 -12 13 29 14 -16 -41 -64 -69 -64 -47 -13 15 12 -2 -31 -49 -50 -46 -17 28 51 85 104 106 117 124 128 149 152 126 95 51 -1 -27 -53 -79 -94 -106 -104 -97 -98 -91 -83 -78 -55 -41 -23 17 28 27 10 -26 -52 -80 -103 -82 -30 38 115 181 216 217 154 59 -11 -48 -57 -34 -10 22 38 3 -51 -92 -114 -94 -36 38 104 120 80 -11 -119 -192 -198 -157 -70 30 82 69 22 -44 -89 -92 -45 36 89 105 102 66 11 -26 -26 8 33 40 47 53 48 52 59 53 40 11 -33 -63 -86 -77 -26 25 69 14086 305 2927
6 10 12 3 -14 -26 -43 -40 -6 22 38 32 5 -3 -7 -7 -1 -15 -13 0 7 18 22 21 20 6 -21 -32 -31 -21 12 29 14 0 -21 -35 -37 -47 -50 -46 -55 -71 -80 -76 -44 -18 11 43 77 116 149 149 140 132 123 113 105 89 73 44 -19 -81 -137 -175 -178 -154 -98 -29 3 26 25 -7 -37 -53 -57 -70 0 14 55 36 59 10 24 -11 26 11 50 49 75 44 52 7 0 -48 -61 -62 -41 -24 12 19 19 3 -12 -30 -33 -22 -7 15 17 8 -1 -28 -39 -45 -47 -27 -5 17 42 33 27 23 -5 -19 -26 -19 -1 16 8 7 3 -4 -16 -24 -22 11 30 38 37 17 10 9 -16 -34 -43 -43 -32 -26 -16 5 9 7 2 -21 -37 -39 -29 -8 20 47 80 100 106 116 108 91 85 54 10 -3 -1 -1 -17 -57 -80 -83 -100 -117 -123 -114 -107 -110 -87 -25 29 53 60 52 22 -13 -48 -63 -48 -15 40 84 94 92 66 23 -22 -63 -64 0 -1 53 56 70 9 21 -30 -13 -28 32 46 75 32 52 18 8 -24 -30 -45 -18 -23 -12 -9 -4 -7 -11 -20 -16 -18 -10 9 17 27 38 17 -8 -11 -22 -22 0 16 34 37 28 15 -7 -17 -22 -25 -25 -5 -8 -5 73 11012 305 2927
1 -3 11 -8 -2 -11 -8 0 -2 -6 11 18 12 5 -4 -13 -10 -15 -12 11 32 33 6 -19 -7 -12 -25 -25 -20 -5 11 11 18 24 15 -13 -43 -65 -63 -48 -43 -38 -38 -45 -37 -27 2 50 81 110 120 96 85 91 101 128 142 138 122 85 16 -67 -144 -188 -191 -168 -109 -39 -5 13 14 -13 -44 -68 -67 -23 16 51 74 65 34 5 -23 -30 -20 -18 -2 25 46 65 69 52 28 -12 -49 -59 -55 -36 0 6 1 -7 -27 -34 -23 -7 20 35 39 32 -2 -21 -24 -38 -46 -37 -31 -28 -24 -24 -11 3 -5 0 11 15 30 34 37 39 17 7 3 -9 -17 -25 -19 3 12 5 7 16 12 2 -13 -27 -16 -24 -38 -29 -33 -38 -41 -51 -41 -38 -28 5 41 77 99 110 117 121 118 114 102 73 55 34 -16 -46 -62 -85 -92 -105 -126 -132 -154 -158 -137 -116 -75 -17 39 87 109 98 76 44 4 -22 -23 0 43 73 91 93 61 17 -9 -32 -31 -8 25 64 66 33 -5 -44 -66 -78 -84 -67 -35 -4 39 68 58 35 10 -29 -57 -57 -43 7 33 27 14 -18 -47 -49 -51 -19 35 62 69 56 44 34 25 20 17 8 1 12 11 -7 -12 -20 -22 -12 -25 -26 -14 -10 -1 78 9483 305 2927
-8 -5 -3 -13 -14 1 6 3 9 1 -10 -9 -6 10 12 15 26 27 13 11 -7 -10 -13 -16 2 19 -3 -11 -2 7 19 24 10 9 1 -25 -54 -73 -67 -42 -49 -48 -33 -30 -24 -20 -4 34 64 94 125 141 144 131 101 83 82 73 69 54 -14 -88 -139 -178 -171 -131 -91 -36 -3 5 -11 -46 -59 -55 -54 -23 20 73 102 71 42 30 -16 -57 -40 11 50 83 92 80 48 -14 -34 -23 -49 -38 -41 -10 -4 -19 -38 3 -16 -30 -37 -12 3 23 23 41 46 6 -27 -50 -53 -36 -21 -27 -11 -6 -1 11 9 10 18 11 10 24 23 13 -5 -20 -21 -23 -17 1 2 1 13 13 6 3 2 7 17 -3 -9 -28 -51 -64 -63 -55 -31 -29 -28 -32 -31 -21 15 50 92 127 138 133 117 96 83 66 43 26 -2 -33 -62 -98 -121 -129 -131 -115 -97 -91 -85 -77 -63 -26 25 77 113 105 72 36 -6 -27 -8 20 65 94 86 81 67 9 -44 -71 -58 -15 22 50 64 43 -7 -60 -97 -104 -83 -39 25 74 78 64 30 -13 -32 -44 -44 -38 -32 0 33 37 28 7 -19 -33 -37 -31 -2 33 60 73 55 25 5 -24 -29 -7 1 9 16 -1 -12 -11 -2 15 12 -2 5 6 4 84 473 305 2927
-22 -8 5 16 13 13 20 19 16 18 19 32 37 36 44 21 -9 -29 -63 -78 -79 -78 -68 -60 -52 -55 -74 -90 -76 -47 -23 13 58 98 125 111 104 111 106 114 115 81 59 37 18 5 -6 4 10 2 -12 -37 -89 -140 -146 -106 -46 24 49 47 1 -92 -165 -197 -156 -56 35 112 149 111 45 -24 -66 -63 -12 52 90 102 85 56 13 -33 -47 -47 -24 15 33 39 21 -19 -42 -61 -71 -43 -17 2 21 15 -16 -47 -63 -55 -26 5 30 43 32 16 -2 -22 -16 -8 8 46 65 59 52 23 12 6 -16 -14 1 7 14 4 -8 -14 -16 -20 -13 -2 0 1 -3 -7 -1 -10 -5 15 12 19 17 -3 -9 -13 -5 12 19 27 42 41 23 -2 -21 -30 -22 -18 -1 27 32 25 4 -24 -32 -47 -46 -25 -15 2 14 12 12 -1 -13 -11 7 23 27 15 -1 -2 3 -9 -2 7 23 32 19 5 -11 -29 -24 -16 -8 18 24 16 2 -23 -33 -20 -19 -26 -22 -13 4 24 25 16 4 -2 0 -11 -22 -12 -6 -14 -9 2 13 20 24 42 36 11 -6 -22 -29 -15 -1 11 9 -12 -19 -12 -12 -29 -35 -26 -10 -2 -3 16 25 14 4 -18 -20 -6 -1 13 20 12 2 -12 -16 88 7521 305 2927
-13 -14 -1 1 14 30 22 10 -1 -14 -19 -11 2 8 -3 -13 -12 -10 -12 -3 12 22 21 -1 -16 -19 -22 -5 11 11 15 2 -7 -3 -4 1 7 4 0 -1 -2 1 8 1 -12 -15 -19 -21 -34 -59 -52 -44 -47 -56 -84 -90 -72 -24 -9 39 70 141 139 190 176 186 137 143 94 79 24 14 -44 -66 -125 -116 -111 -88 -59 -19 3 13 -31 -78 -113 -131 -105 -49 10 48 68 65 41 12 -7 -5 4 20 61 95 82 61 28 -6 -36 -55 -40 -9 19 39 38 19 -2 -33 -51 -51 -41 -44 -40 -45 -47 -37 -19 -6 0 -13 -8 -2 3 16 24 23 21 5 -4 0 3 12 28 32 23 7 -10 -11 -4 -6 -7 1 3 8 6 -8 -4 3 3 3 -8 -13 -17 -26 -19 -24 -30 -31 -45 -60 -58 -44 -15 20 49 75 97 106 110 123 131 141 137 110 79 28 -38 -80 -116 -141 -147 -150 -132 -113 -104 -99 -87 -76 -61 -31 -2 24 44 32 17 -6 -27 -20 8 56 109 138 152 139 85 27 -18 -31 -17 7 33 58 41 -1 -38 -62 -81 -85 -74 -36 8 22 29 21 -24 -59 -74 -83 -50 -4 45 84 87 61 31 -2 -1 17 13 6 11 20 32 38 26 18 11 -6 -21 -25 -20 134 992 305 2927
-13 -11 -6 5 7 4 3 9 4 0 8 13 20 20 1 -12 -34 -40 -22 -20 2 33 42 42 21 0 -11 -26 -39 -30 -11 1 11 17 16 2 -24 -34 -25 -20 0 28 37 38 25 3 -3 -21 -30 -35 -69 -84 -69 -62 -60 -55 -56 -41 -26 -5 38 92 141 177 181 163 143 117 102 99 75 40 -3 -60 -100 -134 -149 -120 -80 -57 -38 -36 -36 -44 -68 -80 -73 -53 -28 3 15 26 42 38 44 39 37 56 61 60 58 43 38 18 -7 -13 -18 -27 -23 -17 -9 1 2 -6 -8 -25 -46 -45 -45 -41 -24 -27 -24 -19 -19 -5 -6 -1 16 20 18 18 11 1 -7 -14 -12 -1 -1 8 21 18 15 2 0 15 6 -12 -6 -4 -2 0 -1 10 19 8 4 -2 -4 -4 -15 -26 -30 -38 -50 -58 -67 -65 -41 -18 24 69 84 105 127 123 118 104 101 111 93 60 28 -19 -60 -92 -129 -158 -151 -126 -102 -91 -93 -77 -53 -35 -6 18 29 39 9 -25 -45 -41 11 65 92 129 153 148 98 38 8 -5 -7 -7 16 30 29 18 -15 -41 -63 -81 -65 -25 -33 45 22 8 -48 -28 -78 -46 -64 -9 -25 10 -2 38 30 66 56 41 15 21 7 23 20 18 21 5 -11 -10 -6 16 30 155 12287 305 2927
-7 7 16 26 26 29 19 -3 -7 -7 -9 12 13 1 3 -5 -20 -20 -12 3 9 3 5 9 3 5 7 0 9 9 11 22 0 -30 -28 -25 -16 -2 8 34 36 10 -7 -10 -8 -17 -34 -30 -22 -37 -57 -15 -47 -49 -84 -74 -116 -59 -44 54 96 151 144 172 142 167 130 117 90 81 58 52 17 -28 -86 -131 -153 -167 -166 -113 -45 1 8 -27 -67 -85 -102 -93 -45 0 50 81 72 67 59 52 52 47 58 82 82 62 30 -8 -51 -69 -86 -75 -37 -14 16 31 15 -2 -37 -54 -35 -20 8 34 41 29 2 -23 -24 -18 -15 0 14 20 30 26 6 -9 -29 -47 -41 -38 -18 8 20 31 27 1 3 11 13 15 11 6 10 5 5 14 9 1 -1 -13 -21 -22 -26 -21 -27 -37 -29 -36 -58 -62 -59 -38 -3 26 68 108 128 148 140 122 120 98 73 52 9 -50 -91 -121 -129 -122 -136 -135 -111 -96 -82 -87 -89 -54 -19 16 58 66 62 54 16 -11 -15 9 57 109 141 150 133 80 30 -20 -53 -36 -25 -20 -13 -33 -40 -34 -47 -54 -36 -8 28 29 11 -1 -26 -56 -55 -40 -14 20 38 53 58 32 11 5 -5 3 15 20 24 12 -6 -3 -3 -6 -10 -24 -22 -13 4 160 635 305 2927
-1 -5 -6 -6 -30 -33 -12 9 42 37 23 29 19 -7 -28 -35 -26 -22 -4 11 16 24 26 18 4 -5 -15 -20 -7 3 22 36 12 -2 -15 -37 -37 -41 -53 -54 -73 -80 -74 -65 -51 -24 -5 28 70 109 141 156 139 130 130 114 115 109 91 73 14 -65 -134 -186 -189 -159 -124 -81 -40 -15 -5 -25 -58 -66 -62 -47 -13 23 48 67 56 27 8 -13 -8 16 44 87 109 96 72 32 -12 -49 -64 -54 -33 -22 -10 -3 -8 -21 -39 -55 -51 -33 -20 3 14 13 17 -3 -27 -28 -27 -11 1 -2 14 19 12 6 5 9 11 9 7 15 19 15 12 -15 -27 -13 -12 -2 11 29 55 43 17 16 0 -26 -40 -42 -45 -38 -27 -15 -9 -24 -44 -63 -79 -70 -35 15 70 95 96 97 91 102 115 116 112 95 74 54 31 -16 -59 -108 -148 -165 -167 -151 -123 -111 -104 -95 -87 -50 3 41 84 98 79 50 7 -11 8 28 53 84 100 105 96 65 31 -1 -15 -4 17 30 40 19 -21 -52 -87 -108 -91 -62 -16 26 36 34 18 -14 -28 -28 -17 4 15 18 28 22 7 8 2 -9 -2 6 23 39 34 32 23 7 3 -12 -20 -4 1 4 3 -4 -2 0 -8 -14 -15 -24 -26 -28 -30 165 5799 305 2927
13 15 16 20 29 5 -20 -44 -69 -61 -40 -24 8 18 10 7 -7 -6 2 8 13 15 19 18 4 -16 -16 -4 4 20 14 11 18 6 -1 4 1 6 8 3 0 -5 -9 -5 -14 -27 -20 -17 -16 -18 -24 -18 -7 -18 -18 -12 -21 -32 -34 -22 49 121 155 179 158 108 46 -30 -81 -82 -57 -18 21 39 20 -13 -60 -87 -86 -65 -8 40 43 11 -62 -111 -114 -108 -77 -12 21 10 -45 -86 -72 -11 64 125 149 132 85 25 -33 -46 -18 25 64 73 73 52 14 -3 5 7 18 9 2 -10 -35 -44 -42 -42 -32 -20 -16 -15 -30 -50 -43 -14 3 31 45 31 7 -32 -49 -39 -22 13 42 47 40 15 -5 0 6 10 20 19 3 -19 -36 -42 -32 -30 -24 -14 -13 -12 -18 -19 2 19 19 29 25 29 35 22 14 16 12 16 10 2 6 10 2 0 -5 -16 -12 -17 -19 -9 -22 -22 -12 -17 -12 -5 -5 0 -6 -9 6 10 4 11 11 4 9 12 9 6 4 1 0 -9 -4 -2 0 9 2 4 27 13 -2 -7 -23 -34 -27 -19 -2 16 28 34 26 9 2 -3 -17 -17 -3 13 21 12 28 18 -18 -39 -23 -31 -12 -11 16 22 24 3 -3 -21 -6 -5 -9 -20 -15 170 3144 305 2927
6 6 2 23 35 14 6 0 1 -32 -4 -35 -6 -18 23 -7 19 12 30 -10 6 -15 -5 -22 -11 -4 19 16 20 19 3 -25 -38 -55 -46 -12 2 6 -3 -29 -50 -74 -85 -82 -69 -50 -14 40 110 158 165 148 133 101 78 78 85 103 104 66 3 -81 -155 -188 -192 -157 -107 -63 -20 5 6 -7 -29 -46 -38 -35 -23 18 59 63 51 24 -4 -13 -12 19 64 88 106 92 42 -10 -56 -75 -56 -35 -17 -1 8 8 -1 -26 -41 -41 -33 -16 3 6 19 23 5 -13 -50 -63 -23 -9 -5 29 41 31 24 20 12 -7 -20 -16 0 -4 -5 18 22 15 3 4 20 1 -20 23 -7 38 32 30 -19 4 -31 -21 -58 -36 -41 -16 -34 -13 -21 -18 -30 -33 -29 -5 10 43 61 66 99 115 124 139 119 101 78 30 -22 -69 -112 -121 -113 -110 -110 -105 -106 -99 -102 -98 -72 -38 16 77 96 99 87 35 -7 -34 -37 0 36 64 81 77 74 66 35 11 4 17 26 15 1 -2 -32 -83 -103 -93 -72 -21 29 69 77 24 -21 -38 -49 -29 -6 17 35 33 26 17 -9 -30 -31 -32 -27 2 30 57 68 42 10 -21 -51 -37 -15 3 35 35 20 10 -7 -6 -4 -16 -24 -27 -21 -11 -5 174 15575 305 2927
3 -5 0 3 0 11 12 7 17 10 7 0 -9 -10 0 4 2 -1 -13 -19 -14 -5 14 15 5 14 9 -3 -3 -8 -6 -1 -6 6 7 0 5 -1 -9 -11 -17 -19 -4 -5 -9 4 9 6 9 -3 4 12 -3 -11 -10 6 51 59 50 31 -18 -82 -144 -182 -158 -97 -29 36 78 70 40 6 -35 3 -8 64 106 128 67 56 -27 -38 -46 29 70 100 64 65 29 14 18 48 76 86 46 -12 -67 -101 -123 -106 -65 -5 26 15 -6 -34 -65 -55 -50 -32 -3 -8 -25 -33 -25 2 15 28 35 27 8 -5 -18 -19 11 30 31 29 -13 -48 -54 -67 -52 -29 -23 5 17 21 18 8 -1 -3 -5 4 15 16 15 20 5 -5 3 7 37 47 33 29 18 7 18 12 21 28 16 8 -3 -20 -24 -23 -27 -23 -23 -25 -23 -26 -39 -26 -29 -28 -27 -48 -52 -31 -1 55 91 124 152 127 59 1 -41 -56 -46 -28 14 54 49 16 -28 -71 -70 -44 -10 47 83 58 2 -79 -135 -117 -87 -71 -33 9 -9 -72 -87 -41 4 41 77 94 84 39 -19 -47 -43 -30 17 60 59 47 47 22 9 4 19 50 30 3 -1 -19 -26 -10 12 26 14 -10 -31 -43 -41 0 56 80 79 50 5 180 417 305 2927
-6 16 27 29 29 14 -10 -8 -5 -22 -25 -16 -3 11 0 -12 -2 3 8 6 -7 -1 9 3 29 20 19 8 21 -10 4 -6 9 -30 -52 -79 -37 -37 -21 -34 -36 -53 -62 -82 -44 -4 37 80 117 145 160 157 142 115 86 75 64 55 34 -2 -43 -99 -158 -190 -166 -118 -51 11 23 5 -28 -76 -90 -97 -63 -5 39 56 64 47 27 0 -17 -6 36 74 113 128 106 56 -12 -70 -86 -82 -55 -7 17 26 25 -5 -35 -57 -67 -46 -15 -8 13 28 21 1 -29 -47 -45 -42 -29 -7 6 24 37 31 20 3 -13 -10 -12 -15 5 15 29 34 26 16 2 -13 -5 1 -1 22 34 44 45 5 -30 -16 -32 -56 -33 -13 -17 -17 -35 -22 -45 -75 -63 -5 -13 37 70 107 91 95 82 112 96 108 102 96 52 18 -52 -78 -111 -150 -152 -135 -132 -98 -79 -76 -63 -55 -30 -4 24 61 83 83 63 17 -35 -47 -11 42 91 111 114 102 60 26 -3 -18 -15 4 5 16 -1 -39 -67 -88 -97 -83 -51 5 48 54 33 5 -37 -67 -67 -47 0 42 52 55 36 8 -2 -14 -16 -3 11 43 67 56 52 28 -7 -29 -27 -23 -19 -14 9 30 23 -5 -7 -9 -23 -29 -33 -17 -3 1 4 184 9625 305 2927
1 0 -12 -23 1 -4 -23 9 30 18 14 11 7 5 -9 -14 7 3 -4 8 8 3 4 -2 0 -7 -13 1 2 -6 -1 -1 6 7 -15 -26 -29 -38 -45 -42 -47 -47 -54 -60 -41 -25 4 57 94 123 126 100 83 79 75 88 100 110 121 96 23 -52 -122 -184 -204 -187 -134 -56 14 52 40 -15 -65 -107 -124 -83 -12 72 135 135 88 27 -27 -41 -31 -18 22 69 105 122 88 24 -25 -62 -88 -84 -55 -13 26 29 5 -28 -63 -64 -47 -27 1 14 17 -11 5 -24 -7 -38 5 -26 -4 -12 53 27 41 5 4 -21 7 -7 20 11 26 14 -5 -22 -17 -21 -7 -1 2 13 19 19 11 3 8 19 6 -21 -28 -26 -17 -13 -37 -39 -24 -28 -32 -37 -45 -21 9 41 80 99 114 113 100 88 85 67 58 43 6 -36 -73 -97 -97 -107 -120 -110 -103 -97 -83 -76 -52 -12 16 56 82 80 73 50 7 -23 -39 -17 34 75 106 126 98 46 -5 -59 -76 -39 17 74 79 43 5 -48 -106 -138 -137 -81 -2 54 80 73 38 -2 -43 -70 -55 -18 15 57 70 51 31 -8 -31 -22 -12 16 42 34 14 14 -29 5 -1 20 -23 18 4 19 -37 -7 -19 -16 -49 -6 -17 14 12 18 7 189 15078 305 2927
-14 5 11 22 21 -1 -20 -21 -18 -15 -6 14 38 32 0 -13 -16 -14 -5 -6 -12 -8 -11 15 34 33 29 26 12 10 4 27 45 51 46 32 7 -5 -9 -19 -33 -50 -64 -70 -92 -118 -103 -97 -120 -127 -120 -91 -30 25 75 88 67 40 34 36 55 88 138 174 164 123 60 -41 -98 -82 -74 -47 17 59 59 16 -53 -90 -112 -114 -63 -5 23 42 40 14 -29 -56 -48 -12 14 39 70 73 47 17 -12 -10 6 12 37 50 43 39 15 3 4 -9 2 12 8 6 10 4 -7 -18 -30 -19 -9 -3 8 13 8 9 -3 -22 -20 -25 -15 -2 -9 -6 -9 -15 -7 -16 -21 -1 21 39 41 33 23 20 23 26 26 22 19 10 -21 -37 -48 -50 -51 -66 -77 -73 -84 -93 -82 -73 -46 -14 15 47 66 78 96 112 110 97 97 107 116 98 68 27 -22 -27 -23 -33 -38 -57 -90 -101 -125 -132 -99 -44 21 68 67 18 -44 -79 -108 -116 -58 35 77 86 86 68 18 -28 -70 -37 17 51 103 101 46 0 -39 -81 -68 -45 3 45 50 28 13 -26 -49 -52 -51 -25 -4 -13 -4 -2 -22 -22 -27 -29 -19 -14 0 23 29 37 27 2 -10 -16 -16 10 36 36 32 19 5 9 -3 -5 15 194 12620 305 2927
3 6 15 8 -7 -1 5 4 -10 -27 -30 -16 -3 2 11 20 25 30 9 -19 -20 -14 1 9 12 30 16 -2 -5 -12 1 9 -2 -25 -44 -48 -38 -21 -15 -25 -28 -41 -70 -90 -88 -48 -2 49 108 145 159 158 143 139 122 105 113 107 78 45 3 -58 -131 -187 -198 -152 -98 -61 -41 -39 -50 -59 -71 -57 -28 -8 16 28 29 38 32 26 24 24 35 55 69 74 78 71 42 6 -38 -56 -49 -41 -23 -10 -12 -13 -27 -43 -36 -38 -29 -13 -6 11 20 16 5 -16 -35 -37 -30 -18 1 10 11 25 20 -6 -18 -23 -8 4 4 18 21 6 -6 7 -3 -4 -3 1 6 8 18 32 24 12 12 -2 -12 -22 -25 -20 -19 -33 -19 -20 -30 -39 -42 -35 -17 7 33 57 65 78 91 97 106 117 123 132 99 32 -17 -66 -107 -136 -153 -140 -122 -129 -123 -118 -112 -96 -68 -35 12 55 97 115 92 44 11 -10 1 30 60 89 100 83 69 52 34 25 12 8 12 -15 -30 -34 -57 -76 -84 -81 -57 -36 -19 9 26 23 4 -24 -29 -14 -2 21 48 41 25 14 -4 -7 -7 -6 4 15 33 46 41 36 32 16 -5 -24 -25 -13 3 18 29 22 -1 -16 -33 -38 -31 -26 -6 4 -2 200 9751 305 2927
-5 -5 -16 -29 -19 -10 0 10 15 22 19 8 -2 -5 -2 3 5 10 20 20 9 7 5 -2 9 7 0 -10 -33 -34 -13 6 21 19 13 -6 -36 -68 -85 -78 -60 -54 -51 -47 -34 -14 19 71 105 124 123 116 112 109 112 121 103 76 38 2 -39 -94 -151 -176 -162 -126 -66 3 48 50 14 -43 -93 -120 -105 -58 -1 51 79 69 43 19 -5 2 22 60 89 110 107 75 28 -27 -83 -116 -116 -85 -44 11 51 51 23 -15 -50 -58 -43 -8 34 46 34 4 -23 -42 -48 -35 -12 10 30 32 25 9 -9 -18 -24 -28 -24 -15 8 -4 31 16 18 15 27 5 15 7 22 12 13 4 13 7 10 -9 -16 -21 -18 -23 -23 -17 -7 0 -13 -35 -53 -72 -71 -43 6 61 107 132 138 117 91 78 70 59 50 33 -1 -47 -80 -110 -123 -131 -131 -121 -108 -97 -73 -43 -8 16 38 55 61 50 19 -27 -60 -65 -43 15 89 148 171 152 92 14 -41 -58 -47 -9 28 49 43 9 -48 -107 -129 -112 -64 -4 59 102 120 97 34 -34 -76 -80 -56 -15 32 56 61 39 2 -38 -56 -49 -21 15 39 42 32 11 -19 -27 -23 -8 15 38 53 53 37 15 -8 -29 -36 -34 -29 -23 -25 -4 -32 205 14319 305 2927
17 7 -1 -13 -16 -7 4 12 2 -16 -27 -35 -21 -14 -12 -5 1 -4 -11 -1 17 25 29 32 28 22 9 2 -2 -13 -14 -18 -21 -19 -33 -38 -37 -38 -38 -50 -58 -55 -53 -38 -17 20 63 94 115 118 112 103 94 92 91 97 97 80 47 -23 -92 -130 -166 -176 -135 -72 -21 8 20 13 -9 -40 -62 -63 -43 -10 28 39 32 13 -10 -18 -12 18 66 98 101 76 41 1 -28 -37 -38 -35 -26 -16 7 19 3 -20 -41 -42 -35 -5 32 52 50 26 -22 -57 -75 -64 -38 -3 33 45 31 14 0 -14 -22 -23 -22 -31 -28 -16 12 31 28 13 -4 -11 -7 -3 9 22 23 18 12 4 -6 -12 -14 -15 -20 -23 -17 -16 -25 -20 -6 -10 -14 10 19 21 16 18 -5 -36 -48 -30 17 77 123 152 145 107 47 -11 -30 -24 2 21 10 -33 -98 -152 -168 -151 -90 -10 59 63 82 32 2 -27 -18 -65 -56 -34 -22 -37 1 30 69 61 49 22 2 -18 -6 28 60 73 72 38 -16 -68 -82 -48 5 51 92 95 59 6 -44 -71 -71 -49 -13 11 12 -15 -55 -94 -105 -79 -31 18 58 68 61 31 3 -17 -23 -4 30 54 69 70 59 40 25 17 8 -12 -38 -50 -48 -27 -2 21 22 210 10567 305 2927
-3 -8 -5 8 18 9 15 20 9 -15 -33 -36 -24 -9 -3 7 33 46 37 -6 -14 -4 -22 -23 -2 14 17 30 45 61 40 15 10 15 15 21 21 19 11 -16 -47 -59 -70 -84 -107 -116 -78 -72 -84 -91 -92 -67 -27 11 50 70 53 9 -15 2 46 103 154 187 159 84 5 -57 -74 -49 -51 -25 13 35 13 35 -15 -30 -85 -82 -104 -42 5 68 38 5 -40 -46 -46 10 42 76 77 49 21 -7 -21 0 20 36 36 17 14 15 5 3 -7 -11 -5 4 5 24 31 6 -12 -33 -50 -24 -8 9 24 13 1 -2 -6 -1 5 2 13 10 -6 -8 6 15 8 -11 -17 -5 7 3 2 -10 -4 20 23 38 45 41 20 -16 -45 -59 -62 -49 -28 -36 -50 -75 -98 -92 -77 -66 -30 14 27 47 61 70 87 75 50 54 74 106 118 104 74 28 -16 -30 -9 24 39 -5 -79 -129 -155 -154 -90 -5 52 61 21 -31 -77 -118 -121 -103 -45 28 72 98 150 95 59 -32 -72 -97 -23 25 94 89 72 9 -32 -78 -53 -29 20 58 58 27 2 -35 -50 -52 -43 -11 9 5 -4 -18 -27 -31 -37 -30 -8 1 14 20 11 3 -2 -9 -1 11 18 34 34 22 17 2 -2 10 3 1 -1 215 7470 305 2927
41 17 -7 -43 -42 -20 -30 -21 9 25 42 46 28 12 -7 -25 -14 1 0 5 32 19 -15 -25 -11 2 1 -2 3 -6 -1 -3 3 8 -5 -11 -3 -23 -22 -12 -1 13 18 0 -7 -6 5 12 -5 -22 -10 -1 -23 -25 -23 21 73 54 30 12 -21 -78 -132 -170 -126 -82 -24 20 51 61 54 25 -18 -11 35 77 110 112 75 22 -42 -61 -35 29 100 129 126 99 49 16 11 33 68 61 35 -10 -55 -91 -105 -77 -25 24 31 15 -1 -41 -74 -72 -61 -24 -3 -9 -14 -35 -61 -61 -36 12 45 42 14 -23 -66 -79 -55 -19 29 52 25 -13 -38 -67 -76 -70 -28 30 52 50 34 -6 -30 -45 -51 -21 6 25 58 76 55 27 11 12 46 62 59 58 50 51 39 10 1 -1 -6 -9 -34 -47 -32 -13 -9 -16 -40 -33 -13 -20 -44 -46 -48 -48 -59 -83 -57 -9 47 88 95 135 167 121 42 -10 -56 -62 -72 -52 -1 52 53 31 -8 -57 -63 -44 -11 56 83 37 -24 -110 -164 -155 -118 -45 24 44 30 -16 -55 -47 -9 37 69 83 55 11 -48 -79 -52 -4 51 95 101 88 45 -3 -10 -6 20 48 47 27 -4 -45 -57 -33 -6 18 45 43 22 0 -9 -9 -7 9 33 25 2 220 16140 305 2927
-13 -14 -3 10 18 13 9 -2 -12 -9 -4 9 17 -2 -8 -12 -17 -3 0 -2 2 1 4 -2 -9 -5 -10 -13 -8 -2 1 8 22 17 7 -20 -40 -41 -51 -46 -34 -40 -45 -54 -65 -36 7 49 91 111 120 121 106 89 84 86 87 86 66 26 -33 -111 -163 -183 -168 -100 -26 39 83 65 13 -42 -102 -128 -108 -52 14 64 84 86 52 -3 -41 -54 -35 15 63 105 133 102 27 -45 -81 -83 -71 -49 5 32 32 26 8 -12 -25 -35 -46 -45 -33 -8 22 22 5 -17 -50 -54 -35 -14 30 46 45 37 -2 -17 5 17 20 7 -4 -4 5 4 5 10 5 1 -8 -21 -5 10 20 33 17 1 -14 -32 -25 -17 -15 -1 0 -4 -2 -6 -17 -29 -41 -47 -33 -5 30 66 88 105 105 89 82 77 69 71 51 15 -18 -58 -91 -114 -129 -118 -105 -98 -83 -70 -65 -47 -12 13 40 63 77 70 26 -25 -48 -52 -38 3 59 117 137 108 67 20 -26 -43 -35 -6 38 59 51 11 -43 -80 -98 -101 -72 -13 46 83 72 23 -11 -43 -77 -82 -70 -23 31 49 51 39 17 4 -15 -23 1 24 42 57 59 39 17 -7 -21 -30 -33 -8 17 16 0 -24 -28 -16 -24 -23 -3 8 8 -2 -25 226 457 305 2927
10 0 6 2 -8 0 7 6 3 -4 -2 2 -6 -17 -19 -20 -16 -14 -5 9 14 16 19 11 -5 7 12 6 4 -5 -4 7 4 1 -4 -7 -7 -13 -11 6 11 4 2 -9 -17 -7 7 6 6 2 -3 -8 -23 -15 -8 3 51 78 68 37 -30 -104 -153 -172 -135 -67 10 73 95 63 19 -19 -51 -45 6 69 123 140 106 50 -25 -67 -44 4 62 108 122 103 57 22 17 32 56 73 45 -23 -81 -110 -99 -53 -8 29 44 14 -35 -80 -102 -73 -28 3 17 5 -22 -45 -77 -82 -55 -19 7 12 -7 -10 -8 -16 -4 8 16 27 14 -24 -58 -74 -61 -26 -7 11 32 24 4 -15 -30 -15 0 13 30 44 9 54 18 20 -5 48 25 55 23 57 32 41 14 41 14 36 15 8 -4 -3 -13 -9 -17 -19 -31 -38 -36 -32 -43 -44 -43 -50 -54 -66 -72 -41 2 52 98 134 149 120 52 -1 -40 -54 -33 2 38 58 36 -7 -49 -88 -95 -59 -9 48 83 49 -15 -87 -140 -128 -90 -40 13 20 -3 -29 -55 -52 -6 50 83 66 17 -27 -45 -58 -37 13 64 102 91 48 13 -8 1 27 48 76 86 55 15 -35 -55 -42 -26 -13 -2 -5 -9 -1 5 10 36 62 66 47 0 230 4570 305 2927
-22 -12 -12 -3 -11 -35 -45 -42 -14 4 -8 -28 -41 -50 -30 -5 9 22 36 35 33 33 44 47 39 15 15 3 22 -25 -7 -21 -6 -71 -42 -66 -28 -53 -31 -49 -29 -77 -57 -66 -35 -4 42 59 74 88 112 116 103 97 103 116 108 93 62 20 -19 -86 -141 -177 -167 -119 -61 -28 18 25 26 -19 -72 -79 -46 -26 0 46 79 81 41 -15 -31 -34 -22 20 66 85 88 51 13 -9 -37 -38 -38 -49 -37 -8 -2 -3 0 2 11 11 -2 11 10 7 0 -14 -18 -22 -34 -30 -14 -14 -15 -23 -21 -11 -6 -6 6 18 14 4 -1 3 20 18 13 -2 -12 5 19 26 44 33 12 -3 -39 -55 -36 -23 -21 -21 -32 -19 -16 -19 -16 -11 -15 -6 -17 -32 -17 21 46 61 52 59 88 97 99 105 99 83 53 20 -11 -42 -59 -84 -109 -137 -127 -126 -121 -110 -90 -69 -44 -2 51 72 77 89 59 4 -20 -34 -33 9 68 118 122 95 51 -2 -42 -43 -13 22 44 39 17 -2 -36 -60 -76 -93 -71 -35 17 68 96 83 27 -49 -70 -63 -39 18 56 43 1 -33 -51 -37 -8 15 30 24 19 36 54 56 53 27 -27 -53 -63 -34 9 32 31 18 -28 -29 -10 5 18 21 8 -8 -38 237 3335 305 2927
6 5 16 14 16 18 4 -11 -9 -6 -17 -18 -22 -10 19 18 10 14 2 5 -1 -27 -33 -20 -12 2 -6 0 26 26 0 -10 -16 -22 -6 9 17 19 19 18 8 -12 -14 3 9 -11 -26 -37 -29 -20 -6 -18 -36 -49 -67 -97 -104 -96 -65 -20 34 105 157 172 171 169 144 121 111 103 110 87 43 -5 -92 -162 -181 -171 -142 -83 -43 -22 -21 -16 -33 -61 -64 -37 -22 -12 27 61 60 43 17 -2 3 0 25 60 59 66 52 0 -42 -63 -59 -47 -23 -5 3 6 10 25 11 -10 -5 0 -9 -13 -15 -7 -15 -16 -8 -10 -30 -23 -19 12 2 14 36 43 11 -10 -21 -29 -33 -29 -15 -3 4 6 13 -7 5 13 14 6 25 23 24 19 14 17 3 -12 -27 -33 -41 -21 -18 -18 -18 -23 -28 -33 -33 -17 16 22 36 55 68 90 108 141 158 152 121 90 37 -17 -80 -128 -152 -142 -129 -125 -118 -110 -111 -104 -91 -65 -24 29 86 105 100 55 -9 -44 -39 -14 27 53 84 107 108 85 61 45 7 -24 -15 0 5 3 1 -24 -66 -82 -72 -53 -23 2 43 50 10 -19 -23 -23 -25 -16 -9 8 20 22 22 15 4 6 7 10 27 21 -3 4 8 3 5 -19 -10 -7 -3 239 14557 305 2927
2 -2 0 6 9 6 3 -1 1 -3 -5 -4 -6 -4 2 1 -1 -1 2 2 -3 -7 -9 4 12 5 3 -4 -5 -1 -4 -4 5 12 13 6 -1 -2 -5 -6 -7 -3 -2 0 2 -3 -13 -29 -35 -39 -40 -36 -50 -74 -88 -89 -89 -70 -19 51 105 140 157 171 176 157 129 95 110 78 71 17 -13 -84 -94 -136 -124 -110 -50 -37 -12 -33 -47 -89 -97 -100 -76 -38 17 51 63 41 8 -19 -21 -2 27 60 88 97 88 59 18 -18 -49 -52 -34 -5 25 33 26 -2 -28 -34 -28 -32 -39 -48 -41 -41 -38 -26 -15 -16 -23 -24 -20 -10 9 24 28 21 5 -5 -5 2 9 19 32 33 21 14 9 11 14 14 12 -9 -16 -7 2 11 14 20 16 -4 -28 -45 -38 -23 -23 -26 -33 -38 -40 -55 -58 -45 -16 17 44 70 93 112 130 130 129 134 130 110 70 25 -24 -80 -111 -125 -136 -134 -119 -106 -101 -102 -101 -93 -71 -37 -8 17 35 39 11 -23 -22 -3 28 70 106 138 149 121 77 31 -1 -12 0 31 54 60 38 -6 -53 -91 -101 -86 -47 -6 21 26 19 -14 -49 -79 -78 -51 -15 23 48 57 55 39 27 22 18 18 14 14 12 18 36 33 19 5 -9 -11 -16 -18 -5 280 6700 305 2927
-2 4 -6 7 -2 2 1 4 5 11 9 1 -7 -4 -7 -4 -4 0 7 6 -7 -13 -12 -10 -11 -1 7 12 7 -5 -9 -4 0 11 14 7 1 -22 -26 -16 -2 15 32 33 25 1 -23 -46 -52 -57 -64 -72 -76 -67 -63 -56 -31 -2 31 74 101 139 164 174 163 135 93 72 61 45 2 -47 -90 -115 -121 -111 -70 -31 -2 -3 -23 -51 -70 -85 -80 -67 -49 -17 18 46 59 51 36 24 18 30 48 75 87 78 44 6 -30 -53 -58 -42 -15 12 24 21 8 -20 -40 -46 -45 -34 -27 -36 1 -26 -2 -12 -10 -29 9 22 42 38 53 29 18 -10 -12 -16 -14 -9 3 0 0 -5 -5 -7 -7 0 6 2 -3 -14 -10 -4 0 5 12 15 12 5 3 2 1 -12 -24 -26 -29 -36 -47 -44 -38 -34 -18 15 46 77 94 111 123 128 122 106 83 55 20 -31 -85 -121 -135 -126 -119 -116 -101 -86 -71 -62 -49 -32 0 12 12 14 9 -4 -16 -20 -17 18 70 114 132 132 105 67 27 2 -9 -16 -7 10 20 21 5 -29 -66 -98 -101 -72 -20 30 57 49 15 -30 -70 -93 -76 -33 8 43 64 70 49 31 28 24 15 14 11 18 23 21 8 -5 -12 -17 -15 -2 12 17 2 287 15370 305 2927
5 4 2 2 -2 -5 -9 -11 -2 15 25 12 -1 -8 -15 -8 5 11 10 13 6 -11 -19 -8 -10 -9 -2 -1 -8 -11 -5 2 3 -1 1 13 2 -14 -21 -27 -28 -17 -6 10 23 34 34 15 -3 -14 -11 1 16 26 20 21 44 61 65 52 23 -35 -116 -169 -164 -105 -22 57 110 116 79 25 -31 -67 -53 -15 15 25 19 -7 -51 -70 -40 22 67 73 55 15 -32 -53 -34 5 32 42 38 15 -31 -66 -74 -50 2 49 74 68 31 -17 -48 -54 -32 2 19 12 -12 -33 -38 -18 21 62 77 58 19 -25 -44 -37 -11 22 38 29 1 -23 -35 -28 -4 20 39 49 29 3 -25 -40 -36 -27 -15 -4 -3 -4 -12 -20 -8 21 29 17 17 10 -10 -20 -8 10 17 9 6 6 -1 1 21 31 20 0 -3 -12 -18 -16 -8 2 -8 -25 -39 -47 -53 -59 -57 -43 -11 33 68 99 115 94 38 -26 -72 -90 -96 -67 -9 50 87 86 60 19 -17 -26 -15 16 42 34 -10 -58 -70 -54 -26 19 53 49 12 -28 -36 -21 3 37 54 48 21 -27 -71 -92 -74 -25 29 77 84 56 20 -13 -34 -33 -13 8 13 -1 -30 -60 -53 -27 11 44 46 17 -19 -37 -32 -12 21 38 24 -4 -40 293 11032 305 2927
-14 -47 -39 -12 19 35 21 -23 -70 -90 -70 -10 39 63 60 25 -27 -62 -52 -11 35 67 65 31 -13 -49 -48 -15 42 86 92 78 48 19 11 13 34 43 26 -5 -47 -78 -98 -103 -88 -72 -67 -89 -129 -156 -165 -128 -62 14 84 116 97 53 19 13 35 84 144 175 169 120 35 -43 -90 -97 -59 7 63 87 66 11 -51 -98 -130 -135 -98 -38 12 33 32 27 15 -5 -8 -4 20 49 77 81 59 26 -5 -33 -36 -22 13 35 36 3 -34 -49 -47 -28 -2 14 39 72 81 70 46 21 -22 -71 -89 -81 -62 -35 -11 20 30 12 -7 -19 -12 10 38 71 68 29 -24 -66 -69 -52 -14 30 59 71 52 18 1 -3 16 49 76 75 27 -46 -115 -148 -133 -120 -44 -34 -35 -66 -93 -126 -95 -40 28 62 98 97 78 58 60 85 131 168 175 136 63 -14 -50 -46 -9 34 50 16 -38 -104 -154 -164 -126 -66 4 50 51 1 -59 -118 -151 -134 -69 14 82 120 116 73 17 -31 -46 -22 18 55 78 72 49 17 -22 -55 -63 -27 12 34 42 36 4 -36 -79 -89 -61 -17 18 29 7 -38 -73 -78 -51 -11 40 83 99 72 43 18 -19 -38 -27 9 37 50 54 46 14 -33 -69 -71 -51 -24 11 298 1629 305 2927
17 17 7 -5 -22 -29 -24 -8 15 38 47 35 10 -13 -17 -17 -28 -33 -22 -11 -1 9 25 26 14 -12 -30 -39 -29 1 35 59 46 18 -8 -24 -39 -53 -61 -61 -63 -70 -69 -68 -55 -40 -20 10 48 91 126 150 157 139 155 111 116 97 96 41 16 -60 -104 -179 -154 -128 -53 -31 5 -9 -16 -58 -74 -102 -95 -85 -53 -26 3 33 53 48 35 22 28 52 73 95 108 100 71 31 0 -23 -32 -19 -5 -7 -15 -15 -19 -31 -47 -55 -49 -34 -35 -35 -32 -34 -33 -31 -24 -8 1 15 27 33 35 30 23 4 -17 -25 -17 -2 9 17 20 15 7 -2 -15 -14 -3 10 15 3 -2 -1 -3 -1 -3 -1 -2 -9 -12 -11 -1 1 -13 -28 -46 -54 -58 -60 -38 -9 23 54 73 89 98 99 105 105 111 108 85 52 10 -26 -60 -94 -116 -133 -141 -134 -124 -103 -87 -67 -45 -28 -3 20 42 50 25 -11 -51 -56 -16 40 99 148 172 164 118 60 18 -6 -13 -9 11 31 38 28 -6 -46 -79 -100 -92 -65 -20 22 27 10 -25 -65 -81 -61 -25 1 10 19 25 28 33 49 59 56 42 29 30 34 26 15 8 -7 -16 -27 -29 -16 1 10 13 -1 -16 -24 -32 -34 -28 -20 -16 -13 -10 302 15033 305 2927
0 1 -3 6 10 8 2 -2 -2 -8 -1 7 1 -5 -2 -2 6 1 -3 -10 -14 -9 -3 1 -2 -3 2 1 6 7 0 -5 -10 -8 -4 -5 4 13 14 9 -7 -16 -14 -6 5 5 -5 -20 -27 -32 -39 -37 -41 -55 -71 -85 -78 -49 -8 47 95 132 160 173 176 155 123 95 78 64 40 10 -36 -84 -120 -134 -159 -94 -69 -30 -23 -27 -75 -93 -95 -72 -62 -12 25 50 44 23 6 10 19 32 57 85 102 97 90 61 15 -34 -52 -49 -33 -9 18 22 13 -13 -37 -44 -45 -45 -47 -49 -44 -39 -29 -10 -4 -8 -20 -19 -7 13 31 39 37 26 2 -12 -15 -9 9 21 27 17 1 1 7 9 7 4 -3 -16 -16 -13 -2 9 14 12 8 0 -1 -11 -18 -22 -23 -19 -22 -32 -34 -40 -44 -39 -33 -15 19 59 86 104 111 106 103 113 114 99 66 24 -27 -81 -116 -135 -136 -127 -117 -105 -95 -90 -79 -61 -35 -2 32 54 55 36 13 -12 -19 -15 45 59 121 143 134 75 57 17 -4 -12 25 46 45 16 -7 -44 -74 -91 -82 -59 -37 -15 10 30 17 -17 -49 -69 -82 -64 -24 28 58 71 64 39 20 15 12 11 9 17 36 46 44 26 12 -9 -26 -38 -30 -4 22 3 1678 305 3077
-6 -4 -1 6 16 17 2 -19 -24 -18 -5 11 16 11 4 -8 -7 -4 -4 6 11 11 6 -13 -23 -17 -1 10 12 5 -9 -16 -21 -15 -3 -6 -15 -30 -47 -57 -69 -74 -67 -65 -46 -7 36 79 110 132 136 126 119 114 121 127 118 96 57 10 -53 -123 -164 -174 -151 -114 -78 -44 -25 -32 -48 -63 -65 -50 -24 7 34 54 60 47 24 13 16 22 37 68 83 84 73 49 12 -29 -62 -71 -56 -31 -4 20 32 13 -22 -46 -53 -44 -35 -26 -12 -5 -6 -7 -2 -4 -19 -32 -42 -40 -21 9 45 64 52 24 -10 -21 -15 -7 -1 1 5 20 36 40 22 5 -13 -34 -37 -17 21 48 44 19 -12 -33 -40 -40 -25 -12 -14 -21 -40 -46 -41 -26 -12 -7 -8 -2 20 53 85 120 138 137 133 124 111 87 48 20 -50 -56 -103 -121 -149 -117 -155 -153 -163 -113 -112 -60 -44 18 40 80 72 77 40 26 0 5 17 52 82 104 95 76 51 26 14 9 15 21 23 19 -3 -32 -64 -86 -88 -70 -39 -11 10 27 18 2 -21 -40 -37 -18 -7 15 26 30 19 -6 -16 -7 8 19 24 37 45 40 31 21 14 2 -6 -16 -30 -26 -10 7 26 16 -1 -14 -20 -31 -44 -42 -25 -15 -11 7 15731 305 3077
-1 -5 -4 -8 -7 -5 -2 10 11 5 5 0 4 8 5 5 7 8 8 1 -5 -15 -13 -9 -7 -6 -5 1 1 1 4 0 6 3 -10 -14 -2 -28 9 -4 13 17 41 20 11 -11 -21 -49 -60 -74 -66 -78 -83 -75 -55 -27 -1 20 50 77 100 138 166 175 158 137 121 101 85 53 0 -56 -105 -138 -140 -118 -91 -68 -46 -45 -66 -77 -79 -65 -44 -24 -1 29 40 44 27 17 14 11 13 35 67 98 100 83 52 21 -11 -31 -27 -19 -14 -8 -12 -18 -32 -40 -34 -34 -34 -33 -23 -9 -10 -8 -4 -12 -19 -23 -21 -14 -7 5 13 14 12 7 11 15 22 27 22 19 9 5 2 -7 -10 -5 -5 -2 -3 0 11 20 21 17 11 4 -11 -21 -25 -25 -24 -26 -35 -48 -47 -43 -64 -32 -51 -19 1 41 56 101 109 124 120 130 120 113 79 52 13 -29 -65 -80 -100 -123 -138 -150 -148 -141 -122 -95 -67 -32 5 28 36 34 27 20 5 4 20 52 89 109 106 87 67 42 23 22 31 33 41 27 18 -2 -31 -62 -92 -112 -99 -63 -15 19 38 41 25 -10 -41 -57 -51 -31 -2 23 37 42 35 27 11 -2 1 4 12 32 49 64 56 28 -5 -25 -20 -11 0 2 -9 12 13627 305 3077
-16 9 19 10 13 7 -11 -26 -21 -13 8 5 9 0 -9 -18 -8 0 9 2 6 9 11 2 1 4 1 -5 -7 -11 3 8 -1 -5 -13 -19 -32 -50 -50 -59 -69 -86 -93 -79 -50 -16 31 76 112 127 136 140 142 138 134 129 120 102 79 34 -41 -108 -156 -179 -169 -134 -80 -34 -20 -21 -40 -60 -73 -68 -49 -28 0 24 41 44 36 37 41 39 47 65 79 77 58 37 12 -18 -35 -33 -20 -13 -18 -24 -28 -34 -35 -23 -10 -5 -8 -15 -18 -16 -15 -14 -25 -38 -35 -21 0 24 36 45 34 13 -8 -21 -13 3 7 1 1 8 7 9 19 15 4 -8 -15 -16 -2 27 47 39 26 9 3 0 -10 -22 -24 -23 -19 -17 -17 -25 -36 -47 -55 -56 -47 -15 22 55 92 111 109 109 112 109 95 72 45 21 -16 -54 -84 -103 -120 -144 -158 -154 -145 -131 -108 -77 -45 1 46 74 80 63 43 18 0 5 25 60 100 112 106 88 58 30 3 -9 -4 6 13 12 -1 -29 -61 -77 -83 -64 -36 -5 30 34 20 9 -11 -21 -29 -30 -14 -1 19 29 21 8 -1 4 7 5 15 31 44 33 13 -2 -15 -17 -10 -8 3 20 38 39 17 -8 -20 -26 -27 -29 -18 -2 1 -5 -11 17 11075 305 3077
15 12 6 -3 -9 -9 -5 -18 -8 6 13 7 5 0 -6 -15 -13 -12 -13 -23 -27 -20 -12 11 30 30 32 26 8 -17 -28 -13 -2 0 -1 1 -2 -13 -22 -30 -57 -91 -112 -102 -66 -18 55 102 112 106 104 103 108 113 123 120 110 97 80 44 -22 -88 -137 -172 -178 -140 -84 -38 -11 -8 -29 -55 -71 -76 -51 -10 24 44 41 57 13 16 4 8 2 42 64 80 80 79 41 -3 -40 -49 -45 -32 -7 16 16 -11 -29 -49 -52 -47 -36 -16 4 11 13 -6 -18 -25 -26 -30 -28 -11 7 16 20 19 7 -4 -8 -6 -8 9 25 25 19 9 1 -4 -18 -16 -13 -6 4 11 22 37 41 32 9 -3 -10 -19 -38 -49 -46 -46 -48 -41 -34 -13 -7 -21 -24 -16 5 31 64 99 126 132 143 147 129 86 35 -13 -57 -77 -74 -62 -62 -83 -108 -139 -157 -139 -115 -93 -68 -24 37 86 102 87 59 20 -27 -50 -28 23 77 119 131 104 55 14 -10 -18 0 26 50 50 17 -14 -40 -62 -72 -78 -55 -22 11 36 34 16 -11 -34 -41 -33 -11 6 19 25 13 -4 -18 -25 -13 -4 17 37 45 49 41 31 24 12 7 0 -4 2 7 9 1 -9 -7 -16 -30 -43 -34 -22 -20 -4 7 22 8758 305 3077
-1 2 5 7 -7 -27 -40 -43 -30 -5 22 37 20 -1 -15 -15 -11 -6 -3 2 6 9 17 30 37 32 21 0 -14 -16 -5 7 11 1 -13 -35 -55 -64 -66 -60 -64 -77 -92 -94 -61 -8 44 81 111 133 140 142 136 136 139 130 121 105 71 25 -32 -97 -144 -170 -169 -143 -101 -52 -19 -12 -23 -52 -82 -87 -57 -9 29 56 57 44 21 -4 -5 14 41 71 87 88 73 47 23 -6 -26 -29 -31 -31 -21 -24 -25 -32 -34 -40 -43 -34 -19 -1 5 9 11 -5 -17 -23 -27 -20 -28 -26 -14 1 14 17 13 11 3 -3 -2 1 10 18 25 23 18 8 -7 -12 -18 -14 9 29 41 30 18 15 4 -16 -31 -38 -36 -36 -34 -29 -30 -34 -39 -41 -47 -47 -34 -5 33 68 95 128 140 134 129 120 112 92 50 1 -45 -73 -82 -90 -96 -100 -108 -117 -141 -161 -151 -108 -57 -1 58 95 96 74 44 19 -6 -27 -3 44 95 138 147 119 56 -9 -31 -24 3 29 47 34 -6 -46 -76 -91 -91 -76 -40 -11 2 22 24 13 -4 -17 -16 -16 -10 11 18 20 14 3 -4 -14 -13 -1 19 39 44 44 11 27 26 15 -14 1 -23 -8 -14 24 9 11 -22 -15 -37 -20 -32 -3 -2 14 3 27 6722 305 3077
0 0 -5 3 19 15 7 1 -1 -7 -21 -29 -21 -11 -1 3 4 13 25 24 9 -3 -1 2 7 11 18 20 7 -5 -14 -13 -5 13 42 49 19 -18 -52 -103 -104 -140 -89 -48 -8 3 52 50 30 -5 3 18 61 97 130 110 40 -34 -73 -70 -7 87 153 170 115 38 -30 -47 -30 0 25 30 1 -44 -86 -91 -67 -35 -11 1 9 1 -26 -38 -35 -17 -5 -2 2 -11 -26 -28 -24 -12 2 11 18 16 8 -7 -21 -24 -24 -15 -8 -9 -23 -42 -43 -39 -25 7 29 33 20 -7 -28 -36 -25 0 24 37 33 19 4 1 8 15 20 30 37 34 20 8 7 -3 -5 -2 2 13 15 11 6 3 5 -2 -19 -34 -35 -32 -33 -39 -45 -45 -39 -40 -38 -33 -26 -6 33 73 103 124 121 89 28 -9 -20 -21 -16 -4 23 38 18 -7 -33 -50 -50 -28 18 51 40 -18 -96 -154 -175 -136 -49 34 78 61 10 -42 -71 -55 -8 36 67 68 38 -4 -28 -24 0 31 50 51 43 25 22 14 1 4 13 22 15 -5 -10 -14 -24 -21 -7 18 38 43 32 14 4 2 9 15 11 8 6 -3 -8 -9 9 29 40 39 25 1 -18 -29 -24 -13 -4 -6 -14 -22 -28 -29 -18 -12 -9 33 3001 305 3077
6 -1 -2 -6 -2 -3 2 11 12 9 2 -6 -7 -3 -6 -2 -7 -5 0 3 9 14 11 10 9 7 4 11 21 22 25 31 35 42 53 55 46 29 15 -11 -37 -62 -76 -81 -86 -93 -103 -127 -140 -147 -137 -90 -40 12 55 74 65 35 16 18 47 92 140 179 176 120 36 -39 -83 -85 -49 30 91 101 70 8 -58 -110 -136 -114 -65 -18 16 28 20 -19 -65 -92 -78 -40 16 75 96 68 32 -8 -33 -23 14 52 62 54 43 14 21 -12 15 19 12 -20 -8 -23 -23 -25 -13 -28 -34 -32 -19 -4 12 20 22 5 -13 -8 1 17 23 15 -1 -16 -20 -6 5 16 15 12 8 4 6 2 5 15 26 36 38 37 30 6 -11 -39 -60 -59 -61 -61 -65 -77 -96 -116 -118 -97 -63 -15 31 70 87 89 87 88 101 131 145 150 129 88 41 -4 -25 -25 -3 17 14 -10 -50 -98 -134 -143 -115 -57 12 59 57 15 -50 -114 -145 -130 -66 14 74 103 92 49 1 -42 -45 -9 44 87 102 86 47 -2 -42 -58 -46 -7 31 56 49 29 -7 -45 -66 -69 -58 -27 1 12 4 -15 -32 -46 -48 -42 -24 0 17 31 32 16 4 -2 8 18 31 50 52 36 2 -33 -36 -17 8 27 26 38 12850 305 3077
-8 16 3 13 -10 0 -15 -7 -8 5 7 16 4 -2 -13 -10 -1 7 11 10 9 6 1 0 -7 -17 -17 -12 -8 -7 -2 -4 -9 -5 -2 -9 -17 -26 -40 -51 -72 -73 -69 -61 -44 -9 33 76 107 127 130 124 109 103 97 93 102 96 60 14 -47 -111 -159 -177 -157 -111 -53 -2 21 14 -11 -45 -80 -96 -78 -31 27 65 80 78 60 32 2 -20 -7 30 65 88 90 66 21 -29 -56 -56 -43 -20 -3 4 -3 -16 -28 -34 -37 -34 -20 5 25 30 11 -19 -47 -56 -41 -4 22 33 33 19 -5 -24 -30 -17 0 17 18 9 1 -2 2 4 7 3 -4 -12 -21 -11 17 40 45 34 21 13 -2 -12 -20 -27 -28 -20 -14 -11 -15 -26 -42 -53 -61 -52 -29 -1 33 68 97 109 108 109 103 95 94 79 52 9 -37 -70 -93 -107 -109 -108 -110 -116 -117 -114 -103 -77 -34 14 53 75 83 66 27 -5 -24 -24 -6 37 90 117 123 107 61 -1 -42 -51 -24 16 44 51 36 -1 -61 -103 -121 -103 -54 -6 34 60 57 29 -19 -58 -67 -48 -14 22 51 55 39 12 -15 -29 -22 -6 22 44 49 40 18 2 -8 -12 -5 0 15 37 31 16 4 -4 -13 -23 -20 -12 -8 -7 -15 -12 -8 43 1010 305 3077
-9 -4 1 10 4 -7 -13 -12 -5 1 7 11 8 8 3 3 -1 -1 8 2 2 7 2 3 -4 -8 8 19 21 18 17 26 32 37 34 42 52 45 26 -1 -25 -44 -72 -86 -91 -104 -97 -115 -129 -135 -124 -118 -54 -7 50 49 74 49 47 26 56 81 148 172 188 138 69 -21 -79 -107 -74 -16 49 72 70 34 -22 -76 -114 -125 -105 -74 -27 15 26 15 -9 -24 -27 -21 -4 26 61 56 41 34 23 8 10 26 49 49 33 10 -8 -8 6 22 24 16 11 6 -5 -20 -40 -53 -67 -63 -35 9 47 56 37 4 -27 -32 -21 0 19 19 11 -5 -28 -34 -16 10 32 40 37 19 -2 -14 -9 6 24 42 53 49 34 3 -32 -52 -60 -57 -57 -59 -52 -58 -81 -108 -115 -109 -78 -38 8 54 84 90 90 90 104 123 138 138 122 80 40 8 -10 -12 -4 6 3 -19 -50 -83 -121 -140 -121 -74 -14 40 58 26 -36 -106 -148 -140 -85 -4 69 116 127 92 35 -11 -40 -37 -13 27 67 78 69 37 -5 -45 -61 -40 -7 13 21 21 11 -22 -53 -54 -39 -14 -2 -7 -13 -30 -39 -31 -19 1 22 39 39 27 18 0 -34 -56 -45 -1 38 65 75 61 33 -9 -37 -34 -18 5 23 47 16069 305 3077
7 -9 -1 -21 -12 -6 11 17 21 11 10 -2 -9 -7 -6 -1 10 11 8 3 0 -5 -3 13 23 20 2 -5 -4 -8 -6 -3 2 6 -4 -7 -10 -7 -2 7 10 17 21 29 31 33 39 52 64 64 56 42 12 -7 -16 -28 -38 -45 -48 -70 -109 -125 -138 -170 -184 -157 -91 -35 22 74 88 76 34 -13 -16 25 75 132 187 198 139 53 -36 -94 -101 -82 -23 53 91 91 60 -2 -68 -121 -133 -107 -57 1 48 57 17 -44 -83 -82 -33 23 73 95 78 36 -9 -39 -30 6 46 70 71 55 29 -2 -28 -34 -18 16 43 58 48 26 -15 -54 -74 -67 -34 -1 17 30 27 9 -11 -22 -25 -28 -30 -22 -10 1 10 4 -15 -22 -13 -3 17 41 48 32 1 -21 -15 10 46 76 78 49 0 -39 -54 -61 -54 -41 -41 -64 -95 -121 -135 -132 -105 -59 -14 23 52 73 82 90 99 111 125 127 120 103 71 47 29 11 2 19 37 27 -6 -48 -79 -119 -149 -134 -75 -8 40 50 22 -37 -108 -156 -156 -107 -16 70 126 135 95 35 -24 -60 -54 -8 57 104 116 89 27 -37 -78 -72 -28 21 57 58 17 -35 -79 -92 -72 -34 10 38 39 22 -29 -80 -96 -83 -46 0 51 81 86 60 21 52 14376 305 3077
6 23 12 19 6 17 25 40 30 33 31 30 21 15 5 -7 -9 -6 -7 -4 2 3 -2 -13 -13 -17 -26 -29 -36 -35 -33 -38 -35 -44 -50 -49 -29 15 64 99 128 135 103 46 2 -15 -16 -4 3 18 31 17 -15 -47 -62 -46 -19 24 61 65 12 -75 -152 -181 -156 -84 0 42 33 -8 -44 -60 -40 3 40 71 68 40 14 -3 -1 14 32 46 38 28 28 24 15 12 16 21 18 15 8 -13 -23 -24 -23 -22 -2 16 12 2 -11 -18 -12 1 27 40 28 11 -2 -21 14 -11 32 38 51 -1 6 -20 -10 -30 5 -12 15 -8 -7 -26 -21 -31 -9 -15 -5 -15 -5 -8 -11 -13 -12 -14 -16 -16 -10 -7 5 10 3 8 11 9 11 12 16 14 13 17 5 0 -7 -13 -12 -11 -10 -11 -13 -12 -9 -7 -9 -7 4 5 4 6 13 10 -5 -13 -2 2 7 7 2 2 -3 -8 -3 -3 -3 -3 2 4 5 6 4 3 1 -12 -28 -32 -16 -3 -1 2 12 17 14 2 -8 -8 -4 -4 -7 5 21 22 8 -6 -6 -1 6 15 11 2 -13 -16 -5 13 27 39 34 21 -3 -23 -23 -11 -3 12 21 24 21 22 21 6 -14 -37 -40 -32 -18 4 15 11 -8 -30 -19 58 3881 305 3077
36 48 47 30 10 -7 -13 -9 1 8 14 8 5 3 -12 -25 -18 -6 -4 -17 -26 -16 -6 9 23 29 31 23 2 -17 -29 -24 -15 -2 19 32 29 25 24 19 3 -9 -18 -18 -2 9 22 26 -2 -29 -42 -35 -26 -26 -30 -17 13 36 51 53 29 -33 -113 -172 -171 -120 -49 24 68 83 51 12 -10 -12 20 79 118 138 100 33 -25 -53 -37 24 89 120 104 62 6 -32 -38 -15 24 49 44 16 -30 -66 -74 -58 -14 15 24 19 -10 -43 -51 -44 -18 4 14 4 -9 -23 -39 -41 -21 -2 11 12 5 -17 -48 -62 -55 -40 -21 -12 -12 -25 -51 -59 -54 -32 -1 24 35 32 18 3 -9 -8 9 39 53 40 25 10 -2 2 18 50 73 80 76 45 13 -1 -6 -8 3 8 -13 -10 8 -6 -25 -29 -28 -41 -55 -42 -15 1 -8 -34 -53 -61 -62 -51 -50 -51 -20 38 95 149 177 176 123 36 -47 -87 -79 -40 16 51 45 7 -32 -74 -95 -78 -21 29 53 29 -26 -84 -136 -127 -78 -22 11 56 37 -1 -46 -29 -21 38 65 90 55 27 -23 -32 -49 -12 26 73 80 76 38 15 -3 3 14 30 33 22 -9 -40 -52 -42 -27 -11 4 16 12 -2 -2 16 24 38 47 40 28 63 1907 305 3077
-6 8 14 12 1 0 1 2 -1 8 6 6 -6 -13 -14 -11 -3 12 12 8 2 -6 -9 -4 2 1 -5 -10 -3 3 -2 -6 -5 1 -4 -10 -29 -39 -48 -51 -62 -73 -80 -72 -66 -30 12 62 101 122 133 141 146 142 129 120 113 96 59 10 -46 -114 -163 -176 -156 -107 -55 -25 -7 -12 -33 -58 -74 -70 -49 -13 24 51 56 38 18 -2 -9 7 33 64 88 101 100 66 18 -19 -50 -62 -70 -54 -21 -2 1 -1 0 -10 -33 -47 -46 -33 -10 14 33 26 0 -26 -50 -43 -18 -2 11 15 18 30 26 24 22 14 -3 -27 -39 -26 -7 15 15 6 -9 -24 -33 -26 -6 15 29 34 19 4 -2 0 4 -1 -10 -11 -12 -14 -14 -29 -36 -40 -41 -30 -14 9 32 62 90 105 113 110 113 118 109 97 62 15 -25 -69 -99 -115 -133 -142 -144 -138 -122 -106 -84 -60 -33 5 44 74 86 71 33 -7 -26 -26 -2 43 80 110 111 87 60 23 -3 -7 4 28 37 22 -2 -33 -67 -90 -84 -58 -26 7 25 30 18 -4 -18 -34 -38 -28 -13 4 23 28 18 1 -15 -16 -4 11 22 31 38 49 49 31 6 -16 -21 -20 -24 -23 -8 6 15 3 -3 6 5 -18 -33 -40 -29 -14 0 68 1962 305 3077
-7 -13 2 1 7 6 3 -6 5 3 4 -4 1 -5 -1 -2 -1 -1 5 2 9 16 21 11 2 -6 -12 -12 -4 -6 -4 1 9 20 10 -11 -32 -41 -50 -59 -74 -82 -86 -80 -64 -26 13 60 98 115 131 140 135 128 135 142 142 119 79 18 -50 -117 -166 -188 -164 -111 -52 7 49 40 -15 -62 -89 -95 -93 -61 -7 30 44 42 23 6 -12 -10 13 51 83 101 104 80 29 -20 -50 -57 -43 -23 -13 -16 -14 6 12 6 -5 -16 -18 -29 -39 -31 -15 -3 -11 -27 -40 -54 -46 -16 14 34 46 39 20 3 0 1 15 16 1 -9 -4 8 11 2 -1 -5 -8 -2 3 11 13 16 6 -3 -8 -23 -37 -42 -37 -15 -1 1 -2 -18 -30 -45 -54 -43 -27 -10 28 66 94 99 115 121 119 118 115 98 69 27 -10 -53 -89 -115 -132 -139 -147 -142 -131 -122 -108 -69 -22 29 54 64 61 38 2 -26 -36 -25 -1 42 88 122 134 75 88 32 14 -10 20 7 27 12 19 -41 -61 -93 -73 -64 -22 -2 31 41 44 17 -12 -41 -50 -45 -44 -41 -18 9 25 27 27 38 32 28 21 25 41 46 47 42 22 0 -22 -24 -24 -12 2 9 2 -9 -26 -28 -25 -24 -20 -23 -9 8 4 73 355 305 3077
38 36 25 12 -5 -20 -30 -18 4 29 31 21 -3 -16 -19 -14 3 8 -1 -19 -34 -27 -14 -11 0 -4 -20 -31 -31 -13 9 19 23 16 4 -10 -20 -22 -29 -26 -38 -58 -77 -80 -51 -17 19 67 99 117 127 131 134 117 103 106 101 94 76 29 -27 -92 -147 -178 -161 -113 -62 -16 14 18 -5 -50 -80 -86 -66 -15 31 58 65 51 33 10 -14 -7 30 47 45 61 71 48 11 -12 -22 -34 -38 -22 -8 -4 -9 -3 -2 -22 -35 -31 -24 -23 -12 6 19 13 -14 -33 -42 -45 -33 2 36 53 56 35 5 -19 -37 -43 -37 -20 8 25 37 40 28 -1 -29 -48 -41 -24 5 29 39 28 4 -13 -17 -13 -16 -29 -38 -33 -19 3 19 21 -6 -48 -70 -75 -63 -21 32 83 109 110 101 96 100 105 106 92 62 24 -33 -77 -87 -94 -109 -129 -139 -129 -123 -116 -101 -71 -31 8 48 80 88 71 34 0 -25 -27 -6 30 74 102 104 89 58 23 0 -13 -5 16 36 43 17 -21 -50 -69 -80 -76 -44 0 28 39 29 13 -2 -20 -32 -33 -22 -9 7 19 20 0 -12 -17 -16 -7 6 31 54 55 49 28 7 -11 -21 -16 1 15 21 25 18 7 -1 -11 -25 -26 -30 -21 -12 -8 -3 77 15391 305 3077
7 7 -2 -8 -8 7 10 3 1 -3 -4 -5 1 13 9 2 -3 -6 1 5 5 4 2 11 2 -12 -7 5 -11 -5 -8 7 -11 11 -1 2 -13 -13 -33 -27 -58 -65 -94 -95 -93 -62 -24 38 90 133 135 128 113 112 111 111 117 118 116 100 37 -44 -121 -175 -197 -182 -133 -69 -16 18 11 -20 -45 -64 -61 -47 -22 1 27 45 50 41 22 2 10 17 31 47 66 80 73 34 -12 -50 -59 -53 -41 -22 -2 1 -15 -29 -29 -15 6 14 8 3 3 6 -5 -14 -19 -22 -26 -20 -18 -14 4 22 25 20 16 13 12 15 28 31 29 30 30 31 31 20 -9 -37 -61 -74 -57 -28 -6 2 -2 -16 -37 -63 -73 -62 -36 -13 -10 -19 -42 -64 -75 -62 -38 -7 37 79 107 129 148 163 168 178 184 160 122 81 27 -31 -80 -106 -118 -124 -132 -151 -164 -162 -149 -131 -101 -48 4 45 69 66 43 18 -12 -22 -12 8 45 78 105 118 106 80 50 21 -8 -18 -5 16 20 -1 -25 -49 -72 -79 -74 -60 -35 -5 16 27 22 15 8 -15 -46 -38 -14 -3 2 9 5 -15 -24 -9 27 54 67 89 99 56 20 12 12 2 4 17 19 10 1 -11 -18 -42 -67 -73 -72 -58 -43 -23 -15 83 15137 305 3077