60 59 51 37 20 6 -4 -10 -18 -30 -45 -57 -63 -60 -50 -39 -28 -18 -8 3 15 27 38 49 57 60 57 48 35 21 8 -3 -11 -19 -29 -41 -53 -61 -61 -54 -42 -30 -19 -7 4 16 27 38 48 56 59 57 49 36 21 8 -2 -9 -16 -26 -40 -55 -66 -68 -59 -44 -28 -14 -3 7 17 27 38 47 56 61 60 52 37 20 5 -5 -11 -20 -31 -45 -57 -62 -59 -50 -39 -28 -17 -7 3 15 27 39 49 56 59 57 50 37 21 7 -4 -11 -19 -30 -44 -55 -61 -59 -52 -41 -29 -17 -5 5 13 23 35 48 60 64 61 50 36 20 6 -5 -12 -19 -29 -44 -58 -64 -60 -49 -37 -27 -19 -8 5 17 26 36 47 58 63 59 46 32 19 9 -1 -11 -21 -32 -43 -53 -61 -61 -53 -41 -28 -17 -7 3 15 28 40 51 58 61 57 47 34 19 6 -4 -11 -19 -29 -42 -55 -62 -61 -52 -39 -28 -17 -7 4 16 27 37 48 57 62 60 50 34 18 5 -4 -10 -18 -29 -43 -56 -62 -60 -51 -39 -27 -16 -6 4 14 26 38 49 56 60 58 49 36 20 6 -4 -11 -19 -30 -43 -56 -62 -60 -52 -41 -29 -17 -4 7 17 26 36 47 57 60 57 47 34 19 8 -1 294 6026 304 14025
55 60 59 51 37 20 6 -4 -11 -19 -31 -44 -55 -61 -59 -50 -40 -29 -19 -9 2 15 27 39 49 57 61 59 50 36 19 5 -5 -11 -18 -30 -44 -56 -62 -58 -49 -38 -28 -20 -11 1 14 27 39 48 55 59 59 52 39 23 8 -3 -10 -17 -28 -44 -60 -68 -66 -54 -40 -27 -17 -7 5 18 30 40 49 58 63 61 50 34 16 2 -6 -11 -19 -30 -45 -57 -62 -59 -49 -38 -28 -18 -7 5 18 29 38 47 55 59 58 49 34 18 4 -4 -9 -16 -29 -45 -58 -62 -57 -48 -38 -29 -19 -8 4 16 27 37 47 55 59 58 49 36 20 6 -4 -10 -18 -29 -43 -57 -63 -60 -49 -38 -28 -19 -9 3 16 27 38 47 56 61 59 50 35 20 6 -4 -12 -19 -28 -40 -52 -61 -62 -55 -42 -29 -18 -7 4 16 28 38 48 56 60 59 51 36 19 5 -5 -11 -17 -28 -43 -56 -63 -60 -50 -39 -29 -20 -9 4 16 28 38 47 56 61 59 51 37 21 8 -3 -12 -20 -31 -43 -55 -63 -62 -54 -41 -27 -15 -5 6 16 26 37 48 57 62 59 50 35 19 5 -5 -12 -19 -28 -40 -53 -61 -61 -54 -42 -29 -18 -7 5 16 27 38 48 57 61 59 50 35 20 7 294 6500 304 14025
54 57 57 50 37 20 6 -4 -10 -17 -29 -44 -57 -62 -59 -49 -38 -28 -19 -9 2 13 25 38 50 58 62 59 50 36 21 7 -3 -10 -19 -31 -46 -58 -64 -60 -51 -39 -28 -17 -5 6 16 25 35 46 56 62 61 51 36 19 6 -1 -7 -15 -30 -47 -62 -68 -63 -51 -38 -26 -16 -6 5 16 27 39 50 58 62 59 49 35 18 4 -6 -12 -17 -28 -43 -57 -65 -61 -50 -37 -27 -18 -8 4 16 27 37 48 58 64 61 49 33 18 6 -3 -11 -21 -32 -45 -55 -60 -57 -49 -39 -28 -18 -7 4 15 26 37 48 57 61 59 49 35 20 6 -4 -11 -18 -29 -42 -56 -63 -61 -52 -39 -28 -17 -7 5 17 27 36 45 54 60 60 51 36 20 6 -3 -10 -18 -30 -44 -56 -62 -59 -50 -39 -29 -20 -10 1 15 29 41 50 57 60 58 50 36 20 6 -3 -9 -18 -31 -47 -59 -63 -59 -49 -38 -28 -18 -7 4 16 28 38 49 57 61 59 49 33 18 5 -3 -9 -17 -30 -45 -58 -63 -59 -49 -38 -28 -19 -9 3 17 30 40 48 54 58 58 50 36 19 5 -4 -10 -17 -30 -45 -57 -62 -59 -51 -40 -29 -18 -6 5 17 28 39 49 57 60 58 49 33 17 4 294 6975 304 14025
60 61 55 44 29 14 3 -4 -10 -20 -34 -50 -60 -62 -57 -48 -38 -28 -16 -4 8 20 32 43 53 59 60 55 45 31 16 4 -5 -12 -21 -35 -51 -62 -64 -57 -45 -34 -25 -15 -4 7 18 29 41 52 59 60 54 44 31 17 3 -6 -12 -18 -29 -46 -62 -69 -63 -49 -34 -24 -15 -5 8 20 31 41 52 60 63 56 43 27 13 3 -5 -11 -20 -32 -46 -57 -62 -58 -48 -36 -25 -15 -5 7 18 29 40 50 58 60 56 46 33 18 5 -6 -15 -23 -34 -48 -60 -64 -59 -47 -34 -23 -13 -3 8 19 30 40 51 59 61 55 43 27 14 5 -3 -11 -21 -34 -48 -58 -61 -57 -47 -36 -26 -16 -5 7 20 32 43 52 58 60 56 45 30 15 3 -5 -12 -21 -34 -49 -60 -63 -57 -47 -37 -27 -16 -4 9 21 31 40 50 58 62 59 47 31 14 1 -7 -13 -22 -34 -48 -60 -63 -59 -48 -36 -25 -15 -4 8 20 32 43 52 59 61 56 45 30 15 3 -6 -14 -23 -35 -49 -59 -63 -59 -48 -36 -24 -13 -2 9 20 31 42 52 60 63 58 45 27 11 0 -7 -12 -21 -34 -49 -60 -64 -59 -48 -34 -22 -11 -3 6 16 28 41 53 61 62 57 46 31 16 3 295 9166 304 14025
-61 -63 -56 -45 -32 -21 -11 -1 10 23 36 47 55 59 59 53 41 26 10 -1 -8 -15 -24 -37 -51 -61 -62 -56 -45 -33 -22 -12 -2 10 22 35 46 55 61 61 55 43 27 11 -1 -9 -15 -24 -38 -53 -62 -62 -55 -45 -35 -25 -13 0 12 21 31 42 56 68 71 62 43 22 5 -5 -10 -16 -27 -41 -54 -62 -61 -54 -43 -32 -22 -11 0 12 23 35 45 54 60 61 55 42 26 11 -1 -8 -16 -27 -40 -54 -62 -62 -56 -45 -33 -21 -9 2 12 22 33 46 57 63 61 52 38 22 9 -1 -8 -15 -25 -38 -51 -60 -61 -55 -45 -34 -22 -11 1 13 24 34 44 53 59 60 54 43 27 11 -1 -10 -16 -26 -38 -52 -60 -61 -54 -44 -33 -21 -10 1 10 20 31 44 55 62 61 54 41 27 13 1 -8 -17 -26 -39 -52 -62 -63 -56 -44 -32 -21 -12 -1 10 23 36 47 55 60 60 53 41 25 10 -2 -9 -15 -24 -38 -52 -61 -61 -55 -45 -35 -25 -13 0 13 24 36 46 55 60 60 54 41 26 10 -3 -11 -16 -24 -36 -51 -62 -63 -55 -43 -33 -23 -13 -1 12 24 35 45 55 61 60 52 39 26 13 1 -8 -16 -26 -39 -53 -63 -64 -55 -43 -31 -21 -12 296 6820 304 14025
57 61 60 51 36 20 7 -1 -8 -17 -30 -45 -56 -61 -59 -52 -43 -32 -20 -9 3 14 26 38 48 56 60 59 52 39 23 8 -2 -9 -17 -30 -45 -57 -63 -61 -53 -42 -30 -19 -7 4 15 26 37 48 57 61 60 52 38 22 8 -1 -7 -14 -28 -46 -62 -69 -66 -54 -41 -27 -15 -4 7 17 26 37 47 56 60 58 49 35 20 8 -2 -9 -17 -28 -42 -55 -62 -61 -53 -42 -31 -20 -9 3 15 27 38 48 56 62 61 52 37 21 7 -2 -9 -18 -31 -45 -56 -61 -59 -51 -41 -30 -20 -8 3 14 25 37 48 57 62 61 52 37 21 8 -1 -9 -18 -30 -44 -57 -64 -62 -54 -41 -28 -17 -7 3 14 26 38 47 55 60 60 52 37 20 5 -3 -7 -14 -26 -43 -57 -64 -62 -53 -42 -31 -20 -8 4 15 27 38 48 57 61 59 51 37 21 7 -3 -10 -18 -29 -42 -54 -61 -60 -53 -42 -30 -20 -9 2 14 27 38 48 56 60 59 52 38 22 8 -2 -9 -17 -29 -44 -57 -64 -62 -53 -42 -30 -19 -8 3 15 27 39 49 57 60 57 50 38 23 8 -3 -12 -19 -29 -43 -56 -62 -60 -51 -41 -31 -21 -10 3 15 27 37 48 58 63 60 51 37 22 8 297 6522 304 14025
56 60 59 50 37 22 8 -3 -11 -20 -30 -43 -55 -61 -59 -51 -40 -30 -21 -11 1 14 27 39 49 57 61 60 53 39 22 6 -5 -12 -19 -29 -42 -55 -62 -61 -53 -42 -30 -18 -6 4 14 24 35 48 58 62 59 50 37 23 9 -1 -8 -14 -24 -41 -60 -72 -71 -58 -41 -28 -17 -7 6 19 31 40 48 56 61 60 51 36 20 6 -4 -11 -17 -29 -44 -60 -68 -64 -51 -36 -24 -16 -7 4 16 27 36 45 54 61 61 52 36 20 7 -2 -10 -19 -31 -44 -55 -60 -59 -52 -41 -29 -18 -8 2 13 25 37 48 56 60 59 52 39 22 7 -4 -11 -19 -30 -44 -57 -63 -60 -51 -39 -29 -19 -8 2 14 26 38 49 57 60 58 50 37 22 8 -3 -10 -17 -27 -43 -57 -65 -63 -53 -40 -28 -18 -7 4 16 27 38 47 56 60 58 50 36 21 7 -3 -10 -18 -28 -42 -56 -63 -62 -52 -40 -28 -19 -10 2 15 28 39 49 56 60 58 50 37 22 9 -3 -11 -20 -31 -44 -56 -62 -59 -50 -38 -27 -18 -10 1 13 25 36 47 56 63 62 53 37 20 6 -3 -9 -17 -29 -43 -56 -63 -61 -53 -42 -31 -20 -10 3 16 29 40 49 56 61 60 52 37 20 5 297 7948 304 14025
57 64 62 52 37 21 8 -2 -11 -21 -32 -45 -55 -61 -60 -52 -41 -29 -18 -8 3 14 27 40 51 59 61 57 48 35 21 7 -3 -10 -19 -29 -43 -55 -62 -61 -53 -41 -29 -18 -8 2 14 26 38 49 57 61 60 52 39 22 8 -2 -9 -16 -29 -47 -63 -70 -64 -51 -37 -26 -18 -8 5 18 30 40 48 56 61 59 50 35 19 5 -4 -11 -18 -29 -44 -57 -64 -61 -50 -37 -28 -20 -11 2 17 30 40 48 56 62 61 51 33 14 1 -5 -8 -15 -27 -42 -56 -62 -59 -50 -39 -29 -20 -10 2 14 27 38 48 56 60 60 51 37 21 7 -3 -10 -17 -29 -43 -57 -64 -62 -52 -40 -28 -19 -9 3 16 29 39 48 55 60 60 52 38 21 6 -4 -10 -17 -28 -43 -57 -64 -62 -53 -41 -29 -18 -7 5 16 26 37 48 59 64 61 50 33 18 6 -2 -9 -17 -29 -43 -56 -62 -61 -53 -41 -29 -18 -8 2 15 28 39 49 56 60 60 52 38 21 6 -4 -10 -18 -30 -45 -57 -63 -60 -51 -41 -30 -19 -8 4 15 26 38 49 58 61 59 50 36 21 8 -1 -8 -18 -31 -47 -60 -64 -59 -51 -41 -31 -20 -7 7 19 28 36 46 56 62 59 49 34 21 10 297 8422 304 14025
-61 -51 -39 -29 -20 -10 2 15 27 39 50 59 63 60 50 35 19 6 -3 -10 -18 -30 -45 -57 -63 -60 -52 -41 -30 -19 -7 5 17 28 38 49 58 62 59 49 35 20 7 -3 -11 -20 -32 -45 -56 -61 -58 -50 -40 -30 -19 -8 4 14 23 32 43 57 67 68 58 39 19 3 -7 -12 -19 -30 -44 -56 -63 -61 -53 -42 -30 -19 -6 6 17 28 38 48 57 62 60 50 35 19 6 -3 -10 -18 -29 -43 -56 -64 -63 -54 -41 -28 -18 -8 4 16 28 39 48 57 62 61 51 36 19 5 -4 -10 -17 -29 -44 -58 -64 -62 -52 -39 -28 -18 -8 3 15 28 40 50 57 61 59 50 35 18 4 -5 -11 -17 -28 -43 -57 -63 -60 -50 -39 -29 -18 -6 6 16 25 35 47 57 61 56 46 35 23 12 1 -10 -20 -30 -42 -55 -64 -63 -53 -39 -28 -20 -11 1 15 29 40 49 57 63 63 53 36 18 4 -4 -11 -19 -31 -45 -57 -63 -60 -50 -38 -27 -18 -9 2 13 26 38 50 59 63 60 50 36 20 7 -3 -11 -18 -30 -44 -58 -64 -61 -50 -39 -29 -19 -9 4 16 27 36 46 57 63 62 52 36 20 7 -3 -11 -20 -31 -44 -55 -61 -60 -52 -41 -30 -20 -10 2 297 10786 304 14025
-64 -61 -51 -39 -28 -17 -6 6 17 27 37 48 59 64 62 51 36 20 7 -4 -13 -22 -34 -47 -58 -63 -60 -51 -40 -28 -17 -5 7 18 28 38 49 58 62 58 48 34 20 7 -3 -11 -19 -29 -43 -57 -64 -61 -51 -40 -30 -20 -8 5 17 26 34 47 60 69 65 50 31 15 6 0 -8 -19 -32 -45 -57 -63 -62 -54 -41 -29 -18 -8 4 17 30 41 49 57 61 60 51 36 18 4 -4 -10 -18 -30 -45 -58 -65 -62 -53 -41 -29 -18 -8 3 15 28 41 53 61 63 58 48 34 19 7 -2 -10 -19 -31 -45 -58 -64 -61 -52 -40 -29 -18 -7 4 16 27 37 49 58 63 61 50 35 20 7 -1 -9 -19 -32 -46 -58 -63 -61 -53 -42 -31 -19 -6 7 18 28 38 49 59 64 61 50 34 18 5 -3 -10 -19 -31 -45 -57 -63 -61 -52 -40 -28 -17 -6 4 15 26 38 50 61 65 61 49 34 18 6 -4 -13 -22 -33 -46 -57 -63 -60 -50 -38 -26 -17 -8 4 16 28 39 48 57 62 60 50 34 17 4 -4 -11 -19 -31 -45 -56 -61 -59 -52 -41 -30 -18 -6 5 16 27 39 51 60 63 58 46 31 16 5 -3 -9 -18 -30 -44 -55 -60 -58 -51 -41 -29 -17 -5 297 16235 304 14025
58 62 60 51 36 18 4 -6 -13 -20 -32 -47 -60 -64 -59 -49 -38 -28 -17 -5 7 19 30 40 50 58 63 60 49 32 15 2 -6 -11 -20 -33 -47 -58 -61 -56 -48 -39 -29 -19 -7 5 17 29 41 52 59 61 57 47 33 18 4 -5 -11 -16 -28 -45 -61 -69 -63 -50 -35 -24 -16 -7 4 16 29 41 52 60 63 59 48 32 16 4 -5 -11 -20 -33 -48 -60 -64 -59 -49 -37 -26 -16 -6 6 19 30 41 50 57 61 59 49 34 17 3 -6 -12 -19 -32 -47 -60 -65 -60 -49 -37 -26 -15 -4 7 18 29 39 49 57 61 57 47 33 18 5 -4 -11 -19 -31 -46 -58 -64 -60 -49 -37 -26 -17 -7 4 16 27 39 51 60 63 56 43 29 18 11 4 -6 -20 -35 -48 -58 -63 -62 -55 -43 -29 -15 -4 7 18 30 41 52 59 61 58 48 34 19 5 -6 -13 -22 -33 -45 -57 -62 -61 -52 -41 -28 -15 -3 9 19 29 39 50 58 62 58 47 32 16 4 -4 -10 -18 -31 -47 -60 -65 -61 -49 -37 -26 -16 -6 5 18 30 41 52 59 61 57 46 32 17 5 -3 -10 -18 -31 -47 -61 -67 -61 -49 -37 -26 -17 -6 6 19 31 41 51 58 61 57 46 32 18 6 298 4713 304 14025
58 62 58 47 32 16 3 -8 -16 -25 -34 -44 -54 -60 -57 -49 -37 -26 -16 -6 5 18 30 41 51 59 62 58 47 32 17 5 -5 -14 -24 -36 -49 -58 -61 -57 -48 -37 -27 -16 -5 7 20 32 43 52 59 62 57 46 30 14 2 -5 -10 -18 -32 -50 -64 -68 -60 -47 -34 -24 -15 -4 8 21 32 41 50 57 61 57 46 31 16 4 -5 -13 -23 -36 -49 -59 -61 -57 -47 -36 -26 -16 -5 7 18 30 41 52 60 62 57 46 32 17 3 -6 -14 -22 -34 -48 -60 -64 -59 -48 -36 -26 -15 -4 9 20 29 39 50 59 63 58 46 30 16 4 -4 -13 -23 -35 -48 -58 -61 -57 -48 -37 -26 -15 -5 6 17 29 41 53 60 62 56 45 31 17 5 -5 -13 -22 -35 -48 -58 -62 -58 -49 -38 -28 -17 -5 9 21 32 42 51 58 61 57 46 30 16 4 -4 -11 -21 -35 -49 -60 -64 -59 -49 -36 -25 -14 -4 7 18 30 41 51 59 61 57 47 32 16 4 -5 -13 -22 -35 -49 -59 -62 -56 -46 -37 -28 -18 -6 7 20 32 43 53 60 61 55 44 30 16 5 -4 -12 -21 -34 -48 -59 -63 -59 -48 -36 -26 -16 -6 7 20 32 42 51 58 61 58 48 32 16 3 298 10538 304 14025
-61 -63 -55 -44 -32 -21 -11 0 12 25 36 46 54 59 60 54 41 25 9 -2 -9 -14 -24 -38 -53 -63 -64 -56 -44 -32 -21 -11 0 13 24 35 45 55 61 62 55 40 24 9 -1 -7 -14 -25 -41 -55 -62 -61 -54 -45 -36 -24 -11 2 13 22 32 46 61 69 67 54 36 20 8 -1 -9 -17 -27 -39 -52 -61 -62 -55 -43 -31 -22 -13 -2 11 25 37 47 56 61 61 55 42 25 10 -2 -11 -18 -28 -40 -53 -61 -61 -55 -44 -32 -21 -10 1 14 25 34 44 53 60 62 55 41 25 11 0 -8 -17 -29 -43 -55 -62 -61 -53 -43 -33 -22 -10 2 14 24 34 44 54 61 61 54 40 25 11 0 -9 -18 -28 -40 -52 -61 -63 -56 -43 -31 -21 -12 -1 12 25 37 46 55 61 62 55 40 23 9 -1 -9 -17 -28 -40 -52 -60 -62 -57 -45 -32 -19 -8 2 13 25 36 46 53 57 57 52 41 26 12 0 -8 -17 -27 -41 -53 -61 -61 -55 -45 -33 -21 -9 2 13 24 35 46 55 60 59 52 40 25 11 0 -8 -15 -25 -39 -54 -63 -63 -55 -42 -31 -21 -12 -1 10 23 35 47 56 62 61 53 40 25 11 0 -8 -17 -28 -42 -54 -61 -61 -55 -44 -32 -20 -10 300 1382 304 14025
57 61 59 51 38 22 8 -3 -12 -20 -30 -43 -55 -62 -60 -50 -38 -27 -18 -10 1 13 25 35 45 55 61 61 52 37 21 10 3 -4 -14 -30 -47 -60 -65 -62 -53 -41 -30 -20 -9 2 15 27 39 49 57 61 60 52 38 21 7 -2 -7 -14 -27 -45 -61 -68 -64 -52 -40 -29 -20 -9 4 17 28 38 47 56 62 61 52 37 20 5 -4 -10 -16 -27 -42 -57 -65 -63 -54 -41 -30 -19 -8 4 17 28 38 47 56 62 61 52 36 19 5 -3 -9 -17 -30 -45 -57 -62 -59 -51 -41 -30 -19 -7 4 15 25 36 47 57 63 62 52 36 19 4 -4 -10 -16 -27 -42 -55 -63 -62 -54 -42 -30 -18 -7 3 14 26 39 50 58 60 58 50 37 22 8 -3 -11 -18 -29 -43 -57 -64 -62 -53 -41 -29 -18 -7 3 14 25 37 49 59 64 60 50 36 20 7 -3 -10 -19 -31 -44 -56 -62 -60 -52 -41 -30 -18 -6 5 16 26 36 46 56 61 60 52 38 22 8 -3 -11 -18 -29 -43 -56 -62 -60 -52 -41 -31 -20 -8 5 16 26 36 46 56 61 60 52 39 23 7 -4 -11 -18 -28 -43 -56 -63 -60 -51 -41 -33 -23 -10 4 18 28 38 48 57 63 61 51 37 22 7 300 13244 304 14025
-65 -61 -51 -38 -28 -18 -8 5 18 31 41 51 59 63 60 50 34 17 4 -6 -14 -22 -33 -46 -57 -62 -60 -50 -39 -27 -17 -6 6 18 29 39 49 57 62 60 50 36 19 4 -7 -14 -21 -31 -44 -57 -64 -61 -50 -38 -27 -18 -8 5 17 27 36 47 59 68 67 55 35 16 1 -7 -14 -22 -33 -46 -58 -64 -62 -52 -38 -25 -15 -6 5 18 31 42 51 58 61 57 46 31 15 5 -2 -9 -18 -32 -48 -59 -63 -59 -49 -38 -28 -19 -8 5 18 30 40 50 59 64 61 50 32 16 5 -3 -10 -21 -36 -50 -60 -62 -58 -49 -38 -26 -15 -4 7 17 28 39 49 57 61 58 48 32 17 5 -3 -10 -20 -33 -47 -57 -61 -58 -50 -40 -29 -18 -7 5 17 29 41 52 59 62 58 48 34 18 5 -5 -11 -19 -32 -47 -60 -65 -59 -48 -36 -26 -17 -7 4 16 27 39 51 60 63 58 47 33 20 8 -3 -12 -22 -33 -46 -57 -64 -62 -52 -38 -25 -15 -6 5 16 29 40 50 58 63 60 50 34 17 4 -4 -11 -20 -33 -48 -60 -63 -59 -49 -38 -26 -16 -5 6 17 28 39 49 57 61 59 51 36 20 5 -6 -14 -22 -33 -46 -58 -64 -60 -49 -36 -26 -16 -7 301 7723 304 14025
60 62 56 43 27 11 0 -7 -15 -27 -41 -54 -62 -63 -57 -46 -33 -20 -9 1 11 22 34 46 56 61 61 54 42 26 10 -2 -9 -15 -24 -38 -53 -63 -63 -55 -43 -32 -23 -13 -1 10 22 33 45 56 63 64 56 43 26 10 -2 -9 -14 -23 -37 -54 -67 -68 -59 -45 -31 -20 -9 1 13 25 36 47 56 61 60 52 40 25 11 0 -9 -17 -27 -39 -52 -62 -63 -56 -45 -33 -21 -10 1 12 23 34 46 56 63 63 54 41 25 10 -1 -9 -17 -27 -41 -54 -62 -63 -56 -44 -32 -20 -9 2 12 22 33 43 53 60 61 55 43 27 11 -2 -10 -17 -25 -38 -52 -62 -63 -56 -44 -33 -23 -13 -1 12 24 35 45 55 62 63 56 43 26 10 -2 -10 -18 -27 -39 -52 -61 -63 -56 -44 -32 -21 -11 0 12 24 35 45 53 60 62 56 43 27 11 0 -8 -16 -28 -43 -56 -63 -62 -54 -43 -31 -20 -10 1 11 22 34 45 55 60 59 53 41 27 13 2 -6 -15 -26 -41 -54 -63 -62 -55 -45 -35 -25 -13 1 15 26 35 44 53 61 63 57 43 26 10 -2 -10 -18 -28 -41 -54 -62 -62 -55 -43 -31 -21 -11 0 12 24 36 46 54 60 61 55 42 24 9 -2 303 4417 304 14025
60 62 56 43 26 11 -1 -9 -17 -27 -39 -52 -61 -63 -57 -45 -32 -21 -10 0 11 22 35 47 57 62 61 53 39 24 11 0 -8 -16 -26 -39 -52 -61 -62 -55 -45 -33 -22 -12 -1 11 23 35 46 56 62 61 54 41 26 12 -1 -10 -17 -24 -35 -50 -63 -69 -63 -48 -31 -18 -8 1 12 23 35 45 54 61 62 56 42 24 9 -2 -8 -15 -25 -39 -54 -63 -63 -56 -45 -34 -22 -11 1 13 24 35 46 56 62 61 54 41 26 12 0 -8 -17 -27 -41 -54 -63 -63 -55 -43 -31 -21 -12 -1 10 23 35 47 57 62 62 54 41 24 10 -1 -9 -16 -26 -39 -53 -62 -63 -57 -45 -32 -20 -9 2 12 22 33 45 55 61 60 54 42 27 13 0 -10 -18 -27 -39 -53 -63 -64 -57 -44 -32 -22 -12 0 13 26 38 47 54 59 60 54 40 24 9 0 -7 -14 -25 -41 -56 -64 -63 -54 -43 -33 -23 -11 2 15 25 34 43 52 60 62 56 42 25 10 -2 -9 -15 -24 -37 -53 -63 -65 -57 -46 -33 -22 -11 1 13 23 34 45 57 64 64 55 40 23 9 -1 -9 -16 -26 -40 -53 -63 -64 -56 -44 -31 -21 -11 0 12 25 36 47 55 61 61 53 40 25 11 0 303 4767 304 14025
54 60 61 53 40 24 9 -2 -10 -16 -24 -36 -50 -60 -63 -57 -45 -32 -21 -11 0 11 23 34 44 54 61 63 56 41 24 8 -2 -9 -16 -26 -39 -52 -60 -61 -54 -44 -33 -23 -13 -2 11 23 35 45 55 61 62 56 43 26 11 -1 -7 -13 -23 -39 -57 -69 -69 -59 -45 -32 -21 -10 3 16 28 38 47 55 61 61 53 38 22 9 0 -7 -15 -27 -41 -54 -61 -61 -54 -45 -35 -24 -11 2 15 26 36 45 54 60 61 54 40 23 9 0 -6 -13 -25 -40 -54 -63 -64 -57 -45 -32 -21 -10 1 12 24 36 48 56 61 60 52 40 25 11 0 -8 -17 -28 -41 -53 -62 -63 -57 -45 -31 -18 -9 0 10 22 36 47 56 60 61 55 42 24 8 -3 -9 -14 -24 -39 -54 -62 -62 -55 -44 -32 -22 -12 -1 10 23 35 47 57 62 62 55 41 25 9 -1 -8 -16 -27 -41 -55 -64 -64 -56 -43 -30 -18 -8 0 10 21 34 47 56 61 60 53 40 24 10 -1 -8 -15 -26 -41 -55 -62 -61 -53 -43 -32 -22 -11 0 11 21 33 45 57 63 62 54 40 24 10 0 -8 -15 -26 -41 -56 -64 -63 -54 -43 -32 -22 -10 2 14 22 31 43 55 64 65 55 41 24 10 303 5242 304 14025
55 61 62 55 41 25 10 0 -8 -17 -28 -42 -53 -60 -60 -55 -46 -36 -23 -10 2 13 24 36 48 58 63 61 52 38 23 10 1 -7 -15 -27 -41 -56 -64 -65 -57 -44 -31 -20 -10 1 13 25 37 47 55 61 62 56 42 24 7 -2 -6 -12 -25 -44 -60 -68 -64 -53 -42 -32 -21 -9 3 14 24 35 47 58 65 63 53 38 21 7 -2 -9 -16 -26 -41 -56 -65 -63 -54 -42 -31 -22 -12 0 14 27 38 48 56 61 60 52 38 24 11 0 -9 -19 -30 -42 -54 -61 -61 -54 -43 -31 -20 -10 0 12 25 37 47 55 61 62 54 40 23 8 -2 -8 -16 -28 -42 -55 -61 -60 -55 -46 -34 -22 -9 3 14 24 35 47 56 62 61 54 41 24 8 -3 -9 -15 -26 -41 -57 -66 -64 -54 -41 -30 -20 -10 1 14 26 37 47 56 60 59 52 39 23 9 -1 -9 -16 -27 -41 -54 -62 -62 -55 -44 -32 -21 -10 1 14 27 38 48 55 60 59 52 39 22 8 -2 -8 -16 -27 -41 -54 -61 -61 -54 -44 -33 -21 -10 1 12 24 36 48 58 63 61 51 37 23 10 0 -9 -19 -30 -42 -54 -61 -61 -54 -43 -31 -19 -9 2 13 24 35 45 54 60 60 53 39 22 8 303 8791 304 14025
61 60 52 39 23 9 -2 -9 -18 -30 -44 -57 -63 -61 -53 -41 -30 -19 -8 3 14 26 37 48 57 60 58 50 38 24 10 -1 -10 -18 -28 -41 -55 -62 -62 -53 -41 -31 -21 -11 1 14 26 37 47 56 61 61 52 38 22 10 0 -7 -15 -25 -39 -54 -66 -69 -61 -47 -31 -18 -7 4 16 29 41 49 55 59 59 52 39 22 7 -2 -9 -16 -28 -43 -56 -63 -61 -53 -42 -31 -21 -10 2 15 27 37 47 55 61 61 53 38 21 7 -3 -9 -17 -29 -43 -56 -61 -59 -51 -42 -33 -22 -10 3 15 25 36 46 56 62 61 53 38 22 8 -2 -10 -17 -27 -41 -55 -64 -62 -53 -41 -30 -21 -11 1 14 26 38 48 56 62 61 53 39 22 7 -3 -10 -17 -27 -41 -55 -63 -62 -53 -42 -31 -21 -11 0 13 25 37 48 57 62 61 53 39 23 9 -2 -10 -19 -30 -44 -56 -61 -59 -51 -42 -33 -23 -11 3 16 27 36 45 55 61 61 53 38 22 8 -2 -8 -15 -26 -42 -57 -65 -64 -54 -41 -29 -20 -11 1 14 27 38 48 56 60 59 52 39 24 11 0 -10 -21 -32 -44 -54 -60 -60 -55 -44 -31 -18 -7 3 13 25 36 47 56 61 61 53 39 22 6 -4 303 11392 304 14025
56 62 61 52 37 20 7 -2 -8 -16 -28 -43 -56 -62 -60 -52 -41 -30 -21 -10 1 13 25 36 46 56 61 61 53 39 22 8 -1 -8 -16 -28 -42 -55 -62 -62 -55 -44 -31 -19 -7 2 12 23 36 48 58 62 60 53 40 24 8 -3 -9 -14 -24 -42 -60 -69 -66 -53 -40 -29 -20 -9 3 15 26 37 48 58 62 59 49 36 21 8 -2 -10 -17 -27 -41 -54 -62 -62 -53 -41 -30 -20 -9 1 13 24 35 46 56 63 62 54 39 22 7 -2 -7 -14 -26 -43 -58 -66 -63 -54 -42 -31 -21 -9 3 14 25 35 47 58 64 62 53 37 22 8 -1 -9 -17 -29 -43 -56 -63 -62 -53 -42 -31 -21 -10 2 13 24 36 47 58 64 63 54 39 22 8 -3 -11 -19 -29 -42 -55 -62 -61 -53 -42 -30 -21 -11 1 14 27 38 48 55 61 60 53 39 23 8 -1 -9 -16 -28 -42 -55 -63 -63 -56 -45 -33 -21 -10 2 14 27 39 50 58 63 61 53 39 22 8 -2 -10 -19 -31 -46 -59 -65 -61 -52 -40 -29 -18 -7 5 16 26 37 47 56 60 58 49 36 22 10 0 -7 -15 -27 -42 -57 -65 -64 -54 -41 -31 -21 -10 3 17 28 36 45 55 63 63 54 37 20 6 303 12191 304 14025
56 63 62 51 36 19 7 -2 -9 -16 -28 -43 -57 -64 -62 -52 -40 -30 -20 -10 2 15 27 39 50 58 62 59 50 36 20 6 -4 -12 -18 -28 -42 -55 -63 -60 -51 -39 -29 -21 -11 1 15 27 39 49 57 62 61 52 36 19 5 -3 -8 -14 -26 -43 -60 -68 -65 -54 -40 -28 -18 -8 4 16 28 39 48 57 63 62 52 35 18 4 -4 -10 -18 -30 -44 -55 -60 -57 -50 -41 -31 -21 -9 3 14 26 37 47 56 62 62 54 39 21 5 -5 -11 -17 -29 -44 -57 -64 -62 -53 -42 -31 -20 -8 4 16 28 39 49 58 63 60 50 35 20 6 -3 -10 -19 -30 -44 -57 -63 -60 -51 -40 -29 -19 -9 2 14 27 39 50 58 62 60 51 36 20 6 -4 -10 -17 -28 -43 -57 -63 -62 -53 -41 -30 -19 -8 3 15 27 39 50 60 64 60 49 34 18 5 -3 -10 -18 -29 -43 -56 -62 -59 -51 -41 -31 -20 -9 3 15 26 37 48 57 62 60 51 37 21 7 -3 -11 -18 -30 -44 -57 -63 -60 -51 -40 -30 -20 -9 4 16 27 37 47 57 61 60 51 37 22 9 -1 -10 -19 -31 -46 -58 -64 -61 -52 -40 -29 -19 -8 4 16 27 37 48 57 63 61 51 36 20 7 304 3582 304 14025
61 63 58 46 31 17 5 -5 -13 -23 -34 -47 -58 -63 -60 -50 -38 -26 -15 -5 7 18 30 41 50 58 62 58 48 32 16 4 -5 -12 -21 -33 -48 -59 -63 -59 -50 -38 -26 -16 -5 5 16 28 42 53 61 63 58 48 33 16 1 -8 -13 -17 -28 -45 -62 -70 -65 -51 -36 -25 -15 -5 8 21 31 41 50 60 64 60 47 31 16 4 -5 -14 -24 -34 -44 -54 -61 -62 -56 -45 -30 -16 -3 9 20 31 42 52 61 65 61 50 34 17 3 -6 -15 -25 -37 -51 -60 -62 -57 -48 -37 -27 -16 -5 7 19 30 41 51 60 63 59 48 32 16 3 -6 -12 -19 -31 -47 -60 -65 -61 -50 -38 -27 -17 -5 7 19 30 39 48 57 62 60 51 36 18 4 -6 -14 -22 -33 -47 -59 -65 -61 -51 -38 -26 -15 -5 6 17 29 40 51 59 62 59 49 34 18 4 -5 -12 -20 -33 -48 -61 -65 -60 -49 -38 -28 -19 -7 5 18 30 41 52 61 64 60 50 35 20 6 -4 -13 -23 -35 -49 -61 -66 -62 -52 -39 -28 -17 -5 8 21 32 41 50 59 64 62 50 33 16 3 -5 -12 -22 -35 -49 -60 -64 -60 -50 -39 -27 -16 -5 7 20 32 43 52 59 62 58 47 31 16 4 0 2042 304 15864
58 61 58 46 30 14 2 -5 -11 -22 -37 -51 -60 -62 -58 -49 -38 -26 -15 -4 6 18 31 44 55 62 62 56 45 29 14 2 -6 -12 -20 -33 -49 -61 -65 -60 -50 -39 -28 -17 -4 10 23 34 43 52 59 62 58 48 33 16 3 -7 -14 -21 -32 -48 -63 -70 -65 -51 -35 -22 -12 -3 7 19 31 42 53 61 64 59 47 31 16 4 -5 -14 -25 -38 -51 -60 -63 -58 -49 -37 -26 -15 -3 8 19 29 41 52 61 64 59 48 33 17 4 -6 -14 -23 -35 -49 -61 -65 -60 -49 -36 -25 -14 -3 8 20 31 42 53 61 64 59 46 29 14 2 -5 -12 -22 -36 -50 -60 -62 -57 -48 -38 -27 -16 -5 7 19 31 42 53 60 63 58 47 31 15 2 -7 -13 -21 -34 -49 -61 -65 -59 -49 -38 -27 -15 -2 10 20 31 43 54 62 63 55 42 28 15 4 -6 -14 -23 -34 -46 -58 -63 -60 -51 -38 -26 -14 -3 8 20 31 43 53 62 64 58 46 30 15 3 -6 -14 -23 -36 -50 -61 -64 -60 -49 -36 -24 -14 -4 7 20 32 43 54 61 64 59 47 31 14 1 -7 -14 -23 -35 -50 -62 -65 -60 -48 -35 -24 -14 -4 7 20 33 45 54 60 62 58 47 31 15 2 0 5442 304 15864
57 59 55 45 30 14 1 -7 -13 -23 -38 -53 -63 -64 -58 -47 -36 -24 -12 0 12 23 33 43 53 59 61 56 44 28 13 1 -7 -13 -22 -36 -52 -63 -64 -58 -47 -35 -25 -14 -1 11 23 34 45 54 60 59 54 43 30 15 2 -7 -14 -21 -34 -51 -66 -71 -63 -47 -32 -21 -11 0 12 24 35 44 53 61 63 56 42 25 10 -1 -8 -15 -24 -37 -50 -60 -63 -58 -47 -35 -23 -12 -2 9 21 33 45 54 60 61 56 45 29 12 0 -8 -14 -24 -39 -53 -63 -63 -55 -45 -34 -24 -13 -1 11 21 32 42 52 59 62 58 47 30 13 0 -9 -15 -24 -37 -52 -62 -63 -56 -46 -35 -25 -15 -3 9 22 34 46 56 62 63 56 44 27 12 0 -8 -14 -24 -38 -53 -63 -64 -57 -45 -33 -23 -11 0 12 23 33 41 50 57 60 56 45 29 13 1 -7 -13 -23 -37 -51 -61 -62 -57 -47 -37 -26 -14 -1 11 22 33 44 55 62 62 55 42 26 11 0 -7 -13 -22 -36 -52 -62 -64 -57 -46 -34 -23 -12 -1 10 20 31 43 54 62 62 55 43 29 16 3 -7 -17 -27 -38 -49 -59 -63 -58 -48 -36 -25 -14 -3 10 24 36 46 54 59 60 56 44 29 13 0 1 233 304 15864
58 61 57 48 35 22 10 -1 -11 -21 -33 -46 -58 -64 -62 -53 -40 -28 -17 -7 5 18 30 40 49 56 60 60 52 38 20 5 -5 -12 -20 -32 -47 -59 -64 -60 -51 -41 -30 -19 -7 7 19 30 40 50 59 63 60 50 35 19 5 -4 -11 -19 -31 -46 -61 -68 -64 -52 -38 -26 -16 -7 5 18 29 39 47 56 63 63 53 36 18 5 -2 -9 -19 -34 -48 -59 -63 -60 -53 -43 -31 -18 -6 6 17 30 41 52 59 62 60 51 36 18 4 -5 -10 -18 -31 -47 -60 -65 -60 -51 -41 -30 -19 -6 7 19 29 40 50 58 62 59 50 35 20 6 -4 -12 -20 -32 -46 -58 -63 -60 -50 -39 -28 -18 -8 4 16 28 40 50 58 62 60 51 37 20 5 -7 -15 -22 -32 -44 -56 -63 -61 -52 -40 -29 -18 -7 6 19 31 40 49 57 62 60 49 32 15 3 -4 -9 -17 -30 -46 -59 -64 -60 -51 -40 -29 -18 -6 6 18 30 41 51 58 61 58 49 35 20 6 -4 -11 -20 -32 -47 -60 -65 -61 -51 -39 -28 -18 -7 6 19 31 42 51 59 62 59 49 34 19 5 -4 -12 -20 -33 -48 -61 -66 -62 -50 -36 -23 -13 -4 5 14 25 38 50 59 63 59 49 35 19 6 2 11698 304 15864
61 63 59 47 31 13 0 -8 -14 -23 -36 -50 -60 -61 -55 -47 -37 -27 -15 -2 9 19 30 42 53 60 61 55 45 32 17 4 -6 -13 -22 -35 -50 -61 -64 -58 -47 -36 -26 -15 -3 9 20 30 41 52 60 62 55 44 31 17 5 -5 -13 -21 -33 -49 -63 -68 -62 -48 -34 -23 -15 -6 7 20 33 43 52 59 61 57 47 32 16 3 -7 -14 -23 -34 -48 -59 -63 -59 -49 -36 -25 -15 -4 7 18 30 41 51 59 62 58 47 32 17 4 -5 -13 -23 -35 -49 -60 -64 -60 -49 -36 -24 -15 -5 6 19 33 45 54 59 61 57 48 32 15 1 -8 -14 -22 -34 -49 -60 -62 -57 -48 -37 -26 -16 -5 7 18 31 43 53 61 64 59 48 31 15 1 -7 -14 -23 -36 -50 -61 -64 -59 -48 -36 -25 -15 -4 8 21 33 44 52 58 60 57 47 32 15 2 -8 -14 -23 -35 -49 -60 -63 -58 -48 -36 -24 -13 -2 8 19 30 41 52 59 61 57 47 32 16 2 -7 -14 -22 -34 -48 -59 -63 -59 -49 -38 -26 -14 -2 10 20 30 41 51 59 61 56 45 31 17 5 -4 -12 -22 -35 -50 -62 -65 -59 -47 -36 -25 -16 -5 8 20 32 42 52 59 62 58 47 32 16 3 3 12264 304 15864
53 61 63 57 44 28 14 2 -6 -14 -25 -38 -51 -60 -61 -57 -48 -38 -27 -15 -2 11 23 34 44 53 60 61 56 44 29 14 2 -6 -13 -23 -36 -51 -63 -66 -60 -47 -33 -22 -13 -3 9 22 34 43 51 58 61 58 46 30 14 4 -3 -10 -24 -42 -59 -68 -67 -57 -44 -32 -22 -12 -1 12 23 32 41 51 59 63 59 45 28 11 0 -7 -14 -23 -37 -51 -62 -64 -58 -46 -34 -23 -13 -2 9 21 33 44 54 61 63 56 41 25 11 2 -4 -11 -22 -37 -52 -62 -63 -57 -47 -35 -24 -13 -2 10 21 32 42 52 59 62 57 45 28 12 0 -8 -14 -23 -35 -48 -58 -62 -58 -49 -37 -25 -13 -1 10 20 31 42 52 60 62 57 44 28 13 2 -6 -13 -22 -35 -49 -60 -63 -59 -49 -37 -27 -15 -3 11 24 35 44 52 58 61 57 44 28 13 2 -6 -14 -25 -38 -50 -58 -61 -58 -50 -38 -24 -11 0 10 20 31 43 53 59 60 56 46 31 15 1 -9 -16 -24 -36 -50 -61 -64 -58 -46 -33 -22 -13 -3 8 21 33 43 52 59 63 58 45 28 10 -1 -7 -12 -22 -36 -52 -62 -62 -56 -46 -35 -25 -15 -3 10 22 33 44 53 60 61 55 43 28 13 4 1354 304 15864
61 61 53 40 26 13 2 -6 -14 -24 -37 -52 -62 -64 -56 -42 -30 -23 -16 -7 6 22 35 46 54 61 63 58 45 28 12 1 -8 -16 -26 -39 -52 -61 -63 -57 -46 -34 -24 -13 -2 11 24 35 45 54 60 61 55 43 27 12 1 -7 -13 -22 -36 -53 -65 -68 -61 -47 -34 -23 -12 -1 12 26 37 47 55 61 61 53 41 25 12 1 -8 -16 -25 -37 -51 -61 -64 -58 -47 -34 -22 -12 -1 11 23 34 45 54 61 62 56 42 26 11 0 -8 -15 -26 -39 -52 -62 -63 -56 -44 -32 -21 -12 -2 10 22 34 44 53 59 61 56 43 27 12 2 -5 -14 -25 -40 -53 -61 -62 -57 -48 -36 -24 -11 1 12 22 34 46 56 62 62 54 42 27 12 0 -8 -15 -25 -39 -53 -62 -63 -57 -46 -36 -25 -13 0 12 24 35 46 56 62 61 54 41 27 12 1 -8 -16 -26 -40 -54 -64 -64 -56 -44 -32 -21 -11 0 11 21 32 43 54 62 63 56 43 27 13 1 -8 -15 -25 -39 -54 -64 -66 -58 -45 -33 -22 -12 -1 11 24 36 47 56 62 61 54 41 25 11 1 -7 -15 -26 -39 -53 -62 -63 -57 -46 -33 -22 -12 0 12 24 35 44 53 59 62 56 44 27 10 -1 4 8455 304 15864
-62 -53 -42 -32 -23 -12 1 14 25 35 45 55 62 61 53 40 25 12 0 -10 -19 -29 -41 -53 -61 -62 -56 -44 -32 -21 -10 1 12 25 37 49 58 62 60 52 40 25 11 -1 -11 -19 -28 -41 -55 -64 -63 -54 -42 -31 -21 -11 1 13 24 34 45 57 66 68 58 40 21 6 -3 -9 -17 -29 -43 -56 -63 -62 -54 -42 -31 -21 -11 1 14 26 36 47 56 62 62 54 39 22 9 0 -7 -16 -27 -42 -55 -62 -62 -55 -44 -32 -21 -10 1 12 24 35 47 57 63 63 55 40 22 7 -3 -9 -16 -26 -41 -54 -62 -62 -54 -43 -32 -21 -10 0 11 23 34 46 55 61 61 53 41 25 10 -1 -9 -15 -25 -39 -53 -62 -62 -55 -45 -34 -22 -11 0 11 22 33 46 58 64 63 53 39 23 11 1 -7 -15 -26 -40 -53 -62 -63 -57 -45 -32 -20 -10 1 12 23 34 45 54 60 61 55 42 26 10 -1 -8 -15 -25 -40 -54 -63 -63 -55 -45 -34 -22 -10 3 15 25 35 44 53 60 61 55 41 25 9 -2 -9 -15 -25 -39 -53 -62 -63 -56 -44 -32 -21 -10 0 10 21 34 47 59 65 64 55 41 24 9 -3 -11 -18 -28 -41 -55 -63 -62 -53 -42 -31 -21 -11 1 5 109 304 15864
62 62 55 40 23 9 -2 -8 -15 -26 -41 -55 -63 -62 -54 -43 -32 -22 -11 1 13 24 35 46 55 61 60 53 40 24 9 -2 -9 -15 -25 -39 -54 -64 -65 -57 -45 -33 -21 -9 2 13 25 37 48 57 61 57 50 39 26 12 -2 -12 -17 -24 -36 -52 -66 -68 -57 -41 -28 -20 -13 -2 12 26 36 45 54 62 64 58 43 25 9 -1 -8 -16 -27 -42 -56 -64 -64 -56 -45 -33 -21 -10 1 12 22 34 46 58 65 64 56 43 27 13 0 -10 -20 -31 -44 -56 -64 -63 -56 -44 -32 -20 -9 2 13 24 36 48 57 63 62 54 40 24 10 0 -7 -14 -25 -41 -57 -65 -64 -56 -45 -34 -23 -10 3 16 26 35 45 55 63 63 56 41 25 10 -2 -10 -18 -29 -42 -55 -63 -62 -54 -43 -32 -22 -10 2 14 25 35 45 54 60 60 53 41 27 13 1 -9 -19 -30 -42 -55 -62 -63 -56 -45 -33 -22 -10 2 15 27 38 48 57 62 61 52 38 22 8 -2 -9 -17 -28 -41 -53 -61 -62 -55 -45 -32 -19 -8 3 13 23 35 47 58 64 62 53 38 23 8 -3 -12 -20 -29 -40 -53 -61 -62 -55 -42 -29 -19 -10 0 12 25 38 48 56 61 61 54 39 22 6 -4 5 771 304 15864
55 62 63 56 42 25 9 -2 -9 -15 -23 -37 -51 -62 -64 -57 -45 -32 -22 -13 -2 11 24 35 44 53 59 61 56 43 27 11 -1 -8 -15 -25 -37 -50 -60 -62 -58 -48 -35 -22 -11 -1 9 21 33 46 56 61 60 55 44 29 12 -2 -9 -13 -20 -34 -53 -68 -69 -59 -45 -32 -22 -12 1 15 25 32 41 52 62 65 58 43 26 11 0 -8 -16 -25 -38 -52 -62 -64 -58 -46 -34 -23 -13 -1 11 23 35 45 54 61 62 57 44 28 13 1 -8 -16 -27 -41 -55 -64 -64 -56 -44 -32 -22 -11 0 10 21 33 45 57 63 63 55 42 28 13 0 -10 -19 -28 -39 -51 -60 -62 -56 -45 -33 -22 -13 -3 9 22 35 46 56 62 62 55 42 27 12 0 -9 -16 -25 -37 -51 -61 -64 -58 -46 -34 -24 -14 -3 10 23 35 46 55 62 63 58 45 27 11 -1 -9 -17 -26 -39 -52 -61 -63 -57 -47 -34 -22 -10 1 11 22 34 45 56 61 61 53 41 27 13 1 -8 -16 -26 -38 -52 -61 -63 -57 -46 -34 -22 -11 0 11 22 33 44 54 60 60 54 42 27 13 2 -7 -14 -24 -38 -52 -62 -64 -57 -45 -33 -23 -14 -3 9 22 34 45 56 62 63 56 43 26 11 7 12702 304 15864
60 62 57 46 31 15 3 -6 -12 -20 -31 -46 -59 -65 -61 -50 -37 -26 -16 -5 6 18 30 41 51 60 64 60 48 32 16 4 -5 -13 -22 -34 -48 -59 -63 -60 -50 -38 -26 -15 -4 8 20 31 41 50 58 61 58 48 33 17 4 -5 -12 -19 -31 -46 -61 -68 -65 -52 -37 -24 -14 -4 7 19 31 41 51 59 63 59 48 32 17 4 -5 -13 -23 -36 -49 -59 -64 -60 -50 -37 -24 -13 -3 7 17 28 40 51 60 64 60 49 33 16 2 -7 -14 -21 -32 -46 -60 -66 -62 -51 -37 -26 -16 -5 7 20 33 43 52 59 61 57 47 32 17 5 -5 -13 -23 -35 -48 -59 -63 -59 -49 -38 -27 -17 -5 7 20 32 43 52 60 63 58 46 30 15 4 -4 -11 -22 -36 -50 -60 -62 -57 -48 -38 -28 -17 -5 7 20 31 41 50 58 63 61 51 35 18 4 -7 -15 -24 -37 -50 -60 -64 -60 -50 -37 -25 -14 -3 9 20 31 41 50 58 61 58 48 33 17 4 -4 -12 -22 -35 -50 -61 -65 -60 -50 -37 -25 -14 -4 8 19 31 43 52 59 61 58 48 32 15 2 -6 -12 -20 -33 -49 -61 -65 -59 -48 -36 -26 -16 -4 7 18 29 40 52 61 64 59 47 31 16 4 13 3796 304 15864
-65 -58 -44 -32 -22 -14 -2 11 25 35 44 53 60 63 57 44 27 12 1 -9 -17 -27 -39 -51 -60 -63 -58 -47 -34 -22 -11 -2 9 21 34 45 56 63 64 57 43 27 11 0 -9 -17 -27 -39 -52 -61 -62 -56 -45 -34 -23 -13 -2 9 20 31 43 55 66 69 62 45 25 8 -2 -9 -16 -28 -42 -56 -64 -63 -56 -45 -32 -20 -8 2 12 21 32 43 54 61 61 55 42 27 12 0 -9 -16 -24 -37 -51 -62 -65 -58 -46 -33 -22 -13 -2 10 24 37 47 56 61 62 56 42 24 7 -3 -8 -13 -23 -38 -52 -61 -61 -54 -44 -34 -25 -15 -4 9 22 36 49 59 63 61 54 42 27 11 -1 -10 -16 -25 -37 -52 -63 -65 -58 -46 -33 -23 -12 -1 13 26 36 45 54 61 64 58 42 24 8 -1 -7 -14 -26 -42 -55 -63 -62 -55 -44 -33 -22 -11 -1 10 22 35 47 57 62 61 55 43 27 11 -1 -9 -16 -26 -40 -54 -63 -63 -55 -44 -33 -23 -12 0 13 24 34 45 55 63 63 55 41 25 10 0 -9 -16 -26 -38 -52 -61 -64 -58 -46 -33 -22 -12 -1 11 24 36 47 56 61 61 54 42 26 12 0 -8 -16 -26 -39 -53 -62 -64 -58 -46 -33 -21 -11 -1 17 15447 304 15864
58 61 58 49 36 21 8 -3 -11 -18 -28 -42 -56 -64 -63 -54 -41 -29 -19 -8 3 16 28 39 49 56 60 58 49 36 21 8 -2 -10 -17 -28 -42 -56 -63 -61 -52 -40 -29 -19 -9 2 14 25 36 45 54 61 62 56 43 25 8 -4 -12 -18 -28 -43 -59 -68 -65 -54 -40 -28 -17 -8 3 15 26 37 48 58 64 62 52 36 20 7 -2 -8 -18 -32 -48 -62 -66 -61 -49 -38 -28 -19 -8 5 18 29 38 47 56 61 59 49 35 20 8 -2 -10 -19 -30 -43 -55 -62 -61 -52 -40 -29 -19 -9 2 15 27 38 48 56 61 61 53 39 22 7 -4 -12 -20 -31 -44 -56 -62 -60 -52 -41 -30 -20 -9 3 15 27 38 48 57 62 60 52 38 22 8 -4 -11 -19 -29 -44 -58 -65 -62 -52 -40 -30 -21 -10 2 16 28 39 49 58 63 61 51 36 20 6 -4 -11 -19 -30 -44 -57 -64 -61 -51 -39 -29 -20 -10 3 17 29 39 47 55 59 59 53 40 23 7 -4 -12 -19 -30 -43 -56 -63 -61 -52 -41 -31 -20 -9 4 16 27 37 49 59 64 61 51 36 21 7 -3 -12 -20 -31 -44 -56 -63 -62 -53 -41 -29 -18 -8 4 16 28 38 47 55 61 60 52 38 21 6 22 4487 304 15864
58 60 56 45 31 15 3 -6 -14 -24 -38 -51 -60 -61 -55 -46 -36 -26 -16 -4 8 20 31 42 52 60 62 57 46 31 16 3 -7 -15 -24 -37 -50 -60 -62 -57 -48 -37 -25 -14 -2 9 19 30 42 53 59 59 54 45 35 24 10 -4 -16 -27 -38 -52 -64 -68 -62 -48 -34 -23 -13 -3 9 22 33 44 53 61 63 58 45 29 13 1 -8 -15 -23 -35 -49 -61 -64 -58 -46 -35 -25 -16 -5 9 23 34 43 51 59 62 58 46 29 14 3 -5 -13 -23 -37 -51 -62 -65 -59 -48 -35 -24 -15 -4 8 23 35 45 52 58 60 57 46 30 14 2 -6 -13 -23 -36 -50 -61 -64 -59 -49 -37 -25 -13 -2 10 22 34 45 54 59 60 55 44 28 13 2 -6 -13 -23 -36 -50 -61 -63 -57 -47 -35 -23 -13 -3 7 18 29 42 54 63 64 56 43 28 14 3 -6 -15 -25 -37 -50 -59 -62 -57 -47 -35 -24 -14 -3 8 20 32 43 52 59 61 57 46 31 14 2 -6 -13 -22 -36 -51 -61 -63 -57 -47 -37 -27 -16 -3 10 22 33 43 52 59 61 56 45 30 15 4 -5 -13 -23 -37 -51 -61 -64 -59 -48 -36 -24 -12 -1 9 19 30 43 55 63 64 56 43 27 13 2 27 2516 304 15864
54 58 59 52 39 23 7 -4 -11 -17 -28 -43 -57 -64 -62 -52 -40 -29 -19 -8 4 16 27 38 48 56 61 59 50 37 22 9 -1 -10 -20 -31 -43 -54 -61 -61 -54 -43 -30 -19 -8 2 13 25 38 49 58 62 60 52 40 25 10 -2 -11 -19 -30 -45 -60 -68 -65 -54 -39 -26 -16 -7 4 15 27 38 48 56 61 60 52 38 21 7 -4 -10 -17 -29 -43 -57 -65 -62 -53 -41 -29 -19 -8 3 15 27 38 49 58 63 61 51 36 21 7 -3 -11 -19 -30 -44 -57 -64 -62 -53 -41 -29 -19 -9 3 17 29 40 48 56 61 60 52 37 20 6 -3 -10 -17 -29 -45 -58 -64 -61 -51 -40 -30 -20 -9 3 16 28 38 47 55 61 62 54 39 21 6 -4 -12 -20 -31 -43 -54 -60 -59 -53 -43 -32 -20 -8 3 14 26 37 49 59 63 61 51 37 21 8 -3 -11 -19 -30 -44 -56 -62 -60 -52 -42 -31 -20 -9 4 16 27 38 48 57 62 61 52 37 20 7 -2 -9 -17 -29 -44 -58 -65 -63 -53 -40 -29 -18 -8 4 16 27 37 46 55 61 61 53 38 22 8 -2 -9 -18 -31 -46 -58 -64 -62 -52 -40 -28 -18 -9 2 15 27 39 49 57 62 61 52 37 20 5 32 1494 304 15864
-62 -56 -46 -35 -25 -16 -5 7 20 32 43 54 61 63 58 45 29 14 2 -7 -15 -25 -38 -51 -61 -63 -58 -48 -36 -24 -13 -2 10 21 32 43 53 61 63 56 42 26 13 3 -4 -12 -24 -38 -52 -61 -62 -56 -45 -35 -25 -16 -5 8 20 30 39 50 61 68 65 51 31 12 -1 -9 -15 -25 -39 -52 -61 -63 -58 -48 -36 -24 -13 -2 9 21 33 45 55 61 61 57 46 31 14 0 -9 -15 -23 -35 -50 -62 -66 -60 -48 -34 -22 -11 -2 9 20 32 44 55 62 62 56 44 29 15 2 -8 -16 -25 -37 -50 -60 -63 -58 -47 -35 -24 -14 -3 9 21 33 43 53 60 62 56 44 29 15 3 -7 -15 -25 -37 -50 -60 -63 -59 -50 -37 -25 -13 0 12 23 34 44 53 60 61 56 43 27 12 1 -6 -13 -22 -36 -51 -61 -63 -57 -47 -36 -25 -14 -2 10 21 32 43 54 63 65 57 42 25 11 2 -4 -11 -22 -37 -51 -61 -63 -58 -49 -38 -26 -13 -1 11 21 31 42 54 63 65 58 44 27 12 1 -7 -14 -25 -38 -51 -60 -61 -56 -46 -36 -25 -14 -2 9 21 32 43 53 61 63 57 45 29 13 1 -7 -15 -24 -37 -50 -59 -61 -55 -46 -36 -26 -15 -3 37 11 304 15864
59 62 58 48 34 19 7 -3 -10 -20 -33 -47 -58 -63 -60 -52 -41 -29 -17 -5 6 18 29 41 51 58 61 58 49 35 19 5 -5 -12 -20 -32 -45 -57 -62 -59 -50 -39 -28 -18 -8 3 16 28 41 51 57 58 56 49 37 23 9 -2 -8 -16 -29 -46 -61 -68 -64 -53 -40 -29 -18 -8 4 17 29 41 52 60 64 61 51 35 18 4 -5 -12 -21 -33 -47 -58 -62 -59 -51 -40 -29 -18 -7 5 17 30 42 52 59 61 58 49 36 20 5 -5 -12 -20 -31 -46 -59 -64 -60 -51 -39 -28 -17 -6 6 17 28 39 50 59 63 60 50 34 18 5 -5 -12 -20 -32 -46 -58 -63 -60 -50 -39 -29 -19 -8 4 17 29 41 51 59 63 59 49 34 19 6 -4 -12 -21 -33 -46 -58 -65 -62 -52 -38 -26 -15 -6 5 17 29 40 50 58 61 58 48 34 19 7 -2 -11 -21 -33 -47 -57 -62 -60 -51 -40 -29 -18 -7 6 18 30 40 49 57 61 58 49 35 20 8 -2 -11 -20 -32 -45 -58 -64 -63 -53 -39 -27 -17 -9 2 16 30 42 51 58 62 61 52 37 19 5 -6 -14 -22 -34 -47 -58 -63 -61 -52 -39 -27 -16 -6 5 18 31 42 50 56 60 58 49 35 19 5 42 6726 304 15864
61 61 54 42 29 16 3 -8 -18 -28 -40 -52 -61 -63 -56 -44 -33 -24 -15 -4 10 23 35 46 56 63 65 58 43 25 10 0 -7 -15 -26 -40 -53 -62 -63 -57 -46 -34 -23 -11 0 12 23 35 45 54 60 61 55 43 28 12 0 -8 -13 -20 -34 -52 -67 -72 -65 -49 -33 -20 -10 2 14 26 36 45 54 62 64 57 42 25 9 -1 -9 -17 -28 -40 -53 -61 -62 -55 -44 -32 -22 -13 -2 11 23 35 45 55 62 63 56 42 25 10 0 -8 -16 -26 -38 -51 -61 -64 -59 -47 -34 -21 -10 0 11 23 34 45 54 61 62 57 44 28 11 -2 -11 -17 -26 -39 -51 -60 -62 -57 -47 -35 -23 -11 2 13 24 34 45 55 62 62 54 41 25 11 0 -7 -15 -26 -40 -54 -62 -62 -55 -44 -34 -24 -13 0 13 25 35 45 54 60 62 55 42 25 10 0 -7 -15 -25 -40 -54 -62 -62 -54 -44 -33 -23 -13 -1 10 22 34 46 56 63 62 55 42 27 13 1 -9 -17 -27 -39 -52 -62 -64 -57 -44 -32 -22 -13 -2 11 24 35 45 54 61 62 55 43 27 12 1 -7 -14 -25 -39 -54 -63 -64 -57 -46 -35 -24 -13 0 14 26 36 45 55 62 63 56 42 25 10 0 47 6480 304 15864
58 63 61 51 36 21 7 -3 -11 -19 -31 -45 -58 -65 -63 -53 -41 -29 -17 -6 6 18 30 39 48 56 60 60 52 37 20 5 -5 -12 -19 -30 -44 -57 -64 -61 -50 -37 -26 -17 -9 1 13 26 39 50 58 62 60 50 35 18 5 -3 -8 -15 -27 -44 -60 -68 -64 -53 -39 -28 -19 -11 2 16 30 42 51 58 63 61 51 36 19 5 -5 -12 -20 -32 -45 -56 -62 -60 -53 -41 -29 -17 -7 4 16 28 39 49 57 62 60 51 37 19 5 -5 -11 -18 -29 -44 -57 -63 -61 -53 -42 -30 -19 -8 4 17 29 40 51 59 63 61 51 36 19 4 -7 -14 -21 -31 -45 -57 -63 -59 -49 -38 -27 -18 -8 3 16 28 40 50 57 61 58 49 35 20 7 -3 -10 -18 -29 -44 -57 -64 -62 -53 -40 -28 -17 -7 4 16 28 39 48 56 61 59 51 36 20 8 -1 -8 -18 -32 -47 -59 -63 -60 -52 -42 -31 -19 -7 6 18 29 39 49 57 61 59 50 37 22 8 -2 -10 -19 -32 -47 -59 -64 -61 -52 -40 -29 -19 -8 4 16 28 39 50 59 63 61 51 36 19 6 -4 -11 -20 -32 -45 -57 -63 -61 -51 -39 -28 -19 -9 2 16 29 40 50 57 61 60 51 37 20 6 52 1433 304 15864
59 61 56 45 29 14 1 -8 -15 -25 -39 -53 -62 -63 -56 -45 -33 -22 -13 -3 8 20 33 45 56 63 63 56 43 27 12 0 -9 -16 -25 -38 -52 -60 -61 -55 -46 -37 -26 -14 0 12 23 33 44 55 61 61 54 43 29 14 0 -10 -16 -21 -32 -48 -64 -69 -61 -46 -32 -22 -14 -3 10 23 34 43 53 61 64 58 43 26 11 1 -6 -13 -24 -38 -53 -62 -64 -57 -46 -34 -23 -13 -3 8 20 34 47 56 61 61 55 45 31 15 1 -9 -16 -25 -37 -53 -64 -65 -57 -44 -33 -24 -15 -3 10 22 34 46 56 63 63 55 42 27 13 1 -8 -16 -26 -38 -52 -61 -63 -56 -45 -33 -23 -13 -1 10 22 32 43 54 62 63 57 44 28 13 1 -8 -16 -27 -39 -51 -60 -62 -58 -48 -35 -23 -11 0 10 22 33 45 55 61 62 55 42 27 12 1 -7 -14 -25 -39 -53 -63 -63 -56 -45 -33 -23 -13 -2 11 24 35 45 54 60 61 54 41 24 9 -1 -6 -11 -20 -34 -50 -62 -64 -58 -47 -35 -24 -14 -4 9 22 34 46 56 62 62 55 42 27 12 1 -6 -13 -23 -37 -52 -62 -65 -59 -48 -35 -23 -12 -1 11 22 34 45 55 61 62 55 44 28 13 1 57 1937 304 15864
58 62 60 51 35 18 3 -7 -13 -20 -31 -45 -58 -65 -62 -52 -39 -27 -17 -6 5 16 28 39 50 59 63 60 50 34 17 4 -4 -10 -18 -30 -46 -61 -67 -64 -54 -40 -27 -15 -5 6 17 29 42 54 61 63 58 49 35 20 6 -5 -12 -20 -33 -49 -63 -68 -62 -49 -36 -26 -17 -8 5 18 30 42 52 59 63 60 51 37 21 5 -6 -14 -23 -35 -49 -61 -65 -60 -49 -38 -28 -18 -5 8 20 30 40 50 58 61 58 49 35 20 6 -5 -12 -20 -32 -46 -58 -63 -59 -49 -39 -31 -21 -9 6 20 31 40 50 60 64 60 48 32 16 5 -3 -11 -20 -32 -46 -59 -65 -61 -51 -38 -27 -17 -8 4 17 29 40 48 56 62 60 51 35 18 4 -4 -10 -18 -31 -46 -58 -64 -61 -53 -42 -30 -19 -8 4 16 29 40 51 60 64 62 52 36 19 5 -4 -10 -18 -31 -47 -60 -66 -62 -52 -41 -30 -19 -7 6 18 29 39 50 58 63 61 53 39 23 8 -4 -13 -23 -35 -50 -61 -64 -60 -51 -40 -30 -19 -6 7 18 29 40 52 61 65 60 49 33 17 3 -6 -13 -20 -31 -44 -57 -62 -59 -50 -39 -29 -19 -7 6 18 28 39 50 60 64 60 47 32 18 7 62 5040 304 15864
61 63 57 43 26 10 -1 -8 -15 -24 -36 -50 -60 -62 -57 -47 -36 -25 -15 -3 10 24 35 45 54 60 61 55 42 26 12 3 -4 -12 -24 -39 -53 -62 -63 -57 -46 -36 -26 -16 -4 10 24 36 47 57 63 63 55 41 25 11 1 -7 -15 -24 -37 -51 -64 -69 -62 -46 -27 -14 -7 -1 7 19 31 42 51 58 61 57 44 27 12 2 -4 -11 -23 -39 -53 -61 -62 -56 -47 -36 -24 -13 -2 10 22 33 44 53 60 62 57 45 27 11 0 -6 -11 -22 -39 -55 -64 -63 -55 -45 -35 -25 -14 -2 10 21 33 44 55 61 62 57 44 28 12 -1 -8 -13 -23 -37 -53 -64 -64 -56 -44 -34 -24 -14 -2 11 23 33 44 54 61 62 56 43 28 13 2 -7 -14 -24 -37 -52 -62 -64 -58 -48 -36 -25 -13 0 13 24 33 43 53 61 63 57 44 27 13 2 -6 -13 -25 -40 -54 -64 -64 -56 -46 -35 -26 -15 -2 13 26 37 46 54 59 61 56 44 28 11 -1 -9 -15 -23 -36 -50 -62 -64 -58 -47 -34 -23 -12 -2 10 22 34 45 54 60 61 55 43 27 13 2 -6 -13 -24 -38 -53 -63 -64 -57 -47 -35 -24 -13 -1 11 23 34 44 54 60 62 56 44 27 12 1 66 13578 304 15864
58 62 60 51 37 22 7 -4 -12 -19 -28 -41 -56 -65 -63 -53 -40 -30 -21 -12 1 15 28 39 48 57 63 63 53 37 20 7 -2 -9 -18 -31 -45 -57 -64 -62 -55 -44 -32 -21 -10 3 16 29 41 50 59 64 62 53 38 20 5 -4 -10 -16 -27 -43 -59 -68 -66 -55 -41 -28 -18 -9 2 15 28 40 49 57 61 60 53 39 23 8 -3 -11 -19 -31 -45 -57 -64 -62 -54 -43 -31 -19 -7 5 16 27 38 48 57 62 61 53 38 21 6 -3 -10 -17 -29 -44 -57 -64 -63 -54 -43 -31 -19 -7 5 17 28 39 50 58 63 61 51 36 19 5 -4 -10 -19 -31 -46 -57 -62 -60 -53 -43 -31 -19 -7 5 16 27 38 49 58 62 60 51 37 22 8 -2 -10 -19 -31 -45 -57 -64 -63 -55 -43 -30 -18 -7 4 16 28 41 51 58 61 59 50 36 19 5 -4 -8 -15 -27 -43 -58 -64 -62 -53 -42 -32 -21 -9 4 17 28 38 48 56 62 61 52 37 21 8 0 -8 -18 -32 -48 -59 -64 -61 -54 -43 -31 -18 -6 6 16 27 38 50 59 63 60 50 35 19 5 -4 -11 -18 -30 -44 -56 -63 -62 -54 -42 -29 -17 -6 5 16 27 40 50 58 61 59 50 37 21 7 71 13281 304 15864
61 63 56 43 26 11 0 -7 -13 -22 -35 -49 -60 -63 -58 -48 -35 -22 -10 0 10 20 31 43 53 60 60 54 41 27 14 3 -5 -13 -24 -38 -52 -61 -62 -56 -45 -33 -22 -13 -3 7 19 31 43 53 59 61 56 47 32 16 2 -8 -15 -23 -36 -51 -64 -68 -61 -47 -32 -20 -11 -1 9 21 32 43 53 60 62 57 45 29 15 3 -5 -13 -24 -39 -53 -63 -64 -58 -48 -36 -25 -13 -2 9 20 32 45 57 64 64 55 42 27 14 3 -5 -14 -24 -39 -54 -64 -66 -58 -45 -32 -23 -13 -2 10 22 32 41 51 59 63 58 45 29 13 1 -8 -15 -24 -37 -50 -60 -63 -57 -46 -34 -24 -15 -4 9 22 33 43 52 59 62 57 45 28 12 1 -7 -13 -23 -36 -50 -60 -63 -58 -48 -35 -22 -11 -1 8 18 30 43 55 62 63 57 44 28 13 1 -8 -16 -26 -39 -52 -60 -61 -54 -44 -33 -23 -12 -2 9 19 30 42 53 60 62 55 43 29 14 3 -6 -14 -24 -37 -50 -60 -63 -58 -48 -37 -25 -14 -2 10 23 34 45 54 60 61 57 45 29 14 2 -6 -14 -24 -38 -53 -63 -64 -58 -47 -35 -23 -11 0 11 21 30 41 52 60 63 58 46 30 13 -1 76 9135 304 15864
57 63 62 53 37 19 5 -3 -8 -16 -29 -45 -58 -63 -60 -51 -41 -31 -21 -10 2 15 28 40 50 59 62 60 50 36 20 7 -1 -8 -17 -31 -46 -59 -63 -60 -51 -41 -31 -20 -9 3 15 27 38 49 57 60 59 52 40 24 8 -5 -13 -18 -26 -42 -58 -68 -65 -53 -39 -30 -22 -10 5 20 32 39 46 55 62 62 52 35 18 5 -4 -11 -19 -29 -42 -54 -61 -61 -53 -42 -30 -19 -10 2 15 28 39 49 57 62 61 52 38 21 7 -3 -11 -20 -32 -46 -58 -64 -62 -52 -40 -29 -18 -8 3 15 28 39 50 58 63 61 51 37 21 7 -4 -12 -20 -31 -44 -56 -63 -62 -54 -42 -30 -19 -8 4 16 28 40 50 58 63 61 52 37 19 4 -4 -10 -16 -29 -45 -59 -65 -62 -52 -41 -30 -19 -7 5 16 27 38 50 59 64 60 50 35 20 6 -5 -13 -20 -30 -43 -55 -61 -59 -50 -40 -30 -22 -11 2 16 27 37 46 56 63 63 54 38 21 7 -3 -11 -19 -30 -44 -56 -64 -62 -53 -41 -29 -19 -8 3 16 28 38 47 56 61 60 50 35 20 9 0 -8 -18 -30 -43 -55 -62 -61 -52 -40 -28 -19 -11 0 13 26 37 47 54 60 61 54 40 24 10 81 9063 304 15864
55 62 63 56 43 28 13 1 -8 -14 -23 -35 -50 -61 -64 -58 -48 -37 -26 -14 -2 11 22 33 44 54 62 63 56 43 28 14 4 -4 -13 -26 -40 -54 -63 -64 -57 -46 -34 -23 -13 -3 8 20 33 45 55 62 64 58 44 26 10 1 -3 -8 -21 -40 -58 -68 -66 -57 -47 -38 -27 -13 3 16 26 35 44 54 62 63 56 42 25 10 -1 -8 -14 -22 -35 -51 -62 -66 -59 -48 -35 -24 -13 -1 12 24 35 45 55 63 66 60 45 25 8 -3 -8 -13 -24 -39 -54 -64 -65 -58 -47 -35 -23 -11 1 13 23 34 44 53 61 63 59 47 30 12 -1 -9 -16 -25 -39 -53 -63 -64 -58 -47 -36 -24 -11 1 12 23 34 46 56 62 62 55 43 28 14 1 -9 -17 -26 -39 -52 -62 -64 -57 -45 -33 -22 -11 0 12 22 31 41 51 60 64 58 44 27 11 0 -7 -13 -22 -36 -51 -62 -64 -57 -46 -35 -25 -16 -4 10 24 35 45 54 62 64 57 43 25 9 -2 -9 -16 -25 -37 -49 -58 -61 -56 -47 -36 -25 -15 -4 10 23 35 45 54 61 63 57 43 25 9 -2 -7 -13 -23 -37 -51 -60 -62 -58 -48 -36 -24 -12 -1 11 22 34 45 56 62 63 56 43 26 11 86 7316 304 15864
58 61 59 50 36 20 5 -6 -13 -20 -30 -44 -56 -63 -61 -51 -39 -28 -18 -7 5 17 28 38 48 56 62 61 52 36 18 4 -5 -11 -18 -29 -44 -57 -64 -62 -53 -40 -28 -18 -7 4 15 27 39 50 59 63 61 51 35 18 5 -3 -8 -15 -29 -46 -62 -68 -64 -53 -39 -28 -17 -7 5 17 29 40 51 59 63 60 50 35 19 5 -5 -12 -20 -32 -46 -57 -62 -59 -51 -40 -29 -18 -7 5 16 27 39 50 59 62 59 49 35 19 5 -4 -10 -16 -27 -42 -57 -65 -63 -54 -42 -30 -19 -7 5 16 27 38 50 61 66 62 51 36 20 7 -3 -13 -22 -33 -46 -57 -63 -61 -52 -41 -30 -20 -8 4 18 31 42 52 60 63 59 49 33 17 5 -4 -12 -20 -32 -46 -57 -63 -59 -50 -38 -28 -18 -8 3 17 30 41 50 57 60 57 48 34 19 7 -3 -11 -19 -31 -44 -55 -62 -61 -53 -42 -30 -18 -7 5 17 29 39 49 58 62 59 49 34 19 6 -2 -10 -19 -32 -46 -58 -63 -60 -51 -39 -28 -18 -8 3 15 27 39 50 58 63 60 51 36 20 6 -4 -11 -21 -33 -47 -58 -63 -59 -51 -40 -30 -19 -8 4 16 28 40 51 60 64 61 50 35 18 5 91 12295 304 15864
54 60 62 56 42 25 11 2 -6 -15 -26 -40 -53 -61 -63 -57 -46 -33 -21 -11 -2 10 22 35 45 53 58 61 57 46 29 12 0 -7 -13 -23 -38 -54 -63 -64 -57 -47 -36 -25 -14 -1 12 24 35 45 54 61 63 58 45 29 12 1 -7 -13 -24 -42 -59 -70 -69 -58 -42 -29 -19 -10 1 13 24 34 43 53 61 63 57 43 25 9 -1 -9 -16 -26 -39 -51 -60 -61 -56 -46 -35 -23 -12 -1 10 22 34 46 56 62 62 55 43 27 12 0 -9 -17 -26 -39 -52 -61 -63 -56 -45 -34 -24 -13 -2 11 23 34 45 54 61 63 57 44 28 13 1 -8 -17 -28 -40 -52 -61 -63 -58 -48 -35 -22 -11 0 12 24 36 46 54 59 60 55 44 28 13 0 -8 -16 -25 -39 -54 -63 -64 -56 -45 -33 -23 -13 -1 12 24 35 45 53 61 62 56 42 25 11 2 -5 -13 -26 -42 -55 -62 -62 -56 -46 -35 -23 -11 1 12 23 34 44 53 60 61 56 43 27 11 0 -7 -14 -24 -39 -54 -63 -63 -56 -45 -34 -23 -12 -1 11 23 35 45 54 60 61 55 43 27 11 0 -7 -14 -25 -39 -53 -62 -63 -57 -46 -34 -22 -11 0 11 23 34 45 54 60 61 56 43 27 12 96 11749 304 15864
-64 -60 -50 -38 -28 -18 -8 5 19 31 41 50 57 61 59 49 35 18 5 -5 -12 -21 -33 -47 -58 -63 -60 -50 -38 -26 -16 -6 4 16 27 39 50 58 62 58 49 36 21 8 -3 -11 -21 -33 -47 -60 -65 -61 -50 -39 -29 -19 -7 5 17 26 37 50 64 71 67 52 31 13 1 -6 -13 -22 -34 -48 -59 -63 -59 -49 -38 -27 -18 -8 4 18 30 41 51 58 62 60 52 37 20 4 -6 -14 -23 -35 -49 -60 -63 -58 -48 -36 -26 -16 -6 5 16 27 39 50 60 63 60 49 34 18 5 -5 -13 -22 -33 -47 -58 -63 -59 -50 -39 -28 -18 -7 6 18 30 41 50 57 61 58 49 35 19 5 -4 -12 -20 -33 -47 -60 -65 -60 -50 -38 -27 -16 -6 6 18 29 40 50 58 62 58 47 33 18 6 -3 -10 -19 -31 -45 -58 -64 -61 -52 -41 -30 -19 -6 7 21 32 41 50 58 63 60 49 33 16 3 -5 -11 -19 -32 -46 -58 -64 -61 -52 -40 -28 -16 -5 6 17 29 41 51 59 62 59 50 36 19 4 -6 -13 -21 -33 -48 -59 -63 -58 -49 -39 -29 -19 -6 7 19 30 40 50 59 62 58 48 33 18 5 -5 -12 -20 -31 -45 -58 -64 -61 -52 -39 -27 -16 -6 101 14515 304 15864
54 58 57 49 38 24 10 -1 -11 -19 -29 -42 -55 -62 -61 -53 -42 -31 -20 -8 4 16 26 36 46 55 61 60 52 38 23 10 0 -9 -18 -30 -44 -56 -63 -61 -53 -41 -30 -19 -9 1 12 24 36 48 58 63 62 54 40 23 8 -4 -10 -16 -25 -40 -57 -69 -69 -59 -44 -30 -18 -7 5 17 28 39 49 58 63 61 51 36 21 9 -1 -9 -18 -31 -45 -58 -65 -64 -55 -41 -29 -18 -8 3 16 29 39 48 56 62 61 52 36 19 5 -3 -8 -16 -29 -44 -57 -64 -62 -53 -41 -29 -18 -8 2 13 25 37 49 57 61 60 51 38 22 8 -3 -10 -17 -28 -42 -56 -63 -61 -52 -41 -31 -22 -11 1 14 26 38 48 58 63 60 51 38 23 9 -1 -10 -18 -29 -43 -56 -64 -64 -55 -42 -29 -18 -8 2 14 26 37 48 58 63 61 52 36 19 5 -4 -9 -16 -27 -42 -54 -61 -61 -54 -44 -33 -21 -9 3 15 26 38 50 58 63 60 51 36 20 6 -3 -9 -17 -29 -44 -57 -64 -62 -53 -41 -30 -19 -8 3 15 27 39 50 58 62 60 51 37 20 6 -5 -12 -20 -31 -45 -56 -61 -58 -50 -40 -30 -19 -7 4 14 24 34 46 57 64 63 55 40 22 7 107 10822 304 15864
58 62 59 49 35 21 8 -2 -10 -19 -31 -45 -56 -62 -60 -52 -41 -31 -21 -9 4 17 28 39 50 58 62 59 50 36 22 8 -2 -11 -19 -31 -45 -58 -64 -62 -52 -41 -30 -20 -9 5 18 30 40 49 58 63 61 51 35 19 6 -3 -10 -18 -30 -45 -60 -68 -65 -53 -38 -25 -15 -7 3 16 29 40 49 57 62 61 52 35 17 3 -5 -10 -18 -30 -44 -56 -61 -60 -53 -42 -30 -18 -6 5 16 27 38 48 57 61 60 52 38 21 6 -5 -12 -19 -30 -46 -59 -65 -61 -51 -39 -29 -19 -7 6 18 29 38 48 57 62 59 49 34 20 8 0 -9 -19 -33 -47 -59 -64 -60 -51 -40 -29 -17 -6 6 18 28 38 47 56 61 59 49 34 18 6 -3 -9 -18 -30 -44 -56 -61 -60 -52 -42 -31 -19 -7 5 16 27 37 47 55 61 60 52 38 22 7 -3 -11 -19 -30 -44 -56 -62 -61 -54 -44 -32 -19 -6 5 16 26 38 49 58 62 59 51 39 24 8 -4 -13 -21 -31 -45 -58 -64 -61 -50 -38 -28 -19 -9 4 17 28 37 46 56 62 62 53 37 20 6 -4 -11 -20 -32 -45 -56 -61 -59 -51 -40 -29 -19 -9 2 13 26 39 51 60 63 59 49 35 19 6 111 2909 304 15864
59 61 57 44 28 14 3 -4 -12 -23 -37 -51 -61 -64 -59 -48 -35 -23 -12 -2 8 20 32 44 55 61 62 55 42 28 14 4 -5 -14 -25 -39 -50 -58 -61 -57 -49 -37 -24 -12 -2 8 20 32 44 53 58 59 55 45 29 11 -1 -6 -7 -13 -29 -50 -66 -70 -62 -49 -36 -26 -15 -3 10 21 32 44 55 64 65 57 44 28 14 2 -7 -16 -26 -39 -51 -60 -62 -56 -46 -34 -24 -14 -4 8 21 34 45 54 59 60 56 45 30 14 2 -6 -13 -23 -37 -52 -62 -64 -58 -47 -35 -24 -13 -2 9 21 33 44 54 60 61 57 46 30 13 0 -8 -14 -22 -36 -52 -62 -63 -56 -45 -35 -25 -14 -2 10 20 30 41 53 63 65 58 43 27 13 3 -5 -13 -25 -39 -52 -61 -64 -59 -48 -35 -23 -12 -2 10 23 36 47 53 56 56 53 45 31 14 0 -9 -14 -21 -34 -50 -62 -64 -56 -44 -34 -25 -15 -4 9 21 33 44 54 61 62 56 44 29 14 1 -8 -16 -25 -37 -50 -59 -61 -55 -45 -35 -26 -15 -3 11 22 32 41 50 59 63 58 45 29 13 2 -5 -12 -23 -38 -52 -61 -63 -57 -47 -35 -24 -12 -2 9 20 32 44 53 59 60 56 46 31 14 0 116 563 304 15864
59 63 61 51 36 20 6 -4 -12 -21 -32 -45 -58 -64 -61 -51 -39 -27 -17 -8 3 16 28 40 50 58 62 59 50 36 20 7 -2 -10 -20 -32 -47 -58 -64 -62 -54 -42 -29 -16 -4 6 16 27 39 51 59 61 59 51 38 21 4 -8 -13 -16 -27 -45 -63 -70 -64 -50 -37 -27 -18 -6 8 20 29 36 47 57 64 61 50 35 19 6 -5 -13 -21 -31 -45 -60 -67 -63 -49 -32 -21 -15 -9 1 15 29 39 48 55 60 59 50 35 19 7 -2 -9 -19 -32 -46 -58 -62 -59 -50 -39 -29 -19 -9 3 16 28 39 49 57 63 61 52 37 20 6 -3 -11 -19 -32 -46 -59 -65 -63 -53 -40 -27 -16 -7 3 15 28 42 54 61 63 59 49 35 19 5 -5 -13 -20 -30 -44 -58 -65 -63 -53 -39 -26 -16 -7 4 16 29 40 50 57 61 60 51 36 19 5 -4 -10 -19 -32 -48 -60 -64 -60 -50 -39 -29 -18 -6 6 18 28 39 49 58 62 60 50 35 19 5 -5 -12 -19 -30 -44 -57 -63 -61 -51 -40 -29 -19 -8 4 16 28 39 50 59 64 61 51 35 18 5 -4 -10 -19 -31 -46 -59 -65 -62 -52 -40 -28 -17 -6 6 19 30 39 47 56 62 62 53 35 16 2 121 4266 304 15864
59 61 57 45 29 13 1 -7 -14 -25 -39 -53 -62 -63 -57 -48 -36 -24 -12 0 12 23 34 44 52 59 61 57 46 30 13 0 -9 -15 -24 -38 -53 -63 -64 -57 -45 -34 -24 -13 -1 11 22 34 45 56 63 63 55 42 26 11 -1 -9 -15 -23 -36 -52 -65 -69 -61 -45 -28 -15 -7 0 8 20 32 43 52 58 60 55 44 28 13 1 -7 -15 -25 -37 -50 -59 -62 -57 -47 -34 -23 -13 -3 8 21 34 47 55 60 59 54 44 30 15 2 -8 -16 -26 -39 -52 -60 -61 -56 -47 -36 -24 -12 0 11 21 32 44 54 61 61 55 43 28 13 1 -7 -14 -24 -37 -51 -62 -64 -58 -47 -35 -24 -13 -2 10 22 35 46 55 60 61 55 44 29 14 2 -7 -16 -26 -39 -52 -62 -64 -58 -47 -35 -23 -12 -1 11 24 35 45 54 60 61 55 42 26 12 2 -6 -13 -25 -40 -53 -61 -62 -57 -47 -35 -23 -11 0 11 21 33 44 55 61 61 55 43 28 12 0 -9 -15 -24 -37 -51 -60 -61 -55 -46 -36 -26 -14 -1 11 22 31 42 54 62 64 57 44 28 13 1 -7 -15 -25 -38 -52 -63 -64 -57 -45 -33 -23 -14 -4 9 23 35 47 56 62 62 56 43 27 11 -1 126 2770 304 15864
60 62 58 47 31 16 4 -4 -11 -19 -32 -47 -60 -64 -61 -51 -39 -28 -18 -7 5 19 32 43 52 59 63 60 50 34 17 5 -3 -9 -19 -35 -50 -62 -65 -60 -52 -40 -28 -18 -8 2 15 31 48 60 65 63 57 47 34 18 2 -7 -12 -19 -32 -50 -65 -68 -61 -48 -36 -27 -17 -5 9 21 31 41 51 60 63 59 47 32 16 4 -5 -12 -20 -32 -47 -59 -64 -61 -50 -38 -26 -15 -5 5 17 29 41 52 61 64 59 48 32 17 5 -4 -12 -22 -35 -49 -60 -64 -60 -50 -38 -27 -16 -5 7 18 29 40 51 60 63 58 47 31 16 4 -4 -12 -21 -33 -48 -59 -63 -59 -49 -38 -29 -19 -7 6 20 31 41 51 60 63 58 45 29 14 4 -2 -7 -16 -30 -46 -59 -64 -61 -51 -39 -28 -17 -7 5 17 29 41 52 60 63 58 47 32 18 7 -2 -11 -22 -35 -49 -59 -62 -59 -50 -39 -29 -18 -7 6 19 31 43 52 59 62 59 49 34 18 5 -5 -13 -22 -35 -50 -60 -63 -58 -49 -38 -27 -15 -4 7 18 30 42 53 60 62 57 48 34 18 3 -8 -15 -21 -32 -47 -60 -65 -59 -48 -37 -27 -18 -6 8 21 31 41 50 58 62 58 48 33 17 4 131 11723 304 15864
-63 -63 -56 -44 -32 -21 -10 2 14 26 37 48 57 62 60 52 39 24 9 -2 -10 -17 -28 -42 -56 -63 -61 -53 -41 -30 -21 -11 1 13 25 36 46 55 61 61 53 39 23 9 0 -7 -15 -27 -42 -55 -63 -62 -55 -45 -33 -21 -10 0 10 22 36 51 63 68 63 50 35 20 8 -1 -9 -17 -28 -42 -55 -61 -60 -53 -43 -32 -21 -10 2 13 24 35 47 57 62 61 52 38 23 10 0 -9 -17 -29 -43 -56 -63 -61 -53 -41 -29 -19 -10 1 12 23 34 44 53 60 61 55 42 25 9 -3 -10 -16 -25 -39 -55 -65 -65 -56 -42 -29 -19 -10 0 12 24 35 45 54 60 61 54 41 24 9 -1 -7 -14 -26 -41 -56 -65 -63 -54 -42 -30 -20 -11 -1 10 24 37 48 56 61 61 55 43 27 9 -4 -12 -19 -27 -40 -54 -62 -62 -54 -43 -32 -22 -11 1 14 26 36 45 53 60 61 56 43 27 10 -2 -10 -17 -27 -41 -55 -65 -65 -56 -43 -30 -20 -10 1 14 26 37 46 54 59 59 53 41 25 10 -2 -10 -16 -25 -37 -52 -63 -65 -58 -46 -33 -22 -11 2 15 26 36 45 54 61 62 54 40 22 9 0 -6 -14 -26 -42 -55 -63 -62 -55 -44 -33 -22 -12 136 14489 304 15864
59 64 62 51 36 20 7 -2 -10 -19 -31 -45 -57 -63 -62 -54 -41 -29 -18 -8 2 14 26 39 51 59 63 60 52 37 20 6 -4 -10 -18 -30 -45 -58 -64 -62 -53 -41 -29 -18 -7 4 15 27 38 49 57 61 60 51 37 20 6 -3 -8 -14 -27 -45 -61 -68 -64 -52 -39 -28 -18 -7 4 16 27 38 49 59 64 61 51 35 20 7 -3 -10 -19 -30 -44 -57 -64 -62 -53 -41 -28 -17 -7 2 14 26 38 49 58 63 62 54 38 19 4 -5 -10 -17 -30 -47 -62 -66 -61 -50 -38 -27 -17 -6 5 16 28 39 50 57 59 56 48 36 22 7 -3 -10 -17 -27 -43 -58 -66 -62 -51 -39 -29 -20 -10 3 15 27 37 49 59 65 61 50 34 19 8 -1 -9 -19 -31 -46 -59 -65 -63 -53 -40 -27 -16 -5 6 17 27 36 45 54 61 61 53 38 20 5 -5 -11 -18 -29 -44 -57 -63 -60 -51 -40 -30 -20 -10 2 15 28 39 50 58 62 61 52 37 21 6 -4 -12 -19 -31 -45 -57 -63 -61 -52 -41 -30 -18 -6 6 17 28 39 49 58 62 59 50 36 21 6 -4 -12 -20 -31 -45 -57 -62 -59 -49 -38 -29 -20 -10 2 16 28 39 48 56 61 60 51 36 20 6 144 3002 304 15864
58 62 58 48 34 19 7 -2 -11 -20 -33 -47 -59 -64 -61 -51 -39 -28 -18 -7 5 17 29 39 49 58 63 61 51 35 18 5 -4 -11 -20 -33 -47 -58 -63 -60 -52 -41 -30 -19 -7 5 17 29 41 51 60 63 59 49 35 20 7 -3 -11 -19 -31 -46 -61 -68 -64 -52 -38 -29 -21 -11 6 24 39 47 51 55 59 57 48 33 17 4 -5 -13 -22 -33 -45 -55 -62 -61 -51 -37 -23 -14 -8 0 12 26 40 51 58 62 61 52 37 20 6 -3 -10 -20 -33 -49 -61 -65 -61 -51 -39 -28 -17 -6 5 17 29 40 49 58 62 61 52 37 19 4 -5 -12 -19 -32 -48 -61 -66 -61 -49 -38 -29 -20 -9 6 20 33 42 49 56 61 60 51 35 17 3 -5 -11 -19 -32 -47 -59 -64 -60 -50 -38 -27 -17 -7 5 17 28 39 49 57 61 59 50 35 20 6 -3 -10 -19 -32 -47 -60 -65 -61 -51 -39 -27 -17 -7 4 15 27 39 51 60 63 59 49 34 19 6 -4 -12 -20 -32 -45 -57 -63 -60 -51 -40 -29 -19 -7 5 17 29 39 49 57 61 59 50 37 22 8 -3 -12 -21 -33 -46 -59 -65 -62 -51 -39 -27 -17 -7 5 16 28 39 50 58 62 60 50 35 19 6 147 13574 304 15864
57 62 60 50 34 17 4 -4 -9 -17 -30 -45 -58 -64 -60 -51 -40 -29 -18 -7 4 16 27 38 49 59 63 61 51 36 20 7 -4 -12 -21 -31 -44 -57 -64 -63 -54 -41 -28 -17 -7 4 16 30 42 52 59 62 59 49 35 19 5 -4 -11 -19 -32 -49 -63 -68 -60 -44 -30 -21 -16 -11 -1 12 27 39 49 56 61 60 52 37 20 6 -3 -10 -17 -30 -46 -60 -66 -62 -51 -39 -28 -18 -8 4 16 28 39 49 58 63 61 52 37 20 6 -4 -12 -21 -33 -47 -58 -63 -60 -50 -39 -28 -18 -8 5 18 30 40 48 55 60 58 50 36 21 8 -2 -9 -19 -31 -46 -59 -65 -62 -53 -40 -27 -16 -6 5 16 28 39 48 56 60 59 51 37 21 6 -4 -11 -18 -30 -45 -59 -65 -62 -52 -40 -29 -20 -9 4 18 31 42 50 57 61 60 51 36 19 5 -4 -11 -20 -31 -45 -57 -63 -61 -53 -41 -29 -17 -5 7 18 29 39 48 56 61 60 51 35 18 4 -6 -12 -20 -31 -45 -56 -61 -59 -50 -39 -28 -18 -7 3 14 26 38 48 57 62 61 52 37 20 5 -4 -10 -18 -31 -47 -60 -64 -60 -51 -40 -29 -19 -7 4 15 26 38 51 60 64 61 51 36 20 6 154 2509 304 15864
-65 -60 -49 -37 -27 -18 -7 5 18 30 42 52 59 62 58 48 34 19 6 -4 -12 -21 -33 -47 -59 -64 -61 -51 -38 -26 -16 -6 4 16 29 42 53 60 62 57 47 34 19 6 -4 -12 -20 -32 -46 -59 -65 -62 -53 -40 -28 -17 -5 7 17 26 38 52 65 71 65 49 30 13 2 -5 -12 -23 -36 -49 -59 -61 -58 -49 -38 -27 -17 -6 5 17 30 42 53 60 62 58 48 33 19 5 -4 -12 -21 -34 -48 -59 -64 -60 -51 -39 -27 -16 -4 7 18 29 40 52 61 65 60 48 31 15 2 -6 -12 -20 -32 -46 -59 -64 -60 -50 -39 -28 -18 -6 7 19 31 41 51 59 62 58 46 31 17 5 -3 -11 -20 -32 -46 -57 -63 -60 -51 -39 -27 -16 -7 4 15 27 39 51 61 64 60 48 32 17 6 -2 -9 -19 -33 -47 -58 -62 -58 -50 -40 -30 -19 -8 3 15 27 38 49 59 64 62 52 37 21 7 -2 -10 -21 -34 -49 -61 -65 -61 -51 -39 -27 -17 -6 5 16 27 39 51 61 65 62 50 33 16 3 -5 -10 -18 -31 -47 -59 -64 -60 -50 -39 -28 -17 -6 6 17 29 41 52 60 63 59 48 34 18 5 -5 -13 -22 -34 -47 -58 -63 -60 -51 -39 -27 -16 -5 157 16294 304 15864
59 60 56 44 28 11 -1 -9 -16 -26 -41 -55 -63 -61 -53 -43 -34 -24 -13 0 13 25 35 45 54 59 59 54 42 27 13 1 -7 -14 -25 -39 -54 -63 -63 -56 -46 -36 -24 -12 2 14 24 34 45 56 63 62 54 40 25 11 0 -9 -15 -23 -36 -52 -66 -68 -59 -43 -29 -20 -13 -4 9 23 37 48 57 62 61 54 42 28 14 1 -10 -19 -29 -41 -53 -62 -63 -56 -43 -30 -19 -10 -1 10 22 34 44 54 60 61 55 43 27 12 0 -8 -15 -25 -39 -53 -63 -63 -56 -45 -34 -23 -12 0 12 23 34 45 55 62 63 55 42 26 12 0 -9 -16 -26 -38 -52 -62 -65 -58 -46 -32 -20 -10 0 10 21 33 45 56 63 63 56 42 26 11 0 -8 -16 -27 -40 -53 -61 -62 -56 -46 -34 -22 -11 0 11 23 34 46 55 60 59 52 41 28 15 3 -7 -17 -27 -40 -53 -63 -64 -57 -45 -32 -22 -12 -1 12 25 36 46 54 61 62 56 41 23 8 -2 -8 -13 -22 -37 -52 -62 -63 -56 -45 -33 -23 -12 -1 11 22 33 45 56 62 61 53 41 27 14 2 -8 -17 -28 -40 -52 -62 -63 -57 -44 -32 -21 -12 -2 10 22 34 45 56 63 64 56 41 25 10 0 162 9310 304 15864
58 62 60 51 36 18 3 -8 -15 -22 -32 -45 -57 -63 -60 -50 -38 -27 -17 -7 4 16 29 41 51 58 61 59 51 36 19 5 -5 -12 -21 -34 -49 -61 -64 -59 -49 -38 -28 -17 -6 6 18 29 40 50 58 61 59 49 35 18 6 -2 -7 -17 -32 -50 -64 -68 -62 -51 -39 -27 -15 -3 8 18 29 40 51 58 60 56 47 35 21 7 -3 -11 -19 -32 -47 -61 -66 -63 -53 -40 -27 -15 -4 7 18 28 40 51 60 62 59 49 34 18 4 -6 -13 -21 -31 -45 -57 -63 -60 -51 -40 -29 -19 -7 6 19 31 42 51 59 62 59 49 34 19 5 -5 -13 -22 -33 -47 -58 -63 -59 -50 -39 -27 -16 -6 6 17 28 40 51 60 63 59 48 33 18 6 -3 -12 -22 -34 -48 -59 -64 -60 -49 -37 -26 -17 -8 4 17 30 41 50 57 61 59 51 36 19 5 -3 -10 -19 -33 -49 -61 -64 -60 -51 -39 -28 -16 -5 5 16 28 40 52 60 63 60 50 35 19 5 -5 -12 -21 -33 -47 -59 -64 -60 -51 -40 -28 -17 -6 6 19 31 42 51 58 61 58 50 36 19 5 -5 -12 -20 -32 -47 -60 -66 -62 -52 -39 -27 -16 -4 7 19 29 40 51 60 63 59 48 32 16 4 167 9963 304 15864
54 60 61 53 39 22 7 -3 -8 -13 -23 -39 -54 -63 -62 -53 -43 -33 -23 -12 -1 11 22 33 46 57 64 63 54 40 24 10 1 -6 -13 -26 -43 -58 -65 -63 -54 -44 -34 -24 -11 2 15 25 35 46 55 62 62 55 42 26 11 1 -6 -13 -25 -43 -62 -72 -69 -55 -40 -28 -19 -10 2 15 27 36 45 54 62 62 54 39 22 9 0 -7 -15 -27 -41 -55 -64 -64 -56 -44 -32 -21 -10 1 13 25 36 46 56 63 63 55 40 23 9 0 -6 -14 -27 -42 -57 -66 -65 -56 -43 -30 -20 -10 1 13 26 36 46 55 61 62 55 40 23 10 0 -7 -16 -29 -43 -56 -62 -62 -55 -44 -32 -20 -10 1 12 24 36 46 55 60 61 55 42 25 10 -1 -8 -15 -26 -41 -56 -64 -63 -55 -44 -33 -22 -10 1 13 24 35 47 56 61 61 54 42 27 12 -1 -11 -18 -27 -40 -54 -64 -64 -55 -42 -30 -22 -13 -2 12 25 36 46 56 63 63 55 40 24 10 0 -8 -17 -29 -42 -54 -62 -62 -56 -46 -34 -22 -11 0 12 24 37 49 58 63 61 53 40 24 10 -1 -10 -17 -27 -41 -55 -64 -64 -55 -43 -31 -21 -11 1 14 27 38 47 55 60 60 53 39 24 10 172 15567 304 15864
57 61 60 52 38 21 6 -4 -11 -19 -30 -45 -58 -65 -63 -53 -40 -28 -18 -9 2 15 29 41 51 58 62 60 51 35 17 3 -4 -8 -15 -28 -45 -59 -65 -61 -52 -42 -32 -21 -8 4 16 27 38 50 59 64 62 52 36 19 5 -3 -8 -15 -28 -46 -61 -68 -64 -54 -42 -29 -17 -5 6 16 25 36 49 60 64 60 50 37 23 10 -1 -11 -21 -33 -46 -58 -64 -62 -52 -40 -29 -19 -9 2 15 27 40 51 59 63 61 51 36 20 7 -2 -10 -19 -32 -46 -58 -65 -63 -53 -39 -26 -15 -6 2 13 26 40 51 58 61 59 51 37 20 5 -5 -12 -18 -29 -43 -56 -63 -61 -53 -43 -32 -20 -7 5 17 28 39 50 59 63 60 50 35 19 5 -3 -9 -17 -29 -45 -60 -67 -63 -52 -38 -26 -16 -7 3 14 26 38 49 58 61 58 48 34 21 9 0 -8 -18 -30 -44 -55 -61 -59 -52 -42 -31 -20 -9 2 14 25 36 46 56 62 62 55 42 26 10 -2 -12 -22 -35 -49 -60 -63 -59 -50 -39 -29 -19 -7 6 17 28 37 47 57 62 61 51 36 20 7 -3 -11 -19 -30 -44 -58 -65 -63 -53 -40 -27 -16 -5 5 16 28 38 49 57 61 59 49 35 20 7 177 4470 304 15864
-64 -57 -45 -34 -24 -13 -2 11 23 35 45 55 61 61 55 43 27 12 1 -6 -14 -24 -39 -53 -63 -65 -58 -47 -34 -23 -12 -2 9 21 33 46 57 64 65 57 44 28 12 1 -7 -15 -25 -40 -55 -65 -65 -57 -46 -34 -24 -12 0 11 21 31 41 54 65 68 62 48 30 14 1 -10 -20 -30 -42 -54 -62 -64 -57 -46 -33 -22 -12 -1 11 24 36 46 55 61 63 57 43 26 11 -1 -8 -14 -24 -38 -52 -62 -63 -56 -45 -34 -24 -14 -2 10 22 33 44 55 62 62 55 43 28 14 3 -7 -16 -26 -38 -51 -62 -65 -60 -48 -35 -23 -13 -2 10 24 36 46 54 60 61 56 44 27 11 0 -7 -14 -24 -38 -52 -61 -63 -57 -47 -35 -23 -11 -1 10 20 33 45 55 60 59 54 43 28 13 1 -7 -12 -21 -35 -52 -63 -65 -57 -45 -34 -24 -14 -2 10 21 31 42 54 62 63 56 43 29 15 4 -6 -15 -26 -39 -52 -63 -65 -60 -47 -33 -21 -11 -1 10 23 35 46 55 61 61 55 43 27 11 -1 -9 -16 -25 -37 -49 -59 -61 -56 -46 -36 -25 -15 -3 11 25 38 48 56 60 60 54 42 27 12 -1 -10 -17 -24 -35 -49 -61 -64 -58 -45 -32 -21 -13 -3 182 4037 304 15864
59 63 60 50 34 18 5 -3 -10 -18 -32 -47 -60 -66 -62 -53 -41 -30 -18 -5 8 22 33 42 50 56 60 59 50 34 17 2 -6 -11 -18 -31 -46 -59 -64 -60 -50 -38 -26 -15 -5 3 12 25 40 54 62 62 57 48 36 20 4 -8 -14 -17 -27 -43 -60 -68 -64 -51 -37 -27 -18 -8 5 18 29 40 50 59 63 60 49 33 18 6 -3 -10 -20 -32 -47 -59 -64 -61 -51 -39 -28 -18 -7 6 19 31 40 49 57 63 62 52 35 16 3 -5 -10 -18 -33 -50 -61 -64 -58 -49 -38 -28 -17 -6 6 17 28 40 51 59 61 58 48 34 19 5 -4 -11 -19 -31 -46 -58 -62 -59 -51 -41 -32 -21 -8 6 18 29 41 52 61 64 59 47 32 18 6 -3 -10 -19 -32 -47 -60 -65 -61 -50 -38 -29 -20 -10 4 19 32 42 51 58 62 60 51 36 19 5 -5 -13 -22 -34 -47 -58 -62 -59 -50 -40 -29 -19 -7 6 19 30 40 49 58 63 61 51 35 18 4 -6 -13 -21 -32 -46 -57 -63 -61 -52 -39 -27 -16 -5 5 16 28 39 50 59 63 59 49 34 19 7 -2 -11 -21 -35 -49 -59 -63 -59 -51 -40 -29 -17 -6 6 18 29 40 51 59 62 58 48 34 19 6 187 5877 304 15864
-61 -54 -43 -32 -21 -11 0 11 23 35 46 55 61 62 56 43 27 10 -2 -10 -17 -27 -41 -55 -63 -62 -53 -42 -32 -23 -12 0 13 25 35 45 55 62 62 54 39 23 9 0 -6 -13 -25 -41 -56 -65 -64 -55 -44 -32 -22 -11 1 14 25 34 43 53 64 68 61 42 19 2 -5 -7 -11 -23 -40 -56 -64 -63 -55 -45 -34 -23 -11 2 14 25 35 46 57 64 64 56 41 24 9 -1 -9 -17 -29 -43 -56 -63 -62 -54 -43 -31 -21 -11 0 12 25 36 47 56 62 61 53 39 24 10 1 -7 -16 -29 -44 -57 -63 -62 -55 -44 -33 -21 -9 3 13 24 37 50 60 63 57 46 32 21 11 3 -6 -15 -26 -40 -53 -61 -62 -54 -43 -32 -22 -13 -2 10 23 36 47 56 62 62 55 42 26 11 -1 -9 -17 -27 -40 -55 -64 -64 -56 -43 -32 -22 -12 0 13 26 37 47 55 61 61 54 41 25 10 -1 -9 -16 -27 -40 -54 -62 -62 -55 -44 -34 -24 -13 0 13 25 37 47 57 63 62 54 40 24 10 0 -8 -17 -28 -41 -54 -62 -63 -56 -46 -34 -22 -10 2 14 26 38 47 55 59 59 53 41 25 10 -1 -9 -16 -27 -41 -55 -62 -61 -54 -43 -32 -22 -12 -1 192 10919 304 15864
61 63 58 46 31 15 3 -6 -13 -22 -35 -49 -60 -63 -57 -47 -35 -26 -18 -8 5 19 31 42 52 60 62 58 47 32 17 6 -4 -12 -23 -36 -49 -59 -63 -59 -49 -37 -26 -16 -6 5 17 30 41 52 60 63 60 49 33 16 3 -6 -11 -18 -30 -47 -63 -71 -67 -54 -37 -22 -11 -2 8 19 30 41 51 59 62 58 47 32 17 5 -4 -12 -22 -35 -48 -59 -63 -61 -53 -41 -28 -15 -2 9 20 31 42 52 59 62 59 50 34 17 2 -8 -14 -22 -34 -49 -62 -66 -60 -48 -35 -25 -16 -5 7 20 32 43 52 60 62 59 47 31 14 1 -7 -12 -20 -32 -47 -60 -65 -60 -50 -37 -26 -15 -4 7 19 31 42 53 60 62 58 47 31 15 2 -6 -12 -20 -34 -50 -62 -64 -57 -47 -37 -28 -17 -3 11 21 29 38 49 59 63 58 46 32 18 6 -4 -15 -25 -36 -48 -57 -62 -59 -50 -38 -27 -17 -5 8 21 33 43 50 57 60 58 48 32 16 3 -4 -10 -19 -34 -51 -62 -64 -58 -48 -37 -27 -17 -6 6 19 30 41 51 58 62 60 51 36 18 3 -6 -12 -19 -32 -50 -65 -69 -62 -49 -36 -25 -15 -4 8 20 31 41 51 60 64 60 49 33 17 4 197 9484 304 15864
57 61 60 52 37 21 7 -2 -9 -19 -31 -45 -56 -61 -59 -53 -43 -32 -20 -8 3 15 26 38 49 57 61 60 53 39 22 7 -5 -11 -17 -27 -42 -57 -65 -63 -52 -40 -30 -20 -10 2 15 27 36 46 56 63 63 55 39 21 6 -3 -9 -14 -24 -39 -56 -68 -70 -62 -47 -31 -18 -7 5 17 30 41 50 58 62 61 53 39 21 6 -4 -11 -19 -32 -46 -58 -63 -60 -52 -42 -32 -21 -9 5 18 28 38 47 56 62 62 53 37 19 5 -4 -9 -15 -27 -43 -57 -65 -63 -54 -42 -30 -19 -9 2 14 26 39 51 59 63 61 52 37 21 7 -3 -10 -18 -30 -44 -58 -64 -62 -55 -43 -31 -18 -6 6 17 27 37 48 58 63 61 51 35 18 5 -4 -9 -16 -28 -43 -57 -63 -61 -52 -41 -31 -21 -9 3 15 26 37 48 58 63 61 52 38 22 8 -2 -11 -19 -31 -45 -56 -62 -59 -52 -42 -32 -21 -9 3 15 25 36 48 59 65 63 52 36 20 8 -2 -11 -20 -32 -45 -56 -62 -60 -51 -40 -30 -21 -11 2 15 28 39 49 57 62 61 52 37 20 7 -3 -10 -18 -30 -45 -57 -62 -60 -52 -41 -30 -19 -9 2 14 26 38 48 56 61 60 53 39 23 8 203 4379 304 15864
60 63 59 48 34 20 7 -4 -13 -23 -35 -48 -60 -65 -60 -49 -37 -27 -18 -8 6 19 32 42 51 58 62 59 49 34 18 4 -6 -14 -22 -33 -47 -59 -64 -60 -50 -38 -28 -18 -6 8 21 31 40 48 57 62 60 49 33 17 4 -4 -9 -18 -31 -49 -63 -68 -63 -51 -38 -27 -17 -5 7 20 31 41 51 60 64 60 48 32 16 5 -4 -12 -22 -35 -49 -59 -63 -60 -51 -39 -27 -15 -4 7 18 30 41 51 59 63 59 49 33 17 4 -5 -13 -21 -34 -48 -60 -64 -59 -49 -37 -27 -18 -8 5 19 32 43 51 58 61 59 50 35 19 4 -7 -15 -23 -36 -49 -60 -63 -57 -47 -36 -26 -18 -7 5 19 31 42 51 59 62 59 48 32 16 4 -4 -12 -21 -33 -47 -58 -63 -60 -51 -39 -28 -17 -6 6 18 31 42 52 60 62 59 49 34 19 6 -5 -14 -24 -36 -48 -59 -63 -60 -50 -38 -27 -16 -5 7 19 30 41 51 59 63 60 50 35 18 4 -6 -14 -23 -35 -49 -60 -63 -59 -50 -39 -28 -17 -4 9 20 30 40 51 60 64 59 47 32 17 4 -6 -14 -20 -30 -44 -60 -68 -65 -53 -37 -25 -15 -5 8 21 32 41 49 58 63 60 48 30 14 4 207 7916 304 15864
55 61 62 55 41 24 9 -1 -9 -17 -28 -42 -56 -63 -62 -54 -43 -31 -20 -10 2 13 25 36 47 56 61 60 52 40 24 9 -2 -9 -16 -25 -40 -55 -64 -64 -55 -43 -31 -21 -11 1 14 26 37 47 55 60 60 53 40 25 10 -1 -7 -13 -24 -40 -58 -68 -67 -57 -44 -33 -23 -11 2 16 28 39 48 57 63 62 53 38 22 8 -1 -7 -15 -29 -46 -59 -64 -59 -49 -40 -33 -25 -12 3 17 27 36 46 56 62 60 51 37 23 11 0 -9 -17 -28 -42 -55 -63 -62 -54 -42 -31 -21 -11 1 13 23 34 45 57 65 64 54 38 21 9 0 -8 -16 -28 -42 -55 -63 -63 -56 -44 -32 -21 -10 1 13 25 36 47 56 61 61 54 42 26 11 -1 -10 -18 -29 -43 -57 -64 -63 -55 -43 -31 -21 -10 0 12 25 38 50 59 63 62 54 41 24 8 -4 -12 -19 -29 -43 -56 -63 -61 -52 -41 -30 -21 -10 1 13 25 36 47 56 61 61 53 40 24 9 -2 -10 -17 -27 -40 -53 -62 -63 -56 -45 -32 -20 -9 2 13 24 35 47 57 63 63 54 39 22 7 -3 -9 -15 -25 -41 -56 -65 -64 -54 -42 -31 -22 -12 1 15 26 36 46 56 64 64 55 38 21 7 212 10194 304 15864
60 65 61 48 30 14 2 -6 -12 -21 -34 -49 -61 -65 -59 -48 -36 -26 -16 -5 7 20 31 42 52 60 63 58 45 30 15 3 -5 -12 -21 -32 -47 -59 -65 -61 -50 -37 -26 -16 -6 6 20 33 44 53 59 62 58 48 32 16 2 -6 -13 -21 -34 -50 -64 -68 -61 -47 -34 -24 -17 -7 7 23 36 44 51 58 61 58 46 29 14 3 -4 -11 -22 -36 -50 -60 -63 -60 -50 -38 -25 -13 -3 7 18 30 42 53 62 64 59 46 29 13 2 -5 -11 -22 -36 -50 -59 -61 -57 -49 -39 -27 -15 -3 9 19 30 41 52 60 62 57 47 32 16 3 -6 -12 -21 -34 -49 -60 -63 -58 -49 -39 -28 -17 -4 9 20 30 41 52 60 63 59 48 32 16 3 -6 -14 -22 -34 -48 -59 -64 -60 -51 -39 -27 -16 -4 8 20 33 45 55 62 62 56 44 29 14 1 -7 -13 -20 -32 -47 -60 -64 -58 -48 -37 -27 -17 -5 8 20 31 41 52 61 64 59 47 31 15 2 -7 -14 -22 -34 -48 -59 -63 -58 -48 -36 -26 -18 -8 5 19 33 45 55 62 63 58 46 28 11 -2 -9 -12 -17 -29 -44 -58 -64 -61 -51 -39 -27 -16 -4 8 19 31 42 52 59 62 58 47 33 18 5 217 10898 304 15864
57 61 59 51 36 21 7 -2 -9 -17 -30 -46 -59 -64 -60 -50 -39 -30 -20 -9 3 16 28 39 49 58 63 60 51 36 19 5 -4 -9 -17 -28 -44 -58 -64 -61 -52 -41 -30 -19 -8 3 14 26 37 48 56 61 60 52 38 22 8 -1 -6 -13 -29 -48 -65 -70 -64 -52 -40 -30 -20 -7 6 18 28 38 49 59 63 59 47 33 19 9 0 -8 -17 -29 -43 -57 -64 -62 -52 -40 -29 -20 -10 2 14 26 37 48 57 63 62 52 37 21 8 -1 -9 -18 -30 -46 -59 -66 -64 -53 -40 -27 -17 -7 4 16 27 38 48 56 61 60 50 36 20 8 -2 -10 -19 -31 -44 -56 -61 -60 -52 -41 -30 -19 -8 3 15 28 40 50 57 60 59 51 37 21 6 -4 -10 -17 -29 -43 -57 -64 -63 -53 -40 -28 -18 -9 0 12 25 39 51 61 64 61 50 36 20 7 -3 -10 -19 -30 -45 -58 -65 -63 -54 -41 -28 -16 -6 4 14 25 37 49 58 63 60 50 35 19 6 -3 -9 -17 -29 -44 -57 -64 -62 -53 -40 -26 -15 -5 4 13 23 35 48 57 61 59 50 37 23 9 -2 -10 -19 -30 -45 -58 -65 -62 -52 -39 -27 -17 -7 4 16 27 38 48 57 62 60 50 36 21 8 223 767 304 15864
-61 -64 -58 -48 -37 -26 -14 -1 12 22 31 40 51 60 64 59 45 29 14 3 -5 -13 -25 -38 -52 -62 -63 -58 -48 -37 -27 -16 -5 9 22 34 46 55 62 63 56 44 28 13 1 -7 -13 -22 -35 -49 -60 -62 -58 -49 -39 -29 -17 -5 7 17 27 41 57 70 74 65 48 30 14 2 -8 -17 -28 -40 -53 -63 -66 -61 -49 -36 -23 -12 -1 11 22 33 43 52 61 64 59 46 29 14 3 -5 -13 -25 -39 -54 -63 -64 -58 -49 -37 -25 -12 0 11 20 31 42 54 62 63 57 44 29 15 4 -5 -13 -23 -37 -52 -63 -65 -58 -46 -34 -24 -15 -4 9 22 34 44 53 59 61 57 46 30 14 1 -8 -15 -23 -36 -50 -61 -65 -60 -48 -36 -25 -14 -3 9 22 34 45 55 61 62 55 42 26 11 1 -5 -11 -21 -36 -51 -62 -64 -59 -49 -37 -25 -13 -2 9 20 31 42 53 61 62 56 44 29 15 3 -6 -12 -21 -33 -48 -60 -66 -61 -50 -37 -25 -14 -3 8 19 31 43 53 61 63 57 45 31 17 5 -5 -14 -24 -37 -51 -63 -66 -59 -47 -33 -22 -14 -5 7 21 33 44 53 60 62 58 46 30 14 2 -6 -14 -24 -37 -51 -61 -63 -57 -47 -36 -26 -15 227 15168 304 15864
58 63 61 52 37 21 8 -2 -9 -17 -30 -46 -59 -66 -62 -52 -40 -30 -21 -10 2 16 29 40 50 58 62 59 50 36 21 8 -2 -9 -18 -30 -44 -58 -65 -63 -54 -43 -30 -19 -7 5 16 26 37 48 59 65 63 52 35 18 5 -3 -8 -15 -28 -45 -60 -68 -64 -53 -40 -29 -19 -9 3 16 27 37 48 58 65 63 52 37 21 8 -1 -9 -19 -32 -46 -57 -64 -62 -54 -42 -30 -19 -9 2 14 26 38 49 59 65 63 53 37 20 7 -1 -8 -17 -30 -45 -57 -63 -62 -55 -44 -33 -21 -8 5 17 28 38 48 57 63 62 53 38 20 6 -4 -11 -18 -28 -42 -56 -64 -64 -55 -42 -29 -19 -10 1 14 27 39 49 57 62 61 53 39 22 7 -4 -11 -19 -30 -43 -55 -63 -63 -56 -44 -31 -19 -8 3 14 26 38 49 58 63 62 53 39 23 8 -2 -10 -18 -30 -45 -58 -65 -64 -56 -45 -33 -20 -8 5 17 28 38 48 57 63 61 52 38 23 10 0 -8 -18 -32 -47 -59 -63 -60 -53 -43 -33 -21 -8 4 16 26 36 48 58 63 62 53 39 23 9 -1 -9 -17 -30 -46 -59 -65 -62 -52 -41 -31 -22 -10 4 18 29 39 47 55 60 59 52 38 23 9 232 12033 304 15864
62 64 58 45 28 11 -1 -10 -15 -22 -33 -47 -59 -62 -58 -48 -36 -25 -14 -2 9 19 29 40 51 60 63 57 45 29 14 2 -6 -13 -21 -34 -47 -58 -62 -58 -49 -38 -26 -14 -1 10 20 30 40 51 58 59 55 45 32 18 6 -4 -11 -21 -35 -52 -65 -68 -60 -46 -32 -22 -13 -3 9 21 32 43 52 58 60 55 45 31 17 4 -6 -14 -24 -36 -49 -60 -64 -59 -48 -35 -23 -12 -2 8 19 31 43 54 61 61 55 44 30 16 4 -7 -15 -24 -35 -49 -60 -64 -59 -47 -35 -24 -14 -4 9 21 32 41 50 58 61 57 46 30 16 5 -5 -14 -25 -37 -49 -58 -63 -60 -52 -39 -26 -13 -2 9 21 34 45 55 61 61 56 45 30 14 1 -8 -14 -23 -35 -50 -62 -66 -60 -49 -36 -24 -13 -1 11 22 33 44 55 62 63 56 43 28 13 1 -7 -15 -24 -36 -51 -62 -65 -59 -48 -34 -22 -12 -1 10 20 31 42 53 61 63 57 44 28 14 2 -6 -13 -23 -36 -50 -60 -62 -58 -49 -38 -28 -16 -3 10 22 33 44 54 62 64 58 45 28 13 2 -5 -12 -22 -36 -51 -62 -64 -58 -48 -36 -25 -14 -3 9 21 32 42 51 59 62 58 47 31 16 3 237 9787 304 15864
-63 -60 -51 -40 -30 -19 -9 3 16 28 41 52 60 63 59 48 33 18 6 -2 -9 -19 -32 -47 -59 -63 -59 -51 -40 -29 -18 -7 5 16 28 40 51 57 59 56 48 36 21 8 -3 -10 -18 -29 -45 -58 -64 -61 -52 -42 -31 -18 -4 9 17 23 32 46 60 69 65 52 34 18 5 -4 -12 -20 -31 -45 -57 -64 -62 -53 -40 -29 -18 -7 5 17 29 40 50 58 62 59 49 35 20 7 -4 -13 -22 -32 -44 -55 -61 -60 -53 -41 -29 -17 -7 3 14 27 40 51 60 63 60 49 34 19 6 -4 -11 -20 -32 -46 -57 -61 -58 -50 -40 -30 -19 -8 4 16 27 38 49 57 62 59 50 36 20 7 -2 -10 -18 -31 -45 -58 -64 -61 -51 -39 -27 -18 -8 2 14 26 38 49 59 64 61 51 35 19 6 -2 -10 -19 -31 -46 -58 -63 -61 -52 -41 -29 -18 -7 4 15 26 38 50 59 63 60 49 35 21 9 -2 -11 -21 -33 -46 -57 -63 -61 -53 -42 -29 -17 -6 4 15 27 39 51 60 64 60 50 36 20 6 -4 -13 -21 -32 -45 -56 -62 -60 -53 -42 -30 -18 -6 5 16 27 38 49 59 64 61 51 35 18 4 -5 -12 -19 -29 -43 -56 -63 -61 -53 -41 -30 -19 -8 242 16228 304 15864
53 59 61 55 43 26 11 0 -8 -17 -29 -43 -56 -62 -61 -54 -44 -34 -23 -11 1 13 26 38 49 57 62 61 53 40 24 9 -2 -9 -16 -27 -42 -56 -64 -63 -54 -42 -31 -20 -9 2 13 23 34 45 54 59 58 54 44 31 15 0 -10 -17 -27 -42 -58 -68 -65 -53 -39 -29 -23 -14 -1 15 28 38 46 54 61 62 55 41 24 10 -1 -9 -17 -28 -42 -55 -63 -62 -54 -43 -32 -21 -11 1 13 25 36 46 55 60 60 54 41 26 10 -1 -9 -17 -27 -40 -55 -64 -63 -55 -43 -32 -22 -12 -1 11 25 38 49 57 62 61 54 41 25 10 -2 -10 -17 -27 -41 -56 -64 -64 -56 -43 -31 -20 -10 1 12 24 37 49 59 63 61 53 39 23 9 -2 -10 -18 -29 -43 -55 -61 -60 -52 -42 -32 -21 -11 1 13 24 36 47 56 62 61 53 40 24 9 -1 -8 -16 -27 -41 -54 -61 -61 -55 -45 -35 -23 -11 1 13 25 36 48 57 63 63 55 40 23 8 -2 -9 -17 -28 -43 -56 -64 -62 -54 -42 -31 -21 -11 1 13 26 38 48 56 59 59 52 40 25 11 -1 -9 -18 -29 -42 -54 -61 -62 -56 -45 -33 -20 -8 3 13 24 36 47 56 61 60 52 39 24 9 248 12659 304 15864
61 63 58 48 33 17 4 -5 -12 -20 -33 -48 -60 -66 -61 -51 -38 -27 -17 -5 8 21 32 41 49 57 62 60 50 34 16 3 -5 -11 -19 -33 -48 -61 -65 -60 -50 -38 -27 -16 -5 5 16 28 41 53 61 63 59 48 34 19 6 -4 -11 -19 -31 -47 -62 -70 -67 -55 -40 -26 -14 -1 11 23 32 40 48 58 63 60 48 32 15 3 -5 -11 -20 -33 -47 -58 -63 -61 -51 -40 -28 -17 -5 7 19 30 41 51 59 64 61 50 33 16 3 -5 -12 -20 -33 -47 -59 -64 -61 -52 -39 -27 -16 -5 6 17 30 42 54 61 63 58 47 33 17 4 -6 -13 -21 -33 -47 -59 -64 -60 -50 -38 -27 -16 -5 7 18 29 40 51 59 62 58 48 34 18 5 -5 -12 -21 -33 -48 -60 -65 -60 -50 -39 -28 -17 -5 8 19 30 41 51 60 62 58 46 32 18 7 -3 -12 -22 -35 -49 -60 -64 -60 -50 -39 -28 -16 -4 8 19 29 39 49 59 64 60 49 34 18 5 -4 -13 -23 -36 -49 -60 -64 -60 -49 -36 -23 -13 -5 4 15 28 41 52 59 62 58 48 34 18 4 -5 -12 -21 -33 -47 -58 -63 -59 -49 -38 -28 -19 -8 5 18 31 42 52 59 63 59 49 33 17 4 253 7838 304 15864
57 63 62 54 40 25 11 0 -9 -18 -29 -43 -55 -63 -63 -56 -44 -31 -19 -9 2 13 24 35 46 55 61 62 55 41 24 8 -2 -9 -17 -27 -42 -55 -63 -62 -53 -41 -30 -20 -11 -2 10 23 36 48 57 62 62 55 41 22 5 -5 -8 -10 -20 -38 -57 -68 -66 -56 -44 -33 -23 -11 2 16 27 37 47 56 62 61 53 40 24 10 -1 -10 -19 -29 -42 -55 -63 -63 -55 -43 -31 -21 -10 2 14 27 38 47 55 61 62 54 40 22 7 -2 -9 -16 -28 -43 -56 -62 -60 -53 -43 -33 -23 -11 1 14 26 37 46 55 61 61 54 39 23 9 0 -6 -15 -28 -44 -57 -63 -61 -54 -44 -33 -22 -11 1 13 26 38 49 57 62 61 53 40 23 9 -1 -8 -16 -28 -43 -56 -63 -62 -54 -43 -32 -22 -11 1 13 26 37 48 57 62 61 54 41 24 8 -3 -9 -17 -28 -42 -56 -63 -61 -53 -43 -33 -22 -11 2 14 25 37 47 56 61 60 54 42 26 9 -3 -11 -17 -26 -41 -56 -65 -64 -55 -42 -30 -20 -10 1 14 25 36 46 55 61 62 55 42 25 9 -3 -10 -17 -28 -43 -57 -64 -62 -53 -42 -32 -22 -10 3 16 26 36 46 55 61 61 54 40 25 10 258 10616 304 15864
60 61 57 48 34 19 5 -6 -13 -21 -33 -48 -61 -66 -61 -50 -37 -27 -17 -5 9 22 32 41 49 56 61 59 49 34 17 4 -4 -11 -21 -34 -49 -61 -65 -60 -50 -38 -26 -15 -3 8 19 30 41 51 59 61 57 47 33 17 4 -4 -10 -17 -30 -48 -64 -70 -63 -49 -34 -24 -16 -8 5 19 32 43 52 58 60 57 47 33 17 4 -5 -12 -20 -32 -46 -59 -65 -61 -51 -38 -27 -17 -7 6 19 31 42 51 59 62 60 50 33 16 2 -6 -11 -19 -32 -48 -61 -64 -59 -50 -40 -29 -17 -4 9 19 29 39 50 59 63 59 49 34 19 6 -4 -13 -22 -35 -48 -60 -64 -60 -51 -39 -28 -16 -5 7 19 30 41 52 60 62 58 47 34 19 5 -6 -15 -23 -34 -46 -56 -61 -59 -51 -39 -28 -17 -7 5 17 30 42 53 60 63 60 49 34 17 3 -6 -13 -21 -34 -49 -61 -65 -60 -49 -36 -25 -15 -5 6 18 30 41 51 58 61 59 49 34 17 3 -6 -12 -20 -33 -48 -60 -63 -58 -49 -39 -29 -17 -5 7 19 30 41 52 60 62 57 47 32 17 4 -5 -11 -19 -32 -48 -60 -64 -60 -50 -39 -28 -17 -5 8 19 30 41 51 59 62 58 48 34 18 4 263 6920 304 15864
-61 -60 -54 -45 -36 -26 -15 -2 11 22 34 46 57 64 64 56 42 25 11 0 -8 -14 -24 -38 -53 -64 -66 -58 -45 -33 -23 -14 -3 10 24 36 47 55 62 63 57 43 25 9 -2 -7 -13 -24 -39 -55 -63 -63 -55 -45 -35 -24 -13 -3 7 17 31 48 64 72 69 56 39 22 9 -2 -10 -17 -26 -39 -52 -62 -64 -57 -44 -32 -22 -13 -1 12 25 37 47 55 60 59 53 41 27 13 2 -8 -17 -27 -40 -52 -60 -61 -55 -46 -35 -24 -13 -1 11 23 34 44 55 62 64 57 43 26 11 0 -8 -15 -26 -39 -53 -63 -64 -57 -45 -33 -22 -12 -1 11 23 34 44 54 61 63 56 43 27 12 1 -7 -16 -27 -40 -53 -61 -63 -58 -47 -34 -22 -11 0 11 23 35 46 55 60 61 54 42 27 13 2 -7 -15 -26 -40 -53 -62 -64 -57 -46 -34 -22 -12 -2 10 23 35 47 56 62 63 56 42 26 10 -1 -9 -16 -26 -39 -53 -61 -61 -55 -45 -35 -24 -13 -1 11 23 34 46 55 61 61 55 43 28 12 0 -10 -17 -27 -39 -52 -61 -61 -55 -45 -34 -24 -13 -1 12 23 34 45 54 61 62 56 43 27 12 0 -8 -16 -26 -40 -54 -63 -63 -56 -45 -34 -22 -10 268 1912 304 15864
59 63 60 50 34 17 4 -5 -12 -21 -34 -48 -60 -64 -60 -50 -38 -26 -15 -5 6 17 28 40 50 58 61 58 49 35 19 6 -4 -12 -20 -33 -48 -60 -65 -60 -49 -37 -27 -18 -7 5 17 29 40 50 59 63 61 50 34 18 4 -5 -11 -18 -30 -47 -62 -70 -66 -54 -38 -24 -13 -3 8 19 30 40 50 58 62 58 48 33 18 5 -5 -12 -21 -32 -46 -59 -64 -60 -50 -38 -28 -18 -7 6 19 30 40 49 58 63 61 50 34 17 4 -5 -12 -21 -33 -47 -58 -64 -61 -52 -40 -29 -18 -7 6 19 31 43 52 59 62 58 49 35 20 6 -4 -13 -23 -35 -49 -60 -64 -60 -49 -37 -26 -15 -4 7 17 28 38 50 59 63 60 48 33 18 5 -3 -11 -20 -33 -47 -59 -65 -63 -53 -40 -26 -14 -4 5 16 28 41 52 60 62 58 50 36 19 4 -7 -14 -21 -31 -46 -59 -64 -61 -51 -40 -29 -17 -6 7 19 30 41 51 60 63 60 49 33 18 5 -4 -12 -23 -36 -50 -60 -63 -58 -48 -37 -27 -17 -6 5 18 30 42 50 57 60 58 50 35 17 3 -6 -11 -18 -31 -47 -59 -63 -59 -51 -42 -32 -19 -4 9 20 30 40 51 60 62 57 46 33 19 7 273 1352 304 15864
57 63 62 53 39 24 10 -1 -10 -18 -28 -40 -53 -62 -64 -57 -44 -32 -20 -9 2 15 26 36 45 54 61 61 54 40 24 10 1 -7 -16 -28 -43 -56 -63 -63 -56 -44 -32 -20 -9 2 13 24 36 47 56 61 60 53 40 25 11 1 -6 -13 -25 -42 -59 -69 -68 -57 -43 -30 -19 -9 1 13 26 38 49 58 63 61 53 39 23 8 -3 -10 -16 -27 -41 -56 -64 -64 -56 -44 -33 -21 -8 6 17 26 34 44 55 62 62 53 39 24 10 -1 -9 -18 -28 -41 -54 -62 -63 -57 -45 -32 -19 -7 5 15 24 34 45 56 63 62 53 38 22 9 -1 -8 -15 -27 -41 -55 -63 -62 -54 -43 -32 -22 -10 2 13 24 34 46 56 63 62 54 41 25 10 -2 -11 -18 -28 -40 -53 -62 -62 -55 -43 -32 -21 -10 1 13 24 35 46 56 62 61 53 39 24 10 1 -7 -15 -27 -42 -55 -63 -62 -55 -44 -33 -22 -11 1 14 25 37 47 57 62 61 53 40 24 10 -1 -9 -17 -27 -40 -53 -61 -61 -54 -45 -35 -24 -12 1 13 24 34 45 56 63 63 55 41 24 10 0 -8 -16 -28 -43 -57 -64 -63 -55 -43 -33 -22 -11 1 14 26 37 48 58 63 61 52 37 21 7 278 6481 304 15864
-62 -61 -53 -42 -32 -22 -12 0 13 26 38 48 57 62 61 54 40 23 8 -2 -8 -16 -27 -43 -57 -64 -62 -53 -42 -32 -22 -11 1 13 24 36 48 58 63 62 53 39 23 9 -1 -9 -17 -28 -42 -54 -62 -61 -55 -45 -34 -22 -12 -2 9 22 38 54 66 70 63 51 35 20 8 -2 -10 -18 -29 -42 -55 -62 -62 -54 -43 -32 -22 -11 1 14 26 38 49 57 62 60 52 40 24 10 -2 -10 -17 -27 -41 -55 -64 -64 -57 -45 -32 -19 -7 5 15 25 35 46 57 63 62 53 39 23 9 -2 -10 -18 -29 -43 -57 -64 -61 -51 -40 -30 -21 -12 0 13 25 36 47 57 63 61 52 38 23 11 0 -9 -18 -28 -40 -53 -62 -64 -57 -44 -30 -19 -10 0 13 26 37 46 54 61 62 56 41 23 8 -2 -8 -16 -29 -44 -57 -63 -61 -53 -43 -32 -21 -9 3 14 24 34 45 55 62 62 54 40 24 10 0 -7 -16 -29 -44 -56 -63 -62 -55 -44 -33 -21 -9 3 15 27 38 47 55 60 59 52 40 24 10 -1 -9 -17 -27 -41 -55 -63 -63 -55 -43 -31 -21 -11 0 12 25 37 48 56 62 62 55 41 24 9 -2 -10 -19 -30 -44 -56 -63 -61 -52 -41 -30 -21 -11 285 1078 304 15864
58 62 61 52 38 22 7 -3 -12 -21 -33 -47 -59 -64 -60 -51 -40 -28 -17 -6 5 15 26 38 50 60 63 60 51 36 19 4 -6 -12 -19 -29 -44 -57 -63 -60 -51 -39 -29 -20 -9 4 17 29 39 49 57 62 60 51 35 18 6 -2 -7 -15 -30 -48 -63 -68 -62 -50 -38 -28 -18 -7 5 17 28 40 50 59 62 58 48 34 19 7 -2 -9 -18 -31 -46 -59 -63 -60 -51 -41 -30 -20 -8 5 18 28 37 47 57 64 64 54 38 20 5 -4 -11 -20 -33 -48 -59 -63 -59 -51 -40 -30 -19 -8 5 17 29 40 50 59 62 60 50 35 20 6 -4 -12 -21 -32 -45 -57 -63 -60 -50 -39 -28 -19 -10 2 14 27 39 50 59 64 63 53 37 19 5 -5 -12 -19 -31 -46 -60 -65 -62 -51 -39 -28 -18 -7 5 18 29 39 48 56 62 61 51 36 20 7 -3 -11 -21 -34 -47 -57 -62 -60 -52 -40 -29 -17 -6 5 17 28 39 49 57 61 60 51 36 20 6 -3 -10 -19 -32 -46 -58 -63 -61 -53 -42 -30 -18 -7 5 16 28 40 50 58 63 61 51 36 19 5 -4 -11 -19 -32 -47 -59 -63 -60 -51 -40 -29 -17 -6 4 15 26 38 51 61 64 60 50 35 20 6 289 3628 304 15864
61 65 62 52 39 23 8 -4 -13 -21 -31 -44 -56 -63 -61 -52 -41 -30 -20 -9 3 15 26 38 49 59 64 62 52 37 21 7 -3 -10 -18 -29 -44 -57 -63 -61 -53 -42 -31 -19 -7 4 14 23 34 46 57 64 63 54 39 23 7 -3 -9 -15 -26 -42 -59 -68 -66 -55 -41 -29 -20 -10 3 16 28 39 48 57 62 61 52 38 23 8 -3 -12 -20 -30 -43 -55 -62 -62 -54 -42 -30 -20 -9 2 15 28 39 49 56 61 60 52 39 23 8 -2 -10 -18 -30 -43 -56 -63 -61 -53 -42 -31 -21 -10 3 16 28 38 47 56 62 62 54 40 22 7 -4 -11 -18 -29 -43 -57 -64 -63 -54 -41 -29 -19 -10 1 13 26 39 50 58 63 61 52 38 22 7 -3 -10 -18 -29 -44 -57 -64 -62 -53 -41 -29 -19 -9 2 15 27 39 49 57 61 59 51 38 22 8 -2 -10 -18 -29 -43 -55 -63 -62 -54 -42 -30 -19 -9 2 14 26 38 48 57 62 61 53 39 22 8 -3 -10 -19 -30 -44 -56 -62 -60 -53 -43 -32 -21 -10 2 15 27 38 49 59 63 61 52 37 21 7 -3 -10 -19 -30 -44 -56 -63 -61 -53 -41 -29 -18 -8 2 14 25 37 48 56 61 60 52 39 24 10 295 3047 304 15864
-64 -58 -46 -35 -26 -18 -6 8 22 33 42 50 58 62 59 47 31 16 4 -4 -13 -24 -35 -47 -57 -63 -62 -54 -39 -24 -12 -2 7 17 29 41 52 60 63 60 49 33 16 3 -5 -12 -22 -36 -51 -62 -66 -61 -50 -37 -26 -15 -4 8 19 29 38 50 63 71 68 53 31 11 -2 -8 -15 -25 -39 -52 -61 -62 -58 -49 -38 -26 -13 -1 10 20 31 42 52 60 63 59 47 31 15 1 -7 -14 -23 -35 -48 -59 -63 -59 -50 -39 -27 -15 -4 8 20 32 43 54 60 62 58 48 33 16 2 -8 -15 -23 -35 -50 -61 -65 -58 -47 -36 -25 -16 -5 8 22 34 44 53 58 60 56 46 32 16 3 -6 -14 -22 -34 -48 -60 -65 -61 -50 -37 -25 -14 -3 8 19 31 42 52 60 63 58 46 31 15 3 -6 -13 -22 -35 -49 -61 -64 -58 -48 -36 -27 -18 -6 7 21 33 43 51 59 63 60 48 31 15 3 -4 -11 -21 -35 -51 -62 -65 -61 -50 -38 -26 -14 -3 9 20 31 43 53 60 63 59 48 32 16 1 -8 -14 -22 -33 -48 -61 -66 -61 -49 -37 -26 -15 -4 8 21 33 44 54 60 62 56 46 31 16 3 -7 -15 -24 -35 -49 -59 -63 -58 -47 -35 -25 -16 -5 300 2240 304 15864
-64 -61 -53 -43 -31 -19 -6 6 16 27 38 49 59 64 60 50 35 20 6 -3 -10 -16 -27 -42 -56 -65 -63 -53 -41 -30 -20 -9 3 15 25 36 48 58 64 61 51 37 23 11 0 -9 -18 -30 -44 -58 -65 -63 -54 -42 -31 -21 -10 2 14 23 34 49 64 72 69 54 34 16 4 -4 -12 -20 -31 -43 -55 -63 -63 -55 -42 -30 -19 -9 3 16 29 39 48 57 63 63 53 38 20 6 -4 -11 -19 -31 -44 -56 -63 -62 -54 -43 -31 -20 -9 3 16 28 39 48 56 60 60 53 40 24 9 -2 -10 -17 -28 -43 -57 -65 -64 -56 -44 -31 -20 -9 3 14 26 38 50 59 63 60 52 39 25 11 0 -9 -19 -32 -47 -61 -66 -63 -52 -40 -29 -20 -9 3 16 28 39 50 58 62 59 50 36 21 8 -2 -10 -18 -29 -43 -56 -63 -62 -53 -41 -30 -19 -9 2 14 26 37 48 58 63 61 52 37 20 6 -3 -9 -17 -28 -43 -57 -64 -62 -53 -42 -32 -21 -9 3 16 27 38 49 58 63 62 53 38 21 6 -3 -10 -17 -29 -45 -60 -67 -64 -53 -40 -29 -19 -7 6 18 28 37 46 55 62 63 53 37 19 5 -5 -11 -19 -29 -43 -56 -62 -60 -52 -40 -29 -19 -9 0 5077 305 640
54 62 65 60 47 31 15 3 -6 -14 -24 -37 -51 -61 -64 -59 -48 -36 -25 -15 -4 7 20 34 46 55 60 61 56 45 30 14 1 -7 -13 -22 -35 -50 -60 -62 -57 -48 -38 -27 -16 -3 9 20 32 43 54 61 63 57 45 30 14 2 -5 -10 -19 -35 -54 -68 -70 -61 -46 -32 -23 -14 -3 10 23 34 43 52 59 62 57 45 28 13 1 -6 -12 -20 -34 -49 -61 -66 -62 -52 -38 -25 -13 -2 10 22 34 45 53 58 60 56 47 32 15 2 -7 -13 -21 -34 -50 -62 -65 -60 -50 -38 -27 -16 -3 9 21 32 42 53 62 65 60 47 31 16 4 -5 -13 -24 -37 -52 -63 -67 -62 -51 -37 -25 -13 -3 9 21 32 44 54 61 63 58 47 31 17 5 -4 -14 -26 -40 -53 -62 -64 -59 -49 -36 -23 -12 -2 8 19 32 44 55 61 62 56 45 29 14 3 -5 -12 -22 -36 -50 -59 -62 -57 -49 -38 -27 -16 -4 8 20 33 44 54 60 62 58 47 31 14 1 -7 -12 -22 -36 -53 -64 -65 -58 -46 -35 -25 -15 -4 9 22 34 43 52 58 61 58 47 31 14 1 -8 -14 -23 -35 -50 -61 -64 -59 -49 -37 -25 -13 -2 9 21 33 44 53 59 61 56 46 32 16 5 742 305 640
59 63 61 51 36 19 4 -6 -13 -19 -29 -44 -58 -64 -61 -50 -38 -28 -18 -8 3 15 26 38 49 60 64 60 49 34 20 7 -3 -12 -21 -31 -42 -53 -61 -62 -55 -42 -29 -17 -6 4 15 26 37 47 56 61 60 53 39 22 7 -4 -10 -16 -26 -42 -60 -70 -69 -57 -41 -27 -16 -6 6 19 31 40 47 55 61 60 51 36 20 7 -2 -9 -19 -32 -46 -58 -63 -61 -53 -41 -29 -18 -7 5 16 28 39 49 58 62 60 50 35 19 6 -3 -9 -18 -31 -45 -58 -63 -61 -52 -41 -30 -19 -7 5 16 26 36 48 59 65 62 52 37 21 7 -5 -14 -22 -32 -43 -55 -62 -62 -53 -41 -29 -18 -8 3 15 27 39 51 60 65 62 51 34 17 4 -4 -9 -16 -28 -44 -58 -65 -63 -54 -43 -32 -20 -7 7 19 29 39 48 58 64 62 51 34 18 6 -3 -11 -20 -31 -44 -56 -62 -61 -54 -42 -30 -19 -8 4 16 29 41 51 59 62 60 50 35 19 5 -4 -11 -19 -31 -45 -57 -62 -60 -52 -41 -30 -19 -8 4 16 28 40 50 58 62 60 51 36 19 5 -4 -10 -17 -30 -46 -59 -63 -60 -52 -41 -30 -18 -6 5 16 26 38 49 58 62 59 50 37 22 8 10 9196 305 640
-64 -59 -48 -34 -22 -13 -5 6 18 32 44 53 59 60 57 48 33 17 3 -7 -14 -23 -36 -51 -62 -65 -59 -48 -36 -25 -15 -3 10 21 32 42 52 60 63 58 45 30 14 3 -6 -13 -22 -35 -49 -61 -64 -59 -48 -37 -26 -15 -3 9 20 29 39 52 64 68 62 46 27 11 1 -5 -12 -22 -35 -49 -59 -63 -60 -51 -39 -26 -14 -3 8 20 31 42 52 60 63 60 50 33 16 1 -8 -15 -23 -35 -50 -61 -65 -59 -49 -37 -26 -14 -2 10 21 31 42 53 61 63 58 46 31 16 3 -7 -15 -24 -36 -50 -61 -64 -59 -47 -35 -24 -15 -5 7 20 33 44 52 59 62 58 47 30 14 2 -4 -11 -21 -35 -50 -59 -61 -58 -52 -45 -34 -19 -2 13 24 34 44 54 62 64 59 47 31 15 2 -8 -16 -25 -38 -52 -61 -63 -57 -46 -35 -24 -14 -3 8 19 30 42 52 59 61 57 46 32 17 5 -5 -13 -23 -36 -51 -62 -66 -61 -49 -36 -24 -13 -3 9 21 33 44 53 59 60 57 47 32 16 2 -7 -13 -22 -36 -52 -63 -65 -57 -46 -35 -25 -15 -4 8 20 31 42 52 61 64 59 47 31 14 1 -8 -15 -23 -35 -50 -61 -63 -57 -47 -36 -26 -16 -4 14 13596 305 640
57 61 60 52 39 24 10 -1 -9 -18 -30 -45 -57 -63 -61 -53 -42 -31 -21 -10 1 14 27 40 50 58 60 58 50 38 25 11 0 -10 -19 -30 -43 -55 -63 -62 -53 -41 -30 -19 -10 1 12 23 35 47 57 63 62 54 41 24 9 -3 -10 -16 -26 -42 -59 -69 -67 -55 -40 -27 -18 -8 2 15 26 37 47 56 62 61 52 38 21 8 -2 -8 -15 -27 -42 -57 -65 -64 -55 -42 -30 -20 -10 1 14 26 36 47 57 64 63 54 39 21 7 -2 -9 -17 -29 -44 -56 -63 -61 -53 -42 -32 -21 -10 2 15 26 37 48 58 64 62 51 35 20 8 0 -7 -17 -30 -43 -54 -60 -60 -55 -45 -33 -21 -10 1 12 25 37 48 57 62 63 56 42 24 8 -3 -10 -17 -29 -45 -59 -65 -63 -53 -42 -30 -19 -8 4 15 26 37 48 56 61 60 51 38 22 8 -2 -9 -16 -27 -42 -56 -63 -62 -54 -43 -32 -22 -11 1 14 26 38 49 59 64 62 53 38 21 7 -3 -10 -18 -28 -42 -55 -62 -61 -54 -44 -33 -22 -9 4 16 27 37 47 56 62 61 53 39 22 7 -4 -11 -18 -28 -42 -55 -62 -61 -53 -42 -31 -21 -10 3 15 26 37 46 55 60 60 53 40 24 9 19 13786 305 640
59 63 59 47 31 15 3 -6 -13 -22 -35 -50 -62 -65 -59 -48 -36 -26 -15 -3 10 21 31 41 52 61 65 59 46 29 14 3 -6 -13 -23 -35 -49 -60 -64 -59 -48 -36 -25 -16 -6 6 20 32 44 54 61 63 58 46 32 16 3 -8 -15 -22 -32 -46 -60 -68 -65 -52 -36 -23 -13 -4 8 22 35 45 52 59 61 57 46 29 14 3 -5 -12 -23 -37 -51 -60 -63 -58 -48 -36 -24 -14 -3 7 18 30 41 51 59 63 60 49 32 15 2 -6 -13 -22 -35 -50 -62 -65 -59 -48 -37 -26 -15 -3 8 20 31 42 53 61 63 58 46 30 14 2 -6 -13 -22 -35 -49 -61 -64 -60 -49 -37 -25 -14 -3 8 19 30 41 52 61 64 59 47 31 14 2 -7 -15 -23 -35 -48 -58 -63 -60 -50 -38 -25 -14 -4 7 20 32 44 53 59 62 59 48 31 13 0 -7 -12 -20 -35 -51 -61 -62 -55 -46 -37 -28 -17 -5 8 20 30 41 53 61 64 58 46 30 14 3 -5 -12 -20 -33 -48 -60 -64 -60 -49 -38 -27 -16 -5 8 21 33 44 52 59 61 58 47 32 16 3 -5 -12 -22 -36 -51 -62 -64 -58 -46 -35 -25 -16 -6 6 19 32 43 52 60 63 59 47 30 14 3 24 9115 305 640
-65 -61 -51 -38 -27 -16 -5 7 18 28 39 50 58 62 58 48 34 20 7 -2 -11 -21 -34 -48 -60 -64 -59 -49 -37 -27 -17 -8 3 15 28 40 52 60 63 60 50 35 18 3 -6 -12 -19 -30 -45 -58 -63 -59 -49 -38 -29 -21 -10 2 15 27 39 52 63 69 65 53 35 17 3 -7 -14 -23 -34 -48 -59 -63 -60 -51 -40 -29 -17 -4 9 21 31 40 50 58 63 60 49 33 17 4 -6 -13 -22 -33 -47 -58 -62 -59 -49 -38 -27 -17 -7 4 17 28 39 50 59 63 61 50 34 18 4 -5 -12 -21 -33 -47 -58 -62 -59 -50 -40 -29 -18 -6 6 18 29 40 49 57 61 60 51 36 19 4 -6 -12 -20 -32 -46 -59 -63 -59 -50 -38 -28 -17 -7 4 15 27 39 51 60 64 60 50 34 19 5 -4 -12 -21 -33 -46 -58 -63 -60 -50 -38 -27 -17 -7 3 16 29 41 51 57 59 57 49 37 21 7 -4 -11 -19 -31 -46 -60 -65 -61 -50 -39 -29 -19 -8 5 17 29 40 51 60 64 61 49 34 18 5 -3 -10 -20 -34 -49 -60 -63 -58 -49 -39 -30 -20 -7 6 19 30 40 49 57 62 59 50 35 20 7 -3 -11 -20 -33 -48 -60 -66 -63 -53 -41 -28 -16 -3 30 9347 305 640
58 61 59 49 33 16 1 -9 -15 -23 -34 -48 -60 -64 -61 -51 -38 -25 -13 -1 10 19 29 40 51 60 63 60 49 33 16 2 -7 -14 -23 -36 -51 -61 -63 -57 -47 -36 -27 -17 -5 7 19 31 43 54 61 63 57 46 32 17 4 -7 -13 -19 -30 -46 -63 -72 -68 -54 -37 -23 -12 -2 10 23 34 44 53 61 62 57 44 28 14 3 -5 -14 -24 -37 -50 -60 -63 -58 -47 -36 -26 -16 -4 9 21 32 42 51 60 63 59 46 29 14 3 -5 -13 -22 -34 -47 -58 -63 -60 -52 -40 -27 -14 -2 9 20 31 42 52 61 63 58 46 30 15 3 -5 -12 -22 -36 -50 -61 -63 -59 -49 -38 -27 -16 -3 9 21 32 42 52 60 63 59 48 32 15 1 -8 -15 -23 -35 -49 -60 -64 -58 -48 -37 -27 -17 -5 9 22 33 43 52 60 63 59 47 30 14 3 -5 -13 -23 -36 -50 -61 -64 -60 -50 -36 -23 -13 -3 7 18 31 44 54 60 62 57 46 31 15 3 -5 -13 -23 -38 -53 -62 -64 -57 -47 -36 -26 -15 -4 8 21 32 43 52 59 62 58 47 31 14 1 -7 -12 -21 -35 -51 -62 -64 -57 -47 -36 -26 -15 -4 7 18 29 42 54 62 64 58 47 32 17 4 34 8623 305 640
-64 -61 -51 -40 -28 -16 -5 6 17 28 40 52 60 63 59 48 34 18 4 -5 -12 -19 -32 -47 -61 -65 -60 -48 -36 -26 -17 -7 4 16 28 40 50 58 61 59 50 36 21 6 -5 -12 -20 -31 -46 -60 -66 -62 -51 -39 -28 -18 -7 5 16 27 39 53 65 71 65 50 30 13 2 -6 -13 -23 -34 -47 -58 -63 -60 -50 -38 -26 -15 -4 6 17 28 39 50 60 64 60 49 34 18 5 -5 -13 -22 -34 -47 -57 -62 -59 -50 -38 -27 -18 -8 4 17 30 41 51 59 63 60 50 34 17 4 -4 -11 -20 -34 -49 -60 -64 -59 -50 -39 -27 -16 -5 6 17 28 40 51 60 62 58 48 34 19 6 -5 -13 -21 -33 -47 -60 -65 -61 -50 -37 -27 -17 -6 7 19 29 38 48 59 64 61 49 32 16 5 -3 -11 -21 -35 -47 -57 -61 -59 -51 -41 -29 -18 -7 5 16 28 41 53 62 65 61 49 33 17 4 -6 -13 -21 -32 -46 -58 -64 -61 -51 -38 -27 -18 -8 4 18 30 42 52 61 65 60 48 32 16 5 -3 -11 -22 -35 -49 -59 -63 -60 -51 -40 -28 -17 -5 7 19 31 41 51 60 63 59 48 32 16 3 -5 -12 -20 -33 -48 -60 -64 -59 -48 -37 -27 -18 -8 40 8254 305 640
58 63 61 52 39 24 11 1 -7 -15 -26 -39 -53 -61 -61 -54 -43 -32 -22 -13 -3 9 22 34 45 54 60 61 55 43 27 13 2 -5 -13 -25 -42 -57 -65 -63 -56 -47 -36 -24 -11 3 15 24 35 46 56 62 62 54 41 26 12 2 -5 -13 -26 -43 -60 -70 -68 -56 -42 -29 -19 -9 3 15 25 35 44 54 61 63 55 41 24 9 -1 -8 -15 -27 -41 -55 -64 -64 -55 -43 -31 -20 -11 -1 10 23 35 48 58 63 62 54 40 25 11 0 -8 -17 -28 -43 -56 -64 -63 -54 -43 -31 -21 -11 0 12 24 35 46 55 61 63 56 43 25 9 -3 -9 -15 -25 -39 -54 -64 -64 -56 -44 -33 -22 -11 0 11 23 35 47 57 63 62 54 41 26 12 1 -8 -17 -27 -40 -53 -62 -63 -57 -46 -33 -22 -11 0 11 23 36 47 56 61 60 53 41 27 13 2 -7 -16 -28 -42 -55 -63 -63 -56 -44 -32 -22 -11 -1 11 23 35 46 57 63 63 56 42 25 10 -1 -8 -15 -26 -40 -55 -65 -65 -57 -45 -32 -20 -8 3 13 23 34 47 57 64 63 54 40 23 9 -1 -8 -15 -27 -42 -57 -65 -63 -54 -43 -32 -21 -9 3 15 25 34 45 55 62 62 53 39 23 9 45 10570 305 640
60 65 62 51 35 18 4 -6 -13 -21 -33 -47 -59 -63 -59 -50 -39 -28 -17 -6 6 18 29 41 52 60 63 58 47 32 17 5 -4 -11 -20 -34 -49 -60 -63 -57 -47 -38 -29 -20 -8 5 18 30 40 51 60 64 61 49 33 17 4 -4 -10 -19 -33 -50 -63 -68 -62 -49 -36 -25 -15 -5 7 19 30 40 50 58 62 59 49 34 18 4 -5 -13 -21 -32 -46 -59 -65 -62 -51 -39 -27 -16 -6 6 18 31 43 53 60 62 58 47 32 17 5 -5 -13 -23 -35 -47 -57 -60 -58 -51 -40 -28 -16 -5 6 18 29 41 51 59 63 60 50 34 16 2 -7 -12 -20 -32 -48 -61 -65 -60 -49 -36 -26 -16 -5 6 18 29 40 50 58 62 59 49 34 18 5 -4 -11 -19 -32 -48 -61 -66 -61 -51 -39 -28 -16 -4 9 20 30 39 49 58 63 59 48 32 17 6 -3 -11 -21 -35 -49 -59 -62 -59 -51 -41 -29 -17 -4 8 18 29 41 52 61 63 58 47 32 17 4 -5 -11 -18 -31 -47 -61 -67 -62 -50 -38 -27 -17 -6 6 18 30 41 52 61 64 60 49 33 17 2 -7 -13 -20 -31 -46 -59 -65 -61 -50 -38 -27 -17 -6 6 18 30 41 52 60 63 58 48 33 19 6 50 9148 305 640
-64 -61 -52 -41 -30 -19 -8 4 15 26 37 49 58 62 60 51 38 23 8 -4 -12 -18 -28 -42 -56 -64 -62 -52 -40 -30 -21 -11 2 15 27 38 48 57 62 60 51 37 23 10 0 -9 -18 -29 -43 -56 -64 -63 -54 -43 -32 -22 -11 3 15 26 35 47 59 69 68 57 38 19 5 -5 -12 -20 -31 -44 -56 -64 -63 -54 -42 -29 -18 -8 3 15 28 40 50 58 62 60 51 37 21 7 -3 -10 -18 -29 -43 -56 -64 -63 -54 -41 -30 -19 -9 3 15 28 39 48 57 61 60 52 38 22 8 -3 -11 -19 -29 -43 -57 -64 -63 -53 -39 -27 -18 -9 1 13 25 36 47 57 62 61 52 38 23 9 -1 -10 -19 -30 -43 -55 -64 -64 -57 -43 -30 -18 -8 3 15 28 39 48 56 60 60 53 40 23 7 -4 -11 -17 -28 -42 -57 -65 -63 -54 -42 -31 -21 -10 3 16 28 39 49 58 62 60 52 39 23 8 -3 -12 -19 -29 -43 -56 -64 -63 -55 -42 -30 -20 -9 3 16 29 39 48 57 62 61 52 37 20 6 -3 -9 -17 -28 -43 -57 -65 -63 -54 -41 -29 -19 -9 2 14 27 39 50 57 60 58 51 39 24 9 -3 -9 -15 -25 -42 -60 -71 -69 -56 -40 -28 -19 -9 56 2081 305 640
60 62 58 47 30 13 -1 -10 -16 -23 -35 -49 -59 -62 -56 -47 -36 -26 -14 -3 9 21 32 42 52 58 61 57 47 31 15 2 -7 -14 -24 -37 -52 -61 -62 -56 -46 -36 -25 -14 -3 8 19 31 43 53 60 62 57 47 33 17 2 -8 -15 -23 -35 -51 -64 -68 -62 -49 -35 -23 -12 -1 11 22 31 41 52 61 64 59 45 28 13 2 -5 -13 -23 -38 -52 -62 -63 -57 -47 -36 -25 -14 -3 10 22 33 43 52 59 62 58 46 29 13 0 -7 -13 -22 -36 -51 -62 -64 -57 -46 -35 -25 -16 -4 9 21 33 44 53 59 61 56 45 30 16 4 -6 -14 -24 -36 -49 -59 -63 -59 -50 -38 -25 -14 -3 8 19 31 44 55 63 65 59 46 29 13 0 -8 -15 -24 -36 -50 -59 -62 -57 -48 -37 -25 -14 -2 10 21 31 42 52 61 64 59 46 30 14 1 -8 -16 -24 -36 -50 -61 -64 -59 -47 -35 -24 -14 -3 9 22 32 42 51 59 63 60 47 30 13 1 -7 -13 -23 -35 -50 -60 -64 -59 -49 -37 -26 -15 -3 10 23 34 44 53 60 62 57 45 29 13 2 -5 -12 -22 -37 -52 -63 -65 -58 -47 -36 -25 -15 -2 10 22 32 42 52 60 64 59 46 29 13 1 61 2021 305 640
-62 -62 -55 -43 -32 -22 -12 0 13 26 38 48 57 62 62 55 41 23 8 -2 -9 -16 -28 -43 -57 -64 -63 -54 -44 -33 -21 -9 4 15 25 36 46 56 62 61 53 39 24 9 -1 -9 -17 -28 -42 -55 -63 -63 -57 -47 -34 -21 -9 0 10 23 39 54 65 68 62 50 35 19 6 -4 -10 -17 -27 -41 -55 -63 -62 -54 -43 -31 -21 -10 1 13 24 37 49 59 64 62 53 38 21 7 -2 -8 -15 -27 -43 -57 -64 -62 -54 -43 -32 -21 -10 3 15 26 36 47 56 62 61 52 38 23 9 0 -7 -16 -28 -43 -57 -64 -63 -55 -44 -33 -22 -10 3 16 27 36 46 55 61 62 55 41 25 10 -2 -10 -18 -29 -43 -56 -64 -63 -54 -42 -31 -21 -11 1 15 27 38 47 56 62 62 54 39 23 9 0 -8 -17 -30 -45 -58 -65 -62 -54 -42 -31 -20 -8 4 15 24 34 45 57 65 64 53 36 20 8 -1 -8 -17 -29 -43 -55 -61 -60 -53 -43 -32 -21 -10 3 14 25 34 44 55 62 63 56 41 24 8 -3 -10 -17 -28 -42 -55 -63 -62 -54 -44 -33 -22 -9 4 16 27 37 46 54 60 59 52 40 25 11 0 -8 -16 -26 -41 -57 -66 -65 -55 -42 -31 -21 -11 65 12221 305 640
60 61 54 43 29 14 2 -7 -14 -23 -35 -49 -61 -64 -58 -47 -36 -26 -15 -1 12 23 32 42 53 62 63 55 41 26 15 5 -5 -15 -26 -36 -47 -57 -62 -60 -50 -37 -24 -14 -5 6 20 35 47 56 61 61 56 44 26 9 -3 -7 -8 -14 -29 -49 -65 -70 -63 -50 -36 -24 -13 -2 10 23 34 45 54 60 61 56 45 30 14 2 -8 -15 -25 -38 -52 -62 -64 -57 -46 -34 -24 -13 -2 10 22 34 44 53 59 61 56 44 28 13 2 -5 -12 -23 -38 -53 -62 -62 -57 -47 -36 -24 -12 -1 9 19 30 42 53 61 64 59 47 31 14 1 -8 -14 -24 -37 -53 -63 -64 -57 -45 -34 -24 -15 -4 8 21 33 44 54 61 63 56 44 29 15 4 -5 -14 -25 -39 -52 -62 -64 -59 -49 -37 -25 -14 -1 12 24 35 45 54 61 62 57 44 27 12 0 -7 -13 -23 -37 -52 -63 -65 -57 -45 -33 -23 -14 -4 9 23 34 44 53 60 63 58 45 28 12 0 -8 -15 -24 -36 -49 -60 -64 -60 -50 -36 -22 -11 -2 9 21 35 47 56 60 60 54 43 29 13 0 -9 -16 -25 -37 -49 -59 -62 -57 -46 -34 -23 -13 -3 8 20 33 44 54 60 61 55 43 28 14 3 71 3353 305 640
59 63 61 51 37 21 8 -2 -10 -19 -32 -46 -57 -63 -60 -53 -42 -31 -20 -8 4 17 29 39 49 57 61 60 51 37 21 8 -1 -9 -18 -31 -46 -59 -65 -62 -52 -41 -29 -19 -8 3 15 28 40 50 57 61 59 51 37 21 7 -1 -6 -14 -29 -48 -63 -68 -63 -53 -42 -31 -19 -6 6 17 27 38 49 58 62 59 50 37 22 8 -2 -10 -17 -29 -44 -59 -66 -63 -53 -41 -30 -21 -9 3 17 28 39 49 58 63 62 53 38 21 7 -3 -12 -21 -33 -46 -56 -62 -60 -53 -42 -29 -17 -6 3 14 26 40 52 60 62 58 49 36 20 6 -4 -10 -16 -27 -43 -58 -66 -63 -53 -41 -29 -18 -7 5 16 27 37 47 57 62 60 51 37 20 6 -3 -10 -18 -30 -45 -57 -62 -59 -51 -41 -31 -20 -8 4 14 25 36 48 58 64 62 52 38 21 7 -4 -12 -19 -30 -43 -56 -63 -61 -52 -40 -29 -20 -10 1 14 27 39 51 59 63 61 51 36 20 7 -3 -10 -19 -31 -45 -58 -64 -62 -53 -41 -29 -17 -6 5 16 26 37 47 57 63 61 51 36 20 8 -2 -10 -21 -33 -46 -56 -61 -58 -50 -40 -29 -18 -8 4 15 26 35 45 55 63 63 54 37 19 7 76 906 305 640
60 61 56 45 31 15 1 -9 -16 -23 -35 -51 -63 -67 -59 -46 -32 -21 -13 -3 8 20 32 44 54 61 62 57 46 31 15 2 -9 -17 -26 -38 -51 -61 -64 -58 -47 -35 -23 -13 -2 9 22 34 46 55 60 60 54 43 29 13 1 -8 -12 -20 -33 -52 -67 -70 -60 -44 -31 -22 -14 -3 11 23 33 42 51 60 63 56 43 28 15 4 -5 -15 -27 -39 -51 -59 -62 -56 -46 -34 -24 -16 -7 5 19 33 45 54 61 63 59 48 31 14 1 -7 -14 -24 -38 -54 -64 -66 -59 -47 -35 -23 -13 -1 11 22 34 44 53 60 62 58 46 29 12 -1 -9 -14 -21 -35 -51 -64 -67 -61 -48 -35 -23 -12 0 11 22 33 44 53 60 61 55 44 28 13 1 -7 -13 -22 -36 -51 -62 -64 -58 -47 -36 -25 -14 -3 10 21 33 43 54 61 63 57 46 30 15 2 -6 -13 -24 -39 -54 -65 -66 -58 -46 -34 -24 -13 -2 10 21 33 45 55 62 62 55 43 28 13 1 -8 -15 -23 -35 -50 -62 -64 -57 -45 -34 -25 -15 -4 10 22 32 42 53 61 64 58 45 28 13 2 -6 -13 -23 -36 -51 -63 -66 -60 -48 -35 -23 -13 -2 10 21 32 42 53 61 64 58 45 28 13 2 81 785 305 640
61 64 60 49 34 18 5 -4 -12 -20 -31 -44 -56 -62 -61 -52 -39 -27 -17 -8 2 15 28 41 51 58 62 60 51 36 19 5 -4 -10 -18 -30 -45 -58 -64 -63 -54 -42 -29 -17 -6 5 16 28 40 49 56 60 59 53 40 22 4 -7 -11 -16 -27 -46 -64 -72 -65 -51 -36 -26 -17 -7 6 18 29 39 50 60 64 60 48 32 17 5 -4 -12 -20 -31 -43 -55 -63 -63 -54 -40 -27 -16 -7 4 17 30 42 50 56 61 61 53 38 18 1 -8 -13 -19 -31 -46 -59 -63 -59 -50 -38 -28 -17 -7 4 15 26 38 50 60 63 60 50 36 21 7 -4 -14 -22 -32 -45 -56 -63 -61 -53 -41 -29 -18 -6 6 18 29 39 49 58 64 61 50 35 19 7 -2 -10 -20 -32 -45 -56 -62 -62 -55 -43 -31 -19 -7 5 17 29 40 51 59 64 61 51 36 20 6 -3 -12 -21 -34 -47 -59 -64 -61 -52 -39 -27 -16 -7 3 14 27 39 51 61 65 61 50 33 17 5 -4 -11 -20 -32 -45 -56 -63 -62 -55 -43 -30 -18 -6 6 17 30 42 53 60 63 59 49 34 18 6 -3 -10 -18 -31 -46 -59 -65 -62 -52 -40 -29 -20 -9 3 17 30 41 50 58 62 61 52 38 22 8 86 488 305 640
58 63 61 53 38 21 6 -5 -12 -17 -27 -40 -53 -61 -61 -53 -43 -32 -22 -11 1 12 23 35 48 60 66 64 54 38 21 7 -2 -9 -17 -28 -43 -56 -63 -62 -54 -44 -33 -21 -9 3 15 26 38 49 58 62 59 52 39 25 11 0 -9 -17 -28 -44 -59 -68 -66 -55 -42 -30 -20 -9 3 16 28 38 48 57 63 62 53 38 20 6 -3 -9 -17 -29 -44 -58 -64 -62 -54 -42 -31 -20 -8 3 15 26 37 48 57 62 60 52 39 23 9 -3 -10 -18 -29 -43 -58 -65 -63 -54 -41 -30 -19 -8 3 14 25 36 48 58 63 61 52 37 22 9 -2 -10 -18 -29 -43 -56 -64 -62 -54 -43 -32 -21 -9 5 17 27 37 47 56 62 61 52 38 22 8 -2 -10 -18 -29 -43 -57 -64 -62 -53 -41 -31 -21 -10 3 16 27 37 47 56 63 62 53 37 21 8 -1 -9 -18 -30 -44 -55 -62 -61 -54 -44 -33 -21 -9 3 15 26 37 48 57 63 62 53 38 22 8 -2 -9 -17 -29 -43 -57 -65 -64 -55 -42 -30 -18 -7 4 15 26 37 47 56 60 59 51 38 23 10 -1 -10 -18 -28 -42 -55 -63 -62 -54 -42 -31 -21 -10 1 12 24 36 48 59 65 63 54 39 23 9 92 1832 305 640
62 63 58 46 29 12 -1 -9 -15 -24 -38 -52 -62 -64 -58 -47 -35 -23 -12 -1 9 20 32 43 53 60 61 57 46 31 14 1 -8 -14 -22 -35 -50 -62 -65 -59 -48 -35 -24 -14 -2 10 22 32 42 52 60 63 58 46 30 13 1 -6 -11 -21 -36 -54 -67 -69 -60 -45 -32 -22 -13 -3 9 22 34 44 53 59 60 55 44 30 16 3 -6 -15 -25 -38 -52 -62 -64 -57 -46 -34 -24 -14 -3 9 21 32 43 53 62 64 58 44 28 13 1 -6 -13 -23 -37 -51 -61 -63 -57 -47 -35 -25 -15 -3 10 22 32 42 52 59 62 58 46 31 15 2 -7 -15 -24 -36 -50 -61 -65 -59 -48 -35 -23 -13 -3 8 19 31 43 54 62 64 58 45 29 14 3 -6 -14 -24 -38 -52 -62 -64 -58 -48 -36 -24 -13 -2 11 22 33 43 52 60 63 58 46 29 13 1 -6 -13 -23 -37 -52 -62 -64 -58 -49 -38 -26 -13 0 12 23 33 44 54 60 62 56 45 30 14 1 -9 -17 -26 -37 -50 -60 -62 -56 -45 -35 -26 -16 -4 10 22 33 43 53 61 63 57 44 28 14 2 -6 -14 -24 -37 -50 -61 -64 -58 -47 -35 -24 -14 -4 8 21 33 44 54 61 62 57 46 30 14 2 97 6011 305 640
-61 -62 -55 -43 -30 -20 -10 -1 12 25 38 50 58 62 61 53 39 23 8 -2 -9 -17 -29 -43 -56 -63 -61 -53 -43 -33 -22 -10 3 15 26 37 48 57 62 60 52 39 24 10 -1 -9 -17 -27 -41 -55 -65 -65 -56 -44 -32 -21 -11 0 12 23 36 50 63 71 68 55 36 18 5 -3 -11 -19 -31 -44 -56 -62 -61 -53 -42 -31 -21 -11 1 13 26 38 49 58 62 61 53 39 23 8 -2 -9 -17 -29 -44 -58 -66 -63 -53 -41 -30 -20 -9 3 15 25 35 46 56 63 61 52 38 24 11 0 -10 -20 -31 -43 -54 -61 -62 -55 -43 -30 -19 -9 2 13 25 36 46 56 62 62 54 39 22 9 0 -7 -17 -30 -45 -57 -64 -62 -54 -42 -30 -20 -10 1 13 27 39 49 57 61 60 53 39 22 7 -2 -9 -16 -28 -43 -57 -64 -61 -53 -42 -32 -21 -10 2 14 26 37 48 57 62 61 52 39 24 10 -1 -10 -18 -29 -42 -56 -63 -63 -54 -43 -32 -22 -11 1 15 28 39 49 58 63 62 53 39 22 7 -4 -11 -18 -28 -41 -54 -63 -64 -56 -43 -31 -21 -11 1 15 28 39 48 56 62 62 54 39 22 7 -3 -10 -17 -29 -43 -56 -64 -63 -55 -43 -30 -19 -8 102 278 305 640
59 63 60 48 30 13 1 -7 -13 -21 -34 -48 -59 -63 -59 -49 -37 -26 -16 -5 6 18 31 43 53 60 63 58 47 32 16 4 -5 -13 -23 -37 -51 -60 -62 -57 -47 -36 -26 -16 -5 7 20 32 42 50 56 60 58 48 31 13 0 -5 -6 -12 -28 -49 -65 -70 -62 -49 -36 -26 -16 -6 5 18 31 44 55 61 62 58 47 32 16 3 -6 -12 -21 -35 -50 -62 -65 -59 -48 -37 -27 -16 -5 7 20 32 43 53 60 62 58 48 33 16 2 -7 -13 -22 -35 -50 -62 -65 -59 -47 -35 -25 -15 -5 7 19 31 42 53 61 63 57 46 31 16 3 -5 -12 -21 -33 -47 -60 -66 -62 -52 -38 -25 -14 -4 7 18 31 42 53 61 63 58 48 33 18 4 -6 -14 -24 -37 -50 -60 -63 -58 -48 -37 -27 -17 -6 7 19 31 43 54 62 64 59 47 31 16 4 -6 -14 -24 -36 -50 -61 -64 -59 -48 -36 -26 -16 -5 9 21 31 39 50 60 66 61 48 31 16 5 -4 -14 -26 -38 -49 -58 -63 -61 -52 -39 -24 -13 -3 7 19 31 43 54 61 64 59 46 29 13 2 -5 -12 -22 -36 -50 -59 -62 -57 -48 -38 -28 -17 -6 7 19 32 43 54 61 63 58 47 31 16 3 106 14702 305 640
58 63 61 51 37 20 6 -5 -12 -19 -31 -46 -60 -66 -63 -51 -38 -28 -19 -9 4 17 29 40 50 58 63 61 51 35 18 5 -4 -11 -18 -30 -45 -58 -64 -61 -52 -41 -31 -21 -9 5 18 28 39 50 60 66 63 52 37 21 6 -5 -13 -20 -29 -43 -59 -69 -69 -57 -41 -27 -16 -7 5 18 31 42 51 59 64 62 52 36 19 5 -5 -12 -21 -34 -48 -60 -64 -60 -50 -39 -29 -18 -7 5 18 29 39 49 58 64 62 52 36 19 6 -4 -11 -19 -31 -46 -59 -65 -63 -53 -40 -28 -17 -6 6 17 27 37 49 59 65 62 51 35 19 6 -3 -12 -22 -33 -46 -57 -63 -61 -53 -40 -27 -15 -5 4 14 26 39 50 58 61 59 49 35 20 6 -4 -11 -19 -30 -45 -58 -63 -60 -51 -40 -29 -18 -8 4 15 27 39 50 59 63 58 47 32 18 6 -3 -9 -18 -29 -43 -55 -61 -59 -51 -40 -29 -18 -7 3 14 25 37 48 57 62 59 50 37 21 8 -3 -11 -20 -31 -44 -56 -62 -60 -51 -40 -29 -18 -7 4 15 26 37 48 58 63 61 51 37 21 7 -4 -12 -21 -31 -44 -56 -63 -63 -54 -41 -28 -17 -7 4 17 29 41 51 58 62 59 49 34 18 5 112 6422 305 640
-62 -57 -48 -36 -25 -15 -4 8 20 33 44 53 59 61 57 46 30 14 2 -5 -11 -21 -37 -54 -64 -64 -56 -45 -36 -28 -17 -4 10 22 31 41 53 62 65 58 44 28 13 2 -6 -13 -22 -35 -49 -61 -65 -59 -47 -35 -25 -17 -6 7 21 32 41 52 63 69 64 48 26 8 -2 -7 -12 -21 -36 -51 -61 -64 -59 -49 -37 -25 -14 -2 10 21 32 43 53 61 63 57 45 30 14 2 -8 -16 -24 -36 -49 -60 -63 -57 -46 -34 -25 -17 -6 8 21 32 41 51 61 65 60 46 28 13 3 -4 -13 -25 -38 -50 -60 -63 -60 -50 -36 -23 -13 -3 7 19 32 44 55 62 63 57 44 28 13 3 -5 -13 -24 -37 -51 -60 -63 -59 -50 -38 -26 -15 -2 10 22 34 45 54 59 60 55 45 31 17 5 -5 -15 -25 -38 -51 -61 -64 -59 -49 -37 -25 -14 -3 9 22 34 45 54 60 62 56 44 28 13 3 -4 -12 -23 -38 -52 -61 -62 -56 -47 -37 -27 -15 -3 10 21 31 41 52 61 64 60 47 29 13 2 -6 -12 -22 -36 -51 -61 -64 -59 -49 -37 -26 -15 -3 9 20 32 43 54 61 63 58 47 32 16 3 -7 -15 -24 -37 -51 -61 -63 -57 -47 -36 -26 -16 -4 116 13272 305 640
59 64 61 50 34 18 6 -2 -9 -17 -29 -44 -57 -64 -62 -53 -42 -31 -19 -7 5 17 28 38 48 58 63 60 50 35 20 7 -2 -11 -20 -30 -43 -55 -62 -63 -55 -43 -30 -18 -7 4 15 27 39 50 58 62 60 50 35 19 6 -1 -7 -14 -28 -45 -61 -68 -66 -56 -42 -29 -17 -5 6 17 28 39 50 59 64 62 53 38 20 5 -6 -13 -20 -31 -45 -59 -66 -63 -53 -40 -28 -18 -8 4 17 30 41 49 56 61 61 52 37 20 5 -4 -10 -19 -32 -47 -59 -63 -59 -51 -41 -31 -20 -8 4 15 26 38 50 60 65 62 51 35 19 6 -3 -10 -18 -30 -44 -57 -63 -61 -53 -42 -31 -20 -8 4 16 27 38 48 57 62 60 52 38 22 8 -2 -10 -19 -30 -44 -57 -65 -63 -54 -42 -30 -19 -8 3 16 28 39 49 57 62 60 51 37 20 6 -3 -10 -17 -28 -43 -56 -63 -62 -53 -42 -32 -22 -10 2 15 28 39 50 58 62 60 50 36 21 7 -3 -10 -17 -27 -41 -56 -64 -63 -53 -41 -29 -19 -10 2 15 27 37 46 54 60 60 51 37 21 9 1 -7 -17 -30 -44 -56 -62 -61 -54 -42 -30 -20 -10 0 12 26 39 50 59 63 62 52 37 20 6 122 428 305 640
61 63 57 45 30 14 2 -7 -15 -25 -39 -54 -64 -65 -56 -43 -32 -23 -14 -2 11 23 33 42 51 59 61 57 45 29 14 3 -6 -13 -22 -35 -50 -62 -65 -59 -46 -33 -23 -14 -5 7 20 32 43 52 58 60 57 47 33 16 3 -6 -12 -20 -35 -53 -66 -68 -60 -47 -36 -27 -17 -4 11 24 34 43 52 61 65 59 45 28 12 1 -6 -13 -23 -36 -51 -61 -64 -59 -50 -39 -27 -14 -1 10 20 30 41 54 65 68 61 46 28 13 2 -6 -14 -24 -36 -50 -61 -65 -61 -51 -38 -25 -14 -2 9 21 32 44 54 62 65 60 48 31 14 1 -8 -15 -24 -37 -51 -61 -63 -58 -48 -37 -26 -16 -4 8 20 32 44 54 62 64 59 46 29 14 2 -5 -12 -23 -37 -52 -62 -65 -58 -47 -35 -25 -15 -4 7 19 32 44 55 62 64 58 46 30 14 1 -7 -14 -23 -36 -50 -61 -64 -59 -48 -36 -24 -14 -3 8 20 31 42 53 60 62 57 46 30 15 3 -5 -13 -23 -37 -51 -61 -64 -59 -49 -37 -25 -13 -2 9 20 32 43 53 59 60 55 44 30 15 2 -7 -14 -22 -33 -46 -57 -61 -58 -49 -37 -26 -16 -4 8 20 31 41 51 58 61 57 46 31 16 5 126 13216 305 640
61 62 55 43 29 16 5 -3 -11 -21 -34 -49 -61 -65 -61 -50 -38 -26 -14 -3 9 20 30 40 50 59 62 59 48 32 16 3 -5 -12 -21 -35 -51 -62 -65 -58 -47 -36 -26 -17 -6 7 20 32 44 53 59 61 56 46 32 16 2 -6 -11 -18 -30 -48 -64 -70 -63 -48 -34 -24 -15 -5 7 20 32 43 52 59 61 57 46 31 16 3 -5 -12 -21 -34 -49 -61 -63 -57 -47 -37 -27 -18 -6 7 20 31 42 52 60 63 59 48 32 16 3 -5 -12 -22 -36 -51 -62 -63 -57 -47 -37 -26 -16 -5 7 18 30 42 54 61 63 58 47 33 18 4 -6 -14 -23 -36 -50 -62 -65 -58 -47 -36 -26 -16 -5 7 19 30 42 54 62 63 57 45 31 17 4 -6 -15 -24 -35 -47 -59 -64 -61 -50 -37 -25 -14 -3 9 20 30 40 51 60 63 58 46 31 16 5 -4 -13 -23 -36 -49 -60 -64 -60 -50 -38 -26 -16 -4 9 21 33 42 52 59 62 58 47 31 15 2 -7 -14 -23 -35 -48 -58 -62 -58 -48 -37 -26 -15 -4 8 19 30 40 50 58 62 59 48 33 17 4 -6 -13 -22 -34 -48 -59 -64 -60 -50 -38 -26 -15 -5 7 19 31 43 53 60 63 60 48 31 14 2 133 1976 305 640
-64 -63 -55 -43 -32 -21 -10 2 15 27 38 47 55 60 60 53 39 22 8 -1 -7 -15 -27 -43 -57 -64 -62 -53 -43 -33 -22 -10 3 14 25 36 48 58 62 60 51 38 25 11 0 -9 -18 -28 -41 -54 -62 -62 -54 -44 -34 -23 -12 1 13 24 36 49 62 69 66 52 35 19 7 -1 -9 -17 -28 -42 -55 -64 -65 -56 -43 -29 -19 -10 1 13 26 38 48 56 61 61 53 39 22 8 -2 -9 -16 -27 -42 -56 -63 -62 -55 -44 -33 -21 -10 3 15 26 37 47 55 61 61 54 41 25 10 -2 -11 -19 -29 -42 -55 -62 -62 -55 -43 -31 -20 -10 1 14 27 38 47 55 60 60 53 40 24 9 -1 -8 -16 -29 -44 -57 -64 -62 -53 -42 -31 -21 -10 2 14 25 37 47 56 61 61 54 40 23 8 -3 -10 -16 -27 -41 -54 -62 -61 -54 -44 -34 -22 -11 1 13 25 36 47 57 62 61 53 40 24 11 0 -8 -17 -29 -43 -56 -63 -62 -55 -44 -33 -21 -9 3 15 25 36 47 56 62 61 53 40 24 11 0 -9 -18 -29 -43 -55 -62 -62 -55 -45 -34 -22 -11 2 16 29 40 48 55 60 60 53 40 23 7 -3 -9 -15 -26 -42 -56 -64 -64 -56 -44 -31 -19 -7 138 1292 305 640
63 64 57 42 25 10 -1 -9 -15 -24 -37 -51 -61 -63 -56 -44 -32 -22 -14 -4 9 22 34 45 54 60 62 56 43 26 10 -1 -8 -14 -24 -37 -51 -61 -62 -56 -45 -34 -23 -12 -2 10 21 33 44 54 60 62 56 44 28 12 0 -7 -12 -21 -36 -53 -66 -68 -60 -47 -34 -22 -10 1 11 22 33 45 56 62 62 55 43 29 14 1 -8 -15 -25 -38 -54 -65 -66 -57 -44 -32 -22 -12 -1 10 22 32 43 53 61 63 57 46 30 14 1 -8 -15 -24 -38 -53 -64 -66 -57 -45 -33 -23 -14 -3 10 24 35 45 53 60 62 57 43 26 10 0 -6 -10 -20 -36 -53 -64 -65 -59 -48 -38 -27 -15 -1 13 23 33 44 55 64 66 59 44 27 11 0 -8 -16 -26 -39 -53 -62 -63 -57 -47 -36 -26 -14 -1 12 23 32 43 55 65 67 60 44 26 10 -1 -8 -15 -24 -37 -51 -62 -65 -60 -49 -36 -24 -13 -1 11 22 33 43 53 62 65 60 47 31 15 2 -8 -17 -28 -41 -55 -63 -64 -57 -46 -34 -23 -11 -1 10 21 32 44 54 62 63 57 44 27 12 1 -6 -11 -21 -36 -52 -63 -65 -59 -50 -38 -26 -13 0 12 22 32 43 55 64 65 58 44 27 12 0 143 12083 305 640
-59 -65 -62 -53 -41 -30 -19 -7 5 17 29 40 50 58 62 60 50 35 19 6 -3 -10 -19 -32 -47 -59 -64 -61 -52 -41 -29 -18 -6 6 17 27 38 49 58 62 59 49 35 20 8 -1 -9 -19 -31 -45 -57 -63 -61 -55 -44 -31 -19 -7 2 12 24 41 58 69 70 61 46 31 18 6 -4 -13 -21 -32 -45 -58 -65 -62 -52 -39 -28 -18 -7 5 17 29 40 51 59 63 59 48 33 18 7 -1 -9 -18 -31 -46 -58 -64 -62 -53 -41 -29 -18 -7 4 16 28 40 51 60 64 61 50 34 18 5 -3 -9 -18 -31 -47 -59 -64 -60 -51 -40 -30 -19 -8 4 15 27 40 51 60 63 61 51 37 20 5 -5 -11 -19 -31 -46 -59 -65 -61 -52 -41 -30 -19 -7 6 18 30 41 51 58 61 58 48 35 20 7 -3 -11 -20 -31 -45 -57 -63 -60 -52 -42 -31 -19 -7 6 17 28 40 52 61 64 59 48 34 19 6 -4 -12 -20 -31 -44 -57 -63 -61 -51 -39 -27 -18 -10 1 14 28 42 54 60 62 58 49 35 20 6 -4 -11 -19 -31 -46 -59 -65 -61 -51 -39 -28 -18 -7 4 17 29 39 49 57 62 60 51 36 20 6 -4 -11 -19 -30 -45 -58 -64 -61 -52 -39 -28 -18 148 10574 305 640
54 61 63 57 45 28 12 -1 -9 -15 -25 -38 -51 -60 -62 -57 -47 -35 -24 -13 -2 9 21 33 44 54 61 63 58 46 29 12 0 -7 -14 -23 -37 -52 -62 -64 -59 -50 -38 -25 -11 0 11 21 33 46 56 62 62 56 45 30 14 1 -8 -13 -21 -37 -56 -70 -71 -60 -45 -31 -20 -11 0 12 23 34 44 55 62 62 55 42 28 13 1 -9 -17 -26 -38 -51 -62 -65 -59 -46 -32 -21 -12 -2 10 23 35 46 54 60 60 55 44 28 12 0 -8 -14 -23 -36 -51 -62 -63 -57 -46 -36 -26 -15 -2 12 24 35 45 54 61 61 54 42 28 14 3 -7 -15 -25 -37 -51 -62 -65 -59 -47 -34 -24 -14 -2 11 24 35 45 54 60 62 56 44 28 12 0 -8 -15 -25 -38 -52 -61 -63 -56 -46 -35 -25 -15 -3 11 24 35 46 55 61 62 56 43 27 12 1 -7 -15 -25 -38 -52 -61 -62 -57 -47 -36 -25 -14 -2 11 23 35 45 54 61 63 57 44 27 12 0 -7 -14 -24 -38 -52 -62 -64 -59 -48 -36 -24 -12 0 12 24 35 46 55 60 60 54 42 28 13 2 -6 -15 -26 -39 -52 -61 -61 -56 -46 -36 -25 -14 -2 11 22 33 44 54 61 63 57 45 29 12 153 10490 305 640
58 63 60 49 34 19 6 -4 -12 -21 -33 -47 -60 -66 -62 -51 -37 -26 -17 -7 6 19 31 42 51 58 62 59 49 33 17 3 -7 -14 -21 -30 -44 -57 -64 -62 -51 -37 -24 -14 -5 5 16 27 39 49 57 61 59 50 34 16 2 -6 -9 -12 -23 -41 -59 -69 -66 -54 -40 -28 -19 -8 5 18 31 41 51 59 63 61 50 34 17 5 -3 -10 -19 -33 -49 -60 -64 -60 -50 -40 -29 -18 -7 5 17 30 43 53 60 61 57 49 37 22 7 -6 -14 -22 -32 -46 -59 -66 -63 -52 -39 -27 -17 -6 6 18 30 42 52 60 63 58 47 33 17 5 -4 -12 -20 -32 -47 -59 -64 -61 -51 -38 -26 -17 -7 3 15 28 41 53 61 64 60 49 34 18 4 -6 -13 -21 -32 -46 -58 -63 -60 -51 -39 -28 -17 -6 7 19 30 41 50 58 61 58 49 34 19 5 -5 -12 -21 -32 -46 -57 -63 -61 -52 -41 -28 -16 -5 7 19 30 41 50 57 60 58 50 38 21 5 -7 -15 -23 -32 -45 -58 -64 -62 -51 -38 -25 -14 -5 6 17 28 39 50 58 62 59 50 35 18 5 -5 -12 -20 -32 -47 -60 -65 -61 -50 -38 -27 -17 -6 5 17 29 40 50 58 62 60 49 34 18 5 159 184 305 640
57 63 62 54 42 27 13 2 -8 -17 -28 -41 -53 -61 -62 -56 -45 -34 -23 -13 -2 11 24 37 48 56 60 60 54 43 28 13 1 -9 -17 -28 -41 -54 -62 -62 -55 -45 -33 -23 -12 -1 12 24 36 46 54 59 60 55 43 28 13 4 -2 -10 -24 -44 -62 -70 -67 -56 -44 -32 -22 -11 1 13 23 35 46 56 62 62 55 43 28 12 -1 -10 -17 -26 -40 -54 -64 -64 -56 -44 -33 -23 -12 0 13 25 36 46 54 60 60 54 43 28 12 -2 -10 -16 -23 -36 -52 -64 -67 -58 -44 -31 -21 -12 -2 11 24 35 45 55 61 63 56 42 25 10 -1 -9 -16 -26 -39 -51 -60 -61 -56 -45 -33 -22 -12 -2 9 21 33 45 55 62 63 57 44 27 12 0 -8 -15 -26 -40 -54 -62 -62 -55 -45 -35 -25 -14 -2 11 24 36 46 55 62 63 57 43 26 10 -1 -7 -14 -25 -40 -55 -64 -64 -56 -45 -34 -23 -13 0 13 26 37 47 55 60 61 55 42 26 11 -1 -9 -17 -26 -39 -52 -61 -63 -57 -46 -33 -22 -11 -1 10 22 35 47 57 63 63 54 41 25 11 0 -8 -17 -27 -39 -52 -61 -63 -57 -46 -32 -21 -12 -2 11 25 37 46 53 58 61 56 44 26 9 163 14121 305 640
60 63 58 48 34 20 7 -3 -13 -22 -33 -46 -58 -64 -62 -52 -40 -28 -17 -6 6 17 29 40 51 59 63 59 48 33 18 7 -2 -11 -21 -34 -47 -57 -63 -61 -53 -41 -27 -15 -5 4 15 27 40 52 61 63 60 51 36 19 4 -7 -13 -19 -30 -46 -61 -68 -63 -51 -37 -26 -16 -6 6 19 30 40 49 58 63 60 50 34 17 4 -5 -12 -20 -31 -45 -57 -62 -60 -52 -41 -30 -19 -6 6 19 31 42 51 58 61 58 48 35 20 6 -3 -11 -20 -31 -46 -59 -65 -63 -54 -41 -28 -16 -5 6 16 28 40 52 60 63 59 49 35 20 7 -3 -11 -21 -34 -49 -61 -65 -60 -49 -38 -28 -19 -8 5 18 31 42 52 59 63 60 49 34 18 5 -5 -12 -20 -32 -47 -59 -64 -60 -50 -40 -29 -18 -7 5 16 28 41 52 61 63 58 49 36 22 7 -5 -14 -22 -33 -46 -59 -65 -61 -50 -38 -28 -19 -8 6 19 30 39 50 59 65 61 49 34 19 7 -3 -12 -23 -35 -47 -58 -63 -61 -53 -41 -28 -16 -5 6 19 31 42 50 57 61 59 51 35 17 3 -6 -11 -19 -31 -47 -60 -64 -59 -50 -40 -30 -20 -6 8 21 31 40 49 58 62 59 49 34 19 6 168 12925 305 640
54 59 61 56 45 28 11 -2 -10 -16 -24 -38 -53 -63 -63 -56 -46 -35 -24 -13 -1 13 25 37 47 55 60 61 55 43 26 10 -2 -9 -14 -24 -39 -54 -63 -63 -56 -45 -34 -22 -11 1 12 23 34 46 55 60 59 54 43 28 11 -2 -8 -12 -20 -36 -57 -70 -68 -55 -40 -29 -22 -13 -1 12 23 33 43 55 64 64 54 38 23 11 3 -4 -14 -26 -39 -52 -61 -63 -57 -46 -34 -24 -14 -2 11 24 37 48 55 60 60 54 43 27 12 0 -8 -15 -25 -38 -53 -62 -62 -55 -45 -35 -25 -14 -2 11 23 35 46 56 63 63 56 42 26 11 0 -8 -16 -26 -39 -52 -61 -63 -56 -45 -33 -22 -12 -2 10 22 34 45 54 61 63 58 45 28 11 -1 -9 -16 -26 -40 -53 -61 -61 -55 -46 -35 -24 -12 0 12 22 33 44 55 63 63 56 43 27 12 1 -7 -15 -26 -41 -56 -65 -64 -56 -44 -32 -21 -11 0 11 22 33 45 55 62 61 54 41 27 13 2 -7 -16 -26 -39 -53 -63 -64 -58 -46 -33 -22 -12 -2 10 24 36 47 55 60 61 56 44 27 10 -1 -8 -14 -24 -39 -55 -64 -63 -55 -43 -33 -23 -14 -3 10 23 35 46 56 62 62 56 44 27 11 173 12754 305 640
-62 -57 -46 -35 -24 -13 -1 10 22 32 43 52 58 60 55 45 30 15 3 -7 -15 -25 -38 -51 -60 -62 -56 -46 -35 -25 -15 -4 8 19 31 44 55 63 64 57 45 29 15 3 -6 -15 -26 -39 -51 -61 -63 -59 -49 -37 -24 -12 -1 9 19 30 43 55 65 68 61 47 29 12 0 -9 -17 -26 -39 -52 -62 -63 -57 -46 -35 -25 -15 -3 10 23 35 46 55 61 62 56 43 28 13 1 -7 -15 -24 -37 -51 -62 -65 -59 -47 -35 -23 -13 -2 10 22 33 43 53 61 63 58 45 28 12 0 -7 -14 -24 -37 -50 -60 -63 -59 -50 -39 -27 -13 -1 11 21 32 43 55 63 65 58 45 29 14 3 -6 -13 -24 -38 -54 -65 -67 -60 -48 -35 -24 -13 -2 11 23 34 43 52 60 63 59 47 30 14 2 -6 -14 -25 -41 -55 -63 -62 -55 -46 -37 -27 -14 -1 11 22 32 42 53 61 64 58 45 29 13 1 -6 -12 -21 -36 -52 -64 -65 -56 -45 -35 -27 -16 -3 11 23 33 43 53 61 62 56 44 31 16 3 -8 -16 -24 -35 -48 -61 -66 -61 -49 -35 -23 -12 -2 9 20 31 42 53 61 62 57 44 29 15 4 -5 -13 -24 -39 -52 -61 -62 -56 -47 -37 -27 -15 -3 179 9836 305 640
54 60 62 57 44 26 9 -2 -10 -17 -28 -42 -55 -62 -61 -54 -44 -34 -23 -11 2 14 25 35 45 54 61 62 55 42 25 11 0 -8 -16 -28 -42 -56 -63 -62 -54 -43 -32 -22 -12 -1 10 23 36 47 57 62 62 56 43 26 9 -3 -9 -13 -23 -40 -59 -70 -68 -56 -41 -29 -20 -10 2 15 26 36 45 53 59 60 54 42 27 12 0 -10 -18 -28 -41 -54 -63 -64 -56 -43 -30 -20 -11 -1 11 24 37 47 55 59 60 54 43 27 11 -1 -9 -16 -27 -42 -56 -65 -63 -54 -42 -31 -22 -12 0 12 24 35 46 57 63 63 55 41 24 10 -1 -10 -18 -27 -40 -53 -61 -62 -55 -45 -33 -23 -12 0 13 24 35 45 55 62 63 56 42 25 10 -1 -9 -17 -28 -41 -54 -62 -62 -55 -45 -33 -23 -12 0 13 26 37 48 56 61 60 53 41 26 11 -2 -11 -18 -27 -39 -52 -61 -62 -55 -44 -32 -22 -12 0 13 25 36 46 54 61 62 56 42 25 10 -1 -9 -17 -28 -42 -55 -63 -62 -55 -44 -32 -21 -9 2 13 24 35 46 56 61 61 53 39 24 10 0 -8 -16 -26 -39 -53 -62 -63 -56 -45 -32 -21 -10 1 12 23 34 44 54 61 63 57 43 25 9 183 12911 305 640
59 62 60 50 36 21 7 -4 -12 -20 -31 -45 -59 -66 -64 -53 -40 -27 -16 -6 5 16 28 39 50 59 64 62 52 37 20 5 -5 -12 -20 -32 -47 -61 -67 -63 -50 -36 -25 -16 -7 4 16 28 39 49 58 62 60 51 36 21 8 -3 -11 -19 -29 -42 -57 -68 -69 -60 -44 -27 -13 -3 7 17 30 42 53 60 63 59 49 34 18 4 -5 -13 -21 -32 -45 -58 -65 -62 -52 -39 -27 -16 -7 4 17 30 41 50 57 61 59 50 36 21 7 -4 -12 -22 -33 -47 -58 -64 -61 -52 -40 -28 -18 -8 4 17 30 40 50 58 64 63 53 36 18 4 -5 -11 -20 -33 -49 -60 -65 -60 -50 -38 -27 -16 -5 6 17 27 38 49 59 65 61 49 32 16 5 -3 -9 -18 -31 -47 -60 -66 -63 -52 -38 -25 -16 -8 2 15 28 41 51 58 62 61 53 38 20 4 -7 -15 -22 -33 -46 -58 -63 -60 -51 -40 -27 -16 -5 5 15 27 40 51 60 63 59 50 36 21 6 -6 -14 -22 -32 -46 -58 -64 -60 -50 -38 -27 -18 -8 4 17 29 40 50 58 62 60 51 36 19 4 -6 -13 -20 -30 -44 -57 -65 -62 -53 -40 -28 -18 -7 5 18 29 40 50 59 64 61 50 34 16 3 188 8115 305 640
57 61 59 51 37 21 7 -3 -10 -18 -29 -43 -56 -63 -61 -52 -41 -30 -20 -10 2 14 26 37 49 58 64 62 53 38 21 7 -4 -11 -20 -31 -44 -56 -62 -61 -52 -40 -27 -16 -7 2 12 25 37 47 55 59 59 51 37 20 7 0 -3 -9 -23 -44 -62 -69 -66 -55 -43 -31 -20 -8 4 16 27 39 50 58 62 59 51 38 22 8 -3 -10 -18 -30 -44 -57 -63 -61 -52 -41 -31 -20 -9 3 16 29 39 48 55 59 60 53 39 20 5 -4 -7 -12 -25 -45 -61 -67 -62 -50 -38 -29 -19 -9 1 12 23 35 48 58 64 62 54 40 23 8 -3 -11 -19 -29 -44 -57 -64 -61 -52 -41 -31 -22 -11 1 14 27 39 50 58 63 61 53 39 23 8 -3 -10 -18 -30 -45 -58 -64 -62 -53 -43 -32 -21 -9 5 17 28 37 46 56 63 64 55 39 21 7 -3 -10 -19 -31 -45 -57 -63 -62 -55 -43 -30 -17 -7 3 14 26 38 50 58 63 61 52 37 20 6 -3 -9 -17 -30 -45 -57 -62 -61 -53 -43 -32 -19 -7 5 15 25 36 47 56 62 61 54 41 24 8 -4 -12 -20 -30 -44 -57 -64 -62 -52 -40 -29 -20 -10 2 15 28 39 49 57 61 60 52 38 21 6 194 5833 305 640
60 62 57 45 29 14 3 -5 -13 -24 -39 -53 -62 -62 -56 -46 -36 -27 -16 -4 9 22 35 46 55 61 63 58 46 29 12 0 -8 -15 -26 -41 -54 -62 -61 -55 -46 -35 -23 -11 0 10 20 31 42 53 60 61 55 44 28 12 0 -5 -9 -17 -33 -52 -65 -68 -61 -49 -38 -27 -14 0 13 25 35 44 54 61 62 56 44 29 14 2 -8 -16 -26 -38 -52 -62 -64 -58 -47 -35 -24 -13 -2 11 23 35 45 53 59 62 57 45 28 11 -1 -8 -13 -22 -36 -51 -62 -63 -57 -45 -34 -24 -15 -4 8 21 33 45 55 61 61 56 44 30 15 2 -7 -16 -25 -38 -51 -61 -63 -58 -46 -34 -24 -14 -3 9 21 33 44 53 60 62 57 46 30 15 2 -7 -15 -26 -40 -53 -62 -63 -56 -46 -35 -24 -14 -3 9 23 35 46 54 59 60 56 45 30 14 2 -8 -16 -25 -38 -51 -61 -64 -58 -47 -34 -22 -12 -2 9 20 33 45 54 60 61 56 45 30 13 0 -9 -15 -23 -35 -50 -61 -63 -58 -47 -36 -26 -15 -3 11 23 34 44 53 60 62 57 45 29 13 1 -8 -14 -24 -37 -52 -63 -66 -59 -47 -34 -22 -12 -1 11 22 34 45 54 59 60 56 45 30 14 0 199 11437 305 640
58 62 59 50 35 20 7 -3 -11 -19 -31 -45 -58 -64 -62 -52 -40 -29 -19 -8 5 18 30 41 50 58 62 60 50 35 18 5 -4 -10 -18 -30 -45 -58 -64 -62 -52 -39 -27 -17 -8 3 16 30 42 50 56 59 58 50 35 17 4 -1 -3 -10 -26 -47 -63 -69 -63 -52 -41 -31 -20 -9 3 16 28 41 53 62 65 61 50 36 20 6 -4 -12 -20 -32 -47 -60 -66 -61 -51 -40 -30 -20 -8 5 19 31 42 52 60 63 59 49 34 19 6 -4 -12 -22 -33 -46 -57 -62 -60 -52 -40 -29 -17 -6 5 16 27 39 50 60 63 60 50 35 19 5 -5 -12 -19 -30 -44 -57 -64 -62 -53 -40 -28 -17 -6 6 17 28 39 49 58 62 59 50 36 21 7 -4 -12 -20 -30 -44 -57 -64 -63 -54 -41 -28 -16 -7 4 15 27 40 51 61 64 60 50 35 19 7 -3 -11 -21 -34 -48 -60 -64 -60 -51 -39 -28 -18 -7 6 19 30 40 48 56 61 60 51 35 18 4 -4 -10 -18 -32 -47 -59 -63 -59 -50 -40 -30 -19 -7 5 17 29 41 52 60 62 58 48 34 20 7 -4 -12 -20 -31 -44 -58 -65 -62 -52 -39 -28 -18 -8 4 17 29 40 50 58 63 60 50 35 19 6 204 15615 305 640
-62 -56 -46 -34 -24 -13 -2 11 24 35 46 55 62 64 57 43 26 10 -1 -8 -15 -25 -38 -52 -61 -63 -57 -46 -34 -24 -14 -3 9 23 36 47 57 62 62 55 42 27 13 3 -6 -16 -29 -43 -55 -61 -60 -54 -45 -35 -24 -13 -2 10 21 31 42 53 63 68 63 50 30 11 -2 -10 -18 -28 -42 -55 -64 -64 -57 -46 -34 -22 -10 0 11 23 35 47 56 62 62 56 44 27 11 -2 -10 -16 -25 -39 -54 -64 -64 -55 -43 -33 -24 -14 -2 11 25 36 46 54 61 62 57 44 27 10 -3 -10 -16 -25 -38 -52 -62 -63 -56 -45 -33 -22 -11 -1 8 19 32 46 58 65 64 55 41 26 11 0 -8 -15 -26 -40 -55 -65 -63 -53 -41 -31 -24 -16 -4 11 25 37 45 53 59 62 57 45 28 11 -2 -10 -16 -26 -39 -52 -62 -63 -56 -45 -33 -23 -12 -1 11 22 34 45 55 61 62 55 42 27 13 2 -7 -15 -26 -40 -53 -62 -63 -57 -47 -35 -23 -11 1 13 24 34 44 54 61 62 56 43 27 11 0 -8 -15 -25 -38 -52 -62 -64 -57 -47 -35 -23 -12 -1 11 23 35 47 55 60 60 54 43 28 13 1 -7 -15 -26 -41 -55 -63 -63 -56 -45 -34 -23 -11 1 209 14132 305 640
-65 -61 -49 -37 -28 -20 -10 3 18 30 40 49 57 62 60 51 37 21 6 -5 -13 -20 -30 -43 -57 -66 -65 -54 -40 -27 -17 -7 5 18 30 40 49 57 62 60 50 34 18 6 -2 -8 -17 -31 -48 -61 -66 -62 -51 -39 -28 -18 -6 5 16 26 37 50 62 68 62 48 31 17 7 -1 -10 -21 -33 -46 -56 -62 -61 -54 -42 -29 -17 -6 5 17 29 40 51 60 64 61 49 33 17 4 -5 -12 -20 -32 -45 -56 -61 -59 -51 -40 -29 -19 -8 5 17 28 38 49 58 63 60 49 33 18 7 -1 -8 -18 -32 -47 -59 -63 -60 -52 -41 -30 -19 -6 6 17 28 39 50 58 62 59 50 36 21 8 -3 -12 -21 -32 -45 -57 -63 -61 -52 -40 -28 -19 -9 3 16 30 41 51 58 62 61 52 37 19 4 -6 -12 -20 -31 -45 -57 -64 -62 -53 -40 -28 -17 -7 4 17 30 41 50 56 59 58 51 37 21 6 -3 -9 -16 -29 -45 -59 -65 -62 -52 -42 -31 -21 -8 5 17 29 40 51 61 65 61 50 34 18 6 -3 -10 -18 -31 -46 -61 -67 -64 -53 -39 -26 -16 -6 5 17 29 40 50 58 61 59 51 37 20 5 -6 -13 -21 -32 -45 -57 -62 -59 -50 -40 -30 -20 -8 214 9060 305 640
59 64 62 54 41 25 10 -2 -10 -17 -27 -41 -55 -64 -63 -54 -43 -32 -22 -12 1 14 26 36 46 55 61 61 54 39 23 9 -1 -8 -15 -26 -40 -53 -62 -63 -56 -44 -32 -21 -11 0 12 25 37 47 54 58 59 53 41 23 7 -3 -6 -7 -17 -35 -56 -69 -68 -56 -43 -32 -24 -15 -2 12 25 35 45 56 63 64 56 42 26 11 -1 -10 -18 -28 -40 -53 -62 -63 -56 -44 -32 -21 -12 -1 11 24 36 46 55 61 62 55 42 26 11 -1 -8 -16 -26 -40 -54 -64 -65 -57 -45 -32 -21 -11 0 13 25 36 47 56 61 61 54 41 25 11 1 -7 -15 -27 -42 -56 -64 -63 -55 -43 -31 -21 -11 -1 11 24 37 48 56 60 59 53 41 27 12 0 -9 -16 -26 -40 -54 -62 -62 -55 -44 -34 -23 -12 0 12 23 35 47 57 63 63 55 41 25 10 -2 -10 -16 -25 -39 -53 -63 -63 -56 -44 -33 -23 -13 -1 13 26 38 48 56 60 60 53 41 25 11 -1 -8 -15 -25 -40 -54 -64 -63 -55 -44 -33 -22 -11 1 13 23 34 45 57 63 62 54 40 26 12 0 -9 -17 -26 -39 -54 -64 -65 -56 -43 -32 -23 -14 0 14 27 36 45 56 64 65 55 37 19 8 219 16351 305 640
57 61 60 51 37 21 5 -5 -13 -20 -32 -47 -60 -65 -61 -50 -38 -27 -17 -6 5 17 28 39 49 58 62 60 51 36 19 5 -4 -10 -18 -31 -47 -60 -65 -61 -51 -39 -29 -19 -8 5 18 30 40 50 58 62 60 51 35 18 4 -4 -10 -17 -29 -46 -61 -68 -64 -52 -38 -25 -16 -7 3 15 29 41 52 59 62 59 50 36 20 6 -5 -13 -21 -32 -46 -57 -63 -61 -52 -40 -28 -18 -9 1 14 30 46 58 64 64 57 46 32 17 3 -6 -13 -20 -31 -45 -58 -64 -61 -51 -39 -27 -17 -6 6 18 29 40 50 58 62 58 48 33 18 6 -3 -11 -19 -31 -46 -58 -64 -61 -51 -40 -28 -18 -6 5 17 29 39 49 57 61 60 51 37 20 5 -5 -12 -18 -29 -45 -59 -66 -62 -51 -39 -28 -18 -8 3 16 28 40 51 59 63 60 51 36 19 5 -5 -11 -19 -31 -47 -61 -66 -60 -49 -38 -28 -19 -8 5 18 30 40 49 56 61 60 51 36 19 4 -5 -11 -18 -31 -46 -60 -65 -60 -49 -37 -27 -18 -9 2 15 28 40 50 58 62 60 52 37 21 6 -5 -13 -22 -33 -47 -58 -62 -59 -51 -40 -29 -18 -7 5 16 28 40 51 59 63 59 49 34 19 7 224 10079 305 640
55 61 62 55 40 22 5 -5 -10 -14 -22 -37 -54 -66 -66 -56 -43 -31 -22 -12 0 13 27 39 49 57 62 61 54 41 25 10 -2 -11 -20 -31 -43 -55 -62 -62 -54 -43 -31 -21 -11 0 12 25 37 48 57 64 65 57 40 21 5 -2 -5 -12 -26 -45 -61 -68 -63 -52 -41 -31 -21 -10 2 13 24 36 48 58 63 61 52 39 24 10 -2 -11 -19 -28 -40 -53 -62 -62 -55 -44 -32 -21 -11 -1 10 23 35 48 58 65 65 56 41 23 7 -4 -11 -17 -27 -40 -54 -63 -63 -56 -45 -34 -23 -12 0 12 24 36 48 59 66 65 56 40 23 8 -2 -8 -16 -27 -42 -56 -64 -63 -55 -45 -34 -24 -12 1 14 25 35 46 57 64 64 56 42 27 12 0 -9 -19 -30 -43 -56 -65 -64 -56 -44 -32 -22 -12 1 14 26 37 47 56 63 63 56 41 24 10 -1 -9 -16 -27 -41 -55 -64 -64 -56 -44 -32 -21 -10 1 13 24 35 46 57 63 62 53 39 25 12 2 -8 -18 -29 -42 -54 -63 -64 -57 -44 -31 -21 -12 -1 12 26 39 48 54 59 60 55 43 26 10 -2 -9 -16 -26 -42 -57 -65 -64 -55 -43 -32 -21 -11 0 12 25 37 48 56 61 60 54 42 26 10 230 1023 305 640
61 65 60 49 34 19 7 -3 -11 -21 -33 -46 -57 -63 -60 -51 -40 -29 -19 -8 4 17 30 42 51 58 61 58 49 35 19 5 -4 -11 -18 -29 -43 -57 -65 -63 -53 -40 -27 -17 -7 4 16 28 39 49 57 61 61 53 39 21 5 -6 -12 -18 -29 -45 -60 -68 -64 -53 -41 -31 -22 -10 6 25 39 48 52 55 57 57 49 34 16 2 -7 -12 -18 -30 -44 -56 -62 -58 -50 -39 -28 -18 -8 3 14 26 38 50 59 64 62 52 37 19 4 -5 -12 -19 -31 -47 -60 -65 -60 -49 -38 -28 -19 -8 4 17 28 38 48 57 63 62 52 37 20 6 -5 -13 -21 -32 -45 -57 -63 -61 -52 -40 -29 -18 -7 5 18 30 40 49 57 61 60 51 35 19 5 -4 -10 -18 -30 -46 -59 -65 -61 -51 -38 -27 -18 -8 3 15 28 40 50 59 63 60 50 35 20 7 -3 -12 -21 -33 -46 -57 -63 -61 -52 -40 -28 -17 -7 5 17 28 39 49 58 62 60 50 34 19 7 -2 -10 -20 -33 -47 -57 -62 -59 -51 -40 -30 -20 -9 3 16 29 41 51 58 61 59 50 37 22 8 -3 -12 -21 -33 -47 -59 -64 -61 -51 -39 -28 -18 -7 4 16 28 39 50 59 63 60 50 35 19 6 234 6661 305 640
-61 -65 -59 -47 -34 -22 -12 -1 11 22 33 43 52 60 62 56 43 27 13 2 -6 -14 -24 -37 -50 -61 -64 -59 -48 -35 -23 -14 -4 7 21 35 47 55 61 62 57 45 29 12 0 -7 -14 -23 -38 -53 -62 -63 -57 -47 -37 -26 -15 -2 10 21 30 42 56 69 72 63 45 23 6 -4 -10 -15 -25 -39 -53 -62 -64 -57 -45 -33 -22 -12 -2 10 22 34 45 54 60 62 57 45 29 14 2 -7 -16 -27 -41 -54 -62 -63 -57 -47 -35 -23 -12 0 12 24 35 46 54 60 61 55 44 28 12 0 -7 -14 -23 -37 -53 -64 -66 -59 -47 -33 -21 -12 -2 9 22 34 46 55 61 62 56 43 28 13 1 -7 -15 -25 -39 -53 -62 -64 -58 -47 -36 -24 -12 1 13 24 34 44 53 60 60 53 41 27 14 4 -4 -12 -24 -39 -53 -63 -65 -58 -46 -35 -25 -15 -3 11 25 37 47 55 60 61 54 42 28 14 2 -7 -16 -27 -39 -52 -61 -63 -57 -46 -33 -23 -13 -2 10 23 33 43 52 60 62 57 45 28 13 1 -7 -15 -26 -39 -52 -61 -63 -57 -46 -34 -23 -12 -2 10 21 33 44 54 61 62 56 44 28 13 2 -6 -14 -25 -39 -53 -62 -63 -56 -45 -34 -24 -14 239 3778 305 640
60 62 59 49 35 19 3 -8 -16 -24 -35 -49 -61 -64 -58 -47 -36 -27 -18 -6 7 20 32 42 52 60 63 59 48 32 15 3 -5 -12 -20 -33 -49 -61 -66 -61 -50 -38 -27 -17 -4 9 22 33 43 52 59 61 58 48 33 18 4 -7 -15 -22 -33 -47 -61 -68 -65 -52 -36 -22 -11 -1 10 20 30 39 48 56 61 59 49 33 15 2 -6 -11 -19 -33 -49 -61 -65 -59 -47 -36 -27 -18 -7 6 20 31 41 50 58 63 60 50 34 17 4 -6 -13 -23 -35 -49 -59 -63 -60 -50 -39 -27 -17 -7 4 17 31 45 57 63 63 58 48 34 18 3 -8 -15 -23 -34 -49 -61 -66 -61 -50 -37 -25 -14 -3 8 20 31 42 52 60 63 59 48 33 16 2 -8 -15 -23 -34 -47 -59 -65 -61 -49 -35 -23 -13 -4 6 17 30 41 51 58 61 58 48 33 18 5 -4 -12 -22 -35 -50 -60 -63 -59 -49 -38 -27 -17 -6 7 20 32 43 53 60 62 57 45 31 17 5 -3 -12 -22 -35 -49 -60 -65 -62 -51 -38 -25 -13 -3 7 19 31 44 54 61 62 56 45 31 16 4 -5 -13 -23 -35 -49 -60 -64 -59 -48 -36 -25 -16 -6 6 19 32 44 54 60 62 57 46 31 16 3 245 559 305 640
55 63 63 54 39 22 9 -1 -8 -16 -28 -43 -57 -65 -64 -55 -43 -31 -21 -10 2 15 27 38 47 55 61 62 54 40 23 9 -3 -11 -19 -29 -41 -54 -62 -63 -56 -44 -31 -20 -10 1 13 26 38 50 59 63 61 52 38 23 9 -2 -10 -18 -29 -43 -58 -68 -67 -54 -37 -22 -13 -7 0 12 24 35 44 52 59 60 54 41 24 9 -1 -8 -17 -28 -42 -55 -62 -61 -53 -43 -33 -23 -13 0 14 27 39 48 56 61 61 54 40 23 8 -2 -10 -17 -28 -42 -56 -63 -61 -53 -42 -33 -23 -12 2 16 27 36 45 56 63 63 54 40 24 11 0 -10 -21 -31 -43 -54 -62 -63 -56 -44 -31 -20 -10 1 13 26 38 48 57 61 61 54 42 25 10 -3 -12 -19 -30 -43 -56 -64 -62 -52 -40 -30 -21 -12 0 13 26 37 47 56 62 63 56 42 24 8 -3 -10 -17 -28 -43 -58 -66 -64 -54 -41 -29 -20 -10 2 15 27 37 47 56 62 62 54 38 22 8 -2 -9 -17 -29 -43 -56 -63 -61 -53 -42 -31 -21 -12 0 13 26 38 48 57 61 61 53 40 24 9 -2 -10 -17 -27 -41 -55 -64 -64 -56 -43 -31 -20 -10 1 13 25 36 47 57 63 62 54 40 23 9 250 1912 305 640
58 62 59 47 30 14 2 -5 -11 -22 -36 -50 -61 -65 -61 -50 -37 -23 -12 -2 8 19 31 43 52 58 60 56 46 31 16 4 -4 -11 -21 -36 -51 -62 -64 -59 -49 -38 -27 -15 -3 9 21 32 43 54 60 61 56 46 32 16 2 -8 -13 -19 -30 -47 -62 -69 -63 -49 -36 -27 -18 -7 8 23 35 45 54 62 66 60 45 28 13 3 -5 -13 -24 -37 -50 -60 -64 -60 -49 -35 -23 -13 -5 6 19 33 44 53 60 63 59 48 31 14 1 -7 -13 -23 -37 -52 -63 -65 -59 -47 -34 -23 -14 -4 7 20 32 43 52 58 62 59 48 32 13 -1 -9 -14 -21 -33 -48 -60 -64 -59 -48 -36 -25 -14 -3 9 20 31 41 51 59 62 57 45 30 15 4 -4 -12 -23 -37 -51 -60 -62 -57 -48 -36 -26 -15 -5 6 18 31 44 55 61 61 56 46 33 17 3 -7 -14 -23 -35 -50 -62 -65 -59 -46 -34 -24 -15 -5 7 19 31 43 54 62 63 57 45 30 16 3 -6 -14 -23 -35 -49 -60 -65 -61 -51 -37 -24 -12 -1 10 21 31 42 52 59 61 57 45 31 16 4 -5 -13 -23 -35 -49 -60 -65 -60 -49 -36 -25 -14 -4 7 20 33 44 54 61 62 56 44 29 14 3 255 1966 305 640
59 64 61 50 34 18 5 -5 -12 -21 -33 -46 -57 -62 -59 -51 -41 -30 -18 -5 8 18 28 37 47 57 64 62 51 34 17 3 -4 -10 -18 -30 -46 -58 -63 -59 -50 -40 -31 -20 -8 5 17 28 39 50 58 61 58 50 38 22 7 -6 -14 -19 -27 -41 -58 -68 -66 -54 -39 -27 -18 -8 5 18 30 40 49 58 63 61 51 36 19 5 -5 -13 -20 -31 -45 -57 -63 -60 -51 -40 -30 -20 -9 4 17 29 40 50 59 64 62 51 35 19 4 -5 -12 -20 -30 -44 -57 -64 -62 -53 -41 -29 -19 -7 6 19 32 42 51 58 60 57 47 33 18 6 -2 -9 -18 -30 -45 -58 -64 -62 -54 -41 -28 -17 -7 4 16 29 41 51 58 61 59 50 36 18 4 -5 -10 -18 -30 -45 -58 -64 -61 -53 -41 -29 -16 -5 6 16 26 39 51 60 63 59 49 36 22 7 -5 -14 -23 -32 -44 -56 -63 -61 -51 -38 -27 -18 -8 3 17 30 41 49 56 60 59 51 37 20 6 -4 -11 -19 -31 -46 -58 -64 -61 -53 -41 -28 -17 -6 4 15 26 39 52 61 64 60 49 34 18 4 -5 -11 -18 -30 -45 -59 -65 -61 -51 -39 -27 -17 -7 4 15 26 39 50 60 64 60 50 36 20 6 260 12369 305 640
53 60 62 57 44 27 12 0 -8 -17 -28 -41 -53 -61 -62 -55 -45 -34 -23 -13 -2 10 23 35 47 55 61 61 56 44 28 12 1 -7 -14 -26 -41 -56 -64 -63 -57 -47 -35 -23 -11 0 10 21 34 48 60 65 63 54 42 29 14 2 -8 -16 -27 -43 -60 -70 -68 -57 -42 -29 -19 -10 1 13 25 36 46 55 61 61 55 43 27 12 -1 -11 -19 -29 -41 -54 -62 -63 -55 -44 -31 -20 -10 1 13 24 34 43 53 60 62 56 43 26 11 0 -8 -16 -27 -40 -52 -60 -61 -56 -46 -35 -23 -11 0 11 23 34 45 55 62 63 56 43 26 10 -1 -8 -16 -26 -40 -53 -62 -63 -58 -47 -35 -22 -9 2 13 24 36 47 56 61 60 53 41 25 10 -1 -8 -14 -24 -39 -54 -64 -63 -54 -43 -34 -25 -14 -1 12 24 35 46 56 63 64 55 40 24 10 1 -6 -15 -26 -40 -54 -62 -64 -57 -46 -33 -22 -11 -1 11 23 35 47 56 61 62 55 42 26 11 0 -7 -14 -25 -40 -55 -64 -64 -56 -46 -35 -23 -11 1 12 23 34 46 57 63 62 55 42 27 13 0 -10 -18 -27 -39 -52 -62 -63 -57 -46 -34 -23 -11 0 12 23 34 45 57 64 64 55 40 24 11 265 13548 305 640
59 61 57 48 35 20 6 -3 -10 -19 -31 -47 -59 -63 -59 -51 -41 -32 -21 -7 8 21 30 38 47 55 61 60 51 36 20 7 -4 -11 -19 -30 -44 -58 -65 -63 -53 -40 -28 -18 -8 4 17 29 40 49 57 61 59 50 35 20 8 0 -7 -16 -30 -46 -60 -68 -65 -55 -42 -29 -17 -6 5 17 30 42 53 60 63 59 50 35 19 5 -5 -12 -19 -31 -46 -58 -64 -61 -52 -41 -30 -20 -8 5 18 30 41 52 60 63 60 49 34 19 5 -5 -12 -20 -30 -44 -57 -65 -64 -54 -41 -27 -16 -5 6 17 28 39 49 58 62 59 49 35 21 8 -2 -11 -21 -33 -46 -57 -61 -58 -51 -42 -31 -20 -7 5 17 27 38 50 59 64 60 50 35 20 7 -3 -11 -20 -32 -46 -59 -65 -62 -51 -40 -29 -19 -8 6 19 30 39 49 58 63 60 50 34 19 6 -3 -10 -20 -32 -45 -57 -63 -60 -51 -40 -31 -21 -10 4 18 31 40 49 57 63 62 52 36 19 5 -4 -12 -20 -32 -46 -57 -64 -63 -53 -40 -27 -17 -8 4 18 33 44 50 53 56 57 52 39 21 5 -5 -11 -18 -30 -45 -58 -64 -61 -52 -40 -28 -18 -8 2 15 29 42 53 60 62 59 50 36 19 4 270 10651 305 640
57 63 62 54 39 22 6 -4 -10 -16 -27 -43 -59 -67 -64 -52 -39 -29 -21 -11 2 15 27 38 48 57 63 62 54 39 22 7 -4 -12 -19 -29 -43 -56 -64 -62 -53 -41 -30 -21 -11 1 15 28 39 49 57 61 60 52 39 23 8 -2 -8 -15 -27 -45 -61 -69 -66 -54 -40 -27 -17 -7 4 15 26 37 48 57 61 60 51 38 23 9 -2 -9 -17 -28 -43 -58 -65 -63 -54 -41 -30 -20 -9 3 16 28 38 47 56 61 61 53 39 22 7 -3 -10 -18 -29 -44 -56 -62 -60 -52 -43 -33 -23 -10 4 18 28 37 46 55 62 62 53 38 22 8 -2 -9 -18 -30 -44 -57 -63 -61 -52 -42 -31 -21 -11 1 13 26 39 50 59 63 61 53 39 23 8 -3 -10 -18 -30 -45 -59 -66 -63 -52 -39 -28 -19 -10 1 15 29 40 50 56 60 58 51 39 24 9 -3 -11 -20 -30 -43 -55 -63 -62 -53 -42 -30 -20 -9 3 15 27 38 47 56 62 61 52 38 21 8 -2 -10 -18 -30 -44 -56 -62 -61 -53 -42 -31 -20 -9 2 14 26 37 48 57 62 61 53 38 22 8 -3 -10 -17 -28 -42 -57 -65 -64 -54 -41 -29 -19 -9 2 14 26 37 47 56 61 61 53 39 21 6 276 10295 305 640
60 66 66 58 43 24 6 -7 -17 -26 -36 -48 -58 -63 -59 -50 -39 -29 -19 -8 4 16 28 39 50 59 64 61 52 37 20 7 -3 -11 -20 -32 -46 -57 -62 -59 -52 -42 -31 -20 -9 3 14 27 40 52 59 61 59 52 41 24 7 -6 -14 -20 -30 -45 -61 -68 -63 -50 -37 -27 -19 -9 3 16 27 39 50 60 65 61 50 35 20 7 -4 -13 -21 -32 -44 -57 -64 -62 -53 -40 -28 -18 -9 3 17 30 41 50 57 61 60 52 37 19 4 -6 -12 -18 -29 -43 -57 -63 -62 -54 -44 -32 -20 -6 7 19 28 37 48 58 63 62 52 37 20 7 -2 -9 -18 -31 -46 -60 -66 -63 -54 -42 -30 -18 -7 5 16 27 38 49 59 64 63 53 38 21 7 -3 -11 -20 -33 -47 -59 -64 -61 -53 -43 -32 -20 -7 7 19 29 38 49 58 63 61 51 36 20 7 -2 -9 -18 -30 -45 -58 -64 -62 -53 -42 -30 -19 -8 4 16 28 39 50 59 63 60 50 35 20 8 -1 -10 -20 -33 -47 -57 -62 -60 -53 -43 -32 -19 -6 6 18 28 39 48 57 62 61 53 38 19 2 -8 -14 -18 -26 -40 -54 -63 -63 -54 -43 -31 -20 -9 3 15 27 39 50 59 63 60 51 37 22 8 280 4883 305 640
-63 -63 -55 -42 -31 -21 -12 -1 12 25 37 47 57 63 64 57 42 23 7 -3 -10 -17 -28 -42 -55 -62 -61 -54 -44 -33 -22 -10 2 14 25 36 47 56 61 62 55 41 24 9 -2 -9 -16 -27 -41 -55 -64 -63 -55 -44 -32 -21 -10 0 10 21 34 49 62 69 66 55 39 22 8 -2 -11 -19 -31 -43 -55 -63 -63 -56 -43 -30 -17 -7 1 11 22 35 47 57 63 63 54 40 24 9 -1 -8 -17 -29 -44 -56 -63 -62 -56 -46 -33 -20 -8 3 13 24 37 49 59 63 61 53 40 23 8 -4 -11 -17 -27 -42 -56 -64 -62 -53 -41 -30 -21 -11 0 12 25 37 48 57 62 61 54 41 26 11 -1 -11 -20 -31 -43 -56 -63 -62 -54 -42 -30 -19 -9 1 13 25 37 48 56 61 60 52 38 23 9 -1 -8 -15 -27 -42 -56 -63 -62 -54 -44 -33 -22 -10 3 15 26 36 47 56 62 61 52 38 22 8 -2 -9 -16 -27 -41 -54 -62 -61 -53 -43 -33 -23 -12 0 14 27 39 48 55 60 60 53 40 24 9 -2 -10 -17 -27 -41 -54 -63 -63 -55 -43 -32 -21 -11 0 14 27 39 48 56 61 61 53 39 21 7 -2 -8 -15 -27 -42 -56 -63 -62 -55 -44 -30 -17 -6 286 3065 305 640
59 63 60 50 33 16 1 -8 -15 -24 -36 -50 -61 -64 -57 -46 -35 -26 -17 -6 7 20 32 43 53 60 62 57 46 32 15 0 -11 -17 -22 -29 -42 -56 -64 -63 -52 -38 -25 -14 -3 7 19 31 43 53 60 62 56 46 31 16 3 -7 -13 -20 -32 -48 -62 -68 -61 -48 -35 -25 -16 -6 7 21 33 43 52 59 62 58 46 31 16 5 -5 -13 -24 -37 -51 -61 -63 -58 -48 -36 -25 -15 -4 7 18 30 42 54 62 64 58 45 30 15 3 -6 -13 -22 -35 -50 -61 -63 -58 -48 -37 -26 -15 -4 8 20 31 43 53 60 62 56 45 30 16 4 -5 -13 -22 -35 -49 -60 -63 -59 -48 -37 -26 -16 -6 7 20 32 43 53 61 63 59 47 31 16 4 -5 -14 -25 -38 -51 -61 -64 -58 -47 -34 -23 -14 -5 5 19 32 44 52 58 60 58 48 33 15 2 -6 -13 -21 -34 -49 -60 -64 -60 -51 -39 -26 -14 -3 8 20 32 44 54 60 61 56 46 31 15 3 -5 -12 -22 -36 -51 -61 -62 -57 -48 -38 -27 -14 -2 9 20 30 41 51 60 63 59 48 33 16 1 -8 -14 -22 -34 -49 -61 -64 -59 -49 -37 -26 -15 -3 9 20 30 41 52 61 64 59 47 31 15 3 291 4906 305 640
59 63 61 50 35 18 4 -6 -14 -24 -36 -49 -59 -63 -59 -50 -38 -27 -16 -5 6 18 31 42 52 59 61 58 48 34 18 4 -5 -12 -20 -31 -46 -58 -64 -61 -51 -38 -27 -16 -6 5 17 29 41 51 59 62 59 49 34 19 6 -4 -13 -21 -33 -47 -61 -69 -65 -52 -36 -22 -12 -4 5 16 28 40 50 58 62 59 48 33 16 4 -4 -10 -18 -31 -46 -58 -63 -60 -52 -42 -30 -18 -6 5 16 27 39 51 61 65 61 51 36 21 6 -4 -11 -19 -31 -47 -61 -68 -64 -53 -40 -28 -18 -7 5 18 30 41 51 59 62 60 51 37 22 8 -4 -13 -22 -34 -47 -59 -64 -62 -53 -41 -30 -18 -6 6 18 30 42 53 62 64 60 48 33 17 4 -4 -11 -18 -31 -46 -60 -66 -62 -51 -39 -28 -18 -6 6 19 31 41 51 59 62 59 49 33 17 4 -4 -11 -20 -32 -47 -59 -65 -61 -51 -39 -27 -16 -6 5 17 29 40 50 59 63 60 50 34 17 3 -6 -12 -19 -31 -46 -59 -64 -60 -51 -40 -29 -18 -6 6 17 29 41 52 60 63 58 47 32 17 5 -4 -10 -18 -30 -45 -58 -64 -61 -52 -40 -28 -17 -6 5 16 26 39 51 61 63 57 45 31 19 9 297 3575 305 640
54 62 64 57 43 26 10 -1 -9 -16 -27 -41 -55 -64 -64 -56 -43 -31 -21 -12 -2 11 24 36 47 56 61 61 55 42 25 10 0 -7 -14 -25 -40 -55 -64 -64 -57 -45 -33 -22 -12 -1 11 23 35 46 55 62 63 58 45 28 11 -1 -7 -14 -26 -44 -62 -70 -66 -54 -41 -30 -21 -10 1 13 24 35 47 59 65 63 53 39 23 10 0 -9 -17 -28 -41 -54 -62 -62 -55 -44 -33 -22 -11 0 12 24 36 46 56 62 61 54 41 26 11 0 -8 -16 -28 -42 -55 -62 -60 -53 -43 -34 -25 -14 0 13 25 35 45 55 62 63 56 43 27 12 0 -10 -19 -29 -41 -53 -62 -63 -56 -44 -31 -21 -12 -2 11 24 36 47 56 63 63 55 40 22 7 -2 -7 -13 -24 -39 -53 -63 -64 -58 -46 -33 -20 -9 2 12 22 33 44 55 62 62 55 41 25 12 1 -7 -17 -28 -41 -53 -61 -62 -55 -44 -33 -23 -13 -2 11 24 36 47 56 62 63 55 41 25 10 0 -8 -16 -26 -39 -53 -63 -65 -57 -44 -31 -21 -13 -3 10 24 37 48 56 62 63 56 41 23 8 -1 -7 -14 -26 -41 -54 -61 -62 -56 -46 -35 -22 -11 0 11 23 35 48 57 62 61 54 41 26 11 302 4928 305 640
57 65 64 52 34 16 3 -4 -9 -19 -33 -49 -61 -67 -63 -52 -39 -27 -16 -5 7 20 32 42 51 59 63 59 48 32 16 4 -3 -10 -20 -35 -50 -60 -64 -60 -51 -40 -27 -15 -4 7 17 29 41 53 60 63 59 48 32 15 2 -4 -8 -16 -32 -51 -66 -68 -59 -48 -38 -29 -18 -4 10 20 28 38 50 62 66 61 48 32 18 6 -3 -13 -24 -38 -52 -61 -64 -58 -48 -37 -26 -17 -6 6 19 31 41 51 59 63 59 48 32 17 5 -3 -10 -20 -34 -50 -62 -66 -62 -50 -37 -25 -15 -5 6 19 32 43 52 58 61 59 49 33 16 3 -5 -11 -21 -36 -51 -61 -63 -56 -46 -37 -27 -17 -6 5 16 28 40 52 62 65 61 49 32 16 3 -5 -12 -21 -35 -50 -60 -62 -57 -48 -39 -31 -20 -6 9 23 34 42 50 57 61 58 48 33 17 4 -6 -13 -21 -33 -47 -59 -64 -61 -51 -39 -27 -16 -5 7 19 31 42 52 60 62 58 47 32 17 5 -5 -12 -22 -34 -48 -59 -64 -60 -50 -38 -28 -17 -6 7 19 31 42 52 60 63 58 47 32 17 5 -4 -12 -21 -34 -48 -59 -64 -61 -51 -39 -27 -15 -4 7 19 30 41 51 58 62 59 50 35 19 4 2 4687 304 15603
65 61 49 33 19 9 1 -7 -15 -26 -39 -53 -62 -62 -55 -43 -32 -22 -13 -1 12 25 36 46 55 62 63 55 40 23 8 -2 -8 -14 -25 -40 -54 -62 -62 -56 -45 -34 -23 -12 0 12 24 35 47 58 64 63 55 41 24 8 -5 -12 -16 -23 -36 -52 -66 -68 -58 -43 -29 -21 -13 -2 11 25 37 47 56 62 62 55 42 25 11 -1 -9 -17 -28 -41 -54 -63 -63 -57 -45 -33 -22 -11 2 14 26 37 46 54 60 60 53 41 26 12 1 -8 -17 -29 -42 -55 -63 -63 -56 -45 -33 -22 -10 1 13 25 37 48 56 61 60 52 40 25 12 1 -8 -17 -28 -41 -54 -62 -63 -56 -44 -32 -21 -11 1 13 25 36 46 54 60 61 55 41 25 10 0 -6 -14 -26 -41 -55 -63 -64 -57 -47 -35 -22 -10 2 13 25 36 47 56 62 62 55 42 25 9 -3 -11 -17 -27 -40 -52 -61 -62 -56 -46 -35 -23 -11 2 14 25 36 46 55 61 61 54 41 26 12 1 -8 -16 -28 -42 -55 -63 -63 -55 -44 -32 -21 -11 0 12 24 36 47 57 63 63 55 40 23 8 -2 -7 -13 -24 -39 -55 -65 -65 -57 -44 -31 -21 -11 -1 11 24 37 49 57 61 60 53 41 26 12 0 7 4391 304 15603
-64 -60 -50 -38 -28 -19 -7 6 19 32 42 52 60 63 60 49 33 16 3 -6 -13 -22 -34 -48 -59 -63 -58 -49 -38 -28 -18 -7 6 19 31 42 52 59 63 59 48 32 15 2 -5 -10 -18 -32 -49 -62 -65 -59 -48 -38 -29 -19 -7 4 16 28 42 56 66 68 60 47 31 15 2 -7 -14 -22 -32 -47 -60 -66 -60 -49 -36 -27 -18 -7 7 21 32 41 50 58 63 60 49 33 17 5 -4 -12 -22 -35 -50 -61 -63 -58 -48 -37 -27 -17 -6 6 17 28 40 52 61 64 60 48 34 18 5 -5 -14 -22 -33 -47 -59 -65 -61 -50 -37 -26 -18 -8 5 19 32 41 50 58 63 62 52 34 16 2 -6 -12 -21 -35 -49 -60 -64 -60 -50 -38 -27 -16 -4 7 20 31 42 52 58 61 57 47 33 18 5 -4 -12 -21 -34 -49 -60 -64 -60 -50 -39 -28 -16 -4 8 20 31 41 51 59 62 58 47 32 17 5 -4 -12 -22 -35 -48 -59 -64 -60 -51 -39 -27 -16 -6 5 17 30 43 54 62 64 60 48 32 15 1 -8 -14 -21 -32 -46 -59 -64 -60 -49 -37 -27 -18 -8 5 19 32 43 52 59 63 60 49 32 16 3 -5 -12 -21 -33 -47 -59 -63 -60 -51 -40 -28 -17 -5 12 3332 304 15603
57 62 60 51 37 21 9 -1 -10 -20 -33 -46 -57 -62 -60 -52 -43 -32 -20 -8 5 17 28 39 50 60 65 62 51 35 17 3 -5 -10 -17 -29 -44 -58 -65 -63 -53 -41 -30 -19 -8 5 18 29 39 49 57 63 63 53 38 20 4 -6 -12 -19 -30 -45 -60 -68 -64 -52 -36 -24 -17 -11 -1 14 32 47 56 61 61 57 48 34 18 4 -6 -13 -20 -30 -44 -56 -62 -60 -51 -39 -27 -16 -6 3 14 25 38 50 59 62 58 48 35 22 9 -1 -11 -20 -32 -45 -57 -62 -60 -52 -41 -30 -20 -9 3 16 29 41 51 59 63 60 51 36 19 5 -4 -11 -18 -30 -45 -58 -65 -62 -53 -40 -28 -18 -7 5 17 28 38 47 56 62 61 52 36 18 4 -4 -8 -16 -29 -45 -59 -64 -62 -52 -41 -29 -18 -7 4 15 26 38 50 59 63 60 51 36 20 7 -3 -10 -18 -30 -45 -59 -65 -62 -52 -41 -29 -18 -6 6 16 26 36 48 58 64 62 51 36 20 7 -3 -11 -19 -30 -44 -57 -64 -62 -53 -41 -30 -20 -9 4 18 29 39 49 58 64 62 52 35 19 7 -2 -10 -20 -32 -47 -59 -66 -63 -53 -38 -25 -15 -7 2 13 27 41 52 59 62 59 49 36 20 6 18 2963 304 15603
60 63 59 48 33 17 4 -4 -11 -21 -34 -49 -61 -64 -59 -48 -37 -28 -18 -6 7 19 30 40 50 59 63 59 49 35 20 6 -5 -14 -23 -35 -49 -61 -66 -61 -50 -37 -25 -16 -6 6 19 32 43 52 58 60 58 50 36 20 5 -6 -13 -20 -32 -48 -63 -69 -64 -52 -37 -25 -14 -3 9 20 31 41 50 58 61 58 48 33 19 6 -4 -12 -22 -35 -49 -61 -65 -60 -49 -37 -28 -19 -8 7 22 34 44 52 58 60 57 46 32 17 6 -3 -11 -21 -34 -49 -60 -64 -60 -51 -39 -27 -16 -5 6 18 30 42 53 61 62 57 47 33 19 6 -5 -14 -23 -34 -47 -59 -65 -61 -50 -37 -25 -16 -6 5 17 29 40 51 59 63 60 50 34 18 4 -5 -12 -21 -34 -49 -61 -65 -61 -49 -37 -26 -17 -7 6 20 32 43 51 57 61 59 50 35 17 3 -7 -14 -21 -32 -46 -59 -64 -61 -50 -37 -26 -16 -6 5 18 30 41 51 59 63 60 50 33 16 3 -5 -10 -18 -32 -49 -61 -66 -61 -50 -38 -26 -16 -5 6 17 29 41 52 61 64 60 48 32 16 4 -4 -11 -21 -34 -49 -60 -64 -60 -51 -40 -29 -17 -4 9 20 30 40 50 59 63 60 49 34 18 5 22 3201 304 15603
59 65 63 52 36 19 5 -3 -9 -17 -30 -46 -59 -64 -61 -51 -40 -29 -19 -9 2 14 26 37 48 57 64 63 55 39 21 5 -5 -12 -19 -31 -45 -57 -62 -59 -52 -42 -32 -20 -8 4 15 26 39 51 59 62 58 50 38 23 9 -3 -11 -19 -30 -46 -61 -68 -63 -50 -37 -27 -19 -9 4 17 28 37 46 56 63 61 51 36 20 8 -2 -10 -19 -30 -43 -55 -63 -63 -55 -42 -28 -17 -8 2 13 26 39 50 59 64 62 52 36 19 6 -2 -7 -16 -29 -46 -60 -66 -62 -53 -41 -30 -18 -7 5 16 27 38 49 58 63 60 50 36 21 7 -3 -11 -19 -29 -42 -56 -64 -62 -53 -40 -29 -21 -12 1 16 30 41 49 57 62 61 53 37 18 4 -4 -9 -16 -28 -43 -56 -63 -62 -54 -43 -31 -19 -7 4 14 25 37 48 58 63 61 52 38 22 8 -2 -9 -18 -30 -45 -59 -65 -62 -53 -41 -30 -21 -10 4 17 29 39 47 55 62 62 55 39 21 5 -6 -12 -18 -29 -44 -57 -64 -61 -52 -40 -30 -20 -8 4 16 26 36 46 56 63 62 52 37 21 8 -2 -9 -18 -29 -43 -56 -64 -64 -55 -43 -30 -19 -8 3 15 27 38 49 58 63 61 52 38 22 7 27 11954 304 15603
61 62 56 45 30 16 5 -4 -11 -21 -35 -49 -60 -63 -58 -49 -37 -27 -16 -5 6 17 29 41 53 60 62 57 47 34 19 4 -6 -14 -21 -33 -47 -60 -64 -59 -49 -37 -28 -17 -6 7 19 29 40 51 60 63 58 47 32 18 5 -4 -11 -19 -32 -48 -62 -68 -62 -50 -37 -26 -16 -4 8 20 30 40 49 59 63 59 47 31 16 5 -3 -11 -22 -35 -48 -59 -63 -59 -50 -38 -27 -16 -6 6 19 31 42 51 58 62 59 49 34 17 3 -6 -12 -20 -33 -48 -60 -64 -59 -49 -37 -27 -18 -7 5 18 30 41 51 59 63 60 49 33 17 5 -4 -12 -22 -35 -50 -61 -64 -60 -50 -39 -27 -16 -5 7 18 29 41 52 61 64 60 49 33 16 2 -7 -13 -21 -33 -48 -60 -65 -60 -49 -38 -27 -17 -5 7 19 31 42 52 59 62 58 47 33 18 5 -5 -13 -22 -34 -48 -59 -64 -60 -50 -38 -26 -15 -5 6 17 29 41 53 61 63 59 48 33 18 3 -10 -18 -25 -32 -42 -53 -60 -60 -51 -39 -26 -16 -6 4 15 28 41 53 62 65 60 47 31 15 3 -5 -11 -20 -33 -47 -60 -64 -60 -50 -38 -27 -16 -5 6 17 29 40 51 60 64 60 49 34 18 4 31 15967 304 15603
-64 -57 -45 -32 -21 -9 2 13 25 35 46 56 62 61 52 38 23 11 2 -6 -15 -28 -42 -56 -63 -63 -55 -43 -32 -22 -12 0 12 24 35 46 56 64 65 56 40 21 7 -2 -7 -14 -25 -41 -55 -64 -64 -56 -44 -32 -22 -12 -1 13 25 35 44 55 64 68 61 43 21 4 -4 -8 -15 -28 -44 -57 -63 -61 -54 -44 -32 -21 -10 1 13 26 37 48 55 60 61 54 41 24 9 -2 -9 -16 -26 -41 -55 -64 -63 -54 -42 -30 -20 -11 -1 11 24 35 45 54 60 61 55 42 26 10 -1 -8 -15 -27 -42 -56 -64 -62 -54 -43 -33 -23 -12 1 14 25 36 46 55 62 62 54 40 25 11 0 -8 -17 -27 -41 -53 -62 -63 -56 -45 -33 -22 -11 1 13 25 36 46 55 61 61 54 41 25 11 1 -6 -15 -27 -43 -56 -64 -64 -56 -45 -34 -21 -9 3 15 25 36 46 56 62 61 54 40 23 9 -1 -8 -15 -26 -42 -56 -64 -62 -53 -42 -32 -22 -11 0 12 24 35 47 56 62 61 53 40 24 10 -1 -8 -15 -25 -40 -55 -64 -64 -56 -45 -33 -22 -10 1 12 23 35 47 57 63 62 54 40 25 11 0 -9 -18 -28 -41 -55 -63 -63 -55 -43 -32 -22 -12 0 36 14634 304 15603
61 61 55 42 26 12 2 -4 -11 -22 -37 -52 -63 -65 -60 -50 -38 -25 -12 0 11 21 32 44 56 63 63 56 44 29 14 3 -4 -11 -23 -39 -55 -65 -66 -58 -47 -37 -27 -14 -1 12 22 32 43 55 64 65 58 46 31 16 2 -9 -17 -25 -35 -49 -62 -69 -65 -51 -36 -22 -11 0 11 23 35 44 53 60 63 58 45 29 13 2 -6 -14 -25 -38 -52 -62 -64 -58 -47 -36 -25 -14 -2 10 22 34 45 55 62 63 56 44 30 15 2 -8 -17 -26 -38 -51 -61 -65 -59 -47 -34 -23 -14 -3 9 22 34 44 53 61 63 57 44 27 12 2 -6 -13 -25 -39 -53 -62 -63 -57 -47 -35 -24 -13 -1 11 22 33 43 52 59 61 56 44 28 13 1 -7 -14 -24 -38 -52 -62 -62 -55 -45 -34 -25 -14 -2 11 22 32 42 53 61 62 56 44 28 14 2 -8 -16 -26 -38 -51 -60 -63 -57 -45 -34 -23 -14 -3 10 23 34 43 52 59 62 58 47 30 14 0 -9 -18 -27 -38 -51 -60 -63 -58 -47 -34 -22 -11 -1 10 22 34 45 55 61 61 54 42 27 13 2 -6 -14 -23 -36 -50 -61 -64 -58 -48 -36 -25 -13 -1 11 22 33 43 53 61 62 56 44 28 14 3 42 11565 304 15603
59 63 61 52 35 17 3 -5 -10 -17 -30 -45 -57 -63 -60 -52 -41 -30 -19 -8 3 15 28 40 52 59 62 60 51 37 20 5 -4 -10 -18 -31 -47 -59 -64 -60 -51 -41 -31 -19 -6 6 16 27 39 51 60 63 60 50 36 19 4 -6 -11 -16 -26 -43 -60 -68 -64 -51 -37 -27 -19 -9 3 17 28 39 48 57 63 61 51 36 20 7 -3 -11 -20 -31 -45 -56 -62 -61 -52 -41 -29 -18 -8 1 13 26 39 51 59 61 58 50 39 25 11 -1 -10 -19 -32 -47 -60 -66 -63 -54 -42 -31 -19 -7 5 17 29 40 51 59 63 61 51 37 20 5 -5 -13 -20 -29 -43 -56 -64 -64 -54 -41 -28 -17 -7 4 15 28 40 51 59 62 60 50 36 20 6 -3 -11 -19 -31 -45 -58 -64 -62 -53 -41 -28 -17 -6 4 15 27 39 50 58 61 59 51 38 22 7 -4 -11 -19 -31 -46 -59 -65 -62 -52 -41 -30 -19 -6 6 18 28 38 48 57 62 60 50 36 21 7 -3 -10 -18 -30 -45 -58 -65 -62 -52 -40 -29 -20 -9 4 16 28 39 50 60 64 60 49 34 19 8 -1 -10 -20 -32 -44 -56 -62 -62 -54 -43 -30 -18 -7 4 16 28 40 50 58 62 60 51 37 20 5 47 12243 304 15603
61 63 58 45 27 11 -1 -9 -17 -26 -38 -51 -61 -63 -58 -47 -33 -21 -10 -1 10 21 33 45 54 59 61 56 45 29 13 0 -9 -16 -26 -39 -53 -62 -63 -55 -45 -34 -23 -13 -1 11 23 34 44 54 61 62 56 44 28 12 0 -8 -16 -26 -40 -54 -65 -68 -59 -43 -26 -13 -5 0 7 18 30 42 52 59 61 56 44 27 12 1 -6 -13 -24 -39 -53 -61 -62 -56 -46 -35 -23 -11 0 10 21 32 44 55 62 62 55 42 26 12 1 -6 -14 -24 -38 -53 -63 -64 -57 -46 -33 -21 -11 0 11 21 32 43 53 61 62 57 44 27 11 0 -8 -15 -25 -39 -52 -61 -62 -56 -46 -35 -24 -13 -2 10 22 33 45 55 62 63 57 45 29 12 0 -9 -15 -25 -39 -54 -64 -64 -57 -45 -34 -23 -13 0 12 24 34 43 54 62 64 58 44 27 11 -1 -10 -17 -27 -39 -52 -61 -62 -56 -45 -33 -23 -13 -2 11 23 35 45 55 61 62 55 42 25 10 -1 -7 -13 -23 -37 -52 -63 -65 -58 -45 -33 -23 -13 -2 11 23 35 45 54 60 61 55 44 29 14 2 -7 -15 -24 -38 -53 -64 -66 -59 -47 -35 -23 -12 -1 12 24 35 46 56 62 62 56 43 27 11 -2 52 15522 304 15603
52 59 61 58 49 35 18 4 -6 -13 -21 -34 -49 -60 -64 -59 -49 -38 -27 -15 -4 8 19 29 40 50 58 61 57 48 33 18 5 -4 -10 -19 -31 -46 -59 -65 -62 -52 -40 -28 -17 -6 6 18 30 42 51 58 61 60 52 37 19 5 -4 -9 -17 -33 -52 -68 -72 -63 -50 -37 -27 -17 -3 11 24 33 41 49 57 62 59 49 33 17 4 -5 -13 -22 -34 -48 -60 -65 -61 -51 -39 -27 -15 -4 8 20 31 41 50 58 62 59 50 34 17 3 -7 -13 -20 -32 -47 -60 -65 -61 -49 -36 -26 -17 -7 5 18 31 41 50 58 62 59 48 33 18 6 -3 -12 -23 -36 -49 -59 -63 -59 -50 -38 -27 -17 -7 4 17 30 42 52 60 64 61 50 34 17 4 -5 -13 -22 -35 -49 -59 -62 -57 -48 -38 -29 -20 -8 6 19 31 40 50 59 64 61 50 34 18 5 -4 -12 -23 -35 -49 -59 -63 -60 -51 -38 -26 -15 -5 5 16 28 40 50 58 62 60 51 37 20 6 -5 -12 -21 -34 -49 -61 -65 -61 -51 -39 -28 -17 -6 6 18 30 42 53 61 63 59 48 33 17 4 -6 -13 -21 -33 -47 -60 -64 -59 -49 -37 -28 -18 -6 7 20 30 39 48 57 62 60 49 34 19 58 3791 304 15603
62 63 56 42 24 9 -1 -7 -14 -26 -42 -56 -65 -63 -55 -43 -32 -21 -10 2 13 24 34 44 54 62 64 57 41 23 8 -1 -8 -15 -27 -41 -55 -62 -62 -55 -45 -33 -22 -10 2 13 23 34 44 54 61 61 54 41 26 11 0 -7 -14 -23 -37 -55 -67 -69 -59 -44 -30 -20 -11 0 12 25 36 45 54 61 62 57 43 27 11 -1 -10 -17 -27 -40 -53 -63 -64 -58 -46 -33 -21 -10 1 13 25 37 47 55 59 60 55 44 29 12 -1 -10 -18 -28 -41 -55 -64 -64 -55 -43 -31 -20 -10 0 11 22 34 46 57 62 61 53 40 25 12 1 -7 -16 -27 -41 -55 -62 -62 -54 -43 -33 -24 -14 -2 11 23 35 47 58 65 64 55 40 24 11 1 -7 -17 -29 -43 -56 -63 -62 -55 -43 -31 -21 -12 -1 11 24 36 46 54 61 62 56 42 25 9 -1 -6 -13 -25 -42 -57 -65 -63 -54 -43 -33 -23 -12 1 13 25 35 45 54 61 62 55 42 26 10 -2 -9 -16 -26 -39 -54 -64 -63 -54 -42 -31 -23 -15 -3 11 25 37 47 55 61 62 56 42 25 10 0 -7 -15 -28 -43 -56 -63 -62 -54 -43 -33 -23 -12 -1 11 23 36 47 57 63 62 55 41 25 11 0 63 1295 304 15603
58 61 57 48 34 20 7 -2 -10 -21 -34 -49 -59 -62 -58 -51 -41 -30 -18 -5 7 17 27 38 50 59 63 59 48 34 20 8 -2 -10 -20 -33 -48 -60 -64 -60 -51 -40 -29 -17 -5 6 16 27 40 52 60 63 59 50 36 19 3 -8 -12 -16 -26 -45 -63 -70 -63 -48 -35 -27 -20 -9 5 19 30 40 49 58 63 60 49 33 18 6 -4 -12 -21 -33 -45 -56 -62 -61 -53 -42 -30 -18 -6 6 17 28 40 50 60 65 62 52 34 17 3 -5 -11 -19 -33 -49 -61 -65 -60 -49 -38 -27 -16 -5 6 17 28 40 51 59 62 58 48 35 21 7 -4 -13 -21 -32 -46 -59 -65 -61 -51 -38 -27 -17 -7 4 17 29 40 50 59 63 60 50 35 19 6 -4 -12 -20 -32 -46 -59 -65 -62 -52 -39 -27 -17 -7 4 17 30 42 52 59 62 60 50 35 18 4 -6 -13 -21 -32 -46 -58 -64 -60 -50 -38 -27 -18 -8 3 17 31 43 52 58 61 58 50 36 19 5 -5 -11 -20 -32 -48 -61 -65 -60 -49 -38 -27 -17 -6 6 18 29 40 50 58 62 59 49 35 19 5 -4 -11 -19 -32 -47 -59 -64 -59 -49 -38 -28 -19 -8 4 17 29 40 51 60 63 60 49 34 19 6 67 14957 304 15603
54 60 60 54 41 26 12 2 -6 -13 -24 -39 -55 -65 -66 -58 -46 -33 -21 -10 0 11 23 35 46 55 60 61 55 42 26 11 0 -7 -13 -24 -39 -55 -64 -64 -56 -46 -34 -23 -10 1 12 22 33 44 55 60 61 55 44 29 13 0 -9 -14 -22 -37 -56 -69 -70 -60 -44 -31 -20 -10 2 14 24 34 44 54 61 62 55 42 27 13 1 -8 -16 -27 -40 -53 -62 -64 -57 -46 -34 -22 -12 0 11 23 34 46 56 63 64 57 43 27 11 -1 -9 -16 -27 -40 -54 -63 -63 -56 -46 -35 -23 -11 2 14 24 35 46 56 62 61 53 39 24 11 1 -7 -15 -25 -38 -52 -62 -64 -57 -46 -34 -23 -13 -1 12 24 35 45 53 60 62 58 46 29 12 -1 -9 -17 -27 -40 -54 -64 -64 -56 -44 -33 -25 -16 -4 13 31 45 52 55 57 57 53 41 24 9 -1 -7 -13 -24 -39 -54 -63 -63 -56 -46 -35 -23 -11 1 12 24 35 47 56 61 61 54 41 24 9 -1 -7 -14 -26 -41 -55 -62 -61 -54 -43 -33 -23 -12 0 11 23 34 44 54 60 61 55 43 28 13 1 -8 -16 -26 -39 -53 -62 -63 -56 -45 -34 -24 -13 -1 12 25 36 45 53 60 62 57 45 28 12 72 14661 304 15603
57 61 60 51 36 19 4 -5 -12 -20 -32 -48 -61 -66 -62 -50 -37 -26 -16 -6 5 17 29 40 50 59 64 61 50 35 18 4 -6 -15 -24 -34 -46 -57 -63 -61 -51 -38 -25 -15 -7 3 14 28 41 52 60 63 61 51 35 19 5 -4 -10 -20 -34 -51 -65 -69 -62 -49 -34 -23 -15 -6 5 17 30 42 53 61 64 60 48 31 15 2 -6 -12 -20 -32 -47 -59 -63 -59 -49 -37 -27 -18 -8 4 16 28 41 52 62 66 62 49 32 15 2 -6 -12 -21 -33 -47 -58 -63 -59 -51 -40 -29 -17 -5 7 19 30 40 50 59 63 60 50 34 18 5 -5 -12 -22 -35 -49 -59 -63 -59 -51 -39 -27 -15 -4 6 17 29 41 52 59 61 57 48 34 19 5 -5 -12 -20 -31 -45 -58 -65 -62 -52 -40 -27 -17 -6 5 18 32 44 53 59 61 58 49 34 17 3 -6 -12 -20 -32 -47 -60 -64 -59 -49 -37 -27 -18 -8 5 19 32 42 50 57 61 59 50 35 19 6 -3 -10 -20 -34 -50 -61 -65 -60 -50 -39 -28 -17 -6 7 19 30 40 50 58 62 60 50 35 19 5 -5 -12 -22 -35 -49 -61 -64 -59 -48 -38 -28 -19 -8 5 19 31 41 51 60 64 62 51 34 17 3 77 16139 304 15603
-62 -63 -56 -45 -34 -24 -13 -1 12 24 35 45 55 62 64 57 45 27 10 -3 -11 -17 -26 -39 -55 -65 -65 -56 -43 -32 -23 -13 0 13 26 37 47 56 61 61 54 42 28 12 -1 -11 -18 -27 -40 -54 -64 -63 -54 -42 -31 -23 -14 -2 10 21 31 43 56 68 71 62 45 25 8 -3 -10 -18 -30 -44 -57 -63 -62 -54 -44 -33 -23 -11 2 15 26 36 46 55 61 62 54 41 26 11 -1 -11 -19 -28 -39 -52 -61 -64 -57 -46 -33 -21 -11 0 12 25 36 46 55 60 61 55 43 27 11 -2 -10 -17 -26 -39 -54 -63 -64 -56 -43 -32 -22 -12 -1 11 23 34 46 56 63 63 55 42 26 11 0 -10 -18 -28 -41 -54 -62 -63 -56 -44 -33 -23 -12 1 14 26 36 45 55 62 63 55 40 23 9 0 -7 -15 -27 -41 -54 -63 -63 -55 -43 -30 -20 -11 -3 9 22 35 47 57 62 62 55 41 25 10 0 -7 -15 -27 -41 -54 -62 -62 -56 -46 -34 -22 -11 1 13 25 37 47 55 61 61 55 43 26 10 -1 -9 -17 -28 -42 -55 -62 -62 -55 -44 -32 -20 -10 1 12 23 35 46 55 59 60 54 43 28 12 -1 -11 -19 -28 -40 -52 -60 -62 -55 -44 -33 -23 -13 82 16081 304 15603
-63 -60 -50 -39 -28 -17 -6 7 19 30 40 50 58 62 60 50 34 18 5 -5 -12 -21 -33 -48 -60 -65 -61 -50 -38 -27 -18 -8 4 18 32 43 53 59 63 60 49 33 16 3 -6 -12 -20 -32 -47 -60 -64 -60 -50 -39 -29 -19 -8 5 18 29 39 50 61 68 66 54 35 16 2 -7 -14 -24 -38 -52 -61 -63 -57 -48 -38 -27 -17 -5 7 19 29 40 51 60 64 60 49 33 18 5 -4 -13 -23 -36 -50 -60 -63 -58 -49 -38 -27 -16 -6 6 17 29 40 51 59 63 59 50 35 19 5 -5 -13 -22 -35 -49 -61 -65 -60 -50 -39 -28 -16 -4 9 21 31 40 49 58 63 61 49 33 17 4 -6 -13 -23 -35 -48 -58 -62 -59 -50 -39 -28 -16 -5 7 19 30 42 52 61 63 59 46 30 16 5 -3 -10 -20 -35 -50 -61 -64 -58 -48 -37 -27 -17 -6 6 17 29 41 52 60 63 59 49 34 19 5 -5 -13 -22 -33 -48 -60 -64 -60 -50 -39 -28 -18 -6 6 19 31 42 53 62 65 60 48 31 15 3 -5 -11 -20 -33 -48 -61 -65 -61 -52 -41 -28 -16 -3 8 19 31 43 54 61 61 56 47 35 21 5 -9 -18 -25 -33 -45 -57 -63 -59 -47 -35 -26 -19 -9 87 15534 304 15603
58 64 63 52 34 16 3 -6 -12 -20 -30 -43 -55 -62 -62 -54 -41 -27 -16 -6 3 15 27 39 50 57 61 60 52 37 20 6 -4 -10 -18 -30 -45 -58 -64 -62 -54 -42 -30 -18 -6 5 16 27 39 52 61 64 60 51 36 21 6 -5 -13 -19 -30 -46 -61 -69 -64 -51 -36 -25 -17 -9 3 18 31 41 50 57 61 59 50 35 20 6 -4 -11 -20 -31 -45 -58 -64 -61 -51 -39 -28 -18 -8 4 17 28 39 50 58 62 60 50 35 20 6 -4 -11 -19 -30 -44 -57 -64 -62 -51 -39 -29 -20 -10 4 19 31 40 49 56 61 60 51 36 19 6 -4 -11 -19 -30 -44 -56 -63 -62 -53 -40 -28 -18 -9 2 14 27 41 52 60 63 59 49 36 21 9 -2 -11 -21 -33 -47 -58 -64 -61 -53 -41 -29 -18 -7 5 17 28 40 51 59 63 60 49 35 19 6 -4 -11 -19 -31 -46 -59 -65 -61 -50 -37 -27 -17 -8 2 14 26 38 50 58 61 56 47 36 25 14 3 -10 -22 -35 -48 -58 -63 -62 -54 -43 -31 -18 -5 7 18 28 38 48 58 63 60 50 36 21 8 -4 -13 -22 -32 -44 -57 -64 -62 -52 -39 -27 -18 -9 3 16 29 40 50 57 62 60 51 36 20 6 93 14090 304 15603
63 63 56 43 28 13 1 -7 -15 -25 -39 -52 -61 -63 -58 -48 -36 -24 -12 0 11 22 33 44 54 61 62 55 43 28 15 3 -6 -16 -26 -38 -51 -60 -64 -59 -48 -35 -22 -12 -3 8 20 33 45 55 62 63 58 45 29 14 1 -8 -16 -24 -35 -48 -60 -68 -67 -56 -39 -22 -9 2 13 24 36 47 55 59 60 55 44 29 14 2 -7 -16 -28 -41 -54 -61 -61 -56 -47 -36 -25 -13 -1 11 23 35 46 55 61 62 56 44 29 13 0 -9 -15 -24 -37 -52 -63 -65 -58 -45 -33 -24 -14 -3 10 23 35 44 54 61 63 58 45 29 13 1 -9 -17 -27 -39 -52 -62 -65 -59 -47 -33 -21 -10 0 11 23 33 43 52 59 62 57 45 29 12 -1 -10 -16 -25 -37 -50 -60 -63 -56 -45 -34 -24 -14 -4 8 21 34 46 56 63 63 57 44 27 12 0 -8 -15 -25 -39 -54 -64 -64 -55 -43 -32 -24 -15 -3 10 23 35 45 55 62 63 56 41 25 11 0 -7 -15 -24 -37 -50 -60 -63 -58 -47 -34 -23 -13 -2 10 22 34 44 53 60 62 57 45 28 12 0 -7 -15 -25 -38 -52 -61 -62 -56 -47 -36 -25 -14 -2 11 23 34 45 55 63 64 56 42 26 11 0 98 14644 304 15603
60 64 61 50 35 20 8 -1 -10 -19 -32 -47 -59 -64 -62 -53 -41 -30 -18 -6 6 18 29 40 50 58 62 59 50 35 20 7 -3 -11 -20 -32 -46 -59 -65 -62 -53 -40 -28 -18 -7 4 17 30 41 50 57 60 59 52 39 22 7 -5 -13 -20 -32 -48 -62 -68 -63 -50 -37 -27 -18 -7 7 21 32 38 45 54 62 62 53 36 18 5 -4 -11 -21 -33 -46 -57 -62 -59 -51 -40 -28 -18 -8 3 16 30 41 50 57 61 60 51 36 18 4 -5 -10 -17 -31 -47 -59 -63 -59 -50 -41 -31 -20 -7 7 19 29 37 47 56 63 62 53 37 20 5 -5 -13 -20 -31 -45 -58 -64 -62 -52 -39 -27 -17 -7 4 15 28 40 51 59 63 60 50 35 20 6 -4 -13 -21 -32 -45 -56 -61 -60 -52 -41 -30 -19 -8 4 16 27 39 49 58 63 62 53 38 20 5 -6 -13 -21 -32 -46 -58 -64 -60 -51 -39 -29 -18 -8 5 18 29 40 48 56 61 60 52 38 21 6 -5 -13 -20 -30 -43 -56 -64 -63 -53 -41 -29 -18 -8 4 17 30 40 49 56 62 61 52 36 18 4 -4 -10 -18 -31 -46 -58 -63 -60 -53 -42 -30 -19 -6 6 17 28 39 48 56 60 60 53 39 23 7 103 12522 304 15603
-65 -58 -46 -32 -20 -9 0 10 22 35 47 57 63 62 54 41 25 11 0 -8 -15 -25 -39 -54 -64 -64 -57 -45 -34 -23 -12 0 13 25 35 46 56 62 61 53 41 27 13 2 -8 -17 -28 -40 -52 -61 -63 -55 -44 -33 -24 -15 -2 12 25 34 42 52 63 68 62 46 25 8 -3 -9 -16 -27 -41 -54 -63 -63 -56 -44 -32 -21 -11 -2 10 23 36 47 55 61 62 56 43 27 12 1 -8 -17 -29 -41 -53 -60 -62 -58 -49 -36 -22 -9 3 13 24 34 45 55 61 62 56 44 27 10 -2 -10 -16 -26 -40 -54 -62 -62 -54 -43 -33 -24 -14 -2 11 23 36 47 57 62 62 54 42 27 13 1 -8 -18 -28 -41 -54 -63 -63 -56 -45 -34 -22 -11 2 14 25 35 45 54 61 62 55 41 25 11 1 -8 -17 -28 -41 -53 -62 -63 -57 -44 -31 -20 -11 -2 9 23 36 47 55 60 61 55 43 26 11 0 -8 -16 -26 -40 -53 -61 -63 -57 -46 -34 -23 -12 -1 11 24 37 48 57 61 61 55 43 26 10 -2 -9 -16 -26 -40 -55 -65 -64 -55 -41 -30 -21 -13 -3 11 25 37 47 55 59 60 54 42 27 12 0 -8 -17 -27 -40 -53 -61 -62 -55 -45 -34 -23 -13 -1 109 955 304 15603
59 63 61 51 36 20 6 -4 -11 -20 -31 -45 -58 -64 -62 -53 -41 -29 -18 -7 5 18 29 40 49 57 61 59 52 38 21 6 -5 -12 -19 -30 -45 -59 -64 -61 -51 -39 -29 -19 -8 5 17 28 38 49 59 63 60 50 35 20 6 -2 -9 -16 -29 -46 -62 -69 -64 -51 -38 -27 -19 -9 3 17 30 40 50 58 63 60 51 35 19 6 -4 -11 -19 -30 -44 -57 -64 -62 -53 -41 -29 -19 -9 2 15 28 41 52 60 64 61 50 35 19 5 -4 -10 -18 -31 -46 -59 -64 -60 -51 -40 -30 -20 -9 3 16 28 39 49 58 62 61 52 38 22 7 -4 -11 -20 -32 -46 -58 -64 -61 -52 -41 -30 -19 -7 5 17 27 38 49 58 63 61 51 36 20 8 -2 -10 -20 -33 -47 -58 -63 -60 -51 -41 -30 -20 -8 4 16 27 38 49 59 63 61 51 37 21 7 -3 -11 -19 -31 -46 -59 -65 -62 -52 -40 -29 -19 -9 2 14 25 38 51 63 69 66 53 35 17 3 -6 -13 -21 -32 -45 -57 -62 -60 -52 -40 -28 -19 -9 2 15 29 41 51 59 63 61 52 37 19 4 -6 -12 -19 -30 -45 -58 -64 -61 -52 -41 -30 -18 -7 5 17 29 41 51 59 62 58 49 36 21 7 113 11454 304 15603
62 61 54 43 29 14 2 -8 -17 -27 -39 -52 -62 -64 -58 -47 -34 -22 -11 0 11 23 35 46 55 60 60 54 43 29 14 1 -9 -17 -27 -40 -53 -62 -62 -56 -45 -34 -24 -14 -2 11 23 36 48 57 62 60 53 42 27 13 0 -9 -15 -23 -36 -53 -66 -68 -60 -46 -32 -22 -12 0 13 26 37 46 54 60 61 55 41 25 12 2 -6 -15 -27 -41 -54 -62 -62 -57 -46 -35 -23 -12 -1 11 23 36 47 56 62 63 56 44 26 9 -3 -10 -16 -25 -39 -54 -63 -63 -54 -42 -31 -22 -13 -3 8 21 34 47 57 62 62 55 42 27 12 0 -9 -17 -27 -40 -52 -60 -61 -56 -47 -36 -25 -13 -1 10 23 35 48 58 63 61 53 41 27 13 2 -8 -17 -26 -38 -51 -61 -65 -60 -49 -35 -22 -11 0 12 25 37 47 55 61 61 55 42 26 11 0 -7 -15 -25 -39 -53 -61 -63 -58 -48 -35 -23 -11 1 12 24 35 45 54 60 62 57 45 28 11 -1 -9 -16 -27 -40 -53 -61 -62 -57 -46 -33 -21 -10 -1 9 21 34 47 57 62 62 55 43 27 11 -1 -8 -15 -25 -39 -54 -62 -63 -57 -47 -35 -22 -10 1 11 22 34 46 55 61 61 55 44 29 13 0 118 14558 304 15603
58 63 60 50 36 21 8 -2 -11 -20 -32 -45 -57 -64 -62 -53 -40 -27 -17 -8 3 16 28 38 48 56 61 62 54 39 22 6 -4 -12 -20 -32 -47 -59 -64 -60 -51 -39 -29 -20 -10 2 16 30 41 49 57 63 63 54 36 18 4 -2 -6 -15 -31 -51 -66 -68 -60 -48 -37 -28 -19 -8 4 17 30 41 50 58 61 58 49 37 22 8 -3 -11 -20 -31 -46 -58 -64 -61 -52 -41 -30 -19 -8 4 17 29 40 50 58 63 60 51 35 18 6 -2 -8 -17 -32 -48 -60 -63 -58 -50 -41 -31 -21 -9 5 17 28 39 49 57 62 60 52 38 21 7 -3 -10 -19 -31 -46 -58 -64 -61 -53 -42 -30 -19 -7 5 17 28 38 48 58 63 62 52 36 19 6 -2 -9 -18 -32 -48 -60 -64 -60 -51 -41 -31 -20 -9 4 16 29 41 52 59 62 59 50 36 20 6 -4 -11 -19 -31 -46 -59 -64 -59 -50 -39 -30 -20 -9 4 17 29 38 47 56 61 60 52 37 20 6 -4 -9 -16 -28 -42 -54 -60 -60 -56 -49 -38 -24 -9 6 19 31 42 52 60 62 60 51 38 21 6 -5 -12 -19 -30 -46 -60 -65 -60 -50 -40 -31 -21 -9 4 17 29 40 50 59 63 60 50 36 20 6 123 8436 304 15603
60 60 52 40 26 13 2 -7 -17 -28 -41 -53 -61 -62 -56 -44 -32 -21 -11 -1 11 24 35 45 54 60 63 57 44 26 10 -1 -9 -17 -28 -42 -54 -61 -61 -55 -45 -33 -22 -11 0 11 23 35 46 56 62 62 56 43 27 11 0 -8 -15 -25 -38 -54 -65 -68 -61 -47 -33 -20 -10 0 12 25 39 50 57 60 59 52 41 26 11 0 -8 -16 -27 -41 -55 -63 -63 -56 -45 -34 -23 -11 1 13 24 35 45 55 62 64 57 43 25 10 -1 -9 -17 -29 -43 -56 -64 -63 -55 -45 -33 -21 -10 2 14 26 37 48 56 61 60 53 42 26 10 -2 -11 -18 -27 -40 -54 -64 -64 -55 -43 -32 -22 -11 1 14 26 35 44 54 61 63 56 42 25 10 -1 -8 -16 -26 -40 -55 -64 -64 -57 -45 -33 -22 -12 0 12 25 36 46 57 64 65 56 40 23 8 -1 -7 -15 -26 -41 -55 -63 -63 -56 -46 -34 -22 -11 1 12 24 35 46 55 61 61 55 43 27 11 -1 -10 -17 -27 -40 -54 -62 -63 -56 -45 -34 -23 -12 -1 11 23 36 48 58 63 62 55 42 26 10 -2 -9 -16 -26 -40 -55 -65 -64 -55 -43 -33 -24 -14 -2 12 24 35 46 57 65 66 57 41 24 10 1 128 15615 304 15603
58 62 59 49 34 17 4 -5 -11 -18 -30 -46 -59 -64 -60 -50 -39 -29 -20 -8 6 20 32 42 50 57 62 60 50 34 17 4 -3 -10 -20 -35 -50 -60 -63 -58 -49 -39 -28 -16 -5 6 17 28 40 51 59 62 58 48 33 18 6 -1 -7 -18 -35 -54 -67 -68 -59 -46 -35 -26 -16 -5 7 19 30 40 50 59 64 61 50 33 16 2 -7 -13 -20 -32 -47 -59 -63 -59 -50 -40 -29 -17 -4 9 20 28 38 49 61 66 62 49 32 16 3 -5 -13 -22 -34 -48 -59 -64 -61 -52 -40 -27 -15 -4 8 20 32 44 54 60 60 54 43 29 16 5 -4 -12 -21 -33 -45 -56 -62 -60 -50 -37 -26 -16 -7 4 16 29 41 50 57 60 58 48 33 18 6 -3 -10 -20 -32 -45 -56 -61 -59 -52 -40 -28 -17 -7 3 14 26 39 51 60 64 61 50 35 19 8 -1 -10 -21 -36 -51 -62 -66 -61 -50 -37 -25 -15 -5 6 17 28 39 49 59 64 61 50 34 17 4 -5 -12 -21 -33 -47 -59 -64 -60 -50 -37 -26 -16 -6 5 17 30 41 52 60 63 58 47 33 18 6 -4 -13 -23 -34 -47 -58 -64 -61 -51 -37 -25 -16 -8 3 17 32 43 52 57 60 59 51 37 19 4 134 134 304 15603
56 61 61 54 42 26 11 0 -9 -17 -28 -41 -54 -62 -62 -55 -45 -35 -25 -13 0 13 26 36 47 56 63 64 56 41 24 9 -1 -9 -16 -27 -41 -55 -62 -62 -55 -45 -34 -23 -12 1 13 25 35 46 56 63 63 56 42 25 10 -1 -8 -15 -25 -41 -57 -68 -67 -58 -43 -30 -19 -9 2 13 24 34 46 57 65 65 55 39 22 8 -1 -9 -17 -28 -41 -54 -62 -63 -57 -45 -32 -20 -9 1 12 24 36 47 56 61 61 55 42 26 10 -2 -10 -17 -27 -41 -54 -63 -63 -56 -45 -34 -22 -9 3 14 25 35 46 56 62 61 53 40 25 12 1 -8 -17 -28 -42 -55 -62 -62 -55 -44 -34 -23 -11 2 15 26 36 45 55 62 62 54 40 25 10 -1 -9 -17 -28 -41 -54 -63 -62 -54 -42 -31 -22 -13 -2 12 25 37 47 56 62 63 56 41 23 8 -3 -9 -16 -27 -41 -54 -62 -62 -55 -45 -33 -22 -11 1 12 24 35 47 57 63 62 55 41 24 9 -2 -9 -16 -26 -40 -55 -64 -63 -55 -44 -33 -22 -11 1 14 26 36 45 54 61 63 56 41 23 8 -2 -8 -15 -26 -41 -55 -62 -62 -56 -46 -34 -21 -9 3 12 22 34 46 57 63 62 53 40 25 11 138 15521 304 15603
61 63 58 46 29 13 1 -7 -15 -24 -37 -51 -61 -63 -58 -47 -36 -25 -14 -3 9 21 33 44 53 60 62 57 45 30 16 3 -6 -15 -26 -39 -52 -60 -62 -57 -47 -35 -25 -15 -5 7 20 33 44 54 61 63 58 47 31 15 2 -7 -14 -22 -34 -50 -64 -71 -66 -51 -34 -20 -11 -2 9 23 36 46 53 59 61 57 46 29 11 -1 -9 -14 -22 -35 -49 -59 -62 -57 -48 -37 -26 -15 -4 8 20 32 43 53 61 64 60 48 31 14 1 -8 -15 -25 -39 -53 -62 -63 -56 -46 -34 -24 -14 -4 8 20 32 44 54 61 64 59 47 30 12 -1 -9 -15 -24 -36 -50 -60 -62 -57 -47 -36 -26 -15 -3 10 21 32 43 53 61 63 58 46 30 14 1 -9 -17 -26 -37 -50 -59 -62 -58 -47 -35 -24 -14 -3 9 21 33 44 54 61 62 57 45 29 14 1 -8 -15 -25 -37 -50 -60 -62 -57 -48 -37 -25 -14 -2 10 22 33 43 53 61 62 56 44 29 15 4 -5 -14 -24 -38 -52 -62 -65 -60 -48 -34 -22 -12 -2 8 20 33 46 56 62 62 55 43 28 13 2 -6 -13 -23 -36 -50 -61 -64 -60 -49 -36 -24 -13 -2 9 21 32 43 54 61 64 58 45 29 13 1 144 10416 304 15603
56 62 62 53 37 19 5 -4 -11 -19 -32 -46 -57 -62 -59 -52 -41 -30 -19 -7 5 17 28 38 48 56 61 59 51 37 21 8 -3 -10 -19 -32 -46 -58 -63 -60 -51 -40 -30 -21 -11 2 16 30 42 51 57 61 59 51 36 18 3 -5 -8 -13 -25 -43 -60 -68 -64 -52 -41 -30 -20 -8 5 17 28 38 48 58 64 62 52 36 19 6 -2 -9 -18 -31 -47 -61 -66 -62 -51 -39 -28 -17 -6 5 15 25 36 48 59 64 61 51 36 21 8 -2 -10 -19 -31 -45 -58 -65 -63 -54 -41 -29 -19 -8 3 15 28 40 52 60 64 62 52 36 19 5 -6 -13 -21 -31 -45 -58 -64 -61 -51 -39 -29 -19 -9 4 17 30 40 50 58 62 59 49 35 20 7 -3 -13 -22 -31 -43 -54 -62 -61 -53 -41 -28 -18 -9 2 15 28 39 49 57 62 60 52 37 21 7 -2 -10 -19 -32 -46 -58 -64 -61 -52 -40 -29 -19 -8 3 16 28 40 50 58 62 61 51 36 20 7 -3 -10 -19 -32 -47 -58 -63 -60 -51 -40 -30 -20 -8 4 17 28 39 49 57 62 59 50 37 22 9 -1 -11 -21 -33 -46 -57 -63 -62 -53 -40 -28 -18 -8 4 15 26 36 47 58 66 65 53 35 17 5 149 11294 304 15603
54 61 61 55 42 27 12 1 -7 -14 -25 -39 -53 -62 -63 -56 -46 -35 -25 -13 -1 12 24 34 44 53 60 62 58 45 28 12 0 -8 -15 -25 -38 -51 -59 -61 -58 -52 -42 -28 -13 1 13 24 35 48 58 63 62 55 43 27 12 0 -7 -13 -22 -38 -56 -68 -67 -57 -45 -33 -23 -12 0 13 24 34 45 56 63 63 55 41 25 11 0 -8 -15 -24 -38 -52 -62 -64 -57 -46 -34 -24 -13 -2 10 22 34 46 55 62 62 56 43 27 12 0 -8 -15 -24 -38 -53 -63 -64 -56 -45 -34 -24 -13 -1 11 22 33 43 54 62 63 57 44 29 14 2 -8 -17 -27 -41 -54 -62 -63 -56 -45 -33 -23 -14 -3 9 23 36 47 56 62 62 56 43 27 11 -2 -10 -16 -25 -37 -50 -60 -62 -57 -47 -36 -24 -12 0 11 22 32 43 54 62 65 58 44 27 11 0 -7 -15 -26 -39 -53 -62 -63 -57 -46 -34 -24 -13 0 12 24 35 44 53 59 61 56 45 30 14 0 -10 -18 -26 -37 -51 -62 -65 -59 -47 -33 -21 -11 -1 11 24 35 45 53 59 60 55 43 28 13 1 -7 -15 -25 -39 -53 -62 -64 -58 -47 -35 -22 -11 0 11 21 33 45 56 63 64 56 42 26 11 154 13622 304 15603
-61 -60 -53 -42 -31 -19 -8 3 15 26 39 50 58 62 59 51 37 22 7 -4 -12 -19 -30 -43 -56 -63 -61 -52 -41 -31 -20 -8 5 16 27 36 47 57 63 61 52 37 22 9 -1 -10 -19 -30 -45 -58 -66 -65 -55 -42 -29 -18 -7 4 14 25 37 50 62 68 64 51 35 20 7 -3 -12 -22 -32 -44 -56 -64 -63 -54 -41 -28 -17 -8 3 16 28 40 50 58 62 62 54 38 20 4 -7 -14 -20 -30 -44 -57 -64 -62 -53 -40 -28 -17 -6 5 16 27 37 47 56 62 60 51 36 21 7 -2 -9 -18 -30 -45 -58 -65 -63 -53 -41 -29 -18 -7 4 16 28 40 50 58 61 59 50 36 21 7 -2 -9 -18 -30 -46 -59 -65 -62 -52 -40 -29 -20 -9 3 16 28 40 51 60 63 59 49 35 20 7 -4 -12 -21 -31 -43 -56 -63 -62 -52 -39 -28 -18 -9 2 15 28 40 50 58 63 60 50 36 20 7 -3 -11 -19 -30 -44 -57 -65 -63 -53 -40 -27 -17 -7 4 16 27 38 48 57 62 61 52 37 20 5 -4 -10 -17 -29 -44 -59 -67 -63 -51 -37 -26 -18 -9 1 14 27 39 51 60 64 60 49 34 19 7 -1 -8 -17 -29 -45 -59 -66 -64 -53 -40 -28 -19 -9 159 9439 304 15603
-63 -58 -48 -37 -26 -15 -3 10 22 34 45 55 62 62 56 44 28 13 2 -7 -15 -24 -36 -50 -60 -63 -58 -48 -36 -25 -14 -3 9 21 34 45 55 61 61 55 44 30 16 3 -7 -16 -25 -36 -49 -60 -65 -60 -49 -36 -25 -15 -4 9 23 34 43 53 63 68 61 45 24 8 -1 -6 -12 -23 -38 -52 -61 -63 -58 -48 -37 -24 -12 0 11 22 33 42 52 60 63 58 45 28 13 1 -7 -15 -24 -37 -49 -59 -62 -58 -48 -36 -24 -12 -2 9 19 31 42 53 61 62 56 44 28 14 3 -5 -12 -23 -36 -51 -61 -64 -58 -47 -36 -26 -16 -4 10 23 34 44 53 60 63 58 46 30 14 2 -7 -16 -26 -38 -50 -60 -63 -57 -45 -32 -22 -16 -8 3 18 33 45 54 61 64 60 49 31 13 0 -8 -14 -23 -37 -52 -61 -63 -58 -48 -37 -26 -15 -4 9 21 34 46 56 62 63 57 46 30 13 0 -9 -15 -24 -37 -51 -62 -65 -58 -47 -35 -24 -13 -2 10 22 33 43 52 60 62 57 45 30 14 2 -8 -16 -25 -37 -49 -59 -62 -59 -49 -37 -25 -13 -2 9 21 32 43 54 62 64 57 44 28 13 3 -5 -13 -25 -38 -52 -61 -63 -58 -48 -36 -23 -13 -3 164 8168 304 15603
57 61 58 50 36 20 6 -3 -10 -20 -33 -48 -60 -63 -59 -49 -39 -29 -18 -7 5 16 27 38 49 59 63 60 50 35 20 5 -5 -13 -20 -31 -44 -58 -65 -63 -53 -41 -28 -16 -5 6 17 28 39 51 60 65 61 51 36 19 4 -7 -14 -21 -33 -49 -63 -68 -61 -46 -30 -21 -15 -9 2 15 27 37 48 57 63 61 52 37 21 8 -3 -12 -22 -35 -48 -59 -63 -60 -50 -39 -29 -18 -7 5 16 27 38 50 60 66 62 51 34 19 6 -3 -11 -20 -31 -45 -58 -64 -62 -53 -41 -29 -18 -7 5 18 30 40 49 57 60 59 50 37 22 8 -3 -11 -20 -32 -46 -59 -65 -62 -53 -41 -29 -19 -8 4 16 28 40 50 59 64 61 51 35 19 6 -3 -10 -19 -32 -46 -58 -64 -62 -53 -41 -29 -18 -7 3 15 27 40 51 60 63 61 52 37 21 6 -4 -11 -18 -30 -45 -58 -65 -64 -54 -42 -30 -19 -8 3 15 27 39 51 60 65 62 52 37 21 8 -2 -11 -21 -34 -48 -59 -64 -61 -53 -41 -30 -19 -8 5 17 30 41 51 59 63 60 51 36 20 6 -4 -12 -20 -31 -46 -58 -65 -62 -53 -41 -29 -18 -6 7 19 29 38 47 57 62 61 51 35 18 5 169 11983 304 15603
62 62 54 42 27 13 2 -7 -17 -28 -42 -55 -63 -63 -56 -44 -33 -22 -11 1 12 23 34 45 55 61 61 55 42 28 14 1 -8 -18 -28 -40 -52 -60 -62 -58 -48 -36 -24 -11 1 13 24 34 45 55 61 62 56 43 28 13 1 -7 -14 -23 -37 -54 -66 -69 -62 -48 -33 -21 -11 0 11 24 37 48 56 61 61 55 43 27 11 0 -8 -16 -27 -41 -55 -62 -60 -53 -45 -38 -28 -14 1 15 25 34 43 53 61 62 55 42 26 12 1 -7 -14 -24 -38 -52 -61 -63 -57 -48 -37 -25 -12 0 11 21 31 44 56 64 65 57 43 27 11 -1 -7 -12 -21 -36 -53 -65 -67 -58 -45 -34 -24 -14 -3 10 22 33 44 54 62 64 57 44 28 14 3 -6 -15 -26 -40 -53 -61 -63 -58 -48 -36 -24 -12 0 11 22 33 44 54 61 62 57 45 29 13 1 -7 -14 -25 -39 -53 -62 -64 -58 -47 -34 -22 -11 -1 9 20 32 44 55 62 63 57 45 29 13 0 -8 -15 -24 -37 -52 -63 -64 -58 -47 -35 -24 -13 -1 11 22 34 45 55 62 63 56 42 25 10 -1 -7 -14 -23 -38 -52 -63 -64 -58 -46 -34 -22 -12 -1 10 22 33 45 55 62 63 56 43 27 10 -2 174 11437 304 15603
59 61 56 46 31 17 6 -3 -12 -22 -35 -47 -57 -62 -61 -55 -43 -29 -15 -2 9 20 31 43 53 60 62 58 47 31 15 2 -6 -11 -20 -33 -49 -61 -64 -58 -48 -38 -28 -17 -5 7 20 31 42 52 59 61 55 46 33 19 6 -5 -13 -21 -30 -44 -59 -68 -66 -53 -36 -23 -14 -6 4 18 32 44 52 58 60 58 49 35 19 5 -4 -12 -21 -34 -50 -62 -67 -61 -50 -37 -25 -14 -4 7 18 29 40 51 60 63 59 49 34 19 5 -5 -14 -24 -37 -50 -61 -64 -58 -47 -36 -27 -18 -7 6 20 32 43 52 59 62 58 48 33 17 4 -6 -14 -23 -35 -49 -59 -62 -58 -49 -38 -28 -17 -5 7 19 31 42 52 59 62 57 47 33 18 5 -5 -12 -21 -34 -48 -61 -66 -61 -51 -38 -26 -15 -3 8 19 29 40 52 61 64 59 47 33 18 5 -5 -14 -24 -36 -50 -60 -64 -59 -49 -37 -26 -16 -6 6 19 31 42 52 60 64 60 49 33 16 2 -8 -15 -23 -35 -49 -60 -63 -59 -49 -37 -27 -17 -6 7 21 33 45 54 60 61 56 45 30 15 4 -5 -11 -20 -33 -48 -61 -65 -60 -50 -37 -26 -15 -5 7 18 30 42 53 61 63 58 46 31 16 4 180 4506 304 15603
56 63 64 57 43 25 9 -2 -9 -16 -26 -40 -54 -62 -61 -54 -44 -33 -23 -11 0 11 22 34 46 56 61 60 53 41 27 13 2 -8 -16 -26 -40 -53 -62 -62 -56 -45 -34 -24 -13 -1 11 23 35 46 55 61 62 56 44 27 10 -2 -8 -13 -22 -39 -57 -68 -67 -56 -42 -31 -22 -12 1 13 24 34 45 56 63 62 54 40 24 11 0 -8 -16 -25 -38 -53 -62 -64 -56 -44 -32 -23 -13 -3 10 24 36 47 56 62 62 55 42 25 11 0 -7 -15 -26 -41 -55 -64 -63 -56 -45 -34 -24 -12 0 13 25 37 48 57 62 60 52 40 25 12 1 -8 -16 -27 -40 -53 -62 -63 -56 -45 -33 -22 -12 -1 11 24 36 47 56 61 61 54 42 26 11 0 -8 -15 -26 -40 -55 -63 -63 -56 -45 -34 -23 -12 0 13 25 36 46 55 61 62 55 42 26 11 -1 -10 -18 -29 -41 -53 -60 -61 -55 -46 -34 -22 -11 0 12 23 35 47 56 62 61 54 41 25 10 -1 -8 -16 -27 -40 -53 -61 -61 -54 -44 -33 -22 -13 -2 9 22 35 47 57 63 63 56 42 26 11 0 -8 -16 -26 -41 -55 -65 -65 -57 -44 -31 -20 -10 0 12 24 36 46 56 61 62 54 41 24 10 184 14768 304 15603
60 63 59 50 36 20 6 -4 -11 -19 -31 -46 -58 -63 -60 -52 -42 -31 -19 -7 6 18 28 38 49 58 64 62 52 35 18 4 -5 -10 -18 -29 -44 -58 -65 -63 -55 -43 -30 -17 -5 7 17 27 38 50 60 64 61 51 36 20 6 -5 -12 -18 -28 -43 -60 -71 -69 -57 -39 -24 -14 -5 5 17 30 41 50 58 62 60 49 34 18 6 -1 -8 -19 -33 -49 -60 -64 -61 -52 -41 -29 -16 -4 7 16 27 39 50 59 62 59 50 36 21 6 -5 -12 -20 -30 -44 -58 -65 -62 -53 -41 -29 -18 -7 6 19 30 40 49 58 63 60 50 34 18 5 -3 -9 -18 -32 -47 -59 -65 -61 -52 -40 -28 -17 -6 5 17 28 39 50 58 62 59 50 36 21 7 -4 -12 -21 -33 -47 -59 -63 -59 -50 -39 -29 -20 -9 5 19 31 41 50 57 61 59 49 34 18 6 -3 -10 -19 -32 -46 -58 -63 -60 -51 -39 -28 -17 -6 5 16 27 37 48 58 63 61 51 35 18 4 -4 -10 -18 -30 -45 -57 -63 -60 -52 -41 -30 -19 -8 4 16 28 39 50 58 64 62 52 36 19 5 -4 -11 -20 -33 -47 -58 -62 -58 -51 -42 -32 -20 -7 6 17 28 39 51 60 64 60 49 34 19 7 189 7923 304 15603
64 62 53 39 23 8 -3 -10 -17 -27 -41 -55 -63 -62 -54 -44 -33 -22 -9 3 15 25 35 46 57 62 61 53 40 25 11 -1 -9 -18 -29 -43 -56 -65 -63 -55 -42 -30 -19 -9 2 13 23 35 47 58 63 61 53 41 26 10 -5 -14 -18 -24 -36 -53 -67 -69 -59 -42 -28 -18 -10 1 14 26 37 47 56 62 62 53 38 22 9 0 -7 -15 -28 -44 -58 -66 -64 -55 -42 -30 -20 -10 2 14 26 38 48 56 60 60 53 41 27 12 0 -10 -20 -31 -44 -57 -63 -62 -53 -42 -32 -22 -11 1 14 26 37 47 58 64 63 54 39 23 9 0 -8 -17 -29 -44 -57 -64 -63 -55 -44 -32 -21 -9 3 15 26 36 47 57 63 62 53 39 23 10 0 -8 -17 -30 -44 -56 -63 -62 -54 -44 -32 -21 -10 1 13 25 38 49 59 63 61 52 38 23 9 -2 -9 -17 -27 -42 -55 -64 -63 -55 -43 -31 -20 -10 1 13 25 36 47 57 62 61 52 37 21 9 1 -5 -12 -25 -43 -58 -66 -63 -54 -43 -33 -23 -12 1 14 26 38 48 57 61 60 52 40 26 11 0 -9 -17 -27 -42 -57 -66 -65 -56 -43 -31 -21 -11 2 16 29 39 47 54 60 60 53 39 23 9 0 195 4117 304 15603
61 62 57 47 32 16 2 -7 -14 -23 -36 -50 -61 -64 -59 -49 -37 -26 -15 -3 10 22 33 43 52 59 62 58 46 29 14 2 -5 -12 -22 -36 -51 -60 -62 -57 -48 -38 -28 -16 -4 8 19 31 43 54 61 62 57 47 33 17 3 -7 -14 -22 -35 -51 -64 -68 -61 -48 -35 -24 -14 -2 10 21 31 42 52 60 63 57 45 30 15 3 -6 -14 -23 -35 -48 -59 -64 -59 -49 -37 -26 -15 -4 10 23 33 42 50 58 62 58 47 30 14 3 -5 -12 -22 -35 -49 -60 -63 -59 -50 -38 -25 -14 -3 8 19 31 42 52 59 62 58 47 33 17 3 -6 -14 -24 -36 -51 -61 -63 -57 -47 -36 -27 -17 -5 8 21 31 42 52 61 64 59 46 30 15 4 -4 -12 -24 -38 -52 -62 -64 -58 -48 -37 -26 -15 -3 9 20 32 43 53 61 63 58 46 30 14 0 -8 -13 -20 -31 -47 -61 -67 -62 -51 -37 -25 -14 -4 8 20 32 43 54 61 63 57 45 30 15 3 -5 -13 -22 -36 -50 -60 -63 -57 -47 -37 -28 -18 -6 7 20 32 43 53 61 64 59 48 31 15 2 -6 -13 -22 -35 -50 -62 -66 -61 -50 -37 -25 -13 -3 8 20 32 44 54 59 60 56 47 34 19 4 200 5970 304 15603
58 63 62 54 40 23 7 -4 -13 -22 -33 -46 -58 -63 -61 -52 -41 -29 -18 -7 4 15 27 39 50 58 61 59 50 36 20 6 -4 -10 -17 -29 -45 -58 -63 -60 -51 -41 -30 -19 -6 5 15 24 34 46 56 62 61 53 40 23 7 -4 -10 -15 -26 -44 -61 -70 -64 -51 -39 -30 -22 -9 6 20 30 37 45 55 62 61 52 37 21 7 -3 -11 -18 -28 -41 -56 -65 -63 -53 -40 -30 -21 -11 2 16 28 38 48 59 65 64 53 36 20 7 -2 -10 -20 -33 -45 -56 -62 -61 -54 -42 -30 -18 -8 3 15 27 38 49 57 63 62 54 39 21 6 -5 -12 -20 -30 -44 -56 -63 -61 -53 -41 -29 -18 -8 2 14 26 38 49 58 63 62 53 38 21 6 -4 -11 -19 -31 -45 -58 -64 -61 -52 -41 -29 -18 -7 5 17 28 38 48 56 61 60 51 36 20 6 -2 -9 -18 -31 -46 -58 -62 -59 -51 -41 -30 -18 -7 3 13 25 37 49 58 61 59 52 39 22 6 -5 -11 -16 -26 -42 -58 -66 -63 -52 -40 -29 -19 -8 4 15 25 36 48 59 64 62 51 36 20 7 -2 -9 -17 -28 -43 -57 -64 -62 -52 -41 -30 -21 -10 2 15 27 37 47 57 62 62 54 39 22 8 205 8873 304 15603
-65 -59 -48 -36 -25 -14 -2 10 23 35 46 55 61 63 57 45 28 12 0 -8 -15 -24 -38 -53 -63 -65 -58 -47 -36 -24 -12 0 12 23 33 44 55 63 63 55 42 26 12 1 -7 -15 -24 -37 -51 -61 -63 -58 -48 -37 -26 -15 -2 11 23 33 45 57 67 68 58 42 24 11 2 -6 -15 -27 -40 -53 -62 -64 -59 -48 -36 -24 -13 -2 11 24 37 48 56 61 61 55 44 29 14 2 -8 -16 -27 -40 -53 -61 -62 -56 -46 -36 -26 -14 0 13 24 33 43 54 62 64 56 42 25 11 2 -6 -13 -23 -36 -51 -61 -64 -59 -48 -35 -23 -12 -1 10 21 33 43 53 60 62 57 44 29 13 1 -7 -14 -24 -37 -52 -62 -63 -57 -46 -35 -25 -14 -3 10 22 33 43 52 59 62 58 46 29 13 1 -7 -14 -23 -37 -52 -62 -63 -56 -47 -36 -26 -16 -3 9 21 33 44 55 63 64 57 43 27 13 3 -5 -12 -22 -37 -53 -63 -65 -57 -46 -35 -26 -16 -6 7 21 34 46 56 62 64 58 45 29 14 3 -6 -14 -26 -40 -53 -61 -62 -58 -49 -38 -25 -12 1 12 22 33 45 55 62 62 54 42 27 13 1 -7 -14 -23 -36 -50 -61 -64 -58 -47 -34 -22 -11 -1 210 11490 304 15603
55 60 59 50 36 22 10 2 -7 -18 -31 -46 -58 -64 -62 -54 -42 -29 -18 -8 2 12 23 35 47 58 64 63 55 40 22 6 -5 -12 -17 -27 -41 -56 -64 -63 -55 -43 -32 -22 -11 1 13 26 40 54 63 67 62 50 35 20 7 -3 -9 -16 -27 -43 -59 -68 -65 -54 -41 -31 -22 -12 3 18 31 40 48 56 63 63 55 39 21 7 -2 -9 -18 -31 -46 -58 -65 -63 -55 -43 -31 -19 -7 5 16 27 38 49 58 62 59 50 36 22 10 0 -8 -17 -29 -43 -57 -65 -63 -54 -42 -30 -20 -9 2 14 26 38 50 59 64 62 52 37 20 7 -3 -10 -18 -30 -44 -58 -65 -63 -53 -40 -28 -18 -8 2 14 26 37 47 56 63 63 53 37 18 5 -3 -7 -14 -27 -44 -58 -64 -61 -53 -43 -32 -21 -10 2 14 25 37 48 58 63 62 53 39 23 9 -1 -8 -17 -29 -44 -58 -65 -63 -55 -44 -32 -19 -8 3 13 24 36 49 59 64 62 53 40 24 10 -2 -10 -18 -30 -45 -59 -65 -63 -53 -42 -31 -20 -8 4 16 27 37 48 58 63 61 51 36 21 8 -1 -9 -18 -30 -45 -58 -64 -62 -53 -41 -29 -19 -9 2 14 26 38 50 59 63 61 52 38 22 7 215 5905 304 15603
56 62 62 56 43 28 14 2 -7 -15 -25 -37 -50 -60 -63 -58 -46 -34 -23 -13 -4 6 18 31 44 56 64 65 57 43 26 12 2 -5 -12 -24 -38 -52 -60 -61 -56 -47 -37 -25 -15 -4 8 20 32 45 55 61 63 58 46 29 12 0 -5 -10 -19 -36 -55 -68 -68 -58 -45 -33 -23 -14 -2 10 22 33 44 54 62 63 57 43 27 12 1 -7 -14 -24 -36 -49 -59 -62 -58 -49 -38 -26 -14 -2 9 21 34 46 56 63 63 57 44 27 11 0 -7 -13 -23 -37 -51 -60 -61 -55 -46 -36 -27 -16 -5 8 20 33 45 56 64 65 59 45 28 12 1 -7 -15 -25 -38 -52 -62 -64 -58 -47 -36 -25 -13 -2 10 22 33 45 55 62 63 56 43 27 12 0 -8 -15 -23 -35 -49 -60 -64 -61 -50 -37 -24 -12 -1 10 22 34 45 54 61 62 56 45 29 14 1 -7 -15 -25 -38 -52 -61 -62 -56 -45 -34 -25 -15 -4 9 22 34 44 53 60 61 56 45 30 15 3 -6 -14 -24 -37 -51 -61 -64 -58 -47 -35 -25 -15 -4 9 22 34 44 53 60 62 57 46 30 14 1 -8 -16 -24 -36 -50 -61 -65 -59 -47 -34 -22 -13 -3 8 20 32 43 52 59 61 57 45 30 15 220 7984 304 15603
59 63 61 50 34 18 6 -1 -8 -18 -31 -46 -58 -64 -62 -53 -42 -31 -20 -9 4 17 30 42 51 58 61 59 51 37 20 5 -6 -13 -19 -28 -41 -55 -63 -63 -55 -43 -30 -18 -7 4 15 26 37 49 59 64 61 52 38 22 9 -1 -9 -17 -31 -48 -64 -70 -65 -53 -40 -28 -18 -7 6 18 30 41 51 59 61 58 50 37 20 4 -7 -13 -18 -27 -42 -58 -66 -62 -50 -38 -29 -22 -12 1 15 28 39 51 62 67 63 51 33 17 5 -3 -10 -19 -31 -45 -58 -64 -62 -52 -40 -29 -19 -9 3 15 28 40 50 58 62 61 53 39 23 7 -4 -13 -21 -33 -47 -60 -66 -63 -51 -38 -26 -16 -7 3 15 27 39 50 59 63 61 51 36 20 7 -3 -12 -21 -33 -47 -58 -62 -59 -51 -41 -30 -19 -7 5 16 27 39 50 59 62 59 50 37 22 8 -4 -12 -19 -28 -42 -57 -66 -65 -54 -40 -28 -18 -8 2 15 28 40 52 60 64 60 50 36 21 7 -4 -12 -20 -30 -44 -57 -64 -62 -52 -40 -29 -20 -10 3 16 29 40 50 57 61 59 51 38 22 8 -3 -12 -20 -31 -45 -57 -64 -62 -53 -40 -28 -18 -9 2 14 27 40 51 59 63 61 51 35 19 7 225 7662 304 15603
63 65 59 44 27 11 1 -6 -13 -23 -37 -52 -63 -66 -60 -48 -34 -21 -12 -2 9 21 34 45 53 59 61 57 46 30 14 0 -8 -15 -24 -37 -51 -61 -63 -57 -47 -35 -25 -14 -4 8 21 33 45 55 61 62 57 46 30 14 1 -8 -14 -22 -35 -51 -64 -68 -61 -46 -32 -21 -14 -5 8 22 35 45 52 59 62 59 47 29 11 -1 -7 -12 -21 -36 -52 -63 -64 -58 -47 -36 -25 -14 -2 10 22 33 44 54 61 62 56 44 29 14 2 -7 -15 -24 -37 -50 -60 -63 -58 -48 -36 -25 -15 -3 9 22 35 46 55 60 60 54 43 28 14 1 -7 -14 -23 -36 -50 -61 -63 -56 -45 -33 -23 -15 -5 6 18 30 42 53 62 64 59 46 29 13 2 -5 -12 -22 -36 -52 -63 -66 -60 -49 -36 -24 -13 -2 9 21 32 45 56 63 63 56 42 27 13 2 -6 -14 -24 -36 -50 -60 -63 -58 -48 -37 -26 -15 -3 10 23 34 45 55 61 62 56 44 27 12 0 -7 -14 -22 -35 -49 -60 -64 -58 -47 -35 -25 -15 -4 7 20 32 44 54 61 64 60 47 30 13 1 -8 -15 -25 -38 -52 -60 -62 -57 -49 -38 -26 -13 -1 11 22 34 45 54 59 60 55 45 30 15 1 230 5141 304 15603
59 63 61 52 38 22 8 -3 -10 -19 -31 -45 -57 -63 -61 -53 -42 -30 -19 -8 2 14 26 39 50 58 61 59 51 39 24 10 -2 -10 -18 -30 -44 -57 -64 -62 -53 -42 -31 -20 -9 1 12 25 38 51 60 64 62 53 40 24 8 -4 -11 -18 -29 -46 -61 -68 -64 -53 -40 -30 -20 -9 5 17 28 38 48 58 64 62 52 36 21 8 0 -9 -19 -33 -48 -60 -64 -61 -52 -40 -29 -18 -8 3 14 26 38 50 59 63 60 51 37 22 8 -2 -10 -18 -30 -45 -59 -65 -62 -52 -40 -30 -20 -9 3 17 29 39 48 55 61 60 53 40 23 8 -3 -11 -19 -31 -45 -58 -63 -60 -52 -42 -33 -22 -9 6 19 29 38 48 58 63 61 51 36 20 7 -2 -10 -19 -30 -44 -57 -65 -63 -53 -40 -28 -18 -8 4 17 28 37 45 53 60 61 55 41 23 7 -4 -11 -19 -30 -44 -57 -63 -62 -54 -42 -29 -18 -8 2 13 26 39 51 59 63 59 50 37 23 9 -2 -11 -20 -31 -46 -58 -65 -62 -53 -41 -29 -18 -8 4 16 27 38 49 57 62 60 51 37 21 8 -3 -10 -18 -30 -45 -58 -64 -61 -52 -42 -31 -19 -7 5 16 26 37 48 58 63 60 51 37 23 9 235 794 304 15603
60 63 58 46 30 13 0 -8 -14 -23 -37 -51 -62 -65 -58 -47 -35 -24 -13 -1 11 21 31 42 53 61 63 56 44 28 15 3 -6 -14 -24 -36 -50 -60 -64 -59 -49 -36 -24 -14 -3 8 20 32 44 54 62 63 58 46 31 15 2 -7 -14 -22 -35 -50 -64 -69 -63 -49 -34 -22 -12 -3 9 21 34 46 56 63 62 55 42 28 14 3 -6 -14 -25 -37 -51 -61 -63 -58 -47 -35 -24 -14 -4 7 20 32 44 55 63 64 59 46 29 13 1 -8 -15 -25 -38 -52 -62 -64 -58 -46 -33 -22 -12 -2 8 20 32 43 53 60 62 56 45 30 14 2 -7 -14 -23 -35 -49 -60 -64 -60 -50 -38 -25 -13 -1 10 20 30 42 54 62 65 59 46 30 14 3 -6 -14 -25 -38 -52 -62 -65 -60 -50 -37 -23 -11 -1 10 21 33 45 55 61 62 57 45 29 13 1 -7 -14 -24 -38 -52 -62 -62 -55 -46 -37 -27 -16 -3 11 22 33 43 54 62 64 57 43 27 13 2 -5 -13 -24 -38 -52 -62 -63 -56 -45 -34 -25 -16 -6 6 19 33 45 56 64 64 57 44 28 14 4 -5 -15 -26 -39 -51 -60 -63 -58 -49 -37 -25 -14 -2 10 22 33 44 53 60 63 59 47 31 14 0 240 1948 304 15603
58 61 58 49 34 18 5 -4 -11 -20 -33 -48 -60 -64 -60 -49 -38 -27 -17 -6 5 17 28 40 51 59 63 60 49 34 18 5 -5 -12 -21 -33 -47 -58 -62 -60 -51 -40 -28 -16 -5 5 16 27 40 52 60 62 58 49 35 19 4 -6 -10 -16 -28 -46 -62 -70 -64 -51 -37 -26 -16 -6 5 17 28 40 52 60 63 59 49 35 19 5 -6 -13 -20 -31 -46 -60 -66 -61 -50 -39 -29 -19 -7 7 20 30 40 50 60 63 59 48 33 19 7 -4 -13 -22 -33 -47 -59 -66 -62 -52 -38 -27 -17 -6 7 20 31 41 50 58 62 59 47 32 17 6 -2 -10 -21 -35 -49 -59 -63 -59 -50 -38 -27 -16 -6 5 17 29 39 49 57 63 61 51 35 17 4 -4 -10 -19 -32 -48 -61 -66 -62 -52 -39 -27 -16 -5 7 19 31 42 52 58 61 57 48 33 18 4 -5 -12 -20 -32 -46 -59 -64 -60 -49 -37 -27 -18 -7 5 17 29 40 50 59 63 60 49 33 18 5 -4 -11 -20 -33 -48 -59 -64 -60 -50 -39 -28 -18 -7 6 19 31 41 49 57 61 60 50 35 19 5 -3 -10 -20 -34 -49 -60 -64 -60 -51 -40 -29 -18 -7 5 17 31 44 55 62 63 58 48 34 18 3 245 13801 304 15603
62 62 55 42 25 9 -3 -9 -16 -25 -40 -54 -62 -62 -54 -44 -34 -24 -13 -1 12 24 36 48 58 64 63 56 42 25 9 -3 -10 -17 -27 -41 -55 -64 -62 -54 -42 -32 -22 -12 -1 12 23 35 46 57 63 62 54 41 26 12 1 -8 -16 -27 -41 -56 -67 -68 -59 -43 -28 -16 -8 0 10 21 34 46 56 62 62 55 42 25 10 -1 -9 -16 -27 -40 -54 -63 -64 -56 -45 -32 -21 -10 0 12 24 35 46 56 62 62 55 42 26 11 0 -8 -17 -28 -43 -57 -64 -62 -54 -43 -32 -21 -11 1 13 24 35 45 55 61 62 56 42 26 11 -1 -9 -17 -28 -42 -55 -62 -62 -55 -45 -34 -23 -11 2 14 25 36 46 56 62 62 54 40 24 9 -1 -9 -16 -27 -41 -55 -64 -63 -55 -43 -32 -21 -10 1 13 25 37 47 55 61 60 53 40 25 10 -1 -9 -17 -28 -41 -54 -61 -60 -54 -44 -33 -23 -13 0 13 26 37 46 55 61 62 55 41 25 9 -2 -9 -17 -26 -40 -53 -63 -64 -56 -44 -31 -20 -11 0 12 25 37 47 55 60 60 55 42 26 10 -1 -9 -16 -27 -41 -54 -63 -63 -56 -44 -32 -21 -11 0 12 24 37 48 57 62 61 54 40 23 8 -2 250 13580 304 15603
53 60 63 60 50 34 16 3 -5 -13 -23 -37 -52 -62 -63 -57 -47 -36 -26 -17 -7 5 18 31 43 53 60 63 59 49 33 16 3 -6 -12 -20 -32 -48 -60 -66 -62 -52 -39 -27 -16 -5 7 18 30 41 52 61 65 61 51 35 19 6 -3 -11 -23 -39 -57 -68 -69 -61 -47 -34 -23 -13 -2 9 20 31 41 52 60 63 59 48 33 16 2 -7 -14 -21 -32 -47 -61 -67 -62 -49 -35 -24 -15 -6 6 19 32 43 52 58 61 58 48 33 17 4 -6 -13 -21 -33 -48 -60 -65 -61 -49 -36 -25 -15 -5 6 18 31 42 52 60 62 58 47 32 17 5 -5 -12 -22 -35 -49 -61 -65 -60 -49 -37 -25 -14 -4 7 19 30 41 51 59 61 57 47 32 17 5 -4 -12 -21 -34 -48 -61 -65 -60 -49 -36 -25 -15 -5 7 19 29 39 49 58 64 62 51 33 15 2 -6 -12 -21 -34 -49 -60 -63 -58 -48 -37 -27 -18 -6 7 20 31 41 50 58 62 60 49 32 16 3 -4 -11 -20 -34 -49 -61 -64 -60 -49 -38 -27 -17 -6 5 18 31 43 54 62 63 58 47 31 16 4 -5 -12 -22 -35 -49 -60 -63 -59 -49 -38 -27 -17 -6 6 19 31 42 52 58 61 58 49 36 20 255 15733 304 15603
60 65 62 53 38 22 7 -2 -9 -17 -29 -44 -58 -65 -63 -55 -43 -31 -20 -8 3 14 24 36 48 58 63 61 54 41 26 11 -1 -10 -17 -28 -43 -58 -67 -66 -56 -43 -31 -21 -11 1 15 29 41 51 58 62 60 53 40 23 7 -5 -10 -14 -24 -41 -59 -70 -67 -54 -40 -29 -20 -10 2 15 27 36 46 57 64 63 53 38 21 7 -2 -9 -16 -28 -42 -56 -64 -63 -54 -41 -29 -19 -10 -1 10 23 35 47 57 63 63 55 41 23 8 -3 -9 -15 -26 -42 -57 -66 -64 -54 -43 -32 -23 -12 1 14 26 38 49 59 65 62 52 36 21 8 -1 -9 -18 -30 -43 -55 -61 -61 -53 -42 -30 -19 -9 2 13 24 34 44 54 62 62 54 39 22 9 -1 -8 -17 -29 -44 -57 -63 -61 -52 -40 -29 -20 -10 0 12 25 36 47 56 61 61 53 39 23 9 -1 -9 -18 -29 -42 -55 -62 -61 -54 -43 -31 -20 -9 2 14 26 37 47 56 63 62 53 38 21 8 -1 -7 -17 -30 -45 -57 -63 -61 -53 -43 -31 -20 -8 3 15 26 36 46 55 61 61 53 40 23 9 -2 -10 -19 -31 -45 -56 -62 -61 -53 -42 -29 -17 -6 3 11 21 33 47 58 63 61 52 38 22 8 261 2352 304 15603
59 61 57 46 32 17 4 -4 -10 -18 -31 -47 -60 -65 -61 -51 -39 -27 -16 -5 6 18 31 42 51 58 61 58 49 35 18 4 -6 -12 -20 -32 -47 -59 -65 -61 -51 -39 -27 -16 -5 6 17 28 40 52 61 65 60 49 33 17 5 -2 -9 -19 -35 -54 -67 -69 -61 -48 -35 -25 -15 -4 8 19 30 40 50 59 62 60 50 34 17 2 -7 -13 -20 -32 -47 -60 -65 -60 -49 -37 -26 -16 -4 7 19 29 40 51 60 63 58 47 32 17 5 -5 -13 -21 -32 -46 -59 -65 -62 -51 -38 -26 -16 -5 6 17 28 39 50 59 64 61 50 33 16 3 -5 -11 -20 -33 -49 -61 -65 -59 -48 -36 -26 -18 -8 5 18 30 41 51 58 62 59 50 35 20 6 -5 -13 -21 -33 -48 -60 -65 -61 -51 -40 -29 -18 -6 7 20 32 42 52 59 63 59 49 33 17 4 -6 -13 -22 -34 -48 -59 -64 -60 -51 -39 -27 -15 -3 8 19 29 40 50 59 62 58 47 33 18 6 -4 -13 -23 -35 -47 -58 -62 -59 -51 -40 -28 -17 -5 8 19 30 39 48 57 63 62 51 34 16 2 -6 -11 -18 -32 -48 -60 -65 -61 -51 -39 -27 -16 -5 6 18 30 41 52 59 62 59 49 34 18 3 265 10840 304 15603
-64 -64 -55 -43 -31 -20 -9 2 15 26 37 47 56 61 61 53 40 23 8 -2 -9 -16 -27 -42 -57 -65 -64 -54 -42 -31 -21 -10 2 15 26 37 47 57 62 61 52 38 22 9 -2 -9 -16 -25 -39 -53 -63 -64 -55 -44 -32 -23 -12 0 14 24 33 44 56 68 71 61 42 21 5 -4 -10 -18 -31 -45 -57 -63 -61 -54 -43 -31 -20 -9 3 14 26 37 48 57 63 62 53 38 21 7 -2 -9 -17 -28 -42 -55 -62 -62 -54 -42 -31 -21 -11 0 12 26 38 49 57 62 60 52 39 24 10 0 -8 -15 -26 -41 -56 -66 -66 -57 -44 -31 -21 -11 2 16 29 40 49 56 61 61 53 40 24 9 -2 -10 -18 -30 -44 -57 -65 -63 -53 -41 -29 -20 -10 2 15 27 37 46 55 62 63 55 40 22 7 -2 -9 -18 -30 -43 -55 -61 -61 -54 -44 -33 -20 -8 3 14 25 36 46 55 61 61 55 42 25 9 -3 -10 -18 -28 -43 -56 -64 -63 -55 -45 -33 -20 -8 5 16 26 36 48 58 63 61 52 38 23 9 -2 -11 -19 -29 -42 -54 -62 -62 -54 -42 -30 -19 -9 0 11 24 36 48 56 61 61 55 42 25 9 -3 -11 -18 -29 -43 -56 -62 -60 -54 -45 -33 -19 -5 270 15032 304 15603
60 62 58 47 31 15 3 -5 -12 -21 -35 -49 -61 -64 -59 -49 -38 -27 -16 -4 8 20 31 41 51 59 62 58 48 33 16 3 -6 -13 -21 -33 -48 -60 -64 -60 -49 -37 -25 -14 -4 6 17 29 41 51 59 61 57 48 34 18 6 -3 -10 -20 -34 -52 -65 -68 -60 -47 -34 -25 -16 -6 7 19 30 41 52 60 62 57 46 32 18 6 -3 -11 -21 -34 -50 -63 -67 -62 -50 -37 -26 -16 -5 8 20 32 42 52 60 64 59 47 30 14 3 -5 -12 -21 -34 -49 -61 -65 -60 -48 -35 -24 -15 -6 6 19 32 43 52 59 62 58 47 30 14 3 -4 -11 -21 -34 -48 -59 -63 -60 -51 -40 -28 -16 -4 8 20 32 43 51 58 62 59 49 33 16 3 -5 -12 -23 -37 -51 -61 -62 -57 -48 -38 -26 -15 -4 7 18 30 42 53 60 61 57 47 33 17 3 -6 -13 -20 -32 -48 -61 -66 -60 -49 -37 -27 -16 -5 8 20 30 41 52 61 65 60 47 30 15 3 -5 -13 -22 -35 -48 -58 -62 -59 -50 -39 -29 -18 -5 8 21 32 41 50 58 64 61 51 34 16 2 -7 -15 -23 -35 -48 -59 -63 -60 -51 -39 -27 -15 -4 7 19 30 43 54 63 64 58 46 30 15 4 275 13547 304 15603
55 61 61 55 41 23 7 -3 -8 -14 -26 -43 -58 -66 -63 -54 -43 -32 -22 -11 3 16 27 37 47 55 61 61 54 40 23 9 -2 -9 -16 -28 -43 -56 -64 -62 -54 -43 -32 -21 -10 2 14 26 38 48 55 60 60 54 41 24 8 -2 -7 -13 -25 -42 -59 -68 -65 -54 -42 -31 -21 -9 3 14 25 35 47 57 64 63 53 38 21 8 -1 -7 -15 -28 -44 -58 -63 -60 -51 -42 -33 -24 -12 1 14 26 37 48 57 62 61 54 40 24 9 -2 -9 -16 -27 -43 -58 -65 -62 -52 -41 -32 -23 -12 2 15 27 37 46 55 62 62 53 39 23 9 -1 -8 -17 -29 -43 -56 -63 -62 -54 -43 -32 -21 -11 1 14 27 39 49 56 61 60 53 40 24 9 -3 -10 -17 -27 -41 -56 -64 -63 -54 -42 -31 -20 -10 2 14 25 35 46 57 64 64 55 38 21 6 -3 -9 -15 -26 -42 -56 -65 -63 -53 -41 -30 -20 -11 1 13 26 37 47 56 62 62 54 40 23 7 -3 -9 -16 -28 -43 -56 -63 -61 -53 -42 -31 -21 -10 2 13 24 35 47 57 63 61 52 38 23 10 0 -8 -17 -29 -43 -56 -63 -63 -55 -44 -31 -20 -9 1 12 24 37 49 59 63 61 52 37 22 9 280 15125 304 15603
61 64 60 47 30 14 2 -6 -14 -23 -36 -50 -61 -64 -59 -48 -36 -25 -14 -2 10 21 31 41 51 60 63 58 46 30 15 2 -6 -14 -23 -36 -50 -61 -64 -59 -47 -34 -24 -15 -5 6 20 34 46 54 58 59 55 47 33 15 0 -10 -14 -18 -28 -45 -61 -69 -64 -51 -36 -24 -15 -4 8 21 33 43 53 61 63 58 46 30 15 3 -5 -13 -24 -37 -51 -60 -64 -59 -50 -37 -24 -12 -2 8 18 30 43 55 62 63 57 46 31 16 2 -8 -15 -24 -36 -50 -61 -65 -59 -49 -37 -25 -15 -3 10 22 33 43 53 60 63 58 46 30 14 2 -6 -14 -24 -37 -51 -61 -63 -59 -50 -38 -26 -13 0 12 22 32 42 52 59 61 56 46 31 16 1 -9 -16 -23 -33 -48 -61 -66 -60 -48 -35 -24 -14 -3 10 22 33 43 53 60 62 57 44 28 14 2 -6 -13 -22 -35 -49 -60 -64 -60 -49 -36 -25 -15 -4 9 22 33 42 50 59 65 63 50 30 9 -4 -9 -13 -21 -34 -49 -59 -62 -57 -49 -38 -27 -15 -4 8 20 32 44 55 62 64 59 47 31 14 0 -8 -15 -23 -36 -51 -62 -66 -60 -48 -34 -22 -11 -2 8 20 32 44 54 60 62 56 45 28 12 0 286 2195 304 15603
-63 -62 -54 -42 -30 -20 -10 2 16 30 42 50 56 59 59 52 39 22 7 -3 -11 -19 -31 -46 -58 -63 -59 -50 -39 -30 -21 -10 2 15 27 38 48 57 62 61 51 37 22 9 -1 -10 -19 -31 -44 -57 -63 -62 -53 -42 -31 -21 -10 2 15 26 37 48 60 68 67 53 34 15 4 -2 -8 -18 -31 -44 -54 -61 -63 -59 -49 -34 -18 -3 8 17 27 38 50 59 63 61 51 36 19 6 -3 -10 -18 -30 -45 -58 -64 -61 -52 -41 -30 -20 -8 5 17 27 37 47 57 63 62 52 36 20 6 -2 -9 -17 -30 -45 -57 -63 -61 -53 -43 -32 -21 -8 5 18 29 40 50 57 61 58 49 37 23 9 -3 -12 -21 -31 -43 -56 -63 -62 -52 -40 -29 -19 -9 2 14 26 37 48 58 63 61 51 36 21 9 -1 -10 -20 -31 -45 -57 -63 -62 -53 -41 -30 -19 -8 4 16 27 38 48 57 63 62 52 36 19 5 -3 -9 -17 -29 -44 -57 -63 -61 -53 -42 -31 -20 -8 4 15 26 37 48 58 63 61 52 38 21 7 -3 -10 -18 -29 -44 -58 -65 -62 -52 -41 -30 -20 -9 4 16 28 38 49 58 62 60 51 37 22 7 -4 -12 -19 -29 -43 -57 -64 -62 -52 -39 -28 -19 -10 291 3986 304 15603
56 62 62 55 42 26 11 0 -8 -17 -29 -44 -57 -64 -62 -54 -42 -31 -21 -11 0 12 24 37 48 56 62 62 55 42 25 8 -4 -11 -17 -26 -39 -53 -63 -63 -56 -45 -33 -21 -9 3 15 26 36 46 56 63 63 54 38 21 8 0 -5 -12 -26 -44 -61 -69 -65 -54 -41 -30 -19 -8 3 14 24 35 46 56 63 62 53 39 22 8 -2 -9 -16 -27 -42 -56 -64 -63 -55 -43 -33 -23 -11 2 16 28 38 47 56 62 62 52 36 20 8 -1 -8 -17 -28 -41 -54 -62 -63 -55 -42 -29 -18 -9 1 12 24 35 46 55 61 62 55 40 23 9 -1 -9 -18 -30 -44 -57 -63 -62 -54 -42 -30 -19 -8 3 15 26 37 46 54 60 60 53 40 24 10 -1 -9 -18 -29 -43 -55 -63 -62 -55 -43 -32 -21 -10 1 13 27 40 51 58 61 59 51 39 24 9 -3 -12 -18 -27 -39 -53 -64 -64 -56 -43 -30 -20 -10 1 14 25 36 46 55 63 64 56 40 23 8 -2 -9 -17 -28 -43 -58 -66 -65 -54 -41 -30 -21 -11 1 15 28 39 49 57 63 62 52 36 19 7 -2 -8 -16 -28 -42 -55 -64 -64 -56 -44 -31 -20 -9 2 15 27 39 50 58 63 61 53 38 22 7 297 2217 304 15603
61 64 59 47 31 15 3 -5 -11 -19 -33 -48 -61 -66 -62 -51 -38 -26 -15 -5 7 19 31 43 52 59 62 58 48 33 17 4 -5 -11 -20 -34 -49 -62 -66 -61 -50 -38 -27 -16 -5 6 19 31 43 53 60 62 58 47 32 17 4 -5 -11 -19 -30 -46 -60 -68 -67 -57 -42 -27 -13 -2 8 19 30 43 54 63 65 60 48 32 16 3 -6 -13 -21 -33 -48 -60 -66 -62 -51 -39 -28 -17 -5 7 20 32 42 51 60 63 60 49 33 18 5 -4 -12 -23 -35 -48 -59 -63 -61 -54 -42 -28 -15 -3 8 18 29 40 51 60 64 62 51 35 16 2 -7 -13 -20 -33 -49 -61 -65 -60 -49 -37 -27 -17 -6 7 19 31 43 54 62 62 57 46 32 17 3 -8 -16 -23 -33 -45 -57 -62 -60 -50 -39 -27 -16 -4 8 19 29 39 49 58 63 59 48 32 16 4 -4 -11 -20 -33 -47 -58 -62 -59 -51 -41 -31 -20 -6 7 20 30 40 51 60 64 60 48 32 16 4 -5 -12 -20 -32 -45 -57 -62 -61 -53 -41 -28 -16 -5 6 17 28 40 50 58 62 59 49 35 20 8 -1 -10 -21 -35 -50 -60 -63 -60 -52 -41 -29 -16 -3 7 17 28 40 53 62 65 60 48 32 17 4 301 14255 304 15603
63 63 55 42 25 10 -3 -12 -19 -29 -42 -55 -63 -63 -55 -44 -32 -21 -9 4 16 27 36 45 54 62 63 55 40 23 9 -1 -8 -16 -27 -41 -55 -63 -63 -57 -46 -34 -22 -10 2 14 26 37 48 58 63 61 53 41 26 12 0 -9 -17 -26 -38 -52 -65 -70 -64 -49 -32 -18 -6 4 15 26 36 46 56 63 63 55 40 23 8 -1 -8 -15 -27 -42 -56 -64 -63 -56 -45 -33 -22 -10 2 14 26 37 47 55 60 60 54 42 25 9 -3 -10 -16 -25 -40 -55 -64 -63 -55 -44 -33 -23 -10 4 16 26 34 43 54 62 63 54 39 24 10 -1 -10 -18 -28 -40 -53 -61 -63 -55 -44 -32 -20 -9 3 15 25 34 44 54 61 62 54 39 23 9 -1 -9 -17 -28 -41 -53 -61 -61 -55 -44 -31 -18 -7 3 11 20 31 44 55 61 59 51 40 28 14 1 -10 -19 -27 -38 -51 -62 -64 -57 -44 -31 -21 -12 -1 12 26 37 46 55 61 63 56 42 24 9 -2 -9 -15 -25 -39 -54 -64 -64 -56 -43 -31 -22 -12 -1 12 25 36 46 55 61 62 55 42 26 12 1 -9 -18 -30 -42 -55 -62 -63 -56 -44 -31 -21 -11 -1 11 25 37 48 55 60 60 54 42 25 10 -2 1 15648 304 15619
59 62 58 47 31 16 4 -4 -11 -21 -33 -48 -59 -64 -60 -51 -40 -28 -16 -3 9 21 31 41 51 59 62 58 47 32 17 4 -4 -12 -21 -34 -48 -59 -64 -61 -50 -38 -26 -15 -5 6 18 30 42 51 58 62 59 49 33 15 2 -5 -9 -17 -32 -51 -65 -68 -60 -47 -35 -26 -17 -5 7 19 30 41 53 62 65 59 45 29 14 4 -3 -10 -22 -36 -50 -59 -61 -58 -50 -39 -28 -16 -4 7 19 30 41 51 58 62 59 50 35 18 4 -6 -12 -20 -33 -48 -61 -66 -61 -50 -38 -26 -16 -5 6 19 32 43 52 59 62 59 48 32 15 2 -6 -12 -20 -33 -48 -58 -62 -58 -50 -39 -27 -15 -4 5 14 25 39 53 64 67 61 48 32 17 4 -6 -14 -23 -35 -49 -59 -63 -58 -48 -38 -28 -18 -7 6 19 31 43 53 60 64 59 48 31 16 4 -4 -11 -21 -34 -49 -61 -65 -61 -51 -39 -26 -15 -3 7 18 29 41 53 61 64 59 47 31 17 5 -5 -13 -22 -34 -47 -58 -63 -61 -51 -39 -28 -17 -6 7 21 34 44 52 58 61 59 48 32 16 3 -4 -11 -21 -36 -51 -60 -63 -59 -50 -39 -27 -15 -4 7 18 30 43 54 60 61 56 47 33 18 4 6 15476 304 15619
59 62 60 51 38 22 8 -3 -10 -18 -29 -44 -58 -65 -63 -53 -41 -29 -20 -10 2 16 29 40 50 57 61 60 52 38 20 5 -4 -10 -17 -29 -44 -58 -65 -62 -51 -39 -27 -18 -8 2 14 26 37 48 56 61 60 51 35 17 4 -1 -3 -9 -22 -42 -59 -68 -65 -56 -44 -32 -20 -8 4 15 26 37 49 58 63 61 52 38 22 8 -2 -10 -18 -29 -44 -58 -65 -62 -52 -40 -30 -21 -10 3 16 28 38 48 57 63 61 51 36 20 8 0 -9 -19 -32 -45 -56 -62 -61 -54 -42 -30 -19 -9 2 14 26 38 49 57 63 62 53 38 20 6 -3 -9 -18 -31 -45 -57 -62 -61 -54 -44 -32 -19 -6 6 16 26 37 49 58 63 60 51 37 21 7 -4 -12 -20 -29 -42 -54 -62 -61 -54 -43 -32 -21 -9 4 17 27 37 48 57 63 62 53 38 21 7 -3 -11 -19 -30 -44 -57 -64 -62 -54 -42 -30 -19 -8 3 15 27 39 50 58 63 60 51 37 20 6 -3 -10 -17 -28 -43 -58 -66 -64 -53 -41 -29 -19 -8 5 18 28 37 46 55 62 62 53 38 21 7 -2 -9 -17 -30 -45 -58 -64 -62 -53 -41 -30 -19 -8 4 16 27 37 47 56 62 61 53 39 22 7 12 9020 304 15619
62 63 57 46 32 19 6 -4 -13 -23 -35 -49 -60 -64 -59 -49 -36 -25 -15 -5 6 16 27 38 50 59 64 61 50 33 16 3 -5 -10 -19 -32 -48 -60 -64 -60 -51 -40 -29 -18 -6 6 18 30 42 54 62 64 59 48 33 17 3 -6 -12 -20 -32 -47 -62 -68 -63 -50 -36 -25 -16 -6 6 20 32 42 51 58 61 58 48 33 17 5 -4 -13 -22 -35 -48 -58 -62 -58 -50 -39 -28 -16 -4 8 19 30 41 51 58 60 57 48 34 18 4 -5 -11 -18 -30 -46 -60 -67 -62 -51 -38 -27 -17 -6 5 18 30 41 52 59 62 57 47 33 20 8 -2 -11 -21 -34 -48 -60 -65 -62 -52 -40 -28 -16 -4 7 19 29 39 50 60 64 61 50 33 17 4 -5 -12 -21 -34 -49 -60 -63 -59 -49 -38 -28 -17 -7 3 13 26 42 58 68 69 59 44 29 16 5 -5 -13 -22 -33 -47 -59 -65 -61 -51 -39 -28 -18 -6 7 20 31 41 52 61 65 61 48 31 16 3 -6 -13 -22 -34 -48 -59 -64 -60 -50 -38 -27 -17 -6 7 19 31 41 50 59 63 60 49 33 17 4 -5 -13 -22 -34 -49 -61 -65 -59 -48 -36 -26 -17 -7 6 20 32 42 50 56 61 59 50 35 18 4 16 10508 304 15619
56 61 62 55 40 22 7 -2 -8 -16 -28 -43 -56 -63 -62 -54 -44 -32 -21 -10 2 13 25 37 48 57 62 61 54 41 24 8 -5 -13 -19 -27 -40 -54 -62 -61 -53 -41 -31 -21 -11 0 12 25 37 47 56 60 60 53 40 24 8 -2 -7 -12 -24 -42 -59 -68 -65 -54 -42 -31 -22 -10 2 14 24 34 45 58 65 64 54 39 23 9 -1 -10 -18 -29 -42 -55 -62 -63 -55 -44 -32 -20 -9 3 14 25 36 46 55 61 62 55 41 24 8 -2 -9 -16 -27 -43 -57 -65 -63 -54 -43 -32 -21 -9 4 14 24 35 47 59 64 60 50 36 22 10 1 -8 -16 -28 -41 -55 -64 -63 -54 -42 -30 -21 -11 0 12 25 37 48 56 62 61 52 39 23 10 0 -8 -16 -27 -41 -55 -64 -64 -56 -43 -30 -19 -9 0 11 23 35 47 57 63 63 54 39 23 8 -2 -9 -16 -27 -41 -55 -63 -63 -55 -43 -31 -21 -11 -1 11 23 36 48 58 64 64 55 40 22 7 -2 -9 -16 -27 -41 -55 -64 -64 -57 -45 -33 -21 -9 2 13 24 37 50 60 64 61 50 37 23 10 1 -8 -17 -29 -43 -56 -64 -63 -55 -43 -31 -20 -9 1 13 25 37 48 56 60 60 53 40 25 10 21 14111 304 15619
58 61 58 48 32 16 4 -5 -13 -22 -35 -50 -60 -64 -59 -49 -38 -27 -15 -3 9 22 33 43 50 56 58 56 48 34 17 3 -6 -12 -20 -32 -47 -60 -64 -60 -51 -40 -28 -15 -2 10 20 30 40 51 60 64 59 48 32 15 0 -10 -14 -18 -27 -43 -60 -69 -65 -52 -37 -24 -13 -3 8 19 30 40 51 59 63 58 48 33 18 4 -6 -15 -23 -35 -48 -58 -62 -58 -49 -39 -28 -17 -6 6 18 30 43 55 62 63 58 47 33 18 4 -7 -15 -22 -33 -48 -62 -68 -63 -49 -35 -24 -14 -5 7 19 31 41 51 60 65 60 48 30 14 2 -5 -11 -21 -34 -50 -61 -65 -60 -49 -37 -27 -16 -5 8 20 32 43 53 60 63 58 45 30 15 4 -4 -12 -22 -35 -50 -60 -64 -59 -49 -37 -25 -14 -4 7 18 29 40 51 59 63 60 50 34 18 3 -8 -15 -23 -35 -48 -59 -64 -60 -50 -38 -25 -14 -3 8 19 30 41 51 58 61 57 47 32 17 5 -4 -11 -21 -35 -51 -61 -64 -58 -47 -36 -26 -17 -6 5 18 30 42 53 61 64 59 48 32 16 3 -6 -12 -21 -34 -50 -63 -67 -60 -48 -35 -25 -16 -6 7 20 31 41 50 59 64 61 48 31 15 3 26 11390 304 15619
55 61 62 55 41 25 9 -2 -11 -18 -28 -40 -53 -61 -62 -55 -44 -32 -20 -10 1 12 23 33 44 54 61 62 56 43 26 11 -1 -9 -16 -26 -40 -54 -63 -64 -57 -46 -33 -21 -10 1 12 25 37 48 56 61 61 54 42 24 8 -3 -8 -12 -22 -40 -59 -69 -65 -53 -41 -31 -23 -13 1 15 26 36 47 57 62 61 52 39 24 11 0 -9 -17 -27 -39 -53 -62 -64 -57 -45 -33 -23 -13 -1 13 27 39 49 57 62 63 55 40 23 8 -2 -8 -15 -26 -41 -55 -63 -62 -54 -44 -34 -25 -14 0 14 26 37 47 57 64 64 55 40 24 11 1 -8 -18 -31 -44 -55 -61 -62 -57 -47 -34 -20 -8 3 13 23 35 47 57 62 62 54 40 24 10 0 -5 -13 -25 -42 -58 -67 -66 -56 -44 -32 -21 -9 3 14 24 35 46 56 63 62 54 41 25 10 -2 -9 -16 -26 -40 -54 -64 -64 -57 -46 -34 -22 -10 2 14 24 35 47 58 63 62 53 40 25 11 -1 -10 -19 -29 -41 -54 -63 -63 -55 -43 -31 -21 -11 0 12 25 37 48 56 61 60 53 40 25 10 -1 -10 -17 -26 -39 -52 -62 -64 -57 -45 -32 -21 -11 0 12 24 37 48 57 62 60 53 39 24 10 31 7693 304 15619
60 64 60 49 33 17 3 -7 -13 -21 -33 -48 -60 -65 -61 -50 -38 -26 -15 -3 8 18 28 40 52 61 65 60 47 31 16 4 -5 -13 -23 -36 -50 -60 -62 -56 -47 -36 -26 -16 -6 6 17 29 41 51 58 60 58 50 36 19 2 -8 -13 -18 -28 -45 -62 -69 -64 -51 -37 -26 -16 -4 9 21 31 40 50 59 63 58 47 32 19 7 -3 -13 -24 -37 -50 -60 -63 -58 -48 -38 -28 -18 -6 8 20 32 42 52 60 63 59 48 32 16 3 -6 -14 -22 -34 -48 -60 -64 -59 -48 -36 -26 -18 -7 5 19 32 42 52 59 63 60 49 33 16 2 -6 -13 -21 -35 -50 -62 -65 -59 -48 -36 -26 -16 -4 9 21 31 40 49 58 61 58 47 31 16 4 -3 -10 -20 -33 -48 -59 -64 -60 -51 -39 -27 -16 -5 6 18 30 42 53 60 63 58 46 31 17 5 -3 -11 -21 -35 -50 -60 -64 -60 -51 -39 -26 -14 -3 7 18 29 41 51 59 62 58 48 34 18 4 -5 -13 -21 -34 -48 -60 -64 -60 -50 -39 -29 -18 -5 9 22 33 42 52 59 62 58 46 30 14 3 -4 -11 -20 -32 -46 -58 -64 -62 -53 -39 -26 -15 -5 6 18 31 43 52 58 61 58 49 35 19 4 36 8372 304 15619
57 60 59 51 37 20 6 -3 -10 -18 -31 -47 -59 -63 -59 -50 -40 -31 -21 -9 5 17 28 38 49 58 62 60 51 36 20 7 -3 -10 -17 -28 -42 -56 -64 -63 -55 -43 -31 -21 -10 1 15 28 40 51 58 63 62 54 39 22 9 1 -6 -18 -36 -55 -67 -68 -60 -49 -39 -29 -19 -7 6 18 29 40 50 58 62 60 51 36 19 4 -5 -12 -19 -29 -43 -56 -63 -61 -53 -42 -30 -19 -8 4 16 28 39 49 58 63 61 51 37 20 7 -3 -10 -19 -31 -45 -58 -64 -62 -53 -42 -30 -18 -6 5 16 27 38 48 56 61 60 53 39 22 7 -4 -12 -20 -31 -45 -58 -64 -61 -52 -41 -30 -19 -7 5 17 27 37 48 58 63 60 50 35 19 7 -1 -8 -17 -30 -45 -58 -65 -63 -54 -42 -29 -18 -7 4 16 28 40 49 57 61 59 51 37 20 6 -4 -10 -18 -30 -45 -58 -63 -59 -50 -41 -32 -21 -9 5 17 27 38 49 59 63 60 50 36 21 7 -3 -11 -18 -29 -44 -59 -66 -62 -50 -36 -27 -21 -13 1 17 31 41 49 56 61 60 51 36 19 6 -3 -11 -19 -30 -43 -54 -61 -60 -53 -42 -30 -19 -8 3 14 25 38 50 59 64 61 51 37 21 7 42 5141 304 15619
-64 -58 -47 -34 -21 -10 0 11 22 34 46 56 62 62 55 43 27 11 -1 -10 -18 -26 -38 -51 -61 -63 -58 -47 -34 -22 -11 0 11 23 35 45 54 60 61 55 43 27 12 0 -7 -14 -23 -36 -52 -63 -66 -60 -48 -36 -24 -13 -1 11 22 33 45 57 66 68 60 45 27 12 1 -8 -17 -30 -45 -58 -65 -65 -57 -45 -33 -21 -10 1 13 25 36 46 55 61 62 56 44 28 13 0 -9 -18 -29 -42 -55 -62 -62 -55 -44 -33 -22 -11 -1 9 21 34 47 58 63 61 52 39 26 14 3 -6 -15 -26 -38 -51 -61 -64 -59 -48 -35 -23 -12 -1 10 22 34 44 53 60 63 57 45 28 12 1 -7 -14 -25 -39 -53 -63 -65 -59 -47 -35 -23 -13 -2 10 22 35 46 55 61 62 57 44 27 11 -1 -8 -15 -25 -38 -52 -62 -63 -57 -46 -35 -24 -13 -3 8 20 33 46 57 64 64 56 43 27 12 1 -6 -12 -22 -37 -53 -63 -64 -57 -46 -35 -25 -14 -2 10 21 32 43 55 62 64 57 44 29 15 3 -6 -15 -26 -40 -54 -63 -63 -56 -45 -34 -24 -14 -3 9 22 33 45 56 64 64 57 42 25 10 -1 -8 -14 -24 -37 -52 -62 -63 -56 -44 -33 -24 -14 -2 47 7908 304 15619
59 63 60 49 34 18 6 -4 -12 -21 -32 -46 -57 -64 -62 -53 -40 -27 -16 -5 5 16 28 41 52 59 62 58 48 34 18 6 -3 -9 -18 -32 -48 -61 -66 -61 -51 -40 -28 -16 -4 7 17 27 39 50 59 62 60 50 36 20 6 -4 -10 -17 -31 -49 -63 -68 -62 -51 -41 -33 -22 -6 12 27 37 44 51 58 61 56 45 31 17 6 -4 -12 -20 -31 -44 -57 -64 -62 -52 -39 -27 -17 -7 5 17 29 40 50 59 63 59 49 34 19 6 -3 -12 -21 -33 -46 -57 -62 -60 -52 -42 -30 -18 -5 6 18 28 40 51 60 63 60 49 34 19 6 -3 -11 -20 -33 -48 -60 -66 -62 -51 -39 -28 -18 -7 6 19 32 42 51 58 62 59 50 34 17 3 -6 -12 -19 -31 -46 -58 -63 -59 -50 -39 -28 -18 -7 5 17 29 41 51 59 62 59 49 35 19 5 -6 -13 -20 -31 -45 -57 -64 -61 -51 -38 -27 -17 -7 4 16 28 40 50 58 62 60 51 36 19 5 -5 -12 -19 -31 -45 -58 -64 -61 -51 -40 -29 -18 -7 5 16 28 40 52 61 64 59 47 33 19 8 -1 -10 -20 -34 -48 -60 -65 -61 -51 -39 -28 -19 -8 4 18 31 42 51 59 62 59 49 35 19 5 52 8298 304 15619
-63 -62 -54 -44 -33 -22 -11 1 11 22 33 45 56 62 62 54 42 27 12 1 -8 -16 -26 -40 -54 -63 -64 -56 -45 -34 -24 -13 0 13 25 35 46 56 63 63 54 41 26 12 2 -7 -17 -28 -41 -53 -61 -63 -57 -46 -34 -22 -11 -2 7 18 32 48 64 72 70 57 39 21 7 -2 -9 -16 -27 -41 -54 -64 -65 -57 -44 -31 -21 -12 -2 11 25 38 48 57 62 62 55 41 24 9 -1 -8 -15 -26 -41 -55 -63 -63 -55 -45 -34 -23 -12 -1 11 24 36 48 59 64 63 54 39 23 9 -1 -9 -16 -26 -39 -53 -61 -62 -56 -46 -34 -22 -11 0 12 24 36 47 57 62 61 53 41 26 12 1 -8 -17 -28 -41 -54 -62 -62 -56 -45 -33 -21 -11 -1 10 23 36 49 57 62 61 54 42 26 10 -3 -11 -17 -26 -39 -53 -62 -63 -56 -45 -33 -21 -9 2 12 22 34 47 57 62 61 53 41 25 9 -3 -10 -14 -22 -36 -52 -62 -63 -55 -44 -34 -26 -15 -2 12 24 35 45 56 63 63 56 42 26 11 0 -8 -16 -27 -41 -54 -63 -64 -58 -46 -32 -20 -10 0 10 23 36 48 57 63 63 56 43 25 8 -4 -11 -16 -26 -40 -55 -63 -62 -54 -43 -32 -21 -11 57 11565 304 15619
59 62 58 49 36 20 5 -7 -14 -21 -31 -45 -58 -65 -61 -50 -38 -27 -18 -8 5 18 30 40 50 58 62 59 49 35 20 6 -4 -12 -20 -32 -47 -59 -64 -60 -50 -38 -28 -18 -8 3 16 29 41 52 60 62 57 48 35 22 8 -3 -12 -19 -29 -44 -59 -69 -67 -56 -41 -28 -17 -5 7 19 31 42 53 62 66 61 48 31 15 4 -4 -11 -20 -33 -47 -59 -65 -62 -52 -39 -27 -16 -5 7 18 28 38 48 58 63 61 51 35 19 4 -6 -13 -21 -32 -46 -58 -65 -61 -51 -38 -26 -17 -7 4 17 29 41 51 58 61 58 50 36 21 7 -4 -12 -21 -33 -48 -61 -66 -61 -50 -38 -26 -17 -7 5 17 29 40 51 60 63 60 50 34 18 4 -5 -11 -19 -31 -48 -61 -66 -61 -50 -38 -29 -19 -7 6 19 31 41 51 60 63 60 49 33 18 5 -5 -12 -21 -32 -46 -59 -65 -62 -52 -39 -27 -16 -6 6 18 30 42 51 59 62 59 49 33 17 4 -5 -11 -19 -32 -48 -61 -65 -60 -49 -36 -26 -17 -8 4 18 31 41 50 57 61 59 50 34 16 3 -5 -10 -17 -29 -46 -60 -66 -62 -51 -39 -27 -16 -6 5 17 29 40 50 58 62 59 49 35 19 6 62 7255 304 15619
-61 -62 -56 -45 -33 -22 -11 0 11 24 36 48 57 62 62 54 41 24 9 -2 -9 -16 -27 -41 -55 -63 -63 -56 -45 -33 -21 -9 3 13 23 34 45 57 64 63 54 40 23 10 0 -7 -15 -27 -42 -56 -64 -62 -54 -44 -34 -23 -10 2 13 22 33 47 61 69 66 54 38 22 8 -3 -11 -19 -28 -40 -53 -62 -63 -54 -41 -30 -21 -13 -1 12 24 35 45 55 62 63 56 42 26 10 -1 -10 -17 -27 -40 -54 -64 -66 -57 -44 -31 -20 -10 0 12 24 36 47 57 63 63 54 39 23 10 1 -6 -15 -28 -43 -56 -63 -64 -57 -45 -32 -21 -10 1 13 25 37 47 55 60 62 56 43 25 9 -1 -8 -15 -27 -42 -57 -65 -65 -57 -45 -32 -20 -9 1 13 25 38 48 55 59 61 56 44 25 7 -5 -10 -15 -24 -40 -56 -64 -62 -54 -44 -33 -21 -9 2 11 21 34 47 59 64 63 54 41 25 10 -1 -9 -17 -29 -43 -56 -63 -61 -53 -44 -33 -23 -10 2 14 24 35 47 57 62 61 54 41 26 11 -2 -11 -18 -27 -40 -54 -64 -65 -57 -44 -31 -20 -9 1 13 25 37 47 56 61 60 53 39 24 10 -1 -8 -15 -26 -40 -55 -63 -64 -56 -44 -31 -20 -10 67 10521 304 15619
57 62 61 52 36 18 3 -6 -13 -21 -33 -48 -60 -65 -61 -50 -37 -25 -15 -6 4 17 30 42 52 59 61 58 49 35 18 4 -5 -13 -21 -34 -48 -59 -63 -59 -50 -39 -28 -17 -6 5 17 30 42 53 60 62 59 50 35 17 2 -7 -12 -18 -30 -46 -61 -68 -63 -51 -37 -25 -15 -5 5 17 30 42 53 60 62 58 48 33 17 3 -6 -12 -19 -31 -46 -59 -65 -61 -51 -38 -27 -16 -7 4 17 30 42 53 60 62 58 48 34 18 5 -4 -11 -20 -32 -47 -60 -65 -62 -52 -40 -27 -15 -4 7 18 29 40 51 59 63 60 49 33 17 3 -6 -12 -20 -33 -48 -60 -64 -59 -49 -37 -26 -16 -6 6 17 29 39 50 58 63 61 51 36 18 2 -8 -13 -19 -30 -45 -59 -66 -61 -50 -37 -27 -19 -8 4 18 31 41 50 58 62 59 50 35 20 7 -3 -12 -22 -34 -49 -60 -65 -62 -52 -40 -30 -19 -6 9 23 34 42 50 57 63 62 51 34 16 3 -6 -13 -23 -35 -49 -59 -63 -60 -51 -38 -25 -14 -4 6 17 30 42 52 58 61 59 49 33 16 2 -6 -12 -20 -33 -49 -60 -63 -57 -47 -37 -28 -18 -6 6 18 29 40 50 59 62 58 48 33 18 5 72 9712 304 15619
-64 -63 -54 -41 -30 -19 -10 1 13 25 37 48 57 62 61 53 39 23 8 -2 -9 -16 -27 -42 -56 -63 -62 -53 -42 -31 -21 -11 1 12 24 37 48 58 62 61 53 40 25 10 -1 -10 -18 -29 -43 -56 -64 -63 -55 -44 -31 -19 -9 0 9 21 37 53 65 68 62 50 36 22 8 -3 -11 -18 -27 -41 -55 -64 -63 -54 -43 -32 -22 -11 3 16 28 38 47 56 61 61 53 39 22 7 -3 -10 -16 -26 -40 -55 -64 -63 -55 -43 -31 -21 -11 1 14 26 37 46 56 62 63 55 40 23 8 -1 -8 -16 -28 -44 -57 -64 -63 -55 -43 -30 -18 -8 2 12 23 36 48 58 63 61 53 39 23 9 -2 -10 -18 -29 -43 -55 -62 -61 -54 -43 -32 -21 -9 3 15 26 36 46 55 61 60 54 41 25 10 -2 -10 -17 -28 -42 -56 -65 -64 -54 -41 -29 -20 -11 0 13 27 38 48 56 62 63 56 41 21 5 -5 -10 -16 -27 -42 -56 -62 -61 -53 -43 -32 -22 -10 2 14 25 36 47 57 62 61 53 40 24 9 -2 -10 -18 -28 -42 -56 -64 -63 -54 -42 -30 -20 -10 2 14 26 36 46 56 63 63 55 39 22 7 -3 -11 -19 -29 -42 -54 -61 -62 -55 -43 -30 -19 -10 77 14153 304 15619
-65 -58 -47 -34 -25 -16 -6 7 22 35 44 52 58 62 60 49 31 13 1 -7 -14 -23 -37 -51 -61 -63 -58 -48 -37 -26 -14 -3 9 21 33 44 54 60 61 56 44 29 14 2 -5 -11 -21 -34 -50 -61 -63 -59 -49 -38 -25 -13 -2 7 16 26 40 54 66 69 62 47 29 13 1 -7 -13 -23 -36 -51 -61 -64 -58 -48 -37 -27 -16 -4 8 20 32 45 56 63 64 57 45 30 14 2 -6 -13 -23 -37 -52 -62 -64 -58 -47 -36 -25 -13 -2 10 21 31 42 52 59 60 56 46 32 18 5 -6 -14 -23 -36 -51 -62 -66 -60 -49 -36 -24 -14 -2 10 22 32 42 51 59 62 57 47 32 17 4 -7 -16 -26 -38 -50 -59 -63 -59 -49 -36 -23 -12 -2 8 19 31 43 53 60 62 57 46 31 16 3 -6 -13 -23 -37 -51 -62 -64 -58 -48 -37 -26 -16 -4 9 22 34 44 54 61 63 57 45 29 13 2 -6 -13 -23 -36 -50 -60 -63 -58 -48 -36 -24 -13 -2 9 20 31 41 51 59 63 59 48 31 15 2 -7 -14 -24 -37 -50 -60 -63 -58 -48 -36 -25 -14 -4 8 20 33 44 53 59 60 56 46 31 15 3 -5 -12 -22 -36 -51 -62 -64 -59 -49 -37 -26 -14 -3 83 73 304 15619
56 63 63 55 39 21 7 -2 -7 -14 -25 -42 -57 -65 -63 -54 -43 -32 -22 -11 2 15 26 36 46 55 62 62 53 39 23 10 1 -6 -15 -27 -42 -55 -63 -62 -55 -45 -33 -22 -10 1 12 23 36 48 58 63 61 53 40 25 11 0 -7 -15 -26 -42 -58 -68 -67 -57 -43 -31 -20 -9 3 15 27 37 47 56 61 60 52 39 24 10 -1 -9 -15 -25 -40 -55 -65 -65 -56 -44 -32 -22 -12 0 14 27 38 47 56 62 62 54 40 23 9 -1 -8 -16 -28 -43 -57 -65 -64 -55 -44 -32 -21 -9 3 15 26 37 47 56 61 60 53 40 24 10 -1 -10 -18 -28 -40 -54 -63 -63 -56 -43 -30 -20 -10 1 13 25 36 45 54 61 63 57 42 24 7 -4 -9 -16 -26 -41 -55 -62 -62 -55 -45 -33 -21 -9 2 13 23 35 46 56 62 62 54 41 24 9 -2 -10 -16 -25 -39 -54 -64 -65 -57 -44 -31 -19 -9 2 13 24 35 46 55 61 62 55 41 24 9 -2 -9 -16 -27 -42 -55 -63 -62 -54 -43 -33 -23 -11 2 14 26 36 45 54 60 62 56 42 25 9 -2 -9 -16 -26 -42 -56 -65 -63 -54 -42 -32 -23 -13 0 13 26 37 48 57 63 63 54 40 23 9 87 10697 304 15619
-60 -62 -58 -48 -37 -25 -13 -1 11 22 34 47 57 63 62 54 41 26 13 2 -7 -15 -26 -38 -51 -61 -64 -59 -48 -35 -22 -11 0 10 21 33 45 56 62 63 57 44 27 10 -1 -8 -14 -23 -36 -51 -61 -63 -58 -49 -37 -25 -13 -3 8 19 33 49 62 68 66 56 41 25 10 -2 -10 -17 -26 -39 -52 -61 -62 -55 -44 -34 -24 -13 -2 9 20 32 45 57 64 64 56 43 27 12 0 -9 -17 -26 -39 -52 -62 -64 -57 -46 -34 -22 -11 0 11 22 34 46 55 60 60 54 43 28 13 0 -9 -16 -24 -36 -51 -63 -65 -57 -45 -32 -22 -13 -2 10 23 34 44 54 62 63 55 41 24 11 2 -4 -11 -23 -38 -53 -64 -65 -59 -47 -34 -23 -13 -2 10 24 37 47 55 59 60 55 43 27 11 0 -6 -13 -23 -38 -53 -63 -63 -57 -47 -35 -24 -13 -1 10 22 34 45 55 62 64 57 44 26 10 -1 -7 -14 -25 -40 -55 -63 -63 -55 -45 -34 -24 -13 -1 11 23 34 45 55 62 63 56 42 26 11 0 -7 -14 -25 -39 -53 -62 -63 -57 -45 -33 -22 -12 -1 10 21 32 43 54 62 64 58 44 26 10 -1 -7 -14 -25 -39 -53 -61 -60 -54 -46 -36 -25 -13 93 7029 304 15619
60 65 61 50 35 19 5 -5 -13 -21 -32 -45 -57 -64 -62 -52 -40 -28 -17 -7 5 17 29 40 51 59 64 62 51 35 18 3 -6 -14 -22 -34 -47 -56 -59 -56 -49 -41 -32 -21 -7 7 19 29 39 51 60 65 60 49 33 18 5 -4 -12 -21 -33 -48 -61 -68 -64 -50 -34 -20 -11 -4 3 14 27 39 49 56 59 58 50 37 21 6 -4 -12 -21 -33 -46 -58 -63 -59 -50 -39 -28 -19 -8 4 17 29 41 51 58 62 60 50 35 19 5 -4 -11 -20 -32 -47 -60 -65 -61 -51 -38 -28 -18 -8 5 18 30 41 51 59 63 61 50 34 17 4 -4 -11 -20 -32 -47 -58 -63 -60 -52 -40 -28 -17 -6 5 16 28 39 50 59 63 61 50 35 18 4 -5 -11 -18 -30 -46 -59 -65 -62 -52 -39 -28 -18 -8 3 15 28 41 53 62 65 61 49 33 17 4 -4 -11 -20 -33 -48 -59 -63 -59 -50 -39 -29 -18 -7 5 17 29 40 51 59 63 59 49 35 19 6 -3 -11 -20 -33 -48 -60 -64 -60 -51 -39 -29 -18 -6 7 18 29 39 49 58 62 59 50 35 19 6 -4 -12 -20 -32 -47 -59 -63 -59 -50 -39 -28 -18 -7 5 17 28 38 49 59 63 60 50 36 20 6 98 11220 304 15619
62 62 55 42 27 12 2 -7 -16 -26 -39 -52 -60 -62 -58 -49 -36 -24 -12 0 11 22 34 46 56 63 63 56 43 26 10 -1 -9 -15 -25 -39 -53 -62 -63 -55 -45 -34 -23 -12 0 11 21 32 44 54 61 62 55 44 29 14 0 -9 -15 -22 -35 -51 -65 -68 -59 -45 -33 -24 -15 -3 12 26 37 45 52 59 62 57 44 27 12 1 -7 -15 -26 -40 -53 -62 -63 -56 -46 -34 -23 -12 -2 9 21 34 46 56 62 62 56 44 28 12 0 -8 -15 -24 -38 -52 -62 -63 -57 -47 -36 -25 -13 0 11 22 33 45 56 64 64 56 43 27 12 0 -8 -16 -25 -38 -52 -64 -66 -59 -46 -32 -22 -13 -2 10 24 35 45 54 60 63 57 44 26 10 -2 -8 -14 -24 -38 -52 -62 -64 -56 -45 -33 -23 -12 -1 10 21 32 44 55 63 64 58 44 27 10 -2 -9 -15 -24 -36 -50 -61 -65 -59 -47 -33 -20 -9 1 9 18 29 42 55 64 65 57 43 27 13 1 -9 -17 -26 -38 -51 -61 -64 -58 -46 -32 -21 -12 -2 10 22 34 45 54 62 63 56 41 24 10 0 -7 -14 -24 -38 -51 -60 -62 -57 -46 -34 -23 -14 -4 9 22 36 46 55 60 61 56 44 28 13 1 103 5799 304 15619
59 61 57 48 35 20 6 -5 -13 -21 -32 -46 -58 -63 -59 -49 -38 -29 -19 -8 4 17 28 40 51 60 63 59 48 34 21 8 -2 -12 -22 -33 -46 -58 -64 -61 -52 -39 -27 -16 -7 4 16 27 38 49 59 65 63 51 33 16 5 -1 -6 -16 -33 -53 -66 -68 -59 -47 -36 -28 -19 -8 6 19 30 41 50 58 61 57 48 34 20 8 -2 -10 -20 -33 -47 -59 -65 -62 -52 -40 -27 -16 -6 4 16 29 42 53 60 61 56 48 36 20 6 -5 -12 -19 -29 -45 -60 -66 -62 -51 -38 -27 -18 -7 5 17 28 39 51 61 65 61 49 33 18 5 -4 -12 -21 -33 -46 -57 -61 -59 -50 -40 -29 -19 -8 4 16 29 40 51 60 64 62 51 34 17 4 -4 -10 -19 -32 -47 -59 -64 -61 -52 -41 -29 -17 -6 6 17 29 41 52 59 61 57 49 37 22 7 -5 -13 -21 -32 -46 -59 -65 -62 -52 -39 -27 -16 -6 5 17 29 40 50 59 64 61 50 33 16 3 -4 -10 -19 -32 -47 -59 -65 -63 -52 -37 -23 -13 -6 1 13 27 42 53 59 61 58 51 38 21 4 -7 -15 -21 -31 -45 -57 -63 -61 -53 -42 -30 -18 -4 9 20 30 39 48 56 61 59 50 35 20 7 108 7777 304 15619
-64 -65 -57 -45 -34 -23 -12 0 13 26 37 47 56 62 61 53 40 24 10 0 -8 -15 -26 -40 -54 -62 -62 -55 -44 -33 -22 -12 0 12 24 35 46 55 60 60 53 41 27 13 2 -6 -15 -27 -41 -55 -63 -62 -56 -46 -35 -23 -11 1 11 21 32 47 61 68 65 52 37 23 12 2 -7 -17 -27 -39 -53 -63 -65 -59 -47 -34 -22 -11 1 13 24 35 46 57 63 63 55 41 24 10 0 -9 -17 -28 -41 -54 -63 -64 -58 -46 -32 -18 -6 4 12 21 32 44 55 63 63 55 41 25 11 0 -8 -16 -27 -41 -54 -62 -63 -57 -46 -34 -22 -11 1 13 25 37 47 55 60 61 55 42 25 10 -1 -9 -16 -27 -42 -56 -63 -61 -53 -43 -33 -22 -10 2 13 24 34 45 54 60 60 54 42 27 13 1 -8 -16 -27 -41 -55 -63 -64 -56 -45 -33 -22 -11 0 12 25 37 47 56 61 61 54 41 25 10 0 -7 -14 -26 -40 -55 -63 -63 -55 -44 -33 -22 -12 -1 12 24 36 46 55 61 63 57 42 23 8 -2 -7 -13 -25 -41 -55 -62 -61 -55 -46 -35 -23 -11 2 13 24 34 45 55 61 61 54 42 26 12 0 -8 -15 -25 -39 -54 -63 -64 -56 -44 -33 -22 -12 113 9093 304 15619
57 60 59 51 38 22 8 -2 -10 -21 -35 -50 -59 -60 -55 -48 -42 -34 -23 -8 7 19 29 39 49 59 64 61 50 34 18 4 -4 -10 -17 -29 -45 -59 -65 -60 -50 -38 -29 -19 -8 4 16 26 37 49 59 64 60 49 35 21 8 -3 -12 -19 -28 -42 -57 -68 -67 -55 -39 -26 -17 -8 4 17 30 40 49 57 63 61 51 35 19 6 -4 -12 -21 -32 -45 -56 -63 -61 -52 -40 -29 -18 -8 3 15 28 39 50 59 64 62 52 37 20 5 -6 -13 -21 -32 -45 -58 -65 -61 -50 -37 -26 -17 -9 2 14 27 39 50 58 62 60 51 36 20 6 -3 -10 -18 -30 -46 -59 -65 -62 -53 -41 -29 -18 -6 6 17 27 38 49 59 63 60 50 35 20 8 -2 -10 -19 -32 -47 -60 -64 -60 -51 -40 -30 -20 -8 6 19 30 39 49 58 63 59 48 33 18 7 -2 -9 -19 -32 -45 -56 -62 -60 -52 -41 -29 -18 -7 3 14 26 39 50 59 63 60 51 36 19 5 -5 -10 -17 -28 -43 -57 -64 -63 -54 -43 -31 -20 -8 4 16 28 41 53 61 64 59 49 35 19 6 -3 -10 -18 -30 -46 -59 -65 -61 -51 -40 -31 -21 -9 4 18 29 40 50 60 64 61 50 35 19 6 118 3459 304 15619
-63 -56 -45 -33 -22 -11 0 11 23 35 45 54 61 62 56 43 25 9 -2 -9 -15 -25 -38 -52 -60 -61 -54 -43 -32 -23 -14 -5 7 20 34 45 54 61 63 58 46 28 10 -2 -8 -13 -22 -37 -52 -62 -63 -57 -48 -38 -28 -15 -1 13 23 33 42 54 64 68 62 47 28 11 -2 -10 -17 -27 -41 -55 -64 -64 -56 -45 -33 -22 -13 -2 10 22 36 48 58 64 62 54 40 25 12 2 -7 -16 -27 -41 -54 -62 -62 -56 -45 -34 -23 -12 -1 11 23 35 46 56 62 62 55 41 26 11 0 -7 -15 -26 -39 -52 -61 -62 -56 -46 -34 -23 -13 -1 10 22 34 46 55 62 62 55 42 26 11 1 -7 -14 -26 -40 -54 -62 -62 -55 -44 -34 -24 -14 -2 10 23 35 45 54 60 61 57 46 29 12 -1 -10 -16 -24 -38 -53 -64 -65 -58 -46 -34 -23 -12 0 13 25 36 46 54 60 60 55 43 28 13 0 -9 -17 -26 -39 -53 -62 -63 -56 -45 -33 -23 -12 -1 10 22 34 46 56 62 62 55 43 28 12 0 -9 -17 -25 -38 -52 -62 -63 -57 -46 -36 -25 -14 -1 13 26 37 46 54 60 62 56 43 27 11 0 -8 -16 -26 -40 -53 -62 -62 -57 -47 -37 -25 -11 3 123 7126 304 15619
59 63 60 49 34 19 6 -4 -12 -21 -33 -47 -59 -63 -59 -49 -39 -29 -19 -7 6 18 28 39 50 58 62 59 50 36 21 7 -4 -13 -22 -33 -47 -59 -64 -60 -50 -38 -27 -18 -8 3 15 28 40 51 59 63 61 52 36 19 4 -5 -11 -18 -31 -48 -63 -68 -63 -50 -37 -26 -17 -6 6 18 29 40 50 59 62 59 49 34 18 5 -4 -10 -18 -31 -47 -60 -66 -62 -52 -40 -29 -18 -7 6 19 30 41 52 60 64 60 49 34 18 5 -6 -13 -21 -32 -46 -59 -65 -61 -50 -37 -27 -18 -8 4 18 30 41 51 59 63 60 50 35 19 5 -5 -13 -22 -34 -47 -58 -63 -60 -51 -40 -28 -17 -5 7 18 29 40 50 59 63 59 49 34 18 6 -3 -11 -21 -33 -47 -58 -63 -60 -52 -40 -29 -19 -8 5 19 32 43 52 58 60 58 50 36 19 4 -6 -12 -19 -30 -45 -60 -67 -64 -52 -38 -26 -17 -7 5 18 31 41 50 57 62 60 51 36 18 4 -5 -11 -19 -32 -48 -61 -65 -60 -49 -38 -29 -20 -8 6 20 31 41 50 58 63 60 50 35 19 5 -4 -12 -21 -33 -48 -60 -65 -61 -51 -39 -28 -19 -7 6 20 32 42 50 57 61 60 50 35 18 4 128 4416 304 15619
58 62 60 51 36 20 6 -4 -11 -20 -31 -45 -57 -63 -62 -53 -41 -28 -17 -8 3 15 28 41 51 59 62 60 51 37 20 5 -5 -11 -18 -30 -46 -59 -66 -62 -52 -39 -28 -17 -7 4 15 26 38 50 60 65 63 52 35 18 5 -4 -9 -17 -30 -47 -61 -68 -64 -53 -39 -26 -16 -6 5 17 29 41 52 59 62 59 50 36 21 6 -6 -15 -22 -32 -44 -57 -63 -61 -51 -38 -26 -17 -8 3 16 28 40 50 58 63 60 49 34 18 5 -3 -9 -17 -29 -44 -57 -64 -62 -53 -41 -29 -20 -10 2 16 30 43 53 60 63 60 50 35 18 5 -4 -11 -19 -32 -46 -58 -63 -60 -52 -41 -30 -18 -6 6 17 28 39 49 58 63 60 50 35 19 6 -3 -10 -18 -31 -46 -60 -66 -62 -52 -40 -29 -19 -8 5 18 30 41 50 58 62 60 50 35 19 5 -5 -12 -20 -31 -45 -57 -63 -61 -51 -39 -28 -19 -9 4 18 31 41 48 55 59 58 51 37 21 7 -3 -10 -18 -30 -44 -57 -63 -61 -53 -42 -31 -20 -8 5 19 30 40 49 58 63 61 50 35 19 6 -3 -10 -19 -31 -45 -57 -64 -62 -53 -41 -29 -18 -8 3 15 28 41 52 61 64 61 50 34 18 4 134 11685 304 15619
60 61 55 44 29 15 3 -7 -16 -25 -37 -50 -60 -63 -58 -47 -35 -23 -14 -4 8 20 32 44 54 61 63 58 46 30 14 1 -8 -15 -25 -38 -52 -62 -64 -58 -47 -35 -24 -13 -2 10 22 34 45 54 59 60 56 46 30 14 0 -8 -13 -20 -33 -50 -65 -70 -62 -47 -32 -21 -13 -3 8 22 34 46 55 61 62 56 44 28 12 0 -8 -15 -24 -36 -50 -60 -64 -59 -48 -35 -23 -12 -2 8 19 32 45 56 63 63 56 44 28 13 2 -6 -13 -23 -37 -53 -64 -65 -57 -45 -34 -25 -15 -4 10 24 35 45 53 60 62 57 45 29 13 1 -7 -14 -24 -38 -52 -62 -63 -57 -46 -34 -24 -14 -4 8 22 34 45 54 59 60 56 45 30 14 2 -7 -13 -22 -35 -51 -63 -66 -60 -48 -36 -25 -14 -2 11 22 32 43 54 63 65 57 44 29 16 6 -5 -18 -31 -42 -51 -59 -62 -59 -49 -34 -20 -10 -3 6 18 32 45 55 60 61 56 45 31 16 3 -6 -15 -26 -40 -53 -61 -62 -57 -47 -36 -24 -13 -3 9 21 34 45 55 61 62 57 44 29 13 1 -7 -15 -26 -39 -52 -61 -62 -56 -46 -35 -23 -13 -2 9 20 31 43 54 61 62 56 44 30 15 3 139 4239 304 15619
61 67 64 51 34 17 5 -3 -10 -20 -34 -49 -60 -65 -61 -50 -38 -27 -18 -8 3 16 30 41 51 59 63 60 51 36 19 4 -5 -12 -20 -32 -47 -59 -64 -60 -49 -37 -27 -18 -8 4 17 29 39 48 57 62 60 48 32 17 8 4 -2 -14 -32 -50 -63 -68 -63 -53 -41 -29 -18 -7 4 16 29 42 53 61 64 60 49 35 19 6 -4 -12 -21 -32 -46 -59 -65 -63 -54 -41 -29 -17 -5 8 20 31 41 50 58 62 59 49 33 17 4 -5 -12 -20 -31 -44 -56 -62 -61 -53 -41 -30 -19 -6 7 20 31 41 49 55 59 58 50 37 20 6 -3 -11 -19 -32 -47 -59 -64 -62 -53 -42 -30 -17 -5 7 18 29 40 51 60 63 59 48 34 19 6 -3 -11 -20 -32 -46 -59 -65 -62 -53 -39 -27 -16 -6 5 16 29 41 51 59 62 59 50 36 19 5 -4 -11 -21 -34 -49 -61 -64 -59 -50 -39 -28 -17 -4 8 19 30 40 50 58 61 58 49 35 19 3 -7 -13 -19 -30 -44 -58 -64 -60 -49 -37 -27 -18 -7 4 16 27 38 50 60 64 59 47 32 17 6 -3 -10 -19 -31 -45 -57 -62 -60 -52 -41 -30 -19 -8 4 18 31 42 51 58 62 61 52 35 16 0 144 14117 304 15619
58 62 59 50 37 21 8 -3 -12 -21 -33 -47 -59 -65 -61 -51 -38 -27 -17 -7 4 16 28 38 48 57 62 61 52 37 20 5 -5 -12 -19 -31 -46 -58 -64 -62 -53 -41 -29 -18 -6 6 17 29 40 50 58 62 59 50 36 20 5 -6 -12 -17 -27 -43 -59 -68 -64 -53 -39 -28 -18 -8 4 17 28 40 51 60 63 59 49 37 23 9 -5 -17 -27 -36 -45 -55 -61 -59 -49 -36 -27 -19 -11 2 16 30 40 49 57 62 60 50 35 20 7 -2 -11 -20 -32 -45 -58 -64 -62 -52 -40 -29 -19 -9 3 17 29 40 49 58 64 62 52 35 18 5 -3 -9 -19 -32 -47 -58 -64 -62 -53 -41 -29 -18 -7 5 17 29 41 50 58 62 60 52 37 20 6 -4 -11 -19 -32 -48 -61 -65 -61 -51 -40 -29 -18 -5 7 17 27 37 49 59 64 60 49 35 21 9 -1 -10 -20 -31 -46 -60 -68 -65 -53 -38 -27 -18 -10 3 17 32 43 52 59 63 61 51 34 17 3 -4 -9 -18 -31 -47 -60 -65 -61 -52 -41 -29 -17 -5 6 16 27 39 51 61 64 60 50 35 19 5 -6 -14 -22 -32 -45 -56 -63 -61 -52 -40 -29 -18 -7 5 18 29 40 49 57 62 61 52 36 18 4 151 3002 304 15619
58 62 61 52 36 18 3 -8 -15 -22 -33 -47 -59 -64 -61 -51 -39 -27 -15 -4 8 19 29 40 49 58 62 59 50 35 18 3 -7 -13 -20 -30 -45 -59 -66 -63 -51 -37 -25 -16 -7 4 17 30 42 53 60 63 59 49 35 18 4 -6 -13 -21 -33 -48 -62 -68 -62 -49 -35 -24 -15 -6 6 20 31 41 50 57 61 58 48 33 17 4 -5 -12 -20 -32 -46 -58 -63 -60 -51 -40 -29 -18 -5 7 19 29 40 52 62 65 59 47 32 17 5 -5 -14 -23 -33 -45 -57 -63 -61 -51 -38 -26 -17 -8 3 17 31 42 51 58 62 60 51 35 18 4 -6 -12 -21 -33 -48 -59 -63 -60 -51 -39 -28 -16 -5 7 19 30 40 49 56 61 60 52 37 20 4 -7 -14 -21 -33 -47 -58 -63 -59 -50 -39 -28 -17 -7 5 17 29 41 51 59 62 59 50 35 19 5 -5 -14 -23 -35 -47 -57 -62 -60 -52 -40 -28 -16 -5 6 17 29 41 51 59 62 59 50 35 18 4 -5 -11 -20 -33 -48 -60 -63 -59 -49 -39 -30 -20 -8 5 18 31 43 53 61 64 61 50 34 17 3 -7 -13 -22 -34 -48 -59 -63 -60 -50 -38 -27 -16 -6 5 18 30 42 52 59 61 58 48 33 17 3 154 12699 304 15619
55 62 62 55 41 25 11 1 -8 -19 -31 -45 -56 -62 -61 -54 -43 -31 -20 -10 0 11 23 36 47 56 61 62 55 42 25 9 -2 -9 -16 -27 -42 -55 -63 -63 -56 -45 -32 -20 -9 1 11 22 35 48 59 63 61 53 40 25 11 0 -7 -14 -25 -42 -59 -69 -68 -56 -42 -30 -20 -9 3 15 25 35 46 57 65 63 53 38 23 10 0 -10 -19 -28 -39 -51 -62 -66 -61 -47 -32 -19 -8 2 13 25 36 47 56 64 64 56 40 22 7 -2 -8 -17 -29 -44 -57 -64 -62 -54 -43 -31 -19 -8 3 14 23 33 44 55 63 64 55 40 23 9 -2 -10 -18 -28 -42 -55 -63 -63 -55 -43 -31 -21 -11 1 14 28 39 48 55 59 60 53 40 25 10 -1 -9 -17 -28 -41 -53 -62 -63 -57 -46 -33 -20 -9 2 13 24 36 47 56 63 63 56 42 25 9 -3 -11 -19 -29 -42 -55 -62 -62 -56 -44 -32 -20 -10 1 13 25 37 47 55 61 62 56 43 26 9 -3 -12 -19 -29 -42 -55 -62 -62 -55 -44 -33 -21 -9 2 13 24 36 48 57 62 61 53 40 25 10 -1 -10 -18 -29 -43 -57 -65 -62 -53 -41 -31 -21 -11 2 15 26 36 46 55 62 63 55 40 22 7 159 15303 304 15619
59 62 59 50 37 21 6 -5 -13 -22 -32 -46 -57 -63 -61 -53 -42 -30 -18 -6 6 18 30 41 51 59 63 59 48 34 19 7 -2 -11 -20 -31 -43 -55 -63 -64 -58 -47 -33 -18 -5 7 19 32 44 53 60 62 59 51 36 18 3 -6 -11 -18 -30 -47 -62 -68 -63 -51 -39 -28 -17 -6 6 18 29 39 50 60 64 61 49 33 18 6 -3 -10 -19 -32 -47 -60 -65 -63 -53 -40 -28 -16 -5 7 18 29 40 49 58 63 61 51 35 18 4 -5 -11 -20 -32 -48 -60 -65 -60 -51 -39 -29 -18 -7 6 18 29 40 50 60 64 61 50 33 17 5 -4 -12 -22 -35 -48 -58 -62 -60 -51 -39 -27 -16 -6 4 17 30 42 51 58 60 58 50 35 18 3 -6 -11 -18 -29 -45 -59 -66 -63 -53 -40 -27 -17 -7 5 19 31 41 49 56 62 62 52 34 14 0 -6 -9 -17 -31 -47 -59 -62 -58 -51 -41 -30 -17 -5 7 16 26 37 49 60 64 62 51 36 19 5 -5 -12 -20 -32 -47 -60 -64 -60 -51 -41 -31 -20 -7 7 21 32 41 51 59 63 60 49 34 17 4 -6 -13 -21 -32 -46 -58 -64 -62 -52 -40 -28 -16 -6 5 17 30 42 53 59 61 57 49 36 20 6 164 10056 304 15619
56 63 63 56 44 28 12 -1 -10 -18 -28 -40 -54 -63 -63 -56 -45 -34 -24 -13 0 15 27 38 46 54 60 61 55 41 25 11 0 -7 -16 -27 -41 -55 -63 -64 -56 -44 -31 -20 -11 -1 10 23 36 47 56 61 61 54 42 26 11 2 -5 -12 -25 -42 -59 -68 -66 -57 -44 -31 -19 -8 2 13 23 33 44 55 62 62 54 40 25 11 1 -6 -14 -25 -39 -54 -63 -64 -57 -46 -33 -22 -12 -2 10 23 36 47 56 62 63 57 45 28 11 -2 -11 -18 -28 -41 -55 -63 -63 -56 -44 -32 -21 -10 2 13 23 34 44 54 60 60 53 41 27 14 3 -6 -16 -28 -41 -54 -62 -62 -55 -44 -33 -23 -13 -2 11 24 36 46 54 61 62 57 44 26 9 -2 -9 -15 -25 -40 -55 -64 -64 -55 -44 -33 -23 -12 0 12 24 35 46 56 62 62 55 42 27 13 1 -9 -19 -29 -41 -53 -61 -63 -57 -46 -32 -20 -9 0 11 22 35 48 57 63 61 53 40 25 10 -1 -9 -16 -26 -39 -54 -63 -63 -55 -44 -33 -23 -13 -1 12 25 37 47 56 61 61 53 39 24 11 0 -7 -15 -26 -40 -53 -62 -63 -56 -44 -32 -20 -10 0 10 21 33 45 55 61 62 55 42 27 12 169 9959 304 15619
60 62 57 46 31 17 5 -3 -10 -19 -31 -46 -58 -64 -62 -52 -40 -28 -17 -6 6 18 30 41 51 58 61 59 50 36 20 5 -5 -13 -22 -35 -49 -60 -63 -58 -49 -38 -27 -15 -4 6 16 27 41 54 62 62 55 45 33 19 5 -6 -12 -17 -27 -43 -60 -68 -64 -52 -38 -27 -17 -5 7 19 29 39 51 62 67 62 48 30 15 3 -4 -11 -21 -35 -50 -62 -65 -59 -48 -37 -26 -16 -5 7 18 28 38 50 60 65 60 48 32 17 5 -5 -13 -23 -36 -50 -61 -63 -58 -47 -37 -28 -18 -6 7 20 30 39 49 59 64 61 49 32 16 4 -5 -12 -21 -33 -47 -59 -64 -61 -51 -37 -24 -14 -5 6 18 30 41 51 58 62 58 47 32 16 4 -5 -12 -21 -33 -47 -59 -63 -59 -49 -36 -25 -15 -5 5 17 28 39 49 59 64 61 49 32 15 3 -5 -11 -21 -34 -48 -58 -62 -59 -51 -40 -27 -15 -4 6 17 30 43 54 61 62 57 48 33 17 3 -7 -13 -20 -31 -46 -60 -66 -62 -50 -37 -27 -17 -6 6 19 31 41 50 59 64 61 49 31 14 2 -5 -11 -21 -35 -49 -59 -63 -60 -52 -39 -26 -13 -3 7 16 28 40 52 61 64 59 47 30 14 2 174 8613 304 15619
-64 -65 -57 -45 -32 -21 -10 1 12 23 35 46 55 61 60 53 41 26 12 -1 -10 -17 -25 -36 -50 -61 -63 -57 -45 -33 -22 -11 0 12 23 33 43 53 60 62 56 43 27 12 0 -9 -16 -26 -39 -53 -63 -64 -57 -45 -32 -20 -10 0 9 19 32 46 60 68 66 55 39 22 9 -1 -9 -18 -28 -40 -52 -61 -64 -58 -46 -32 -20 -9 2 13 25 36 46 55 61 61 54 40 25 11 1 -7 -16 -28 -42 -55 -62 -61 -54 -43 -32 -22 -12 -1 10 22 34 46 56 62 62 55 41 25 10 0 -7 -14 -25 -40 -55 -63 -64 -58 -47 -36 -23 -10 2 13 23 35 47 58 64 62 53 40 25 11 -1 -10 -18 -27 -39 -52 -62 -64 -57 -45 -31 -20 -11 -1 11 24 38 49 57 62 62 55 41 24 8 -3 -10 -17 -28 -42 -55 -62 -60 -53 -42 -33 -23 -13 0 12 25 37 47 56 62 61 54 41 26 10 -1 -10 -18 -28 -42 -55 -62 -61 -53 -43 -33 -23 -13 -1 12 24 35 46 56 63 64 56 41 24 9 -1 -8 -15 -26 -41 -54 -62 -62 -55 -45 -34 -22 -11 0 11 22 33 45 56 62 63 55 42 26 11 0 -8 -15 -26 -40 -54 -64 -64 -56 -44 -33 -23 -13 179 7929 304 15619
58 64 61 50 34 17 4 -5 -13 -22 -35 -48 -59 -64 -61 -51 -38 -26 -16 -7 4 18 33 45 53 57 58 56 48 35 18 5 -4 -10 -18 -33 -50 -62 -66 -60 -50 -39 -28 -17 -5 7 19 30 42 53 61 63 59 48 32 16 3 -5 -10 -18 -31 -49 -63 -68 -63 -51 -37 -26 -16 -5 7 20 32 43 53 60 62 58 47 33 18 5 -6 -14 -23 -34 -47 -57 -62 -60 -52 -41 -29 -16 -4 7 19 31 42 53 61 64 59 48 32 16 3 -6 -13 -22 -34 -48 -59 -63 -60 -51 -40 -28 -15 -3 8 19 29 41 52 61 63 58 47 32 17 5 -4 -12 -22 -35 -48 -59 -63 -60 -51 -39 -27 -16 -4 7 19 31 42 52 60 62 58 47 32 16 3 -6 -12 -19 -31 -46 -59 -64 -61 -51 -39 -27 -16 -5 5 16 28 41 54 63 66 60 47 31 16 3 -6 -13 -21 -33 -46 -58 -64 -61 -51 -39 -27 -16 -5 6 19 31 42 51 59 62 60 49 34 17 3 -5 -12 -20 -33 -49 -60 -64 -60 -50 -40 -29 -17 -5 8 20 31 41 51 59 62 59 48 33 18 5 -4 -12 -22 -35 -49 -60 -64 -61 -51 -39 -26 -15 -4 7 19 31 42 53 60 62 58 48 32 15 2 184 8545 304 15619
55 60 59 52 39 24 11 0 -7 -15 -27 -41 -55 -63 -63 -54 -43 -32 -22 -12 0 13 24 35 46 57 65 65 57 40 22 7 -2 -8 -15 -27 -43 -56 -63 -61 -54 -44 -33 -22 -10 2 14 24 36 48 58 63 60 52 39 25 11 -1 -9 -16 -24 -38 -56 -68 -69 -57 -41 -29 -20 -12 1 16 28 38 45 54 61 62 54 39 23 10 1 -8 -18 -30 -43 -54 -62 -63 -56 -44 -31 -19 -9 1 11 24 36 47 56 62 62 55 40 22 7 -2 -8 -15 -27 -43 -56 -62 -59 -53 -44 -36 -25 -11 3 16 26 35 45 55 62 62 55 41 25 11 0 -9 -18 -29 -42 -55 -64 -65 -57 -44 -31 -19 -8 3 15 27 36 45 54 60 61 54 39 23 9 0 -7 -15 -28 -42 -56 -63 -63 -56 -44 -32 -21 -10 2 14 26 37 46 55 60 61 54 41 24 8 -2 -8 -16 -27 -42 -56 -63 -62 -54 -43 -32 -20 -9 2 12 22 34 47 58 63 62 53 39 24 10 0 -8 -16 -28 -43 -57 -65 -63 -54 -42 -30 -20 -10 1 14 25 36 47 56 61 61 53 40 23 9 -2 -9 -16 -27 -40 -54 -63 -63 -56 -45 -34 -22 -9 4 16 26 36 46 56 63 62 52 38 22 9 189 10649 304 15619
58 63 63 56 42 25 9 -3 -11 -17 -27 -40 -54 -63 -64 -56 -44 -31 -21 -12 -1 12 26 39 50 57 61 60 52 39 22 7 -2 -7 -13 -24 -39 -53 -61 -61 -55 -46 -35 -24 -12 0 12 24 35 46 55 61 62 56 44 27 12 1 -5 -12 -25 -44 -62 -72 -69 -57 -43 -30 -19 -8 4 15 24 35 46 57 64 62 53 39 24 10 -1 -9 -17 -27 -40 -54 -63 -63 -55 -43 -33 -23 -12 1 14 26 35 44 54 62 64 57 42 25 9 -2 -10 -17 -27 -40 -53 -63 -65 -58 -45 -32 -20 -9 1 12 24 36 47 57 62 61 53 40 24 10 0 -8 -16 -26 -41 -54 -63 -63 -56 -45 -34 -23 -11 2 14 25 35 46 56 63 63 55 41 24 9 -2 -10 -17 -26 -40 -54 -64 -64 -55 -42 -31 -21 -11 1 14 25 35 44 53 60 62 55 41 24 10 0 -7 -15 -26 -40 -53 -62 -63 -57 -45 -33 -21 -11 0 13 25 36 46 54 59 61 56 43 27 11 -1 -9 -17 -26 -40 -54 -63 -64 -57 -46 -33 -21 -10 1 12 24 36 48 57 61 60 53 41 26 12 0 -9 -17 -27 -40 -53 -62 -63 -57 -46 -34 -22 -11 1 13 25 36 47 56 61 61 54 41 25 10 195 15918 304 15619
63 61 51 36 19 6 -4 -11 -20 -32 -47 -59 -65 -61 -51 -39 -29 -19 -8 4 17 28 40 51 60 64 61 51 36 19 4 -6 -12 -19 -30 -46 -60 -66 -62 -50 -38 -28 -18 -8 5 18 28 38 49 58 62 59 49 35 21 7 -3 -11 -18 -27 -41 -56 -67 -68 -57 -42 -28 -19 -9 4 19 32 42 50 58 63 63 53 36 18 5 -4 -11 -21 -34 -47 -59 -64 -62 -53 -41 -28 -16 -5 5 15 27 39 50 60 65 64 53 37 19 4 -6 -14 -22 -33 -47 -60 -66 -64 -53 -38 -23 -10 -1 6 14 25 37 49 57 60 58 50 36 21 7 -3 -11 -19 -31 -46 -58 -63 -60 -51 -40 -29 -19 -8 4 16 28 39 49 57 62 60 51 37 21 7 -3 -11 -20 -32 -46 -59 -65 -63 -53 -40 -28 -16 -6 6 17 29 39 48 57 62 61 51 35 18 5 -4 -10 -19 -31 -46 -58 -63 -60 -51 -40 -29 -19 -8 4 17 29 39 48 57 62 61 53 37 19 4 -5 -11 -19 -31 -46 -58 -64 -61 -51 -39 -27 -17 -7 3 14 27 39 51 58 61 58 49 36 22 8 -2 -11 -19 -31 -46 -58 -65 -62 -53 -41 -29 -18 -6 5 16 27 38 50 60 65 62 51 35 18 5 -5 200 6797 304 15619
60 60 55 44 29 14 2 -7 -15 -25 -40 -56 -66 -66 -57 -44 -32 -22 -11 0 11 22 33 44 55 62 63 56 43 27 12 0 -8 -15 -24 -37 -52 -63 -66 -58 -46 -33 -23 -13 -2 10 22 34 45 55 62 63 56 43 28 13 1 -7 -14 -22 -35 -51 -66 -72 -67 -52 -35 -20 -8 2 13 26 38 49 56 60 60 54 42 27 12 0 -8 -16 -27 -41 -54 -62 -63 -56 -45 -33 -22 -11 -1 11 22 34 45 55 61 62 57 45 29 13 -1 -10 -17 -26 -39 -54 -64 -65 -56 -44 -33 -23 -14 -2 12 26 38 47 54 60 61 55 42 26 11 0 -7 -15 -26 -40 -53 -62 -62 -56 -45 -34 -23 -13 -1 11 23 33 43 53 61 64 59 45 27 11 0 -7 -14 -25 -40 -56 -65 -65 -57 -44 -31 -21 -12 -1 11 23 35 45 53 60 62 57 45 28 11 -2 -10 -16 -25 -38 -52 -63 -65 -58 -46 -33 -22 -12 -2 10 23 36 46 56 62 63 56 43 26 11 -1 -8 -16 -27 -41 -54 -62 -62 -54 -44 -33 -22 -12 -1 11 23 34 45 54 60 60 54 43 28 13 1 -7 -15 -24 -37 -52 -63 -66 -59 -47 -33 -21 -11 -1 10 23 35 47 56 61 62 55 42 26 11 -1 205 8175 304 15619
-61 -56 -49 -41 -33 -22 -9 6 20 30 40 49 58 62 59 50 36 22 9 -3 -13 -23 -35 -48 -60 -65 -62 -52 -38 -26 -16 -6 5 17 28 39 49 58 63 61 50 34 17 4 -3 -9 -18 -30 -45 -59 -66 -63 -52 -40 -29 -20 -10 3 17 29 39 49 60 68 67 53 32 13 2 -2 -7 -17 -32 -48 -59 -64 -62 -54 -42 -30 -19 -7 5 18 30 40 50 58 63 63 53 37 20 7 -2 -10 -22 -36 -50 -60 -63 -60 -52 -41 -29 -17 -6 5 17 28 40 51 61 65 61 49 32 16 5 -2 -8 -18 -32 -48 -60 -64 -60 -52 -41 -29 -18 -6 5 17 29 42 53 61 63 59 48 34 19 6 -5 -13 -21 -33 -47 -60 -66 -63 -52 -39 -26 -15 -5 6 18 29 40 49 57 61 58 50 35 20 6 -4 -12 -20 -32 -46 -58 -64 -61 -52 -41 -29 -18 -7 5 17 29 41 52 60 63 59 48 33 17 5 -3 -8 -16 -29 -46 -60 -66 -61 -50 -39 -30 -21 -10 4 18 30 39 48 57 62 62 53 37 21 7 -3 -10 -19 -32 -48 -61 -66 -61 -51 -39 -28 -19 -8 5 17 29 40 51 60 65 62 50 34 17 4 -5 -13 -22 -34 -47 -57 -62 -60 -51 -39 -26 -15 -6 210 9116 304 15619
-63 -65 -58 -46 -33 -22 -12 -2 10 22 35 47 57 63 62 55 42 26 11 -1 -10 -16 -25 -38 -52 -63 -65 -58 -46 -34 -23 -13 -1 12 24 34 45 56 64 64 56 40 23 10 1 -5 -13 -25 -40 -55 -63 -63 -57 -46 -36 -25 -13 0 12 23 33 45 58 68 69 60 44 24 8 -4 -12 -19 -29 -41 -53 -61 -62 -56 -45 -33 -22 -11 0 11 23 35 47 56 62 62 56 43 27 11 -1 -9 -16 -25 -39 -54 -64 -65 -58 -46 -34 -22 -10 2 13 24 34 45 55 63 63 56 42 26 11 0 -8 -15 -25 -39 -52 -61 -63 -56 -46 -34 -23 -12 -2 9 20 33 45 56 63 63 56 43 28 14 2 -8 -17 -27 -41 -54 -62 -63 -56 -45 -35 -25 -15 -3 11 25 37 46 54 60 61 56 43 27 12 2 -6 -14 -26 -41 -54 -62 -63 -57 -48 -37 -26 -13 1 13 24 35 46 57 63 62 53 40 25 12 3 -5 -13 -24 -38 -53 -63 -64 -58 -47 -36 -25 -14 -2 11 22 33 44 55 62 63 57 45 30 15 3 -7 -16 -27 -41 -55 -64 -64 -56 -46 -35 -25 -14 0 13 25 34 44 54 62 63 56 43 28 13 1 -8 -17 -27 -39 -52 -61 -62 -56 -45 -34 -25 -15 215 7070 304 15619
59 62 58 49 35 20 6 -4 -13 -22 -35 -49 -61 -65 -60 -48 -36 -25 -16 -7 5 17 30 41 51 58 61 58 49 34 19 6 -4 -11 -21 -33 -48 -59 -64 -60 -51 -39 -28 -17 -6 5 17 29 41 53 62 65 61 49 33 17 3 -6 -12 -20 -33 -48 -62 -68 -63 -50 -36 -24 -14 -4 7 19 30 39 49 58 63 60 49 33 16 3 -5 -12 -21 -33 -47 -59 -64 -61 -51 -38 -26 -15 -5 5 16 28 40 52 61 65 60 48 32 16 4 -5 -12 -21 -33 -47 -59 -64 -61 -52 -40 -27 -15 -4 7 18 29 40 52 61 64 59 47 31 17 5 -4 -12 -22 -35 -48 -58 -61 -58 -50 -39 -28 -18 -7 5 17 30 42 52 60 62 59 49 34 18 5 -4 -12 -21 -35 -49 -60 -63 -59 -49 -39 -28 -17 -5 7 18 29 40 51 60 65 61 50 34 17 2 -8 -15 -22 -33 -45 -57 -63 -61 -51 -37 -25 -16 -7 4 16 29 42 52 61 64 59 48 31 15 4 -3 -10 -19 -33 -49 -60 -65 -61 -51 -38 -26 -16 -6 6 19 31 42 51 58 61 58 48 33 18 7 0 -8 -22 -39 -55 -64 -63 -56 -47 -38 -28 -17 -4 8 20 30 41 51 60 63 58 46 31 16 5 220 10785 304 15619
58 62 60 51 39 25 11 -1 -10 -19 -29 -42 -54 -62 -62 -55 -44 -33 -22 -11 1 14 26 37 46 55 61 62 54 40 23 8 -1 -8 -16 -28 -42 -54 -59 -58 -53 -47 -38 -27 -12 3 15 26 38 49 58 62 60 51 39 25 10 -2 -10 -15 -23 -38 -56 -68 -69 -58 -43 -29 -19 -10 1 14 27 38 49 57 62 60 51 38 23 11 0 -8 -17 -28 -42 -54 -63 -63 -56 -44 -31 -19 -8 2 11 22 35 48 59 63 60 51 39 25 12 0 -10 -18 -29 -42 -55 -62 -60 -53 -43 -34 -24 -12 2 15 26 35 46 57 63 61 53 40 26 12 -1 -11 -19 -28 -40 -53 -63 -64 -56 -43 -31 -21 -12 -1 12 25 36 46 56 62 63 56 42 25 9 -2 -10 -17 -29 -43 -57 -65 -63 -54 -41 -30 -20 -11 0 12 24 36 47 57 63 61 52 39 24 11 0 -9 -18 -29 -41 -53 -61 -62 -56 -44 -32 -21 -11 0 11 24 36 47 57 63 63 55 42 25 10 -1 -9 -17 -29 -44 -57 -63 -62 -54 -44 -33 -22 -9 3 15 26 36 46 55 60 60 53 41 26 12 -1 -10 -19 -29 -41 -54 -62 -62 -56 -45 -33 -22 -10 1 13 25 37 48 58 63 61 53 39 24 10 225 14064 304 15619
60 62 57 46 32 17 5 -4 -12 -22 -36 -51 -62 -64 -58 -47 -36 -27 -17 -6 7 19 32 43 53 61 64 59 47 31 15 2 -6 -12 -21 -34 -50 -63 -66 -59 -47 -35 -25 -17 -6 6 19 31 42 53 61 65 60 48 32 16 2 -8 -14 -21 -33 -48 -63 -69 -64 -50 -35 -23 -14 -5 8 22 34 43 52 60 64 59 45 28 13 3 -4 -12 -22 -36 -49 -59 -63 -60 -51 -38 -25 -13 -2 8 19 30 41 51 59 62 59 49 33 17 3 -6 -13 -23 -36 -50 -60 -63 -59 -50 -39 -27 -15 -3 8 19 30 42 53 62 65 60 47 31 14 1 -8 -15 -23 -34 -48 -59 -64 -60 -49 -36 -25 -15 -6 5 18 31 43 53 61 63 59 48 33 16 3 -7 -14 -22 -35 -49 -61 -66 -60 -49 -36 -25 -16 -6 7 21 35 45 53 58 61 58 48 33 15 1 -7 -13 -21 -34 -49 -62 -66 -60 -49 -37 -25 -15 -4 8 20 32 43 55 62 64 57 44 27 12 1 -6 -12 -20 -32 -47 -59 -64 -60 -50 -38 -27 -16 -3 10 22 31 40 49 57 61 58 47 32 16 4 -5 -13 -22 -34 -46 -58 -63 -60 -50 -38 -27 -18 -6 7 22 34 43 51 57 61 58 47 31 15 3 230 14742 304 15619
56 63 63 54 39 22 8 -2 -11 -20 -32 -44 -55 -62 -61 -54 -43 -31 -19 -8 3 15 27 38 48 56 61 61 54 39 23 8 -3 -11 -19 -31 -44 -56 -62 -61 -53 -42 -30 -19 -8 3 14 25 37 48 57 62 59 50 36 21 9 1 -5 -13 -27 -44 -61 -68 -64 -54 -42 -33 -23 -11 4 17 29 39 50 61 67 64 51 34 18 6 -3 -10 -18 -29 -42 -55 -62 -62 -55 -43 -31 -19 -8 5 16 27 37 47 57 63 61 51 37 21 8 -1 -8 -17 -29 -44 -58 -65 -62 -52 -40 -29 -20 -10 2 15 27 38 48 58 63 61 51 36 21 9 -1 -10 -19 -30 -43 -56 -64 -63 -55 -42 -29 -19 -8 4 17 28 37 46 55 61 62 54 39 21 6 -4 -10 -17 -28 -42 -56 -64 -63 -55 -42 -30 -18 -7 4 16 27 36 46 55 62 62 55 39 21 5 -4 -9 -16 -27 -43 -58 -65 -62 -53 -41 -31 -21 -10 3 16 29 39 48 56 61 60 52 38 22 8 -1 -9 -17 -30 -44 -56 -62 -61 -54 -44 -32 -20 -8 4 15 27 38 49 58 62 61 52 38 21 8 -2 -9 -16 -28 -43 -58 -66 -64 -55 -43 -30 -18 -7 4 15 26 38 49 59 63 60 50 36 21 8 236 2911 304 15619
-65 -60 -49 -36 -25 -15 -6 6 18 30 42 52 59 62 59 49 33 16 3 -6 -12 -21 -34 -50 -61 -63 -58 -48 -38 -29 -18 -5 8 20 30 42 53 61 63 58 47 32 17 3 -6 -13 -21 -33 -48 -61 -64 -59 -49 -39 -29 -16 -2 11 20 27 37 51 64 68 61 45 28 14 4 -4 -13 -22 -34 -46 -58 -63 -61 -52 -41 -28 -16 -4 8 20 31 42 52 61 64 59 48 32 16 3 -6 -13 -21 -33 -48 -60 -65 -62 -51 -38 -26 -14 -3 9 20 30 40 50 59 63 60 49 32 16 3 -5 -12 -21 -35 -51 -62 -64 -59 -49 -38 -27 -17 -4 8 20 31 41 52 61 65 60 46 29 13 2 -5 -12 -22 -35 -48 -58 -61 -58 -50 -39 -28 -17 -5 7 19 30 42 53 61 63 58 47 32 17 4 -6 -13 -22 -34 -48 -60 -65 -61 -50 -38 -27 -17 -6 7 20 33 44 54 61 63 58 46 31 15 3 -7 -14 -22 -34 -47 -58 -63 -60 -50 -37 -26 -15 -5 6 18 30 41 50 58 62 60 51 35 17 2 -7 -13 -21 -34 -49 -61 -65 -60 -49 -37 -27 -17 -6 7 21 34 44 51 58 62 59 47 30 13 2 -2 -6 -16 -33 -51 -64 -66 -61 -51 -40 -28 -16 -3 240 12212 304 15619
-66 -64 -54 -40 -28 -17 -6 5 18 30 40 50 57 61 59 50 36 20 6 -4 -11 -19 -31 -46 -60 -66 -63 -52 -39 -28 -18 -7 5 18 29 38 48 57 62 60 50 34 19 7 -1 -8 -17 -29 -44 -57 -65 -64 -55 -43 -32 -22 -11 3 18 29 38 47 59 70 72 60 38 15 0 -7 -12 -20 -34 -49 -60 -64 -61 -52 -40 -27 -17 -7 3 14 27 40 50 59 63 61 53 38 22 7 -4 -12 -20 -32 -46 -59 -65 -62 -52 -40 -29 -19 -9 4 18 31 42 51 59 62 60 49 33 17 5 -2 -8 -17 -31 -47 -59 -64 -61 -52 -40 -28 -16 -5 5 16 26 38 49 59 63 60 50 35 18 4 -5 -11 -18 -30 -45 -58 -65 -61 -50 -39 -30 -21 -10 4 18 30 40 50 59 64 61 50 34 18 5 -4 -12 -21 -34 -47 -58 -61 -58 -50 -39 -29 -19 -8 4 16 28 40 50 58 62 59 49 34 19 5 -4 -11 -19 -30 -44 -57 -63 -60 -51 -40 -29 -18 -7 4 15 26 37 49 59 64 60 49 35 20 8 -2 -10 -21 -34 -49 -61 -65 -60 -48 -36 -26 -17 -7 4 16 27 38 49 58 62 59 50 35 20 6 -3 -11 -19 -31 -46 -59 -65 -62 -52 -39 -27 -17 -7 246 10107 304 15619
63 61 54 41 26 10 -1 -9 -16 -26 -41 -55 -63 -62 -54 -44 -33 -23 -12 0 12 24 36 47 56 61 60 53 40 26 13 2 -6 -15 -27 -42 -56 -65 -64 -57 -45 -33 -22 -10 2 14 26 36 47 56 62 62 55 41 25 10 -2 -10 -18 -28 -40 -54 -65 -68 -60 -44 -26 -11 -2 4 11 20 32 43 52 58 60 55 42 26 11 0 -7 -14 -25 -41 -55 -63 -63 -57 -46 -34 -21 -9 2 13 23 35 47 57 61 60 52 40 26 12 0 -9 -17 -27 -41 -54 -63 -63 -55 -44 -33 -22 -10 2 14 25 35 45 54 60 60 53 40 25 11 0 -8 -15 -25 -40 -54 -63 -63 -54 -43 -33 -25 -14 -1 13 26 36 45 54 62 63 56 43 26 12 0 -9 -18 -29 -42 -54 -61 -62 -56 -45 -34 -23 -12 1 14 26 37 46 55 62 62 55 41 25 10 0 -8 -16 -27 -41 -55 -63 -64 -57 -45 -32 -21 -11 -1 11 24 38 49 58 62 62 54 40 23 8 -2 -8 -15 -26 -40 -55 -63 -63 -55 -43 -32 -22 -12 -1 12 25 37 47 55 60 60 55 43 27 12 0 -9 -17 -27 -40 -54 -62 -63 -57 -46 -34 -22 -11 0 12 26 39 49 57 61 60 53 41 24 9 -2 251 16197 304 15619
59 64 61 50 33 16 3 -5 -11 -20 -32 -47 -59 -64 -60 -50 -38 -27 -17 -7 5 17 29 40 50 60 65 62 50 32 15 3 -4 -10 -19 -32 -46 -57 -62 -60 -52 -41 -29 -17 -6 5 16 28 41 52 60 62 59 50 37 21 8 -3 -11 -21 -34 -51 -65 -70 -64 -51 -36 -23 -13 -4 7 19 30 41 50 57 61 58 49 35 19 6 -4 -12 -21 -34 -49 -61 -65 -60 -49 -36 -26 -17 -7 5 19 30 40 48 57 64 64 54 35 15 0 -7 -11 -19 -31 -47 -59 -63 -60 -52 -41 -29 -16 -4 7 17 29 41 53 61 62 57 47 33 19 5 -5 -13 -21 -32 -46 -58 -64 -61 -51 -40 -29 -18 -7 6 18 30 41 51 58 62 59 49 34 18 5 -4 -11 -20 -33 -48 -59 -63 -60 -51 -41 -29 -17 -5 7 18 28 40 51 61 64 60 49 33 18 5 -4 -12 -20 -32 -47 -60 -65 -61 -51 -40 -29 -19 -7 7 20 33 43 52 58 62 59 50 35 18 2 -8 -13 -20 -31 -46 -61 -68 -63 -51 -36 -24 -15 -5 5 17 29 41 51 59 62 59 49 33 17 4 -5 -12 -21 -34 -47 -58 -62 -59 -50 -39 -28 -17 -7 5 17 29 41 51 59 62 60 51 36 20 5 256 10925 304 15619
54 62 63 56 42 26 10 -1 -8 -16 -27 -41 -55 -62 -62 -55 -44 -33 -22 -11 1 12 22 33 44 55 62 62 55 42 26 12 1 -8 -16 -26 -39 -53 -63 -65 -58 -46 -33 -21 -11 0 12 24 35 45 53 59 61 56 45 28 11 -1 -7 -13 -23 -40 -57 -68 -68 -58 -44 -32 -22 -11 2 15 27 37 46 54 61 61 55 42 25 10 -1 -8 -15 -26 -40 -54 -64 -65 -57 -46 -33 -22 -11 0 13 25 37 47 55 61 62 56 43 26 10 -2 -9 -15 -26 -41 -56 -65 -65 -56 -44 -32 -22 -12 0 13 26 37 47 55 60 61 54 42 26 11 -1 -10 -17 -27 -40 -53 -62 -63 -56 -44 -32 -21 -12 -1 10 22 35 47 57 62 61 53 40 26 12 2 -7 -16 -27 -40 -54 -62 -63 -56 -44 -33 -22 -12 -1 11 23 34 44 54 62 63 56 43 26 11 -1 -10 -18 -28 -39 -51 -59 -62 -56 -45 -31 -19 -11 -3 5 17 32 46 57 62 62 56 45 29 14 1 -8 -15 -25 -40 -56 -66 -65 -57 -45 -34 -24 -12 0 13 24 34 45 55 64 66 58 43 25 9 -1 -9 -16 -27 -42 -56 -65 -64 -56 -44 -32 -21 -10 1 12 24 36 47 56 62 61 54 40 24 10 261 12129 304 15619
51 59 63 60 50 35 19 4 -6 -14 -22 -34 -48 -61 -66 -61 -49 -36 -25 -16 -6 5 18 30 40 50 59 65 62 50 32 14 2 -4 -9 -19 -35 -51 -62 -64 -58 -48 -38 -28 -18 -7 5 17 30 43 53 60 63 60 51 36 18 3 -7 -12 -19 -33 -52 -68 -71 -62 -46 -32 -23 -15 -5 8 20 30 40 51 61 65 60 47 30 15 4 -5 -13 -22 -35 -48 -60 -64 -60 -49 -36 -25 -16 -7 5 19 33 45 53 58 59 56 48 34 18 3 -7 -13 -20 -31 -46 -60 -65 -61 -50 -38 -28 -18 -5 9 21 31 40 50 59 63 59 48 32 17 5 -5 -13 -22 -34 -47 -59 -64 -61 -50 -37 -26 -17 -6 6 19 31 41 51 58 63 60 51 35 18 3 -7 -15 -23 -35 -49 -60 -64 -59 -49 -36 -25 -16 -6 6 18 30 42 52 60 62 59 49 34 17 3 -8 -15 -22 -32 -46 -59 -64 -61 -50 -37 -26 -16 -6 6 18 30 41 53 61 64 59 47 31 16 4 -5 -12 -21 -33 -47 -60 -65 -61 -50 -37 -25 -16 -6 6 19 31 42 51 58 62 59 49 32 16 3 -4 -10 -19 -33 -49 -60 -64 -60 -51 -39 -27 -16 -5 5 16 29 42 54 61 62 58 49 35 19 266 15507 304 15619
62 63 55 41 24 10 -1 -8 -15 -25 -38 -52 -62 -63 -57 -46 -34 -23 -13 -2 11 24 36 47 57 63 63 56 42 26 11 0 -8 -16 -26 -40 -54 -63 -64 -57 -46 -33 -21 -9 2 12 22 33 45 55 61 61 54 42 26 10 -4 -11 -14 -19 -31 -48 -63 -68 -60 -47 -34 -23 -14 -2 11 24 35 46 56 62 62 54 41 27 14 3 -6 -15 -26 -40 -54 -64 -66 -58 -46 -33 -22 -12 -2 11 24 36 47 55 61 62 57 44 27 10 -2 -9 -15 -25 -39 -54 -64 -64 -57 -46 -33 -21 -9 2 13 23 34 45 55 60 60 53 42 27 13 0 -9 -16 -25 -38 -53 -63 -63 -55 -43 -33 -24 -15 -3 11 24 36 46 55 62 63 57 44 27 11 -1 -9 -17 -27 -39 -52 -61 -63 -57 -46 -34 -23 -13 -1 11 24 36 47 55 62 63 56 42 24 8 -2 -8 -14 -25 -39 -54 -62 -62 -55 -45 -34 -23 -12 1 13 24 34 44 53 59 61 54 42 26 12 2 -5 -13 -25 -40 -54 -61 -61 -55 -46 -36 -25 -13 -1 10 21 34 47 58 64 64 56 43 27 11 -2 -10 -17 -26 -39 -53 -62 -63 -56 -45 -34 -23 -13 -1 11 24 36 47 56 62 62 55 42 27 13 1 271 11661 304 15619
-63 -60 -51 -40 -30 -19 -7 6 18 28 39 50 59 63 60 49 34 19 5 -4 -11 -18 -29 -44 -59 -66 -62 -51 -38 -28 -19 -9 3 16 29 41 50 58 61 60 51 38 22 7 -4 -11 -19 -32 -48 -62 -66 -59 -48 -38 -30 -21 -9 4 16 25 36 50 64 71 67 52 33 16 4 -5 -13 -22 -34 -48 -60 -65 -62 -51 -38 -26 -16 -6 5 17 29 40 50 58 62 60 51 35 18 5 -4 -10 -18 -31 -47 -60 -64 -60 -50 -40 -31 -20 -7 6 19 30 39 49 58 63 61 51 35 19 5 -5 -12 -20 -32 -46 -59 -64 -60 -50 -39 -28 -18 -7 6 18 30 40 49 57 61 59 50 35 19 6 -4 -11 -18 -30 -44 -58 -65 -63 -53 -41 -28 -17 -7 4 16 28 40 51 59 62 59 49 35 20 6 -4 -11 -20 -31 -46 -58 -64 -61 -51 -40 -29 -18 -7 6 17 27 38 49 59 64 61 51 35 20 6 -4 -12 -21 -32 -47 -59 -65 -61 -51 -38 -27 -17 -8 3 16 29 41 51 59 62 59 50 35 20 7 -3 -11 -21 -33 -47 -58 -63 -60 -51 -40 -29 -19 -8 4 16 29 41 52 59 63 60 51 36 19 5 -5 -11 -19 -31 -47 -60 -65 -61 -51 -40 -29 -18 -7 276 5902 304 15619
55 61 62 55 41 24 9 -2 -10 -18 -29 -43 -56 -64 -63 -55 -42 -30 -19 -9 1 12 24 36 47 57 63 62 54 40 23 9 -2 -10 -18 -29 -42 -54 -62 -62 -56 -45 -33 -21 -10 1 13 25 37 48 56 62 63 56 42 24 8 -1 -7 -15 -28 -46 -62 -68 -65 -55 -43 -31 -19 -7 4 15 28 40 50 56 58 56 51 41 26 9 -5 -12 -17 -26 -41 -56 -65 -62 -52 -40 -30 -22 -12 0 13 25 36 47 58 64 63 54 40 24 9 -3 -11 -19 -28 -41 -55 -64 -64 -55 -42 -30 -20 -11 1 14 27 39 48 56 61 61 54 41 24 8 -4 -12 -19 -29 -43 -56 -63 -61 -52 -41 -31 -22 -11 1 15 27 37 46 55 62 62 53 38 22 9 -1 -9 -18 -29 -42 -53 -60 -60 -54 -45 -34 -23 -11 2 15 27 38 48 56 61 60 52 40 25 10 -1 -10 -18 -28 -42 -56 -64 -64 -56 -43 -31 -19 -9 2 14 25 37 49 58 62 61 53 39 23 9 -3 -11 -18 -28 -41 -54 -63 -62 -54 -43 -31 -21 -10 1 12 24 37 49 59 64 62 53 39 22 8 -3 -10 -17 -27 -41 -56 -65 -65 -56 -43 -31 -20 -9 4 17 28 38 46 54 59 61 54 41 24 8 281 14817 304 15619
59 61 58 49 35 18 3 -8 -14 -20 -31 -46 -60 -66 -61 -49 -37 -27 -17 -5 8 20 30 39 49 58 63 60 50 33 17 4 -5 -12 -21 -33 -47 -59 -64 -61 -51 -39 -27 -17 -7 5 18 31 43 53 59 62 59 50 34 16 2 -6 -10 -16 -30 -50 -66 -71 -63 -49 -36 -25 -15 -4 8 20 30 41 51 60 64 59 47 31 15 3 -5 -11 -20 -33 -49 -61 -64 -58 -48 -37 -27 -17 -6 7 19 30 41 50 58 61 58 49 34 17 3 -5 -11 -19 -32 -48 -60 -64 -59 -49 -38 -27 -16 -5 7 18 29 40 50 58 62 59 50 35 18 4 -5 -11 -19 -33 -50 -62 -65 -58 -48 -37 -28 -18 -7 6 18 30 41 51 60 63 60 49 34 17 4 -6 -13 -21 -33 -48 -60 -64 -59 -49 -37 -27 -17 -7 5 18 31 42 52 59 61 58 48 34 19 5 -5 -13 -21 -32 -47 -60 -67 -64 -52 -36 -22 -13 -6 2 14 29 43 54 61 62 59 48 33 17 4 -4 -12 -21 -34 -48 -59 -63 -60 -52 -41 -28 -14 -3 7 17 28 41 53 61 63 57 47 33 18 4 -6 -12 -19 -31 -47 -60 -66 -61 -49 -37 -28 -19 -8 6 20 32 41 50 59 63 59 48 33 18 6 286 9546 304 15619
-64 -56 -44 -33 -22 -11 2 14 25 35 44 53 61 62 56 42 27 12 0 -10 -18 -28 -39 -51 -61 -63 -57 -46 -33 -22 -12 0 12 24 34 45 54 62 64 57 43 27 12 0 -8 -17 -28 -41 -55 -63 -63 -54 -43 -32 -24 -15 -4 9 23 34 45 57 67 70 62 44 24 7 -3 -10 -18 -30 -44 -56 -62 -61 -54 -44 -33 -22 -11 1 13 25 36 46 54 61 62 55 42 25 9 -1 -8 -15 -25 -40 -55 -64 -63 -55 -43 -32 -22 -12 0 12 24 35 44 54 61 63 56 41 24 10 1 -7 -15 -27 -41 -54 -61 -61 -55 -46 -36 -25 -13 0 13 25 36 46 55 62 62 54 41 25 11 1 -7 -16 -27 -41 -54 -62 -62 -55 -45 -34 -23 -12 0 12 25 36 46 55 61 61 55 42 25 10 -1 -8 -14 -26 -41 -55 -63 -62 -54 -43 -34 -25 -14 -1 12 25 36 46 55 62 63 56 43 26 10 -2 -10 -16 -26 -40 -55 -64 -64 -55 -42 -30 -21 -13 -3 9 22 36 47 57 62 61 55 42 27 12 0 -10 -18 -27 -40 -53 -62 -63 -57 -45 -33 -22 -11 1 13 23 34 45 56 63 63 55 41 25 11 0 -9 -16 -26 -39 -53 -64 -66 -58 -45 -32 -22 -12 0 291 7588 304 15619
62 63 57 44 29 16 4 -6 -16 -27 -41 -53 -62 -64 -58 -47 -34 -22 -12 -2 8 20 33 45 55 60 61 56 45 30 15 3 -7 -16 -25 -38 -52 -62 -64 -58 -47 -35 -24 -14 -3 10 23 34 44 52 59 62 59 48 31 14 0 -9 -15 -22 -35 -52 -65 -68 -60 -46 -33 -23 -13 -2 11 23 33 43 53 62 64 55 41 26 15 7 -2 -15 -29 -41 -51 -59 -62 -59 -49 -36 -24 -14 -4 8 22 36 47 57 63 64 57 43 26 11 0 -6 -14 -25 -39 -53 -62 -64 -58 -46 -34 -22 -12 -2 9 20 32 45 56 62 63 55 42 27 13 2 -6 -15 -25 -37 -51 -61 -64 -58 -47 -35 -25 -14 -2 11 24 35 43 51 57 60 57 46 30 14 2 -7 -13 -23 -36 -51 -62 -65 -60 -48 -36 -23 -12 -1 10 21 32 42 53 61 64 58 45 29 14 2 -6 -14 -25 -38 -52 -62 -64 -58 -47 -36 -25 -15 -2 11 24 34 44 53 60 63 58 45 28 12 0 -7 -13 -23 -37 -51 -61 -64 -59 -49 -36 -24 -12 -1 9 19 31 44 56 63 63 56 44 30 16 3 -7 -15 -24 -36 -51 -63 -67 -61 -48 -34 -23 -14 -3 10 23 34 44 54 62 65 60 46 29 13 1 297 5319 304 15619
58 62 59 51 37 22 7 -5 -14 -22 -33 -47 -59 -64 -61 -51 -39 -28 -17 -6 6 17 28 38 49 59 66 63 52 34 17 4 -4 -11 -20 -34 -48 -59 -63 -59 -51 -40 -29 -18 -7 5 17 28 40 52 62 66 62 50 33 17 4 -5 -12 -20 -32 -47 -62 -69 -65 -50 -32 -19 -11 -5 2 13 26 39 50 57 61 60 51 37 20 5 -5 -12 -20 -32 -47 -59 -65 -60 -49 -37 -27 -18 -8 4 17 29 40 51 60 63 59 47 32 17 5 -3 -10 -18 -30 -44 -56 -64 -62 -53 -40 -28 -18 -8 4 16 29 40 51 59 63 61 51 35 18 5 -3 -10 -18 -32 -48 -61 -67 -62 -51 -38 -27 -16 -6 5 17 30 41 51 58 60 56 47 35 21 8 -3 -12 -21 -32 -44 -56 -63 -61 -53 -42 -30 -18 -6 5 17 29 41 52 60 64 60 48 33 17 5 -3 -10 -19 -32 -47 -59 -63 -60 -52 -40 -28 -17 -5 5 15 26 38 51 60 63 60 50 36 21 6 -5 -13 -20 -31 -45 -59 -65 -63 -52 -39 -28 -18 -8 5 18 30 42 52 59 61 58 49 35 20 6 -5 -13 -21 -32 -45 -58 -64 -61 -51 -39 -28 -18 -7 4 16 28 41 51 59 62 59 50 36 21 6 302 9522 304 15619
60 60 54 42 27 12 0 -9 -16 -26 -40 -55 -65 -66 -58 -45 -32 -20 -9 3 15 25 35 45 54 61 61 54 40 24 10 0 -7 -15 -27 -42 -55 -62 -61 -55 -45 -35 -23 -11 1 12 23 35 48 58 63 61 54 42 27 11 -3 -13 -19 -25 -36 -51 -64 -68 -60 -46 -32 -20 -10 3 16 27 36 45 54 61 62 55 40 24 11 0 -9 -19 -30 -42 -53 -60 -62 -56 -46 -33 -21 -10 1 13 24 36 46 55 60 61 54 42 26 12 1 -8 -16 -28 -42 -56 -64 -63 -56 -45 -33 -22 -10 2 14 24 35 45 55 63 64 57 42 25 9 -2 -9 -17 -28 -42 -55 -63 -63 -55 -45 -33 -21 -10 2 12 21 32 46 59 68 68 57 40 22 7 -4 -11 -18 -27 -40 -53 -62 -63 -56 -45 -32 -20 -9 1 12 23 34 45 56 63 63 55 42 27 12 0 -10 -20 -30 -42 -54 -62 -62 -55 -43 -32 -22 -12 -1 12 25 36 47 57 64 64 56 41 24 9 -2 -9 -18 -29 -42 -54 -61 -61 -55 -45 -34 -22 -10 2 14 25 36 46 56 61 61 53 40 25 11 1 -7 -16 -27 -41 -54 -63 -64 -57 -45 -33 -21 -10 1 13 24 35 46 56 62 63 55 41 25 10 -2 3 565 305 676
58 63 61 51 35 18 6 -3 -9 -18 -32 -46 -57 -62 -61 -53 -43 -30 -18 -7 4 16 28 41 51 58 61 58 50 36 20 6 -4 -10 -18 -30 -45 -58 -64 -61 -51 -40 -30 -20 -9 3 16 27 38 48 57 63 62 53 38 22 9 0 -8 -19 -35 -52 -65 -68 -62 -51 -39 -28 -18 -6 6 19 31 41 50 58 62 60 50 35 18 4 -6 -11 -18 -30 -45 -58 -63 -60 -50 -40 -30 -20 -9 4 16 27 38 49 59 65 62 51 35 19 6 -4 -11 -20 -31 -45 -58 -65 -62 -52 -38 -26 -17 -10 1 14 28 41 51 58 62 60 52 37 20 5 -5 -11 -18 -30 -45 -58 -64 -61 -52 -41 -30 -20 -8 4 17 28 39 50 60 65 62 51 35 19 6 -4 -11 -20 -31 -45 -58 -64 -62 -52 -39 -28 -19 -10 2 17 31 42 50 57 62 61 51 36 19 5 -4 -11 -21 -33 -46 -56 -62 -61 -54 -42 -29 -16 -6 4 15 28 41 51 59 62 60 51 35 18 4 -6 -11 -19 -30 -44 -56 -63 -61 -53 -43 -30 -18 -6 6 17 28 39 50 59 63 60 50 34 18 5 -3 -10 -19 -31 -46 -59 -64 -61 -52 -40 -28 -17 -6 5 15 26 38 49 59 64 60 49 34 19 7 7 5602 305 676
52 59 63 59 46 29 13 1 -6 -13 -24 -39 -53 -62 -64 -57 -47 -36 -25 -14 -2 10 22 33 44 54 61 63 58 45 28 12 0 -6 -12 -23 -38 -55 -65 -65 -56 -44 -34 -24 -15 -3 10 23 33 43 52 59 62 59 47 30 14 3 -4 -12 -25 -42 -59 -68 -66 -56 -44 -32 -22 -12 -1 11 22 33 44 54 61 61 55 43 29 15 3 -7 -15 -26 -38 -51 -61 -64 -59 -48 -35 -23 -12 -2 9 22 34 45 54 60 61 56 44 29 13 1 -7 -14 -24 -38 -52 -61 -63 -57 -47 -37 -26 -14 -1 11 23 34 44 54 60 62 56 45 29 14 1 -8 -16 -25 -38 -52 -61 -63 -57 -47 -35 -23 -12 -1 9 21 33 46 56 62 61 54 43 29 13 1 -8 -13 -22 -36 -53 -65 -67 -59 -46 -34 -24 -13 -1 11 22 33 45 56 63 62 55 42 28 14 2 -8 -17 -26 -37 -50 -60 -65 -61 -49 -35 -22 -12 -2 10 22 35 46 55 61 61 56 44 28 12 0 -8 -14 -23 -37 -52 -63 -65 -58 -46 -34 -24 -14 -3 10 22 34 45 55 63 64 57 43 27 13 2 -6 -15 -26 -40 -54 -62 -63 -57 -47 -35 -23 -13 -2 10 22 33 44 53 60 63 58 45 28 12 12 3630 305 676
-63 -60 -52 -41 -29 -18 -7 5 17 28 39 50 59 63 61 51 36 19 5 -5 -11 -18 -30 -46 -60 -67 -63 -51 -37 -26 -17 -8 3 16 29 39 48 57 62 61 52 36 19 5 -4 -11 -19 -30 -44 -56 -61 -60 -53 -42 -31 -20 -9 2 13 25 39 53 64 69 65 52 35 18 4 -5 -12 -20 -32 -47 -59 -64 -60 -51 -40 -29 -19 -8 5 17 28 39 49 59 64 62 51 35 18 5 -4 -11 -20 -31 -45 -57 -63 -62 -54 -42 -29 -18 -6 5 17 28 40 50 58 62 60 51 36 20 6 -4 -12 -20 -30 -44 -56 -63 -62 -54 -41 -28 -17 -6 4 14 25 37 50 60 65 62 51 35 19 6 -3 -10 -18 -30 -45 -59 -67 -65 -55 -40 -28 -18 -8 4 18 32 43 50 56 59 59 51 36 20 6 -3 -10 -19 -32 -47 -59 -64 -60 -51 -40 -29 -19 -7 5 17 28 39 49 58 62 61 51 36 20 6 -4 -12 -20 -32 -46 -57 -62 -60 -52 -41 -29 -18 -7 4 16 28 39 50 59 63 61 51 36 19 5 -4 -11 -19 -31 -46 -58 -64 -61 -53 -41 -29 -17 -6 5 16 27 39 51 59 62 60 50 36 20 5 -5 -12 -19 -31 -45 -58 -63 -60 -52 -41 -30 -19 -6 17 3097 305 676
57 62 62 55 41 25 10 -2 -9 -15 -25 -39 -53 -62 -63 -57 -45 -33 -22 -11 -1 10 22 34 47 56 61 60 55 44 30 14 0 -10 -17 -27 -40 -55 -65 -65 -56 -44 -32 -22 -10 2 13 22 31 43 55 63 64 56 42 26 11 1 -6 -13 -24 -40 -58 -68 -67 -56 -42 -30 -21 -12 -1 13 25 36 46 56 61 61 53 41 27 13 1 -9 -19 -29 -40 -52 -60 -62 -57 -46 -34 -23 -12 -1 11 24 35 46 55 62 64 58 44 26 9 -3 -10 -16 -25 -39 -54 -64 -65 -57 -45 -33 -24 -14 -1 13 26 37 47 55 62 63 56 43 25 10 -2 -9 -16 -26 -40 -54 -64 -65 -57 -45 -32 -21 -11 -1 11 24 37 47 55 59 60 54 43 27 12 1 -7 -16 -27 -41 -55 -63 -63 -56 -45 -33 -22 -11 0 12 23 34 46 56 63 64 56 41 23 9 -1 -7 -14 -26 -41 -55 -62 -62 -56 -46 -34 -22 -10 1 12 23 34 46 56 62 61 54 42 27 12 0 -9 -17 -27 -41 -54 -63 -63 -55 -44 -32 -21 -11 0 12 23 34 45 55 62 63 55 41 25 11 1 -7 -17 -29 -42 -53 -60 -61 -56 -46 -35 -22 -10 1 11 22 34 45 56 62 63 57 43 25 9 22 8712 305 676
59 64 62 51 36 19 6 -3 -10 -19 -31 -45 -58 -64 -62 -53 -41 -29 -18 -7 5 16 28 39 51 59 63 59 48 33 18 6 -2 -9 -18 -30 -45 -56 -61 -59 -52 -43 -33 -21 -8 5 16 28 40 51 59 62 58 49 36 21 8 -3 -9 -16 -26 -42 -59 -69 -68 -57 -41 -27 -16 -7 4 16 29 41 51 60 64 61 51 35 17 4 -5 -10 -18 -30 -45 -58 -64 -61 -52 -41 -31 -20 -9 4 18 30 41 50 57 61 59 51 37 20 6 -4 -11 -19 -30 -44 -57 -64 -62 -52 -40 -28 -18 -7 4 15 26 36 47 57 64 63 53 37 20 6 -3 -11 -19 -32 -46 -58 -64 -61 -52 -40 -29 -18 -8 3 15 27 39 50 60 65 62 52 36 20 6 -4 -12 -21 -33 -46 -56 -62 -61 -53 -42 -29 -18 -6 5 16 27 38 50 59 64 61 51 35 18 5 -3 -10 -18 -31 -45 -58 -64 -62 -54 -42 -29 -18 -7 4 16 28 40 51 59 62 59 51 37 22 7 -5 -13 -21 -31 -45 -57 -63 -61 -52 -40 -29 -18 -7 4 16 27 38 49 58 62 60 52 38 22 7 -5 -13 -21 -31 -44 -57 -64 -63 -54 -41 -30 -20 -8 5 19 31 41 49 57 62 61 52 36 18 4 26 16026 305 676
62 64 58 46 30 14 1 -7 -14 -23 -35 -50 -62 -66 -61 -49 -36 -25 -14 -2 11 23 34 44 53 60 62 57 45 29 14 1 -8 -16 -25 -37 -50 -59 -62 -57 -48 -36 -26 -16 -4 8 22 34 46 56 62 63 56 43 28 14 4 -5 -14 -25 -38 -53 -65 -69 -62 -48 -30 -15 -5 1 7 16 29 43 55 62 62 54 42 29 15 2 -8 -17 -24 -33 -46 -59 -66 -63 -50 -34 -21 -11 -3 7 19 32 43 54 61 64 59 46 29 13 2 -5 -13 -25 -40 -54 -62 -63 -56 -47 -36 -24 -13 -1 9 20 31 44 55 61 62 56 45 31 16 3 -8 -17 -26 -38 -51 -62 -64 -58 -46 -34 -23 -13 -3 9 21 32 44 53 60 61 56 44 29 14 2 -7 -14 -22 -34 -49 -62 -66 -60 -47 -35 -25 -15 -4 10 23 35 43 51 58 61 57 47 31 15 2 -7 -14 -23 -36 -51 -61 -64 -59 -48 -36 -25 -15 -4 8 21 33 45 55 62 62 56 45 29 14 2 -8 -16 -25 -36 -49 -59 -63 -59 -49 -37 -25 -14 -2 10 22 33 43 53 60 63 57 45 28 12 1 -7 -14 -23 -36 -51 -61 -63 -58 -48 -36 -25 -14 -1 11 22 32 42 52 59 62 56 44 28 14 4 31 12604 305 676
59 65 62 51 35 19 5 -4 -10 -19 -31 -45 -57 -63 -60 -52 -41 -31 -21 -9 4 17 29 40 50 59 63 60 51 37 22 7 -5 -13 -20 -30 -44 -58 -65 -62 -52 -40 -29 -19 -9 4 17 29 39 49 58 64 62 52 36 19 4 -5 -10 -16 -28 -45 -61 -68 -63 -51 -38 -28 -20 -10 3 17 29 39 49 59 64 62 52 36 19 6 -3 -11 -20 -32 -47 -58 -64 -61 -52 -41 -29 -18 -7 4 15 28 40 51 58 61 58 50 39 24 8 -4 -13 -21 -32 -45 -58 -64 -61 -52 -41 -30 -20 -8 5 17 29 40 50 58 62 60 51 36 20 6 -4 -10 -19 -31 -46 -59 -64 -61 -52 -40 -28 -17 -7 4 14 25 38 51 61 64 60 50 35 20 7 -3 -12 -20 -32 -45 -56 -62 -60 -53 -42 -30 -19 -7 5 17 28 38 49 58 63 60 50 34 19 8 0 -7 -17 -31 -47 -59 -64 -62 -53 -42 -32 -21 -10 2 16 31 46 57 63 63 57 46 32 18 6 -4 -11 -20 -32 -46 -58 -63 -60 -51 -39 -28 -18 -8 3 15 28 41 51 57 60 59 51 38 21 5 -5 -11 -18 -29 -45 -59 -65 -60 -49 -39 -30 -22 -11 3 17 29 40 50 58 63 61 51 37 20 7 36 14282 305 676
54 61 62 55 41 25 10 -1 -9 -17 -27 -40 -53 -62 -63 -55 -43 -31 -20 -11 0 12 24 36 46 54 59 60 54 42 26 10 -1 -9 -17 -27 -41 -54 -63 -62 -54 -43 -31 -20 -11 0 11 24 36 46 55 60 61 55 42 26 10 -1 -6 -12 -23 -40 -58 -68 -66 -56 -44 -33 -23 -12 1 14 26 36 47 58 64 63 53 38 22 9 0 -7 -16 -28 -42 -54 -62 -63 -56 -46 -34 -23 -11 1 13 25 37 48 57 63 62 54 40 24 9 0 -7 -15 -27 -42 -55 -63 -63 -56 -46 -35 -23 -11 1 13 24 36 47 57 64 64 57 43 26 10 -1 -9 -16 -28 -42 -56 -64 -64 -56 -45 -34 -23 -11 1 13 24 35 46 57 64 64 56 42 26 12 1 -8 -18 -30 -44 -57 -64 -64 -57 -45 -33 -21 -10 2 15 27 38 48 57 62 62 55 40 21 6 -4 -9 -14 -23 -38 -53 -62 -62 -54 -43 -33 -24 -13 -1 12 24 36 46 56 62 61 54 41 25 11 0 -8 -16 -27 -41 -54 -61 -61 -54 -44 -35 -25 -14 0 14 26 36 46 54 61 62 55 41 23 8 -1 -7 -14 -25 -40 -54 -62 -62 -56 -46 -34 -23 -12 0 11 23 36 49 59 63 61 53 40 24 9 42 6351 305 676
61 64 59 48 32 15 1 -7 -13 -21 -34 -48 -60 -63 -58 -47 -36 -26 -16 -7 5 18 31 43 52 59 62 60 51 34 15 0 -8 -13 -20 -33 -49 -60 -63 -59 -50 -40 -27 -12 0 9 15 24 38 53 62 64 58 47 34 19 5 -6 -13 -20 -32 -49 -63 -68 -62 -49 -36 -26 -17 -5 8 21 32 42 52 61 65 60 47 29 14 3 -5 -12 -23 -36 -49 -58 -61 -58 -50 -39 -27 -16 -5 6 18 32 45 55 60 60 56 46 32 16 3 -7 -13 -21 -33 -47 -58 -62 -58 -50 -39 -29 -17 -5 8 20 31 42 53 61 63 58 47 32 17 4 -6 -14 -23 -34 -47 -59 -64 -60 -51 -38 -26 -15 -4 8 20 32 42 52 60 62 58 46 30 15 4 -5 -12 -21 -33 -47 -59 -65 -62 -52 -38 -24 -13 -4 6 17 30 43 54 60 61 57 47 33 17 3 -7 -14 -22 -33 -47 -59 -64 -61 -51 -38 -26 -14 -3 9 21 32 42 50 56 59 57 49 34 18 4 -6 -13 -22 -35 -49 -59 -63 -58 -49 -38 -28 -17 -5 7 19 31 42 52 60 64 60 48 32 16 2 -7 -14 -22 -35 -49 -60 -63 -58 -49 -37 -27 -16 -4 7 19 30 41 52 61 64 59 47 32 16 3 47 8505 305 676
56 61 62 55 42 26 10 -2 -10 -18 -29 -42 -55 -63 -64 -56 -44 -30 -18 -8 2 12 23 35 47 57 62 61 52 38 23 10 0 -8 -16 -27 -42 -57 -65 -64 -55 -42 -30 -19 -9 1 12 24 35 47 56 61 60 53 41 27 12 1 -8 -16 -28 -44 -60 -69 -66 -54 -40 -28 -20 -12 1 16 29 39 47 55 62 64 56 40 20 5 -4 -10 -17 -28 -42 -55 -62 -61 -54 -43 -32 -21 -10 2 14 25 37 47 56 61 60 53 41 25 9 -3 -10 -16 -26 -41 -56 -66 -65 -55 -42 -31 -22 -11 2 16 28 37 46 55 62 62 54 39 23 9 -1 -10 -19 -30 -43 -55 -62 -62 -54 -42 -31 -20 -11 0 13 26 38 48 56 60 60 53 41 25 10 -1 -9 -17 -28 -43 -56 -64 -63 -55 -44 -33 -21 -8 4 15 25 35 47 58 64 62 52 38 23 10 -1 -11 -20 -30 -42 -54 -62 -61 -53 -41 -30 -21 -12 -1 13 26 38 48 56 61 60 53 39 23 9 -1 -8 -16 -28 -43 -58 -65 -62 -53 -41 -31 -21 -10 4 16 27 35 44 54 61 62 54 39 22 8 -1 -8 -15 -27 -41 -56 -64 -64 -55 -42 -30 -20 -9 2 15 26 36 45 53 60 62 55 40 22 8 52 10133 305 676
61 65 61 48 30 13 0 -7 -12 -22 -36 -52 -63 -65 -58 -46 -33 -23 -15 -5 5 17 30 44 55 63 64 58 45 30 16 4 -5 -14 -24 -37 -51 -62 -64 -58 -48 -36 -26 -16 -4 9 22 34 45 53 59 61 57 46 31 14 0 -7 -12 -19 -32 -50 -64 -68 -60 -47 -35 -26 -16 -4 10 23 32 41 51 62 66 60 46 28 13 2 -6 -14 -24 -37 -50 -60 -63 -58 -47 -35 -24 -14 -4 8 21 32 42 51 59 62 58 46 29 14 3 -4 -11 -22 -36 -49 -59 -63 -60 -51 -39 -26 -14 -3 9 20 32 44 55 61 62 56 45 30 16 4 -6 -14 -23 -36 -49 -60 -64 -59 -48 -36 -26 -17 -6 7 21 35 46 55 61 62 57 45 28 14 3 -5 -12 -23 -36 -50 -60 -64 -59 -50 -37 -24 -13 -3 7 19 32 45 55 60 61 56 47 33 17 3 -7 -15 -23 -36 -51 -62 -65 -59 -48 -37 -26 -14 -1 11 22 30 39 49 59 64 60 47 31 15 3 -6 -13 -23 -36 -50 -61 -65 -60 -49 -37 -26 -15 -4 8 21 33 44 54 61 64 59 47 30 13 1 -8 -15 -24 -37 -51 -61 -63 -57 -46 -35 -25 -15 -3 9 21 32 42 52 60 62 57 44 28 14 3 57 12762 305 676
58 62 60 50 37 23 11 1 -8 -18 -30 -44 -56 -63 -62 -54 -43 -30 -19 -9 2 13 26 37 48 56 61 60 53 41 25 9 -2 -10 -19 -30 -44 -57 -64 -62 -53 -42 -30 -20 -9 2 13 24 35 46 56 63 63 55 40 23 8 -1 -7 -15 -29 -47 -63 -69 -63 -51 -39 -28 -19 -9 2 13 25 36 48 58 65 64 54 38 21 7 -2 -10 -18 -29 -43 -56 -64 -63 -56 -44 -31 -18 -7 4 15 26 36 46 56 62 62 54 40 23 9 -2 -10 -19 -32 -46 -58 -62 -60 -52 -42 -31 -20 -9 3 15 26 36 47 56 62 62 53 38 22 8 -2 -9 -17 -29 -43 -56 -63 -61 -54 -43 -31 -20 -9 2 14 25 36 47 57 62 61 53 40 24 10 -1 -9 -18 -30 -44 -57 -65 -63 -54 -41 -29 -20 -10 2 15 27 38 47 55 60 61 55 41 23 8 -3 -10 -17 -27 -42 -57 -65 -63 -54 -42 -31 -22 -12 0 14 28 40 50 58 63 62 53 38 21 7 -3 -9 -16 -28 -43 -57 -65 -63 -55 -43 -31 -19 -8 3 15 26 37 48 57 63 61 52 38 22 9 -1 -10 -19 -30 -44 -57 -64 -63 -54 -41 -29 -19 -10 1 14 27 39 49 57 62 61 53 38 21 6 62 11015 305 676
-60 -64 -58 -47 -35 -23 -12 -1 10 21 32 43 54 61 62 56 44 29 13 0 -8 -14 -22 -35 -50 -62 -64 -57 -46 -34 -25 -16 -4 10 23 33 42 52 59 61 56 44 31 18 7 -4 -16 -28 -40 -51 -59 -63 -59 -49 -37 -25 -16 -7 4 19 36 52 63 68 65 55 40 23 8 -2 -8 -13 -22 -35 -50 -61 -64 -58 -46 -33 -23 -15 -6 7 21 35 47 55 60 60 56 46 31 15 2 -8 -15 -24 -37 -51 -62 -65 -58 -47 -34 -24 -14 -3 9 21 33 44 54 61 62 56 45 29 14 2 -7 -14 -24 -37 -51 -62 -65 -58 -46 -34 -24 -15 -4 9 22 33 43 53 60 63 57 45 29 15 3 -7 -15 -25 -37 -50 -60 -64 -59 -49 -37 -25 -15 -4 9 22 34 45 54 61 62 58 46 30 13 1 -7 -14 -24 -37 -52 -63 -64 -58 -47 -35 -24 -14 -3 9 22 34 45 54 60 62 57 45 30 14 1 -8 -14 -23 -36 -51 -62 -64 -57 -47 -36 -27 -16 -3 10 22 34 45 55 62 63 56 43 28 15 4 -5 -15 -26 -39 -52 -62 -65 -59 -47 -34 -22 -13 -3 8 21 33 44 54 61 62 57 45 29 14 2 -7 -15 -25 -37 -51 -61 -63 -58 -48 -36 -24 -13 67 15106 305 676
56 61 61 52 37 20 7 -3 -10 -19 -29 -42 -55 -62 -61 -53 -40 -28 -19 -11 -1 12 26 39 50 58 62 61 53 38 22 7 -3 -10 -18 -30 -44 -57 -64 -63 -55 -42 -29 -17 -6 3 13 25 38 50 58 61 59 52 38 22 6 -4 -9 -14 -24 -42 -60 -69 -65 -53 -39 -29 -20 -9 3 17 28 38 47 56 63 62 53 37 20 6 -4 -10 -17 -28 -43 -56 -63 -62 -55 -44 -31 -19 -8 3 14 27 40 51 58 61 58 50 37 22 8 -2 -9 -16 -28 -43 -58 -65 -62 -53 -42 -32 -21 -10 2 14 26 38 51 62 66 62 50 35 21 8 -2 -10 -20 -32 -46 -57 -63 -61 -52 -42 -30 -19 -7 4 15 26 37 49 58 62 59 50 36 21 8 -2 -10 -18 -29 -43 -56 -63 -61 -53 -42 -32 -22 -10 3 15 27 39 49 58 62 60 52 39 22 7 -5 -12 -19 -28 -40 -54 -62 -62 -54 -43 -32 -22 -11 2 16 29 40 50 58 62 61 52 37 21 8 -1 -8 -17 -30 -46 -59 -64 -61 -53 -42 -32 -20 -8 5 18 28 37 46 56 63 63 54 38 20 5 -5 -11 -17 -28 -42 -55 -63 -62 -54 -43 -31 -20 -9 3 16 28 38 48 56 61 61 53 39 21 7 72 11397 305 676
61 61 56 45 31 17 4 -6 -14 -22 -35 -50 -62 -65 -59 -48 -36 -25 -16 -4 8 21 33 43 53 59 61 57 47 33 17 2 -8 -15 -23 -34 -49 -61 -65 -60 -49 -36 -25 -15 -5 6 18 31 44 55 62 64 59 47 31 15 2 -6 -12 -20 -35 -53 -67 -69 -61 -46 -33 -22 -13 -3 9 21 32 43 53 60 62 57 45 30 15 3 -6 -13 -23 -37 -50 -60 -62 -57 -49 -38 -27 -15 -3 8 19 30 43 54 61 62 57 47 34 19 4 -8 -16 -24 -35 -49 -62 -66 -61 -49 -35 -24 -14 -4 8 20 32 43 54 62 64 59 46 30 14 2 -7 -15 -25 -37 -50 -60 -63 -57 -47 -35 -25 -16 -6 7 21 34 45 53 60 62 57 46 31 15 3 -5 -13 -24 -38 -52 -62 -65 -59 -49 -36 -24 -13 -2 10 21 32 43 53 61 63 59 47 30 13 1 -7 -14 -22 -35 -50 -61 -65 -59 -48 -36 -24 -13 -2 8 20 32 43 53 58 58 54 47 36 23 8 -6 -18 -28 -40 -52 -62 -65 -59 -47 -35 -24 -14 -2 11 22 32 42 52 61 63 56 42 27 14 5 -3 -13 -24 -38 -52 -61 -64 -58 -47 -35 -24 -15 -4 8 22 33 44 52 59 61 57 45 30 15 3 77 8676 305 676
58 62 60 50 35 20 7 -2 -10 -18 -30 -45 -58 -65 -62 -52 -39 -28 -18 -8 3 14 25 36 47 57 63 61 52 37 21 7 -3 -11 -18 -28 -42 -57 -65 -64 -55 -42 -29 -18 -8 2 14 26 38 50 59 63 60 50 37 22 9 -1 -8 -14 -24 -40 -59 -71 -71 -59 -43 -28 -18 -8 4 17 29 40 49 57 62 60 51 37 23 11 1 -10 -21 -34 -48 -58 -63 -61 -53 -41 -29 -17 -7 4 15 27 38 50 59 64 61 50 34 19 6 -3 -10 -19 -30 -43 -55 -62 -61 -52 -40 -28 -18 -9 2 14 27 39 49 58 63 61 52 37 20 6 -5 -12 -19 -30 -43 -56 -62 -60 -52 -42 -31 -20 -9 2 14 27 39 50 59 63 60 51 36 20 6 -4 -11 -18 -29 -44 -58 -65 -62 -52 -40 -29 -19 -8 5 17 28 38 48 56 61 58 49 35 20 8 -2 -9 -17 -28 -42 -55 -62 -62 -54 -41 -29 -18 -9 2 13 26 38 49 58 62 60 51 37 21 9 -1 -9 -19 -32 -46 -58 -63 -60 -52 -41 -30 -19 -7 4 15 26 38 49 58 62 60 50 36 21 7 -3 -11 -19 -30 -44 -56 -62 -61 -53 -42 -31 -20 -7 5 17 29 40 51 59 62 59 49 35 20 7 82 14430 305 676
-65 -60 -49 -36 -24 -14 -3 9 21 33 44 53 60 61 56 44 29 14 2 -6 -12 -21 -34 -50 -61 -64 -59 -48 -36 -25 -15 -4 8 21 32 43 53 60 61 56 45 31 17 4 -5 -14 -23 -36 -51 -62 -65 -59 -46 -34 -24 -15 -4 8 19 29 39 51 62 68 63 48 29 12 1 -7 -13 -23 -36 -49 -60 -64 -60 -50 -38 -25 -13 -2 10 22 33 43 52 59 61 57 47 31 15 3 -6 -13 -23 -37 -51 -61 -64 -59 -49 -36 -23 -13 -3 7 18 31 43 54 61 64 60 49 31 12 -2 -9 -13 -20 -34 -50 -63 -65 -59 -47 -36 -26 -15 -3 8 20 32 45 56 62 62 55 43 29 15 3 -6 -14 -23 -36 -49 -60 -63 -59 -49 -37 -26 -15 -3 8 20 31 43 54 62 63 57 45 30 14 2 -6 -13 -23 -37 -51 -61 -63 -58 -49 -38 -26 -13 -1 10 20 30 43 54 61 62 56 46 32 17 3 -7 -14 -23 -36 -51 -63 -67 -61 -50 -37 -25 -12 1 13 23 31 41 52 61 64 59 46 29 13 0 -9 -16 -24 -35 -48 -59 -64 -60 -50 -37 -24 -13 -2 9 21 32 43 53 60 63 58 46 30 13 0 -8 -15 -24 -36 -50 -59 -61 -56 -47 -37 -27 -15 -3 87 6971 305 676
59 61 58 49 34 18 4 -5 -12 -21 -32 -46 -57 -61 -58 -49 -39 -29 -19 -8 4 17 29 41 51 58 62 59 49 34 18 4 -4 -10 -18 -30 -46 -59 -64 -60 -50 -39 -30 -21 -11 3 18 31 42 50 57 62 62 52 37 20 5 -4 -11 -19 -31 -46 -60 -68 -67 -58 -43 -27 -13 -2 8 19 31 44 54 60 61 57 47 33 17 4 -5 -11 -19 -31 -47 -59 -64 -59 -49 -38 -29 -19 -8 5 18 30 41 50 57 61 59 50 36 20 7 -4 -12 -21 -33 -48 -60 -65 -61 -50 -38 -27 -18 -8 5 18 31 42 51 58 62 59 49 34 17 4 -6 -13 -20 -31 -44 -56 -62 -61 -53 -41 -29 -17 -5 6 17 28 39 50 59 62 59 49 35 20 7 -4 -12 -22 -33 -46 -58 -64 -62 -53 -40 -28 -16 -5 7 20 31 40 48 55 60 59 50 36 20 7 -2 -10 -20 -35 -51 -62 -64 -58 -47 -37 -28 -20 -9 5 19 32 43 51 58 60 57 48 35 21 7 -5 -14 -23 -33 -46 -57 -62 -59 -50 -39 -29 -19 -8 5 18 30 40 49 58 62 61 51 35 19 5 -4 -12 -21 -33 -47 -59 -64 -61 -51 -40 -29 -19 -8 6 20 33 42 50 57 62 61 52 35 17 2 93 2652 305 676
55 61 62 56 43 27 12 1 -8 -17 -28 -42 -54 -62 -62 -56 -45 -34 -22 -11 0 11 22 33 45 56 64 64 56 41 25 10 0 -8 -17 -28 -40 -52 -60 -61 -56 -46 -34 -23 -13 -2 10 24 38 49 57 61 61 54 43 27 12 0 -10 -18 -28 -42 -57 -68 -67 -55 -37 -22 -14 -10 -5 5 19 34 46 55 60 61 55 43 27 12 1 -7 -15 -27 -41 -55 -64 -64 -56 -45 -33 -22 -10 2 15 25 35 44 54 62 63 55 41 23 9 -1 -8 -16 -26 -39 -53 -61 -62 -55 -44 -33 -23 -13 -1 12 24 35 46 55 62 62 54 40 24 11 1 -7 -15 -26 -40 -54 -62 -63 -56 -45 -33 -22 -11 1 13 24 35 45 55 63 63 55 40 23 10 1 -6 -15 -27 -40 -52 -60 -62 -57 -48 -36 -23 -10 1 11 22 34 46 57 63 63 55 42 26 11 0 -8 -16 -27 -40 -54 -64 -64 -57 -45 -33 -22 -11 0 13 25 37 47 55 61 61 55 41 25 10 0 -6 -15 -27 -42 -55 -62 -62 -57 -47 -35 -21 -9 1 10 21 34 48 58 62 60 54 44 29 11 -4 -13 -19 -26 -37 -51 -61 -63 -56 -45 -34 -24 -13 -1 11 24 36 47 57 63 62 55 41 25 11 98 2130 305 676
57 61 59 50 35 17 4 -5 -11 -19 -31 -47 -60 -66 -63 -52 -40 -27 -16 -6 6 18 31 43 53 59 61 58 49 34 18 5 -5 -12 -21 -34 -48 -59 -63 -59 -50 -40 -30 -19 -6 6 19 31 42 52 59 62 59 49 35 18 4 -4 -9 -16 -30 -50 -67 -72 -65 -50 -35 -24 -15 -4 8 20 30 40 49 57 62 60 51 36 18 4 -7 -13 -20 -31 -45 -59 -66 -63 -53 -39 -26 -15 -5 6 17 28 40 51 60 64 60 49 33 18 6 -3 -11 -21 -34 -49 -60 -64 -60 -51 -39 -27 -17 -6 5 17 30 42 53 60 62 58 47 33 18 6 -4 -11 -20 -33 -48 -60 -65 -61 -51 -39 -28 -17 -6 6 19 31 42 52 59 61 57 48 35 20 6 -5 -13 -22 -33 -47 -60 -65 -60 -49 -37 -27 -18 -7 6 20 31 41 49 57 62 60 50 34 17 4 -4 -11 -20 -33 -48 -60 -65 -62 -51 -37 -24 -15 -6 4 17 31 43 51 56 58 56 49 37 20 5 -5 -13 -21 -33 -47 -59 -63 -59 -50 -39 -28 -17 -6 6 17 29 41 52 59 61 58 49 35 18 3 -7 -13 -19 -30 -46 -61 -66 -61 -49 -38 -28 -18 -6 7 19 29 39 50 59 63 59 48 33 18 6 103 2559 305 676
-63 -62 -55 -43 -31 -20 -10 0 11 22 35 47 58 64 63 54 40 24 9 -2 -9 -17 -27 -41 -55 -64 -64 -55 -43 -32 -21 -11 1 14 26 36 46 55 60 61 54 42 27 12 0 -10 -19 -30 -43 -55 -62 -61 -54 -44 -34 -24 -13 -1 11 23 35 49 62 70 68 56 38 20 6 -4 -11 -18 -29 -43 -56 -64 -62 -52 -40 -30 -21 -12 0 13 25 36 46 56 64 64 55 38 21 7 -2 -9 -16 -27 -40 -53 -62 -63 -56 -44 -32 -21 -11 -1 11 25 38 49 59 63 61 52 38 22 9 0 -8 -17 -28 -42 -54 -63 -63 -56 -45 -33 -21 -10 2 14 26 37 47 56 62 62 54 39 23 9 -1 -8 -17 -29 -43 -55 -62 -61 -53 -43 -32 -22 -11 0 13 25 37 47 56 62 62 55 41 23 7 -4 -10 -17 -26 -40 -54 -63 -63 -55 -44 -32 -21 -10 2 14 25 35 45 54 62 63 55 41 25 10 -1 -10 -18 -29 -42 -54 -62 -62 -55 -44 -32 -21 -10 1 13 24 36 47 57 62 61 53 39 24 10 -1 -10 -18 -28 -41 -54 -62 -62 -55 -44 -32 -21 -10 2 13 24 35 45 55 62 63 56 41 24 9 -3 -11 -19 -28 -40 -53 -61 -62 -55 -44 -32 -22 -11 108 5801 305 676
61 62 57 45 30 16 4 -4 -12 -21 -33 -47 -59 -65 -61 -50 -36 -25 -16 -7 4 16 30 43 54 61 62 57 46 32 17 5 -3 -10 -20 -34 -50 -61 -64 -59 -49 -38 -28 -18 -6 7 20 32 42 52 60 63 59 48 33 17 3 -6 -12 -20 -33 -48 -62 -68 -63 -50 -36 -24 -14 -4 7 19 31 42 52 59 62 58 47 33 17 4 -6 -14 -23 -34 -47 -59 -64 -60 -50 -36 -24 -14 -5 5 18 31 43 52 58 61 57 47 31 15 3 -4 -10 -19 -33 -48 -59 -63 -59 -50 -39 -28 -16 -5 6 17 30 43 54 61 62 57 47 34 19 6 -4 -12 -22 -35 -51 -62 -65 -60 -49 -38 -27 -16 -4 9 21 32 42 51 58 62 58 48 33 18 4 -5 -14 -23 -36 -50 -60 -63 -58 -48 -37 -26 -15 -5 7 19 30 41 50 58 62 60 49 32 15 1 -6 -11 -18 -32 -48 -60 -64 -59 -50 -39 -29 -18 -6 7 19 31 43 54 62 64 59 48 32 15 2 -7 -13 -21 -34 -49 -61 -65 -59 -49 -38 -27 -16 -4 8 20 30 41 51 59 63 60 49 33 17 3 -6 -14 -23 -36 -50 -61 -63 -58 -47 -36 -25 -16 -6 5 17 30 42 53 61 63 58 47 32 16 3 113 4516 305 676
57 64 63 53 39 23 11 0 -9 -19 -31 -43 -55 -61 -61 -53 -43 -32 -21 -11 1 13 25 36 47 56 62 62 54 40 23 9 -1 -7 -15 -26 -42 -57 -66 -64 -55 -43 -31 -21 -10 1 13 24 36 47 58 64 64 55 41 24 8 -4 -11 -16 -24 -39 -56 -69 -69 -58 -42 -28 -18 -9 2 14 27 38 48 56 61 60 52 38 23 9 -1 -8 -16 -28 -43 -57 -64 -63 -54 -42 -31 -22 -11 1 14 26 37 49 58 63 61 52 38 23 9 -2 -9 -17 -27 -42 -56 -64 -63 -54 -42 -32 -22 -11 1 14 25 36 48 58 65 63 53 37 21 8 -2 -9 -17 -28 -42 -55 -63 -63 -55 -43 -32 -21 -10 1 14 26 37 47 55 61 61 54 41 25 10 -1 -9 -18 -30 -44 -57 -63 -61 -53 -42 -32 -22 -11 1 13 24 35 47 58 65 64 54 39 23 9 -1 -9 -18 -29 -43 -57 -64 -64 -55 -42 -30 -19 -9 2 15 28 39 48 55 59 58 52 40 25 9 -3 -11 -18 -28 -43 -59 -67 -62 -47 -32 -23 -19 -14 -5 9 23 35 45 54 61 62 54 41 24 10 -1 -9 -17 -28 -41 -53 -61 -62 -55 -44 -32 -21 -10 0 12 24 36 47 57 63 62 54 39 23 9 118 6945 305 676
60 62 56 44 30 17 6 -3 -13 -25 -39 -52 -62 -65 -60 -49 -36 -24 -14 -3 9 22 33 45 54 61 61 55 44 29 15 2 -8 -15 -24 -35 -48 -60 -65 -61 -51 -37 -25 -14 -2 11 23 34 45 53 60 62 57 46 31 16 3 -7 -15 -25 -39 -54 -66 -69 -61 -47 -32 -19 -9 0 9 20 31 42 51 59 62 59 48 32 16 1 -9 -17 -26 -38 -52 -61 -63 -57 -47 -36 -25 -14 -2 10 22 33 44 54 61 61 56 44 30 15 3 -7 -15 -24 -35 -49 -60 -63 -58 -48 -37 -27 -16 -3 11 23 32 41 51 60 64 60 47 29 13 2 -6 -13 -23 -37 -53 -64 -66 -58 -46 -33 -23 -15 -5 7 20 32 44 54 61 63 58 45 29 13 1 -6 -13 -23 -36 -51 -61 -64 -58 -48 -37 -27 -17 -5 8 22 34 44 54 61 64 59 46 29 13 2 -5 -12 -22 -35 -50 -62 -66 -61 -50 -38 -26 -15 -4 8 21 33 45 54 60 62 57 47 32 17 4 -5 -13 -23 -38 -53 -64 -66 -59 -48 -37 -26 -15 -2 10 21 32 42 54 63 65 58 45 29 14 2 -7 -14 -24 -36 -49 -60 -64 -58 -47 -35 -24 -15 -5 7 19 31 43 53 60 63 59 48 32 16 3 123 12248 305 676
57 59 57 49 37 21 6 -5 -13 -20 -31 -46 -58 -64 -60 -50 -39 -29 -20 -9 5 18 31 42 51 59 62 58 48 34 20 7 -2 -10 -19 -32 -47 -60 -65 -61 -50 -38 -28 -19 -9 4 18 30 40 50 58 62 59 49 34 19 7 -3 -10 -17 -28 -42 -57 -68 -67 -57 -42 -29 -18 -8 5 20 32 42 50 58 64 63 53 35 16 2 -7 -12 -20 -32 -46 -58 -64 -61 -53 -41 -29 -17 -6 6 18 30 42 53 60 62 58 49 35 19 4 -6 -13 -19 -30 -44 -59 -66 -63 -51 -38 -26 -17 -8 3 16 29 41 51 59 62 59 49 35 20 7 -3 -11 -20 -33 -48 -61 -66 -61 -50 -38 -27 -18 -7 5 18 30 40 50 58 62 60 50 34 18 5 -4 -11 -20 -32 -46 -58 -64 -61 -52 -40 -28 -17 -5 6 18 29 39 49 58 62 60 51 36 19 4 -7 -13 -20 -30 -44 -58 -65 -62 -50 -37 -27 -19 -10 3 18 32 42 50 57 61 60 50 34 18 5 -3 -9 -18 -31 -47 -59 -63 -60 -51 -41 -30 -19 -8 5 18 30 41 50 59 63 61 51 36 18 3 -6 -12 -19 -31 -46 -60 -65 -60 -50 -39 -29 -19 -7 5 17 29 40 51 60 63 59 48 33 19 6 129 6492 305 676
60 62 57 44 28 12 2 -5 -13 -25 -39 -53 -61 -62 -56 -47 -36 -26 -15 -3 10 23 34 44 53 60 63 58 45 28 12 0 -7 -14 -24 -37 -51 -62 -64 -58 -47 -34 -23 -12 -2 8 20 32 44 54 60 62 56 46 31 15 3 -6 -11 -20 -35 -53 -67 -71 -64 -50 -35 -22 -11 1 13 24 34 44 53 61 64 58 45 27 10 -1 -7 -13 -22 -37 -53 -62 -63 -56 -45 -35 -26 -16 -4 10 23 36 46 55 60 61 56 45 29 13 0 -8 -15 -24 -37 -52 -62 -64 -57 -46 -34 -23 -13 -3 9 20 32 43 54 62 64 58 45 29 13 1 -8 -15 -24 -37 -51 -61 -64 -58 -47 -35 -24 -13 -2 9 21 32 44 54 61 62 57 45 30 14 1 -8 -16 -24 -36 -50 -61 -64 -58 -47 -35 -24 -14 -4 9 22 34 46 56 61 61 54 42 28 15 4 -5 -14 -25 -38 -52 -62 -65 -59 -47 -34 -22 -12 -2 9 21 33 44 53 60 62 57 44 28 12 1 -6 -13 -24 -38 -53 -62 -63 -57 -47 -35 -23 -12 -2 8 20 32 44 55 61 61 56 45 31 15 2 -7 -15 -24 -37 -53 -64 -66 -58 -46 -34 -24 -13 -1 11 23 33 44 54 61 62 55 42 26 11 0 133 13555 305 676
57 61 59 51 37 21 6 -5 -12 -19 -30 -44 -58 -65 -62 -52 -39 -29 -19 -8 5 18 29 39 49 58 63 61 51 36 19 6 -4 -12 -20 -32 -46 -58 -64 -62 -52 -40 -28 -17 -7 4 16 29 41 50 57 60 59 53 39 21 4 -7 -11 -16 -28 -46 -63 -69 -64 -51 -38 -28 -18 -6 7 19 29 38 49 59 64 61 50 34 19 5 -6 -14 -22 -32 -43 -54 -60 -59 -52 -42 -30 -19 -8 4 16 29 41 52 59 61 58 49 36 22 8 -3 -12 -21 -32 -47 -59 -64 -61 -51 -39 -28 -17 -7 4 16 27 39 50 59 63 59 49 35 21 7 -4 -13 -21 -31 -44 -56 -63 -61 -52 -41 -30 -19 -7 6 19 29 39 49 58 63 60 49 34 18 5 -3 -10 -19 -30 -44 -57 -64 -63 -54 -40 -27 -17 -7 3 15 28 41 53 61 64 60 48 33 17 4 -4 -11 -19 -31 -46 -58 -63 -60 -51 -39 -29 -18 -8 4 16 29 40 51 59 62 59 49 34 19 6 -3 -10 -19 -32 -47 -60 -64 -60 -50 -38 -28 -19 -8 4 17 29 40 50 58 63 60 51 36 20 5 -5 -13 -21 -33 -46 -58 -64 -61 -51 -38 -26 -16 -6 4 16 28 39 50 58 62 59 49 34 18 5 139 1049 305 676
-64 -63 -54 -42 -30 -19 -9 2 14 26 38 48 55 60 59 53 41 25 10 -3 -12 -20 -30 -42 -53 -60 -60 -52 -42 -32 -22 -12 -1 13 27 39 48 56 60 60 53 39 23 8 -2 -8 -15 -26 -41 -54 -61 -61 -56 -47 -36 -23 -11 0 11 23 39 55 66 68 61 48 34 21 8 -2 -10 -18 -29 -42 -56 -63 -62 -53 -41 -30 -20 -10 1 13 24 35 47 58 63 62 53 39 24 10 0 -9 -19 -30 -44 -57 -63 -62 -53 -41 -30 -20 -10 2 14 25 36 46 56 62 62 53 39 23 9 -1 -9 -18 -28 -42 -55 -63 -63 -55 -43 -31 -19 -8 2 13 24 35 46 57 63 62 54 40 23 9 -2 -11 -19 -29 -41 -53 -61 -62 -55 -45 -34 -22 -10 4 17 27 36 45 55 62 62 54 39 23 10 -1 -10 -19 -30 -42 -54 -62 -63 -56 -45 -32 -20 -9 2 14 26 38 49 57 62 61 53 39 22 7 -3 -11 -18 -29 -43 -55 -61 -59 -51 -41 -31 -21 -11 0 11 23 36 49 59 64 61 52 38 23 9 -2 -10 -17 -28 -42 -55 -64 -63 -55 -42 -29 -19 -9 1 13 25 36 47 56 61 61 54 40 24 9 -2 -10 -18 -28 -42 -55 -63 -62 -54 -43 -31 -21 -10 144 12165 305 676
60 62 58 47 32 17 5 -4 -12 -21 -34 -48 -59 -62 -58 -49 -38 -27 -17 -6 6 19 31 41 50 56 60 58 48 34 18 5 -4 -11 -20 -32 -47 -58 -63 -60 -51 -39 -27 -15 -5 6 17 28 40 51 59 62 59 49 34 18 5 -3 -9 -18 -33 -51 -65 -69 -61 -49 -36 -25 -15 -4 8 20 30 40 50 58 61 58 47 32 16 3 -5 -10 -18 -31 -48 -61 -66 -60 -49 -37 -26 -17 -6 6 19 31 42 52 60 61 55 44 30 17 6 -2 -10 -20 -33 -47 -59 -64 -61 -51 -38 -25 -15 -5 5 16 28 40 51 60 63 58 48 33 18 4 -5 -13 -21 -33 -47 -59 -64 -59 -48 -36 -26 -17 -8 4 18 30 41 50 58 62 59 48 32 16 5 -3 -11 -22 -35 -47 -57 -61 -58 -50 -39 -26 -15 -4 6 17 28 38 47 55 60 60 51 35 19 7 -1 -10 -22 -38 -52 -60 -61 -57 -49 -39 -28 -16 -5 6 17 29 42 53 59 60 56 47 33 18 5 -4 -12 -20 -33 -48 -60 -63 -58 -48 -37 -28 -19 -8 6 20 33 43 51 57 61 59 49 32 16 3 -5 -11 -20 -34 -48 -59 -62 -58 -48 -37 -27 -16 -6 5 17 29 40 50 58 61 59 49 35 18 4 300 13001 305 676
-60 -63 -58 -48 -35 -23 -12 -2 9 21 33 45 54 59 60 55 44 29 14 2 -6 -13 -22 -36 -52 -62 -64 -58 -47 -36 -25 -14 -2 10 22 34 45 55 60 60 54 43 29 14 1 -7 -13 -22 -35 -50 -62 -64 -57 -46 -36 -26 -15 -2 10 19 28 39 54 68 72 64 45 24 8 -1 -7 -15 -26 -40 -53 -61 -62 -56 -45 -34 -24 -14 -2 11 24 34 43 52 59 62 57 44 27 11 1 -6 -13 -23 -36 -50 -60 -63 -57 -47 -35 -24 -13 -3 8 19 31 43 54 63 66 60 45 27 10 -2 -9 -15 -24 -36 -49 -59 -62 -58 -48 -36 -24 -13 -2 10 21 33 44 54 61 62 55 43 27 13 2 -7 -15 -25 -38 -50 -60 -62 -57 -46 -35 -24 -14 -3 9 22 34 45 53 60 61 56 43 27 12 2 -6 -13 -24 -37 -51 -61 -63 -57 -46 -34 -24 -14 -4 8 22 35 46 54 59 61 56 45 29 12 -1 -9 -16 -24 -36 -50 -59 -62 -57 -47 -35 -24 -13 -2 10 22 33 43 52 59 62 57 45 29 13 0 -8 -15 -24 -36 -50 -61 -64 -58 -47 -35 -23 -13 -2 10 22 33 43 52 58 60 56 46 32 16 3 -8 -17 -26 -38 -51 -61 -65 -59 -47 -34 -22 -11 301 12230 305 676
54 60 61 56 43 27 11 0 -7 -13 -24 -39 -54 -64 -64 -56 -45 -34 -24 -13 0 12 24 35 45 55 62 62 54 40 25 12 2 -6 -14 -25 -39 -53 -62 -63 -57 -46 -33 -22 -12 -2 8 20 33 46 56 62 61 54 42 28 14 3 -5 -12 -23 -39 -57 -68 -68 -58 -44 -32 -23 -12 0 13 25 34 43 53 61 63 56 42 25 10 0 -7 -13 -22 -37 -52 -63 -65 -58 -47 -35 -24 -13 -1 12 24 35 45 55 61 62 56 43 27 12 -1 -10 -17 -26 -38 -51 -61 -62 -55 -45 -34 -24 -14 -2 12 24 35 45 54 60 61 55 43 27 12 -1 -10 -17 -25 -36 -50 -61 -63 -57 -45 -33 -23 -13 -2 11 24 34 44 53 61 62 56 42 26 11 1 -7 -15 -26 -39 -52 -62 -63 -56 -44 -32 -23 -13 -2 12 25 35 43 50 58 62 58 44 26 10 1 -6 -13 -25 -40 -53 -61 -63 -57 -46 -33 -21 -11 -2 8 22 35 45 52 57 61 60 49 29 9 -5 -10 -13 -23 -38 -54 -63 -61 -54 -45 -35 -25 -13 -1 11 22 34 45 55 61 62 56 43 28 12 0 -9 -16 -26 -39 -53 -63 -63 -56 -44 -33 -23 -12 -1 11 24 35 45 54 60 61 55 42 26 12 301 15542 305 676
-62 -54 -44 -34 -23 -11 1 14 24 34 44 54 60 60 53 41 27 13 1 -8 -16 -25 -37 -50 -61 -64 -58 -47 -33 -21 -10 1 12 22 33 44 55 61 60 53 41 28 14 2 -8 -16 -25 -37 -52 -63 -65 -56 -43 -32 -24 -15 -3 12 24 33 42 53 64 68 59 41 22 8 1 -4 -12 -25 -40 -53 -63 -65 -60 -48 -34 -21 -10 0 11 24 36 47 56 61 61 55 43 26 11 0 -8 -15 -25 -40 -55 -64 -63 -55 -44 -34 -23 -12 0 12 23 34 46 57 63 62 53 40 26 12 1 -9 -17 -26 -39 -54 -64 -64 -56 -43 -31 -22 -12 -1 12 25 36 46 55 61 61 53 40 25 12 2 -7 -16 -28 -41 -54 -61 -62 -55 -44 -32 -21 -11 -1 10 23 35 46 55 61 62 56 42 24 9 -1 -7 -13 -25 -40 -54 -62 -61 -55 -46 -35 -24 -11 1 12 23 35 47 57 61 60 54 42 28 12 -1 -10 -17 -26 -39 -52 -62 -63 -56 -45 -33 -21 -10 1 12 23 35 46 55 60 59 52 41 27 13 0 -8 -15 -23 -36 -52 -64 -66 -58 -45 -32 -21 -13 -2 11 24 36 46 54 60 62 55 42 26 11 1 -6 -15 -27 -41 -54 -62 -63 -57 -47 -34 -21 -10 0 302 3671 305 676
57 60 58 49 35 19 5 -4 -12 -20 -31 -45 -57 -63 -61 -51 -38 -27 -18 -8 3 17 32 43 53 59 61 58 48 32 16 3 -5 -11 -19 -30 -44 -56 -62 -60 -52 -42 -30 -18 -5 7 18 29 39 49 59 63 60 50 34 18 5 -4 -10 -19 -32 -48 -62 -68 -63 -50 -36 -25 -16 -7 4 17 30 41 51 59 63 60 50 34 16 2 -6 -11 -17 -30 -45 -59 -65 -62 -52 -40 -28 -17 -6 5 17 29 41 52 60 63 58 48 33 18 5 -4 -10 -18 -30 -45 -58 -63 -60 -51 -40 -30 -19 -7 4 15 26 37 49 60 64 62 51 37 22 9 -1 -12 -24 -38 -51 -60 -62 -57 -49 -39 -29 -18 -7 5 16 28 40 50 58 62 60 51 37 21 6 -4 -11 -20 -33 -48 -60 -64 -61 -52 -42 -30 -18 -5 8 19 29 41 54 63 64 58 45 31 18 7 -3 -11 -22 -35 -48 -59 -63 -59 -49 -37 -26 -16 -6 4 15 27 40 52 61 63 58 47 33 19 7 -3 -12 -21 -33 -47 -59 -65 -62 -52 -39 -27 -16 -5 6 17 28 40 52 61 64 59 48 33 18 6 -4 -13 -22 -33 -45 -57 -63 -61 -52 -39 -27 -16 -6 4 16 28 40 51 59 63 60 50 35 19 5 303 14323 305 676
59 62 57 47 33 19 7 -3 -13 -24 -36 -49 -60 -63 -59 -50 -38 -27 -16 -4 8 20 31 41 51 59 63 60 48 31 15 3 -5 -12 -21 -33 -48 -60 -63 -59 -48 -37 -26 -16 -6 6 17 29 41 52 61 64 59 47 33 19 5 -6 -15 -24 -34 -47 -60 -68 -65 -51 -32 -18 -10 -5 3 16 31 43 50 55 58 57 49 35 18 4 -5 -11 -20 -34 -49 -60 -63 -59 -49 -38 -27 -16 -5 7 19 31 41 50 57 60 57 49 35 20 6 -5 -14 -23 -35 -49 -60 -64 -60 -49 -37 -26 -16 -5 6 18 30 41 51 59 62 59 48 33 16 3 -6 -12 -20 -32 -47 -60 -65 -61 -50 -37 -25 -15 -5 7 18 29 39 50 59 63 59 49 34 18 5 -4 -12 -21 -34 -49 -61 -64 -59 -49 -37 -27 -17 -7 5 18 30 42 53 60 63 59 49 34 18 4 -6 -13 -21 -32 -47 -60 -65 -61 -50 -37 -26 -16 -6 6 17 30 43 54 61 61 55 45 32 19 7 -3 -12 -22 -34 -49 -61 -65 -59 -49 -37 -27 -16 -5 7 18 28 39 51 60 63 59 48 33 19 5 -5 -14 -22 -33 -47 -59 -65 -61 -50 -37 -25 -16 -7 4 18 31 43 52 58 61 58 49 35 18 4 304 1864 305 676
62 62 57 46 32 17 3 -8 -15 -24 -37 -51 -62 -64 -58 -47 -35 -25 -14 -3 9 20 31 42 53 61 63 57 45 29 14 2 -6 -14 -23 -36 -50 -60 -63 -58 -48 -36 -25 -13 -2 10 22 32 42 50 57 60 57 46 30 12 -1 -6 -8 -13 -28 -49 -65 -69 -62 -48 -36 -26 -17 -4 9 22 32 42 52 60 63 58 46 31 16 4 -6 -15 -25 -38 -51 -60 -62 -58 -48 -37 -25 -14 -3 9 20 32 44 53 59 60 55 44 30 15 2 -6 -12 -20 -32 -48 -60 -65 -60 -49 -37 -25 -15 -4 7 19 31 43 54 62 64 59 46 30 14 2 -7 -14 -24 -36 -49 -59 -62 -58 -50 -39 -28 -16 -3 11 24 36 46 54 59 60 55 45 30 14 1 -7 -13 -21 -35 -50 -61 -64 -59 -48 -37 -26 -14 -2 10 22 32 42 53 61 63 57 44 28 14 3 -5 -12 -22 -36 -50 -61 -64 -59 -49 -37 -25 -14 -3 9 20 32 43 53 60 62 57 45 30 14 2 -6 -13 -22 -35 -50 -62 -65 -59 -47 -36 -26 -16 -5 9 23 34 43 50 57 62 59 49 33 16 3 -6 -14 -25 -39 -53 -62 -63 -57 -48 -37 -26 -15 -3 10 23 34 45 53 60 61 57 46 31 15 2 304 10864 305 676
60 62 57 45 30 15 2 -7 -14 -22 -33 -48 -60 -65 -61 -49 -36 -24 -14 -3 8 20 31 42 53 61 64 58 45 29 14 3 -5 -13 -24 -37 -51 -60 -63 -58 -48 -37 -26 -15 -3 9 20 32 43 53 60 62 58 47 31 14 0 -8 -13 -19 -32 -51 -66 -70 -61 -47 -34 -23 -13 -2 10 21 31 42 52 61 64 58 46 30 14 2 -6 -13 -23 -36 -51 -62 -64 -59 -50 -40 -30 -16 0 15 27 35 43 52 59 61 56 44 29 14 2 -8 -15 -23 -35 -49 -61 -65 -59 -47 -35 -25 -15 -5 8 22 35 45 53 58 60 57 46 31 16 3 -5 -13 -23 -37 -52 -63 -65 -59 -50 -38 -27 -14 -1 12 23 33 44 53 60 61 55 44 30 16 4 -6 -14 -24 -37 -50 -61 -63 -57 -47 -36 -26 -16 -5 8 21 32 43 53 61 64 59 47 31 15 2 -7 -14 -24 -37 -51 -62 -65 -59 -47 -35 -24 -14 -3 8 21 33 43 53 60 62 57 45 30 14 1 -7 -14 -22 -34 -48 -59 -63 -59 -50 -38 -27 -15 -3 10 22 33 44 53 59 61 56 45 30 15 3 -6 -13 -22 -36 -51 -61 -63 -57 -47 -37 -27 -17 -5 8 20 33 44 55 63 65 58 45 28 12 1 304 13664 305 676
61 63 57 44 28 12 1 -7 -14 -24 -36 -50 -60 -63 -59 -48 -36 -24 -14 -3 9 22 34 45 54 61 62 56 44 28 13 1 -7 -14 -23 -36 -50 -61 -64 -59 -48 -36 -24 -13 -2 9 21 33 45 55 61 62 57 46 30 12 -2 -10 -14 -21 -34 -52 -65 -68 -59 -45 -33 -24 -15 -3 11 24 34 44 54 62 64 57 43 26 12 2 -6 -14 -25 -39 -53 -61 -62 -56 -45 -35 -25 -15 -3 9 22 34 44 53 60 63 58 46 29 13 0 -7 -13 -24 -38 -54 -64 -65 -57 -46 -34 -24 -13 -2 11 23 34 45 54 61 61 56 44 29 14 1 -8 -15 -25 -37 -51 -61 -63 -58 -48 -36 -24 -12 -1 11 22 33 44 55 61 61 54 42 29 15 3 -7 -16 -26 -38 -50 -60 -62 -58 -48 -36 -25 -14 -1 11 23 34 44 53 60 62 56 44 28 13 2 -6 -14 -24 -38 -52 -61 -63 -57 -47 -37 -27 -15 -3 11 23 34 44 54 61 63 57 45 30 13 0 -9 -16 -25 -37 -51 -61 -64 -58 -47 -36 -24 -13 -1 11 23 34 45 55 62 63 56 43 27 12 -1 -9 -16 -24 -37 -51 -61 -62 -55 -45 -35 -26 -16 -3 11 23 33 43 52 60 63 58 45 28 12 1 0 1727 304 15136
60 61 55 43 28 13 2 -5 -13 -24 -39 -54 -63 -63 -56 -44 -33 -23 -13 -3 8 20 31 44 55 62 62 55 43 29 15 3 -6 -14 -24 -37 -52 -64 -66 -59 -46 -34 -24 -15 -3 12 25 35 44 53 61 64 59 45 27 11 0 -8 -15 -25 -38 -53 -64 -68 -62 -48 -31 -16 -5 2 10 20 31 43 54 60 61 54 42 26 12 2 -5 -13 -24 -38 -52 -62 -64 -58 -47 -35 -23 -12 -1 10 22 34 45 55 61 62 56 43 27 11 -1 -9 -15 -24 -37 -51 -61 -63 -57 -46 -34 -24 -13 -2 11 22 33 43 53 61 63 57 43 27 13 3 -4 -14 -27 -42 -54 -61 -61 -56 -47 -36 -25 -13 0 11 23 34 44 54 61 62 56 44 28 13 1 -8 -15 -25 -37 -51 -62 -64 -58 -46 -33 -22 -13 -3 9 21 33 44 54 60 61 55 44 29 15 2 -7 -15 -25 -39 -53 -63 -63 -54 -41 -31 -25 -18 -8 7 23 36 46 55 62 64 57 44 27 12 1 -6 -14 -25 -38 -52 -61 -63 -57 -46 -34 -24 -14 -4 9 22 34 45 53 60 64 59 46 28 11 0 -7 -13 -24 -39 -54 -62 -63 -57 -47 -37 -25 -13 -1 11 22 35 47 58 62 60 53 41 28 14 2 0 3977 304 15136
53 61 63 57 43 26 10 0 -7 -14 -25 -40 -54 -63 -63 -55 -44 -33 -23 -12 -1 11 23 34 44 52 59 61 56 44 28 12 1 -7 -14 -24 -39 -53 -62 -64 -58 -47 -35 -22 -11 0 10 22 34 46 55 61 61 55 43 27 11 0 -5 -11 -22 -40 -59 -68 -65 -54 -41 -31 -23 -13 -1 11 22 33 44 55 63 64 56 42 25 11 0 -7 -15 -26 -39 -52 -60 -61 -56 -46 -35 -23 -12 -1 10 21 33 44 55 61 62 56 43 26 10 0 -5 -11 -22 -38 -55 -64 -64 -56 -46 -36 -25 -13 0 12 23 34 45 55 62 63 56 42 26 10 -1 -8 -14 -23 -36 -52 -63 -65 -57 -45 -33 -23 -13 -2 11 23 34 45 55 61 62 55 42 27 12 0 -8 -14 -23 -36 -51 -62 -65 -58 -46 -34 -23 -14 -4 9 22 35 47 56 61 62 57 45 29 13 0 -8 -15 -26 -40 -55 -64 -64 -56 -44 -33 -23 -13 -1 12 23 33 44 55 63 64 57 41 24 10 0 -7 -15 -26 -39 -52 -61 -62 -56 -45 -33 -22 -14 -4 8 22 36 48 56 61 61 55 43 27 11 -1 -8 -15 -24 -37 -51 -61 -64 -58 -47 -35 -24 -14 -2 11 24 36 46 55 62 63 57 43 26 9 0 6051 304 15136
56 61 61 54 41 26 11 0 -9 -17 -27 -41 -53 -62 -62 -55 -44 -33 -22 -11 0 12 24 36 47 56 62 61 53 40 24 10 0 -7 -15 -26 -40 -54 -62 -62 -54 -44 -33 -24 -13 -1 12 24 34 44 54 61 64 57 44 27 12 1 -6 -14 -26 -43 -60 -70 -68 -57 -42 -29 -19 -9 2 14 25 35 46 56 62 62 54 40 25 11 0 -9 -18 -28 -41 -53 -62 -62 -55 -44 -32 -22 -11 0 12 23 36 47 58 63 62 53 39 24 11 1 -8 -17 -28 -41 -54 -63 -64 -56 -44 -31 -20 -10 0 11 24 37 49 57 61 59 51 40 26 11 -1 -10 -18 -27 -40 -53 -62 -62 -55 -43 -32 -21 -11 0 12 23 34 44 54 61 62 56 43 26 11 -1 -9 -16 -26 -41 -55 -64 -63 -55 -43 -32 -22 -12 -1 11 23 35 47 58 64 64 55 41 24 9 -2 -9 -17 -27 -41 -54 -62 -62 -54 -44 -33 -22 -11 1 12 23 34 45 56 63 63 55 40 24 10 1 -6 -15 -27 -42 -56 -63 -62 -55 -45 -33 -22 -11 0 11 23 36 48 58 63 61 53 40 24 10 -1 -8 -15 -25 -39 -54 -63 -63 -56 -46 -34 -23 -12 1 13 25 36 46 56 62 63 56 42 25 9 0 12027 304 15136
-63 -56 -45 -33 -22 -12 0 13 25 36 46 56 63 63 55 41 24 10 -1 -9 -17 -27 -40 -53 -61 -63 -58 -48 -36 -23 -10 3 15 27 37 46 55 61 61 53 41 26 12 1 -8 -17 -28 -42 -54 -62 -62 -55 -44 -34 -24 -13 -1 12 23 34 45 57 66 68 59 43 25 8 -4 -13 -20 -29 -41 -53 -62 -62 -56 -44 -32 -20 -10 0 11 23 35 47 57 63 62 54 41 25 11 1 -8 -16 -27 -42 -56 -64 -64 -55 -43 -33 -23 -13 -1 13 26 37 48 57 62 62 55 41 25 10 -2 -10 -18 -27 -40 -54 -62 -62 -54 -42 -31 -23 -14 -3 11 24 36 46 55 62 64 58 44 26 10 -1 -9 -17 -27 -40 -54 -64 -65 -58 -45 -31 -21 -12 -1 12 26 39 49 56 61 61 54 41 25 10 -1 -9 -16 -27 -40 -53 -62 -63 -57 -45 -33 -21 -10 1 12 24 35 45 55 62 63 56 42 25 10 0 -7 -15 -27 -41 -56 -65 -65 -57 -44 -32 -21 -11 0 12 26 38 48 56 60 60 53 41 26 11 0 -8 -15 -27 -41 -56 -64 -63 -55 -44 -33 -23 -12 0 13 25 37 47 55 60 60 55 43 27 10 -3 -11 -16 -25 -39 -53 -63 -63 -55 -44 -33 -23 -12 0 0 14865 304 15136
57 62 62 55 40 23 8 -2 -9 -16 -28 -44 -58 -65 -64 -55 -44 -32 -20 -8 3 14 25 36 48 58 63 62 55 42 25 10 -1 -10 -18 -30 -45 -59 -65 -63 -53 -41 -30 -21 -11 0 12 25 37 49 58 63 63 55 41 24 9 0 -6 -13 -26 -46 -64 -72 -68 -55 -40 -28 -18 -8 4 16 28 38 47 55 60 60 54 40 24 8 -3 -11 -19 -29 -42 -55 -62 -61 -54 -43 -32 -22 -11 1 14 26 38 49 58 63 61 53 38 21 7 -2 -8 -16 -29 -44 -57 -62 -58 -51 -42 -34 -25 -13 1 15 26 36 47 57 64 63 54 38 21 9 0 -7 -16 -28 -43 -55 -62 -61 -55 -45 -34 -22 -10 2 13 24 35 46 55 61 62 55 42 26 11 0 -8 -16 -28 -44 -57 -64 -62 -54 -45 -35 -24 -11 3 16 27 37 47 57 63 62 54 39 22 8 -2 -8 -15 -26 -41 -55 -64 -62 -54 -44 -34 -24 -12 2 16 28 39 49 58 62 61 52 38 22 9 -1 -9 -18 -30 -44 -57 -64 -62 -53 -41 -30 -20 -11 0 12 25 37 48 57 63 62 54 40 22 6 -5 -12 -17 -26 -40 -55 -63 -62 -53 -41 -31 -22 -12 0 13 26 37 47 57 63 62 53 37 21 8 1 3218 304 15136
-64 -62 -54 -42 -31 -20 -8 4 16 26 36 46 55 62 62 54 40 23 8 -2 -9 -17 -29 -43 -57 -65 -64 -56 -43 -30 -18 -8 2 13 26 39 50 58 61 59 52 39 23 8 -3 -9 -16 -27 -42 -57 -65 -63 -55 -44 -33 -21 -9 2 12 24 38 54 66 69 62 47 32 18 7 -2 -10 -20 -31 -44 -56 -62 -59 -50 -40 -31 -21 -9 4 16 26 37 48 58 63 60 50 35 20 8 -1 -10 -19 -30 -44 -57 -63 -61 -52 -39 -28 -19 -9 2 14 26 37 47 56 61 60 52 39 23 9 -3 -12 -20 -29 -42 -55 -63 -63 -54 -42 -30 -20 -9 3 16 30 41 50 56 59 58 51 38 23 9 -2 -10 -18 -29 -43 -56 -64 -63 -55 -43 -30 -18 -7 5 16 27 37 47 55 61 61 53 39 22 8 -2 -8 -16 -29 -45 -59 -65 -62 -53 -42 -31 -20 -9 2 14 26 38 50 59 62 59 51 38 23 8 -5 -13 -18 -27 -40 -55 -64 -62 -52 -39 -30 -23 -14 -1 14 28 39 49 58 64 62 51 36 20 7 -1 -8 -16 -27 -42 -55 -63 -63 -55 -43 -31 -19 -8 3 14 24 34 46 57 64 63 53 39 22 8 -2 -10 -17 -28 -43 -57 -65 -63 -52 -39 -27 -18 -10 1 6530 304 15136
59 63 59 50 36 21 8 -3 -11 -20 -30 -44 -57 -64 -63 -54 -42 -29 -17 -6 4 15 27 40 52 59 61 57 48 37 22 8 -4 -13 -20 -29 -41 -55 -64 -64 -55 -42 -29 -17 -6 4 15 27 38 48 57 62 61 53 38 20 4 -5 -9 -13 -25 -45 -63 -71 -66 -52 -37 -27 -18 -8 4 17 29 39 48 56 62 61 52 37 20 5 -4 -10 -18 -30 -45 -58 -64 -61 -52 -41 -31 -20 -8 5 18 29 39 48 56 61 60 51 36 21 8 -1 -9 -18 -31 -46 -58 -64 -62 -53 -42 -30 -19 -8 3 16 29 40 50 58 62 60 51 36 20 5 -5 -12 -19 -29 -42 -54 -62 -62 -54 -42 -30 -19 -9 1 14 27 40 51 60 64 62 52 36 19 4 -5 -10 -18 -29 -44 -58 -65 -62 -53 -41 -29 -18 -7 4 16 27 38 48 57 62 60 52 38 22 8 -4 -13 -21 -30 -43 -55 -63 -63 -54 -42 -29 -19 -8 3 16 28 39 49 57 61 60 52 38 22 7 -3 -11 -19 -31 -45 -58 -64 -61 -52 -41 -31 -20 -9 4 18 30 40 49 57 61 59 51 37 21 8 -3 -11 -20 -31 -45 -57 -63 -62 -53 -41 -29 -18 -7 4 15 26 37 48 58 64 62 52 36 20 6 1 12017 304 15136
59 63 60 50 35 20 7 -2 -10 -20 -33 -46 -57 -63 -61 -53 -42 -30 -18 -6 5 17 28 39 50 59 63 59 48 33 19 7 -1 -9 -19 -32 -46 -58 -63 -60 -52 -41 -31 -20 -7 6 18 28 38 48 58 63 60 50 35 20 7 -3 -10 -17 -28 -42 -58 -68 -67 -55 -40 -27 -17 -8 4 18 30 40 49 57 62 60 50 35 19 7 -2 -9 -19 -31 -46 -58 -63 -61 -53 -42 -31 -20 -8 5 18 29 38 49 59 64 62 51 36 20 7 -3 -12 -20 -31 -44 -56 -64 -63 -53 -41 -28 -18 -8 2 14 26 39 51 60 65 62 51 36 20 7 -2 -11 -21 -33 -47 -58 -64 -62 -53 -40 -28 -18 -9 3 16 30 43 52 58 61 59 51 37 20 5 -5 -11 -19 -32 -47 -60 -64 -59 -51 -41 -30 -18 -5 7 17 26 37 49 60 64 59 48 33 19 7 -2 -11 -19 -30 -43 -56 -64 -64 -55 -42 -28 -16 -6 5 17 28 39 49 56 60 58 50 37 21 8 -3 -10 -19 -31 -46 -58 -64 -62 -52 -40 -28 -17 -7 5 16 28 39 49 56 60 59 50 36 20 7 -2 -9 -18 -30 -46 -58 -64 -61 -52 -40 -29 -18 -8 3 15 27 39 50 59 63 60 50 36 20 7 1 15417 304 15136
58 62 61 52 38 21 7 -3 -10 -19 -32 -48 -61 -66 -62 -52 -41 -31 -19 -6 8 20 30 39 50 61 65 61 47 31 17 7 -1 -10 -21 -34 -47 -57 -62 -60 -52 -41 -29 -18 -7 4 16 28 39 50 59 62 60 51 37 21 6 -4 -11 -17 -28 -45 -61 -70 -68 -55 -39 -24 -13 -4 5 15 27 40 52 61 64 60 50 34 18 4 -6 -12 -19 -30 -45 -58 -64 -60 -51 -40 -30 -21 -9 5 20 31 41 49 57 62 60 51 35 19 6 -3 -11 -20 -32 -47 -59 -64 -61 -52 -39 -27 -15 -5 4 15 26 38 50 58 61 59 51 37 21 7 -4 -11 -20 -31 -45 -57 -63 -61 -52 -41 -30 -19 -7 4 17 29 41 51 58 61 60 52 38 21 5 -6 -14 -20 -31 -45 -58 -65 -62 -52 -39 -27 -17 -7 4 15 28 40 52 60 63 59 48 34 18 5 -4 -11 -18 -29 -44 -58 -65 -63 -53 -39 -26 -17 -7 3 15 29 40 50 57 61 59 52 38 21 5 -6 -13 -20 -30 -44 -58 -65 -62 -52 -39 -28 -18 -7 5 17 28 38 49 58 64 61 50 35 19 7 -2 -10 -20 -33 -47 -58 -64 -62 -53 -40 -27 -16 -7 4 16 28 40 51 59 63 60 50 35 19 6 2 84 304 15136
59 63 60 51 35 17 3 -6 -10 -18 -32 -49 -61 -63 -56 -46 -38 -31 -22 -9 6 18 28 37 48 58 63 60 49 35 20 7 -2 -11 -20 -32 -46 -59 -65 -62 -53 -40 -27 -16 -5 6 17 28 39 49 57 61 60 51 36 18 3 -6 -10 -14 -26 -43 -60 -68 -64 -52 -39 -28 -19 -8 5 18 30 40 50 57 61 59 49 34 18 5 -3 -9 -17 -29 -45 -59 -65 -62 -52 -40 -29 -19 -9 3 17 30 41 51 58 62 59 50 35 19 6 -3 -9 -17 -31 -47 -61 -67 -62 -52 -39 -27 -17 -7 5 17 29 40 50 58 62 60 49 34 18 6 -2 -10 -19 -32 -46 -58 -63 -61 -52 -40 -29 -18 -8 3 16 29 41 51 58 62 60 51 37 20 5 -5 -13 -21 -32 -46 -58 -64 -61 -51 -38 -27 -17 -8 3 16 29 41 51 58 62 60 50 35 18 5 -3 -9 -19 -32 -48 -60 -64 -60 -51 -39 -28 -18 -7 4 17 29 40 49 57 61 60 51 36 19 6 -3 -10 -21 -34 -48 -59 -62 -59 -51 -41 -30 -19 -7 5 18 31 42 51 58 60 57 48 34 19 6 -3 -10 -19 -31 -45 -57 -63 -61 -52 -40 -29 -19 -8 4 17 30 40 49 57 62 61 52 37 20 6 2 1508 304 15136
57 61 59 49 34 18 6 -3 -11 -21 -35 -50 -61 -64 -59 -49 -38 -28 -17 -6 7 19 31 41 51 59 62 59 50 34 18 4 -6 -13 -22 -34 -48 -60 -64 -60 -50 -38 -27 -17 -6 7 20 32 43 52 58 60 57 49 35 18 2 -8 -14 -19 -29 -44 -60 -68 -64 -51 -36 -24 -15 -6 5 17 28 40 51 61 66 61 48 31 15 4 -4 -11 -21 -34 -48 -58 -63 -59 -50 -39 -28 -17 -6 6 19 31 42 51 57 61 59 50 35 18 4 -5 -12 -20 -33 -48 -60 -64 -60 -51 -40 -29 -18 -4 9 21 32 41 50 57 62 59 49 34 17 3 -5 -12 -20 -32 -47 -60 -64 -61 -51 -38 -26 -15 -5 6 17 28 40 51 59 64 61 51 35 18 3 -7 -14 -22 -33 -47 -58 -63 -60 -50 -39 -28 -18 -7 6 20 32 43 52 59 62 59 49 33 16 3 -6 -12 -21 -34 -48 -59 -63 -60 -51 -39 -27 -16 -4 8 19 30 40 50 59 62 59 48 32 16 4 -4 -11 -20 -32 -47 -59 -65 -62 -52 -40 -28 -16 -4 9 22 33 43 50 56 60 57 48 32 16 3 -4 -10 -18 -32 -48 -61 -65 -60 -50 -39 -28 -17 -5 7 19 31 41 51 59 62 59 48 33 16 3 2 7983 304 15136
-62 -57 -47 -36 -26 -16 -5 7 20 31 42 51 59 63 59 47 30 14 2 -5 -12 -22 -35 -49 -59 -62 -58 -50 -38 -27 -15 -4 7 19 31 43 53 59 60 56 47 34 18 5 -6 -13 -22 -35 -50 -61 -63 -57 -47 -38 -29 -18 -5 8 18 27 38 52 65 69 62 47 31 18 6 -5 -17 -27 -38 -49 -59 -63 -60 -49 -37 -25 -16 -5 7 20 32 43 52 60 64 60 47 31 16 4 -5 -15 -26 -38 -50 -58 -61 -59 -50 -38 -25 -13 -2 8 19 31 43 53 58 59 56 47 34 18 3 -8 -15 -21 -32 -47 -60 -66 -61 -49 -36 -25 -15 -4 7 20 32 43 52 59 62 58 47 31 15 3 -5 -11 -21 -36 -51 -61 -63 -57 -47 -37 -27 -17 -5 8 21 33 43 52 58 60 56 46 32 17 4 -5 -13 -22 -34 -48 -58 -63 -61 -51 -39 -27 -16 -5 7 21 34 45 53 59 61 58 47 31 15 2 -6 -12 -22 -35 -50 -60 -64 -60 -51 -39 -26 -13 -2 9 19 30 42 53 61 63 58 46 31 16 3 -7 -14 -22 -33 -47 -59 -65 -62 -52 -39 -26 -14 -3 9 21 33 44 53 59 61 57 47 31 15 2 -6 -13 -22 -34 -49 -61 -65 -61 -50 -38 -26 -16 -4 2 13121 304 15136
61 62 56 44 30 17 5 -5 -15 -25 -36 -49 -60 -65 -62 -50 -37 -24 -13 -3 10 22 33 43 53 61 65 59 45 27 11 0 -6 -13 -23 -38 -52 -61 -63 -57 -46 -34 -23 -13 -3 8 19 30 42 53 61 63 57 45 30 16 4 -5 -13 -23 -37 -52 -64 -68 -62 -48 -33 -21 -11 -1 9 20 32 43 53 60 62 57 44 28 13 2 -5 -12 -23 -37 -52 -62 -64 -58 -48 -36 -25 -14 -1 11 23 33 42 52 59 62 57 46 30 14 2 -7 -14 -24 -37 -52 -62 -65 -59 -47 -34 -23 -13 -2 9 20 31 42 52 61 64 59 46 29 12 1 -7 -14 -23 -37 -51 -61 -64 -58 -47 -35 -23 -13 -3 8 19 31 43 54 62 63 56 44 29 15 3 -6 -14 -25 -38 -51 -60 -63 -58 -48 -36 -25 -15 -3 9 22 33 44 53 60 62 57 46 30 13 1 -7 -13 -23 -36 -51 -61 -64 -58 -49 -38 -26 -14 0 12 22 32 42 52 61 63 58 45 30 14 2 -7 -15 -25 -37 -51 -61 -64 -58 -47 -34 -22 -12 -2 7 18 30 43 54 61 62 57 45 30 14 1 -8 -14 -23 -35 -50 -61 -64 -59 -48 -36 -25 -13 -1 10 20 30 41 53 61 63 57 45 29 15 3 3 3574 304 15136
54 62 65 59 44 26 10 1 -5 -11 -23 -39 -55 -63 -63 -55 -45 -35 -25 -14 -3 9 20 32 43 55 63 64 58 46 29 13 0 -9 -16 -25 -37 -51 -61 -64 -57 -46 -35 -24 -14 -3 9 21 34 45 54 60 62 58 46 29 12 0 -6 -10 -20 -37 -57 -69 -68 -58 -45 -34 -24 -13 0 12 23 34 45 56 63 63 54 40 26 13 2 -7 -16 -26 -39 -51 -60 -61 -55 -46 -36 -26 -15 -2 11 23 33 43 53 61 64 58 44 27 12 1 -6 -13 -24 -38 -53 -63 -64 -57 -46 -34 -25 -15 -3 10 23 34 44 54 62 65 59 46 28 11 0 -8 -15 -25 -38 -51 -60 -63 -58 -47 -35 -23 -12 -2 9 20 32 44 55 62 63 58 45 29 13 1 -6 -14 -24 -39 -54 -64 -65 -57 -46 -35 -24 -14 -3 10 24 37 47 54 60 61 56 44 27 12 0 -7 -13 -23 -37 -52 -61 -63 -57 -46 -36 -25 -14 -2 9 21 32 44 55 62 63 57 44 28 13 1 -7 -14 -24 -38 -52 -62 -64 -58 -47 -35 -23 -13 -2 9 21 33 45 55 61 61 54 42 28 15 3 -6 -14 -24 -38 -52 -63 -64 -57 -45 -33 -24 -15 -5 8 22 34 45 54 60 62 57 45 30 15 3 4999 304 15136
56 62 62 55 42 25 10 -1 -9 -16 -27 -41 -54 -61 -61 -55 -46 -35 -23 -10 3 15 25 33 43 54 62 64 57 42 24 9 -2 -9 -17 -28 -41 -54 -61 -62 -56 -45 -33 -21 -10 1 12 24 35 45 54 60 62 56 43 26 9 -1 -6 -12 -24 -43 -61 -70 -67 -55 -42 -31 -21 -10 3 15 25 35 47 57 64 62 53 38 23 9 -3 -11 -18 -27 -39 -51 -60 -61 -55 -45 -34 -23 -12 1 14 25 35 45 55 61 61 54 40 24 10 0 -7 -14 -25 -39 -54 -63 -64 -57 -46 -34 -23 -12 1 14 26 36 46 55 62 63 56 42 25 9 -2 -10 -16 -26 -40 -54 -63 -63 -55 -44 -33 -23 -12 1 14 26 37 46 55 60 61 54 42 26 10 -2 -9 -16 -25 -38 -53 -63 -65 -57 -45 -33 -23 -13 -1 13 27 39 48 56 61 60 54 41 25 10 -1 -10 -18 -28 -40 -53 -61 -63 -57 -46 -34 -22 -10 2 15 26 36 46 55 61 62 55 41 24 10 -1 -8 -17 -29 -43 -56 -61 -60 -53 -44 -34 -23 -10 2 13 25 36 47 56 61 59 52 40 26 12 1 -8 -17 -27 -41 -55 -64 -64 -56 -45 -33 -22 -11 2 16 28 38 45 52 58 60 56 43 26 10 4 1389 304 15136
58 62 60 51 36 20 6 -4 -11 -20 -32 -46 -58 -63 -60 -52 -42 -31 -20 -8 6 19 30 40 50 58 63 60 51 36 19 5 -5 -12 -20 -32 -46 -58 -63 -60 -52 -41 -29 -17 -5 6 17 27 38 50 59 62 60 50 35 18 4 -4 -8 -15 -28 -46 -62 -68 -63 -51 -38 -28 -19 -8 4 17 29 40 51 59 63 61 52 37 19 4 -6 -12 -19 -31 -47 -60 -65 -61 -51 -40 -29 -18 -7 5 17 29 40 50 58 63 61 52 37 19 4 -5 -12 -19 -32 -47 -60 -65 -60 -50 -39 -29 -19 -8 5 18 30 41 50 58 62 60 50 35 18 4 -5 -11 -18 -30 -45 -58 -64 -61 -51 -41 -30 -20 -8 5 18 29 40 49 58 63 61 51 36 20 7 -2 -9 -20 -34 -50 -61 -65 -61 -54 -44 -32 -17 0 14 23 29 36 45 56 62 60 49 34 18 6 -3 -11 -20 -32 -45 -56 -63 -63 -54 -41 -27 -15 -5 5 16 29 41 51 58 60 58 49 36 20 5 -5 -12 -19 -31 -46 -59 -64 -59 -49 -38 -29 -19 -8 5 17 28 39 49 58 62 59 49 34 19 7 -2 -10 -19 -32 -46 -57 -63 -60 -51 -41 -30 -19 -7 4 15 25 37 50 61 66 62 50 35 19 7 5 4780 304 15136
59 64 61 50 34 18 6 -4 -13 -22 -34 -47 -58 -63 -60 -49 -37 -26 -17 -8 3 16 29 40 50 58 63 61 51 35 18 4 -5 -12 -20 -33 -47 -59 -64 -60 -50 -38 -26 -17 -7 4 16 29 41 51 57 60 57 49 36 21 8 -2 -10 -20 -33 -49 -63 -68 -62 -49 -35 -25 -17 -8 5 19 31 42 50 58 62 59 48 32 17 5 -4 -12 -22 -34 -46 -55 -59 -57 -50 -40 -29 -19 -8 3 16 29 40 50 58 62 60 51 37 20 5 -5 -13 -21 -33 -48 -59 -64 -59 -49 -38 -27 -17 -6 5 17 28 39 48 57 61 59 51 37 21 7 -5 -14 -22 -33 -45 -57 -64 -62 -53 -39 -26 -15 -6 4 16 28 40 51 59 63 61 50 34 18 4 -5 -12 -22 -34 -47 -57 -61 -59 -51 -40 -28 -17 -6 4 16 28 40 51 59 63 59 49 33 18 5 -3 -10 -20 -32 -46 -58 -63 -62 -54 -42 -28 -16 -4 6 17 28 39 50 59 63 60 50 35 18 4 -5 -12 -20 -32 -46 -58 -64 -61 -52 -40 -27 -16 -5 5 17 28 40 50 58 62 59 50 35 20 7 -3 -11 -20 -33 -47 -59 -64 -61 -52 -39 -27 -16 -6 5 17 29 40 50 57 62 60 51 37 20 6 5 6280 304 15136
58 61 58 49 35 20 6 -4 -12 -20 -31 -46 -60 -65 -62 -52 -39 -28 -17 -5 7 19 29 39 50 59 63 59 48 34 19 7 -3 -12 -22 -34 -47 -58 -63 -60 -50 -38 -27 -16 -6 4 16 28 41 52 58 60 56 48 36 21 6 -6 -12 -17 -28 -44 -61 -68 -63 -51 -37 -27 -18 -8 5 18 29 39 50 60 64 59 48 34 21 8 -3 -13 -23 -34 -47 -58 -64 -61 -51 -38 -27 -18 -8 4 17 30 41 51 59 64 61 51 36 18 3 -7 -14 -22 -34 -47 -59 -63 -58 -49 -38 -28 -19 -8 5 18 31 42 52 58 61 58 49 35 19 4 -6 -13 -20 -31 -45 -58 -64 -61 -51 -39 -28 -17 -6 5 17 28 39 51 60 65 61 49 33 17 5 -4 -11 -21 -34 -48 -59 -63 -60 -51 -40 -28 -16 -5 6 18 29 40 49 57 60 59 50 36 19 4 -5 -12 -19 -31 -46 -59 -64 -60 -51 -40 -30 -19 -7 6 19 30 41 51 59 62 58 48 34 19 6 -4 -12 -20 -31 -44 -57 -63 -62 -53 -41 -29 -18 -7 5 18 30 41 50 59 63 61 51 36 20 6 -4 -13 -22 -34 -47 -60 -66 -62 -51 -37 -24 -15 -7 2 14 28 41 53 61 65 62 51 34 16 2 5 8180 304 15136
58 61 58 47 32 17 4 -5 -12 -21 -33 -47 -60 -65 -61 -50 -37 -25 -15 -6 5 17 30 42 52 60 62 59 49 34 17 3 -6 -12 -20 -32 -48 -61 -66 -60 -49 -38 -29 -19 -6 9 22 32 41 51 61 66 62 49 31 15 3 -5 -13 -23 -37 -53 -66 -69 -61 -46 -29 -17 -10 -4 4 16 29 41 51 58 61 57 47 32 16 4 -5 -12 -21 -34 -48 -59 -63 -59 -49 -37 -26 -17 -6 6 19 30 41 51 60 63 60 48 32 16 3 -5 -12 -21 -33 -48 -61 -66 -61 -50 -37 -26 -16 -6 6 20 32 42 51 59 63 60 48 31 15 3 -5 -11 -21 -35 -50 -60 -63 -58 -49 -38 -27 -16 -5 6 17 30 43 54 61 63 58 48 34 17 3 -7 -14 -21 -33 -47 -60 -65 -61 -51 -39 -27 -17 -5 7 19 32 44 54 60 62 57 47 33 17 3 -7 -14 -21 -34 -50 -63 -66 -59 -47 -36 -26 -16 -4 10 21 31 40 50 59 62 56 45 30 17 5 -4 -12 -22 -34 -47 -58 -62 -59 -50 -39 -27 -16 -4 7 19 31 41 51 58 61 58 47 33 17 5 -5 -13 -22 -34 -47 -58 -63 -60 -51 -39 -27 -15 -4 7 18 30 42 52 59 62 58 48 33 17 4 5 13880 304 15136
60 63 58 47 32 18 5 -4 -13 -22 -35 -49 -61 -67 -62 -50 -36 -23 -14 -5 5 17 30 42 52 59 62 59 49 33 16 3 -5 -11 -20 -34 -50 -61 -64 -59 -50 -40 -29 -17 -5 7 18 29 41 53 62 65 61 51 35 18 3 -8 -15 -22 -34 -50 -64 -69 -62 -48 -34 -22 -14 -6 5 17 29 41 51 60 63 60 50 34 19 6 -4 -13 -24 -37 -51 -60 -63 -58 -50 -39 -28 -17 -5 7 18 29 42 53 63 66 61 48 32 15 2 -7 -13 -22 -34 -48 -59 -63 -59 -50 -38 -26 -16 -6 6 18 30 43 53 60 62 58 47 32 16 4 -5 -12 -21 -34 -49 -60 -64 -60 -50 -39 -27 -15 -5 6 16 28 41 53 61 64 60 48 32 16 2 -7 -13 -21 -32 -46 -58 -63 -60 -50 -38 -26 -17 -7 4 16 29 41 52 59 61 57 47 34 19 7 -2 -10 -20 -33 -48 -59 -63 -59 -50 -40 -30 -18 -6 6 17 26 37 49 61 66 62 49 33 18 8 0 -9 -21 -37 -52 -63 -66 -61 -51 -38 -26 -15 -4 7 19 31 42 51 59 62 59 48 31 15 2 -5 -11 -19 -32 -48 -60 -63 -58 -48 -38 -28 -17 -5 8 19 29 40 52 61 64 58 46 31 18 6 5 14355 304 15136
51 59 62 58 47 32 16 2 -7 -13 -21 -33 -47 -58 -62 -59 -49 -38 -26 -15 -4 8 19 30 41 51 58 60 56 47 34 18 4 -6 -14 -23 -35 -50 -62 -65 -59 -47 -34 -23 -13 -3 6 17 28 39 50 58 63 61 50 33 14 0 -6 -9 -17 -34 -54 -68 -67 -56 -43 -33 -26 -17 -5 9 20 30 39 50 59 63 59 48 33 18 5 -6 -14 -24 -35 -48 -58 -63 -59 -50 -39 -28 -17 -6 7 20 32 43 53 60 63 59 48 32 15 2 -6 -11 -20 -35 -51 -64 -67 -59 -47 -36 -26 -16 -5 7 19 31 42 53 61 64 59 46 30 14 3 -5 -12 -21 -34 -49 -62 -66 -60 -48 -36 -26 -16 -5 8 22 33 43 52 60 63 58 46 30 15 4 -4 -12 -22 -35 -49 -60 -65 -61 -50 -37 -25 -14 -4 7 19 30 41 51 60 64 60 48 32 17 6 -4 -14 -26 -38 -50 -59 -63 -60 -51 -38 -25 -13 -3 7 19 31 43 52 60 62 58 48 32 15 3 -5 -11 -19 -32 -48 -61 -66 -62 -51 -39 -27 -16 -6 7 20 33 44 53 59 61 57 47 33 18 5 -4 -12 -22 -36 -50 -61 -64 -60 -51 -40 -28 -16 -4 8 19 30 42 52 60 63 59 48 33 17 5 15954 304 15136
63 64 58 45 29 14 3 -5 -11 -21 -35 -50 -61 -63 -57 -47 -36 -26 -16 -5 8 20 31 42 52 59 62 58 47 33 17 3 -8 -15 -23 -34 -47 -58 -63 -59 -49 -37 -26 -16 -6 6 19 32 44 54 59 59 56 47 34 17 1 -10 -15 -20 -30 -46 -62 -68 -62 -48 -34 -24 -16 -6 5 18 29 41 54 63 66 59 45 29 14 4 -4 -11 -21 -35 -49 -61 -65 -60 -49 -38 -28 -18 -7 6 20 33 45 55 61 63 58 47 32 16 4 -5 -12 -21 -34 -49 -62 -67 -62 -51 -38 -26 -16 -5 7 19 30 41 53 62 66 61 48 32 16 4 -5 -14 -25 -38 -51 -59 -61 -57 -49 -40 -30 -19 -5 9 22 33 42 52 61 65 60 47 29 13 2 -4 -10 -20 -35 -51 -62 -65 -58 -48 -37 -27 -16 -4 9 21 31 41 51 59 63 59 48 32 17 4 -6 -14 -23 -35 -50 -61 -65 -60 -48 -36 -25 -15 -5 8 21 32 43 52 59 62 58 47 32 15 2 -6 -13 -22 -35 -50 -61 -64 -59 -48 -37 -27 -16 -4 9 21 31 41 51 60 64 60 47 30 14 2 -6 -12 -20 -33 -47 -60 -65 -62 -52 -38 -26 -15 -4 7 19 31 43 53 61 64 60 49 32 15 2 6 2971 304 15136
57 63 62 52 38 23 9 -1 -8 -17 -28 -42 -55 -64 -63 -54 -43 -32 -22 -11 1 14 26 37 47 57 63 62 53 39 24 9 -2 -12 -20 -28 -40 -54 -64 -64 -54 -39 -27 -20 -15 -5 10 27 41 49 55 60 62 56 41 22 6 -2 -5 -11 -24 -44 -61 -70 -67 -55 -42 -29 -19 -8 2 14 26 38 49 57 61 59 51 39 24 10 -2 -10 -17 -27 -39 -53 -64 -66 -58 -45 -30 -18 -8 3 14 25 37 47 56 61 61 53 39 23 10 0 -7 -16 -29 -44 -57 -63 -61 -53 -43 -33 -23 -11 2 15 27 38 47 56 62 61 53 39 23 10 1 -7 -17 -30 -44 -57 -64 -64 -56 -44 -31 -19 -8 3 14 26 38 50 58 61 60 52 38 22 7 -3 -9 -15 -25 -39 -54 -63 -64 -56 -45 -33 -21 -9 3 14 26 38 48 57 61 59 52 40 25 10 -2 -11 -18 -28 -41 -55 -64 -63 -54 -41 -30 -21 -12 0 13 26 37 48 57 63 61 53 39 23 9 -1 -9 -17 -28 -42 -55 -63 -63 -56 -45 -33 -21 -10 3 15 27 38 47 56 61 62 55 40 22 7 -3 -10 -17 -28 -43 -56 -63 -61 -53 -43 -32 -21 -10 1 13 25 37 49 58 63 61 53 39 24 9 11 749 304 15136
60 61 56 45 30 15 4 -4 -12 -22 -36 -51 -62 -64 -59 -50 -38 -25 -13 -1 10 21 31 42 53 61 63 58 46 31 15 2 -8 -15 -23 -35 -49 -60 -63 -58 -48 -37 -27 -17 -5 9 23 35 45 54 60 62 57 46 30 14 1 -7 -14 -22 -35 -51 -64 -68 -60 -46 -32 -22 -14 -5 7 21 33 43 53 61 64 59 47 30 14 1 -7 -15 -25 -37 -51 -61 -64 -58 -47 -35 -25 -15 -5 8 22 35 45 54 60 62 57 45 29 13 2 -6 -14 -24 -36 -50 -60 -63 -58 -49 -37 -26 -14 -3 9 20 31 43 55 63 65 59 45 30 14 2 -8 -16 -25 -36 -50 -61 -66 -62 -49 -34 -20 -10 -1 9 21 33 44 54 60 62 56 43 27 11 0 -6 -12 -22 -35 -50 -61 -64 -58 -47 -34 -23 -14 -4 8 21 32 42 50 58 61 58 47 32 16 3 -6 -14 -24 -37 -51 -62 -65 -59 -47 -34 -23 -14 -4 8 21 33 44 53 59 61 57 46 30 14 2 -6 -13 -22 -36 -51 -62 -64 -58 -47 -36 -25 -15 -4 9 22 32 42 52 60 63 58 46 29 14 4 -4 -12 -24 -39 -52 -62 -63 -58 -48 -36 -25 -15 -5 7 21 35 46 54 60 62 59 48 30 11 -2 16 4728 304 15136
59 63 61 53 39 22 7 -3 -10 -17 -28 -42 -56 -64 -63 -55 -43 -31 -20 -9 3 16 28 39 49 56 60 58 51 38 22 8 -1 -8 -15 -27 -42 -55 -62 -61 -54 -44 -33 -21 -9 3 13 23 34 47 58 64 63 54 40 23 8 -2 -8 -15 -26 -43 -59 -68 -66 -56 -43 -32 -21 -9 5 17 28 38 48 58 64 62 51 36 20 8 -1 -8 -17 -29 -43 -56 -64 -64 -55 -43 -29 -18 -8 2 14 26 37 47 56 62 62 54 39 22 8 -2 -9 -17 -30 -44 -57 -63 -62 -54 -42 -30 -18 -7 3 13 24 36 46 55 60 60 55 42 24 7 -4 -10 -16 -26 -41 -56 -64 -62 -53 -42 -32 -22 -10 2 14 26 36 47 57 62 62 54 40 24 8 -3 -11 -18 -28 -41 -54 -63 -63 -56 -44 -30 -19 -9 1 12 25 39 51 58 59 56 48 38 24 10 -1 -8 -15 -26 -40 -55 -63 -61 -53 -43 -34 -25 -13 1 13 23 33 47 61 71 69 57 39 21 6 -4 -13 -20 -30 -42 -56 -65 -64 -54 -39 -27 -19 -11 1 16 30 39 46 52 58 60 54 40 22 8 0 -7 -16 -29 -44 -57 -63 -62 -55 -44 -33 -22 -9 3 17 29 39 47 55 60 61 54 40 22 7 20 15440 304 15136
61 63 57 44 28 13 2 -5 -12 -22 -36 -51 -61 -63 -58 -47 -37 -27 -17 -5 8 22 34 45 55 62 64 58 45 29 13 1 -7 -15 -25 -37 -50 -60 -63 -58 -48 -36 -25 -14 -3 9 21 32 42 52 60 63 58 46 31 16 4 -6 -14 -25 -37 -51 -63 -68 -63 -50 -34 -20 -10 0 9 21 32 43 52 59 62 59 47 30 12 -1 -7 -12 -21 -36 -52 -64 -65 -58 -46 -34 -24 -14 -1 11 22 31 39 50 61 65 60 45 27 11 1 -6 -12 -22 -36 -50 -61 -64 -58 -48 -37 -26 -16 -5 8 22 34 46 55 62 62 56 43 29 15 4 -6 -15 -26 -38 -51 -61 -64 -58 -46 -34 -23 -13 -4 7 20 32 44 54 61 62 57 45 30 15 3 -6 -14 -23 -36 -50 -62 -66 -60 -48 -34 -22 -13 -4 7 21 34 44 52 57 60 59 50 34 15 -1 -10 -15 -22 -35 -51 -62 -65 -58 -48 -36 -25 -14 -2 10 21 32 43 53 60 62 57 46 31 15 1 -8 -15 -23 -36 -51 -62 -65 -58 -46 -34 -25 -15 -4 9 22 34 44 53 61 63 57 44 28 13 2 -7 -14 -24 -35 -48 -59 -62 -58 -49 -37 -26 -16 -5 8 20 33 43 53 62 65 60 47 29 13 2 26 1785 304 15136
58 63 60 50 35 19 5 -4 -10 -18 -29 -43 -56 -63 -61 -53 -42 -30 -19 -7 6 17 27 36 46 56 62 62 53 37 21 7 -2 -9 -18 -31 -45 -58 -63 -61 -52 -42 -31 -20 -9 3 15 28 40 51 59 61 58 51 38 23 7 -4 -10 -15 -26 -44 -63 -71 -66 -52 -37 -27 -19 -9 4 17 29 38 47 57 63 62 52 37 20 6 -3 -10 -18 -30 -44 -58 -65 -63 -53 -40 -29 -19 -9 2 14 27 39 51 60 64 62 52 37 20 6 -4 -11 -19 -32 -47 -60 -64 -60 -50 -39 -30 -21 -10 3 17 30 41 51 59 62 60 51 37 20 5 -6 -13 -19 -29 -43 -57 -64 -62 -52 -39 -28 -18 -9 2 15 27 38 49 58 63 61 51 37 21 8 -2 -9 -19 -31 -46 -59 -64 -61 -52 -41 -30 -19 -8 4 16 28 39 49 57 62 60 51 37 22 8 -3 -10 -19 -31 -45 -58 -64 -61 -52 -41 -30 -19 -7 5 17 28 38 49 58 62 59 50 36 22 9 -1 -10 -20 -32 -46 -58 -65 -63 -53 -39 -27 -17 -8 2 14 28 40 50 58 61 59 51 36 19 6 -2 -7 -15 -29 -45 -60 -66 -62 -52 -41 -31 -21 -9 4 17 29 41 50 58 62 60 51 36 20 7 31 4413 304 15136
61 64 59 45 27 9 -3 -10 -16 -26 -40 -54 -63 -64 -57 -45 -33 -21 -10 1 12 23 35 46 56 62 61 52 39 25 11 0 -7 -14 -24 -37 -52 -63 -66 -58 -46 -33 -22 -12 0 12 24 35 44 53 60 61 55 43 28 13 2 -7 -14 -24 -38 -54 -66 -68 -60 -46 -32 -21 -11 -1 11 24 36 47 56 63 63 56 42 25 10 -1 -10 -17 -27 -39 -52 -61 -63 -57 -45 -33 -22 -11 0 11 23 35 45 55 61 61 55 42 27 13 1 -8 -17 -27 -40 -53 -63 -65 -58 -46 -32 -21 -12 -2 11 24 37 47 55 60 62 56 44 27 10 -2 -10 -17 -26 -39 -52 -61 -62 -57 -47 -35 -23 -10 2 13 24 35 45 54 60 61 56 43 25 8 -4 -8 -10 -19 -36 -57 -69 -67 -54 -41 -31 -24 -15 -1 13 25 33 42 53 63 66 58 43 24 10 -1 -8 -16 -27 -40 -53 -61 -62 -56 -46 -35 -24 -13 0 13 25 36 46 55 62 63 56 42 24 9 0 -7 -14 -25 -40 -55 -64 -64 -57 -45 -32 -21 -11 -1 11 24 37 47 55 61 61 55 43 26 10 -2 -10 -17 -26 -39 -52 -60 -61 -56 -46 -34 -23 -11 0 11 23 35 46 56 61 61 54 41 26 12 0 36 10817 304 15136
-64 -60 -51 -40 -31 -21 -10 3 15 25 35 46 57 64 63 53 37 21 8 -1 -9 -18 -30 -44 -56 -62 -61 -54 -43 -31 -19 -9 2 13 25 37 49 58 62 59 50 37 22 9 0 -7 -15 -26 -41 -56 -65 -64 -56 -44 -33 -22 -10 4 17 26 34 44 57 68 69 57 36 17 5 -1 -7 -17 -32 -46 -56 -61 -61 -56 -45 -31 -18 -7 3 14 26 38 49 57 62 61 54 38 20 5 -4 -9 -16 -29 -45 -59 -65 -61 -51 -40 -30 -19 -8 3 14 26 38 49 57 61 58 50 38 24 10 -2 -11 -19 -30 -43 -56 -63 -62 -53 -41 -29 -19 -9 3 14 25 36 47 57 63 62 53 38 22 8 -3 -11 -20 -30 -43 -55 -63 -62 -54 -42 -29 -18 -8 3 15 27 38 47 56 62 61 53 38 21 8 -2 -9 -18 -31 -45 -57 -63 -62 -54 -43 -30 -17 -7 3 13 24 37 49 58 62 61 53 40 24 8 -3 -11 -20 -32 -46 -58 -63 -60 -51 -41 -32 -21 -9 5 18 28 37 47 57 63 62 52 36 20 7 -3 -10 -19 -30 -44 -57 -63 -61 -52 -41 -30 -20 -9 3 15 27 38 49 58 63 61 51 35 19 7 -2 -9 -18 -31 -44 -55 -61 -59 -52 -42 -31 -21 -11 40 14368 304 15136
61 64 60 48 31 14 1 -7 -13 -22 -36 -52 -63 -64 -57 -46 -35 -26 -17 -6 7 21 34 47 57 62 62 55 43 28 13 1 -7 -14 -22 -34 -49 -61 -64 -59 -48 -37 -26 -14 -2 10 21 32 44 55 61 61 53 42 31 18 5 -8 -18 -25 -33 -46 -60 -68 -64 -50 -33 -22 -14 -6 7 23 36 46 52 59 62 59 46 28 11 1 -6 -13 -24 -37 -51 -60 -63 -58 -49 -36 -23 -12 -1 9 19 31 42 53 60 63 59 47 30 13 0 -7 -13 -22 -35 -51 -62 -64 -58 -48 -37 -25 -13 -1 11 21 31 42 53 61 62 56 45 30 16 4 -6 -15 -24 -36 -50 -61 -65 -60 -49 -36 -24 -13 -2 10 21 33 43 53 60 62 57 45 29 14 1 -7 -13 -22 -35 -50 -62 -65 -60 -48 -36 -24 -14 -3 9 22 33 43 53 59 61 57 45 30 14 2 -5 -12 -22 -36 -52 -63 -65 -59 -47 -35 -25 -15 -3 9 22 34 44 53 60 61 56 45 30 15 2 -7 -14 -23 -35 -50 -62 -65 -59 -48 -35 -25 -15 -4 9 21 33 43 53 61 63 58 45 29 14 3 -6 -15 -26 -38 -51 -60 -63 -58 -47 -36 -24 -14 -3 8 20 32 44 55 62 63 57 45 30 14 2 45 12133 304 15136
59 63 60 49 33 17 5 -4 -10 -19 -31 -45 -57 -62 -60 -52 -41 -30 -18 -6 5 15 25 37 50 61 66 61 48 32 17 6 -2 -9 -19 -31 -44 -54 -60 -59 -53 -42 -30 -19 -8 3 13 25 37 49 58 63 61 52 38 22 9 0 -7 -18 -33 -50 -64 -68 -63 -52 -40 -28 -17 -5 6 17 28 39 51 61 64 60 48 34 19 7 -2 -11 -20 -34 -48 -60 -65 -61 -51 -38 -27 -16 -5 7 19 30 40 50 58 61 58 48 33 18 6 -4 -12 -21 -32 -46 -57 -63 -60 -52 -40 -28 -16 -5 6 17 27 38 48 57 61 59 50 35 20 6 -4 -12 -21 -32 -45 -56 -62 -60 -52 -41 -29 -18 -7 4 16 29 40 50 58 62 60 50 35 18 4 -5 -11 -19 -31 -45 -58 -64 -61 -52 -39 -27 -16 -6 5 17 30 40 49 56 60 58 50 36 19 5 -4 -11 -20 -34 -48 -59 -62 -58 -49 -38 -28 -17 -6 5 16 27 39 50 59 62 58 49 35 20 6 -4 -12 -21 -32 -47 -59 -64 -60 -50 -39 -28 -17 -6 7 19 29 39 49 58 63 60 49 33 18 5 -3 -10 -19 -33 -47 -59 -64 -60 -51 -40 -28 -17 -6 5 17 28 40 51 59 62 59 49 35 19 5 51 7252 304 15136
58 58 53 42 26 10 -2 -9 -16 -27 -41 -56 -63 -61 -52 -42 -32 -23 -12 1 14 25 35 45 54 61 62 55 42 25 10 -1 -9 -16 -28 -42 -56 -64 -63 -55 -43 -32 -21 -10 2 15 26 36 46 56 62 62 53 39 24 10 -1 -10 -18 -27 -40 -54 -66 -68 -59 -43 -25 -13 -5 2 11 23 35 46 54 59 59 53 40 25 10 0 -7 -15 -27 -42 -56 -64 -63 -55 -43 -32 -22 -10 2 14 25 36 47 57 63 63 55 39 21 7 -3 -10 -17 -28 -41 -54 -62 -61 -54 -43 -31 -21 -10 1 13 25 37 47 55 60 59 52 40 25 11 0 -8 -16 -27 -40 -54 -62 -64 -57 -46 -33 -20 -9 2 13 25 36 47 57 62 61 53 39 23 9 -1 -9 -16 -27 -41 -55 -63 -63 -56 -44 -33 -22 -11 2 15 27 38 47 56 61 61 53 39 23 9 -1 -9 -16 -27 -41 -55 -65 -64 -56 -43 -30 -20 -10 1 13 26 38 48 57 61 61 53 40 24 9 -3 -11 -18 -27 -40 -54 -63 -64 -56 -44 -31 -20 -10 2 14 26 37 47 56 61 61 53 40 24 9 -2 -10 -16 -26 -40 -56 -65 -65 -56 -42 -30 -20 -10 2 14 26 37 47 56 62 60 52 38 23 10 0 56 14806 304 15136
59 64 61 49 32 15 3 -3 -10 -19 -33 -48 -59 -64 -60 -51 -39 -27 -16 -6 5 17 29 41 50 57 62 61 53 38 20 4 -6 -13 -22 -35 -49 -61 -64 -60 -50 -38 -27 -16 -6 4 16 29 43 55 62 63 58 48 34 18 3 -7 -13 -19 -31 -47 -61 -68 -63 -51 -37 -25 -16 -5 7 20 32 41 49 56 61 60 51 35 17 2 -6 -12 -20 -33 -48 -60 -64 -59 -49 -39 -29 -18 -5 8 20 31 41 51 59 62 58 47 32 17 5 -3 -11 -20 -33 -49 -62 -67 -61 -50 -37 -26 -16 -6 6 18 29 40 51 61 65 61 49 32 16 3 -5 -13 -22 -35 -49 -60 -64 -61 -52 -40 -27 -15 -2 9 20 30 41 52 60 63 58 46 32 17 4 -5 -14 -23 -34 -48 -59 -64 -59 -48 -35 -24 -15 -6 6 18 30 40 49 58 62 59 48 33 17 5 -4 -12 -22 -34 -47 -57 -62 -59 -50 -39 -28 -19 -9 4 19 32 43 52 58 62 60 50 34 17 4 -5 -12 -21 -35 -50 -61 -64 -59 -48 -37 -26 -17 -6 6 18 30 42 52 60 62 58 47 33 17 4 -5 -13 -21 -33 -46 -58 -63 -60 -51 -39 -27 -17 -6 6 19 31 41 50 57 61 59 50 36 19 4 61 11409 304 15136
-63 -55 -43 -32 -21 -10 2 14 25 35 45 55 62 62 54 40 24 11 0 -8 -17 -28 -42 -55 -63 -63 -55 -44 -32 -21 -10 1 13 25 35 46 56 62 62 54 39 23 9 0 -7 -15 -27 -41 -55 -62 -62 -55 -45 -34 -23 -11 1 13 22 32 43 56 67 70 61 43 22 5 -4 -10 -17 -28 -42 -55 -63 -62 -56 -45 -33 -21 -9 2 13 25 36 47 56 62 62 55 41 25 9 -3 -11 -17 -27 -41 -55 -63 -62 -54 -43 -32 -22 -11 1 13 25 35 46 56 62 62 54 39 23 9 -1 -7 -15 -26 -41 -55 -64 -63 -55 -44 -33 -23 -11 1 14 26 36 45 55 61 62 55 41 25 10 -1 -9 -17 -27 -41 -54 -62 -63 -57 -46 -34 -22 -10 2 14 26 38 48 55 60 59 54 41 26 10 -2 -9 -16 -27 -42 -56 -63 -61 -52 -42 -33 -24 -13 1 14 27 37 46 55 61 61 54 41 25 11 -1 -9 -17 -27 -41 -54 -63 -63 -56 -44 -32 -21 -11 -1 11 23 36 48 58 63 62 55 41 26 10 -2 -10 -18 -29 -41 -54 -62 -62 -55 -45 -34 -23 -11 1 14 26 37 48 58 64 63 53 39 23 9 -1 -8 -16 -28 -43 -56 -64 -63 -55 -43 -31 -21 -10 2 66 12751 304 15136
55 62 62 56 44 29 14 2 -7 -16 -25 -38 -51 -61 -64 -59 -48 -34 -22 -11 -1 9 20 33 45 55 61 61 55 43 27 12 1 -6 -12 -23 -38 -53 -63 -64 -57 -46 -34 -23 -12 -2 9 20 32 44 54 60 61 56 46 31 16 5 -3 -12 -25 -43 -60 -69 -67 -57 -44 -32 -22 -11 0 12 23 34 44 54 62 63 56 42 25 10 0 -7 -14 -25 -39 -52 -60 -62 -56 -47 -35 -23 -12 -2 9 21 34 45 54 60 61 57 46 29 12 -2 -10 -15 -23 -37 -52 -63 -64 -55 -43 -32 -24 -16 -4 10 24 35 45 53 59 61 55 43 27 13 2 -5 -13 -23 -37 -51 -61 -64 -59 -49 -36 -24 -13 -2 10 22 34 46 56 62 62 55 43 28 14 2 -8 -17 -27 -39 -51 -60 -62 -57 -46 -34 -23 -13 -3 8 20 33 45 56 62 63 56 43 27 12 0 -8 -15 -24 -36 -50 -61 -64 -58 -46 -33 -23 -14 -4 8 21 33 44 54 62 64 58 44 27 11 1 -6 -13 -24 -39 -53 -61 -62 -57 -47 -36 -24 -12 -1 10 21 32 45 56 62 62 55 43 28 14 2 -8 -15 -25 -38 -52 -62 -64 -57 -46 -35 -24 -13 -1 12 23 33 43 53 61 63 56 43 27 12 72 7656 304 15136
58 63 61 53 39 24 11 1 -7 -16 -27 -42 -56 -64 -64 -55 -43 -32 -22 -12 0 13 26 39 49 57 61 60 53 39 23 9 -1 -8 -15 -26 -40 -54 -62 -63 -57 -46 -34 -21 -9 1 12 24 36 48 57 61 60 53 40 25 10 1 -5 -12 -24 -43 -61 -69 -66 -55 -43 -33 -23 -10 4 17 27 36 46 56 63 62 53 38 22 10 0 -7 -15 -28 -43 -57 -65 -64 -55 -43 -31 -20 -9 2 13 24 35 46 56 63 63 55 40 23 8 -2 -10 -17 -28 -42 -55 -62 -61 -54 -43 -32 -21 -11 0 12 25 37 48 57 61 59 52 39 24 10 0 -8 -16 -27 -41 -54 -62 -62 -56 -46 -34 -21 -9 2 13 24 36 48 57 62 60 53 40 24 8 -3 -9 -14 -23 -39 -55 -65 -64 -54 -43 -33 -24 -13 0 14 27 37 47 56 62 61 53 40 25 11 0 -9 -18 -29 -43 -55 -63 -63 -56 -44 -31 -20 -9 3 15 26 36 45 54 60 61 55 40 23 9 -1 -8 -16 -28 -43 -57 -63 -61 -54 -43 -32 -21 -9 3 14 24 35 46 56 62 62 54 40 24 9 -1 -9 -17 -27 -41 -55 -64 -64 -56 -43 -30 -20 -10 1 13 25 36 46 55 61 62 54 40 23 9 76 9519 304 15136
-63 -59 -49 -37 -26 -15 -3 9 21 31 41 50 59 63 59 46 29 13 3 -4 -10 -19 -34 -50 -61 -64 -59 -49 -37 -27 -16 -4 8 21 31 41 51 60 63 59 46 30 15 4 -5 -12 -21 -34 -49 -61 -66 -60 -49 -37 -27 -18 -7 7 21 33 44 55 65 68 61 43 23 7 -1 -5 -10 -20 -34 -48 -58 -61 -58 -49 -38 -26 -15 -5 7 19 31 43 53 60 62 57 46 31 17 4 -5 -13 -22 -34 -48 -60 -64 -61 -51 -39 -27 -15 -2 10 22 32 42 52 59 62 57 46 32 17 4 -6 -14 -23 -34 -48 -59 -63 -59 -49 -38 -27 -16 -4 8 18 28 39 52 63 67 60 46 30 16 4 -5 -15 -24 -36 -48 -59 -64 -60 -50 -38 -26 -16 -6 7 20 33 45 55 61 62 57 45 30 16 4 -5 -15 -25 -37 -50 -59 -63 -59 -49 -37 -24 -13 -3 8 19 31 42 52 59 61 57 45 30 15 4 -3 -10 -21 -36 -51 -62 -65 -59 -48 -36 -25 -15 -5 7 19 31 43 53 60 63 59 48 31 14 2 -6 -12 -22 -36 -51 -61 -62 -56 -47 -37 -27 -16 -4 8 20 31 41 52 59 62 58 47 33 17 4 -6 -14 -23 -35 -49 -60 -64 -60 -50 -38 -27 -16 -4 81 12061 304 15136
-62 -55 -43 -31 -20 -10 1 13 25 38 49 58 63 61 52 39 23 9 -2 -10 -18 -29 -43 -57 -64 -63 -53 -41 -30 -21 -11 0 13 26 38 49 58 63 61 52 37 21 8 -1 -8 -16 -28 -42 -55 -63 -63 -55 -44 -32 -21 -11 1 14 25 36 46 57 66 68 58 40 19 3 -5 -9 -17 -30 -45 -57 -62 -59 -52 -42 -31 -20 -9 2 13 24 36 47 57 63 62 54 40 24 9 -2 -11 -20 -30 -43 -55 -62 -60 -52 -41 -32 -23 -13 -1 13 27 39 48 57 63 63 55 40 23 7 -4 -12 -20 -30 -42 -54 -61 -61 -54 -44 -32 -22 -10 3 15 27 38 47 56 62 62 53 37 20 6 -3 -9 -15 -27 -42 -55 -63 -62 -53 -43 -32 -21 -10 3 14 25 35 46 55 62 62 54 41 25 9 -3 -13 -20 -29 -41 -53 -61 -63 -56 -44 -31 -18 -7 3 13 24 35 48 58 63 60 51 37 24 11 0 -9 -19 -31 -43 -55 -62 -61 -53 -42 -31 -21 -11 0 14 26 37 47 56 62 62 53 39 23 11 1 -9 -19 -31 -44 -55 -62 -63 -57 -45 -31 -19 -9 1 14 27 40 50 57 60 60 53 40 23 8 -2 -9 -17 -28 -42 -56 -64 -63 -55 -43 -31 -20 -9 2 86 11990 304 15136
60 62 58 47 32 17 5 -5 -14 -25 -38 -52 -61 -64 -59 -48 -36 -24 -13 -4 6 17 30 43 55 62 63 58 46 31 15 2 -7 -15 -23 -35 -49 -60 -63 -58 -48 -36 -25 -14 -4 6 18 30 42 53 60 62 58 47 31 14 0 -8 -10 -15 -28 -48 -65 -71 -62 -48 -35 -26 -18 -6 9 22 33 42 52 61 65 59 46 30 15 3 -6 -15 -24 -35 -48 -59 -64 -59 -48 -36 -25 -16 -6 6 20 32 42 52 60 64 60 48 32 15 2 -7 -13 -21 -34 -50 -62 -66 -60 -48 -36 -26 -16 -5 9 21 32 41 51 61 65 60 46 29 14 4 -4 -12 -24 -37 -50 -60 -64 -60 -50 -37 -25 -14 -4 8 20 32 43 52 60 63 60 48 31 14 2 -5 -11 -21 -37 -53 -64 -65 -57 -46 -36 -27 -16 -4 9 21 32 42 52 60 64 59 47 31 14 2 -6 -13 -21 -34 -49 -61 -66 -61 -50 -37 -25 -14 -4 8 21 32 43 52 60 63 60 48 32 14 0 -8 -14 -22 -35 -50 -60 -63 -57 -47 -37 -27 -18 -6 8 21 34 44 53 59 62 58 47 32 15 2 -7 -14 -23 -35 -50 -60 -63 -58 -48 -37 -27 -17 -5 8 22 35 46 55 59 60 56 46 32 15 1 91 13005 304 15136
-64 -62 -53 -41 -30 -19 -9 2 14 26 37 47 56 62 61 54 40 23 7 -4 -10 -17 -27 -42 -57 -65 -63 -54 -42 -30 -20 -9 3 14 25 36 47 56 62 61 54 41 25 10 -2 -10 -18 -29 -43 -57 -64 -63 -55 -43 -31 -21 -11 -1 11 25 41 55 66 68 62 50 35 19 6 -5 -12 -19 -29 -42 -55 -62 -62 -55 -43 -31 -19 -8 4 16 27 37 47 55 62 62 54 39 21 7 -2 -9 -16 -29 -44 -56 -63 -62 -54 -44 -32 -21 -9 3 15 27 39 49 57 61 61 53 39 21 7 -3 -9 -16 -28 -43 -57 -64 -63 -55 -43 -31 -19 -8 3 15 27 38 49 57 61 60 53 39 22 7 -4 -11 -18 -28 -42 -55 -63 -62 -54 -42 -31 -21 -11 1 15 28 40 50 56 60 59 52 39 23 7 -4 -10 -16 -26 -42 -57 -66 -64 -55 -43 -31 -20 -9 4 17 28 38 47 55 60 60 52 39 24 9 -2 -10 -19 -31 -45 -57 -63 -60 -51 -40 -31 -21 -11 2 14 27 37 48 57 62 62 54 39 22 8 -3 -11 -19 -30 -44 -56 -63 -61 -53 -42 -31 -20 -9 2 15 27 39 49 57 62 60 52 38 22 8 -2 -10 -18 -30 -45 -57 -63 -61 -52 -41 -29 -18 -7 96 13271 304 15136
54 61 64 58 44 27 11 -1 -9 -16 -27 -41 -54 -62 -63 -57 -46 -33 -21 -10 0 11 22 33 45 56 62 62 55 42 26 12 1 -7 -16 -26 -40 -54 -63 -64 -57 -45 -32 -21 -11 -1 10 24 36 46 54 60 62 56 43 25 9 0 -4 -10 -22 -41 -60 -70 -68 -57 -42 -29 -18 -9 -1 10 22 34 46 55 60 61 55 44 28 13 0 -8 -16 -26 -41 -55 -64 -64 -56 -45 -33 -22 -11 0 12 23 35 46 55 62 62 55 42 25 10 -1 -8 -16 -26 -39 -53 -62 -63 -56 -45 -34 -24 -13 -1 13 26 37 46 53 58 60 55 43 27 12 1 -7 -15 -27 -42 -56 -63 -63 -55 -44 -33 -23 -13 -1 12 25 36 45 54 61 62 56 42 26 12 1 -7 -15 -27 -41 -54 -61 -62 -57 -47 -35 -24 -12 0 12 24 35 46 56 63 62 53 39 23 11 2 -4 -13 -25 -40 -54 -63 -63 -57 -47 -35 -23 -10 2 13 23 33 44 55 62 62 55 41 25 10 0 -8 -15 -25 -38 -52 -61 -62 -55 -45 -35 -25 -13 -1 12 24 35 44 54 61 62 55 43 27 13 1 -7 -15 -25 -39 -54 -65 -66 -57 -45 -32 -22 -12 -1 12 25 36 46 55 62 62 55 41 24 10 102 8178 304 15136
60 63 59 48 34 20 7 -3 -11 -19 -31 -46 -59 -65 -63 -53 -40 -28 -17 -6 6 17 27 38 49 59 65 63 52 35 19 6 -3 -11 -21 -34 -48 -59 -64 -61 -53 -41 -28 -16 -5 5 16 28 41 53 61 62 58 49 36 21 7 -4 -12 -20 -32 -48 -62 -68 -64 -51 -37 -25 -16 -6 5 18 30 41 51 59 62 59 48 34 19 7 -3 -12 -21 -33 -47 -59 -65 -63 -53 -40 -27 -16 -6 6 18 31 42 52 59 61 58 48 33 18 5 -4 -11 -20 -33 -47 -59 -64 -60 -51 -38 -26 -16 -7 3 15 29 42 53 60 61 57 48 35 20 7 -3 -11 -21 -34 -48 -60 -65 -60 -50 -38 -27 -17 -6 6 18 30 40 50 58 61 58 48 33 18 6 -2 -10 -19 -32 -47 -59 -64 -61 -53 -41 -29 -16 -5 6 17 29 40 51 59 62 58 48 34 18 5 -3 -10 -18 -31 -47 -60 -64 -60 -51 -40 -30 -19 -8 5 17 29 42 53 61 63 59 48 34 18 5 -5 -12 -20 -32 -47 -59 -64 -60 -50 -38 -29 -20 -9 4 18 31 42 52 60 64 60 50 34 17 3 -6 -12 -20 -33 -48 -61 -65 -60 -49 -37 -27 -16 -5 8 19 29 38 48 57 62 59 49 34 18 4 107 6456 304 15136
60 62 57 44 27 11 -1 -9 -17 -27 -42 -55 -63 -63 -55 -43 -32 -22 -12 -1 11 23 36 47 57 62 61 54 40 25 11 0 -8 -16 -26 -39 -54 -63 -64 -57 -45 -33 -21 -10 1 12 23 34 46 56 62 61 54 42 27 13 0 -9 -16 -23 -36 -52 -67 -71 -62 -47 -31 -20 -11 0 13 27 38 47 56 62 63 56 42 24 9 -2 -10 -18 -28 -41 -55 -63 -64 -56 -42 -29 -19 -10 0 11 23 34 44 54 61 62 56 42 25 9 -2 -9 -15 -25 -38 -53 -62 -64 -57 -45 -33 -22 -11 0 13 25 36 47 56 61 60 53 40 25 11 0 -8 -16 -26 -39 -53 -62 -63 -56 -44 -33 -23 -13 -2 12 26 37 47 55 61 62 56 42 25 9 -1 -8 -16 -27 -41 -54 -61 -61 -55 -46 -35 -23 -11 2 13 24 34 45 55 62 63 55 41 25 10 -1 -9 -16 -26 -38 -52 -62 -64 -57 -45 -32 -20 -10 -1 10 22 34 46 56 62 62 55 42 25 10 -1 -8 -16 -26 -40 -54 -63 -63 -55 -43 -31 -22 -13 -2 11 24 35 45 54 62 64 58 44 26 9 -3 -10 -17 -26 -39 -53 -63 -64 -57 -43 -30 -20 -12 -4 8 23 37 49 57 61 61 54 42 26 10 -2 112 9010 304 15136
58 63 60 49 34 20 7 -2 -11 -20 -32 -46 -58 -64 -61 -52 -39 -27 -17 -7 4 16 28 39 49 57 61 58 49 37 22 9 -3 -12 -21 -33 -46 -58 -64 -60 -49 -38 -29 -20 -9 4 17 28 38 48 57 63 61 52 37 21 6 -5 -12 -18 -27 -41 -57 -68 -68 -57 -40 -25 -15 -6 4 16 29 39 49 57 63 61 52 36 19 5 -4 -10 -19 -31 -46 -58 -64 -61 -51 -40 -29 -19 -9 2 15 28 41 51 59 62 61 53 38 21 5 -6 -12 -20 -31 -47 -60 -64 -60 -50 -39 -29 -19 -8 4 16 27 39 52 61 64 60 49 34 19 6 -3 -10 -18 -30 -46 -60 -66 -63 -52 -39 -27 -17 -6 4 15 26 38 50 61 65 61 50 34 18 5 -4 -10 -18 -30 -46 -59 -65 -62 -51 -39 -28 -18 -7 5 18 29 40 50 58 62 59 49 34 19 6 -3 -10 -18 -30 -45 -58 -65 -63 -53 -40 -28 -17 -8 3 16 29 42 52 58 60 57 50 37 22 7 -5 -13 -20 -31 -45 -59 -65 -62 -52 -39 -27 -16 -6 5 16 27 39 50 59 62 59 49 35 19 6 -4 -12 -19 -30 -44 -57 -63 -61 -52 -40 -29 -19 -9 3 15 28 41 52 60 63 59 48 34 19 7 117 2914 304 15136
56 62 62 55 41 24 9 -2 -8 -15 -26 -41 -55 -63 -61 -53 -42 -32 -23 -14 -2 11 24 36 48 56 61 60 54 42 27 12 0 -9 -16 -25 -39 -53 -64 -65 -57 -45 -34 -23 -12 0 13 25 37 48 56 61 61 54 42 26 11 -1 -9 -15 -26 -43 -60 -68 -64 -50 -37 -29 -23 -13 1 15 24 31 41 53 64 65 55 39 23 11 1 -7 -17 -27 -40 -53 -62 -63 -56 -45 -33 -23 -12 1 14 26 35 44 54 62 64 56 40 23 9 0 -7 -15 -27 -41 -55 -62 -62 -55 -45 -34 -22 -10 3 14 24 34 44 55 61 61 54 41 25 11 -1 -8 -15 -24 -37 -52 -63 -65 -57 -45 -33 -23 -13 -1 11 24 36 47 56 63 64 57 42 25 9 -2 -10 -16 -26 -40 -54 -63 -63 -55 -43 -32 -22 -11 0 13 24 35 45 54 61 62 55 41 24 10 -1 -7 -15 -25 -40 -54 -63 -63 -55 -44 -33 -23 -12 0 12 24 35 46 56 61 61 54 41 26 12 1 -8 -16 -26 -40 -54 -64 -64 -56 -44 -31 -21 -11 -1 11 23 34 45 55 61 62 55 42 27 12 0 -8 -16 -27 -41 -55 -64 -63 -55 -44 -32 -22 -11 0 12 23 35 47 57 62 61 53 39 25 11 122 6491 304 15136
-66 -64 -52 -38 -26 -17 -8 2 14 27 39 50 59 63 60 51 36 20 6 -5 -12 -20 -31 -44 -57 -63 -61 -52 -40 -29 -19 -9 3 16 29 40 49 57 61 60 52 38 21 7 -3 -11 -19 -31 -45 -57 -63 -61 -52 -42 -31 -20 -8 3 13 24 37 52 66 72 66 51 31 14 2 -5 -11 -19 -32 -46 -57 -62 -59 -51 -41 -30 -19 -8 4 15 27 39 51 61 65 61 51 36 19 5 -6 -13 -21 -31 -45 -57 -63 -60 -51 -40 -29 -19 -8 4 16 28 39 48 56 61 60 53 40 23 8 -4 -12 -20 -31 -46 -59 -65 -63 -54 -42 -30 -18 -5 8 20 30 39 48 57 62 60 50 35 20 6 -3 -11 -20 -32 -47 -59 -64 -61 -51 -40 -28 -18 -7 4 16 29 41 52 59 61 57 48 35 20 7 -4 -12 -19 -30 -44 -58 -65 -62 -52 -39 -26 -16 -6 3 14 25 37 49 60 65 62 51 35 18 5 -5 -12 -19 -30 -43 -56 -63 -61 -51 -39 -28 -19 -10 1 15 29 40 49 56 60 60 52 38 21 7 -3 -9 -18 -31 -47 -59 -65 -61 -52 -41 -30 -18 -7 4 15 27 39 51 60 63 59 50 36 22 8 -3 -12 -20 -32 -46 -59 -65 -61 -51 -39 -29 -20 -9 126 15717 304 15136
59 61 57 47 32 17 4 -5 -13 -22 -34 -48 -60 -65 -61 -51 -37 -25 -14 -4 7 18 30 43 53 61 63 59 48 34 17 2 -8 -16 -24 -34 -48 -59 -64 -60 -50 -39 -27 -15 -2 11 22 32 41 51 59 62 58 46 31 15 2 -7 -13 -20 -33 -49 -64 -68 -60 -46 -33 -25 -18 -8 7 23 36 44 51 59 64 60 47 29 12 2 -5 -12 -23 -38 -52 -61 -63 -58 -47 -35 -22 -11 -2 8 18 29 41 51 59 61 57 46 32 16 3 -6 -13 -22 -34 -48 -59 -63 -58 -49 -38 -27 -17 -5 7 19 31 43 53 60 62 58 46 31 15 3 -6 -13 -22 -34 -48 -58 -62 -58 -49 -38 -27 -17 -6 6 19 32 43 53 60 62 58 47 32 16 3 -6 -12 -21 -34 -49 -61 -64 -60 -49 -38 -27 -17 -5 7 20 33 44 54 60 62 57 47 32 16 3 -6 -13 -22 -34 -48 -60 -64 -59 -48 -37 -27 -18 -7 7 21 34 44 53 59 61 57 47 32 16 3 -6 -13 -22 -34 -48 -59 -64 -60 -51 -39 -27 -16 -5 7 19 32 44 55 62 64 59 47 30 14 1 -7 -13 -22 -35 -49 -60 -63 -58 -48 -37 -26 -16 -4 7 19 31 42 53 60 62 58 46 31 17 5 272 11721 304 15136
56 62 62 55 41 25 10 -2 -10 -19 -30 -44 -57 -65 -64 -55 -42 -29 -19 -10 1 14 28 40 50 57 60 59 52 39 23 9 -1 -9 -18 -31 -46 -58 -64 -62 -53 -41 -29 -19 -10 1 13 26 38 48 56 61 61 54 40 23 8 -1 -7 -15 -29 -47 -62 -68 -64 -54 -42 -30 -18 -6 6 17 27 37 48 57 61 60 51 37 22 8 -2 -9 -18 -30 -44 -57 -63 -61 -53 -42 -31 -20 -9 3 15 26 36 47 56 62 63 55 40 22 5 -5 -11 -17 -27 -42 -57 -64 -61 -52 -41 -30 -21 -11 1 14 27 38 48 57 62 61 53 38 21 7 -3 -10 -17 -27 -42 -56 -64 -63 -54 -41 -29 -19 -10 1 13 25 37 48 56 61 61 54 40 24 10 -1 -9 -18 -30 -44 -57 -63 -62 -55 -44 -32 -19 -8 3 13 25 37 48 57 62 61 54 40 24 8 -3 -10 -17 -29 -45 -59 -65 -62 -53 -42 -31 -20 -8 5 17 26 35 45 56 63 63 54 39 22 7 -4 -11 -19 -30 -43 -55 -61 -61 -54 -44 -32 -20 -8 4 15 26 36 47 57 62 60 51 38 23 10 -1 -9 -18 -30 -43 -56 -64 -62 -53 -41 -30 -21 -12 0 14 28 39 48 55 61 62 55 40 23 8 277 14024 304 15136
63 64 58 45 30 15 3 -7 -16 -24 -36 -49 -61 -65 -59 -46 -34 -23 -15 -5 8 21 32 42 50 57 61 57 46 32 17 5 -4 -13 -24 -37 -50 -60 -63 -58 -48 -37 -26 -15 -4 7 18 30 42 53 61 64 59 47 31 15 3 -6 -13 -21 -34 -50 -64 -69 -63 -49 -33 -21 -12 -3 8 20 31 41 50 58 62 59 47 31 15 3 -5 -12 -23 -37 -51 -61 -63 -57 -47 -36 -26 -17 -6 7 21 34 44 52 57 60 57 48 33 16 2 -7 -13 -22 -35 -49 -61 -64 -59 -49 -37 -26 -15 -4 8 20 32 43 53 60 62 57 46 31 16 4 -5 -13 -22 -35 -49 -61 -65 -61 -50 -36 -24 -14 -5 6 18 32 44 54 61 61 56 46 32 17 4 -7 -15 -23 -33 -46 -58 -65 -62 -52 -39 -26 -15 -3 9 21 33 43 52 59 62 58 47 31 16 3 -5 -13 -23 -36 -49 -59 -62 -59 -50 -39 -27 -15 -4 8 20 32 43 53 60 62 58 47 33 16 2 -7 -15 -24 -35 -49 -59 -62 -58 -48 -38 -27 -17 -5 8 20 33 44 54 61 62 56 44 29 14 3 -6 -12 -21 -33 -47 -59 -64 -60 -50 -37 -26 -16 -6 6 20 33 45 53 59 61 58 48 33 16 2 282 12103 304 15136
56 58 57 49 34 17 3 -7 -14 -22 -34 -50 -63 -66 -59 -47 -35 -25 -16 -5 8 22 34 44 53 59 62 58 46 29 13 1 -6 -13 -22 -35 -49 -59 -62 -57 -48 -38 -26 -15 -3 8 19 31 42 52 58 61 58 48 33 16 3 -5 -10 -19 -36 -55 -67 -68 -58 -45 -35 -25 -15 -2 11 22 31 41 52 60 62 55 43 29 16 6 -4 -14 -25 -37 -49 -60 -63 -58 -47 -35 -24 -15 -4 9 23 33 41 47 54 60 58 48 31 14 3 -4 -10 -21 -35 -49 -59 -62 -58 -50 -39 -27 -15 -4 7 19 31 43 53 60 61 56 45 31 17 5 -4 -12 -23 -35 -49 -60 -63 -59 -50 -38 -27 -16 -5 8 21 33 43 52 59 62 59 48 32 16 3 -6 -14 -23 -36 -50 -60 -63 -59 -49 -37 -25 -14 -4 7 19 31 43 53 60 63 58 48 32 16 3 -6 -14 -24 -36 -50 -60 -64 -60 -50 -38 -26 -14 -3 9 20 31 43 54 62 64 58 46 30 14 2 -7 -14 -23 -36 -50 -60 -63 -58 -48 -37 -26 -15 -3 9 20 31 42 53 60 63 59 48 32 15 1 -8 -14 -23 -36 -51 -61 -63 -57 -46 -35 -24 -14 -4 7 18 30 42 52 60 62 58 47 33 17 3 295 12407 304 15136
59 64 61 51 37 21 7 -3 -10 -18 -30 -45 -58 -65 -62 -52 -40 -29 -19 -9 2 14 27 40 51 59 62 60 51 36 20 6 -3 -9 -17 -29 -45 -58 -64 -60 -52 -41 -32 -21 -8 5 17 28 38 49 57 61 58 50 38 23 9 -3 -11 -17 -26 -40 -57 -69 -67 -55 -39 -27 -19 -11 1 15 29 40 50 59 64 62 51 35 18 5 -3 -9 -17 -30 -45 -58 -63 -59 -50 -40 -31 -21 -10 3 16 27 37 48 57 62 61 52 38 23 10 -1 -11 -20 -31 -45 -57 -64 -63 -53 -41 -29 -18 -8 3 15 26 36 47 58 65 63 53 36 19 6 -3 -8 -16 -29 -45 -59 -66 -62 -52 -40 -30 -21 -10 3 17 29 39 49 58 64 63 53 37 20 6 -4 -12 -20 -32 -45 -56 -61 -60 -52 -42 -31 -20 -8 4 16 27 37 48 58 64 63 53 37 21 7 -3 -10 -19 -30 -43 -56 -65 -65 -56 -44 -30 -20 -10 1 15 32 47 57 62 62 57 49 35 19 5 -5 -11 -17 -30 -46 -60 -65 -61 -50 -39 -30 -21 -10 3 17 30 41 51 59 63 60 50 35 20 7 -2 -10 -20 -32 -47 -59 -64 -61 -51 -39 -27 -17 -7 3 15 27 39 49 57 61 59 51 38 22 7 29 2564 304 15213
57 63 62 55 42 26 10 -1 -9 -16 -26 -39 -53 -61 -63 -57 -47 -34 -22 -11 -1 9 22 35 47 57 62 62 55 43 26 10 -1 -9 -15 -25 -38 -52 -61 -63 -57 -48 -36 -24 -11 0 11 21 33 45 56 62 63 56 43 27 13 3 -3 -11 -24 -42 -59 -68 -67 -57 -44 -32 -21 -11 -1 11 23 35 46 55 61 61 55 44 29 13 0 -9 -17 -28 -41 -54 -62 -61 -55 -44 -34 -23 -11 0 10 21 32 44 56 63 63 55 42 26 12 1 -7 -15 -25 -38 -52 -62 -64 -58 -46 -33 -21 -10 0 10 20 32 44 56 64 64 56 42 27 12 1 -7 -16 -27 -40 -54 -63 -63 -57 -46 -34 -23 -11 1 12 23 33 45 55 63 64 56 42 25 10 -1 -9 -17 -27 -40 -53 -61 -62 -56 -45 -34 -22 -12 -1 10 23 36 48 57 62 61 54 41 24 8 -3 -10 -15 -23 -37 -53 -63 -63 -55 -44 -34 -24 -13 0 13 24 34 45 56 64 64 56 41 25 10 -1 -9 -18 -29 -42 -55 -63 -62 -55 -43 -32 -21 -10 1 12 24 34 45 54 61 62 56 43 26 9 -2 -10 -16 -26 -39 -53 -62 -63 -56 -45 -34 -23 -12 -1 11 23 35 47 58 64 64 56 41 24 8 34 10692 304 15213
59 63 60 50 34 18 5 -5 -12 -21 -33 -47 -58 -63 -61 -53 -42 -30 -18 -6 6 17 29 42 54 62 64 58 47 32 17 4 -5 -12 -20 -31 -46 -59 -65 -63 -54 -41 -27 -15 -5 6 17 30 43 55 62 64 60 50 35 17 2 -7 -13 -20 -34 -51 -65 -68 -61 -49 -37 -26 -14 -2 9 19 29 41 53 61 63 57 47 33 18 3 -8 -16 -23 -32 -46 -58 -64 -60 -50 -37 -25 -15 -5 5 15 27 40 52 62 64 58 46 31 18 7 -1 -10 -20 -34 -47 -58 -62 -60 -52 -42 -29 -16 -4 7 16 27 39 51 60 63 60 50 35 18 3 -6 -12 -19 -30 -46 -59 -64 -59 -50 -40 -30 -19 -6 7 18 27 37 48 58 64 61 49 33 18 5 -3 -10 -19 -31 -45 -57 -62 -60 -51 -40 -30 -19 -8 4 15 27 38 50 60 63 59 48 34 20 9 -1 -10 -19 -30 -44 -57 -65 -63 -53 -40 -27 -17 -8 2 14 25 37 49 59 65 63 52 37 20 7 -3 -11 -20 -33 -47 -59 -63 -59 -50 -39 -29 -19 -9 3 15 27 39 51 60 64 62 51 36 19 5 -5 -12 -20 -31 -45 -57 -63 -61 -52 -41 -29 -17 -5 7 18 29 39 49 57 62 60 50 35 19 6 39 7796 304 15213
57 63 62 54 39 22 8 -2 -10 -18 -31 -46 -58 -64 -61 -53 -42 -31 -20 -8 4 16 27 38 49 57 61 59 51 38 23 8 -3 -10 -17 -29 -44 -57 -64 -61 -53 -42 -32 -20 -8 4 15 27 39 50 58 60 57 50 38 23 7 -5 -11 -14 -23 -40 -58 -68 -65 -53 -40 -30 -21 -9 4 17 26 35 46 57 64 64 53 37 21 7 -2 -9 -17 -29 -44 -57 -64 -62 -53 -41 -31 -21 -10 2 15 27 37 47 57 63 63 54 39 22 7 -3 -10 -19 -31 -45 -58 -64 -61 -52 -41 -30 -19 -8 3 15 26 36 47 57 63 62 52 38 22 8 -3 -10 -18 -29 -42 -55 -63 -62 -54 -42 -31 -21 -11 1 14 27 39 50 59 63 60 51 37 23 10 -1 -10 -19 -30 -44 -56 -63 -63 -55 -44 -32 -21 -9 4 16 27 38 49 59 64 62 51 35 19 6 -3 -9 -17 -28 -42 -56 -64 -63 -54 -42 -30 -19 -9 1 13 26 37 49 58 64 64 54 38 20 6 -4 -11 -20 -31 -43 -54 -61 -60 -55 -44 -32 -19 -7 4 14 25 38 50 59 63 59 50 36 22 9 -1 -9 -18 -30 -44 -56 -62 -61 -54 -43 -31 -19 -8 1 12 25 39 50 58 61 60 53 40 24 8 45 5215 304 15213
59 63 59 48 33 18 6 -4 -12 -22 -34 -47 -58 -63 -61 -51 -38 -25 -15 -6 3 16 30 43 52 56 58 57 51 38 20 4 -6 -12 -19 -31 -48 -61 -65 -59 -47 -36 -27 -19 -10 3 16 30 42 52 59 62 59 50 34 17 4 -3 -7 -15 -31 -51 -66 -69 -62 -50 -38 -28 -17 -6 6 17 29 42 55 64 65 58 45 31 17 6 -3 -12 -22 -35 -49 -60 -64 -59 -50 -40 -30 -19 -6 8 21 32 41 50 58 62 59 49 33 16 3 -5 -11 -19 -31 -47 -59 -64 -60 -50 -39 -29 -19 -8 5 18 31 42 52 60 63 59 49 34 18 6 -4 -12 -21 -33 -47 -59 -65 -62 -52 -39 -27 -16 -6 4 17 30 43 54 61 63 59 48 33 17 4 -5 -13 -21 -33 -47 -59 -63 -60 -50 -38 -27 -16 -5 7 18 28 38 49 58 63 60 49 33 18 6 -3 -11 -20 -33 -47 -59 -64 -61 -51 -39 -28 -18 -7 5 18 30 41 51 58 62 59 50 35 20 6 -3 -11 -21 -33 -48 -61 -66 -62 -51 -39 -28 -18 -6 7 21 33 43 50 57 61 58 49 33 18 5 -3 -11 -20 -34 -49 -60 -65 -61 -51 -38 -27 -17 -7 5 19 31 42 52 59 63 60 49 33 16 3 49 7703 304 15213
58 58 51 38 23 9 -2 -10 -17 -27 -41 -55 -63 -63 -54 -42 -30 -21 -12 0 13 27 38 48 56 61 61 53 38 22 8 -1 -8 -15 -27 -42 -56 -64 -63 -54 -42 -31 -21 -10 2 14 26 37 47 56 61 61 53 40 25 10 -2 -11 -18 -26 -38 -52 -64 -68 -60 -45 -29 -18 -9 0 12 27 40 51 57 61 59 52 39 23 8 -2 -9 -17 -28 -42 -55 -62 -61 -54 -43 -32 -20 -9 2 12 23 35 47 57 62 61 53 40 24 10 -1 -9 -17 -27 -42 -57 -65 -64 -54 -41 -30 -20 -10 1 12 24 35 46 56 63 62 54 41 25 10 -2 -11 -19 -29 -41 -54 -64 -64 -56 -42 -30 -20 -11 0 13 27 38 46 54 61 62 56 42 25 9 -2 -10 -19 -31 -44 -55 -62 -61 -54 -43 -30 -19 -9 0 11 24 37 49 58 61 58 51 39 25 12 0 -8 -17 -28 -42 -55 -63 -63 -56 -44 -33 -21 -9 3 14 25 35 46 56 63 62 54 40 24 10 -1 -10 -19 -29 -42 -54 -62 -63 -55 -43 -31 -21 -10 2 14 26 37 46 55 61 62 55 41 24 10 0 -8 -17 -29 -43 -56 -64 -63 -55 -43 -31 -20 -9 2 14 27 37 46 53 59 61 55 41 23 8 -1 55 1223 304 15213
59 63 60 49 33 18 6 -3 -10 -20 -34 -48 -60 -64 -61 -51 -38 -26 -16 -6 4 16 28 41 51 59 62 60 51 36 19 5 -5 -12 -20 -33 -48 -60 -64 -59 -49 -39 -30 -20 -7 6 19 29 40 51 59 63 59 49 35 19 7 -2 -8 -16 -30 -48 -65 -72 -68 -55 -39 -26 -15 -4 9 22 33 42 50 58 63 60 50 34 17 4 -5 -12 -21 -34 -49 -60 -65 -61 -50 -37 -25 -14 -5 5 16 28 40 51 58 61 58 50 36 20 5 -6 -14 -21 -32 -45 -58 -64 -62 -53 -40 -29 -17 -6 7 19 30 41 51 60 64 60 48 32 17 6 -3 -12 -23 -36 -48 -57 -62 -62 -54 -40 -25 -11 -1 7 15 26 38 50 59 63 60 50 34 17 3 -6 -12 -20 -32 -47 -58 -63 -60 -52 -40 -27 -15 -4 6 17 28 40 51 59 61 58 48 34 18 5 -3 -10 -19 -33 -49 -61 -65 -60 -50 -39 -28 -17 -5 7 19 29 39 50 59 64 61 49 33 16 4 -3 -10 -19 -33 -49 -60 -64 -59 -50 -39 -29 -18 -7 6 19 31 42 52 60 63 60 49 33 17 3 -5 -12 -21 -33 -47 -58 -63 -60 -51 -39 -27 -16 -5 6 18 29 41 51 59 62 58 48 34 19 6 59 8486 304 15213
61 64 58 45 29 14 2 -7 -15 -25 -37 -51 -61 -64 -59 -48 -35 -23 -12 -2 9 20 32 45 57 63 63 55 42 27 13 3 -6 -14 -24 -38 -52 -62 -64 -58 -47 -35 -23 -12 -1 10 22 32 43 52 59 61 56 45 31 16 3 -6 -14 -23 -36 -50 -63 -69 -65 -52 -36 -21 -10 1 12 24 35 45 54 60 61 56 44 28 12 1 -7 -14 -24 -38 -53 -63 -64 -57 -46 -34 -23 -12 -2 9 21 33 46 56 62 62 55 43 28 12 -1 -9 -15 -23 -36 -51 -61 -63 -57 -47 -36 -25 -13 0 13 23 32 42 52 60 63 57 43 27 12 1 -6 -13 -22 -36 -51 -62 -64 -59 -48 -36 -23 -12 0 10 21 32 44 55 63 63 56 43 27 12 0 -9 -17 -25 -36 -48 -58 -60 -56 -46 -35 -25 -15 -3 9 21 32 43 53 60 62 56 44 29 14 3 -5 -13 -23 -38 -53 -64 -66 -59 -46 -33 -22 -12 -2 9 21 34 45 55 60 60 54 43 29 13 1 -8 -15 -23 -36 -51 -62 -65 -57 -45 -33 -23 -14 -3 10 23 34 44 53 60 62 57 44 27 11 0 -7 -14 -23 -36 -51 -61 -63 -56 -45 -34 -25 -16 -5 9 24 36 46 55 60 60 54 41 27 13 2 63 13423 304 15213
-61 -52 -40 -30 -20 -9 4 17 29 40 49 58 62 60 50 36 20 6 -4 -12 -20 -31 -44 -56 -62 -60 -51 -39 -28 -19 -10 1 14 26 37 48 57 63 62 52 37 20 7 -1 -8 -17 -31 -47 -60 -66 -62 -52 -39 -27 -19 -10 1 15 28 37 45 53 63 68 62 44 20 1 -9 -12 -18 -31 -47 -60 -64 -60 -50 -40 -30 -19 -7 5 16 26 37 48 58 63 62 53 37 20 5 -5 -12 -19 -30 -43 -56 -63 -62 -54 -42 -29 -17 -6 4 14 25 37 48 58 63 62 52 37 20 6 -3 -10 -18 -30 -45 -57 -63 -61 -52 -41 -30 -19 -8 3 15 26 37 49 59 65 62 51 36 20 8 -2 -10 -20 -33 -46 -57 -62 -60 -52 -42 -31 -21 -9 4 17 29 40 49 58 63 61 51 36 20 6 -3 -10 -19 -32 -46 -58 -64 -61 -53 -41 -29 -18 -7 5 17 29 39 48 56 60 59 51 37 21 6 -5 -13 -20 -30 -42 -55 -61 -60 -51 -40 -29 -20 -10 2 16 28 38 47 55 61 60 52 37 21 8 -1 -8 -18 -31 -46 -58 -63 -61 -52 -41 -30 -20 -10 2 15 29 41 50 57 60 58 52 39 23 8 -3 -11 -19 -30 -45 -58 -65 -62 -53 -42 -31 -19 -7 5 68 11965 304 15213
62 63 57 45 31 17 4 -6 -14 -23 -36 -51 -63 -66 -59 -47 -34 -24 -15 -4 9 22 33 43 52 60 61 56 44 30 17 5 -5 -14 -24 -36 -49 -59 -64 -61 -51 -37 -24 -13 -2 8 20 31 43 53 61 63 58 46 30 14 1 -8 -14 -21 -32 -46 -60 -68 -65 -53 -37 -24 -12 -2 10 22 33 44 54 61 63 57 45 29 13 2 -6 -14 -23 -36 -51 -61 -64 -59 -48 -36 -25 -13 -2 10 21 31 42 53 60 62 56 45 30 16 3 -6 -14 -22 -35 -49 -61 -65 -61 -50 -38 -27 -15 -2 10 22 34 45 55 62 62 55 44 29 15 2 -8 -16 -24 -35 -48 -59 -64 -60 -50 -37 -25 -14 -4 8 20 33 45 54 61 62 58 47 32 16 1 -9 -16 -23 -34 -50 -63 -67 -61 -49 -37 -28 -17 -3 14 29 40 47 52 57 60 56 44 27 11 -1 -8 -14 -22 -35 -48 -59 -62 -57 -48 -37 -27 -17 -5 8 22 34 45 54 60 63 58 46 29 13 1 -6 -13 -23 -36 -51 -61 -63 -58 -48 -37 -25 -13 -2 9 20 31 43 54 62 64 58 45 28 13 1 -6 -12 -22 -36 -51 -61 -63 -58 -48 -37 -26 -15 -3 8 20 32 44 55 62 64 58 46 30 13 0 73 8030 304 15213
58 61 58 49 35 19 6 -3 -11 -20 -33 -46 -58 -63 -61 -53 -41 -29 -17 -5 7 19 30 40 50 57 60 58 48 34 19 6 -4 -11 -19 -30 -44 -56 -62 -60 -52 -41 -30 -19 -9 3 16 28 40 50 59 63 62 52 36 18 3 -6 -10 -16 -28 -45 -61 -68 -64 -52 -38 -27 -18 -8 5 18 29 39 48 57 64 63 53 35 17 3 -4 -10 -18 -31 -46 -59 -65 -61 -52 -40 -29 -19 -7 6 19 30 40 49 57 62 60 51 36 20 7 -2 -11 -20 -33 -46 -59 -65 -64 -55 -42 -28 -16 -5 6 18 30 41 51 59 62 60 50 34 18 5 -4 -11 -19 -31 -45 -57 -63 -61 -53 -42 -30 -19 -7 5 18 30 41 50 58 62 61 52 37 19 4 -6 -12 -19 -31 -45 -57 -63 -60 -51 -40 -30 -20 -9 3 16 29 41 52 60 64 61 51 36 21 7 -5 -14 -23 -34 -46 -57 -63 -61 -53 -40 -27 -16 -7 3 14 27 41 52 60 64 61 51 36 18 3 -7 -12 -19 -30 -45 -58 -64 -61 -51 -39 -28 -18 -8 5 18 30 40 49 57 61 59 50 35 19 6 -2 -9 -18 -32 -47 -59 -64 -61 -52 -41 -29 -17 -5 5 15 26 39 51 60 63 60 51 37 21 6 138 725 304 15213
57 61 61 54 40 23 7 -3 -9 -17 -28 -43 -56 -63 -61 -53 -43 -32 -22 -10 2 15 26 37 47 56 62 62 54 40 23 8 -2 -9 -17 -28 -43 -57 -64 -63 -54 -42 -30 -19 -9 1 12 23 36 49 59 63 60 51 38 23 10 -1 -9 -15 -23 -37 -54 -68 -72 -63 -46 -29 -17 -7 4 16 27 38 47 56 62 62 54 39 22 8 -1 -9 -18 -31 -45 -57 -62 -61 -53 -42 -31 -20 -10 2 14 26 37 46 55 61 61 55 42 25 9 -3 -11 -19 -29 -41 -53 -61 -62 -56 -46 -33 -21 -9 2 14 26 38 49 58 62 60 52 39 23 10 0 -8 -17 -29 -43 -57 -64 -63 -55 -43 -30 -20 -10 1 13 25 38 48 56 61 60 53 40 24 10 0 -7 -15 -29 -46 -60 -66 -63 -53 -42 -31 -21 -10 3 16 28 39 49 56 60 59 52 39 23 9 -2 -10 -18 -29 -44 -57 -64 -62 -54 -42 -29 -17 -7 4 14 24 35 46 56 61 60 52 38 23 9 -1 -8 -16 -28 -42 -54 -62 -62 -56 -46 -34 -21 -9 3 15 27 38 48 56 60 59 52 40 24 10 -1 -9 -17 -28 -42 -56 -64 -64 -57 -46 -32 -19 -7 5 16 28 39 48 55 59 58 52 40 22 6 143 14204 304 15213
59 63 60 49 32 15 1 -6 -12 -20 -33 -47 -59 -63 -59 -50 -40 -29 -17 -5 7 19 31 43 52 58 60 57 49 36 20 5 -6 -14 -22 -35 -49 -61 -65 -60 -49 -38 -27 -16 -4 8 20 30 40 50 58 61 59 50 35 18 4 -6 -12 -19 -32 -48 -62 -68 -63 -51 -37 -25 -15 -6 4 16 29 43 55 63 64 59 47 32 16 3 -5 -12 -21 -34 -49 -61 -65 -60 -50 -38 -27 -16 -4 8 20 31 41 52 60 62 58 47 32 17 4 -5 -13 -21 -33 -47 -59 -64 -60 -50 -37 -25 -15 -6 5 17 30 41 51 59 62 60 51 34 16 1 -7 -12 -20 -34 -50 -62 -64 -58 -48 -38 -28 -15 -2 9 18 26 37 49 59 63 59 49 36 20 6 -5 -14 -23 -34 -49 -61 -65 -60 -49 -37 -27 -17 -5 8 20 31 41 50 59 64 61 50 32 15 1 -8 -15 -23 -34 -46 -57 -61 -58 -50 -39 -28 -17 -5 7 19 31 41 50 58 62 59 49 34 18 5 -5 -12 -22 -36 -51 -62 -64 -58 -47 -36 -25 -16 -5 7 19 30 40 49 57 61 59 49 34 18 4 -6 -13 -22 -34 -48 -60 -64 -60 -50 -37 -26 -15 -5 7 19 31 43 52 58 60 56 47 33 17 3 148 6907 304 15213
-63 -54 -43 -33 -23 -12 2 15 26 34 43 52 59 62 56 43 28 12 0 -9 -17 -27 -40 -54 -62 -63 -56 -45 -33 -22 -12 0 13 26 37 46 54 58 59 55 44 28 12 -1 -9 -16 -26 -40 -54 -63 -63 -55 -44 -34 -24 -13 0 12 23 33 44 56 67 70 60 42 21 5 -5 -10 -16 -25 -38 -52 -62 -65 -59 -46 -33 -20 -10 1 12 25 37 47 55 60 60 54 42 26 11 -1 -10 -17 -26 -39 -52 -62 -64 -57 -45 -32 -20 -10 0 11 23 36 48 57 62 60 52 39 25 11 1 -7 -14 -24 -39 -54 -64 -65 -57 -45 -33 -22 -12 -1 10 22 34 47 59 65 64 54 40 25 12 0 -9 -18 -28 -40 -53 -62 -64 -57 -45 -31 -20 -11 -1 12 25 37 47 54 59 60 55 42 26 11 0 -8 -16 -27 -41 -54 -62 -62 -55 -44 -33 -23 -13 -1 12 25 36 47 55 61 61 55 42 26 11 0 -8 -15 -27 -41 -54 -62 -62 -56 -46 -34 -22 -10 1 12 23 34 46 57 62 62 55 41 25 9 -2 -9 -15 -25 -40 -55 -64 -62 -54 -43 -33 -24 -13 -1 12 24 35 46 56 62 62 54 41 26 12 0 -9 -17 -26 -39 -54 -63 -64 -56 -44 -31 -21 -11 0 153 4099 304 15213
60 64 59 47 32 18 5 -5 -14 -24 -35 -47 -57 -63 -60 -51 -39 -27 -16 -5 9 22 34 41 47 53 58 58 50 35 18 5 -3 -10 -20 -35 -50 -61 -63 -58 -48 -37 -26 -16 -6 4 15 27 39 51 60 64 61 50 34 18 4 -5 -11 -20 -32 -48 -62 -68 -62 -49 -35 -24 -15 -6 5 18 30 40 49 57 63 62 51 35 17 3 -6 -13 -22 -34 -47 -58 -62 -59 -51 -40 -28 -17 -5 7 19 30 41 51 59 62 59 49 34 17 4 -6 -13 -22 -33 -46 -57 -63 -60 -51 -40 -28 -16 -4 7 18 29 40 51 60 63 60 48 32 16 3 -5 -11 -19 -31 -47 -60 -64 -60 -51 -39 -29 -18 -6 7 19 31 41 51 59 62 59 49 35 20 5 -7 -15 -23 -33 -47 -59 -64 -61 -51 -38 -26 -16 -5 7 19 30 41 52 60 63 58 46 31 16 4 -4 -11 -20 -32 -47 -59 -64 -61 -51 -38 -26 -16 -6 5 17 30 42 52 60 63 59 48 33 16 2 -7 -12 -19 -30 -46 -60 -66 -62 -51 -38 -27 -17 -6 6 19 30 41 51 60 64 60 48 32 17 4 -5 -12 -21 -34 -47 -59 -64 -60 -50 -39 -28 -17 -5 8 20 31 41 50 59 63 59 47 30 16 5 158 5464 304 15213
-65 -65 -57 -44 -30 -18 -8 3 15 28 40 50 58 63 61 53 38 21 7 -3 -10 -20 -33 -47 -58 -63 -59 -51 -41 -31 -21 -10 3 16 27 38 49 59 64 62 52 37 20 6 -4 -11 -18 -28 -42 -56 -64 -63 -54 -42 -31 -21 -10 4 17 29 38 49 60 68 66 53 32 14 2 -3 -8 -17 -30 -45 -58 -64 -63 -54 -41 -27 -16 -7 2 14 26 39 49 57 61 60 52 38 21 6 -4 -11 -18 -30 -43 -56 -63 -62 -55 -44 -31 -19 -7 4 15 28 40 50 58 62 60 51 37 20 6 -4 -11 -18 -30 -45 -58 -63 -59 -50 -40 -29 -19 -8 3 15 26 37 47 56 61 61 53 39 21 6 -4 -10 -18 -31 -46 -58 -62 -59 -51 -41 -30 -19 -7 3 14 25 37 50 60 64 60 51 37 21 6 -5 -12 -19 -30 -44 -57 -64 -61 -51 -40 -29 -18 -8 3 14 26 38 51 61 65 60 49 34 20 8 -2 -10 -19 -32 -46 -58 -64 -61 -51 -40 -30 -20 -10 3 16 29 41 51 58 62 59 50 36 20 6 -4 -11 -19 -30 -44 -57 -63 -62 -53 -41 -29 -18 -8 3 15 27 40 51 59 62 59 49 36 21 7 -3 -12 -20 -31 -44 -57 -63 -63 -55 -43 -30 -18 -5 164 2346 304 15213
58 61 58 48 34 19 6 -4 -11 -20 -32 -47 -60 -65 -62 -52 -39 -26 -15 -6 4 16 30 43 52 57 59 58 53 39 20 2 -10 -16 -20 -30 -46 -60 -66 -60 -48 -36 -26 -17 -6 5 16 27 38 50 59 64 60 50 35 19 5 -4 -11 -19 -32 -48 -62 -68 -62 -50 -37 -26 -17 -7 6 20 32 42 50 57 61 59 49 33 17 5 -3 -10 -19 -32 -48 -60 -66 -62 -52 -40 -28 -16 -4 8 20 30 41 51 60 63 58 47 32 17 4 -7 -16 -24 -32 -41 -50 -58 -60 -54 -42 -28 -16 -6 3 13 26 40 52 62 65 61 50 34 18 6 -3 -10 -20 -35 -51 -62 -65 -60 -50 -38 -27 -17 -6 6 18 29 41 52 60 63 60 50 34 18 5 -4 -12 -22 -36 -50 -61 -63 -58 -49 -38 -27 -16 -5 6 17 29 41 52 60 63 59 48 34 18 4 -5 -12 -21 -33 -48 -60 -65 -61 -50 -38 -26 -16 -6 4 17 30 43 53 59 61 58 49 35 19 4 -6 -13 -21 -33 -48 -60 -65 -60 -50 -38 -27 -17 -5 8 19 30 39 49 59 64 61 49 33 17 4 -4 -11 -21 -34 -49 -60 -64 -60 -50 -38 -26 -15 -5 5 16 28 40 52 61 64 59 48 33 17 5 168 2921 304 15213
61 65 62 51 36 20 7 -3 -11 -19 -30 -44 -57 -63 -62 -53 -42 -31 -20 -9 3 16 29 40 50 58 62 61 52 37 21 7 -3 -10 -18 -30 -45 -58 -64 -62 -53 -42 -31 -19 -8 4 15 28 42 54 62 61 54 44 33 21 9 -1 -9 -17 -28 -44 -60 -68 -65 -53 -39 -27 -17 -7 5 16 26 37 49 59 64 60 49 35 21 9 -3 -12 -22 -32 -44 -55 -63 -63 -55 -42 -28 -17 -7 3 15 28 42 53 61 63 59 49 35 19 5 -5 -12 -18 -29 -44 -58 -66 -64 -54 -40 -27 -16 -6 4 16 28 39 50 58 62 59 50 36 21 7 -3 -11 -19 -31 -46 -59 -64 -61 -52 -40 -30 -20 -8 5 18 30 41 51 58 62 59 49 34 19 7 -2 -9 -18 -31 -47 -59 -63 -60 -51 -40 -30 -19 -7 5 17 27 37 47 55 60 59 52 39 23 8 -3 -11 -18 -29 -44 -59 -66 -63 -52 -39 -28 -19 -9 3 17 28 37 46 56 63 63 53 36 19 5 -3 -10 -18 -30 -44 -57 -64 -62 -53 -41 -29 -19 -9 3 16 28 39 49 57 62 61 52 37 21 7 -3 -10 -19 -30 -44 -57 -65 -65 -56 -43 -29 -17 -7 5 18 31 42 51 58 62 61 53 37 19 3 173 14749 304 15213
61 65 61 50 35 18 4 -4 -10 -18 -31 -47 -60 -65 -61 -52 -40 -27 -16 -5 4 14 25 38 50 60 63 61 52 37 20 5 -6 -12 -18 -30 -45 -60 -66 -62 -52 -40 -29 -18 -6 6 17 27 39 51 61 65 61 50 36 21 6 -6 -14 -21 -31 -46 -60 -68 -63 -49 -35 -25 -18 -9 4 19 32 40 48 56 62 61 50 33 16 5 -2 -9 -19 -32 -47 -59 -64 -60 -50 -37 -26 -16 -8 2 14 26 39 49 58 62 59 50 36 20 7 -3 -10 -19 -31 -45 -58 -63 -61 -52 -41 -30 -20 -8 4 16 28 40 51 60 63 60 50 36 21 6 -5 -14 -21 -31 -44 -57 -64 -62 -52 -39 -28 -18 -7 5 17 28 39 49 58 63 61 50 34 18 5 -3 -9 -17 -30 -46 -59 -65 -62 -52 -40 -28 -18 -6 5 17 28 38 49 59 63 60 50 34 19 6 -4 -11 -19 -31 -46 -58 -63 -59 -50 -39 -29 -20 -9 4 16 28 39 49 58 63 60 51 36 21 7 -3 -11 -20 -32 -46 -58 -64 -62 -52 -40 -28 -17 -6 4 16 28 39 50 58 61 59 50 36 20 7 -2 -9 -18 -32 -47 -59 -64 -61 -53 -42 -29 -17 -5 6 15 26 38 50 60 63 60 49 36 21 8 177 11387 304 15213
63 63 54 39 23 10 1 -6 -15 -27 -41 -54 -62 -62 -56 -45 -34 -23 -12 -1 11 24 36 46 55 61 62 56 44 27 10 -3 -10 -16 -26 -39 -53 -61 -62 -55 -45 -35 -23 -11 2 13 23 33 45 55 60 58 52 41 28 14 2 -7 -13 -22 -36 -54 -67 -68 -59 -44 -32 -22 -13 -2 11 23 35 46 58 65 65 56 41 24 11 0 -8 -16 -27 -40 -54 -62 -63 -56 -45 -34 -23 -12 0 12 24 34 45 55 63 64 56 41 25 11 0 -8 -16 -26 -39 -52 -61 -63 -57 -47 -34 -22 -11 0 11 22 34 45 55 62 63 56 43 26 10 -1 -8 -15 -25 -38 -52 -61 -63 -57 -47 -35 -23 -12 -1 10 21 34 46 57 63 63 57 44 27 11 -2 -9 -16 -25 -38 -53 -63 -63 -55 -44 -35 -26 -16 -2 13 26 37 46 56 62 62 55 41 26 12 2 -7 -16 -27 -40 -53 -61 -63 -58 -47 -36 -24 -12 1 14 26 35 44 53 61 63 56 43 26 11 0 -8 -15 -25 -38 -52 -62 -64 -58 -46 -34 -23 -12 -1 12 24 35 45 54 61 62 56 44 28 13 1 -9 -17 -27 -40 -53 -64 -66 -59 -46 -32 -21 -11 -1 11 24 36 47 56 62 63 56 42 25 10 -1 182 10616 304 15213
62 60 52 40 26 11 0 -8 -16 -26 -40 -55 -64 -64 -55 -43 -32 -22 -11 1 13 24 33 43 54 62 64 57 43 27 12 0 -8 -17 -28 -42 -56 -65 -64 -55 -42 -31 -21 -12 -1 11 23 35 47 58 64 63 53 39 25 11 0 -10 -18 -26 -37 -51 -64 -68 -61 -47 -31 -19 -9 1 13 25 35 44 54 62 63 56 40 23 9 0 -5 -13 -26 -42 -56 -63 -63 -55 -45 -34 -24 -12 0 13 25 35 45 55 62 63 55 40 24 10 2 -5 -13 -24 -38 -52 -62 -65 -61 -51 -37 -24 -11 1 13 24 35 45 55 63 64 57 43 26 12 1 -6 -16 -29 -44 -56 -62 -62 -56 -47 -36 -23 -10 2 13 24 35 47 56 62 61 54 41 25 10 0 -8 -15 -26 -41 -55 -63 -62 -55 -44 -33 -22 -11 1 12 23 35 46 56 61 61 54 42 26 11 -1 -9 -15 -25 -39 -54 -64 -64 -56 -45 -33 -23 -12 0 12 25 36 47 56 62 61 53 40 25 10 -1 -8 -15 -25 -39 -54 -63 -64 -56 -44 -33 -23 -13 -2 11 23 36 48 58 64 62 54 41 25 11 0 -9 -17 -29 -42 -55 -62 -62 -55 -45 -33 -21 -10 2 13 23 35 47 58 63 60 51 38 24 12 1 193 1414 304 15213
62 63 57 47 32 17 3 -7 -14 -23 -35 -48 -60 -64 -60 -50 -36 -25 -14 -5 6 19 32 43 52 59 61 58 48 33 17 3 -6 -13 -22 -35 -49 -60 -65 -62 -52 -39 -25 -13 -2 8 19 31 43 53 59 61 57 47 32 15 2 -6 -10 -16 -28 -46 -63 -71 -67 -54 -39 -27 -15 -3 11 24 36 45 53 60 64 59 46 27 11 0 -6 -11 -20 -34 -49 -60 -63 -59 -50 -39 -26 -14 -2 9 19 29 41 52 60 63 58 47 32 18 5 -5 -14 -24 -35 -48 -58 -63 -61 -52 -39 -26 -14 -2 9 20 31 42 52 58 61 57 48 34 19 4 -7 -15 -23 -35 -48 -60 -65 -60 -49 -36 -26 -16 -5 7 20 31 42 52 61 64 59 46 30 14 3 -4 -11 -21 -35 -51 -61 -64 -57 -47 -37 -28 -19 -6 8 22 33 42 51 59 64 61 49 31 15 2 -6 -14 -23 -35 -48 -58 -62 -60 -51 -39 -27 -15 -3 9 21 32 42 51 57 60 58 49 34 16 2 -8 -14 -21 -33 -47 -60 -65 -60 -49 -36 -25 -16 -6 6 18 31 43 53 61 63 59 47 31 16 4 -5 -13 -23 -35 -49 -60 -64 -60 -51 -39 -26 -14 -3 9 21 32 43 52 59 61 58 48 33 17 2 198 3567 304 15213
59 63 60 51 36 20 6 -4 -11 -19 -30 -44 -56 -62 -60 -52 -41 -30 -20 -9 2 15 27 39 49 58 62 61 52 37 20 5 -5 -10 -16 -26 -41 -57 -65 -64 -54 -41 -30 -19 -9 3 15 27 38 48 57 62 61 52 37 20 6 -3 -7 -13 -25 -43 -60 -68 -65 -53 -40 -30 -20 -10 3 16 29 39 49 58 63 60 51 36 21 8 -2 -9 -19 -31 -45 -57 -63 -61 -52 -41 -30 -20 -9 3 16 28 38 48 56 61 61 53 38 21 6 -3 -9 -16 -28 -45 -58 -64 -61 -52 -41 -31 -21 -9 3 15 27 38 49 57 62 61 52 37 21 7 -2 -9 -16 -28 -44 -57 -64 -62 -55 -44 -31 -19 -6 5 15 24 36 48 59 64 62 52 37 22 8 -3 -12 -20 -30 -43 -55 -62 -62 -55 -42 -30 -19 -9 2 14 26 38 48 57 62 62 54 39 22 7 -3 -10 -18 -31 -46 -58 -63 -61 -53 -43 -32 -20 -8 3 13 25 38 52 62 65 61 50 36 21 7 -3 -10 -18 -30 -44 -58 -64 -63 -54 -41 -29 -17 -7 3 14 25 37 48 57 62 60 52 38 23 8 -2 -9 -17 -29 -44 -58 -65 -63 -54 -43 -32 -20 -8 5 18 30 39 48 55 61 60 53 39 22 6 203 7145 304 15213
61 64 59 47 30 13 0 -8 -14 -22 -34 -49 -60 -64 -58 -47 -36 -26 -16 -4 9 21 32 42 52 61 64 58 44 28 14 4 -3 -12 -23 -37 -50 -60 -63 -59 -49 -37 -26 -15 -4 8 21 33 44 53 61 63 58 45 29 13 1 -7 -12 -20 -33 -51 -65 -68 -59 -43 -30 -22 -16 -6 8 22 31 37 45 56 64 62 49 31 15 5 -2 -11 -23 -37 -51 -61 -64 -60 -50 -38 -25 -14 -3 8 20 32 42 52 60 62 57 45 29 14 3 -4 -11 -21 -35 -51 -63 -65 -57 -46 -35 -26 -17 -6 8 20 32 42 52 60 63 57 45 30 15 3 -5 -12 -21 -34 -49 -61 -64 -59 -49 -37 -26 -15 -4 8 19 30 42 53 61 63 57 46 31 16 3 -6 -13 -21 -34 -49 -61 -65 -60 -49 -37 -26 -15 -4 8 20 30 42 53 62 64 58 46 30 14 2 -6 -13 -22 -35 -50 -61 -63 -57 -47 -37 -27 -16 -4 8 19 29 40 52 62 64 59 47 32 17 3 -8 -16 -23 -34 -48 -60 -65 -61 -50 -37 -25 -15 -4 9 21 33 43 52 59 61 57 47 31 15 2 -7 -13 -22 -36 -51 -61 -64 -58 -48 -36 -25 -14 -3 8 20 31 42 52 60 62 58 47 31 15 1 208 1499 304 15213
55 62 62 53 37 19 6 -1 -7 -16 -30 -45 -59 -64 -62 -53 -42 -30 -19 -8 4 16 27 38 48 57 62 60 51 36 20 7 -2 -9 -17 -30 -45 -57 -62 -60 -51 -41 -31 -21 -10 2 15 27 38 48 56 61 60 52 39 23 9 -2 -9 -16 -28 -44 -59 -68 -66 -55 -40 -28 -18 -8 2 15 28 40 49 56 60 60 53 39 22 7 -4 -12 -19 -30 -44 -56 -62 -60 -52 -41 -30 -20 -9 2 14 27 38 48 56 61 61 54 41 23 7 -4 -12 -19 -30 -45 -59 -64 -60 -50 -39 -29 -20 -10 2 13 25 36 49 60 65 62 52 37 22 9 -2 -11 -20 -31 -45 -57 -64 -63 -54 -42 -30 -19 -8 4 17 29 40 50 58 62 59 50 36 21 8 -2 -10 -20 -32 -46 -59 -65 -62 -52 -40 -28 -17 -6 5 16 27 38 49 58 62 59 49 36 21 8 -3 -11 -19 -29 -42 -55 -63 -63 -54 -40 -27 -18 -9 2 14 26 38 48 56 62 61 53 37 20 7 -2 -9 -17 -30 -45 -58 -63 -61 -53 -42 -31 -19 -7 5 16 26 36 46 55 61 60 53 40 24 9 -2 -10 -18 -29 -44 -59 -66 -63 -53 -41 -31 -21 -9 4 17 28 38 48 58 63 61 52 37 21 8 213 8227 304 15213
61 64 59 45 28 13 1 -7 -13 -22 -35 -49 -59 -62 -58 -49 -38 -27 -17 -5 8 21 33 45 55 61 62 57 46 31 15 3 -6 -14 -23 -36 -50 -62 -65 -59 -48 -37 -26 -15 -4 9 21 33 44 55 61 61 55 45 33 20 7 -6 -16 -24 -34 -48 -63 -71 -69 -55 -36 -20 -9 1 12 23 34 43 52 59 63 58 45 28 12 1 -6 -13 -23 -36 -51 -62 -65 -60 -49 -35 -23 -11 -1 9 20 30 42 52 60 62 57 45 30 16 3 -6 -15 -24 -36 -50 -61 -65 -60 -48 -35 -24 -15 -4 8 21 33 44 53 60 62 58 46 31 15 2 -7 -14 -23 -35 -49 -60 -65 -61 -51 -38 -26 -14 -2 10 23 35 45 55 61 62 56 44 29 14 1 -8 -15 -23 -35 -50 -61 -64 -58 -47 -35 -24 -14 -2 10 21 31 42 52 60 62 56 45 30 16 4 -6 -16 -26 -37 -50 -59 -62 -57 -46 -35 -25 -16 -6 6 20 33 44 53 60 63 59 47 30 12 -1 -8 -13 -21 -33 -48 -59 -63 -59 -49 -38 -26 -14 -3 8 19 30 43 54 62 64 58 46 31 15 2 -6 -14 -23 -37 -52 -63 -65 -58 -46 -35 -25 -15 -4 8 21 32 44 54 60 62 56 45 31 15 2 218 1882 304 15213
-61 -52 -41 -31 -21 -10 3 15 26 36 47 56 61 60 53 40 25 10 -2 -11 -18 -29 -42 -56 -63 -62 -53 -42 -31 -21 -10 2 14 25 36 48 58 64 62 52 38 23 10 -1 -11 -18 -28 -41 -55 -65 -65 -55 -41 -30 -21 -11 2 15 26 34 43 55 66 69 59 40 20 6 -3 -10 -19 -32 -45 -56 -62 -61 -54 -42 -30 -19 -9 2 14 27 38 47 55 60 61 54 41 24 9 -2 -10 -17 -29 -43 -56 -63 -63 -55 -44 -32 -20 -10 1 13 26 39 50 58 62 61 53 40 25 10 -2 -10 -19 -31 -45 -58 -63 -61 -53 -42 -32 -21 -10 3 15 26 37 48 58 63 62 54 39 22 7 -3 -10 -18 -30 -45 -57 -62 -59 -52 -43 -32 -21 -9 3 14 25 37 48 57 62 60 52 39 23 9 -2 -10 -17 -28 -43 -57 -64 -62 -54 -42 -31 -21 -9 2 14 25 36 48 58 64 62 54 40 24 9 -2 -11 -19 -29 -43 -56 -65 -65 -55 -42 -28 -18 -8 2 13 25 37 49 59 63 60 51 38 23 11 0 -10 -19 -31 -44 -56 -63 -63 -54 -42 -31 -21 -10 3 17 30 39 46 54 61 61 53 37 21 9 1 -7 -19 -33 -45 -53 -57 -59 -57 -48 -35 -19 -6 4 222 16332 304 15213
60 62 59 50 35 17 2 -9 -16 -23 -35 -49 -60 -64 -59 -49 -37 -25 -13 -2 8 18 29 41 53 61 63 57 45 31 16 4 -5 -13 -22 -34 -49 -60 -63 -59 -49 -39 -28 -17 -4 9 21 31 41 51 59 63 59 48 33 16 3 -6 -13 -21 -33 -49 -63 -68 -62 -49 -35 -23 -13 -4 8 19 30 40 50 59 64 60 48 30 14 2 -5 -12 -21 -34 -48 -58 -62 -58 -50 -40 -29 -18 -6 8 21 32 43 53 61 64 60 48 30 13 1 -7 -13 -21 -34 -49 -60 -65 -60 -50 -37 -25 -14 -4 7 19 31 43 52 59 62 58 47 31 15 3 -5 -12 -21 -35 -50 -61 -63 -57 -47 -37 -28 -18 -6 7 20 32 43 53 60 63 59 48 32 15 2 -7 -13 -23 -36 -51 -62 -64 -58 -46 -35 -25 -15 -5 7 20 32 43 52 59 61 57 46 31 16 5 -3 -11 -22 -37 -52 -62 -63 -57 -47 -37 -27 -16 -4 8 20 31 42 52 59 61 58 47 33 17 3 -6 -13 -21 -33 -48 -60 -65 -60 -49 -38 -27 -16 -4 7 18 29 41 53 62 65 59 47 32 18 6 -5 -14 -25 -36 -49 -60 -65 -61 -51 -37 -24 -13 -4 7 18 30 42 53 62 66 62 49 31 13 0 227 13147 304 15213
56 59 58 52 39 24 9 -2 -10 -18 -29 -43 -54 -60 -59 -52 -43 -34 -23 -11 2 14 25 36 47 57 63 63 55 39 22 7 -3 -10 -18 -29 -43 -55 -61 -60 -53 -43 -32 -21 -10 1 13 25 36 47 56 61 61 55 42 25 9 -2 -8 -14 -26 -44 -61 -70 -66 -54 -41 -30 -21 -10 4 17 29 39 48 56 61 60 52 39 24 10 -2 -11 -20 -31 -44 -56 -62 -60 -52 -42 -32 -21 -9 3 14 25 35 47 57 64 62 53 38 23 10 0 -9 -17 -29 -44 -58 -66 -64 -54 -40 -29 -20 -11 0 14 28 39 48 56 61 62 54 40 22 7 -3 -9 -17 -29 -45 -58 -65 -62 -53 -41 -29 -19 -9 2 14 26 37 48 57 63 62 53 39 22 7 -3 -9 -17 -29 -44 -58 -65 -62 -52 -40 -29 -20 -11 1 14 26 38 48 57 62 61 52 38 22 8 -2 -10 -17 -28 -42 -55 -63 -63 -55 -43 -31 -20 -10 2 15 27 38 47 55 61 61 54 39 22 7 -2 -8 -15 -28 -43 -57 -64 -62 -53 -42 -31 -21 -9 2 14 25 37 48 57 62 60 51 38 24 12 1 -8 -19 -31 -45 -56 -62 -61 -54 -44 -33 -21 -10 1 12 24 38 51 61 66 63 53 38 22 8 232 15250 304 15213
60 63 59 47 31 15 2 -7 -14 -23 -36 -49 -59 -62 -58 -49 -38 -26 -14 -3 8 19 30 41 52 60 62 58 46 31 15 3 -6 -13 -21 -33 -48 -60 -63 -58 -48 -37 -27 -16 -5 7 19 30 41 52 60 62 56 45 31 18 6 -4 -12 -19 -30 -45 -60 -70 -68 -55 -39 -24 -13 -4 8 22 34 44 52 58 61 57 47 31 15 3 -5 -11 -21 -35 -50 -60 -63 -59 -49 -38 -27 -15 -3 9 20 30 41 51 59 62 58 47 31 16 4 -5 -12 -22 -34 -49 -60 -64 -59 -49 -37 -25 -15 -4 7 19 30 41 51 58 61 58 49 34 17 3 -6 -14 -22 -34 -48 -60 -63 -59 -49 -38 -28 -17 -5 9 21 32 42 52 59 62 58 48 32 16 2 -7 -14 -22 -34 -49 -61 -64 -58 -48 -36 -26 -16 -4 8 21 32 42 52 60 62 56 45 31 16 4 -6 -14 -23 -35 -48 -59 -63 -59 -48 -36 -24 -14 -4 7 18 29 41 51 60 62 58 46 31 16 3 -6 -13 -21 -32 -46 -59 -64 -61 -51 -38 -26 -16 -5 7 20 32 43 52 59 61 57 46 31 16 4 -5 -12 -22 -34 -48 -59 -63 -59 -50 -38 -27 -16 -5 7 19 31 42 52 60 64 61 49 31 13 0 237 10930 304 15213
53 59 60 55 43 28 14 2 -6 -15 -25 -38 -51 -61 -63 -58 -48 -36 -24 -13 -1 11 23 35 45 54 61 61 55 42 27 13 3 -5 -14 -26 -40 -53 -60 -61 -56 -46 -35 -23 -12 -2 8 19 32 44 55 61 62 57 45 29 14 4 -3 -11 -23 -41 -59 -69 -69 -60 -46 -33 -22 -11 1 13 26 36 46 54 59 60 55 43 27 12 1 -8 -15 -25 -38 -52 -62 -63 -56 -45 -33 -23 -13 -2 10 22 34 44 53 60 63 57 44 27 10 -1 -7 -13 -22 -36 -51 -61 -63 -58 -47 -36 -25 -15 -3 10 24 36 46 54 60 62 57 46 28 11 -1 -8 -14 -24 -38 -52 -62 -63 -57 -46 -35 -24 -13 -2 10 23 36 47 55 60 59 54 43 29 14 2 -7 -14 -24 -38 -53 -63 -65 -60 -49 -36 -23 -10 3 14 24 34 45 55 61 61 54 41 26 12 1 -8 -16 -26 -38 -50 -59 -60 -55 -46 -36 -24 -13 -1 10 21 32 44 54 61 62 56 44 29 13 0 -10 -17 -25 -36 -50 -61 -64 -57 -46 -34 -24 -15 -3 11 24 35 44 53 61 63 57 44 28 12 1 -8 -17 -27 -39 -51 -60 -62 -57 -46 -34 -23 -12 -2 10 22 33 43 52 59 62 58 45 27 11 248 4377 304 15213
59 61 58 48 34 18 4 -6 -12 -18 -29 -44 -57 -63 -60 -51 -40 -31 -21 -9 5 18 29 39 48 57 63 62 52 35 18 4 -4 -9 -18 -31 -47 -59 -64 -60 -52 -41 -31 -20 -8 5 17 28 39 50 60 65 62 50 34 18 6 -2 -8 -16 -30 -46 -61 -68 -64 -54 -40 -28 -17 -7 4 15 27 38 50 60 65 63 52 37 22 9 -2 -13 -24 -36 -49 -59 -64 -62 -52 -39 -26 -16 -6 5 19 32 42 49 55 59 59 50 35 18 4 -5 -11 -19 -31 -45 -57 -62 -59 -50 -39 -27 -16 -6 4 14 25 38 50 59 62 58 47 34 20 9 -1 -10 -20 -33 -46 -58 -63 -60 -50 -38 -28 -19 -9 3 16 29 41 50 58 62 59 50 36 20 6 -4 -12 -22 -34 -48 -59 -63 -60 -51 -39 -28 -17 -7 4 16 28 41 51 59 61 58 49 35 19 4 -5 -10 -17 -29 -44 -59 -66 -63 -53 -41 -30 -18 -6 6 17 27 37 49 60 65 62 50 33 18 6 -1 -8 -16 -30 -47 -61 -67 -63 -52 -39 -28 -18 -9 3 16 28 39 49 58 63 62 52 37 21 8 -3 -11 -21 -33 -47 -59 -64 -61 -51 -39 -28 -18 -9 3 16 30 42 51 58 61 59 49 35 18 5 253 3830 304 15213
61 62 56 43 29 14 2 -7 -14 -23 -36 -50 -62 -64 -57 -45 -34 -25 -16 -4 9 23 34 43 53 60 63 57 44 28 14 2 -6 -15 -26 -39 -51 -60 -61 -56 -46 -36 -25 -15 -3 10 22 33 43 52 59 61 56 45 30 15 3 -6 -12 -22 -37 -54 -66 -68 -59 -45 -31 -21 -12 -3 9 21 32 43 54 62 64 58 44 28 12 0 -8 -15 -24 -36 -51 -61 -64 -59 -47 -35 -23 -12 -1 10 22 33 44 54 60 60 54 43 29 15 3 -6 -14 -24 -37 -51 -62 -65 -59 -47 -34 -23 -13 -2 8 20 32 45 57 65 64 55 41 25 12 2 -6 -14 -25 -37 -51 -61 -64 -58 -47 -35 -23 -13 -2 11 23 34 44 51 58 60 57 45 29 13 0 -7 -14 -24 -38 -52 -60 -60 -54 -45 -35 -25 -15 -4 7 19 31 43 55 63 64 58 45 29 13 1 -8 -15 -25 -38 -52 -61 -63 -57 -47 -35 -23 -12 0 10 21 31 42 53 60 62 56 45 30 14 1 -9 -17 -24 -35 -49 -60 -64 -59 -47 -34 -22 -12 -1 10 21 31 41 51 59 62 57 45 29 14 2 -7 -15 -24 -36 -50 -60 -63 -57 -47 -35 -25 -15 -4 8 21 34 45 55 62 62 56 44 28 13 1 258 9 304 15213
60 58 50 35 19 5 -4 -10 -17 -29 -45 -60 -66 -63 -52 -40 -28 -18 -7 4 16 28 40 52 62 66 62 50 33 17 4 -4 -10 -18 -31 -46 -59 -65 -62 -53 -42 -31 -19 -7 6 19 30 40 51 59 62 59 49 36 22 9 -2 -12 -20 -31 -43 -57 -67 -68 -60 -45 -29 -16 -5 6 19 32 44 54 61 64 60 48 31 15 3 -4 -10 -19 -31 -45 -56 -61 -59 -51 -41 -30 -20 -9 4 17 29 40 49 57 62 61 53 37 19 4 -5 -12 -20 -32 -46 -57 -61 -59 -51 -41 -31 -20 -8 5 18 29 39 49 57 61 60 51 37 20 6 -5 -13 -22 -33 -46 -57 -62 -59 -51 -39 -28 -17 -7 4 16 27 39 50 58 62 58 48 33 18 6 -3 -10 -18 -29 -43 -56 -63 -62 -54 -43 -30 -18 -6 6 18 30 41 51 59 63 60 49 33 16 3 -5 -10 -18 -31 -46 -59 -64 -61 -51 -39 -27 -16 -6 5 16 28 40 51 58 61 59 49 35 19 6 -4 -11 -20 -32 -47 -59 -63 -59 -50 -38 -27 -17 -7 3 14 26 39 52 62 65 60 49 33 18 5 -4 -11 -20 -32 -46 -57 -62 -59 -51 -41 -30 -18 -7 4 15 27 40 52 61 63 58 48 35 21 7 -4 263 2763 304 15213
53 60 62 56 45 30 14 1 -8 -16 -25 -37 -50 -60 -63 -58 -47 -35 -23 -12 -1 11 22 34 45 53 59 60 54 43 28 14 2 -6 -14 -24 -38 -53 -62 -62 -56 -46 -35 -25 -14 -2 10 22 34 45 54 59 61 56 45 29 12 0 -6 -10 -20 -37 -57 -69 -68 -56 -43 -33 -24 -13 0 13 23 32 42 53 62 63 55 41 26 13 4 -5 -13 -25 -39 -52 -61 -63 -57 -46 -35 -25 -15 -5 7 20 33 46 56 63 64 57 43 27 11 1 -4 -10 -20 -36 -54 -65 -67 -59 -48 -36 -25 -15 -2 10 21 32 43 54 62 65 60 47 31 15 4 -5 -14 -27 -42 -56 -64 -63 -56 -47 -36 -25 -14 -1 10 22 33 45 56 63 63 56 42 27 12 1 -7 -14 -24 -37 -50 -60 -63 -58 -48 -36 -24 -13 -2 9 20 33 45 55 61 62 56 44 29 14 1 -7 -14 -24 -38 -53 -63 -64 -57 -47 -36 -25 -15 -2 11 24 36 46 55 61 62 55 42 26 10 -1 -8 -15 -24 -36 -50 -60 -63 -58 -47 -34 -23 -13 -4 8 21 35 46 54 59 60 56 45 29 12 -1 -8 -13 -22 -36 -51 -62 -64 -57 -47 -36 -25 -13 0 11 21 31 42 54 63 64 56 42 25 12 268 391 304 15213
54 61 61 52 38 22 7 -4 -12 -21 -32 -45 -56 -61 -58 -50 -39 -29 -20 -10 3 16 28 39 48 57 62 60 50 35 20 8 -1 -9 -19 -32 -47 -58 -62 -59 -50 -39 -30 -21 -11 1 15 29 41 50 58 62 61 52 37 18 3 -6 -10 -14 -26 -44 -61 -69 -65 -52 -38 -26 -17 -7 5 17 28 37 46 55 62 61 51 36 19 5 -4 -11 -19 -30 -43 -56 -62 -61 -53 -42 -31 -20 -7 5 17 29 40 51 59 63 60 50 36 19 5 -6 -14 -21 -32 -46 -58 -64 -60 -49 -37 -27 -17 -6 6 18 27 36 46 56 62 60 51 35 19 6 -3 -12 -21 -32 -44 -56 -61 -60 -51 -40 -29 -19 -9 3 16 29 40 49 57 62 60 51 35 19 6 -3 -9 -17 -29 -44 -57 -64 -62 -54 -41 -29 -18 -8 3 15 28 40 50 58 62 60 50 36 20 7 -2 -9 -18 -32 -47 -59 -64 -60 -51 -40 -30 -19 -8 4 16 28 39 49 58 62 60 50 36 20 7 -3 -11 -19 -31 -44 -57 -64 -62 -53 -41 -30 -19 -8 5 18 30 40 48 56 61 60 52 36 19 4 -5 -12 -19 -30 -44 -56 -62 -60 -53 -42 -30 -18 -6 5 15 26 38 49 58 62 59 50 37 21 7 272 12103 304 15213
60 60 55 44 29 13 0 -9 -15 -23 -36 -51 -62 -64 -57 -45 -33 -24 -15 -4 9 22 35 45 54 61 62 56 43 26 11 1 -6 -13 -23 -37 -51 -60 -62 -56 -46 -35 -24 -13 -3 9 20 32 43 53 60 60 55 45 31 16 2 -8 -15 -22 -33 -48 -62 -69 -63 -49 -33 -21 -12 -3 9 23 35 45 52 58 60 56 45 30 14 2 -6 -15 -25 -38 -52 -61 -63 -56 -46 -35 -25 -15 -4 9 22 34 45 54 60 62 57 45 29 14 2 -7 -14 -24 -37 -52 -62 -65 -58 -46 -33 -22 -13 -4 7 19 33 45 56 62 62 56 45 29 14 1 -8 -15 -25 -37 -51 -61 -63 -57 -46 -35 -24 -14 -2 10 23 34 44 53 59 61 56 44 29 14 1 -7 -14 -23 -35 -50 -62 -65 -59 -47 -35 -24 -14 -3 10 23 34 44 53 61 63 57 44 27 13 2 -5 -14 -25 -40 -53 -62 -63 -57 -46 -34 -22 -11 -1 10 21 32 44 54 61 62 56 43 27 12 0 -7 -14 -23 -37 -51 -60 -61 -56 -47 -37 -25 -12 1 12 21 31 42 54 62 62 55 42 27 14 3 -6 -15 -25 -38 -51 -60 -63 -57 -46 -34 -22 -12 -2 8 19 31 43 54 61 62 57 44 28 12 0 277 12782 304 15213
58 63 61 51 35 19 6 -2 -9 -17 -29 -43 -56 -63 -61 -53 -42 -30 -19 -9 3 15 27 39 50 58 62 59 50 36 21 7 -3 -10 -18 -28 -42 -55 -63 -63 -54 -42 -29 -18 -8 3 14 26 37 47 55 60 59 52 39 23 8 -1 -7 -13 -27 -46 -64 -71 -66 -53 -39 -28 -17 -6 6 17 26 36 47 57 63 60 50 36 21 9 -1 -10 -18 -29 -42 -56 -65 -64 -55 -41 -28 -19 -9 2 15 28 39 48 56 62 62 54 39 22 7 -3 -10 -19 -31 -45 -57 -63 -61 -53 -42 -31 -20 -8 5 16 26 37 47 57 64 63 54 38 20 5 -4 -10 -18 -30 -45 -58 -64 -61 -51 -39 -28 -19 -10 2 14 27 40 49 57 60 59 52 38 21 6 -5 -11 -18 -29 -43 -57 -63 -60 -51 -40 -30 -20 -9 4 15 26 36 47 57 63 62 52 36 20 7 -1 -8 -17 -30 -45 -58 -63 -60 -52 -42 -31 -20 -8 4 14 25 37 48 57 62 60 52 39 23 8 -4 -11 -19 -29 -43 -56 -63 -62 -53 -42 -30 -18 -7 5 15 24 35 47 58 64 61 51 37 22 9 -1 -8 -18 -31 -46 -59 -65 -61 -52 -40 -30 -20 -9 3 14 25 37 49 60 65 62 51 35 19 7 282 9085 304 15213
58 62 60 48 31 14 2 -5 -11 -20 -35 -51 -63 -65 -59 -47 -35 -26 -17 -6 7 20 33 43 51 58 62 59 48 32 16 3 -5 -12 -22 -35 -50 -61 -65 -61 -51 -39 -27 -15 -2 10 21 32 43 54 63 65 59 46 30 14 1 -7 -14 -20 -31 -47 -61 -68 -65 -53 -38 -25 -14 -2 11 23 32 41 50 59 64 60 48 31 15 4 -4 -11 -22 -36 -52 -63 -65 -60 -49 -37 -27 -16 -5 7 19 30 43 56 66 68 61 45 27 11 0 -7 -12 -20 -33 -48 -61 -65 -60 -48 -37 -26 -17 -5 8 21 33 44 53 59 61 58 48 32 16 1 -8 -15 -22 -33 -48 -61 -66 -62 -50 -36 -24 -14 -4 7 19 31 41 51 59 63 59 47 30 14 2 -4 -10 -19 -34 -50 -62 -65 -60 -50 -38 -26 -15 -4 7 18 30 42 53 61 62 56 46 32 18 6 -4 -12 -22 -34 -49 -60 -64 -60 -50 -39 -28 -17 -4 8 20 30 41 52 60 63 58 47 32 18 6 -3 -12 -23 -37 -50 -60 -63 -58 -49 -38 -27 -16 -4 8 18 28 40 53 62 64 59 47 32 16 3 -6 -13 -21 -33 -49 -61 -66 -60 -48 -35 -25 -16 -6 7 20 32 43 53 60 63 58 47 31 15 3 61 1744 305 934
56 61 61 53 38 21 6 -3 -8 -15 -27 -43 -57 -64 -63 -54 -42 -30 -19 -9 2 13 25 37 49 58 62 60 52 39 23 9 -2 -9 -16 -27 -42 -56 -65 -64 -55 -43 -31 -20 -10 2 14 27 39 49 57 61 61 54 40 22 6 -4 -9 -14 -25 -43 -60 -68 -64 -53 -40 -28 -18 -8 3 13 23 35 48 59 65 61 51 37 23 10 0 -9 -19 -31 -43 -55 -62 -62 -56 -46 -33 -20 -8 4 15 28 40 50 58 61 59 52 39 22 5 -6 -11 -16 -26 -41 -57 -64 -61 -52 -41 -33 -23 -11 4 18 29 38 47 56 61 60 50 36 21 9 0 -8 -17 -28 -41 -55 -63 -63 -55 -43 -30 -20 -10 1 14 26 38 48 56 61 61 53 40 23 8 -3 -10 -18 -28 -42 -55 -64 -63 -55 -43 -32 -21 -9 4 16 28 38 48 56 62 61 53 38 21 7 -3 -10 -17 -28 -42 -56 -63 -62 -53 -42 -31 -20 -9 3 16 27 38 47 56 61 61 52 38 21 7 -4 -10 -17 -27 -41 -55 -64 -63 -54 -42 -31 -20 -9 3 16 28 37 46 55 61 61 53 38 21 7 -2 -9 -18 -29 -42 -54 -61 -62 -55 -44 -32 -19 -8 4 15 26 37 47 56 61 61 53 38 20 6 66 2422 305 934
-62 -58 -49 -39 -28 -18 -6 7 19 31 43 53 60 63 58 47 31 15 2 -5 -11 -19 -33 -48 -61 -65 -60 -49 -37 -27 -16 -4 8 19 30 40 50 59 62 59 48 32 16 3 -5 -11 -19 -31 -47 -60 -65 -61 -49 -37 -27 -17 -5 7 18 27 36 48 60 69 67 53 33 13 0 -7 -13 -22 -35 -49 -59 -63 -60 -50 -38 -25 -14 -4 6 17 30 42 52 59 61 58 49 34 16 1 -8 -13 -19 -32 -47 -60 -63 -58 -47 -38 -29 -19 -7 6 18 29 40 52 61 65 60 48 32 16 4 -5 -12 -21 -33 -47 -58 -63 -60 -52 -41 -30 -17 -5 8 20 32 43 53 60 62 57 45 30 15 3 -4 -10 -18 -32 -48 -61 -65 -59 -48 -37 -27 -17 -7 5 18 31 43 53 59 61 57 47 33 18 4 -6 -13 -21 -33 -47 -58 -63 -60 -51 -40 -29 -16 -4 9 20 30 41 51 58 61 58 49 35 19 4 -7 -15 -22 -33 -48 -60 -65 -60 -48 -36 -27 -18 -7 6 20 33 44 53 59 61 57 46 31 15 3 -5 -12 -20 -33 -48 -59 -63 -58 -47 -36 -27 -19 -8 4 18 31 42 53 61 64 60 48 31 15 2 -7 -13 -21 -33 -46 -57 -63 -60 -51 -38 -26 -15 -5 77 2233 305 934
54 59 60 54 40 23 8 -1 -8 -15 -26 -41 -55 -63 -62 -55 -45 -33 -20 -8 3 13 23 34 46 56 63 62 54 41 25 10 0 -7 -16 -29 -45 -59 -65 -62 -54 -42 -31 -20 -8 4 14 24 35 47 56 61 59 53 41 26 10 -2 -10 -15 -25 -41 -59 -69 -67 -54 -38 -27 -19 -11 1 14 26 36 45 54 61 61 53 39 24 10 -1 -9 -17 -27 -40 -54 -64 -63 -54 -41 -30 -23 -15 -3 13 28 38 46 54 62 65 57 41 22 8 -1 -7 -17 -30 -44 -55 -61 -62 -56 -46 -33 -20 -9 2 13 26 38 48 55 59 60 54 42 25 9 -2 -10 -16 -27 -42 -56 -64 -63 -55 -43 -30 -19 -9 1 12 24 36 48 56 60 59 52 40 26 12 0 -9 -18 -29 -43 -56 -64 -63 -54 -42 -31 -21 -10 1 14 25 36 47 56 62 61 53 38 22 8 -2 -8 -15 -27 -41 -55 -63 -62 -54 -43 -32 -21 -10 2 13 24 36 48 59 64 61 51 36 22 9 0 -8 -17 -28 -42 -54 -61 -60 -53 -43 -33 -23 -12 1 13 25 35 47 57 64 63 53 39 23 9 -1 -9 -18 -28 -41 -54 -62 -63 -56 -44 -32 -20 -9 3 15 27 37 46 54 60 60 53 40 24 9 82 5023 305 934
-62 -59 -48 -36 -25 -15 -5 6 19 31 41 51 58 62 59 48 32 16 2 -7 -14 -21 -33 -47 -59 -64 -60 -50 -37 -26 -15 -4 7 18 30 41 51 60 63 59 47 32 16 3 -6 -13 -21 -33 -47 -58 -63 -60 -51 -40 -27 -15 -2 8 16 24 36 52 66 73 66 50 30 12 -1 -9 -15 -23 -34 -48 -59 -63 -59 -49 -37 -26 -16 -5 7 20 31 42 52 60 63 59 47 31 15 4 -4 -12 -21 -35 -50 -61 -65 -59 -49 -38 -27 -16 -5 8 21 33 43 52 60 63 59 47 30 14 2 -6 -13 -22 -34 -48 -59 -63 -59 -49 -37 -25 -14 -3 8 19 30 41 52 59 61 56 45 31 17 5 -4 -13 -23 -35 -49 -59 -63 -58 -48 -36 -25 -16 -5 7 19 31 42 51 58 60 56 47 34 19 5 -6 -14 -23 -34 -47 -59 -64 -61 -50 -36 -24 -14 -5 6 18 31 42 52 58 60 57 48 34 17 4 -6 -13 -22 -35 -50 -61 -64 -58 -48 -36 -26 -15 -3 9 20 30 40 51 60 63 57 45 29 14 3 -4 -11 -20 -33 -47 -58 -63 -60 -50 -38 -26 -16 -5 6 18 30 42 53 61 63 58 46 30 15 3 -4 -10 -20 -34 -50 -61 -64 -60 -50 -39 -26 -14 -2 87 2590 305 934
57 61 60 53 40 23 7 -3 -9 -16 -27 -42 -57 -65 -62 -53 -42 -32 -22 -11 2 15 27 38 49 58 63 61 52 37 21 8 -2 -10 -18 -29 -43 -55 -62 -61 -55 -45 -34 -21 -8 5 16 28 39 49 58 61 59 51 38 22 8 -3 -9 -16 -27 -44 -61 -68 -65 -53 -40 -29 -18 -7 5 17 27 38 49 58 63 61 52 37 21 5 -7 -14 -20 -28 -41 -55 -63 -63 -53 -40 -29 -19 -9 3 16 27 37 47 56 62 62 54 39 21 6 -4 -11 -20 -31 -45 -57 -63 -61 -52 -40 -29 -19 -9 2 14 27 39 49 57 62 61 53 39 22 7 -3 -9 -17 -29 -44 -57 -64 -63 -54 -42 -29 -18 -8 2 13 24 36 48 58 63 62 54 40 23 8 -3 -11 -19 -30 -44 -56 -62 -62 -54 -43 -31 -19 -9 2 13 25 38 50 59 63 61 52 37 21 7 -3 -11 -19 -29 -43 -54 -60 -60 -54 -44 -32 -20 -8 2 13 24 37 49 59 63 60 51 37 21 6 -3 -9 -15 -26 -41 -55 -63 -61 -54 -43 -32 -21 -8 4 15 25 35 46 56 62 61 51 36 21 8 -1 -9 -17 -29 -43 -56 -62 -60 -52 -41 -30 -19 -9 1 12 24 37 49 58 62 59 51 38 23 8 92 8355 305 934
62 64 58 45 28 12 0 -9 -16 -25 -38 -52 -64 -67 -60 -47 -32 -18 -7 3 13 22 31 40 51 59 61 54 41 26 13 3 -4 -12 -23 -38 -52 -62 -62 -56 -45 -35 -24 -14 -2 9 20 32 43 54 61 62 56 44 30 14 1 -9 -15 -22 -34 -50 -64 -68 -59 -44 -31 -22 -14 -4 9 23 34 43 53 61 63 57 43 27 12 0 -8 -15 -24 -36 -50 -60 -63 -57 -46 -34 -23 -13 -3 9 20 32 43 53 60 62 57 45 31 15 2 -8 -16 -25 -37 -51 -62 -65 -59 -48 -35 -23 -12 -1 10 21 33 44 54 61 62 56 44 29 14 1 -9 -17 -26 -38 -50 -60 -63 -57 -45 -34 -23 -14 -3 10 23 34 43 52 58 61 56 45 29 14 2 -5 -13 -23 -37 -52 -62 -64 -58 -47 -36 -25 -14 -2 11 23 34 44 54 62 64 58 45 28 12 0 -9 -17 -26 -38 -51 -60 -62 -57 -46 -33 -21 -11 -1 9 19 30 41 53 61 63 57 44 29 14 2 -7 -16 -26 -38 -50 -58 -60 -56 -48 -37 -26 -14 -3 9 21 33 45 56 62 62 56 44 28 13 0 -9 -16 -24 -36 -50 -61 -64 -58 -46 -34 -23 -14 -3 9 21 34 45 55 61 61 55 43 27 13 2 97 12434 305 934
-62 -63 -56 -44 -32 -21 -12 -1 12 24 35 45 54 61 62 55 42 26 12 1 -8 -17 -28 -42 -53 -60 -60 -54 -45 -35 -25 -13 0 13 25 35 45 55 61 62 55 41 26 11 1 -7 -15 -26 -41 -54 -62 -62 -54 -44 -34 -25 -15 -3 10 22 34 47 60 68 68 57 40 23 9 -1 -9 -18 -29 -41 -53 -61 -62 -55 -44 -33 -23 -13 -2 12 25 38 48 56 62 63 56 41 23 7 -2 -8 -14 -25 -41 -55 -62 -61 -52 -42 -33 -24 -13 -1 12 24 35 46 56 61 61 53 40 26 13 2 -7 -16 -26 -39 -53 -63 -65 -57 -45 -32 -22 -12 -1 12 24 35 45 55 63 64 56 42 24 9 -2 -9 -16 -26 -39 -52 -61 -63 -56 -45 -33 -22 -13 -2 11 25 38 49 57 61 59 52 39 23 10 0 -6 -13 -24 -40 -55 -64 -63 -54 -42 -32 -24 -14 -2 12 24 35 45 54 62 64 56 42 25 11 1 -8 -18 -29 -41 -53 -60 -61 -56 -45 -34 -23 -13 -1 13 26 38 47 54 59 60 55 43 26 10 -1 -9 -16 -26 -40 -53 -61 -62 -56 -46 -34 -23 -12 0 12 24 36 47 56 61 61 54 42 26 12 -1 -9 -17 -27 -40 -52 -61 -62 -56 -45 -34 -23 -12 101 9785 305 934
60 64 60 49 33 18 5 -4 -11 -20 -33 -47 -59 -64 -60 -50 -38 -27 -17 -8 3 14 27 41 52 60 62 58 48 35 20 7 -2 -11 -20 -33 -48 -59 -64 -60 -51 -39 -28 -18 -7 4 16 27 38 50 60 65 62 52 36 19 7 -2 -9 -19 -33 -50 -64 -69 -65 -53 -39 -27 -15 -5 7 19 32 43 52 59 61 59 50 35 17 2 -8 -12 -19 -31 -47 -61 -65 -60 -48 -37 -28 -18 -6 7 19 29 39 49 59 63 58 47 32 18 7 -3 -11 -20 -33 -47 -59 -65 -62 -51 -37 -24 -15 -6 4 16 29 40 50 57 61 59 49 34 18 5 -3 -10 -19 -33 -48 -60 -64 -60 -50 -39 -27 -16 -6 5 16 27 39 50 59 63 60 50 35 18 5 -4 -11 -20 -33 -48 -60 -65 -60 -49 -37 -26 -17 -7 4 17 29 40 49 57 61 60 51 35 19 5 -4 -11 -20 -32 -47 -59 -64 -61 -52 -39 -27 -16 -5 6 18 29 39 50 58 62 59 50 35 18 5 -4 -12 -20 -33 -47 -59 -64 -59 -49 -38 -27 -18 -7 5 17 29 39 50 59 63 60 48 32 17 5 -2 -9 -19 -33 -49 -61 -64 -60 -50 -39 -28 -18 -6 6 17 28 39 51 60 64 60 49 34 18 5 106 7825 305 934
-63 -56 -44 -32 -22 -13 -1 12 25 36 45 53 60 61 55 43 26 12 1 -7 -15 -26 -40 -54 -63 -63 -56 -45 -33 -23 -13 -2 11 24 37 47 56 61 60 53 41 26 12 2 -6 -14 -26 -41 -55 -62 -61 -54 -45 -36 -26 -13 0 12 22 31 42 57 67 68 58 40 23 10 0 -7 -15 -26 -40 -54 -64 -65 -57 -44 -31 -22 -13 -2 12 26 37 46 54 60 61 54 40 24 11 2 -5 -14 -26 -40 -54 -62 -62 -56 -46 -35 -24 -12 0 12 24 34 45 54 61 62 56 43 27 11 0 -9 -16 -26 -40 -53 -62 -63 -56 -44 -33 -22 -12 -1 11 22 34 45 56 63 63 55 42 25 10 -1 -9 -15 -24 -37 -52 -63 -65 -58 -45 -33 -22 -12 0 13 25 35 44 52 59 61 56 44 28 13 0 -9 -16 -25 -37 -52 -64 -67 -60 -47 -32 -20 -11 0 12 25 37 46 53 58 60 56 44 28 12 -1 -9 -16 -26 -39 -53 -63 -63 -56 -45 -33 -23 -12 -1 12 24 35 45 54 61 62 55 42 25 11 1 -6 -14 -26 -39 -52 -61 -64 -60 -49 -36 -22 -11 0 11 24 37 49 57 62 61 54 41 24 9 -1 -8 -14 -25 -40 -54 -62 -62 -55 -46 -35 -24 -12 0 111 4917 305 934
58 63 60 50 34 18 5 -4 -11 -20 -33 -47 -59 -63 -59 -49 -38 -28 -19 -9 3 16 29 41 51 58 62 60 51 36 19 5 -6 -13 -20 -31 -44 -57 -63 -61 -53 -41 -29 -17 -7 4 15 27 40 53 61 63 59 49 35 20 6 -4 -11 -18 -30 -46 -63 -71 -67 -53 -37 -25 -15 -5 6 19 31 41 50 58 62 59 49 34 17 4 -5 -11 -18 -29 -44 -58 -66 -63 -52 -38 -26 -17 -8 3 15 29 41 52 60 64 61 51 35 18 4 -5 -12 -21 -33 -48 -60 -64 -59 -49 -38 -28 -17 -5 7 18 27 37 47 57 64 62 51 35 18 5 -4 -11 -20 -33 -48 -61 -65 -61 -50 -38 -27 -17 -6 6 18 29 38 48 57 63 60 50 34 18 5 -3 -11 -20 -32 -46 -58 -64 -61 -52 -39 -27 -17 -7 4 17 31 42 51 57 60 58 50 35 18 5 -3 -10 -19 -32 -48 -59 -63 -59 -51 -41 -30 -18 -6 6 17 28 39 50 59 64 61 50 34 17 4 -5 -11 -19 -32 -47 -59 -64 -60 -51 -39 -27 -16 -5 5 16 28 40 51 60 63 58 48 34 18 5 -5 -13 -20 -31 -44 -56 -63 -61 -52 -39 -27 -17 -6 5 17 28 39 48 56 61 59 50 34 19 6 116 1532 305 934
61 61 54 42 26 11 0 -8 -15 -24 -37 -52 -62 -64 -57 -46 -34 -23 -13 -2 10 22 34 44 54 60 62 57 44 28 12 0 -8 -15 -25 -39 -54 -63 -64 -57 -46 -35 -24 -13 -1 11 23 35 46 56 63 62 55 41 25 10 -2 -9 -14 -22 -35 -52 -65 -68 -59 -45 -32 -23 -14 -3 11 26 39 50 57 62 62 55 41 24 9 -1 -8 -15 -26 -40 -54 -62 -62 -55 -45 -34 -24 -13 0 13 25 36 45 54 60 62 57 45 29 13 0 -10 -19 -29 -41 -53 -60 -61 -56 -46 -35 -23 -11 0 11 22 33 45 56 62 62 55 43 27 11 0 -7 -13 -23 -37 -53 -63 -64 -57 -45 -35 -25 -13 -1 12 22 32 43 55 63 65 57 43 27 12 0 -9 -17 -27 -40 -54 -62 -63 -55 -44 -34 -24 -14 -1 12 25 35 44 53 60 62 56 43 27 12 -1 -10 -18 -26 -37 -49 -59 -62 -58 -48 -36 -25 -14 -1 12 23 34 44 54 63 65 58 43 25 10 1 -5 -12 -23 -39 -54 -63 -63 -56 -46 -37 -28 -17 -3 11 24 35 45 55 63 65 58 44 28 14 2 -7 -16 -26 -40 -54 -64 -66 -59 -47 -34 -23 -13 -2 11 25 37 47 55 61 62 56 43 26 11 1 121 1311 305 934
-64 -59 -48 -35 -23 -13 -3 9 22 34 44 53 61 63 58 46 29 12 0 -8 -16 -25 -37 -50 -60 -63 -59 -49 -36 -24 -13 -2 10 22 33 43 53 61 64 59 46 29 13 1 -6 -12 -22 -37 -53 -65 -67 -60 -47 -34 -24 -15 -4 8 21 32 43 54 64 68 62 47 29 13 2 -7 -16 -28 -43 -55 -62 -62 -55 -45 -35 -26 -15 -2 11 24 35 46 56 63 64 56 42 25 11 1 -7 -15 -26 -38 -51 -60 -61 -56 -46 -35 -25 -13 -1 12 23 33 43 53 61 63 57 43 26 12 2 -5 -13 -25 -39 -53 -61 -62 -56 -46 -35 -24 -13 -2 9 21 33 44 53 59 61 56 45 30 14 1 -8 -15 -24 -36 -51 -61 -64 -58 -48 -36 -24 -13 -1 11 22 33 44 54 61 62 55 42 27 12 1 -7 -13 -22 -35 -50 -61 -64 -58 -46 -34 -22 -12 -1 10 20 30 41 52 61 63 56 43 28 14 4 -5 -14 -25 -38 -52 -62 -64 -57 -45 -32 -21 -12 -3 8 20 32 45 55 61 61 55 43 28 14 1 -8 -16 -24 -36 -49 -59 -62 -58 -48 -37 -26 -14 -1 13 25 35 44 53 60 61 56 44 29 14 2 -8 -17 -27 -39 -52 -62 -63 -57 -46 -34 -24 -13 -2 130 14040 305 934
62 62 53 37 19 4 -5 -10 -18 -29 -44 -56 -61 -58 -51 -42 -33 -22 -9 4 16 26 37 48 57 63 61 53 39 23 8 -3 -12 -20 -30 -43 -56 -63 -62 -53 -42 -30 -20 -9 3 15 27 38 48 57 63 61 53 39 24 9 -2 -12 -20 -28 -40 -55 -67 -72 -64 -46 -27 -12 -2 7 17 29 41 50 56 59 57 49 36 20 7 -2 -9 -18 -30 -44 -56 -62 -61 -54 -43 -31 -18 -6 5 16 26 36 47 57 63 62 52 37 21 8 -2 -10 -19 -30 -44 -57 -64 -62 -53 -41 -29 -18 -8 3 14 25 38 51 60 64 60 50 36 21 8 -2 -10 -19 -30 -44 -57 -63 -61 -52 -41 -31 -21 -9 5 18 28 37 46 55 62 63 55 40 22 6 -6 -13 -20 -29 -43 -57 -65 -62 -51 -38 -28 -20 -11 2 15 28 38 48 57 63 62 52 36 19 5 -3 -10 -17 -28 -42 -55 -63 -62 -54 -42 -31 -20 -10 2 15 27 39 49 57 62 61 54 40 23 7 -4 -12 -20 -31 -46 -59 -64 -60 -50 -39 -30 -21 -10 3 17 29 39 49 58 63 61 51 35 18 5 -4 -10 -18 -29 -43 -56 -62 -60 -52 -41 -30 -19 -8 4 15 26 37 47 56 61 60 52 38 23 9 -1 175 609 305 934
-64 -55 -42 -29 -17 -6 4 15 25 36 48 59 64 62 52 36 19 5 -4 -10 -17 -28 -42 -56 -64 -62 -52 -40 -29 -20 -11 1 15 28 39 49 58 63 61 50 33 17 7 1 -5 -15 -29 -44 -55 -61 -60 -54 -44 -32 -21 -10 1 13 24 35 45 56 65 69 62 45 23 4 -6 -12 -19 -32 -47 -60 -65 -62 -54 -42 -30 -18 -6 5 16 27 38 50 60 64 61 50 35 19 6 -3 -10 -19 -31 -45 -57 -62 -60 -51 -41 -30 -20 -9 3 15 27 38 48 56 62 61 52 38 22 7 -3 -10 -18 -29 -43 -56 -63 -61 -53 -42 -31 -21 -10 2 15 28 40 50 59 63 61 52 37 21 6 -3 -10 -17 -29 -44 -58 -65 -63 -53 -42 -31 -19 -7 5 17 27 37 47 57 63 62 53 38 22 7 -4 -12 -19 -29 -43 -56 -64 -64 -55 -43 -30 -19 -8 4 17 29 41 50 58 62 60 51 37 21 7 -3 -11 -18 -29 -43 -57 -64 -63 -54 -41 -29 -19 -8 4 16 28 38 48 57 63 61 52 36 20 7 -2 -10 -19 -32 -45 -57 -63 -60 -51 -40 -29 -19 -10 2 15 28 39 49 57 62 61 53 37 20 5 -4 -9 -16 -28 -43 -57 -64 -62 -54 -43 -31 -19 -7 4 181 10191 305 934
60 63 59 50 36 20 5 -6 -13 -20 -31 -46 -59 -64 -60 -50 -39 -29 -18 -7 5 16 27 38 50 59 63 60 50 36 20 6 -4 -12 -20 -31 -46 -60 -65 -61 -50 -38 -28 -18 -7 5 17 28 39 50 58 62 60 51 36 19 5 -5 -10 -17 -29 -47 -63 -68 -61 -48 -36 -28 -20 -9 6 19 29 38 48 58 64 62 50 34 18 5 -4 -11 -20 -31 -44 -57 -63 -61 -52 -41 -30 -19 -8 5 17 29 39 49 58 63 62 52 37 19 5 -5 -12 -20 -32 -46 -58 -63 -60 -51 -40 -29 -19 -7 5 17 27 38 50 59 64 61 51 36 20 5 -5 -12 -19 -31 -45 -59 -66 -63 -52 -38 -27 -18 -9 3 17 31 42 51 59 62 60 50 35 18 4 -4 -10 -18 -31 -47 -60 -65 -61 -51 -39 -28 -17 -6 5 16 27 39 50 59 62 59 50 37 21 6 -6 -13 -20 -30 -44 -58 -65 -63 -53 -39 -27 -16 -6 5 15 27 39 51 60 63 59 49 35 20 7 -4 -13 -21 -31 -43 -56 -64 -63 -53 -40 -27 -17 -8 3 16 29 40 50 59 63 61 50 34 17 4 -3 -9 -18 -32 -47 -60 -64 -59 -49 -38 -28 -18 -7 4 15 26 37 48 58 63 60 52 38 23 8 185 3915 305 934
57 62 61 55 42 25 11 -1 -8 -15 -26 -41 -56 -66 -65 -55 -42 -31 -21 -11 1 14 27 37 45 52 58 60 54 42 26 11 0 -8 -16 -26 -39 -52 -62 -63 -56 -45 -33 -22 -12 -2 10 23 34 45 54 60 61 56 44 28 14 3 -4 -12 -26 -43 -60 -69 -68 -58 -44 -30 -19 -9 1 13 25 36 46 54 59 60 54 42 26 11 0 -8 -15 -25 -39 -54 -63 -64 -56 -44 -32 -22 -12 -1 11 24 36 46 55 61 61 55 42 25 10 -2 -9 -15 -25 -37 -51 -61 -62 -56 -45 -34 -23 -13 0 12 24 34 44 53 60 62 55 42 27 12 1 -8 -15 -25 -39 -53 -63 -64 -57 -45 -33 -22 -12 0 13 24 34 43 53 60 63 57 43 25 10 -1 -7 -14 -25 -39 -54 -63 -64 -56 -44 -32 -22 -12 -2 10 23 35 46 55 62 63 56 43 26 11 -1 -9 -16 -26 -40 -54 -62 -63 -55 -44 -33 -22 -12 -1 11 23 34 45 55 62 62 54 41 25 12 2 -6 -15 -27 -41 -54 -63 -64 -58 -46 -32 -20 -9 0 10 21 34 47 57 62 61 54 41 26 10 -1 -9 -15 -25 -39 -53 -62 -62 -55 -45 -34 -23 -11 0 11 22 32 44 54 61 62 56 44 28 12 190 5119 305 934
60 59 51 38 22 7 -3 -10 -18 -30 -45 -57 -63 -61 -53 -42 -31 -20 -8 4 16 27 39 50 59 63 61 51 37 21 7 -3 -11 -20 -32 -46 -57 -61 -59 -51 -41 -31 -21 -9 4 16 27 38 49 59 64 61 50 35 20 8 -2 -9 -17 -28 -40 -54 -64 -68 -62 -49 -33 -17 -3 8 19 29 40 50 58 62 60 51 37 21 6 -5 -12 -19 -30 -44 -59 -66 -64 -53 -40 -27 -17 -7 4 17 29 40 49 56 60 59 51 37 21 6 -3 -10 -17 -29 -44 -57 -64 -62 -53 -42 -30 -19 -7 5 16 27 38 49 57 62 60 51 37 21 7 -3 -11 -19 -30 -44 -56 -62 -60 -53 -43 -33 -21 -8 5 18 29 39 49 57 61 59 50 36 21 6 -5 -12 -19 -27 -40 -54 -63 -63 -53 -41 -29 -19 -10 1 14 27 39 49 58 63 62 52 36 19 6 -3 -10 -18 -30 -44 -57 -63 -61 -52 -41 -29 -20 -10 1 14 28 41 52 59 62 60 52 38 21 6 -4 -11 -19 -30 -45 -59 -65 -62 -52 -39 -27 -17 -7 3 15 26 37 48 56 61 60 53 39 22 6 -5 -12 -17 -26 -40 -56 -65 -64 -54 -42 -30 -20 -10 3 16 29 39 49 57 62 61 52 37 20 6 -4 194 13382 305 934
-64 -56 -44 -32 -21 -10 1 12 23 33 44 54 61 62 55 41 25 11 0 -7 -13 -23 -38 -54 -65 -65 -55 -42 -31 -23 -15 -3 10 23 35 45 54 60 61 56 44 28 13 0 -8 -14 -24 -38 -53 -65 -66 -57 -45 -33 -23 -14 -3 9 21 32 44 57 66 68 59 44 26 11 1 -7 -16 -28 -42 -56 -65 -65 -58 -46 -33 -22 -12 0 13 26 38 47 54 60 61 55 43 27 12 1 -8 -16 -28 -43 -56 -63 -62 -54 -44 -34 -22 -10 2 13 23 33 44 56 63 63 54 39 24 12 2 -6 -15 -28 -42 -55 -63 -63 -55 -43 -31 -21 -11 0 11 22 33 44 54 60 61 55 43 27 12 0 -7 -14 -24 -40 -55 -66 -66 -57 -43 -31 -21 -12 -1 12 25 36 46 54 60 61 54 41 26 11 1 -7 -15 -27 -41 -54 -62 -62 -56 -45 -33 -22 -11 0 11 22 34 46 56 62 62 55 41 25 10 0 -7 -14 -25 -41 -56 -64 -62 -54 -43 -33 -23 -13 -1 12 23 34 45 54 61 62 56 43 28 13 1 -8 -17 -28 -41 -54 -63 -64 -57 -46 -33 -21 -10 1 12 23 35 46 56 62 62 55 42 25 10 -1 -9 -15 -25 -39 -53 -62 -63 -55 -44 -33 -23 -13 -1 200 4964 305 934
63 60 50 37 23 10 0 -9 -19 -31 -44 -56 -63 -62 -54 -43 -32 -20 -9 4 16 27 38 49 58 62 59 50 37 23 10 -2 -11 -20 -31 -43 -55 -62 -61 -53 -41 -30 -20 -10 2 14 27 38 48 56 61 60 53 40 24 7 -5 -12 -17 -25 -39 -55 -67 -68 -58 -43 -28 -17 -7 3 15 27 39 49 57 61 60 51 37 21 7 -3 -9 -16 -28 -44 -58 -65 -62 -52 -41 -30 -20 -9 4 17 27 37 46 56 62 61 53 39 23 8 -3 -12 -20 -31 -44 -56 -62 -59 -50 -39 -30 -21 -11 1 14 27 38 48 57 63 63 54 38 20 5 -5 -10 -18 -31 -47 -60 -63 -56 -45 -35 -28 -21 -12 -1 11 23 35 48 58 63 61 52 38 23 10 -1 -10 -20 -31 -45 -56 -62 -59 -52 -42 -32 -22 -9 4 16 26 36 46 56 63 62 53 38 22 8 -2 -10 -19 -31 -44 -57 -63 -62 -53 -41 -28 -18 -8 2 13 25 37 49 58 62 60 51 37 21 8 -1 -9 -17 -29 -43 -56 -64 -63 -55 -43 -31 -19 -8 3 16 28 39 49 57 61 61 53 38 21 6 -4 -11 -18 -30 -44 -57 -63 -60 -51 -40 -30 -20 -10 2 15 27 38 48 57 63 61 52 37 20 6 -3 204 7939 305 934
-66 -60 -48 -35 -23 -13 -3 8 21 33 44 53 60 62 57 45 29 13 2 -6 -12 -22 -35 -51 -62 -66 -60 -49 -36 -24 -13 -2 9 21 32 44 54 60 61 56 45 30 15 2 -7 -14 -23 -36 -50 -62 -64 -58 -47 -36 -25 -15 -4 8 19 29 41 54 66 70 63 47 27 10 -1 -8 -14 -25 -39 -52 -61 -62 -56 -47 -37 -27 -15 -2 11 22 33 44 54 62 64 57 44 29 14 2 -7 -16 -26 -39 -52 -62 -64 -58 -47 -34 -23 -12 -1 10 22 33 44 53 59 61 55 44 29 14 3 -6 -14 -24 -37 -51 -61 -63 -58 -47 -35 -24 -14 -3 9 21 32 43 54 61 64 58 44 26 11 1 -5 -11 -21 -36 -52 -62 -64 -58 -47 -35 -24 -14 -3 8 19 32 44 54 60 61 57 47 31 15 2 -7 -13 -23 -37 -52 -63 -65 -60 -49 -36 -24 -12 -1 10 20 31 43 54 61 63 57 46 30 14 1 -8 -15 -24 -36 -50 -61 -64 -59 -48 -35 -24 -13 -2 9 21 32 43 54 61 62 57 45 30 14 0 -8 -15 -22 -34 -48 -60 -64 -59 -49 -37 -26 -15 -2 11 23 34 43 52 59 62 57 46 30 14 1 -7 -14 -23 -36 -50 -61 -64 -58 -48 -36 -25 -14 -3 209 9330 305 934
-63 -62 -53 -42 -31 -20 -9 2 14 26 37 48 57 62 60 51 37 21 7 -1 -8 -15 -27 -43 -57 -64 -61 -52 -41 -31 -22 -10 3 15 26 37 47 57 62 61 51 37 21 9 0 -8 -17 -29 -43 -55 -62 -62 -53 -40 -27 -17 -10 -4 5 18 35 52 64 69 64 52 36 21 8 -2 -9 -18 -29 -43 -56 -63 -62 -54 -43 -31 -20 -9 3 15 27 38 48 56 62 61 53 39 22 7 -3 -10 -17 -28 -43 -57 -64 -62 -52 -40 -29 -20 -11 1 15 28 39 47 55 60 60 53 39 23 8 -2 -9 -17 -28 -42 -56 -63 -63 -55 -43 -31 -21 -11 1 15 28 40 49 56 61 60 53 39 22 7 -4 -11 -18 -29 -43 -56 -62 -61 -53 -42 -31 -20 -9 2 13 25 37 49 58 63 61 52 38 22 8 -3 -11 -18 -28 -42 -56 -64 -62 -53 -41 -30 -19 -9 2 14 25 36 47 58 64 62 52 37 21 8 -1 -9 -18 -29 -42 -55 -62 -61 -53 -42 -31 -21 -11 1 14 27 37 46 55 61 62 55 41 24 9 -2 -10 -20 -31 -45 -57 -63 -61 -53 -41 -29 -18 -8 3 14 25 35 46 56 62 62 54 39 22 6 -4 -10 -16 -26 -41 -55 -63 -62 -53 -42 -31 -22 -11 214 2633 305 934
-65 -61 -51 -38 -27 -18 -7 5 17 28 38 49 58 63 60 48 33 19 7 -1 -10 -20 -34 -48 -60 -64 -60 -50 -38 -27 -17 -7 4 16 28 39 50 58 62 59 51 37 21 6 -4 -12 -19 -31 -45 -59 -65 -62 -53 -42 -31 -19 -7 6 17 28 40 53 64 68 62 49 33 18 5 -5 -13 -21 -32 -45 -57 -64 -62 -53 -41 -31 -20 -8 6 20 30 40 50 59 64 62 51 36 21 7 -4 -14 -23 -34 -46 -57 -63 -61 -52 -39 -28 -18 -8 4 17 29 39 49 58 63 61 51 36 22 10 0 -11 -24 -37 -49 -58 -62 -59 -52 -40 -29 -18 -7 4 17 30 41 51 58 61 59 51 37 21 7 -4 -12 -21 -31 -45 -57 -64 -62 -53 -40 -27 -17 -7 4 15 28 40 51 60 63 60 50 35 19 6 -4 -12 -20 -31 -45 -57 -63 -62 -54 -42 -29 -18 -8 3 15 28 41 53 62 65 60 49 34 19 7 -3 -11 -20 -31 -44 -57 -64 -63 -55 -43 -31 -19 -8 5 18 29 40 50 59 65 63 53 36 18 5 -3 -9 -18 -31 -47 -60 -66 -63 -53 -41 -29 -19 -9 3 17 30 41 50 58 62 62 54 39 22 7 -4 -12 -21 -34 -48 -59 -64 -60 -51 -39 -29 -19 -8 224 13490 305 934
53 59 60 56 45 29 12 -1 -10 -16 -25 -39 -54 -64 -64 -56 -44 -32 -22 -11 1 12 22 32 43 54 62 63 56 43 27 12 0 -9 -17 -27 -40 -54 -62 -60 -51 -39 -29 -22 -17 -10 2 18 35 49 59 63 63 57 44 28 11 -1 -7 -12 -22 -39 -57 -69 -68 -57 -43 -32 -23 -13 -1 12 24 36 46 56 62 61 53 41 27 13 2 -7 -15 -26 -40 -54 -63 -63 -57 -46 -35 -24 -12 1 13 24 33 44 54 62 63 55 41 25 11 1 -6 -13 -25 -41 -56 -64 -64 -56 -45 -34 -23 -11 1 13 23 34 45 55 61 61 55 43 27 12 -1 -9 -15 -23 -37 -52 -63 -64 -56 -44 -33 -24 -15 -3 11 23 34 46 56 63 63 55 42 27 13 2 -7 -16 -26 -40 -54 -63 -64 -57 -46 -35 -24 -12 1 14 24 34 45 55 62 62 54 40 25 12 1 -8 -16 -25 -38 -52 -62 -64 -56 -44 -33 -23 -14 -3 10 24 36 47 57 62 61 53 39 25 13 2 -8 -17 -28 -40 -51 -60 -62 -56 -45 -33 -23 -12 -1 12 24 35 45 53 60 61 55 41 25 10 1 -5 -13 -24 -40 -55 -64 -64 -56 -44 -33 -23 -12 -1 12 25 35 43 51 58 62 57 44 27 12 229 15681 305 934
-65 -61 -51 -39 -27 -17 -7 5 17 29 40 50 59 63 60 50 35 19 6 -4 -12 -20 -32 -46 -58 -64 -61 -52 -41 -29 -18 -6 6 18 30 41 51 59 62 59 49 35 19 5 -4 -11 -18 -30 -46 -60 -67 -62 -51 -39 -29 -19 -7 6 17 27 38 51 64 69 63 48 29 15 6 -2 -10 -21 -34 -46 -57 -63 -62 -54 -41 -27 -16 -6 5 17 29 41 52 59 62 59 50 35 18 4 -5 -11 -18 -31 -46 -60 -65 -61 -52 -41 -30 -19 -6 8 19 30 40 51 61 64 60 48 33 18 5 -4 -13 -22 -34 -47 -58 -63 -60 -51 -40 -28 -16 -4 7 18 28 39 49 58 62 58 48 35 20 8 -2 -12 -22 -34 -47 -58 -64 -61 -52 -40 -27 -16 -7 4 16 30 43 53 60 61 58 48 33 17 4 -4 -10 -19 -32 -47 -58 -63 -60 -52 -41 -29 -17 -6 5 16 28 41 53 62 64 58 47 33 18 6 -3 -11 -21 -34 -49 -59 -62 -58 -49 -40 -31 -20 -6 7 19 29 39 50 60 65 60 48 32 17 6 -2 -11 -22 -34 -47 -56 -61 -59 -53 -42 -30 -18 -7 5 17 30 42 53 59 62 60 51 36 18 3 -6 -12 -19 -31 -47 -61 -65 -61 -51 -40 -28 -16 -4 234 12947 305 934
-65 -64 -55 -42 -29 -19 -10 1 13 26 37 46 55 62 63 55 40 23 8 -1 -9 -18 -30 -43 -55 -61 -61 -55 -45 -32 -20 -9 1 12 25 38 50 59 63 61 52 38 22 9 -1 -8 -16 -28 -43 -56 -62 -61 -55 -45 -33 -21 -10 0 9 21 37 53 66 70 64 51 36 21 8 -3 -11 -19 -29 -43 -56 -64 -63 -53 -41 -29 -19 -9 2 13 25 36 48 58 63 62 52 37 21 7 -2 -8 -15 -26 -42 -56 -65 -64 -55 -43 -31 -20 -9 2 13 25 37 49 59 63 61 52 38 23 9 -2 -10 -18 -29 -43 -57 -65 -64 -54 -40 -27 -17 -9 1 13 25 37 47 55 61 60 53 39 23 9 -2 -9 -17 -28 -42 -56 -64 -63 -53 -41 -30 -21 -12 -1 12 26 38 49 58 64 63 53 37 21 8 0 -8 -17 -31 -45 -56 -61 -60 -53 -43 -32 -20 -9 2 13 24 36 48 58 63 62 53 38 22 8 -2 -9 -16 -27 -41 -54 -63 -63 -56 -43 -31 -19 -9 1 12 25 37 47 56 61 61 54 41 24 9 -1 -8 -16 -28 -44 -58 -65 -62 -53 -42 -31 -21 -10 2 14 26 36 47 57 64 63 53 37 19 7 -1 -6 -15 -28 -44 -56 -62 -61 -54 -44 -34 -23 -11 240 8091 305 934
60 63 59 49 34 19 5 -4 -12 -22 -34 -48 -60 -64 -60 -51 -39 -28 -16 -5 7 18 29 41 52 61 64 59 48 33 17 5 -5 -12 -22 -35 -49 -60 -64 -59 -49 -38 -28 -18 -6 6 19 31 43 53 59 61 58 48 34 18 4 -6 -13 -20 -33 -50 -64 -69 -60 -45 -31 -21 -15 -7 4 17 28 38 49 59 64 60 49 33 17 5 -4 -12 -21 -32 -45 -57 -64 -62 -52 -39 -27 -16 -6 5 18 31 43 53 59 62 58 48 33 17 3 -6 -12 -20 -31 -46 -60 -65 -61 -50 -37 -26 -16 -7 4 17 30 41 52 59 62 58 48 34 19 5 -5 -13 -21 -33 -47 -59 -64 -59 -50 -39 -29 -18 -6 8 20 31 40 49 58 63 60 49 33 17 4 -4 -12 -21 -34 -47 -58 -63 -59 -50 -38 -27 -17 -7 4 16 29 40 51 60 64 62 51 34 17 3 -5 -13 -22 -35 -49 -59 -62 -58 -49 -39 -28 -18 -7 5 18 30 42 52 60 63 59 49 33 17 4 -5 -12 -20 -33 -48 -61 -66 -60 -49 -36 -26 -18 -9 4 18 32 43 53 59 63 60 50 34 16 2 -6 -12 -20 -33 -49 -61 -65 -61 -50 -38 -26 -15 -4 6 17 29 42 53 61 62 57 46 32 18 5 244 14941 305 934
55 61 62 56 44 28 13 1 -8 -15 -24 -37 -52 -63 -65 -58 -47 -35 -25 -15 -3 11 25 37 47 56 62 62 56 44 28 13 0 -9 -17 -27 -39 -53 -62 -64 -58 -46 -33 -22 -12 -1 11 23 35 45 54 60 61 56 43 28 14 3 -5 -13 -24 -39 -55 -68 -70 -62 -47 -31 -18 -9 1 12 24 35 46 55 61 62 55 42 26 11 1 -7 -15 -26 -40 -54 -63 -64 -57 -46 -34 -23 -11 1 13 23 32 42 53 62 64 58 43 26 12 1 -7 -16 -27 -41 -54 -62 -63 -56 -45 -34 -24 -13 -1 12 25 36 45 54 61 62 56 43 27 13 1 -8 -16 -27 -41 -54 -62 -63 -56 -46 -34 -22 -10 2 13 23 32 43 54 63 64 56 42 25 11 0 -7 -15 -26 -39 -52 -62 -63 -57 -46 -33 -21 -11 -1 9 20 32 44 56 63 64 57 43 26 11 0 -8 -15 -26 -39 -52 -61 -62 -56 -46 -35 -24 -13 -1 10 22 34 46 56 63 62 55 42 27 12 0 -8 -15 -25 -38 -52 -62 -64 -58 -46 -34 -23 -12 -1 11 23 35 46 56 62 62 55 42 25 11 1 -6 -12 -23 -38 -54 -65 -66 -59 -47 -35 -23 -11 1 13 24 35 45 55 61 62 55 41 26 11 249 10120 305 934
59 62 58 49 34 19 6 -5 -12 -21 -32 -46 -58 -64 -61 -50 -38 -27 -18 -8 4 17 29 40 50 58 63 61 51 35 18 5 -5 -12 -20 -32 -47 -59 -64 -60 -50 -38 -27 -17 -8 4 17 31 42 50 56 59 58 49 34 16 3 -3 -6 -12 -26 -45 -62 -68 -64 -54 -42 -31 -19 -7 7 19 31 42 52 61 64 60 49 34 19 5 -4 -12 -21 -33 -48 -60 -65 -61 -50 -38 -26 -16 -6 5 17 28 40 51 59 63 59 49 34 18 5 -5 -12 -20 -32 -46 -59 -65 -62 -51 -38 -27 -18 -8 4 18 31 42 51 59 62 60 50 35 19 5 -6 -13 -21 -32 -46 -58 -65 -62 -52 -39 -27 -17 -6 5 18 29 41 51 60 64 61 50 34 17 4 -5 -12 -21 -33 -47 -58 -63 -60 -51 -39 -27 -17 -7 4 16 29 41 52 60 63 60 50 34 17 4 -5 -11 -19 -32 -47 -60 -65 -61 -52 -40 -28 -16 -5 5 16 28 42 54 63 64 58 47 33 19 5 -6 -14 -22 -32 -46 -58 -63 -60 -50 -38 -26 -16 -6 4 15 26 38 51 61 66 62 50 33 17 4 -5 -12 -21 -33 -47 -59 -64 -60 -50 -38 -27 -17 -6 5 17 28 39 50 59 63 59 49 34 19 7 254 11473 305 934
-62 -55 -45 -33 -22 -11 -1 10 21 34 48 58 63 61 53 40 26 13 1 -9 -17 -27 -40 -54 -63 -63 -55 -43 -32 -23 -12 0 13 25 34 45 55 63 62 53 39 25 12 0 -10 -19 -26 -36 -47 -59 -64 -58 -46 -32 -22 -13 -3 10 23 33 42 52 62 68 63 47 26 7 -5 -12 -18 -28 -40 -53 -61 -61 -55 -44 -32 -20 -11 -1 9 21 33 45 54 61 63 57 45 28 11 -2 -10 -16 -24 -38 -52 -63 -65 -58 -46 -33 -22 -11 0 12 23 35 46 57 64 63 54 39 22 9 1 -6 -14 -25 -40 -53 -61 -62 -56 -46 -35 -23 -12 -1 11 23 34 45 55 61 62 56 44 27 12 0 -8 -15 -25 -39 -53 -64 -65 -59 -46 -33 -22 -11 -1 10 23 35 47 58 64 63 56 42 25 10 -1 -9 -16 -27 -41 -54 -62 -62 -55 -45 -34 -23 -11 1 13 23 34 45 55 61 61 55 43 28 13 0 -9 -17 -27 -40 -53 -62 -63 -57 -47 -36 -24 -12 1 14 26 37 48 57 63 62 54 40 23 8 -2 -9 -15 -25 -39 -54 -63 -62 -55 -44 -33 -23 -12 0 12 24 35 46 55 61 61 54 42 27 13 1 -8 -17 -27 -40 -54 -63 -64 -55 -43 -31 -22 -13 -2 259 8565 305 934
60 64 61 51 36 19 5 -4 -11 -19 -32 -48 -59 -63 -60 -51 -41 -30 -19 -6 6 18 29 40 51 59 63 60 51 35 18 3 -7 -12 -18 -29 -44 -59 -65 -61 -50 -38 -28 -20 -10 2 16 29 40 51 59 63 61 51 36 20 8 0 -7 -18 -35 -54 -66 -68 -61 -49 -38 -27 -16 -4 8 18 29 39 49 57 60 58 49 37 22 8 -4 -13 -21 -33 -46 -58 -64 -61 -53 -41 -29 -17 -6 6 17 28 39 49 58 62 60 51 37 21 6 -5 -12 -20 -32 -47 -59 -65 -61 -51 -39 -28 -17 -6 6 18 28 38 49 58 62 60 49 34 19 6 -3 -10 -19 -31 -46 -58 -63 -59 -50 -39 -30 -20 -9 3 15 27 39 52 61 65 61 50 35 20 6 -5 -13 -21 -32 -45 -59 -65 -62 -51 -37 -25 -16 -7 4 16 27 38 49 58 64 61 50 34 18 6 -4 -13 -22 -33 -44 -54 -61 -60 -52 -39 -27 -17 -9 1 14 29 42 51 57 60 58 50 35 19 5 -3 -9 -18 -30 -45 -58 -63 -60 -52 -42 -31 -19 -8 4 16 29 40 51 59 61 58 50 37 23 8 -4 -13 -23 -34 -47 -58 -63 -60 -50 -39 -28 -18 -7 5 17 28 38 48 57 62 61 51 36 19 6 264 3755 305 934
53 58 60 55 43 27 11 0 -8 -15 -25 -39 -53 -62 -62 -56 -45 -34 -23 -12 0 11 22 34 47 57 62 61 53 40 26 12 1 -8 -16 -26 -39 -52 -62 -63 -57 -46 -34 -23 -12 -1 10 22 34 46 56 61 61 55 44 28 12 0 -7 -13 -23 -39 -58 -69 -69 -58 -45 -32 -22 -10 3 15 25 34 44 55 63 63 54 40 24 12 1 -7 -16 -28 -41 -54 -63 -64 -57 -45 -33 -22 -11 0 13 25 37 47 56 61 61 53 39 24 10 1 -6 -14 -26 -40 -54 -62 -62 -56 -46 -34 -23 -12 1 13 25 36 47 56 61 60 53 40 25 11 0 -8 -15 -25 -37 -51 -62 -64 -57 -46 -33 -23 -13 -2 11 24 36 47 56 61 61 54 41 25 11 1 -6 -14 -25 -40 -55 -64 -64 -57 -45 -33 -22 -11 0 12 24 35 46 56 62 62 54 41 26 12 0 -9 -18 -27 -39 -51 -60 -63 -57 -45 -32 -21 -11 -1 10 22 35 46 55 60 60 54 42 27 12 1 -7 -15 -26 -41 -55 -62 -61 -53 -44 -35 -26 -14 -1 13 25 35 45 54 62 63 56 42 25 10 0 -7 -14 -26 -41 -55 -63 -63 -55 -44 -33 -23 -12 0 12 25 36 47 55 60 59 53 42 27 13 269 6984 305 934
61 62 56 43 28 14 2 -6 -13 -22 -35 -50 -61 -64 -58 -47 -36 -25 -15 -4 8 20 32 43 52 60 63 59 47 31 14 1 -8 -14 -22 -35 -50 -62 -65 -59 -47 -35 -24 -14 -4 8 20 32 44 54 61 63 57 45 29 12 -1 -8 -13 -19 -32 -49 -63 -68 -61 -47 -33 -23 -14 -4 8 20 31 42 53 63 65 58 43 27 13 3 -5 -13 -23 -36 -49 -59 -63 -59 -49 -37 -25 -14 -3 8 20 32 43 53 60 62 57 46 31 16 3 -7 -14 -23 -36 -50 -62 -65 -59 -47 -34 -24 -16 -6 7 21 34 44 53 60 62 57 46 30 15 3 -5 -13 -24 -38 -52 -62 -63 -57 -46 -35 -25 -16 -5 7 20 33 45 56 62 63 56 44 29 13 1 -7 -14 -23 -35 -49 -61 -65 -59 -48 -35 -23 -14 -4 6 19 33 45 56 62 63 57 45 29 14 1 -7 -14 -23 -37 -51 -62 -64 -58 -47 -35 -25 -14 -2 11 23 33 42 51 59 62 58 45 29 13 2 -6 -12 -22 -36 -51 -61 -64 -59 -49 -37 -25 -14 -1 10 21 32 43 54 62 64 58 45 28 12 0 -9 -15 -22 -33 -47 -59 -64 -60 -50 -37 -26 -14 -2 11 23 34 43 52 59 61 56 45 30 15 5 278 10150 305 934
57 62 60 51 37 21 7 -4 -11 -20 -31 -44 -57 -63 -60 -52 -41 -31 -20 -8 4 17 28 38 49 58 63 61 52 37 21 7 -4 -12 -20 -31 -45 -57 -64 -61 -52 -40 -28 -19 -9 2 15 28 39 50 58 62 60 52 37 21 7 -2 -9 -18 -31 -47 -62 -68 -63 -51 -38 -28 -19 -8 5 18 29 38 47 57 63 61 51 35 19 7 -2 -9 -19 -32 -47 -59 -64 -60 -50 -38 -27 -18 -9 2 15 28 40 49 56 59 58 50 37 22 7 -3 -10 -18 -29 -43 -56 -64 -62 -54 -42 -30 -19 -8 3 15 27 39 49 58 62 61 52 37 20 6 -2 -9 -18 -31 -47 -60 -65 -62 -52 -40 -29 -18 -7 4 16 28 40 50 57 59 58 51 39 23 7 -5 -13 -20 -29 -42 -55 -63 -63 -54 -42 -31 -20 -8 4 17 28 39 50 60 65 62 51 35 18 5 -4 -11 -18 -30 -44 -58 -65 -63 -53 -39 -27 -18 -8 3 16 29 40 50 57 61 60 51 37 21 7 -3 -11 -20 -32 -45 -57 -63 -61 -51 -40 -29 -20 -9 3 17 29 40 50 58 62 60 52 37 21 6 -5 -13 -20 -30 -43 -57 -65 -63 -52 -39 -27 -18 -9 2 15 28 40 51 59 62 59 48 34 20 9 283 14178 305 934
-66 -62 -51 -37 -25 -15 -6 4 15 27 39 50 58 61 58 49 36 21 7 -4 -11 -20 -31 -45 -58 -65 -62 -52 -39 -26 -15 -6 4 15 27 39 50 58 62 59 49 35 20 7 -2 -10 -19 -32 -46 -57 -63 -61 -53 -42 -31 -18 -6 5 14 23 35 51 66 72 67 51 32 14 3 -5 -13 -22 -34 -47 -57 -61 -58 -49 -38 -28 -18 -8 3 16 28 40 49 58 62 61 52 37 20 5 -5 -12 -20 -32 -47 -59 -64 -60 -51 -39 -28 -18 -6 6 18 29 39 49 58 62 59 49 35 19 5 -5 -12 -20 -31 -45 -57 -63 -60 -50 -38 -28 -19 -9 4 17 29 39 48 57 63 61 51 35 19 6 -3 -10 -20 -33 -46 -57 -64 -63 -56 -43 -27 -13 -2 7 16 27 39 50 59 63 60 50 34 16 2 -6 -11 -17 -29 -44 -57 -63 -61 -53 -41 -29 -17 -5 6 17 28 40 51 59 62 58 49 35 19 5 -5 -12 -20 -31 -44 -56 -62 -60 -52 -41 -29 -18 -7 5 17 29 41 51 58 61 57 48 34 20 7 -3 -11 -20 -32 -46 -58 -63 -60 -51 -41 -30 -18 -6 6 17 29 40 52 60 62 58 48 34 19 6 -4 -12 -21 -32 -46 -57 -62 -59 -49 -38 -28 -19 -8 44 15087 304 15848
57 61 59 50 37 22 8 -1 -9 -16 -27 -40 -53 -61 -60 -52 -42 -31 -21 -10 1 12 24 36 47 56 60 58 50 38 23 10 0 -8 -16 -27 -40 -53 -61 -62 -55 -44 -31 -20 -9 2 13 25 37 46 53 57 58 54 42 24 7 -3 -7 -11 -22 -41 -60 -69 -64 -52 -38 -28 -20 -10 2 14 24 34 44 53 59 58 51 39 25 12 2 -7 -16 -28 -42 -55 -62 -62 -54 -43 -31 -19 -9 2 12 23 34 47 58 64 63 53 37 20 5 -4 -9 -15 -26 -40 -53 -61 -60 -52 -41 -30 -20 -10 1 14 26 36 46 53 58 58 52 40 25 10 -2 -9 -17 -28 -42 -56 -63 -61 -50 -37 -26 -18 -11 -2 9 23 35 46 54 59 60 54 42 25 8 -4 -11 -17 -28 -41 -54 -60 -58 -50 -41 -32 -23 -12 1 13 24 35 46 56 61 60 51 37 23 11 0 -9 -17 -27 -39 -52 -61 -63 -56 -44 -31 -20 -10 0 12 25 38 49 57 62 61 52 38 21 7 -2 -9 -18 -29 -42 -54 -60 -59 -51 -41 -30 -21 -12 -1 12 25 38 48 57 61 60 52 38 22 8 -2 -9 -17 -28 -42 -55 -62 -60 -53 -41 -30 -20 -10 1 13 25 37 48 55 59 59 52 39 23 8 50 11618 304 15848
-56 -63 -62 -54 -43 -32 -22 -10 3 16 28 39 49 58 64 62 52 37 21 9 0 -9 -20 -32 -46 -57 -62 -61 -54 -43 -31 -19 -7 4 16 27 37 47 56 62 62 54 40 22 7 -4 -10 -17 -28 -43 -57 -64 -63 -55 -44 -32 -20 -9 1 12 25 41 58 69 71 63 48 31 17 5 -5 -13 -22 -32 -45 -57 -63 -59 -49 -37 -27 -20 -11 1 15 29 40 49 56 61 61 53 39 22 6 -5 -13 -20 -31 -43 -55 -62 -61 -54 -42 -31 -20 -10 2 16 29 41 52 60 64 61 51 35 17 4 -4 -9 -16 -28 -45 -59 -65 -63 -54 -43 -31 -19 -7 4 16 29 41 53 61 64 60 50 35 18 4 -5 -11 -18 -29 -44 -58 -64 -62 -54 -42 -30 -19 -8 4 16 28 41 51 59 62 59 52 40 25 10 -4 -14 -23 -33 -47 -59 -64 -61 -51 -39 -29 -19 -8 4 17 29 40 49 58 63 60 50 35 19 7 -2 -9 -18 -30 -43 -56 -63 -62 -54 -43 -32 -20 -8 5 18 30 39 48 56 62 61 52 37 20 7 -3 -10 -18 -31 -45 -57 -63 -61 -53 -42 -30 -19 -8 2 14 27 40 51 59 62 59 50 36 20 6 -4 -11 -20 -31 -45 -57 -63 -60 -52 -41 -30 -20 54 6419 304 15848
-63 -57 -46 -34 -22 -11 -1 9 20 31 43 53 60 61 56 44 29 14 3 -6 -14 -24 -38 -52 -61 -63 -58 -48 -36 -25 -14 -2 9 20 32 45 56 62 62 54 42 29 15 4 -6 -14 -24 -36 -50 -60 -63 -58 -48 -37 -28 -18 -5 8 21 32 43 55 65 69 61 45 26 11 2 -5 -13 -24 -37 -50 -60 -63 -60 -51 -38 -26 -14 -3 9 21 33 45 54 61 62 57 46 31 16 4 -5 -14 -25 -38 -52 -62 -65 -59 -48 -35 -24 -14 -3 9 21 34 45 55 62 63 57 44 28 14 3 -6 -14 -25 -38 -51 -60 -63 -59 -49 -36 -23 -11 0 11 22 34 44 53 59 61 56 45 29 13 0 -7 -13 -22 -37 -53 -64 -64 -56 -45 -34 -25 -14 -2 10 22 34 45 55 61 61 53 41 27 14 3 -6 -15 -25 -37 -50 -59 -62 -58 -48 -37 -26 -14 -3 9 22 34 45 55 60 61 56 45 30 15 2 -8 -15 -25 -38 -52 -62 -63 -57 -47 -36 -26 -15 -3 10 21 33 44 55 63 64 57 43 27 12 2 -4 -10 -21 -36 -53 -64 -66 -61 -50 -38 -26 -14 -1 11 23 33 44 54 61 63 58 47 31 15 2 -7 -15 -26 -40 -53 -62 -63 -57 -48 -37 -25 -13 -1 59 4573 304 15848
60 63 60 50 36 22 10 1 -6 -16 -29 -44 -58 -65 -65 -57 -45 -32 -20 -7 5 16 26 37 48 58 65 63 54 38 21 8 -1 -8 -17 -29 -44 -57 -64 -63 -56 -45 -33 -21 -10 1 13 26 38 50 59 64 63 55 41 24 9 -1 -9 -17 -30 -47 -62 -68 -64 -53 -41 -30 -20 -9 4 16 27 38 48 58 63 62 53 40 24 9 -3 -12 -20 -30 -43 -55 -63 -63 -55 -43 -30 -19 -8 2 14 26 38 49 57 62 60 52 39 23 8 -3 -11 -19 -29 -42 -56 -64 -63 -54 -42 -30 -20 -10 2 14 26 38 48 58 63 62 53 38 22 7 -3 -11 -19 -30 -45 -57 -63 -60 -51 -41 -30 -20 -10 2 14 26 37 48 57 63 62 53 38 21 6 -4 -10 -17 -28 -42 -56 -63 -62 -54 -43 -32 -21 -9 3 15 27 38 50 59 63 61 53 39 23 8 -3 -11 -19 -30 -44 -58 -65 -63 -54 -42 -30 -19 -8 3 15 26 37 47 57 63 63 55 40 23 9 -2 -11 -19 -31 -45 -57 -64 -63 -55 -43 -31 -19 -8 4 16 28 40 50 57 61 60 52 38 22 8 -2 -9 -16 -28 -44 -58 -66 -64 -54 -41 -29 -19 -9 1 13 25 37 48 58 64 63 53 38 21 7 64 613 304 15848
-62 -57 -49 -38 -26 -15 -4 6 17 31 45 57 64 63 56 44 31 16 4 -7 -15 -25 -37 -50 -60 -63 -57 -47 -36 -26 -15 -4 8 19 32 44 54 61 61 56 46 32 16 2 -6 -12 -20 -34 -52 -65 -67 -58 -45 -34 -26 -17 -6 7 19 30 41 55 66 70 62 46 28 12 1 -8 -16 -25 -37 -49 -60 -63 -59 -48 -35 -24 -14 -4 7 20 32 43 53 61 63 58 46 30 15 2 -6 -13 -22 -35 -49 -61 -65 -60 -50 -38 -26 -14 -2 9 20 30 42 53 61 64 58 46 30 14 2 -6 -12 -21 -35 -50 -61 -64 -59 -48 -37 -27 -16 -4 8 20 31 41 53 62 64 59 46 30 15 4 -5 -13 -23 -36 -50 -61 -65 -60 -50 -37 -25 -14 -1 11 22 31 40 49 58 63 59 47 31 16 4 -5 -13 -23 -36 -50 -61 -64 -59 -48 -36 -24 -14 -3 7 18 29 40 52 62 65 60 47 30 14 3 -6 -13 -23 -36 -49 -59 -63 -59 -49 -38 -26 -15 -4 7 19 31 43 54 62 64 59 47 31 15 2 -6 -13 -22 -36 -51 -62 -65 -59 -48 -36 -25 -15 -3 9 21 32 43 53 60 62 58 48 32 15 1 -9 -15 -22 -34 -49 -61 -64 -59 -48 -36 -25 -14 -3 68 15514 304 15848
57 63 62 53 38 20 6 -3 -10 -19 -30 -45 -57 -64 -61 -52 -41 -30 -20 -8 4 17 27 37 47 56 61 61 53 39 23 8 -2 -10 -19 -30 -44 -57 -63 -61 -52 -42 -32 -22 -10 4 17 28 38 47 56 63 63 54 38 21 7 -2 -9 -18 -30 -46 -60 -68 -66 -54 -40 -26 -16 -8 2 15 28 40 50 57 62 60 52 38 21 6 -4 -11 -19 -31 -45 -57 -64 -62 -53 -41 -29 -18 -7 4 15 27 38 48 57 61 60 52 38 21 6 -3 -10 -17 -30 -45 -59 -65 -61 -51 -39 -28 -18 -9 2 14 26 38 48 56 62 61 52 37 21 6 -3 -9 -17 -29 -44 -57 -63 -60 -52 -42 -31 -20 -9 4 16 27 37 47 56 60 59 51 37 22 9 0 -7 -16 -29 -45 -59 -66 -63 -53 -41 -30 -21 -10 2 16 28 39 49 57 63 61 51 36 21 8 -2 -10 -20 -30 -41 -51 -60 -63 -59 -47 -32 -18 -7 3 15 27 39 49 57 61 60 53 38 22 7 -2 -9 -17 -30 -45 -57 -63 -62 -53 -42 -31 -20 -10 2 15 28 40 50 57 60 59 52 39 23 9 -1 -9 -18 -30 -45 -59 -65 -62 -54 -42 -30 -19 -8 3 14 26 38 49 59 64 62 53 38 21 7 74 645 304 15848
62 65 59 46 29 14 2 -6 -13 -22 -35 -50 -61 -64 -59 -47 -34 -23 -15 -6 5 19 33 45 53 59 60 57 47 32 16 2 -7 -13 -21 -34 -49 -62 -66 -61 -49 -35 -24 -14 -4 7 19 31 43 54 60 62 58 48 33 17 3 -8 -16 -24 -35 -50 -63 -68 -62 -49 -34 -22 -12 -2 10 22 32 41 49 57 62 59 48 30 13 0 -7 -13 -21 -34 -49 -61 -65 -60 -49 -36 -24 -14 -3 8 19 31 42 53 61 63 57 45 30 15 3 -6 -14 -23 -35 -48 -59 -63 -59 -49 -37 -26 -15 -4 8 20 32 43 53 59 62 57 46 31 16 3 -5 -12 -22 -36 -51 -62 -63 -57 -47 -38 -28 -16 -3 10 21 31 41 52 61 64 58 45 29 14 3 -5 -13 -22 -35 -50 -61 -64 -59 -49 -37 -25 -14 -3 9 20 31 42 52 60 62 57 45 31 16 3 -6 -13 -21 -33 -48 -61 -66 -61 -49 -36 -25 -16 -5 7 20 32 42 53 62 65 60 47 29 13 2 -6 -14 -23 -36 -48 -58 -62 -59 -49 -37 -25 -14 -4 7 19 31 41 51 60 64 61 49 31 13 0 -7 -12 -20 -34 -50 -62 -66 -61 -50 -36 -24 -13 -3 8 20 31 43 52 60 63 59 48 30 13 1 78 12483 304 15848
58 59 54 42 26 12 1 -7 -14 -25 -39 -53 -62 -63 -56 -45 -33 -22 -11 0 12 24 35 45 55 61 61 54 41 26 12 0 -10 -18 -28 -39 -51 -59 -61 -55 -45 -33 -22 -11 0 11 23 34 45 54 59 58 51 40 27 14 2 -8 -17 -25 -36 -50 -63 -68 -61 -46 -29 -18 -10 -2 10 23 36 45 53 60 62 56 42 24 9 -1 -8 -15 -26 -39 -52 -60 -62 -56 -45 -33 -22 -12 -2 11 25 37 45 52 57 60 56 44 27 10 -1 -8 -14 -25 -41 -55 -62 -60 -52 -42 -33 -25 -16 -4 10 24 36 46 56 62 64 57 43 25 9 -2 -9 -16 -26 -40 -54 -62 -62 -55 -44 -34 -23 -12 1 13 25 35 44 53 59 61 56 43 27 12 0 -8 -16 -27 -41 -54 -62 -62 -55 -44 -34 -23 -11 1 14 24 33 43 53 61 63 56 42 26 11 1 -8 -18 -29 -41 -52 -59 -61 -56 -46 -34 -22 -10 1 12 23 34 46 55 60 60 54 42 27 12 -1 -10 -17 -26 -38 -52 -62 -64 -56 -43 -30 -20 -12 -2 10 23 35 46 55 61 62 56 42 25 9 -2 -8 -14 -25 -39 -54 -64 -64 -56 -43 -31 -21 -12 -1 11 24 36 46 54 59 60 54 42 27 11 -1 89 10581 304 15848
58 63 62 51 35 17 2 -7 -14 -22 -33 -47 -59 -64 -59 -49 -36 -26 -17 -7 4 18 31 43 52 59 62 60 50 34 16 1 -8 -13 -19 -31 -47 -62 -67 -61 -48 -35 -25 -16 -6 7 20 31 41 51 59 63 59 47 30 14 1 -6 -11 -19 -33 -50 -64 -68 -59 -43 -27 -18 -14 -8 1 15 28 39 48 56 60 58 49 35 20 6 -4 -12 -21 -33 -47 -58 -64 -61 -51 -39 -27 -17 -6 6 19 31 42 51 57 61 60 51 35 17 2 -7 -12 -20 -33 -49 -62 -66 -59 -48 -36 -26 -16 -5 7 18 30 41 52 60 62 57 46 31 16 3 -6 -13 -20 -31 -45 -57 -63 -60 -51 -39 -27 -16 -6 6 19 31 42 52 59 61 57 46 31 16 4 -4 -11 -19 -32 -47 -59 -63 -60 -51 -39 -27 -15 -4 6 16 28 40 53 61 63 58 46 31 17 4 -5 -12 -20 -32 -46 -59 -65 -61 -51 -38 -27 -16 -5 7 19 30 41 51 59 62 57 45 31 17 6 -3 -11 -21 -33 -46 -58 -63 -61 -51 -39 -27 -16 -5 7 18 29 40 50 58 62 59 48 32 16 5 -2 -9 -20 -34 -49 -59 -63 -59 -51 -40 -28 -17 -5 6 18 30 42 52 59 61 57 48 34 19 5 94 12484 304 15848
57 62 60 51 37 22 7 -4 -12 -17 -25 -37 -50 -60 -61 -53 -41 -30 -21 -12 -1 12 25 36 47 56 61 60 51 35 20 8 0 -6 -14 -27 -42 -54 -61 -60 -53 -43 -32 -19 -7 3 12 22 34 46 55 60 58 51 39 23 7 -5 -9 -11 -19 -36 -56 -68 -66 -53 -39 -30 -23 -13 0 15 28 38 47 55 61 60 52 38 22 8 -1 -8 -15 -27 -42 -56 -64 -63 -55 -44 -32 -21 -10 2 15 27 40 52 61 64 61 51 36 20 6 -5 -11 -18 -28 -43 -57 -64 -61 -51 -38 -28 -20 -11 2 16 28 38 47 54 60 60 52 38 22 8 -2 -10 -18 -29 -42 -54 -60 -60 -53 -43 -31 -19 -8 3 13 24 35 47 56 61 59 51 37 22 9 -1 -8 -16 -26 -39 -52 -60 -61 -54 -44 -32 -20 -10 0 11 23 36 49 58 62 59 51 38 23 9 -1 -9 -18 -29 -42 -54 -61 -60 -52 -41 -29 -18 -8 1 11 21 33 46 56 60 58 51 38 24 10 -1 -9 -16 -27 -41 -54 -62 -61 -53 -41 -31 -20 -10 2 14 25 36 47 57 62 60 51 36 19 6 -4 -11 -18 -28 -42 -55 -62 -59 -49 -36 -26 -17 -9 3 15 25 34 42 50 57 58 51 37 22 9 100 1378 304 15848
55 57 55 47 33 18 4 -5 -11 -17 -29 -45 -58 -63 -57 -46 -35 -26 -18 -7 5 17 28 38 48 58 61 56 44 29 17 7 -1 -10 -21 -34 -46 -55 -58 -56 -48 -38 -27 -16 -5 6 18 29 39 48 54 57 55 47 32 15 1 -5 -7 -12 -25 -45 -63 -68 -59 -44 -31 -24 -17 -7 6 18 28 36 46 55 61 57 46 29 14 4 -3 -9 -17 -29 -44 -56 -61 -58 -49 -37 -26 -15 -5 5 16 27 38 49 58 61 56 44 28 13 2 -5 -11 -19 -31 -44 -53 -57 -53 -45 -35 -26 -17 -8 2 14 27 39 49 56 59 55 46 32 17 4 -5 -11 -18 -28 -42 -53 -59 -58 -51 -42 -30 -18 -4 8 20 29 39 48 56 59 55 44 29 15 5 -2 -8 -17 -31 -46 -58 -62 -58 -47 -35 -24 -15 -6 4 15 27 38 48 56 59 56 45 31 16 5 -2 -9 -19 -32 -45 -55 -59 -56 -47 -37 -27 -18 -8 4 17 29 39 48 54 58 56 48 33 17 4 -5 -11 -18 -30 -45 -56 -59 -55 -47 -37 -28 -18 -7 4 15 26 37 50 59 62 57 45 30 17 6 -2 -11 -20 -32 -45 -56 -61 -58 -48 -36 -24 -14 -6 4 15 26 37 47 56 60 58 48 33 17 4 104 9691 304 15848
62 61 52 39 24 9 -2 -11 -19 -30 -44 -57 -63 -61 -52 -41 -30 -20 -10 2 14 25 36 48 59 64 61 51 37 23 9 -2 -10 -18 -27 -40 -55 -65 -65 -56 -42 -29 -19 -9 2 14 27 39 50 58 62 60 51 38 22 7 -5 -12 -17 -24 -37 -54 -66 -68 -57 -42 -27 -17 -8 3 15 27 37 46 54 60 61 53 38 21 7 -2 -8 -15 -27 -42 -56 -64 -63 -55 -44 -32 -21 -9 3 15 27 38 49 57 62 61 53 40 23 7 -5 -13 -19 -28 -42 -56 -63 -61 -52 -40 -30 -21 -10 2 14 25 37 49 59 64 61 51 36 21 8 -3 -11 -19 -28 -41 -53 -62 -62 -54 -42 -30 -19 -9 2 13 25 36 47 57 62 61 52 38 22 9 -1 -9 -18 -29 -43 -57 -64 -63 -54 -42 -29 -19 -9 2 14 27 38 47 56 62 62 54 37 19 5 -3 -8 -15 -28 -43 -56 -62 -60 -53 -43 -31 -20 -8 4 15 26 37 48 56 61 60 51 38 22 8 -3 -10 -17 -28 -42 -56 -63 -61 -52 -40 -30 -21 -11 1 14 25 36 47 57 63 61 52 37 22 9 0 -8 -17 -30 -45 -57 -63 -61 -53 -42 -30 -19 -9 1 13 25 38 49 58 63 61 52 38 21 7 -4 110 786 304 15848
62 64 58 45 30 15 4 -4 -12 -21 -33 -48 -60 -64 -60 -48 -35 -25 -16 -7 4 18 32 44 53 58 60 57 48 33 16 1 -7 -12 -18 -30 -47 -60 -66 -61 -50 -38 -25 -14 -2 9 19 29 40 51 58 61 57 46 31 15 3 -4 -8 -15 -29 -48 -65 -70 -63 -49 -35 -24 -14 -4 8 19 30 41 52 61 64 58 45 29 14 3 -5 -12 -21 -33 -47 -58 -63 -59 -50 -39 -27 -15 -3 8 20 31 43 54 61 62 56 45 30 15 3 -7 -15 -24 -35 -49 -59 -61 -56 -46 -35 -25 -15 -4 8 19 30 41 51 58 60 54 44 32 19 6 -4 -13 -23 -35 -48 -59 -63 -58 -47 -35 -25 -15 -5 6 17 29 42 52 59 60 55 45 32 18 5 -5 -13 -22 -34 -48 -59 -62 -57 -48 -37 -27 -16 -4 8 20 30 40 51 60 62 57 45 29 14 2 -5 -10 -18 -31 -47 -60 -64 -60 -49 -37 -26 -16 -5 7 19 30 41 52 60 62 57 46 31 16 3 -7 -15 -22 -32 -45 -57 -63 -61 -51 -37 -25 -14 -4 7 19 31 41 50 57 60 56 46 30 15 4 -3 -10 -20 -34 -48 -59 -61 -56 -48 -39 -29 -18 -5 9 20 30 39 49 58 62 58 46 31 17 7 114 11523 304 15848
56 61 60 53 42 29 14 1 -9 -17 -27 -40 -55 -65 -65 -56 -43 -31 -22 -12 0 13 25 36 46 55 61 61 53 39 23 10 1 -6 -15 -27 -41 -52 -59 -60 -54 -45 -34 -23 -13 -3 7 20 34 47 57 63 62 55 42 26 11 0 -5 -10 -21 -38 -57 -68 -67 -58 -46 -34 -23 -11 1 13 23 33 45 56 64 64 55 41 25 12 1 -7 -15 -27 -41 -55 -64 -64 -56 -44 -32 -21 -10 1 12 22 31 42 53 62 65 58 43 26 11 1 -7 -16 -28 -43 -55 -62 -61 -54 -44 -33 -22 -11 0 11 22 34 46 56 63 63 55 42 26 11 -1 -10 -18 -28 -40 -54 -62 -63 -55 -43 -30 -19 -10 -1 9 20 32 45 56 64 64 55 41 25 11 0 -8 -16 -27 -41 -54 -62 -63 -56 -45 -33 -21 -11 0 12 24 36 46 54 60 61 55 42 25 9 -2 -9 -15 -24 -38 -52 -61 -62 -55 -45 -34 -23 -11 1 12 22 33 44 54 61 61 54 42 29 15 2 -9 -19 -28 -40 -53 -63 -65 -57 -43 -29 -19 -10 -1 11 24 35 45 54 60 61 54 41 25 11 0 -8 -16 -27 -40 -53 -61 -63 -57 -46 -34 -22 -10 1 12 24 37 48 57 62 61 53 41 26 11 119 4426 304 15848
60 62 59 49 34 17 3 -6 -12 -19 -31 -47 -59 -63 -59 -50 -40 -30 -18 -5 7 18 29 39 51 60 63 59 48 34 19 6 -5 -13 -21 -32 -46 -60 -66 -62 -51 -39 -28 -19 -7 6 20 32 42 51 58 61 59 49 34 17 5 -3 -8 -17 -32 -50 -65 -70 -64 -52 -38 -26 -15 -3 9 19 29 40 51 61 65 61 49 33 17 5 -5 -12 -21 -34 -49 -62 -66 -61 -50 -38 -27 -17 -6 7 19 30 41 51 59 63 60 50 35 19 5 -5 -13 -22 -34 -48 -60 -65 -60 -49 -38 -28 -19 -8 4 18 31 42 52 61 64 61 49 33 17 5 -4 -12 -21 -33 -47 -59 -64 -61 -51 -39 -27 -17 -6 6 18 30 41 50 59 64 61 50 33 15 3 -5 -11 -20 -33 -47 -58 -63 -61 -52 -40 -28 -17 -6 6 19 31 41 49 55 60 60 51 34 15 2 -4 -8 -16 -30 -46 -58 -63 -61 -53 -42 -30 -18 -6 5 16 29 41 52 59 62 59 49 34 18 4 -4 -9 -17 -29 -44 -57 -64 -62 -54 -43 -32 -20 -8 5 17 29 40 51 60 65 62 52 36 20 7 -2 -11 -22 -36 -50 -60 -64 -61 -53 -42 -29 -17 -5 6 18 30 41 52 60 64 61 50 33 16 3 124 1580 304 15848
62 62 54 41 26 11 -1 -9 -17 -26 -39 -53 -63 -65 -57 -44 -31 -22 -12 -1 12 25 37 47 56 62 62 54 39 22 8 -1 -6 -12 -22 -37 -53 -64 -65 -58 -46 -33 -22 -11 0 12 25 37 46 53 58 59 54 42 26 9 -3 -8 -11 -18 -33 -52 -66 -68 -59 -45 -33 -24 -14 -1 13 25 35 45 55 63 63 54 39 23 10 1 -6 -14 -25 -38 -51 -61 -64 -59 -47 -34 -22 -11 0 11 24 35 45 54 61 62 55 42 26 11 0 -7 -15 -26 -40 -53 -62 -63 -57 -45 -32 -20 -9 1 12 23 34 44 53 59 61 55 42 26 11 1 -7 -14 -25 -39 -52 -61 -62 -57 -47 -35 -23 -11 0 11 23 35 46 55 61 61 55 42 26 11 0 -7 -14 -25 -40 -55 -63 -63 -55 -44 -33 -22 -11 0 11 22 34 45 56 63 62 54 39 24 10 1 -6 -13 -24 -39 -54 -63 -63 -55 -44 -33 -24 -13 -1 12 24 36 46 56 62 61 54 40 25 10 -1 -9 -15 -24 -36 -50 -61 -63 -57 -46 -34 -24 -14 -2 11 25 36 46 55 62 64 56 41 23 8 -2 -8 -15 -25 -38 -52 -61 -63 -57 -47 -34 -21 -10 1 11 23 35 46 56 61 60 53 41 25 11 0 129 1509 304 15848
57 59 55 46 33 19 5 -5 -14 -23 -35 -49 -60 -64 -59 -48 -36 -26 -16 -5 8 20 32 43 52 60 63 57 45 29 14 3 -5 -12 -22 -36 -49 -59 -63 -59 -50 -39 -27 -14 -3 8 18 29 41 53 61 63 59 49 35 20 6 -6 -15 -26 -38 -53 -64 -68 -62 -50 -36 -24 -13 -1 11 22 33 43 53 60 62 58 47 32 17 3 -7 -16 -26 -39 -51 -60 -62 -58 -48 -37 -26 -14 -1 10 21 31 43 54 63 64 56 43 28 14 3 -7 -15 -25 -37 -49 -58 -61 -57 -47 -36 -24 -13 -1 10 21 31 40 50 58 61 55 44 29 15 4 -4 -12 -23 -36 -49 -60 -63 -58 -46 -34 -24 -16 -8 3 16 30 44 54 62 64 59 47 29 12 -1 -9 -14 -21 -33 -46 -57 -62 -59 -50 -38 -26 -15 -4 8 20 31 42 51 59 61 57 46 30 15 3 -4 -10 -19 -33 -49 -60 -64 -60 -50 -38 -26 -15 -4 8 19 30 41 51 59 62 59 48 33 17 5 -4 -14 -26 -39 -52 -60 -61 -57 -48 -37 -25 -14 -3 8 20 32 44 54 60 61 55 44 29 14 2 -5 -11 -21 -35 -51 -61 -63 -57 -47 -36 -24 -13 -1 10 20 31 42 53 59 60 55 43 29 15 2 184 4122 304 15848
-61 -61 -54 -45 -34 -23 -10 3 13 23 33 44 55 62 62 54 40 25 11 1 -7 -16 -27 -41 -54 -62 -62 -55 -45 -33 -23 -11 1 13 24 35 45 54 61 63 56 42 25 10 -1 -8 -16 -27 -41 -54 -61 -61 -55 -45 -34 -22 -11 -2 7 18 34 51 65 69 64 52 38 23 9 -2 -11 -18 -26 -39 -53 -63 -64 -56 -43 -31 -21 -11 0 12 24 35 46 55 61 61 54 41 26 11 -1 -9 -16 -26 -40 -54 -62 -63 -55 -43 -32 -22 -13 -2 10 23 36 47 57 63 63 55 41 24 9 0 -6 -14 -26 -42 -57 -65 -64 -55 -43 -32 -21 -10 1 12 23 34 46 57 63 62 54 41 25 10 -2 -10 -17 -26 -40 -53 -62 -62 -54 -43 -32 -23 -12 0 13 25 36 46 55 60 60 54 41 26 11 -2 -10 -18 -28 -40 -53 -61 -60 -52 -41 -31 -23 -14 -2 11 24 36 46 54 59 59 53 41 27 12 0 -8 -16 -26 -39 -53 -62 -63 -55 -44 -32 -21 -12 -2 9 22 35 47 57 63 63 57 43 26 9 -3 -10 -16 -26 -40 -54 -63 -63 -56 -45 -33 -21 -9 2 13 23 35 47 57 62 60 52 39 24 10 -1 -9 -16 -25 -38 -53 -62 -63 -55 -44 -32 -22 -11 195 1207 304 15848
59 62 57 46 31 16 4 -5 -14 -23 -35 -47 -58 -62 -59 -50 -37 -26 -15 -5 7 20 31 42 50 57 60 57 47 32 16 4 -4 -11 -20 -34 -50 -61 -64 -58 -47 -36 -26 -17 -6 5 17 29 41 52 60 62 58 47 34 19 6 -4 -11 -20 -34 -51 -66 -70 -63 -48 -33 -23 -15 -5 7 21 32 42 50 56 60 58 48 34 18 5 -5 -13 -23 -35 -49 -60 -63 -59 -50 -38 -27 -15 -4 7 18 30 42 53 61 63 59 47 32 15 1 -8 -14 -20 -32 -46 -59 -64 -59 -48 -36 -26 -17 -7 5 18 30 41 51 59 62 58 48 34 18 4 -5 -12 -21 -34 -51 -64 -67 -60 -47 -34 -24 -15 -5 7 19 30 41 51 59 62 57 47 32 17 5 -5 -14 -23 -35 -49 -61 -64 -59 -48 -35 -24 -15 -4 7 19 30 41 51 59 62 59 48 32 15 2 -7 -14 -22 -34 -48 -59 -62 -57 -46 -36 -27 -17 -5 8 21 31 40 49 57 60 57 46 31 16 5 -3 -11 -21 -33 -47 -58 -62 -60 -51 -40 -27 -15 -3 8 19 29 39 50 59 63 58 47 31 16 5 -3 -11 -21 -34 -49 -60 -64 -60 -49 -37 -26 -16 -6 6 19 31 42 53 61 64 59 46 29 14 4 200 3023 304 15848
61 62 56 42 25 8 -3 -10 -16 -26 -40 -54 -61 -60 -53 -43 -33 -22 -12 -1 10 22 34 46 57 62 61 53 40 25 11 -1 -9 -15 -25 -39 -54 -63 -62 -53 -43 -33 -25 -14 -1 13 24 35 46 57 64 63 53 39 25 12 0 -10 -18 -26 -36 -50 -63 -68 -61 -46 -30 -18 -9 0 13 26 37 45 53 60 62 56 42 24 8 -2 -8 -15 -26 -41 -54 -61 -59 -51 -42 -35 -27 -17 -3 14 28 39 46 54 60 62 57 44 26 9 -3 -11 -17 -26 -39 -54 -64 -64 -55 -42 -30 -21 -13 -2 11 24 36 46 55 62 64 57 42 24 7 -3 -9 -15 -25 -40 -54 -62 -62 -55 -45 -34 -22 -10 2 13 24 34 44 54 61 62 56 43 26 11 -1 -9 -16 -26 -40 -54 -63 -63 -56 -45 -33 -22 -11 0 12 24 36 48 58 63 61 53 40 25 11 0 -9 -18 -28 -41 -54 -62 -62 -55 -44 -32 -22 -11 0 13 25 36 46 55 60 60 53 41 26 12 1 -8 -17 -28 -40 -53 -62 -64 -58 -46 -32 -20 -9 1 12 24 36 47 55 60 60 54 42 27 12 0 -9 -18 -28 -41 -54 -62 -61 -53 -42 -31 -22 -13 -2 11 24 36 46 54 60 61 55 42 26 11 0 205 1977 304 15848
59 60 56 46 32 16 3 -6 -13 -22 -34 -49 -60 -64 -58 -47 -35 -25 -16 -6 6 19 31 41 50 58 61 58 48 33 17 4 -5 -13 -22 -35 -49 -60 -64 -60 -50 -38 -26 -14 -3 9 20 31 41 50 58 61 56 46 31 17 5 -4 -12 -20 -31 -46 -60 -68 -65 -53 -37 -22 -11 -2 7 18 29 40 50 59 63 60 48 31 15 3 -5 -12 -22 -35 -49 -59 -63 -59 -51 -40 -28 -16 -4 8 20 32 42 52 59 62 58 48 31 14 1 -8 -13 -20 -32 -47 -58 -62 -58 -49 -39 -28 -17 -5 7 19 30 41 52 61 63 58 46 31 17 4 -5 -13 -22 -34 -47 -59 -64 -61 -51 -38 -26 -15 -4 7 20 32 43 53 59 61 57 46 32 17 4 -5 -13 -23 -35 -48 -59 -63 -60 -50 -37 -24 -13 -3 6 17 29 41 52 60 61 57 46 32 17 5 -4 -12 -22 -34 -48 -59 -63 -60 -50 -38 -26 -15 -5 6 18 31 43 53 60 62 58 48 33 17 3 -7 -14 -23 -34 -49 -61 -66 -61 -50 -36 -23 -13 -2 8 19 30 42 53 61 63 58 45 29 14 3 -5 -12 -22 -36 -50 -59 -61 -56 -47 -37 -27 -17 -6 6 19 31 43 53 60 62 58 47 31 15 2 210 2405 304 15848
57 63 62 53 38 22 7 -3 -10 -16 -26 -40 -55 -63 -61 -50 -38 -30 -24 -17 -5 10 26 38 49 57 63 63 55 40 24 10 -1 -10 -18 -29 -42 -54 -62 -62 -55 -43 -31 -20 -10 0 12 24 37 48 55 59 59 54 43 27 10 -2 -9 -14 -25 -43 -60 -69 -65 -53 -41 -31 -21 -10 3 15 25 36 47 58 63 61 52 38 23 10 -1 -10 -17 -27 -40 -55 -65 -65 -57 -44 -32 -20 -9 3 16 27 38 48 56 61 60 52 38 22 7 -3 -9 -16 -26 -42 -56 -64 -61 -51 -40 -30 -22 -12 -1 12 24 36 47 58 64 63 54 38 21 8 -2 -9 -17 -28 -41 -54 -62 -62 -55 -43 -31 -20 -10 1 13 26 37 47 55 60 60 53 40 24 9 -1 -8 -15 -26 -41 -55 -63 -62 -54 -44 -33 -22 -10 4 16 25 35 45 55 62 61 52 37 22 10 1 -7 -16 -28 -42 -54 -61 -61 -54 -44 -33 -21 -10 1 12 24 35 46 55 61 62 55 42 26 10 -1 -10 -18 -29 -43 -55 -63 -62 -55 -44 -33 -21 -8 3 15 25 36 46 56 61 60 52 39 24 11 0 -9 -18 -29 -43 -55 -62 -61 -54 -44 -33 -21 -9 3 15 26 35 45 55 61 61 54 41 24 9 215 2358 304 15848
59 63 60 48 32 15 2 -6 -13 -22 -34 -48 -58 -62 -59 -50 -38 -26 -15 -4 8 19 30 40 50 58 62 59 48 31 15 4 -3 -10 -20 -35 -49 -59 -62 -59 -50 -39 -27 -15 -4 6 18 30 41 50 57 61 60 51 35 16 1 -6 -9 -16 -32 -52 -66 -68 -59 -46 -34 -25 -16 -6 6 18 31 42 52 59 61 56 47 33 18 5 -4 -12 -21 -33 -48 -60 -64 -59 -50 -39 -28 -18 -6 7 20 32 43 52 59 62 58 47 32 17 4 -5 -12 -22 -35 -49 -60 -63 -59 -49 -37 -26 -16 -6 6 18 30 42 53 60 62 58 47 32 17 4 -5 -12 -21 -32 -47 -59 -64 -61 -50 -38 -26 -16 -6 5 18 31 43 53 60 62 58 48 33 17 3 -6 -12 -20 -33 -48 -60 -64 -60 -50 -38 -27 -16 -5 8 19 30 41 51 60 63 59 47 31 16 5 -3 -11 -21 -35 -49 -60 -63 -59 -50 -40 -29 -17 -4 8 20 30 41 52 62 65 60 47 30 15 3 -6 -14 -23 -35 -47 -57 -61 -58 -50 -38 -27 -16 -5 7 19 30 40 50 58 62 59 49 33 17 4 -5 -12 -21 -34 -48 -60 -64 -61 -50 -37 -25 -15 -5 5 18 30 42 51 59 62 59 48 32 16 4 219 15046 304 15848
61 62 54 40 24 10 0 -8 -16 -28 -43 -56 -62 -61 -54 -43 -32 -22 -11 0 13 24 36 46 56 62 61 54 40 25 10 -1 -9 -16 -27 -41 -55 -63 -63 -55 -44 -32 -21 -10 2 13 24 34 44 54 61 61 54 42 27 12 -1 -10 -16 -23 -36 -53 -67 -71 -61 -44 -29 -18 -10 0 13 25 36 45 54 61 62 56 42 25 11 0 -9 -17 -29 -42 -55 -63 -63 -56 -44 -32 -22 -11 1 14 26 38 48 56 61 61 53 40 23 9 -2 -9 -16 -26 -40 -55 -64 -63 -55 -43 -31 -21 -11 1 13 25 35 45 55 61 62 54 40 25 11 1 -8 -18 -29 -42 -54 -61 -61 -55 -44 -33 -22 -11 0 12 24 36 47 56 61 61 53 40 25 11 0 -8 -16 -28 -42 -55 -64 -63 -55 -43 -31 -21 -10 1 13 23 34 45 55 63 64 56 41 24 9 -2 -9 -16 -26 -40 -55 -64 -64 -56 -43 -30 -20 -10 1 13 24 35 46 55 60 60 53 40 25 12 1 -7 -16 -28 -42 -55 -63 -62 -54 -43 -32 -22 -11 1 13 25 36 46 56 61 60 52 40 25 12 0 -9 -18 -28 -41 -53 -62 -62 -55 -44 -32 -21 -11 0 12 24 35 47 56 63 63 55 42 25 10 -3 224 14750 304 15848
60 62 58 48 33 16 2 -7 -12 -20 -32 -47 -59 -65 -61 -51 -38 -27 -17 -6 5 18 31 43 54 60 62 58 48 33 16 3 -6 -13 -20 -33 -48 -60 -64 -59 -48 -37 -27 -18 -7 6 18 29 40 50 59 62 59 49 35 19 5 -5 -11 -19 -32 -49 -64 -69 -63 -49 -34 -24 -16 -8 4 18 32 43 53 60 62 58 48 33 17 4 -6 -14 -23 -34 -47 -58 -62 -59 -49 -38 -28 -17 -6 7 19 30 41 51 59 63 59 48 32 16 3 -6 -13 -21 -33 -47 -58 -62 -58 -48 -37 -26 -17 -6 6 18 29 40 50 58 61 58 47 32 17 5 -3 -10 -18 -31 -45 -58 -64 -61 -52 -40 -28 -17 -6 6 18 29 40 51 60 64 61 49 33 18 5 -5 -13 -22 -34 -47 -59 -64 -60 -50 -37 -26 -16 -6 5 18 31 42 51 58 62 59 48 33 16 3 -5 -10 -19 -32 -48 -60 -65 -60 -50 -39 -28 -17 -5 6 19 31 44 54 60 60 54 43 31 18 7 -4 -12 -21 -33 -47 -59 -64 -60 -49 -37 -27 -17 -6 7 19 29 39 48 58 63 61 49 32 16 4 -4 -11 -21 -34 -48 -59 -62 -59 -51 -39 -26 -15 -4 6 16 28 40 52 60 62 59 48 33 17 4 229 10428 304 15848
60 60 54 41 26 11 0 -8 -15 -25 -39 -53 -62 -62 -55 -45 -34 -23 -12 0 12 23 33 45 55 62 63 56 42 25 9 -2 -9 -15 -24 -38 -53 -62 -63 -55 -43 -32 -22 -12 -1 11 23 35 46 55 59 58 51 40 27 13 2 -6 -12 -21 -36 -54 -66 -68 -59 -45 -32 -21 -12 -1 11 24 36 47 56 62 62 55 42 26 10 -2 -10 -17 -25 -38 -52 -62 -63 -56 -45 -33 -22 -12 0 12 24 35 46 55 61 61 54 41 26 11 -1 -9 -16 -26 -38 -52 -61 -62 -56 -44 -33 -22 -12 -1 11 23 35 46 56 61 60 53 40 26 13 2 -6 -15 -26 -40 -54 -63 -65 -58 -46 -33 -21 -10 1 12 24 34 45 54 61 62 56 42 26 10 -1 -9 -17 -27 -40 -53 -61 -62 -56 -45 -33 -21 -11 0 11 22 33 44 55 63 64 57 42 24 9 -1 -9 -16 -27 -40 -53 -61 -61 -55 -45 -33 -22 -11 0 11 24 35 46 54 60 61 55 43 26 9 -2 -9 -15 -25 -38 -53 -62 -62 -55 -44 -33 -23 -13 0 13 25 36 45 53 59 61 56 43 27 10 -2 -9 -15 -25 -39 -54 -62 -62 -54 -43 -34 -25 -14 -1 13 26 37 46 55 61 62 55 41 24 9 -2 234 8932 304 15848
58 62 59 48 33 17 4 -6 -13 -23 -36 -49 -60 -63 -58 -49 -39 -28 -16 -3 10 21 30 39 49 57 61 58 49 34 19 5 -5 -13 -22 -35 -49 -61 -64 -59 -48 -37 -27 -17 -7 5 19 31 42 51 58 61 58 49 34 16 3 -5 -8 -14 -28 -47 -64 -70 -64 -51 -37 -26 -16 -5 7 19 30 40 50 59 62 59 49 34 19 5 -5 -13 -22 -34 -48 -59 -64 -59 -50 -38 -28 -17 -7 4 15 27 40 52 62 65 60 50 35 19 5 -6 -14 -23 -34 -47 -59 -64 -61 -51 -39 -28 -17 -6 5 17 29 41 53 62 66 61 50 34 18 5 -4 -12 -22 -34 -49 -61 -66 -62 -52 -39 -28 -17 -6 6 19 31 42 53 61 64 61 50 34 19 5 -5 -14 -23 -35 -49 -60 -65 -61 -51 -39 -27 -15 -4 8 19 29 39 50 59 64 60 48 32 16 4 -4 -11 -20 -32 -47 -60 -65 -60 -50 -38 -27 -17 -6 7 19 29 39 49 58 64 61 50 33 16 3 -7 -14 -22 -33 -46 -57 -62 -59 -50 -38 -27 -17 -8 4 16 29 40 51 60 64 59 47 32 16 5 -3 -11 -20 -33 -47 -58 -63 -61 -51 -39 -26 -16 -6 4 15 26 39 51 60 64 60 48 33 18 6 239 8035 304 15848
60 62 59 48 34 19 6 -3 -11 -20 -34 -49 -61 -65 -60 -49 -38 -28 -19 -8 5 18 30 41 52 60 63 59 49 33 17 4 -5 -12 -20 -31 -44 -56 -61 -59 -52 -42 -31 -20 -8 4 16 29 41 52 60 64 61 51 36 20 6 -3 -10 -18 -32 -48 -62 -68 -63 -52 -40 -29 -18 -7 5 17 29 41 53 62 65 61 49 33 17 5 -3 -10 -19 -34 -50 -62 -65 -60 -50 -39 -29 -18 -6 6 18 29 41 52 61 65 61 49 34 17 4 -6 -13 -21 -33 -47 -58 -62 -59 -51 -39 -28 -17 -6 5 17 30 42 52 58 60 57 49 36 21 7 -5 -13 -21 -33 -48 -61 -66 -62 -50 -37 -26 -17 -7 5 18 31 43 52 58 60 57 48 34 19 5 -4 -12 -22 -35 -49 -59 -62 -58 -49 -40 -30 -19 -7 6 19 30 42 52 60 64 60 49 33 16 2 -6 -13 -21 -34 -49 -60 -64 -59 -49 -38 -28 -17 -5 8 20 31 41 51 60 66 63 51 32 13 -2 -11 -16 -23 -34 -47 -57 -61 -57 -48 -37 -25 -14 -3 8 17 27 37 49 58 63 60 50 34 17 3 -7 -13 -20 -32 -46 -60 -66 -63 -51 -36 -23 -14 -5 5 17 29 41 51 59 63 59 48 32 16 4 249 4342 304 15848
63 62 53 40 24 10 -1 -9 -17 -28 -41 -54 -61 -61 -54 -45 -34 -23 -10 3 15 25 35 45 55 61 60 51 38 24 12 2 -6 -15 -26 -41 -54 -63 -63 -56 -45 -33 -23 -11 1 13 25 36 47 56 62 61 53 40 25 10 -2 -10 -16 -24 -37 -54 -67 -68 -59 -43 -28 -18 -10 -1 12 25 37 47 55 60 60 53 40 25 11 0 -8 -17 -28 -41 -54 -63 -65 -59 -47 -31 -18 -6 4 13 24 36 46 55 60 61 54 40 23 7 -4 -9 -15 -25 -40 -54 -61 -60 -53 -44 -34 -24 -12 0 12 23 34 46 56 62 63 55 42 26 10 -2 -9 -16 -26 -41 -56 -65 -64 -55 -44 -32 -22 -11 1 14 25 36 47 56 62 62 54 40 24 9 -2 -10 -17 -27 -40 -53 -62 -63 -55 -44 -32 -21 -10 1 13 24 35 46 56 62 62 53 39 25 12 1 -8 -18 -29 -42 -53 -61 -62 -56 -46 -33 -20 -8 3 14 25 35 45 54 60 61 54 41 24 9 -2 -9 -16 -26 -40 -54 -62 -63 -56 -44 -32 -20 -9 2 13 24 35 46 54 59 59 52 41 26 12 1 -8 -17 -27 -40 -53 -62 -63 -56 -44 -32 -20 -10 0 11 24 36 47 55 61 61 55 41 24 9 -2 254 10546 304 15848
58 60 57 49 35 20 7 -2 -10 -19 -34 -50 -63 -67 -61 -50 -38 -27 -16 -5 7 18 29 41 52 61 63 59 47 33 18 5 -4 -13 -22 -35 -48 -59 -63 -60 -51 -39 -26 -15 -4 8 19 30 41 50 57 59 56 47 33 18 6 -3 -9 -17 -29 -46 -61 -68 -64 -52 -38 -27 -17 -7 5 18 30 41 51 60 64 60 49 34 17 4 -5 -13 -21 -32 -46 -58 -64 -61 -52 -40 -28 -17 -6 7 20 31 42 50 58 63 61 51 35 17 2 -7 -14 -21 -33 -47 -59 -65 -61 -50 -38 -26 -16 -5 6 18 30 41 51 59 62 58 48 34 19 7 -3 -12 -22 -35 -49 -60 -64 -59 -49 -37 -27 -17 -6 5 18 30 41 51 59 63 60 49 32 15 2 -6 -12 -20 -31 -45 -57 -62 -59 -50 -39 -27 -17 -7 4 16 29 42 53 60 62 57 46 32 17 5 -4 -11 -19 -30 -44 -57 -64 -63 -54 -41 -27 -16 -5 5 17 29 42 52 61 64 60 48 32 16 4 -3 -10 -20 -34 -49 -60 -64 -59 -49 -38 -27 -17 -6 5 17 29 41 53 62 66 61 48 31 14 2 -5 -11 -19 -32 -47 -60 -65 -61 -51 -38 -26 -14 -4 6 17 29 41 52 60 63 58 47 32 17 4 259 3449 304 15848
55 61 61 53 40 25 10 -1 -9 -17 -27 -41 -55 -65 -64 -56 -43 -31 -21 -11 1 14 27 39 49 57 62 60 52 38 22 8 -2 -9 -17 -28 -41 -54 -62 -63 -55 -43 -31 -19 -9 1 14 26 38 48 55 59 59 51 37 21 7 -1 -4 -9 -22 -41 -60 -68 -65 -53 -41 -31 -23 -13 1 15 27 37 47 55 61 61 54 40 25 10 -2 -10 -18 -28 -41 -54 -63 -63 -56 -43 -31 -21 -11 1 14 27 38 47 55 60 60 54 41 24 9 -3 -11 -19 -28 -40 -53 -62 -62 -55 -43 -31 -21 -12 -1 13 27 40 50 57 61 60 54 40 23 7 -4 -10 -16 -26 -41 -56 -64 -62 -53 -42 -31 -21 -10 2 15 26 36 46 55 62 62 54 39 22 8 -2 -8 -15 -25 -40 -55 -64 -64 -56 -45 -34 -22 -10 3 15 26 37 49 60 65 62 51 36 22 9 -1 -10 -19 -30 -42 -53 -60 -61 -55 -44 -32 -21 -10 1 13 25 36 47 56 62 62 55 40 23 8 -3 -10 -17 -28 -42 -56 -64 -63 -53 -40 -29 -20 -12 -1 12 26 39 49 57 60 59 52 40 25 10 -1 -10 -18 -28 -41 -54 -62 -63 -56 -45 -32 -20 -9 2 14 26 37 47 55 61 60 53 39 24 10 264 9452 304 15848
58 61 59 50 35 18 4 -6 -13 -20 -31 -45 -58 -64 -59 -49 -37 -27 -17 -7 4 15 27 39 51 59 62 59 49 35 19 5 -5 -12 -19 -29 -44 -58 -65 -63 -52 -39 -28 -18 -7 5 18 29 40 50 58 62 60 50 35 19 6 -3 -10 -17 -29 -46 -61 -70 -67 -56 -41 -27 -15 -4 9 21 31 41 50 59 64 60 48 31 15 3 -5 -11 -20 -32 -46 -57 -63 -61 -52 -40 -28 -17 -6 6 18 30 41 51 58 62 59 50 35 19 5 -5 -12 -21 -33 -47 -58 -63 -60 -52 -41 -30 -17 -4 8 18 28 39 51 60 63 58 48 34 20 7 -4 -13 -22 -33 -47 -59 -65 -61 -51 -39 -27 -16 -5 7 17 27 38 49 59 64 60 49 33 18 6 -3 -11 -20 -32 -46 -59 -65 -62 -52 -40 -28 -18 -7 4 17 30 42 53 61 64 60 48 33 17 5 -5 -12 -22 -34 -47 -59 -63 -60 -50 -39 -27 -16 -5 6 18 29 40 49 57 61 59 49 35 19 5 -4 -11 -19 -31 -46 -59 -65 -61 -51 -39 -29 -19 -7 6 19 31 41 50 58 62 60 50 34 18 4 -5 -12 -20 -32 -45 -57 -63 -61 -51 -38 -27 -17 -8 3 16 29 41 51 59 62 59 49 33 17 4 269 1331 304 15848
57 63 63 56 42 25 9 -2 -9 -16 -26 -40 -55 -63 -62 -55 -44 -33 -23 -12 1 13 24 34 45 55 62 63 55 41 25 10 -1 -9 -16 -27 -40 -53 -61 -61 -56 -46 -35 -23 -11 0 11 23 35 48 58 63 62 54 41 24 8 -2 -7 -12 -23 -41 -60 -70 -66 -53 -40 -30 -22 -12 1 14 25 35 44 54 62 62 55 40 24 9 -1 -8 -15 -26 -41 -55 -63 -62 -54 -43 -32 -21 -10 1 12 23 34 45 55 61 61 54 41 25 11 1 -7 -16 -27 -40 -53 -61 -62 -56 -46 -33 -21 -10 1 10 21 32 45 56 63 63 56 42 25 10 -1 -8 -15 -26 -41 -54 -63 -62 -55 -44 -33 -23 -12 0 12 24 35 46 56 63 63 56 41 24 8 -3 -9 -16 -26 -40 -53 -61 -61 -54 -45 -34 -23 -11 1 13 24 34 44 54 61 62 55 42 27 11 -1 -9 -17 -27 -39 -53 -62 -63 -56 -44 -32 -21 -11 0 11 22 33 44 54 61 62 57 44 27 11 -2 -9 -16 -25 -39 -54 -63 -63 -55 -43 -32 -23 -13 -2 12 24 36 47 56 61 61 53 40 24 10 0 -8 -15 -26 -39 -53 -61 -62 -56 -45 -33 -21 -11 -1 10 22 34 45 55 61 62 56 43 27 11 274 134 304 15848
-63 -59 -49 -38 -27 -16 -4 7 19 29 39 49 58 63 61 50 34 17 3 -6 -13 -21 -33 -47 -60 -64 -60 -49 -37 -26 -16 -6 6 18 30 41 50 57 60 58 50 35 19 4 -6 -12 -20 -32 -47 -60 -65 -60 -49 -37 -28 -19 -9 4 17 29 40 50 61 68 66 55 35 15 -1 -9 -15 -23 -36 -51 -62 -64 -57 -46 -34 -24 -15 -5 6 18 29 41 51 59 61 57 47 33 17 4 -5 -13 -21 -33 -47 -59 -63 -59 -49 -37 -26 -15 -5 6 17 28 39 50 58 62 59 49 34 18 3 -7 -13 -20 -31 -45 -57 -63 -60 -51 -40 -29 -17 -5 7 19 30 41 51 59 62 58 47 33 18 5 -4 -11 -20 -32 -48 -61 -66 -61 -49 -36 -25 -16 -6 5 17 29 41 53 61 64 59 47 32 16 3 -7 -15 -22 -32 -44 -56 -62 -60 -51 -38 -27 -17 -6 7 19 29 36 45 56 65 64 52 33 15 4 -3 -9 -21 -35 -49 -59 -61 -58 -51 -40 -29 -18 -7 5 18 31 42 52 59 63 60 49 33 16 4 -3 -10 -21 -35 -50 -61 -64 -59 -50 -39 -27 -15 -3 8 20 31 41 50 57 60 56 47 33 18 6 -4 -13 -21 -33 -47 -59 -64 -61 -50 -36 -24 -15 -7 279 1651 304 15848
-65 -57 -43 -29 -19 -9 0 12 24 36 46 54 60 61 55 42 26 10 -2 -10 -17 -27 -39 -52 -61 -62 -56 -46 -34 -22 -10 2 14 25 35 45 54 61 61 54 40 24 10 -1 -8 -16 -26 -39 -52 -61 -62 -56 -44 -33 -23 -13 -1 12 24 34 42 51 62 69 65 49 26 6 -6 -12 -17 -28 -42 -56 -63 -62 -55 -45 -33 -21 -8 3 13 23 34 47 58 64 63 53 38 21 7 -2 -8 -14 -25 -40 -53 -61 -61 -54 -45 -35 -24 -13 0 13 25 36 47 57 63 63 54 39 22 8 -1 -8 -16 -27 -41 -54 -61 -60 -53 -43 -33 -23 -13 0 13 24 34 44 55 63 64 56 41 25 10 0 -9 -18 -29 -42 -55 -62 -63 -55 -43 -30 -20 -11 -1 12 25 37 47 55 60 61 54 41 24 10 0 -7 -15 -27 -42 -55 -62 -62 -55 -45 -34 -22 -10 1 12 24 37 48 56 60 60 53 42 26 10 -3 -11 -17 -26 -38 -52 -62 -63 -57 -45 -33 -21 -10 2 14 24 35 45 55 61 61 54 41 26 12 0 -10 -18 -28 -41 -54 -61 -61 -53 -43 -34 -24 -13 1 14 26 36 45 55 62 62 54 40 24 10 0 -8 -16 -28 -42 -56 -64 -63 -54 -42 -31 -21 -10 1 284 155 304 15848
-62 -59 -51 -40 -29 -18 -7 4 15 25 36 48 58 63 61 52 38 22 7 -5 -14 -22 -32 -43 -55 -63 -63 -55 -42 -28 -16 -6 4 15 26 39 51 61 65 61 50 33 17 4 -4 -10 -17 -29 -44 -57 -63 -60 -51 -41 -32 -22 -10 4 17 28 39 50 62 68 64 51 32 16 4 -4 -11 -20 -33 -46 -57 -63 -60 -52 -40 -29 -19 -8 3 16 29 40 51 59 64 61 51 35 18 5 -3 -10 -19 -33 -49 -60 -63 -59 -50 -40 -30 -19 -7 5 18 29 41 51 58 61 59 50 37 21 6 -5 -12 -19 -30 -45 -59 -65 -61 -51 -39 -29 -20 -9 4 18 30 41 51 59 63 61 51 36 20 5 -6 -14 -22 -32 -46 -57 -63 -60 -52 -40 -28 -16 -5 5 15 25 38 52 62 64 58 47 34 22 10 -1 -11 -21 -33 -47 -60 -66 -62 -51 -38 -27 -19 -9 4 18 30 41 51 59 63 59 48 33 18 6 -3 -10 -19 -32 -47 -59 -64 -60 -51 -40 -29 -18 -5 8 19 27 36 47 57 63 60 49 33 19 8 -1 -8 -18 -32 -47 -60 -65 -61 -50 -39 -29 -19 -8 5 18 30 39 48 56 62 61 52 36 19 5 -4 -10 -19 -32 -47 -58 -63 -59 -51 -40 -30 -19 -7 39 8515 304 14214
55 62 62 54 42 27 13 2 -7 -15 -26 -39 -53 -63 -64 -57 -45 -34 -23 -13 -1 13 25 34 43 52 60 63 57 44 27 12 1 -7 -16 -27 -41 -54 -62 -63 -56 -45 -33 -23 -13 -2 11 23 34 45 54 61 62 57 44 27 13 3 -4 -12 -26 -43 -59 -68 -66 -57 -45 -33 -21 -10 2 13 24 35 46 55 60 60 53 42 28 13 0 -9 -17 -27 -40 -53 -62 -62 -55 -44 -33 -23 -12 -2 10 22 34 46 56 62 61 55 42 27 11 -1 -10 -16 -25 -37 -51 -61 -63 -56 -45 -34 -23 -12 0 11 21 32 42 53 62 63 56 43 28 14 2 -7 -16 -27 -41 -53 -62 -63 -57 -46 -34 -22 -11 0 10 22 34 45 54 60 61 56 45 28 11 -2 -10 -15 -24 -38 -52 -62 -63 -56 -45 -34 -23 -12 -1 11 22 33 45 55 61 61 54 42 27 13 1 -7 -14 -24 -39 -54 -64 -64 -55 -43 -32 -23 -14 -3 9 22 33 45 55 63 63 55 41 25 12 2 -5 -13 -24 -40 -55 -65 -65 -57 -44 -33 -23 -14 -2 11 24 35 46 55 62 64 57 43 26 10 -1 -8 -15 -26 -41 -55 -63 -62 -54 -44 -34 -24 -13 -1 12 25 36 46 54 59 60 54 42 27 13 44 9655 304 14214
58 62 60 51 37 21 7 -4 -11 -18 -28 -42 -55 -63 -62 -54 -42 -31 -20 -9 3 16 27 38 49 58 63 61 51 35 19 7 -2 -9 -18 -31 -45 -57 -62 -59 -50 -40 -30 -21 -12 0 13 27 40 50 58 62 61 53 39 22 8 -2 -8 -15 -29 -48 -64 -70 -64 -51 -37 -26 -17 -8 4 16 28 39 49 57 60 58 49 37 22 9 -2 -9 -17 -29 -44 -58 -65 -63 -53 -41 -29 -19 -8 4 16 27 37 48 58 63 61 51 36 20 7 -3 -10 -17 -27 -42 -57 -65 -64 -54 -40 -28 -18 -9 1 13 26 39 50 59 64 61 51 36 20 7 -2 -9 -18 -30 -45 -58 -64 -62 -53 -42 -30 -19 -7 4 15 26 38 49 58 63 61 52 37 21 6 -4 -10 -17 -28 -44 -59 -67 -64 -54 -41 -28 -17 -6 6 17 27 36 46 56 63 62 53 38 21 6 -5 -12 -20 -30 -43 -56 -64 -62 -53 -41 -29 -18 -7 5 16 27 37 47 57 62 61 52 37 21 6 -4 -11 -18 -28 -43 -57 -66 -63 -52 -39 -28 -19 -10 3 17 29 38 47 55 61 60 50 36 22 10 1 -9 -21 -34 -46 -56 -61 -60 -52 -41 -30 -20 -9 3 16 28 38 47 56 61 60 51 37 22 9 55 10603 304 14214
60 62 56 44 30 16 3 -6 -15 -25 -37 -50 -60 -62 -56 -47 -36 -26 -16 -4 9 22 34 44 54 60 61 55 43 27 13 2 -5 -12 -21 -35 -50 -61 -63 -58 -48 -37 -26 -14 -2 9 20 31 44 55 61 62 56 46 31 14 0 -8 -12 -18 -32 -51 -67 -70 -61 -46 -33 -24 -15 -3 10 23 34 44 54 62 63 57 44 28 13 0 -9 -15 -23 -34 -49 -61 -64 -57 -46 -35 -26 -17 -4 10 24 35 43 51 59 62 58 45 28 13 3 -5 -13 -24 -38 -51 -60 -62 -57 -47 -36 -24 -14 -3 8 19 31 43 54 62 64 58 44 27 12 2 -5 -12 -22 -35 -49 -60 -65 -61 -52 -39 -25 -13 -2 10 21 33 46 56 62 62 56 45 29 14 0 -10 -17 -25 -36 -49 -60 -64 -59 -47 -34 -22 -12 -1 9 20 31 42 53 61 62 55 43 28 15 3 -6 -15 -25 -38 -51 -60 -62 -56 -45 -33 -23 -13 -3 8 19 29 40 51 60 62 58 46 31 16 3 -6 -15 -25 -37 -50 -60 -64 -59 -48 -35 -23 -13 -3 9 22 34 45 53 58 58 54 44 31 16 4 -6 -14 -24 -37 -51 -61 -62 -56 -45 -35 -26 -16 -4 9 21 31 42 52 61 63 58 45 29 15 4 60 9507 304 14214
-61 -53 -42 -30 -19 -7 4 15 26 36 46 55 61 60 52 38 22 8 -2 -9 -17 -29 -44 -57 -63 -60 -51 -41 -30 -21 -11 0 13 26 38 49 58 62 60 52 39 23 9 -2 -10 -18 -29 -43 -57 -64 -62 -53 -41 -30 -21 -11 1 14 26 36 47 58 67 69 59 39 18 2 -7 -13 -20 -31 -44 -55 -61 -59 -52 -42 -31 -19 -8 4 14 25 36 48 59 64 61 51 36 21 8 -1 -10 -19 -31 -45 -56 -62 -60 -52 -41 -30 -20 -9 2 14 26 37 47 57 63 62 54 39 22 7 -4 -12 -20 -31 -43 -55 -62 -62 -54 -42 -29 -18 -8 2 14 26 39 50 58 62 60 51 36 19 5 -4 -10 -16 -28 -43 -56 -61 -59 -52 -42 -31 -20 -8 3 13 25 38 51 58 60 56 49 39 25 9 -6 -14 -18 -25 -38 -54 -65 -64 -54 -40 -28 -20 -11 1 14 26 37 48 57 62 61 53 39 23 8 -4 -12 -20 -30 -42 -55 -63 -62 -53 -41 -29 -19 -9 2 14 27 39 48 56 60 58 51 38 23 8 -3 -11 -18 -28 -42 -54 -62 -61 -53 -42 -31 -21 -10 2 14 26 37 48 58 63 61 52 37 22 8 -1 -9 -18 -31 -45 -57 -63 -61 -52 -41 -31 -21 -10 2 65 6674 304 14214
58 59 55 46 33 18 4 -7 -16 -24 -35 -48 -58 -63 -59 -49 -36 -25 -15 -5 7 20 31 42 51 59 62 58 47 31 15 3 -6 -13 -22 -34 -48 -59 -63 -59 -49 -37 -25 -15 -6 6 18 31 43 52 59 61 58 48 32 15 2 -5 -10 -18 -34 -52 -66 -69 -61 -48 -35 -24 -14 -3 8 19 31 42 53 61 62 56 45 32 18 5 -6 -15 -25 -36 -49 -60 -64 -58 -47 -35 -25 -17 -7 6 21 33 43 52 59 62 59 48 32 16 2 -7 -15 -24 -36 -48 -59 -63 -58 -48 -36 -26 -16 -5 7 20 32 43 53 60 62 57 45 30 16 4 -6 -15 -25 -37 -48 -57 -61 -57 -49 -38 -26 -15 -4 7 19 31 43 53 61 63 58 46 30 14 2 -6 -13 -22 -35 -50 -61 -63 -58 -47 -37 -26 -15 -3 9 20 29 40 51 62 65 59 45 28 13 3 -4 -11 -23 -37 -51 -60 -63 -58 -49 -37 -25 -13 -2 9 19 30 42 54 61 62 55 44 29 15 4 -5 -12 -22 -36 -51 -61 -64 -58 -47 -35 -24 -13 -2 9 19 29 40 50 58 61 57 47 33 17 3 -6 -13 -21 -34 -49 -61 -65 -59 -47 -36 -27 -17 -4 9 22 33 42 51 59 63 58 46 30 14 3 70 1364 304 14214
62 60 51 36 21 7 -3 -11 -19 -30 -43 -55 -62 -61 -53 -41 -29 -17 -6 4 14 24 35 47 57 63 60 51 36 20 6 -3 -9 -16 -28 -43 -57 -64 -61 -52 -40 -29 -19 -9 3 14 25 36 46 55 61 59 51 38 23 9 -2 -9 -16 -25 -39 -55 -67 -68 -59 -44 -29 -16 -6 4 15 26 38 48 57 61 59 51 38 23 9 -2 -11 -19 -30 -44 -56 -63 -61 -52 -41 -30 -21 -10 3 16 27 37 47 56 63 62 53 38 20 6 -3 -10 -18 -29 -44 -57 -64 -63 -54 -41 -28 -18 -8 2 14 28 41 51 57 59 57 50 38 22 6 -5 -12 -19 -29 -42 -55 -61 -59 -51 -41 -31 -21 -11 2 15 27 38 48 57 62 61 53 38 21 6 -4 -11 -18 -29 -43 -56 -63 -62 -52 -40 -29 -19 -9 1 13 26 39 50 58 61 59 51 38 23 9 -2 -11 -20 -31 -44 -57 -63 -61 -53 -41 -30 -19 -8 4 15 27 37 48 57 62 60 51 37 22 7 -3 -11 -18 -29 -43 -57 -64 -62 -52 -40 -29 -20 -10 2 16 29 40 49 56 60 59 51 37 20 5 -4 -10 -17 -27 -41 -55 -64 -62 -53 -40 -29 -19 -10 3 16 28 38 47 56 62 60 50 34 19 8 1 75 5993 304 14214
-61 -56 -47 -37 -27 -17 -4 8 19 30 40 51 61 65 61 48 31 15 3 -6 -14 -23 -36 -50 -60 -63 -58 -48 -37 -27 -17 -5 8 22 33 42 51 59 63 59 48 32 16 3 -7 -15 -23 -34 -47 -59 -65 -62 -51 -37 -24 -15 -5 6 18 29 39 49 61 69 68 55 33 12 -2 -8 -13 -24 -39 -54 -63 -63 -57 -46 -36 -26 -15 -4 7 20 32 43 53 60 63 59 48 32 15 2 -6 -13 -22 -37 -53 -64 -66 -58 -46 -35 -26 -16 -5 9 23 34 43 51 58 62 58 47 30 14 1 -7 -13 -21 -34 -49 -60 -63 -59 -50 -38 -27 -15 -2 9 20 31 42 53 61 63 57 45 29 14 2 -6 -12 -21 -34 -50 -62 -65 -59 -47 -34 -24 -15 -5 7 19 30 42 52 60 63 59 48 32 16 2 -8 -15 -22 -34 -48 -61 -65 -60 -49 -36 -25 -14 -3 10 22 32 42 51 59 62 57 46 30 15 3 -5 -14 -24 -37 -50 -60 -63 -58 -48 -36 -24 -12 -2 9 20 30 41 50 57 60 57 47 33 17 4 -5 -13 -22 -36 -50 -60 -63 -58 -48 -37 -26 -15 -4 8 20 31 43 53 60 61 56 45 31 17 5 -4 -13 -23 -36 -51 -62 -66 -60 -49 -35 -23 -12 -3 80 2585 304 14214
58 63 60 50 37 22 9 -1 -9 -18 -30 -44 -56 -63 -62 -53 -41 -30 -19 -8 3 14 25 36 47 57 62 61 52 38 22 8 -3 -11 -19 -28 -41 -54 -63 -64 -55 -42 -28 -18 -9 1 13 26 38 48 56 60 59 51 37 20 7 -1 -5 -11 -23 -41 -58 -68 -67 -57 -43 -30 -20 -9 2 15 27 39 49 57 61 61 53 40 24 8 -3 -11 -19 -30 -44 -57 -64 -62 -54 -42 -30 -19 -9 2 14 26 37 49 59 64 62 52 36 20 7 -1 -8 -17 -30 -46 -59 -65 -62 -53 -42 -30 -18 -7 4 14 26 38 51 60 63 59 49 35 20 7 -3 -11 -18 -29 -43 -55 -63 -61 -52 -41 -30 -20 -10 2 15 28 38 47 55 60 61 53 39 22 7 -3 -10 -18 -29 -44 -57 -63 -61 -52 -41 -31 -21 -10 2 14 27 39 49 58 63 61 51 36 20 7 -2 -9 -17 -30 -45 -57 -63 -60 -52 -42 -31 -20 -8 4 16 26 37 47 57 62 60 52 38 22 8 -3 -11 -19 -29 -43 -55 -62 -60 -52 -41 -30 -20 -10 2 14 26 38 48 57 62 60 51 37 21 8 -1 -7 -16 -29 -45 -58 -64 -61 -52 -42 -31 -19 -8 4 14 25 36 47 57 63 61 53 39 22 7 85 4874 304 14214
59 60 56 47 32 17 3 -7 -14 -22 -34 -48 -59 -63 -58 -48 -36 -26 -16 -5 7 20 32 42 51 58 61 58 47 31 16 3 -6 -14 -23 -35 -48 -58 -62 -58 -48 -37 -27 -17 -6 7 20 33 44 54 60 60 54 43 30 16 4 -5 -13 -20 -31 -46 -60 -68 -65 -53 -37 -24 -12 -2 9 21 32 42 52 59 62 57 45 30 15 4 -4 -13 -24 -37 -50 -59 -62 -57 -48 -36 -25 -15 -5 7 20 32 44 53 60 61 55 43 28 14 3 -5 -11 -20 -32 -47 -60 -64 -60 -49 -36 -24 -15 -5 6 19 31 43 52 59 60 56 46 32 17 5 -6 -14 -24 -35 -47 -57 -62 -60 -52 -39 -26 -14 -2 10 21 31 41 51 59 62 59 47 30 14 1 -7 -13 -22 -35 -49 -59 -62 -57 -47 -36 -25 -15 -4 7 18 30 41 52 60 63 59 47 30 12 0 -8 -12 -19 -31 -47 -61 -66 -60 -47 -34 -24 -15 -6 6 20 32 42 51 58 61 58 47 31 15 2 -7 -14 -23 -34 -47 -57 -62 -59 -50 -38 -25 -14 -4 6 18 32 44 54 60 60 55 44 30 16 4 -4 -12 -22 -36 -51 -61 -63 -57 -46 -34 -24 -15 -4 8 19 30 39 48 56 61 59 48 33 17 5 89 11237 304 14214
61 60 53 40 25 11 0 -8 -18 -29 -43 -55 -62 -61 -54 -43 -32 -21 -10 2 14 26 36 46 55 61 60 52 38 22 9 -1 -8 -16 -28 -43 -56 -62 -60 -52 -42 -32 -21 -9 3 14 23 33 44 55 61 60 53 41 26 10 -2 -10 -16 -23 -36 -53 -66 -69 -61 -47 -32 -19 -7 5 16 26 36 46 57 64 64 54 37 20 6 -3 -9 -17 -29 -42 -55 -62 -62 -55 -44 -31 -18 -7 3 13 23 36 48 57 61 59 52 40 24 9 -4 -12 -18 -27 -40 -55 -64 -63 -54 -41 -29 -19 -9 2 15 27 38 48 55 59 57 50 38 22 7 -4 -11 -16 -25 -38 -53 -61 -60 -52 -42 -33 -23 -11 4 17 26 34 42 52 60 61 53 40 25 11 0 -9 -18 -29 -42 -55 -63 -62 -54 -41 -29 -20 -10 0 12 25 37 47 56 61 62 54 40 23 8 -4 -11 -19 -29 -42 -55 -61 -59 -51 -41 -32 -23 -12 2 17 29 38 45 53 59 60 53 39 22 8 -2 -9 -17 -28 -42 -55 -62 -61 -54 -43 -31 -20 -9 3 15 26 35 45 54 61 61 53 39 23 9 -1 -9 -17 -28 -42 -55 -63 -62 -54 -41 -29 -19 -10 0 13 26 38 47 55 59 59 52 39 24 9 -1 94 11116 304 14214
56 61 59 50 34 17 3 -6 -12 -20 -33 -47 -58 -62 -58 -49 -38 -27 -16 -6 6 18 29 40 49 56 59 57 49 36 19 5 -5 -12 -19 -31 -45 -58 -63 -61 -52 -40 -28 -16 -5 6 16 27 39 51 60 63 59 49 33 17 3 -6 -11 -17 -29 -47 -63 -68 -62 -47 -34 -24 -18 -8 5 19 30 40 48 57 62 60 50 34 18 5 -5 -13 -21 -32 -47 -59 -65 -61 -50 -36 -24 -15 -6 4 16 29 40 50 58 63 61 50 33 16 2 -6 -12 -21 -33 -47 -58 -61 -57 -48 -38 -28 -17 -5 7 18 28 38 49 58 62 59 49 34 19 5 -6 -14 -21 -32 -45 -58 -64 -61 -50 -36 -25 -16 -7 4 17 29 40 49 57 62 59 49 33 17 5 -3 -11 -21 -34 -47 -57 -63 -61 -53 -39 -24 -11 -2 5 14 26 39 51 58 61 59 51 36 19 2 -8 -14 -20 -31 -45 -57 -61 -58 -51 -41 -30 -17 -4 8 18 28 39 52 61 64 58 46 31 17 5 -3 -11 -20 -32 -46 -58 -62 -60 -51 -40 -28 -16 -5 6 16 27 40 53 62 64 59 47 32 16 4 -5 -12 -20 -32 -47 -60 -64 -59 -47 -35 -25 -17 -7 4 17 29 40 49 57 61 59 49 34 18 5 99 2044 304 14214
59 62 58 47 32 17 5 -3 -11 -20 -33 -47 -58 -62 -58 -49 -38 -28 -18 -7 4 16 28 38 49 59 64 61 50 34 17 5 -3 -11 -20 -34 -48 -59 -63 -59 -49 -37 -26 -16 -6 5 17 28 38 47 55 60 60 52 38 20 6 -4 -10 -18 -31 -48 -62 -68 -63 -51 -38 -27 -17 -6 7 20 31 41 49 57 61 58 48 33 18 6 -4 -13 -22 -34 -46 -57 -61 -59 -51 -40 -29 -18 -6 7 20 31 41 49 57 61 59 49 34 18 4 -6 -14 -21 -32 -45 -57 -63 -60 -51 -38 -26 -16 -6 5 17 28 39 49 57 61 59 49 34 18 6 -3 -11 -21 -34 -47 -57 -62 -59 -51 -40 -27 -15 -5 5 15 28 41 52 59 60 56 47 34 19 5 -5 -11 -19 -30 -45 -58 -64 -60 -49 -37 -28 -19 -8 4 17 28 39 49 58 63 59 48 33 19 8 -1 -10 -21 -34 -48 -58 -63 -61 -52 -40 -28 -16 -5 6 18 30 40 50 58 62 59 48 32 16 4 -4 -10 -19 -31 -46 -57 -62 -59 -50 -39 -28 -18 -8 3 15 28 41 52 59 61 57 48 35 21 8 -3 -12 -22 -34 -47 -58 -62 -59 -50 -39 -28 -18 -7 6 19 31 40 49 57 61 58 48 33 17 6 109 651 304 14214
61 61 54 41 25 11 1 -7 -15 -26 -40 -54 -62 -62 -55 -44 -33 -23 -12 0 12 23 33 44 55 63 63 55 41 24 10 0 -8 -15 -25 -38 -52 -61 -62 -57 -47 -35 -23 -11 0 11 22 34 46 57 63 61 53 39 24 10 0 -6 -12 -21 -37 -55 -67 -68 -58 -44 -32 -22 -11 1 14 25 34 43 53 61 63 56 41 24 10 0 -7 -15 -26 -40 -53 -62 -63 -56 -45 -33 -22 -12 -1 10 23 35 47 57 62 61 54 42 27 11 -2 -10 -17 -25 -38 -52 -63 -65 -57 -45 -33 -22 -11 0 11 23 34 46 57 64 63 54 40 24 10 0 -9 -17 -27 -39 -52 -61 -62 -56 -44 -32 -22 -12 -2 10 24 37 47 55 60 60 54 43 26 10 -2 -9 -15 -24 -38 -53 -62 -63 -56 -45 -34 -22 -10 2 13 22 32 43 55 62 62 54 41 26 12 1 -8 -16 -26 -39 -53 -63 -64 -56 -43 -31 -22 -14 -2 12 25 36 45 53 60 62 56 43 26 11 0 -8 -17 -28 -42 -54 -62 -62 -55 -43 -32 -22 -12 -1 13 27 39 47 52 56 58 53 42 25 9 -1 -7 -13 -24 -40 -54 -62 -61 -54 -44 -33 -22 -11 -1 9 21 34 47 57 62 61 54 43 27 11 -2 113 13764 304 14214
58 62 59 48 33 17 5 -3 -10 -19 -32 -48 -59 -63 -59 -49 -38 -28 -18 -8 4 16 28 40 51 59 62 59 50 35 18 4 -6 -12 -18 -29 -44 -57 -64 -61 -52 -40 -29 -18 -7 4 16 27 39 50 58 62 59 51 37 21 6 -4 -10 -16 -27 -45 -63 -73 -69 -55 -39 -26 -15 -4 8 21 31 40 49 57 61 58 48 33 19 7 -2 -10 -20 -33 -47 -60 -66 -62 -51 -38 -27 -17 -7 5 18 30 40 50 58 62 60 50 35 19 6 -3 -11 -20 -34 -49 -62 -67 -62 -49 -36 -25 -17 -7 6 20 32 40 47 54 61 61 52 35 16 2 -5 -11 -20 -33 -47 -57 -62 -59 -51 -40 -28 -17 -6 6 17 29 41 50 57 60 57 49 35 19 5 -4 -11 -19 -32 -47 -58 -62 -57 -49 -40 -30 -20 -7 5 17 28 40 50 59 62 58 49 36 21 6 -6 -14 -21 -31 -44 -57 -64 -60 -50 -38 -28 -19 -9 4 18 30 39 48 57 62 60 50 35 18 5 -4 -10 -18 -30 -45 -58 -64 -62 -53 -40 -28 -17 -7 4 17 29 40 50 58 62 60 51 36 20 6 -4 -11 -19 -32 -47 -61 -66 -61 -51 -39 -28 -18 -7 6 19 30 41 52 59 62 57 46 32 18 6 118 12443 304 14214
-64 -62 -53 -41 -31 -21 -10 1 13 24 36 47 57 63 62 53 39 21 6 -5 -12 -17 -25 -38 -52 -62 -62 -53 -41 -30 -20 -9 2 13 23 33 43 54 61 62 54 39 24 10 0 -7 -16 -28 -43 -57 -64 -61 -52 -41 -31 -21 -11 0 10 21 33 48 62 70 66 53 36 21 9 -1 -11 -21 -32 -43 -54 -61 -62 -54 -42 -29 -18 -8 2 13 25 35 45 56 63 64 54 38 20 8 2 -4 -15 -32 -49 -60 -63 -59 -52 -43 -32 -20 -8 4 14 24 35 47 57 62 60 51 38 23 9 -1 -9 -17 -28 -43 -57 -65 -63 -54 -42 -31 -21 -10 3 16 27 37 46 55 61 61 54 40 23 8 -3 -11 -19 -30 -43 -55 -62 -61 -53 -43 -31 -20 -8 4 15 25 36 48 57 63 61 52 38 22 8 -3 -11 -19 -30 -43 -55 -62 -61 -53 -42 -32 -21 -9 4 17 28 37 46 55 62 61 53 38 22 8 -2 -10 -18 -29 -42 -55 -62 -62 -55 -44 -31 -19 -8 3 14 25 36 47 56 61 61 54 41 24 9 -2 -9 -17 -27 -42 -56 -64 -63 -56 -45 -33 -21 -9 4 15 26 36 46 56 62 61 54 40 25 10 -1 -10 -18 -29 -43 -56 -64 -63 -55 -44 -32 -21 -9 124 3074 304 14214
59 63 60 50 36 20 5 -7 -15 -23 -34 -48 -60 -65 -62 -51 -38 -25 -14 -5 6 18 31 43 54 60 61 58 49 35 19 4 -7 -15 -22 -33 -47 -59 -65 -61 -51 -38 -26 -15 -3 8 19 29 39 49 58 62 59 49 35 19 5 -5 -13 -21 -32 -47 -61 -68 -63 -52 -38 -27 -17 -6 7 20 32 43 52 59 63 59 48 33 16 2 -6 -13 -21 -33 -48 -60 -65 -62 -52 -40 -27 -14 -1 10 19 28 39 51 61 65 60 48 33 18 5 -4 -12 -21 -33 -48 -62 -68 -63 -52 -38 -26 -16 -5 7 20 31 42 52 60 63 60 50 34 17 3 -6 -12 -21 -34 -50 -63 -67 -62 -51 -39 -27 -14 -2 10 21 31 41 52 60 62 57 46 31 17 4 -6 -14 -23 -33 -46 -57 -62 -59 -49 -36 -25 -15 -6 5 16 28 40 51 59 62 58 48 33 18 5 -5 -13 -22 -34 -48 -59 -63 -59 -48 -37 -27 -18 -7 6 19 30 39 49 58 64 61 49 32 14 2 -4 -10 -19 -32 -47 -58 -63 -61 -52 -40 -28 -16 -5 6 17 28 40 52 60 64 60 48 32 16 5 -2 -8 -17 -32 -48 -61 -65 -61 -52 -41 -30 -18 -5 7 18 29 41 52 61 65 61 49 34 18 5 129 65 304 14214
56 61 61 54 39 21 6 -5 -12 -21 -33 -47 -58 -62 -59 -51 -41 -31 -19 -7 5 16 27 39 50 59 63 60 50 34 18 5 -3 -9 -17 -29 -45 -59 -65 -62 -53 -41 -30 -19 -7 6 18 27 37 48 58 64 63 52 36 18 5 -4 -10 -17 -28 -44 -59 -68 -65 -52 -36 -24 -17 -10 0 14 28 40 48 55 60 60 53 39 23 9 -1 -8 -18 -32 -48 -60 -64 -61 -53 -42 -30 -18 -6 4 14 25 38 51 61 65 60 50 35 21 8 -3 -12 -21 -32 -44 -55 -62 -61 -53 -41 -29 -18 -8 4 16 29 41 51 58 61 59 50 36 20 6 -4 -12 -19 -30 -43 -56 -64 -62 -53 -41 -28 -17 -7 4 14 25 37 49 59 64 62 52 37 20 7 -4 -12 -21 -33 -47 -59 -64 -61 -52 -40 -29 -18 -7 5 17 28 39 50 59 63 61 50 35 18 5 -4 -10 -19 -31 -45 -57 -64 -63 -55 -43 -30 -17 -6 5 15 27 41 53 63 66 62 50 34 18 5 -4 -10 -19 -31 -47 -60 -66 -63 -53 -41 -29 -18 -6 6 17 28 39 50 60 65 62 52 37 21 6 -4 -12 -22 -34 -48 -59 -64 -61 -51 -39 -28 -18 -8 4 16 29 41 51 59 62 60 51 37 22 7 184 4503 304 14214
56 61 62 55 41 25 11 0 -8 -17 -27 -41 -53 -60 -60 -54 -45 -35 -24 -13 -2 10 22 35 47 57 63 63 56 44 27 10 -2 -10 -16 -25 -39 -54 -62 -61 -53 -43 -35 -26 -15 -2 13 25 35 45 54 61 63 57 43 26 12 3 -3 -13 -28 -47 -63 -68 -62 -52 -41 -32 -23 -12 0 12 24 35 46 56 62 62 55 43 27 10 -2 -10 -15 -24 -39 -55 -65 -64 -56 -44 -33 -22 -10 2 13 23 33 44 55 62 62 55 42 26 11 -1 -9 -17 -27 -40 -53 -61 -61 -54 -44 -33 -23 -12 -1 11 22 33 45 55 62 63 56 43 27 11 -1 -8 -14 -24 -38 -54 -64 -65 -57 -45 -33 -23 -14 -2 11 25 37 47 56 61 62 55 42 25 10 -1 -8 -14 -25 -40 -55 -63 -63 -55 -44 -34 -24 -13 0 13 24 34 44 55 62 64 56 42 26 11 1 -7 -16 -27 -41 -54 -63 -63 -56 -46 -34 -24 -12 1 14 26 36 45 54 61 63 56 42 24 9 -1 -8 -15 -26 -40 -54 -62 -62 -54 -43 -32 -23 -13 -2 10 24 36 46 54 60 61 56 44 28 12 1 -8 -16 -28 -42 -55 -63 -62 -55 -44 -33 -23 -13 -1 12 25 37 47 55 60 62 56 43 25 9 189 10106 304 14214
57 61 60 51 37 21 7 -2 -9 -18 -29 -44 -56 -63 -61 -53 -42 -31 -20 -9 2 14 26 39 49 57 61 59 51 38 22 8 -2 -8 -16 -29 -45 -58 -64 -61 -51 -41 -30 -21 -10 2 14 25 36 46 56 61 61 54 41 26 11 0 -9 -17 -29 -45 -60 -68 -66 -55 -42 -29 -19 -8 4 17 29 40 50 57 61 59 51 38 23 8 -4 -12 -20 -30 -44 -56 -63 -61 -52 -41 -30 -20 -9 3 16 28 39 49 57 62 60 51 38 22 8 -3 -11 -18 -29 -44 -59 -67 -64 -52 -38 -27 -19 -10 2 16 30 40 49 57 62 61 52 37 19 5 -4 -11 -20 -32 -46 -57 -62 -60 -53 -42 -30 -17 -5 6 16 26 36 47 56 60 59 51 37 21 7 -3 -10 -17 -27 -42 -55 -63 -63 -55 -43 -31 -19 -8 2 13 24 37 50 60 65 62 51 36 21 9 0 -8 -18 -30 -44 -56 -62 -61 -54 -44 -33 -21 -9 3 13 24 36 49 60 66 63 52 37 22 10 1 -8 -19 -33 -47 -58 -64 -61 -53 -42 -30 -19 -8 2 14 27 40 51 59 62 59 50 37 21 7 -3 -10 -18 -30 -45 -57 -63 -61 -53 -42 -30 -19 -7 4 15 26 38 49 58 62 59 51 38 23 8 194 1160 304 14214
52 59 61 58 46 29 13 0 -7 -13 -22 -36 -51 -62 -65 -58 -47 -34 -24 -14 -4 8 21 35 47 56 61 60 55 44 30 15 3 -6 -14 -24 -38 -52 -63 -65 -60 -50 -37 -24 -11 1 12 22 32 44 55 62 63 57 45 29 13 2 -5 -11 -22 -39 -58 -71 -70 -59 -44 -31 -21 -11 1 12 24 34 44 54 61 62 55 42 27 12 0 -8 -16 -25 -37 -51 -61 -64 -58 -47 -34 -23 -13 -1 11 24 35 44 52 59 61 56 45 28 12 0 -7 -13 -23 -37 -52 -62 -64 -57 -46 -35 -24 -14 -2 11 23 35 45 54 60 61 55 43 27 12 0 -8 -15 -24 -37 -50 -60 -61 -55 -45 -34 -25 -15 -4 8 20 32 45 56 63 63 55 41 26 13 3 -5 -13 -24 -38 -52 -62 -63 -57 -46 -35 -24 -13 -1 10 22 32 43 54 61 61 54 43 29 15 3 -7 -15 -24 -36 -50 -61 -65 -59 -48 -35 -24 -13 -1 11 21 31 42 54 63 63 54 41 28 17 7 -5 -17 -29 -40 -51 -60 -64 -58 -46 -33 -22 -14 -4 8 22 35 45 53 60 62 57 45 30 15 2 -8 -16 -26 -38 -51 -62 -65 -59 -47 -33 -21 -12 -2 9 22 34 44 54 60 62 57 44 27 12 198 16373 304 14214
57 61 58 48 33 18 5 -4 -11 -20 -32 -46 -57 -62 -59 -50 -39 -28 -17 -6 5 17 28 39 50 58 62 59 49 34 17 4 -5 -11 -19 -31 -45 -57 -62 -59 -50 -40 -29 -18 -6 6 17 27 39 50 58 61 58 49 37 21 6 -5 -12 -18 -29 -45 -62 -69 -63 -50 -36 -26 -17 -6 6 18 29 39 49 58 63 60 49 33 17 4 -5 -12 -19 -31 -45 -58 -63 -59 -50 -38 -27 -17 -7 3 15 28 40 51 59 61 58 49 36 20 5 -6 -13 -20 -31 -46 -60 -65 -60 -48 -37 -28 -19 -9 5 19 31 41 50 58 61 59 49 34 17 3 -6 -12 -19 -31 -45 -57 -62 -58 -50 -40 -29 -18 -6 6 18 28 38 49 57 61 58 48 35 20 7 -2 -10 -20 -32 -48 -60 -64 -59 -48 -37 -27 -18 -8 4 15 27 39 51 60 63 59 48 33 19 7 -3 -11 -20 -32 -45 -56 -62 -60 -52 -41 -28 -16 -5 5 15 26 38 50 58 62 59 50 37 21 6 -5 -12 -19 -30 -46 -59 -65 -60 -49 -38 -28 -19 -8 5 18 29 39 49 57 61 59 49 35 20 7 -4 -12 -20 -31 -45 -57 -64 -61 -52 -39 -27 -18 -8 3 15 29 41 52 60 64 61 50 34 17 3 204 6642 304 14214
53 58 57 48 33 16 3 -5 -11 -18 -30 -45 -57 -61 -55 -44 -31 -21 -14 -6 3 13 25 37 48 56 58 53 42 27 12 2 -5 -10 -17 -29 -41 -50 -51 -47 -41 -35 -28 -20 -11 -2 9 21 35 48 57 58 54 44 32 20 9 2 -4 -12 -26 -44 -60 -69 -66 -57 -43 -28 -12 4 17 26 32 37 44 50 53 51 44 33 19 5 -7 -16 -24 -33 -43 -51 -53 -48 -41 -33 -26 -20 -11 -1 13 27 41 52 58 57 51 41 29 18 7 -2 -9 -17 -29 -43 -56 -63 -60 -50 -37 -25 -14 -3 8 19 29 38 47 53 56 52 43 30 18 7 -3 -11 -20 -32 -44 -55 -60 -55 -45 -32 -22 -14 -7 3 14 26 36 46 54 59 58 48 32 15 1 -7 -12 -19 -29 -42 -52 -56 -54 -46 -37 -27 -17 -5 6 16 26 36 46 55 58 53 42 29 18 9 0 -9 -20 -32 -44 -53 -57 -54 -46 -37 -29 -21 -10 4 19 32 41 47 52 55 54 47 34 18 5 -4 -10 -16 -28 -43 -57 -63 -60 -49 -36 -24 -13 -3 6 16 26 37 48 56 59 53 42 28 15 5 -2 -8 -16 -28 -43 -55 -60 -55 -45 -34 -26 -19 -10 1 15 28 39 49 57 59 55 44 30 16 6 214 14074 304 14214
51 58 59 54 45 31 16 3 -8 -15 -23 -33 -46 -57 -61 -56 -45 -34 -24 -15 -4 7 19 29 39 50 58 61 55 44 29 15 3 -6 -15 -23 -33 -44 -54 -58 -57 -49 -38 -25 -14 -3 7 18 29 40 50 58 61 57 44 28 13 3 -1 -6 -17 -37 -57 -68 -65 -52 -38 -29 -24 -19 -9 5 20 33 44 53 58 58 52 42 29 15 3 -7 -14 -23 -33 -46 -57 -60 -56 -46 -34 -24 -14 -4 8 20 30 40 49 57 61 56 44 27 11 0 -5 -10 -19 -34 -49 -60 -61 -53 -42 -31 -23 -15 -5 7 19 29 39 48 56 59 56 45 30 14 2 -6 -13 -22 -34 -47 -57 -60 -55 -46 -34 -24 -14 -4 6 17 28 40 50 58 61 56 44 28 14 3 -5 -12 -22 -35 -49 -58 -60 -53 -43 -33 -25 -16 -7 5 17 29 41 52 60 62 56 43 28 13 2 -5 -12 -21 -34 -49 -59 -61 -55 -44 -33 -25 -17 -6 7 20 31 41 50 57 60 56 44 28 13 3 -4 -12 -22 -35 -48 -57 -60 -56 -46 -35 -24 -15 -4 8 20 31 40 48 55 59 56 45 28 12 2 -3 -9 -20 -34 -48 -57 -59 -55 -47 -36 -26 -15 -4 6 18 29 40 50 58 61 58 47 30 13 221 9433 304 14214
-65 -58 -46 -35 -24 -14 -5 5 16 29 43 57 65 66 56 40 21 5 -5 -9 -12 -17 -27 -39 -51 -57 -56 -50 -41 -31 -18 -4 10 22 31 38 44 50 54 55 49 38 24 9 -3 -14 -25 -37 -50 -59 -61 -56 -46 -36 -26 -18 -8 3 15 28 42 55 65 68 63 48 29 12 -1 -8 -13 -21 -33 -48 -61 -65 -60 -48 -35 -24 -14 -4 8 20 33 44 53 59 60 53 41 27 14 4 -4 -11 -22 -36 -49 -59 -62 -57 -47 -34 -21 -10 0 9 18 27 37 46 54 58 56 46 31 14 1 -7 -13 -20 -31 -44 -54 -57 -53 -45 -35 -26 -17 -7 4 15 26 38 50 58 60 55 44 30 16 5 -3 -11 -21 -34 -48 -57 -60 -55 -46 -36 -26 -16 -6 5 17 28 40 51 59 61 55 42 27 14 4 -3 -9 -19 -31 -45 -55 -59 -55 -46 -36 -27 -18 -8 3 15 25 36 46 55 60 58 49 35 21 11 2 -6 -16 -31 -48 -61 -68 -65 -55 -42 -29 -17 -6 6 20 34 47 56 61 61 55 45 30 15 2 -6 -13 -21 -33 -47 -58 -62 -58 -48 -35 -24 -14 -3 8 19 30 39 48 55 59 55 44 28 13 3 -3 -10 -21 -35 -48 -56 -56 -51 -44 -36 -27 -17 -6 224 15969 304 14214
58 58 51 38 24 11 1 -7 -15 -27 -41 -53 -59 -57 -50 -41 -31 -21 -11 1 12 23 33 42 50 54 54 48 37 24 12 4 -3 -10 -21 -35 -50 -59 -61 -56 -47 -37 -28 -17 -4 11 25 37 46 54 60 63 58 45 27 10 -2 -8 -14 -24 -39 -56 -66 -68 -60 -46 -31 -18 -6 4 14 25 36 47 56 61 59 50 36 21 8 0 -6 -15 -28 -44 -57 -62 -59 -49 -38 -27 -17 -9 0 10 21 34 46 55 58 56 47 34 20 8 1 -4 -12 -26 -42 -54 -58 -54 -46 -38 -31 -22 -10 2 13 22 31 41 49 54 54 48 38 25 12 0 -8 -14 -24 -37 -50 -58 -58 -51 -40 -30 -21 -11 0 11 21 31 41 51 57 57 50 37 22 9 1 -5 -11 -22 -36 -50 -59 -58 -50 -40 -30 -20 -11 -1 9 18 28 38 48 54 54 47 37 26 16 9 3 -5 -18 -34 -50 -59 -60 -54 -46 -39 -30 -19 -4 11 24 35 44 54 60 60 53 39 25 13 4 -5 -15 -27 -41 -53 -60 -59 -52 -41 -30 -21 -11 1 13 23 32 40 48 56 59 52 38 22 10 3 -3 -12 -26 -42 -53 -58 -56 -51 -43 -32 -19 -7 3 11 20 31 43 53 57 55 46 35 22 11 3 229 13685 304 14214
55 55 53 47 36 21 8 -2 -8 -18 -33 -50 -60 -59 -51 -43 -38 -33 -21 -4 13 24 30 36 45 53 57 52 42 30 17 6 -4 -12 -20 -30 -42 -54 -59 -56 -47 -36 -27 -17 -7 6 19 30 39 47 54 58 57 48 33 16 2 -5 -9 -17 -32 -51 -65 -68 -61 -49 -37 -26 -13 3 18 30 38 46 54 59 57 47 31 16 5 -1 -5 -11 -19 -31 -45 -55 -57 -50 -40 -29 -21 -13 -3 9 19 27 34 41 48 52 52 45 32 18 6 -5 -12 -20 -30 -41 -51 -56 -54 -48 -37 -26 -14 -3 6 15 24 35 46 55 58 52 40 26 14 6 1 -4 -14 -28 -43 -54 -58 -54 -45 -35 -27 -20 -11 -1 11 24 37 49 58 61 57 45 31 18 8 1 -8 -20 -35 -49 -58 -60 -55 -47 -36 -25 -14 -4 6 17 27 38 47 53 56 54 46 32 16 2 -7 -13 -19 -29 -43 -54 -59 -55 -45 -35 -24 -14 -4 7 17 27 36 46 53 56 54 46 33 19 5 -6 -15 -25 -37 -50 -59 -60 -53 -40 -28 -18 -9 0 11 22 31 37 43 48 49 45 35 22 12 5 1 -5 -15 -29 -42 -52 -55 -53 -45 -34 -24 -14 -6 4 16 28 37 44 49 52 52 46 35 20 6 234 13663 304 14214
-51 -59 -59 -51 -40 -30 -19 -9 3 16 28 41 52 60 61 54 42 29 18 8 -2 -14 -24 -34 -44 -54 -59 -58 -48 -34 -22 -14 -7 1 13 26 38 48 56 59 56 48 36 23 11 -2 -13 -23 -34 -47 -59 -64 -60 -48 -35 -28 -25 -18 -3 16 34 47 59 69 76 72 56 34 16 2 -11 -26 -43 -55 -59 -58 -56 -52 -45 -32 -18 -7 1 10 23 37 47 51 53 54 51 41 25 9 -1 -5 -11 -22 -39 -52 -57 -54 -47 -40 -32 -23 -13 -2 8 18 28 38 46 51 54 51 41 27 13 5 0 -6 -17 -32 -45 -53 -56 -55 -49 -38 -23 -9 -1 2 6 17 34 52 61 61 54 43 32 21 10 1 -9 -22 -36 -50 -59 -61 -57 -49 -39 -27 -15 -3 8 19 30 43 53 59 58 50 38 26 15 6 -1 -9 -21 -36 -50 -58 -58 -51 -42 -35 -28 -21 -10 5 20 34 44 52 58 59 55 45 31 17 6 -4 -14 -27 -41 -53 -60 -61 -56 -48 -39 -27 -12 4 20 34 42 46 49 50 50 47 39 27 14 0 -13 -23 -31 -37 -43 -49 -52 -50 -40 -26 -12 -4 -1 1 7 18 34 50 60 61 52 36 22 12 8 4 -5 -22 -40 -54 -59 -55 -46 -37 -30 -25 -18 239 11081 304 14214
-56 -50 -42 -33 -22 -10 4 16 26 34 41 49 54 54 47 35 24 15 8 -1 -13 -27 -40 -52 -59 -61 -55 -45 -34 -24 -16 -5 9 24 38 48 56 62 64 58 44 27 14 4 -6 -20 -37 -52 -60 -61 -57 -51 -43 -33 -23 -12 -1 11 24 36 48 58 66 69 62 47 28 12 0 -11 -26 -46 -64 -72 -67 -54 -41 -30 -22 -14 -5 4 13 24 35 46 55 58 58 52 42 26 8 -9 -20 -28 -34 -41 -48 -53 -53 -49 -41 -29 -16 -4 6 14 21 31 43 54 59 55 45 30 16 5 0 -4 -11 -23 -38 -52 -57 -54 -45 -35 -28 -22 -15 -7 3 17 33 49 61 63 56 44 33 24 17 7 -5 -19 -33 -46 -55 -58 -56 -49 -39 -30 -21 -12 0 13 26 38 48 54 57 54 46 33 20 9 1 -6 -15 -26 -40 -51 -57 -57 -50 -42 -33 -23 -13 -1 12 25 36 47 56 60 58 50 36 22 11 4 -3 -15 -31 -46 -56 -59 -57 -53 -46 -37 -24 -11 0 11 23 40 56 66 68 64 54 41 24 5 -10 -19 -25 -36 -52 -64 -64 -53 -38 -29 -25 -20 -9 6 19 27 34 44 55 61 57 45 32 21 10 -1 -14 -25 -34 -41 -49 -54 -55 -49 -40 -29 -18 -6 6 244 8734 304 14214
60 63 58 43 24 8 -1 -6 -12 -22 -34 -44 -51 -52 -50 -45 -36 -26 -17 -7 2 13 26 39 50 57 59 54 44 30 17 8 3 -5 -19 -38 -56 -64 -61 -51 -42 -36 -30 -19 -4 10 21 30 40 51 58 57 50 42 37 31 18 0 -20 -33 -42 -51 -62 -68 -62 -46 -31 -24 -21 -11 9 30 43 48 55 66 71 63 41 19 7 1 -10 -30 -49 -55 -47 -37 -36 -42 -44 -34 -18 -6 0 4 13 27 39 47 51 54 53 44 28 12 2 -3 -10 -22 -38 -50 -55 -53 -47 -38 -29 -20 -12 -4 5 14 24 33 43 50 52 47 36 24 16 11 7 -1 -14 -27 -39 -46 -51 -54 -54 -48 -37 -22 -8 4 15 25 38 51 61 65 59 45 27 12 4 0 -6 -18 -34 -50 -60 -60 -53 -43 -34 -26 -18 -10 1 14 30 44 53 57 55 50 43 34 22 9 -2 -12 -22 -36 -50 -59 -60 -53 -43 -35 -28 -19 -7 6 18 27 37 47 57 60 55 44 32 21 11 1 -10 -20 -29 -40 -54 -66 -70 -62 -43 -23 -8 0 4 10 20 34 49 61 67 64 54 41 30 21 10 -8 -32 -57 -74 -79 -72 -58 -43 -31 -21 -11 0 12 25 36 45 51 55 57 55 47 34 19 5 249 6399 304 14214
-62 -57 -48 -37 -28 -20 -10 0 12 24 35 45 53 56 54 47 36 24 12 3 -6 -16 -28 -42 -54 -60 -57 -49 -39 -30 -20 -10 2 14 24 33 43 53 59 58 50 36 20 6 -4 -11 -17 -24 -34 -45 -53 -55 -49 -41 -33 -25 -15 -3 10 21 33 48 64 73 65 41 15 1 5 14 15 0 -25 -47 -60 -63 -60 -53 -43 -31 -20 -11 -3 9 26 42 53 57 55 51 44 35 23 11 1 -7 -16 -27 -39 -49 -55 -54 -49 -43 -35 -25 -13 0 11 21 31 43 54 60 59 50 39 27 16 5 -7 -19 -30 -42 -52 -60 -61 -54 -43 -31 -21 -12 0 13 27 39 48 54 58 56 48 34 21 11 3 -6 -19 -33 -44 -51 -54 -54 -50 -42 -30 -18 -8 0 9 21 35 47 54 56 53 47 36 23 10 0 -6 -14 -25 -40 -54 -60 -56 -47 -37 -30 -23 -13 0 14 25 33 42 51 58 57 47 34 21 11 3 -6 -16 -27 -38 -48 -55 -57 -51 -41 -30 -22 -15 -5 11 27 40 48 53 56 55 47 32 17 8 3 -1 -11 -26 -41 -51 -56 -55 -51 -42 -32 -21 -12 -2 11 26 39 47 52 54 53 47 36 23 11 2 -5 -15 -28 -42 -51 -54 -53 -49 -43 -36 -25 -11 254 4665 304 14214
-54 -56 -52 -44 -35 -25 -16 -6 5 16 27 38 47 54 56 52 42 29 17 8 1 -8 -20 -35 -48 -56 -57 -53 -45 -35 -25 -14 -4 6 17 29 41 49 53 53 48 39 26 12 -1 -8 -11 -15 -23 -32 -41 -44 -42 -40 -40 -40 -38 -29 -13 8 31 50 64 70 68 59 44 28 14 5 -1 -8 -21 -40 -60 -73 -72 -60 -41 -22 -6 7 17 22 21 16 14 21 37 54 61 53 36 17 4 -6 -16 -25 -33 -36 -38 -42 -48 -51 -49 -40 -29 -15 3 27 49 62 61 51 42 36 31 24 14 6 2 -3 -15 -34 -50 -58 -57 -50 -42 -34 -25 -13 -2 7 15 24 35 45 53 56 52 44 32 19 7 -2 -10 -21 -35 -50 -60 -62 -56 -43 -30 -18 -10 -4 2 12 25 40 52 58 57 51 40 27 14 3 -5 -11 -20 -31 -43 -52 -54 -51 -44 -37 -30 -21 -8 6 20 31 40 48 54 57 54 44 31 16 5 -4 -12 -22 -35 -48 -57 -58 -52 -43 -33 -24 -16 -7 5 18 30 40 49 54 56 53 43 29 15 4 -3 -11 -21 -35 -50 -58 -57 -49 -40 -32 -24 -15 -4 7 17 27 39 49 56 56 50 38 24 10 -1 -5 -5 -7 -19 -40 -62 -71 -62 -42 -24 -18 -17 259 2244 304 14214
42 49 53 53 52 48 37 20 4 -7 -12 -17 -26 -41 -55 -62 -60 -50 -37 -25 -16 -7 3 15 28 39 47 53 56 55 48 34 18 6 -1 -5 -13 -26 -44 -59 -65 -60 -49 -37 -27 -20 -11 2 18 31 39 43 49 58 61 53 34 16 11 11 1 -25 -55 -69 -58 -36 -26 -34 -47 -48 -32 -10 5 14 24 38 53 61 59 53 45 36 25 12 -1 -12 -24 -36 -47 -54 -55 -53 -48 -41 -32 -19 -4 9 20 27 31 37 45 55 61 55 39 20 6 -2 -8 -18 -33 -47 -55 -56 -51 -43 -33 -24 -17 -14 -12 -3 14 38 60 72 72 60 43 27 15 8 3 -5 -20 -39 -54 -60 -55 -44 -34 -31 -33 -31 -22 -4 17 34 44 49 52 55 56 52 42 27 12 -3 -15 -27 -38 -47 -53 -56 -56 -52 -43 -30 -15 -1 9 17 26 37 47 55 57 54 46 34 20 5 -5 -10 -15 -23 -38 -54 -64 -62 -52 -41 -32 -25 -15 1 21 38 49 55 57 57 53 43 30 16 6 -1 -8 -19 -34 -48 -56 -57 -53 -47 -39 -29 -18 -7 5 16 29 41 50 54 53 49 44 37 24 9 -4 -13 -20 -29 -41 -53 -57 -53 -45 -38 -31 -25 -14 0 14 27 37 46 56 65 67 58 39 268 13370 304 14214
53 57 57 52 39 22 9 2 -3 -12 -27 -43 -55 -59 -58 -53 -46 -35 -22 -11 -2 8 21 38 52 59 59 57 54 50 40 22 -1 -21 -37 -50 -59 -64 -62 -52 -39 -26 -17 -10 -4 4 14 23 32 40 48 51 48 37 22 11 8 13 18 12 -8 -36 -62 -77 -77 -65 -46 -26 -10 0 5 8 14 25 39 52 61 64 59 46 30 12 -4 -18 -30 -40 -46 -46 -41 -36 -35 -39 -40 -35 -22 -6 10 24 36 47 55 58 55 47 36 24 14 4 -4 -13 -25 -40 -54 -62 -62 -55 -43 -30 -19 -8 3 15 27 39 47 51 51 48 42 33 22 12 5 -2 -11 -26 -42 -54 -58 -53 -44 -37 -31 -24 -16 -5 6 18 31 45 57 64 62 52 37 20 7 -2 -8 -16 -27 -41 -51 -54 -52 -46 -41 -34 -24 -11 2 13 22 31 41 49 53 51 47 41 32 20 6 -7 -18 -29 -43 -56 -64 -61 -48 -33 -23 -17 -11 -2 10 21 31 41 52 59 59 48 33 19 11 5 -4 -17 -30 -41 -48 -53 -53 -49 -40 -28 -19 -13 -6 4 19 35 48 55 58 56 49 37 22 9 -1 -8 -16 -27 -39 -50 -55 -54 -48 -40 -30 -21 -11 0 11 23 33 43 50 54 53 47 36 24 13 273 14626 304 14214
53 57 56 50 37 21 6 -4 -10 -18 -32 -47 -58 -61 -54 -45 -37 -31 -23 -11 4 18 30 40 48 55 59 58 50 36 21 7 -4 -13 -21 -32 -45 -56 -62 -60 -50 -38 -26 -17 -7 4 17 29 39 48 55 59 57 48 34 19 7 -1 -8 -17 -32 -50 -64 -70 -64 -47 -27 -11 -4 -4 -5 2 18 39 55 61 57 48 41 37 31 19 2 -17 -34 -46 -52 -52 -48 -42 -37 -36 -34 -27 -14 3 19 29 35 39 46 55 61 61 49 29 7 -11 -21 -26 -30 -39 -51 -61 -63 -54 -39 -23 -11 -3 3 11 20 32 46 59 67 64 50 30 13 3 -1 -6 -16 -31 -45 -56 -60 -57 -49 -38 -27 -18 -11 -4 8 25 43 56 63 63 58 46 31 16 5 -1 -8 -19 -35 -48 -55 -56 -54 -49 -41 -29 -16 -7 0 11 28 44 53 54 52 52 50 38 19 3 -1 1 -7 -32 -60 -73 -63 -42 -30 -33 -39 -34 -16 6 21 31 41 53 61 60 51 39 29 21 11 -1 -13 -24 -33 -43 -54 -60 -56 -43 -27 -18 -17 -15 -6 11 28 38 44 50 58 61 52 32 13 5 4 -4 -23 -43 -52 -47 -40 -40 -46 -47 -38 -23 -9 0 12 26 40 48 50 53 56 56 44 23 4 278 12654 304 14214
37 49 58 60 52 38 24 14 6 -4 -16 -29 -42 -52 -57 -57 -51 -41 -32 -24 -15 -1 15 30 40 44 48 52 53 46 31 16 8 7 5 -5 -23 -40 -52 -56 -56 -54 -48 -36 -21 -8 0 7 19 34 47 53 52 49 47 41 28 12 2 0 -1 -15 -42 -68 -77 -63 -39 -23 -21 -24 -22 -10 7 21 32 41 50 57 57 51 41 29 18 7 -3 -15 -29 -44 -56 -61 -58 -50 -40 -30 -21 -12 0 12 25 36 44 49 52 52 47 37 23 11 3 -2 -10 -24 -41 -53 -55 -49 -41 -37 -34 -28 -18 -5 8 19 30 41 51 56 56 51 42 29 15 3 -6 -14 -24 -37 -49 -57 -58 -52 -45 -36 -27 -16 -3 11 24 37 47 56 60 58 49 36 22 11 3 -4 -14 -27 -42 -54 -59 -57 -50 -40 -31 -21 -11 0 11 23 34 44 51 55 56 49 36 19 5 -2 -3 -5 -14 -31 -49 -61 -62 -55 -44 -33 -25 -18 -8 8 27 45 55 57 53 47 41 34 26 18 10 0 -13 -31 -47 -57 -57 -52 -47 -43 -39 -28 -12 5 20 29 35 40 45 50 53 51 42 29 14 1 -9 -16 -24 -34 -45 -54 -59 -57 -50 -38 -24 -10 2 13 24 35 46 53 56 55 49 39 25 283 12482 304 14214
-57 -52 -45 -37 -28 -16 -4 5 12 21 33 46 54 54 48 39 29 18 9 3 0 -5 -16 -31 -47 -58 -61 -58 -53 -46 -33 -16 4 22 35 44 50 55 59 59 54 43 30 15 -1 -18 -38 -56 -67 -67 -56 -38 -22 -11 -8 -11 -14 -13 -5 9 30 52 67 71 61 42 19 2 -7 -6 -2 -1 -9 -26 -46 -63 -70 -66 -54 -36 -16 3 18 28 32 35 39 43 48 49 47 40 29 15 -1 -15 -28 -40 -50 -56 -55 -48 -37 -28 -21 -16 -10 -2 9 21 34 46 55 59 55 46 33 19 7 -3 -12 -20 -30 -40 -49 -53 -52 -48 -44 -38 -28 -12 9 28 41 47 50 52 52 47 35 20 9 3 2 1 -6 -22 -41 -58 -66 -62 -50 -34 -19 -8 -2 4 10 20 32 44 53 56 51 41 29 20 13 7 -2 -16 -33 -49 -58 -58 -52 -43 -35 -28 -20 -10 2 15 28 38 46 52 55 54 47 34 20 6 -4 -11 -19 -28 -39 -50 -55 -55 -49 -40 -29 -19 -9 2 14 26 37 47 53 56 54 47 35 22 10 1 -8 -19 -33 -47 -58 -61 -56 -47 -37 -27 -16 -5 5 15 26 38 50 58 59 53 41 29 17 7 -1 -10 -21 -32 -44 -53 -56 -52 -45 -36 -29 -21 -10 38 11575 305 611
-59 -56 -49 -40 -31 -20 -8 5 16 26 36 45 53 56 53 46 35 24 12 0 -11 -21 -31 -43 -54 -61 -60 -52 -40 -26 -13 -1 11 21 31 38 43 47 48 45 39 30 19 9 1 -5 -13 -25 -39 -53 -58 -54 -42 -29 -21 -18 -16 -10 0 14 30 47 62 70 68 54 33 13 -1 -7 -9 -12 -22 -36 -49 -59 -62 -59 -50 -36 -19 -1 15 27 34 38 42 45 47 46 42 35 25 15 5 -5 -17 -31 -46 -56 -59 -53 -42 -32 -26 -21 -14 -5 7 20 33 46 58 64 61 51 35 18 5 -5 -11 -17 -27 -39 -51 -58 -56 -48 -38 -29 -21 -11 1 15 27 37 45 52 56 53 43 29 17 9 6 2 -7 -23 -42 -59 -67 -64 -53 -38 -24 -14 -5 3 12 23 33 42 50 55 57 52 39 22 7 -3 -10 -18 -30 -43 -52 -55 -53 -47 -40 -30 -19 -7 3 13 23 34 46 55 58 55 46 34 20 6 -5 -12 -19 -27 -38 -48 -54 -53 -46 -37 -28 -19 -10 0 11 22 34 45 54 57 55 46 33 20 9 1 -6 -14 -27 -42 -55 -60 -56 -47 -37 -28 -20 -10 1 12 22 33 44 55 60 58 47 32 18 8 1 -6 -16 -28 -41 -52 -57 -56 -49 -39 -30 -20 -11 44 570 305 611
52 54 52 44 29 12 -1 -8 -13 -22 -37 -52 -60 -59 -52 -42 -32 -22 -12 -1 12 24 37 47 55 58 55 46 33 17 3 -5 -9 -11 -17 -29 -44 -54 -56 -50 -38 -27 -17 -10 -4 2 10 21 35 48 57 59 53 42 28 16 7 2 -5 -15 -32 -51 -66 -71 -64 -51 -36 -23 -11 1 13 25 37 48 56 60 58 52 40 25 10 -4 -15 -24 -32 -41 -47 -49 -46 -39 -32 -27 -23 -18 -10 1 14 28 42 55 61 59 48 34 22 13 7 2 -6 -19 -36 -53 -65 -67 -59 -45 -31 -19 -7 5 15 24 31 38 46 53 56 51 39 25 12 3 -5 -14 -26 -38 -49 -55 -55 -49 -40 -30 -21 -13 -4 6 18 30 42 50 55 55 49 40 27 15 4 -4 -11 -21 -34 -48 -58 -61 -55 -46 -36 -25 -14 0 12 23 31 40 50 59 61 54 40 23 10 1 -5 -11 -22 -37 -52 -62 -62 -53 -40 -28 -20 -13 -5 8 21 33 43 51 57 58 53 40 25 12 2 -5 -14 -26 -41 -53 -59 -57 -50 -41 -31 -22 -13 -3 9 21 34 45 53 58 58 52 40 25 10 -1 -9 -15 -25 -37 -49 -56 -57 -52 -43 -33 -22 -10 1 11 20 30 41 51 58 59 53 40 24 9 -2 49 6260 305 611
60 63 57 44 28 13 3 -5 -13 -24 -38 -51 -60 -62 -57 -47 -36 -24 -13 -1 10 21 32 43 52 59 60 55 44 29 14 3 -5 -12 -21 -35 -50 -61 -64 -58 -47 -36 -26 -16 -4 9 22 34 44 52 59 60 55 45 30 15 2 -7 -14 -22 -34 -50 -63 -68 -60 -45 -30 -20 -14 -5 7 22 33 43 50 57 60 56 44 28 14 3 -5 -13 -24 -37 -49 -58 -61 -57 -48 -37 -25 -14 -4 8 20 32 43 53 60 62 57 45 29 14 3 -4 -12 -23 -38 -53 -63 -65 -59 -49 -38 -26 -13 0 13 25 35 45 55 62 63 55 42 26 12 0 -8 -16 -25 -37 -49 -59 -62 -57 -47 -35 -22 -11 -1 9 20 31 43 53 60 61 55 44 29 14 2 -8 -16 -24 -36 -48 -58 -62 -57 -47 -34 -23 -13 -3 7 18 30 42 53 60 61 56 44 30 16 4 -5 -13 -23 -36 -50 -60 -63 -58 -47 -36 -25 -14 -3 9 20 31 42 52 59 61 56 44 29 14 3 -5 -13 -23 -36 -50 -61 -63 -57 -46 -34 -24 -15 -4 9 22 33 42 50 57 60 56 44 27 12 1 -5 -11 -22 -36 -50 -59 -61 -57 -48 -37 -25 -14 -3 8 19 31 44 55 62 62 55 43 27 12 1 54 14638 305 611
58 58 51 40 26 12 1 -7 -14 -23 -35 -48 -57 -60 -54 -43 -32 -22 -13 -3 7 18 30 41 51 59 61 55 42 26 11 1 -5 -11 -21 -37 -53 -61 -61 -53 -43 -33 -23 -11 0 10 20 30 42 52 58 57 50 40 26 13 2 -4 -8 -17 -33 -54 -67 -68 -56 -40 -28 -21 -13 -2 10 21 31 41 51 59 59 51 38 26 15 5 -5 -14 -24 -37 -49 -59 -61 -54 -44 -33 -23 -14 -2 11 23 33 43 51 58 59 53 40 25 11 0 -7 -13 -23 -36 -49 -59 -60 -52 -42 -31 -22 -13 -2 10 20 29 39 50 58 60 54 42 26 12 2 -6 -14 -24 -37 -51 -59 -59 -51 -40 -30 -23 -14 -3 9 20 29 38 48 57 59 53 40 26 13 4 -4 -12 -23 -35 -48 -57 -59 -54 -44 -33 -23 -15 -5 6 18 30 42 52 59 60 54 42 28 14 3 -5 -13 -24 -36 -50 -59 -60 -54 -44 -34 -24 -15 -3 10 23 33 41 49 55 58 54 44 29 14 2 -6 -14 -23 -36 -49 -58 -61 -56 -45 -33 -22 -13 -3 8 20 32 42 51 58 60 54 42 26 12 2 -5 -12 -24 -38 -52 -60 -60 -53 -43 -32 -22 -12 -2 9 20 31 42 51 57 58 53 42 28 13 2 58 12276 305 611
53 58 56 46 34 21 10 0 -9 -18 -28 -40 -51 -58 -58 -51 -40 -28 -19 -10 0 12 24 36 47 55 58 55 47 35 21 8 -3 -11 -19 -28 -40 -50 -54 -52 -45 -36 -28 -22 -14 -4 8 21 33 44 53 59 59 52 38 23 10 2 -5 -13 -26 -43 -58 -68 -67 -57 -42 -26 -12 0 10 17 24 32 41 51 57 59 53 39 22 4 -9 -16 -21 -29 -39 -50 -55 -53 -46 -38 -30 -23 -13 0 14 27 38 47 56 60 57 47 32 17 6 -1 -6 -15 -28 -44 -57 -63 -59 -48 -36 -25 -16 -7 3 14 26 37 46 52 54 53 46 35 22 10 -1 -9 -17 -28 -42 -55 -60 -57 -47 -36 -27 -19 -11 0 11 23 34 45 55 61 60 51 35 19 5 -3 -10 -17 -28 -41 -52 -58 -57 -51 -40 -30 -19 -8 4 16 27 36 44 51 56 56 49 36 21 8 -2 -9 -17 -27 -41 -54 -61 -60 -51 -39 -27 -16 -5 4 14 23 33 43 53 57 55 47 34 22 11 2 -8 -18 -30 -42 -53 -59 -58 -50 -39 -27 -17 -8 1 11 22 34 45 54 59 58 48 35 20 9 1 -7 -16 -28 -43 -55 -62 -60 -51 -39 -26 -15 -6 3 13 23 34 45 53 56 54 46 36 24 13 63 5754 305 611
57 58 54 45 32 18 6 -4 -12 -21 -33 -46 -56 -58 -54 -45 -35 -26 -17 -7 4 16 28 39 49 55 57 52 43 31 18 6 -3 -10 -18 -29 -43 -55 -60 -57 -48 -38 -28 -18 -6 7 19 29 38 47 55 57 53 43 30 17 5 -3 -8 -14 -26 -45 -62 -68 -60 -44 -29 -21 -17 -9 5 19 30 37 45 53 58 56 46 30 15 4 -4 -11 -20 -31 -44 -55 -59 -55 -45 -33 -23 -16 -8 4 16 28 38 46 53 57 56 46 31 16 4 -5 -13 -22 -32 -42 -50 -54 -54 -48 -38 -27 -16 -6 3 14 27 39 51 58 60 55 44 28 13 2 -3 -8 -17 -31 -45 -55 -59 -55 -47 -36 -26 -16 -7 4 16 29 42 51 55 56 53 45 32 16 3 -5 -10 -19 -32 -46 -56 -58 -53 -45 -37 -28 -17 -6 6 18 29 40 50 56 57 53 43 30 16 3 -6 -12 -19 -30 -44 -55 -60 -56 -45 -33 -23 -15 -6 3 15 27 39 48 55 56 53 43 31 18 6 -3 -11 -20 -32 -46 -56 -59 -54 -45 -35 -26 -17 -6 7 18 27 36 45 54 59 56 46 30 15 4 -3 -10 -19 -31 -44 -54 -59 -56 -47 -35 -25 -17 -9 2 16 30 42 51 56 58 54 44 29 13 2 74 8627 305 611
-57 -51 -43 -35 -26 -15 -3 9 20 31 42 52 59 59 52 40 25 11 -1 -8 -13 -21 -34 -49 -59 -60 -52 -41 -31 -22 -12 -1 10 19 29 41 52 57 54 45 36 27 17 6 -5 -13 -19 -29 -43 -58 -64 -57 -43 -30 -23 -18 -10 2 15 26 37 51 64 69 64 49 32 17 5 -6 -17 -29 -42 -54 -63 -65 -58 -46 -33 -22 -11 1 13 25 34 43 52 60 60 53 39 25 13 5 -5 -17 -31 -45 -54 -58 -56 -49 -40 -30 -20 -10 0 11 21 32 41 49 54 55 50 39 25 11 0 -7 -14 -23 -35 -47 -54 -54 -49 -41 -33 -24 -14 -2 8 18 28 38 49 57 58 51 39 25 14 5 -2 -10 -22 -36 -49 -57 -58 -53 -43 -33 -23 -14 -5 6 19 31 42 51 56 57 53 43 29 13 2 -6 -12 -22 -37 -52 -60 -59 -51 -42 -33 -24 -14 -1 11 21 30 39 49 57 59 53 41 27 14 4 -3 -10 -21 -36 -50 -60 -61 -55 -46 -38 -29 -17 -3 10 21 30 40 53 65 70 66 51 32 12 -4 -15 -23 -32 -44 -56 -64 -63 -54 -39 -25 -14 -6 0 8 19 33 45 55 59 57 49 37 23 11 2 -5 -13 -26 -42 -55 -60 -56 -47 -38 -30 -22 -12 0 78 13553 305 611
-57 -56 -49 -38 -28 -18 -8 1 13 25 36 46 52 55 53 45 32 19 8 1 -5 -14 -28 -43 -53 -57 -55 -48 -39 -28 -17 -6 3 12 22 33 44 51 54 53 47 36 23 11 2 -5 -13 -27 -44 -57 -61 -56 -48 -40 -33 -23 -11 2 13 24 37 52 65 69 61 47 31 16 3 -9 -18 -25 -33 -41 -50 -56 -55 -47 -35 -22 -10 0 10 19 27 33 37 40 42 42 40 35 27 17 7 -3 -14 -27 -41 -52 -55 -51 -43 -34 -28 -23 -19 -12 0 17 35 52 62 64 59 50 38 25 10 -3 -12 -20 -29 -40 -53 -60 -59 -52 -41 -30 -18 -6 8 19 27 34 41 49 55 53 44 32 22 15 6 -6 -21 -35 -45 -50 -52 -52 -48 -39 -28 -16 -7 0 7 18 30 44 54 59 58 50 38 23 8 -3 -11 -20 -30 -43 -53 -58 -54 -46 -37 -28 -19 -7 5 18 29 39 46 51 50 45 35 25 16 10 4 -2 -11 -23 -36 -48 -54 -53 -48 -39 -31 -22 -11 1 13 24 33 40 47 53 55 52 41 25 10 -2 -9 -16 -25 -38 -52 -61 -60 -52 -39 -26 -16 -8 0 10 23 37 50 58 60 54 44 31 18 7 -1 -8 -15 -27 -41 -53 -59 -56 -47 -37 -28 -20 -9 83 12681 305 611
-58 -60 -54 -45 -35 -26 -15 -4 9 21 32 41 49 54 57 53 43 29 14 3 -5 -12 -22 -36 -50 -59 -61 -55 -45 -34 -23 -10 5 18 29 36 41 44 46 44 39 31 22 15 9 3 -5 -16 -30 -45 -54 -56 -50 -41 -33 -27 -22 -14 -3 10 26 43 60 71 72 61 42 20 4 -6 -10 -13 -21 -33 -46 -55 -59 -56 -48 -37 -24 -9 6 19 27 32 37 42 47 50 46 37 24 13 5 1 -4 -14 -30 -47 -58 -60 -52 -42 -33 -26 -20 -11 1 16 31 45 56 61 60 53 40 26 12 2 -5 -13 -23 -36 -47 -53 -53 -49 -44 -38 -30 -19 -4 11 23 34 42 49 53 53 49 40 28 16 5 -2 -9 -18 -31 -46 -58 -63 -59 -49 -36 -23 -9 3 12 20 27 36 47 55 57 52 40 26 14 4 -3 -11 -20 -32 -44 -54 -58 -54 -46 -35 -25 -16 -6 4 16 29 41 51 58 59 54 42 28 14 3 -5 -12 -22 -35 -47 -55 -57 -53 -44 -33 -23 -13 -5 4 16 29 41 48 52 54 54 48 34 14 -2 -8 -9 -14 -27 -46 -60 -62 -55 -44 -35 -27 -17 -5 7 19 30 41 51 57 57 51 40 27 13 3 -5 -10 -18 -31 -46 -58 -60 -53 -43 -32 -24 -15 88 10860 305 611
-59 -54 -44 -35 -26 -17 -6 5 15 26 37 48 56 59 56 46 33 17 4 -4 -10 -17 -29 -44 -57 -63 -60 -50 -38 -26 -15 -5 5 16 28 40 51 58 59 55 45 31 17 4 -5 -12 -20 -31 -45 -56 -59 -54 -44 -35 -27 -19 -8 3 13 22 33 46 60 70 68 54 32 12 -2 -9 -13 -20 -32 -46 -57 -61 -56 -46 -35 -25 -15 -5 6 17 28 39 48 55 59 56 47 32 17 3 -7 -14 -22 -32 -44 -53 -56 -53 -45 -37 -28 -19 -7 6 18 29 39 48 55 58 54 44 30 15 3 -5 -11 -17 -28 -42 -54 -60 -58 -50 -38 -26 -15 -4 7 17 27 37 48 56 58 53 44 32 19 7 -3 -12 -21 -32 -44 -55 -60 -57 -47 -36 -25 -17 -7 4 17 29 40 49 55 58 55 45 31 17 5 -3 -11 -21 -33 -46 -56 -59 -55 -46 -36 -27 -18 -8 4 17 28 39 48 57 61 57 46 30 15 4 -3 -11 -21 -33 -45 -53 -57 -56 -49 -38 -25 -14 -5 3 14 27 41 52 57 57 54 46 32 16 2 -6 -11 -18 -30 -45 -57 -60 -55 -45 -35 -26 -16 -6 5 16 27 38 49 57 59 55 44 30 15 4 -3 -9 -18 -31 -45 -56 -59 -56 -47 -37 -27 -17 -6 94 430 305 611
56 61 59 50 36 19 6 -3 -9 -17 -29 -43 -55 -61 -60 -53 -43 -32 -20 -8 3 15 26 38 50 58 61 58 50 38 23 8 -4 -12 -18 -27 -41 -55 -63 -61 -52 -40 -30 -21 -11 2 15 27 38 48 57 61 59 51 38 23 9 -2 -10 -17 -29 -46 -62 -68 -63 -49 -36 -27 -20 -10 4 19 30 38 44 53 61 61 51 35 19 7 0 -7 -17 -31 -45 -56 -62 -60 -52 -42 -31 -20 -9 4 16 28 38 48 56 61 59 50 36 21 8 -1 -8 -18 -31 -45 -57 -63 -61 -54 -42 -30 -18 -6 5 15 26 38 50 58 62 58 49 36 21 8 -3 -12 -20 -30 -42 -53 -60 -60 -53 -43 -31 -20 -8 4 16 27 38 48 56 61 60 51 38 21 6 -4 -11 -18 -29 -43 -57 -63 -60 -51 -40 -30 -20 -8 4 15 25 35 46 57 65 63 52 35 18 6 -2 -9 -17 -29 -44 -56 -63 -62 -53 -41 -28 -17 -8 2 13 26 39 50 57 61 58 50 37 21 7 -3 -11 -19 -29 -42 -54 -61 -60 -52 -42 -31 -20 -8 4 16 27 38 47 55 59 58 50 37 22 8 -3 -11 -19 -30 -42 -53 -60 -60 -54 -43 -30 -19 -8 4 16 28 39 48 54 58 57 50 38 22 8 99 8844 305 611
56 59 56 48 35 21 7 -3 -12 -21 -33 -47 -60 -65 -60 -50 -37 -26 -17 -7 5 18 30 40 49 57 61 59 50 36 19 4 -6 -13 -21 -32 -46 -58 -62 -58 -50 -40 -30 -19 -6 6 18 28 39 51 61 63 58 47 34 21 8 -3 -13 -22 -33 -47 -60 -68 -65 -53 -37 -23 -12 -3 7 19 31 41 50 56 60 57 47 32 16 4 -4 -10 -19 -31 -45 -58 -63 -60 -51 -39 -27 -16 -6 5 16 29 41 51 59 62 59 49 34 17 3 -7 -14 -22 -32 -45 -56 -61 -57 -48 -38 -29 -19 -7 6 18 29 39 49 57 61 58 48 33 18 5 -3 -10 -19 -31 -46 -58 -63 -61 -52 -40 -29 -17 -6 6 19 30 40 49 57 61 59 50 34 17 3 -5 -10 -17 -31 -47 -61 -66 -60 -48 -36 -26 -18 -7 5 17 29 40 50 59 62 58 47 33 18 5 -6 -14 -22 -31 -42 -55 -62 -61 -50 -37 -25 -17 -9 2 16 29 40 49 56 60 59 50 35 19 6 -3 -10 -19 -32 -46 -59 -64 -62 -53 -40 -28 -17 -7 5 18 31 43 52 59 62 58 48 34 18 6 -3 -12 -22 -35 -49 -58 -61 -57 -50 -40 -30 -18 -5 7 18 30 41 52 59 61 57 48 35 19 4 103 10007 305 611
59 60 54 42 27 13 2 -7 -14 -23 -34 -47 -58 -62 -57 -46 -35 -25 -16 -5 8 21 33 43 52 58 60 56 45 30 15 2 -7 -15 -24 -37 -51 -60 -61 -55 -46 -36 -25 -13 0 12 21 29 39 50 59 62 56 44 31 16 3 -7 -15 -22 -33 -48 -62 -68 -62 -48 -33 -23 -14 -4 10 24 36 45 53 60 62 56 42 25 11 1 -6 -14 -24 -36 -49 -59 -62 -58 -48 -35 -23 -12 -2 9 21 33 44 54 60 61 56 44 28 11 -1 -8 -14 -22 -34 -49 -60 -62 -57 -46 -36 -26 -14 -2 12 24 34 42 50 57 60 56 44 28 12 1 -6 -12 -21 -34 -49 -60 -63 -58 -48 -36 -25 -14 -2 10 22 33 44 53 59 60 55 44 29 13 1 -7 -14 -23 -36 -51 -61 -63 -55 -43 -33 -25 -16 -5 8 21 33 42 51 59 62 58 45 29 13 1 -6 -12 -22 -36 -51 -62 -63 -57 -47 -36 -25 -14 -2 9 21 32 44 55 61 62 55 43 29 15 3 -6 -14 -24 -38 -52 -63 -64 -57 -45 -33 -23 -14 -3 9 21 32 43 53 61 63 57 44 28 13 1 -7 -14 -24 -37 -51 -60 -63 -57 -47 -35 -24 -13 -2 10 22 33 44 53 59 60 54 43 29 15 3 107 16020 305 611
-64 -64 -55 -41 -28 -18 -9 2 15 28 40 48 55 60 60 52 38 21 7 -2 -8 -17 -30 -45 -58 -64 -61 -53 -40 -28 -16 -7 1 12 25 39 50 58 60 58 52 39 23 8 -3 -10 -18 -31 -47 -60 -65 -61 -52 -41 -30 -18 -6 3 12 23 37 54 66 68 61 48 33 18 4 -6 -13 -20 -30 -43 -56 -62 -59 -50 -39 -30 -21 -9 4 17 29 38 48 57 62 60 50 35 19 5 -5 -12 -18 -28 -43 -56 -63 -60 -50 -37 -27 -19 -9 3 15 27 36 46 54 60 59 51 38 23 9 -2 -10 -19 -30 -44 -57 -64 -61 -52 -39 -27 -17 -8 2 14 26 38 48 56 60 58 50 37 21 8 -2 -9 -17 -29 -44 -57 -63 -61 -52 -41 -29 -17 -6 5 14 23 34 46 57 63 60 51 37 22 8 -3 -11 -18 -29 -42 -55 -62 -61 -52 -42 -32 -21 -9 4 17 28 37 47 57 63 61 50 34 20 8 -1 -10 -19 -31 -43 -54 -61 -61 -54 -42 -30 -19 -9 2 15 27 38 48 57 62 61 53 38 21 6 -4 -10 -18 -30 -44 -57 -63 -60 -51 -40 -29 -19 -8 4 15 26 36 47 57 63 61 52 37 21 7 -4 -12 -20 -31 -43 -55 -61 -60 -52 -40 -28 -17 -8 112 12936 305 611
-60 -60 -52 -42 -32 -22 -12 0 12 23 34 45 55 60 60 52 39 24 11 0 -9 -17 -28 -41 -52 -58 -58 -52 -42 -31 -21 -11 -1 10 22 34 45 54 60 60 54 41 25 9 -3 -9 -14 -23 -38 -53 -61 -61 -53 -44 -34 -23 -11 0 9 19 32 50 64 69 62 48 33 20 10 0 -10 -18 -27 -39 -52 -61 -61 -53 -41 -30 -21 -11 1 13 24 33 43 52 58 59 52 39 25 12 1 -7 -15 -26 -40 -53 -61 -61 -54 -44 -33 -22 -10 2 14 24 33 43 53 59 60 54 42 27 12 -1 -10 -19 -29 -41 -53 -60 -60 -54 -44 -33 -21 -7 6 17 26 35 44 53 57 55 47 36 23 11 1 -7 -14 -24 -38 -53 -61 -59 -50 -38 -30 -23 -16 -5 8 22 34 45 56 65 66 57 40 21 5 -3 -9 -15 -26 -41 -54 -61 -60 -53 -43 -32 -21 -9 5 17 26 34 41 49 55 57 52 41 26 12 0 -8 -15 -25 -38 -51 -60 -61 -54 -43 -32 -22 -12 -1 11 24 36 46 55 60 60 53 39 23 7 -3 -7 -13 -23 -38 -53 -61 -59 -52 -43 -35 -25 -12 2 14 24 33 44 54 60 59 51 39 25 12 2 -6 -14 -25 -40 -55 -63 -63 -55 -42 -30 -18 -7 118 9730 305 611
-63 -57 -46 -33 -23 -14 -3 9 21 32 43 51 57 59 54 42 28 14 4 -4 -11 -21 -35 -50 -61 -63 -57 -46 -34 -25 -16 -5 8 21 33 42 51 59 62 57 46 30 15 2 -7 -15 -24 -35 -48 -59 -64 -59 -47 -34 -23 -14 -4 8 20 30 38 48 60 68 66 51 29 10 -1 -7 -13 -25 -40 -54 -62 -62 -55 -46 -35 -23 -12 -1 9 20 31 43 54 61 61 54 42 28 14 2 -7 -16 -25 -37 -50 -58 -60 -55 -45 -34 -24 -15 -5 7 20 32 43 52 59 61 57 45 29 13 0 -8 -14 -23 -35 -49 -59 -61 -56 -47 -35 -23 -13 -3 6 17 29 42 54 61 63 57 45 29 13 1 -7 -14 -22 -34 -49 -59 -63 -58 -47 -36 -26 -16 -4 9 22 34 43 51 59 63 60 47 29 10 -3 -9 -13 -20 -34 -51 -62 -63 -55 -44 -33 -25 -16 -5 9 22 33 43 52 59 62 57 44 28 12 1 -6 -13 -23 -36 -49 -59 -62 -57 -47 -35 -25 -15 -3 9 22 34 44 51 57 60 55 44 28 13 2 -4 -11 -22 -37 -51 -60 -62 -57 -48 -36 -24 -11 0 10 20 30 42 52 60 61 55 43 28 14 3 -6 -13 -23 -36 -50 -60 -63 -57 -46 -34 -23 -14 -4 127 8422 305 611
56 60 59 51 37 20 4 -6 -12 -17 -28 -44 -58 -65 -61 -51 -39 -28 -18 -7 4 16 28 40 50 58 60 56 47 34 20 8 -2 -10 -19 -31 -45 -57 -61 -59 -51 -41 -31 -19 -7 6 17 27 39 49 57 60 57 49 36 21 6 -5 -9 -14 -25 -44 -62 -70 -64 -50 -36 -28 -20 -9 5 19 30 38 47 58 64 62 49 33 17 5 -3 -11 -20 -31 -44 -56 -63 -62 -53 -40 -27 -16 -6 5 17 29 39 48 55 60 59 50 34 17 3 -4 -8 -16 -29 -45 -57 -62 -59 -50 -40 -30 -21 -9 3 16 29 40 49 57 61 59 51 37 21 7 -4 -12 -20 -31 -46 -59 -64 -61 -50 -38 -27 -17 -8 4 16 28 39 48 56 60 59 51 37 21 6 -4 -11 -18 -30 -44 -58 -64 -61 -51 -40 -29 -19 -8 4 16 27 39 50 60 63 59 48 33 18 6 -2 -9 -17 -29 -44 -57 -64 -62 -53 -41 -29 -18 -7 5 17 29 41 51 58 61 57 48 34 19 6 -4 -11 -19 -30 -44 -57 -62 -60 -50 -39 -29 -20 -9 3 15 27 39 50 59 64 61 50 35 19 6 -3 -10 -19 -31 -47 -59 -64 -60 -50 -39 -28 -18 -8 5 17 29 40 49 56 60 59 51 37 20 6 185 7169 305 611
56 60 60 53 41 25 9 -3 -12 -19 -30 -42 -55 -62 -61 -53 -42 -30 -19 -8 2 13 25 36 46 55 60 60 54 41 24 8 -4 -11 -17 -27 -41 -55 -63 -62 -53 -40 -28 -18 -10 -1 10 22 36 49 58 62 60 52 38 21 6 -3 -5 -9 -21 -40 -60 -70 -66 -53 -39 -28 -20 -11 0 13 25 36 47 57 63 62 53 39 22 8 -2 -8 -15 -26 -41 -56 -65 -64 -55 -42 -31 -20 -10 2 13 25 36 47 57 63 62 54 39 23 9 -1 -9 -18 -30 -45 -58 -64 -62 -53 -40 -29 -19 -9 1 13 25 37 48 58 63 60 50 36 21 8 0 -8 -16 -28 -42 -56 -63 -62 -53 -40 -29 -20 -11 0 12 25 36 46 55 61 62 55 40 23 8 -2 -9 -17 -29 -44 -57 -63 -60 -52 -42 -33 -24 -12 3 17 28 38 46 55 61 61 54 40 24 8 -3 -11 -18 -28 -42 -57 -65 -63 -53 -39 -29 -21 -12 1 15 28 38 47 56 62 61 52 37 21 8 -1 -9 -18 -29 -42 -54 -62 -62 -54 -42 -29 -20 -11 -1 12 27 39 50 58 62 61 53 38 20 5 -4 -10 -17 -28 -43 -55 -61 -59 -52 -42 -31 -20 -9 3 14 24 36 48 58 63 61 51 36 21 7 191 5063 305 611
61 58 47 33 19 7 -1 -9 -18 -30 -44 -56 -63 -61 -52 -40 -29 -18 -8 4 17 28 37 46 55 61 61 52 37 20 6 -4 -10 -18 -30 -44 -56 -62 -60 -52 -41 -29 -18 -7 3 14 24 36 48 57 61 59 50 38 24 10 -2 -11 -18 -27 -40 -56 -67 -69 -60 -45 -29 -16 -5 7 18 29 39 48 56 61 61 52 36 18 4 -4 -9 -16 -29 -45 -59 -65 -61 -52 -41 -30 -19 -7 5 17 27 38 49 58 62 60 50 36 20 6 -4 -10 -18 -28 -43 -57 -65 -63 -54 -41 -30 -19 -7 5 16 27 38 50 59 64 61 51 35 19 6 -3 -11 -20 -32 -47 -60 -64 -59 -48 -37 -29 -20 -9 5 19 30 39 47 55 60 58 49 35 21 9 0 -9 -19 -31 -45 -57 -64 -63 -54 -41 -28 -17 -7 5 17 29 40 48 56 60 59 50 36 20 7 -3 -10 -18 -30 -44 -57 -64 -62 -53 -40 -28 -18 -7 4 17 28 39 48 56 61 60 50 35 19 6 -3 -9 -16 -29 -44 -58 -64 -61 -51 -40 -29 -20 -10 3 16 28 39 49 57 63 61 52 37 21 6 -5 -14 -22 -32 -44 -55 -61 -60 -51 -39 -28 -19 -8 4 18 29 38 46 54 60 60 51 36 19 6 -2 195 3577 305 611
55 62 62 53 38 20 7 -1 -7 -15 -27 -42 -56 -62 -61 -54 -43 -32 -21 -10 0 11 23 36 49 60 64 61 51 37 22 8 -2 -8 -15 -26 -41 -55 -64 -63 -55 -45 -34 -22 -9 5 16 26 35 47 58 65 63 53 38 23 8 -3 -10 -16 -24 -39 -57 -70 -71 -59 -41 -25 -16 -8 1 13 26 36 46 55 62 63 55 40 23 9 -2 -10 -19 -30 -43 -55 -62 -61 -53 -42 -31 -21 -11 0 13 26 39 49 58 62 60 52 38 22 9 -1 -8 -17 -29 -42 -53 -60 -61 -54 -44 -32 -20 -10 0 12 25 38 49 57 60 59 53 40 24 8 -3 -9 -15 -26 -42 -58 -65 -62 -52 -40 -31 -21 -11 1 13 24 35 46 56 62 61 52 38 22 8 -2 -9 -16 -27 -40 -54 -62 -62 -54 -43 -32 -21 -10 2 15 26 37 47 55 60 60 51 37 21 7 -3 -9 -15 -26 -39 -52 -59 -58 -52 -43 -33 -23 -10 3 14 24 34 44 54 60 59 51 38 23 11 1 -7 -16 -28 -42 -54 -61 -60 -53 -43 -31 -20 -10 1 13 24 36 47 56 60 59 52 40 25 10 -3 -11 -18 -26 -39 -53 -63 -63 -54 -42 -30 -20 -10 0 13 25 37 48 56 61 60 52 38 22 8 201 2046 305 611
-61 -51 -38 -27 -18 -7 5 17 30 40 49 56 61 59 51 36 20 6 -5 -12 -21 -33 -47 -58 -62 -58 -49 -39 -29 -18 -7 6 17 28 39 50 58 62 58 48 33 19 7 -3 -11 -19 -30 -44 -57 -64 -61 -51 -39 -28 -19 -9 3 16 28 36 45 56 65 68 59 40 17 0 -8 -13 -19 -32 -47 -60 -65 -60 -50 -39 -28 -18 -7 6 18 29 39 48 57 62 61 51 35 19 6 -3 -10 -20 -33 -48 -60 -64 -61 -51 -39 -28 -18 -7 5 18 30 41 50 58 61 59 49 34 18 5 -3 -10 -18 -31 -46 -59 -65 -62 -52 -40 -29 -18 -6 7 19 30 40 49 57 60 58 50 36 20 6 -4 -12 -20 -31 -46 -59 -65 -61 -51 -39 -28 -18 -8 4 17 30 41 51 59 63 61 50 35 18 4 -6 -13 -22 -33 -46 -57 -61 -58 -50 -39 -29 -19 -7 6 18 29 40 50 58 62 59 48 33 18 6 -3 -11 -20 -31 -44 -55 -62 -61 -54 -43 -30 -17 -5 7 18 29 40 50 59 63 59 47 32 17 6 -2 -9 -19 -33 -47 -59 -63 -59 -50 -39 -28 -17 -6 5 16 27 39 51 59 62 58 48 33 18 5 -4 -11 -18 -29 -43 -56 -63 -62 -54 -42 -29 -17 -6 5 205 7172 305 611
61 60 54 43 29 15 3 -6 -15 -24 -36 -49 -60 -63 -59 -48 -35 -23 -13 -3 8 20 33 44 53 59 61 57 46 30 14 2 -6 -13 -23 -37 -52 -62 -63 -57 -46 -35 -24 -14 -3 8 20 31 42 51 57 60 58 51 37 19 3 -7 -14 -23 -37 -54 -67 -69 -60 -47 -34 -24 -14 -2 11 24 35 44 54 61 63 57 44 28 13 1 -7 -15 -25 -38 -51 -60 -62 -57 -47 -36 -25 -14 -3 9 22 34 44 53 59 62 57 46 29 12 -1 -8 -13 -22 -36 -52 -62 -64 -57 -46 -35 -24 -13 -2 10 22 33 45 54 60 60 54 43 28 13 2 -6 -13 -22 -36 -51 -62 -64 -58 -48 -36 -23 -11 1 11 19 29 41 53 62 63 56 42 27 13 2 -5 -12 -22 -36 -51 -62 -64 -58 -47 -35 -24 -13 -2 9 20 31 42 53 61 63 58 46 31 14 1 -8 -15 -24 -37 -51 -61 -63 -57 -47 -35 -25 -14 -3 9 21 33 44 53 59 61 56 46 31 15 2 -7 -14 -23 -37 -52 -62 -64 -58 -47 -36 -26 -15 -3 10 22 35 46 56 62 61 55 43 27 12 0 -8 -14 -23 -35 -50 -61 -63 -58 -47 -35 -24 -13 -2 9 20 31 42 53 61 63 56 44 29 15 3 209 14021 305 611
59 63 60 51 37 21 7 -3 -10 -19 -31 -45 -57 -62 -58 -50 -40 -32 -23 -12 2 17 30 41 51 58 62 60 51 37 20 6 -5 -12 -18 -29 -43 -57 -64 -61 -51 -39 -29 -21 -11 2 15 28 39 49 58 62 60 51 37 21 6 -5 -12 -17 -25 -39 -56 -68 -68 -56 -40 -27 -18 -9 2 16 28 38 48 56 63 62 53 37 21 7 -2 -10 -20 -32 -46 -58 -64 -61 -52 -40 -28 -18 -8 3 14 25 37 49 59 64 62 52 36 19 5 -5 -12 -18 -28 -42 -55 -63 -62 -53 -42 -31 -21 -10 2 16 30 41 51 58 61 60 52 38 21 6 -5 -12 -19 -29 -43 -57 -63 -61 -52 -41 -30 -19 -8 4 16 27 39 50 59 63 60 50 36 21 8 -3 -11 -19 -30 -43 -56 -64 -63 -53 -40 -27 -18 -10 1 14 28 40 50 57 61 59 51 38 21 7 -3 -11 -19 -31 -45 -57 -63 -60 -52 -41 -30 -20 -9 3 16 28 39 49 57 62 60 52 37 20 5 -5 -11 -18 -28 -43 -56 -64 -62 -53 -40 -28 -18 -8 3 15 27 39 49 57 61 59 51 37 20 7 -3 -10 -17 -29 -44 -57 -63 -60 -51 -41 -30 -21 -10 2 16 29 40 50 57 60 59 51 38 22 7 214 13525 305 611
-62 -58 -49 -39 -27 -15 -3 9 20 32 43 53 60 62 58 47 31 16 4 -5 -12 -23 -38 -52 -62 -64 -59 -49 -38 -26 -14 -1 11 22 33 43 52 59 62 57 46 29 13 0 -7 -13 -21 -34 -48 -59 -63 -58 -48 -36 -26 -16 -5 6 17 28 39 52 64 70 66 51 30 11 -1 -7 -13 -22 -37 -52 -63 -65 -60 -48 -35 -23 -13 -2 8 20 33 44 54 60 61 56 45 30 15 3 -6 -14 -24 -37 -50 -60 -63 -58 -49 -37 -25 -14 -3 8 21 33 44 53 59 61 56 45 30 14 2 -7 -13 -22 -35 -49 -60 -63 -59 -49 -38 -26 -14 -3 8 20 31 43 54 61 62 57 46 31 17 3 -7 -15 -25 -37 -50 -61 -64 -59 -49 -36 -24 -13 -2 9 20 32 44 54 60 61 56 45 31 15 2 -8 -15 -23 -35 -50 -61 -63 -57 -46 -35 -26 -17 -5 9 23 34 42 51 58 62 59 47 30 13 0 -7 -12 -21 -34 -49 -61 -64 -58 -48 -37 -27 -16 -4 9 22 33 43 52 59 62 58 47 31 15 3 -5 -13 -23 -38 -53 -63 -64 -57 -46 -35 -25 -14 -4 8 20 32 43 54 61 63 57 46 30 15 3 -7 -16 -25 -38 -50 -59 -62 -57 -48 -37 -26 -14 -2 219 10041 305 611
57 60 59 54 42 25 7 -8 -16 -22 -29 -39 -51 -60 -62 -55 -43 -30 -18 -9 1 12 25 38 49 57 61 60 52 39 23 8 -2 -8 -16 -29 -45 -59 -64 -61 -51 -41 -31 -21 -10 2 14 26 38 50 59 63 60 51 37 21 7 -3 -9 -14 -25 -42 -59 -69 -66 -54 -39 -27 -18 -10 1 14 27 39 49 58 63 61 52 38 21 6 -4 -11 -18 -28 -41 -55 -64 -64 -55 -42 -28 -17 -7 3 14 26 37 46 54 60 61 55 41 23 7 -3 -10 -17 -29 -45 -58 -64 -62 -54 -42 -30 -19 -9 1 12 26 40 52 58 60 58 51 39 24 9 -3 -11 -18 -29 -44 -57 -64 -62 -53 -41 -31 -20 -9 3 15 26 37 47 57 62 62 54 40 24 10 -2 -11 -20 -32 -45 -57 -63 -62 -53 -41 -30 -19 -8 3 15 26 37 47 57 63 62 53 37 21 7 -2 -10 -19 -31 -44 -54 -60 -60 -54 -44 -32 -21 -10 2 15 28 39 49 56 61 60 53 39 22 7 -4 -10 -16 -27 -43 -59 -66 -62 -51 -39 -30 -22 -13 0 15 29 39 48 56 62 62 54 39 21 6 -3 -10 -17 -28 -43 -58 -66 -65 -54 -41 -28 -19 -9 2 15 28 39 49 57 63 62 53 37 19 6 224 9531 305 611
62 64 57 43 28 16 8 0 -9 -19 -32 -46 -59 -64 -60 -49 -37 -27 -18 -8 5 19 30 40 49 58 63 60 49 33 16 3 -6 -12 -20 -31 -45 -57 -63 -60 -49 -37 -26 -17 -8 3 16 29 41 51 58 60 57 48 35 20 7 -2 -8 -17 -31 -49 -65 -71 -64 -50 -35 -24 -15 -5 7 19 29 39 48 56 62 61 51 36 18 2 -8 -14 -21 -32 -45 -57 -62 -58 -48 -37 -27 -19 -9 3 16 29 41 53 62 64 58 46 30 15 5 -3 -11 -20 -32 -46 -57 -62 -59 -50 -38 -27 -17 -8 3 16 29 41 51 58 60 58 49 35 19 5 -6 -13 -20 -31 -45 -58 -64 -60 -50 -37 -27 -17 -7 5 17 29 40 50 59 63 60 49 33 17 4 -5 -12 -21 -33 -47 -58 -62 -58 -47 -36 -26 -18 -9 3 17 30 40 49 57 63 62 51 34 16 2 -6 -12 -20 -33 -47 -58 -61 -57 -49 -39 -28 -17 -6 5 16 27 38 50 60 63 60 49 34 18 4 -5 -12 -19 -31 -46 -59 -64 -59 -50 -39 -29 -18 -6 7 19 29 40 50 59 62 57 47 33 18 5 -4 -11 -19 -30 -45 -59 -65 -61 -50 -39 -28 -18 -7 6 18 29 39 49 59 64 61 49 34 18 6 235 3304 305 611
-62 -61 -52 -40 -28 -17 -7 3 14 25 36 47 56 61 59 50 36 22 9 -1 -9 -18 -30 -43 -56 -63 -61 -52 -39 -27 -18 -10 -1 11 24 38 49 59 63 61 52 38 21 7 -3 -11 -18 -29 -43 -55 -62 -60 -52 -42 -32 -21 -8 5 15 23 33 46 60 68 65 51 34 19 9 1 -9 -20 -33 -45 -55 -61 -60 -53 -42 -30 -19 -9 1 13 26 39 50 59 62 60 51 37 22 8 -3 -12 -21 -31 -43 -54 -61 -61 -54 -42 -30 -18 -7 4 16 27 38 48 57 61 59 49 34 18 6 -1 -6 -14 -28 -44 -58 -64 -62 -53 -42 -30 -19 -7 4 16 27 37 47 56 61 60 52 38 22 7 -3 -11 -19 -31 -45 -57 -63 -60 -52 -41 -28 -17 -6 4 14 24 35 48 58 63 61 51 36 20 6 -3 -10 -17 -27 -41 -55 -63 -63 -55 -43 -31 -19 -8 4 16 27 38 48 57 62 61 52 38 20 5 -5 -12 -19 -30 -44 -56 -63 -60 -50 -39 -28 -18 -8 3 15 26 37 47 55 60 59 51 37 20 7 -2 -8 -16 -28 -43 -56 -62 -60 -52 -43 -32 -21 -9 4 16 27 37 47 56 61 60 52 38 21 6 -4 -11 -18 -27 -41 -55 -62 -61 -53 -41 -30 -20 -9 241 3086 305 611
59 62 56 43 26 11 0 -7 -14 -23 -36 -49 -58 -60 -54 -45 -34 -24 -14 -4 7 19 31 43 53 60 62 56 44 28 13 2 -6 -13 -24 -39 -52 -60 -59 -53 -45 -36 -25 -13 -1 11 21 32 43 52 58 58 53 43 29 13 -2 -10 -12 -17 -29 -48 -64 -68 -58 -43 -31 -23 -15 -3 10 22 31 40 50 59 61 56 43 28 14 3 -6 -15 -25 -37 -50 -59 -61 -56 -46 -35 -24 -14 -2 10 21 32 42 52 60 62 58 46 29 11 -3 -10 -16 -24 -37 -52 -63 -62 -52 -39 -29 -21 -13 -3 8 19 30 41 51 58 60 54 43 29 15 3 -6 -14 -23 -36 -51 -61 -62 -54 -43 -33 -24 -15 -3 10 21 32 41 51 58 60 56 44 29 15 3 -6 -14 -24 -36 -50 -60 -63 -57 -46 -34 -24 -14 -3 8 21 33 45 54 59 59 53 42 29 15 3 -6 -15 -25 -37 -50 -60 -62 -55 -44 -32 -23 -14 -4 7 20 33 44 52 58 59 54 44 30 14 2 -7 -14 -23 -36 -50 -60 -62 -57 -46 -35 -24 -13 -3 9 20 32 44 54 60 61 55 43 28 12 0 -8 -14 -22 -35 -49 -60 -63 -56 -46 -34 -24 -14 -2 10 22 33 44 53 59 59 53 41 26 12 1 246 852 305 611
55 61 61 54 40 23 8 -2 -8 -15 -28 -44 -57 -64 -61 -52 -42 -31 -20 -9 2 14 26 37 47 55 59 58 52 40 24 8 -4 -11 -18 -28 -41 -55 -62 -61 -53 -41 -30 -20 -9 2 13 25 37 47 55 60 59 52 38 21 6 -3 -6 -11 -24 -44 -63 -69 -62 -48 -35 -27 -21 -11 3 16 25 34 44 55 62 62 52 36 20 7 -2 -9 -17 -28 -42 -54 -61 -60 -52 -40 -30 -20 -10 1 13 26 37 47 56 61 60 51 36 20 7 -2 -9 -17 -29 -44 -56 -61 -57 -48 -39 -30 -21 -10 2 14 25 34 44 53 61 61 53 37 21 7 -2 -8 -16 -26 -39 -53 -62 -63 -56 -44 -30 -18 -9 1 13 26 39 49 55 59 59 53 39 22 7 -3 -10 -17 -29 -43 -55 -61 -60 -52 -42 -30 -19 -7 3 13 24 35 47 56 61 59 51 37 21 8 -1 -8 -16 -28 -44 -57 -63 -60 -51 -39 -29 -18 -8 3 13 23 33 45 55 60 59 52 40 24 9 -3 -12 -19 -28 -40 -51 -58 -58 -53 -44 -34 -22 -9 3 15 25 35 46 56 62 61 52 37 21 7 -3 -10 -17 -28 -42 -55 -61 -59 -51 -40 -30 -20 -10 2 13 25 36 47 57 62 60 50 35 19 5 250 11114 305 611
55 61 61 54 43 29 15 4 -6 -14 -24 -36 -50 -60 -63 -57 -46 -34 -24 -14 -4 8 21 32 42 51 59 61 57 45 29 14 3 -6 -14 -25 -37 -50 -58 -61 -56 -47 -35 -24 -14 -3 8 21 33 43 51 58 60 56 43 24 9 2 1 -2 -14 -35 -56 -68 -68 -58 -46 -34 -24 -14 -3 8 20 33 45 55 61 61 54 42 27 13 3 -5 -14 -25 -38 -50 -58 -59 -55 -46 -36 -24 -14 -3 7 19 32 44 54 59 61 56 45 29 13 1 -8 -15 -24 -38 -51 -60 -61 -55 -46 -35 -24 -12 0 11 21 32 42 52 59 60 55 43 28 12 0 -7 -13 -22 -36 -51 -61 -62 -54 -43 -32 -23 -14 -4 7 17 28 40 52 61 64 59 47 31 16 3 -7 -16 -26 -39 -52 -61 -61 -55 -45 -35 -27 -16 -2 12 24 33 42 51 59 61 55 41 26 14 5 -2 -10 -22 -36 -52 -63 -65 -58 -46 -33 -22 -14 -4 8 20 31 42 51 59 62 57 45 29 14 3 -4 -12 -23 -37 -52 -62 -64 -58 -47 -35 -24 -13 -2 9 21 33 44 53 59 61 56 45 29 13 0 -8 -15 -23 -35 -49 -59 -61 -56 -46 -35 -25 -15 -4 8 20 32 44 55 61 61 54 42 27 13 255 15193 305 611
-61 -53 -40 -29 -19 -10 0 11 23 34 44 53 60 60 53 39 23 8 -2 -9 -16 -26 -39 -51 -58 -58 -52 -43 -33 -22 -11 0 11 22 34 46 56 60 59 52 40 25 9 -2 -10 -16 -24 -38 -53 -62 -61 -52 -42 -34 -26 -14 2 16 26 32 40 52 64 68 60 41 21 7 -2 -9 -17 -30 -44 -55 -60 -58 -51 -42 -32 -22 -10 2 13 24 34 45 55 60 59 51 38 24 11 0 -9 -17 -27 -39 -52 -61 -62 -54 -42 -30 -20 -11 -1 11 23 35 46 55 60 60 52 39 24 10 -1 -8 -15 -26 -41 -55 -63 -61 -53 -41 -30 -21 -11 1 13 25 35 44 53 60 60 52 38 23 9 0 -8 -16 -26 -40 -52 -60 -60 -54 -43 -31 -21 -10 1 13 24 35 45 53 58 58 52 40 25 11 -1 -9 -18 -28 -40 -52 -60 -60 -54 -43 -31 -20 -10 1 13 25 36 46 54 59 58 51 38 23 8 -3 -10 -17 -26 -38 -51 -60 -60 -52 -41 -30 -20 -10 0 12 23 33 43 53 59 60 53 39 23 10 0 -7 -15 -26 -40 -53 -60 -60 -54 -44 -33 -22 -11 2 15 27 38 46 53 58 58 51 38 21 7 -2 -8 -15 -25 -40 -52 -59 -57 -50 -41 -32 -23 -12 -1 260 4210 305 611
-60 -57 -49 -40 -29 -18 -5 7 18 28 39 49 58 61 56 46 32 19 8 -1 -10 -20 -33 -47 -58 -63 -59 -50 -38 -27 -17 -6 6 17 29 40 50 57 60 57 48 34 19 6 -3 -10 -19 -31 -47 -59 -64 -59 -49 -39 -30 -20 -7 7 20 29 38 50 62 68 63 47 27 10 1 -3 -9 -19 -33 -47 -57 -60 -58 -50 -40 -28 -15 -4 7 16 26 36 47 56 61 60 51 37 20 6 -4 -12 -22 -35 -49 -59 -62 -57 -47 -37 -27 -18 -7 5 17 29 39 50 59 62 59 47 31 15 3 -4 -10 -17 -29 -45 -58 -64 -61 -51 -38 -27 -17 -6 7 19 29 39 48 56 61 59 49 34 18 5 -4 -12 -21 -33 -46 -57 -61 -58 -49 -38 -27 -17 -7 5 18 30 40 48 55 59 58 50 36 18 4 -5 -11 -19 -31 -46 -57 -62 -59 -50 -39 -28 -17 -7 5 18 30 41 50 56 59 58 50 35 18 3 -5 -11 -18 -31 -47 -60 -64 -59 -49 -38 -27 -16 -5 7 17 27 38 49 58 63 59 48 32 16 4 -4 -10 -19 -32 -47 -58 -62 -58 -49 -38 -27 -16 -5 6 17 27 38 49 58 62 58 48 33 17 4 -5 -12 -20 -31 -45 -57 -62 -59 -49 -38 -27 -17 -6 264 15922 305 611
-63 -56 -45 -33 -22 -11 -1 10 22 35 46 55 60 60 54 43 28 13 0 -9 -16 -26 -40 -54 -63 -63 -55 -43 -32 -21 -12 -1 10 22 33 45 55 61 62 55 42 26 11 -1 -8 -15 -24 -38 -52 -61 -62 -55 -44 -34 -25 -15 -3 11 22 32 43 55 66 69 60 42 22 7 -2 -7 -15 -26 -41 -54 -63 -63 -55 -43 -31 -21 -12 -2 10 24 35 45 53 59 61 56 43 26 11 0 -8 -15 -25 -39 -53 -62 -63 -55 -43 -31 -22 -14 -3 10 23 36 46 54 60 60 54 41 26 12 2 -7 -16 -27 -40 -52 -61 -63 -57 -45 -32 -20 -11 -1 10 23 35 45 53 58 59 54 42 27 12 1 -7 -14 -25 -40 -54 -62 -62 -54 -43 -33 -23 -13 -1 12 24 34 42 51 59 62 57 44 26 11 0 -7 -14 -25 -39 -53 -62 -62 -55 -44 -33 -22 -12 -1 10 22 33 44 53 60 62 56 43 26 11 0 -7 -14 -25 -39 -53 -62 -63 -55 -44 -32 -21 -11 -1 10 21 32 44 54 61 61 54 41 26 13 3 -5 -14 -26 -40 -53 -63 -65 -58 -46 -33 -20 -10 0 10 22 35 46 55 61 60 54 41 26 11 0 -8 -15 -25 -38 -52 -62 -63 -57 -45 -32 -21 -10 -1 269 10001 305 611
-64 -59 -49 -38 -27 -17 -6 5 16 27 39 51 60 62 58 48 34 19 6 -5 -12 -20 -30 -44 -58 -64 -61 -51 -38 -27 -17 -7 4 16 28 40 50 58 61 58 49 35 21 7 -3 -11 -19 -31 -46 -60 -65 -61 -50 -38 -29 -19 -8 4 16 26 37 50 63 70 66 51 31 14 2 -5 -12 -21 -33 -46 -58 -64 -61 -51 -39 -26 -16 -6 5 17 28 39 49 59 65 62 50 33 16 3 -5 -11 -20 -32 -46 -57 -63 -60 -51 -40 -28 -17 -7 5 18 30 41 49 56 61 59 51 36 18 4 -5 -11 -19 -32 -47 -60 -64 -60 -50 -39 -29 -17 -5 8 19 29 38 48 57 61 59 48 33 18 5 -4 -11 -19 -31 -46 -59 -65 -61 -50 -38 -28 -18 -7 6 18 29 39 49 59 66 64 51 31 12 -1 -7 -11 -18 -29 -44 -56 -62 -60 -51 -40 -28 -16 -5 6 17 27 37 48 58 63 60 49 34 19 6 -2 -10 -20 -33 -48 -59 -64 -61 -52 -40 -28 -16 -3 8 18 28 39 50 59 62 57 46 31 17 6 -2 -9 -19 -32 -47 -59 -64 -59 -49 -38 -28 -18 -7 5 18 29 39 49 58 63 60 50 34 18 5 -4 -12 -20 -32 -46 -59 -64 -61 -50 -38 -26 -16 -7 274 10379 305 611
54 61 62 56 44 28 13 0 -9 -16 -25 -38 -52 -63 -64 -57 -45 -32 -22 -12 -2 10 22 33 43 52 59 61 56 45 29 13 1 -8 -15 -24 -37 -51 -62 -64 -58 -47 -35 -25 -15 -3 10 24 36 46 55 60 61 55 43 28 13 2 -4 -11 -23 -41 -59 -70 -68 -56 -42 -30 -21 -12 0 12 23 33 42 52 61 64 58 42 25 10 1 -6 -14 -26 -40 -53 -61 -61 -55 -45 -34 -24 -13 -2 10 21 33 45 55 61 62 54 42 27 13 2 -6 -15 -25 -39 -52 -61 -63 -57 -47 -35 -23 -12 -1 10 21 33 45 55 61 60 54 42 28 15 3 -7 -16 -25 -38 -52 -62 -64 -58 -45 -33 -22 -12 -1 11 22 32 42 53 62 65 58 43 25 10 1 -6 -14 -26 -40 -54 -61 -61 -54 -44 -34 -24 -13 -1 11 22 32 42 52 61 63 57 43 26 10 0 -7 -13 -24 -37 -52 -62 -64 -58 -46 -32 -20 -11 -1 9 22 34 45 52 57 59 56 46 30 13 0 -8 -15 -24 -38 -53 -62 -63 -55 -45 -33 -23 -12 -2 10 21 32 43 54 61 63 56 44 28 13 1 -7 -15 -25 -39 -52 -61 -63 -57 -46 -35 -23 -12 -1 10 21 33 45 56 63 63 56 42 26 12 279 6020 305 611
-66 -63 -53 -42 -30 -19 -7 6 18 28 38 47 56 62 62 53 37 20 6 -3 -10 -18 -31 -46 -58 -63 -60 -52 -42 -31 -20 -9 3 15 27 40 52 60 63 60 51 37 21 6 -5 -12 -19 -30 -45 -58 -64 -60 -50 -38 -29 -21 -12 -1 12 26 41 56 66 69 62 48 31 17 5 -4 -12 -20 -31 -44 -56 -63 -60 -51 -39 -29 -21 -12 1 16 30 41 51 58 63 61 51 35 18 5 -3 -9 -17 -30 -46 -59 -65 -61 -51 -40 -29 -19 -8 4 16 28 39 49 58 62 61 51 36 19 5 -5 -12 -19 -29 -43 -55 -62 -61 -52 -41 -29 -19 -8 3 14 26 38 50 59 62 59 49 36 23 10 -2 -11 -20 -30 -43 -56 -64 -63 -54 -41 -29 -18 -8 2 14 26 38 50 60 64 61 52 37 21 7 -4 -12 -20 -31 -45 -57 -63 -61 -52 -40 -30 -21 -10 3 16 29 40 50 58 63 61 52 37 19 5 -5 -11 -18 -29 -44 -57 -63 -61 -52 -41 -30 -19 -7 4 15 26 38 50 59 63 59 50 37 22 8 -3 -12 -19 -30 -43 -57 -64 -62 -53 -41 -30 -20 -8 5 18 28 37 46 56 63 62 52 37 21 9 -1 -10 -21 -34 -47 -57 -62 -60 -51 -40 -29 -19 -10 41 8666 305 542
62 62 54 38 22 9 1 -5 -14 -27 -41 -54 -62 -64 -57 -45 -30 -18 -10 -1 10 26 41 52 58 60 58 51 38 21 7 -3 -8 -15 -26 -40 -53 -60 -59 -52 -43 -32 -22 -11 0 10 21 33 45 56 62 62 54 40 24 10 -1 -8 -15 -24 -38 -53 -65 -68 -60 -46 -32 -20 -10 1 14 28 40 49 55 59 58 51 39 24 10 0 -8 -17 -28 -42 -55 -63 -63 -56 -45 -33 -20 -8 4 15 26 37 47 57 62 61 52 38 22 7 -3 -10 -17 -28 -41 -54 -61 -60 -52 -41 -31 -22 -12 0 13 25 37 47 56 60 59 51 38 24 12 2 -7 -16 -29 -42 -55 -62 -62 -55 -44 -32 -20 -8 3 14 24 34 44 55 61 61 53 38 23 10 1 -7 -15 -26 -40 -52 -60 -61 -56 -47 -34 -21 -9 2 12 22 34 46 56 62 61 53 39 24 11 0 -9 -18 -28 -41 -53 -60 -60 -54 -45 -33 -22 -11 1 12 23 34 45 55 60 60 53 40 25 10 -1 -8 -15 -25 -38 -52 -61 -62 -55 -45 -34 -24 -12 0 12 23 34 44 55 61 61 53 40 26 14 4 -6 -15 -27 -40 -52 -61 -63 -59 -49 -36 -22 -9 3 14 25 36 45 54 60 61 55 42 25 9 -1 47 5248 305 542
57 60 57 47 32 16 3 -6 -12 -20 -32 -46 -58 -63 -59 -49 -36 -25 -16 -7 5 18 31 42 50 56 59 57 47 31 14 1 -6 -11 -18 -31 -46 -58 -60 -54 -44 -34 -25 -17 -8 2 14 27 39 50 57 59 55 47 34 19 5 -4 -9 -16 -30 -48 -63 -68 -60 -46 -33 -23 -15 -4 7 19 28 37 47 56 61 58 47 31 15 4 -3 -10 -20 -33 -47 -57 -61 -58 -50 -39 -27 -15 -3 8 18 28 40 51 59 61 57 47 32 16 3 -7 -13 -20 -32 -48 -61 -65 -59 -47 -33 -22 -13 -4 5 15 26 38 51 61 64 59 45 28 13 3 -4 -10 -19 -33 -48 -60 -63 -58 -46 -34 -25 -16 -7 4 17 30 42 51 57 59 57 48 34 17 2 -7 -13 -20 -32 -47 -59 -63 -58 -48 -37 -25 -14 -2 9 19 29 39 49 57 59 55 44 31 16 3 -6 -14 -23 -33 -45 -55 -59 -55 -46 -35 -25 -14 -2 9 19 27 36 46 55 59 55 43 29 17 7 -2 -12 -23 -35 -46 -54 -58 -55 -47 -37 -26 -16 -5 7 18 29 39 48 56 60 57 45 29 15 4 -2 -9 -20 -34 -48 -57 -60 -57 -50 -40 -28 -15 -3 8 19 31 42 51 57 59 55 46 32 16 3 52 4426 305 542
51 58 57 49 36 22 11 2 -5 -13 -23 -35 -46 -54 -56 -52 -43 -33 -23 -14 -4 7 18 30 41 51 57 58 52 40 26 13 3 -4 -13 -24 -38 -50 -59 -60 -55 -44 -31 -19 -9 -1 8 19 32 44 54 59 58 52 39 24 10 0 -4 -10 -22 -41 -60 -69 -65 -51 -36 -24 -15 -6 4 16 27 36 44 49 52 49 42 30 19 9 2 -4 -11 -22 -35 -46 -53 -54 -49 -41 -32 -22 -10 2 12 20 27 35 44 52 56 53 43 28 13 1 -6 -13 -22 -35 -47 -56 -58 -53 -44 -33 -21 -10 0 9 18 28 39 49 56 57 51 40 27 14 4 -3 -10 -21 -36 -52 -62 -62 -53 -41 -31 -22 -12 0 12 22 30 39 48 56 59 53 40 23 8 -1 -7 -12 -20 -32 -45 -54 -58 -55 -47 -35 -22 -10 0 7 15 26 38 50 58 60 54 41 26 11 1 -4 -8 -18 -32 -48 -58 -59 -54 -45 -36 -26 -15 -5 5 15 26 38 48 56 60 60 54 40 22 4 -8 -15 -22 -35 -51 -64 -67 -60 -49 -37 -26 -13 0 12 22 31 43 54 61 61 54 42 29 16 4 -7 -17 -28 -39 -51 -60 -61 -54 -42 -28 -18 -10 -2 8 19 31 41 49 54 56 51 40 24 9 56 14538 305 542
60 62 56 44 29 15 3 -5 -13 -21 -34 -48 -60 -63 -57 -46 -35 -25 -15 -4 8 20 31 42 52 59 61 55 44 29 14 2 -6 -13 -22 -33 -47 -57 -61 -56 -47 -35 -25 -15 -4 7 19 30 42 51 57 58 53 43 31 18 5 -5 -12 -19 -30 -46 -61 -68 -63 -49 -34 -23 -15 -6 7 22 35 45 52 57 58 55 45 31 15 2 -8 -15 -24 -36 -48 -57 -60 -55 -45 -35 -25 -15 -3 9 20 29 39 49 59 63 58 45 29 14 3 -6 -14 -24 -36 -48 -57 -60 -56 -46 -34 -22 -12 -3 7 17 29 40 50 57 59 55 45 31 17 4 -5 -13 -22 -34 -48 -58 -62 -57 -47 -35 -25 -16 -5 7 20 31 42 51 59 61 56 45 29 14 4 -4 -12 -22 -37 -50 -59 -61 -55 -46 -36 -25 -15 -4 7 19 32 44 53 58 58 52 43 31 16 2 -8 -16 -23 -32 -45 -55 -60 -56 -48 -37 -26 -15 -4 8 19 30 40 50 58 60 56 45 30 15 2 -6 -12 -20 -33 -48 -59 -62 -56 -45 -35 -26 -16 -6 7 19 30 41 51 58 61 56 45 30 15 4 -4 -12 -22 -35 -48 -58 -62 -57 -48 -37 -26 -17 -6 6 20 33 44 52 57 59 56 46 31 14 2 62 7233 305 542
62 61 50 34 17 5 -2 -7 -15 -27 -40 -52 -58 -58 -52 -43 -32 -21 -9 4 15 26 35 44 52 57 57 49 37 24 13 3 -6 -19 -33 -46 -55 -58 -55 -48 -39 -31 -22 -13 -1 13 27 40 51 58 60 56 45 29 14 4 0 -1 -7 -19 -38 -56 -67 -68 -58 -43 -26 -12 -1 6 13 21 31 43 54 60 59 50 36 21 8 -2 -10 -18 -28 -40 -51 -58 -57 -50 -40 -30 -20 -10 3 16 28 37 45 52 55 55 47 35 21 9 1 -7 -16 -28 -43 -55 -60 -57 -50 -40 -30 -20 -9 3 15 27 37 46 52 55 54 47 35 21 9 0 -7 -14 -26 -41 -55 -62 -60 -50 -38 -27 -18 -9 1 12 23 35 46 55 60 59 50 35 19 5 -4 -9 -14 -24 -39 -53 -62 -61 -52 -40 -29 -18 -8 3 14 25 36 47 56 60 57 48 34 20 7 -3 -10 -18 -28 -41 -51 -57 -55 -49 -42 -33 -23 -9 6 19 28 35 43 51 57 57 48 35 20 8 -1 -9 -18 -29 -41 -52 -59 -58 -50 -38 -27 -17 -9 1 12 23 34 45 54 60 58 49 34 18 7 -1 -7 -16 -28 -42 -53 -58 -55 -48 -39 -29 -20 -10 1 12 23 34 45 54 59 57 48 35 21 8 -1 67 13337 305 542
-63 -57 -45 -34 -25 -16 -6 7 20 30 40 50 59 63 58 45 28 13 2 -5 -11 -21 -34 -49 -60 -62 -57 -46 -35 -24 -15 -4 7 18 29 39 49 58 62 57 46 30 15 3 -5 -11 -20 -33 -49 -61 -64 -57 -45 -34 -25 -17 -7 5 16 26 39 53 66 70 62 45 26 11 2 -6 -14 -25 -38 -49 -57 -59 -56 -47 -36 -25 -13 -2 8 19 30 40 50 58 61 57 46 30 14 2 -6 -12 -21 -34 -49 -59 -62 -56 -46 -36 -26 -15 -3 8 20 31 41 51 57 59 54 44 29 15 3 -5 -11 -21 -34 -49 -59 -61 -55 -46 -37 -27 -16 -4 8 20 31 42 52 59 58 52 42 29 17 6 -4 -13 -23 -34 -48 -58 -62 -57 -46 -34 -23 -14 -4 7 18 29 39 49 57 61 57 45 30 15 3 -5 -11 -21 -33 -48 -58 -61 -56 -47 -37 -27 -17 -5 8 20 31 40 50 58 61 57 46 30 14 2 -6 -13 -22 -34 -47 -57 -60 -56 -47 -36 -26 -15 -4 8 20 31 40 49 56 59 56 45 30 15 4 -3 -10 -20 -34 -48 -59 -62 -58 -48 -37 -25 -15 -4 7 19 31 43 52 58 59 55 45 30 14 2 -5 -11 -20 -34 -49 -59 -61 -55 -46 -36 -26 -15 -4 72 5453 305 542
61 61 53 40 25 10 -1 -7 -11 -18 -31 -48 -62 -67 -61 -48 -35 -24 -14 -2 10 22 33 44 55 63 64 56 42 27 13 2 -7 -16 -26 -38 -51 -61 -64 -58 -47 -35 -23 -13 -2 10 23 35 45 54 61 62 56 44 27 11 -2 -9 -14 -21 -34 -51 -65 -68 -60 -45 -32 -22 -13 -3 10 23 34 45 55 62 63 54 40 24 11 3 -3 -12 -23 -38 -52 -62 -65 -60 -49 -37 -25 -13 -1 10 22 34 45 55 62 64 58 46 30 15 2 -8 -17 -27 -41 -54 -63 -64 -57 -46 -35 -24 -13 -1 11 22 34 46 56 63 63 55 43 29 15 3 -7 -16 -27 -41 -54 -63 -64 -57 -46 -34 -24 -13 -1 10 22 33 44 55 62 64 58 45 28 11 -2 -10 -16 -25 -37 -51 -61 -62 -56 -44 -33 -23 -14 -4 8 20 33 46 57 63 62 55 43 28 14 1 -8 -16 -25 -38 -52 -62 -63 -56 -45 -34 -24 -14 -2 11 22 33 44 56 64 64 55 41 25 11 2 -6 -14 -25 -38 -52 -62 -64 -58 -47 -34 -23 -13 -1 13 25 35 44 52 59 62 57 45 28 12 0 -8 -16 -26 -39 -51 -59 -61 -57 -47 -35 -23 -11 0 11 22 33 44 53 60 62 57 45 28 12 -1 76 5728 305 542
58 62 60 50 35 19 6 -3 -11 -19 -31 -45 -58 -64 -62 -53 -40 -28 -18 -8 3 17 31 43 52 57 59 58 50 36 20 4 -6 -11 -18 -30 -45 -58 -64 -60 -51 -40 -29 -18 -6 6 16 26 38 50 60 63 58 48 34 21 8 -3 -11 -18 -28 -42 -59 -68 -66 -55 -41 -29 -18 -6 8 21 31 40 49 58 62 59 48 33 19 7 -2 -11 -22 -35 -47 -57 -61 -58 -50 -39 -28 -18 -7 4 15 27 39 50 59 62 60 51 36 20 5 -5 -12 -19 -30 -45 -59 -65 -60 -50 -38 -28 -20 -9 3 16 29 40 51 60 63 59 48 33 18 6 -3 -10 -18 -30 -44 -58 -65 -62 -51 -39 -28 -19 -9 3 16 28 39 48 58 64 63 52 35 19 6 -2 -10 -20 -34 -48 -58 -62 -60 -52 -42 -30 -18 -6 6 18 29 40 49 58 62 60 50 34 17 4 -4 -9 -16 -28 -45 -60 -66 -62 -51 -39 -29 -19 -8 4 16 28 39 51 60 64 61 50 35 19 5 -6 -15 -23 -32 -42 -53 -60 -60 -53 -41 -29 -17 -7 4 14 26 38 50 59 64 61 51 36 19 5 -5 -13 -21 -32 -46 -57 -62 -60 -51 -40 -28 -16 -5 5 15 26 37 49 59 64 60 49 34 19 6 81 5431 305 542
62 64 58 45 28 12 0 -8 -14 -25 -41 -56 -64 -61 -52 -42 -34 -27 -16 -2 13 25 33 42 52 60 61 55 42 28 15 4 -5 -15 -27 -40 -53 -60 -60 -55 -45 -36 -26 -14 -2 10 22 33 44 55 62 62 55 43 28 15 2 -8 -16 -24 -34 -48 -61 -68 -64 -50 -34 -21 -11 -2 11 24 36 45 52 58 60 56 44 28 12 0 -7 -14 -24 -38 -52 -62 -63 -57 -46 -34 -23 -13 -2 10 21 33 43 53 59 61 56 45 31 16 3 -7 -16 -27 -40 -53 -62 -63 -56 -45 -34 -24 -14 -2 11 23 33 42 52 61 63 57 43 26 11 1 -5 -13 -23 -37 -51 -62 -65 -58 -47 -34 -23 -14 -3 9 23 35 45 53 59 61 57 45 29 13 1 -6 -14 -24 -37 -51 -61 -64 -60 -49 -36 -23 -11 0 11 22 32 43 53 61 63 58 45 27 11 0 -7 -13 -24 -38 -53 -63 -63 -57 -46 -34 -23 -11 0 10 21 32 44 54 61 61 55 45 30 15 1 -9 -17 -26 -38 -51 -61 -62 -56 -45 -34 -23 -12 -1 10 21 31 43 54 62 63 55 41 26 13 2 -6 -14 -23 -36 -50 -61 -63 -58 -47 -36 -25 -15 -3 11 23 35 45 54 60 62 57 44 28 12 0 86 1735 305 542
62 67 62 48 28 10 -2 -9 -15 -24 -37 -53 -64 -65 -58 -45 -33 -22 -12 -1 10 21 32 44 55 63 64 56 42 26 12 0 -8 -15 -24 -37 -51 -63 -64 -56 -43 -31 -22 -14 -4 8 20 33 44 55 61 62 55 43 29 14 1 -9 -15 -23 -34 -50 -64 -68 -59 -45 -31 -21 -14 -4 10 23 34 44 54 62 63 56 42 26 12 1 -7 -16 -26 -38 -50 -59 -61 -56 -46 -35 -23 -13 -2 10 23 34 44 52 58 61 57 45 28 11 -1 -7 -13 -22 -37 -52 -62 -63 -57 -46 -35 -23 -13 -2 8 20 33 46 56 61 61 55 43 27 11 -1 -8 -13 -21 -35 -52 -64 -66 -57 -44 -32 -23 -14 -3 9 22 33 42 52 59 62 58 46 30 14 2 -7 -14 -24 -38 -53 -64 -66 -59 -46 -33 -22 -12 -2 10 23 34 45 54 61 62 55 42 26 12 2 -6 -14 -25 -38 -51 -60 -62 -57 -47 -36 -24 -13 -2 10 23 34 45 54 61 62 56 43 27 12 0 -9 -16 -25 -36 -49 -58 -62 -58 -48 -35 -24 -13 -2 10 22 34 44 53 60 62 57 45 28 13 1 -7 -14 -24 -38 -52 -61 -63 -57 -46 -35 -24 -13 -2 10 22 34 45 55 61 61 55 42 26 11 0 95 15101 305 542
-65 -63 -52 -38 -25 -15 -6 6 19 31 41 49 56 60 59 50 34 17 3 -4 -10 -18 -31 -48 -61 -65 -60 -49 -36 -24 -14 -5 4 13 24 37 51 61 65 61 48 31 16 4 -4 -11 -19 -31 -44 -56 -62 -60 -53 -41 -29 -16 -6 3 13 25 41 57 67 68 59 45 29 15 4 -6 -15 -23 -33 -44 -56 -62 -60 -50 -37 -25 -15 -5 6 18 29 40 49 56 60 56 47 33 18 6 -3 -11 -21 -33 -46 -56 -61 -58 -49 -38 -28 -18 -8 5 17 29 40 49 57 61 59 49 34 19 6 -4 -12 -22 -34 -47 -57 -61 -59 -50 -38 -25 -15 -7 2 13 25 39 52 62 64 59 47 32 17 5 -4 -12 -21 -33 -45 -56 -61 -59 -52 -41 -29 -17 -5 6 18 30 41 51 57 59 56 47 35 20 7 -5 -13 -21 -32 -45 -57 -63 -60 -50 -39 -28 -18 -7 5 18 30 39 48 56 61 60 51 36 19 4 -6 -13 -20 -31 -45 -58 -64 -60 -51 -39 -27 -17 -6 6 18 29 39 49 58 62 59 48 33 17 4 -4 -10 -19 -31 -46 -59 -64 -60 -50 -38 -28 -18 -7 6 19 30 40 48 56 62 61 51 33 15 2 -5 -10 -19 -32 -47 -58 -61 -57 -48 -38 -28 -17 -6 101 1408 305 542
54 59 60 56 44 29 12 -1 -9 -15 -24 -37 -51 -62 -64 -57 -46 -34 -22 -12 0 11 21 32 43 54 61 62 55 43 28 13 1 -8 -16 -26 -38 -52 -61 -63 -56 -45 -33 -22 -13 -2 10 22 33 44 54 60 61 56 44 28 11 -1 -8 -12 -20 -36 -55 -68 -69 -57 -41 -29 -22 -15 -3 12 26 36 44 52 59 61 55 42 26 12 1 -8 -16 -26 -37 -49 -58 -61 -56 -46 -34 -23 -13 -2 10 22 33 44 53 61 63 56 43 26 12 2 -5 -13 -25 -40 -54 -63 -63 -57 -46 -33 -22 -11 0 10 21 32 44 54 61 62 56 43 27 12 1 -7 -14 -25 -39 -53 -63 -63 -56 -44 -33 -23 -13 -2 10 22 35 46 55 60 60 53 42 27 12 1 -7 -14 -24 -38 -53 -62 -63 -56 -44 -33 -23 -12 -1 11 22 32 43 53 61 63 57 44 27 11 -1 -8 -14 -23 -37 -52 -62 -63 -56 -45 -34 -23 -12 0 11 21 32 44 55 63 63 56 42 26 11 -1 -10 -16 -24 -36 -50 -61 -64 -57 -45 -32 -22 -12 -2 10 23 34 44 52 59 61 56 43 27 12 1 -6 -13 -24 -39 -54 -63 -63 -55 -44 -33 -23 -13 -1 10 21 32 43 54 62 64 57 43 27 11 105 14508 305 542
57 60 57 47 32 16 3 -6 -13 -22 -33 -47 -58 -61 -57 -48 -37 -27 -15 -3 9 20 29 38 47 56 61 58 47 31 17 5 -4 -12 -22 -35 -48 -58 -61 -58 -49 -37 -25 -14 -4 6 18 29 41 50 57 59 55 46 33 18 6 -3 -11 -20 -33 -50 -63 -68 -61 -47 -33 -23 -15 -5 7 20 32 43 51 58 60 56 44 29 14 3 -5 -12 -22 -34 -47 -58 -62 -58 -47 -35 -24 -15 -6 6 18 30 40 48 55 60 59 50 34 15 1 -6 -11 -19 -33 -49 -61 -64 -57 -46 -35 -25 -16 -5 7 19 30 40 49 57 61 57 46 31 16 4 -5 -12 -21 -33 -47 -58 -62 -58 -49 -37 -26 -16 -5 6 18 30 40 50 58 62 59 49 32 15 2 -6 -11 -20 -34 -49 -60 -64 -59 -48 -36 -25 -13 -2 9 19 29 39 50 58 61 56 45 31 16 4 -5 -12 -22 -34 -47 -56 -60 -57 -49 -39 -28 -16 -3 8 19 29 39 50 58 62 59 48 32 15 1 -7 -13 -21 -33 -47 -58 -62 -57 -48 -37 -26 -15 -3 9 19 29 40 50 58 60 56 45 31 16 4 -5 -12 -20 -32 -46 -58 -63 -59 -49 -38 -26 -15 -4 8 20 31 41 50 57 60 57 47 31 15 2 111 8777 305 542
59 60 55 42 26 11 0 -8 -16 -26 -39 -52 -60 -60 -53 -43 -32 -23 -15 -4 8 22 35 47 56 61 60 53 42 28 13 0 -10 -18 -27 -38 -50 -60 -63 -57 -45 -33 -23 -12 0 13 26 36 45 52 58 59 53 41 26 11 0 -8 -14 -21 -33 -49 -64 -70 -64 -48 -31 -17 -8 -1 9 23 37 48 56 61 60 53 39 23 9 0 -6 -14 -25 -40 -54 -62 -62 -55 -44 -34 -23 -12 0 14 26 37 45 53 59 60 54 42 25 10 -2 -10 -16 -25 -38 -52 -61 -61 -54 -43 -32 -23 -12 0 13 24 34 43 52 58 60 55 43 27 12 0 -8 -17 -27 -41 -53 -61 -61 -54 -44 -34 -23 -12 1 13 25 35 45 55 62 63 55 39 22 7 -2 -8 -15 -25 -39 -53 -61 -61 -54 -43 -31 -21 -10 0 11 23 36 48 57 60 57 49 37 24 12 1 -7 -16 -27 -40 -53 -61 -61 -53 -42 -31 -22 -11 1 14 25 34 43 52 60 61 54 39 22 8 -2 -8 -15 -24 -37 -50 -60 -61 -55 -44 -33 -23 -13 -1 13 26 36 45 53 59 60 53 40 25 10 0 -7 -15 -26 -40 -54 -62 -62 -54 -43 -32 -21 -10 2 13 24 33 43 53 61 62 55 40 22 8 -2 116 2556 305 542
-61 -56 -46 -36 -25 -13 -2 8 18 28 39 51 60 63 58 46 29 13 1 -6 -13 -21 -34 -49 -60 -62 -57 -47 -36 -25 -14 -2 10 21 32 42 52 59 59 53 41 28 15 5 -4 -12 -22 -35 -48 -57 -59 -54 -45 -36 -27 -17 -7 5 16 27 39 52 63 68 64 51 31 12 -2 -10 -15 -23 -36 -49 -59 -61 -56 -47 -37 -27 -15 -1 12 22 30 38 49 59 63 59 47 30 14 2 -6 -13 -23 -36 -49 -59 -62 -58 -48 -36 -24 -12 0 10 20 30 40 50 58 61 56 44 28 13 3 -5 -12 -21 -34 -48 -57 -59 -55 -47 -38 -28 -17 -5 6 18 30 42 54 61 62 57 45 30 15 3 -6 -13 -22 -35 -49 -59 -61 -56 -47 -37 -27 -15 -3 9 20 30 41 53 62 63 57 44 28 14 2 -6 -13 -22 -35 -49 -61 -64 -58 -47 -35 -24 -13 -2 10 21 31 41 51 59 61 56 44 28 13 3 -5 -12 -23 -36 -49 -58 -60 -56 -47 -36 -24 -13 -3 7 18 29 42 53 60 61 55 44 29 15 3 -5 -12 -21 -34 -48 -59 -63 -58 -48 -36 -24 -13 -2 8 19 30 42 52 58 59 55 45 32 17 4 -6 -13 -22 -35 -49 -60 -63 -58 -48 -37 -26 -15 -3 121 15247 305 542
62 61 52 37 22 9 0 -7 -16 -27 -39 -51 -60 -62 -55 -42 -28 -17 -11 -4 6 22 38 50 57 59 57 51 39 23 7 -4 -9 -14 -23 -37 -51 -59 -59 -52 -42 -32 -22 -12 0 12 23 33 43 52 59 58 51 38 24 11 1 -5 -11 -20 -33 -49 -63 -68 -62 -49 -34 -21 -10 1 13 25 37 48 57 62 60 51 36 22 10 1 -6 -15 -27 -41 -54 -62 -62 -54 -42 -31 -21 -11 0 12 25 37 47 54 59 58 51 38 23 9 -2 -10 -16 -24 -37 -51 -60 -61 -53 -41 -30 -21 -13 -1 12 25 36 45 52 56 57 52 41 27 12 0 -9 -17 -26 -39 -52 -59 -57 -49 -40 -32 -25 -15 -2 11 24 34 45 55 61 61 53 39 23 9 -1 -8 -16 -26 -39 -52 -60 -60 -53 -42 -30 -19 -10 -1 9 20 32 45 55 60 59 52 40 25 11 0 -8 -16 -26 -40 -53 -60 -60 -53 -43 -33 -22 -10 1 12 23 35 47 56 60 57 49 37 23 8 -3 -9 -14 -22 -35 -50 -60 -61 -54 -43 -32 -22 -11 1 13 23 33 42 52 58 59 53 40 25 11 1 -7 -14 -24 -38 -52 -61 -62 -56 -44 -32 -22 -12 -1 11 23 36 48 57 61 60 52 38 22 8 -2 126 4763 305 542
57 63 62 51 34 15 2 -6 -11 -20 -33 -48 -59 -63 -57 -47 -37 -27 -17 -5 7 18 28 37 47 57 62 60 49 33 16 4 -4 -11 -20 -33 -47 -58 -61 -58 -49 -39 -28 -17 -6 6 19 31 42 51 56 58 56 48 34 17 2 -6 -9 -14 -28 -48 -64 -69 -60 -46 -33 -23 -15 -5 6 17 27 38 49 58 61 56 46 33 19 6 -5 -13 -20 -31 -45 -57 -63 -59 -49 -37 -26 -16 -5 7 19 29 39 48 56 61 58 48 32 16 3 -5 -10 -19 -32 -47 -60 -64 -58 -47 -34 -24 -15 -6 4 15 27 38 48 56 61 58 49 34 18 4 -4 -11 -19 -31 -45 -57 -63 -61 -53 -41 -28 -14 -2 9 19 28 37 46 55 61 61 53 37 20 4 -7 -15 -23 -34 -47 -57 -61 -57 -48 -37 -27 -17 -6 5 17 29 40 50 58 61 58 48 33 17 4 -5 -11 -20 -32 -47 -58 -62 -58 -49 -38 -27 -17 -6 5 17 29 41 52 60 61 57 46 32 17 5 -4 -11 -20 -32 -46 -58 -64 -60 -50 -37 -25 -16 -7 4 17 30 41 51 58 62 59 48 33 16 2 -7 -13 -21 -32 -45 -56 -61 -59 -50 -38 -27 -17 -7 4 18 31 42 51 56 58 56 48 33 17 4 131 541 305 542
60 61 56 44 29 14 2 -6 -13 -22 -35 -50 -60 -63 -57 -48 -37 -26 -15 -3 8 20 32 43 53 59 61 56 46 31 16 2 -7 -14 -22 -35 -49 -60 -64 -58 -48 -35 -24 -14 -4 7 18 30 42 54 61 62 56 45 31 16 4 -5 -11 -19 -33 -50 -65 -69 -63 -50 -36 -25 -14 -2 10 23 34 44 53 61 63 58 46 29 13 0 -9 -16 -25 -36 -48 -58 -62 -59 -49 -36 -24 -13 -3 8 21 33 44 52 58 60 57 47 30 12 -1 -7 -11 -19 -33 -49 -61 -64 -58 -47 -36 -25 -14 -3 7 19 30 42 53 60 61 56 45 31 16 4 -5 -13 -23 -35 -49 -60 -62 -57 -48 -37 -27 -16 -4 8 20 31 42 52 60 62 58 46 31 15 3 -5 -12 -23 -36 -51 -62 -63 -57 -46 -36 -26 -16 -4 9 21 32 42 52 60 62 57 45 30 15 3 -6 -13 -22 -35 -48 -59 -63 -59 -50 -39 -26 -14 -2 9 20 32 44 55 61 61 55 44 30 14 1 -9 -15 -22 -33 -47 -59 -63 -57 -46 -34 -25 -17 -6 7 21 32 42 51 58 62 58 47 30 15 3 -5 -13 -25 -38 -50 -59 -62 -60 -50 -36 -21 -9 -1 5 15 29 44 56 61 61 55 45 31 15 1 187 13770 305 542
-65 -63 -53 -40 -28 -17 -7 3 16 28 40 50 57 60 58 50 37 21 7 -3 -11 -19 -31 -45 -57 -62 -60 -51 -41 -30 -19 -8 4 17 28 39 49 56 59 58 50 37 22 7 -3 -10 -18 -29 -43 -56 -62 -60 -51 -41 -32 -22 -10 3 15 25 35 47 59 69 68 57 38 18 3 -7 -13 -21 -32 -46 -58 -64 -61 -51 -39 -28 -18 -8 3 16 28 39 49 58 62 60 50 35 19 5 -4 -11 -18 -30 -44 -56 -63 -61 -52 -41 -29 -19 -9 3 16 29 40 49 56 60 58 51 37 21 7 -3 -10 -18 -30 -45 -58 -65 -61 -51 -39 -29 -19 -9 3 15 28 40 50 59 62 60 51 36 19 5 -5 -11 -18 -30 -44 -58 -64 -62 -52 -40 -28 -16 -6 5 16 27 38 48 56 59 57 50 37 21 6 -4 -10 -15 -26 -43 -60 -67 -63 -51 -38 -27 -18 -8 4 16 28 38 48 57 61 60 51 36 20 6 -4 -11 -19 -30 -44 -56 -63 -61 -52 -40 -29 -18 -7 4 15 27 38 49 58 62 60 50 36 20 6 -3 -10 -18 -30 -45 -57 -63 -60 -52 -41 -29 -18 -7 5 16 26 37 47 57 62 61 52 37 20 6 -3 -10 -18 -30 -45 -57 -63 -60 -51 -41 -31 -20 -9 193 1053 305 542
59 62 57 47 33 18 5 -5 -14 -22 -34 -47 -57 -61 -58 -50 -39 -29 -17 -4 8 19 29 40 51 59 62 57 47 32 18 5 -4 -11 -20 -32 -47 -60 -64 -60 -50 -38 -27 -16 -4 8 19 28 38 50 60 64 59 47 32 17 5 -4 -11 -19 -31 -46 -61 -68 -64 -52 -37 -23 -13 -4 6 18 30 41 50 59 63 60 49 32 15 2 -6 -12 -20 -32 -48 -60 -64 -59 -48 -36 -26 -17 -7 5 17 30 42 52 59 61 57 47 33 18 6 -4 -12 -22 -34 -47 -58 -63 -59 -50 -38 -27 -17 -6 6 18 30 40 50 58 62 59 48 33 18 6 -3 -11 -21 -34 -48 -60 -64 -60 -50 -38 -26 -16 -5 6 18 30 42 52 60 62 58 47 32 17 5 -4 -10 -19 -33 -48 -60 -64 -59 -49 -38 -28 -18 -6 7 20 32 42 52 59 61 57 46 32 17 5 -5 -12 -21 -32 -45 -58 -63 -61 -51 -39 -27 -16 -6 6 19 30 41 51 58 62 59 48 33 17 4 -4 -11 -20 -33 -49 -61 -65 -60 -48 -36 -25 -16 -6 6 18 29 40 50 59 62 59 48 32 16 4 -3 -10 -19 -33 -48 -60 -64 -59 -49 -38 -27 -17 -6 6 18 29 40 51 61 64 60 49 33 17 3 203 10546 305 542
55 60 59 53 40 23 8 -3 -10 -17 -29 -43 -57 -63 -62 -54 -43 -31 -20 -9 3 15 28 40 51 58 61 59 50 36 19 5 -4 -9 -15 -26 -42 -57 -64 -63 -54 -43 -31 -19 -8 4 15 27 38 49 56 60 59 52 39 22 7 -2 -8 -14 -28 -46 -63 -68 -63 -50 -38 -28 -19 -9 4 16 27 37 48 57 62 60 51 37 21 8 -2 -10 -18 -30 -43 -56 -62 -60 -53 -42 -31 -20 -9 3 14 26 37 48 57 62 61 52 39 23 8 -2 -10 -19 -31 -45 -57 -62 -60 -51 -41 -30 -20 -9 3 14 26 37 49 58 62 60 50 36 21 8 -2 -9 -18 -30 -46 -58 -62 -58 -49 -39 -30 -21 -12 0 13 26 38 49 57 61 60 52 39 23 7 -4 -10 -16 -26 -42 -57 -65 -63 -53 -41 -30 -21 -11 2 15 26 38 48 58 63 61 52 37 21 8 -2 -9 -18 -29 -44 -57 -65 -63 -53 -40 -28 -19 -10 1 15 28 39 48 55 60 61 54 40 23 6 -6 -13 -20 -29 -41 -54 -62 -61 -54 -42 -29 -18 -7 2 13 24 36 47 56 61 60 52 40 25 10 -2 -11 -19 -30 -44 -56 -64 -62 -53 -42 -31 -20 -9 3 16 28 38 48 56 61 60 52 38 23 9 209 915 305 542
60 63 59 47 31 15 2 -5 -11 -19 -32 -49 -62 -66 -60 -48 -36 -26 -16 -5 7 20 31 41 50 58 62 59 48 32 16 3 -6 -12 -21 -34 -49 -60 -64 -60 -50 -37 -25 -14 -4 7 18 30 42 52 58 60 56 48 35 19 4 -7 -14 -21 -32 -48 -63 -70 -64 -49 -34 -21 -13 -4 7 20 31 42 51 58 61 57 46 31 17 5 -4 -13 -24 -36 -49 -59 -63 -59 -49 -36 -23 -13 -4 5 16 28 41 52 60 62 58 48 32 17 4 -5 -11 -20 -34 -49 -61 -65 -60 -50 -38 -26 -15 -4 7 18 30 42 53 61 63 58 47 32 15 2 -6 -12 -21 -34 -50 -61 -64 -58 -48 -37 -27 -17 -5 8 20 31 42 52 60 63 58 47 31 15 3 -5 -12 -20 -34 -49 -61 -65 -60 -50 -38 -26 -15 -3 9 20 31 41 51 58 61 57 47 32 16 3 -5 -11 -19 -33 -50 -62 -65 -59 -48 -38 -28 -17 -4 10 22 32 42 52 60 62 56 44 29 16 6 -3 -12 -23 -36 -48 -58 -63 -61 -52 -40 -26 -13 -2 10 20 30 40 50 58 62 59 47 32 17 4 -5 -12 -22 -35 -50 -61 -66 -61 -50 -36 -24 -14 -4 7 20 33 45 53 59 61 57 46 30 14 2 213 12078 305 542
55 62 62 54 40 24 10 -1 -9 -16 -26 -39 -53 -62 -63 -56 -45 -33 -22 -11 1 13 26 37 47 55 59 59 52 40 25 11 0 -8 -16 -26 -40 -55 -63 -62 -54 -43 -32 -22 -11 0 12 23 34 45 56 62 61 53 40 24 10 0 -6 -13 -24 -41 -58 -68 -66 -54 -40 -29 -21 -12 -1 12 25 36 47 55 61 61 54 42 25 10 -2 -10 -17 -26 -40 -54 -63 -63 -54 -43 -31 -21 -11 2 14 25 35 45 54 60 61 54 41 24 9 -3 -11 -17 -25 -37 -51 -61 -62 -55 -44 -32 -22 -12 1 14 26 35 44 52 59 61 56 43 25 9 -1 -8 -15 -26 -41 -56 -64 -63 -55 -42 -30 -19 -10 0 11 23 34 45 54 61 62 55 41 25 10 0 -8 -16 -28 -42 -54 -61 -60 -54 -45 -34 -22 -9 3 12 21 32 45 57 63 61 52 39 26 13 2 -9 -19 -30 -41 -53 -61 -63 -56 -44 -31 -20 -10 1 13 25 36 45 54 60 60 53 40 25 11 1 -8 -16 -27 -41 -55 -62 -62 -55 -43 -32 -21 -11 0 12 24 35 46 55 61 61 54 41 25 10 -1 -9 -17 -28 -41 -54 -62 -62 -55 -43 -32 -21 -11 1 13 26 36 46 54 60 61 55 42 24 8 218 7731 305 542
-63 -58 -47 -36 -26 -17 -6 6 20 32 43 51 58 61 57 47 32 16 4 -5 -13 -24 -37 -50 -60 -62 -57 -48 -36 -25 -13 -3 8 18 29 39 50 58 61 58 48 32 16 3 -5 -11 -19 -32 -49 -62 -66 -59 -48 -35 -26 -16 -5 7 18 27 38 51 63 69 64 49 30 13 2 -7 -15 -25 -38 -50 -58 -61 -57 -48 -35 -24 -14 -5 5 17 30 43 53 60 62 57 46 31 15 2 -6 -12 -20 -34 -48 -60 -63 -58 -48 -37 -27 -16 -4 8 19 30 41 51 59 62 58 47 32 17 4 -5 -12 -22 -35 -49 -59 -63 -58 -49 -38 -27 -16 -4 9 21 32 42 51 59 62 58 46 29 13 1 -5 -11 -19 -32 -47 -58 -62 -58 -49 -38 -27 -16 -4 7 18 29 41 51 60 62 58 46 30 15 3 -5 -11 -20 -33 -48 -60 -63 -58 -48 -37 -27 -18 -6 8 22 34 42 50 57 61 58 45 28 12 3 -3 -10 -22 -36 -47 -54 -56 -56 -53 -45 -30 -14 0 11 20 30 42 51 57 59 55 46 31 16 3 -5 -10 -18 -32 -49 -62 -65 -58 -48 -37 -27 -16 -4 8 20 31 41 51 59 62 58 47 30 14 2 -5 -11 -20 -34 -49 -61 -63 -57 -47 -37 -27 -16 -3 223 11898 305 542
-64 -62 -53 -41 -29 -18 -7 4 15 26 37 47 56 61 61 52 38 21 6 -4 -11 -17 -28 -43 -56 -63 -61 -52 -41 -30 -19 -9 2 14 25 37 49 59 63 60 51 37 22 8 -3 -11 -19 -30 -44 -56 -63 -61 -52 -41 -31 -21 -9 3 15 24 33 45 59 69 70 58 38 17 1 -8 -12 -19 -30 -44 -58 -63 -60 -50 -39 -30 -20 -9 4 16 26 36 47 57 64 63 52 37 20 7 -4 -12 -20 -31 -44 -56 -62 -60 -51 -40 -29 -20 -10 2 15 28 39 49 57 63 61 52 37 20 6 -4 -12 -20 -31 -44 -56 -62 -60 -52 -41 -29 -18 -7 4 15 26 36 47 56 61 59 50 36 22 9 -1 -9 -19 -31 -45 -57 -62 -59 -50 -40 -30 -20 -8 4 16 27 37 47 56 61 58 48 35 22 11 1 -9 -20 -32 -43 -53 -60 -61 -54 -43 -30 -19 -10 0 13 26 39 50 58 62 61 52 37 19 5 -4 -10 -18 -29 -43 -56 -62 -60 -51 -40 -29 -20 -10 0 13 26 39 50 58 62 60 51 36 20 7 -2 -9 -18 -31 -46 -58 -62 -58 -51 -42 -31 -19 -6 6 16 25 36 47 56 60 58 50 38 23 8 -3 -11 -17 -27 -41 -55 -63 -62 -53 -41 -31 -21 -10 229 1568 305 542
58 62 59 47 31 16 4 -3 -10 -19 -33 -49 -61 -65 -60 -49 -36 -25 -16 -7 5 18 31 42 52 58 61 57 47 32 17 5 -3 -10 -20 -34 -49 -61 -65 -61 -51 -39 -27 -15 -3 9 20 30 42 52 60 60 55 44 32 18 6 -5 -13 -20 -31 -46 -61 -68 -65 -52 -36 -23 -13 -3 8 20 30 40 50 58 62 59 47 31 15 3 -6 -13 -22 -33 -46 -58 -63 -60 -50 -38 -27 -16 -5 7 20 32 42 51 57 61 58 48 33 16 2 -6 -12 -20 -34 -50 -61 -64 -58 -48 -38 -27 -16 -3 8 18 29 42 55 64 63 54 40 27 15 5 -4 -11 -19 -31 -46 -59 -65 -61 -50 -37 -26 -16 -4 7 18 29 40 52 61 64 59 45 29 13 2 -6 -12 -19 -31 -46 -58 -63 -59 -47 -35 -26 -17 -8 5 18 31 41 51 58 60 57 47 34 19 6 -5 -14 -23 -35 -47 -57 -62 -60 -50 -38 -25 -14 -5 5 16 29 41 53 60 63 59 48 32 16 2 -6 -13 -21 -34 -48 -59 -63 -60 -50 -38 -26 -16 -4 8 20 32 43 52 59 61 57 46 29 14 2 -5 -11 -21 -34 -48 -59 -62 -58 -49 -37 -25 -15 -5 6 18 32 44 53 57 58 54 45 33 18 4 233 6042 305 542
56 61 60 53 39 24 9 -2 -9 -16 -25 -38 -52 -61 -61 -54 -44 -33 -23 -12 -1 11 22 33 45 57 64 63 54 39 23 11 1 -7 -16 -27 -41 -54 -62 -63 -57 -45 -33 -21 -11 0 12 26 38 48 55 59 59 53 41 25 11 1 -6 -14 -27 -44 -60 -68 -64 -52 -39 -28 -19 -10 0 12 24 35 45 54 59 60 53 40 25 11 0 -9 -17 -27 -40 -53 -61 -62 -54 -42 -31 -21 -13 -2 11 24 36 46 54 59 60 55 42 25 10 -1 -8 -16 -26 -40 -53 -62 -62 -55 -43 -32 -21 -12 -1 11 24 36 46 54 60 60 54 41 25 9 -2 -8 -14 -25 -39 -53 -62 -62 -54 -43 -31 -22 -13 -3 10 23 36 47 56 60 60 53 41 26 11 -1 -8 -15 -24 -39 -54 -63 -64 -56 -44 -33 -22 -11 1 13 24 35 45 55 61 61 55 42 25 9 -3 -10 -15 -24 -37 -53 -64 -64 -55 -43 -32 -22 -12 0 13 25 35 46 55 61 60 53 40 24 11 0 -7 -15 -26 -40 -54 -63 -63 -55 -43 -31 -21 -11 0 12 24 36 46 55 61 61 53 40 23 8 -2 -9 -15 -24 -37 -52 -62 -63 -56 -44 -32 -21 -11 0 12 24 35 45 54 59 60 53 39 24 10 238 2645 305 542
-62 -59 -49 -37 -26 -16 -5 6 19 30 40 49 57 61 57 47 32 17 5 -4 -11 -20 -33 -48 -59 -63 -58 -48 -37 -27 -17 -6 7 19 29 39 50 59 64 60 47 30 14 2 -5 -11 -20 -33 -48 -59 -63 -58 -48 -38 -28 -17 -5 7 17 26 37 50 64 70 65 49 29 12 0 -8 -15 -24 -35 -46 -57 -62 -58 -48 -35 -24 -14 -4 6 18 30 41 51 58 60 55 44 29 15 3 -5 -12 -20 -30 -44 -57 -64 -60 -48 -33 -22 -16 -10 0 15 30 43 53 58 61 57 47 33 17 4 -6 -13 -21 -33 -46 -57 -62 -59 -49 -37 -25 -15 -6 5 17 29 41 51 58 61 57 47 32 17 4 -4 -11 -20 -33 -47 -59 -64 -60 -50 -38 -27 -16 -4 9 21 31 40 48 57 62 58 46 30 15 3 -4 -11 -21 -34 -47 -57 -61 -58 -49 -38 -26 -15 -5 6 17 30 42 51 57 59 55 46 32 18 5 -4 -11 -20 -33 -47 -58 -62 -59 -50 -39 -27 -16 -4 8 18 29 39 50 58 62 60 50 34 17 1 -8 -14 -21 -33 -48 -61 -65 -58 -46 -34 -24 -15 -5 7 19 29 40 50 59 62 57 45 29 14 3 -5 -11 -20 -32 -46 -57 -60 -56 -48 -39 -30 -19 -6 243 2562 305 542
-63 -56 -44 -33 -23 -12 0 13 24 35 44 53 60 62 55 41 25 10 -1 -9 -17 -27 -39 -51 -59 -60 -54 -45 -33 -22 -11 1 12 23 34 44 53 59 60 53 41 25 12 1 -7 -15 -26 -39 -53 -60 -59 -52 -43 -34 -25 -15 -3 9 20 31 44 57 66 68 59 44 26 9 -4 -13 -20 -27 -38 -50 -60 -62 -56 -44 -31 -20 -11 0 12 23 33 43 53 61 62 55 41 25 11 -1 -9 -17 -27 -38 -50 -59 -61 -56 -45 -33 -22 -12 -1 12 24 35 45 54 59 60 53 39 24 11 2 -5 -13 -25 -40 -53 -61 -62 -56 -46 -33 -21 -10 0 11 22 34 45 54 60 61 55 43 26 9 -3 -9 -14 -23 -37 -53 -63 -63 -55 -44 -33 -23 -12 0 13 24 33 43 53 61 63 56 42 25 10 0 -8 -16 -27 -40 -52 -61 -62 -56 -45 -33 -22 -11 0 12 25 36 46 55 60 60 53 40 24 10 -1 -7 -15 -25 -40 -53 -61 -61 -54 -44 -34 -23 -11 2 13 23 33 43 54 61 61 53 40 26 12 1 -9 -17 -27 -39 -51 -60 -62 -55 -44 -32 -20 -9 2 12 22 32 43 53 60 61 53 40 24 10 0 -7 -14 -26 -40 -52 -58 -57 -50 -43 -36 -28 -17 -3 251 1563 305 542
55 63 62 53 37 20 7 -1 -7 -16 -28 -42 -54 -60 -58 -50 -40 -29 -19 -11 -2 8 20 33 47 58 63 62 54 41 25 10 -3 -14 -24 -36 -47 -55 -56 -51 -42 -34 -28 -22 -13 0 14 26 36 44 52 56 53 44 30 17 9 7 4 -3 -18 -38 -58 -69 -68 -58 -42 -27 -14 -5 4 11 20 30 41 52 61 64 57 42 23 5 -8 -16 -22 -29 -37 -46 -51 -51 -47 -40 -32 -24 -15 -4 10 25 38 47 53 56 55 49 36 21 8 0 -5 -12 -25 -40 -53 -59 -57 -49 -40 -30 -20 -10 1 11 22 34 46 55 59 56 47 35 21 9 0 -6 -14 -25 -40 -54 -61 -59 -50 -39 -29 -20 -10 1 13 24 34 43 53 60 61 52 36 18 4 -5 -10 -16 -26 -39 -51 -57 -55 -47 -38 -28 -20 -11 0 11 22 32 42 52 58 58 50 36 21 8 0 -6 -14 -26 -41 -53 -59 -58 -50 -41 -31 -21 -10 1 13 25 36 46 54 58 56 49 37 22 9 -2 -10 -18 -28 -40 -51 -57 -56 -49 -39 -30 -21 -11 0 11 23 34 45 54 59 58 50 37 22 8 -2 -9 -17 -28 -41 -53 -59 -57 -49 -39 -29 -20 -9 2 14 24 33 41 50 57 58 52 39 23 9 258 9135 305 542
58 61 57 46 30 12 -2 -11 -15 -22 -33 -47 -58 -60 -56 -47 -38 -27 -14 1 15 26 34 43 50 56 57 51 41 28 15 3 -7 -17 -26 -37 -49 -56 -57 -52 -43 -34 -25 -17 -6 7 20 33 44 54 61 61 54 41 25 10 0 -5 -10 -18 -31 -48 -63 -69 -64 -50 -33 -19 -8 1 10 20 30 41 52 60 62 55 42 26 11 1 -5 -12 -23 -37 -51 -61 -62 -56 -45 -34 -22 -11 0 11 21 29 39 49 58 61 57 46 30 13 0 -10 -16 -24 -35 -49 -59 -61 -55 -44 -34 -24 -13 -1 10 20 30 42 53 60 59 52 41 30 18 4 -10 -20 -27 -34 -45 -57 -62 -57 -44 -31 -22 -14 -5 8 21 33 43 52 58 60 53 41 26 13 3 -5 -12 -23 -36 -50 -59 -61 -54 -44 -33 -24 -14 -3 9 20 31 42 53 60 60 54 42 28 13 1 -9 -16 -23 -33 -45 -56 -60 -56 -46 -35 -25 -15 -4 10 22 33 43 51 58 60 54 43 28 14 2 -7 -15 -25 -36 -47 -57 -60 -57 -48 -36 -23 -12 -1 9 20 31 42 53 60 61 55 42 28 14 3 -6 -14 -25 -38 -51 -60 -62 -57 -46 -33 -21 -9 1 11 21 32 42 50 56 58 53 43 29 15 3 263 15463 305 542
-60 -52 -41 -30 -21 -10 1 11 22 32 43 53 60 60 53 39 23 8 -3 -9 -15 -24 -36 -49 -58 -60 -54 -43 -32 -21 -11 -1 9 21 32 44 55 61 62 54 40 24 9 0 -7 -15 -27 -42 -55 -62 -60 -52 -41 -30 -20 -10 1 11 20 30 41 54 65 68 59 41 20 4 -6 -11 -17 -27 -39 -51 -59 -59 -52 -42 -31 -20 -11 -1 11 23 35 46 54 59 58 52 40 25 10 -2 -10 -18 -28 -41 -52 -58 -57 -50 -41 -31 -22 -11 0 11 21 32 45 57 63 61 50 35 21 10 1 -7 -16 -27 -40 -52 -60 -59 -52 -41 -30 -20 -10 0 11 22 33 43 52 58 59 54 42 27 11 -1 -10 -17 -26 -39 -52 -60 -60 -53 -43 -33 -22 -11 2 15 24 33 42 52 60 61 53 38 22 9 0 -7 -15 -26 -39 -52 -60 -60 -53 -42 -31 -21 -11 0 12 24 35 45 53 58 58 52 39 24 9 -1 -8 -15 -25 -40 -54 -61 -59 -51 -41 -31 -21 -11 0 11 22 33 45 56 61 60 51 38 24 10 -1 -9 -16 -25 -38 -52 -62 -63 -54 -42 -30 -20 -10 1 13 25 35 44 52 58 58 52 40 25 10 -2 -9 -16 -25 -39 -53 -62 -61 -51 -39 -30 -22 -14 -3 267 12364 305 542
58 61 57 46 32 17 5 -4 -11 -20 -32 -45 -56 -61 -58 -49 -37 -26 -17 -8 3 16 28 40 50 58 62 59 49 33 17 3 -6 -13 -22 -33 -46 -56 -61 -58 -49 -37 -25 -14 -5 4 14 26 40 52 60 62 57 45 30 16 5 -3 -10 -18 -31 -47 -61 -68 -63 -48 -32 -19 -11 -5 3 15 27 39 48 55 60 58 49 34 18 4 -6 -13 -22 -32 -45 -56 -61 -58 -47 -35 -26 -19 -11 1 17 32 43 50 55 59 58 49 34 17 5 -3 -9 -19 -34 -50 -61 -63 -58 -49 -38 -27 -16 -4 7 18 28 39 50 58 61 57 47 32 17 4 -5 -11 -19 -31 -46 -58 -62 -56 -46 -36 -29 -20 -9 6 19 28 36 45 56 63 62 51 34 18 6 -2 -10 -21 -34 -48 -59 -64 -60 -50 -37 -26 -16 -6 5 17 29 40 50 58 62 59 48 32 16 3 -5 -10 -18 -30 -46 -58 -63 -59 -48 -37 -27 -18 -8 5 17 29 40 49 57 61 58 49 35 20 7 -4 -14 -24 -34 -46 -56 -61 -59 -51 -39 -27 -15 -4 7 18 29 39 49 57 61 59 49 33 17 3 -5 -12 -20 -32 -46 -57 -61 -58 -49 -38 -27 -16 -6 5 17 29 41 51 58 60 56 46 31 17 5 272 9429 305 542
-58 -52 -42 -31 -19 -9 1 10 21 33 46 54 58 55 47 36 24 11 1 -7 -15 -25 -38 -51 -60 -60 -54 -42 -30 -19 -10 -1 9 21 33 44 53 58 58 52 40 24 9 0 -5 -12 -23 -40 -55 -62 -59 -51 -42 -34 -26 -15 -2 11 21 31 43 56 67 69 60 42 23 8 -1 -8 -17 -30 -45 -58 -64 -62 -53 -42 -30 -18 -7 3 14 25 36 45 53 59 60 54 40 23 6 -4 -10 -16 -27 -44 -58 -63 -57 -46 -35 -27 -20 -10 2 14 24 32 42 51 58 58 50 36 21 8 -1 -8 -15 -26 -38 -50 -57 -56 -49 -39 -30 -21 -12 -1 10 21 31 42 52 59 59 52 38 22 9 -1 -7 -14 -24 -37 -50 -58 -59 -53 -43 -31 -21 -12 -2 10 24 36 45 52 56 56 50 39 25 10 0 -8 -15 -25 -39 -51 -58 -57 -50 -40 -31 -21 -11 -1 9 20 32 43 52 56 54 47 36 24 14 6 0 -8 -20 -36 -52 -60 -60 -53 -44 -35 -26 -16 -3 10 22 33 44 54 60 60 53 41 27 15 4 -6 -17 -28 -41 -53 -61 -62 -55 -44 -31 -20 -9 1 12 23 34 45 55 61 61 52 36 20 7 0 -6 -14 -27 -43 -55 -61 -58 -49 -39 -30 -20 -8 3 277 15021 305 542
57 60 57 48 34 19 5 -5 -12 -20 -31 -44 -56 -62 -59 -49 -38 -28 -18 -8 3 16 28 40 50 58 62 59 50 35 19 5 -6 -12 -19 -30 -46 -59 -65 -60 -48 -36 -28 -19 -9 5 19 31 40 48 56 60 58 49 34 18 5 -5 -11 -17 -26 -40 -56 -68 -68 -58 -41 -26 -14 -4 7 20 32 42 50 57 60 57 46 31 15 4 -2 -8 -18 -32 -47 -58 -62 -59 -50 -39 -27 -16 -6 5 17 29 40 49 56 60 59 50 35 18 4 -6 -13 -20 -31 -45 -57 -63 -60 -50 -38 -26 -16 -5 6 18 29 39 48 56 61 60 49 32 15 2 -5 -11 -21 -33 -45 -53 -56 -56 -51 -42 -30 -16 -3 7 17 27 39 49 57 59 56 47 33 18 4 -4 -10 -19 -31 -46 -56 -60 -58 -51 -42 -30 -16 -3 8 17 26 38 50 59 62 57 47 33 19 7 -4 -12 -21 -33 -46 -58 -63 -61 -52 -39 -26 -14 -3 7 18 29 40 50 57 60 56 46 33 18 5 -4 -11 -20 -32 -46 -58 -62 -58 -49 -38 -27 -16 -5 6 17 28 40 50 58 60 57 47 33 17 3 -6 -12 -18 -29 -44 -57 -62 -58 -48 -38 -29 -20 -8 5 18 29 39 48 57 61 59 50 35 19 5 282 6862 305 542
57 62 59 50 36 21 9 -1 -8 -16 -28 -43 -56 -64 -63 -55 -44 -31 -19 -8 3 14 26 38 49 58 62 61 53 40 23 7 -5 -12 -18 -28 -41 -55 -63 -62 -53 -43 -32 -20 -8 3 14 24 35 47 58 63 61 52 39 23 9 -1 -7 -13 -24 -41 -59 -71 -70 -58 -43 -29 -19 -8 4 17 28 38 47 56 62 62 53 37 20 7 -2 -8 -15 -27 -41 -55 -63 -63 -56 -44 -32 -20 -9 2 14 25 37 48 56 61 59 51 38 23 10 -1 -8 -17 -28 -42 -55 -63 -62 -55 -45 -33 -21 -9 3 15 26 37 48 57 62 60 51 38 22 8 -1 -8 -15 -26 -40 -54 -63 -64 -58 -47 -34 -20 -8 3 14 24 36 48 59 64 62 53 39 24 11 -1 -10 -19 -30 -43 -56 -64 -64 -56 -45 -33 -21 -9 3 16 27 38 48 57 63 63 55 40 23 8 -3 -11 -20 -30 -43 -55 -62 -62 -55 -44 -31 -19 -7 5 15 25 35 46 56 61 60 52 38 22 9 -1 -7 -14 -26 -41 -56 -64 -62 -53 -42 -32 -22 -11 1 13 25 37 48 59 63 61 51 38 23 10 -1 -10 -19 -29 -41 -54 -62 -62 -55 -44 -32 -21 -9 3 15 26 36 45 54 61 61 53 39 22 8 35 8360 304 15970
59 62 57 45 29 14 1 -8 -16 -24 -35 -48 -57 -61 -57 -47 -35 -25 -16 -7 5 18 33 46 56 63 63 57 44 28 12 0 -7 -12 -22 -36 -51 -62 -64 -57 -46 -35 -25 -13 -1 11 21 31 41 51 59 61 56 45 30 15 2 -7 -13 -20 -32 -49 -64 -70 -63 -49 -33 -21 -13 -3 9 23 34 44 52 58 61 57 45 29 13 1 -7 -13 -22 -36 -50 -61 -64 -58 -47 -35 -24 -13 -3 9 20 30 41 52 61 64 60 47 29 13 0 -8 -15 -23 -36 -50 -61 -63 -57 -45 -34 -24 -15 -5 8 21 33 43 51 59 62 59 47 29 13 1 -6 -12 -22 -37 -51 -61 -64 -59 -49 -37 -24 -11 0 9 19 31 43 55 62 63 56 43 28 13 2 -6 -13 -23 -37 -51 -61 -63 -57 -46 -35 -24 -13 -1 10 21 30 40 51 59 62 57 45 29 14 3 -5 -14 -24 -37 -49 -59 -61 -57 -48 -37 -25 -14 -3 8 21 33 44 52 58 60 57 47 32 15 1 -7 -13 -22 -36 -52 -63 -64 -57 -46 -34 -25 -14 -2 10 22 32 41 51 59 63 58 45 28 12 0 -7 -14 -23 -35 -48 -58 -62 -58 -48 -37 -25 -14 -3 9 20 32 42 52 59 62 58 46 30 14 2 40 14163 304 15970
-60 -58 -49 -37 -26 -15 -5 6 16 27 36 44 52 56 55 47 34 19 6 -3 -9 -17 -28 -43 -55 -60 -57 -47 -35 -25 -17 -8 3 15 25 35 44 53 58 56 47 33 19 8 0 -7 -16 -27 -41 -54 -61 -60 -51 -39 -28 -18 -8 3 14 24 35 48 62 69 63 45 24 9 2 0 -5 -17 -31 -44 -53 -57 -55 -48 -38 -27 -17 -8 3 15 27 37 45 51 56 56 48 34 18 6 -1 -6 -15 -28 -43 -55 -60 -58 -50 -39 -27 -17 -6 4 14 23 33 43 53 59 58 50 36 21 8 -1 -9 -18 -29 -43 -54 -61 -60 -51 -39 -27 -16 -6 4 15 26 36 46 54 58 56 47 33 18 7 -1 -8 -16 -30 -45 -57 -61 -57 -47 -36 -26 -18 -8 3 14 25 35 46 55 59 57 48 34 20 8 -2 -10 -19 -31 -44 -55 -60 -57 -48 -37 -26 -17 -8 3 15 26 37 47 55 59 57 48 33 18 5 -4 -10 -18 -29 -43 -55 -60 -57 -47 -36 -28 -20 -10 3 17 29 40 48 55 58 55 46 32 17 6 -2 -9 -18 -31 -46 -57 -60 -55 -45 -33 -23 -15 -8 1 12 24 36 47 54 58 55 48 35 20 6 -5 -13 -20 -28 -39 -50 -57 -58 -52 -41 -28 -16 -5 46 7195 304 15970
-62 -56 -45 -34 -27 -20 -12 1 15 29 40 49 55 55 50 40 29 19 11 3 -6 -17 -31 -44 -54 -57 -53 -45 -36 -29 -22 -12 2 17 30 39 45 51 56 55 47 32 16 4 -3 -9 -18 -31 -44 -53 -53 -47 -38 -30 -24 -19 -14 -9 -1 10 27 46 63 71 68 55 39 22 8 -2 -9 -17 -31 -50 -67 -74 -68 -53 -35 -20 -7 4 14 24 32 41 50 56 55 46 31 16 5 0 -3 -7 -14 -24 -37 -47 -52 -49 -40 -31 -23 -18 -12 -5 6 18 31 44 54 59 56 45 32 20 12 5 -5 -18 -33 -46 -54 -57 -54 -48 -39 -29 -19 -9 2 13 26 40 52 59 59 52 41 28 15 5 -2 -9 -17 -29 -42 -52 -55 -51 -44 -36 -28 -19 -9 1 11 22 35 48 57 60 54 43 30 18 8 1 -6 -16 -30 -45 -56 -58 -53 -44 -35 -26 -17 -7 3 13 24 35 46 54 57 54 46 33 18 4 -5 -10 -16 -26 -40 -52 -57 -53 -45 -36 -28 -18 -7 3 12 22 34 47 56 56 50 41 31 21 11 1 -8 -17 -28 -41 -54 -59 -55 -45 -35 -27 -20 -10 3 16 27 35 42 50 56 55 47 33 19 7 -1 -8 -17 -29 -41 -52 -57 -55 -47 -36 -26 -18 -10 50 9459 304 15970
66 65 53 34 18 9 3 -3 -12 -24 -37 -48 -56 -60 -56 -46 -34 -22 -12 -3 8 20 33 45 54 59 60 54 42 25 9 -2 -8 -14 -24 -37 -50 -58 -58 -51 -43 -33 -22 -11 0 8 17 27 40 51 58 58 52 42 31 17 5 -6 -13 -22 -35 -51 -65 -68 -60 -45 -29 -17 -9 0 10 20 31 41 50 58 60 55 43 27 11 0 -7 -14 -24 -37 -52 -60 -61 -54 -44 -33 -22 -10 1 11 20 30 42 54 62 60 51 38 24 13 3 -6 -15 -27 -40 -52 -60 -58 -51 -40 -31 -23 -14 -3 9 21 32 42 52 59 60 54 41 26 11 0 -7 -14 -24 -38 -51 -60 -61 -54 -43 -32 -22 -12 -1 11 23 33 43 52 57 58 52 41 26 12 0 -8 -15 -24 -36 -50 -59 -60 -53 -41 -29 -21 -13 -4 8 21 32 43 51 57 58 54 43 28 13 1 -8 -15 -24 -38 -52 -61 -61 -53 -41 -30 -22 -13 -2 10 22 33 43 52 58 59 53 41 25 11 0 -7 -14 -23 -37 -51 -60 -61 -54 -42 -30 -20 -12 -2 9 20 31 41 51 59 62 56 42 25 10 -1 -7 -14 -24 -38 -51 -60 -60 -53 -43 -33 -21 -9 2 12 21 30 41 51 57 58 51 40 26 13 1 61 1518 304 15970
-62 -56 -46 -35 -24 -15 -6 4 16 28 40 51 58 60 56 46 31 16 4 -5 -12 -20 -32 -46 -58 -63 -59 -49 -37 -24 -13 -2 8 19 29 40 50 56 57 53 44 32 18 5 -4 -11 -19 -31 -46 -60 -65 -60 -48 -35 -24 -15 -6 4 15 27 41 57 67 68 57 40 23 11 3 -4 -13 -23 -34 -46 -55 -60 -57 -47 -35 -25 -15 -6 5 17 28 39 49 57 60 56 46 31 16 4 -4 -10 -19 -32 -48 -60 -64 -59 -48 -36 -25 -15 -3 10 21 30 39 47 55 58 55 43 28 13 3 -4 -9 -17 -29 -43 -56 -61 -57 -47 -35 -24 -14 -5 5 15 25 36 46 55 59 57 48 34 20 7 -3 -12 -22 -34 -48 -59 -63 -58 -48 -35 -23 -13 -4 5 16 27 40 51 59 61 56 45 31 16 3 -6 -13 -21 -32 -45 -57 -62 -58 -47 -35 -25 -15 -5 7 19 31 41 50 56 59 55 45 31 16 3 -6 -12 -20 -32 -46 -57 -61 -58 -49 -39 -27 -16 -4 9 22 32 42 50 56 58 54 45 31 16 4 -5 -13 -22 -33 -46 -56 -61 -58 -48 -36 -24 -14 -5 5 16 29 40 50 57 59 56 46 31 16 3 -5 -11 -19 -32 -47 -58 -62 -58 -49 -37 -25 -14 -3 66 11359 304 15970
53 58 56 47 33 17 2 -8 -15 -22 -32 -44 -55 -60 -57 -46 -33 -22 -13 -4 7 18 28 38 47 55 58 54 45 31 16 4 -6 -14 -21 -31 -43 -54 -60 -58 -48 -35 -24 -15 -6 5 18 31 41 49 54 57 55 46 31 17 6 -1 -7 -18 -35 -54 -67 -68 -58 -45 -32 -22 -12 -1 11 21 30 38 48 57 61 56 44 28 13 2 -6 -13 -21 -32 -45 -56 -61 -57 -46 -34 -22 -14 -5 5 18 30 42 51 57 59 55 45 30 15 2 -7 -14 -21 -32 -46 -58 -62 -56 -43 -32 -23 -16 -5 9 23 33 37 42 50 58 58 47 29 13 2 -4 -10 -20 -33 -47 -56 -59 -56 -47 -36 -25 -15 -4 8 19 30 39 48 55 58 54 44 29 14 4 -3 -9 -18 -32 -47 -58 -61 -55 -46 -36 -26 -16 -5 8 20 30 39 47 55 59 55 45 31 16 5 -3 -12 -22 -35 -47 -56 -59 -56 -48 -38 -26 -14 -2 9 20 30 39 48 55 58 55 46 33 17 3 -6 -14 -22 -33 -47 -58 -62 -56 -45 -34 -23 -14 -3 8 19 29 39 49 57 59 55 44 30 16 3 -8 -16 -23 -33 -44 -55 -60 -56 -45 -34 -23 -14 -4 8 20 31 40 48 55 59 55 43 27 12 1 73 5931 304 15970
56 60 58 49 35 19 6 -3 -11 -22 -35 -50 -60 -62 -58 -48 -37 -26 -15 -4 7 18 29 40 50 58 60 56 45 31 17 4 -4 -11 -19 -31 -45 -56 -60 -56 -48 -38 -28 -18 -7 3 14 26 39 51 59 61 57 48 35 19 5 -4 -11 -17 -29 -46 -62 -69 -64 -51 -35 -23 -14 -5 5 18 30 41 50 56 58 55 47 34 18 5 -5 -13 -20 -31 -45 -56 -61 -58 -49 -38 -28 -17 -6 6 18 30 41 50 57 60 57 47 32 16 3 -5 -12 -20 -31 -45 -56 -61 -58 -49 -37 -26 -15 -5 6 17 27 38 48 56 60 58 49 33 17 4 -3 -9 -18 -32 -47 -59 -62 -58 -49 -39 -28 -17 -5 6 17 28 40 51 59 60 55 44 31 18 7 -1 -8 -18 -31 -48 -61 -65 -60 -49 -37 -26 -16 -4 8 20 29 38 46 55 60 59 49 33 16 3 -5 -11 -18 -30 -45 -57 -62 -59 -50 -38 -27 -15 -4 7 17 27 38 50 59 62 57 46 32 17 5 -4 -12 -21 -32 -46 -58 -63 -58 -48 -35 -24 -14 -5 5 16 27 37 47 56 60 58 49 34 18 5 -5 -12 -21 -33 -46 -57 -61 -57 -49 -38 -27 -16 -5 6 17 28 40 51 58 60 56 45 31 17 5 76 3128 304 15970
-62 -54 -42 -30 -20 -11 0 12 25 36 45 53 59 59 52 40 24 11 1 -7 -15 -26 -40 -53 -62 -63 -56 -44 -32 -21 -10 1 13 25 36 45 54 59 58 52 40 25 12 1 -8 -15 -25 -38 -53 -63 -64 -56 -43 -31 -22 -13 -2 11 23 32 43 55 67 70 60 40 19 4 -3 -8 -15 -27 -42 -55 -62 -61 -54 -42 -30 -20 -10 0 12 24 34 44 52 58 60 54 42 27 12 0 -9 -18 -28 -40 -52 -61 -62 -55 -43 -30 -20 -11 -2 10 22 35 45 53 59 61 56 43 27 11 -1 -8 -15 -26 -41 -56 -64 -63 -54 -43 -32 -21 -10 3 15 26 35 44 53 59 59 52 39 24 10 0 -8 -16 -26 -39 -51 -60 -61 -54 -43 -32 -22 -12 -1 11 23 34 45 55 61 61 53 39 23 11 2 -5 -15 -27 -42 -55 -62 -62 -55 -44 -32 -22 -11 1 13 25 35 46 55 61 61 53 39 23 9 -1 -8 -16 -26 -39 -52 -61 -62 -55 -44 -32 -22 -11 1 14 26 36 45 54 59 60 52 39 23 9 -1 -7 -14 -25 -38 -52 -61 -63 -56 -45 -33 -20 -9 2 13 23 33 45 56 62 61 51 37 23 11 2 -6 -16 -28 -42 -54 -61 -60 -53 -43 -32 -21 -11 0 81 5395 304 15970
60 63 59 48 33 17 4 -5 -11 -19 -31 -45 -58 -64 -60 -51 -39 -28 -17 -6 7 19 30 40 49 56 60 58 49 35 20 7 -3 -10 -20 -33 -48 -61 -65 -59 -49 -37 -28 -18 -6 6 19 29 39 49 58 63 60 49 33 16 3 -5 -9 -16 -30 -47 -63 -68 -62 -49 -36 -26 -17 -5 8 19 29 38 48 58 63 59 48 32 17 5 -4 -12 -21 -32 -44 -56 -62 -61 -53 -41 -28 -17 -6 5 17 30 43 53 59 60 56 48 35 19 5 -5 -13 -21 -33 -47 -59 -63 -59 -50 -39 -28 -17 -5 7 18 29 40 51 59 62 58 48 34 19 5 -5 -12 -20 -32 -46 -58 -64 -60 -50 -39 -28 -17 -6 6 17 28 40 50 59 62 58 48 34 19 6 -5 -12 -20 -32 -47 -59 -64 -59 -48 -37 -28 -19 -7 7 20 30 38 46 54 59 58 51 37 22 9 -1 -10 -21 -35 -50 -61 -65 -60 -50 -39 -29 -19 -6 8 21 31 40 49 57 62 60 49 33 16 4 -5 -11 -20 -32 -46 -58 -63 -59 -51 -40 -28 -17 -5 7 17 28 39 51 60 63 58 46 32 18 7 -3 -12 -22 -33 -46 -58 -63 -60 -50 -38 -27 -17 -7 6 19 30 40 49 58 64 61 49 32 15 2 85 16369 304 15970
61 61 55 42 26 10 -2 -10 -17 -26 -39 -53 -63 -63 -56 -44 -31 -21 -11 0 12 24 34 44 53 60 61 55 43 28 13 0 -9 -17 -27 -41 -54 -63 -64 -56 -44 -32 -21 -10 1 12 22 34 46 57 63 61 52 39 24 10 -1 -8 -14 -21 -35 -53 -67 -69 -59 -44 -31 -21 -12 0 14 27 37 45 54 60 61 54 40 25 12 1 -7 -17 -28 -41 -54 -62 -63 -56 -44 -32 -21 -11 0 12 24 35 45 54 59 60 55 44 28 11 -2 -10 -17 -26 -39 -54 -63 -63 -54 -43 -32 -23 -12 0 13 24 34 44 54 62 64 56 42 25 10 -1 -9 -16 -27 -40 -54 -62 -62 -55 -45 -33 -23 -12 0 13 25 36 46 55 61 62 54 40 24 10 0 -7 -15 -27 -41 -55 -63 -64 -56 -44 -31 -19 -10 0 11 24 36 47 55 60 60 54 41 25 11 0 -8 -15 -26 -39 -53 -62 -63 -57 -46 -33 -22 -11 0 13 25 36 46 55 62 62 55 41 24 9 -1 -7 -15 -28 -43 -56 -63 -62 -54 -43 -32 -21 -10 2 13 24 34 44 54 61 61 54 40 23 10 0 -7 -15 -26 -40 -54 -62 -62 -55 -43 -32 -22 -12 -1 11 23 35 46 55 61 62 55 41 24 10 0 91 3089 304 15970
57 60 57 47 33 18 5 -4 -11 -20 -32 -47 -59 -64 -60 -50 -38 -27 -17 -7 5 18 31 42 52 59 62 58 49 35 19 5 -6 -14 -24 -35 -48 -59 -64 -60 -50 -37 -25 -14 -4 7 18 30 42 51 57 59 57 49 35 19 3 -7 -14 -20 -31 -46 -60 -68 -64 -51 -36 -22 -12 -3 7 18 30 42 52 59 60 56 46 31 15 1 -8 -13 -18 -27 -43 -58 -65 -61 -49 -36 -26 -17 -7 6 19 30 40 49 58 62 59 48 32 16 4 -4 -10 -18 -31 -46 -59 -65 -62 -52 -40 -28 -17 -5 8 21 32 42 51 58 61 59 49 33 16 2 -7 -13 -22 -34 -49 -59 -63 -57 -48 -37 -26 -17 -6 6 19 31 41 51 58 60 57 48 33 18 4 -6 -13 -21 -33 -47 -59 -63 -59 -49 -37 -26 -16 -5 6 18 30 40 50 58 61 59 49 34 18 4 -5 -12 -21 -34 -49 -60 -63 -58 -48 -38 -28 -18 -6 7 19 29 41 52 60 63 58 46 32 17 5 -5 -12 -21 -33 -47 -59 -64 -59 -48 -37 -27 -18 -7 5 18 31 42 53 60 62 58 48 34 18 4 -7 -14 -22 -33 -47 -60 -65 -60 -48 -35 -25 -17 -7 6 20 32 42 50 57 61 58 48 33 17 4 96 1792 304 15970
55 59 58 51 39 24 10 -1 -8 -15 -25 -38 -51 -60 -59 -52 -42 -32 -22 -11 1 13 24 33 43 53 60 60 51 37 22 8 -1 -7 -14 -25 -38 -51 -58 -58 -52 -42 -32 -22 -11 0 11 22 33 44 53 59 59 52 39 23 9 -1 -5 -10 -22 -42 -60 -68 -61 -46 -34 -27 -22 -13 0 14 24 32 40 50 58 60 53 40 24 10 -2 -10 -18 -27 -38 -50 -58 -59 -52 -40 -29 -19 -10 -1 10 21 32 42 53 61 62 54 38 20 6 -3 -8 -14 -25 -39 -51 -57 -55 -49 -41 -32 -23 -12 -1 10 21 33 45 54 59 58 51 39 25 11 0 -8 -16 -25 -38 -52 -60 -60 -53 -42 -31 -22 -12 0 12 24 35 44 53 59 59 52 38 22 9 0 -7 -15 -25 -38 -51 -59 -60 -54 -44 -31 -19 -9 1 10 21 32 44 54 59 58 50 38 25 13 2 -7 -17 -29 -41 -52 -58 -58 -53 -44 -32 -20 -9 2 13 24 35 44 52 55 55 49 38 24 10 0 -7 -15 -25 -39 -51 -58 -57 -50 -42 -33 -23 -12 1 12 21 31 42 53 61 61 53 39 23 9 -2 -9 -16 -25 -38 -51 -60 -60 -52 -41 -31 -22 -12 0 13 25 34 43 51 58 59 53 39 23 9 101 2495 304 15970
53 54 54 49 38 21 7 -2 -6 -10 -20 -33 -47 -57 -58 -52 -42 -33 -24 -15 -4 9 23 36 46 55 59 57 46 31 19 11 7 1 -10 -24 -39 -51 -59 -60 -55 -45 -33 -22 -13 -1 13 28 41 48 52 53 51 45 34 23 14 8 2 -8 -26 -45 -61 -68 -63 -51 -36 -23 -13 -4 2 9 17 27 40 53 61 61 51 35 17 2 -8 -11 -13 -16 -25 -38 -51 -57 -57 -50 -40 -26 -10 7 20 29 32 35 40 48 54 53 45 33 20 6 -8 -23 -37 -49 -55 -54 -48 -41 -34 -29 -24 -16 -5 9 24 36 45 52 56 55 47 35 21 10 2 -4 -13 -26 -41 -53 -59 -56 -47 -36 -27 -20 -13 -4 8 21 33 45 55 61 60 50 33 15 2 -4 -7 -12 -21 -34 -49 -58 -59 -51 -40 -29 -18 -9 0 10 21 32 43 54 60 59 48 33 18 7 -1 -9 -17 -27 -37 -45 -51 -52 -50 -44 -34 -23 -11 2 14 26 35 43 49 54 55 49 37 21 7 -2 -7 -13 -22 -37 -50 -58 -57 -49 -39 -30 -21 -13 -2 10 22 35 47 56 60 56 46 31 17 7 1 -4 -13 -25 -40 -52 -57 -56 -48 -38 -28 -19 -11 -2 9 20 33 45 53 57 55 48 36 22 9 105 3108 304 15970
57 61 55 42 26 14 7 3 -3 -12 -24 -38 -52 -60 -60 -53 -40 -28 -16 -6 5 16 24 31 37 45 52 55 52 42 28 13 -1 -11 -20 -28 -39 -48 -54 -54 -49 -42 -35 -28 -17 -2 15 30 41 49 54 57 55 45 32 19 11 7 2 -8 -24 -44 -61 -70 -68 -58 -42 -26 -12 -2 5 12 22 35 49 59 63 59 49 34 17 1 -9 -15 -18 -25 -36 -48 -57 -57 -51 -41 -28 -16 -3 7 14 20 27 37 49 59 62 56 41 23 6 -6 -12 -17 -25 -38 -52 -60 -60 -53 -42 -31 -19 -6 6 17 26 35 44 53 58 56 46 32 19 8 0 -7 -16 -27 -40 -52 -59 -58 -49 -38 -27 -19 -11 -2 10 23 36 47 55 58 56 48 35 20 8 0 -6 -13 -24 -40 -56 -64 -61 -50 -36 -24 -16 -8 0 10 22 32 42 51 58 59 52 38 21 6 -3 -8 -15 -24 -38 -50 -58 -59 -53 -43 -31 -19 -7 4 14 23 32 42 52 58 57 49 36 23 10 0 -9 -19 -30 -41 -50 -55 -53 -47 -38 -30 -21 -12 0 11 22 32 41 51 58 59 51 38 24 11 1 -8 -18 -29 -41 -51 -58 -58 -52 -41 -29 -18 -8 2 12 23 33 43 52 58 58 50 36 20 7 114 13550 304 15970
55 62 61 53 39 24 11 1 -7 -15 -25 -38 -51 -61 -62 -56 -46 -34 -23 -11 1 12 23 33 43 53 60 62 56 43 26 11 0 -8 -15 -25 -40 -55 -64 -64 -55 -42 -30 -20 -11 0 11 22 33 44 55 62 62 55 41 25 11 -1 -7 -13 -22 -38 -56 -69 -68 -56 -41 -28 -20 -11 1 15 27 35 43 52 59 61 54 40 24 11 0 -8 -16 -26 -38 -51 -60 -63 -57 -46 -33 -22 -11 1 14 26 36 46 54 60 60 54 40 23 8 -2 -9 -15 -24 -38 -52 -61 -61 -54 -44 -32 -22 -12 -1 12 24 36 46 55 60 59 52 39 24 9 -1 -8 -15 -25 -38 -52 -60 -60 -53 -43 -33 -23 -12 0 12 22 33 43 54 61 62 55 41 25 12 2 -6 -16 -28 -42 -55 -61 -61 -55 -45 -33 -21 -9 2 13 24 34 44 52 58 58 53 42 28 13 1 -8 -16 -27 -40 -52 -61 -62 -56 -46 -33 -21 -9 1 12 23 34 45 55 61 61 54 40 24 10 -2 -10 -17 -26 -38 -50 -59 -61 -55 -44 -32 -21 -11 -2 9 22 34 45 54 59 59 53 41 26 12 2 -7 -15 -27 -40 -54 -62 -63 -55 -44 -31 -20 -11 -1 10 22 34 46 55 61 61 54 41 25 11 120 9444 304 15970
56 61 58 49 35 20 8 -1 -10 -19 -32 -47 -58 -64 -61 -51 -39 -27 -16 -5 6 17 28 38 48 56 61 59 49 34 18 5 -4 -10 -19 -33 -48 -59 -62 -57 -47 -37 -27 -18 -8 4 16 28 39 49 57 60 58 50 36 20 4 -6 -11 -16 -28 -46 -62 -69 -62 -48 -35 -25 -17 -6 6 18 28 38 48 57 61 58 47 32 17 4 -6 -12 -19 -29 -43 -56 -62 -59 -49 -36 -26 -18 -9 2 15 28 39 49 56 61 60 52 36 18 3 -7 -12 -18 -30 -45 -59 -64 -60 -48 -36 -25 -17 -8 4 16 29 39 49 56 60 57 49 35 20 6 -4 -11 -20 -32 -46 -57 -62 -59 -51 -40 -27 -16 -5 5 16 28 40 50 57 59 56 48 36 21 6 -4 -12 -19 -31 -46 -59 -64 -59 -48 -37 -28 -18 -6 8 20 28 36 46 56 61 59 48 33 19 7 -2 -11 -21 -32 -45 -55 -61 -59 -52 -40 -28 -16 -5 6 16 27 37 48 57 62 59 48 33 18 5 -3 -10 -20 -32 -46 -57 -61 -59 -50 -38 -27 -16 -7 3 14 27 39 50 57 61 59 50 36 19 4 -6 -12 -19 -30 -44 -57 -63 -60 -50 -39 -28 -17 -6 6 17 28 38 48 56 60 57 48 35 20 7 125 6722 304 15970
60 60 52 39 23 10 -1 -9 -17 -28 -40 -53 -60 -60 -53 -41 -30 -20 -10 0 11 23 35 46 54 59 59 53 41 24 8 -3 -10 -16 -25 -39 -54 -62 -61 -52 -40 -30 -21 -11 1 12 23 34 46 56 61 57 48 36 24 12 0 -9 -15 -21 -32 -48 -64 -70 -64 -48 -31 -18 -7 3 15 26 36 45 54 61 61 52 37 21 8 0 -7 -15 -27 -41 -54 -62 -60 -52 -41 -30 -21 -11 0 12 23 35 47 57 62 60 50 37 23 10 -1 -11 -19 -29 -40 -52 -61 -61 -53 -40 -28 -19 -10 1 13 25 35 44 52 59 59 52 38 23 10 1 -7 -17 -28 -42 -54 -60 -60 -52 -41 -30 -21 -11 1 14 27 37 45 52 57 58 51 39 23 9 -1 -8 -15 -25 -39 -52 -61 -61 -54 -42 -31 -21 -11 0 13 25 35 44 53 60 62 55 40 22 7 -2 -7 -14 -26 -42 -56 -62 -60 -52 -41 -31 -20 -9 3 15 25 34 43 51 57 58 52 39 24 10 1 -7 -15 -26 -40 -53 -60 -60 -54 -43 -31 -20 -10 0 11 23 35 46 54 59 59 53 41 25 11 0 -8 -16 -28 -43 -56 -63 -61 -53 -42 -31 -20 -9 2 13 23 34 45 55 61 61 53 38 22 7 -3 130 14201 304 15970
53 57 55 45 29 13 1 -7 -12 -19 -29 -42 -52 -56 -52 -43 -34 -25 -17 -8 3 15 27 38 48 54 54 48 37 24 15 9 6 0 -11 -27 -43 -53 -56 -53 -48 -42 -35 -26 -14 1 17 32 43 51 56 57 54 45 32 18 7 0 -6 -14 -29 -46 -62 -68 -64 -53 -37 -22 -8 1 8 14 21 32 45 57 64 62 51 32 12 -4 -14 -17 -19 -24 -33 -42 -50 -52 -51 -45 -37 -25 -11 4 19 30 39 46 51 55 54 49 39 28 18 7 -5 -22 -41 -57 -66 -65 -58 -46 -35 -25 -16 -7 3 16 31 44 54 60 60 55 44 29 16 5 -2 -10 -21 -35 -50 -59 -60 -54 -45 -35 -23 -12 -2 6 14 24 37 50 59 61 55 42 26 11 -1 -7 -10 -15 -25 -38 -52 -59 -57 -49 -38 -26 -14 -1 10 19 27 35 43 51 53 50 41 30 20 10 0 -9 -20 -32 -44 -54 -58 -54 -45 -35 -26 -17 -7 6 18 29 38 47 53 56 51 40 26 14 6 -1 -9 -19 -31 -43 -51 -54 -51 -44 -33 -23 -14 -6 2 12 24 37 47 53 54 49 38 25 13 4 0 -4 -12 -25 -39 -50 -53 -49 -42 -34 -26 -18 -9 0 9 19 30 42 52 57 56 48 36 21 7 188 12986 304 15970
-62 -59 -50 -40 -29 -19 -8 5 17 27 38 48 57 62 60 50 35 18 4 -4 -11 -18 -29 -44 -57 -63 -60 -50 -38 -28 -20 -10 2 17 30 41 49 55 58 58 51 37 20 5 -5 -10 -18 -30 -45 -58 -63 -59 -50 -39 -28 -16 -6 3 10 20 34 50 63 68 62 50 36 21 8 -4 -14 -23 -32 -44 -56 -64 -62 -52 -38 -26 -16 -8 3 15 28 39 48 57 62 60 51 36 21 8 -2 -11 -21 -33 -47 -58 -63 -60 -52 -40 -28 -18 -7 5 17 29 39 49 58 64 63 51 33 14 1 -5 -9 -16 -29 -45 -57 -62 -60 -52 -42 -30 -18 -5 8 19 28 37 47 56 62 61 51 35 18 4 -6 -12 -19 -31 -45 -57 -63 -59 -49 -38 -28 -18 -8 4 17 29 39 48 56 62 60 50 34 17 4 -4 -10 -19 -31 -46 -58 -62 -58 -49 -38 -27 -18 -8 4 16 27 39 49 56 60 58 49 36 21 7 -4 -12 -20 -31 -45 -57 -64 -60 -50 -38 -27 -17 -8 3 15 28 39 49 58 61 59 49 34 20 7 -2 -10 -20 -32 -45 -57 -63 -61 -52 -39 -26 -16 -7 3 15 29 41 50 56 58 57 50 36 20 6 -4 -10 -17 -30 -45 -58 -64 -61 -52 -40 -28 -17 -6 194 6768 304 15970
55 58 55 45 32 19 8 0 -8 -18 -31 -45 -58 -62 -59 -49 -37 -27 -19 -11 -1 12 25 39 51 60 63 59 47 32 17 5 -2 -7 -15 -27 -42 -55 -61 -60 -52 -41 -31 -21 -12 -1 11 24 38 50 60 65 63 54 39 22 8 -2 -9 -17 -30 -46 -61 -68 -65 -54 -41 -29 -18 -7 7 20 30 38 46 54 60 58 48 34 20 12 5 -4 -18 -36 -52 -61 -62 -58 -51 -42 -31 -18 -5 7 18 29 39 49 57 60 56 46 31 16 4 -3 -8 -15 -28 -43 -56 -61 -57 -48 -38 -29 -19 -9 4 15 26 36 46 55 61 59 49 32 16 4 -3 -8 -15 -27 -42 -56 -63 -62 -53 -40 -27 -15 -5 5 16 26 36 45 52 57 56 48 34 18 5 -3 -9 -17 -29 -42 -52 -55 -54 -50 -43 -32 -18 -4 7 16 24 33 44 54 59 56 45 31 16 4 -2 -6 -12 -23 -37 -50 -57 -56 -50 -41 -31 -20 -9 2 12 23 33 44 53 58 58 50 38 23 10 1 -7 -17 -32 -46 -57 -60 -56 -49 -41 -31 -19 -6 5 14 24 35 48 58 61 58 49 36 21 7 -4 -12 -19 -29 -42 -55 -61 -59 -51 -41 -30 -19 -7 6 18 28 39 49 57 60 56 46 32 18 5 200 14824 304 15970
56 60 59 52 38 23 9 0 -7 -16 -30 -46 -59 -64 -61 -52 -42 -32 -20 -9 3 15 26 37 49 59 64 61 51 36 20 8 -2 -9 -18 -30 -45 -57 -63 -60 -51 -40 -29 -20 -10 1 13 26 39 49 57 61 61 53 38 20 6 -1 -5 -12 -28 -49 -65 -69 -61 -48 -37 -29 -20 -8 5 17 26 34 44 55 61 61 52 38 22 8 -1 -9 -16 -28 -43 -56 -63 -61 -53 -42 -33 -23 -10 4 17 28 37 46 55 63 64 55 39 21 6 -5 -11 -18 -29 -42 -55 -63 -62 -55 -44 -31 -18 -6 5 15 25 36 48 57 62 60 52 39 23 8 -3 -11 -19 -29 -42 -55 -62 -61 -53 -43 -33 -22 -9 5 19 29 38 46 55 61 60 52 38 22 7 -4 -11 -19 -28 -41 -54 -62 -62 -53 -40 -28 -19 -11 0 12 25 36 46 55 61 62 55 41 23 8 -3 -10 -17 -28 -43 -56 -63 -62 -54 -42 -31 -21 -11 1 13 26 38 49 58 64 62 53 39 23 8 -2 -11 -19 -31 -44 -56 -62 -61 -53 -43 -31 -21 -10 2 14 26 37 48 58 64 63 54 38 21 7 -3 -10 -19 -31 -45 -58 -63 -61 -52 -40 -29 -19 -9 2 15 27 39 49 56 60 59 52 38 22 7 203 11446 304 15970
60 64 60 47 31 16 4 -5 -14 -24 -36 -49 -59 -63 -59 -50 -37 -25 -14 -4 8 20 31 42 50 58 62 59 49 33 15 1 -7 -14 -22 -35 -49 -60 -63 -58 -49 -37 -26 -14 -3 7 18 30 42 52 59 61 58 48 33 16 3 -4 -9 -18 -35 -55 -67 -68 -58 -46 -35 -26 -16 -3 10 22 31 41 51 60 63 59 48 32 15 1 -8 -14 -22 -35 -49 -60 -64 -59 -49 -37 -26 -15 -3 10 21 32 42 51 59 62 59 47 30 12 0 -6 -11 -20 -35 -50 -60 -62 -57 -48 -38 -28 -15 -3 9 19 29 41 53 62 63 57 45 31 17 4 -5 -14 -23 -35 -49 -60 -64 -60 -49 -36 -25 -15 -4 8 20 32 42 51 59 63 59 47 31 14 2 -6 -13 -23 -36 -50 -59 -62 -57 -49 -39 -27 -14 -2 10 20 30 41 52 60 62 57 46 32 17 4 -7 -15 -23 -35 -49 -60 -63 -58 -47 -36 -27 -17 -6 8 21 33 43 53 60 63 58 46 30 14 3 -5 -12 -22 -35 -50 -61 -64 -60 -50 -38 -27 -15 -4 9 22 34 45 53 60 61 57 46 31 15 2 -7 -14 -23 -36 -49 -59 -62 -58 -49 -38 -27 -15 -2 10 21 32 42 52 59 61 57 47 32 17 3 208 6775 304 15970
57 62 62 54 40 25 11 -1 -11 -21 -31 -43 -55 -62 -63 -55 -43 -30 -19 -10 1 13 27 39 49 56 60 60 54 41 23 6 -5 -10 -15 -25 -41 -56 -65 -63 -54 -43 -32 -21 -10 2 14 26 38 49 57 61 59 51 39 24 9 -2 -8 -14 -25 -42 -59 -68 -65 -53 -41 -31 -22 -10 4 17 27 36 45 56 64 62 52 36 20 8 0 -6 -15 -27 -42 -56 -64 -63 -55 -44 -32 -21 -10 2 13 24 35 46 57 64 64 56 41 24 9 -3 -11 -18 -29 -43 -56 -64 -63 -55 -43 -31 -20 -8 3 14 25 36 48 58 63 61 53 39 22 7 -5 -11 -16 -24 -38 -54 -65 -65 -55 -43 -31 -21 -10 3 15 25 34 45 57 65 65 55 38 20 8 -1 -8 -17 -29 -43 -55 -62 -60 -53 -43 -32 -22 -10 2 13 24 35 46 57 64 63 53 37 22 10 1 -7 -17 -29 -43 -56 -63 -62 -55 -44 -33 -22 -11 2 15 27 37 47 56 61 61 53 39 23 9 -1 -9 -17 -28 -41 -54 -62 -62 -55 -44 -32 -21 -10 2 14 26 37 47 56 62 61 53 38 22 9 0 -7 -16 -28 -43 -56 -63 -62 -54 -42 -29 -18 -8 1 10 20 31 43 55 63 64 55 41 24 11 213 4053 304 15970
57 61 59 50 35 18 5 -4 -10 -19 -33 -48 -59 -63 -59 -49 -38 -28 -18 -7 5 17 29 40 50 58 62 60 50 34 18 5 -5 -13 -23 -35 -48 -57 -60 -56 -48 -39 -29 -18 -7 5 17 29 40 50 58 62 60 51 35 18 2 -8 -13 -17 -27 -43 -61 -70 -67 -53 -37 -23 -13 -4 7 20 32 42 49 55 59 57 47 33 17 5 -4 -12 -21 -33 -46 -56 -62 -60 -51 -38 -26 -16 -6 5 18 30 41 50 57 61 59 50 34 16 2 -6 -11 -19 -32 -47 -59 -63 -58 -48 -36 -26 -17 -7 5 17 29 40 50 58 61 58 47 32 17 5 -2 -8 -18 -33 -49 -61 -64 -59 -49 -38 -27 -16 -6 5 16 28 41 52 60 63 58 48 33 17 4 -6 -14 -22 -33 -46 -57 -62 -59 -50 -38 -27 -16 -6 5 17 29 41 51 58 60 56 46 33 19 7 -3 -11 -21 -33 -48 -59 -64 -60 -49 -37 -27 -17 -6 6 19 31 41 49 56 60 59 50 35 18 3 -7 -13 -19 -30 -45 -58 -64 -60 -49 -37 -27 -18 -7 6 20 32 41 49 56 61 58 48 32 16 5 -3 -10 -21 -35 -49 -58 -61 -57 -49 -38 -28 -16 -5 7 19 30 40 50 58 61 57 45 30 15 4 224 6601 304 15970
62 65 58 42 24 8 -2 -8 -14 -25 -39 -53 -62 -63 -56 -45 -33 -21 -11 0 10 20 32 44 55 63 65 58 44 27 12 0 -8 -17 -28 -42 -56 -63 -62 -54 -43 -32 -23 -13 -1 12 25 37 47 56 60 60 53 41 26 11 -1 -9 -15 -22 -35 -52 -66 -69 -59 -44 -30 -20 -12 -1 12 26 37 45 53 59 62 57 44 27 11 -1 -9 -17 -26 -40 -53 -63 -64 -56 -44 -31 -20 -11 -1 11 24 35 45 53 59 61 56 43 26 11 0 -7 -14 -26 -41 -55 -63 -63 -55 -45 -33 -23 -12 0 12 23 34 45 56 62 63 55 41 25 10 -1 -8 -15 -26 -40 -54 -63 -63 -55 -44 -33 -24 -14 -1 13 25 35 44 54 61 63 56 42 25 11 1 -7 -15 -27 -41 -54 -63 -64 -57 -46 -34 -22 -11 2 14 25 35 44 54 61 62 55 42 25 11 -1 -9 -17 -27 -39 -52 -61 -62 -56 -45 -32 -21 -11 -2 10 22 35 47 57 62 61 54 40 25 11 1 -7 -15 -26 -40 -53 -62 -63 -57 -45 -33 -21 -10 0 11 23 35 47 56 61 60 53 41 25 10 -1 -8 -14 -23 -37 -52 -63 -64 -56 -44 -33 -23 -13 -1 12 24 36 46 55 62 62 55 41 24 10 0 229 3305 304 15970
58 62 60 50 34 16 3 -5 -12 -21 -33 -47 -58 -63 -60 -50 -36 -22 -13 -7 0 10 25 40 53 61 63 59 49 33 17 4 -4 -10 -19 -32 -48 -61 -65 -61 -50 -39 -28 -17 -5 6 18 29 39 49 58 62 60 51 36 20 6 -4 -11 -20 -33 -48 -62 -68 -64 -54 -40 -28 -17 -6 7 22 35 46 54 60 61 58 48 32 15 1 -7 -12 -19 -31 -47 -60 -66 -61 -51 -39 -29 -19 -7 7 21 32 42 51 59 63 60 50 35 19 5 -6 -15 -25 -37 -49 -59 -62 -59 -50 -38 -27 -15 -3 8 18 28 38 49 59 64 60 48 32 17 5 -3 -9 -18 -31 -47 -60 -66 -62 -52 -40 -27 -16 -4 7 17 27 39 51 61 65 59 47 32 18 5 -5 -13 -22 -32 -45 -58 -65 -62 -51 -38 -26 -17 -8 4 17 30 41 50 57 61 59 50 34 17 4 -4 -11 -19 -31 -45 -57 -64 -62 -53 -41 -29 -18 -7 5 17 29 41 51 59 62 59 50 36 20 7 -3 -11 -20 -32 -46 -59 -65 -62 -53 -40 -27 -16 -6 5 15 27 39 50 59 63 60 50 36 21 8 -3 -12 -23 -35 -48 -58 -62 -60 -52 -42 -30 -18 -5 8 20 31 41 50 58 62 59 49 34 18 4 234 4508 304 15970
-59 -60 -53 -43 -33 -23 -13 -1 12 23 33 41 50 56 59 54 43 27 11 -1 -8 -13 -21 -33 -48 -59 -61 -54 -44 -35 -27 -17 -5 9 21 32 42 52 61 63 57 43 28 14 4 -4 -14 -27 -41 -54 -61 -61 -55 -45 -34 -24 -13 -3 8 19 32 47 60 68 66 55 40 25 11 0 -10 -20 -29 -40 -51 -59 -61 -55 -44 -32 -22 -12 -1 11 23 34 45 55 61 61 54 40 25 12 1 -8 -16 -27 -40 -54 -63 -63 -55 -43 -31 -22 -13 -3 11 24 36 46 55 61 61 55 42 26 11 -1 -10 -19 -29 -41 -53 -59 -60 -54 -45 -34 -22 -11 1 12 22 32 43 54 61 61 53 40 26 13 2 -7 -17 -27 -40 -52 -61 -63 -56 -43 -31 -21 -13 -3 10 25 37 47 53 57 58 52 40 24 9 -1 -7 -12 -22 -36 -50 -59 -59 -53 -44 -34 -24 -14 -3 8 20 33 44 54 59 60 54 43 28 13 2 -6 -14 -26 -41 -53 -60 -60 -55 -47 -37 -23 -9 4 12 20 31 44 56 63 61 53 41 27 12 -1 -10 -17 -24 -37 -52 -63 -65 -57 -44 -31 -21 -10 1 12 23 34 45 56 63 62 53 39 22 8 -2 -8 -14 -24 -37 -51 -60 -62 -56 -45 -34 -22 -12 239 2074 304 15970
-60 -58 -50 -40 -29 -18 -6 6 17 28 40 51 59 62 58 47 32 16 4 -4 -11 -19 -33 -47 -58 -61 -57 -49 -39 -29 -18 -5 6 17 27 38 50 60 63 59 49 34 18 5 -5 -12 -20 -32 -46 -58 -62 -58 -50 -41 -31 -19 -5 8 16 24 35 49 62 68 63 51 35 20 7 -4 -14 -25 -37 -50 -61 -64 -59 -48 -37 -26 -16 -5 8 21 33 42 49 55 57 55 45 31 16 5 -2 -8 -17 -30 -45 -57 -61 -58 -49 -39 -29 -18 -7 4 17 29 41 50 57 60 57 47 33 17 5 -3 -9 -17 -31 -48 -61 -65 -60 -49 -38 -27 -17 -5 8 20 31 40 48 55 59 57 47 31 16 3 -5 -11 -19 -31 -45 -57 -62 -59 -50 -38 -27 -16 -5 7 18 30 41 52 60 62 56 43 28 15 5 -4 -12 -23 -35 -47 -58 -62 -59 -48 -34 -20 -11 -3 6 17 30 42 50 55 57 54 45 31 16 3 -6 -13 -21 -33 -46 -55 -57 -53 -45 -37 -28 -18 -6 5 17 28 40 51 59 62 56 45 30 16 5 -4 -12 -21 -33 -46 -57 -61 -58 -49 -38 -28 -17 -5 8 20 31 40 50 58 61 57 47 32 17 4 -6 -13 -21 -32 -45 -57 -63 -61 -51 -38 -25 -13 -2 244 2928 304 15970
-63 -57 -46 -34 -23 -11 2 16 27 35 40 46 53 58 54 42 26 11 1 -5 -12 -23 -36 -50 -60 -61 -56 -46 -35 -23 -12 0 10 21 31 42 53 60 61 54 41 26 12 1 -6 -13 -22 -34 -49 -60 -62 -56 -46 -36 -27 -18 -6 8 20 31 43 55 66 69 62 47 28 12 0 -8 -16 -27 -41 -55 -64 -65 -58 -46 -33 -21 -9 2 13 24 34 44 53 60 62 56 42 26 11 0 -8 -16 -27 -40 -52 -59 -59 -53 -43 -32 -22 -12 -1 11 22 32 42 52 59 61 54 40 24 10 0 -6 -13 -23 -36 -49 -59 -61 -55 -44 -32 -22 -13 -3 9 22 34 44 51 57 59 55 43 26 10 -2 -8 -13 -23 -37 -51 -61 -61 -54 -43 -32 -22 -12 -1 10 21 32 42 52 58 59 52 39 24 10 1 -5 -12 -22 -36 -49 -58 -59 -53 -44 -34 -24 -12 0 11 22 31 40 48 55 57 52 40 25 12 2 -4 -10 -19 -33 -46 -56 -58 -53 -44 -33 -24 -16 -7 3 16 30 42 53 59 60 55 43 28 13 4 -3 -10 -22 -37 -52 -61 -61 -54 -45 -35 -26 -14 -1 11 23 32 41 51 58 60 55 43 27 13 2 -6 -15 -26 -40 -51 -58 -58 -52 -44 -35 -25 -14 -2 248 13691 304 15970
57 62 59 48 33 18 6 -3 -10 -18 -30 -42 -54 -61 -60 -54 -42 -29 -16 -5 4 14 25 38 50 59 62 58 48 33 18 6 -3 -9 -18 -31 -46 -58 -62 -57 -49 -40 -31 -20 -8 6 18 28 39 49 57 60 56 47 34 18 4 -6 -12 -16 -24 -40 -57 -68 -67 -54 -38 -25 -15 -6 6 18 30 41 50 58 62 59 48 32 15 2 -7 -12 -19 -31 -45 -58 -64 -60 -50 -38 -26 -14 -2 11 22 33 41 49 55 57 54 45 31 15 1 -8 -14 -21 -31 -44 -56 -59 -55 -45 -34 -25 -16 -5 7 18 27 36 45 53 58 57 47 34 19 6 -3 -11 -20 -32 -45 -55 -60 -57 -49 -39 -29 -18 -7 4 16 27 38 49 58 62 60 49 34 17 4 -5 -11 -18 -30 -45 -57 -63 -59 -50 -40 -29 -18 -5 8 19 28 37 47 56 60 56 46 33 20 7 -3 -11 -20 -30 -44 -56 -63 -61 -51 -38 -25 -15 -6 5 16 27 37 47 55 60 58 48 33 17 6 -2 -9 -18 -31 -45 -57 -62 -60 -51 -39 -28 -17 -6 5 18 31 42 51 57 58 55 47 33 18 4 -5 -13 -21 -33 -47 -59 -62 -57 -46 -33 -22 -12 -2 9 19 28 36 44 52 56 54 45 31 17 6 253 12856 304 15970
58 60 55 43 27 12 0 -8 -15 -24 -37 -51 -61 -62 -56 -44 -33 -23 -14 -3 9 22 34 45 53 59 59 53 41 26 11 0 -7 -12 -21 -35 -50 -60 -60 -53 -43 -34 -26 -17 -5 8 20 32 42 52 60 62 56 44 29 14 3 -5 -12 -22 -37 -53 -65 -68 -61 -48 -34 -22 -11 0 12 24 35 45 54 60 61 55 43 27 12 0 -10 -17 -26 -37 -50 -61 -64 -58 -46 -33 -21 -10 1 12 23 32 42 51 59 62 58 46 28 11 -2 -9 -15 -24 -37 -52 -62 -64 -57 -47 -35 -24 -12 0 13 24 33 44 54 61 62 55 41 25 12 2 -6 -14 -25 -40 -54 -63 -64 -57 -45 -32 -21 -11 -1 11 23 34 45 54 60 60 53 40 24 9 -1 -8 -14 -23 -37 -52 -61 -61 -53 -42 -31 -22 -12 -1 10 22 32 42 51 58 60 54 42 27 12 1 -7 -15 -25 -39 -52 -59 -59 -52 -43 -33 -23 -13 -2 8 19 30 43 54 61 62 54 42 28 14 2 -7 -16 -26 -39 -52 -62 -63 -56 -44 -33 -23 -13 -2 10 22 34 44 54 61 62 56 42 26 11 0 -7 -14 -24 -38 -53 -62 -62 -55 -45 -35 -25 -14 -2 10 23 34 45 55 61 61 55 42 27 12 0 258 7185 304 15970
58 62 59 50 36 20 7 -3 -12 -21 -32 -45 -57 -63 -61 -53 -42 -29 -16 -5 6 16 26 38 48 56 60 57 49 37 22 8 -2 -9 -17 -29 -45 -58 -64 -61 -52 -42 -31 -20 -8 4 14 25 36 49 60 65 62 52 38 22 8 -2 -9 -16 -28 -45 -61 -69 -65 -54 -41 -29 -19 -8 5 18 29 38 47 56 62 62 54 40 23 8 -3 -11 -20 -32 -47 -60 -66 -63 -52 -39 -28 -18 -8 5 18 29 39 48 56 61 61 52 36 19 5 -4 -10 -18 -30 -45 -58 -65 -62 -53 -40 -27 -16 -6 4 14 26 39 50 59 63 59 49 35 21 8 -2 -11 -21 -33 -46 -56 -61 -60 -54 -44 -32 -19 -4 9 20 30 40 49 56 60 57 48 34 19 6 -4 -12 -20 -30 -43 -55 -62 -60 -51 -39 -27 -17 -7 3 14 26 37 48 56 61 59 50 35 18 5 -3 -8 -16 -28 -42 -54 -61 -59 -52 -42 -31 -20 -9 2 13 25 38 50 58 61 59 50 37 23 10 -1 -9 -19 -33 -47 -59 -63 -59 -50 -40 -29 -18 -7 5 15 26 37 48 58 62 59 50 36 21 7 -4 -13 -20 -29 -42 -54 -62 -62 -54 -42 -29 -17 -5 6 17 28 38 48 56 61 58 49 36 21 8 263 6538 304 15970
-63 -57 -46 -33 -21 -12 -3 9 22 36 47 55 59 59 53 43 28 12 0 -8 -13 -21 -34 -50 -62 -65 -59 -47 -35 -24 -13 -2 10 22 34 46 56 62 61 53 41 27 13 2 -7 -14 -23 -35 -50 -61 -64 -57 -45 -35 -25 -15 -2 11 21 29 39 52 64 68 60 43 26 13 5 -3 -13 -26 -42 -55 -64 -64 -58 -46 -34 -23 -11 0 12 22 32 43 54 63 65 57 42 25 12 2 -7 -16 -27 -39 -52 -61 -63 -57 -46 -33 -22 -11 -1 11 23 34 44 53 60 62 56 43 27 12 0 -8 -16 -26 -39 -52 -61 -61 -55 -45 -34 -23 -13 -2 10 22 34 46 56 63 62 53 39 24 12 2 -6 -14 -26 -40 -53 -61 -62 -56 -46 -34 -23 -11 0 11 21 31 42 54 61 62 55 42 26 12 2 -6 -13 -24 -38 -52 -61 -63 -57 -47 -35 -25 -14 -2 10 22 34 46 57 63 62 53 38 22 10 2 -5 -12 -22 -36 -49 -58 -62 -58 -48 -36 -24 -13 -3 8 20 33 46 56 62 62 54 41 26 13 3 -4 -12 -24 -39 -55 -64 -64 -57 -46 -34 -22 -11 0 11 22 33 45 55 61 61 54 42 27 13 1 -8 -16 -26 -38 -51 -60 -62 -56 -46 -34 -23 -12 0 268 8080 304 15970
-63 -55 -43 -32 -23 -13 -2 11 24 35 45 54 60 61 55 41 25 11 1 -7 -15 -27 -40 -53 -61 -62 -56 -45 -33 -21 -11 -1 10 21 33 45 55 61 60 53 42 27 12 1 -8 -16 -25 -38 -52 -61 -62 -56 -45 -34 -24 -14 -1 11 21 30 41 55 67 71 62 44 23 6 -4 -10 -16 -26 -39 -52 -61 -63 -56 -44 -32 -23 -13 -3 10 24 37 48 57 62 62 54 40 23 9 -2 -9 -15 -24 -37 -51 -61 -63 -57 -46 -33 -22 -11 0 11 23 34 44 53 60 62 56 44 27 11 -1 -8 -15 -25 -39 -53 -63 -63 -56 -44 -32 -21 -11 -1 10 22 34 45 54 60 61 55 43 28 12 1 -8 -16 -27 -41 -54 -62 -61 -54 -44 -33 -24 -13 -1 12 24 35 45 54 61 62 55 41 24 9 -1 -7 -14 -25 -39 -53 -61 -61 -54 -45 -35 -24 -13 -1 11 22 33 45 56 63 63 55 41 26 13 1 -9 -18 -28 -40 -51 -59 -61 -56 -47 -35 -23 -11 1 13 23 34 44 54 61 62 56 42 25 10 0 -7 -15 -26 -40 -54 -62 -62 -55 -44 -33 -23 -12 -1 12 25 36 46 54 59 59 53 41 27 13 1 -8 -16 -26 -38 -51 -60 -62 -56 -46 -35 -24 -13 0 278 8237 304 15970
-61 -58 -51 -40 -29 -17 -5 7 19 29 40 49 57 60 56 48 35 20 6 -4 -12 -20 -32 -47 -59 -64 -59 -48 -37 -26 -16 -5 7 18 27 37 48 57 62 58 47 32 18 5 -3 -10 -18 -29 -44 -57 -64 -61 -51 -39 -28 -18 -7 4 14 24 35 50 65 72 66 49 29 12 2 -5 -12 -21 -33 -46 -57 -62 -58 -48 -37 -27 -18 -8 4 17 28 38 47 57 64 62 51 34 20 8 -1 -12 -25 -39 -50 -57 -59 -57 -50 -40 -29 -17 -7 5 18 32 44 52 58 59 56 47 33 16 2 -7 -11 -18 -29 -44 -58 -63 -60 -50 -38 -27 -16 -5 6 16 26 37 49 60 64 59 47 31 16 6 -2 -9 -18 -32 -47 -59 -64 -60 -51 -39 -27 -16 -5 6 18 29 40 49 57 61 58 48 33 18 5 -4 -11 -20 -31 -45 -57 -63 -60 -50 -38 -26 -16 -7 4 15 28 40 50 58 61 59 49 33 17 4 -4 -9 -17 -30 -46 -58 -62 -58 -50 -41 -31 -19 -6 8 19 29 39 49 58 62 58 48 33 19 6 -3 -11 -19 -31 -46 -59 -65 -61 -50 -37 -26 -16 -6 5 16 27 39 49 58 62 59 48 33 17 5 -3 -9 -18 -31 -46 -59 -64 -60 -50 -39 -28 -18 -7 283 8615 304 15970
59 59 53 41 26 13 2 -7 -16 -28 -41 -54 -61 -61 -54 -43 -32 -21 -10 1 13 24 34 44 52 58 59 52 39 24 11 1 -7 -14 -24 -37 -51 -60 -61 -54 -43 -32 -22 -13 -2 10 22 34 44 53 58 58 53 43 29 15 2 -9 -17 -24 -35 -50 -64 -70 -63 -47 -30 -16 -8 0 11 23 35 45 53 59 61 55 41 24 9 0 -6 -14 -26 -41 -54 -61 -60 -53 -44 -33 -22 -11 0 11 22 33 44 53 60 61 54 42 26 11 -1 -9 -16 -26 -39 -52 -61 -61 -55 -44 -32 -21 -11 0 11 21 32 43 53 61 62 55 42 25 10 -1 -8 -16 -26 -39 -52 -61 -61 -55 -44 -32 -21 -11 0 11 22 33 44 54 61 61 55 41 24 9 -2 -9 -15 -24 -36 -50 -60 -61 -55 -45 -34 -23 -13 -2 10 23 35 47 56 61 60 52 39 24 12 1 -7 -16 -27 -40 -52 -59 -60 -55 -44 -32 -21 -10 0 11 22 34 45 53 58 58 52 41 26 11 0 -7 -14 -24 -37 -51 -61 -63 -58 -46 -34 -21 -10 2 14 25 35 43 50 56 58 54 42 26 10 0 -7 -13 -23 -37 -52 -62 -63 -56 -44 -32 -21 -11 -1 9 21 34 46 55 61 60 53 40 24 10 -1 36 5242 304 13879
55 61 61 53 39 23 9 -2 -9 -16 -26 -40 -54 -62 -60 -52 -40 -30 -22 -12 0 13 25 35 44 53 60 60 51 36 20 8 1 -6 -14 -26 -40 -52 -59 -59 -53 -43 -31 -20 -11 -1 9 22 35 46 54 57 57 52 42 27 10 -2 -8 -12 -20 -37 -56 -68 -67 -55 -41 -30 -21 -11 2 15 26 34 42 51 59 61 55 42 25 10 -2 -10 -17 -26 -39 -53 -62 -63 -55 -42 -31 -20 -10 1 13 25 35 45 54 61 61 53 38 21 6 -3 -8 -15 -26 -40 -52 -59 -59 -52 -43 -32 -22 -11 0 12 24 35 45 54 60 59 52 38 23 10 0 -6 -14 -26 -41 -54 -62 -62 -54 -42 -29 -19 -10 -1 10 23 35 45 53 58 59 54 42 26 10 -1 -8 -15 -26 -41 -55 -63 -62 -54 -42 -30 -19 -8 2 11 22 34 46 55 59 58 52 41 27 11 -2 -11 -17 -26 -38 -52 -61 -62 -54 -42 -30 -21 -12 -1 11 24 36 47 55 59 58 50 39 25 12 1 -7 -16 -27 -40 -53 -61 -61 -55 -44 -32 -20 -9 2 12 23 35 46 56 60 59 51 38 24 10 0 -9 -16 -26 -39 -52 -61 -62 -55 -43 -30 -19 -8 2 12 22 33 44 55 61 61 52 37 21 7 39 14313 304 13879
58 60 55 43 29 15 4 -4 -11 -20 -32 -45 -55 -58 -55 -47 -37 -26 -16 -5 5 15 26 38 49 58 61 56 45 31 16 4 -4 -11 -20 -32 -46 -56 -60 -56 -49 -39 -27 -15 -3 7 17 27 38 50 58 60 56 47 34 17 3 -6 -10 -17 -31 -50 -67 -70 -61 -45 -32 -23 -15 -4 10 23 34 43 52 59 61 54 41 26 12 0 -8 -15 -23 -34 -46 -55 -58 -54 -45 -34 -24 -15 -5 5 17 29 42 52 59 59 54 44 30 15 2 -7 -14 -22 -32 -45 -55 -58 -54 -46 -37 -28 -16 -4 9 20 29 38 47 55 59 55 44 29 14 3 -3 -9 -17 -29 -44 -56 -61 -58 -49 -38 -27 -17 -6 6 18 30 40 49 56 58 55 46 32 18 5 -4 -12 -21 -34 -48 -58 -61 -57 -47 -36 -25 -15 -5 6 18 30 40 49 55 57 54 45 32 17 4 -5 -12 -20 -32 -46 -58 -61 -57 -48 -38 -27 -16 -3 10 20 29 38 48 57 62 58 46 30 15 2 -6 -14 -22 -33 -46 -57 -62 -59 -49 -37 -24 -13 -2 9 21 32 42 50 56 58 55 45 30 13 -1 -10 -15 -21 -32 -46 -56 -58 -53 -43 -34 -26 -16 -5 8 19 28 37 46 54 58 55 46 32 18 7 44 14017 304 13879
59 58 51 38 23 9 -1 -8 -15 -24 -37 -51 -61 -61 -53 -41 -31 -22 -13 -2 11 23 34 43 52 60 63 56 41 23 8 -1 -6 -13 -25 -40 -55 -62 -62 -54 -44 -32 -21 -11 0 11 23 36 48 55 58 57 52 42 27 11 -3 -10 -13 -20 -35 -54 -67 -68 -57 -42 -30 -21 -12 0 12 23 34 45 56 64 64 54 39 22 9 -1 -8 -16 -27 -41 -54 -62 -61 -53 -43 -32 -22 -11 1 13 23 33 44 55 61 61 53 39 24 10 0 -7 -15 -25 -39 -54 -63 -63 -55 -43 -32 -22 -11 1 12 23 33 44 55 62 62 53 38 22 8 -1 -7 -14 -25 -38 -51 -59 -60 -54 -44 -34 -24 -14 -2 10 23 34 45 54 60 60 52 40 25 12 2 -6 -14 -23 -36 -49 -59 -63 -58 -47 -34 -22 -12 -2 9 20 32 44 54 61 62 56 43 27 12 0 -8 -17 -28 -41 -53 -60 -59 -52 -43 -34 -25 -13 0 14 25 33 40 50 59 63 57 43 25 10 -1 -8 -16 -26 -39 -51 -59 -62 -57 -46 -33 -21 -9 1 12 23 35 45 53 58 58 52 41 27 13 1 -7 -16 -28 -42 -55 -62 -61 -53 -42 -31 -21 -11 0 12 23 34 44 53 59 59 53 42 27 12 1 49 10321 304 13879
-64 -59 -48 -36 -24 -13 -2 10 20 31 41 52 61 63 57 44 28 14 3 -5 -13 -23 -36 -50 -60 -63 -59 -48 -36 -25 -14 -3 9 21 32 43 53 61 63 56 44 29 15 4 -5 -14 -24 -37 -50 -61 -64 -59 -47 -34 -23 -14 -4 8 19 29 39 51 62 68 65 51 30 11 -2 -9 -15 -24 -38 -53 -63 -65 -57 -45 -33 -22 -13 -2 9 21 32 42 52 59 62 57 46 29 13 2 -6 -13 -23 -37 -52 -61 -63 -56 -46 -35 -25 -15 -4 8 20 32 44 54 61 62 57 45 30 15 3 -7 -15 -26 -39 -52 -61 -62 -56 -46 -34 -23 -13 -2 9 20 31 43 53 60 62 56 44 30 15 3 -6 -15 -25 -37 -50 -60 -62 -57 -46 -35 -25 -15 -5 8 21 32 43 53 62 66 60 46 28 11 0 -8 -15 -24 -37 -50 -60 -63 -59 -49 -36 -24 -13 -2 10 22 34 45 54 59 61 55 44 28 13 1 -7 -14 -24 -38 -51 -60 -61 -56 -46 -35 -24 -14 -3 8 20 32 44 55 61 61 55 43 28 13 2 -6 -13 -23 -35 -49 -59 -62 -57 -47 -36 -26 -15 -3 8 20 31 43 53 59 61 57 47 32 16 2 -8 -15 -23 -35 -49 -60 -64 -59 -48 -37 -26 -15 -4 55 8528 304 13879
61 62 55 40 23 9 -1 -7 -15 -27 -42 -55 -62 -61 -53 -42 -32 -22 -13 -1 11 24 36 47 55 60 61 55 43 27 10 -3 -12 -19 -27 -39 -53 -61 -61 -53 -42 -31 -22 -13 -2 10 23 34 45 55 61 62 55 43 27 12 0 -8 -14 -24 -38 -55 -67 -69 -61 -47 -32 -20 -10 2 14 27 39 49 57 61 60 52 39 24 10 -1 -9 -17 -26 -38 -52 -61 -63 -57 -45 -32 -21 -10 0 11 23 36 48 57 62 61 53 40 25 10 -2 -10 -17 -26 -39 -54 -63 -63 -55 -43 -31 -22 -12 1 14 26 35 44 52 59 61 55 41 24 10 1 -6 -14 -26 -41 -55 -62 -62 -56 -45 -34 -23 -11 1 13 25 36 47 56 63 62 54 39 22 8 -1 -7 -14 -26 -41 -55 -64 -64 -55 -43 -31 -20 -10 1 12 25 36 47 56 61 61 53 39 23 8 -1 -8 -15 -26 -41 -55 -62 -61 -53 -42 -31 -21 -10 1 12 23 35 45 54 60 61 54 41 24 9 -2 -8 -15 -26 -40 -54 -61 -60 -52 -42 -33 -24 -14 -2 11 23 35 46 56 63 63 55 41 24 10 0 -7 -16 -28 -42 -55 -61 -61 -55 -46 -34 -22 -10 1 12 23 35 47 57 63 62 54 40 23 8 -3 59 12528 304 13879
60 62 58 47 30 14 3 -5 -11 -21 -34 -49 -59 -62 -58 -49 -38 -26 -15 -4 7 18 29 41 52 60 62 57 46 32 16 3 -6 -14 -22 -33 -46 -58 -63 -59 -49 -37 -26 -15 -4 7 19 30 40 50 57 60 57 47 33 18 5 -4 -10 -17 -28 -46 -63 -71 -67 -53 -36 -23 -13 -4 8 21 33 43 51 58 60 57 46 31 16 3 -6 -13 -22 -33 -46 -57 -62 -59 -49 -37 -26 -17 -7 5 18 31 43 52 59 60 56 46 32 17 4 -4 -11 -20 -32 -47 -60 -65 -60 -50 -38 -27 -16 -4 8 20 30 40 50 59 63 59 47 32 17 4 -5 -13 -23 -35 -48 -59 -63 -58 -48 -37 -26 -16 -5 7 20 32 42 51 58 60 56 46 31 16 4 -4 -11 -20 -32 -47 -58 -63 -59 -50 -39 -28 -16 -5 7 18 29 40 51 60 64 60 48 32 16 3 -5 -12 -22 -35 -50 -60 -63 -58 -48 -37 -25 -14 -3 8 18 29 40 51 59 62 57 46 31 16 4 -5 -13 -21 -32 -45 -57 -62 -60 -50 -38 -26 -15 -6 5 17 30 41 51 58 61 59 49 34 17 3 -6 -12 -19 -32 -48 -60 -64 -59 -49 -38 -28 -19 -7 7 21 34 44 52 58 62 59 48 31 14 1 64 11006 304 13879
-65 -57 -44 -32 -22 -12 -1 12 23 33 42 52 59 61 55 42 26 11 -1 -9 -16 -24 -36 -49 -58 -60 -55 -45 -36 -26 -15 -2 11 23 33 43 54 62 63 55 40 23 10 1 -5 -12 -22 -36 -50 -60 -63 -58 -48 -35 -24 -14 -5 5 17 31 46 59 67 68 61 46 28 11 -1 -9 -16 -26 -40 -55 -64 -64 -57 -46 -34 -24 -13 -1 12 25 36 46 54 60 61 56 44 28 12 0 -8 -16 -27 -40 -53 -61 -61 -54 -45 -35 -24 -13 -1 9 20 32 45 56 63 64 57 44 27 10 -4 -13 -19 -25 -36 -50 -60 -61 -54 -43 -32 -23 -13 -1 12 23 33 42 51 58 59 53 41 26 13 2 -6 -14 -24 -38 -52 -61 -62 -55 -44 -33 -23 -13 -2 10 22 33 44 53 60 61 54 41 25 11 1 -6 -14 -25 -39 -53 -61 -62 -55 -45 -33 -23 -12 -2 9 20 32 43 54 61 62 55 42 27 13 2 -6 -15 -26 -39 -51 -59 -60 -55 -47 -37 -26 -14 -2 9 20 32 44 56 63 64 57 44 29 14 3 -6 -14 -25 -40 -55 -65 -66 -58 -47 -34 -23 -13 -1 11 23 35 46 56 62 62 56 44 28 13 1 -9 -17 -27 -40 -53 -61 -63 -57 -46 -34 -22 -10 0 68 15907 304 13879
55 60 60 52 37 20 6 -2 -9 -16 -28 -42 -55 -61 -60 -51 -40 -29 -20 -11 0 12 24 35 45 54 61 62 55 40 22 7 -2 -8 -16 -28 -43 -56 -63 -61 -53 -43 -31 -20 -9 2 12 24 36 48 57 62 60 52 39 24 9 -2 -8 -14 -25 -42 -59 -68 -66 -55 -42 -29 -19 -7 5 17 27 36 46 55 61 60 52 38 23 8 -3 -12 -19 -28 -41 -54 -62 -61 -53 -41 -30 -20 -10 2 15 27 37 46 54 60 60 53 39 23 7 -4 -11 -17 -26 -40 -54 -62 -61 -52 -41 -31 -22 -11 2 15 26 36 45 56 62 62 52 37 21 8 -2 -10 -18 -28 -41 -53 -61 -62 -54 -42 -30 -19 -10 0 13 26 38 47 54 59 60 53 39 22 7 -3 -8 -15 -27 -43 -56 -62 -60 -51 -41 -30 -21 -11 0 12 24 37 48 58 62 60 52 38 23 8 -3 -11 -19 -30 -43 -55 -61 -59 -51 -41 -31 -20 -10 2 14 25 36 47 56 61 60 52 38 22 7 -3 -10 -17 -27 -41 -55 -63 -62 -54 -42 -30 -19 -8 3 14 25 35 46 56 62 60 52 38 22 8 -2 -10 -17 -28 -41 -54 -63 -62 -54 -43 -31 -20 -9 3 15 27 37 47 55 60 60 53 38 21 6 79 11716 304 13879
59 60 56 46 31 15 2 -7 -14 -23 -37 -52 -62 -64 -57 -46 -35 -24 -13 -2 10 21 31 42 52 60 62 57 44 29 14 3 -5 -13 -24 -38 -53 -63 -65 -57 -45 -33 -23 -13 -3 9 21 32 43 52 59 62 57 45 28 12 1 -5 -10 -19 -35 -53 -66 -68 -59 -46 -34 -23 -13 -1 10 21 32 43 54 62 63 56 42 26 12 1 -6 -13 -22 -35 -50 -61 -64 -59 -48 -36 -24 -13 -2 10 21 32 43 54 61 63 57 44 28 13 1 -7 -14 -23 -36 -52 -63 -66 -58 -45 -32 -21 -12 -2 9 21 32 42 52 60 62 56 44 29 14 3 -6 -15 -25 -37 -50 -61 -64 -59 -48 -34 -22 -12 -2 10 22 34 44 52 59 61 56 44 28 13 1 -6 -13 -24 -38 -52 -62 -63 -56 -45 -33 -22 -13 -2 9 20 32 43 53 60 62 56 44 28 13 2 -6 -14 -25 -38 -51 -60 -61 -56 -46 -35 -24 -14 -3 8 20 32 44 54 60 61 55 44 30 15 3 -7 -14 -24 -37 -50 -61 -64 -58 -47 -36 -25 -14 -3 10 22 34 44 53 60 62 56 44 27 12 1 -6 -14 -24 -37 -50 -60 -63 -58 -48 -36 -24 -13 -2 9 21 33 44 54 60 62 56 44 28 12 0 85 1861 304 13879
55 61 61 53 38 21 7 -2 -9 -17 -29 -45 -57 -62 -60 -52 -43 -32 -21 -8 4 16 27 38 48 57 61 59 50 37 22 9 -1 -8 -17 -29 -45 -58 -64 -61 -51 -39 -29 -19 -9 2 13 26 38 49 57 60 58 50 38 23 9 -1 -6 -12 -25 -45 -64 -72 -67 -52 -37 -26 -18 -9 3 16 27 37 47 57 62 60 50 37 22 9 -2 -11 -20 -30 -43 -54 -62 -62 -55 -43 -31 -19 -7 4 16 28 39 48 56 60 59 51 37 21 6 -3 -9 -16 -28 -43 -57 -63 -60 -52 -42 -31 -20 -8 3 15 26 37 48 57 61 59 51 38 23 8 -3 -10 -17 -27 -41 -56 -64 -63 -53 -39 -28 -20 -14 -4 10 27 42 52 59 62 61 54 40 22 6 -6 -12 -18 -28 -43 -57 -63 -62 -54 -43 -31 -19 -6 6 16 26 36 46 56 62 61 52 38 21 6 -5 -12 -18 -28 -41 -54 -61 -59 -51 -41 -31 -22 -12 1 15 27 37 46 55 61 62 55 40 22 7 -4 -11 -17 -27 -42 -57 -66 -63 -53 -40 -29 -19 -9 3 15 26 36 46 56 62 61 53 39 22 8 -2 -10 -17 -27 -42 -56 -66 -65 -55 -42 -29 -18 -8 3 15 26 36 47 57 63 62 53 38 22 9 89 13323 304 13879
61 63 57 44 28 13 2 -5 -13 -23 -36 -49 -59 -62 -58 -47 -34 -22 -12 -4 4 14 28 42 54 61 63 58 47 31 15 2 -7 -14 -23 -35 -49 -60 -64 -58 -48 -35 -24 -14 -5 6 18 31 43 53 59 61 56 47 33 17 3 -6 -13 -20 -33 -49 -62 -68 -62 -50 -36 -24 -15 -5 7 21 34 45 54 60 62 58 46 30 13 -1 -8 -14 -22 -34 -49 -60 -62 -56 -47 -37 -27 -15 -2 11 21 30 41 51 59 61 55 45 31 17 4 -6 -14 -23 -34 -48 -60 -64 -58 -46 -34 -25 -17 -6 7 20 32 41 51 60 64 59 46 29 13 2 -5 -12 -22 -35 -49 -59 -62 -58 -49 -37 -26 -15 -4 8 20 31 42 52 59 61 56 45 31 16 4 -4 -12 -22 -35 -49 -60 -63 -59 -50 -38 -26 -14 -3 9 20 31 42 52 60 62 58 46 30 15 4 -5 -13 -24 -37 -50 -60 -63 -58 -48 -36 -25 -14 -4 7 18 31 44 54 61 62 56 44 29 14 3 -5 -12 -22 -35 -49 -60 -63 -59 -50 -38 -26 -14 -2 10 21 31 42 52 59 62 57 46 30 15 2 -7 -14 -23 -35 -49 -59 -63 -59 -49 -37 -25 -13 -2 10 21 32 42 51 58 60 57 46 31 14 2 94 12102 304 13879
57 62 60 52 39 24 10 -1 -9 -17 -27 -41 -56 -64 -64 -55 -42 -30 -20 -10 2 15 27 37 47 56 61 61 52 38 22 9 0 -8 -17 -30 -44 -55 -62 -61 -55 -44 -32 -19 -7 3 14 25 36 47 55 60 60 55 42 24 7 -3 -8 -12 -24 -43 -62 -70 -66 -54 -41 -30 -19 -8 5 17 28 38 48 56 60 59 50 37 21 6 -3 -10 -16 -26 -41 -55 -62 -60 -51 -41 -32 -22 -11 2 15 26 36 46 56 62 61 52 38 21 7 -2 -9 -16 -27 -41 -54 -62 -61 -53 -42 -31 -21 -10 2 13 24 35 46 57 62 61 52 38 23 9 -1 -9 -17 -27 -40 -54 -64 -65 -57 -43 -30 -19 -9 1 14 27 39 49 56 60 60 52 39 23 8 -2 -10 -18 -29 -43 -55 -62 -61 -53 -42 -30 -19 -9 2 13 25 36 47 56 62 62 53 39 21 6 -4 -10 -15 -26 -41 -56 -64 -61 -51 -40 -30 -22 -12 1 14 26 36 47 57 63 61 51 36 21 9 0 -9 -19 -29 -42 -53 -60 -60 -53 -42 -31 -21 -11 1 14 26 37 46 54 60 61 54 39 22 6 -3 -8 -13 -24 -39 -55 -64 -63 -55 -44 -33 -22 -10 3 15 27 37 48 57 61 59 50 38 25 12 99 7880 304 13879
61 63 57 44 28 13 2 -6 -13 -23 -36 -50 -60 -63 -57 -46 -34 -24 -16 -6 6 20 34 45 54 59 61 56 46 30 14 1 -8 -14 -22 -34 -49 -61 -65 -59 -47 -34 -22 -13 -4 7 18 31 43 53 59 60 56 46 32 16 3 -6 -12 -21 -36 -54 -67 -68 -59 -45 -32 -22 -12 -1 10 21 31 41 52 60 61 55 44 30 17 5 -5 -14 -24 -36 -50 -62 -65 -60 -48 -35 -24 -13 -2 11 22 32 41 51 60 63 58 45 28 13 2 -6 -13 -23 -36 -50 -61 -64 -59 -49 -37 -25 -13 -1 11 22 33 42 51 59 62 57 45 30 15 3 -6 -14 -24 -37 -51 -61 -64 -59 -47 -35 -23 -14 -4 7 20 34 45 54 60 62 58 46 29 13 0 -7 -14 -24 -38 -52 -61 -61 -55 -46 -36 -26 -14 -2 10 22 32 43 54 62 62 55 42 26 12 2 -6 -13 -23 -36 -49 -59 -63 -59 -49 -36 -23 -12 -2 8 19 32 45 56 61 61 54 43 29 14 2 -7 -15 -24 -37 -50 -59 -61 -56 -46 -35 -24 -13 -3 7 19 32 44 54 59 59 54 45 32 16 2 -8 -14 -20 -33 -49 -62 -67 -60 -48 -36 -25 -15 -3 9 22 33 44 54 61 62 56 44 29 14 2 104 10334 304 13879
-61 -65 -60 -47 -35 -24 -16 -6 7 20 31 41 50 58 62 58 47 31 15 3 -5 -12 -21 -34 -47 -58 -62 -58 -48 -37 -27 -17 -6 6 18 30 41 51 58 60 56 46 34 21 10 -1 -12 -24 -36 -49 -59 -64 -61 -53 -40 -27 -15 -6 3 14 28 44 59 68 69 61 48 32 15 0 -10 -18 -26 -37 -50 -60 -62 -56 -46 -35 -25 -16 -5 8 20 32 42 51 58 60 57 47 33 17 3 -7 -14 -22 -34 -48 -60 -64 -59 -48 -36 -26 -16 -4 8 20 31 41 50 58 62 58 48 33 17 4 -5 -13 -23 -35 -49 -60 -63 -59 -49 -38 -27 -15 -3 10 21 31 41 50 58 61 57 46 32 17 4 -5 -13 -22 -34 -48 -60 -64 -60 -49 -37 -26 -16 -5 7 20 33 44 54 60 61 56 45 31 16 3 -7 -15 -23 -34 -46 -57 -62 -59 -49 -36 -26 -16 -6 7 20 32 42 51 58 61 58 47 31 15 2 -6 -12 -21 -33 -48 -59 -62 -58 -48 -37 -26 -16 -5 7 18 29 39 49 58 63 61 50 34 16 2 -6 -11 -20 -33 -49 -61 -65 -60 -49 -37 -27 -17 -6 7 20 33 44 52 58 61 59 49 33 16 1 -8 -14 -22 -35 -49 -60 -62 -57 -48 -37 -26 -15 110 12791 304 13879
59 61 57 47 32 16 3 -6 -13 -22 -35 -49 -61 -64 -58 -47 -36 -26 -16 -5 8 21 33 43 51 58 61 58 47 31 14 1 -7 -13 -22 -34 -48 -59 -62 -58 -48 -36 -24 -14 -4 6 17 29 42 52 59 60 56 47 34 18 3 -7 -14 -20 -31 -46 -61 -68 -64 -50 -34 -22 -14 -6 5 19 33 45 53 58 60 56 46 32 16 3 -5 -13 -22 -36 -50 -60 -63 -58 -48 -37 -27 -16 -3 9 21 32 41 51 59 62 59 47 30 13 1 -6 -12 -22 -35 -50 -59 -61 -56 -48 -38 -28 -16 -3 9 21 31 42 51 59 61 57 47 31 15 2 -6 -13 -21 -34 -48 -59 -63 -58 -49 -39 -28 -16 -3 10 21 31 41 51 59 61 57 47 32 17 4 -7 -16 -25 -36 -48 -58 -61 -58 -49 -38 -26 -14 -2 10 20 30 39 49 58 62 58 47 32 16 4 -5 -13 -23 -35 -49 -61 -65 -60 -49 -36 -24 -14 -4 8 21 33 43 52 58 60 56 46 31 16 3 -7 -14 -22 -34 -47 -59 -64 -59 -48 -36 -24 -14 -4 7 19 30 41 52 60 63 58 45 30 15 4 -4 -12 -23 -37 -51 -60 -63 -58 -48 -36 -24 -13 -3 7 17 29 42 53 60 61 56 45 31 16 3 114 5641 304 13879
57 60 58 48 33 17 3 -6 -12 -19 -30 -44 -57 -62 -59 -49 -38 -29 -19 -9 4 17 30 41 52 60 63 58 47 32 17 5 -4 -12 -22 -34 -47 -57 -60 -56 -48 -38 -28 -18 -7 5 16 26 37 49 59 64 60 50 35 19 5 -5 -12 -20 -30 -44 -59 -69 -67 -55 -38 -23 -11 -2 7 17 29 40 50 59 62 59 47 31 15 4 -4 -10 -19 -33 -48 -59 -63 -59 -49 -38 -27 -17 -6 5 17 28 41 52 60 62 57 47 33 18 5 -5 -12 -20 -32 -47 -59 -64 -59 -49 -39 -29 -18 -6 8 20 31 41 51 58 61 57 48 34 19 5 -7 -15 -23 -33 -46 -57 -63 -59 -48 -36 -25 -15 -5 6 18 29 39 48 56 60 58 48 34 19 7 -2 -10 -21 -35 -49 -60 -63 -60 -51 -39 -27 -15 -3 8 18 29 40 51 59 61 57 47 33 17 3 -8 -14 -21 -31 -45 -58 -64 -60 -49 -36 -25 -16 -6 6 19 30 40 49 56 61 58 48 32 15 1 -6 -11 -18 -30 -45 -58 -63 -59 -49 -37 -26 -17 -7 4 16 29 41 52 59 61 57 46 32 16 4 -4 -11 -19 -31 -46 -57 -62 -58 -49 -38 -28 -19 -8 5 18 30 40 49 56 61 60 51 35 18 4 120 8410 304 13879
59 61 57 46 32 16 3 -6 -13 -22 -33 -46 -57 -61 -58 -49 -38 -28 -18 -6 6 19 31 42 52 60 63 58 47 31 15 2 -6 -12 -19 -32 -47 -59 -64 -59 -49 -37 -27 -16 -5 7 19 30 41 51 59 61 57 46 32 18 5 -4 -12 -20 -31 -46 -60 -68 -64 -52 -36 -23 -13 -4 6 18 31 43 53 59 60 56 46 32 17 5 -4 -11 -19 -31 -47 -61 -67 -63 -51 -37 -25 -15 -5 7 19 31 42 51 58 62 58 47 32 16 4 -5 -13 -21 -33 -46 -57 -62 -59 -51 -40 -29 -18 -6 6 18 30 41 52 61 64 60 49 34 17 3 -7 -15 -24 -35 -48 -58 -62 -58 -49 -38 -27 -16 -4 8 20 31 41 51 58 61 58 48 34 17 3 -7 -14 -21 -32 -47 -61 -65 -60 -48 -35 -25 -16 -6 7 20 31 40 48 56 62 60 49 32 15 2 -5 -11 -20 -32 -47 -60 -65 -61 -51 -37 -25 -14 -5 6 17 30 42 52 59 62 59 49 33 16 2 -7 -13 -21 -33 -47 -59 -63 -59 -49 -37 -25 -15 -4 6 17 29 40 51 58 61 57 47 32 17 4 -4 -10 -19 -32 -48 -61 -66 -61 -50 -37 -26 -16 -5 6 17 29 41 53 61 63 58 47 32 16 3 123 14532 304 13879
56 62 61 53 38 22 7 -3 -9 -17 -30 -46 -60 -66 -62 -52 -39 -28 -18 -7 4 15 26 37 48 56 60 58 50 37 23 9 -2 -11 -19 -30 -44 -56 -62 -60 -50 -38 -27 -18 -10 0 12 25 38 48 56 59 59 52 38 20 3 -7 -9 -9 -18 -35 -56 -68 -67 -56 -43 -32 -23 -12 2 17 29 40 49 58 63 60 50 35 20 7 -2 -8 -16 -28 -43 -58 -65 -62 -52 -40 -29 -20 -10 1 14 27 39 49 58 63 61 52 37 21 7 -3 -10 -18 -29 -44 -58 -64 -61 -52 -40 -30 -20 -9 4 16 28 38 47 55 61 60 51 37 22 8 -2 -10 -19 -31 -44 -56 -63 -61 -53 -41 -29 -18 -8 2 14 26 38 49 57 62 60 52 38 21 7 -3 -11 -19 -29 -42 -55 -63 -63 -55 -42 -28 -17 -7 2 13 26 38 49 57 61 59 51 38 22 8 -2 -9 -17 -29 -44 -58 -65 -62 -53 -41 -29 -19 -9 3 16 28 40 49 55 59 59 52 39 22 7 -4 -11 -18 -29 -44 -57 -62 -59 -51 -41 -31 -20 -9 2 14 25 38 50 59 62 58 50 38 23 8 -4 -12 -19 -29 -42 -54 -62 -60 -52 -40 -30 -20 -10 2 13 25 37 48 58 64 61 51 35 19 7 188 10852 304 13879
59 62 57 45 29 14 2 -6 -13 -23 -36 -50 -61 -64 -59 -49 -37 -25 -12 0 12 23 32 42 51 59 62 57 45 29 13 0 -9 -15 -23 -35 -49 -60 -62 -56 -46 -35 -25 -14 -3 10 21 32 42 52 59 61 56 45 30 14 1 -7 -12 -20 -33 -50 -64 -68 -61 -47 -33 -23 -13 -2 11 23 33 42 51 60 63 58 45 28 12 0 -7 -15 -25 -38 -51 -59 -60 -55 -46 -36 -26 -14 -2 11 22 33 42 52 59 62 57 45 29 12 0 -8 -14 -23 -35 -49 -60 -63 -58 -48 -37 -25 -14 -2 10 22 33 44 53 59 61 56 45 30 14 1 -7 -14 -23 -36 -51 -62 -65 -59 -46 -33 -22 -14 -4 8 21 34 45 54 59 60 54 42 28 14 3 -5 -13 -23 -36 -50 -61 -65 -60 -49 -35 -22 -12 -2 9 21 33 43 52 59 61 57 46 30 14 2 -7 -14 -24 -37 -51 -60 -62 -56 -46 -35 -25 -15 -4 8 21 33 43 53 60 63 58 46 29 13 1 -7 -14 -25 -39 -52 -61 -62 -55 -44 -34 -23 -13 -3 9 21 32 42 51 58 60 56 45 30 14 2 -7 -13 -22 -35 -50 -62 -66 -59 -48 -35 -24 -13 -2 11 22 33 43 53 61 64 57 42 24 8 -2 193 10431 304 13879
-66 -65 -53 -38 -24 -16 -9 1 14 28 39 48 56 62 61 52 35 17 4 -3 -8 -16 -30 -46 -58 -63 -61 -52 -41 -30 -18 -7 4 15 26 36 47 56 62 62 54 38 21 5 -3 -8 -14 -27 -44 -60 -67 -64 -54 -43 -33 -22 -10 2 15 28 41 55 66 70 64 51 35 18 5 -6 -13 -21 -31 -45 -58 -65 -61 -51 -40 -30 -21 -9 4 18 29 39 49 58 63 61 52 38 22 8 -3 -11 -20 -32 -46 -58 -64 -61 -52 -40 -30 -20 -9 5 18 29 38 47 57 62 61 51 35 19 8 1 -6 -17 -32 -49 -60 -64 -60 -50 -39 -28 -18 -8 3 14 26 38 49 58 63 60 51 36 19 6 -3 -9 -17 -29 -45 -58 -63 -59 -50 -39 -30 -20 -9 3 15 26 37 48 57 62 61 52 38 21 6 -4 -11 -19 -30 -45 -58 -63 -59 -50 -40 -31 -21 -9 5 17 27 37 48 58 64 61 51 36 20 7 -3 -11 -19 -30 -44 -57 -64 -62 -54 -42 -30 -19 -7 5 18 30 41 52 60 63 60 50 35 19 4 -6 -13 -20 -30 -45 -58 -64 -60 -50 -39 -29 -20 -8 5 18 28 37 46 56 63 62 52 36 20 7 -2 -11 -21 -33 -46 -57 -62 -60 -52 -41 -29 -18 -7 198 11647 304 13879
-63 -62 -51 -38 -26 -18 -9 1 13 25 38 49 58 62 58 48 35 21 9 -1 -9 -18 -30 -44 -58 -65 -61 -51 -38 -28 -20 -10 3 17 28 38 47 55 61 60 50 36 21 9 0 -7 -16 -29 -45 -58 -65 -62 -52 -41 -30 -20 -9 2 13 23 34 49 64 72 68 52 33 16 5 -3 -11 -21 -33 -45 -56 -62 -61 -53 -40 -28 -17 -7 3 14 25 36 48 58 64 63 53 37 20 5 -5 -12 -19 -29 -43 -56 -63 -61 -52 -41 -30 -20 -8 5 16 26 36 46 57 63 62 52 37 21 7 -3 -10 -18 -30 -45 -58 -64 -61 -52 -40 -29 -20 -10 2 15 27 38 49 58 63 61 52 37 21 8 -2 -10 -19 -32 -47 -59 -64 -60 -51 -40 -29 -18 -7 4 15 26 37 47 56 60 58 50 38 24 10 -2 -11 -20 -31 -44 -58 -65 -62 -52 -40 -29 -19 -9 4 16 28 38 48 56 62 61 51 37 21 7 -2 -10 -19 -30 -44 -56 -63 -62 -54 -42 -30 -19 -8 4 16 28 39 49 56 61 60 51 37 21 7 -3 -10 -19 -31 -45 -58 -63 -60 -51 -40 -29 -19 -9 2 14 27 40 51 58 61 58 50 37 22 7 -3 -11 -18 -29 -43 -58 -65 -63 -53 -40 -28 -17 -7 205 6283 304 13879
57 64 63 53 39 22 8 -3 -12 -21 -33 -46 -58 -63 -59 -50 -38 -28 -19 -9 2 14 26 38 49 58 63 61 52 37 20 6 -4 -11 -17 -27 -42 -56 -64 -63 -53 -41 -30 -19 -8 4 15 26 37 48 57 61 59 51 37 22 8 -2 -8 -15 -26 -42 -59 -69 -67 -56 -41 -28 -17 -7 5 16 27 37 48 56 61 59 49 35 21 10 0 -8 -18 -30 -44 -56 -64 -63 -55 -44 -31 -20 -9 3 15 28 40 50 58 62 60 51 37 20 7 -2 -9 -17 -30 -46 -59 -65 -61 -52 -42 -32 -21 -10 3 16 28 39 51 61 66 63 53 36 19 5 -5 -11 -19 -31 -45 -57 -63 -61 -53 -42 -31 -19 -7 4 15 26 37 48 58 64 63 54 39 22 6 -5 -13 -20 -30 -43 -56 -63 -62 -53 -42 -29 -18 -7 3 13 24 36 49 60 65 62 52 37 20 7 -2 -9 -18 -30 -44 -56 -62 -61 -53 -43 -31 -20 -8 4 15 26 37 48 58 62 60 51 37 21 7 -2 -9 -17 -29 -44 -57 -64 -61 -53 -41 -31 -20 -8 4 16 27 37 47 56 62 61 52 38 21 6 -4 -11 -18 -28 -42 -55 -63 -61 -52 -40 -29 -19 -9 2 14 26 36 46 55 62 61 53 38 21 7 208 7741 304 13879
56 61 60 53 39 23 10 0 -7 -16 -27 -41 -54 -62 -62 -54 -43 -32 -22 -12 -1 12 26 37 46 53 60 62 56 42 23 7 -2 -7 -13 -25 -42 -57 -64 -62 -54 -44 -33 -21 -9 3 14 24 34 45 55 62 63 55 41 24 8 -1 -7 -13 -25 -43 -59 -68 -66 -55 -42 -30 -19 -8 3 14 25 36 46 55 59 59 52 40 25 10 -1 -9 -16 -26 -39 -53 -63 -64 -57 -45 -33 -21 -9 3 14 24 35 45 55 62 61 53 39 24 10 0 -8 -16 -27 -42 -55 -63 -63 -55 -43 -31 -19 -8 2 12 21 32 45 55 61 60 53 40 26 12 0 -9 -16 -27 -40 -55 -63 -62 -53 -41 -31 -24 -14 -1 13 25 35 44 54 62 63 56 41 25 11 0 -9 -18 -29 -41 -53 -61 -62 -56 -45 -33 -21 -10 1 13 25 37 47 56 61 60 52 39 24 10 0 -8 -16 -27 -41 -54 -62 -62 -54 -42 -31 -20 -10 0 12 23 35 46 55 61 61 53 40 25 11 0 -8 -16 -27 -41 -55 -63 -62 -54 -43 -33 -23 -11 2 15 25 35 46 56 63 61 52 38 24 11 0 -9 -19 -28 -40 -52 -61 -63 -56 -44 -30 -19 -10 0 12 24 36 46 54 59 59 53 41 26 11 214 5485 304 13879
58 61 59 50 36 19 5 -5 -11 -19 -31 -45 -57 -62 -59 -51 -40 -29 -18 -7 4 15 27 40 51 58 60 56 47 35 21 7 -4 -12 -19 -30 -43 -56 -63 -61 -51 -39 -28 -18 -8 3 15 28 39 49 56 60 58 50 36 19 4 -5 -7 -10 -21 -41 -64 -76 -71 -55 -37 -24 -15 -6 6 19 31 40 48 56 61 59 49 34 17 4 -4 -10 -18 -30 -45 -57 -63 -59 -50 -39 -28 -17 -7 5 16 27 38 48 56 61 60 52 36 18 3 -7 -12 -19 -30 -45 -58 -62 -56 -46 -37 -29 -20 -8 6 18 27 35 45 55 61 60 50 34 18 6 -3 -9 -18 -30 -45 -58 -64 -61 -51 -38 -27 -17 -7 4 15 28 39 50 58 61 58 48 33 17 5 -3 -9 -17 -30 -46 -58 -63 -58 -48 -38 -28 -19 -7 4 15 26 37 49 57 61 57 48 36 22 8 -3 -11 -20 -31 -45 -58 -65 -61 -50 -37 -27 -18 -8 4 16 28 39 49 58 62 58 47 32 17 6 -3 -10 -18 -30 -44 -55 -61 -60 -52 -41 -29 -18 -6 5 16 27 38 49 58 61 58 48 34 19 7 -3 -11 -19 -30 -43 -55 -61 -60 -52 -41 -29 -19 -8 4 17 30 41 50 56 59 57 49 35 19 4 218 11874 304 13879
61 64 59 48 32 15 1 -8 -16 -24 -36 -50 -60 -63 -58 -48 -37 -26 -16 -4 8 19 31 43 54 63 65 58 46 30 16 3 -6 -15 -25 -37 -50 -60 -62 -57 -48 -37 -27 -15 -2 11 22 32 41 51 59 62 57 46 29 13 1 -6 -9 -16 -30 -48 -64 -69 -62 -48 -35 -24 -14 -3 8 19 29 39 52 62 66 60 46 29 14 3 -5 -12 -23 -36 -51 -62 -65 -59 -48 -35 -23 -13 -4 7 19 31 43 53 59 60 56 46 31 15 1 -9 -15 -23 -35 -49 -60 -62 -57 -47 -36 -26 -15 -3 9 20 31 43 54 61 62 56 45 31 15 -1 -13 -20 -25 -33 -45 -57 -62 -57 -45 -33 -22 -13 -2 10 20 29 38 48 59 64 59 44 26 11 2 -4 -11 -23 -37 -51 -59 -60 -54 -45 -36 -26 -15 -3 9 20 30 41 52 59 61 55 43 29 15 4 -6 -14 -23 -35 -48 -58 -61 -57 -48 -37 -26 -15 -3 9 20 31 41 52 60 62 56 43 28 15 5 -4 -12 -22 -34 -47 -58 -63 -59 -50 -38 -26 -15 -4 7 18 31 44 56 62 61 54 43 29 16 4 -6 -14 -23 -34 -47 -60 -66 -62 -50 -35 -22 -12 -2 9 21 32 42 49 55 58 56 47 32 15 1 222 15336 304 13879
-62 -54 -42 -31 -21 -10 2 15 27 37 47 56 60 59 50 36 21 8 -1 -7 -14 -26 -41 -55 -64 -62 -54 -42 -32 -22 -10 3 17 28 37 45 53 59 59 52 39 24 9 -2 -10 -17 -27 -40 -54 -63 -63 -54 -42 -31 -21 -10 2 14 23 32 43 56 67 68 56 36 16 4 -2 -6 -15 -29 -43 -55 -60 -59 -53 -43 -32 -20 -10 0 11 23 36 48 57 61 60 52 38 23 9 -1 -8 -14 -25 -40 -54 -62 -61 -53 -43 -32 -22 -11 0 11 22 34 47 57 62 61 53 41 26 12 1 -9 -18 -31 -45 -57 -62 -60 -52 -42 -32 -21 -10 3 14 25 35 46 56 63 62 52 37 21 8 -2 -9 -17 -28 -41 -53 -61 -61 -54 -43 -31 -20 -10 1 13 26 38 48 57 62 61 53 38 21 6 -3 -9 -15 -26 -41 -56 -64 -62 -54 -43 -31 -20 -9 3 15 27 38 48 56 60 58 49 36 22 8 -2 -9 -17 -27 -41 -54 -62 -62 -54 -42 -30 -20 -10 1 13 25 36 47 56 61 60 52 38 23 8 -3 -11 -17 -25 -39 -53 -63 -61 -51 -38 -29 -23 -15 -3 12 26 36 45 54 63 64 54 37 20 7 0 -5 -14 -26 -41 -53 -61 -62 -56 -45 -33 -21 -9 2 227 13903 304 13879
60 61 56 43 28 13 2 -5 -12 -22 -36 -49 -59 -61 -58 -50 -39 -27 -14 -2 10 20 30 42 53 61 62 57 46 32 17 4 -6 -15 -24 -36 -50 -60 -63 -58 -46 -34 -24 -15 -5 6 19 31 42 52 59 61 57 47 32 16 3 -6 -12 -18 -29 -45 -61 -68 -64 -52 -38 -26 -16 -5 7 19 31 42 53 62 65 59 47 31 16 4 -6 -15 -24 -35 -48 -59 -63 -59 -50 -38 -26 -16 -4 9 21 32 42 51 59 63 59 47 30 14 2 -6 -13 -22 -35 -49 -59 -61 -57 -48 -37 -26 -15 -4 6 17 28 40 52 61 64 59 47 32 16 4 -6 -14 -23 -35 -48 -58 -62 -58 -49 -38 -28 -17 -5 7 18 29 40 51 59 62 57 45 31 18 8 -1 -10 -21 -32 -44 -55 -64 -65 -59 -45 -28 -13 -2 7 17 29 43 54 61 63 58 47 33 17 4 -5 -12 -21 -35 -50 -62 -65 -59 -48 -35 -24 -15 -5 6 17 29 41 52 61 64 60 48 31 15 2 -7 -13 -21 -33 -47 -58 -62 -58 -49 -38 -27 -16 -5 7 19 30 41 51 59 62 58 48 32 17 4 -5 -12 -21 -34 -49 -61 -66 -61 -50 -37 -24 -14 -3 8 20 31 42 51 59 62 58 47 31 14 2 232 12318 304 13879
56 61 61 55 43 27 11 0 -7 -15 -26 -41 -54 -62 -61 -54 -45 -35 -25 -13 0 13 24 35 45 54 60 61 55 43 27 12 -1 -9 -16 -26 -39 -52 -61 -63 -57 -46 -35 -23 -12 -1 12 24 35 46 55 61 61 55 42 26 12 2 -5 -13 -27 -44 -61 -68 -64 -52 -40 -30 -22 -12 0 13 25 34 43 52 59 61 55 43 28 13 0 -10 -18 -28 -39 -52 -60 -61 -54 -43 -32 -22 -13 -2 10 23 34 44 53 60 62 57 44 27 11 -1 -9 -16 -26 -39 -52 -61 -63 -57 -46 -34 -21 -10 1 12 22 33 45 56 63 63 55 40 23 9 -1 -8 -17 -27 -40 -52 -60 -60 -53 -43 -32 -22 -12 -2 9 21 32 44 54 61 61 55 42 27 12 1 -7 -15 -26 -39 -53 -62 -63 -56 -44 -32 -22 -12 -1 11 23 35 45 54 61 62 56 42 25 10 -2 -9 -15 -25 -39 -53 -62 -62 -54 -43 -32 -22 -12 -1 10 22 34 45 55 61 61 54 40 25 11 0 -7 -14 -24 -38 -52 -61 -62 -55 -45 -35 -25 -14 -1 12 25 37 46 54 59 59 53 42 27 12 1 -7 -15 -25 -40 -55 -65 -64 -55 -41 -29 -19 -11 -1 10 22 33 44 54 60 60 52 40 26 13 243 11015 304 13879
58 61 59 48 33 16 3 -6 -13 -22 -34 -47 -58 -62 -59 -52 -41 -29 -15 -3 9 20 31 41 51 59 62 58 47 32 16 3 -6 -13 -21 -34 -47 -58 -62 -58 -50 -39 -27 -15 -5 6 17 29 41 52 60 62 58 48 33 17 4 -3 -9 -18 -34 -53 -67 -70 -61 -47 -33 -22 -14 -4 7 19 31 42 52 59 61 56 45 31 16 4 -5 -12 -21 -33 -47 -59 -63 -59 -48 -36 -27 -18 -8 5 20 34 45 53 59 60 57 47 32 15 2 -7 -13 -22 -34 -48 -58 -61 -57 -48 -38 -27 -16 -4 8 20 31 41 51 58 62 58 46 31 15 3 -5 -12 -21 -34 -48 -59 -62 -58 -48 -37 -27 -16 -4 8 20 31 40 50 58 62 57 46 31 16 5 -4 -13 -23 -36 -48 -57 -61 -58 -50 -38 -26 -15 -4 7 19 31 42 51 57 60 57 48 33 17 3 -5 -12 -21 -34 -49 -60 -63 -58 -48 -37 -26 -15 -4 7 18 30 42 52 59 60 56 47 34 19 5 -7 -15 -23 -34 -48 -59 -63 -57 -47 -37 -28 -17 -5 9 20 30 39 49 59 64 61 48 31 15 3 -6 -13 -22 -34 -48 -59 -63 -60 -50 -38 -27 -15 -3 10 21 31 40 49 57 62 59 47 30 15 3 249 235 304 13879
58 62 60 52 39 24 9 -1 -7 -12 -21 -36 -53 -65 -66 -57 -45 -33 -23 -12 0 12 24 35 45 54 60 61 55 42 27 12 0 -8 -16 -26 -39 -52 -61 -62 -56 -45 -34 -24 -14 -2 11 24 37 47 55 60 61 55 43 27 11 0 -6 -13 -25 -43 -61 -69 -64 -52 -40 -31 -23 -12 2 16 26 34 43 52 59 60 53 40 26 12 1 -8 -15 -25 -38 -52 -62 -64 -57 -45 -33 -22 -11 0 12 24 35 45 54 59 59 53 41 27 12 0 -8 -15 -25 -39 -54 -63 -62 -53 -42 -32 -23 -13 -1 12 23 33 43 54 62 62 54 40 25 12 2 -6 -15 -26 -39 -52 -60 -62 -56 -45 -33 -22 -12 -1 9 20 32 45 57 64 63 53 39 25 13 4 -5 -15 -27 -40 -53 -62 -64 -59 -47 -35 -23 -12 0 12 25 37 47 55 60 61 55 42 26 11 1 -7 -15 -27 -43 -57 -64 -62 -54 -43 -33 -23 -12 0 12 24 35 46 55 60 60 54 42 27 12 0 -9 -18 -27 -40 -53 -61 -62 -55 -45 -33 -23 -12 -1 12 25 36 46 54 59 59 54 42 27 12 0 -8 -16 -26 -40 -54 -63 -64 -56 -44 -32 -21 -11 -1 10 22 34 46 56 62 62 55 41 26 11 253 8497 304 13879
58 63 61 51 35 18 4 -4 -11 -19 -32 -47 -58 -63 -59 -50 -39 -28 -18 -7 5 17 28 39 49 58 62 59 50 35 19 6 -3 -11 -20 -32 -46 -58 -63 -60 -51 -40 -29 -18 -6 6 19 31 41 50 55 57 55 48 37 22 6 -5 -11 -17 -27 -44 -61 -68 -62 -47 -33 -27 -23 -15 0 18 34 43 50 56 61 60 51 35 19 5 -3 -11 -20 -34 -48 -58 -62 -58 -50 -39 -29 -18 -8 4 16 28 40 51 59 62 59 50 36 19 4 -5 -12 -19 -31 -46 -60 -65 -61 -50 -39 -29 -19 -7 6 19 31 41 51 59 62 57 47 32 18 5 -5 -12 -21 -32 -44 -55 -60 -58 -50 -40 -30 -18 -6 6 17 27 37 48 57 62 60 50 36 20 6 -5 -12 -19 -29 -44 -58 -66 -64 -52 -38 -26 -15 -5 6 17 28 38 49 58 63 59 48 33 18 6 -4 -12 -20 -31 -44 -57 -64 -61 -51 -37 -27 -19 -10 2 17 31 41 50 57 62 60 49 32 17 7 0 -7 -18 -33 -49 -60 -64 -61 -52 -40 -27 -17 -7 4 16 29 42 51 58 60 58 50 35 18 4 -6 -11 -18 -29 -44 -58 -64 -61 -52 -41 -29 -17 -6 6 17 28 39 49 58 63 60 50 35 18 4 258 4676 304 13879
61 61 54 40 23 9 -1 -8 -16 -29 -43 -57 -63 -61 -53 -42 -32 -22 -11 2 15 26 36 46 55 62 62 53 38 22 8 -1 -7 -14 -25 -40 -54 -62 -62 -54 -44 -34 -24 -13 0 13 25 36 46 56 62 62 54 40 24 9 -2 -9 -14 -23 -37 -52 -65 -68 -61 -47 -31 -17 -6 3 12 22 34 46 56 62 62 53 40 24 10 1 -7 -16 -29 -43 -56 -62 -61 -54 -44 -33 -21 -10 1 13 25 36 47 57 63 62 54 39 22 7 -3 -9 -16 -27 -42 -56 -63 -60 -51 -40 -30 -21 -11 1 12 23 34 46 57 63 61 51 37 23 11 2 -6 -16 -28 -43 -56 -64 -64 -56 -43 -31 -20 -10 1 14 26 37 47 56 62 62 54 40 22 7 -2 -8 -15 -26 -42 -58 -66 -64 -54 -41 -29 -19 -9 1 13 24 36 47 57 63 62 53 38 21 6 -4 -10 -15 -25 -40 -55 -64 -63 -54 -42 -31 -21 -11 1 14 27 38 47 55 60 60 53 39 22 8 -2 -9 -17 -28 -41 -53 -58 -58 -54 -48 -38 -25 -9 5 17 27 38 49 58 63 60 51 37 22 8 -2 -10 -18 -29 -43 -56 -63 -62 -53 -42 -31 -19 -7 4 15 25 36 46 56 61 60 52 39 24 10 -2 264 971 304 13879
-64 -61 -52 -40 -29 -17 -6 5 16 27 38 49 59 64 61 51 35 19 4 -6 -13 -20 -31 -45 -58 -63 -59 -49 -38 -28 -19 -8 4 17 28 38 48 57 62 60 50 35 19 6 -4 -11 -19 -29 -43 -56 -63 -61 -51 -40 -30 -20 -9 3 16 26 35 45 58 68 69 57 37 17 3 -5 -11 -21 -34 -48 -59 -63 -59 -50 -39 -27 -17 -7 5 17 28 38 47 54 60 60 52 37 20 7 -1 -8 -17 -30 -47 -60 -65 -61 -51 -39 -29 -20 -10 2 16 28 39 49 57 63 62 53 37 20 6 -3 -11 -20 -34 -48 -59 -63 -59 -50 -39 -28 -18 -8 4 16 28 40 49 57 61 59 50 35 19 5 -4 -10 -18 -30 -45 -58 -64 -61 -51 -39 -27 -16 -7 3 15 27 39 50 58 61 59 50 35 18 4 -5 -11 -18 -29 -44 -57 -64 -61 -51 -40 -29 -19 -7 6 18 29 39 49 56 60 57 48 35 20 8 -2 -9 -18 -30 -45 -58 -65 -62 -52 -39 -28 -18 -7 4 16 28 39 50 58 62 59 49 35 20 7 -3 -12 -21 -33 -46 -58 -63 -60 -50 -38 -27 -17 -7 5 17 28 38 47 56 61 60 50 35 18 5 -4 -10 -18 -30 -44 -55 -60 -58 -52 -42 -31 -19 -7 268 3097 304 13879
61 60 54 42 28 14 1 -10 -18 -26 -37 -49 -59 -62 -56 -45 -33 -23 -14 -2 11 24 35 44 53 59 61 55 42 26 10 -1 -8 -15 -23 -35 -49 -59 -63 -58 -48 -35 -23 -10 1 11 21 31 43 54 62 63 55 41 25 10 0 -7 -12 -20 -34 -51 -65 -68 -59 -44 -31 -21 -13 -3 11 24 34 43 52 60 62 56 43 26 11 0 -7 -14 -24 -37 -52 -62 -64 -57 -45 -32 -22 -13 -4 8 22 35 46 55 60 62 57 45 28 10 -3 -11 -16 -24 -37 -52 -61 -62 -55 -44 -33 -23 -12 -1 11 21 32 43 54 61 61 54 41 27 13 2 -7 -14 -24 -37 -51 -61 -63 -58 -47 -35 -23 -11 1 12 22 32 43 53 59 60 54 43 28 13 1 -8 -14 -23 -36 -50 -60 -63 -57 -46 -34 -23 -12 -1 9 19 31 43 55 62 63 56 42 27 13 1 -7 -14 -23 -36 -51 -62 -65 -59 -48 -35 -24 -12 0 12 23 34 45 55 61 61 54 41 25 11 0 -7 -14 -23 -36 -51 -62 -65 -58 -46 -33 -22 -12 -1 10 22 33 44 54 61 62 55 42 26 12 1 -7 -15 -25 -38 -51 -60 -61 -56 -46 -35 -24 -14 -2 11 24 35 45 53 59 60 54 42 27 12 0 272 15821 304 13879
60 63 59 48 32 16 4 -5 -11 -18 -31 -46 -60 -65 -61 -51 -38 -27 -16 -5 7 18 29 40 51 59 62 57 47 32 17 4 -4 -11 -19 -31 -46 -60 -66 -62 -50 -36 -25 -15 -6 4 16 28 41 52 61 63 58 47 33 17 3 -7 -14 -20 -29 -43 -59 -69 -67 -54 -37 -23 -12 -2 9 21 31 40 49 58 62 58 46 30 15 3 -5 -12 -21 -33 -46 -57 -61 -58 -49 -38 -27 -17 -5 7 19 29 39 49 58 63 59 49 34 20 7 -3 -14 -25 -38 -50 -59 -62 -58 -49 -37 -26 -16 -6 6 18 30 41 50 57 60 58 49 34 18 4 -4 -10 -18 -31 -46 -58 -63 -60 -51 -39 -28 -17 -7 3 15 28 41 52 60 62 59 50 35 18 3 -7 -13 -19 -30 -45 -59 -65 -60 -49 -38 -29 -20 -9 4 19 31 41 50 59 64 62 50 32 14 3 -4 -9 -18 -32 -47 -60 -65 -62 -54 -42 -28 -15 -4 7 18 30 42 53 60 62 58 48 35 20 6 -5 -14 -22 -34 -47 -59 -65 -61 -52 -39 -27 -16 -5 8 20 30 39 49 57 63 61 51 36 20 6 -5 -15 -25 -37 -49 -58 -61 -58 -49 -38 -27 -16 -5 5 16 28 40 52 60 63 59 48 33 16 3 278 3515 304 13879
-63 -57 -46 -34 -22 -11 0 11 22 33 44 54 61 62 56 44 28 13 1 -8 -16 -27 -40 -54 -63 -64 -56 -44 -32 -22 -12 -2 9 21 33 45 56 62 62 55 42 28 13 1 -8 -16 -25 -38 -53 -62 -63 -56 -46 -36 -25 -13 1 14 22 28 38 53 67 72 63 46 26 10 0 -8 -17 -27 -40 -54 -63 -65 -58 -47 -34 -23 -12 -1 11 23 34 45 56 63 64 57 44 28 13 2 -8 -18 -29 -41 -53 -61 -62 -56 -47 -36 -25 -12 1 14 25 34 43 53 61 62 54 41 27 14 3 -7 -16 -27 -39 -51 -61 -64 -58 -46 -32 -21 -12 -2 10 23 35 45 53 60 61 55 42 26 11 1 -6 -13 -24 -38 -53 -62 -64 -58 -47 -35 -24 -13 -1 11 24 35 45 54 60 61 55 43 26 11 0 -7 -14 -24 -38 -52 -61 -63 -56 -46 -34 -24 -14 -4 8 21 33 45 55 61 63 57 44 28 13 2 -6 -13 -23 -37 -52 -63 -65 -59 -49 -37 -25 -14 -2 10 23 35 45 55 62 64 58 45 28 13 2 -7 -16 -27 -41 -54 -62 -62 -57 -47 -35 -23 -11 0 10 20 31 43 55 64 66 59 45 27 10 -1 -9 -16 -25 -39 -53 -63 -64 -56 -44 -32 -22 -13 -2 282 15991 304 13879
60 61 55 43 27 13 1 -7 -14 -25 -39 -54 -64 -64 -57 -44 -32 -22 -13 -2 10 22 34 45 55 61 62 54 41 26 12 1 -7 -15 -25 -38 -52 -61 -62 -56 -46 -35 -25 -14 -1 12 23 33 43 54 62 64 57 42 26 11 1 -7 -14 -22 -34 -49 -63 -70 -66 -52 -34 -19 -7 2 11 23 35 46 55 61 61 55 43 27 12 -1 -9 -17 -26 -39 -52 -61 -63 -57 -46 -33 -21 -11 0 10 22 33 45 55 62 62 55 42 26 12 0 -8 -15 -25 -38 -51 -61 -62 -56 -45 -33 -24 -14 -3 9 22 34 46 56 62 62 55 42 27 13 2 -7 -16 -27 -40 -53 -62 -64 -57 -45 -32 -21 -12 -1 11 23 35 44 53 59 61 56 44 28 11 -1 -8 -15 -25 -38 -51 -60 -62 -56 -47 -35 -24 -12 0 11 22 33 44 54 61 61 54 42 27 13 2 -6 -14 -24 -38 -53 -63 -64 -58 -46 -34 -23 -12 0 12 23 34 45 55 61 61 53 41 26 12 2 -7 -14 -24 -36 -51 -62 -65 -59 -47 -34 -22 -12 -2 10 24 36 47 55 59 59 54 43 29 14 2 -7 -16 -27 -41 -54 -61 -62 -56 -46 -34 -22 -11 -1 10 23 37 49 57 59 56 50 39 26 13 2 37 2373 305 621
-62 -60 -52 -41 -31 -21 -9 3 14 25 36 48 59 64 62 51 36 20 8 -2 -10 -18 -30 -43 -56 -63 -62 -54 -42 -30 -18 -7 3 15 26 38 48 57 61 59 51 37 21 7 -2 -9 -16 -28 -43 -57 -64 -62 -54 -43 -32 -20 -8 3 13 23 35 49 63 70 66 53 36 18 3 -6 -12 -18 -27 -41 -56 -65 -63 -53 -40 -29 -19 -9 3 16 27 38 47 56 62 62 53 38 21 8 -1 -8 -17 -31 -47 -60 -65 -61 -52 -41 -30 -19 -8 4 16 27 38 48 56 60 59 52 39 23 8 -4 -11 -18 -28 -42 -57 -65 -63 -54 -41 -30 -20 -9 3 16 29 40 49 57 61 59 50 36 21 8 -1 -8 -17 -30 -46 -59 -64 -60 -50 -39 -29 -19 -9 2 13 25 36 48 58 63 61 52 37 22 8 -2 -9 -19 -31 -45 -57 -62 -60 -52 -42 -31 -20 -9 2 14 25 38 50 60 64 60 50 36 20 7 -3 -10 -18 -29 -43 -57 -63 -61 -52 -41 -30 -20 -9 3 16 28 38 48 56 61 60 52 37 21 7 -2 -9 -17 -28 -43 -57 -65 -63 -54 -42 -30 -19 -7 5 18 29 39 48 55 59 59 51 37 21 6 -4 -11 -18 -28 -41 -54 -62 -62 -54 -42 -30 -20 -10 48 4783 305 621
-64 -59 -49 -38 -27 -16 -5 7 20 31 42 51 59 61 58 47 33 18 5 -5 -13 -22 -35 -49 -60 -64 -60 -50 -38 -26 -15 -4 8 19 30 42 53 62 64 59 46 30 15 3 -6 -13 -22 -33 -47 -59 -63 -59 -48 -36 -26 -18 -8 4 18 30 40 51 61 68 65 52 33 14 1 -8 -16 -24 -36 -48 -59 -64 -60 -51 -37 -25 -14 -4 7 20 33 44 53 58 61 57 47 31 15 3 -6 -12 -21 -34 -49 -60 -63 -59 -50 -39 -28 -16 -3 10 22 32 42 51 59 62 57 46 31 16 3 -6 -13 -21 -33 -47 -59 -65 -61 -50 -36 -24 -15 -6 4 17 31 44 55 62 63 57 45 30 15 4 -5 -12 -22 -35 -50 -61 -64 -60 -49 -35 -24 -14 -5 6 18 32 45 54 59 60 56 46 32 17 4 -6 -13 -22 -35 -49 -61 -64 -60 -49 -36 -25 -15 -4 8 21 33 43 52 59 61 57 46 31 15 3 -6 -13 -22 -34 -47 -59 -64 -61 -51 -38 -25 -13 -2 8 18 30 42 53 61 63 57 45 30 15 4 -4 -12 -22 -36 -51 -61 -63 -57 -47 -37 -26 -15 -3 8 18 29 41 53 62 63 57 44 30 16 5 -4 -14 -24 -36 -50 -60 -63 -58 -47 -36 -25 -15 -4 52 12071 305 621
-66 -61 -49 -35 -24 -15 -6 6 19 32 43 52 58 60 56 47 33 18 5 -5 -13 -21 -34 -48 -59 -63 -59 -49 -38 -28 -17 -6 5 17 30 43 54 61 61 56 46 33 20 7 -5 -14 -22 -33 -47 -61 -66 -61 -48 -35 -26 -18 -8 4 17 29 42 55 65 68 60 44 27 13 4 -2 -11 -22 -36 -49 -58 -62 -58 -50 -40 -29 -18 -6 7 20 33 44 53 60 62 57 46 31 16 4 -5 -13 -22 -34 -49 -60 -64 -59 -48 -36 -27 -17 -5 8 21 31 39 49 58 63 59 47 31 16 6 -3 -11 -22 -36 -49 -60 -64 -60 -50 -37 -26 -16 -6 5 19 33 44 52 58 60 57 48 33 17 3 -6 -13 -21 -33 -47 -60 -64 -60 -50 -38 -27 -16 -5 7 19 31 42 52 60 63 59 48 32 17 4 -6 -13 -22 -35 -49 -61 -65 -61 -50 -37 -25 -14 -4 7 18 29 41 52 61 65 60 48 31 14 1 -7 -13 -23 -35 -49 -59 -62 -57 -47 -36 -25 -15 -5 6 18 29 40 50 58 62 59 48 32 16 3 -4 -10 -19 -34 -50 -61 -64 -58 -48 -38 -29 -18 -5 8 20 30 40 50 60 64 61 49 32 16 3 -6 -12 -21 -33 -48 -61 -66 -61 -49 -36 -26 -16 -6 59 1656 305 621
58 62 58 48 33 17 4 -6 -13 -21 -33 -47 -60 -65 -61 -49 -36 -25 -16 -6 6 20 32 42 50 56 60 58 50 35 18 3 -6 -12 -19 -31 -48 -62 -66 -60 -48 -37 -28 -19 -7 7 20 32 42 52 61 65 61 48 31 15 3 -6 -12 -20 -32 -48 -63 -70 -65 -51 -32 -18 -10 -3 5 18 31 42 50 56 59 56 47 32 17 5 -3 -10 -20 -34 -49 -60 -64 -59 -49 -38 -27 -17 -6 7 20 32 43 52 58 60 58 48 34 17 3 -7 -14 -22 -34 -47 -58 -61 -57 -48 -38 -29 -18 -6 7 20 31 41 51 60 63 58 47 32 16 3 -6 -12 -20 -32 -46 -59 -64 -61 -50 -38 -27 -17 -6 5 18 31 43 53 61 62 57 47 33 18 5 -6 -15 -23 -34 -46 -58 -63 -60 -50 -38 -27 -16 -4 8 19 30 40 50 59 63 59 48 32 15 3 -5 -11 -19 -32 -48 -61 -66 -61 -49 -36 -24 -14 -5 6 18 30 41 51 59 61 58 48 33 18 4 -5 -13 -21 -33 -47 -59 -63 -59 -49 -38 -28 -19 -7 6 21 33 42 51 58 62 60 49 32 15 2 -6 -12 -21 -33 -47 -57 -61 -58 -50 -40 -28 -17 -5 7 19 31 42 51 58 61 58 47 32 16 3 62 7615 305 621
58 62 60 52 38 23 9 -2 -9 -16 -27 -41 -55 -63 -63 -55 -44 -32 -21 -11 1 14 26 38 48 57 62 61 53 39 23 8 -2 -9 -17 -28 -42 -55 -62 -60 -53 -44 -34 -22 -10 3 14 24 35 46 56 62 61 54 41 25 11 0 -7 -15 -27 -44 -60 -69 -66 -54 -41 -30 -22 -11 2 17 29 38 47 56 62 63 55 40 22 7 -4 -11 -18 -29 -43 -56 -62 -60 -52 -42 -31 -21 -10 2 14 25 36 46 56 62 62 54 39 23 8 -2 -9 -17 -29 -43 -55 -62 -61 -54 -44 -32 -20 -8 3 14 25 35 46 56 62 61 53 39 22 7 -3 -9 -15 -26 -41 -55 -63 -61 -53 -43 -33 -24 -12 1 14 28 40 51 58 60 58 50 38 23 8 -3 -9 -15 -26 -42 -58 -64 -59 -49 -40 -34 -27 -14 2 18 29 38 47 55 61 59 50 37 23 11 0 -9 -18 -28 -40 -54 -62 -62 -53 -41 -31 -22 -13 -1 12 25 37 48 57 63 62 53 39 23 8 -3 -10 -17 -26 -39 -54 -64 -65 -56 -42 -29 -19 -10 1 14 26 37 46 54 60 60 53 40 24 10 0 -8 -17 -29 -43 -55 -62 -61 -53 -43 -32 -22 -11 1 14 26 37 47 56 61 61 53 39 23 9 67 8468 305 621
-60 -64 -59 -49 -37 -25 -14 -4 6 16 28 41 53 61 62 57 47 32 17 4 -5 -13 -22 -34 -48 -59 -63 -59 -49 -38 -27 -16 -4 7 18 29 41 52 60 62 57 46 32 18 6 -4 -12 -20 -32 -47 -59 -64 -61 -52 -41 -30 -18 -6 6 16 27 40 55 69 73 65 49 29 13 1 -8 -15 -24 -36 -50 -61 -64 -59 -48 -36 -26 -16 -6 7 20 32 43 53 60 63 58 47 32 17 4 -5 -14 -23 -35 -49 -60 -64 -59 -50 -38 -27 -15 -3 9 20 30 39 50 60 63 59 48 32 17 4 -5 -12 -21 -33 -48 -61 -66 -62 -51 -38 -27 -16 -5 8 21 32 43 53 61 63 58 46 31 15 2 -7 -14 -21 -33 -47 -59 -65 -61 -50 -37 -26 -16 -5 9 22 33 42 50 57 61 58 47 31 15 4 -5 -12 -21 -33 -46 -58 -63 -61 -52 -40 -27 -15 -4 7 19 31 42 53 60 63 58 46 30 15 4 -4 -12 -21 -34 -49 -60 -64 -60 -50 -38 -26 -15 -4 7 19 31 42 52 59 62 58 47 32 16 3 -6 -13 -21 -34 -48 -59 -63 -59 -49 -38 -28 -18 -6 6 20 32 43 52 59 62 59 49 34 17 3 -7 -14 -22 -34 -48 -59 -63 -59 -49 -38 -28 -17 72 5560 305 621
62 62 55 42 26 10 -2 -10 -16 -26 -40 -54 -63 -63 -55 -44 -33 -21 -10 1 11 23 35 47 57 63 61 53 40 25 11 0 -8 -16 -26 -41 -55 -63 -62 -55 -44 -34 -23 -12 1 13 24 35 46 56 62 62 55 42 27 11 -2 -11 -16 -23 -36 -54 -67 -70 -60 -44 -29 -19 -10 1 13 26 37 47 56 61 61 52 38 23 10 0 -7 -15 -26 -40 -54 -62 -62 -55 -44 -34 -23 -12 1 14 26 36 46 54 59 59 52 41 27 13 0 -9 -17 -26 -38 -52 -62 -64 -57 -45 -32 -22 -12 0 12 24 35 45 54 61 63 56 43 26 11 -1 -9 -17 -28 -41 -53 -61 -62 -56 -46 -34 -21 -10 2 13 24 34 45 55 61 61 54 42 26 12 1 -7 -15 -27 -42 -56 -64 -63 -55 -44 -33 -22 -12 1 14 26 36 45 54 61 62 55 41 24 10 1 -6 -15 -28 -43 -56 -63 -62 -55 -44 -32 -20 -9 2 13 24 34 44 53 59 61 55 43 26 11 0 -8 -16 -27 -41 -54 -62 -62 -56 -45 -34 -21 -9 2 12 23 34 46 56 62 61 54 40 24 10 -1 -8 -15 -26 -41 -55 -63 -62 -54 -43 -33 -23 -12 1 13 24 35 46 55 61 61 54 41 26 11 0 77 2151 305 621
60 63 59 48 32 17 4 -5 -12 -21 -33 -47 -59 -64 -61 -51 -38 -26 -15 -5 6 18 30 40 49 58 63 61 50 33 16 2 -8 -14 -21 -31 -44 -55 -60 -59 -52 -42 -31 -19 -7 7 19 31 42 51 58 61 58 48 34 18 4 -5 -11 -18 -30 -46 -62 -68 -63 -50 -36 -25 -17 -7 6 20 30 39 47 57 63 62 51 34 17 3 -5 -12 -21 -33 -47 -59 -63 -59 -49 -37 -27 -17 -6 6 18 29 40 49 57 62 60 50 34 18 5 -4 -11 -20 -33 -48 -59 -64 -60 -51 -39 -28 -17 -6 6 19 31 41 51 59 63 60 50 34 17 3 -6 -13 -21 -34 -49 -60 -64 -59 -49 -38 -26 -15 -3 8 18 28 39 50 59 62 58 47 31 16 4 -4 -11 -19 -32 -47 -59 -63 -59 -48 -38 -28 -18 -7 5 18 30 41 51 60 62 58 47 32 18 6 -3 -12 -21 -34 -48 -60 -64 -60 -50 -37 -26 -16 -5 6 18 28 39 49 59 63 60 49 33 17 5 -3 -11 -21 -34 -47 -59 -64 -61 -51 -39 -27 -16 -7 4 17 31 44 53 59 61 58 49 35 18 4 -5 -12 -21 -34 -49 -60 -64 -60 -52 -41 -29 -15 -2 10 20 29 40 51 61 64 59 47 32 17 3 81 16113 305 621
55 61 62 56 42 24 7 -4 -11 -17 -26 -39 -53 -61 -61 -55 -44 -33 -22 -10 2 14 25 36 46 55 61 61 53 40 24 9 -2 -9 -15 -25 -39 -53 -63 -63 -54 -42 -31 -21 -12 -1 11 23 34 45 55 62 62 55 41 24 10 0 -6 -12 -22 -39 -57 -70 -71 -60 -44 -29 -18 -9 1 14 27 39 48 56 60 60 53 40 24 9 -1 -9 -17 -28 -41 -54 -62 -62 -55 -44 -32 -20 -9 1 12 23 35 47 57 62 61 53 40 24 9 -2 -9 -17 -27 -40 -53 -61 -61 -54 -44 -32 -21 -10 1 12 22 34 45 55 62 61 53 40 25 12 1 -8 -16 -28 -41 -54 -62 -61 -54 -44 -33 -22 -12 -1 11 24 36 47 56 62 62 55 40 23 8 -2 -8 -14 -25 -40 -54 -63 -63 -56 -45 -33 -21 -10 2 14 24 34 45 56 63 62 53 40 25 12 0 -10 -19 -29 -40 -52 -61 -64 -57 -43 -29 -18 -10 -1 10 23 34 45 55 62 63 56 42 25 10 0 -8 -17 -29 -43 -56 -62 -61 -53 -43 -32 -22 -11 0 12 24 35 45 54 61 63 57 45 27 9 -4 -12 -18 -28 -41 -54 -62 -62 -55 -45 -33 -21 -9 2 14 25 35 46 56 61 61 53 40 24 10 87 3383 305 621
57 61 59 51 37 21 6 -6 -14 -21 -31 -44 -56 -63 -61 -52 -40 -28 -18 -8 3 16 28 40 50 58 63 62 52 36 18 3 -6 -12 -19 -31 -46 -59 -64 -61 -51 -39 -27 -16 -6 5 15 27 39 50 58 62 59 50 36 18 3 -5 -10 -16 -28 -46 -62 -68 -62 -49 -37 -27 -18 -6 7 19 28 36 46 56 62 61 51 36 19 6 -4 -12 -20 -32 -45 -57 -63 -60 -51 -40 -29 -19 -8 4 17 29 40 50 58 62 59 50 35 20 6 -3 -11 -20 -32 -47 -60 -65 -61 -50 -37 -26 -17 -8 4 16 28 38 48 56 61 60 52 37 20 6 -4 -11 -20 -32 -46 -57 -63 -60 -52 -40 -29 -18 -7 4 15 27 39 50 59 63 60 50 35 20 6 -4 -11 -19 -32 -47 -60 -64 -59 -49 -38 -28 -19 -8 5 17 27 37 48 58 62 59 49 35 21 9 -2 -11 -21 -32 -46 -59 -65 -61 -51 -37 -27 -18 -9 2 15 28 39 50 58 64 62 52 36 19 6 -4 -11 -20 -32 -47 -60 -64 -60 -50 -39 -28 -19 -8 4 17 31 42 51 57 59 57 50 38 22 7 -5 -13 -20 -29 -43 -58 -66 -64 -53 -39 -27 -17 -7 5 17 28 38 49 58 64 62 52 35 18 5 91 9270 305 621
-63 -53 -40 -29 -18 -8 4 15 27 37 48 58 63 62 51 35 19 7 -2 -9 -18 -30 -43 -56 -64 -63 -54 -42 -29 -18 -8 3 16 29 40 49 56 60 59 51 37 22 8 -2 -10 -18 -30 -45 -58 -64 -62 -53 -41 -29 -18 -6 7 17 25 32 43 56 67 68 56 35 14 2 -4 -8 -16 -30 -46 -58 -63 -60 -52 -40 -30 -20 -10 2 15 28 40 51 59 63 60 50 35 20 8 -2 -10 -20 -32 -46 -57 -62 -61 -53 -41 -28 -17 -6 4 15 26 38 48 57 61 60 51 36 21 8 -1 -8 -17 -30 -46 -60 -65 -62 -52 -40 -29 -18 -7 5 16 27 37 48 57 62 61 52 38 22 7 -4 -12 -21 -31 -44 -56 -62 -60 -52 -41 -31 -20 -9 4 17 29 40 49 57 61 60 52 37 21 7 -3 -10 -18 -31 -46 -60 -66 -62 -51 -39 -29 -19 -8 5 18 31 41 50 56 59 58 50 37 21 6 -4 -11 -18 -30 -45 -58 -64 -61 -51 -39 -28 -19 -8 3 15 28 39 49 57 61 59 50 37 22 8 -3 -12 -21 -31 -44 -55 -61 -61 -54 -42 -30 -18 -7 4 15 26 38 50 59 64 62 52 36 19 5 -4 -10 -18 -31 -46 -58 -63 -60 -51 -40 -28 -17 -7 4 101 1991 305 621
-61 -52 -42 -33 -24 -12 0 12 22 33 44 55 62 62 55 43 27 12 -1 -11 -18 -26 -37 -51 -61 -62 -56 -45 -33 -23 -12 -1 10 21 32 45 57 64 63 54 40 26 12 1 -8 -16 -25 -38 -52 -63 -64 -56 -43 -31 -23 -14 -2 11 22 30 39 51 63 68 61 45 26 11 2 -6 -15 -28 -42 -54 -62 -64 -60 -49 -35 -22 -10 0 11 23 36 48 57 63 63 56 42 25 9 -2 -9 -15 -26 -40 -55 -64 -63 -55 -43 -31 -21 -11 -1 9 21 32 45 57 64 64 55 41 25 11 1 -7 -16 -27 -41 -54 -62 -62 -55 -44 -33 -23 -13 -2 10 22 33 45 56 64 65 56 41 24 10 0 -8 -16 -27 -40 -53 -61 -63 -56 -45 -33 -22 -12 -1 11 24 36 46 55 61 61 55 42 26 11 -1 -8 -16 -25 -39 -53 -62 -64 -57 -45 -33 -22 -12 -1 11 23 35 46 56 63 64 56 42 25 10 -2 -10 -17 -26 -39 -52 -62 -62 -55 -44 -33 -23 -12 0 12 23 33 44 55 63 64 56 41 25 11 0 -9 -17 -27 -39 -52 -61 -63 -56 -44 -32 -22 -14 -4 9 23 37 48 57 62 62 54 41 26 11 -1 -10 -17 -26 -38 -51 -60 -62 -56 -46 -35 -25 -13 0 106 9469 305 621
57 61 60 51 36 18 4 -5 -11 -19 -32 -46 -59 -64 -62 -52 -40 -27 -15 -4 6 16 27 39 50 58 61 59 50 36 21 7 -3 -12 -21 -33 -47 -60 -65 -61 -51 -39 -27 -17 -6 6 17 28 38 49 58 62 61 51 37 20 5 -5 -12 -18 -30 -46 -62 -69 -65 -52 -37 -26 -17 -8 5 19 32 41 50 58 63 61 50 34 17 4 -4 -12 -21 -33 -46 -56 -62 -60 -53 -41 -28 -16 -5 5 16 28 41 52 59 62 59 50 35 18 4 -6 -12 -19 -31 -47 -60 -65 -61 -49 -37 -27 -18 -8 5 18 30 40 49 57 61 59 49 34 18 6 -2 -9 -18 -32 -48 -60 -65 -61 -51 -39 -29 -19 -7 6 20 31 41 49 56 60 58 49 35 20 7 -3 -11 -21 -33 -47 -58 -63 -60 -51 -39 -28 -18 -7 5 17 29 40 50 58 63 60 50 35 19 6 -4 -11 -20 -33 -47 -59 -64 -61 -52 -41 -29 -18 -5 8 20 30 40 50 58 61 58 48 34 19 6 -4 -12 -21 -33 -46 -58 -63 -60 -52 -40 -28 -17 -6 5 17 29 41 52 59 62 58 49 35 18 4 -6 -13 -20 -30 -44 -58 -64 -62 -53 -40 -27 -15 -5 6 17 28 39 50 58 62 59 49 33 18 5 111 6259 305 621
61 61 54 41 26 12 0 -8 -16 -27 -40 -53 -62 -63 -57 -46 -33 -21 -10 1 12 24 36 47 55 59 59 53 42 27 11 0 -8 -15 -25 -40 -54 -63 -63 -55 -43 -32 -22 -13 -2 10 22 34 46 56 62 61 54 42 27 14 3 -6 -15 -26 -40 -55 -65 -68 -61 -48 -34 -21 -9 2 13 25 36 48 59 65 63 54 40 23 8 -2 -10 -17 -27 -41 -54 -62 -61 -54 -44 -34 -23 -11 2 15 25 34 44 54 61 62 54 40 24 10 -1 -9 -16 -25 -38 -53 -63 -64 -56 -43 -31 -21 -11 0 12 24 34 44 54 60 62 55 41 24 9 -1 -7 -14 -25 -40 -54 -62 -62 -55 -45 -34 -22 -11 0 12 24 36 48 57 60 59 52 41 27 12 -1 -10 -17 -27 -41 -55 -63 -61 -53 -42 -32 -23 -11 2 14 24 34 44 54 61 62 55 41 24 9 -2 -9 -15 -25 -39 -54 -63 -61 -53 -42 -33 -25 -14 -1 13 25 35 44 54 62 63 55 41 24 10 1 -6 -15 -27 -41 -55 -63 -63 -56 -46 -35 -23 -10 2 14 25 36 46 56 62 62 55 42 25 10 -2 -10 -17 -27 -39 -52 -61 -63 -57 -45 -32 -20 -9 1 11 23 35 47 56 61 60 53 41 26 11 -1 116 8288 305 621
59 61 57 47 33 18 5 -5 -12 -19 -30 -44 -57 -63 -61 -51 -39 -28 -17 -7 5 17 29 40 50 57 61 59 49 34 18 6 -3 -10 -19 -32 -47 -58 -62 -59 -51 -41 -30 -18 -5 6 18 29 40 49 55 58 56 50 38 23 8 -3 -10 -18 -30 -48 -63 -68 -63 -51 -38 -28 -18 -7 6 19 30 41 51 59 62 59 49 34 18 5 -4 -11 -20 -32 -47 -60 -65 -60 -50 -37 -26 -15 -6 4 15 28 40 51 59 62 59 50 35 18 3 -7 -12 -19 -30 -44 -57 -64 -61 -51 -40 -28 -17 -6 6 18 29 39 50 59 63 59 48 32 17 5 -3 -9 -18 -30 -46 -59 -65 -62 -51 -39 -28 -19 -8 4 17 30 42 53 61 64 59 47 32 17 5 -3 -11 -21 -33 -46 -58 -63 -60 -52 -40 -28 -16 -5 6 16 27 39 51 60 63 59 48 34 20 7 -3 -12 -22 -33 -46 -57 -62 -59 -49 -38 -29 -20 -10 3 18 31 41 50 58 63 61 50 33 17 4 -3 -9 -18 -32 -47 -59 -64 -60 -51 -40 -28 -17 -6 5 17 28 39 50 59 63 60 50 36 20 6 -4 -12 -21 -33 -47 -60 -68 -66 -54 -38 -22 -9 1 9 18 27 37 46 54 59 58 50 35 18 5 121 5191 305 621
-64 -58 -46 -34 -23 -12 -1 11 22 33 44 54 61 62 56 43 27 12 1 -8 -15 -25 -38 -51 -61 -62 -55 -43 -33 -25 -17 -5 9 23 36 45 53 59 61 56 44 28 13 2 -6 -13 -23 -37 -52 -62 -65 -59 -48 -36 -25 -14 -2 11 24 35 46 57 65 68 61 44 23 5 -8 -13 -17 -24 -35 -49 -59 -61 -55 -44 -33 -23 -13 -3 9 22 34 45 54 61 61 55 42 27 12 2 -7 -15 -26 -39 -52 -60 -62 -56 -45 -33 -23 -15 -5 8 23 36 47 55 60 62 57 44 27 11 0 -8 -15 -25 -39 -52 -61 -62 -56 -46 -34 -23 -12 -2 9 21 34 45 54 60 61 57 45 29 12 0 -8 -15 -25 -39 -53 -62 -63 -57 -47 -37 -25 -12 2 14 25 34 44 53 59 59 54 44 29 13 1 -8 -14 -24 -38 -53 -63 -64 -56 -45 -35 -25 -13 0 12 22 32 43 55 63 64 55 41 25 12 1 -7 -15 -24 -36 -50 -61 -64 -58 -46 -34 -23 -14 -3 10 24 35 45 54 61 62 55 41 26 12 2 -6 -15 -25 -38 -50 -60 -62 -58 -47 -35 -23 -13 -2 9 22 34 45 55 62 62 55 42 26 12 2 -6 -15 -26 -39 -52 -61 -62 -57 -47 -35 -23 -12 -1 126 533 305 621
58 62 59 49 34 19 6 -4 -12 -21 -33 -47 -58 -64 -60 -51 -39 -28 -18 -7 6 19 31 41 51 58 62 58 48 32 17 5 -3 -10 -18 -31 -47 -60 -65 -62 -51 -38 -27 -17 -7 4 17 29 40 50 59 63 61 51 35 19 5 -4 -10 -18 -31 -48 -62 -68 -64 -53 -40 -28 -16 -4 8 20 31 41 51 59 63 59 49 34 18 4 -6 -13 -21 -32 -46 -59 -65 -60 -50 -38 -27 -18 -7 6 18 30 40 50 59 63 59 49 33 17 4 -4 -11 -19 -32 -46 -59 -64 -61 -52 -40 -28 -17 -6 5 16 28 40 51 60 64 60 49 34 18 5 -5 -12 -21 -33 -48 -59 -63 -59 -50 -40 -29 -18 -5 8 19 28 38 49 59 63 59 49 34 19 7 -3 -12 -22 -34 -47 -58 -63 -61 -51 -39 -26 -15 -5 6 17 28 38 49 57 62 60 51 37 21 6 -5 -13 -22 -34 -48 -60 -64 -61 -50 -38 -27 -17 -6 7 20 31 41 49 56 60 58 49 34 18 5 -4 -11 -20 -32 -47 -59 -64 -60 -51 -39 -28 -18 -6 6 19 31 42 51 57 60 57 48 35 20 6 -5 -13 -21 -32 -46 -57 -62 -59 -50 -40 -30 -20 -7 6 19 29 39 50 59 64 61 50 34 18 4 131 4223 305 621
60 63 58 44 27 12 1 -6 -12 -23 -37 -52 -62 -64 -57 -46 -36 -26 -15 -4 9 22 33 45 55 62 63 58 45 30 14 1 -8 -16 -26 -38 -52 -62 -64 -57 -47 -36 -26 -15 -3 11 24 35 46 55 61 63 57 45 29 13 0 -8 -14 -22 -36 -53 -67 -70 -61 -46 -32 -21 -12 -1 11 24 34 44 53 60 62 56 44 28 12 0 -8 -15 -23 -36 -51 -62 -65 -59 -47 -35 -23 -13 -1 11 22 32 43 54 62 64 57 43 28 14 2 -7 -16 -26 -38 -50 -60 -63 -59 -48 -35 -23 -13 -1 11 23 33 43 52 60 63 58 45 28 13 2 -6 -15 -27 -40 -52 -60 -62 -57 -46 -34 -22 -14 -5 6 20 35 48 56 61 62 57 45 28 11 -1 -8 -14 -23 -37 -52 -62 -64 -58 -47 -34 -23 -13 -3 9 22 35 46 55 61 62 56 43 27 11 0 -7 -13 -23 -37 -51 -61 -62 -57 -48 -36 -24 -12 0 11 22 32 41 51 59 63 59 46 28 11 0 -7 -12 -22 -36 -51 -61 -63 -58 -49 -39 -27 -13 0 12 23 33 43 53 61 63 58 46 30 13 0 -9 -15 -24 -37 -51 -62 -64 -57 -45 -33 -23 -14 -3 8 20 32 43 54 62 64 59 45 28 12 1 188 6418 305 621
59 63 60 50 35 19 6 -3 -10 -19 -31 -45 -57 -62 -59 -51 -41 -31 -20 -9 3 15 26 37 49 59 64 61 51 37 21 7 -3 -11 -19 -30 -44 -57 -64 -62 -53 -41 -30 -19 -8 3 14 26 38 49 59 63 60 51 39 24 10 -2 -11 -19 -30 -46 -61 -69 -65 -52 -37 -26 -18 -9 2 16 28 39 48 56 61 60 52 38 22 8 -4 -12 -20 -30 -44 -56 -64 -62 -53 -41 -29 -19 -8 3 15 27 38 49 58 63 61 52 37 22 8 -3 -12 -21 -31 -44 -56 -63 -61 -52 -40 -29 -19 -9 3 16 28 38 47 56 61 61 52 37 21 7 -2 -9 -19 -31 -44 -56 -62 -62 -54 -42 -29 -17 -7 3 15 27 39 48 55 59 59 52 39 23 8 -3 -11 -19 -30 -44 -57 -63 -61 -52 -41 -30 -19 -8 3 15 26 38 50 59 63 60 50 36 21 9 -1 -10 -20 -32 -45 -56 -61 -61 -54 -43 -31 -18 -6 6 16 27 38 48 57 62 60 51 37 21 7 -4 -11 -19 -30 -44 -57 -64 -62 -52 -39 -28 -19 -9 2 15 27 39 49 57 62 60 51 37 21 8 -2 -10 -20 -32 -45 -57 -62 -60 -52 -41 -30 -19 -8 3 16 27 38 48 56 61 61 52 38 21 7 193 3296 305 621
-60 -63 -58 -48 -36 -24 -13 -1 11 22 34 45 54 60 61 56 44 28 13 1 -7 -14 -24 -37 -50 -59 -62 -58 -50 -38 -25 -11 1 11 21 31 42 52 58 60 57 47 33 16 2 -7 -13 -21 -35 -51 -64 -67 -61 -49 -37 -25 -13 -2 8 18 30 46 62 72 70 57 40 23 10 0 -8 -16 -25 -39 -53 -64 -66 -57 -44 -31 -22 -13 -3 10 22 34 44 54 61 63 57 44 28 12 -1 -9 -15 -23 -35 -49 -61 -65 -59 -48 -35 -23 -13 -2 9 20 32 44 55 63 64 57 44 29 14 1 -8 -16 -25 -37 -51 -62 -65 -58 -46 -33 -23 -14 -3 10 23 34 44 53 61 63 57 44 28 13 2 -6 -14 -25 -39 -53 -63 -65 -59 -48 -35 -23 -12 -1 10 22 34 46 56 62 62 56 44 27 11 -2 -9 -15 -23 -36 -51 -61 -64 -57 -46 -34 -23 -13 -2 10 22 34 44 53 59 61 56 46 30 14 0 -10 -17 -24 -35 -49 -61 -65 -59 -47 -34 -23 -14 -4 8 21 35 46 55 61 62 57 45 28 12 0 -8 -14 -24 -38 -52 -61 -62 -56 -47 -36 -25 -13 -1 10 21 33 45 55 61 62 56 45 29 13 -1 -10 -16 -23 -35 -51 -63 -65 -57 -44 -32 -22 -13 198 3888 305 621
56 61 60 53 40 23 8 -3 -10 -17 -29 -43 -56 -63 -61 -53 -42 -31 -20 -9 2 13 24 37 49 58 63 60 51 38 22 8 -2 -9 -16 -28 -43 -56 -63 -61 -53 -43 -32 -21 -9 4 16 26 36 46 56 62 61 53 39 23 8 -2 -9 -15 -26 -42 -59 -68 -65 -54 -40 -29 -19 -10 2 15 26 37 48 58 63 61 51 37 22 9 -1 -9 -18 -29 -43 -56 -63 -62 -54 -42 -31 -21 -11 1 15 29 40 49 57 61 60 52 38 22 8 -2 -9 -18 -29 -43 -55 -62 -62 -55 -44 -32 -20 -8 4 15 26 37 47 56 61 60 53 38 22 8 -2 -8 -15 -27 -43 -58 -65 -62 -53 -42 -32 -23 -11 2 16 28 38 47 57 63 63 53 37 21 7 -2 -9 -17 -29 -44 -56 -62 -61 -54 -44 -33 -21 -9 3 14 25 37 48 58 64 62 53 39 22 8 -3 -10 -19 -30 -43 -56 -63 -62 -54 -43 -31 -20 -9 3 15 26 37 48 57 63 62 53 39 22 7 -3 -10 -17 -29 -45 -59 -65 -61 -51 -40 -30 -21 -10 3 16 28 39 49 58 62 58 48 33 19 8 0 -7 -16 -27 -41 -55 -62 -62 -54 -44 -33 -21 -9 4 16 27 37 47 56 61 60 52 38 23 9 209 6597 305 621
-62 -63 -56 -45 -34 -25 -15 -3 9 20 30 40 50 59 62 58 46 30 15 4 -4 -12 -23 -37 -51 -61 -63 -58 -48 -37 -26 -16 -5 7 20 34 46 55 60 60 55 46 31 16 3 -6 -14 -23 -37 -51 -61 -62 -56 -48 -38 -27 -14 -2 7 16 27 42 59 70 70 60 44 28 13 1 -9 -18 -27 -39 -52 -62 -63 -56 -45 -33 -24 -13 -2 10 22 32 42 52 59 61 55 44 29 15 3 -6 -13 -23 -36 -50 -61 -64 -59 -47 -35 -24 -14 -3 8 21 33 45 54 60 60 55 43 28 14 4 -4 -12 -23 -37 -51 -60 -62 -57 -47 -37 -26 -15 -3 9 20 31 43 53 61 63 57 44 29 14 2 -6 -14 -23 -36 -50 -60 -63 -58 -47 -36 -25 -15 -4 9 21 33 44 54 61 61 54 42 28 15 4 -4 -13 -23 -36 -49 -59 -62 -58 -48 -37 -27 -17 -4 10 24 34 42 50 58 62 58 46 30 14 3 -5 -13 -24 -39 -52 -62 -64 -58 -47 -34 -22 -12 -2 9 20 32 42 51 57 59 56 45 31 15 3 -5 -12 -22 -36 -52 -62 -64 -57 -46 -34 -24 -14 -4 7 19 30 43 54 61 62 56 44 30 16 4 -6 -15 -24 -36 -50 -61 -65 -59 -47 -34 -24 -15 214 7139 305 621
-62 -61 -53 -42 -31 -21 -10 1 14 27 39 49 56 59 57 49 36 21 8 -1 -8 -16 -28 -42 -54 -60 -59 -51 -41 -30 -21 -10 1 12 24 36 48 57 61 59 49 36 21 8 -1 -8 -16 -27 -40 -53 -60 -59 -52 -42 -32 -22 -11 2 12 22 31 44 58 68 68 56 36 17 4 -5 -10 -17 -27 -41 -54 -62 -60 -51 -39 -28 -20 -10 1 14 25 35 44 53 60 60 52 38 22 8 -2 -9 -17 -27 -39 -51 -60 -62 -55 -42 -29 -17 -8 1 12 24 35 45 54 60 60 53 39 21 6 -3 -9 -15 -27 -42 -54 -60 -58 -51 -42 -32 -22 -9 3 14 24 35 46 56 61 60 51 36 19 5 -3 -8 -14 -25 -41 -54 -59 -56 -48 -41 -34 -25 -13 2 15 26 35 46 55 61 59 50 37 22 9 -1 -10 -17 -28 -40 -53 -61 -61 -52 -40 -28 -18 -9 1 12 24 35 46 55 60 59 51 36 21 8 0 -6 -14 -26 -42 -56 -62 -60 -52 -40 -29 -19 -9 2 13 24 36 46 55 59 58 50 38 23 9 -3 -11 -19 -28 -40 -52 -60 -59 -51 -40 -29 -20 -10 1 14 26 36 44 52 58 58 52 38 22 7 -3 -9 -16 -27 -40 -53 -59 -58 -51 -41 -30 -21 -11 219 443 305 621
-59 -61 -57 -48 -36 -24 -12 -2 9 20 32 43 53 60 61 56 45 29 14 1 -7 -14 -23 -35 -50 -60 -63 -57 -47 -37 -26 -16 -4 9 22 33 44 53 60 62 57 46 31 15 3 -7 -14 -24 -37 -51 -61 -63 -57 -48 -38 -27 -15 -2 8 18 29 44 60 71 70 59 42 24 10 0 -8 -16 -25 -37 -51 -62 -64 -58 -46 -33 -23 -13 -3 9 21 33 44 55 63 64 57 43 26 12 1 -7 -14 -25 -38 -51 -60 -62 -57 -47 -36 -24 -13 -2 9 21 33 45 55 61 62 55 43 28 14 2 -7 -15 -25 -37 -51 -60 -63 -58 -47 -35 -23 -14 -4 8 21 34 45 54 59 61 57 46 30 13 0 -8 -14 -23 -37 -51 -61 -63 -57 -46 -35 -26 -16 -4 10 24 35 45 53 59 61 57 45 29 13 1 -7 -15 -24 -37 -50 -59 -62 -58 -49 -37 -24 -13 -2 9 21 33 45 56 63 63 56 42 27 12 2 -6 -14 -25 -38 -52 -62 -63 -57 -46 -33 -22 -12 -2 9 21 33 44 53 60 61 55 42 27 12 2 -5 -12 -22 -36 -50 -61 -64 -59 -48 -36 -25 -13 -2 11 23 35 45 53 58 59 54 43 29 15 3 -6 -14 -24 -37 -51 -61 -63 -57 -46 -35 -24 -14 224 6971 305 621
-63 -62 -53 -42 -31 -22 -13 0 14 27 38 48 56 61 60 52 39 23 9 -1 -8 -16 -27 -41 -54 -63 -64 -56 -45 -32 -21 -9 2 14 26 37 47 56 62 62 55 42 25 9 -3 -10 -18 -29 -43 -56 -64 -62 -54 -42 -30 -19 -11 -2 7 21 38 54 66 69 63 52 36 20 5 -6 -13 -18 -27 -40 -55 -64 -63 -53 -40 -30 -21 -11 1 14 26 37 47 57 62 61 52 38 23 10 -1 -10 -20 -31 -43 -54 -61 -61 -54 -42 -31 -20 -9 2 13 24 35 46 57 64 63 54 37 21 8 -1 -7 -16 -28 -42 -56 -64 -63 -55 -43 -31 -20 -10 2 15 26 36 45 53 60 62 55 40 23 8 -1 -8 -16 -28 -42 -56 -63 -63 -55 -43 -31 -20 -10 0 12 25 37 48 57 63 62 54 39 22 7 -3 -10 -17 -28 -42 -55 -61 -60 -53 -42 -30 -20 -10 0 11 24 36 47 54 59 60 55 43 26 8 -3 -8 -13 -24 -41 -57 -66 -63 -55 -44 -34 -23 -10 3 14 25 37 50 60 64 60 50 37 23 10 -1 -9 -17 -27 -41 -56 -65 -64 -54 -41 -30 -21 -10 2 15 26 37 46 55 61 61 54 40 24 9 -2 -9 -17 -28 -42 -55 -64 -63 -55 -43 -31 -21 -10 228 15233 305 621
60 64 60 48 32 16 4 -4 -12 -22 -36 -50 -61 -64 -59 -48 -37 -27 -17 -5 8 21 31 40 50 58 63 60 48 32 16 5 -4 -12 -23 -36 -50 -60 -63 -59 -50 -38 -27 -16 -5 7 20 32 43 53 60 61 57 48 34 19 5 -5 -13 -22 -35 -51 -64 -68 -62 -50 -38 -29 -18 -3 15 31 40 45 49 55 59 57 45 28 12 1 -6 -12 -20 -33 -47 -58 -63 -60 -49 -37 -25 -15 -5 6 18 31 43 53 60 62 59 48 32 15 1 -8 -13 -21 -34 -49 -61 -64 -59 -48 -36 -25 -14 -4 7 17 29 42 54 62 62 56 45 31 17 4 -7 -14 -22 -33 -47 -60 -65 -60 -48 -36 -26 -17 -5 7 20 31 41 52 61 64 60 47 31 15 2 -7 -14 -23 -34 -48 -59 -64 -59 -48 -35 -25 -16 -6 6 19 31 42 51 58 62 60 50 34 17 2 -8 -15 -23 -34 -48 -59 -64 -60 -49 -36 -23 -13 -5 5 17 31 43 53 60 61 57 47 31 15 2 -6 -13 -21 -33 -46 -56 -61 -59 -52 -42 -31 -17 -4 9 21 33 44 53 59 61 57 47 32 15 2 -6 -11 -19 -33 -50 -63 -66 -60 -48 -36 -26 -15 -4 8 20 31 41 51 60 64 59 47 30 13 1 233 12324 305 621
58 63 61 51 36 20 7 -3 -10 -18 -29 -43 -56 -65 -64 -55 -42 -29 -18 -8 3 15 27 39 49 57 62 60 52 37 21 8 -1 -8 -17 -30 -46 -59 -64 -61 -52 -40 -30 -20 -10 1 13 26 39 50 58 62 60 53 40 23 7 -4 -9 -15 -26 -45 -62 -71 -66 -53 -39 -28 -18 -7 5 16 27 37 48 58 63 60 51 38 23 9 -3 -12 -20 -31 -44 -56 -63 -61 -52 -41 -31 -21 -10 3 16 28 39 49 58 63 61 51 36 20 6 -3 -9 -17 -28 -43 -57 -65 -63 -54 -42 -30 -19 -8 4 15 27 38 50 58 62 59 50 37 23 10 -1 -10 -19 -30 -45 -58 -65 -62 -53 -41 -31 -20 -9 4 16 28 40 51 60 63 58 48 35 21 8 -3 -11 -19 -29 -42 -56 -64 -63 -53 -41 -30 -19 -8 4 17 29 38 48 56 60 59 50 36 20 5 -6 -12 -15 -21 -34 -51 -64 -66 -57 -43 -31 -21 -12 1 16 28 38 48 58 64 63 52 36 19 7 -1 -9 -18 -30 -43 -55 -62 -63 -56 -44 -32 -20 -9 3 16 29 41 51 58 62 60 52 38 21 6 -4 -12 -19 -30 -43 -55 -62 -61 -53 -43 -31 -20 -9 4 17 28 39 48 57 62 60 51 37 21 8 239 5193 305 621
53 56 53 43 29 16 6 -1 -9 -20 -33 -46 -54 -57 -53 -45 -36 -26 -17 -7 4 15 26 38 48 55 56 52 41 28 16 7 1 -5 -15 -29 -45 -56 -59 -55 -46 -37 -28 -18 -7 5 16 26 35 43 50 53 52 46 35 23 12 3 -4 -13 -26 -44 -61 -70 -68 -57 -42 -26 -11 2 13 21 28 37 47 57 62 58 45 27 9 -5 -13 -18 -22 -29 -37 -44 -47 -45 -39 -34 -29 -23 -14 -2 13 28 40 49 53 52 46 38 29 20 13 7 -2 -15 -32 -49 -61 -63 -57 -45 -32 -21 -11 -2 7 15 23 32 42 51 56 53 43 29 16 6 -1 -8 -18 -30 -42 -50 -52 -49 -43 -37 -30 -21 -11 1 14 26 38 48 55 58 55 45 30 15 4 -4 -10 -17 -28 -41 -52 -57 -55 -47 -37 -28 -18 -6 6 17 28 37 46 53 56 52 43 30 18 8 0 -8 -19 -32 -46 -56 -60 -57 -47 -34 -23 -13 -4 5 16 27 37 46 53 56 54 46 32 16 3 -5 -11 -19 -31 -44 -54 -57 -53 -45 -35 -25 -15 -5 4 15 26 37 47 54 57 53 43 30 15 4 -3 -8 -16 -29 -44 -56 -60 -55 -45 -34 -25 -17 -7 4 17 29 38 46 51 55 55 48 34 17 4 243 13657 305 621
-57 -52 -44 -35 -25 -14 -3 9 21 32 41 47 51 52 48 39 27 15 6 0 -8 -19 -34 -47 -54 -55 -51 -44 -36 -26 -15 -5 5 14 24 37 49 57 58 53 43 31 19 7 -2 -12 -23 -36 -48 -56 -56 -52 -44 -35 -25 -14 -2 7 13 20 30 44 60 69 66 52 31 12 -1 -9 -14 -23 -36 -52 -62 -61 -49 -34 -23 -20 -19 -13 1 21 37 47 51 52 51 45 35 24 16 10 0 -14 -29 -36 -37 -38 -46 -57 -59 -46 -22 -1 7 6 7 17 33 47 54 56 54 48 35 18 2 -8 -13 -19 -29 -43 -54 -56 -51 -44 -36 -28 -18 -6 5 16 26 38 50 59 60 53 41 28 16 6 -4 -14 -24 -35 -46 -55 -58 -52 -40 -28 -19 -14 -8 2 14 27 38 46 53 55 51 40 26 15 7 2 -6 -17 -31 -43 -51 -53 -51 -46 -40 -33 -24 -13 2 18 33 44 51 55 56 53 45 32 19 7 -2 -10 -22 -35 -48 -56 -57 -53 -46 -37 -27 -16 -5 6 16 25 36 49 60 64 58 44 27 13 2 -6 -14 -23 -33 -41 -49 -53 -52 -47 -39 -30 -21 -11 2 18 33 44 52 56 58 54 43 28 13 3 -3 -9 -20 -32 -43 -51 -55 -55 -49 -39 -27 -17 -7 248 10748 305 621
-51 -57 -55 -50 -43 -35 -25 -13 -1 11 23 35 45 51 53 52 47 38 27 16 6 -2 -11 -24 -39 -52 -58 -57 -52 -45 -38 -28 -15 -1 13 25 35 44 51 56 56 51 40 26 12 2 -5 -12 -24 -38 -50 -56 -54 -46 -39 -35 -33 -29 -18 -1 21 42 59 68 68 62 51 37 23 11 1 -10 -21 -31 -39 -44 -48 -53 -58 -56 -45 -27 -8 5 14 20 29 39 52 63 69 68 56 35 11 -10 -24 -33 -41 -50 -57 -56 -48 -37 -29 -24 -21 -14 -4 9 24 38 50 56 52 40 24 13 12 18 27 29 20 -2 -33 -64 -83 -85 -72 -51 -29 -12 0 7 11 15 20 31 47 63 74 72 57 33 5 -18 -32 -36 -33 -29 -27 -31 -38 -46 -50 -48 -40 -26 -8 9 25 38 47 52 54 52 48 41 32 21 10 0 -11 -24 -41 -57 -68 -68 -59 -45 -30 -17 -5 7 17 26 32 38 45 50 51 46 35 25 18 11 2 -11 -28 -43 -52 -55 -53 -49 -41 -32 -22 -15 -10 -3 13 34 54 65 64 57 46 34 20 6 -4 -8 -11 -18 -30 -42 -51 -54 -53 -50 -42 -29 -12 2 12 19 29 41 50 53 52 48 43 34 22 8 -3 -12 -23 -38 -54 -64 -64 -57 -47 -36 -23 253 1951 305 621
60 63 59 47 32 16 3 -6 -13 -21 -33 -48 -60 -65 -61 -50 -37 -26 -16 -6 7 20 32 43 53 59 62 58 47 32 17 4 -6 -13 -22 -33 -47 -60 -65 -61 -51 -38 -26 -15 -5 7 19 31 43 54 63 65 59 46 30 15 3 -6 -13 -23 -35 -50 -63 -68 -63 -49 -32 -17 -8 -2 6 17 29 41 50 57 61 58 47 31 15 3 -4 -11 -21 -36 -51 -61 -62 -56 -46 -36 -26 -17 -6 6 19 30 41 51 59 62 58 48 33 17 4 -6 -14 -23 -33 -46 -57 -63 -61 -51 -39 -27 -16 -5 8 20 31 42 51 59 62 59 48 33 18 5 -5 -14 -23 -36 -50 -61 -65 -60 -49 -36 -25 -14 -3 8 21 32 42 51 59 62 58 46 30 15 4 -4 -12 -22 -35 -49 -59 -63 -59 -50 -37 -25 -15 -5 5 17 31 43 54 60 61 57 47 33 17 4 -5 -12 -21 -34 -49 -62 -66 -62 -50 -37 -25 -14 -3 9 20 31 42 51 59 63 59 47 31 15 3 -6 -14 -24 -37 -49 -58 -61 -57 -50 -39 -27 -14 -2 8 18 28 40 52 61 64 59 47 32 17 4 -6 -13 -22 -35 -50 -61 -65 -60 -49 -37 -26 -14 -3 9 20 30 40 51 60 63 59 47 31 16 3 263 6170 305 621
-63 -62 -55 -44 -33 -22 -12 0 12 25 37 47 55 61 62 56 44 26 10 -3 -11 -18 -28 -41 -54 -62 -62 -55 -44 -32 -21 -10 0 11 23 35 47 56 63 63 56 42 24 7 -4 -10 -15 -25 -41 -56 -64 -62 -54 -43 -33 -22 -11 1 11 21 32 47 61 68 65 55 40 25 10 -3 -13 -21 -29 -39 -51 -61 -63 -57 -45 -33 -21 -11 1 13 25 37 48 57 62 61 53 39 23 9 -1 -8 -16 -26 -41 -54 -63 -63 -56 -45 -34 -22 -10 3 16 27 37 46 54 59 59 53 41 26 11 -1 -9 -16 -26 -40 -54 -63 -64 -56 -44 -33 -22 -11 0 13 26 39 49 56 60 59 53 41 25 10 -2 -9 -16 -26 -41 -56 -64 -62 -53 -41 -32 -23 -12 0 13 24 34 45 56 63 63 55 41 25 11 -1 -10 -19 -28 -41 -53 -62 -63 -57 -45 -32 -20 -10 1 12 23 35 46 55 62 63 56 42 25 9 -2 -9 -16 -27 -41 -56 -64 -63 -55 -44 -33 -22 -11 1 13 24 36 47 57 63 62 54 40 24 10 -1 -9 -16 -27 -41 -54 -62 -62 -55 -45 -33 -22 -11 0 12 23 35 47 56 62 62 56 43 27 10 -3 -11 -18 -26 -39 -54 -64 -65 -56 -43 -31 -21 -12 268 3286 305 621
-57 -59 -52 -42 -32 -24 -15 -4 7 16 26 36 48 58 60 53 40 26 15 8 1 -9 -23 -38 -51 -56 -55 -50 -42 -33 -25 -16 -6 6 19 31 41 48 52 51 46 37 26 17 13 10 1 -16 -37 -54 -59 -53 -46 -42 -41 -37 -27 -13 1 14 28 44 60 68 67 58 45 31 17 4 -7 -17 -27 -40 -53 -61 -60 -53 -44 -35 -22 -7 7 14 16 22 37 55 64 56 37 22 20 25 24 12 -8 -28 -43 -53 -60 -60 -54 -43 -31 -22 -14 -4 8 19 31 42 51 56 55 49 39 28 16 3 -7 -15 -22 -32 -45 -56 -57 -49 -37 -28 -22 -15 -6 4 13 21 31 43 54 58 54 45 34 25 15 2 -12 -27 -40 -51 -58 -59 -54 -46 -35 -26 -16 -5 7 20 32 44 53 58 56 50 39 28 16 6 -4 -13 -24 -35 -46 -55 -57 -53 -43 -33 -26 -18 -8 6 21 34 44 51 57 59 54 41 24 9 0 -4 -10 -21 -36 -50 -57 -56 -50 -41 -31 -21 -12 -3 5 14 26 39 51 58 57 49 37 24 14 7 1 -7 -20 -37 -51 -59 -57 -49 -41 -33 -26 -17 -6 7 20 33 44 52 54 50 41 32 26 22 18 9 -7 -27 -44 -55 -58 -56 -52 -46 -37 -23 -8 275 4696 305 621
-57 -58 -51 -40 -30 -21 -13 -4 8 20 32 42 51 56 57 51 39 25 14 7 0 -9 -23 -39 -53 -60 -60 -53 -45 -36 -28 -17 -5 9 23 37 48 56 61 61 54 42 26 12 0 -8 -16 -28 -41 -53 -60 -60 -54 -45 -34 -21 -9 2 10 19 32 47 61 68 65 53 35 17 3 -4 -8 -13 -24 -41 -56 -64 -61 -52 -40 -28 -17 -5 5 14 22 31 42 54 61 59 49 34 20 8 -1 -7 -15 -26 -41 -54 -61 -58 -49 -39 -30 -21 -11 1 14 24 34 44 53 59 58 50 36 20 7 -2 -9 -17 -27 -41 -53 -60 -57 -48 -37 -27 -19 -10 0 12 23 34 45 54 59 57 49 35 21 8 -1 -9 -18 -30 -44 -56 -61 -58 -48 -36 -24 -15 -5 5 15 25 34 43 51 55 53 44 32 18 6 -3 -10 -16 -24 -36 -49 -57 -56 -47 -36 -27 -20 -12 -1 13 25 34 41 48 54 56 50 38 22 8 -2 -8 -14 -23 -35 -48 -58 -60 -54 -42 -29 -19 -11 -2 10 24 37 48 54 57 55 48 37 24 11 2 -6 -15 -27 -42 -54 -60 -59 -52 -43 -33 -22 -11 2 16 27 37 46 53 57 57 49 35 19 7 -1 -6 -13 -24 -39 -52 -59 -59 -52 -41 -30 -21 -12 278 8318 305 621
-60 -58 -50 -41 -29 -16 -3 7 16 26 39 51 59 60 55 45 33 19 7 -2 -9 -16 -29 -45 -60 -66 -61 -50 -38 -29 -20 -8 5 19 31 42 52 59 62 58 48 33 19 7 -4 -14 -24 -37 -49 -58 -60 -56 -48 -39 -29 -17 -4 8 18 27 38 52 65 68 59 42 24 11 4 -2 -10 -21 -34 -47 -57 -62 -59 -50 -37 -24 -13 -4 6 17 29 42 53 60 61 56 44 28 13 2 -5 -10 -19 -33 -49 -59 -61 -56 -48 -38 -27 -15 -1 10 18 26 37 50 61 63 55 40 26 14 5 -2 -9 -20 -33 -47 -58 -62 -58 -48 -37 -27 -17 -5 8 21 32 42 50 56 57 53 43 29 14 2 -5 -10 -16 -28 -43 -56 -62 -57 -47 -36 -27 -19 -9 3 17 30 41 51 58 60 56 45 31 17 6 -3 -11 -21 -35 -50 -60 -63 -57 -47 -35 -23 -13 -4 5 15 28 41 53 61 62 57 45 30 14 0 -9 -15 -22 -32 -44 -55 -60 -58 -49 -37 -25 -14 -3 8 19 31 42 51 57 58 54 45 32 17 3 -6 -13 -21 -33 -48 -59 -63 -58 -48 -36 -24 -13 -3 8 18 28 39 49 57 60 57 46 31 15 2 -7 -14 -22 -34 -48 -58 -62 -58 -47 -35 -23 -13 -3 283 3372 305 621
58 63 61 51 35 17 3 -5 -10 -18 -31 -47 -60 -65 -61 -51 -39 -28 -18 -7 5 18 30 41 50 56 60 60 52 37 19 3 -7 -13 -19 -29 -43 -57 -64 -62 -53 -40 -29 -18 -8 4 17 31 43 51 56 59 58 51 38 21 5 -5 -10 -16 -28 -46 -62 -70 -66 -54 -40 -27 -15 -5 7 18 29 40 52 60 63 58 47 32 18 6 -2 -9 -18 -31 -47 -59 -65 -61 -52 -41 -29 -18 -7 4 15 26 39 53 64 68 62 50 34 18 5 -6 -15 -24 -33 -45 -55 -62 -61 -53 -41 -28 -16 -5 6 18 30 41 51 58 61 59 49 34 17 3 -4 -10 -18 -32 -47 -58 -62 -59 -50 -40 -29 -17 -6 3 14 27 41 54 61 62 57 48 34 18 4 -6 -12 -19 -30 -45 -57 -62 -59 -50 -40 -31 -20 -8 6 18 29 40 50 58 61 59 50 36 20 6 -5 -12 -19 -30 -45 -59 -66 -63 -52 -39 -27 -17 -6 6 17 28 38 50 59 64 61 49 34 18 6 -3 -10 -19 -31 -46 -58 -64 -62 -54 -42 -30 -17 -5 7 18 28 39 51 60 63 59 48 34 18 5 -4 -11 -19 -30 -45 -59 -65 -62 -51 -38 -28 -19 -9 4 18 30 40 50 59 64 61 51 35 18 4 36 11651 305 242
60 61 55 43 29 16 5 -5 -15 -26 -39 -50 -58 -60 -56 -49 -39 -28 -15 -1 11 22 32 42 51 59 63 59 47 30 13 0 -8 -14 -22 -35 -50 -61 -63 -57 -46 -35 -25 -15 -4 8 20 32 43 52 58 60 57 48 33 16 1 -9 -14 -20 -32 -49 -64 -68 -61 -47 -34 -24 -15 -4 9 22 33 42 51 60 63 59 46 29 13 2 -6 -13 -23 -36 -50 -61 -64 -59 -48 -36 -24 -13 -2 8 19 31 43 53 60 62 57 46 31 14 1 -8 -14 -22 -35 -50 -61 -63 -57 -45 -34 -24 -15 -4 7 18 30 42 53 62 63 58 46 31 16 3 -6 -14 -23 -35 -49 -61 -65 -60 -49 -35 -24 -14 -4 7 20 33 45 54 59 60 56 46 31 16 3 -6 -13 -22 -36 -51 -63 -66 -59 -47 -36 -26 -15 -4 9 22 33 43 53 60 63 58 45 28 13 2 -5 -11 -21 -37 -52 -63 -64 -58 -48 -37 -26 -14 -2 9 20 31 44 56 64 64 57 44 28 13 1 -7 -15 -24 -37 -51 -61 -63 -57 -46 -36 -26 -15 -2 11 23 33 43 53 59 60 54 43 30 16 4 -6 -15 -24 -36 -49 -60 -64 -58 -47 -35 -25 -15 -3 10 22 32 41 51 60 64 59 45 28 13 2 41 705 305 242
57 61 60 51 38 21 6 -5 -13 -20 -30 -43 -56 -63 -61 -52 -40 -29 -18 -8 4 16 28 39 49 58 62 59 49 34 19 7 -1 -8 -18 -32 -46 -57 -61 -58 -50 -40 -29 -18 -8 3 14 26 39 49 56 59 57 50 39 22 7 -4 -8 -13 -25 -44 -62 -71 -65 -51 -37 -26 -18 -8 4 17 27 36 46 57 63 62 51 36 19 6 -3 -10 -18 -29 -43 -57 -64 -62 -53 -40 -29 -18 -8 4 16 28 39 49 57 61 58 49 35 20 7 -2 -10 -19 -31 -45 -56 -61 -58 -50 -41 -31 -20 -8 5 16 26 35 46 56 63 62 53 39 22 7 -4 -12 -21 -31 -44 -56 -63 -61 -53 -41 -30 -18 -7 4 16 28 39 50 59 62 58 48 34 20 8 -1 -9 -20 -32 -46 -56 -61 -60 -53 -42 -30 -18 -6 5 17 27 38 48 56 60 58 51 39 23 8 -4 -13 -20 -30 -43 -56 -63 -60 -51 -40 -30 -20 -9 4 17 28 38 48 57 62 59 49 35 21 9 -1 -11 -20 -31 -44 -56 -63 -62 -53 -40 -28 -17 -8 3 16 28 39 48 55 60 59 51 37 20 6 -3 -10 -17 -29 -44 -56 -62 -59 -51 -41 -31 -21 -10 2 15 27 38 49 58 63 61 52 37 20 6 46 3808 305 242
62 63 57 45 30 15 2 -8 -16 -24 -34 -47 -58 -63 -60 -50 -37 -25 -14 -2 9 21 32 43 52 59 61 56 45 30 14 2 -6 -11 -20 -34 -50 -62 -64 -58 -47 -37 -26 -15 -3 8 19 29 41 54 63 65 58 46 32 17 3 -7 -16 -24 -37 -53 -67 -69 -59 -42 -28 -20 -14 -5 8 21 32 40 49 58 63 60 46 29 13 2 -4 -12 -23 -37 -51 -60 -62 -57 -48 -36 -25 -15 -5 6 18 31 44 55 62 62 56 45 31 17 4 -6 -15 -25 -38 -52 -62 -65 -59 -47 -34 -23 -13 -4 7 20 32 43 53 61 63 58 46 30 14 2 -7 -14 -24 -37 -51 -61 -63 -58 -47 -35 -24 -14 -4 7 19 31 44 54 62 63 57 45 30 15 3 -8 -16 -25 -36 -48 -58 -63 -59 -49 -37 -25 -14 -4 8 21 34 45 53 59 60 56 45 30 15 2 -6 -13 -23 -37 -51 -61 -63 -57 -46 -35 -24 -14 -3 8 19 31 43 54 61 62 56 43 28 14 3 -5 -12 -23 -36 -50 -59 -62 -58 -49 -38 -26 -15 -3 9 21 32 43 53 60 62 57 46 31 14 1 -7 -13 -21 -34 -50 -62 -66 -60 -48 -35 -24 -14 -4 7 20 32 43 53 61 63 59 47 31 14 2 50 15521 305 242
56 61 61 53 38 21 8 -1 -8 -17 -30 -45 -57 -63 -61 -53 -42 -31 -21 -11 1 15 29 41 49 55 59 60 53 39 21 5 -5 -9 -14 -26 -42 -57 -63 -61 -52 -42 -31 -20 -9 3 14 25 37 48 57 61 59 52 39 21 5 -6 -9 -12 -21 -39 -59 -69 -65 -52 -38 -28 -20 -10 2 15 25 35 45 55 62 61 52 38 23 10 0 -8 -17 -29 -44 -57 -65 -63 -54 -42 -30 -19 -9 2 14 27 38 48 56 59 58 51 39 23 8 -3 -9 -16 -27 -42 -56 -63 -62 -54 -44 -33 -20 -7 5 16 25 35 46 56 61 60 51 38 23 8 -3 -10 -17 -27 -40 -54 -62 -61 -54 -43 -32 -21 -9 2 13 24 36 48 58 63 59 50 38 25 12 1 -9 -19 -31 -43 -55 -62 -62 -54 -42 -31 -22 -12 0 13 26 38 50 59 65 64 54 38 20 6 -4 -10 -17 -29 -43 -55 -62 -62 -54 -44 -32 -21 -9 4 16 28 38 47 55 61 60 52 37 21 9 1 -6 -16 -30 -46 -58 -63 -61 -54 -43 -32 -20 -8 4 15 26 37 47 56 62 62 53 38 21 6 -3 -8 -14 -26 -42 -57 -65 -63 -54 -42 -31 -20 -10 2 15 27 38 47 55 61 60 53 40 23 8 55 12799 305 242
61 64 60 48 33 18 5 -4 -11 -20 -33 -48 -61 -65 -61 -50 -38 -27 -17 -7 6 18 30 41 51 59 63 59 49 33 18 5 -4 -11 -21 -33 -47 -59 -63 -60 -52 -41 -29 -17 -5 7 18 29 40 52 61 64 60 48 33 17 4 -5 -11 -18 -30 -46 -61 -69 -66 -53 -37 -24 -14 -5 6 17 30 42 52 60 63 58 47 33 18 5 -5 -14 -22 -33 -46 -58 -64 -61 -50 -38 -26 -16 -6 6 18 30 40 50 58 63 59 48 33 17 5 -4 -11 -20 -32 -46 -58 -65 -62 -52 -39 -27 -17 -7 6 19 32 41 50 57 61 60 51 34 17 3 -6 -12 -20 -32 -47 -59 -64 -60 -50 -39 -28 -18 -7 7 20 31 40 49 56 61 59 50 35 19 5 -4 -12 -21 -33 -45 -56 -62 -60 -52 -40 -29 -18 -7 5 17 29 40 50 59 63 60 50 36 20 8 -2 -12 -22 -34 -47 -59 -65 -64 -55 -42 -28 -15 -4 6 19 32 44 54 60 61 57 47 34 18 5 -5 -13 -22 -33 -47 -59 -64 -61 -51 -38 -27 -17 -7 5 19 32 43 51 58 62 59 49 32 15 3 -4 -9 -18 -33 -49 -60 -63 -58 -49 -39 -29 -18 -6 6 18 30 40 50 58 62 60 50 35 18 5 66 9797 305 242
63 61 52 38 22 8 -2 -9 -16 -26 -41 -56 -65 -64 -54 -42 -30 -20 -10 2 14 26 36 46 55 62 61 52 38 22 9 -1 -8 -17 -29 -42 -53 -59 -59 -54 -45 -34 -22 -9 3 14 25 35 46 55 60 58 51 39 25 10 -1 -8 -14 -22 -37 -55 -67 -68 -57 -43 -29 -20 -11 0 12 24 35 46 57 64 64 55 40 24 9 -3 -12 -20 -30 -41 -52 -60 -61 -54 -43 -31 -21 -12 -2 11 24 38 49 57 60 59 52 42 27 12 -1 -10 -18 -28 -41 -56 -65 -64 -55 -42 -30 -20 -10 1 13 24 35 46 56 62 62 55 41 24 8 -3 -11 -18 -27 -40 -54 -62 -62 -54 -43 -33 -23 -12 0 14 26 37 48 57 63 61 52 38 23 10 0 -8 -17 -28 -42 -55 -64 -65 -56 -43 -30 -19 -10 1 13 26 38 48 56 62 62 55 40 21 5 -5 -11 -16 -25 -39 -53 -61 -61 -54 -44 -33 -22 -11 1 12 24 36 47 57 62 61 54 41 24 9 -2 -9 -17 -28 -43 -56 -63 -62 -54 -42 -30 -19 -9 1 13 24 36 47 56 61 60 53 40 24 9 -2 -9 -16 -27 -41 -56 -63 -62 -53 -42 -31 -20 -10 1 13 24 35 46 57 63 62 53 38 22 8 -2 72 42 305 242
-62 -64 -57 -45 -34 -26 -17 -6 7 20 32 43 54 61 62 56 43 28 15 3 -6 -14 -23 -34 -47 -58 -63 -60 -49 -36 -24 -14 -5 5 18 32 44 53 58 60 57 48 33 16 1 -7 -13 -21 -34 -49 -61 -63 -58 -48 -37 -26 -14 -4 5 14 26 42 58 68 68 60 45 29 14 2 -9 -17 -26 -38 -51 -60 -61 -54 -43 -33 -25 -17 -6 7 20 32 42 52 60 63 59 47 30 13 0 -7 -13 -21 -35 -50 -61 -63 -56 -45 -34 -25 -16 -5 8 20 32 42 51 59 62 58 47 30 14 1 -6 -13 -22 -35 -50 -60 -62 -55 -46 -37 -28 -18 -5 9 22 32 42 52 60 62 57 45 30 15 3 -6 -13 -22 -34 -48 -60 -64 -59 -48 -36 -25 -15 -4 8 21 32 42 51 58 62 59 48 32 14 1 -8 -14 -22 -34 -49 -61 -64 -59 -47 -35 -24 -15 -4 8 21 33 43 52 58 60 57 46 30 14 2 -6 -12 -21 -34 -49 -60 -62 -58 -49 -38 -26 -14 -2 8 18 30 42 53 59 60 55 46 32 17 4 -6 -13 -22 -36 -52 -63 -64 -55 -44 -34 -27 -18 -5 9 21 31 41 51 60 63 58 45 29 14 2 -5 -12 -21 -34 -49 -60 -63 -58 -47 -36 -26 -16 77 358 305 242
58 64 63 53 38 20 5 -5 -11 -18 -29 -44 -57 -63 -61 -53 -41 -30 -18 -7 4 15 25 36 48 58 63 60 51 37 22 8 -3 -11 -19 -30 -43 -56 -62 -61 -52 -41 -30 -20 -9 2 15 26 37 47 56 61 61 53 39 23 9 0 -7 -16 -30 -48 -63 -69 -64 -53 -40 -27 -17 -6 4 15 26 38 49 58 61 58 50 37 22 8 -2 -9 -16 -27 -43 -58 -66 -63 -52 -41 -30 -20 -9 4 17 28 37 46 56 62 61 53 38 22 8 -2 -10 -19 -30 -44 -57 -64 -61 -52 -40 -30 -21 -10 2 16 28 39 48 56 62 62 53 38 22 7 -4 -12 -20 -30 -42 -54 -62 -63 -55 -42 -29 -18 -8 1 14 27 39 49 56 60 60 54 41 24 8 -3 -11 -19 -31 -45 -58 -64 -62 -53 -41 -29 -18 -8 3 14 26 37 48 57 62 61 53 39 22 7 -3 -10 -18 -30 -46 -60 -64 -60 -51 -41 -32 -22 -9 6 19 29 38 47 56 61 60 51 37 21 7 -3 -11 -19 -29 -42 -55 -63 -61 -52 -40 -29 -21 -11 1 15 27 37 46 55 62 64 56 39 20 5 -4 -9 -16 -28 -43 -57 -65 -64 -55 -42 -29 -18 -8 3 15 28 39 48 55 60 60 53 38 21 7 82 1223 305 242
59 61 57 47 32 17 4 -5 -12 -20 -33 -48 -61 -66 -61 -50 -38 -27 -16 -4 9 21 32 42 51 58 62 58 47 32 16 4 -5 -13 -23 -35 -48 -58 -63 -60 -51 -40 -27 -15 -4 7 18 30 42 54 61 62 57 47 34 19 5 -6 -14 -22 -32 -47 -62 -70 -66 -53 -37 -23 -12 -3 7 20 32 42 52 60 64 60 48 31 14 2 -5 -12 -22 -36 -51 -62 -65 -59 -49 -37 -25 -14 -3 9 21 32 42 52 59 62 57 45 30 15 3 -5 -13 -22 -34 -49 -60 -64 -59 -48 -36 -25 -16 -6 6 18 30 41 52 60 62 58 47 32 16 3 -6 -13 -22 -33 -46 -59 -65 -62 -51 -37 -25 -14 -5 6 19 31 42 51 59 62 59 48 33 17 4 -5 -13 -23 -37 -51 -60 -63 -58 -49 -37 -25 -14 -3 7 18 29 41 51 59 61 58 48 33 16 3 -6 -11 -20 -33 -49 -61 -65 -59 -49 -38 -27 -16 -4 8 20 31 42 51 59 61 58 48 33 17 3 -6 -12 -20 -32 -47 -61 -67 -61 -49 -36 -25 -17 -7 6 20 33 44 53 59 61 58 48 33 16 2 -7 -14 -22 -34 -49 -60 -63 -58 -48 -37 -26 -16 -5 7 18 30 41 52 60 63 58 47 31 16 5 86 12811 305 242
53 62 64 57 41 24 9 -2 -9 -17 -28 -42 -55 -63 -62 -55 -44 -32 -21 -9 2 14 26 37 48 56 60 59 53 41 25 10 -2 -10 -17 -27 -42 -56 -64 -62 -54 -43 -31 -21 -9 2 13 24 35 47 57 62 60 52 39 25 11 1 -7 -15 -26 -43 -61 -71 -69 -56 -40 -26 -15 -6 4 15 27 36 45 52 57 58 52 40 24 10 0 -7 -15 -26 -42 -57 -65 -63 -53 -42 -32 -22 -11 2 15 26 36 46 55 61 62 53 38 21 7 -2 -8 -14 -25 -40 -55 -64 -64 -55 -42 -30 -21 -11 0 13 26 37 46 54 59 61 54 41 23 8 -2 -8 -14 -25 -41 -56 -64 -62 -53 -41 -30 -21 -12 -2 11 24 36 47 55 60 61 54 41 25 10 0 -7 -15 -28 -43 -57 -63 -62 -54 -43 -32 -21 -10 2 13 24 35 46 56 62 62 54 39 22 8 -2 -8 -16 -28 -42 -55 -62 -61 -53 -42 -31 -20 -10 0 11 23 36 48 56 60 59 52 41 26 11 -1 -10 -17 -27 -41 -54 -62 -61 -54 -43 -33 -22 -11 2 14 26 37 47 56 60 59 51 39 24 11 0 -8 -16 -27 -41 -55 -63 -63 -55 -44 -32 -21 -10 3 15 26 35 45 54 61 61 54 39 23 9 91 9915 305 242
58 60 56 47 34 19 6 -4 -12 -21 -33 -48 -60 -64 -59 -48 -36 -26 -17 -6 6 19 30 40 49 57 62 59 48 32 17 5 -3 -10 -20 -33 -48 -58 -62 -58 -50 -39 -28 -18 -7 5 17 30 43 53 59 60 56 47 34 19 5 -5 -11 -17 -28 -45 -63 -71 -67 -52 -36 -23 -15 -5 7 20 32 40 48 57 62 60 49 31 15 3 -4 -10 -19 -32 -46 -59 -65 -62 -51 -38 -26 -16 -5 6 19 31 41 50 58 61 58 47 31 16 4 -4 -10 -19 -33 -48 -59 -63 -58 -48 -37 -28 -19 -8 4 17 30 42 52 60 63 59 48 33 18 5 -4 -13 -23 -35 -48 -58 -62 -57 -48 -37 -27 -18 -8 5 18 31 41 51 59 62 59 47 32 16 4 -4 -11 -21 -33 -47 -58 -63 -60 -50 -39 -27 -15 -4 7 18 28 39 50 59 63 60 49 34 18 4 -7 -14 -22 -32 -46 -60 -66 -62 -49 -34 -23 -15 -6 6 20 33 41 48 54 59 58 49 34 17 4 -4 -11 -21 -34 -48 -59 -63 -59 -50 -38 -26 -14 -4 6 17 28 40 51 59 61 57 47 33 18 5 -5 -13 -22 -33 -47 -58 -62 -59 -49 -39 -28 -17 -4 8 19 30 40 50 58 60 56 46 32 18 7 96 5093 305 242
54 61 63 56 42 26 10 -1 -9 -17 -28 -41 -55 -63 -64 -57 -45 -32 -20 -9 2 14 25 36 47 56 61 59 51 37 23 10 1 -6 -15 -27 -40 -53 -60 -61 -56 -46 -35 -23 -11 0 12 23 35 47 56 61 61 55 43 26 11 0 -7 -13 -25 -43 -60 -69 -66 -55 -43 -32 -21 -9 4 15 25 35 46 56 62 61 52 38 24 10 0 -8 -15 -24 -38 -53 -65 -66 -58 -44 -31 -21 -11 0 12 25 36 46 55 61 61 55 41 25 11 0 -7 -15 -27 -43 -57 -65 -63 -55 -44 -32 -20 -9 2 13 22 33 45 56 63 63 56 42 25 8 -4 -12 -17 -26 -40 -55 -64 -63 -53 -40 -29 -20 -9 2 13 22 30 39 50 60 62 55 42 27 13 3 -5 -14 -26 -42 -56 -65 -64 -55 -43 -32 -23 -13 -1 13 26 36 45 54 61 62 55 41 24 10 1 -5 -14 -27 -42 -56 -63 -62 -55 -45 -34 -23 -11 1 12 23 34 46 56 63 63 56 41 24 10 1 -6 -15 -27 -43 -57 -64 -63 -55 -45 -33 -22 -10 2 13 23 34 46 56 63 63 55 42 26 12 0 -9 -18 -30 -44 -57 -64 -62 -54 -43 -32 -21 -10 1 14 26 37 47 54 60 60 54 42 25 10 101 4446 305 242
59 60 56 47 34 20 7 -5 -14 -22 -33 -47 -60 -66 -61 -50 -36 -25 -17 -7 6 20 32 40 48 56 62 60 50 33 16 4 -4 -11 -21 -34 -48 -59 -63 -60 -51 -39 -27 -16 -7 3 15 29 43 54 59 60 56 48 37 21 6 -7 -14 -20 -29 -44 -60 -68 -65 -52 -38 -27 -17 -5 8 20 29 38 49 59 65 61 49 33 17 5 -4 -12 -21 -33 -47 -59 -64 -61 -51 -39 -29 -19 -7 6 19 31 41 51 60 64 61 49 34 18 5 -5 -13 -22 -34 -48 -60 -66 -62 -51 -38 -27 -17 -6 7 20 32 41 50 58 62 59 49 33 18 5 -4 -13 -22 -35 -48 -58 -61 -58 -51 -41 -30 -17 -4 8 19 29 40 51 60 63 58 46 32 18 6 -3 -11 -19 -31 -45 -59 -66 -64 -53 -40 -27 -16 -6 6 19 31 43 52 59 62 58 48 33 17 4 -4 -11 -20 -33 -47 -59 -64 -61 -51 -39 -27 -16 -5 5 16 29 42 54 61 62 57 47 33 19 6 -4 -12 -21 -33 -47 -59 -64 -60 -51 -39 -28 -17 -5 6 17 29 41 53 61 64 59 48 33 17 5 -5 -12 -21 -33 -48 -60 -64 -60 -50 -38 -27 -17 -6 7 20 31 42 52 59 61 58 47 33 18 5 106 4150 305 242
57 64 64 54 39 24 10 0 -7 -16 -27 -40 -54 -62 -62 -56 -46 -35 -23 -10 2 14 25 35 45 55 61 61 54 42 27 13 0 -9 -18 -27 -40 -53 -63 -64 -57 -44 -31 -21 -11 -1 11 23 35 46 54 60 62 57 44 27 10 -2 -8 -13 -23 -40 -59 -69 -68 -56 -41 -29 -19 -9 1 11 22 32 44 56 64 64 55 40 23 9 0 -7 -15 -27 -41 -54 -61 -61 -54 -44 -34 -23 -12 0 11 22 33 45 54 61 62 57 45 29 12 -1 -10 -18 -28 -41 -54 -63 -63 -55 -43 -31 -21 -12 -2 10 24 36 47 55 60 61 55 43 27 11 -1 -9 -16 -26 -40 -55 -63 -63 -54 -43 -32 -23 -13 -2 11 24 36 46 55 61 62 55 42 25 10 0 -8 -15 -26 -40 -54 -61 -62 -55 -46 -35 -24 -12 0 12 22 34 46 57 63 63 55 41 27 12 1 -9 -17 -28 -41 -55 -64 -64 -56 -44 -31 -21 -12 -1 12 25 36 47 55 61 62 55 42 25 10 -1 -9 -16 -27 -41 -54 -62 -61 -53 -43 -33 -24 -14 -1 12 24 35 46 55 60 61 55 43 28 14 1 -9 -18 -28 -41 -54 -63 -64 -57 -46 -34 -22 -11 1 14 26 37 46 55 61 61 54 41 25 10 111 454 305 242
61 62 55 43 27 13 1 -7 -15 -26 -40 -55 -63 -64 -57 -46 -34 -24 -13 -2 12 25 38 48 55 60 60 55 42 26 10 -1 -8 -14 -24 -37 -52 -61 -63 -57 -47 -35 -23 -11 0 11 22 33 45 54 60 61 55 45 30 14 1 -7 -13 -22 -36 -53 -66 -69 -62 -49 -35 -22 -10 1 13 23 34 45 56 63 62 55 42 27 13 1 -8 -16 -26 -39 -54 -64 -65 -57 -44 -32 -22 -13 -2 11 24 35 46 55 62 63 57 44 27 11 -1 -9 -17 -27 -41 -53 -60 -61 -55 -46 -36 -25 -13 0 13 25 36 45 54 60 61 54 42 26 11 0 -8 -15 -24 -37 -51 -62 -64 -58 -46 -34 -23 -13 -3 9 21 34 46 57 63 64 57 43 26 10 -1 -8 -14 -24 -39 -54 -64 -64 -57 -46 -34 -23 -12 0 11 22 34 45 56 63 64 57 43 26 9 -2 -9 -15 -24 -38 -53 -64 -66 -58 -45 -33 -22 -11 1 14 25 35 44 53 60 61 56 43 27 11 -2 -11 -17 -25 -37 -51 -61 -63 -56 -44 -32 -22 -13 -2 11 23 33 43 53 61 64 57 42 25 11 1 -7 -16 -26 -39 -51 -60 -62 -57 -47 -35 -24 -14 -3 10 24 37 47 55 60 62 57 44 27 11 -1 120 13495 305 242
60 62 57 45 30 16 4 -4 -12 -21 -33 -47 -59 -64 -60 -49 -36 -25 -16 -6 6 19 31 42 51 58 61 58 48 33 17 5 -4 -11 -20 -34 -50 -62 -65 -60 -49 -37 -26 -15 -5 6 19 33 45 54 58 58 55 48 34 17 1 -8 -13 -17 -29 -47 -63 -68 -62 -49 -37 -26 -15 -2 11 22 31 40 50 59 62 58 46 32 16 4 -5 -13 -21 -33 -48 -61 -65 -60 -49 -37 -26 -16 -5 8 20 31 42 52 61 64 59 47 31 16 3 -7 -15 -24 -35 -48 -59 -63 -59 -48 -36 -25 -15 -6 6 18 30 42 53 61 63 57 45 30 16 5 -3 -12 -22 -36 -50 -61 -64 -59 -48 -36 -26 -16 -6 6 19 31 42 52 61 64 60 47 31 15 3 -6 -13 -23 -35 -49 -59 -62 -57 -48 -38 -28 -18 -5 8 21 32 42 51 59 62 58 46 30 15 3 -5 -12 -21 -33 -47 -59 -64 -60 -50 -37 -25 -15 -5 6 19 31 43 53 60 62 57 46 31 15 3 -4 -11 -21 -35 -51 -62 -63 -57 -48 -38 -28 -17 -4 10 22 34 45 55 60 60 52 41 28 15 3 -6 -13 -21 -32 -46 -57 -62 -58 -47 -36 -26 -16 -6 7 19 30 40 50 58 62 59 47 31 15 3 126 4439 305 242
54 60 59 50 36 21 8 -1 -7 -15 -27 -42 -55 -62 -58 -48 -37 -30 -24 -14 1 17 29 37 43 50 57 57 49 36 21 10 2 -7 -16 -27 -39 -50 -58 -59 -53 -43 -32 -23 -14 -5 8 22 35 48 57 63 63 56 43 27 13 3 -6 -17 -32 -48 -62 -68 -66 -56 -43 -30 -17 -4 9 19 27 35 43 54 61 62 52 36 19 6 -2 -9 -18 -30 -42 -53 -59 -58 -52 -41 -29 -18 -8 2 12 24 36 46 54 58 57 49 36 21 7 -2 -8 -15 -25 -40 -53 -61 -59 -50 -39 -28 -18 -8 2 13 23 33 43 52 58 56 47 34 21 10 3 -5 -15 -29 -42 -53 -58 -57 -51 -42 -31 -20 -8 2 12 23 34 45 53 57 56 48 36 22 8 -2 -8 -15 -24 -37 -51 -59 -59 -51 -39 -27 -18 -10 -1 9 21 32 42 49 54 54 48 37 24 14 7 1 -8 -21 -37 -52 -61 -61 -55 -45 -34 -25 -15 -3 9 23 35 47 56 61 60 51 38 23 11 3 -5 -14 -27 -42 -55 -61 -61 -54 -44 -32 -20 -7 5 15 25 34 43 52 58 58 50 37 22 9 -1 -9 -17 -29 -42 -53 -58 -56 -49 -40 -31 -21 -10 2 14 25 35 44 51 56 55 48 36 22 10 131 9042 305 242
57 60 57 48 34 18 4 -5 -11 -18 -31 -48 -62 -67 -61 -48 -35 -25 -16 -7 4 16 28 41 52 60 63 59 47 32 16 3 -6 -11 -19 -31 -46 -59 -65 -60 -50 -39 -28 -17 -4 8 18 28 39 50 60 63 59 47 33 18 5 -5 -12 -19 -30 -46 -61 -69 -65 -52 -37 -26 -16 -6 7 21 33 43 52 59 62 58 47 31 15 3 -5 -12 -21 -34 -48 -59 -63 -59 -49 -38 -27 -16 -5 7 19 30 40 51 59 62 58 47 32 17 4 -5 -13 -21 -32 -45 -57 -63 -60 -51 -39 -27 -17 -6 7 19 31 41 50 58 62 59 48 32 16 4 -4 -11 -20 -33 -47 -58 -62 -59 -50 -40 -28 -17 -5 7 18 29 40 51 59 61 57 47 34 19 6 -5 -14 -23 -33 -46 -57 -63 -59 -49 -37 -26 -17 -7 4 16 29 40 51 60 64 60 48 32 16 4 -4 -11 -20 -33 -47 -58 -63 -61 -52 -40 -27 -16 -5 6 17 30 42 52 60 62 58 47 33 18 5 -5 -14 -24 -35 -48 -58 -62 -59 -50 -37 -25 -14 -3 7 17 27 38 48 57 62 60 49 33 16 4 -3 -9 -18 -32 -48 -60 -64 -60 -51 -40 -28 -16 -4 8 19 29 40 51 60 65 61 48 31 14 2 188 10187 305 242
63 61 52 39 24 11 1 -8 -17 -27 -39 -51 -60 -62 -57 -47 -34 -21 -9 2 12 22 33 44 55 62 62 55 41 25 11 0 -8 -16 -27 -41 -55 -63 -62 -54 -43 -33 -22 -11 1 13 23 33 43 54 62 63 55 41 25 10 -1 -7 -13 -22 -37 -54 -67 -68 -59 -45 -30 -19 -10 0 11 23 35 46 56 62 62 54 40 24 10 0 -8 -16 -27 -39 -52 -60 -62 -57 -47 -35 -22 -11 0 11 24 36 48 56 61 60 54 41 26 11 0 -7 -15 -27 -42 -55 -62 -61 -54 -44 -34 -23 -12 0 12 23 35 47 58 63 62 53 39 23 10 0 -7 -13 -24 -40 -55 -65 -65 -57 -44 -32 -22 -12 0 13 26 37 46 55 61 62 55 41 23 8 -2 -8 -16 -27 -40 -53 -61 -62 -56 -45 -32 -20 -9 0 10 21 33 46 56 61 60 53 41 27 13 2 -6 -15 -27 -42 -55 -63 -62 -55 -45 -34 -23 -11 1 13 23 33 44 54 62 63 56 42 25 9 -1 -7 -13 -24 -40 -56 -66 -65 -55 -42 -31 -22 -13 -2 11 24 35 46 55 62 63 56 43 26 10 -2 -10 -17 -27 -40 -54 -62 -62 -55 -44 -33 -22 -11 2 14 25 34 43 53 61 62 56 42 25 10 0 193 5741 305 242
-63 -58 -49 -38 -27 -17 -7 5 18 30 42 52 58 61 59 49 34 17 3 -7 -13 -20 -31 -45 -58 -63 -61 -52 -40 -28 -16 -4 7 18 29 40 51 59 62 59 48 34 18 5 -4 -11 -20 -33 -48 -60 -64 -59 -49 -39 -30 -20 -7 6 19 28 37 48 60 69 68 55 34 14 0 -7 -13 -21 -34 -49 -60 -64 -60 -49 -37 -27 -18 -8 5 18 32 43 52 59 63 60 49 34 17 3 -6 -13 -22 -34 -48 -61 -65 -61 -48 -35 -23 -15 -6 5 18 31 41 50 58 61 58 48 32 16 4 -3 -10 -20 -33 -48 -59 -63 -59 -50 -39 -28 -17 -6 6 18 29 41 51 59 63 60 50 33 16 3 -5 -11 -20 -34 -49 -60 -63 -59 -50 -40 -29 -17 -4 8 19 29 40 51 60 63 59 47 32 17 5 -5 -13 -22 -33 -47 -58 -63 -59 -49 -37 -26 -17 -8 4 18 31 42 51 59 63 60 50 33 16 3 -5 -11 -20 -34 -49 -61 -65 -60 -50 -38 -26 -15 -3 8 19 30 40 51 58 61 57 47 34 19 5 -5 -14 -22 -33 -46 -57 -63 -61 -52 -39 -26 -15 -6 5 17 31 43 53 59 60 57 48 34 18 5 -5 -12 -21 -33 -47 -57 -62 -60 -52 -41 -29 -17 -5 198 7183 305 242
58 62 59 50 36 21 8 -3 -12 -20 -31 -44 -55 -62 -61 -53 -42 -30 -19 -8 3 15 27 39 49 58 63 61 52 37 20 5 -4 -11 -18 -30 -44 -57 -64 -61 -52 -40 -29 -18 -8 3 15 26 38 49 58 63 60 51 36 20 7 -2 -8 -16 -29 -46 -61 -68 -64 -52 -39 -27 -18 -8 3 15 27 39 50 59 63 60 50 36 19 6 -4 -10 -18 -29 -44 -57 -64 -62 -52 -40 -29 -18 -8 4 16 28 38 47 55 60 60 53 39 22 7 -4 -11 -19 -31 -44 -57 -62 -60 -52 -41 -30 -19 -8 4 16 27 37 47 56 62 62 54 39 21 7 -3 -10 -19 -32 -47 -58 -62 -59 -52 -43 -33 -20 -7 6 17 28 39 50 59 63 60 50 35 18 5 -4 -9 -16 -28 -44 -58 -65 -62 -51 -40 -30 -20 -9 3 16 28 39 49 58 63 60 51 36 21 7 -3 -12 -20 -31 -43 -56 -63 -62 -54 -41 -28 -17 -7 3 15 27 38 49 58 63 62 52 35 18 4 -3 -8 -16 -29 -45 -59 -64 -61 -52 -42 -31 -19 -7 5 16 26 37 48 59 64 61 51 36 20 7 -2 -9 -17 -29 -45 -59 -65 -63 -54 -42 -31 -20 -7 6 19 29 39 48 57 61 60 51 37 22 8 204 4413 305 242
-63 -59 -49 -38 -27 -17 -7 5 18 29 40 49 57 61 59 50 35 19 5 -5 -12 -20 -32 -47 -59 -63 -59 -50 -38 -28 -18 -7 5 16 28 39 49 58 63 61 51 35 19 5 -4 -11 -20 -33 -48 -59 -63 -59 -50 -41 -31 -20 -7 6 18 29 40 52 64 69 64 50 32 14 1 -8 -15 -22 -33 -46 -57 -63 -60 -51 -38 -26 -16 -6 6 19 31 41 49 56 61 60 49 32 15 3 -4 -9 -18 -33 -48 -59 -62 -58 -49 -39 -28 -18 -8 3 15 27 41 53 61 64 59 48 34 19 6 -3 -12 -22 -34 -48 -59 -64 -61 -52 -39 -27 -16 -6 5 16 29 42 52 59 62 58 48 34 18 6 -4 -12 -21 -33 -47 -58 -63 -61 -53 -42 -28 -15 -3 7 18 28 40 51 59 63 60 49 34 17 4 -5 -11 -19 -31 -47 -60 -65 -61 -50 -38 -28 -18 -7 5 18 31 42 51 58 61 59 49 35 19 5 -5 -12 -21 -32 -46 -58 -64 -61 -51 -39 -28 -18 -7 5 19 32 42 51 58 62 60 50 34 17 3 -6 -13 -22 -33 -46 -57 -62 -58 -49 -38 -28 -19 -9 4 18 31 41 50 57 61 60 51 34 17 4 -3 -9 -18 -32 -48 -60 -64 -60 -51 -40 -29 -17 -6 208 3214 305 242
63 64 56 41 24 9 -1 -9 -16 -25 -39 -52 -62 -63 -56 -45 -34 -24 -14 -1 13 26 37 46 54 61 63 55 40 24 10 0 -7 -16 -27 -41 -53 -61 -62 -56 -45 -33 -21 -10 0 11 23 34 45 54 59 60 54 43 27 11 -3 -10 -14 -20 -34 -52 -66 -68 -59 -44 -31 -21 -13 -2 11 24 35 45 55 63 64 56 41 23 9 -1 -6 -14 -25 -40 -55 -63 -62 -55 -44 -34 -25 -13 -1 13 25 36 46 55 62 62 55 43 26 11 -1 -9 -17 -27 -41 -55 -63 -62 -54 -43 -33 -23 -13 -1 12 24 35 45 55 61 61 55 42 26 11 -1 -8 -15 -24 -38 -53 -63 -64 -56 -44 -33 -22 -12 -1 10 20 31 44 57 66 66 57 41 25 11 0 -9 -17 -27 -39 -51 -61 -64 -58 -46 -32 -21 -12 -3 9 23 36 47 56 61 62 56 43 27 11 -1 -9 -17 -26 -39 -52 -61 -64 -58 -47 -34 -22 -11 0 11 23 34 46 56 63 64 56 42 25 10 0 -7 -15 -27 -41 -55 -63 -62 -55 -45 -35 -24 -12 1 14 25 35 45 55 61 62 55 42 27 13 1 -9 -18 -29 -42 -55 -63 -63 -55 -43 -30 -20 -10 1 12 23 33 42 53 61 64 57 42 25 9 -1 213 180 305 242
59 62 58 48 33 17 4 -5 -12 -21 -33 -47 -59 -63 -60 -50 -38 -27 -16 -6 4 16 30 43 54 60 60 56 46 33 18 4 -6 -12 -19 -31 -46 -59 -64 -59 -49 -38 -29 -18 -7 7 19 31 41 50 58 60 57 47 33 18 4 -5 -11 -17 -29 -46 -62 -69 -64 -50 -35 -23 -15 -7 4 17 30 41 51 58 61 58 48 33 18 5 -4 -13 -22 -33 -46 -57 -62 -60 -51 -39 -27 -16 -5 6 18 29 39 48 57 63 62 52 35 18 4 -5 -12 -20 -32 -47 -59 -65 -61 -51 -39 -27 -17 -6 5 17 28 39 49 58 64 62 52 36 19 4 -6 -14 -22 -33 -45 -57 -64 -63 -54 -41 -27 -16 -5 6 18 30 41 50 58 63 61 50 33 15 2 -5 -11 -20 -33 -47 -58 -62 -58 -50 -40 -29 -18 -7 5 17 29 40 51 59 62 60 52 37 21 5 -6 -14 -24 -36 -51 -61 -64 -58 -47 -36 -26 -17 -6 6 18 29 40 50 58 62 60 50 35 20 7 -4 -13 -23 -35 -48 -59 -64 -61 -52 -40 -27 -16 -4 7 18 28 40 51 61 65 62 50 33 16 3 -6 -12 -21 -34 -49 -61 -64 -59 -49 -38 -28 -18 -6 7 19 29 38 49 58 63 60 48 33 18 6 217 15992 305 242
60 62 57 45 30 16 3 -6 -15 -25 -37 -50 -60 -63 -59 -49 -37 -26 -14 -2 12 24 36 45 53 59 60 54 42 27 13 3 -5 -12 -23 -37 -51 -61 -63 -57 -47 -36 -25 -13 0 12 21 28 38 50 60 65 60 48 31 13 -1 -10 -15 -21 -32 -49 -63 -68 -60 -45 -31 -23 -16 -6 8 23 35 44 51 57 60 57 46 31 16 4 -5 -13 -24 -37 -51 -62 -65 -60 -49 -36 -24 -13 -2 9 21 33 45 54 60 61 56 45 30 15 3 -6 -14 -24 -38 -52 -62 -63 -57 -47 -36 -25 -13 -2 9 19 30 42 54 62 63 57 45 30 16 4 -6 -15 -26 -39 -52 -61 -63 -58 -48 -36 -25 -14 -3 9 21 33 45 55 61 62 57 46 30 14 1 -7 -13 -21 -35 -52 -64 -66 -59 -47 -35 -25 -16 -4 9 23 35 46 55 61 62 57 45 29 14 2 -6 -13 -23 -38 -53 -63 -65 -58 -46 -35 -24 -14 -2 10 22 32 42 52 60 63 58 45 29 13 2 -6 -13 -24 -37 -52 -62 -64 -58 -47 -35 -24 -14 -3 10 22 33 43 51 58 61 58 47 31 14 1 -7 -14 -23 -36 -51 -63 -65 -57 -46 -34 -24 -15 -4 9 22 33 43 52 60 63 58 46 29 13 1 228 11440 305 242
58 63 60 51 36 20 7 -2 -8 -17 -30 -47 -60 -66 -62 -52 -41 -30 -19 -7 5 17 28 39 51 60 63 59 48 35 20 8 -2 -10 -18 -30 -44 -58 -66 -63 -53 -41 -29 -18 -7 5 17 27 37 48 57 62 61 53 39 23 8 -4 -12 -18 -28 -44 -60 -70 -67 -56 -41 -28 -17 -5 7 18 28 39 51 63 68 61 46 28 15 5 -2 -10 -19 -30 -43 -56 -64 -63 -53 -39 -27 -18 -9 2 15 27 39 49 59 63 61 50 35 19 6 -3 -10 -18 -30 -45 -58 -64 -61 -52 -41 -31 -21 -8 6 19 29 38 48 58 64 61 49 33 18 6 -2 -9 -18 -30 -45 -58 -64 -62 -52 -40 -29 -20 -9 5 18 30 39 48 56 62 61 52 36 19 6 -3 -10 -19 -31 -46 -58 -64 -61 -52 -40 -28 -18 -7 4 16 29 40 50 57 60 58 49 36 21 8 -2 -10 -19 -32 -46 -58 -63 -61 -53 -41 -30 -19 -8 5 18 30 41 50 57 61 59 50 35 19 6 -3 -10 -17 -30 -45 -58 -64 -61 -52 -41 -30 -20 -8 4 17 29 41 50 58 61 59 50 37 21 6 -4 -12 -20 -31 -45 -57 -63 -60 -51 -39 -29 -19 -8 3 15 26 37 48 58 63 61 52 38 21 6 234 2034 305 242
-63 -58 -48 -36 -24 -13 -2 9 21 32 44 54 60 61 55 43 28 14 2 -6 -13 -22 -34 -48 -58 -62 -58 -49 -37 -26 -15 -5 7 18 31 43 54 62 63 58 46 31 15 2 -7 -14 -22 -34 -49 -60 -64 -59 -49 -38 -27 -15 -3 9 19 28 40 53 66 70 64 49 30 12 -1 -10 -16 -25 -37 -51 -62 -66 -60 -47 -32 -21 -13 -4 8 21 33 44 52 59 61 57 46 30 15 3 -5 -12 -23 -37 -51 -62 -65 -60 -49 -36 -24 -13 -3 8 21 34 46 54 60 61 57 46 29 11 -2 -8 -13 -21 -35 -50 -62 -64 -58 -48 -36 -25 -13 -1 10 21 31 42 52 59 62 59 49 33 14 -2 -12 -18 -25 -36 -49 -59 -61 -56 -46 -36 -25 -14 -3 8 20 32 43 53 60 61 56 45 30 14 1 -7 -13 -22 -35 -50 -60 -63 -57 -48 -37 -27 -15 -3 9 21 32 43 53 60 63 58 47 31 15 1 -8 -16 -25 -36 -49 -60 -63 -59 -49 -37 -24 -13 -2 9 20 33 45 55 61 61 55 44 29 14 2 -6 -13 -22 -36 -51 -62 -64 -58 -47 -36 -25 -14 -2 10 22 33 43 52 60 62 57 45 29 13 1 -8 -15 -24 -36 -48 -58 -61 -58 -49 -37 -25 -13 -3 238 10285 305 242
62 61 53 38 21 6 -3 -11 -19 -31 -45 -57 -63 -61 -53 -41 -29 -17 -7 3 13 24 38 51 60 63 60 51 39 24 8 -5 -15 -21 -29 -41 -55 -64 -64 -54 -40 -28 -18 -9 2 15 27 38 47 56 63 62 53 38 21 8 -1 -9 -17 -29 -43 -57 -66 -68 -61 -47 -31 -16 -3 7 18 29 41 51 58 61 59 51 37 20 5 -5 -12 -18 -29 -44 -58 -64 -61 -52 -40 -29 -19 -8 3 14 26 38 51 60 64 61 51 37 22 8 -4 -13 -22 -33 -45 -55 -60 -59 -53 -44 -33 -21 -8 6 18 28 38 49 59 64 62 51 36 20 6 -4 -11 -19 -30 -44 -58 -64 -61 -51 -39 -29 -20 -10 2 16 28 39 50 58 64 62 52 37 20 6 -4 -11 -20 -31 -45 -57 -64 -62 -53 -42 -30 -19 -7 6 17 28 38 48 57 63 61 51 36 19 6 -2 -9 -18 -31 -47 -59 -64 -61 -52 -40 -29 -18 -7 5 16 27 38 49 58 62 61 52 37 20 5 -5 -11 -18 -29 -44 -57 -64 -61 -50 -38 -28 -19 -11 0 13 27 39 51 59 63 61 51 37 21 7 -4 -11 -18 -29 -44 -58 -66 -64 -54 -41 -28 -17 -7 3 15 27 39 51 60 62 58 48 34 21 9 -1 243 13501 305 242
55 60 60 54 43 28 13 1 -7 -15 -25 -39 -53 -63 -63 -56 -45 -34 -24 -13 -1 11 22 32 44 55 63 63 56 43 28 14 2 -8 -16 -26 -38 -52 -62 -63 -56 -45 -34 -24 -15 -3 10 23 34 44 53 60 62 57 45 29 14 1 -7 -14 -24 -39 -56 -68 -68 -58 -43 -30 -20 -12 -3 9 22 35 46 56 61 61 54 42 27 13 2 -7 -15 -26 -39 -52 -61 -62 -57 -47 -35 -23 -12 -2 9 21 33 46 57 63 62 55 42 27 13 1 -7 -15 -25 -39 -53 -62 -63 -56 -46 -34 -23 -12 -1 9 20 32 44 56 62 62 55 43 29 15 3 -7 -16 -26 -39 -53 -62 -64 -57 -47 -36 -25 -13 0 12 24 34 44 54 62 64 58 44 27 11 0 -8 -15 -24 -38 -53 -64 -65 -58 -45 -33 -22 -12 0 12 23 33 43 53 61 63 57 43 26 12 1 -7 -15 -26 -39 -52 -61 -63 -58 -47 -34 -22 -12 -1 10 22 34 45 54 61 62 56 43 26 11 1 -5 -13 -25 -40 -54 -62 -63 -57 -47 -34 -21 -10 0 10 20 32 44 54 61 62 56 44 28 13 1 -8 -16 -26 -39 -52 -59 -60 -55 -46 -36 -25 -14 -3 9 22 35 47 56 61 61 56 45 29 13 248 16254 305 242
58 61 57 48 35 20 6 -5 -13 -20 -31 -44 -56 -62 -60 -52 -41 -30 -19 -7 6 17 28 38 49 58 63 60 50 35 19 5 -4 -11 -19 -30 -44 -57 -64 -62 -53 -40 -28 -17 -6 6 17 28 39 49 57 61 58 50 36 20 7 -3 -10 -18 -30 -46 -61 -68 -64 -52 -38 -26 -16 -6 6 17 28 39 49 58 62 59 50 36 21 6 -5 -14 -21 -30 -43 -57 -65 -64 -54 -41 -28 -17 -6 5 18 30 41 51 59 63 61 50 34 17 4 -4 -10 -19 -32 -47 -59 -64 -60 -51 -40 -29 -19 -8 4 16 28 41 53 62 64 60 49 34 19 5 -6 -13 -20 -31 -45 -58 -64 -62 -53 -42 -30 -19 -6 6 19 30 41 51 60 63 59 49 34 19 6 -4 -12 -20 -32 -46 -58 -65 -62 -52 -40 -28 -19 -9 3 17 31 43 53 61 64 61 50 35 18 5 -4 -11 -20 -32 -47 -60 -66 -63 -52 -40 -28 -18 -8 5 19 32 43 51 58 62 60 51 36 19 5 -4 -12 -21 -33 -46 -58 -64 -63 -54 -40 -26 -14 -5 4 15 28 40 51 58 62 59 51 37 20 7 -3 -11 -20 -33 -47 -58 -63 -60 -52 -41 -30 -18 -7 4 15 28 41 54 62 63 58 47 34 21 8 254 1848 305 242
-64 -58 -47 -36 -26 -16 -5 8 20 31 42 50 57 60 57 48 34 18 5 -4 -12 -21 -35 -50 -61 -64 -59 -48 -37 -28 -18 -7 6 20 32 43 53 62 64 59 47 32 17 4 -6 -14 -22 -35 -50 -63 -67 -60 -47 -34 -25 -17 -7 6 19 31 42 54 64 68 62 46 28 13 3 -4 -13 -24 -38 -51 -62 -67 -63 -52 -36 -21 -9 1 11 21 32 42 51 57 59 55 45 31 16 3 -6 -13 -21 -33 -47 -59 -65 -62 -50 -36 -24 -14 -4 7 19 32 43 52 60 63 59 47 30 12 0 -7 -13 -21 -33 -48 -60 -64 -59 -49 -37 -26 -15 -4 8 21 32 42 51 59 62 59 47 30 13 1 -6 -11 -20 -34 -49 -61 -64 -58 -47 -36 -26 -16 -5 8 20 31 41 51 58 61 57 47 33 18 6 -5 -13 -23 -35 -49 -61 -64 -59 -48 -36 -26 -17 -7 6 21 34 45 53 59 61 57 47 32 16 2 -7 -14 -22 -34 -48 -59 -64 -60 -49 -36 -25 -16 -6 7 21 33 43 51 58 62 59 49 32 15 1 -7 -13 -22 -35 -50 -61 -64 -58 -47 -34 -23 -14 -5 5 17 30 42 52 59 62 59 48 33 17 4 -5 -13 -22 -35 -50 -61 -64 -59 -48 -37 -26 -16 -5 258 449 305 242
58 63 61 52 38 22 9 0 -7 -15 -27 -42 -57 -65 -64 -55 -43 -31 -21 -10 1 14 25 36 46 56 63 64 55 40 22 8 -1 -8 -16 -29 -44 -57 -63 -61 -53 -43 -32 -21 -10 0 12 24 36 48 57 62 61 54 41 25 8 -3 -9 -14 -22 -38 -57 -70 -70 -59 -42 -28 -19 -10 1 14 28 38 47 55 61 62 54 39 23 9 0 -9 -19 -32 -45 -55 -60 -59 -53 -44 -33 -22 -11 1 13 25 36 46 55 62 64 57 43 24 7 -4 -11 -17 -27 -40 -53 -62 -62 -55 -43 -31 -20 -11 -1 11 24 37 48 57 61 61 53 40 25 11 1 -6 -16 -28 -44 -57 -65 -64 -55 -43 -30 -20 -11 -1 11 24 37 48 57 62 62 55 41 24 8 -2 -8 -15 -27 -43 -57 -65 -63 -54 -43 -32 -22 -11 1 14 26 37 47 56 62 63 55 41 24 9 -2 -9 -18 -29 -43 -56 -63 -63 -55 -43 -30 -19 -9 1 12 24 37 47 55 60 60 54 42 26 9 -3 -10 -16 -26 -40 -55 -64 -63 -54 -43 -31 -21 -10 1 13 24 34 46 56 63 63 54 40 24 10 -1 -9 -17 -28 -41 -54 -63 -63 -56 -44 -32 -21 -11 0 12 25 38 49 58 62 61 54 41 25 9 262 13899 305 242
58 61 59 50 35 17 3 -7 -13 -21 -34 -49 -62 -66 -61 -50 -38 -26 -14 -3 9 20 31 42 53 60 62 57 46 31 16 3 -5 -13 -22 -35 -49 -60 -64 -58 -48 -37 -26 -16 -5 7 19 31 42 52 59 62 58 48 34 18 3 -8 -16 -23 -33 -48 -62 -69 -64 -49 -32 -19 -10 -3 6 17 28 40 51 60 63 58 47 31 16 3 -6 -13 -21 -33 -48 -60 -64 -59 -48 -37 -28 -19 -7 8 23 34 43 52 61 65 60 46 29 14 3 -5 -13 -23 -35 -48 -59 -64 -61 -51 -37 -25 -15 -4 7 20 33 44 53 59 61 58 48 32 15 1 -8 -14 -21 -34 -48 -60 -63 -57 -47 -38 -29 -19 -5 9 21 31 40 50 60 64 59 46 30 16 5 -4 -12 -22 -35 -49 -60 -64 -60 -49 -37 -27 -18 -6 7 21 32 42 52 60 64 60 47 30 14 3 -4 -11 -21 -34 -49 -61 -65 -61 -50 -37 -26 -16 -6 7 20 33 43 52 59 63 60 48 32 14 1 -7 -13 -22 -34 -48 -60 -64 -60 -48 -35 -24 -15 -6 5 18 30 41 51 60 64 60 48 30 15 4 -3 -11 -21 -35 -49 -59 -63 -60 -51 -39 -26 -15 -4 6 18 31 43 54 60 62 58 48 32 16 3 267 14752 305 242
-63 -61 -53 -42 -32 -21 -10 1 14 25 37 48 58 63 63 54 40 23 7 -5 -12 -19 -28 -41 -55 -64 -64 -55 -42 -29 -18 -8 2 13 25 37 48 57 62 60 52 39 23 10 -1 -9 -17 -29 -44 -57 -64 -62 -54 -43 -32 -21 -9 3 14 24 35 48 61 68 66 54 35 18 5 -4 -10 -18 -29 -43 -55 -62 -61 -53 -42 -30 -20 -9 2 15 27 38 48 56 61 60 52 38 22 8 -2 -9 -17 -28 -43 -56 -62 -61 -53 -44 -33 -22 -9 3 15 26 37 48 58 63 61 53 39 23 8 -4 -11 -18 -28 -42 -56 -64 -62 -53 -40 -30 -21 -11 1 15 27 38 47 56 62 62 54 40 23 8 -3 -11 -18 -29 -42 -56 -64 -63 -54 -43 -31 -20 -8 4 15 26 36 47 57 63 61 52 37 21 7 -2 -8 -16 -29 -44 -56 -62 -60 -52 -42 -33 -22 -10 2 14 25 36 49 59 64 61 52 38 23 10 -1 -10 -20 -31 -43 -55 -62 -62 -55 -43 -31 -19 -8 2 14 26 37 48 56 61 60 53 40 23 8 -2 -8 -15 -28 -44 -58 -65 -62 -53 -42 -31 -20 -8 4 15 25 36 47 56 61 59 52 39 24 10 -1 -10 -17 -28 -42 -57 -65 -64 -55 -42 -29 -18 -8 273 209 305 242
56 62 61 55 42 26 10 -2 -10 -16 -25 -38 -53 -63 -65 -58 -46 -34 -22 -11 1 13 25 36 46 55 62 62 55 41 25 10 0 -7 -15 -27 -42 -55 -62 -63 -57 -47 -35 -23 -11 1 13 25 37 48 57 61 61 53 40 24 9 0 -5 -11 -23 -42 -59 -68 -66 -55 -42 -32 -23 -11 2 14 25 35 46 57 63 62 53 40 25 12 0 -9 -17 -27 -40 -54 -64 -64 -56 -44 -32 -22 -12 -1 12 24 35 47 57 63 62 54 41 25 12 1 -7 -15 -27 -41 -55 -65 -66 -58 -46 -33 -22 -12 0 13 26 38 48 57 62 62 55 41 25 10 -2 -11 -19 -29 -41 -53 -60 -61 -55 -45 -34 -23 -11 1 13 24 34 45 56 63 63 55 41 25 11 0 -9 -18 -29 -42 -53 -61 -62 -56 -45 -33 -21 -10 1 13 24 35 45 55 62 63 55 41 23 9 -1 -8 -15 -27 -41 -54 -62 -62 -56 -46 -34 -22 -11 1 14 25 36 45 54 60 62 56 43 26 10 -1 -9 -17 -27 -41 -54 -62 -63 -55 -44 -32 -22 -12 -1 11 25 38 49 57 61 60 54 41 26 10 -1 -9 -16 -27 -41 -55 -63 -62 -54 -43 -33 -23 -12 1 14 26 36 45 54 60 61 55 42 26 11 282 5637 305 242
61 61 55 43 27 11 -1 -9 -17 -27 -40 -53 -62 -63 -57 -46 -33 -21 -10 0 10 21 33 46 56 62 62 56 44 28 12 -1 -10 -16 -25 -39 -54 -64 -64 -56 -45 -34 -25 -13 0 13 25 35 45 56 63 63 55 41 25 11 0 -8 -14 -24 -38 -55 -67 -69 -60 -44 -31 -21 -12 0 13 26 36 45 55 63 63 54 39 22 10 1 -7 -15 -25 -37 -50 -61 -66 -60 -47 -32 -20 -12 -3 9 23 37 48 56 61 62 56 43 27 11 -1 -9 -17 -28 -41 -53 -61 -62 -55 -45 -33 -22 -12 -1 10 23 35 46 56 61 62 56 44 28 12 -1 -10 -18 -27 -39 -52 -62 -63 -57 -46 -34 -23 -13 -2 11 25 38 50 57 61 59 51 39 24 11 0 -7 -14 -24 -38 -53 -63 -64 -57 -46 -34 -24 -13 -1 12 23 34 46 57 64 64 55 40 24 10 1 -7 -15 -26 -40 -54 -63 -64 -56 -44 -31 -22 -13 -3 9 23 36 47 56 62 62 55 42 26 12 0 -8 -16 -27 -40 -54 -62 -63 -57 -46 -34 -22 -12 0 12 24 37 48 57 61 60 54 41 26 11 0 -8 -16 -27 -41 -54 -63 -63 -56 -45 -33 -21 -9 2 12 22 33 45 56 62 61 54 41 26 12 0 36 8268 304 14679
-63 -60 -52 -41 -29 -18 -7 5 16 28 38 49 58 63 62 53 37 20 6 -4 -11 -19 -30 -45 -58 -65 -63 -54 -42 -29 -18 -6 5 17 28 39 49 58 63 61 52 36 19 5 -4 -10 -17 -28 -43 -56 -63 -62 -55 -44 -32 -20 -7 4 15 25 37 51 63 68 63 52 36 20 7 -4 -12 -19 -30 -44 -59 -67 -65 -55 -41 -29 -17 -6 7 19 29 38 47 57 63 62 52 36 20 7 -3 -11 -21 -33 -45 -56 -63 -62 -54 -42 -29 -17 -5 6 16 26 37 49 59 65 62 51 35 19 6 -3 -10 -18 -30 -44 -57 -64 -63 -54 -41 -29 -18 -8 3 16 29 40 49 58 63 61 51 36 20 8 -2 -10 -20 -33 -46 -57 -63 -61 -52 -41 -29 -19 -9 2 16 29 40 50 57 62 62 54 39 20 4 -6 -12 -18 -29 -44 -58 -65 -63 -52 -40 -28 -18 -8 3 16 27 38 49 58 63 62 52 36 19 6 -2 -9 -18 -30 -45 -57 -63 -62 -55 -44 -31 -18 -6 5 15 27 39 51 59 62 59 51 39 24 9 -3 -12 -21 -32 -45 -57 -63 -62 -54 -43 -32 -19 -7 6 17 28 39 50 59 63 60 50 35 20 7 -3 -10 -18 -29 -44 -58 -65 -63 -54 -41 -29 -19 -9 40 15643 304 14679
62 62 56 43 26 11 1 -6 -14 -25 -39 -54 -64 -64 -57 -45 -33 -21 -11 -2 9 20 34 47 57 63 62 55 42 27 13 1 -8 -15 -25 -39 -52 -61 -63 -57 -47 -35 -24 -13 -1 10 22 34 46 56 62 62 56 44 29 13 -1 -10 -16 -24 -37 -53 -66 -68 -59 -44 -31 -22 -13 -2 11 24 36 46 55 61 63 56 42 26 11 1 -7 -15 -26 -39 -53 -61 -63 -57 -48 -36 -24 -12 1 13 24 35 45 55 61 61 55 42 26 12 1 -7 -14 -24 -38 -52 -61 -63 -58 -48 -36 -24 -12 0 12 24 35 46 55 61 60 54 42 27 12 1 -7 -14 -25 -40 -55 -63 -63 -55 -44 -34 -25 -15 -2 11 23 34 44 54 62 64 58 45 27 11 -1 -9 -16 -24 -37 -52 -63 -65 -58 -45 -32 -21 -11 0 11 23 32 42 52 61 64 57 42 24 10 1 -5 -13 -23 -37 -50 -59 -62 -59 -49 -36 -22 -11 -1 7 17 30 44 56 63 63 57 45 30 15 3 -8 -17 -27 -40 -53 -62 -64 -58 -47 -35 -24 -13 -2 11 24 36 46 54 60 63 57 44 26 10 0 -6 -12 -23 -39 -55 -64 -64 -55 -45 -35 -26 -15 -3 12 25 37 47 55 61 62 56 43 27 11 -1 46 3225 304 14679
60 63 60 51 38 23 9 -3 -11 -19 -30 -43 -57 -65 -63 -54 -41 -29 -18 -8 3 15 27 38 48 57 62 60 52 38 22 8 -3 -10 -18 -29 -42 -56 -64 -63 -55 -43 -29 -17 -6 4 14 24 35 46 56 62 60 50 35 20 10 4 -1 -11 -27 -46 -61 -69 -66 -56 -43 -30 -18 -8 2 13 26 39 50 59 64 62 53 38 21 7 -3 -10 -19 -31 -45 -58 -65 -63 -53 -39 -25 -15 -8 -1 9 24 39 51 58 60 58 52 40 24 8 -3 -11 -17 -28 -43 -57 -64 -63 -54 -42 -30 -19 -9 1 13 25 38 50 59 63 60 51 37 21 8 -2 -9 -17 -29 -44 -58 -65 -62 -53 -42 -31 -21 -10 3 16 28 40 50 58 63 61 52 37 21 6 -4 -12 -19 -29 -43 -56 -63 -62 -52 -40 -29 -18 -8 3 15 26 38 48 56 61 60 52 39 23 8 -3 -11 -18 -29 -43 -56 -64 -62 -53 -41 -29 -19 -8 3 14 26 37 48 57 62 60 51 38 23 9 -2 -11 -19 -29 -43 -56 -64 -63 -54 -41 -29 -19 -10 1 15 29 40 49 57 61 59 51 37 22 9 -1 -10 -19 -31 -44 -56 -62 -61 -53 -42 -31 -20 -10 2 15 27 39 49 58 64 62 53 37 20 6 50 10662 304 14679
60 62 57 45 30 14 2 -6 -12 -21 -35 -51 -63 -66 -60 -48 -34 -22 -12 -3 7 18 30 42 53 60 62 58 48 33 17 3 -7 -14 -23 -37 -52 -63 -65 -58 -47 -35 -25 -15 -3 9 22 33 43 52 60 62 57 46 31 15 2 -7 -14 -21 -32 -47 -61 -68 -65 -53 -37 -22 -11 -1 9 20 32 44 54 60 62 58 47 31 15 3 -6 -14 -24 -38 -52 -62 -64 -58 -48 -36 -25 -14 -4 8 20 33 44 55 62 64 58 46 29 13 1 -8 -14 -23 -36 -50 -61 -64 -60 -50 -37 -24 -12 -1 10 20 31 42 53 62 64 59 45 28 12 1 -6 -12 -22 -37 -52 -62 -63 -57 -47 -36 -25 -13 -1 10 20 29 40 52 61 63 57 45 31 16 4 -6 -14 -23 -36 -49 -60 -63 -58 -48 -37 -27 -16 -3 10 22 32 42 52 59 62 58 46 31 15 3 -6 -13 -23 -36 -51 -61 -64 -59 -48 -37 -25 -14 -3 8 19 31 44 56 63 63 56 44 30 16 4 -6 -15 -25 -38 -52 -62 -65 -58 -47 -34 -24 -14 -3 9 21 32 42 51 59 63 58 46 29 13 2 -5 -11 -21 -36 -52 -63 -65 -59 -48 -36 -24 -13 -2 9 20 30 42 53 61 63 58 46 30 15 3 55 8191 304 14679
57 63 61 53 38 22 8 -3 -10 -19 -30 -44 -56 -62 -60 -53 -43 -33 -22 -9 3 16 27 38 48 57 62 62 53 39 22 7 -4 -11 -18 -29 -43 -58 -65 -63 -53 -41 -29 -19 -9 2 14 26 38 48 57 62 62 55 41 24 7 -4 -11 -17 -29 -46 -62 -69 -64 -51 -37 -27 -19 -10 2 16 28 39 49 58 63 61 52 37 21 6 -4 -11 -20 -31 -45 -57 -63 -60 -51 -40 -30 -19 -8 4 16 27 38 48 57 62 60 52 37 20 5 -4 -9 -15 -28 -44 -58 -64 -60 -50 -41 -32 -21 -9 5 16 26 35 46 56 62 61 51 37 23 10 0 -9 -18 -31 -45 -58 -65 -62 -52 -40 -29 -19 -8 3 14 25 37 49 59 65 62 51 34 19 7 -1 -8 -17 -31 -46 -59 -64 -61 -51 -39 -29 -20 -10 2 15 28 39 48 56 61 60 51 37 22 9 -1 -8 -18 -30 -45 -57 -63 -61 -53 -41 -30 -19 -9 2 13 25 37 48 57 63 61 53 39 23 8 -2 -9 -17 -29 -43 -57 -65 -63 -55 -43 -32 -22 -10 2 16 29 41 51 59 63 61 51 37 22 8 -2 -10 -19 -30 -44 -57 -65 -64 -55 -41 -28 -18 -9 1 14 28 41 51 58 61 60 52 38 22 7 60 7144 304 14679
62 65 59 45 28 13 2 -5 -13 -24 -37 -51 -60 -63 -60 -51 -38 -24 -12 0 10 21 32 43 52 59 62 58 47 30 13 0 -8 -14 -23 -37 -51 -61 -62 -57 -47 -35 -24 -13 -3 7 19 32 45 55 60 59 55 46 33 16 1 -10 -15 -20 -31 -49 -65 -69 -61 -46 -33 -24 -16 -5 9 23 33 42 52 60 64 60 47 30 13 1 -8 -16 -25 -36 -49 -59 -63 -59 -50 -37 -25 -13 -2 11 23 34 43 51 57 59 56 47 32 17 3 -6 -14 -24 -37 -52 -62 -64 -58 -47 -35 -24 -14 -4 8 21 32 43 51 58 62 59 48 31 14 1 -7 -12 -21 -35 -51 -62 -64 -59 -49 -38 -28 -16 -3 10 21 32 44 56 63 64 58 45 29 14 1 -8 -16 -25 -37 -50 -60 -62 -57 -46 -35 -25 -16 -4 8 21 33 44 53 60 61 57 45 30 14 1 -8 -14 -22 -35 -50 -61 -62 -54 -43 -34 -29 -21 -9 6 21 34 44 54 62 65 59 46 29 14 2 -6 -14 -24 -37 -51 -62 -65 -58 -47 -35 -25 -16 -6 7 21 34 45 55 62 63 57 44 28 14 3 -5 -12 -22 -36 -52 -63 -66 -59 -47 -35 -24 -14 -2 11 23 34 42 51 58 61 57 46 31 16 5 65 7873 304 14679
-61 -53 -42 -30 -20 -10 1 13 25 36 47 56 60 59 52 40 24 10 -2 -9 -16 -26 -40 -54 -63 -62 -54 -43 -32 -22 -12 0 12 24 35 46 57 64 63 54 40 24 11 0 -9 -17 -28 -42 -56 -64 -64 -54 -42 -30 -22 -13 -1 13 26 35 42 52 62 69 64 48 25 5 -7 -13 -18 -27 -40 -55 -66 -68 -59 -44 -29 -17 -8 1 12 25 38 49 58 64 63 55 39 20 5 -5 -10 -15 -26 -41 -56 -64 -63 -54 -42 -31 -21 -11 1 14 26 36 47 56 62 61 54 40 25 11 0 -9 -19 -30 -43 -56 -63 -63 -55 -43 -31 -20 -9 1 12 23 35 47 58 64 64 54 39 23 8 -2 -10 -17 -28 -41 -55 -63 -63 -55 -43 -31 -21 -11 1 14 26 36 46 56 63 64 56 40 22 7 -3 -9 -16 -27 -42 -56 -65 -64 -54 -41 -29 -20 -12 -2 12 26 38 48 57 62 63 55 40 22 7 -3 -9 -17 -28 -43 -56 -62 -61 -53 -43 -33 -22 -11 2 14 25 35 46 56 63 63 55 41 25 11 0 -10 -19 -31 -43 -55 -63 -64 -56 -43 -29 -17 -8 0 11 23 37 48 56 61 61 55 42 25 10 -1 -9 -19 -31 -45 -56 -61 -60 -53 -43 -32 -21 -8 3 70 3190 304 14679
60 65 59 46 28 13 2 -6 -15 -25 -38 -51 -60 -61 -56 -46 -36 -27 -17 -5 8 22 35 45 53 60 62 57 45 29 13 2 -6 -13 -23 -36 -51 -61 -64 -58 -49 -38 -27 -15 -1 12 24 34 43 52 59 61 57 46 31 16 3 -5 -13 -23 -37 -53 -65 -68 -61 -48 -34 -23 -12 -1 11 23 34 44 53 59 61 56 44 28 12 1 -7 -13 -21 -34 -49 -61 -65 -60 -49 -37 -25 -14 -2 10 22 34 45 54 60 61 56 44 29 13 1 -8 -15 -23 -35 -49 -60 -64 -59 -48 -36 -25 -14 -2 11 23 33 42 51 59 62 57 45 28 13 3 -5 -12 -23 -37 -51 -62 -64 -58 -47 -34 -24 -14 -5 7 20 33 45 54 60 62 57 46 30 14 1 -8 -15 -23 -36 -50 -61 -65 -59 -48 -35 -23 -14 -4 8 21 33 45 54 61 62 57 45 30 15 3 -7 -15 -25 -38 -51 -60 -63 -58 -48 -36 -24 -13 -3 9 21 33 45 55 61 61 54 43 29 15 3 -6 -13 -22 -35 -49 -61 -65 -60 -49 -36 -25 -15 -5 8 21 34 45 54 61 62 58 46 30 14 1 -8 -15 -24 -37 -51 -62 -63 -57 -46 -35 -26 -15 -3 10 22 33 43 54 62 63 57 43 27 13 3 75 6380 304 14679
54 61 63 58 45 27 10 -2 -9 -15 -24 -38 -53 -63 -63 -56 -45 -33 -23 -13 -2 10 22 33 45 55 61 61 55 43 29 15 3 -7 -17 -27 -39 -52 -61 -63 -57 -47 -35 -23 -13 -2 9 21 34 46 56 62 63 57 45 29 12 -1 -7 -12 -20 -36 -55 -69 -71 -62 -48 -34 -22 -10 2 13 25 35 46 55 61 61 55 43 29 14 2 -8 -17 -27 -40 -54 -63 -64 -57 -45 -35 -25 -14 -1 13 25 35 44 55 63 65 57 42 24 10 0 -7 -15 -25 -38 -53 -63 -64 -57 -45 -33 -23 -13 -2 11 23 35 45 55 62 64 58 44 25 9 -2 -8 -14 -23 -38 -53 -63 -64 -57 -47 -35 -24 -12 0 11 21 32 47 60 67 64 51 35 22 12 4 -4 -14 -25 -38 -51 -62 -65 -59 -48 -35 -23 -12 0 13 24 34 44 53 61 63 57 44 27 12 0 -8 -16 -26 -39 -53 -63 -64 -57 -45 -34 -24 -13 -1 12 24 34 44 53 60 62 57 45 29 14 1 -9 -17 -27 -40 -54 -62 -63 -56 -45 -34 -24 -13 0 13 25 34 43 53 61 63 57 43 27 12 2 -6 -15 -27 -41 -54 -63 -63 -56 -45 -33 -23 -12 -1 11 23 35 45 54 61 63 58 44 26 9 85 12437 304 14679
58 64 61 51 35 19 6 -3 -12 -22 -35 -49 -60 -65 -62 -53 -40 -28 -16 -4 8 20 32 42 51 58 61 59 49 33 16 3 -4 -10 -18 -32 -48 -61 -65 -60 -50 -39 -28 -18 -6 6 18 30 41 52 61 63 58 47 33 20 7 -5 -14 -23 -34 -47 -61 -69 -65 -49 -31 -17 -11 -8 0 12 27 40 50 57 62 61 52 36 18 4 -4 -10 -19 -34 -49 -60 -63 -60 -52 -43 -32 -19 -5 7 18 29 41 52 62 66 62 50 34 17 4 -5 -12 -20 -33 -48 -60 -64 -60 -51 -41 -31 -20 -7 6 18 29 40 51 61 66 63 52 36 19 5 -6 -14 -23 -34 -48 -59 -65 -62 -52 -40 -28 -16 -5 7 18 29 39 49 59 63 61 50 35 19 5 -5 -12 -20 -31 -46 -59 -65 -61 -51 -38 -27 -18 -7 4 17 29 40 51 60 64 61 49 34 18 5 -5 -12 -20 -32 -46 -58 -64 -61 -51 -39 -28 -18 -8 4 17 29 39 49 59 64 62 51 34 17 4 -4 -11 -21 -33 -47 -58 -63 -60 -52 -40 -29 -18 -7 4 16 29 41 52 60 62 59 50 36 20 6 -4 -11 -19 -31 -46 -59 -64 -61 -51 -40 -29 -19 -8 4 16 28 39 50 59 64 62 51 35 18 5 90 13290 304 14679
-63 -57 -46 -33 -21 -11 -1 9 22 35 47 57 62 62 55 43 28 13 1 -8 -16 -26 -39 -53 -62 -63 -56 -46 -35 -25 -14 -2 11 24 36 47 56 61 62 56 44 28 12 0 -8 -15 -24 -38 -54 -65 -67 -59 -46 -33 -22 -12 0 12 23 32 42 53 63 68 63 47 26 8 -4 -10 -17 -27 -41 -54 -63 -64 -58 -47 -33 -20 -9 1 11 22 34 47 57 64 63 55 40 24 9 -1 -8 -15 -26 -40 -54 -62 -63 -57 -46 -33 -20 -9 1 10 20 32 44 55 62 63 56 43 28 13 1 -7 -16 -27 -41 -54 -62 -63 -56 -46 -34 -22 -11 -1 9 20 32 45 57 64 64 57 43 27 11 0 -7 -14 -23 -37 -53 -64 -66 -58 -46 -34 -24 -14 -2 12 26 37 47 55 61 61 55 42 25 9 -2 -9 -14 -23 -36 -51 -62 -64 -58 -46 -34 -23 -13 -2 10 22 34 45 55 61 62 55 43 28 14 2 -7 -15 -26 -40 -54 -64 -66 -59 -47 -34 -23 -12 -1 11 24 36 46 55 62 64 59 45 26 9 -2 -8 -14 -24 -40 -56 -65 -65 -56 -45 -34 -24 -13 -1 12 23 34 45 55 63 65 59 45 28 11 -1 -9 -16 -26 -40 -56 -66 -67 -57 -43 -31 -21 -12 -1 95 10857 304 14679
60 63 59 48 33 19 7 -2 -11 -21 -34 -48 -60 -64 -60 -50 -38 -28 -18 -8 5 18 30 40 49 57 63 61 51 34 17 5 -3 -9 -20 -34 -50 -61 -65 -60 -51 -39 -28 -16 -6 6 17 28 39 50 59 63 62 52 36 18 3 -6 -11 -18 -30 -47 -61 -68 -63 -52 -39 -28 -19 -8 5 18 30 41 51 60 65 63 52 36 19 6 -3 -12 -22 -35 -50 -61 -65 -61 -52 -41 -29 -18 -6 6 18 29 39 50 60 65 63 52 37 20 7 -4 -13 -24 -37 -50 -60 -64 -60 -52 -40 -28 -16 -4 8 19 29 40 50 59 63 60 48 32 17 4 -4 -11 -20 -33 -46 -58 -63 -60 -52 -40 -27 -15 -5 5 15 27 40 52 59 61 57 48 35 20 7 -3 -11 -20 -32 -47 -60 -65 -62 -52 -40 -29 -18 -5 8 20 31 41 50 58 61 57 47 33 18 4 -5 -13 -21 -31 -44 -56 -63 -61 -52 -40 -28 -17 -6 5 17 29 41 52 59 62 58 47 31 15 3 -3 -9 -18 -31 -47 -59 -63 -59 -50 -39 -27 -15 -4 6 16 28 40 51 59 60 56 47 33 19 5 -5 -12 -21 -34 -48 -58 -61 -55 -46 -38 -29 -19 -7 6 18 28 39 50 60 64 59 47 32 16 4 100 9522 304 14679
61 62 56 43 27 12 1 -6 -14 -25 -41 -56 -65 -65 -56 -44 -32 -22 -12 -1 11 23 33 44 54 62 64 58 44 26 11 1 -7 -15 -25 -40 -54 -63 -64 -58 -48 -36 -24 -12 0 12 24 35 46 56 63 64 58 45 28 12 0 -9 -17 -26 -40 -55 -66 -68 -60 -46 -31 -19 -8 1 11 22 33 44 54 61 64 58 45 28 13 1 -8 -16 -27 -41 -54 -62 -62 -57 -47 -35 -24 -13 -1 11 23 35 47 57 62 62 56 43 28 13 1 -8 -16 -26 -39 -53 -62 -64 -58 -47 -34 -23 -12 0 12 24 35 46 55 61 62 56 43 27 11 -1 -8 -15 -25 -39 -53 -63 -64 -57 -46 -34 -23 -12 0 11 23 33 45 56 63 64 56 41 25 10 0 -8 -15 -25 -39 -53 -63 -64 -57 -46 -34 -23 -12 0 13 24 35 45 55 62 63 55 40 24 11 1 -6 -14 -25 -39 -53 -62 -64 -58 -48 -36 -23 -11 0 11 23 35 47 58 64 64 55 41 25 11 1 -6 -14 -26 -41 -56 -65 -66 -58 -47 -33 -21 -10 1 12 22 33 45 55 63 63 57 44 28 13 1 -9 -18 -28 -41 -54 -62 -63 -57 -47 -35 -23 -11 0 11 23 35 46 57 63 63 56 42 26 10 -1 105 8801 304 14679
-65 -54 -40 -28 -18 -7 5 19 32 42 50 56 60 59 50 35 19 5 -4 -10 -18 -31 -47 -59 -64 -60 -51 -40 -29 -17 -6 5 16 28 39 49 58 62 60 50 35 20 7 -2 -9 -18 -30 -46 -60 -67 -63 -51 -38 -27 -18 -8 4 17 28 35 43 53 64 69 62 44 22 4 -8 -16 -24 -35 -49 -59 -64 -61 -51 -39 -26 -16 -7 3 15 29 41 52 59 62 60 50 35 18 5 -3 -9 -19 -33 -49 -60 -63 -58 -49 -39 -29 -19 -9 3 16 29 41 51 59 62 59 50 36 20 6 -4 -11 -18 -31 -46 -59 -65 -62 -52 -40 -29 -19 -9 3 16 29 42 52 59 62 60 51 37 20 5 -5 -12 -19 -30 -46 -60 -67 -63 -52 -39 -27 -18 -7 4 17 29 40 50 59 63 61 50 35 18 5 -5 -11 -19 -31 -46 -59 -66 -62 -51 -38 -26 -18 -9 2 15 29 42 52 59 62 60 51 37 19 4 -7 -14 -19 -29 -44 -58 -65 -62 -50 -38 -28 -19 -8 5 18 29 38 48 57 62 60 50 35 21 8 -1 -10 -21 -32 -46 -58 -64 -62 -53 -40 -28 -19 -9 3 17 31 42 50 57 62 61 53 37 19 4 -6 -12 -18 -29 -45 -59 -66 -63 -52 -39 -28 -19 -9 3 110 6818 304 14679
61 61 54 41 25 11 0 -8 -16 -27 -41 -54 -62 -62 -55 -45 -35 -25 -13 0 14 26 37 47 55 61 63 56 42 25 9 -2 -9 -16 -26 -40 -54 -63 -63 -56 -45 -33 -22 -10 1 12 23 35 47 57 62 61 53 40 26 12 0 -8 -15 -24 -37 -52 -64 -68 -61 -48 -34 -21 -10 1 13 26 38 48 56 60 60 55 43 27 10 -2 -11 -18 -28 -40 -53 -62 -62 -55 -44 -33 -23 -12 0 13 26 38 48 56 59 58 52 40 26 12 1 -8 -16 -28 -42 -55 -62 -61 -54 -44 -33 -23 -12 0 13 24 35 46 55 61 61 55 42 26 11 0 -8 -16 -27 -41 -55 -63 -63 -55 -44 -33 -22 -11 1 13 23 34 45 56 63 63 55 41 24 10 -1 -9 -16 -27 -40 -54 -62 -62 -55 -44 -33 -23 -12 0 13 25 37 47 56 61 60 53 40 26 13 2 -6 -15 -27 -42 -56 -64 -63 -56 -44 -33 -22 -11 1 14 25 35 44 54 61 62 56 43 26 11 -1 -9 -16 -26 -39 -54 -63 -65 -58 -46 -34 -22 -10 2 14 25 36 46 55 60 61 54 42 26 12 0 -8 -16 -28 -42 -56 -64 -63 -55 -43 -32 -22 -11 0 12 23 34 45 56 64 65 57 41 23 8 -3 115 10983 304 14679
58 62 59 49 34 18 5 -3 -9 -18 -31 -47 -59 -64 -61 -52 -40 -29 -18 -7 5 17 29 40 50 58 61 59 51 36 19 5 -5 -11 -18 -30 -46 -59 -64 -61 -52 -42 -31 -19 -6 6 17 28 39 50 59 63 60 52 37 20 5 -6 -11 -17 -29 -47 -64 -70 -64 -50 -36 -25 -17 -7 5 17 28 39 50 59 62 59 49 35 21 8 -3 -13 -22 -33 -46 -58 -63 -60 -50 -38 -26 -16 -7 3 14 27 39 51 58 61 58 50 37 22 8 -4 -12 -20 -32 -47 -61 -66 -61 -49 -37 -27 -17 -7 5 17 28 38 48 57 62 60 51 36 20 6 -5 -13 -20 -30 -42 -54 -62 -61 -53 -42 -30 -19 -8 4 17 30 40 49 57 62 61 52 36 19 5 -3 -10 -19 -32 -47 -58 -62 -59 -51 -41 -31 -20 -7 6 19 29 39 48 56 61 60 51 36 20 5 -4 -11 -19 -31 -45 -57 -62 -61 -53 -42 -30 -18 -7 5 17 28 40 50 58 62 59 50 36 20 6 -5 -13 -21 -32 -45 -57 -63 -60 -50 -38 -27 -18 -9 1 14 28 40 51 58 63 61 52 35 17 3 -5 -10 -17 -30 -46 -58 -63 -60 -51 -41 -30 -18 -7 5 16 28 40 50 58 60 58 50 37 21 7 120 3336 304 14679
-63 -64 -56 -45 -35 -24 -13 -1 11 22 32 43 54 62 64 58 45 28 11 -1 -10 -16 -24 -37 -51 -62 -65 -57 -45 -32 -22 -13 -3 10 22 33 43 52 60 63 58 45 28 12 1 -6 -13 -23 -37 -51 -62 -64 -59 -48 -36 -23 -12 -1 8 17 28 42 58 69 71 61 44 25 10 0 -9 -17 -28 -40 -54 -62 -63 -55 -43 -31 -23 -15 -4 9 23 36 45 53 59 62 58 46 29 13 1 -8 -15 -25 -39 -53 -62 -63 -56 -45 -34 -24 -14 -2 11 25 36 45 53 60 61 56 43 27 12 0 -8 -14 -23 -36 -52 -63 -65 -57 -44 -33 -24 -16 -5 9 23 35 44 54 62 65 59 44 26 11 0 -7 -15 -26 -39 -51 -60 -62 -58 -49 -37 -24 -12 -1 11 23 34 45 54 61 63 57 44 27 10 -1 -7 -13 -23 -38 -53 -63 -63 -57 -47 -36 -25 -13 0 12 23 34 45 55 62 63 56 43 27 12 1 -6 -14 -26 -41 -56 -64 -63 -55 -44 -33 -23 -12 1 13 23 33 42 52 60 62 57 44 28 13 0 -9 -17 -27 -38 -51 -60 -62 -56 -45 -34 -23 -14 -3 10 23 34 45 54 60 62 57 44 28 12 0 -8 -15 -25 -38 -52 -61 -62 -56 -46 -35 -25 -14 125 2303 304 14679
58 61 59 49 34 19 5 -4 -11 -19 -30 -45 -58 -64 -61 -51 -39 -29 -20 -10 3 18 31 41 50 58 63 61 51 34 18 5 -3 -10 -20 -33 -47 -59 -64 -60 -51 -39 -28 -18 -8 4 17 30 41 51 58 61 58 50 36 21 7 -4 -12 -20 -30 -44 -59 -68 -65 -52 -37 -26 -19 -11 1 17 32 44 52 59 64 62 51 34 17 4 -5 -12 -22 -34 -46 -57 -63 -61 -53 -41 -27 -15 -4 5 15 27 39 51 60 63 59 49 34 19 7 -3 -12 -21 -33 -46 -57 -63 -60 -51 -38 -27 -18 -9 1 14 28 41 52 60 64 61 50 34 17 5 -3 -9 -18 -31 -47 -60 -64 -60 -51 -41 -31 -20 -8 5 17 29 40 51 60 65 62 51 35 19 6 -3 -11 -21 -34 -47 -58 -63 -60 -52 -41 -30 -19 -8 5 18 31 41 50 58 63 61 51 36 19 6 -3 -10 -19 -33 -49 -61 -65 -61 -51 -41 -31 -21 -10 5 21 37 49 56 59 59 55 47 34 18 3 -7 -14 -21 -31 -44 -56 -62 -59 -50 -39 -29 -19 -8 4 17 30 41 51 58 62 59 50 35 19 5 -4 -11 -19 -32 -48 -60 -64 -60 -50 -39 -28 -17 -6 5 16 27 38 49 58 63 60 51 36 20 6 130 2093 304 14679
-64 -65 -58 -47 -35 -23 -12 0 11 23 35 46 56 61 61 55 44 29 13 0 -10 -16 -25 -37 -52 -63 -65 -58 -46 -34 -23 -13 -2 11 23 35 46 56 62 62 55 43 27 13 3 -6 -15 -27 -41 -53 -61 -63 -59 -49 -37 -23 -11 -2 6 18 35 54 67 70 63 50 37 24 12 0 -11 -19 -27 -37 -50 -60 -64 -58 -46 -33 -22 -12 -1 10 23 35 46 55 60 60 55 44 28 11 -1 -8 -13 -22 -37 -54 -66 -66 -57 -45 -33 -24 -13 0 13 25 34 43 52 60 62 56 43 27 13 1 -7 -15 -25 -38 -52 -62 -65 -59 -47 -34 -23 -12 -1 11 23 35 46 55 62 63 56 43 26 10 -1 -8 -15 -25 -39 -53 -62 -63 -56 -46 -35 -25 -14 -2 12 25 36 46 54 60 61 56 43 27 12 1 -7 -14 -26 -40 -54 -62 -62 -56 -46 -35 -24 -13 -1 12 24 34 44 53 60 63 58 46 29 13 0 -8 -16 -26 -40 -54 -64 -65 -58 -46 -33 -21 -11 0 12 24 35 46 54 60 62 56 44 28 11 -1 -9 -15 -25 -40 -55 -64 -64 -56 -44 -32 -23 -13 -1 12 24 35 46 55 61 61 55 43 28 13 0 -9 -16 -25 -38 -52 -63 -65 -59 -47 -35 -23 -12 197 13832 304 14679
-64 -62 -53 -41 -29 -19 -8 5 18 29 39 48 57 63 63 54 36 17 3 -4 -9 -17 -31 -48 -60 -64 -60 -51 -41 -30 -19 -6 5 16 27 38 50 59 64 62 52 36 18 4 -4 -10 -17 -30 -46 -59 -65 -61 -52 -41 -29 -18 -7 3 12 23 36 52 66 72 68 53 34 16 2 -7 -13 -21 -33 -47 -60 -65 -61 -51 -39 -28 -17 -6 5 17 29 41 52 60 63 60 50 36 19 4 -7 -14 -21 -30 -44 -56 -63 -61 -53 -41 -29 -18 -6 6 17 27 38 50 59 64 61 52 37 20 5 -6 -13 -20 -31 -45 -59 -65 -62 -52 -40 -29 -18 -8 5 18 30 41 51 59 63 60 50 35 18 4 -5 -11 -18 -29 -44 -58 -65 -62 -51 -39 -28 -19 -9 3 16 30 42 51 58 61 59 51 37 21 6 -4 -12 -20 -32 -46 -59 -65 -61 -51 -38 -27 -17 -8 3 15 28 40 50 58 62 60 52 37 20 5 -6 -13 -20 -30 -44 -57 -64 -62 -53 -40 -29 -18 -8 4 17 30 41 51 59 63 60 50 34 18 5 -4 -11 -19 -31 -45 -57 -64 -62 -53 -41 -28 -17 -8 3 16 30 43 52 58 60 58 50 36 19 4 -5 -11 -18 -30 -45 -59 -65 -62 -52 -40 -28 -18 -7 202 8562 304 14679
-62 -62 -56 -45 -34 -23 -12 0 12 25 37 48 56 62 62 55 41 25 10 -1 -7 -15 -27 -42 -56 -63 -61 -54 -44 -33 -22 -11 0 10 21 34 48 58 63 62 54 42 27 11 -1 -9 -15 -25 -40 -56 -66 -66 -56 -44 -32 -21 -11 0 11 21 32 46 59 68 68 57 41 23 9 -3 -11 -19 -29 -42 -54 -62 -62 -55 -43 -32 -22 -11 0 12 24 36 47 58 64 63 54 40 23 9 -1 -8 -15 -27 -42 -56 -63 -62 -54 -43 -33 -23 -12 0 13 25 35 45 55 62 63 55 41 25 11 0 -8 -16 -27 -41 -55 -63 -64 -56 -45 -33 -23 -11 2 14 26 36 45 54 61 62 55 41 25 11 0 -8 -16 -29 -43 -56 -62 -61 -54 -43 -32 -22 -12 0 12 24 35 46 56 62 61 54 41 26 12 1 -7 -16 -27 -42 -56 -64 -64 -57 -45 -33 -22 -10 2 14 25 35 45 56 63 64 56 41 23 8 -2 -9 -17 -28 -41 -54 -62 -62 -55 -43 -30 -19 -9 -1 9 21 34 46 56 62 62 55 43 26 10 -1 -8 -15 -26 -41 -56 -65 -65 -56 -43 -31 -21 -12 -1 13 26 37 46 55 61 62 55 42 25 10 0 -8 -17 -28 -42 -55 -62 -63 -55 -44 -31 -21 -11 207 13215 304 14679
59 62 59 49 35 20 6 -4 -12 -20 -32 -46 -58 -64 -60 -51 -40 -30 -19 -8 5 17 29 40 51 61 65 61 50 35 19 5 -5 -13 -22 -33 -46 -58 -63 -60 -50 -38 -28 -19 -8 4 17 30 41 50 56 60 59 51 38 20 5 -4 -9 -16 -29 -47 -64 -70 -64 -51 -38 -27 -18 -8 5 17 29 40 51 61 65 61 50 34 18 5 -4 -12 -21 -33 -48 -59 -63 -59 -51 -40 -30 -19 -6 7 20 31 40 48 57 62 61 51 35 18 5 -4 -12 -21 -33 -47 -57 -61 -59 -53 -44 -31 -17 -3 8 18 27 38 50 60 63 59 49 35 19 5 -5 -12 -20 -31 -45 -58 -64 -60 -50 -39 -30 -20 -9 4 18 30 41 50 58 62 60 51 37 20 6 -5 -13 -21 -32 -46 -58 -64 -62 -52 -39 -27 -17 -6 6 18 29 40 50 57 61 59 50 35 19 7 -2 -10 -20 -33 -48 -59 -64 -61 -52 -40 -28 -16 -5 5 17 29 41 51 58 60 56 48 35 21 7 -4 -12 -19 -30 -44 -58 -65 -62 -53 -41 -29 -18 -6 6 18 28 38 49 59 65 61 49 32 17 6 -2 -9 -19 -32 -46 -58 -64 -62 -53 -41 -28 -17 -7 5 17 30 41 51 58 62 61 51 36 19 4 212 7880 304 14679
-62 -64 -58 -47 -35 -23 -12 -1 10 22 34 46 55 61 61 54 43 28 14 2 -7 -15 -25 -38 -52 -61 -63 -58 -47 -35 -23 -12 -2 9 20 33 44 55 61 62 57 45 29 13 0 -9 -14 -22 -35 -51 -63 -65 -58 -47 -36 -26 -16 -3 10 22 31 43 56 68 70 61 44 25 10 -1 -9 -17 -27 -39 -52 -61 -64 -58 -46 -33 -22 -14 -4 8 22 36 47 55 61 62 57 45 29 13 1 -9 -17 -27 -39 -52 -61 -63 -57 -47 -35 -24 -14 -2 11 24 36 46 56 63 64 56 41 24 9 -1 -8 -15 -25 -38 -50 -58 -60 -57 -48 -37 -24 -12 0 11 21 32 44 55 61 63 57 45 29 13 0 -9 -16 -25 -38 -52 -62 -65 -58 -46 -33 -22 -12 -2 10 23 35 47 55 60 60 54 42 27 13 1 -7 -15 -24 -37 -51 -61 -64 -59 -48 -35 -23 -11 0 11 21 32 43 54 61 63 57 44 28 12 0 -8 -15 -24 -38 -52 -63 -65 -58 -46 -33 -23 -14 -4 9 23 36 47 55 60 61 56 44 27 11 0 -7 -14 -26 -41 -55 -62 -61 -54 -45 -35 -25 -14 -1 12 24 36 46 55 61 61 53 40 24 9 -1 -6 -11 -21 -36 -52 -63 -64 -57 -45 -34 -25 -15 217 7372 304 14679
-64 -61 -51 -39 -28 -17 -6 6 18 29 39 49 58 63 60 49 33 18 5 -3 -10 -19 -32 -48 -59 -63 -59 -49 -38 -28 -18 -7 5 17 28 39 49 58 61 59 50 36 21 6 -4 -12 -19 -30 -44 -57 -64 -61 -51 -40 -30 -20 -10 2 14 25 36 50 64 72 68 54 34 16 3 -4 -11 -21 -34 -49 -61 -66 -61 -51 -39 -28 -18 -7 5 17 30 41 52 61 64 60 50 34 18 4 -5 -12 -20 -32 -47 -60 -66 -62 -50 -37 -26 -17 -8 4 17 29 41 51 59 63 60 50 34 19 6 -3 -11 -21 -34 -48 -60 -64 -60 -50 -38 -28 -19 -7 6 21 33 42 49 55 59 58 49 35 19 6 -4 -11 -20 -33 -47 -59 -63 -60 -50 -38 -27 -18 -7 5 17 29 41 51 59 62 58 48 34 18 5 -4 -11 -19 -31 -46 -58 -64 -61 -50 -37 -27 -18 -9 4 17 30 41 49 57 62 60 51 35 18 5 -4 -11 -20 -33 -47 -58 -63 -60 -50 -38 -27 -16 -7 3 14 27 40 52 59 62 59 50 35 18 5 -4 -10 -18 -30 -46 -60 -66 -62 -52 -39 -28 -17 -6 6 18 29 39 49 58 62 60 50 35 19 6 -4 -12 -21 -33 -46 -58 -63 -59 -50 -40 -30 -19 -7 222 9651 304 14679
-65 -57 -44 -31 -20 -11 -1 11 23 35 46 55 61 61 55 43 27 11 -2 -9 -16 -25 -38 -53 -63 -65 -57 -46 -34 -22 -10 2 14 24 34 45 55 62 62 54 41 25 10 -2 -10 -15 -22 -35 -51 -63 -64 -57 -45 -35 -26 -15 0 14 25 34 42 54 65 68 59 41 21 6 -2 -7 -14 -24 -38 -52 -62 -64 -57 -46 -34 -23 -14 -2 11 24 36 46 55 61 64 58 45 27 11 -2 -10 -17 -26 -40 -55 -65 -65 -57 -44 -32 -22 -12 1 14 27 36 44 52 60 63 57 43 25 10 0 -7 -15 -27 -41 -54 -63 -63 -56 -45 -32 -21 -11 0 12 24 35 44 53 61 63 57 44 26 11 0 -8 -17 -29 -42 -54 -61 -61 -55 -45 -34 -22 -11 0 11 22 34 46 56 62 62 56 43 26 11 0 -7 -15 -27 -42 -56 -64 -63 -54 -43 -31 -21 -11 -1 11 23 35 46 54 60 60 54 42 27 12 1 -8 -15 -26 -40 -54 -63 -63 -55 -43 -32 -22 -12 -1 11 23 34 45 54 61 61 55 42 26 12 1 -7 -15 -26 -39 -52 -61 -62 -56 -46 -36 -25 -14 -1 11 24 36 47 56 61 61 54 42 27 13 2 -7 -15 -26 -40 -54 -63 -65 -58 -46 -34 -23 -13 -1 227 9429 304 14679
59 63 60 51 36 19 4 -6 -12 -19 -30 -45 -59 -65 -62 -51 -38 -27 -18 -8 4 17 30 42 52 59 62 59 49 34 18 4 -5 -12 -20 -31 -45 -57 -63 -60 -52 -40 -28 -17 -6 5 16 27 38 50 59 63 60 49 33 18 5 -3 -9 -17 -29 -45 -60 -68 -64 -52 -37 -26 -17 -8 3 16 29 41 51 59 63 61 51 34 17 4 -5 -12 -20 -32 -46 -57 -62 -59 -52 -41 -30 -19 -6 7 19 30 39 49 57 62 60 50 35 19 5 -5 -13 -22 -32 -45 -55 -61 -60 -51 -39 -27 -17 -8 3 15 28 41 50 57 60 59 52 38 20 4 -7 -13 -20 -31 -44 -56 -62 -59 -51 -41 -30 -19 -7 5 17 28 39 50 59 64 61 49 33 17 4 -5 -11 -18 -29 -43 -56 -63 -62 -53 -41 -30 -19 -8 5 18 30 41 50 58 61 60 51 36 20 6 -4 -12 -20 -32 -47 -59 -65 -61 -50 -38 -26 -17 -7 4 17 29 40 49 58 62 59 50 35 19 6 -3 -11 -21 -34 -48 -59 -63 -58 -49 -39 -29 -19 -7 6 18 29 38 47 56 61 60 50 35 20 7 -2 -9 -19 -32 -47 -59 -64 -61 -51 -40 -29 -19 -9 3 16 29 41 52 60 64 61 51 35 17 4 232 4694 304 14679
54 59 60 56 46 30 12 -1 -9 -15 -24 -37 -53 -63 -65 -58 -45 -32 -21 -12 -2 9 21 33 44 54 60 61 56 45 30 14 1 -8 -16 -25 -38 -52 -63 -65 -58 -46 -33 -22 -12 -2 9 21 33 44 54 60 62 57 46 30 14 1 -7 -12 -21 -36 -55 -68 -70 -61 -45 -31 -21 -12 -2 10 22 34 46 57 64 64 55 40 24 11 2 -6 -15 -25 -38 -51 -61 -64 -59 -48 -35 -22 -11 -1 10 21 33 44 55 62 63 56 44 28 13 2 -7 -15 -26 -40 -53 -62 -63 -56 -45 -34 -24 -14 -3 9 22 34 45 54 61 63 57 44 28 13 1 -8 -16 -25 -38 -51 -62 -65 -59 -48 -34 -22 -12 -1 11 24 35 45 53 59 61 57 45 28 11 -1 -7 -13 -22 -36 -52 -63 -66 -60 -47 -34 -21 -11 -1 10 22 34 45 54 61 62 56 44 28 13 1 -7 -16 -26 -39 -52 -61 -63 -58 -47 -35 -24 -13 -2 10 23 36 47 55 61 62 56 43 26 9 -1 -6 -10 -20 -37 -56 -68 -67 -58 -44 -32 -22 -12 -1 11 23 34 45 54 61 61 55 42 26 12 1 -6 -13 -23 -37 -51 -61 -64 -59 -49 -37 -24 -12 -1 10 22 34 45 55 61 62 57 46 29 12 237 923 304 14679
58 62 60 51 36 20 6 -3 -10 -19 -31 -45 -57 -62 -60 -52 -41 -30 -19 -8 4 15 26 38 50 59 63 61 52 37 21 6 -5 -12 -20 -31 -45 -57 -62 -59 -51 -41 -30 -19 -7 4 13 24 36 50 60 64 60 51 38 23 8 -3 -11 -17 -28 -43 -59 -68 -65 -54 -40 -29 -19 -9 4 17 29 40 50 59 63 60 50 35 20 7 -3 -11 -19 -31 -44 -57 -63 -62 -54 -42 -30 -18 -7 3 14 27 40 52 59 62 59 51 39 23 7 -6 -14 -21 -31 -45 -59 -66 -62 -51 -39 -29 -19 -7 5 17 28 39 50 59 62 57 46 34 22 10 0 -11 -21 -32 -45 -57 -64 -62 -52 -39 -28 -18 -8 3 16 27 38 47 56 61 60 52 38 22 8 -2 -10 -19 -31 -46 -58 -64 -62 -53 -40 -28 -17 -6 5 17 27 37 46 54 60 61 54 40 23 7 -4 -11 -18 -30 -45 -59 -64 -61 -52 -41 -30 -20 -9 4 16 28 39 49 57 61 59 51 38 23 10 -1 -10 -19 -31 -45 -59 -66 -64 -54 -42 -30 -19 -8 5 18 30 40 50 59 63 61 51 35 18 5 -4 -10 -17 -29 -44 -59 -66 -63 -53 -40 -28 -18 -7 4 16 28 39 50 59 63 60 51 36 20 6 242 776 304 14679
58 61 59 50 37 23 9 -3 -11 -20 -31 -45 -58 -65 -62 -52 -39 -28 -18 -8 3 15 27 38 48 56 62 61 53 39 22 7 -3 -11 -19 -31 -45 -57 -62 -59 -51 -42 -31 -20 -8 4 15 25 38 51 61 65 61 50 36 20 5 -5 -11 -16 -26 -42 -59 -68 -65 -52 -39 -30 -21 -10 4 18 30 39 49 59 65 63 51 34 17 4 -5 -11 -18 -28 -42 -56 -64 -63 -53 -41 -29 -18 -8 3 15 27 38 49 57 61 60 53 40 23 7 -5 -12 -18 -29 -45 -60 -66 -62 -51 -39 -30 -21 -9 5 18 28 37 47 57 63 62 52 37 21 8 -2 -9 -17 -30 -45 -59 -66 -63 -52 -40 -29 -20 -10 3 16 29 40 50 59 64 61 51 35 19 6 -3 -10 -18 -30 -44 -57 -64 -62 -54 -42 -30 -19 -7 5 17 27 38 48 57 62 60 52 38 22 8 -4 -12 -20 -30 -43 -57 -65 -63 -53 -40 -28 -19 -9 2 15 27 38 47 56 62 62 54 39 21 7 -3 -11 -19 -30 -45 -58 -65 -63 -53 -39 -27 -17 -8 2 14 27 39 48 56 62 62 53 38 20 5 -4 -9 -17 -29 -45 -58 -64 -62 -53 -42 -31 -19 -7 5 16 27 38 49 58 62 59 50 37 21 8 251 10742 304 14679
-61 -61 -53 -43 -33 -24 -12 0 13 24 34 45 55 62 61 53 40 25 12 2 -6 -15 -26 -40 -54 -62 -62 -56 -46 -35 -24 -13 0 12 24 36 47 56 61 60 54 42 27 12 0 -9 -15 -25 -38 -54 -64 -65 -58 -47 -35 -23 -10 3 13 21 30 44 60 70 69 56 38 22 11 2 -8 -19 -30 -41 -53 -63 -66 -59 -45 -30 -18 -9 -1 10 23 37 48 57 61 62 55 42 26 9 -3 -10 -16 -26 -40 -55 -63 -63 -54 -43 -33 -24 -13 0 13 25 35 46 56 63 63 55 41 25 11 0 -9 -17 -27 -40 -54 -63 -64 -57 -45 -32 -21 -10 1 12 23 34 46 58 65 64 55 40 24 9 -1 -10 -17 -27 -40 -54 -63 -64 -56 -44 -31 -20 -10 0 12 24 34 44 54 62 64 58 44 25 9 -2 -9 -17 -27 -41 -55 -63 -62 -55 -44 -33 -22 -11 1 13 25 35 45 55 62 63 56 42 25 9 -2 -9 -16 -26 -40 -54 -63 -63 -56 -46 -35 -25 -14 0 15 30 42 51 56 60 59 53 40 24 8 -3 -10 -15 -24 -38 -53 -62 -63 -56 -45 -35 -24 -12 1 15 26 37 46 55 60 60 53 40 25 11 0 -7 -15 -26 -40 -54 -63 -64 -57 -45 -33 -22 -11 257 4750 304 14679
58 61 58 50 37 22 7 -4 -12 -20 -30 -42 -54 -61 -61 -54 -43 -31 -20 -8 2 13 25 38 51 61 65 61 51 36 21 7 -3 -10 -18 -28 -43 -57 -64 -62 -53 -42 -31 -21 -9 3 15 25 35 47 59 65 64 54 39 23 9 -2 -11 -19 -30 -44 -59 -68 -65 -54 -40 -28 -19 -9 2 15 28 40 51 60 64 61 51 35 20 7 -2 -11 -21 -32 -44 -55 -61 -60 -53 -43 -31 -20 -8 4 16 28 38 48 58 63 61 51 36 21 9 0 -9 -20 -34 -47 -58 -63 -61 -52 -41 -29 -18 -7 4 15 27 38 49 58 62 60 51 37 22 7 -3 -11 -19 -31 -45 -59 -65 -61 -51 -39 -29 -21 -11 2 17 30 41 50 59 63 61 50 34 18 5 -3 -9 -16 -28 -43 -56 -64 -64 -57 -45 -31 -18 -6 6 16 27 38 49 58 63 61 52 38 21 7 -2 -7 -14 -26 -45 -62 -70 -67 -56 -42 -30 -19 -8 4 17 28 39 48 58 63 63 55 41 24 9 -3 -12 -21 -33 -47 -59 -65 -62 -53 -41 -30 -19 -8 4 16 28 39 49 58 64 63 54 38 20 5 -4 -10 -17 -30 -46 -59 -64 -60 -52 -42 -32 -20 -7 6 18 28 38 48 58 63 60 51 36 21 8 261 10999 304 14679
62 62 56 43 28 13 1 -6 -13 -22 -37 -53 -63 -64 -57 -46 -34 -24 -14 -3 8 20 32 44 55 61 62 57 47 32 15 1 -9 -16 -24 -37 -51 -62 -64 -57 -47 -36 -26 -15 -3 9 21 32 45 56 61 60 53 44 34 22 9 -5 -17 -28 -40 -53 -65 -68 -61 -48 -34 -23 -13 -2 12 25 35 45 54 61 64 58 44 27 11 -1 -9 -15 -24 -35 -49 -61 -65 -59 -48 -34 -24 -15 -5 8 23 36 47 56 62 62 56 43 27 12 2 -6 -14 -25 -39 -53 -62 -63 -58 -47 -34 -22 -12 -2 9 20 33 45 54 61 62 57 46 30 14 0 -9 -16 -25 -37 -51 -61 -63 -58 -47 -36 -24 -13 -1 10 21 33 45 55 61 61 56 46 31 15 0 -10 -17 -26 -39 -53 -63 -63 -55 -44 -33 -23 -13 -1 10 21 32 43 53 61 62 56 43 28 14 3 -6 -14 -25 -39 -53 -61 -62 -56 -46 -36 -26 -14 -2 10 22 34 45 56 62 62 55 43 28 14 2 -8 -15 -24 -36 -50 -61 -64 -59 -48 -36 -25 -14 -2 11 24 35 45 53 59 61 56 45 30 14 1 -8 -15 -25 -38 -52 -62 -63 -56 -46 -34 -24 -14 -3 9 21 32 44 55 62 64 57 43 27 12 3 266 9753 304 14679
58 63 59 49 35 20 7 -3 -12 -22 -32 -45 -57 -63 -62 -53 -41 -29 -18 -7 6 18 29 40 50 58 63 60 49 34 19 7 -3 -11 -20 -32 -46 -58 -64 -62 -53 -40 -28 -18 -7 5 18 29 39 50 59 65 62 51 34 17 4 -4 -10 -19 -31 -47 -61 -68 -65 -53 -38 -24 -13 -4 6 17 29 40 49 56 60 59 50 35 18 5 -4 -10 -18 -31 -47 -60 -64 -59 -49 -39 -31 -22 -10 4 18 30 41 52 60 63 59 49 35 20 8 -4 -14 -24 -35 -47 -57 -62 -60 -51 -39 -28 -17 -6 6 18 29 39 49 57 62 60 50 35 19 6 -3 -10 -19 -32 -47 -59 -65 -62 -52 -40 -29 -18 -7 5 18 31 43 52 58 60 57 48 35 20 7 -3 -11 -19 -32 -46 -58 -63 -60 -52 -40 -29 -19 -7 5 17 29 41 52 60 63 59 47 32 18 6 -2 -10 -19 -31 -45 -58 -65 -62 -53 -41 -29 -17 -6 6 18 30 40 49 58 63 62 51 34 17 4 -4 -9 -18 -32 -47 -59 -64 -61 -53 -40 -28 -16 -5 6 17 29 41 52 59 62 59 49 34 17 3 -5 -10 -18 -31 -47 -60 -65 -60 -49 -38 -27 -17 -6 5 16 28 38 49 58 62 59 50 36 20 5 271 13906 304 14679
61 62 56 44 28 13 2 -7 -15 -26 -39 -52 -60 -62 -56 -46 -34 -23 -13 -3 8 20 32 45 55 61 61 55 44 30 14 1 -8 -16 -25 -37 -51 -61 -63 -56 -45 -34 -25 -16 -4 9 22 33 44 54 62 64 58 45 28 12 -1 -9 -15 -21 -33 -48 -62 -68 -63 -50 -35 -22 -12 -2 10 22 35 45 54 60 62 57 45 29 13 1 -9 -16 -25 -37 -51 -60 -63 -58 -48 -36 -25 -14 -3 10 22 35 46 55 61 61 55 44 29 14 1 -9 -17 -25 -37 -50 -61 -64 -59 -47 -34 -21 -11 -1 9 20 32 45 55 61 61 54 42 28 14 3 -6 -14 -25 -38 -51 -60 -61 -56 -48 -38 -27 -14 -1 11 22 32 43 53 60 61 56 45 30 15 2 -7 -14 -23 -37 -52 -62 -63 -55 -44 -36 -28 -19 -6 8 22 35 46 57 64 64 57 44 28 13 1 -7 -15 -25 -38 -52 -62 -64 -58 -46 -34 -24 -14 -3 9 21 33 44 55 63 64 58 45 28 12 0 -8 -16 -25 -38 -52 -62 -64 -57 -45 -33 -22 -13 -3 9 20 31 42 52 61 65 59 45 27 11 2 -5 -12 -25 -40 -54 -61 -61 -56 -47 -37 -26 -14 -2 10 21 34 46 56 61 61 55 44 30 14 1 276 7110 304 14679
-65 -54 -41 -30 -21 -11 1 14 27 39 50 61 67 65 54 37 20 6 -3 -10 -18 -30 -44 -57 -64 -63 -55 -43 -30 -18 -8 3 13 24 36 48 59 65 63 54 39 23 10 -1 -10 -20 -32 -46 -57 -63 -60 -53 -42 -32 -22 -11 1 13 25 36 47 58 66 68 59 42 22 5 -5 -11 -18 -29 -44 -57 -64 -62 -53 -42 -31 -20 -9 3 14 26 37 48 56 62 61 53 40 25 11 1 -8 -18 -32 -47 -59 -65 -63 -55 -44 -31 -19 -7 4 15 26 38 49 59 63 61 52 38 21 7 -3 -10 -17 -29 -43 -57 -64 -62 -54 -43 -32 -21 -10 3 16 28 39 48 55 61 61 54 40 23 7 -3 -9 -16 -28 -44 -57 -64 -63 -56 -44 -31 -18 -6 4 13 23 36 49 58 63 60 52 39 23 9 -1 -8 -15 -27 -42 -56 -64 -64 -56 -45 -33 -22 -10 3 15 26 37 48 57 62 62 54 41 25 9 -2 -11 -19 -30 -44 -57 -64 -62 -53 -42 -31 -21 -10 2 15 27 38 48 57 62 62 53 39 22 7 -3 -10 -16 -27 -41 -55 -63 -63 -56 -45 -33 -21 -7 5 17 27 37 47 57 63 61 52 37 22 9 -1 -9 -18 -30 -43 -56 -64 -63 -54 -42 -29 -19 -9 1 281 27 304 14679
-64 -64 -56 -43 -29 -19 -9 1 13 26 38 48 56 61 60 53 40 24 9 -3 -12 -19 -27 -39 -53 -62 -63 -55 -42 -29 -18 -10 -1 11 23 36 47 56 62 61 53 39 22 8 -2 -8 -15 -26 -41 -55 -62 -61 -54 -43 -30 -17 -6 2 8 16 27 43 58 68 67 57 41 24 9 -2 -9 -16 -27 -42 -57 -66 -64 -54 -42 -31 -21 -11 1 14 26 36 46 55 61 61 53 39 24 11 0 -7 -15 -27 -42 -56 -64 -63 -54 -43 -33 -24 -13 0 15 27 37 47 57 64 64 55 39 21 8 -1 -9 -17 -29 -43 -55 -63 -62 -54 -43 -31 -20 -11 0 13 25 37 48 57 62 61 53 40 24 10 -1 -9 -18 -29 -42 -55 -63 -62 -53 -42 -30 -21 -11 1 13 24 34 44 55 64 66 57 40 22 9 0 -7 -16 -29 -44 -57 -65 -64 -56 -44 -31 -19 -9 2 14 26 38 48 55 60 61 54 41 25 9 -2 -10 -18 -28 -42 -55 -63 -63 -55 -43 -31 -20 -9 2 14 25 36 47 56 62 61 53 39 22 9 -1 -7 -15 -28 -44 -58 -65 -62 -52 -41 -30 -21 -11 1 13 25 37 48 57 62 60 53 39 24 10 -2 -11 -19 -29 -42 -54 -60 -59 -52 -42 -32 -22 -12 287 5320 304 14679
59 62 57 46 30 15 3 -5 -12 -21 -34 -49 -61 -66 -61 -49 -36 -24 -13 -3 7 18 30 41 52 61 64 59 47 31 15 4 -5 -12 -22 -36 -51 -62 -66 -60 -49 -36 -25 -14 -3 9 20 31 42 53 61 62 57 45 31 17 4 -7 -15 -22 -31 -45 -59 -68 -66 -53 -37 -23 -13 -4 8 21 33 44 52 59 62 59 47 31 15 3 -5 -12 -22 -36 -50 -60 -64 -61 -51 -39 -27 -15 -3 8 20 32 43 54 61 63 58 48 34 19 5 -7 -17 -27 -39 -52 -61 -64 -58 -48 -36 -25 -15 -3 10 23 33 42 51 59 63 59 46 30 14 3 -5 -13 -24 -37 -51 -60 -62 -59 -50 -38 -25 -13 -2 8 19 31 43 54 61 62 58 46 31 15 2 -8 -15 -23 -34 -48 -60 -64 -59 -48 -36 -25 -15 -4 9 21 32 42 52 59 62 57 45 30 16 4 -5 -13 -22 -34 -48 -60 -64 -60 -48 -35 -25 -16 -6 7 21 33 42 50 58 63 61 49 31 12 0 -7 -12 -20 -33 -48 -60 -64 -60 -51 -39 -27 -15 -3 9 21 33 44 53 60 61 56 45 30 15 4 -5 -11 -21 -35 -51 -62 -65 -59 -48 -36 -25 -15 -4 8 20 32 43 52 59 61 57 47 32 15 2 292 7561 304 14679
60 62 58 46 30 14 1 -7 -13 -21 -34 -49 -60 -63 -58 -47 -36 -26 -16 -5 8 20 31 41 50 58 61 58 48 33 17 4 -6 -14 -23 -35 -49 -60 -62 -57 -47 -36 -27 -17 -7 6 19 32 43 53 60 62 57 45 28 12 1 -3 -6 -13 -28 -48 -64 -69 -62 -49 -37 -26 -17 -7 5 18 31 43 54 62 64 59 47 31 15 2 -6 -11 -20 -32 -48 -60 -65 -61 -51 -39 -27 -16 -4 8 19 32 43 54 61 62 58 48 33 17 3 -7 -15 -25 -37 -50 -59 -62 -57 -48 -38 -28 -17 -4 8 20 32 43 53 60 62 56 45 31 16 3 -6 -13 -22 -35 -49 -61 -64 -59 -48 -36 -25 -15 -4 8 20 31 41 51 58 60 57 47 33 17 4 -5 -12 -21 -33 -48 -60 -64 -60 -50 -38 -27 -16 -5 7 18 30 42 53 61 64 59 48 33 18 4 -6 -15 -24 -36 -50 -60 -64 -59 -49 -37 -26 -16 -4 8 21 32 43 52 59 62 57 46 31 16 4 -5 -12 -22 -35 -49 -61 -65 -61 -50 -37 -25 -14 -4 7 19 30 41 51 59 63 60 48 32 16 3 -6 -13 -22 -35 -50 -62 -66 -60 -49 -36 -25 -15 -4 8 20 31 41 50 59 63 60 48 32 15 3 29 15718 305 951
-61 -63 -57 -47 -37 -28 -17 -4 12 27 36 43 50 58 64 61 48 28 11 0 -7 -14 -24 -39 -52 -60 -61 -57 -49 -38 -26 -14 -3 7 18 32 46 58 64 63 56 45 31 16 3 -6 -13 -22 -36 -51 -63 -66 -60 -50 -39 -27 -16 -4 7 19 31 46 59 68 68 60 46 30 14 1 -9 -17 -27 -39 -54 -63 -65 -57 -45 -34 -24 -14 -2 11 22 32 42 53 62 64 57 43 26 13 3 -4 -12 -23 -37 -51 -60 -63 -59 -49 -37 -25 -14 -3 9 21 33 45 54 60 62 57 46 30 13 0 -8 -14 -22 -35 -50 -61 -65 -59 -48 -36 -25 -15 -3 9 22 34 44 53 59 61 56 45 30 14 2 -7 -14 -23 -35 -50 -61 -65 -60 -49 -36 -24 -14 -3 8 21 34 45 55 61 62 56 43 26 11 1 -5 -12 -22 -36 -49 -58 -60 -56 -48 -38 -26 -14 -2 8 18 29 41 52 59 61 57 47 32 17 3 -6 -14 -24 -37 -51 -60 -62 -56 -47 -38 -27 -15 -2 10 20 30 41 53 61 64 58 46 30 14 1 -8 -15 -24 -36 -49 -59 -63 -58 -48 -37 -26 -14 -2 10 21 32 43 54 62 65 59 45 29 14 2 -8 -17 -27 -39 -51 -60 -63 -57 -46 -33 -22 -12 40 5329 305 951
59 62 59 49 36 20 7 -4 -11 -19 -30 -45 -59 -66 -63 -53 -39 -26 -16 -7 3 15 28 41 51 59 62 59 50 37 21 6 -5 -12 -20 -30 -44 -57 -64 -62 -53 -41 -29 -18 -6 6 17 27 37 48 57 62 60 51 36 20 6 -3 -9 -16 -27 -44 -60 -68 -64 -53 -40 -29 -19 -9 4 17 29 39 49 59 64 62 51 34 18 5 -3 -10 -18 -30 -45 -58 -64 -61 -52 -40 -29 -19 -9 3 16 29 40 50 58 62 60 51 36 19 6 -3 -9 -18 -31 -46 -59 -64 -61 -52 -42 -31 -19 -7 5 17 28 40 51 59 62 59 49 36 21 7 -4 -12 -20 -31 -44 -56 -63 -60 -52 -41 -30 -21 -10 2 16 30 42 51 59 62 59 49 35 19 6 -2 -9 -18 -31 -46 -58 -62 -60 -52 -42 -32 -20 -7 6 18 29 39 48 56 60 58 50 38 23 9 -3 -11 -19 -30 -44 -59 -66 -64 -53 -40 -28 -18 -8 3 16 29 40 50 57 61 59 51 37 22 8 -3 -11 -19 -31 -46 -59 -65 -62 -52 -39 -28 -18 -8 3 15 28 39 50 58 63 62 52 37 20 6 -4 -11 -20 -32 -47 -60 -65 -62 -52 -39 -27 -17 -6 4 16 27 38 49 57 62 61 52 37 20 5 45 7619 305 951
-60 -63 -58 -48 -36 -24 -13 -2 10 23 34 45 54 61 63 57 44 27 12 1 -7 -14 -24 -38 -51 -61 -63 -57 -48 -37 -26 -14 -2 11 23 34 45 54 61 62 57 45 29 13 0 -7 -13 -21 -36 -53 -65 -66 -58 -47 -36 -25 -14 -1 11 21 31 43 57 68 69 60 43 26 10 -2 -10 -16 -25 -37 -52 -63 -66 -59 -46 -33 -22 -13 -2 11 23 34 44 54 62 63 57 43 27 12 1 -7 -15 -25 -39 -53 -63 -64 -57 -45 -33 -23 -14 -2 12 24 33 42 51 60 65 59 45 27 11 1 -6 -13 -24 -39 -53 -63 -64 -58 -47 -35 -23 -13 -3 9 21 33 45 56 63 64 58 45 29 13 1 -9 -17 -26 -38 -51 -61 -64 -58 -47 -35 -24 -15 -5 8 23 37 48 57 63 64 57 42 25 10 1 -5 -13 -24 -40 -54 -62 -63 -57 -47 -35 -24 -13 -2 9 21 34 46 56 63 64 58 45 27 11 -1 -8 -15 -25 -38 -53 -62 -64 -58 -47 -35 -23 -12 0 12 23 34 44 53 60 62 57 45 28 12 1 -7 -15 -25 -40 -53 -62 -62 -56 -46 -35 -23 -11 0 10 20 30 42 53 61 63 57 44 29 14 2 -7 -15 -25 -38 -52 -62 -63 -57 -47 -36 -25 -14 50 7511 305 951
-62 -61 -54 -41 -27 -15 -5 3 13 26 40 51 58 60 59 52 39 22 6 -5 -12 -19 -31 -46 -58 -63 -59 -51 -41 -31 -20 -8 5 17 27 37 48 58 64 62 53 37 20 5 -5 -11 -18 -29 -44 -58 -64 -62 -53 -42 -31 -20 -9 3 15 27 40 54 65 68 61 47 30 16 6 -2 -11 -21 -33 -46 -56 -62 -60 -52 -41 -29 -17 -6 5 16 27 39 49 57 61 58 50 36 21 8 -2 -10 -18 -31 -46 -58 -63 -60 -51 -41 -31 -21 -9 4 17 28 39 50 59 64 62 52 37 20 5 -5 -13 -20 -30 -44 -58 -65 -62 -51 -39 -28 -19 -9 3 16 29 41 51 59 62 59 49 34 19 8 -1 -8 -19 -33 -47 -60 -65 -62 -52 -39 -27 -17 -7 3 15 27 40 51 59 62 59 50 36 20 7 -3 -10 -18 -30 -44 -57 -64 -63 -54 -42 -30 -19 -7 5 18 29 40 50 58 62 60 51 36 19 6 -4 -11 -20 -32 -46 -58 -63 -60 -52 -40 -29 -18 -7 5 16 28 39 49 58 62 60 50 36 20 7 -3 -11 -21 -33 -46 -57 -62 -60 -52 -41 -30 -18 -7 4 16 28 41 51 58 61 59 50 36 20 6 -4 -11 -19 -31 -46 -59 -64 -61 -52 -41 -30 -19 -7 55 9314 305 951
61 63 58 45 29 14 2 -7 -15 -24 -37 -50 -61 -64 -59 -49 -36 -24 -14 -3 9 21 33 44 53 61 63 57 45 29 15 4 -4 -13 -24 -38 -51 -62 -65 -61 -50 -36 -23 -12 -3 7 19 33 46 56 62 62 57 46 31 14 1 -7 -12 -21 -36 -54 -66 -68 -59 -48 -38 -30 -18 0 19 33 42 46 50 55 58 54 43 28 13 2 -7 -15 -24 -37 -50 -61 -65 -60 -48 -33 -20 -10 -1 9 19 30 42 53 61 63 56 44 29 15 3 -6 -15 -25 -37 -49 -59 -63 -59 -48 -35 -23 -13 -4 8 21 34 45 54 59 61 56 44 29 14 3 -5 -13 -23 -37 -51 -61 -63 -58 -48 -36 -25 -14 -3 9 21 32 42 52 61 64 59 46 29 13 2 -5 -12 -23 -38 -52 -62 -63 -58 -48 -36 -24 -14 -3 8 20 32 44 55 62 63 58 46 29 13 1 -8 -15 -25 -38 -52 -61 -62 -56 -45 -35 -25 -15 -3 9 21 33 43 53 60 62 57 45 28 13 1 -6 -12 -22 -35 -50 -61 -63 -58 -48 -37 -26 -16 -4 9 22 34 45 54 61 63 58 46 29 12 0 -8 -13 -22 -35 -50 -61 -64 -58 -47 -35 -25 -15 -4 8 21 33 44 54 60 62 57 46 30 14 2 60 1680 305 951
58 63 62 53 39 23 7 -4 -11 -18 -29 -43 -57 -64 -62 -54 -42 -32 -21 -9 4 17 28 37 47 56 62 62 53 39 22 8 -3 -11 -19 -30 -43 -56 -63 -62 -53 -42 -31 -20 -10 2 15 28 40 50 58 61 60 52 38 22 7 -3 -9 -15 -27 -44 -61 -68 -64 -53 -39 -28 -18 -8 3 14 25 37 48 58 63 61 52 37 21 7 -3 -10 -17 -28 -43 -58 -65 -63 -54 -42 -29 -18 -8 3 15 26 37 48 58 63 61 53 39 22 7 -4 -11 -18 -28 -43 -57 -64 -62 -53 -41 -31 -20 -9 3 16 27 38 49 58 63 61 51 36 20 7 -2 -8 -17 -29 -44 -57 -63 -62 -54 -42 -30 -19 -8 2 14 26 38 49 57 61 60 52 38 22 8 -1 -8 -17 -30 -46 -59 -65 -62 -52 -40 -29 -19 -9 3 15 27 38 49 56 60 59 52 39 23 8 -4 -11 -18 -28 -42 -55 -63 -61 -53 -42 -32 -21 -10 3 16 27 37 47 56 62 62 54 40 24 9 -2 -11 -20 -31 -45 -57 -64 -62 -53 -41 -30 -19 -9 2 15 28 39 49 57 62 61 52 38 22 7 -3 -11 -18 -29 -42 -55 -62 -62 -54 -43 -31 -20 -9 3 15 27 38 48 57 63 61 53 38 22 8 64 15342 305 951
60 63 58 46 30 16 4 -5 -13 -23 -36 -50 -61 -65 -60 -49 -36 -25 -15 -4 7 20 32 43 53 61 63 59 47 32 15 2 -7 -14 -23 -36 -51 -62 -65 -60 -49 -37 -25 -13 -1 10 21 32 43 53 60 61 57 46 31 15 2 -6 -12 -20 -33 -51 -65 -69 -61 -48 -35 -25 -15 -3 11 24 34 42 51 58 62 58 47 30 14 2 -7 -14 -22 -35 -50 -63 -66 -59 -46 -33 -22 -14 -5 6 20 32 43 51 59 63 60 49 31 13 0 -7 -13 -22 -37 -53 -63 -64 -58 -47 -35 -25 -14 -3 9 20 32 43 52 59 61 57 47 32 16 2 -7 -15 -23 -35 -49 -60 -64 -60 -49 -36 -25 -14 -5 7 20 34 46 55 59 61 57 47 32 14 0 -8 -13 -21 -35 -51 -63 -65 -57 -47 -36 -26 -14 -1 11 21 29 39 51 60 63 58 47 31 16 2 -8 -15 -23 -35 -49 -61 -64 -58 -47 -35 -25 -15 -4 8 20 30 41 52 61 63 57 45 30 16 4 -5 -13 -23 -36 -50 -61 -64 -59 -48 -36 -26 -16 -5 9 22 33 43 52 60 63 59 47 31 14 2 -6 -13 -22 -36 -52 -64 -66 -59 -47 -34 -23 -13 -3 8 19 30 42 52 60 64 59 47 30 14 2 69 11646 305 951
58 64 63 54 39 22 8 -3 -10 -18 -29 -43 -56 -64 -63 -54 -43 -32 -21 -10 4 17 28 38 46 55 61 62 55 40 22 7 -4 -10 -16 -27 -42 -57 -65 -63 -54 -42 -31 -20 -8 4 15 26 36 47 56 61 60 52 38 23 9 -1 -8 -14 -24 -39 -57 -69 -69 -57 -42 -28 -19 -10 1 14 27 37 47 57 65 65 55 38 19 6 -2 -8 -16 -28 -44 -57 -64 -63 -55 -43 -31 -20 -10 1 14 28 40 50 57 62 62 54 39 20 5 -4 -8 -14 -26 -43 -58 -64 -62 -53 -43 -32 -21 -9 4 15 25 36 47 57 63 61 53 39 24 11 -1 -10 -19 -31 -44 -57 -64 -63 -54 -43 -31 -20 -9 3 15 27 39 49 57 61 59 50 37 23 10 -1 -9 -18 -28 -42 -55 -64 -64 -56 -42 -29 -17 -8 1 11 23 35 47 59 65 64 54 38 21 8 -1 -9 -18 -30 -43 -55 -61 -61 -56 -46 -34 -21 -9 3 15 26 38 48 56 61 60 53 41 25 10 -1 -10 -18 -30 -44 -57 -65 -63 -55 -43 -31 -20 -9 3 15 27 38 48 58 63 61 53 38 22 9 -1 -9 -18 -31 -45 -58 -64 -62 -54 -42 -30 -19 -9 2 15 28 39 49 56 60 60 53 40 23 8 74 10375 305 951
60 63 58 46 29 13 2 -6 -13 -24 -37 -51 -61 -63 -58 -48 -36 -24 -13 -3 8 20 31 42 52 59 62 59 49 34 17 3 -8 -17 -27 -38 -50 -59 -61 -57 -49 -38 -26 -13 -1 9 19 31 44 55 61 61 54 45 32 17 2 -8 -14 -19 -31 -48 -64 -70 -63 -49 -34 -23 -15 -5 8 21 34 44 54 61 63 58 46 30 15 2 -8 -16 -25 -37 -49 -59 -63 -58 -48 -36 -25 -15 -5 8 21 33 45 53 59 61 56 46 32 16 3 -7 -13 -22 -35 -51 -63 -66 -59 -47 -35 -25 -15 -4 8 20 32 43 54 62 63 56 44 30 17 6 -4 -14 -25 -37 -50 -60 -65 -62 -52 -38 -24 -12 -1 10 21 33 44 53 59 61 56 45 30 16 3 -6 -14 -23 -36 -50 -61 -65 -60 -49 -35 -24 -14 -5 7 20 33 45 54 61 62 57 46 30 14 2 -6 -13 -22 -35 -50 -62 -65 -60 -49 -36 -25 -14 -3 9 21 33 43 53 60 62 58 46 31 15 3 -5 -12 -23 -37 -54 -65 -67 -59 -46 -33 -23 -14 -3 9 22 33 43 52 59 62 57 46 30 14 1 -7 -14 -22 -34 -49 -61 -66 -61 -49 -36 -24 -14 -4 8 20 33 45 55 61 61 55 44 29 14 3 79 11053 305 951
-63 -61 -52 -41 -31 -21 -10 2 14 26 38 49 59 63 61 51 38 23 9 -1 -10 -19 -31 -45 -58 -65 -62 -53 -40 -29 -19 -9 2 14 26 37 49 58 63 61 51 38 23 9 -2 -10 -20 -31 -45 -58 -64 -61 -52 -41 -30 -21 -11 1 13 24 36 50 64 71 68 53 33 15 3 -4 -10 -18 -31 -45 -58 -64 -61 -52 -40 -29 -19 -9 3 16 27 37 47 56 63 63 55 39 21 6 -4 -11 -18 -30 -45 -58 -64 -61 -51 -40 -29 -19 -9 2 14 26 38 49 58 63 61 52 38 22 8 -3 -11 -19 -30 -44 -57 -64 -62 -53 -41 -30 -20 -10 3 16 28 39 48 56 60 60 53 40 24 9 -3 -10 -18 -30 -45 -58 -65 -62 -53 -41 -31 -20 -9 3 16 27 38 48 57 63 62 53 38 22 8 -2 -9 -18 -31 -46 -59 -65 -62 -52 -39 -29 -20 -10 2 15 27 38 49 58 65 64 54 38 20 5 -5 -12 -20 -31 -44 -57 -63 -61 -53 -42 -30 -19 -8 4 16 28 39 49 57 61 59 51 37 21 7 -3 -11 -18 -29 -43 -57 -64 -62 -53 -40 -28 -18 -9 1 13 26 38 49 58 63 62 53 39 22 6 -5 -11 -18 -29 -44 -58 -65 -62 -53 -40 -28 -17 -6 84 11995 305 951
59 64 61 52 37 21 8 -1 -8 -17 -29 -44 -58 -66 -64 -55 -42 -31 -21 -11 2 16 30 42 51 57 61 59 51 37 21 8 -1 -8 -18 -31 -46 -58 -63 -59 -51 -41 -30 -20 -10 1 13 26 38 49 57 62 60 52 39 23 9 -1 -7 -15 -29 -47 -62 -68 -63 -51 -38 -28 -19 -10 1 13 25 37 49 58 63 61 52 38 22 7 -3 -10 -17 -28 -43 -56 -64 -63 -55 -43 -32 -20 -9 2 14 26 38 50 60 64 61 52 38 22 7 -3 -10 -18 -29 -44 -58 -66 -63 -53 -41 -29 -19 -9 4 16 27 36 46 55 62 63 54 39 22 8 -2 -9 -18 -30 -44 -56 -64 -63 -55 -43 -30 -18 -7 3 13 24 35 47 58 66 65 55 38 20 7 -2 -9 -19 -32 -46 -58 -63 -60 -52 -42 -31 -20 -9 3 15 27 37 47 56 61 61 53 38 22 8 -2 -8 -16 -27 -43 -58 -65 -64 -55 -42 -29 -19 -9 1 13 26 38 48 57 61 60 52 40 25 11 0 -10 -20 -31 -44 -56 -63 -62 -54 -42 -31 -20 -10 1 14 27 38 48 57 62 62 54 39 23 9 -2 -10 -19 -31 -44 -56 -62 -61 -54 -43 -32 -21 -9 3 16 27 38 48 56 62 61 53 39 22 8 94 5313 305 951
63 63 55 40 24 10 0 -8 -17 -28 -40 -52 -60 -62 -57 -46 -33 -21 -11 -1 10 22 35 47 56 61 61 54 42 25 10 -1 -8 -14 -23 -38 -54 -64 -65 -57 -45 -34 -24 -13 -1 11 23 35 45 55 61 62 56 43 27 13 2 -5 -12 -22 -37 -53 -65 -69 -63 -51 -37 -25 -13 -1 13 26 38 48 57 62 63 57 45 29 15 2 -8 -18 -30 -44 -56 -64 -64 -57 -47 -34 -22 -10 1 12 23 34 46 57 63 63 55 42 25 10 -1 -8 -15 -25 -39 -53 -62 -64 -57 -46 -34 -22 -11 0 11 23 35 46 56 61 61 55 44 29 12 -2 -11 -18 -26 -38 -53 -63 -64 -57 -45 -33 -24 -13 -1 13 25 36 45 54 61 63 56 42 25 9 -1 -8 -14 -25 -39 -53 -63 -64 -58 -47 -34 -22 -10 0 11 23 34 46 55 60 60 55 43 27 11 0 -7 -13 -23 -38 -54 -63 -62 -55 -45 -35 -25 -14 -1 12 22 33 44 55 62 63 55 42 27 13 2 -6 -15 -26 -40 -53 -62 -64 -57 -46 -34 -23 -12 0 11 22 34 45 56 63 64 56 42 26 11 0 -8 -15 -26 -40 -54 -64 -64 -57 -45 -33 -22 -11 0 14 26 37 47 54 59 60 54 42 26 10 -1 100 4858 305 951
60 64 61 51 35 19 6 -3 -9 -18 -31 -46 -59 -64 -61 -51 -40 -29 -20 -9 3 17 29 39 48 56 61 61 53 38 21 6 -4 -11 -19 -30 -44 -56 -63 -61 -53 -41 -29 -19 -10 2 16 30 41 49 56 60 60 51 35 16 3 -1 -1 -7 -24 -46 -63 -69 -63 -52 -42 -34 -23 -10 4 17 29 40 51 60 63 61 52 39 23 8 -4 -12 -21 -31 -46 -59 -66 -63 -53 -40 -29 -19 -9 3 17 30 41 50 58 62 61 52 37 21 6 -4 -12 -20 -32 -46 -58 -64 -61 -52 -41 -30 -18 -7 5 17 28 39 49 57 62 61 52 37 19 5 -5 -11 -18 -30 -45 -58 -63 -59 -50 -40 -31 -21 -9 5 17 28 38 48 58 63 61 51 36 20 6 -4 -11 -20 -32 -45 -57 -63 -60 -51 -40 -29 -18 -8 3 15 26 38 49 58 63 61 51 36 20 7 -3 -11 -19 -31 -45 -57 -63 -60 -52 -41 -30 -19 -9 2 14 26 38 50 60 65 63 53 37 20 6 -4 -11 -20 -31 -45 -57 -63 -61 -54 -43 -31 -19 -7 5 16 27 39 51 60 63 60 50 36 21 7 -4 -13 -21 -31 -43 -56 -63 -62 -54 -41 -29 -18 -7 4 17 29 39 48 56 61 60 52 36 19 6 104 10270 305 951
-64 -60 -50 -38 -26 -15 -3 9 21 31 42 52 60 63 58 46 30 15 4 -5 -13 -23 -35 -49 -59 -63 -59 -50 -38 -26 -15 -5 6 17 30 42 54 62 64 58 47 33 18 4 -7 -16 -24 -35 -49 -62 -66 -61 -48 -34 -25 -17 -7 6 21 34 44 55 64 68 61 44 23 5 -3 -6 -10 -19 -33 -47 -58 -61 -58 -49 -38 -26 -15 -4 7 18 30 42 52 59 61 57 47 33 18 4 -6 -15 -23 -34 -47 -58 -64 -61 -51 -38 -26 -16 -5 7 21 33 44 52 58 60 57 48 34 18 3 -7 -14 -22 -34 -50 -62 -66 -60 -47 -35 -25 -16 -6 6 19 31 42 52 60 64 61 50 33 16 1 -9 -15 -23 -35 -49 -61 -64 -58 -48 -37 -26 -16 -4 9 20 30 40 51 60 64 59 47 31 16 4 -5 -14 -24 -37 -50 -60 -64 -59 -49 -36 -25 -15 -4 7 19 31 42 52 60 62 57 46 31 16 5 -4 -13 -23 -36 -50 -60 -64 -60 -50 -38 -26 -15 -4 8 21 33 44 53 60 62 57 45 29 14 2 -5 -11 -21 -35 -50 -61 -64 -58 -48 -37 -27 -17 -4 9 21 32 42 52 60 62 57 45 30 16 4 -4 -12 -21 -34 -49 -61 -66 -61 -50 -37 -26 -16 -6 109 3537 305 951
-61 -59 -52 -42 -32 -20 -8 3 13 23 35 48 59 63 61 52 39 25 10 -2 -11 -18 -29 -42 -57 -65 -63 -53 -41 -30 -21 -11 2 15 27 38 47 56 62 61 52 38 22 10 1 -7 -16 -29 -44 -58 -64 -63 -54 -42 -31 -21 -12 -1 11 24 39 53 64 68 63 50 33 18 7 -1 -8 -17 -29 -43 -55 -62 -61 -54 -43 -32 -21 -10 3 16 27 37 46 54 60 61 54 41 24 10 -2 -9 -18 -29 -43 -57 -64 -63 -55 -43 -31 -20 -9 3 16 27 37 46 53 59 60 54 41 24 9 -1 -9 -17 -29 -43 -56 -64 -63 -55 -43 -31 -21 -11 0 13 27 39 49 57 61 61 54 42 25 9 -3 -12 -20 -30 -44 -57 -64 -62 -53 -41 -29 -18 -9 2 13 25 36 47 56 62 61 54 40 23 8 -3 -10 -18 -28 -43 -56 -64 -61 -52 -41 -31 -22 -12 1 14 27 38 47 56 62 62 54 39 22 7 -2 -8 -15 -27 -43 -57 -64 -63 -55 -44 -33 -21 -9 3 15 26 38 50 58 61 58 51 40 26 9 -5 -13 -17 -24 -38 -56 -69 -69 -56 -39 -27 -19 -11 1 15 27 36 45 56 65 66 56 39 20 6 -3 -10 -19 -30 -43 -55 -62 -62 -55 -44 -32 -20 -9 114 2515 305 951
56 62 62 56 45 29 13 0 -10 -16 -24 -37 -52 -63 -65 -57 -44 -33 -24 -15 -4 9 23 35 46 54 61 63 58 45 28 11 -1 -9 -16 -26 -39 -52 -60 -61 -56 -47 -36 -24 -12 0 10 20 32 44 56 62 63 57 45 29 12 0 -7 -12 -21 -38 -57 -69 -68 -56 -41 -31 -24 -15 -3 11 23 33 43 55 64 66 58 43 26 12 1 -8 -17 -27 -40 -52 -61 -62 -56 -44 -32 -22 -13 -3 9 21 33 43 53 60 62 57 45 29 14 2 -6 -14 -24 -38 -52 -62 -64 -58 -47 -35 -25 -15 -4 8 21 34 46 56 63 63 56 44 28 14 3 -7 -16 -26 -38 -51 -60 -64 -60 -50 -37 -24 -13 -2 10 22 34 46 56 62 63 58 45 29 12 0 -8 -14 -23 -38 -53 -64 -66 -58 -47 -35 -24 -13 -2 10 23 36 47 56 61 61 54 42 27 13 2 -6 -13 -24 -37 -52 -62 -65 -58 -47 -35 -24 -13 -2 10 22 33 44 54 62 65 59 46 28 11 -1 -8 -14 -24 -40 -55 -63 -63 -56 -45 -35 -24 -12 0 11 20 31 43 56 65 65 57 42 25 10 0 -7 -13 -22 -36 -52 -64 -66 -59 -47 -34 -22 -11 0 11 22 33 44 55 62 63 56 42 26 12 119 11131 305 951
54 61 62 55 41 24 8 -3 -10 -17 -27 -41 -55 -63 -62 -54 -43 -32 -22 -11 2 14 24 35 46 57 64 64 55 41 24 9 -1 -9 -18 -30 -44 -57 -64 -62 -54 -44 -32 -21 -9 2 14 25 37 49 58 62 60 52 41 26 11 -2 -10 -17 -28 -43 -59 -68 -65 -55 -44 -34 -24 -9 10 26 35 39 42 49 58 61 54 39 22 8 -1 -9 -18 -30 -44 -55 -61 -60 -52 -42 -30 -20 -10 1 13 25 36 46 56 62 62 54 41 25 9 -3 -12 -20 -30 -43 -55 -62 -61 -53 -42 -31 -21 -10 1 14 26 37 47 56 61 61 53 39 24 10 0 -9 -18 -30 -43 -55 -62 -61 -54 -44 -33 -21 -9 3 15 26 36 47 56 62 61 53 39 23 8 -2 -9 -17 -27 -40 -54 -63 -64 -56 -43 -30 -19 -10 -1 11 23 36 47 57 62 62 55 42 25 10 -2 -10 -18 -28 -42 -55 -64 -64 -57 -45 -33 -21 -9 3 16 28 37 46 54 61 63 56 41 23 8 -2 -7 -15 -28 -44 -58 -64 -62 -54 -44 -34 -23 -11 2 14 26 37 49 59 64 62 53 38 22 9 -1 -10 -18 -29 -42 -54 -63 -64 -56 -44 -30 -19 -10 0 12 26 39 50 58 61 60 52 40 25 10 123 14443 305 951
60 62 57 46 29 13 0 -7 -12 -20 -34 -49 -60 -64 -59 -49 -37 -26 -15 -5 7 20 32 44 54 60 61 57 47 32 16 3 -7 -14 -22 -34 -48 -60 -65 -60 -50 -37 -25 -14 -4 7 18 31 44 55 61 62 56 45 31 17 4 -5 -12 -21 -34 -50 -63 -68 -62 -50 -36 -25 -14 -3 9 21 32 42 53 60 63 58 47 32 17 4 -7 -16 -25 -36 -49 -60 -64 -60 -49 -37 -26 -15 -4 9 22 34 43 53 60 62 57 46 30 15 3 -6 -14 -24 -37 -50 -60 -63 -59 -49 -37 -25 -13 -2 8 19 31 43 54 61 62 57 46 32 17 3 -8 -16 -24 -35 -48 -59 -63 -58 -48 -36 -25 -16 -5 7 19 31 42 53 61 65 61 48 30 14 2 -6 -13 -23 -38 -52 -62 -64 -58 -48 -36 -25 -14 -3 9 20 33 44 54 60 61 55 44 30 15 3 -6 -13 -23 -35 -49 -60 -64 -61 -52 -39 -25 -12 -1 10 20 32 44 54 59 60 56 47 32 15 0 -10 -16 -22 -33 -47 -60 -63 -57 -47 -36 -27 -17 -5 8 20 31 42 52 60 62 57 46 31 17 4 -7 -15 -24 -35 -47 -59 -63 -59 -49 -37 -26 -15 -3 10 22 31 38 47 56 62 60 49 33 16 3 128 14647 305 951
59 62 59 49 34 18 5 -3 -10 -20 -33 -47 -59 -63 -59 -50 -40 -29 -18 -7 5 17 28 39 50 59 63 61 51 36 19 5 -5 -12 -20 -32 -46 -58 -64 -60 -51 -40 -29 -18 -7 5 17 29 41 50 58 61 59 51 37 21 5 -6 -12 -19 -30 -46 -62 -69 -64 -51 -37 -26 -17 -7 6 19 31 40 49 58 62 59 48 33 18 7 -1 -10 -21 -35 -49 -59 -63 -59 -50 -39 -28 -17 -6 6 17 28 39 50 58 62 59 49 35 19 6 -3 -10 -19 -32 -47 -59 -63 -59 -50 -40 -31 -21 -9 5 19 31 41 49 57 61 60 51 35 19 5 -3 -10 -19 -31 -46 -58 -63 -61 -53 -42 -30 -18 -6 5 17 29 41 52 60 63 59 49 35 20 6 -5 -13 -21 -31 -45 -58 -65 -62 -51 -38 -27 -18 -9 4 18 31 41 50 57 62 60 51 34 17 4 -4 -10 -18 -31 -46 -59 -64 -61 -51 -39 -27 -17 -7 4 15 27 40 51 60 63 59 48 33 18 7 0 -8 -19 -33 -49 -60 -63 -59 -51 -41 -30 -18 -6 5 16 28 39 50 58 61 59 51 38 22 6 -5 -13 -19 -30 -45 -59 -66 -62 -52 -40 -29 -19 -7 5 18 29 39 50 60 64 61 51 36 20 6 134 10241 305 951
61 62 55 42 25 9 -1 -8 -16 -28 -42 -54 -62 -62 -56 -45 -33 -21 -10 0 12 24 36 47 55 60 60 55 43 26 9 -2 -8 -14 -24 -41 -56 -64 -62 -54 -44 -35 -25 -12 1 14 25 35 45 55 62 63 56 43 25 8 -5 -12 -16 -22 -35 -52 -66 -68 -58 -43 -29 -20 -12 -2 11 24 36 47 56 61 61 54 42 26 11 -1 -9 -16 -26 -39 -53 -63 -64 -56 -44 -32 -23 -13 -2 11 24 35 46 56 63 65 57 42 24 8 -1 -8 -15 -27 -42 -56 -64 -62 -54 -44 -33 -22 -11 0 12 24 36 47 56 61 61 54 41 25 10 -1 -8 -15 -25 -40 -55 -64 -64 -55 -43 -32 -23 -13 -1 12 24 36 47 57 63 63 55 40 23 9 -2 -8 -15 -26 -41 -54 -62 -60 -52 -43 -34 -25 -15 -2 11 24 36 47 57 63 63 56 43 26 10 -2 -11 -18 -26 -39 -53 -62 -63 -54 -43 -32 -23 -13 -1 11 24 35 45 55 62 63 56 42 26 11 0 -8 -16 -27 -41 -55 -63 -62 -54 -43 -33 -23 -12 0 13 25 35 45 55 61 61 54 41 26 12 0 -9 -16 -26 -39 -52 -62 -63 -56 -45 -33 -22 -12 -1 10 22 34 46 56 62 62 55 42 26 12 1 139 11895 305 951
60 63 60 50 33 16 3 -6 -12 -21 -34 -48 -59 -63 -59 -50 -39 -27 -16 -4 7 18 29 40 50 59 63 60 49 33 16 3 -5 -12 -21 -34 -48 -58 -61 -58 -51 -40 -27 -13 -1 7 14 23 36 50 61 64 59 49 34 19 5 -4 -10 -17 -30 -48 -63 -68 -63 -51 -38 -26 -15 -4 7 18 29 40 52 61 64 59 48 32 16 3 -6 -12 -20 -32 -47 -60 -64 -60 -49 -38 -27 -17 -6 6 17 29 41 52 60 62 58 49 35 19 4 -6 -14 -21 -33 -48 -61 -67 -61 -48 -36 -26 -17 -7 6 19 31 42 51 60 63 59 47 32 17 4 -5 -12 -21 -33 -47 -59 -64 -60 -51 -39 -28 -18 -7 6 19 31 42 53 62 65 61 49 32 16 2 -8 -15 -23 -34 -47 -59 -64 -60 -49 -36 -25 -15 -6 5 18 30 41 50 58 62 59 49 34 17 4 -5 -12 -20 -32 -48 -60 -66 -62 -51 -39 -27 -17 -5 7 20 31 42 51 59 63 60 50 34 17 4 -5 -12 -22 -35 -50 -62 -65 -60 -51 -39 -26 -13 -1 10 18 27 38 50 60 64 59 48 33 18 5 -6 -15 -24 -35 -47 -58 -63 -60 -50 -37 -26 -16 -6 5 19 32 43 51 58 62 60 50 33 14 0 191 1586 305 951
56 62 62 53 39 24 11 1 -8 -18 -29 -42 -55 -63 -63 -56 -44 -31 -19 -9 1 12 24 37 48 57 62 62 55 41 25 9 -2 -11 -19 -30 -43 -55 -62 -62 -54 -43 -30 -19 -9 1 13 25 37 47 55 60 60 52 37 19 5 0 -1 -6 -19 -40 -59 -68 -66 -56 -45 -35 -24 -12 2 15 26 37 48 58 65 65 55 39 21 7 -2 -8 -16 -28 -44 -57 -63 -61 -53 -42 -31 -21 -11 0 12 23 35 47 56 62 62 55 41 26 11 -1 -10 -18 -29 -42 -55 -63 -64 -56 -43 -30 -19 -10 0 12 24 37 48 57 62 61 53 40 24 10 0 -8 -16 -28 -42 -56 -64 -64 -56 -43 -30 -19 -9 2 13 25 36 46 54 60 61 55 42 25 10 -1 -9 -16 -28 -42 -56 -64 -63 -55 -43 -31 -20 -10 1 13 25 37 48 57 63 62 54 40 23 9 -1 -8 -17 -29 -43 -57 -64 -62 -54 -43 -31 -20 -9 2 15 27 38 48 56 60 60 53 40 23 7 -3 -9 -15 -26 -42 -58 -66 -63 -52 -40 -30 -21 -11 1 15 27 38 47 55 60 59 52 39 24 10 -1 -9 -17 -28 -42 -55 -63 -62 -54 -42 -31 -21 -11 1 12 25 37 48 57 61 60 52 40 25 10 196 7139 305 951
61 64 60 48 32 15 1 -7 -12 -20 -33 -48 -59 -62 -58 -50 -40 -29 -17 -4 7 18 29 41 52 60 62 59 49 34 16 1 -7 -11 -17 -30 -48 -63 -67 -60 -48 -37 -28 -18 -6 7 19 29 39 50 60 65 62 51 35 18 4 -5 -12 -21 -34 -49 -63 -68 -63 -51 -38 -26 -16 -4 7 19 30 40 50 59 64 62 52 36 19 4 -6 -14 -23 -36 -50 -61 -65 -60 -50 -38 -26 -15 -5 5 16 28 42 54 62 65 60 49 34 18 5 -5 -12 -20 -33 -49 -62 -68 -63 -51 -38 -26 -15 -5 6 19 31 43 53 61 64 59 47 32 17 4 -5 -13 -23 -35 -48 -59 -63 -60 -51 -39 -27 -16 -5 6 17 29 41 52 60 63 59 49 33 17 4 -6 -13 -22 -35 -49 -59 -63 -59 -50 -39 -28 -16 -5 6 18 31 44 55 61 61 55 45 31 16 2 -8 -14 -20 -30 -45 -57 -63 -58 -48 -37 -28 -18 -6 7 20 30 40 50 60 65 60 46 29 15 4 -4 -12 -23 -36 -48 -58 -61 -57 -49 -38 -27 -17 -6 6 19 30 41 51 59 63 60 49 33 17 4 -5 -14 -24 -37 -50 -59 -63 -60 -50 -38 -26 -15 -4 7 20 33 45 54 60 61 57 46 30 14 2 200 15802 305 951
55 61 61 53 39 23 10 0 -6 -14 -25 -40 -55 -64 -65 -58 -45 -33 -21 -11 1 13 25 37 48 58 63 63 55 40 22 7 -4 -10 -15 -25 -39 -53 -62 -62 -55 -44 -34 -23 -11 2 13 24 34 45 55 62 63 55 42 26 11 0 -7 -14 -25 -42 -60 -70 -69 -58 -42 -29 -18 -9 2 14 25 36 47 57 63 62 54 40 25 10 -1 -10 -19 -29 -41 -54 -62 -63 -56 -44 -32 -21 -10 1 13 25 37 48 57 62 61 54 41 25 9 -2 -10 -17 -26 -40 -54 -64 -64 -56 -44 -31 -20 -10 0 12 25 37 47 56 61 61 55 42 25 9 -2 -9 -15 -26 -41 -56 -64 -63 -55 -44 -33 -22 -10 1 13 24 36 48 58 63 61 53 40 25 10 -2 -11 -18 -27 -40 -53 -63 -64 -57 -44 -31 -20 -10 0 12 24 36 47 57 63 63 56 42 24 7 -3 -9 -16 -26 -41 -56 -63 -62 -55 -45 -34 -22 -10 3 16 27 37 47 55 61 60 53 40 25 11 0 -9 -17 -28 -42 -55 -63 -62 -55 -44 -32 -21 -10 1 13 25 36 47 57 62 62 53 40 24 10 0 -8 -17 -29 -44 -56 -63 -61 -53 -43 -32 -22 -12 0 13 26 38 49 57 62 61 53 40 24 10 205 16231 305 951
57 61 59 49 35 19 7 -3 -12 -23 -37 -50 -60 -64 -60 -51 -39 -27 -15 -3 8 20 31 42 52 59 61 57 47 32 17 4 -4 -10 -18 -31 -47 -60 -64 -61 -52 -41 -30 -18 -6 7 20 32 43 53 59 62 58 49 35 19 4 -6 -12 -19 -31 -48 -62 -68 -62 -50 -37 -27 -17 -6 7 19 30 40 51 60 63 58 47 34 21 10 -1 -13 -26 -39 -51 -60 -63 -60 -50 -38 -26 -15 -5 7 19 31 41 50 58 62 59 49 32 14 2 -5 -10 -18 -32 -48 -60 -62 -56 -47 -37 -29 -20 -8 5 18 30 41 51 59 62 58 47 32 17 6 -2 -10 -20 -34 -49 -60 -64 -59 -50 -39 -28 -17 -4 8 19 29 39 49 59 63 60 49 34 18 5 -5 -14 -23 -35 -48 -58 -62 -58 -48 -37 -27 -18 -8 4 18 32 43 52 59 63 60 50 33 15 0 -8 -12 -18 -30 -47 -61 -67 -61 -50 -37 -26 -15 -4 8 19 29 39 49 58 62 58 48 35 20 6 -5 -14 -23 -33 -46 -58 -64 -61 -51 -39 -27 -18 -7 6 19 31 41 51 58 62 58 47 32 16 5 -3 -10 -19 -32 -46 -58 -63 -59 -50 -39 -29 -19 -9 4 17 29 40 51 60 64 60 49 33 18 5 210 10909 305 951
54 61 62 55 41 25 10 0 -7 -16 -28 -43 -56 -62 -60 -54 -45 -35 -24 -12 2 14 26 36 46 55 61 62 55 41 25 9 -2 -8 -15 -25 -40 -55 -64 -63 -55 -43 -32 -22 -12 -2 11 24 37 48 57 62 62 53 39 23 10 3 -2 -10 -26 -46 -63 -69 -64 -53 -41 -32 -22 -11 2 14 25 36 46 56 61 61 54 40 25 10 -1 -9 -17 -27 -40 -53 -62 -63 -56 -45 -33 -21 -10 2 13 24 34 44 54 62 63 55 40 23 9 1 -5 -13 -26 -41 -55 -63 -63 -57 -46 -34 -22 -11 0 12 24 36 47 56 63 63 56 42 24 9 -1 -8 -15 -27 -42 -57 -65 -63 -55 -43 -32 -21 -10 1 12 24 35 46 57 63 62 55 41 25 10 -2 -10 -17 -27 -40 -54 -62 -62 -54 -43 -33 -23 -12 0 13 25 36 46 55 61 62 55 42 25 10 -2 -9 -15 -25 -39 -54 -64 -64 -56 -45 -34 -23 -12 2 14 25 34 44 55 63 64 56 41 25 10 0 -8 -15 -26 -41 -56 -66 -66 -56 -42 -30 -20 -11 -1 11 24 36 47 56 62 62 54 40 24 10 0 -7 -14 -26 -41 -55 -63 -63 -55 -44 -32 -22 -11 0 11 23 34 45 55 62 63 57 43 27 12 215 10037 305 951
58 62 59 48 31 15 3 -4 -11 -21 -35 -49 -60 -63 -59 -50 -39 -27 -15 -4 8 20 31 41 50 57 61 58 48 33 18 5 -4 -12 -23 -36 -50 -59 -62 -58 -49 -39 -28 -16 -4 8 19 30 40 50 58 62 59 47 30 15 5 1 -5 -16 -34 -52 -64 -68 -63 -53 -40 -27 -14 -3 8 20 31 43 53 59 62 58 49 34 18 4 -6 -14 -23 -37 -51 -60 -62 -57 -48 -38 -27 -16 -3 8 19 30 41 51 59 62 59 48 32 14 1 -7 -11 -18 -31 -48 -62 -66 -59 -46 -35 -27 -18 -7 6 18 30 41 52 61 64 59 47 32 18 5 -6 -15 -24 -34 -47 -58 -64 -61 -51 -38 -26 -16 -5 6 19 32 42 52 59 62 59 49 33 16 3 -6 -12 -21 -34 -49 -61 -65 -59 -48 -36 -25 -16 -6 6 18 31 42 53 61 64 59 47 30 15 5 -3 -11 -23 -37 -51 -59 -61 -58 -51 -41 -29 -15 -2 8 18 29 42 53 60 62 57 47 33 18 5 -5 -11 -20 -34 -51 -64 -67 -60 -48 -37 -28 -18 -6 7 21 33 43 53 60 63 59 48 32 17 4 -5 -13 -24 -37 -50 -59 -62 -58 -50 -39 -27 -16 -5 6 18 32 45 55 60 61 57 47 33 16 2 220 14066 305 951
65 65 57 42 24 8 -3 -9 -15 -24 -38 -53 -63 -63 -56 -44 -33 -23 -13 -1 11 23 34 45 55 62 63 57 44 27 11 -2 -10 -16 -25 -39 -53 -63 -64 -57 -46 -34 -22 -11 0 11 22 34 45 56 62 63 56 44 28 11 -2 -10 -15 -23 -37 -53 -65 -68 -60 -46 -32 -19 -9 1 11 22 34 46 56 63 62 55 41 25 10 -1 -8 -15 -25 -38 -52 -62 -64 -58 -47 -35 -22 -10 1 12 23 34 45 54 61 61 55 42 27 12 0 -8 -15 -24 -38 -52 -62 -63 -57 -46 -35 -24 -13 -1 11 22 33 44 54 62 64 58 44 27 11 0 -7 -15 -25 -40 -55 -64 -65 -57 -46 -33 -22 -12 -1 11 23 35 47 56 61 61 55 42 27 12 1 -8 -15 -25 -39 -53 -62 -65 -59 -48 -34 -21 -9 2 12 21 32 44 55 63 64 57 43 26 12 1 -7 -16 -27 -41 -54 -63 -63 -56 -45 -33 -22 -12 -1 10 23 35 46 56 62 62 55 42 28 13 0 -10 -18 -27 -37 -49 -60 -64 -60 -49 -35 -22 -11 0 12 24 36 46 55 61 62 57 44 27 11 -1 -9 -17 -27 -40 -54 -63 -63 -56 -45 -33 -22 -11 0 11 23 35 46 54 60 61 55 43 28 12 0 225 4845 305 951
58 62 60 51 36 19 3 -7 -13 -19 -30 -45 -58 -65 -61 -51 -38 -27 -17 -7 4 16 29 40 51 58 61 58 49 35 19 4 -6 -12 -18 -28 -43 -58 -64 -61 -51 -39 -28 -18 -7 4 16 27 38 49 58 62 60 51 37 20 5 -6 -12 -18 -29 -46 -61 -68 -62 -48 -34 -26 -20 -11 2 18 31 41 50 58 62 60 49 34 19 6 -3 -11 -21 -33 -46 -57 -62 -60 -52 -40 -29 -18 -8 4 17 30 42 52 59 62 58 49 34 19 6 -4 -11 -20 -32 -46 -58 -64 -62 -52 -40 -27 -16 -5 5 16 28 40 51 60 63 60 49 33 17 4 -5 -12 -19 -31 -45 -57 -62 -59 -50 -39 -30 -19 -8 5 18 29 39 48 57 61 59 50 36 21 7 -3 -11 -19 -30 -45 -58 -65 -63 -54 -41 -28 -16 -5 6 17 28 39 50 58 62 59 50 36 20 7 -3 -11 -20 -32 -47 -60 -65 -62 -52 -39 -27 -16 -5 5 16 27 39 50 59 64 60 50 35 18 4 -5 -12 -19 -30 -45 -59 -65 -61 -50 -38 -28 -19 -8 4 17 29 40 50 59 64 61 50 35 19 6 -4 -11 -20 -32 -46 -59 -65 -62 -52 -39 -28 -17 -6 6 18 28 37 46 56 64 65 55 38 19 4 230 2348 305 951
-63 -62 -54 -42 -30 -20 -10 1 12 23 34 44 55 62 63 55 42 25 10 -1 -9 -17 -27 -41 -55 -64 -64 -55 -42 -31 -21 -12 0 12 24 36 47 57 63 62 54 40 24 9 -2 -10 -17 -27 -40 -54 -62 -61 -53 -43 -33 -23 -12 1 12 22 32 46 60 68 65 52 36 22 11 1 -8 -18 -28 -40 -53 -64 -66 -58 -43 -30 -19 -11 0 13 26 37 47 55 61 61 53 39 23 10 1 -7 -16 -28 -43 -56 -64 -63 -55 -43 -32 -22 -11 2 15 26 37 47 56 63 62 53 38 22 8 -1 -9 -17 -28 -41 -54 -61 -61 -54 -44 -32 -22 -11 1 13 24 36 47 56 62 62 55 42 26 10 -3 -12 -20 -29 -40 -53 -62 -63 -55 -44 -32 -21 -12 -1 11 24 37 49 58 63 62 53 40 25 10 -1 -10 -18 -28 -41 -55 -63 -64 -56 -44 -32 -20 -10 0 11 24 37 49 58 63 61 53 40 25 10 -1 -9 -17 -28 -42 -56 -62 -60 -52 -44 -37 -27 -14 2 17 28 37 46 56 63 63 54 40 24 10 -1 -10 -19 -28 -41 -53 -62 -64 -57 -45 -32 -20 -10 1 12 24 36 47 57 63 63 55 41 24 8 -3 -10 -17 -27 -41 -56 -64 -63 -53 -41 -30 -21 -11 235 11289 305 951
-63 -64 -57 -46 -35 -25 -13 0 13 25 34 44 53 60 61 55 42 27 13 1 -7 -15 -25 -38 -50 -60 -62 -58 -47 -34 -23 -13 -3 8 21 34 46 54 59 60 56 46 30 13 0 -8 -13 -23 -37 -52 -63 -64 -58 -49 -38 -26 -13 -1 9 19 32 48 63 69 65 54 42 29 15 -1 -15 -25 -31 -38 -49 -59 -62 -56 -43 -30 -21 -13 -2 10 22 31 41 51 60 64 58 43 26 11 2 -4 -12 -23 -38 -52 -61 -62 -57 -47 -37 -26 -14 -2 10 22 34 45 55 61 61 55 45 30 15 2 -8 -16 -24 -37 -52 -63 -65 -58 -46 -34 -23 -13 -2 10 22 32 43 54 62 64 57 44 28 13 2 -7 -15 -25 -37 -51 -62 -65 -60 -49 -36 -23 -12 -1 11 23 34 44 54 60 62 56 44 29 14 3 -6 -15 -26 -40 -54 -63 -65 -58 -46 -32 -22 -12 -3 8 21 34 46 55 61 61 55 43 28 13 2 -6 -13 -23 -37 -51 -61 -63 -57 -47 -36 -26 -15 -3 10 22 33 43 54 62 65 58 44 27 13 3 -5 -14 -25 -38 -52 -63 -65 -60 -48 -35 -23 -12 -2 9 22 35 47 56 61 62 56 43 27 12 2 -6 -13 -24 -38 -52 -62 -65 -60 -49 -36 -23 -11 244 11530 305 951
-64 -60 -50 -39 -30 -20 -9 5 18 30 39 49 57 62 60 51 35 19 5 -4 -10 -18 -30 -45 -58 -65 -62 -52 -40 -28 -18 -8 4 17 29 40 50 57 62 60 52 37 20 4 -6 -12 -18 -29 -45 -59 -64 -60 -50 -40 -31 -23 -11 4 18 28 37 47 60 70 70 57 36 15 1 -7 -13 -21 -33 -47 -58 -63 -61 -53 -41 -28 -16 -5 6 17 29 41 52 60 63 59 49 34 19 7 -3 -12 -21 -33 -47 -59 -64 -61 -52 -40 -27 -16 -6 5 18 30 42 51 58 60 57 48 34 19 6 -4 -11 -20 -31 -45 -58 -64 -61 -51 -38 -27 -17 -7 4 15 27 38 49 58 63 61 51 36 20 7 -2 -10 -20 -33 -48 -59 -63 -60 -53 -42 -31 -19 -6 6 18 30 41 51 59 62 58 49 35 20 7 -3 -11 -21 -34 -48 -59 -63 -60 -50 -40 -30 -19 -7 7 19 30 39 48 58 64 61 50 34 19 7 -3 -12 -23 -35 -47 -57 -62 -60 -52 -40 -27 -16 -6 4 16 28 40 51 59 63 59 49 34 19 6 -4 -12 -21 -32 -46 -58 -64 -61 -50 -38 -27 -18 -8 5 18 30 40 49 56 61 59 50 35 20 6 -4 -12 -20 -31 -45 -58 -65 -61 -49 -36 -26 -19 -11 249 16210 305 951
58 62 60 51 38 22 7 -3 -10 -17 -27 -40 -54 -62 -62 -54 -43 -32 -22 -11 2 15 28 38 47 55 61 61 54 40 23 9 -2 -10 -20 -31 -44 -55 -61 -61 -53 -42 -30 -19 -7 4 15 25 34 43 52 59 61 53 38 21 9 4 0 -9 -25 -45 -61 -68 -66 -57 -45 -33 -21 -9 2 14 26 39 50 59 63 60 52 38 23 9 -2 -10 -19 -29 -42 -55 -63 -64 -56 -42 -29 -19 -10 0 13 26 38 48 56 61 62 55 40 23 8 -2 -10 -18 -31 -45 -56 -62 -60 -53 -43 -32 -20 -9 3 15 26 36 46 56 61 61 54 40 23 8 -3 -10 -18 -28 -43 -57 -64 -62 -53 -42 -31 -21 -10 2 15 27 37 47 56 62 61 53 38 21 8 -1 -9 -17 -29 -43 -55 -62 -61 -54 -43 -32 -22 -11 1 14 27 38 48 56 61 61 54 40 24 9 -1 -9 -17 -30 -44 -57 -63 -62 -54 -43 -31 -20 -9 3 14 26 37 47 56 61 61 54 41 24 9 -2 -9 -16 -27 -42 -57 -66 -64 -55 -43 -31 -21 -9 3 15 27 37 47 56 62 62 54 40 23 8 -2 -10 -18 -30 -44 -57 -64 -62 -54 -42 -31 -20 -10 3 16 27 37 46 56 63 63 54 38 21 7 255 11590 305 951
59 63 60 51 35 18 3 -6 -13 -20 -32 -47 -59 -65 -62 -53 -40 -28 -16 -4 8 20 31 42 51 57 60 58 48 33 17 3 -5 -11 -19 -31 -46 -58 -63 -60 -51 -41 -29 -17 -5 7 18 29 41 52 60 62 57 47 34 19 6 -4 -11 -18 -31 -48 -64 -69 -61 -47 -34 -26 -19 -10 4 19 30 39 49 59 65 63 52 34 17 3 -6 -13 -22 -34 -47 -58 -63 -60 -50 -38 -26 -16 -6 5 17 28 39 50 59 65 62 50 33 15 3 -4 -10 -19 -34 -49 -60 -64 -60 -50 -38 -27 -16 -5 6 17 28 40 51 60 64 60 48 33 18 5 -4 -12 -22 -35 -49 -59 -63 -59 -50 -38 -27 -16 -6 6 19 30 41 50 57 61 59 50 35 17 3 -5 -10 -18 -32 -48 -61 -65 -60 -50 -38 -27 -17 -7 5 17 30 42 53 60 62 58 48 34 18 4 -5 -12 -22 -36 -50 -59 -60 -54 -47 -40 -32 -21 -6 8 20 30 40 50 58 61 57 47 33 19 7 -3 -11 -19 -31 -46 -59 -64 -62 -52 -40 -29 -18 -6 6 19 30 41 51 59 62 58 48 34 20 7 -2 -11 -22 -36 -49 -60 -63 -60 -50 -39 -27 -16 -6 5 16 28 41 52 60 64 60 49 33 18 5 259 14903 305 951
61 61 55 42 27 12 1 -8 -16 -27 -40 -53 -61 -62 -57 -46 -35 -24 -14 -2 11 25 37 48 56 61 59 53 41 26 12 2 -6 -13 -24 -39 -54 -63 -63 -56 -46 -35 -25 -12 1 13 24 35 45 55 61 61 54 42 27 12 0 -8 -14 -22 -36 -53 -66 -68 -58 -44 -31 -22 -13 -1 12 23 33 43 54 62 64 56 43 27 12 0 -9 -17 -26 -38 -52 -62 -64 -56 -43 -30 -21 -12 -3 8 20 32 44 55 62 63 56 42 27 13 3 -6 -15 -27 -41 -54 -62 -62 -55 -46 -35 -25 -14 -2 10 22 34 46 56 63 62 55 42 28 14 2 -7 -16 -27 -40 -53 -63 -64 -58 -47 -35 -24 -12 1 13 25 36 45 55 62 62 55 41 25 10 0 -8 -15 -26 -39 -52 -60 -61 -55 -45 -34 -24 -13 -1 11 22 33 43 53 61 63 57 44 28 13 1 -7 -16 -27 -40 -52 -61 -62 -57 -47 -35 -23 -12 -2 10 22 35 47 56 61 61 54 42 28 13 2 -7 -15 -26 -39 -54 -63 -64 -56 -43 -31 -22 -14 -4 9 23 36 47 55 61 62 56 42 26 10 0 -6 -13 -24 -38 -53 -63 -65 -58 -46 -33 -22 -11 -1 10 22 34 45 54 60 62 57 44 27 10 -2 264 9882 305 951
59 62 60 51 37 20 5 -5 -12 -19 -31 -47 -60 -65 -62 -52 -39 -27 -17 -6 4 15 27 39 51 61 64 60 49 35 19 7 -3 -11 -20 -33 -48 -61 -65 -60 -50 -39 -28 -17 -5 7 18 27 37 48 58 63 60 49 35 21 8 -3 -12 -22 -33 -47 -61 -68 -64 -51 -33 -19 -11 -6 1 12 25 38 50 58 62 60 51 35 18 5 -3 -9 -17 -31 -48 -61 -65 -59 -49 -38 -30 -20 -8 6 19 30 40 49 58 62 59 49 34 18 5 -4 -10 -18 -30 -46 -59 -64 -61 -51 -39 -28 -18 -7 5 16 27 38 50 59 64 60 50 35 19 6 -4 -12 -20 -32 -46 -59 -65 -61 -50 -38 -29 -19 -8 6 18 30 40 50 58 63 59 48 33 18 7 -1 -9 -19 -31 -46 -59 -65 -63 -53 -40 -28 -17 -6 5 17 29 40 51 58 62 59 49 36 20 6 -5 -14 -22 -33 -44 -56 -62 -61 -52 -40 -27 -17 -7 4 16 29 40 49 58 63 61 51 34 16 3 -3 -8 -16 -30 -47 -60 -65 -62 -53 -42 -29 -17 -5 6 17 29 42 53 59 61 58 49 37 20 5 -7 -13 -19 -30 -45 -59 -65 -61 -50 -39 -30 -20 -8 6 19 30 39 49 58 63 60 51 36 20 6 269 11635 305 951
-62 -63 -56 -46 -35 -25 -13 0 12 23 33 44 54 62 63 56 43 27 12 0 -8 -15 -25 -38 -53 -62 -63 -56 -45 -34 -23 -12 -1 10 21 32 43 54 62 63 57 44 28 13 1 -8 -16 -26 -38 -51 -60 -62 -58 -48 -36 -25 -13 -3 8 18 31 47 61 70 68 56 40 23 10 1 -7 -16 -27 -41 -54 -63 -63 -55 -43 -32 -23 -14 -2 11 24 35 45 53 59 61 55 42 27 12 2 -5 -13 -24 -38 -52 -62 -65 -59 -48 -34 -22 -11 0 11 23 33 43 52 59 61 56 44 29 14 3 -5 -14 -25 -39 -53 -62 -64 -59 -49 -36 -24 -11 1 12 23 33 44 54 62 64 58 44 27 11 -1 -8 -15 -25 -39 -54 -63 -63 -56 -45 -34 -24 -13 -2 11 23 35 45 54 60 61 56 44 29 13 1 -8 -15 -25 -38 -53 -64 -65 -57 -44 -33 -23 -14 -2 11 24 35 45 54 61 62 56 43 27 12 1 -7 -14 -24 -39 -54 -65 -66 -58 -45 -32 -22 -12 -1 11 23 33 43 53 61 64 59 45 27 11 -1 -8 -16 -26 -39 -52 -60 -62 -57 -47 -35 -23 -12 0 10 21 33 45 56 62 63 56 43 27 11 -1 -9 -15 -25 -38 -52 -62 -63 -55 -44 -34 -24 -15 274 7302 305 951
-65 -62 -52 -40 -29 -19 -7 5 18 29 38 48 56 62 60 51 36 20 7 -3 -10 -19 -30 -44 -57 -63 -62 -53 -40 -28 -17 -8 3 14 26 37 48 56 62 62 53 38 21 7 -3 -10 -19 -30 -45 -57 -62 -61 -53 -43 -32 -21 -10 1 12 26 41 57 67 68 60 47 32 19 7 -3 -12 -22 -32 -45 -57 -64 -61 -51 -39 -27 -18 -8 4 16 27 37 46 56 62 62 52 37 21 8 -1 -9 -20 -33 -48 -59 -64 -61 -52 -41 -30 -18 -6 5 16 28 39 49 56 61 59 52 38 22 7 -4 -11 -18 -28 -44 -59 -66 -63 -51 -38 -28 -20 -10 4 18 29 39 47 56 62 61 52 36 20 7 -3 -11 -20 -31 -44 -56 -62 -61 -52 -40 -29 -19 -10 1 14 28 40 50 57 62 60 52 37 22 8 -1 -10 -20 -33 -47 -59 -63 -61 -53 -42 -29 -18 -7 4 16 29 41 50 56 58 57 51 38 22 6 -4 -10 -16 -28 -44 -60 -66 -62 -51 -39 -29 -19 -8 4 15 25 36 47 57 63 62 54 40 24 8 -4 -13 -21 -31 -45 -58 -65 -62 -52 -39 -28 -19 -9 4 16 28 39 49 57 62 60 52 38 22 7 -4 -13 -22 -32 -44 -55 -61 -60 -51 -41 -30 -20 -10 279 3430 305 951
54 62 64 57 42 24 8 -3 -10 -17 -27 -41 -55 -63 -63 -56 -44 -32 -21 -10 2 13 25 35 47 57 63 63 54 40 23 9 -1 -9 -17 -28 -42 -55 -64 -65 -57 -44 -31 -19 -9 0 12 25 38 49 58 63 64 56 41 23 6 -4 -8 -14 -26 -43 -60 -68 -65 -56 -44 -32 -21 -8 4 15 25 36 47 58 64 63 55 41 25 10 -2 -11 -19 -30 -44 -57 -65 -64 -55 -43 -32 -21 -10 3 15 27 37 48 58 64 64 55 39 22 7 -3 -10 -17 -27 -41 -54 -62 -63 -56 -45 -33 -20 -8 3 14 24 35 46 56 62 62 55 42 26 11 -2 -11 -19 -29 -43 -55 -63 -62 -54 -43 -32 -22 -11 1 14 26 36 45 55 62 64 57 41 22 6 -4 -9 -16 -27 -41 -55 -63 -62 -55 -44 -32 -20 -9 2 12 23 36 49 59 64 60 50 35 21 9 0 -8 -16 -27 -40 -54 -62 -62 -55 -43 -32 -21 -9 3 15 25 35 44 54 61 62 54 40 24 10 -2 -13 -23 -32 -41 -51 -59 -61 -55 -42 -28 -17 -10 -1 11 24 37 47 53 58 59 54 41 25 10 -1 -8 -17 -29 -42 -54 -61 -60 -55 -45 -33 -21 -9 2 13 24 37 48 57 62 60 52 40 25 11 285 2386 305 951
-60 -63 -58 -48 -36 -25 -15 -4 8 19 31 42 52 59 62 57 46 31 16 4 -5 -13 -23 -36 -50 -61 -64 -59 -49 -37 -25 -14 -3 8 19 31 42 52 58 60 56 47 33 17 3 -6 -12 -19 -31 -48 -61 -65 -60 -50 -39 -28 -17 -5 6 15 27 42 59 71 71 60 42 26 14 4 -5 -14 -24 -36 -50 -61 -65 -60 -48 -35 -24 -15 -5 7 19 31 42 53 61 63 58 46 31 16 3 -7 -14 -23 -34 -48 -60 -65 -61 -50 -36 -24 -14 -4 7 19 31 43 53 61 63 58 47 31 15 3 -6 -13 -22 -34 -49 -60 -64 -59 -49 -37 -27 -17 -5 8 21 33 43 52 59 61 58 48 33 16 3 -7 -14 -21 -33 -48 -61 -66 -62 -51 -38 -25 -14 -3 9 20 31 42 52 60 63 58 47 31 16 3 -6 -14 -23 -35 -49 -60 -63 -58 -48 -37 -27 -17 -5 8 20 31 41 52 61 65 60 48 31 15 2 -7 -15 -24 -35 -49 -59 -63 -59 -49 -37 -25 -15 -4 8 19 30 41 51 59 62 58 47 32 18 5 -5 -13 -23 -36 -50 -61 -65 -60 -50 -37 -25 -15 -5 7 20 33 44 53 59 61 57 47 32 17 5 -4 -12 -23 -37 -53 -64 -66 -59 -48 -35 -24 -14 290 5353 305 951
58 60 58 50 36 20 5 -6 -13 -20 -30 -45 -59 -65 -61 -51 -38 -28 -18 -7 5 17 29 40 52 61 64 60 48 33 17 5 -5 -12 -20 -32 -46 -59 -64 -61 -50 -38 -27 -18 -7 5 18 29 40 49 58 63 60 50 35 19 6 -3 -11 -20 -33 -49 -62 -68 -64 -51 -36 -23 -13 -4 6 16 28 40 50 59 63 61 51 36 18 2 -8 -14 -21 -33 -49 -63 -68 -60 -44 -29 -21 -15 -9 2 15 29 40 49 57 60 58 48 34 19 7 -3 -11 -20 -32 -46 -58 -64 -61 -51 -39 -28 -18 -8 5 17 30 41 51 59 63 60 49 34 18 5 -4 -12 -21 -33 -47 -59 -64 -60 -51 -39 -28 -18 -7 5 17 29 41 51 60 64 61 51 35 18 4 -6 -14 -23 -35 -48 -59 -62 -58 -48 -38 -27 -17 -7 5 17 28 40 51 60 64 61 51 35 18 3 -6 -13 -21 -33 -48 -60 -64 -59 -49 -38 -29 -19 -8 6 20 32 42 51 58 62 59 49 33 18 5 -5 -12 -21 -33 -47 -59 -64 -60 -51 -39 -28 -17 -5 6 18 29 40 51 59 63 61 51 35 17 2 -7 -13 -19 -31 -47 -61 -66 -61 -50 -37 -27 -17 -6 7 20 31 41 50 58 61 58 47 32 17 5 34 2124 304 15118
-65 -62 -52 -40 -30 -21 -10 2 16 28 39 49 57 61 60 51 36 21 8 -2 -10 -19 -30 -44 -56 -62 -61 -53 -42 -31 -20 -9 2 14 26 38 49 58 63 61 51 37 21 7 -2 -8 -16 -27 -43 -57 -65 -64 -55 -43 -31 -20 -8 4 14 24 34 47 61 68 65 52 35 20 8 -1 -8 -18 -30 -43 -56 -63 -63 -56 -44 -32 -21 -11 1 15 29 41 50 57 62 62 54 40 22 8 -2 -9 -19 -32 -47 -58 -63 -60 -52 -42 -30 -19 -9 2 14 26 38 49 58 62 61 52 38 21 7 -3 -9 -16 -28 -44 -58 -66 -63 -53 -41 -30 -20 -9 4 16 28 38 47 57 63 62 53 37 20 7 -2 -9 -18 -31 -47 -59 -65 -62 -52 -40 -28 -18 -8 2 13 25 38 49 58 62 60 52 38 22 7 -4 -12 -18 -28 -42 -56 -63 -61 -52 -41 -31 -22 -10 3 15 26 36 46 57 64 63 52 36 19 7 0 -7 -16 -29 -44 -56 -62 -61 -53 -42 -31 -21 -11 1 14 27 39 49 57 61 60 52 39 23 9 -1 -8 -17 -30 -46 -60 -65 -61 -51 -40 -30 -19 -8 4 16 26 36 46 55 61 60 52 39 24 10 -2 -11 -19 -30 -43 -56 -64 -63 -55 -43 -31 -18 -6 39 15065 304 15118
59 64 62 50 33 15 3 -5 -11 -20 -34 -49 -60 -64 -60 -51 -39 -28 -17 -5 6 18 30 42 53 61 64 61 49 33 16 3 -6 -12 -22 -35 -50 -62 -64 -59 -48 -37 -26 -16 -5 7 18 30 42 52 59 62 58 48 34 18 4 -6 -13 -19 -29 -45 -60 -69 -68 -56 -40 -25 -12 -1 9 20 31 41 52 60 63 59 48 32 16 3 -5 -12 -21 -35 -49 -60 -63 -58 -48 -37 -27 -17 -6 7 19 30 41 51 59 63 59 48 33 17 4 -6 -14 -21 -32 -46 -58 -64 -61 -51 -39 -27 -16 -6 6 18 30 42 53 61 63 58 47 31 16 4 -4 -11 -20 -33 -48 -60 -64 -59 -49 -39 -30 -19 -6 8 21 31 40 50 60 64 60 48 32 17 5 -5 -13 -23 -34 -47 -59 -64 -61 -50 -37 -26 -15 -5 6 18 30 41 52 60 63 59 48 33 17 4 -6 -15 -23 -34 -47 -57 -62 -59 -50 -39 -28 -18 -7 6 19 31 43 52 60 63 59 49 34 17 3 -7 -14 -22 -34 -48 -60 -65 -61 -49 -36 -24 -14 -4 7 18 29 39 50 59 64 60 48 31 16 5 -3 -12 -23 -36 -48 -57 -61 -60 -52 -40 -26 -14 -5 5 16 29 43 54 60 63 59 49 34 16 1 44 3882 304 15118
55 61 62 56 44 26 9 -3 -11 -17 -27 -42 -55 -63 -63 -55 -44 -32 -20 -8 3 14 24 35 46 56 61 60 53 41 25 10 -2 -11 -17 -27 -40 -54 -63 -63 -53 -41 -30 -21 -13 -3 10 23 36 48 57 62 61 54 42 27 13 1 -8 -16 -28 -44 -60 -69 -67 -55 -40 -28 -18 -10 1 13 26 37 47 55 60 60 54 41 27 12 -1 -11 -19 -29 -41 -54 -63 -63 -56 -44 -32 -21 -11 1 13 25 37 48 57 62 61 52 39 24 12 1 -8 -18 -29 -43 -56 -64 -64 -55 -42 -29 -20 -11 -1 12 26 38 47 55 61 61 54 40 24 9 -1 -9 -17 -28 -42 -54 -62 -62 -54 -44 -33 -23 -12 -1 13 25 37 47 56 62 63 56 41 24 9 -1 -9 -17 -28 -42 -55 -63 -63 -56 -45 -33 -21 -9 2 13 25 36 48 57 63 61 53 39 24 11 0 -9 -18 -29 -42 -54 -62 -62 -56 -45 -32 -21 -10 2 12 23 34 46 57 65 65 56 40 23 8 -3 -11 -18 -28 -41 -54 -62 -62 -54 -43 -32 -22 -12 0 13 26 38 48 56 61 61 54 40 23 8 -2 -8 -14 -26 -41 -56 -64 -63 -54 -43 -33 -23 -12 1 15 27 36 46 55 62 62 55 41 24 9 49 1434 304 15118
-65 -59 -47 -35 -25 -16 -6 7 20 32 42 50 57 60 59 50 35 19 4 -7 -16 -24 -34 -46 -57 -62 -59 -50 -38 -27 -17 -7 5 18 31 42 51 59 62 59 50 34 17 3 -7 -13 -20 -31 -46 -60 -65 -61 -50 -38 -27 -17 -6 6 17 27 38 50 63 68 64 50 32 16 4 -5 -13 -22 -33 -47 -59 -65 -62 -51 -38 -27 -18 -8 6 21 33 43 51 59 63 60 48 31 14 3 -4 -9 -19 -33 -49 -60 -65 -61 -51 -40 -28 -16 -3 9 19 29 40 51 60 63 58 46 31 17 5 -4 -12 -21 -33 -47 -59 -63 -60 -50 -38 -28 -17 -6 6 19 31 41 50 58 63 61 50 33 16 3 -4 -10 -19 -33 -50 -62 -65 -60 -50 -39 -28 -17 -4 8 20 31 42 52 58 61 57 48 34 18 4 -5 -12 -20 -32 -48 -60 -65 -60 -50 -39 -28 -17 -4 9 20 30 40 51 60 63 58 47 33 19 6 -4 -13 -23 -36 -51 -61 -63 -57 -47 -37 -28 -19 -8 6 20 32 43 51 58 62 59 49 33 17 3 -6 -13 -21 -32 -47 -59 -63 -59 -49 -38 -28 -19 -8 5 19 32 44 53 60 61 58 48 34 19 4 -6 -15 -23 -34 -47 -58 -63 -60 -50 -38 -26 -16 -6 54 951 304 15118
-65 -58 -46 -32 -20 -10 1 12 24 36 46 55 60 61 54 42 26 11 -1 -8 -15 -25 -39 -54 -63 -63 -56 -44 -33 -23 -13 0 13 25 36 46 55 61 61 54 41 26 12 1 -7 -15 -25 -39 -54 -64 -64 -56 -44 -33 -23 -12 1 13 24 32 41 53 64 68 60 43 24 10 0 -7 -15 -27 -41 -54 -63 -65 -59 -47 -33 -20 -10 0 11 24 37 48 56 61 62 55 42 26 10 -1 -9 -16 -27 -41 -55 -63 -62 -55 -45 -34 -23 -10 3 14 24 34 45 55 62 62 55 42 26 11 -1 -8 -15 -26 -40 -55 -64 -65 -56 -44 -33 -23 -12 0 14 27 38 47 55 60 61 55 42 26 10 -2 -11 -18 -28 -40 -52 -60 -62 -56 -46 -34 -22 -11 1 13 25 37 48 56 61 60 54 42 26 11 -1 -10 -17 -26 -40 -54 -63 -63 -56 -44 -33 -23 -12 0 13 25 36 46 55 62 63 56 41 24 9 -1 -8 -15 -26 -41 -55 -63 -63 -56 -45 -34 -23 -11 1 14 26 37 47 56 61 60 53 41 25 11 -1 -9 -16 -26 -40 -55 -63 -63 -55 -44 -32 -22 -12 0 12 24 36 47 57 63 62 55 41 25 10 -3 -13 -22 -30 -39 -49 -56 -58 -54 -45 -34 -24 -13 -1 58 15589 304 15118
58 60 57 48 35 22 8 -5 -17 -28 -38 -48 -57 -60 -58 -49 -38 -26 -16 -5 5 16 27 40 52 61 64 59 47 32 17 4 -5 -13 -21 -31 -45 -57 -64 -62 -52 -39 -26 -16 -7 4 16 29 40 51 59 63 60 50 35 19 6 -3 -10 -18 -30 -45 -60 -68 -67 -57 -44 -30 -16 -4 9 21 31 40 50 60 66 64 52 34 16 3 -5 -12 -23 -36 -51 -60 -63 -59 -50 -39 -28 -16 -5 5 16 30 44 55 62 62 56 47 33 18 3 -7 -12 -18 -30 -46 -60 -66 -61 -49 -37 -26 -16 -6 6 18 29 39 50 58 62 59 50 35 19 5 -5 -13 -22 -34 -48 -60 -64 -60 -49 -37 -26 -16 -7 4 15 27 39 51 61 64 60 48 32 16 4 -3 -9 -18 -32 -48 -60 -65 -61 -52 -40 -28 -17 -6 5 16 28 41 53 62 64 59 48 33 18 5 -5 -12 -20 -30 -43 -56 -64 -63 -54 -41 -28 -16 -6 4 16 30 42 52 58 60 57 48 35 20 7 -1 -8 -18 -33 -50 -62 -65 -60 -50 -40 -29 -18 -6 6 17 27 39 51 61 65 60 49 33 19 7 -3 -11 -20 -33 -48 -61 -66 -61 -51 -39 -28 -17 -6 6 19 32 43 53 60 63 59 48 33 17 4 63 14329 304 15118
-63 -57 -46 -33 -21 -11 -1 11 25 38 49 56 60 60 54 42 25 8 -3 -9 -13 -23 -38 -55 -65 -66 -58 -46 -34 -22 -10 2 13 23 34 46 58 65 65 56 41 25 10 -1 -8 -15 -25 -40 -56 -66 -66 -57 -45 -33 -23 -13 -1 13 24 35 45 56 66 69 61 44 25 9 -1 -9 -18 -30 -45 -58 -65 -64 -56 -44 -32 -21 -11 -1 11 25 39 51 59 62 60 53 40 25 10 -2 -9 -16 -25 -40 -55 -65 -64 -55 -44 -33 -23 -12 1 15 26 37 47 56 62 62 53 40 24 11 0 -9 -18 -28 -41 -54 -62 -62 -54 -42 -31 -22 -11 0 12 23 33 44 56 64 64 54 39 24 11 1 -7 -16 -27 -41 -55 -64 -64 -57 -45 -32 -21 -11 1 13 25 36 47 57 63 63 55 40 23 8 -2 -9 -17 -27 -40 -53 -62 -63 -58 -47 -35 -22 -10 3 15 27 38 49 57 63 62 54 40 23 8 -3 -10 -17 -27 -42 -56 -64 -63 -55 -43 -32 -22 -10 2 15 26 35 45 55 62 64 56 42 25 10 -2 -10 -19 -29 -42 -55 -63 -62 -55 -43 -30 -20 -11 -2 9 23 37 49 57 61 61 55 43 27 11 -2 -10 -17 -27 -41 -56 -64 -64 -55 -43 -31 -21 -11 0 68 13546 304 15118
58 60 57 47 33 18 4 -7 -15 -23 -33 -47 -59 -64 -60 -50 -38 -27 -17 -5 8 20 31 42 52 60 62 56 45 32 19 7 -5 -14 -24 -34 -47 -58 -64 -60 -48 -35 -24 -17 -8 3 16 30 42 53 60 63 59 48 34 19 6 -5 -12 -21 -34 -50 -63 -68 -61 -48 -35 -25 -17 -6 6 20 32 42 51 60 64 60 48 32 15 3 -6 -13 -21 -34 -49 -61 -65 -59 -48 -36 -26 -16 -5 7 18 29 39 51 60 65 60 47 31 15 4 -4 -11 -20 -34 -48 -60 -65 -60 -50 -38 -26 -16 -5 7 20 31 40 50 59 64 61 49 32 15 3 -4 -10 -19 -34 -51 -63 -67 -61 -49 -36 -25 -14 -4 7 18 30 42 53 61 64 59 47 31 16 3 -5 -13 -22 -36 -49 -59 -62 -58 -49 -39 -28 -17 -5 8 20 32 42 51 58 62 59 48 33 17 4 -5 -12 -22 -35 -49 -59 -63 -59 -50 -39 -28 -16 -3 8 20 31 42 52 59 62 58 47 31 15 3 -4 -10 -19 -34 -51 -63 -65 -59 -47 -36 -26 -16 -6 6 18 30 42 53 62 64 59 46 30 15 3 -5 -12 -20 -33 -47 -59 -64 -61 -52 -40 -28 -15 -2 10 20 30 40 51 60 63 59 48 33 18 6 74 302 304 15118
-61 -63 -59 -48 -35 -22 -11 0 11 24 36 49 58 63 61 52 40 26 13 3 -6 -15 -28 -42 -56 -65 -65 -58 -46 -33 -22 -11 0 11 23 35 46 56 63 64 57 44 28 13 0 -9 -18 -29 -42 -55 -62 -62 -56 -48 -36 -23 -9 3 12 20 30 45 61 69 66 53 38 24 12 2 -8 -16 -25 -37 -51 -62 -66 -60 -47 -34 -23 -12 -1 12 24 36 46 57 63 63 55 41 26 12 1 -9 -18 -27 -39 -51 -61 -64 -59 -48 -36 -23 -11 1 13 25 35 45 55 61 62 55 42 26 11 -1 -9 -16 -27 -40 -53 -62 -63 -56 -45 -34 -23 -12 0 12 24 35 45 54 61 63 57 43 26 10 0 -8 -16 -27 -42 -55 -63 -63 -56 -45 -33 -21 -9 2 13 24 35 46 55 61 62 55 41 25 10 -1 -8 -16 -27 -42 -55 -61 -61 -55 -46 -35 -22 -9 3 12 21 33 46 58 63 61 52 40 27 13 1 -9 -17 -26 -39 -53 -63 -65 -57 -45 -32 -22 -12 -1 12 23 34 45 56 64 66 58 42 23 8 -1 -7 -13 -24 -39 -54 -63 -64 -57 -47 -35 -23 -12 0 13 25 36 46 55 61 62 57 44 28 11 -1 -10 -18 -29 -42 -54 -61 -60 -54 -44 -33 -22 -11 78 7127 304 15118
59 66 64 54 40 25 11 -1 -10 -18 -27 -40 -53 -62 -63 -57 -46 -34 -22 -9 4 15 25 35 45 55 63 63 54 40 23 9 0 -7 -16 -27 -41 -54 -62 -62 -56 -46 -34 -22 -10 2 13 25 37 47 55 61 61 54 41 25 11 3 -3 -13 -30 -49 -64 -68 -62 -52 -41 -31 -21 -9 4 15 26 36 47 56 61 60 52 39 23 8 -3 -10 -16 -26 -39 -53 -62 -62 -54 -43 -33 -23 -13 0 13 26 37 48 56 61 61 54 41 25 9 -3 -11 -17 -27 -40 -54 -63 -63 -55 -43 -31 -21 -10 1 12 24 35 46 57 63 62 53 39 24 10 0 -8 -17 -28 -41 -54 -63 -63 -56 -43 -31 -20 -11 0 12 24 36 48 57 63 62 54 39 23 9 -1 -10 -18 -29 -41 -53 -60 -61 -55 -45 -32 -21 -10 1 12 24 36 47 57 62 61 52 39 24 10 1 -7 -15 -27 -41 -55 -62 -62 -55 -45 -33 -22 -10 2 14 25 35 45 55 62 62 55 41 24 9 -1 -8 -16 -27 -41 -55 -63 -62 -55 -43 -32 -21 -10 1 12 23 35 46 57 63 62 54 40 24 9 -1 -8 -15 -24 -38 -54 -64 -66 -58 -46 -33 -22 -10 2 15 27 37 46 54 61 62 55 40 24 9 88 12446 304 15118
61 63 59 49 36 21 6 -7 -18 -27 -37 -48 -58 -63 -59 -49 -37 -25 -15 -5 7 19 31 41 50 57 61 59 48 33 17 4 -4 -11 -20 -33 -49 -61 -64 -60 -50 -38 -27 -16 -5 6 17 29 40 51 58 61 58 50 37 20 2 -9 -14 -18 -27 -44 -62 -70 -64 -49 -35 -26 -19 -9 5 20 33 43 52 59 62 58 47 32 17 5 -5 -13 -22 -33 -46 -57 -63 -60 -51 -40 -29 -18 -7 7 21 33 43 51 57 60 58 50 35 18 3 -7 -14 -21 -32 -47 -60 -65 -61 -49 -36 -26 -17 -6 6 19 30 39 48 57 63 61 51 35 18 4 -5 -12 -21 -33 -48 -60 -65 -61 -50 -37 -25 -16 -6 6 18 30 40 48 56 62 61 51 35 17 3 -5 -10 -18 -32 -48 -61 -66 -62 -51 -38 -27 -17 -6 7 20 32 42 50 58 62 59 49 33 17 4 -5 -12 -21 -33 -47 -59 -64 -60 -51 -39 -27 -16 -5 6 18 30 40 50 58 61 59 49 34 19 6 -4 -12 -22 -34 -47 -58 -63 -61 -53 -41 -27 -15 -5 6 18 30 43 53 59 61 58 49 34 18 4 -6 -12 -20 -32 -47 -60 -64 -60 -50 -39 -28 -17 -6 6 17 28 39 51 61 65 61 48 32 17 5 93 7225 304 15118
-61 -62 -56 -47 -35 -23 -11 1 13 25 36 47 56 62 62 55 41 24 10 0 -7 -15 -27 -42 -56 -64 -63 -55 -45 -33 -22 -10 1 12 23 35 48 58 64 62 54 39 23 8 -2 -8 -14 -25 -40 -54 -62 -61 -54 -44 -36 -26 -13 1 14 23 33 46 59 68 65 53 37 23 11 2 -8 -18 -29 -41 -53 -62 -64 -57 -45 -32 -21 -11 0 12 25 36 47 57 62 62 54 40 24 10 0 -8 -15 -26 -40 -53 -61 -62 -56 -46 -36 -24 -11 2 14 24 34 45 56 63 63 54 39 24 11 1 -7 -15 -26 -40 -55 -64 -64 -55 -42 -30 -21 -13 -2 10 23 35 45 55 63 65 57 42 24 9 -1 -8 -16 -27 -41 -55 -63 -63 -55 -44 -32 -22 -12 0 12 24 35 46 56 63 63 55 40 24 10 -1 -8 -15 -26 -40 -54 -63 -63 -56 -45 -33 -22 -11 1 13 25 35 46 56 62 62 55 41 24 9 -2 -9 -16 -26 -39 -53 -62 -64 -57 -45 -32 -21 -11 0 12 25 37 47 56 61 60 54 41 25 9 -2 -9 -15 -24 -39 -54 -64 -64 -56 -43 -31 -21 -12 0 12 25 36 46 55 61 61 54 40 24 10 0 -7 -15 -26 -41 -54 -62 -62 -56 -46 -34 -23 -12 98 6441 304 15118
61 64 58 46 29 14 2 -6 -13 -23 -35 -49 -59 -63 -59 -50 -38 -26 -15 -4 7 20 33 45 54 59 60 56 47 33 16 3 -6 -13 -22 -36 -52 -63 -65 -58 -47 -36 -25 -15 -3 9 20 31 42 53 60 62 58 47 32 16 3 -6 -13 -22 -35 -52 -65 -68 -60 -46 -33 -23 -15 -5 8 22 33 43 52 60 63 58 45 29 14 3 -5 -12 -22 -36 -50 -60 -63 -58 -49 -37 -26 -15 -4 9 21 32 43 53 61 63 58 45 29 14 3 -5 -13 -23 -36 -49 -59 -62 -59 -50 -39 -27 -16 -4 9 22 35 45 53 59 61 57 46 31 15 2 -6 -13 -22 -35 -49 -60 -64 -59 -49 -37 -26 -16 -5 8 21 34 44 53 59 61 58 49 33 15 1 -8 -14 -23 -36 -51 -62 -65 -59 -48 -35 -23 -13 -3 8 18 30 42 54 62 64 58 46 31 15 3 -7 -15 -24 -37 -50 -61 -65 -61 -49 -35 -21 -10 0 9 18 29 41 53 60 62 57 45 31 16 3 -7 -15 -24 -35 -48 -59 -63 -59 -48 -36 -25 -15 -5 7 19 32 44 54 60 62 57 45 29 14 3 -5 -12 -22 -35 -49 -60 -63 -59 -50 -38 -27 -16 -5 8 22 34 44 52 58 61 59 48 32 15 2 103 15907 304 15118
55 62 63 56 43 27 11 -1 -9 -14 -23 -36 -52 -63 -66 -58 -46 -34 -23 -12 -1 11 23 35 46 55 62 62 55 41 26 12 1 -7 -16 -26 -39 -52 -61 -63 -59 -48 -34 -21 -10 -1 9 21 35 47 56 60 60 55 45 29 11 -2 -8 -12 -21 -39 -58 -69 -67 -55 -41 -31 -23 -12 0 13 23 33 43 55 63 64 56 42 25 11 0 -8 -15 -26 -40 -54 -62 -62 -55 -45 -34 -24 -13 -1 11 23 34 45 56 63 64 57 43 26 10 -2 -8 -14 -24 -39 -55 -64 -64 -56 -45 -34 -24 -13 0 13 25 35 45 54 60 61 55 43 27 12 0 -8 -15 -25 -39 -53 -62 -63 -57 -46 -34 -23 -11 0 11 22 34 46 56 62 61 54 42 27 13 2 -7 -15 -26 -40 -55 -63 -63 -56 -46 -35 -24 -12 1 14 24 34 45 54 61 61 55 42 27 12 -1 -9 -15 -24 -37 -52 -63 -64 -57 -45 -33 -23 -13 -2 11 23 35 45 55 61 62 56 44 28 12 0 -9 -16 -26 -40 -54 -64 -65 -58 -45 -33 -21 -10 1 13 24 34 44 53 60 62 57 44 26 10 -2 -8 -14 -24 -38 -53 -63 -64 -56 -45 -34 -23 -12 -1 10 22 33 46 57 63 63 54 41 26 11 108 2460 304 15118
59 61 56 46 33 19 6 -3 -10 -20 -34 -49 -61 -65 -61 -51 -40 -28 -16 -5 7 19 31 43 53 60 62 58 47 33 18 5 -5 -13 -23 -36 -50 -60 -63 -58 -49 -39 -29 -17 -4 8 20 31 42 53 60 62 58 48 33 16 1 -8 -12 -18 -30 -48 -63 -69 -62 -48 -35 -25 -16 -6 7 19 31 41 52 60 64 60 48 31 15 2 -7 -13 -22 -34 -48 -60 -63 -58 -48 -37 -26 -15 -4 8 19 29 40 50 58 61 58 47 32 17 5 -4 -11 -20 -33 -48 -60 -64 -59 -49 -37 -27 -17 -7 5 18 30 42 54 62 64 59 47 31 16 4 -5 -13 -22 -34 -49 -60 -65 -60 -50 -37 -26 -16 -6 6 19 32 44 53 59 61 58 49 34 18 3 -7 -14 -21 -33 -48 -61 -66 -62 -51 -38 -26 -15 -3 9 21 32 41 51 60 63 59 47 32 16 3 -6 -14 -23 -35 -49 -60 -64 -59 -48 -36 -25 -15 -5 6 18 30 42 52 60 63 57 45 29 15 4 -2 -9 -19 -34 -50 -61 -64 -59 -48 -37 -27 -17 -6 7 19 31 42 53 61 63 58 46 31 16 4 -4 -12 -21 -34 -50 -62 -65 -59 -48 -36 -25 -16 -5 8 20 30 40 51 59 62 58 46 31 16 5 113 6539 304 15118
57 63 63 55 41 24 9 -2 -9 -16 -26 -40 -54 -63 -63 -56 -44 -32 -22 -11 0 12 24 35 46 55 62 62 56 43 26 10 -2 -10 -17 -28 -41 -55 -63 -63 -56 -44 -31 -19 -9 0 10 23 36 48 56 60 59 53 42 27 11 0 -7 -13 -23 -39 -57 -68 -68 -58 -45 -32 -20 -9 2 13 25 36 47 56 61 60 53 41 26 10 -2 -10 -16 -25 -39 -54 -63 -63 -55 -44 -33 -23 -12 0 12 23 35 47 57 63 62 54 42 27 13 0 -9 -18 -29 -42 -55 -62 -62 -54 -43 -33 -23 -12 0 11 22 33 45 57 64 64 55 41 26 11 0 -8 -16 -27 -41 -55 -64 -64 -56 -44 -33 -23 -12 0 13 25 36 46 55 61 62 55 42 26 11 0 -7 -15 -26 -41 -56 -66 -65 -56 -44 -32 -22 -12 1 14 26 36 45 55 63 64 56 41 23 9 -1 -7 -15 -27 -41 -55 -62 -62 -55 -44 -33 -23 -13 -1 12 25 37 47 55 60 61 55 43 27 11 0 -8 -16 -26 -41 -56 -65 -65 -56 -44 -32 -22 -13 -1 12 26 38 49 57 62 61 54 41 25 10 0 -8 -16 -26 -40 -55 -65 -65 -57 -45 -32 -21 -11 1 14 26 37 47 56 61 61 54 40 25 11 118 3818 304 15118
-61 -52 -41 -29 -18 -6 7 19 29 39 48 57 62 61 51 36 19 5 -3 -10 -19 -32 -47 -59 -64 -61 -51 -39 -28 -17 -7 4 16 27 39 50 59 62 59 49 36 22 9 -2 -12 -22 -34 -46 -57 -63 -61 -52 -39 -27 -17 -8 2 14 26 35 44 54 64 68 62 45 22 3 -9 -16 -23 -34 -48 -60 -65 -60 -49 -37 -26 -18 -9 3 16 29 40 50 58 63 61 50 33 17 6 -1 -8 -18 -33 -49 -59 -63 -60 -52 -41 -29 -18 -7 5 17 29 41 51 58 62 59 50 35 19 6 -3 -10 -19 -31 -46 -59 -65 -63 -53 -40 -27 -16 -5 5 16 29 40 51 59 62 58 48 34 19 7 -2 -10 -20 -33 -47 -59 -63 -60 -51 -40 -28 -18 -7 4 17 30 41 50 57 61 60 51 35 18 4 -4 -10 -18 -31 -46 -59 -64 -61 -52 -41 -29 -18 -6 6 18 28 39 49 57 62 60 51 35 19 5 -4 -10 -18 -31 -46 -59 -65 -62 -53 -41 -29 -18 -6 6 17 29 41 51 58 61 59 49 35 19 5 -5 -10 -17 -29 -45 -59 -66 -62 -52 -40 -29 -19 -9 3 16 30 42 52 60 62 59 50 36 20 5 -5 -11 -19 -31 -47 -60 -66 -61 -51 -39 -28 -18 -8 4 122 12244 304 15118
61 63 57 44 27 11 -1 -8 -14 -24 -38 -53 -62 -63 -56 -45 -35 -25 -14 -2 11 23 34 44 55 63 64 56 43 27 12 0 -8 -15 -24 -37 -52 -63 -65 -57 -45 -33 -23 -14 -4 9 22 34 44 54 61 63 57 44 28 14 2 -6 -14 -24 -36 -50 -62 -68 -65 -53 -37 -22 -10 1 13 25 36 46 55 61 62 57 44 27 11 -1 -8 -15 -25 -37 -51 -61 -65 -60 -48 -35 -22 -11 -1 10 23 35 46 56 61 61 55 42 26 12 1 -7 -14 -24 -37 -51 -61 -64 -59 -48 -34 -22 -12 -2 9 21 33 45 55 61 62 57 45 29 13 1 -9 -17 -26 -38 -50 -60 -62 -58 -48 -36 -25 -13 -1 12 23 34 44 54 61 64 58 44 26 11 0 -7 -14 -24 -37 -52 -62 -64 -59 -48 -35 -22 -10 1 10 20 31 44 55 62 61 54 42 29 16 4 -6 -16 -26 -39 -52 -61 -63 -57 -47 -36 -25 -14 -1 12 24 34 43 52 60 63 58 45 27 12 1 -7 -14 -25 -39 -53 -62 -63 -56 -47 -36 -24 -12 0 12 22 33 44 55 62 63 56 43 27 12 0 -8 -15 -23 -37 -52 -63 -64 -57 -46 -34 -24 -13 -2 11 22 33 44 55 62 64 57 43 27 13 1 127 10259 304 15118
57 61 60 51 36 20 5 -5 -12 -19 -31 -45 -58 -63 -60 -51 -39 -28 -18 -7 4 16 27 38 48 57 62 60 51 37 21 7 -3 -10 -18 -29 -44 -57 -65 -63 -54 -42 -29 -18 -7 5 16 28 40 50 59 63 60 50 35 18 5 -2 -7 -16 -31 -49 -63 -68 -63 -51 -38 -26 -16 -6 5 15 26 38 49 58 62 59 50 36 20 7 -3 -11 -18 -30 -45 -59 -65 -62 -52 -40 -30 -19 -7 6 19 29 38 48 57 63 63 53 36 18 4 -5 -12 -19 -31 -45 -58 -64 -61 -52 -40 -28 -18 -7 5 17 29 40 50 58 61 59 49 35 20 7 -3 -10 -18 -31 -45 -58 -64 -61 -52 -41 -30 -19 -7 5 17 28 39 50 59 63 59 49 35 21 8 -2 -12 -21 -32 -44 -56 -63 -62 -54 -42 -29 -17 -6 5 15 27 39 51 60 63 59 48 35 22 11 0 -12 -23 -35 -47 -57 -63 -61 -52 -40 -28 -18 -8 3 16 28 39 49 57 63 62 53 37 20 5 -4 -11 -19 -31 -46 -60 -66 -63 -52 -39 -28 -18 -8 5 18 30 40 49 57 63 61 51 35 17 4 -5 -11 -18 -29 -44 -57 -63 -61 -51 -40 -30 -20 -9 4 17 29 39 48 57 62 62 52 37 19 5 132 9112 304 15118
61 61 54 41 26 11 -2 -11 -18 -28 -41 -54 -63 -63 -54 -42 -31 -22 -12 0 13 25 35 44 54 62 64 57 42 24 9 -1 -7 -15 -27 -42 -57 -65 -64 -56 -45 -33 -22 -11 2 15 27 37 46 56 62 61 53 39 24 11 0 -8 -16 -27 -40 -54 -65 -68 -60 -45 -30 -18 -10 1 13 27 39 48 54 60 61 56 42 24 8 -3 -9 -17 -28 -42 -55 -63 -63 -55 -44 -33 -21 -10 2 14 26 36 46 54 61 63 57 43 25 8 -3 -9 -17 -29 -44 -57 -64 -62 -54 -43 -32 -20 -8 3 14 25 35 46 56 61 61 53 40 24 10 -1 -9 -17 -28 -42 -55 -63 -62 -53 -42 -31 -22 -12 0 14 27 37 46 54 59 60 54 41 25 12 1 -8 -17 -29 -42 -54 -62 -62 -56 -45 -32 -20 -9 0 11 24 37 48 56 60 59 53 41 26 11 -1 -9 -16 -27 -41 -54 -62 -62 -54 -44 -33 -23 -12 -1 11 24 37 48 57 62 62 55 42 24 7 -4 -9 -14 -23 -38 -55 -65 -64 -55 -44 -33 -22 -11 1 13 24 35 46 56 62 62 54 41 26 11 0 -10 -18 -28 -41 -55 -63 -63 -55 -43 -31 -21 -10 2 14 25 35 45 55 62 63 55 40 22 8 -2 180 13291 304 15118
61 64 60 49 33 16 1 -8 -14 -21 -33 -49 -62 -67 -62 -49 -36 -24 -14 -4 7 18 29 41 52 60 63 59 48 32 17 5 -4 -12 -23 -36 -50 -60 -64 -60 -50 -38 -26 -15 -5 6 19 32 44 53 58 60 58 50 35 16 0 -9 -12 -17 -30 -49 -65 -69 -61 -47 -35 -26 -16 -4 9 21 31 41 51 60 62 57 45 31 16 4 -6 -13 -21 -32 -46 -59 -65 -60 -49 -36 -26 -17 -7 5 18 30 41 52 61 65 61 49 34 18 4 -7 -15 -24 -35 -48 -60 -65 -61 -50 -37 -25 -14 -4 8 19 30 40 50 59 64 61 49 32 15 2 -6 -13 -22 -35 -49 -60 -63 -58 -48 -37 -27 -17 -5 8 20 31 40 49 59 64 61 49 31 13 2 -4 -9 -20 -35 -50 -60 -63 -58 -50 -40 -29 -18 -5 8 20 31 42 52 59 62 59 49 34 18 4 -5 -12 -20 -34 -51 -64 -67 -60 -48 -36 -26 -16 -5 7 20 32 43 54 61 63 58 46 30 15 3 -5 -13 -22 -35 -49 -59 -62 -57 -47 -37 -27 -17 -7 5 17 29 42 53 61 64 60 49 33 16 3 -7 -14 -21 -34 -48 -61 -65 -60 -51 -39 -28 -16 -3 11 22 32 42 51 59 62 57 45 29 14 3 185 15319 304 15118
57 62 62 53 39 21 6 -4 -10 -16 -27 -43 -57 -65 -63 -54 -42 -32 -22 -11 2 16 28 41 52 60 64 61 51 37 21 8 -2 -9 -18 -31 -46 -60 -65 -63 -54 -42 -31 -19 -7 4 15 27 39 50 57 61 61 55 43 25 6 -7 -12 -16 -26 -44 -62 -70 -65 -52 -39 -30 -21 -10 3 16 28 39 51 61 66 62 51 35 18 5 -5 -11 -17 -27 -41 -55 -63 -61 -52 -41 -31 -21 -11 1 14 26 38 49 58 62 60 52 39 23 9 -2 -10 -18 -30 -45 -59 -65 -61 -51 -39 -31 -23 -13 0 14 27 39 49 58 64 62 54 39 22 7 -3 -11 -18 -29 -42 -56 -64 -63 -55 -44 -32 -22 -11 1 15 28 40 51 60 64 61 52 38 23 10 -1 -9 -19 -30 -44 -57 -65 -64 -55 -43 -30 -20 -10 0 12 26 39 50 58 63 62 55 42 26 10 -2 -11 -20 -32 -46 -59 -65 -62 -53 -42 -31 -20 -9 3 15 27 38 49 58 62 61 52 38 23 9 -2 -10 -18 -29 -43 -55 -62 -61 -54 -43 -32 -21 -10 2 14 26 38 49 57 61 60 53 41 25 9 -4 -13 -20 -29 -43 -57 -66 -64 -53 -40 -28 -19 -10 1 13 26 38 49 58 62 59 50 36 22 9 191 3013 304 15118
60 64 60 50 34 17 4 -4 -12 -22 -36 -50 -60 -63 -59 -50 -40 -28 -15 -3 8 19 29 41 51 58 61 57 48 34 18 5 -4 -10 -18 -32 -49 -63 -66 -60 -49 -38 -28 -18 -5 8 20 31 41 51 58 60 55 47 35 22 8 -3 -12 -20 -30 -44 -59 -68 -66 -55 -40 -28 -19 -8 6 21 34 44 53 60 64 61 50 33 17 4 -5 -12 -23 -37 -51 -62 -64 -58 -48 -38 -28 -18 -6 6 19 32 43 54 61 63 58 47 31 16 4 -6 -13 -21 -33 -47 -60 -66 -62 -50 -36 -24 -15 -6 4 17 31 43 52 59 61 59 50 34 17 2 -7 -13 -20 -32 -47 -59 -64 -60 -50 -38 -27 -16 -5 7 18 28 39 51 60 64 60 49 33 18 5 -5 -13 -23 -34 -48 -59 -63 -60 -50 -38 -27 -17 -7 4 18 30 42 52 60 64 62 51 34 16 2 -6 -12 -20 -34 -50 -62 -66 -61 -50 -38 -27 -15 -4 7 19 30 42 53 61 63 58 47 32 18 5 -5 -14 -24 -36 -49 -59 -63 -60 -50 -38 -26 -14 -4 7 18 30 41 51 58 61 58 48 33 18 5 -4 -11 -19 -33 -50 -63 -66 -60 -49 -38 -28 -18 -6 8 21 31 41 50 59 64 61 49 32 15 3 195 10851 304 15118
57 63 63 53 38 21 9 1 -5 -14 -27 -42 -56 -64 -63 -55 -43 -31 -21 -11 0 13 24 34 44 55 63 64 56 40 23 9 0 -6 -14 -26 -41 -55 -63 -64 -57 -46 -33 -21 -11 0 13 26 39 48 55 58 59 54 43 26 9 -2 -8 -13 -24 -42 -59 -68 -64 -52 -40 -31 -23 -13 1 15 26 36 45 54 62 63 56 40 22 7 -2 -8 -15 -26 -40 -53 -61 -61 -55 -44 -34 -24 -12 0 13 25 36 45 53 60 62 56 43 27 11 -1 -9 -16 -27 -41 -54 -63 -64 -56 -45 -33 -22 -12 0 12 24 35 46 55 62 64 57 43 25 9 -1 -7 -15 -27 -43 -56 -63 -61 -55 -46 -36 -24 -11 2 13 24 36 48 58 63 61 53 41 26 11 -1 -9 -16 -26 -41 -55 -64 -63 -55 -44 -35 -24 -12 1 14 25 36 47 58 64 63 54 40 25 10 -1 -10 -18 -27 -39 -52 -62 -63 -57 -46 -34 -23 -11 3 15 25 34 45 55 63 64 55 40 24 10 0 -8 -17 -28 -42 -55 -63 -63 -56 -44 -32 -21 -10 0 11 23 35 47 57 63 61 53 40 25 10 0 -8 -16 -26 -40 -55 -63 -63 -54 -43 -33 -24 -14 -1 13 27 37 46 54 60 61 55 42 26 11 200 7154 304 15118
61 62 59 50 35 18 3 -7 -13 -19 -30 -45 -58 -64 -60 -52 -41 -31 -19 -6 7 20 31 42 52 59 62 58 47 32 16 4 -3 -9 -17 -31 -48 -60 -63 -57 -48 -41 -34 -25 -11 5 21 33 44 53 61 64 60 49 35 19 5 -6 -14 -21 -32 -47 -62 -68 -64 -51 -36 -24 -15 -5 7 19 29 39 49 58 63 60 49 33 17 5 -4 -12 -21 -32 -46 -57 -64 -62 -53 -40 -27 -15 -5 6 17 30 42 51 58 60 57 49 36 20 6 -5 -13 -22 -33 -46 -56 -62 -60 -53 -41 -29 -16 -5 6 16 27 39 51 60 64 61 50 35 18 4 -5 -12 -20 -32 -47 -58 -63 -60 -51 -41 -30 -18 -6 6 18 30 41 52 60 62 58 48 34 19 6 -5 -13 -21 -32 -46 -58 -64 -61 -51 -40 -28 -17 -5 7 19 30 40 50 58 63 59 48 32 17 4 -4 -10 -18 -29 -44 -57 -64 -63 -54 -42 -29 -17 -5 5 16 28 40 52 61 64 60 49 34 19 6 -4 -11 -20 -32 -47 -60 -65 -62 -52 -39 -27 -16 -5 7 19 30 39 49 57 62 60 50 35 19 6 -4 -11 -21 -33 -47 -58 -63 -60 -53 -42 -30 -18 -5 7 18 30 41 51 59 62 59 50 36 20 5 205 4583 304 15118
63 64 56 41 23 8 -2 -8 -14 -24 -38 -52 -61 -63 -57 -48 -37 -25 -12 1 13 24 33 44 56 64 65 56 41 24 11 1 -7 -15 -26 -38 -50 -60 -63 -58 -48 -35 -23 -12 -1 10 22 34 46 55 61 60 54 43 29 16 5 -5 -14 -25 -39 -55 -67 -70 -63 -49 -33 -19 -8 2 13 25 37 48 56 60 60 55 43 28 11 -2 -10 -16 -24 -38 -54 -65 -66 -57 -44 -33 -23 -13 0 14 27 38 47 57 63 64 55 39 22 8 -1 -7 -15 -27 -42 -56 -63 -62 -54 -44 -34 -24 -12 1 13 25 36 47 57 64 63 54 40 24 10 -1 -9 -18 -28 -42 -55 -63 -63 -55 -44 -32 -21 -11 0 11 23 35 47 56 62 62 55 42 26 11 -1 -9 -17 -28 -42 -55 -63 -61 -54 -44 -34 -24 -13 0 12 24 35 45 56 63 64 56 40 22 7 -2 -7 -13 -24 -39 -54 -62 -61 -55 -45 -36 -25 -14 0 13 24 34 44 54 62 64 57 43 26 12 2 -5 -15 -29 -44 -57 -63 -62 -55 -46 -34 -21 -9 2 12 22 34 46 57 63 63 55 42 25 10 -2 -10 -17 -27 -41 -54 -62 -61 -54 -43 -32 -22 -12 0 13 25 35 45 54 60 61 55 42 26 12 1 210 8287 304 15118
-64 -61 -52 -41 -29 -18 -5 7 19 29 38 48 57 63 62 52 35 17 3 -6 -12 -19 -31 -46 -57 -62 -59 -52 -42 -31 -19 -6 7 18 28 39 50 59 63 59 49 35 19 5 -5 -12 -19 -30 -45 -58 -64 -60 -50 -39 -29 -19 -8 4 15 25 37 50 63 70 65 51 33 17 5 -4 -12 -22 -35 -49 -60 -64 -59 -49 -38 -28 -19 -8 4 18 30 41 51 59 63 61 50 34 18 4 -5 -12 -20 -32 -47 -60 -66 -61 -50 -37 -25 -17 -8 3 15 28 41 52 60 63 59 49 34 19 6 -4 -12 -22 -34 -47 -58 -63 -60 -51 -39 -28 -17 -6 5 17 30 41 51 58 61 58 48 33 18 6 -3 -9 -18 -32 -47 -60 -64 -59 -50 -39 -29 -19 -8 4 16 28 39 51 61 66 61 49 32 17 5 -4 -11 -20 -32 -45 -57 -62 -60 -52 -41 -29 -18 -7 4 16 28 40 51 60 63 59 50 37 21 6 -5 -14 -21 -32 -45 -58 -65 -62 -52 -40 -28 -18 -7 5 18 29 40 49 58 63 62 52 36 17 2 -7 -12 -19 -30 -46 -59 -64 -59 -49 -38 -29 -20 -9 5 18 30 41 50 59 62 59 49 34 19 6 -3 -11 -20 -33 -47 -59 -64 -60 -50 -38 -28 -18 -7 214 16087 304 15118
54 60 61 55 43 28 13 1 -8 -16 -27 -40 -53 -62 -62 -55 -45 -34 -24 -14 -3 10 24 36 46 55 61 62 57 44 28 11 -1 -9 -16 -26 -39 -53 -62 -63 -57 -47 -35 -23 -11 1 12 23 33 44 54 60 62 56 44 27 11 0 -6 -11 -22 -40 -58 -68 -66 -56 -43 -32 -23 -13 0 12 24 35 45 55 61 61 55 42 27 12 0 -7 -14 -24 -39 -54 -65 -65 -57 -45 -33 -23 -13 0 12 24 34 44 54 62 64 58 44 26 10 -1 -8 -16 -26 -41 -54 -62 -61 -54 -45 -34 -23 -11 1 11 21 32 43 54 61 63 57 45 28 11 -2 -9 -14 -22 -36 -53 -64 -66 -59 -46 -34 -23 -12 0 12 23 34 45 55 62 62 56 43 27 12 1 -8 -16 -27 -40 -53 -61 -61 -55 -45 -34 -24 -14 -2 10 22 34 45 55 62 63 57 44 28 12 0 -9 -18 -27 -40 -52 -61 -63 -57 -46 -34 -22 -12 -1 11 23 34 44 54 61 63 58 44 26 9 -2 -8 -14 -25 -40 -53 -61 -60 -53 -44 -35 -25 -14 -1 12 23 34 44 53 61 62 56 42 26 11 1 -5 -12 -23 -38 -52 -62 -63 -58 -49 -37 -25 -12 0 12 23 34 46 57 63 63 55 42 26 11 219 13602 304 15118
59 64 60 49 34 20 7 -3 -12 -23 -35 -49 -60 -64 -59 -49 -37 -25 -15 -5 6 17 29 41 52 59 61 57 48 34 19 5 -5 -12 -20 -32 -47 -60 -64 -60 -50 -38 -27 -17 -6 6 18 30 42 52 60 62 58 48 34 17 2 -8 -13 -19 -29 -46 -61 -68 -62 -49 -36 -26 -17 -7 6 19 30 39 49 59 65 62 50 32 15 3 -5 -12 -21 -34 -48 -59 -62 -58 -49 -39 -29 -17 -5 7 19 29 40 50 58 62 59 48 32 14 -1 -7 -8 -10 -21 -40 -59 -68 -65 -54 -41 -30 -21 -10 4 19 31 42 51 59 63 61 51 35 19 5 -4 -11 -20 -33 -49 -60 -65 -61 -52 -40 -27 -16 -5 5 17 30 42 53 60 62 59 50 36 18 3 -7 -13 -20 -31 -47 -61 -66 -61 -50 -38 -27 -16 -4 7 19 30 41 52 59 62 57 47 33 18 5 -5 -12 -20 -32 -47 -61 -66 -61 -50 -38 -27 -17 -6 7 19 30 41 51 60 63 59 49 33 18 4 -5 -13 -22 -34 -48 -60 -65 -61 -50 -38 -27 -17 -6 6 19 32 43 53 60 62 58 47 32 16 3 -7 -13 -20 -31 -45 -59 -65 -61 -50 -37 -26 -16 -5 6 17 28 39 50 60 64 61 48 31 15 4 225 4697 304 15118
60 64 60 49 33 17 5 -5 -12 -21 -33 -47 -59 -64 -60 -51 -39 -28 -18 -7 5 17 30 42 52 60 63 61 50 34 17 3 -6 -13 -20 -32 -47 -60 -65 -61 -51 -39 -26 -15 -5 6 17 30 42 53 59 59 56 48 36 21 6 -5 -13 -20 -31 -47 -62 -68 -62 -49 -36 -26 -18 -7 6 19 30 41 51 61 65 61 49 33 16 3 -5 -12 -20 -33 -49 -63 -67 -62 -50 -37 -26 -16 -4 8 21 33 44 55 62 62 54 41 26 13 4 -4 -10 -19 -32 -46 -57 -61 -57 -49 -39 -30 -20 -8 6 20 31 42 51 59 63 60 49 34 18 4 -5 -13 -22 -35 -49 -60 -64 -59 -49 -37 -27 -17 -7 5 18 31 43 52 60 63 60 50 34 16 2 -8 -14 -21 -33 -47 -59 -63 -59 -49 -37 -27 -17 -7 4 17 31 44 55 61 62 57 47 33 18 5 -6 -14 -22 -33 -47 -59 -64 -60 -50 -38 -27 -17 -7 5 19 32 42 51 58 61 60 51 36 19 5 -6 -14 -23 -35 -49 -60 -64 -60 -51 -38 -26 -16 -5 7 20 32 43 52 58 61 58 47 31 15 3 -4 -10 -19 -33 -49 -61 -63 -58 -49 -39 -27 -15 -3 8 18 27 38 50 59 63 59 48 33 18 5 235 2654 304 15118
57 63 62 52 37 21 8 -1 -10 -20 -33 -46 -56 -61 -59 -52 -42 -31 -20 -9 2 14 25 37 48 58 63 62 53 38 22 8 -2 -10 -19 -31 -44 -56 -62 -60 -53 -42 -31 -20 -9 1 12 24 38 50 58 62 59 51 40 25 11 0 -8 -15 -27 -45 -63 -73 -69 -56 -39 -26 -17 -8 3 16 28 39 49 58 62 61 52 37 21 8 -2 -9 -18 -30 -45 -59 -65 -62 -52 -41 -30 -20 -9 4 16 27 38 48 58 63 61 52 37 21 8 -2 -10 -19 -31 -44 -56 -62 -61 -54 -43 -32 -20 -8 4 16 27 38 48 57 62 60 52 38 22 7 -3 -10 -17 -28 -43 -57 -64 -62 -52 -41 -30 -21 -11 1 14 27 38 48 57 63 62 53 38 21 7 -2 -8 -16 -29 -45 -59 -65 -62 -53 -42 -31 -21 -9 3 15 26 38 50 59 63 61 52 38 22 8 -2 -10 -17 -28 -44 -58 -66 -63 -53 -41 -31 -21 -9 4 17 28 37 48 57 63 61 52 37 22 8 -3 -12 -20 -30 -42 -54 -62 -62 -54 -42 -30 -19 -9 2 14 26 37 48 57 63 61 52 37 21 8 -1 -8 -17 -29 -43 -57 -64 -63 -55 -43 -31 -20 -10 2 15 27 39 50 59 64 62 52 36 19 5 240 10658 304 15118
59 62 58 47 31 15 2 -6 -12 -21 -33 -48 -60 -63 -59 -48 -37 -27 -18 -7 5 19 32 43 52 60 63 61 50 33 15 0 -8 -13 -21 -34 -49 -61 -65 -61 -51 -37 -24 -12 -3 6 17 30 44 54 60 61 57 46 32 16 2 -6 -12 -19 -31 -47 -61 -68 -65 -54 -40 -26 -13 -1 11 22 32 42 52 59 62 58 47 32 17 3 -8 -16 -24 -35 -48 -59 -63 -60 -49 -37 -24 -14 -4 7 19 31 43 53 60 62 58 47 31 15 2 -5 -12 -22 -35 -50 -60 -62 -58 -49 -38 -27 -16 -4 8 19 31 42 53 61 63 58 47 31 15 1 -7 -14 -22 -34 -48 -60 -63 -58 -48 -36 -27 -17 -6 8 22 34 42 49 56 61 61 51 33 14 -1 -8 -12 -20 -34 -50 -61 -63 -57 -48 -39 -29 -17 -4 10 21 32 42 53 61 63 57 46 30 15 3 -6 -13 -22 -35 -48 -59 -63 -59 -50 -39 -27 -15 -3 8 20 31 42 53 61 63 58 46 30 15 2 -6 -13 -22 -35 -50 -60 -63 -58 -49 -38 -26 -15 -3 8 18 29 42 54 63 65 59 46 30 14 1 -7 -13 -21 -34 -49 -61 -64 -58 -46 -35 -26 -17 -7 6 19 32 43 53 61 64 59 47 30 14 2 245 6336 304 15118
64 62 53 38 22 7 -3 -10 -17 -28 -42 -55 -62 -61 -54 -44 -33 -22 -11 2 15 27 38 49 57 62 61 53 39 22 6 -4 -10 -15 -25 -40 -56 -64 -62 -53 -41 -31 -22 -11 1 13 25 36 47 57 63 61 53 40 24 8 -5 -13 -17 -23 -36 -53 -66 -68 -57 -42 -29 -20 -12 0 14 27 38 47 56 63 63 54 38 20 7 -1 -7 -16 -28 -43 -56 -63 -63 -56 -44 -30 -18 -8 1 11 23 36 48 57 62 61 54 41 24 8 -3 -10 -16 -28 -43 -58 -65 -62 -53 -41 -30 -21 -11 1 13 25 37 47 56 62 62 54 40 23 9 -1 -8 -16 -27 -42 -58 -66 -65 -55 -41 -29 -19 -10 0 13 25 37 47 56 62 63 55 40 24 10 0 -7 -16 -30 -46 -60 -67 -64 -55 -42 -30 -19 -9 1 13 26 39 51 59 62 60 51 38 23 9 -2 -11 -19 -29 -42 -55 -63 -62 -53 -41 -30 -20 -11 0 13 26 38 48 57 62 62 55 40 23 7 -3 -11 -18 -29 -43 -55 -63 -62 -54 -43 -31 -20 -8 3 15 25 35 46 55 61 61 54 41 25 10 -1 -10 -19 -31 -44 -55 -62 -61 -53 -43 -31 -20 -9 1 12 24 36 48 58 63 62 53 39 23 10 -1 250 7590 304 15118
-61 -65 -60 -49 -38 -27 -16 -4 8 19 30 40 50 59 63 60 49 33 17 4 -5 -13 -22 -34 -48 -58 -63 -60 -51 -39 -26 -15 -5 5 16 28 41 53 61 64 61 49 33 15 2 -6 -11 -20 -34 -50 -59 -60 -55 -48 -42 -34 -21 -6 8 18 26 38 54 68 72 65 49 30 15 2 -7 -16 -24 -36 -49 -60 -65 -60 -48 -35 -24 -16 -6 6 19 31 41 50 59 64 60 49 32 16 4 -4 -12 -23 -35 -48 -58 -63 -60 -52 -40 -27 -15 -3 8 19 30 41 51 58 62 58 48 33 18 5 -4 -11 -21 -34 -48 -59 -64 -61 -52 -41 -29 -17 -5 7 20 32 43 53 60 63 59 49 34 16 2 -8 -14 -21 -33 -48 -60 -65 -60 -49 -38 -27 -16 -5 8 19 30 41 51 60 63 58 46 31 17 6 -3 -11 -22 -36 -50 -60 -64 -60 -50 -39 -27 -17 -5 7 20 32 43 53 60 63 59 48 32 15 2 -6 -12 -21 -34 -49 -60 -64 -58 -48 -38 -28 -17 -4 9 20 29 39 50 60 65 61 48 31 15 2 -6 -13 -22 -34 -47 -58 -62 -59 -50 -38 -27 -16 -5 7 18 28 40 51 60 64 59 48 33 17 4 -5 -13 -22 -33 -47 -59 -64 -61 -50 -38 -27 -18 255 506 304 15118
56 61 61 54 40 24 10 0 -8 -16 -29 -45 -59 -64 -62 -53 -43 -32 -21 -10 2 13 24 36 49 60 66 63 53 38 21 6 -4 -10 -16 -26 -42 -57 -65 -62 -52 -41 -31 -22 -10 3 15 25 34 46 57 64 63 53 39 23 10 -2 -10 -17 -26 -39 -56 -68 -70 -59 -43 -28 -17 -8 3 16 29 39 47 54 59 59 53 39 24 10 0 -8 -17 -28 -42 -56 -64 -64 -56 -45 -32 -20 -8 4 15 26 37 48 57 62 60 52 38 23 10 0 -9 -18 -29 -44 -57 -65 -63 -55 -42 -30 -19 -9 2 13 25 37 49 58 63 62 53 39 22 8 -3 -10 -19 -30 -43 -55 -61 -61 -54 -44 -32 -20 -9 3 14 25 37 48 57 62 60 52 39 23 9 -1 -9 -18 -30 -45 -57 -63 -62 -54 -43 -31 -19 -7 4 14 24 36 48 57 61 59 52 39 24 9 -2 -10 -17 -27 -42 -57 -65 -62 -53 -41 -31 -21 -10 2 14 25 35 46 55 62 62 54 40 24 9 -1 -9 -16 -27 -42 -56 -65 -65 -57 -44 -32 -20 -9 3 15 26 37 47 56 61 61 53 40 24 10 -1 -8 -17 -29 -44 -57 -64 -63 -55 -44 -33 -21 -9 4 15 26 37 49 58 64 63 53 38 20 6 260 4697 304 15118
61 64 59 47 31 17 5 -3 -12 -23 -38 -53 -64 -66 -59 -47 -35 -24 -14 -3 9 20 30 40 52 61 65 60 47 30 14 2 -6 -13 -21 -34 -48 -60 -64 -60 -50 -38 -26 -15 -4 7 18 30 43 55 63 63 56 45 32 18 4 -7 -15 -22 -33 -48 -62 -68 -61 -46 -32 -24 -18 -9 6 22 35 44 51 57 61 58 48 33 17 4 -6 -15 -24 -36 -49 -59 -63 -58 -47 -36 -27 -17 -6 8 20 31 41 50 59 64 60 49 32 15 2 -7 -13 -21 -32 -47 -60 -66 -62 -51 -37 -24 -14 -4 7 19 31 42 52 59 63 58 46 30 15 4 -4 -11 -21 -34 -49 -60 -63 -59 -50 -39 -28 -16 -4 8 21 31 41 51 59 63 60 48 32 15 3 -5 -12 -22 -36 -50 -61 -64 -59 -48 -36 -25 -14 -4 7 18 29 40 51 59 63 59 48 32 16 3 -5 -12 -21 -34 -48 -59 -64 -60 -50 -39 -28 -16 -5 7 20 32 43 52 60 62 59 49 33 16 2 -7 -13 -22 -34 -49 -60 -64 -59 -49 -37 -26 -15 -4 7 18 29 40 52 61 64 60 48 33 17 4 -6 -14 -24 -36 -50 -61 -65 -60 -49 -37 -26 -15 -4 9 21 33 43 50 56 60 58 49 34 17 2 265 875 304 15118
-62 -64 -56 -43 -30 -20 -11 -1 13 26 38 46 52 57 59 54 43 27 12 0 -9 -16 -27 -41 -53 -61 -62 -57 -47 -35 -23 -10 1 13 23 35 47 58 64 64 55 41 24 9 -2 -8 -15 -26 -41 -55 -63 -63 -57 -47 -35 -23 -12 -2 9 22 39 56 67 69 63 51 37 22 8 -3 -12 -19 -28 -42 -56 -64 -62 -52 -41 -31 -22 -12 0 14 26 37 47 56 62 62 55 41 25 9 -2 -10 -18 -28 -42 -55 -63 -63 -55 -43 -31 -20 -11 -1 11 24 37 49 58 62 61 53 40 25 11 0 -8 -17 -29 -44 -58 -65 -63 -53 -41 -30 -21 -11 0 13 25 36 47 55 61 62 54 41 24 9 -2 -9 -17 -27 -41 -54 -63 -63 -55 -44 -32 -22 -11 1 13 25 35 45 55 62 63 55 41 24 10 0 -9 -18 -29 -42 -55 -63 -63 -56 -45 -32 -20 -9 1 13 25 38 49 57 61 60 53 40 24 9 -1 -9 -17 -28 -42 -55 -61 -60 -54 -44 -35 -24 -11 2 15 26 36 46 56 62 61 53 40 24 10 0 -8 -17 -28 -42 -54 -62 -62 -56 -45 -33 -21 -9 2 12 23 35 47 56 61 62 56 44 26 8 -5 -12 -16 -24 -39 -55 -66 -65 -56 -43 -32 -21 -10 269 13350 304 15118
58 61 58 49 34 19 5 -5 -13 -22 -34 -48 -60 -65 -62 -52 -40 -27 -15 -3 8 19 30 43 53 61 62 57 47 33 18 4 -6 -14 -22 -34 -48 -60 -63 -59 -49 -38 -27 -17 -5 7 19 30 41 52 59 60 56 46 34 21 8 -4 -13 -22 -32 -47 -60 -68 -64 -51 -37 -25 -16 -7 5 19 32 43 52 59 62 59 49 34 19 6 -4 -13 -21 -34 -48 -61 -66 -62 -52 -39 -28 -18 -7 7 21 34 44 53 60 63 60 49 33 16 3 -6 -13 -22 -35 -49 -61 -66 -62 -51 -37 -25 -14 -4 7 20 32 42 51 58 62 60 49 33 15 2 -6 -12 -21 -33 -49 -61 -65 -60 -49 -37 -26 -16 -5 7 19 30 41 52 60 63 59 48 33 18 5 -5 -14 -24 -36 -49 -60 -64 -60 -50 -37 -25 -15 -4 8 19 30 41 51 60 63 59 48 32 16 3 -5 -12 -21 -34 -49 -61 -65 -60 -50 -38 -27 -17 -5 9 21 32 42 51 59 61 57 47 33 19 5 -5 -14 -24 -35 -48 -59 -64 -59 -49 -38 -27 -16 -5 7 19 30 42 53 62 65 60 48 31 16 2 -8 -16 -24 -35 -47 -57 -62 -59 -49 -38 -26 -16 -5 7 20 31 41 50 57 61 58 48 34 18 6 274 12791 304 15118
57 60 58 51 39 25 12 1 -8 -17 -30 -45 -58 -63 -60 -52 -42 -32 -21 -10 1 13 25 37 49 58 62 59 51 39 25 11 0 -8 -16 -27 -42 -57 -66 -64 -54 -42 -32 -23 -11 3 17 29 39 47 55 60 60 53 40 24 8 -3 -11 -16 -25 -40 -57 -68 -67 -55 -40 -27 -19 -10 0 13 26 37 46 55 62 62 55 40 24 9 -2 -11 -19 -30 -42 -55 -63 -62 -54 -42 -30 -21 -11 0 13 27 40 49 56 60 60 52 39 24 10 -2 -10 -19 -29 -42 -54 -62 -62 -55 -43 -31 -20 -9 2 14 25 36 46 55 62 62 54 40 23 9 -2 -9 -17 -29 -43 -56 -62 -60 -53 -43 -33 -22 -11 2 14 26 36 47 56 63 63 55 40 23 8 -2 -10 -18 -30 -44 -56 -63 -61 -52 -41 -31 -20 -10 2 14 25 36 47 56 62 61 52 38 23 9 -1 -8 -17 -28 -42 -56 -63 -63 -54 -42 -31 -21 -11 1 14 26 37 47 56 62 63 55 39 22 8 -2 -9 -17 -28 -43 -56 -62 -61 -54 -44 -33 -21 -9 3 14 24 36 47 57 63 61 52 39 24 10 -1 -10 -19 -29 -41 -54 -61 -61 -55 -45 -33 -22 -10 3 15 26 36 47 56 62 60 51 38 23 11 279 14669 304 15118
-63 -59 -50 -38 -25 -13 -2 9 19 31 42 53 60 61 57 46 31 16 2 -7 -14 -22 -34 -48 -59 -63 -58 -49 -39 -28 -17 -4 9 21 31 42 54 63 65 59 45 28 13 2 -7 -14 -22 -33 -48 -61 -66 -60 -48 -36 -26 -17 -6 7 21 33 42 53 63 68 63 47 26 10 0 -6 -13 -23 -37 -50 -59 -62 -58 -49 -36 -24 -13 -4 7 19 31 43 53 60 62 58 47 31 15 2 -6 -13 -22 -35 -49 -60 -64 -59 -49 -39 -28 -17 -4 10 23 33 43 52 60 64 59 46 28 13 2 -5 -12 -23 -36 -50 -60 -63 -59 -49 -36 -24 -13 -3 7 19 31 43 52 59 61 57 47 33 17 3 -6 -13 -23 -36 -51 -62 -64 -58 -46 -35 -25 -16 -6 6 20 32 43 53 60 62 57 46 31 16 5 -4 -12 -23 -37 -52 -62 -65 -59 -48 -35 -25 -16 -7 5 20 34 46 55 60 62 58 48 32 15 1 -7 -13 -22 -36 -52 -63 -66 -59 -48 -36 -26 -16 -4 10 23 35 45 53 60 62 57 45 28 12 0 -7 -13 -22 -35 -49 -59 -62 -58 -49 -38 -26 -13 -2 9 19 31 43 54 61 61 54 43 30 16 4 -5 -13 -22 -34 -48 -59 -63 -59 -50 -38 -27 -15 -3 291 9246 304 15118
59 63 59 49 35 21 8 -2 -10 -18 -30 -44 -56 -62 -59 -51 -41 -31 -22 -10 2 14 25 36 48 58 62 59 51 39 26 12 -1 -12 -21 -30 -42 -55 -63 -63 -54 -42 -31 -21 -11 2 15 26 37 47 57 63 62 53 39 23 8 -2 -7 -13 -24 -42 -62 -74 -72 -59 -42 -27 -17 -7 5 18 30 40 49 58 63 61 51 36 20 7 -3 -11 -19 -29 -43 -56 -63 -62 -53 -42 -32 -22 -10 3 17 29 40 49 59 64 62 51 36 19 6 -3 -10 -18 -30 -44 -57 -63 -62 -53 -41 -29 -18 -9 2 14 27 39 50 57 61 60 52 38 21 6 -3 -10 -17 -29 -45 -59 -65 -62 -52 -40 -29 -20 -10 2 16 29 40 49 56 60 59 51 38 22 9 0 -7 -16 -30 -47 -61 -66 -61 -51 -40 -31 -21 -10 3 16 28 39 50 59 62 59 50 37 23 9 -2 -11 -19 -30 -44 -57 -65 -63 -54 -41 -29 -19 -9 4 17 28 38 47 57 64 64 54 35 17 4 -3 -8 -17 -31 -46 -57 -61 -59 -51 -42 -31 -20 -9 2 13 26 38 50 59 63 61 52 37 20 5 -4 -9 -17 -29 -45 -58 -64 -60 -51 -40 -30 -20 -9 3 15 26 38 48 57 61 60 53 39 23 7 31 4982 304 15816
62 64 58 45 28 13 1 -6 -13 -22 -36 -53 -64 -67 -60 -47 -35 -24 -13 -1 11 23 33 42 53 61 64 58 44 28 13 2 -6 -13 -23 -37 -52 -62 -64 -58 -47 -35 -25 -14 -3 9 21 33 44 54 61 62 56 43 29 15 3 -6 -15 -23 -33 -47 -61 -68 -64 -51 -35 -22 -13 -4 8 22 35 45 53 60 63 59 46 28 12 1 -6 -13 -24 -38 -52 -60 -62 -57 -48 -36 -24 -14 -5 6 19 34 48 58 62 62 56 45 30 14 1 -9 -17 -25 -36 -50 -60 -63 -58 -47 -34 -23 -12 -2 8 18 30 42 53 62 64 58 46 30 15 3 -6 -15 -25 -38 -52 -62 -64 -58 -48 -36 -24 -14 -3 9 20 32 44 55 62 64 58 46 30 14 1 -8 -17 -26 -38 -51 -61 -63 -58 -48 -36 -24 -12 -1 10 20 32 44 55 63 64 56 43 27 12 1 -6 -13 -24 -38 -52 -62 -63 -57 -46 -35 -24 -13 -2 10 21 32 44 54 61 61 55 43 29 15 3 -6 -14 -24 -37 -51 -62 -64 -58 -46 -35 -24 -14 -3 9 22 33 44 53 60 62 57 45 28 13 2 -6 -13 -23 -37 -51 -61 -63 -58 -48 -36 -25 -14 -3 9 21 33 44 54 61 63 58 46 30 13 1 36 6110 304 15816
57 61 59 50 37 23 10 -1 -10 -19 -30 -43 -55 -62 -62 -54 -43 -32 -22 -11 1 15 28 39 49 57 63 63 54 39 21 6 -4 -11 -18 -29 -44 -57 -64 -61 -52 -41 -31 -22 -11 2 15 27 37 47 57 63 63 55 40 23 8 -2 -8 -16 -29 -46 -61 -69 -66 -55 -41 -28 -18 -7 4 16 28 39 50 58 62 60 52 38 22 6 -6 -13 -18 -28 -43 -59 -67 -63 -50 -36 -27 -21 -11 3 18 29 36 44 54 62 63 53 36 20 8 -1 -8 -18 -30 -43 -55 -63 -62 -55 -43 -30 -20 -10 1 15 28 39 49 56 61 61 53 39 22 6 -3 -10 -16 -27 -42 -56 -64 -63 -55 -43 -31 -20 -9 3 15 27 38 48 57 63 62 53 38 20 6 -2 -8 -16 -28 -44 -58 -64 -62 -53 -42 -32 -21 -9 3 15 25 36 48 59 65 63 53 38 22 8 -2 -10 -20 -32 -46 -57 -63 -60 -51 -41 -32 -22 -10 3 17 28 38 47 56 62 62 53 39 22 8 -3 -10 -19 -30 -44 -57 -64 -62 -54 -41 -29 -19 -9 2 15 28 39 49 56 61 60 53 38 21 6 -4 -10 -16 -27 -42 -57 -65 -63 -54 -42 -30 -19 -9 2 14 26 38 49 58 63 61 52 38 22 8 41 4813 304 15816
61 63 58 45 28 11 -1 -9 -15 -23 -35 -48 -58 -62 -58 -48 -36 -25 -14 -3 8 20 31 43 53 60 63 60 49 32 13 -1 -9 -15 -23 -37 -52 -62 -64 -58 -48 -36 -23 -10 1 10 19 29 43 55 63 62 55 43 29 14 1 -8 -13 -20 -33 -51 -66 -70 -61 -45 -31 -22 -14 -4 9 23 34 43 52 59 62 57 45 30 15 2 -7 -16 -26 -38 -50 -60 -64 -59 -47 -34 -22 -13 -3 8 20 32 43 53 60 63 59 47 31 14 2 -7 -14 -24 -38 -52 -62 -63 -57 -47 -36 -26 -15 -3 9 21 33 44 55 62 64 59 46 29 12 0 -8 -14 -22 -35 -51 -63 -66 -60 -48 -35 -24 -14 -3 10 22 34 45 55 61 63 56 43 27 13 3 -4 -12 -24 -39 -54 -64 -64 -57 -46 -34 -23 -13 -2 9 20 31 43 54 62 64 57 45 29 14 3 -6 -14 -24 -38 -52 -63 -65 -59 -48 -35 -24 -13 -2 10 22 34 46 55 61 61 55 43 28 13 2 -6 -13 -22 -35 -50 -63 -66 -60 -48 -35 -23 -13 -3 8 20 32 44 55 63 64 58 45 29 13 1 -8 -15 -24 -38 -52 -63 -65 -58 -46 -34 -24 -13 -2 11 23 32 41 50 59 63 59 47 30 14 1 46 3092 304 15816
-64 -61 -51 -40 -30 -19 -8 4 17 28 40 51 60 64 60 49 34 19 6 -3 -11 -19 -32 -46 -58 -64 -62 -53 -41 -29 -17 -5 7 17 28 38 50 59 63 59 48 32 18 7 -2 -10 -20 -32 -45 -55 -60 -59 -53 -44 -32 -20 -7 5 16 26 38 52 64 69 63 49 30 14 2 -5 -10 -18 -29 -43 -56 -63 -62 -53 -41 -29 -19 -7 5 18 30 41 50 58 61 58 49 35 19 7 -2 -10 -19 -32 -47 -59 -63 -60 -50 -39 -29 -20 -9 4 17 29 40 49 57 62 60 51 36 20 7 -3 -10 -19 -32 -46 -59 -64 -62 -52 -40 -29 -19 -9 3 16 30 42 52 59 62 59 49 34 19 6 -3 -11 -20 -33 -46 -57 -61 -59 -51 -41 -30 -19 -8 3 15 27 39 50 59 64 62 53 38 21 6 -4 -12 -21 -34 -48 -59 -63 -60 -51 -40 -30 -19 -7 5 16 28 39 51 60 64 61 51 36 19 4 -5 -12 -18 -29 -45 -59 -66 -62 -51 -39 -28 -20 -9 4 18 31 41 49 57 62 61 51 35 18 6 -2 -9 -18 -31 -47 -59 -65 -61 -51 -39 -28 -19 -10 2 16 30 42 50 55 59 60 54 40 22 5 -7 -14 -20 -30 -45 -59 -65 -61 -50 -39 -29 -20 -9 51 8933 304 15816
61 62 56 44 28 13 1 -8 -15 -24 -36 -49 -60 -64 -59 -49 -36 -24 -12 -1 10 21 33 44 54 61 62 56 45 30 15 2 -8 -16 -26 -38 -52 -61 -62 -56 -46 -36 -26 -15 -3 10 23 35 45 55 61 61 55 44 30 15 1 -9 -16 -23 -35 -50 -64 -68 -61 -47 -32 -21 -13 -3 9 22 34 45 55 61 63 57 44 28 13 1 -9 -16 -25 -37 -51 -61 -64 -58 -47 -35 -24 -14 -1 12 25 35 44 53 59 61 56 44 28 13 1 -8 -15 -25 -38 -52 -62 -63 -56 -45 -34 -24 -14 -2 11 23 34 44 53 61 63 57 44 27 11 0 -7 -13 -23 -38 -53 -63 -64 -57 -47 -36 -25 -13 0 12 23 34 45 55 62 62 55 43 28 13 1 -8 -15 -23 -35 -50 -62 -65 -60 -49 -37 -27 -15 -1 13 25 36 46 57 64 65 56 40 24 10 0 -7 -15 -25 -38 -51 -61 -63 -58 -47 -34 -23 -12 -1 11 23 35 46 55 60 61 54 42 26 12 2 -5 -13 -25 -40 -54 -62 -62 -55 -46 -36 -25 -14 -2 11 23 34 45 54 60 61 56 45 29 13 1 -8 -16 -25 -39 -53 -62 -63 -56 -45 -34 -25 -14 -2 11 23 34 43 53 60 63 58 45 28 11 -1 56 3849 304 15816
61 65 59 46 31 17 8 0 -8 -18 -31 -45 -57 -63 -61 -53 -42 -30 -19 -8 4 17 28 39 49 57 61 60 51 37 21 7 -3 -11 -19 -30 -45 -58 -64 -61 -52 -41 -30 -20 -7 5 17 27 36 47 58 64 63 52 36 20 7 -3 -9 -17 -29 -46 -61 -68 -64 -52 -37 -26 -18 -10 3 17 30 40 49 57 62 62 52 36 19 5 -4 -10 -18 -30 -46 -59 -64 -61 -51 -39 -28 -19 -9 3 16 29 40 50 57 61 59 51 37 21 6 -5 -12 -19 -29 -43 -57 -65 -63 -52 -39 -28 -18 -8 4 16 28 38 48 56 62 61 52 36 20 6 -3 -10 -19 -31 -45 -57 -63 -61 -53 -41 -29 -18 -7 5 17 28 37 46 55 61 61 53 38 21 7 -2 -9 -19 -32 -47 -59 -64 -61 -53 -41 -29 -18 -7 3 14 26 39 51 60 63 60 51 38 21 6 -5 -12 -20 -31 -45 -59 -65 -63 -53 -40 -27 -16 -5 5 15 25 37 49 59 64 61 51 36 20 7 -3 -11 -19 -31 -45 -58 -65 -62 -53 -41 -29 -18 -7 5 17 28 38 48 57 62 61 52 37 20 6 -4 -12 -20 -31 -45 -56 -62 -60 -52 -42 -31 -20 -7 5 17 28 39 49 57 62 60 51 37 21 7 61 2752 304 15816
-62 -65 -58 -47 -36 -25 -13 -1 11 22 33 43 54 61 62 54 42 27 14 3 -5 -12 -21 -34 -50 -62 -66 -60 -48 -35 -23 -13 -3 9 21 32 42 52 60 63 58 45 28 13 3 -4 -11 -22 -36 -52 -62 -64 -59 -49 -38 -26 -14 -2 9 19 30 43 58 69 70 60 42 23 9 1 -6 -14 -25 -38 -50 -59 -62 -58 -49 -37 -24 -12 -2 9 20 32 44 54 60 62 57 46 31 14 0 -9 -15 -23 -36 -50 -62 -65 -59 -48 -36 -24 -13 -2 10 22 33 43 53 60 62 57 45 29 14 3 -5 -13 -24 -38 -53 -62 -62 -56 -47 -37 -27 -16 -4 10 23 34 44 53 60 63 59 47 30 12 -1 -9 -15 -23 -35 -49 -60 -64 -59 -48 -36 -24 -14 -3 8 21 33 45 54 60 62 58 46 30 14 1 -7 -14 -23 -38 -53 -63 -64 -57 -47 -36 -24 -13 -1 10 20 31 42 53 62 63 58 46 30 15 2 -7 -15 -25 -38 -51 -61 -63 -57 -47 -35 -25 -15 -4 8 20 33 45 55 62 63 58 46 29 13 1 -7 -15 -25 -38 -53 -62 -62 -56 -45 -35 -26 -15 -4 9 22 34 45 54 60 61 55 44 28 12 1 -6 -11 -20 -34 -51 -63 -66 -59 -47 -35 -25 -15 66 194 304 15816
-63 -62 -53 -41 -29 -18 -8 2 13 26 39 51 61 64 61 50 36 20 6 -3 -10 -17 -29 -43 -58 -65 -64 -55 -42 -30 -18 -6 5 16 26 37 48 58 64 63 54 39 22 5 -6 -13 -19 -29 -44 -59 -67 -63 -51 -37 -27 -20 -12 0 13 26 40 53 64 69 64 50 32 16 4 -4 -11 -20 -32 -45 -56 -62 -61 -52 -40 -28 -17 -7 3 13 25 37 49 58 62 60 52 38 21 7 -4 -10 -17 -28 -43 -58 -66 -63 -53 -41 -30 -21 -11 2 15 29 41 51 60 64 61 51 35 19 6 -3 -9 -17 -29 -43 -57 -64 -63 -54 -41 -29 -19 -9 1 14 28 41 51 57 61 59 52 38 22 7 -3 -9 -17 -30 -46 -60 -65 -61 -51 -41 -31 -21 -9 3 16 28 38 49 57 62 62 53 39 22 7 -5 -12 -20 -31 -45 -58 -64 -61 -52 -40 -29 -19 -9 3 15 27 39 50 58 62 60 52 38 21 7 -4 -12 -19 -30 -45 -58 -64 -61 -52 -40 -28 -17 -6 4 15 25 35 47 56 62 60 50 37 22 9 -1 -9 -18 -30 -44 -57 -64 -61 -52 -40 -29 -20 -11 0 14 27 39 49 57 62 61 53 39 22 6 -4 -11 -17 -28 -43 -57 -64 -62 -54 -42 -31 -20 -9 70 14606 304 15816
56 60 59 50 35 18 5 -4 -11 -19 -31 -47 -59 -64 -60 -50 -40 -30 -20 -8 6 21 33 42 49 56 60 60 51 35 17 3 -6 -11 -18 -30 -45 -59 -64 -60 -50 -39 -29 -19 -8 5 17 28 39 50 60 65 61 51 35 19 4 -6 -13 -19 -29 -43 -58 -68 -66 -54 -39 -26 -16 -6 6 18 29 40 50 60 64 60 48 32 18 7 -2 -11 -23 -35 -47 -57 -62 -61 -53 -41 -27 -15 -5 5 16 28 41 53 61 63 59 49 34 18 4 -6 -13 -20 -32 -46 -59 -63 -59 -49 -38 -28 -18 -7 6 17 28 39 49 58 62 59 49 35 19 6 -3 -10 -18 -31 -48 -62 -66 -60 -49 -37 -29 -20 -8 6 19 29 38 48 58 65 63 51 34 16 4 -4 -10 -18 -31 -46 -59 -65 -62 -53 -40 -28 -17 -6 5 17 29 41 52 60 63 59 48 34 18 5 -4 -12 -21 -32 -46 -58 -63 -61 -52 -40 -29 -18 -7 6 18 30 41 51 59 62 59 48 34 19 6 -4 -12 -21 -33 -46 -57 -62 -60 -52 -41 -30 -19 -8 5 19 31 42 52 59 62 59 49 33 17 4 -3 -10 -19 -32 -47 -59 -64 -61 -53 -41 -28 -15 -2 8 17 26 38 50 59 63 60 50 34 18 4 81 7341 304 15816
58 61 56 44 28 12 0 -9 -17 -27 -40 -54 -63 -63 -56 -45 -33 -22 -10 2 13 24 35 45 54 59 59 53 42 29 14 1 -9 -18 -28 -41 -54 -62 -63 -55 -44 -32 -21 -11 0 11 22 33 45 56 62 62 55 42 27 12 0 -8 -15 -24 -37 -54 -67 -69 -60 -45 -31 -20 -12 -2 11 25 37 49 58 63 62 54 40 24 10 0 -7 -14 -25 -40 -55 -65 -65 -57 -44 -32 -21 -11 -1 11 23 35 46 56 62 62 56 43 27 12 0 -8 -17 -28 -42 -56 -64 -63 -55 -44 -33 -23 -13 -1 12 24 36 47 57 64 64 56 42 25 10 -1 -9 -16 -28 -42 -55 -62 -61 -55 -46 -35 -24 -11 2 13 24 34 46 57 63 62 55 42 27 11 -1 -10 -17 -26 -40 -55 -65 -65 -57 -44 -31 -21 -11 1 13 25 35 45 54 61 63 56 42 24 9 -1 -7 -15 -26 -41 -55 -63 -63 -55 -45 -34 -23 -12 0 11 23 36 49 59 64 61 53 40 26 11 -1 -10 -17 -27 -39 -54 -63 -64 -57 -44 -32 -22 -12 0 13 26 37 47 55 61 60 53 40 24 11 2 -6 -16 -28 -42 -54 -62 -62 -55 -45 -34 -23 -12 0 13 25 36 46 55 60 61 55 42 26 12 1 86 10445 304 15816
59 63 61 51 36 19 4 -7 -14 -21 -32 -46 -59 -65 -61 -51 -39 -27 -17 -6 6 19 30 40 50 58 63 60 49 33 17 4 -5 -12 -21 -33 -47 -58 -62 -59 -50 -39 -28 -17 -6 6 17 29 40 49 56 60 59 52 37 20 5 -5 -11 -19 -31 -48 -62 -68 -62 -50 -36 -26 -18 -8 5 18 31 42 51 60 64 60 48 32 17 5 -4 -12 -22 -34 -46 -56 -62 -62 -54 -42 -28 -15 -4 7 18 30 42 52 59 62 58 48 32 16 5 -3 -9 -20 -34 -50 -60 -63 -59 -51 -41 -29 -16 -3 8 18 28 40 51 59 62 58 48 35 20 6 -5 -13 -21 -33 -47 -60 -66 -61 -49 -37 -27 -18 -8 5 19 31 42 52 60 63 59 48 34 18 5 -5 -13 -22 -33 -48 -60 -64 -60 -49 -37 -27 -17 -6 6 19 30 41 51 59 62 58 47 33 18 6 -3 -11 -21 -34 -48 -59 -63 -60 -50 -39 -28 -17 -6 6 18 30 42 52 60 62 58 47 33 17 4 -5 -12 -19 -31 -45 -59 -65 -62 -52 -39 -27 -16 -5 6 18 29 40 51 58 62 59 49 35 19 5 -5 -13 -21 -33 -48 -60 -64 -60 -51 -39 -28 -17 -6 6 18 30 42 52 59 62 58 50 36 20 5 91 6723 304 15816
57 61 60 51 38 22 8 -2 -8 -16 -28 -45 -59 -65 -61 -51 -41 -33 -23 -10 5 18 27 36 47 58 66 64 52 36 21 9 -1 -11 -21 -32 -44 -55 -62 -61 -54 -42 -31 -20 -10 2 15 28 40 49 57 62 61 54 39 22 6 -4 -10 -16 -27 -43 -59 -68 -65 -54 -41 -29 -19 -9 3 17 30 41 49 56 60 59 51 38 21 7 -3 -10 -18 -29 -42 -55 -62 -63 -56 -45 -31 -17 -6 4 14 25 37 49 58 62 59 51 38 23 9 -2 -11 -19 -30 -44 -57 -64 -62 -53 -40 -29 -20 -11 0 14 27 40 50 59 63 62 52 37 21 7 -2 -10 -19 -31 -44 -56 -62 -62 -55 -43 -30 -17 -6 4 14 24 36 47 58 64 63 54 39 22 7 -3 -11 -19 -31 -44 -56 -62 -61 -54 -43 -31 -19 -7 3 14 24 36 48 59 65 62 52 37 21 8 -2 -10 -19 -31 -45 -57 -63 -62 -53 -41 -29 -18 -8 2 13 26 39 50 58 61 59 50 36 21 8 -1 -8 -17 -28 -43 -55 -62 -61 -54 -43 -33 -22 -11 2 15 28 39 50 59 63 60 51 37 21 8 -2 -10 -18 -29 -43 -57 -64 -63 -54 -42 -30 -19 -9 2 14 27 39 51 59 63 60 50 36 21 9 97 3242 304 15816
60 64 61 51 36 20 6 -4 -11 -19 -32 -47 -61 -67 -62 -50 -38 -28 -19 -9 5 19 31 41 50 58 63 61 52 35 17 3 -6 -11 -18 -30 -46 -60 -66 -62 -51 -38 -27 -17 -7 3 15 27 40 52 61 65 61 51 35 19 5 -5 -11 -19 -32 -48 -62 -68 -63 -51 -38 -26 -16 -5 7 18 30 41 50 58 61 58 48 34 19 6 -3 -11 -19 -32 -47 -59 -65 -61 -50 -38 -28 -18 -8 4 17 30 42 51 58 61 59 50 35 19 5 -5 -12 -19 -31 -45 -58 -64 -61 -52 -39 -28 -18 -8 3 16 29 41 51 58 62 61 52 37 19 4 -6 -12 -19 -31 -46 -60 -66 -62 -51 -38 -26 -16 -6 5 17 29 40 50 57 61 60 50 36 19 5 -4 -11 -19 -31 -47 -61 -66 -61 -49 -37 -27 -18 -9 2 15 28 40 51 60 64 61 51 36 20 5 -5 -13 -21 -33 -47 -60 -65 -61 -50 -38 -27 -17 -7 6 19 30 41 50 57 60 57 48 34 19 7 -2 -9 -18 -31 -47 -61 -67 -63 -52 -39 -28 -17 -7 5 18 30 42 52 59 62 59 49 34 19 6 -4 -12 -22 -35 -49 -59 -62 -58 -49 -39 -29 -18 -7 5 17 30 42 52 58 61 58 49 36 20 6 101 2555 304 15816
64 63 55 40 24 10 -1 -10 -17 -26 -38 -52 -61 -63 -57 -45 -32 -21 -11 -1 10 23 36 47 56 61 61 55 43 26 10 -2 -8 -14 -25 -40 -56 -65 -64 -56 -45 -34 -23 -11 2 14 25 35 47 57 63 62 52 39 24 10 -1 -9 -16 -25 -39 -55 -67 -68 -56 -39 -24 -14 -9 -2 8 21 33 43 51 58 60 56 45 30 14 2 -8 -17 -28 -41 -54 -62 -63 -58 -47 -34 -21 -10 1 11 23 35 47 56 62 62 55 42 26 10 -2 -9 -16 -25 -39 -54 -63 -63 -56 -44 -33 -22 -11 0 11 22 34 46 57 64 63 54 39 23 10 1 -6 -15 -27 -42 -56 -63 -61 -53 -43 -33 -23 -12 0 11 22 33 44 55 63 63 55 42 26 12 1 -8 -17 -27 -40 -53 -62 -63 -56 -46 -34 -23 -12 0 12 24 34 45 56 63 63 55 41 25 12 1 -7 -16 -27 -41 -55 -63 -64 -57 -45 -32 -20 -9 1 12 22 33 45 56 63 63 55 42 26 12 0 -9 -17 -27 -41 -54 -63 -63 -56 -44 -32 -21 -11 1 13 24 34 44 54 61 62 56 44 27 11 -1 -10 -17 -27 -40 -53 -61 -61 -56 -47 -36 -23 -8 5 14 22 31 43 56 63 63 55 42 27 13 0 106 4709 304 15816
-65 -61 -50 -39 -29 -20 -8 6 20 33 43 52 58 62 60 51 35 17 3 -6 -13 -22 -34 -49 -60 -63 -58 -49 -39 -28 -17 -5 7 19 29 40 50 58 62 59 50 34 17 3 -6 -11 -18 -30 -46 -60 -65 -61 -51 -40 -29 -18 -6 5 16 28 42 56 66 68 60 46 29 15 3 -6 -13 -21 -32 -45 -57 -63 -59 -50 -39 -28 -18 -7 5 17 28 39 52 62 66 61 49 32 17 4 -4 -11 -19 -32 -47 -60 -66 -62 -52 -40 -28 -17 -5 8 19 29 39 50 60 65 62 50 34 17 4 -6 -13 -22 -34 -48 -59 -64 -60 -51 -39 -28 -17 -5 7 19 29 40 51 60 64 61 49 33 17 3 -6 -13 -21 -33 -48 -60 -65 -61 -50 -37 -26 -16 -6 6 19 30 41 51 59 63 60 48 32 15 3 -5 -11 -19 -32 -48 -60 -65 -61 -50 -37 -26 -16 -6 5 17 30 42 52 59 62 59 50 35 18 4 -6 -13 -20 -32 -47 -61 -66 -61 -50 -38 -28 -18 -6 8 21 31 40 49 58 62 59 49 34 19 6 -4 -13 -22 -34 -48 -59 -64 -61 -51 -39 -27 -16 -5 6 18 30 41 51 59 62 58 48 34 19 6 -4 -13 -22 -34 -47 -59 -64 -60 -50 -38 -27 -18 -8 111 2275 304 15816
63 64 56 40 23 9 0 -7 -14 -26 -41 -54 -62 -63 -57 -46 -35 -22 -10 2 14 25 35 45 54 61 62 56 42 26 10 -1 -9 -17 -27 -41 -55 -63 -62 -54 -44 -33 -24 -13 -1 12 24 36 47 58 64 62 53 40 26 14 2 -9 -18 -27 -38 -52 -65 -69 -62 -47 -31 -18 -9 1 14 27 38 46 54 60 62 56 42 24 9 -1 -7 -14 -26 -42 -57 -65 -64 -56 -44 -33 -22 -12 0 13 26 37 48 57 62 62 55 41 25 10 -2 -10 -18 -28 -41 -54 -63 -63 -55 -43 -31 -21 -10 1 13 24 35 45 55 61 62 55 41 25 10 0 -7 -15 -26 -41 -56 -64 -64 -56 -44 -32 -22 -11 1 13 24 36 47 57 63 63 55 42 25 9 -2 -10 -17 -28 -42 -55 -63 -62 -54 -43 -32 -22 -11 1 13 24 36 48 58 62 60 51 39 26 13 1 -10 -20 -29 -40 -52 -62 -63 -56 -43 -30 -20 -12 -2 10 24 36 48 57 63 62 55 41 24 9 -3 -10 -16 -26 -40 -55 -64 -64 -54 -42 -31 -22 -12 0 12 24 35 46 57 64 64 54 40 24 10 -1 -9 -17 -28 -42 -55 -63 -63 -54 -42 -32 -22 -12 1 14 26 36 46 56 62 61 52 39 25 12 1 116 3116 304 15816
60 63 59 49 33 18 6 -2 -10 -19 -32 -47 -60 -66 -62 -52 -39 -28 -17 -7 5 17 29 41 51 60 64 61 51 34 18 4 -5 -12 -21 -34 -48 -60 -64 -59 -49 -37 -27 -18 -8 4 17 30 42 52 59 62 60 50 34 18 4 -4 -10 -18 -32 -49 -64 -69 -63 -50 -36 -25 -16 -6 7 20 32 42 50 57 60 58 49 34 17 4 -5 -12 -21 -33 -46 -57 -62 -60 -52 -41 -28 -16 -5 5 16 28 40 52 60 63 60 50 34 18 4 -6 -13 -20 -32 -46 -59 -64 -61 -51 -38 -26 -16 -7 4 16 29 42 52 60 62 59 49 34 19 5 -4 -12 -21 -33 -47 -60 -65 -62 -52 -39 -27 -16 -5 6 18 31 43 53 60 61 57 47 32 17 4 -5 -12 -20 -31 -46 -59 -65 -61 -51 -38 -27 -17 -6 5 18 30 41 50 58 62 60 50 35 18 4 -5 -12 -20 -33 -48 -60 -65 -61 -50 -36 -25 -16 -7 3 16 29 41 52 59 62 59 49 34 18 5 -3 -10 -20 -33 -48 -60 -65 -62 -52 -38 -25 -14 -5 4 15 28 41 53 60 62 59 50 35 18 3 -7 -13 -21 -33 -47 -58 -61 -57 -49 -39 -28 -18 -7 4 15 27 41 52 60 63 59 49 34 18 4 120 15353 304 15816
60 61 55 43 26 11 0 -7 -14 -24 -38 -52 -62 -63 -56 -45 -33 -23 -14 -3 10 23 34 44 53 60 62 56 44 27 12 0 -7 -14 -25 -38 -52 -60 -60 -54 -46 -38 -29 -18 -5 10 24 37 48 58 62 61 54 42 28 14 1 -8 -15 -23 -36 -52 -66 -68 -60 -45 -31 -21 -14 -4 9 23 36 47 56 61 61 55 43 29 14 2 -8 -16 -26 -39 -53 -63 -64 -56 -46 -35 -24 -13 -1 11 22 33 44 56 64 65 58 44 27 12 0 -8 -16 -26 -41 -56 -65 -65 -57 -45 -32 -21 -11 1 12 23 33 44 55 63 64 57 42 25 10 0 -8 -15 -26 -39 -53 -62 -62 -56 -45 -34 -24 -13 -1 11 22 33 44 55 62 63 57 44 28 13 1 -8 -16 -27 -41 -55 -63 -63 -55 -44 -33 -23 -13 -1 11 23 35 45 54 60 62 56 44 28 12 1 -7 -15 -26 -40 -54 -62 -62 -55 -45 -35 -25 -15 -2 11 23 34 44 54 61 64 58 45 28 12 0 -8 -16 -27 -41 -55 -63 -63 -56 -45 -33 -22 -13 -3 9 22 36 48 58 62 61 54 41 27 12 1 -7 -15 -26 -39 -53 -62 -63 -56 -46 -35 -24 -12 0 12 23 33 44 54 62 64 57 43 26 10 0 125 11832 304 15816
57 59 57 50 37 21 6 -4 -10 -17 -29 -44 -57 -63 -61 -53 -43 -33 -21 -8 5 17 27 38 49 59 64 61 51 37 22 8 -2 -11 -20 -33 -47 -59 -64 -60 -50 -39 -29 -20 -10 3 16 28 39 48 57 62 62 54 40 23 7 -4 -12 -20 -31 -46 -61 -68 -64 -52 -38 -27 -18 -8 4 18 30 40 48 56 62 61 51 35 19 6 -2 -9 -19 -32 -47 -57 -61 -59 -52 -42 -31 -20 -9 3 15 27 40 52 60 63 60 51 37 21 6 -5 -13 -20 -31 -45 -57 -63 -61 -52 -41 -30 -19 -8 4 16 28 40 50 59 63 61 52 37 20 5 -6 -12 -20 -31 -45 -57 -62 -59 -51 -41 -30 -20 -8 5 17 28 39 49 57 61 59 49 35 20 8 0 -8 -17 -31 -47 -60 -65 -62 -53 -41 -30 -19 -8 4 16 27 39 50 60 64 61 51 36 20 6 -4 -11 -19 -31 -45 -58 -65 -62 -52 -40 -29 -18 -7 6 17 28 38 48 57 62 60 51 36 20 7 -2 -10 -19 -31 -45 -58 -64 -61 -52 -40 -29 -20 -10 2 15 28 41 52 60 62 59 50 35 20 6 -4 -11 -18 -29 -44 -57 -64 -62 -53 -40 -29 -19 -8 4 16 29 39 49 57 61 60 51 37 21 7 136 14554 304 15816
60 64 58 44 27 11 1 -5 -12 -24 -39 -54 -64 -64 -57 -46 -35 -24 -13 -1 11 23 34 45 55 61 62 55 43 27 13 1 -6 -13 -24 -38 -53 -63 -65 -57 -46 -35 -25 -13 -1 11 22 33 44 55 63 64 57 44 28 13 1 -7 -14 -23 -35 -50 -62 -68 -64 -53 -38 -24 -11 -1 10 22 36 50 60 64 63 55 43 28 13 -1 -10 -17 -26 -39 -54 -65 -65 -56 -44 -32 -23 -13 -1 11 23 34 45 56 64 64 56 42 26 11 0 -8 -15 -25 -38 -52 -63 -65 -59 -47 -34 -22 -11 2 13 24 33 43 53 61 62 55 42 27 12 1 -7 -15 -25 -39 -53 -63 -64 -57 -45 -33 -23 -13 -2 11 23 34 44 53 61 63 58 45 27 10 -1 -8 -14 -25 -39 -54 -63 -63 -55 -45 -35 -25 -14 -2 12 25 37 47 54 60 60 55 43 28 12 1 -8 -15 -26 -39 -53 -62 -63 -57 -46 -34 -23 -11 1 13 24 34 43 52 59 62 57 45 28 11 -2 -9 -16 -25 -38 -52 -62 -63 -56 -45 -34 -23 -12 0 11 21 32 44 56 64 63 55 41 25 12 1 -7 -15 -25 -37 -51 -61 -64 -59 -48 -34 -22 -12 -1 10 23 35 46 55 59 60 55 46 31 14 0 142 1974 304 15816
58 60 57 48 34 18 5 -4 -12 -20 -32 -46 -58 -64 -61 -53 -40 -28 -15 -4 8 19 30 41 51 57 60 57 47 34 19 5 -5 -12 -21 -33 -47 -59 -63 -59 -50 -38 -27 -16 -5 6 18 29 40 50 58 61 59 49 34 16 2 -5 -10 -17 -32 -51 -66 -69 -58 -42 -28 -21 -16 -9 1 14 27 39 50 59 63 60 49 33 17 3 -5 -11 -19 -31 -45 -58 -63 -60 -50 -39 -28 -18 -8 5 17 30 42 52 59 62 59 48 34 17 4 -5 -12 -20 -32 -47 -59 -63 -59 -50 -39 -30 -19 -6 7 20 30 41 51 59 63 59 48 32 16 3 -5 -11 -19 -30 -45 -58 -64 -60 -50 -39 -28 -18 -7 6 19 29 39 49 58 63 60 49 33 18 5 -4 -11 -20 -32 -46 -58 -64 -61 -51 -39 -28 -17 -6 6 16 27 39 51 61 65 59 47 33 19 6 -4 -14 -22 -32 -45 -57 -64 -62 -52 -39 -27 -17 -7 5 19 31 41 49 58 63 61 50 33 15 3 -4 -11 -21 -34 -48 -58 -62 -59 -50 -39 -28 -17 -6 5 17 29 40 51 59 63 59 49 33 16 3 -6 -12 -20 -32 -46 -57 -62 -59 -49 -38 -28 -19 -9 3 17 31 43 52 58 61 59 49 33 17 4 183 12417 304 15816
55 59 56 46 29 13 1 -5 -10 -19 -32 -47 -58 -60 -54 -43 -32 -23 -15 -7 4 16 29 41 50 56 57 52 43 29 16 5 -3 -10 -19 -32 -47 -57 -59 -54 -45 -36 -26 -16 -5 6 17 28 39 50 56 58 54 44 32 18 5 -4 -10 -17 -31 -48 -63 -68 -61 -47 -32 -21 -11 -2 8 18 28 39 51 58 59 52 40 27 14 4 -5 -12 -21 -32 -45 -55 -59 -55 -46 -36 -25 -14 -2 9 19 27 36 46 55 58 55 44 30 15 3 -5 -12 -20 -31 -45 -56 -61 -57 -46 -33 -22 -13 -5 5 17 29 40 48 53 56 54 45 31 15 2 -5 -11 -18 -31 -46 -57 -60 -55 -46 -36 -25 -14 -3 8 18 28 39 49 56 58 53 42 28 14 3 -5 -11 -19 -30 -44 -56 -60 -55 -46 -35 -25 -16 -5 6 18 29 39 48 55 57 53 44 31 17 5 -5 -13 -21 -31 -43 -54 -60 -58 -48 -35 -24 -14 -5 6 19 30 40 48 54 57 55 45 30 14 1 -7 -12 -18 -30 -44 -56 -61 -57 -46 -33 -22 -13 -5 5 17 28 39 48 54 57 54 45 31 15 3 -6 -12 -19 -30 -44 -56 -60 -55 -45 -34 -26 -18 -7 6 19 30 39 48 56 60 56 44 28 13 2 50 13554 304 16198
58 61 57 46 32 17 6 -3 -10 -18 -30 -45 -57 -62 -58 -49 -39 -29 -19 -7 5 17 29 40 49 57 60 56 47 34 19 6 -4 -11 -20 -32 -45 -57 -61 -57 -48 -38 -28 -18 -6 6 17 27 37 47 55 59 57 48 35 21 9 -1 -9 -17 -30 -46 -61 -69 -66 -52 -37 -24 -14 -6 5 18 31 42 50 56 59 56 47 32 17 4 -5 -12 -20 -32 -44 -55 -59 -56 -48 -38 -29 -18 -7 6 17 28 37 46 54 59 59 50 36 20 5 -5 -12 -20 -31 -45 -57 -62 -59 -50 -39 -28 -17 -6 6 18 29 39 48 56 60 56 46 32 18 7 -2 -10 -20 -33 -47 -58 -63 -58 -47 -35 -24 -16 -7 3 15 27 38 48 56 61 59 49 33 17 3 -5 -10 -18 -29 -44 -58 -64 -61 -50 -36 -25 -16 -7 4 16 28 39 47 55 59 58 49 34 18 4 -5 -12 -20 -31 -43 -54 -60 -58 -50 -39 -27 -17 -7 3 15 27 39 50 57 60 58 48 34 18 5 -4 -11 -20 -33 -47 -58 -61 -56 -47 -36 -27 -18 -9 3 16 29 41 50 56 58 56 48 35 19 5 -5 -11 -18 -30 -45 -58 -63 -59 -49 -37 -27 -18 -7 5 18 30 40 49 56 59 57 48 33 16 4 53 10776 304 16198
56 60 58 48 33 18 5 -3 -10 -20 -32 -46 -56 -60 -58 -49 -39 -28 -17 -7 5 17 30 41 49 55 58 57 49 35 18 4 -5 -11 -19 -31 -44 -56 -60 -58 -49 -39 -28 -17 -7 4 16 29 41 50 56 58 55 47 33 16 3 -4 -6 -11 -24 -44 -62 -68 -63 -50 -38 -27 -17 -6 7 19 30 40 49 56 59 55 46 32 18 6 -2 -10 -19 -31 -45 -57 -63 -60 -51 -38 -26 -15 -5 6 17 29 40 49 55 57 55 47 34 19 5 -4 -11 -18 -29 -44 -57 -62 -58 -48 -37 -27 -18 -8 4 16 27 38 50 58 62 58 47 32 18 5 -4 -12 -21 -31 -43 -54 -60 -59 -50 -39 -28 -18 -7 5 18 29 39 48 56 61 60 50 34 17 2 -7 -14 -20 -31 -44 -56 -62 -60 -50 -36 -24 -15 -6 4 16 29 40 49 55 58 56 48 34 18 4 -5 -11 -20 -32 -46 -57 -61 -57 -48 -37 -27 -17 -6 6 18 30 41 50 56 58 54 45 31 16 4 -3 -9 -18 -31 -46 -57 -60 -56 -48 -38 -28 -17 -5 6 16 27 37 48 56 59 56 48 35 19 5 -5 -11 -18 -30 -46 -60 -64 -58 -47 -36 -26 -17 -6 5 16 26 38 50 59 61 57 46 33 19 6 53 11726 304 16198
-63 -60 -50 -38 -26 -15 -4 8 20 31 40 48 55 58 56 48 33 17 3 -5 -11 -18 -31 -46 -60 -64 -59 -47 -35 -26 -17 -7 6 19 31 40 48 56 60 57 46 31 16 5 -2 -9 -19 -33 -47 -58 -61 -57 -48 -38 -28 -17 -6 6 16 26 37 51 63 68 63 49 31 14 1 -8 -15 -22 -33 -46 -58 -62 -58 -47 -34 -24 -15 -6 5 17 29 41 50 58 60 57 46 30 14 2 -5 -10 -18 -31 -46 -59 -63 -58 -47 -35 -26 -17 -7 5 17 29 40 50 57 60 56 47 33 18 5 -5 -13 -22 -33 -45 -56 -61 -59 -49 -38 -26 -16 -6 5 18 31 42 51 57 59 56 46 32 17 5 -5 -12 -20 -32 -46 -57 -62 -59 -49 -37 -27 -17 -7 6 19 31 42 51 57 60 57 47 32 16 3 -6 -13 -21 -33 -47 -57 -61 -58 -49 -37 -25 -14 -4 5 16 28 41 52 59 60 55 45 31 17 4 -5 -13 -21 -32 -45 -57 -62 -59 -49 -36 -24 -14 -4 6 17 29 40 50 56 59 56 46 31 16 4 -4 -11 -19 -32 -45 -56 -60 -57 -49 -39 -27 -16 -6 5 17 29 42 52 59 61 56 46 30 15 3 -5 -11 -19 -33 -47 -58 -61 -56 -47 -38 -29 -18 -6 53 15514 304 16198
-59 -59 -52 -42 -33 -23 -13 0 13 25 34 42 50 56 58 53 40 24 10 0 -7 -13 -24 -37 -51 -59 -60 -53 -43 -31 -21 -11 -1 10 21 33 43 52 57 57 52 41 26 11 0 -6 -13 -23 -37 -52 -61 -60 -53 -44 -34 -24 -12 0 10 18 29 45 61 70 66 53 36 20 8 -2 -9 -16 -25 -39 -54 -64 -62 -50 -37 -28 -22 -14 0 16 27 34 40 50 60 61 51 34 17 7 2 -3 -13 -25 -37 -49 -57 -59 -54 -44 -33 -23 -12 -1 12 24 34 44 52 58 59 52 39 23 10 1 -7 -16 -28 -40 -50 -57 -57 -52 -42 -32 -21 -10 -1 9 20 32 43 53 59 59 52 39 24 11 0 -7 -14 -24 -37 -51 -60 -60 -53 -43 -31 -21 -11 0 11 23 33 43 52 58 59 53 41 25 11 0 -8 -16 -27 -40 -52 -59 -58 -52 -41 -31 -20 -10 1 11 22 32 42 51 57 58 53 41 26 10 -2 -10 -15 -23 -35 -49 -60 -61 -54 -43 -31 -21 -11 0 11 22 32 42 53 60 60 52 38 23 10 1 -7 -15 -25 -37 -49 -58 -61 -56 -45 -32 -20 -9 1 11 21 33 44 54 59 59 52 39 24 10 0 -8 -16 -25 -37 -50 -59 -60 -54 -43 -32 -21 -11 55 5470 304 16198
55 62 60 51 37 23 11 2 -6 -15 -26 -39 -52 -60 -60 -54 -44 -33 -22 -11 1 13 24 34 44 53 58 58 52 40 26 11 0 -9 -16 -25 -38 -51 -61 -61 -53 -42 -31 -22 -13 -2 12 25 35 43 51 57 59 54 42 26 11 1 -5 -11 -22 -39 -58 -69 -68 -57 -42 -29 -18 -9 2 14 25 35 44 53 59 60 52 38 23 9 0 -7 -15 -26 -39 -51 -59 -59 -53 -44 -33 -23 -12 -1 12 24 36 46 55 60 60 53 40 24 8 -4 -11 -16 -24 -36 -50 -60 -61 -54 -41 -30 -21 -12 -1 11 24 35 44 52 58 59 53 39 23 10 0 -7 -15 -26 -39 -51 -58 -58 -52 -43 -34 -24 -13 0 12 24 34 44 52 59 60 53 40 24 11 2 -5 -13 -25 -39 -52 -61 -62 -55 -45 -33 -22 -11 0 12 23 34 44 53 60 61 55 43 26 11 -1 -9 -18 -28 -41 -54 -60 -59 -52 -43 -33 -23 -11 2 15 25 35 44 53 59 58 50 37 23 10 0 -8 -16 -26 -38 -51 -59 -60 -53 -43 -32 -22 -12 0 13 25 35 44 53 58 58 52 39 24 11 0 -9 -17 -28 -40 -50 -57 -57 -53 -44 -34 -22 -10 2 13 22 32 41 51 59 60 54 41 25 11 55 8783 304 16198
55 61 59 50 35 20 8 0 -7 -16 -28 -43 -55 -60 -58 -49 -39 -30 -21 -12 -1 12 25 37 48 56 59 58 50 36 22 8 -1 -8 -16 -27 -41 -54 -61 -60 -52 -41 -30 -20 -9 1 12 24 36 47 55 59 58 50 37 23 10 1 -5 -12 -26 -45 -61 -68 -63 -51 -39 -28 -18 -7 5 15 24 33 45 55 61 59 49 35 21 8 -2 -9 -17 -27 -39 -52 -61 -61 -53 -41 -29 -19 -9 1 12 23 35 46 55 60 57 48 36 23 12 2 -7 -17 -29 -42 -54 -61 -61 -53 -41 -29 -19 -9 1 13 25 36 45 53 59 59 51 38 22 9 0 -7 -16 -29 -43 -54 -59 -58 -52 -43 -32 -22 -11 1 13 26 37 47 55 59 59 52 39 23 9 -3 -11 -19 -29 -41 -53 -60 -59 -52 -41 -30 -21 -11 1 13 25 37 47 56 61 60 51 37 21 7 -3 -10 -17 -27 -40 -54 -61 -60 -52 -40 -30 -20 -10 3 15 25 35 44 54 60 60 51 37 22 9 -1 -10 -19 -29 -40 -51 -59 -60 -54 -43 -30 -19 -8 3 14 25 35 45 54 60 60 52 38 22 7 -3 -10 -18 -28 -42 -53 -59 -58 -49 -39 -30 -22 -12 0 13 26 37 46 53 58 58 51 38 23 9 55 15882 304 16198
-60 -57 -48 -38 -27 -16 -5 7 17 27 38 48 56 59 56 46 32 18 5 -4 -11 -18 -29 -42 -54 -60 -58 -50 -39 -27 -16 -6 4 14 25 36 47 55 60 58 50 36 20 6 -5 -11 -18 -29 -44 -58 -64 -60 -49 -37 -27 -18 -8 3 14 24 35 49 63 70 66 50 29 11 -1 -7 -12 -19 -31 -44 -56 -61 -59 -50 -38 -27 -18 -8 5 18 31 41 49 55 60 58 49 33 17 4 -4 -10 -20 -33 -47 -57 -61 -58 -51 -40 -28 -15 -4 6 15 25 38 51 59 60 56 47 36 23 8 -5 -16 -24 -33 -45 -55 -61 -59 -50 -38 -27 -16 -5 6 18 29 39 49 56 60 57 48 33 16 3 -6 -12 -19 -31 -44 -54 -59 -57 -49 -39 -28 -16 -4 7 18 27 37 47 54 58 56 47 33 17 4 -5 -11 -18 -30 -44 -56 -59 -55 -47 -39 -29 -19 -7 6 17 27 37 48 56 59 55 45 32 18 6 -3 -10 -17 -28 -42 -54 -61 -59 -51 -40 -29 -19 -7 4 15 27 38 49 58 60 56 47 34 20 7 -2 -9 -17 -30 -45 -58 -63 -59 -49 -38 -28 -18 -7 5 17 26 36 46 56 61 58 48 35 20 8 -2 -9 -18 -30 -44 -58 -64 -61 -51 -38 -27 -16 -6 56 14161 304 16198
59 61 54 41 24 10 -1 -8 -15 -25 -39 -52 -59 -59 -51 -41 -31 -21 -10 1 12 21 30 40 51 58 59 53 39 24 10 1 -6 -13 -23 -36 -50 -59 -60 -54 -44 -33 -22 -12 -1 9 20 31 43 54 61 60 52 41 27 13 1 -9 -16 -23 -33 -48 -62 -69 -64 -49 -31 -17 -7 3 14 26 37 45 51 55 57 52 41 25 9 -2 -9 -16 -26 -39 -51 -58 -58 -52 -43 -33 -21 -8 3 13 22 32 43 52 58 58 50 38 23 10 0 -8 -15 -25 -38 -50 -58 -57 -50 -40 -30 -21 -13 -3 9 21 32 43 53 59 59 53 40 25 10 -1 -8 -15 -24 -38 -52 -61 -61 -53 -41 -30 -20 -10 0 12 23 32 41 50 57 58 52 40 25 12 1 -7 -15 -25 -38 -51 -59 -60 -53 -43 -31 -21 -11 1 13 24 34 42 50 56 57 51 39 24 11 2 -6 -14 -26 -39 -50 -57 -57 -52 -44 -33 -22 -11 0 10 21 32 44 54 59 58 51 39 25 11 0 -8 -15 -24 -37 -50 -59 -60 -54 -42 -29 -19 -11 -2 8 20 33 44 52 57 58 52 41 26 11 -1 -8 -14 -24 -37 -51 -59 -60 -53 -44 -34 -23 -12 1 13 24 34 43 51 57 58 53 42 26 10 -2 58 8830 304 16198
-60 -59 -51 -40 -30 -21 -11 1 13 23 33 43 53 60 60 51 37 23 12 3 -6 -16 -29 -43 -55 -61 -60 -53 -42 -31 -19 -8 2 13 23 34 45 55 60 59 51 38 23 10 -1 -9 -16 -26 -39 -53 -61 -61 -52 -41 -31 -22 -12 0 12 22 31 42 56 68 70 59 38 18 3 -5 -10 -18 -29 -43 -54 -60 -58 -51 -40 -30 -20 -11 1 14 26 37 46 53 59 59 52 39 22 7 -4 -10 -15 -25 -39 -53 -63 -62 -53 -40 -29 -19 -9 2 14 25 35 44 52 58 58 52 39 24 9 -2 -10 -18 -27 -40 -52 -59 -59 -51 -40 -30 -22 -13 -2 11 24 36 47 55 60 60 51 38 22 9 -1 -8 -16 -28 -42 -55 -62 -61 -52 -40 -28 -18 -10 0 12 25 37 47 54 58 57 50 38 23 9 -2 -9 -16 -26 -39 -52 -60 -60 -53 -42 -30 -20 -10 0 11 24 37 48 56 59 57 50 37 23 9 -2 -8 -15 -25 -40 -54 -62 -61 -52 -41 -30 -20 -10 3 15 26 36 44 52 58 58 51 37 21 8 -1 -7 -15 -26 -41 -54 -60 -58 -51 -41 -32 -22 -11 1 14 26 37 47 56 59 57 49 37 23 9 -2 -10 -18 -28 -41 -53 -60 -59 -51 -40 -29 -19 -9 59 2859 304 16198
56 60 58 48 35 19 6 -4 -12 -18 -28 -40 -54 -62 -61 -51 -38 -26 -16 -7 3 14 25 36 46 55 61 60 51 36 18 4 -5 -11 -18 -29 -43 -54 -59 -58 -51 -41 -29 -18 -6 4 15 26 37 48 55 59 56 49 36 21 6 -3 -9 -14 -26 -44 -61 -68 -61 -48 -35 -26 -19 -9 4 17 28 37 47 56 61 58 49 34 19 6 -5 -13 -19 -28 -41 -55 -63 -60 -49 -36 -25 -17 -9 3 17 28 37 45 54 60 59 49 33 18 6 -2 -9 -18 -30 -44 -55 -61 -59 -51 -39 -28 -18 -8 3 16 28 39 49 57 61 58 48 32 17 5 -3 -9 -18 -30 -44 -55 -60 -58 -49 -37 -26 -17 -8 2 14 27 39 48 55 58 57 49 36 19 5 -4 -10 -16 -26 -41 -56 -63 -62 -52 -40 -28 -17 -6 5 17 28 38 47 55 60 58 50 35 18 3 -7 -13 -19 -28 -41 -53 -59 -57 -49 -38 -28 -18 -7 5 15 25 35 45 55 61 59 49 34 19 7 -2 -9 -19 -31 -44 -55 -60 -57 -49 -39 -28 -18 -7 4 15 26 37 47 54 58 57 49 37 21 7 -3 -11 -18 -30 -44 -56 -61 -58 -49 -38 -27 -18 -7 3 15 26 38 47 55 58 56 49 36 21 7 59 15270 304 16198
53 57 56 47 33 17 5 -2 -8 -16 -29 -44 -57 -61 -58 -50 -38 -27 -17 -6 4 15 27 38 49 56 60 57 48 34 18 5 -3 -9 -18 -30 -46 -59 -63 -59 -49 -38 -27 -16 -5 7 17 28 38 47 55 59 56 48 34 17 4 -5 -8 -13 -25 -43 -61 -69 -64 -51 -37 -25 -15 -5 7 19 29 38 47 56 60 57 47 33 17 4 -6 -13 -19 -29 -41 -54 -61 -60 -51 -38 -26 -16 -6 4 16 28 39 49 56 60 57 48 34 18 5 -4 -11 -20 -31 -45 -57 -62 -58 -48 -36 -25 -16 -7 3 16 29 40 49 56 58 55 46 32 18 7 -2 -10 -20 -33 -47 -57 -59 -55 -46 -36 -27 -18 -8 4 16 28 38 46 54 59 58 51 37 19 4 -6 -13 -20 -30 -43 -55 -60 -58 -50 -39 -28 -17 -6 6 16 27 37 48 58 62 59 48 32 16 3 -4 -10 -18 -30 -44 -57 -62 -59 -49 -38 -27 -18 -7 5 18 29 40 49 56 59 56 47 32 17 5 -4 -11 -19 -32 -46 -57 -61 -56 -46 -36 -27 -18 -8 5 17 28 38 48 55 59 57 47 33 18 5 -4 -11 -19 -30 -43 -56 -62 -59 -50 -37 -26 -16 -6 5 17 27 38 47 55 59 57 47 33 18 5 60 3036 304 16198
56 59 57 47 31 15 3 -5 -12 -20 -32 -45 -56 -60 -57 -47 -36 -26 -16 -6 5 17 28 39 49 56 60 57 47 32 17 4 -4 -10 -19 -32 -46 -58 -62 -58 -48 -37 -26 -15 -4 7 16 26 37 49 58 60 56 46 34 20 6 -5 -13 -19 -28 -43 -58 -68 -65 -52 -36 -22 -12 -4 7 19 30 40 49 56 60 57 46 30 15 4 -4 -11 -20 -32 -46 -57 -62 -59 -48 -35 -23 -14 -5 5 16 28 39 50 57 60 56 45 30 15 3 -5 -11 -20 -31 -45 -56 -61 -57 -48 -36 -25 -16 -6 5 17 29 40 48 54 58 57 48 33 15 2 -6 -12 -19 -30 -45 -56 -60 -56 -48 -38 -27 -16 -5 7 18 28 38 48 55 59 56 47 33 18 5 -5 -12 -21 -33 -46 -57 -61 -57 -48 -37 -26 -15 -4 7 17 26 37 48 57 60 55 45 31 18 7 -2 -11 -22 -34 -47 -57 -60 -56 -47 -37 -26 -17 -6 5 17 29 40 50 57 59 55 45 31 17 5 -4 -12 -21 -32 -45 -56 -61 -57 -48 -37 -26 -16 -4 8 20 29 37 46 54 59 57 47 32 17 4 -5 -12 -21 -33 -45 -55 -59 -56 -47 -36 -26 -17 -7 5 17 29 40 50 58 61 56 45 29 15 3 60 8236 304 16198
-55 -59 -56 -46 -34 -24 -16 -7 5 18 31 41 48 54 58 55 45 29 13 3 -2 -8 -18 -33 -47 -56 -59 -56 -48 -38 -26 -15 -6 4 16 30 43 52 56 57 54 47 33 18 4 -4 -10 -19 -33 -49 -60 -62 -57 -47 -38 -27 -16 -4 5 14 26 42 58 68 67 55 39 24 13 4 -4 -13 -23 -34 -46 -56 -60 -56 -46 -35 -26 -16 -5 8 20 31 40 48 55 58 55 45 32 16 3 -7 -14 -20 -30 -42 -55 -62 -59 -49 -36 -25 -16 -6 6 19 31 41 49 55 58 56 46 32 16 3 -6 -12 -19 -31 -46 -57 -61 -57 -47 -36 -26 -16 -5 6 18 28 39 49 57 60 56 46 31 16 4 -5 -12 -22 -34 -47 -56 -59 -54 -46 -37 -28 -18 -6 6 18 30 40 50 57 59 55 44 31 17 4 -4 -12 -20 -32 -46 -58 -62 -57 -47 -36 -25 -15 -4 8 19 29 39 48 56 59 54 44 29 16 5 -3 -11 -20 -32 -45 -57 -61 -57 -47 -35 -24 -16 -7 3 16 30 42 51 57 59 55 46 32 16 3 -7 -13 -21 -31 -45 -56 -61 -57 -47 -36 -25 -15 -4 7 18 29 39 49 56 60 56 44 29 16 5 -3 -11 -22 -35 -47 -55 -59 -56 -48 -37 -25 -13 60 11073 304 16198
57 60 55 44 30 15 4 -4 -11 -21 -33 -47 -57 -61 -58 -49 -37 -26 -16 -5 6 19 32 44 52 57 59 55 45 30 14 2 -6 -12 -20 -33 -47 -58 -61 -56 -46 -35 -25 -15 -4 6 17 28 40 50 57 59 55 46 33 17 3 -5 -10 -17 -31 -51 -67 -70 -60 -44 -30 -21 -14 -4 9 21 31 40 49 56 59 55 44 29 15 3 -6 -13 -22 -32 -45 -55 -60 -57 -48 -37 -26 -16 -5 6 18 31 43 52 58 59 55 45 31 15 3 -6 -12 -22 -35 -49 -59 -60 -55 -46 -36 -24 -12 -1 8 15 24 38 52 61 62 55 43 29 15 3 -7 -15 -22 -32 -45 -56 -61 -56 -45 -34 -24 -16 -5 6 18 29 40 50 57 59 54 42 29 16 6 -3 -11 -22 -34 -46 -55 -59 -55 -47 -37 -26 -16 -6 5 17 28 40 50 58 61 58 47 31 14 2 -5 -11 -19 -33 -48 -58 -61 -56 -47 -37 -27 -16 -4 7 18 28 40 52 60 61 55 44 29 14 2 -7 -13 -20 -31 -46 -58 -62 -56 -45 -34 -25 -17 -6 7 20 31 40 49 56 60 56 44 28 13 2 -5 -10 -18 -31 -46 -59 -62 -57 -47 -35 -25 -15 -4 9 20 30 39 47 55 59 56 44 29 14 3 60 14861 304 16198
-59 -53 -44 -32 -21 -10 0 10 21 34 46 56 60 59 52 40 25 10 -1 -8 -14 -25 -40 -55 -64 -62 -52 -40 -30 -21 -11 0 12 23 33 43 53 60 61 53 40 24 11 0 -8 -16 -26 -39 -52 -61 -61 -53 -42 -32 -23 -12 0 12 22 30 41 54 65 69 60 41 21 7 -2 -9 -18 -30 -42 -53 -60 -60 -54 -42 -29 -18 -9 -1 10 23 35 46 53 58 59 53 41 25 9 -2 -9 -15 -25 -40 -54 -62 -61 -53 -42 -31 -20 -9 2 13 23 33 43 53 60 61 53 40 23 9 -2 -9 -16 -26 -39 -52 -59 -59 -52 -42 -31 -20 -10 1 12 23 33 43 52 58 59 52 39 24 10 0 -8 -16 -27 -39 -51 -58 -58 -52 -42 -31 -21 -11 -1 10 21 32 43 53 60 60 52 38 24 11 2 -5 -15 -27 -40 -52 -60 -60 -53 -43 -32 -21 -11 -1 11 23 34 44 53 58 59 53 40 25 12 2 -6 -15 -27 -40 -53 -60 -60 -54 -44 -33 -23 -12 -1 11 24 35 46 55 61 61 54 40 23 9 -1 -8 -16 -27 -41 -53 -60 -60 -53 -42 -31 -20 -10 0 11 23 34 46 55 61 60 51 37 22 9 0 -8 -16 -26 -39 -51 -59 -60 -53 -42 -30 -20 -11 -2 65 6278 304 16198
-61 -58 -50 -40 -28 -17 -6 5 15 26 37 47 55 59 57 50 37 20 5 -5 -10 -17 -27 -43 -57 -63 -60 -50 -38 -27 -17 -7 4 14 25 37 48 57 60 58 49 36 20 6 -4 -11 -18 -29 -44 -57 -63 -59 -49 -38 -28 -18 -7 4 14 23 33 48 62 69 64 49 30 14 3 -5 -12 -20 -29 -41 -52 -59 -59 -52 -40 -28 -18 -7 4 17 29 38 47 54 58 57 49 34 18 6 -1 -8 -17 -30 -44 -55 -60 -59 -52 -42 -29 -16 -6 3 13 24 38 51 58 60 56 48 36 22 8 -3 -10 -17 -29 -45 -58 -64 -60 -50 -39 -29 -19 -8 4 17 29 39 48 56 60 58 50 35 19 5 -4 -11 -18 -29 -44 -57 -63 -61 -52 -40 -28 -17 -6 6 18 29 39 49 55 58 55 48 36 21 7 -4 -12 -20 -31 -45 -57 -62 -58 -47 -36 -27 -19 -9 3 16 28 39 49 57 60 57 48 35 20 6 -4 -13 -20 -31 -44 -56 -61 -57 -48 -37 -27 -18 -7 4 16 26 37 47 56 60 59 50 35 19 4 -6 -12 -19 -29 -43 -55 -61 -58 -49 -38 -28 -17 -7 4 15 26 38 48 56 60 57 48 34 19 5 -4 -10 -18 -30 -45 -57 -62 -57 -48 -37 -28 -18 -8 69 11715 304 16198
59 63 58 46 30 14 2 -6 -13 -21 -33 -46 -56 -61 -58 -50 -37 -25 -13 -4 5 16 28 42 53 59 60 55 46 33 17 3 -7 -13 -20 -32 -47 -60 -64 -59 -49 -37 -26 -15 -3 8 19 30 42 53 59 59 54 44 31 16 2 -8 -13 -17 -27 -44 -61 -68 -62 -47 -33 -23 -15 -6 7 19 29 39 50 60 65 59 46 30 15 4 -5 -13 -23 -35 -48 -59 -65 -61 -49 -35 -21 -12 -3 7 19 31 41 50 57 60 57 47 30 14 1 -6 -12 -21 -34 -49 -59 -62 -57 -46 -34 -23 -15 -6 5 18 31 42 51 57 60 57 47 31 14 1 -5 -10 -18 -32 -49 -61 -64 -58 -47 -36 -27 -17 -5 8 22 33 43 51 57 60 57 46 30 13 0 -7 -12 -20 -32 -46 -57 -60 -57 -49 -39 -27 -16 -4 7 18 30 43 53 59 60 55 46 32 16 2 -7 -14 -21 -33 -48 -60 -64 -58 -47 -35 -25 -15 -4 8 20 31 40 49 58 61 58 47 31 15 2 -6 -13 -22 -35 -48 -58 -60 -56 -47 -36 -25 -15 -4 7 17 29 41 52 60 61 56 44 30 15 3 -5 -12 -21 -34 -49 -60 -62 -55 -45 -35 -26 -16 -5 7 18 29 41 52 60 61 55 45 32 18 4 70 10443 304 16198
-61 -55 -45 -33 -23 -13 -2 10 22 32 42 51 58 59 53 41 27 14 3 -5 -14 -25 -38 -51 -59 -61 -56 -46 -34 -22 -11 0 10 21 31 42 52 59 60 53 41 27 13 3 -5 -14 -23 -36 -49 -59 -62 -57 -47 -35 -23 -12 -2 8 18 28 40 55 67 70 62 44 24 8 -3 -10 -17 -25 -37 -49 -59 -61 -56 -44 -32 -22 -13 -3 9 22 33 42 50 57 61 57 43 25 9 0 -5 -11 -22 -37 -51 -60 -61 -55 -46 -36 -25 -13 -2 10 21 32 43 52 58 59 54 44 30 15 2 -8 -16 -25 -36 -48 -58 -61 -58 -49 -37 -25 -12 0 11 22 33 45 55 61 61 54 42 28 13 0 -9 -17 -25 -36 -49 -60 -62 -57 -45 -33 -22 -12 -2 9 20 31 42 52 59 61 55 44 30 15 3 -7 -15 -25 -37 -50 -60 -63 -58 -48 -36 -23 -12 -1 10 21 32 44 55 62 63 56 42 25 10 -1 -7 -13 -22 -35 -49 -59 -62 -56 -46 -35 -24 -13 -2 9 20 33 45 54 59 59 53 42 28 12 0 -8 -14 -21 -34 -48 -59 -62 -55 -45 -34 -24 -14 -3 9 20 31 42 51 57 58 53 43 31 16 3 -7 -14 -22 -33 -47 -59 -63 -58 -47 -35 -25 -15 -4 71 4022 304 16198
-60 -57 -49 -42 -35 -26 -13 1 13 22 31 42 53 60 60 52 40 27 13 2 -8 -16 -25 -38 -52 -61 -62 -54 -43 -32 -22 -12 0 12 23 32 42 52 60 61 54 40 25 12 2 -5 -15 -26 -40 -51 -58 -58 -54 -46 -37 -24 -11 1 10 17 27 42 58 68 67 56 39 24 10 -1 -9 -17 -26 -38 -51 -61 -63 -56 -44 -31 -21 -11 -1 11 24 35 45 53 58 58 52 41 27 12 0 -9 -15 -24 -36 -50 -61 -63 -57 -45 -32 -22 -12 -1 12 24 35 43 51 57 59 54 43 28 13 1 -8 -17 -27 -39 -51 -59 -60 -54 -44 -33 -22 -12 -2 10 23 35 46 55 59 58 52 40 25 11 -1 -8 -14 -22 -36 -51 -62 -63 -55 -43 -32 -22 -12 -1 11 22 32 42 51 59 62 55 42 26 11 1 -7 -16 -26 -38 -50 -58 -59 -55 -45 -34 -24 -13 -2 10 22 35 46 55 60 59 53 41 27 14 3 -6 -16 -27 -40 -52 -59 -60 -55 -47 -35 -23 -11 0 10 21 33 46 57 62 61 53 40 25 11 0 -9 -16 -25 -37 -51 -60 -62 -55 -45 -33 -23 -12 0 13 23 33 43 53 60 61 54 41 25 11 0 -8 -15 -25 -38 -51 -60 -62 -56 -44 -32 -20 -11 71 11121 304 16198
-59 -60 -54 -44 -31 -20 -10 -1 10 23 34 45 53 58 59 53 41 25 9 -2 -8 -14 -24 -37 -51 -60 -60 -54 -44 -33 -23 -12 -2 10 22 35 46 55 60 59 53 40 25 10 -1 -8 -14 -23 -37 -52 -61 -61 -54 -44 -34 -24 -12 -1 10 19 30 44 59 68 67 56 38 21 8 -2 -9 -18 -28 -40 -52 -60 -60 -53 -42 -31 -20 -11 0 12 23 34 45 54 60 59 52 39 24 10 -1 -9 -16 -25 -36 -48 -58 -61 -56 -46 -33 -20 -10 0 9 19 31 44 55 62 62 55 42 27 12 0 -10 -18 -28 -40 -54 -62 -62 -54 -41 -29 -20 -12 -3 10 24 37 48 54 58 58 54 42 25 8 -3 -9 -14 -24 -40 -55 -63 -60 -51 -42 -34 -23 -9 5 16 23 29 40 54 62 62 52 38 24 12 2 -8 -17 -28 -39 -51 -59 -61 -55 -44 -32 -21 -11 0 13 25 35 44 52 58 60 55 42 26 10 -3 -10 -17 -27 -39 -51 -59 -60 -54 -44 -32 -20 -8 2 11 21 33 45 55 59 58 51 40 25 10 -2 -10 -16 -24 -37 -52 -61 -61 -53 -43 -32 -22 -10 2 13 23 33 43 53 59 58 51 39 25 11 0 -8 -15 -23 -36 -50 -61 -63 -56 -44 -31 -20 -11 72 412 304 16198
56 60 57 48 33 17 3 -7 -12 -18 -28 -43 -57 -64 -59 -48 -35 -26 -18 -9 4 18 31 41 50 56 58 55 46 32 17 5 -4 -11 -19 -32 -45 -56 -60 -57 -50 -40 -29 -17 -6 6 17 29 40 50 57 59 56 46 33 17 4 -5 -9 -14 -27 -45 -62 -69 -64 -52 -37 -25 -15 -4 8 20 31 40 49 57 61 58 48 33 16 2 -7 -13 -19 -31 -46 -59 -63 -57 -47 -36 -27 -18 -7 5 17 28 39 50 58 62 58 48 35 19 5 -5 -13 -21 -33 -47 -60 -65 -60 -48 -36 -26 -17 -6 6 19 30 40 49 57 61 58 47 32 16 3 -5 -10 -18 -30 -45 -58 -63 -59 -48 -36 -26 -16 -6 6 16 27 37 48 58 62 59 48 32 16 4 -4 -11 -20 -33 -46 -57 -61 -58 -49 -37 -25 -14 -4 6 15 25 36 48 58 63 60 49 32 15 2 -6 -11 -18 -30 -44 -57 -63 -59 -49 -37 -26 -16 -7 4 15 27 39 50 59 64 60 48 31 15 2 -5 -10 -18 -29 -44 -56 -62 -60 -51 -39 -28 -18 -7 4 16 28 40 50 58 62 60 50 34 19 5 -4 -13 -23 -35 -48 -58 -61 -57 -48 -37 -27 -17 -7 4 17 29 40 50 58 61 59 49 35 18 4 73 9390 304 16198
-61 -56 -46 -35 -25 -15 -5 5 16 27 38 48 56 58 55 45 32 18 6 -2 -9 -18 -31 -46 -58 -62 -58 -48 -38 -28 -17 -6 5 17 29 40 51 58 60 54 44 30 17 5 -3 -10 -18 -30 -44 -56 -60 -57 -48 -38 -28 -18 -6 5 14 22 34 48 62 68 63 49 31 16 4 -5 -13 -23 -34 -46 -57 -61 -58 -49 -36 -24 -14 -4 5 16 27 39 50 58 61 56 45 31 17 4 -5 -12 -20 -31 -45 -57 -61 -58 -47 -35 -24 -14 -4 6 16 26 37 49 58 61 57 46 31 16 4 -4 -12 -20 -32 -46 -57 -62 -58 -48 -36 -25 -15 -5 6 18 29 39 47 54 58 57 48 33 16 2 -7 -12 -19 -31 -46 -58 -62 -57 -47 -36 -26 -15 -5 6 17 28 39 50 59 62 57 45 29 14 2 -5 -11 -19 -31 -45 -56 -61 -59 -50 -39 -26 -15 -3 8 18 29 40 50 57 60 57 47 32 15 2 -7 -12 -19 -31 -46 -58 -62 -58 -49 -38 -27 -16 -4 7 19 30 41 51 59 61 56 46 32 18 5 -5 -14 -24 -35 -46 -56 -60 -57 -49 -38 -26 -15 -4 7 18 29 40 49 56 58 56 47 34 18 5 -5 -13 -21 -32 -45 -57 -62 -58 -49 -37 -25 -15 -5 73 11953 304 16198
56 59 56 47 34 19 5 -7 -16 -25 -35 -47 -58 -62 -57 -46 -33 -23 -14 -5 6 18 29 40 50 57 59 55 44 30 15 3 -5 -11 -20 -32 -47 -58 -62 -57 -47 -35 -24 -15 -5 7 18 30 40 49 55 57 54 45 32 18 6 -3 -10 -18 -31 -49 -63 -68 -61 -47 -33 -22 -14 -4 7 19 30 40 49 57 61 57 46 31 15 4 -5 -13 -23 -35 -48 -57 -60 -55 -46 -36 -26 -16 -5 6 18 30 41 51 58 61 57 46 30 13 1 -6 -11 -19 -33 -48 -59 -62 -56 -46 -36 -26 -15 -3 8 19 29 39 50 58 60 55 44 30 15 3 -5 -11 -20 -33 -49 -59 -61 -55 -45 -35 -26 -15 -3 8 18 27 39 50 59 60 54 43 30 17 5 -5 -13 -21 -32 -45 -57 -62 -58 -47 -35 -26 -16 -6 7 19 30 41 51 60 62 55 42 27 14 3 -5 -12 -20 -31 -45 -56 -61 -58 -48 -36 -26 -16 -5 7 19 30 39 49 58 63 59 47 30 13 1 -7 -13 -21 -33 -47 -58 -62 -57 -46 -35 -24 -14 -4 7 18 29 40 51 59 60 54 42 28 15 5 -4 -13 -22 -34 -46 -56 -61 -57 -48 -35 -24 -15 -5 6 18 30 40 49 56 60 56 46 30 15 4 73 14790 304 16198
-62 -55 -44 -32 -22 -12 -1 11 22 32 41 49 57 59 53 40 25 12 2 -6 -13 -23 -36 -48 -57 -59 -54 -45 -34 -23 -12 -1 10 20 31 41 51 58 59 53 41 27 13 3 -5 -12 -22 -35 -50 -60 -62 -55 -44 -34 -25 -15 -3 10 21 30 40 52 64 68 60 43 23 7 -2 -9 -16 -25 -37 -49 -57 -59 -54 -44 -33 -22 -12 -1 11 23 33 41 50 57 60 55 42 24 9 0 -5 -12 -24 -38 -51 -58 -58 -53 -45 -35 -24 -12 0 10 21 31 43 53 59 59 53 42 27 12 0 -9 -15 -24 -36 -50 -59 -60 -53 -41 -31 -22 -14 -3 10 23 33 41 50 57 60 55 41 24 9 0 -6 -12 -22 -36 -49 -58 -59 -54 -45 -34 -23 -12 -1 10 21 32 42 52 58 59 53 41 26 12 1 -7 -14 -23 -36 -50 -59 -60 -54 -44 -34 -24 -13 -1 11 22 32 41 51 58 60 54 40 24 11 2 -5 -13 -24 -37 -50 -58 -60 -55 -45 -33 -22 -11 -1 10 21 32 42 50 56 58 53 42 27 13 2 -6 -13 -22 -35 -48 -58 -61 -56 -46 -35 -23 -13 -2 10 21 33 44 53 59 60 54 42 27 12 0 -9 -15 -24 -36 -49 -59 -62 -56 -45 -33 -22 -11 0 74 11644 304 16198
-57 -58 -53 -43 -33 -22 -11 1 13 26 36 45 51 55 55 49 39 25 11 0 -7 -15 -25 -38 -52 -59 -59 -52 -41 -31 -22 -12 -1 12 24 35 44 52 57 58 53 41 25 10 -2 -9 -15 -24 -38 -52 -60 -59 -52 -42 -33 -23 -11 0 10 19 30 44 59 69 68 55 36 18 4 -4 -10 -18 -28 -40 -51 -58 -57 -51 -40 -30 -20 -10 1 12 22 33 44 54 59 58 49 37 23 10 0 -9 -17 -26 -38 -50 -58 -59 -52 -41 -30 -21 -11 1 13 24 33 41 49 56 58 52 39 24 10 1 -5 -13 -25 -40 -53 -60 -59 -53 -43 -33 -22 -11 1 13 24 35 44 53 58 58 52 40 25 10 -1 -10 -17 -27 -39 -52 -59 -59 -52 -41 -30 -20 -10 1 12 22 33 44 54 60 59 50 37 22 10 0 -8 -16 -27 -39 -51 -59 -59 -52 -42 -31 -21 -11 1 13 24 34 44 54 59 59 51 37 21 8 -1 -7 -13 -24 -39 -53 -60 -59 -53 -43 -33 -22 -9 5 16 24 33 43 54 61 59 49 35 22 10 0 -8 -17 -27 -39 -51 -59 -59 -52 -42 -31 -20 -8 3 14 24 32 42 51 57 58 51 39 23 10 -1 -9 -16 -25 -38 -51 -60 -60 -53 -41 -30 -20 -10 75 7085 304 16198
52 58 58 52 39 21 6 -3 -9 -15 -25 -40 -53 -61 -59 -51 -40 -30 -20 -10 0 12 24 36 47 55 59 57 49 36 21 8 -1 -8 -16 -26 -39 -51 -59 -60 -54 -43 -31 -18 -7 2 12 23 34 45 53 57 56 50 39 24 10 -1 -6 -11 -22 -39 -57 -69 -68 -57 -42 -28 -16 -5 5 15 24 34 46 56 60 57 47 33 21 10 2 -7 -17 -29 -41 -53 -59 -58 -51 -41 -30 -21 -11 1 13 25 36 46 54 59 59 51 37 21 7 -2 -9 -16 -27 -40 -53 -60 -59 -52 -41 -29 -19 -9 1 11 22 33 44 54 60 60 52 38 22 8 -2 -8 -16 -27 -41 -53 -60 -59 -52 -42 -31 -21 -10 2 14 26 36 46 53 58 57 50 38 22 8 -3 -10 -16 -25 -38 -52 -60 -60 -52 -41 -30 -21 -11 1 14 25 35 44 53 59 59 51 37 21 9 1 -7 -16 -28 -42 -53 -59 -58 -51 -41 -31 -21 -10 2 14 25 35 43 52 59 61 54 39 21 6 -4 -10 -17 -28 -40 -51 -57 -57 -51 -42 -31 -20 -10 1 12 23 34 45 54 59 59 53 39 22 7 -3 -9 -16 -26 -40 -53 -60 -60 -53 -42 -31 -20 -9 1 13 24 36 46 55 60 59 52 37 20 5 75 10397 304 16198
-57 -50 -40 -30 -21 -9 3 16 27 37 46 55 59 57 48 34 19 6 -3 -11 -18 -27 -40 -52 -61 -60 -51 -38 -27 -17 -8 2 15 27 37 46 54 58 57 48 34 20 8 -1 -8 -17 -30 -44 -56 -61 -58 -48 -36 -26 -18 -9 2 13 23 31 40 53 65 69 60 40 19 2 -7 -13 -21 -33 -45 -55 -59 -57 -49 -38 -26 -15 -6 4 14 24 35 46 55 60 59 49 35 19 6 -2 -9 -16 -28 -43 -56 -62 -59 -49 -38 -27 -19 -9 2 14 27 38 47 54 59 57 49 34 19 6 -2 -8 -16 -28 -43 -56 -61 -58 -49 -38 -28 -18 -9 1 13 25 36 46 54 58 57 50 37 21 6 -5 -11 -16 -25 -38 -53 -62 -61 -52 -39 -28 -19 -9 1 14 26 37 46 54 59 57 48 35 20 7 -3 -10 -18 -27 -39 -51 -59 -59 -52 -40 -27 -16 -6 3 13 24 35 45 52 56 56 49 37 22 8 -2 -10 -18 -29 -41 -53 -59 -59 -51 -40 -27 -16 -5 4 14 23 34 45 53 58 57 49 36 21 7 -4 -11 -18 -27 -40 -52 -59 -58 -50 -39 -29 -19 -9 3 15 26 36 46 54 59 57 49 35 21 9 0 -8 -18 -30 -43 -55 -60 -59 -51 -40 -29 -18 -7 4 76 3001 304 16198
56 61 59 49 33 17 4 -4 -11 -19 -31 -44 -56 -61 -59 -50 -39 -27 -16 -6 4 16 28 40 49 55 59 57 49 35 18 4 -6 -12 -19 -32 -46 -57 -60 -55 -46 -37 -28 -19 -8 3 15 26 38 49 57 61 58 49 35 18 4 -4 -8 -14 -27 -46 -63 -70 -64 -51 -38 -26 -16 -4 9 20 30 39 48 56 59 56 47 34 19 5 -6 -13 -20 -29 -43 -57 -63 -60 -49 -37 -27 -19 -8 5 18 30 39 48 57 62 58 47 32 17 5 -3 -11 -21 -33 -46 -57 -62 -58 -49 -37 -27 -17 -6 6 19 30 39 48 56 60 58 48 32 16 3 -6 -12 -20 -31 -43 -54 -59 -57 -49 -39 -28 -18 -7 5 17 28 39 49 57 61 58 48 33 17 5 -4 -12 -20 -32 -45 -57 -62 -58 -48 -37 -26 -17 -7 5 18 29 40 49 56 59 56 47 33 19 7 -3 -11 -21 -33 -47 -59 -63 -59 -48 -34 -23 -14 -6 4 15 26 38 49 57 61 58 47 33 17 4 -5 -12 -20 -31 -43 -55 -61 -59 -50 -38 -26 -15 -5 6 17 27 37 47 55 60 59 48 33 17 5 -3 -9 -19 -33 -47 -58 -62 -58 -48 -36 -25 -16 -7 3 14 27 40 50 58 62 59 49 33 15 2 76 12462 304 16198
58 60 54 43 27 13 1 -6 -12 -21 -34 -48 -58 -62 -56 -46 -34 -24 -14 -3 9 21 31 40 49 57 60 56 44 28 12 1 -6 -13 -22 -35 -48 -59 -61 -56 -45 -33 -23 -13 -3 8 20 32 42 50 55 57 53 43 29 14 3 -4 -9 -18 -32 -49 -64 -68 -60 -46 -32 -21 -12 -3 9 21 32 41 50 57 60 55 43 27 12 2 -5 -12 -22 -35 -48 -57 -60 -56 -47 -35 -24 -14 -4 7 19 31 43 52 58 59 55 45 30 14 1 -7 -13 -21 -33 -47 -58 -61 -56 -46 -36 -25 -15 -3 10 22 32 41 50 57 60 55 43 27 12 2 -4 -10 -21 -35 -49 -59 -61 -55 -46 -36 -26 -14 -3 9 19 29 40 51 59 62 56 44 29 14 3 -5 -13 -22 -35 -49 -60 -63 -58 -47 -34 -22 -12 -3 7 19 32 43 52 57 59 56 45 29 12 -1 -7 -12 -20 -33 -48 -58 -60 -55 -46 -37 -25 -14 -3 7 16 28 42 55 62 61 54 43 30 16 3 -7 -15 -24 -35 -49 -59 -61 -55 -45 -34 -24 -13 -2 9 20 31 41 50 57 58 54 44 30 15 2 -7 -14 -22 -34 -48 -59 -61 -55 -45 -34 -24 -14 -4 7 19 30 41 52 59 60 55 43 28 14 2 77 10278 304 16198
56 59 57 47 33 18 5 -4 -12 -20 -31 -45 -56 -60 -57 -47 -36 -27 -18 -8 4 18 29 39 47 54 58 56 48 34 19 6 -4 -11 -19 -30 -44 -56 -62 -59 -49 -36 -26 -17 -7 3 15 26 38 48 56 59 57 49 36 20 6 -4 -10 -16 -27 -44 -61 -71 -67 -53 -36 -23 -14 -4 7 19 29 39 48 56 61 59 49 32 15 3 -4 -10 -18 -31 -47 -59 -63 -59 -49 -38 -27 -17 -5 7 18 29 39 49 58 61 57 45 30 15 4 -4 -10 -18 -31 -45 -57 -62 -58 -49 -38 -27 -17 -7 5 18 30 40 48 54 58 56 49 35 19 4 -6 -12 -19 -30 -44 -56 -62 -60 -51 -39 -27 -16 -5 6 17 27 38 48 57 61 58 49 34 19 6 -3 -11 -21 -34 -49 -59 -62 -57 -48 -37 -26 -15 -4 7 18 28 38 47 55 58 56 48 35 19 5 -5 -12 -19 -30 -44 -57 -62 -58 -49 -38 -27 -17 -6 6 19 29 38 47 54 59 58 49 34 18 3 -6 -12 -18 -29 -43 -56 -62 -59 -50 -38 -28 -18 -7 5 18 29 39 48 56 60 58 48 33 17 4 -5 -12 -19 -30 -43 -55 -62 -60 -51 -38 -26 -16 -5 6 17 27 36 47 57 62 58 47 32 19 10 89 15241 304 16198
-57 -60 -55 -44 -31 -19 -10 -2 9 20 31 41 50 56 58 52 40 25 11 2 -4 -12 -23 -38 -51 -58 -58 -52 -43 -34 -24 -13 -1 11 22 31 40 50 57 59 54 43 28 13 1 -8 -16 -25 -37 -49 -56 -57 -52 -44 -35 -24 -12 -1 8 16 27 42 58 69 67 54 36 19 8 0 -8 -16 -25 -37 -48 -57 -59 -53 -42 -30 -20 -12 -2 10 22 33 42 50 57 59 53 40 23 8 -2 -7 -12 -22 -35 -48 -57 -59 -54 -44 -33 -22 -11 0 11 22 32 41 49 55 57 52 40 25 11 1 -6 -13 -23 -37 -50 -58 -59 -52 -42 -32 -22 -13 -2 10 22 33 43 50 55 56 51 41 26 12 1 -7 -14 -24 -36 -49 -57 -58 -51 -41 -32 -23 -14 -3 9 21 33 44 52 57 57 51 39 25 11 1 -6 -13 -23 -36 -49 -57 -58 -52 -43 -33 -24 -14 -2 10 21 31 41 51 58 59 53 41 26 12 0 -9 -15 -23 -34 -47 -57 -60 -55 -44 -32 -21 -12 -3 9 22 33 43 51 56 57 51 40 25 11 1 -6 -12 -21 -35 -49 -58 -60 -55 -44 -32 -21 -11 0 10 21 32 41 49 55 56 52 41 26 12 1 -6 -12 -22 -36 -49 -58 -59 -52 -42 -31 -21 -13 91 3760 304 16198
50 54 52 47 39 30 20 7 -7 -20 -31 -41 -52 -59 -59 -52 -41 -30 -20 -10 2 14 26 35 43 50 56 56 49 36 21 9 0 -6 -13 -25 -39 -52 -59 -58 -50 -40 -29 -19 -9 2 12 22 32 42 51 56 56 50 38 23 8 -2 -6 -10 -19 -37 -57 -68 -64 -49 -33 -23 -18 -11 -1 12 24 33 41 49 55 57 51 38 23 8 -2 -8 -14 -23 -36 -50 -59 -59 -51 -40 -30 -21 -11 0 13 25 35 44 51 57 57 50 37 21 7 -3 -9 -15 -25 -38 -51 -58 -57 -49 -38 -28 -19 -10 0 11 22 33 44 52 57 55 47 35 21 8 -1 -8 -14 -23 -35 -48 -57 -58 -52 -42 -31 -20 -9 2 12 22 31 41 51 58 58 50 36 22 10 2 -5 -14 -27 -41 -53 -59 -56 -48 -38 -29 -21 -12 -1 11 23 33 43 52 58 59 51 37 21 7 -2 -8 -15 -25 -38 -50 -57 -57 -51 -41 -30 -20 -11 -1 10 22 33 44 52 58 58 52 38 22 8 -2 -8 -15 -26 -40 -51 -57 -56 -50 -41 -30 -19 -8 3 12 21 31 42 52 57 57 50 38 25 11 0 -10 -19 -28 -39 -49 -56 -57 -51 -41 -30 -20 -9 2 13 24 33 42 50 56 56 50 38 22 9 98 7907 304 16198
-58 -51 -41 -31 -22 -11 1 13 23 32 41 51 58 59 52 38 21 8 -1 -7 -13 -24 -38 -51 -59 -58 -49 -38 -29 -21 -14 -3 10 23 33 41 48 54 58 55 43 25 9 -2 -8 -13 -22 -35 -49 -58 -59 -53 -44 -34 -23 -11 1 12 19 26 38 53 66 70 59 40 20 6 -3 -9 -17 -28 -40 -51 -58 -58 -52 -42 -30 -20 -10 1 13 25 34 42 49 56 58 53 39 23 9 0 -6 -15 -27 -40 -52 -58 -57 -50 -41 -31 -22 -12 -1 11 23 34 44 52 58 58 51 38 23 10 1 -7 -16 -27 -40 -51 -57 -57 -52 -42 -31 -20 -11 -1 10 22 35 45 53 58 58 51 38 21 7 -2 -6 -12 -23 -38 -52 -59 -58 -52 -43 -33 -21 -9 2 12 22 31 42 52 58 58 51 39 25 11 0 -9 -17 -26 -38 -50 -58 -59 -52 -41 -30 -19 -10 0 10 21 32 43 51 57 57 51 40 26 12 1 -7 -16 -26 -39 -51 -59 -59 -52 -41 -30 -19 -10 0 10 22 34 44 51 56 56 52 41 26 10 -3 -10 -16 -24 -36 -49 -57 -57 -51 -42 -33 -23 -12 0 12 22 33 44 53 59 58 51 39 25 11 -1 -10 -18 -26 -38 -51 -59 -59 -50 -39 -29 -21 -11 0 101 9793 304 16198
-58 -56 -49 -38 -29 -20 -10 3 15 24 32 40 49 56 57 50 37 22 10 1 -6 -14 -26 -40 -52 -60 -59 -51 -40 -28 -19 -10 0 12 23 34 43 52 57 57 50 37 23 10 0 -7 -16 -26 -39 -50 -57 -58 -53 -44 -33 -22 -10 1 10 20 32 47 60 68 64 51 33 16 5 -3 -9 -16 -27 -40 -51 -59 -59 -52 -42 -30 -19 -8 3 14 25 35 45 53 58 57 49 36 21 8 -2 -9 -16 -27 -41 -53 -59 -57 -49 -38 -27 -17 -8 1 10 20 31 43 52 58 57 50 38 23 9 -2 -10 -16 -25 -37 -49 -58 -58 -52 -41 -31 -21 -11 0 12 24 34 44 52 58 58 51 37 21 8 -1 -7 -14 -26 -41 -54 -60 -58 -50 -40 -29 -19 -9 2 12 23 34 45 54 59 58 49 36 21 7 -3 -10 -16 -25 -38 -50 -57 -58 -51 -42 -32 -21 -9 3 14 25 35 44 52 57 56 49 37 22 8 -3 -9 -15 -25 -39 -52 -59 -57 -49 -40 -30 -19 -7 4 13 20 29 42 55 61 58 47 34 22 12 2 -7 -16 -26 -39 -51 -59 -60 -52 -41 -29 -20 -11 0 12 24 35 45 53 59 59 51 37 21 8 -1 -8 -17 -29 -42 -52 -57 -55 -49 -41 -32 -21 -9 101 15942 304 16198
55 60 58 49 34 18 5 -4 -11 -18 -29 -42 -54 -60 -57 -49 -38 -28 -18 -8 4 15 26 36 47 56 60 57 47 33 18 5 -5 -12 -18 -26 -38 -52 -61 -61 -51 -37 -27 -20 -12 1 18 32 41 45 49 55 59 54 39 20 4 -4 -8 -16 -30 -48 -63 -68 -62 -47 -32 -20 -12 -5 4 15 27 37 45 52 56 55 48 34 18 5 -4 -10 -17 -29 -43 -55 -59 -55 -47 -37 -28 -19 -8 3 14 25 36 48 57 60 56 46 32 18 6 -3 -11 -19 -29 -41 -53 -60 -58 -49 -38 -27 -18 -8 4 16 27 36 45 53 58 58 49 35 19 5 -5 -12 -18 -27 -40 -52 -59 -58 -50 -39 -27 -17 -7 4 14 25 35 46 55 60 58 49 34 18 5 -4 -10 -18 -29 -43 -54 -59 -55 -47 -37 -28 -18 -8 3 14 24 35 45 54 59 57 49 35 20 7 -2 -9 -17 -28 -42 -55 -61 -58 -49 -38 -28 -20 -10 2 14 26 37 48 56 60 57 48 35 20 6 -4 -11 -18 -28 -41 -54 -62 -60 -50 -38 -27 -18 -8 4 17 27 36 45 54 60 59 49 34 18 6 -3 -11 -19 -30 -42 -52 -59 -58 -51 -39 -28 -18 -8 2 15 27 38 47 54 59 57 49 35 20 6 106 1233 304 16198
54 60 60 52 38 22 9 -2 -11 -20 -30 -42 -52 -58 -58 -52 -42 -30 -19 -8 3 14 25 36 45 53 58 58 51 37 21 7 -2 -8 -15 -27 -41 -54 -61 -60 -52 -41 -30 -20 -10 1 13 26 37 47 55 59 59 52 39 22 6 -3 -7 -12 -24 -43 -61 -70 -65 -51 -37 -25 -16 -6 5 17 26 35 43 52 59 59 51 37 20 6 -3 -10 -17 -27 -42 -55 -61 -58 -49 -38 -29 -20 -11 2 14 26 36 45 54 60 59 51 37 21 8 -2 -9 -18 -29 -42 -53 -59 -58 -51 -41 -31 -20 -8 4 15 25 35 45 55 60 59 50 35 19 5 -4 -9 -15 -24 -38 -52 -61 -60 -53 -42 -31 -20 -8 4 15 25 35 44 52 58 58 52 39 23 8 -3 -11 -18 -28 -41 -54 -61 -60 -52 -40 -29 -18 -7 4 15 25 35 44 52 58 58 51 38 22 7 -3 -10 -16 -27 -41 -54 -61 -58 -50 -39 -29 -20 -9 2 13 24 34 46 56 61 58 49 35 20 7 -1 -7 -15 -26 -41 -55 -62 -59 -50 -39 -29 -20 -10 1 13 24 35 46 55 60 59 50 36 22 9 -1 -9 -18 -29 -42 -53 -60 -58 -51 -41 -31 -21 -10 3 16 27 36 45 53 59 58 50 36 21 7 108 14364 304 16198
54 58 57 50 37 21 7 -2 -8 -15 -27 -42 -55 -62 -59 -51 -41 -31 -20 -9 3 15 27 38 47 55 59 58 49 36 21 8 -2 -10 -17 -29 -43 -56 -62 -59 -50 -38 -27 -18 -9 1 13 25 37 47 56 60 59 51 37 21 7 -2 -8 -15 -28 -45 -61 -68 -63 -49 -35 -24 -17 -9 1 14 28 39 48 55 59 57 49 35 20 8 -2 -9 -18 -30 -45 -56 -62 -59 -50 -39 -29 -18 -7 5 16 27 37 46 54 58 57 49 36 22 8 -2 -10 -19 -29 -43 -54 -60 -59 -51 -40 -30 -19 -9 3 16 28 39 47 54 58 57 50 37 21 7 -4 -11 -18 -29 -42 -54 -60 -58 -51 -40 -30 -19 -8 4 15 26 36 47 56 61 59 50 36 19 5 -4 -10 -17 -27 -42 -55 -62 -61 -52 -40 -29 -18 -7 4 16 28 38 47 55 58 57 48 35 20 8 -1 -8 -17 -30 -45 -57 -61 -58 -50 -40 -29 -19 -8 3 15 26 38 50 59 62 58 47 32 17 4 -4 -9 -16 -27 -42 -55 -62 -59 -50 -39 -29 -19 -7 5 17 27 36 46 54 60 58 49 35 20 7 -3 -11 -19 -30 -43 -54 -60 -58 -49 -37 -26 -17 -10 0 12 26 39 49 55 58 56 49 36 21 7 118 15171 304 16198
-60 -56 -48 -39 -28 -16 -3 9 19 28 39 50 57 59 54 44 31 17 5 -4 -11 -20 -31 -45 -57 -61 -57 -47 -36 -27 -17 -6 5 17 29 40 51 58 60 55 45 31 17 5 -4 -11 -19 -31 -45 -56 -61 -58 -49 -39 -29 -18 -6 6 16 26 37 50 62 68 62 47 29 13 2 -4 -11 -21 -35 -49 -60 -63 -58 -46 -34 -23 -13 -5 5 16 28 39 49 57 60 56 46 31 16 4 -5 -12 -21 -33 -46 -56 -60 -57 -48 -37 -26 -16 -6 5 16 28 39 50 58 62 58 47 32 17 4 -6 -14 -23 -33 -44 -55 -60 -58 -48 -36 -24 -15 -6 4 16 29 40 49 57 60 58 48 32 15 2 -5 -11 -19 -32 -46 -58 -62 -58 -49 -36 -24 -13 -4 6 17 28 39 49 56 58 55 45 32 18 6 -4 -12 -21 -33 -45 -55 -60 -58 -50 -38 -26 -15 -6 5 18 30 41 49 55 58 57 48 33 17 3 -6 -12 -20 -32 -46 -57 -61 -57 -47 -35 -25 -16 -7 4 16 29 40 50 57 60 57 47 32 16 3 -5 -11 -20 -32 -46 -57 -61 -58 -50 -38 -25 -14 -4 6 17 29 41 51 58 59 55 44 29 14 3 -3 -9 -17 -31 -47 -58 -62 -57 -48 -38 -27 -16 -3 119 14400 304 16198
-62 -55 -45 -34 -23 -12 -1 11 23 33 43 51 57 58 53 43 28 13 1 -8 -15 -24 -37 -50 -60 -61 -55 -44 -33 -23 -14 -2 11 24 34 42 50 56 59 55 44 28 13 1 -7 -14 -24 -37 -50 -59 -61 -55 -46 -35 -24 -12 0 10 18 27 40 54 65 68 61 45 26 8 -4 -12 -18 -26 -37 -49 -59 -61 -54 -43 -31 -21 -12 -3 9 21 33 43 51 58 60 55 43 27 12 0 -7 -14 -24 -37 -50 -59 -61 -56 -46 -34 -22 -11 -2 8 20 33 45 54 58 58 54 45 30 13 -1 -10 -16 -24 -36 -50 -60 -61 -55 -45 -34 -24 -13 0 12 23 33 42 51 58 60 54 42 26 12 1 -7 -15 -25 -38 -51 -59 -60 -54 -44 -33 -23 -12 -1 10 21 31 42 53 60 62 55 42 26 11 0 -8 -15 -24 -36 -49 -59 -61 -56 -45 -33 -22 -12 -2 10 22 33 43 52 58 61 55 43 26 11 1 -6 -13 -24 -39 -53 -61 -61 -54 -44 -33 -23 -13 -2 10 22 34 45 53 58 58 53 42 28 13 0 -8 -14 -23 -36 -51 -61 -63 -56 -44 -32 -23 -13 -1 11 23 33 42 51 59 60 54 41 26 12 1 -7 -15 -25 -37 -50 -59 -61 -55 -44 -32 -22 -13 -4 120 14091 304 16198
55 60 58 49 35 19 5 -5 -11 -18 -28 -42 -56 -63 -60 -50 -38 -28 -18 -7 4 16 27 37 47 57 62 59 49 34 18 5 -5 -11 -18 -29 -43 -56 -63 -60 -50 -37 -26 -17 -8 2 14 27 38 48 56 60 57 49 35 19 6 -3 -8 -14 -26 -44 -61 -68 -64 -52 -39 -28 -18 -5 7 17 26 36 49 60 64 60 48 34 19 6 -5 -14 -22 -31 -44 -57 -64 -61 -50 -38 -27 -18 -8 6 20 32 41 49 56 59 57 46 31 16 4 -4 -10 -18 -30 -45 -57 -62 -58 -48 -37 -26 -16 -6 4 15 25 37 49 58 61 57 46 32 18 6 -3 -10 -18 -29 -43 -57 -64 -61 -50 -37 -25 -15 -6 4 16 27 38 47 54 59 58 50 36 20 5 -5 -12 -20 -30 -43 -56 -63 -61 -51 -37 -25 -15 -6 3 15 28 39 48 55 59 57 50 36 19 4 -6 -12 -19 -30 -45 -57 -62 -57 -47 -36 -26 -18 -8 4 16 28 39 48 55 59 56 48 34 19 6 -3 -9 -18 -31 -46 -58 -62 -57 -47 -38 -29 -20 -8 6 18 28 37 46 55 61 59 49 34 18 6 -3 -11 -20 -31 -45 -56 -61 -59 -51 -39 -28 -16 -6 5 16 28 40 50 57 60 55 45 32 17 5 122 10659 304 16198
-60 -58 -50 -40 -28 -16 -5 6 16 26 37 47 55 59 56 48 35 21 8 -2 -10 -19 -32 -46 -57 -62 -59 -49 -38 -27 -18 -8 3 15 28 39 50 57 60 58 49 35 19 5 -5 -11 -19 -30 -45 -58 -63 -59 -49 -39 -29 -19 -7 5 15 25 37 51 64 69 62 47 29 13 3 -5 -12 -21 -33 -45 -56 -60 -56 -47 -37 -27 -18 -8 5 18 29 38 47 55 61 60 50 33 16 3 -4 -10 -19 -32 -47 -58 -61 -57 -48 -38 -27 -15 -4 7 16 25 36 47 57 61 58 47 32 17 4 -4 -10 -17 -29 -44 -58 -63 -60 -49 -37 -27 -17 -6 5 17 29 39 49 55 58 56 49 36 21 6 -6 -14 -21 -31 -44 -56 -61 -58 -49 -38 -27 -17 -6 6 17 27 37 47 56 60 58 48 33 19 6 -4 -11 -20 -31 -45 -57 -62 -60 -51 -39 -28 -17 -5 7 19 29 39 49 57 60 58 48 32 15 2 -6 -11 -18 -29 -43 -56 -61 -58 -49 -39 -28 -18 -7 5 16 27 38 49 57 60 57 47 33 19 7 -3 -10 -18 -30 -44 -57 -63 -60 -50 -39 -29 -19 -8 5 17 30 41 51 58 61 57 46 32 19 7 -2 -11 -22 -35 -48 -58 -61 -58 -49 -37 -25 -14 -5 122 13022 304 16198
58 60 56 45 29 13 1 -6 -11 -20 -32 -47 -59 -63 -57 -47 -36 -25 -14 -4 7 19 30 42 52 60 61 55 43 29 14 2 -6 -13 -22 -34 -47 -58 -60 -55 -45 -35 -26 -17 -5 7 19 29 39 50 60 64 58 45 28 14 4 -3 -9 -19 -34 -51 -64 -68 -61 -47 -32 -21 -12 -4 7 19 31 42 51 58 61 57 46 31 15 3 -6 -13 -22 -35 -49 -60 -63 -58 -47 -34 -24 -14 -4 7 19 31 42 52 59 61 56 45 30 15 3 -6 -14 -23 -35 -49 -60 -63 -58 -47 -34 -23 -13 -3 8 19 31 42 52 58 59 54 44 30 14 1 -7 -13 -21 -33 -47 -57 -61 -55 -46 -36 -26 -17 -5 8 20 31 41 51 59 62 57 45 29 13 1 -7 -13 -20 -32 -47 -59 -62 -57 -45 -34 -25 -16 -6 7 20 31 41 51 58 61 56 45 30 15 3 -6 -13 -22 -33 -47 -58 -63 -59 -47 -34 -22 -13 -4 6 17 29 41 51 59 61 56 45 30 16 4 -5 -13 -23 -35 -48 -58 -62 -58 -48 -36 -24 -12 -2 8 19 29 40 50 57 59 55 45 31 16 4 -5 -13 -22 -34 -48 -58 -61 -57 -47 -37 -26 -15 -4 8 20 31 42 51 58 60 55 44 28 13 2 126 14672 304 16198
55 60 58 49 36 21 8 -3 -12 -20 -31 -44 -56 -62 -60 -51 -39 -27 -17 -6 6 19 29 37 45 54 61 60 50 33 16 4 -3 -10 -20 -33 -45 -54 -58 -56 -49 -40 -28 -16 -6 3 13 25 37 49 57 59 55 46 33 20 9 1 -5 -13 -27 -45 -61 -69 -65 -54 -40 -28 -17 -5 7 20 30 39 48 57 62 59 48 33 17 5 -3 -10 -19 -30 -44 -55 -62 -60 -52 -40 -27 -16 -6 4 16 27 38 48 56 60 58 50 35 19 5 -4 -10 -17 -28 -43 -56 -63 -62 -52 -40 -28 -18 -7 5 18 29 39 47 55 60 59 50 35 19 5 -5 -12 -19 -30 -43 -55 -62 -60 -51 -39 -26 -16 -7 3 14 26 38 49 58 62 59 49 35 20 7 -3 -12 -23 -34 -46 -56 -61 -58 -49 -37 -25 -15 -7 3 15 27 39 48 54 58 56 49 36 20 6 -3 -9 -17 -30 -46 -58 -62 -57 -49 -39 -30 -18 -6 6 16 25 36 49 59 62 57 45 32 19 8 -2 -10 -20 -31 -45 -56 -62 -58 -48 -37 -28 -20 -10 3 17 29 39 49 57 61 59 49 34 18 5 -4 -11 -19 -30 -43 -55 -60 -58 -50 -40 -29 -19 -8 4 17 29 40 49 55 59 57 50 36 19 4 132 7191 304 16198
63 60 50 36 21 8 -2 -9 -17 -28 -42 -55 -63 -61 -52 -41 -29 -19 -9 3 14 25 35 45 55 61 60 52 38 22 8 -2 -10 -17 -27 -42 -55 -63 -61 -51 -40 -30 -21 -11 1 14 26 37 47 55 60 59 52 39 22 7 -4 -10 -14 -22 -36 -54 -67 -68 -58 -42 -28 -18 -8 3 14 26 36 46 56 62 61 52 38 22 9 -1 -9 -17 -29 -43 -56 -63 -61 -53 -42 -31 -21 -10 3 16 26 36 46 56 62 60 52 39 25 11 -2 -12 -21 -30 -41 -52 -61 -62 -54 -41 -30 -20 -10 2 14 26 36 46 55 61 60 51 36 21 9 0 -8 -17 -28 -41 -53 -60 -60 -53 -43 -31 -21 -11 1 14 26 37 46 55 61 61 52 38 21 7 -2 -9 -18 -29 -42 -53 -60 -59 -52 -42 -30 -20 -11 -1 11 24 38 49 56 60 59 52 38 21 6 -4 -10 -16 -26 -40 -54 -61 -59 -52 -42 -32 -23 -12 0 13 25 37 47 55 60 59 52 39 24 10 -1 -9 -16 -27 -41 -54 -62 -61 -53 -42 -30 -21 -12 -2 10 23 36 48 57 62 60 52 39 24 10 -1 -9 -18 -29 -43 -56 -62 -60 -51 -40 -30 -20 -10 2 13 24 34 46 56 62 61 51 36 22 10 0 138 6036 304 16198
57 59 57 49 36 20 6 -5 -13 -19 -30 -43 -57 -63 -60 -50 -38 -28 -19 -8 5 18 30 40 49 56 60 58 49 34 19 5 -4 -11 -19 -31 -46 -58 -64 -60 -50 -38 -26 -15 -5 6 17 28 38 49 58 62 58 48 34 18 4 -6 -13 -20 -31 -46 -61 -68 -63 -48 -30 -17 -9 -4 4 15 27 37 46 52 56 55 47 34 19 7 -1 -8 -18 -31 -45 -56 -61 -59 -50 -39 -29 -18 -7 5 18 29 38 46 54 60 60 51 35 17 3 -4 -9 -17 -30 -46 -59 -64 -59 -49 -37 -27 -17 -7 5 17 29 40 49 55 57 55 48 35 20 6 -5 -11 -18 -29 -43 -56 -62 -58 -48 -37 -28 -19 -9 4 17 27 37 46 55 61 59 50 35 19 7 -3 -10 -19 -31 -44 -56 -61 -60 -52 -41 -30 -18 -6 7 18 28 38 47 57 62 60 49 33 16 4 -4 -10 -18 -30 -45 -56 -61 -58 -50 -39 -28 -18 -6 5 17 27 38 48 56 61 59 49 34 18 5 -4 -12 -20 -31 -44 -55 -60 -58 -50 -39 -28 -17 -7 4 15 26 38 48 56 60 59 51 37 19 4 -5 -10 -17 -30 -47 -60 -64 -59 -48 -37 -27 -17 -6 5 16 27 39 50 57 59 55 46 33 20 6 142 7998 304 16198
52 57 59 54 43 27 12 0 -8 -17 -28 -42 -55 -61 -60 -52 -42 -32 -21 -10 0 11 22 34 45 55 61 60 52 39 24 11 0 -7 -15 -26 -39 -53 -61 -62 -55 -44 -32 -21 -10 1 12 23 34 44 53 59 59 54 43 27 12 0 -7 -13 -24 -39 -57 -69 -69 -58 -42 -27 -17 -8 2 12 24 34 45 54 61 61 54 41 24 9 -3 -11 -17 -26 -38 -52 -61 -62 -54 -42 -31 -21 -12 -1 12 25 36 45 54 59 60 53 40 25 11 1 -7 -16 -29 -42 -54 -61 -61 -54 -44 -32 -21 -9 3 14 25 35 44 52 58 59 53 41 25 10 -1 -8 -16 -27 -40 -53 -61 -61 -55 -44 -32 -20 -10 0 12 25 37 48 56 59 57 49 38 24 10 0 -8 -16 -27 -39 -52 -59 -60 -53 -43 -31 -20 -10 0 10 21 32 43 52 59 61 56 43 25 9 -2 -9 -15 -24 -39 -53 -62 -61 -55 -44 -34 -22 -10 3 14 24 34 45 56 61 59 50 37 23 11 1 -8 -16 -26 -38 -51 -60 -63 -56 -44 -31 -19 -9 0 11 22 34 45 55 60 60 54 41 24 9 -2 -9 -16 -25 -38 -52 -61 -62 -55 -43 -31 -20 -11 -1 11 23 35 47 56 61 60 53 39 22 7 151 2015 304 16198
54 60 59 51 37 23 11 2 -6 -14 -24 -38 -52 -62 -63 -54 -41 -29 -20 -13 -4 8 23 36 46 54 59 59 53 39 24 10 0 -7 -15 -27 -39 -51 -57 -58 -54 -46 -36 -23 -10 1 11 22 34 47 56 60 58 51 39 25 11 0 -7 -11 -20 -36 -56 -70 -70 -59 -42 -28 -18 -9 2 16 28 38 46 54 59 59 52 37 21 8 -1 -8 -17 -28 -40 -51 -58 -58 -52 -43 -33 -21 -10 1 12 23 34 44 54 60 60 52 39 22 8 -1 -7 -14 -24 -39 -54 -62 -62 -54 -42 -31 -21 -11 1 13 24 34 43 52 59 60 52 39 23 10 1 -5 -12 -23 -38 -53 -63 -64 -58 -46 -32 -20 -10 0 11 23 34 46 56 61 61 54 41 25 10 -1 -9 -15 -25 -39 -53 -62 -63 -55 -43 -31 -21 -11 -1 10 22 34 45 55 61 61 54 42 27 13 1 -8 -18 -29 -42 -55 -62 -61 -53 -43 -32 -22 -11 1 13 25 34 44 53 60 61 54 40 23 9 0 -7 -14 -25 -39 -52 -61 -62 -55 -44 -32 -20 -10 1 11 21 33 46 57 63 61 53 39 24 11 0 -9 -18 -28 -41 -52 -60 -62 -55 -44 -32 -20 -9 2 13 25 35 45 53 59 59 53 40 24 9 157 12509 304 16198
58 61 58 49 36 21 8 -3 -12 -22 -34 -46 -56 -59 -56 -49 -39 -29 -18 -6 7 18 28 38 47 55 60 58 49 34 17 3 -5 -11 -18 -30 -44 -56 -61 -58 -49 -39 -27 -16 -5 6 16 27 39 50 57 59 55 47 35 20 6 -4 -11 -19 -31 -48 -62 -68 -61 -47 -33 -22 -14 -5 6 16 27 37 47 56 60 56 46 33 18 5 -6 -14 -21 -31 -43 -55 -61 -58 -48 -35 -24 -16 -7 4 16 28 38 48 56 59 55 45 30 16 5 -3 -10 -18 -29 -42 -54 -60 -58 -49 -37 -26 -17 -7 4 16 27 36 45 53 59 58 49 35 19 6 -3 -10 -19 -32 -46 -57 -62 -58 -49 -37 -26 -16 -7 3 14 26 38 50 59 62 58 46 31 16 4 -3 -10 -19 -31 -44 -55 -61 -59 -51 -40 -27 -16 -5 6 17 28 40 50 58 61 57 47 33 18 5 -5 -13 -23 -34 -47 -56 -59 -56 -48 -38 -27 -16 -5 7 18 28 38 47 55 60 58 49 33 16 2 -6 -12 -19 -31 -46 -58 -63 -58 -48 -36 -26 -17 -5 7 19 30 40 49 57 60 55 44 30 16 4 -5 -13 -21 -31 -43 -53 -59 -59 -52 -41 -28 -14 -1 10 19 28 38 49 58 60 55 43 29 16 4 162 7237 304 16198
58 60 56 44 28 12 1 -6 -13 -21 -34 -48 -59 -62 -57 -46 -34 -23 -13 -3 8 19 31 42 52 59 61 56 44 29 13 2 -7 -15 -24 -36 -48 -57 -60 -56 -47 -36 -24 -13 -2 8 18 30 42 52 59 61 58 47 31 13 -1 -9 -13 -19 -32 -51 -67 -70 -61 -45 -30 -19 -10 0 10 21 31 41 51 58 59 54 43 28 13 0 -9 -15 -22 -33 -46 -58 -62 -56 -45 -34 -25 -16 -4 10 22 32 41 49 57 61 57 45 29 14 2 -6 -13 -23 -36 -50 -60 -62 -57 -46 -35 -24 -14 -3 9 21 33 42 50 57 60 57 47 30 13 0 -8 -13 -21 -35 -51 -61 -62 -55 -44 -33 -24 -14 -3 9 20 30 40 50 59 62 58 46 29 14 2 -6 -14 -23 -36 -50 -60 -61 -56 -46 -35 -25 -14 -3 10 22 33 43 51 57 58 54 43 29 15 3 -6 -13 -22 -34 -47 -58 -62 -59 -48 -35 -23 -13 -4 6 19 32 45 54 60 60 55 44 29 13 1 -7 -14 -22 -35 -49 -59 -62 -56 -45 -34 -23 -13 -4 7 19 31 41 51 58 61 57 46 30 14 1 -7 -13 -22 -35 -49 -60 -62 -57 -46 -35 -25 -14 -3 9 20 31 42 52 59 61 56 45 29 14 1 251 15566 304 14682
57 60 56 46 33 18 7 -2 -9 -19 -33 -48 -60 -64 -59 -49 -38 -28 -17 -6 6 19 30 41 50 58 61 58 49 34 17 4 -5 -12 -21 -34 -49 -59 -62 -57 -48 -38 -27 -16 -5 6 18 29 41 51 59 61 57 47 33 17 4 -5 -10 -16 -28 -46 -62 -69 -65 -52 -37 -25 -15 -4 7 19 31 41 50 57 61 59 49 34 17 4 -6 -13 -22 -34 -48 -59 -64 -59 -49 -37 -25 -14 -4 7 18 29 41 51 59 61 56 45 32 18 6 -4 -12 -22 -34 -48 -58 -62 -58 -48 -37 -26 -16 -6 6 17 29 40 51 59 62 58 47 33 18 5 -5 -13 -22 -34 -48 -59 -63 -59 -48 -37 -26 -16 -4 9 21 31 40 47 54 58 56 47 33 19 6 -3 -12 -21 -33 -46 -58 -63 -61 -51 -38 -25 -14 -4 6 17 29 40 50 58 61 58 48 33 17 4 -6 -14 -22 -33 -47 -58 -62 -57 -47 -37 -27 -16 -4 9 19 28 37 48 58 62 57 44 29 18 9 1 -10 -23 -35 -47 -56 -61 -61 -52 -39 -25 -14 -5 5 16 29 42 52 58 59 56 47 34 20 6 -5 -13 -22 -34 -48 -59 -63 -59 -49 -38 -27 -16 -5 7 19 31 42 51 58 60 57 47 33 17 3 254 7588 304 14682
58 60 57 46 30 14 2 -6 -12 -22 -36 -50 -60 -62 -56 -46 -35 -25 -14 -4 7 18 30 42 52 60 62 57 45 30 15 2 -7 -14 -22 -33 -47 -58 -63 -59 -48 -36 -25 -15 -5 7 19 31 42 53 60 61 56 44 30 17 6 -3 -12 -21 -34 -49 -63 -70 -65 -51 -34 -20 -10 -3 7 20 34 44 53 58 61 57 46 29 12 0 -7 -13 -22 -35 -49 -59 -62 -57 -47 -35 -23 -12 -2 7 18 30 41 52 58 59 55 45 31 16 4 -5 -12 -22 -35 -49 -60 -62 -57 -47 -37 -26 -14 -3 9 19 29 40 52 61 63 57 45 30 15 3 -7 -16 -25 -36 -48 -58 -62 -57 -46 -34 -24 -15 -5 7 20 33 44 52 58 59 55 45 30 14 1 -7 -12 -20 -33 -49 -61 -64 -57 -46 -34 -24 -15 -4 8 21 32 41 50 58 61 57 46 29 13 2 -6 -13 -22 -35 -49 -60 -63 -57 -47 -35 -24 -14 -4 7 19 32 43 52 58 60 55 45 31 16 3 -6 -13 -23 -36 -49 -60 -62 -56 -46 -35 -25 -15 -4 7 19 30 41 52 60 63 58 46 30 15 3 -6 -14 -23 -35 -49 -60 -63 -58 -47 -35 -25 -15 -4 8 21 32 42 50 58 62 58 46 30 13 1 254 14213 304 14682
60 62 57 45 30 14 1 -8 -15 -22 -34 -48 -61 -65 -59 -47 -34 -22 -13 -3 9 21 33 44 53 59 60 55 44 30 14 1 -9 -16 -23 -34 -48 -60 -63 -57 -44 -32 -22 -14 -5 7 19 31 42 51 58 60 56 46 31 15 3 -6 -12 -20 -33 -49 -63 -69 -64 -51 -35 -22 -11 -1 10 22 34 45 54 61 61 55 42 26 12 2 -6 -13 -22 -35 -49 -61 -65 -59 -46 -32 -23 -16 -7 7 23 37 47 53 56 59 56 46 30 14 1 -8 -16 -25 -37 -49 -57 -59 -55 -47 -37 -26 -15 -4 8 20 32 43 53 61 63 58 45 28 12 0 -7 -13 -23 -37 -52 -62 -63 -55 -44 -34 -25 -14 -2 11 22 31 40 50 59 62 57 44 27 12 1 -7 -13 -22 -35 -50 -60 -62 -56 -45 -34 -25 -16 -5 8 22 33 43 51 57 60 56 45 30 15 2 -7 -14 -23 -36 -50 -60 -63 -57 -46 -35 -24 -13 -1 10 20 30 41 52 61 62 56 43 27 14 3 -5 -13 -23 -36 -50 -60 -62 -56 -45 -34 -25 -15 -4 9 22 33 42 51 58 61 56 44 29 14 3 -6 -14 -24 -37 -50 -60 -63 -57 -46 -34 -24 -14 -4 9 22 35 45 53 58 58 53 41 27 14 4 255 5404 304 14682
58 59 54 43 27 13 1 -6 -13 -23 -37 -52 -61 -63 -56 -45 -33 -23 -13 -2 10 22 33 42 50 57 60 57 45 29 12 1 -6 -12 -22 -37 -51 -61 -62 -57 -47 -35 -23 -12 -1 9 20 31 44 54 59 59 55 45 31 14 -1 -9 -13 -19 -32 -50 -65 -68 -60 -46 -32 -23 -13 -2 11 23 33 42 51 59 62 58 46 29 12 -2 -10 -15 -23 -35 -50 -62 -64 -57 -45 -33 -22 -12 -2 10 21 32 43 53 61 62 56 43 26 11 0 -7 -13 -23 -37 -52 -61 -62 -55 -45 -34 -23 -12 -1 10 21 31 42 52 59 61 56 43 27 12 1 -8 -15 -25 -36 -48 -56 -59 -55 -46 -36 -26 -15 -4 8 20 33 44 53 60 62 57 46 30 13 0 -8 -15 -23 -36 -51 -61 -62 -57 -46 -35 -24 -14 -2 10 21 33 44 54 61 63 56 43 27 12 0 -7 -14 -23 -36 -51 -61 -64 -58 -46 -34 -23 -13 -1 11 23 34 44 53 59 60 55 44 29 13 0 -9 -17 -26 -38 -51 -61 -62 -54 -43 -32 -23 -14 -3 10 22 33 43 52 58 60 55 43 28 13 1 -7 -15 -24 -36 -50 -59 -61 -55 -46 -36 -26 -15 -2 11 24 35 44 53 59 61 55 42 26 11 0 255 9329 304 14682
61 60 52 39 24 10 -1 -9 -16 -26 -40 -54 -63 -63 -55 -43 -32 -22 -12 1 15 28 38 47 54 60 60 53 39 21 7 -2 -7 -14 -25 -41 -56 -64 -62 -53 -42 -31 -20 -9 2 12 22 33 46 58 64 61 51 38 24 11 -1 -10 -18 -25 -36 -51 -65 -69 -61 -44 -27 -16 -8 1 13 26 38 47 55 60 60 52 37 21 8 -1 -8 -17 -30 -43 -54 -59 -57 -51 -41 -31 -22 -12 -1 12 25 37 47 55 60 60 53 40 23 7 -4 -10 -17 -26 -40 -53 -61 -60 -53 -43 -32 -21 -10 2 14 24 34 45 56 62 61 52 37 21 9 0 -7 -15 -27 -41 -54 -62 -62 -54 -42 -29 -19 -10 0 10 23 36 48 57 62 60 51 38 23 10 0 -8 -18 -29 -43 -54 -61 -60 -53 -42 -29 -18 -9 0 11 23 36 47 55 58 57 51 39 24 10 -1 -7 -14 -25 -40 -54 -62 -62 -54 -44 -32 -21 -10 1 13 24 35 46 56 62 62 54 39 23 8 -2 -9 -17 -27 -41 -54 -62 -61 -54 -42 -31 -20 -10 2 13 25 36 46 56 61 61 52 38 22 8 -2 -9 -17 -28 -41 -52 -59 -59 -53 -43 -32 -21 -9 2 12 23 34 46 56 63 61 51 37 22 9 0 256 7520 304 14682
-61 -52 -40 -30 -21 -11 0 14 27 38 48 56 62 62 54 38 19 4 -5 -10 -16 -27 -42 -56 -62 -60 -51 -40 -30 -21 -10 4 16 26 35 44 53 60 60 53 38 22 7 -3 -10 -17 -26 -40 -53 -61 -60 -52 -40 -30 -22 -12 0 13 23 33 43 55 66 68 58 40 20 5 -5 -11 -18 -30 -43 -55 -61 -60 -53 -42 -30 -19 -7 4 14 25 36 46 54 59 59 52 40 24 9 -3 -11 -19 -29 -42 -54 -61 -60 -52 -41 -29 -18 -8 2 12 23 35 47 56 60 59 52 41 26 10 -4 -13 -20 -29 -41 -54 -61 -60 -52 -41 -31 -22 -10 3 17 28 37 46 54 59 60 52 39 23 9 -1 -9 -19 -31 -44 -55 -61 -60 -53 -43 -32 -19 -6 5 15 25 36 47 56 60 59 51 37 21 6 -4 -10 -16 -27 -42 -55 -62 -60 -51 -40 -30 -20 -10 1 13 25 38 49 57 60 57 49 37 23 9 -2 -11 -19 -29 -42 -54 -60 -59 -52 -41 -30 -20 -9 2 14 26 37 46 54 58 59 52 39 21 5 -5 -10 -14 -24 -40 -54 -61 -58 -50 -41 -34 -24 -12 2 15 25 35 46 57 63 61 52 37 22 9 -2 -10 -18 -29 -42 -55 -63 -63 -53 -39 -27 -18 -10 0 256 11733 304 14682
56 61 60 49 32 15 2 -5 -10 -18 -31 -47 -59 -63 -59 -49 -38 -27 -16 -5 6 18 29 40 50 58 61 58 48 33 16 3 -6 -11 -19 -31 -47 -59 -63 -58 -47 -37 -27 -17 -6 7 18 28 38 49 57 61 57 47 32 17 4 -3 -9 -16 -29 -46 -62 -68 -62 -49 -35 -25 -16 -5 6 18 28 38 49 58 62 58 47 33 19 7 -4 -14 -23 -34 -45 -56 -62 -60 -51 -38 -25 -14 -4 6 17 27 39 50 58 62 58 47 31 16 5 -4 -12 -21 -33 -46 -57 -61 -58 -49 -38 -26 -16 -5 6 17 29 40 50 57 60 57 47 33 18 4 -6 -13 -21 -31 -44 -56 -62 -59 -49 -37 -26 -17 -8 3 16 30 42 52 59 61 57 47 32 16 3 -6 -11 -19 -30 -45 -58 -64 -61 -51 -39 -27 -14 -2 10 19 28 37 48 57 61 57 46 32 18 6 -4 -12 -20 -32 -46 -58 -63 -60 -49 -37 -25 -15 -5 6 17 27 38 49 59 64 60 48 32 16 5 -4 -13 -23 -34 -45 -54 -59 -59 -53 -42 -28 -15 -3 8 20 32 43 51 56 58 54 45 32 17 4 -4 -10 -19 -32 -47 -59 -62 -58 -49 -38 -27 -16 -5 6 18 29 40 50 57 60 56 47 32 17 5 257 13335 304 14682
-63 -57 -47 -36 -25 -14 -3 9 21 32 44 54 61 62 57 44 28 13 1 -6 -12 -21 -34 -50 -62 -67 -61 -49 -35 -22 -13 -4 8 21 35 46 53 57 58 55 47 33 16 1 -8 -15 -24 -38 -52 -62 -62 -55 -45 -35 -23 -11 2 11 17 23 34 48 62 68 62 47 29 13 2 -6 -14 -24 -36 -50 -60 -62 -56 -46 -35 -24 -15 -5 7 19 32 44 54 61 62 56 44 29 15 3 -6 -15 -26 -39 -51 -60 -61 -55 -45 -33 -23 -13 -3 7 18 29 40 51 61 64 59 44 26 11 1 -5 -12 -22 -37 -51 -60 -62 -57 -47 -36 -24 -12 -1 10 21 32 43 53 59 60 53 41 26 12 1 -6 -13 -22 -35 -48 -57 -60 -56 -46 -35 -24 -13 -2 10 20 30 40 48 56 59 56 45 29 14 3 -5 -12 -23 -36 -50 -59 -60 -55 -46 -36 -25 -13 -1 11 20 29 39 50 59 62 57 43 27 13 4 -4 -12 -23 -37 -49 -58 -61 -58 -50 -37 -24 -12 -1 9 20 32 43 53 59 61 56 45 28 12 0 -6 -12 -21 -35 -51 -60 -61 -55 -46 -36 -25 -14 -2 9 20 31 42 53 59 60 55 44 30 14 2 -7 -14 -24 -36 -50 -60 -63 -57 -47 -35 -24 -13 -2 258 8789 304 14682
59 62 57 44 28 12 1 -6 -12 -22 -35 -49 -59 -62 -56 -46 -35 -25 -14 -3 9 21 33 44 54 60 61 55 42 27 11 0 -7 -13 -22 -35 -50 -60 -61 -54 -43 -33 -24 -15 -5 6 18 30 41 51 59 62 58 47 30 13 1 -6 -10 -18 -33 -52 -65 -68 -60 -49 -38 -29 -18 -3 14 29 40 48 55 60 60 54 41 26 12 0 -8 -15 -25 -37 -51 -61 -63 -56 -45 -33 -23 -13 -3 9 21 32 42 52 60 62 57 45 29 13 1 -6 -13 -22 -37 -52 -63 -64 -57 -47 -35 -25 -14 -2 11 22 33 43 52 59 61 56 45 30 15 2 -7 -15 -25 -38 -51 -60 -61 -55 -45 -35 -25 -14 -3 8 19 30 42 53 62 64 58 44 28 13 2 -6 -13 -23 -37 -50 -60 -62 -56 -46 -35 -25 -14 -4 8 20 32 44 53 60 61 55 44 29 14 3 -6 -13 -23 -36 -50 -60 -63 -58 -47 -35 -24 -14 -4 8 21 33 44 53 59 61 55 43 27 12 1 -5 -12 -23 -37 -50 -59 -61 -57 -47 -35 -23 -12 -3 8 20 34 46 54 58 58 53 42 27 12 0 -7 -13 -21 -34 -48 -59 -61 -56 -46 -34 -24 -13 -3 8 19 31 43 53 59 60 54 42 28 14 3 258 9251 304 14682
60 60 54 42 28 13 1 -8 -15 -24 -37 -51 -61 -64 -57 -45 -32 -21 -10 0 10 21 32 42 52 60 61 56 43 27 11 0 -7 -13 -24 -39 -53 -62 -62 -55 -45 -34 -24 -12 0 12 23 32 43 53 60 60 53 40 26 13 3 -5 -12 -21 -35 -51 -64 -68 -62 -47 -32 -19 -10 -1 10 22 35 46 55 60 61 54 41 25 10 -1 -7 -13 -23 -37 -52 -62 -63 -57 -45 -32 -21 -11 -1 10 22 34 45 53 59 59 54 42 27 12 0 -8 -15 -24 -37 -50 -60 -61 -55 -44 -33 -23 -13 -2 10 22 33 43 52 59 61 56 44 28 12 0 -8 -15 -25 -39 -52 -60 -60 -53 -44 -34 -24 -13 -1 11 22 32 42 52 59 60 55 43 28 13 0 -9 -16 -25 -37 -51 -61 -62 -56 -44 -33 -24 -14 -3 10 24 35 45 53 59 61 56 44 28 11 -1 -9 -16 -25 -37 -52 -62 -63 -56 -44 -31 -20 -12 -2 9 22 34 45 53 58 59 54 42 26 11 0 -6 -12 -23 -37 -51 -60 -61 -55 -46 -36 -25 -14 -2 8 20 33 46 57 63 62 54 42 28 13 1 -8 -15 -24 -38 -53 -63 -64 -56 -44 -33 -24 -14 -2 11 24 36 46 55 61 60 54 41 26 11 -1 258 15401 304 14682
55 60 60 52 38 21 7 -3 -9 -17 -30 -44 -57 -63 -61 -52 -40 -28 -17 -7 4 15 26 37 47 55 59 58 50 36 20 6 -3 -10 -17 -28 -42 -54 -60 -59 -52 -43 -32 -20 -7 5 16 27 37 46 54 58 57 50 38 24 10 -1 -9 -15 -26 -42 -58 -68 -67 -55 -40 -27 -17 -7 4 16 28 39 48 56 61 59 49 33 17 5 -2 -7 -14 -27 -43 -57 -64 -62 -53 -40 -28 -17 -7 3 14 24 35 46 56 62 60 51 37 21 8 -2 -9 -17 -30 -45 -57 -63 -60 -52 -41 -30 -18 -7 4 15 25 36 48 57 61 59 49 36 21 8 -2 -10 -19 -30 -43 -54 -61 -60 -52 -41 -30 -19 -8 3 14 26 38 49 57 61 58 49 35 21 9 -1 -9 -18 -30 -44 -56 -62 -61 -52 -40 -28 -17 -8 2 14 26 37 47 55 60 59 51 38 22 8 -3 -11 -19 -30 -43 -56 -62 -60 -51 -40 -28 -18 -8 2 14 25 37 47 56 61 59 50 36 21 8 -1 -8 -17 -29 -43 -56 -63 -61 -52 -41 -30 -20 -9 3 15 26 36 46 57 63 62 52 35 18 6 -2 -9 -18 -30 -43 -55 -61 -60 -53 -42 -30 -19 -8 3 15 27 39 48 56 60 60 52 37 20 5 260 2507 304 14682
-63 -59 -50 -38 -26 -14 -3 7 17 28 40 51 59 61 56 44 30 15 4 -5 -11 -20 -31 -45 -57 -62 -59 -49 -37 -26 -16 -5 6 18 29 39 49 57 61 59 49 33 16 2 -6 -11 -18 -31 -46 -59 -63 -58 -47 -37 -27 -17 -6 5 15 25 36 50 64 70 64 48 29 13 2 -6 -13 -23 -34 -47 -57 -62 -58 -49 -36 -25 -15 -5 6 19 31 42 51 57 59 55 45 32 17 5 -5 -12 -20 -31 -45 -56 -62 -59 -50 -38 -27 -17 -6 6 19 31 41 50 57 61 58 48 32 16 3 -6 -12 -20 -32 -46 -57 -62 -59 -49 -37 -25 -15 -6 4 16 28 40 51 59 62 58 48 32 16 3 -5 -12 -20 -33 -47 -58 -62 -57 -48 -37 -26 -16 -5 5 16 27 40 52 60 63 57 46 31 17 4 -5 -12 -20 -32 -47 -59 -63 -59 -49 -37 -27 -17 -5 8 20 30 40 49 58 63 59 47 31 15 3 -5 -13 -23 -35 -48 -57 -60 -56 -47 -36 -25 -15 -5 5 16 28 40 50 57 61 59 50 34 16 1 -8 -13 -21 -33 -48 -58 -61 -55 -46 -37 -28 -18 -6 7 19 30 40 50 57 60 56 47 33 18 6 -4 -12 -21 -34 -49 -59 -62 -58 -49 -39 -28 -17 -4 261 4111 304 14682
59 62 57 44 27 10 -2 -8 -14 -22 -36 -51 -61 -62 -55 -44 -33 -23 -13 -1 10 21 32 42 52 59 59 53 42 27 13 2 -6 -13 -22 -35 -49 -60 -61 -56 -46 -36 -26 -14 -1 11 22 32 42 52 59 60 54 43 29 14 0 -9 -14 -20 -32 -49 -64 -69 -61 -46 -32 -20 -10 0 10 21 31 42 53 60 62 55 43 28 13 0 -9 -17 -25 -36 -49 -60 -63 -56 -45 -33 -22 -13 -2 9 21 33 44 53 59 60 54 42 27 12 1 -7 -14 -23 -36 -50 -59 -61 -56 -46 -35 -24 -13 -2 10 21 32 43 54 61 62 56 43 27 11 0 -8 -15 -24 -37 -50 -59 -61 -55 -46 -35 -24 -13 -1 11 22 33 44 54 61 62 55 42 26 11 0 -8 -14 -24 -37 -50 -59 -61 -55 -45 -34 -23 -13 -2 10 21 33 44 53 60 61 56 43 26 9 -3 -9 -13 -21 -35 -49 -59 -61 -55 -45 -35 -26 -15 -1 12 24 34 43 51 59 62 56 42 24 8 -1 -6 -12 -22 -37 -51 -59 -60 -54 -46 -36 -25 -12 0 12 22 31 42 52 59 60 54 42 27 12 1 -7 -14 -23 -35 -49 -60 -63 -58 -46 -33 -21 -11 -1 9 20 31 43 54 62 62 55 41 25 10 0 262 2014 304 14682
-61 -62 -54 -41 -28 -19 -12 -2 13 28 40 47 50 54 56 53 41 24 8 -2 -7 -14 -25 -41 -56 -63 -61 -52 -41 -30 -21 -11 1 13 25 36 45 53 58 58 51 37 23 10 1 -6 -14 -27 -42 -54 -60 -59 -52 -42 -32 -21 -10 1 10 18 29 44 59 69 67 55 37 19 6 -3 -9 -16 -27 -41 -54 -62 -61 -53 -41 -30 -20 -10 1 13 25 35 45 54 60 61 52 38 22 8 -2 -9 -17 -28 -41 -52 -59 -58 -51 -41 -31 -21 -10 1 12 24 34 43 52 59 60 54 40 23 8 -1 -8 -15 -25 -39 -53 -61 -61 -54 -44 -32 -22 -11 1 14 26 37 46 53 58 59 53 40 23 8 -2 -9 -16 -27 -40 -53 -60 -59 -53 -43 -32 -21 -10 1 12 24 36 47 55 59 57 50 38 24 10 -1 -9 -16 -25 -39 -53 -62 -62 -53 -41 -29 -19 -10 1 12 24 34 44 53 59 59 52 39 24 10 -1 -10 -17 -26 -38 -51 -60 -62 -55 -42 -29 -19 -10 -1 11 24 35 45 54 59 59 52 39 24 10 0 -7 -16 -27 -41 -53 -61 -62 -56 -44 -30 -18 -7 2 12 23 36 47 55 58 57 50 39 24 10 -1 -9 -16 -25 -39 -53 -62 -61 -53 -41 -30 -20 -10 262 13726 304 14682
-59 -57 -50 -41 -30 -18 -7 4 14 25 36 47 56 61 59 49 35 19 6 -3 -9 -16 -27 -42 -56 -62 -60 -50 -39 -28 -18 -8 4 15 26 36 45 54 59 58 50 37 21 8 -2 -10 -18 -29 -43 -55 -60 -56 -48 -39 -30 -21 -10 1 11 21 32 46 61 70 66 52 33 16 4 -3 -10 -18 -30 -44 -55 -61 -58 -49 -38 -28 -19 -10 1 14 27 38 48 55 59 57 49 36 21 8 -2 -9 -17 -27 -41 -54 -62 -62 -55 -42 -29 -18 -7 4 16 27 38 48 56 60 58 50 36 19 5 -5 -11 -17 -27 -40 -54 -62 -61 -52 -39 -27 -17 -9 1 13 26 38 48 55 58 57 49 36 21 7 -3 -10 -18 -29 -43 -55 -61 -58 -50 -39 -28 -18 -9 2 13 25 37 48 57 61 58 49 35 20 7 -2 -8 -16 -28 -43 -57 -63 -59 -50 -38 -29 -20 -10 2 14 26 38 48 56 60 58 49 36 21 8 -3 -12 -19 -29 -41 -53 -61 -61 -52 -39 -28 -18 -8 2 15 26 37 47 55 60 58 49 35 19 7 -2 -9 -17 -29 -42 -54 -61 -59 -51 -39 -28 -18 -8 2 14 25 37 47 55 59 58 50 37 21 8 -3 -10 -18 -28 -42 -54 -61 -60 -51 -39 -28 -18 -8 263 9642 304 14682
52 58 57 49 37 24 12 1 -8 -17 -27 -39 -51 -60 -62 -55 -41 -27 -16 -9 -3 8 21 35 47 55 59 59 53 40 22 7 -4 -10 -16 -26 -39 -52 -59 -58 -51 -40 -30 -21 -12 -2 10 24 36 45 52 57 58 53 42 25 8 -2 -6 -11 -22 -41 -60 -69 -65 -52 -38 -27 -18 -9 2 14 26 36 44 52 57 56 50 38 23 9 -2 -9 -15 -25 -39 -53 -61 -60 -52 -41 -31 -22 -11 2 15 26 35 43 51 57 57 50 38 23 10 0 -8 -16 -26 -40 -52 -60 -59 -52 -41 -30 -20 -10 1 13 24 34 43 52 58 59 52 39 22 8 -2 -9 -15 -25 -38 -50 -58 -59 -53 -44 -33 -21 -9 2 13 23 34 45 55 60 59 50 36 21 9 0 -7 -15 -25 -39 -53 -61 -60 -52 -40 -30 -20 -10 0 11 23 34 45 54 59 58 51 38 24 11 -1 -9 -18 -28 -41 -53 -60 -59 -50 -39 -28 -20 -11 1 13 25 34 43 51 57 58 51 38 22 8 -1 -9 -16 -26 -39 -51 -58 -58 -51 -40 -30 -20 -11 -1 11 23 35 45 53 58 57 51 38 22 7 -3 -8 -14 -23 -38 -52 -60 -59 -50 -40 -30 -21 -12 -1 11 23 33 44 52 58 57 50 39 24 11 266 2601 304 14682
54 59 58 49 35 18 4 -5 -11 -18 -29 -42 -54 -60 -58 -50 -38 -27 -17 -7 3 14 25 36 47 56 61 60 51 36 19 5 -5 -12 -20 -32 -44 -54 -58 -55 -48 -39 -29 -17 -6 5 15 24 35 46 55 59 57 48 35 21 9 1 -6 -14 -28 -46 -62 -68 -64 -51 -36 -25 -16 -7 4 16 28 38 48 56 60 57 48 33 18 5 -3 -10 -18 -29 -42 -54 -60 -58 -49 -38 -28 -20 -10 1 14 28 39 49 56 58 56 47 34 19 5 -4 -10 -16 -26 -40 -53 -60 -59 -50 -40 -29 -19 -8 3 15 25 35 46 56 62 59 47 32 18 8 0 -8 -19 -31 -42 -51 -56 -56 -51 -41 -30 -18 -8 2 13 26 37 46 53 57 56 49 35 20 8 0 -7 -16 -30 -46 -57 -60 -55 -46 -37 -28 -19 -9 3 14 24 34 45 55 60 59 50 35 20 7 -3 -10 -18 -29 -42 -53 -59 -58 -51 -39 -28 -17 -8 2 14 26 38 48 55 58 56 49 36 21 8 -3 -10 -18 -29 -44 -56 -62 -58 -47 -36 -27 -19 -10 2 14 26 37 48 56 60 56 46 34 21 9 -1 -10 -20 -31 -42 -53 -61 -61 -53 -40 -27 -17 -7 3 15 27 39 48 55 60 58 50 34 17 4 289 14212 304 14682
55 58 54 45 32 19 8 -1 -10 -20 -32 -45 -56 -60 -57 -48 -37 -26 -16 -6 6 18 28 38 47 54 58 55 47 33 18 4 -6 -13 -21 -31 -44 -55 -60 -56 -46 -34 -23 -15 -6 4 15 27 38 48 54 56 53 46 34 20 7 -5 -13 -19 -28 -43 -58 -68 -65 -51 -33 -18 -8 1 9 19 27 34 42 51 56 55 44 29 14 4 -2 -8 -17 -29 -43 -54 -59 -56 -48 -37 -25 -14 -5 4 13 25 37 48 55 57 53 45 33 20 7 -4 -12 -20 -30 -44 -55 -60 -56 -47 -36 -26 -17 -6 6 17 27 36 45 54 59 57 47 32 17 4 -4 -11 -19 -30 -43 -54 -59 -57 -49 -38 -27 -15 -5 6 17 28 38 47 53 56 53 45 33 19 6 -3 -11 -19 -30 -43 -55 -60 -57 -48 -36 -26 -17 -7 4 16 28 38 47 54 58 56 48 34 17 4 -6 -12 -19 -30 -43 -55 -60 -57 -48 -37 -26 -15 -5 6 17 28 38 48 55 58 55 45 30 15 3 -5 -10 -17 -28 -42 -55 -61 -57 -46 -35 -25 -17 -6 6 17 26 35 45 54 60 58 47 32 17 5 -4 -12 -21 -32 -44 -53 -58 -56 -48 -38 -26 -15 -5 5 16 27 38 47 55 59 56 46 31 16 4 48 13 305 953
53 56 54 47 33 17 3 -6 -13 -20 -31 -45 -57 -61 -56 -46 -34 -24 -14 -4 6 17 28 38 48 56 59 55 43 28 13 2 -4 -10 -18 -31 -45 -55 -59 -55 -47 -37 -25 -13 -3 6 16 26 38 49 57 58 54 45 31 15 2 -6 -9 -15 -28 -46 -63 -68 -60 -45 -31 -21 -14 -4 8 20 29 38 47 55 59 54 42 27 14 5 -2 -11 -21 -34 -46 -55 -58 -55 -46 -35 -24 -14 -4 7 17 28 38 47 55 58 55 45 30 15 3 -6 -13 -21 -32 -44 -54 -58 -55 -47 -35 -23 -13 -3 6 16 27 37 47 55 58 54 44 30 15 4 -4 -11 -21 -33 -45 -54 -57 -54 -46 -36 -25 -15 -5 5 16 27 39 49 56 59 54 44 30 16 4 -4 -11 -21 -33 -47 -57 -59 -55 -45 -34 -24 -14 -4 6 17 28 38 49 56 58 53 43 29 16 4 -5 -12 -20 -30 -43 -55 -61 -58 -47 -34 -22 -13 -4 6 16 26 37 47 56 60 57 45 29 14 2 -6 -13 -20 -30 -43 -55 -60 -57 -46 -33 -23 -15 -7 4 17 30 40 49 56 59 55 43 27 13 3 -3 -9 -19 -32 -46 -56 -58 -54 -46 -37 -27 -16 -4 8 19 30 39 48 54 56 52 43 30 15 3 48 5688 305 953
-56 -60 -56 -45 -34 -25 -17 -8 4 17 30 41 51 59 61 57 45 30 15 4 -4 -12 -22 -35 -48 -58 -61 -55 -45 -35 -25 -16 -6 6 17 29 39 50 58 62 58 47 31 15 3 -4 -10 -20 -34 -49 -59 -62 -57 -49 -39 -28 -16 -3 7 15 26 41 57 69 69 58 41 26 13 2 -7 -16 -24 -34 -46 -58 -63 -58 -46 -32 -22 -14 -5 7 19 30 40 50 59 62 57 44 27 13 3 -4 -12 -23 -36 -48 -58 -61 -57 -47 -34 -22 -13 -5 6 18 31 42 50 55 57 55 45 31 15 3 -5 -11 -20 -32 -47 -58 -62 -57 -48 -37 -26 -15 -4 8 20 31 41 50 56 58 55 45 31 16 4 -5 -12 -21 -34 -49 -59 -61 -55 -45 -35 -26 -16 -4 9 20 30 39 48 56 60 56 45 30 16 4 -4 -12 -22 -34 -47 -57 -61 -58 -49 -37 -25 -14 -4 7 19 31 42 51 56 58 55 46 32 16 3 -6 -12 -21 -34 -48 -58 -60 -55 -47 -37 -27 -16 -3 9 19 30 41 52 59 60 54 43 29 15 3 -6 -13 -21 -33 -47 -58 -62 -56 -45 -35 -25 -15 -4 8 19 29 38 49 58 61 56 43 28 14 4 -4 -11 -21 -33 -47 -58 -62 -58 -47 -35 -24 -14 94 12723 305 953
58 59 53 39 22 7 -2 -7 -13 -25 -40 -53 -60 -57 -49 -40 -32 -23 -12 -1 11 22 33 44 54 60 59 51 37 23 11 2 -6 -14 -25 -39 -52 -60 -60 -54 -44 -33 -22 -11 0 12 23 33 43 52 59 59 53 40 25 11 1 -7 -13 -22 -36 -52 -64 -68 -60 -45 -30 -18 -8 1 12 24 35 44 53 59 60 54 40 23 8 -1 -8 -15 -26 -40 -54 -61 -60 -52 -41 -31 -21 -11 0 12 23 34 45 53 58 57 51 40 26 12 0 -9 -17 -25 -38 -52 -61 -62 -53 -40 -30 -22 -13 -2 11 25 35 44 52 59 61 55 40 23 8 -1 -6 -13 -25 -41 -55 -62 -60 -51 -41 -31 -22 -13 -1 13 25 35 45 53 58 59 52 40 25 11 0 -9 -17 -27 -39 -51 -59 -60 -54 -43 -31 -20 -10 -1 11 24 36 47 54 58 57 51 39 23 9 -1 -7 -13 -24 -39 -53 -61 -60 -52 -42 -32 -22 -11 0 12 23 34 45 54 60 60 53 39 23 8 -2 -9 -16 -25 -38 -51 -59 -59 -53 -42 -32 -21 -11 1 12 23 33 43 52 59 61 54 40 24 9 -1 -9 -16 -26 -39 -52 -60 -61 -54 -42 -31 -20 -11 -1 11 24 36 46 54 59 58 51 37 21 8 -2 96 767 305 953
-58 -55 -47 -36 -25 -14 -5 4 12 22 34 46 55 58 53 43 30 17 6 -3 -10 -17 -28 -41 -53 -58 -54 -45 -34 -25 -17 -9 2 14 26 37 45 51 54 52 45 32 17 5 -3 -8 -15 -25 -39 -52 -57 -54 -47 -38 -29 -19 -8 2 10 20 32 48 62 68 62 47 29 13 2 -6 -12 -20 -30 -43 -53 -57 -54 -45 -34 -25 -16 -6 5 16 25 33 42 51 56 55 46 32 18 7 -1 -9 -17 -29 -43 -54 -59 -56 -46 -35 -25 -16 -7 3 15 26 36 45 53 57 55 46 31 15 3 -4 -8 -15 -26 -41 -54 -59 -55 -46 -36 -27 -18 -7 6 17 26 34 43 51 56 55 45 31 17 6 -2 -8 -17 -28 -41 -53 -59 -57 -49 -37 -26 -15 -6 5 16 27 36 45 52 55 53 46 33 19 6 -4 -12 -19 -28 -40 -51 -57 -55 -47 -36 -25 -16 -8 2 13 26 37 46 53 57 55 46 32 17 5 -4 -10 -18 -29 -42 -52 -57 -55 -47 -37 -25 -15 -5 5 14 24 35 45 53 57 55 45 30 16 4 -3 -9 -16 -28 -41 -52 -57 -55 -46 -36 -25 -16 -7 2 13 24 35 46 53 57 54 45 32 17 5 -3 -9 -16 -27 -40 -53 -59 -58 -49 -38 -26 -15 -5 120 1581 305 953
-59 -56 -47 -36 -25 -15 -5 5 16 27 39 49 56 58 55 46 32 17 4 -6 -12 -20 -31 -45 -57 -61 -56 -45 -34 -25 -17 -7 5 18 30 40 49 55 57 54 44 31 16 4 -4 -10 -18 -30 -45 -57 -61 -56 -46 -36 -27 -18 -8 2 13 25 40 56 67 68 57 41 25 13 4 -4 -12 -22 -33 -46 -56 -61 -57 -47 -35 -24 -14 -4 6 17 27 38 48 56 59 56 46 32 17 4 -5 -12 -21 -32 -46 -57 -62 -58 -48 -36 -24 -13 -2 8 18 27 37 47 55 58 55 45 31 18 6 -4 -12 -20 -31 -44 -56 -62 -59 -49 -36 -24 -13 -3 6 16 27 37 48 56 60 58 47 32 15 2 -7 -13 -21 -32 -45 -56 -60 -56 -47 -36 -25 -15 -4 7 17 28 38 49 57 60 56 45 30 15 3 -5 -12 -19 -31 -44 -56 -60 -57 -47 -35 -25 -15 -6 5 17 28 39 49 57 60 55 44 29 15 4 -3 -11 -20 -33 -46 -56 -59 -55 -47 -37 -26 -15 -5 6 16 28 39 49 56 58 54 45 32 17 4 -5 -12 -20 -31 -45 -57 -61 -56 -46 -36 -27 -17 -5 9 20 29 37 46 55 59 55 43 29 18 9 1 -11 -24 -38 -49 -56 -58 -55 -48 -38 -26 -15 -3 127 5641 305 953
57 58 53 41 26 12 1 -6 -13 -24 -37 -50 -60 -62 -56 -45 -32 -21 -11 -1 9 21 33 43 51 56 58 53 43 27 11 0 -7 -13 -22 -36 -50 -60 -61 -54 -45 -35 -25 -13 0 12 21 30 41 52 59 60 53 41 28 15 4 -5 -12 -20 -32 -48 -63 -70 -65 -50 -34 -20 -10 0 11 24 35 44 53 60 62 56 42 25 10 0 -7 -14 -25 -39 -52 -61 -61 -54 -44 -32 -21 -11 0 11 21 31 42 52 59 61 54 41 25 10 0 -7 -14 -23 -36 -49 -59 -60 -54 -43 -31 -21 -11 -2 8 20 33 44 53 57 56 50 40 27 13 2 -6 -13 -23 -36 -51 -60 -61 -54 -43 -32 -23 -14 -3 9 21 32 42 51 59 61 55 42 26 11 0 -7 -14 -24 -37 -50 -59 -59 -53 -43 -34 -24 -14 -2 10 21 31 42 52 60 61 54 41 25 10 -1 -8 -14 -22 -34 -48 -58 -61 -55 -44 -33 -23 -13 -3 8 20 32 42 51 57 59 54 42 27 13 3 -5 -13 -24 -38 -51 -59 -61 -55 -45 -34 -22 -11 -1 9 20 32 43 52 59 60 54 42 27 11 -1 -9 -15 -24 -37 -50 -59 -60 -53 -42 -31 -21 -12 -2 10 21 32 41 50 58 60 55 42 26 11 0 128 6769 305 953
-59 -55 -46 -37 -27 -18 -7 5 16 27 37 46 54 57 55 47 34 20 6 -4 -12 -19 -30 -43 -54 -59 -55 -46 -36 -28 -20 -9 3 16 27 37 47 55 59 56 46 32 18 7 -1 -9 -19 -31 -45 -55 -59 -56 -48 -38 -28 -18 -8 1 11 23 38 54 65 68 60 45 28 13 1 -7 -13 -20 -30 -43 -55 -60 -55 -44 -33 -25 -18 -10 3 16 27 37 46 55 60 58 48 32 16 4 -5 -11 -18 -30 -43 -56 -61 -58 -48 -36 -25 -16 -6 6 18 28 36 43 51 56 56 49 34 18 5 -4 -10 -17 -29 -43 -56 -61 -57 -48 -36 -26 -16 -6 5 16 26 37 46 54 58 56 47 33 18 6 -3 -10 -19 -30 -44 -56 -61 -57 -47 -36 -25 -16 -7 4 16 27 37 46 54 58 56 47 33 17 4 -4 -10 -17 -29 -44 -56 -60 -56 -46 -36 -27 -18 -8 4 16 27 37 46 54 57 55 46 32 18 6 -3 -10 -18 -29 -43 -55 -61 -57 -47 -36 -26 -17 -7 4 16 26 36 46 54 59 57 46 31 16 5 -3 -10 -18 -29 -42 -53 -59 -58 -50 -38 -26 -16 -6 4 15 27 38 47 54 57 55 47 33 17 4 -5 -10 -17 -29 -44 -56 -60 -55 -45 -36 -28 -19 -9 176 3785 305 953
60 59 50 37 23 10 -1 -10 -17 -27 -39 -52 -59 -58 -52 -42 -33 -22 -10 4 16 25 33 42 52 60 60 51 36 21 9 1 -6 -14 -26 -41 -55 -63 -63 -54 -41 -28 -17 -8 1 12 24 35 46 53 58 57 51 39 23 8 -3 -9 -12 -19 -34 -52 -66 -69 -60 -45 -30 -18 -7 4 16 26 36 45 53 60 60 52 38 21 7 -3 -10 -17 -26 -38 -51 -59 -61 -54 -43 -31 -20 -9 1 13 25 37 46 53 57 57 51 39 24 9 -1 -9 -16 -26 -40 -53 -61 -60 -52 -41 -30 -20 -10 2 12 23 33 44 55 62 62 53 37 21 7 -3 -9 -15 -25 -39 -52 -61 -61 -53 -42 -30 -20 -9 2 13 24 34 45 54 59 58 50 37 23 10 -1 -9 -17 -27 -39 -51 -59 -59 -52 -41 -30 -20 -11 -1 11 22 34 45 55 60 60 52 38 22 8 -1 -7 -15 -26 -41 -55 -61 -59 -51 -41 -31 -22 -11 1 13 24 34 45 55 61 61 52 38 23 9 -2 -11 -18 -28 -41 -53 -59 -58 -50 -39 -29 -21 -12 -1 12 25 36 45 54 59 60 52 38 22 8 -1 -8 -16 -27 -41 -54 -60 -59 -52 -42 -32 -21 -10 3 15 26 36 45 53 58 57 51 38 22 8 -2 178 9829 305 953
56 62 61 51 34 16 2 -6 -11 -17 -28 -42 -54 -60 -58 -51 -41 -30 -18 -8 2 12 23 35 48 59 63 60 50 36 21 8 -2 -10 -19 -30 -44 -55 -61 -59 -51 -41 -30 -20 -9 3 15 26 36 46 55 60 59 51 37 22 9 0 -5 -14 -28 -46 -62 -68 -63 -51 -38 -28 -18 -8 4 16 27 37 47 57 62 60 50 35 20 7 -3 -12 -20 -31 -43 -53 -59 -58 -51 -40 -29 -18 -7 3 14 25 36 47 56 61 60 51 36 19 5 -3 -9 -17 -30 -45 -58 -63 -60 -50 -39 -28 -17 -6 4 15 26 37 47 54 58 56 48 35 20 7 -3 -10 -18 -29 -42 -54 -60 -59 -52 -41 -29 -17 -7 2 11 23 36 49 58 61 57 48 35 21 8 -1 -8 -15 -27 -42 -55 -61 -59 -52 -42 -32 -20 -8 4 16 26 36 46 54 59 58 51 38 24 9 -2 -10 -18 -29 -43 -56 -62 -60 -51 -40 -29 -18 -7 4 14 24 35 48 57 61 57 47 35 22 10 0 -10 -20 -30 -43 -55 -61 -60 -52 -40 -28 -18 -8 3 15 27 38 48 56 60 59 50 35 19 5 -4 -10 -17 -28 -42 -55 -61 -59 -50 -40 -30 -21 -10 3 16 28 38 48 56 61 58 49 33 17 5 195 12595 305 953
56 59 56 47 34 19 7 -3 -10 -18 -29 -43 -56 -62 -60 -51 -39 -27 -16 -6 4 15 26 37 47 56 61 59 50 36 20 6 -4 -12 -21 -33 -45 -55 -60 -57 -48 -37 -27 -17 -7 3 14 25 36 47 55 60 58 50 36 21 8 0 -6 -14 -29 -47 -63 -70 -65 -52 -37 -25 -15 -6 6 18 31 41 50 56 58 57 48 34 19 5 -4 -11 -19 -31 -45 -56 -61 -57 -49 -39 -28 -17 -6 5 15 25 35 47 56 61 58 48 35 20 8 -2 -10 -18 -30 -44 -57 -63 -59 -49 -38 -29 -20 -10 2 16 29 40 49 56 61 59 49 34 17 4 -4 -9 -16 -28 -44 -57 -63 -60 -49 -38 -28 -18 -8 4 15 26 37 48 57 62 59 48 32 17 6 -1 -8 -17 -30 -44 -55 -61 -59 -50 -39 -28 -18 -8 3 15 27 38 48 57 60 58 48 34 19 7 -2 -10 -19 -30 -44 -56 -62 -59 -50 -38 -26 -16 -7 3 15 27 38 47 54 58 57 50 37 22 8 -3 -12 -20 -32 -45 -57 -62 -59 -49 -38 -26 -17 -7 4 16 28 39 49 56 59 56 46 33 19 7 -2 -10 -18 -29 -43 -55 -61 -60 -52 -41 -29 -17 -6 6 16 25 35 46 56 63 61 51 35 19 6 195 16120 305 953
57 60 58 50 37 22 9 -1 -10 -21 -34 -49 -59 -62 -57 -48 -38 -28 -18 -7 4 15 26 37 48 57 62 59 49 35 19 7 -2 -10 -19 -31 -44 -54 -59 -57 -51 -42 -31 -20 -8 4 15 25 37 49 58 63 60 51 36 21 7 -2 -9 -17 -32 -50 -64 -68 -60 -46 -34 -26 -19 -9 5 18 29 38 47 55 60 59 49 35 20 7 -3 -12 -21 -32 -45 -56 -63 -61 -51 -39 -27 -18 -9 3 17 31 42 51 56 58 56 48 35 20 6 -4 -12 -19 -29 -41 -54 -62 -61 -54 -43 -31 -19 -7 6 18 29 39 49 58 63 61 52 36 19 5 -5 -12 -20 -31 -45 -58 -63 -61 -52 -42 -30 -18 -5 7 18 28 38 49 58 63 59 48 34 20 8 -2 -11 -20 -32 -46 -58 -64 -61 -51 -39 -27 -18 -8 4 17 30 40 49 56 60 58 49 34 18 6 -2 -8 -18 -31 -45 -56 -61 -59 -51 -41 -30 -18 -7 4 15 26 37 48 57 62 60 51 37 20 6 -3 -10 -18 -31 -47 -60 -65 -61 -50 -39 -28 -18 -7 5 17 29 40 50 57 61 58 48 34 18 4 -5 -11 -19 -31 -45 -56 -61 -58 -50 -40 -29 -18 -6 5 16 27 39 50 59 62 57 47 33 19 7 196 211 305 953
59 63 58 47 32 17 5 -5 -13 -23 -34 -47 -57 -62 -59 -49 -37 -25 -15 -6 5 17 28 40 49 57 61 59 50 35 18 3 -6 -13 -21 -33 -48 -59 -62 -57 -47 -36 -27 -17 -6 6 18 29 39 49 57 60 57 47 34 20 7 -3 -11 -19 -29 -45 -60 -70 -68 -55 -38 -23 -13 -4 6 19 32 43 53 59 62 57 46 30 15 3 -5 -13 -22 -33 -46 -58 -64 -60 -49 -34 -22 -15 -8 2 17 32 44 51 56 59 58 49 34 17 2 -7 -14 -21 -33 -47 -58 -62 -58 -48 -36 -25 -15 -5 7 18 29 40 50 58 61 56 45 30 15 5 -4 -12 -21 -33 -45 -55 -59 -56 -49 -39 -29 -19 -8 5 18 30 40 49 57 61 59 49 33 16 3 -5 -12 -21 -34 -47 -58 -61 -56 -47 -37 -27 -16 -6 5 15 26 38 50 60 64 60 48 32 16 4 -4 -11 -21 -34 -48 -58 -62 -57 -48 -37 -27 -17 -7 5 18 30 41 50 58 61 58 48 33 17 4 -5 -12 -21 -33 -47 -58 -62 -59 -49 -37 -25 -15 -7 3 16 30 43 52 59 61 58 48 32 15 2 -6 -12 -21 -34 -48 -58 -60 -56 -48 -37 -26 -15 -4 6 16 26 38 49 58 61 58 48 34 18 4 196 5412 305 953
58 60 57 48 33 17 4 -4 -10 -19 -32 -48 -60 -63 -58 -48 -37 -26 -15 -5 6 17 28 39 49 56 60 58 49 35 19 4 -6 -11 -17 -29 -45 -60 -66 -61 -50 -38 -27 -17 -6 6 18 29 40 50 58 63 60 49 34 17 4 -5 -11 -19 -32 -49 -63 -68 -62 -49 -35 -23 -14 -4 7 19 30 40 49 57 60 57 47 32 17 5 -4 -12 -21 -33 -47 -58 -62 -58 -49 -38 -27 -17 -6 6 19 30 41 49 55 60 59 51 35 16 1 -7 -11 -17 -30 -47 -60 -64 -59 -49 -38 -27 -16 -5 6 17 29 40 51 59 62 59 49 33 16 3 -6 -12 -21 -33 -48 -59 -63 -58 -48 -36 -26 -16 -5 5 16 28 40 52 60 62 58 48 33 17 3 -6 -13 -22 -34 -48 -60 -64 -58 -47 -35 -25 -15 -5 7 18 29 40 51 59 61 57 46 32 16 2 -8 -14 -20 -30 -44 -57 -64 -59 -48 -35 -25 -16 -7 6 19 31 39 47 55 60 58 49 34 17 4 -5 -12 -21 -33 -46 -57 -62 -59 -50 -38 -25 -15 -5 6 19 30 40 48 54 58 57 49 35 18 4 -6 -12 -19 -30 -44 -56 -63 -61 -52 -39 -27 -17 -6 6 19 31 40 48 56 61 59 50 33 16 3 196 5886 305 953
-62 -58 -49 -39 -28 -16 -4 8 20 31 42 52 59 60 55 44 31 18 6 -4 -13 -23 -35 -49 -59 -62 -57 -47 -36 -27 -18 -6 7 20 31 41 50 58 61 57 47 32 16 3 -5 -12 -20 -32 -47 -60 -65 -59 -47 -36 -26 -17 -5 7 18 27 37 49 62 68 63 48 30 14 2 -7 -15 -23 -34 -47 -58 -63 -59 -48 -35 -25 -15 -5 7 19 30 39 49 59 63 60 48 31 15 2 -7 -14 -22 -34 -47 -59 -63 -58 -47 -34 -24 -15 -5 6 19 30 40 49 57 61 57 47 32 17 5 -3 -11 -22 -35 -49 -59 -63 -60 -51 -38 -25 -12 -2 8 18 29 41 51 59 61 58 48 33 16 1 -8 -14 -20 -32 -46 -59 -64 -60 -50 -38 -26 -14 -2 9 20 29 40 50 58 61 57 46 31 17 5 -5 -13 -22 -34 -48 -60 -65 -60 -49 -36 -24 -15 -5 7 20 32 41 49 56 61 58 48 32 15 3 -5 -12 -21 -35 -49 -59 -63 -59 -49 -37 -24 -12 -1 8 18 28 39 50 58 61 58 47 32 17 5 -4 -12 -22 -36 -50 -60 -63 -58 -49 -38 -26 -15 -3 9 20 31 41 51 58 61 56 45 31 16 4 -5 -12 -21 -34 -48 -60 -63 -58 -47 -36 -26 -16 -5 196 13699 305 953
59 62 56 44 29 15 4 -5 -13 -23 -36 -49 -59 -62 -57 -48 -37 -26 -15 -3 9 21 32 42 52 59 61 55 44 31 17 5 -6 -15 -25 -37 -51 -61 -63 -58 -47 -36 -25 -14 -1 11 23 33 43 52 59 59 54 43 30 15 1 -10 -15 -20 -30 -46 -62 -68 -60 -45 -31 -22 -16 -6 7 22 33 42 51 58 61 57 45 29 14 1 -7 -14 -23 -35 -48 -59 -62 -58 -47 -35 -24 -14 -4 8 20 32 42 51 58 61 57 46 30 15 2 -6 -13 -23 -36 -51 -61 -63 -57 -46 -34 -23 -13 -2 9 19 29 40 51 60 63 58 46 29 14 1 -7 -14 -23 -36 -51 -61 -62 -57 -46 -35 -24 -14 -3 9 21 32 43 52 59 59 54 43 29 15 2 -7 -14 -21 -32 -46 -58 -63 -58 -48 -36 -25 -16 -5 7 19 31 42 52 60 63 59 47 31 14 1 -8 -14 -22 -34 -49 -61 -64 -59 -48 -36 -25 -14 -2 11 23 33 41 50 58 61 56 44 29 15 4 -5 -13 -23 -36 -49 -60 -63 -59 -48 -36 -24 -14 -3 8 21 33 44 53 60 62 57 45 28 12 0 -7 -13 -21 -34 -50 -62 -64 -57 -44 -33 -24 -15 -5 8 20 32 42 52 59 62 56 44 29 15 4 197 2177 305 953
-62 -62 -55 -44 -33 -21 -10 1 12 23 34 46 57 62 60 51 38 23 10 0 -8 -16 -27 -39 -52 -60 -60 -54 -44 -33 -22 -10 1 11 22 33 45 55 60 59 52 41 28 14 2 -8 -16 -27 -41 -54 -62 -62 -55 -44 -34 -24 -12 0 10 20 32 47 62 70 67 54 37 21 8 -2 -11 -19 -28 -40 -53 -61 -61 -53 -41 -30 -22 -13 -3 10 23 36 48 57 61 60 52 40 26 12 0 -10 -18 -28 -39 -52 -62 -63 -56 -43 -30 -20 -11 -1 11 23 35 45 54 60 61 54 42 26 10 -1 -9 -16 -26 -39 -52 -61 -62 -55 -44 -33 -22 -12 -1 11 22 34 45 55 63 63 56 41 24 9 0 -7 -15 -26 -41 -55 -63 -61 -53 -43 -33 -23 -13 -1 13 26 36 46 54 60 61 54 40 24 10 1 -7 -15 -27 -41 -54 -62 -63 -56 -44 -31 -19 -10 -1 9 22 36 47 56 60 60 54 42 25 9 -2 -8 -14 -25 -41 -57 -64 -61 -51 -40 -31 -23 -13 -1 13 25 35 44 53 60 62 55 41 25 10 0 -8 -16 -27 -41 -55 -62 -61 -53 -42 -32 -22 -12 0 13 24 34 43 52 60 61 55 41 25 11 0 -8 -16 -27 -39 -52 -59 -61 -55 -44 -33 -22 -12 198 1980 305 953
56 60 59 51 38 23 9 -1 -7 -15 -26 -42 -56 -64 -63 -54 -43 -32 -22 -11 1 13 26 39 51 60 63 60 50 37 22 9 -2 -10 -17 -28 -42 -55 -63 -62 -54 -42 -30 -19 -9 1 12 25 37 48 56 61 60 53 39 22 8 -1 -6 -12 -26 -45 -62 -69 -64 -52 -39 -29 -20 -9 4 16 26 35 45 55 62 62 53 38 23 10 0 -8 -18 -31 -44 -55 -61 -61 -54 -43 -32 -20 -10 1 13 26 38 49 57 62 61 53 39 22 7 -3 -9 -17 -29 -44 -56 -61 -58 -51 -42 -33 -23 -12 1 14 26 39 50 58 62 60 51 38 23 9 -1 -9 -16 -28 -43 -57 -65 -63 -53 -41 -30 -20 -10 2 14 26 37 47 55 60 60 53 40 24 8 -4 -11 -17 -27 -40 -54 -62 -62 -54 -43 -33 -22 -10 2 15 26 37 47 55 60 60 54 41 25 9 -4 -12 -18 -27 -40 -54 -63 -63 -55 -42 -31 -20 -10 2 14 26 36 47 56 61 61 54 41 24 8 -4 -12 -19 -28 -42 -55 -63 -62 -53 -41 -29 -19 -8 2 13 24 35 47 57 62 60 51 38 23 9 -2 -11 -18 -27 -39 -52 -62 -63 -55 -43 -32 -21 -10 2 15 27 37 47 56 62 61 52 36 20 7 198 9117 305 953
56 60 60 53 41 24 9 -3 -10 -18 -29 -43 -56 -63 -61 -53 -42 -32 -22 -10 3 16 28 38 47 55 60 60 53 39 21 6 -3 -9 -16 -27 -42 -56 -63 -61 -52 -42 -32 -21 -9 2 13 24 35 48 58 62 60 53 40 25 10 -3 -10 -16 -25 -41 -59 -71 -69 -56 -39 -25 -16 -8 2 15 28 38 47 55 60 59 51 38 23 9 -1 -9 -17 -28 -42 -56 -64 -63 -55 -42 -30 -19 -8 3 15 27 37 46 54 60 60 53 38 21 6 -3 -9 -16 -26 -40 -54 -63 -62 -54 -43 -31 -20 -10 1 13 25 37 48 57 63 61 53 38 21 6 -3 -9 -15 -26 -41 -56 -63 -62 -54 -43 -32 -21 -9 4 16 27 37 46 55 61 60 52 38 22 9 -1 -8 -17 -28 -43 -56 -63 -62 -55 -44 -32 -20 -8 3 14 27 40 52 59 61 57 49 37 23 8 -3 -11 -18 -28 -42 -56 -64 -63 -54 -41 -29 -18 -8 3 14 26 38 48 56 59 58 51 39 23 9 -2 -10 -17 -28 -43 -57 -64 -62 -52 -40 -29 -19 -8 2 14 25 37 48 57 61 59 51 38 22 9 -2 -10 -17 -28 -42 -56 -63 -62 -53 -40 -29 -20 -10 1 14 27 38 47 55 60 60 53 38 21 6 198 11918 305 953
53 59 60 52 39 22 8 -1 -8 -16 -28 -42 -56 -63 -62 -54 -43 -31 -19 -8 2 13 25 38 50 58 62 59 51 38 22 8 -3 -11 -18 -28 -41 -53 -61 -61 -54 -43 -31 -19 -8 2 12 23 36 49 58 62 61 53 39 22 6 -4 -8 -12 -24 -43 -61 -69 -65 -52 -40 -30 -20 -8 5 18 27 36 45 56 62 61 50 35 20 8 0 -7 -16 -28 -42 -55 -63 -63 -55 -43 -31 -19 -8 4 15 26 37 46 55 61 61 53 39 22 8 -2 -9 -17 -29 -44 -56 -62 -60 -52 -40 -29 -20 -11 0 12 25 38 49 57 61 60 52 39 23 9 -1 -7 -15 -28 -45 -58 -65 -63 -56 -45 -32 -19 -6 6 16 27 38 49 58 62 60 50 37 21 7 -4 -11 -18 -28 -41 -55 -63 -63 -54 -41 -28 -18 -9 1 12 24 37 49 58 62 60 52 38 22 8 -3 -11 -18 -29 -42 -54 -62 -61 -54 -42 -31 -21 -10 2 15 27 38 48 57 62 62 53 37 19 4 -4 -9 -16 -27 -43 -57 -64 -61 -52 -41 -31 -20 -9 3 15 26 37 47 56 62 61 53 38 22 7 -4 -12 -19 -29 -42 -56 -63 -61 -52 -41 -31 -21 -10 4 18 29 38 46 54 60 60 52 37 20 7 198 12517 305 953
57 61 60 51 37 22 9 -2 -11 -20 -31 -45 -56 -63 -61 -53 -41 -29 -18 -7 3 14 25 38 50 59 63 59 50 36 21 7 -3 -11 -18 -28 -42 -56 -64 -63 -53 -40 -29 -19 -9 3 15 28 39 50 57 61 59 51 38 21 6 -6 -12 -16 -24 -39 -57 -68 -67 -55 -40 -28 -19 -10 4 19 31 41 48 55 60 59 50 36 20 7 -2 -9 -18 -29 -43 -56 -63 -61 -53 -41 -30 -20 -9 3 16 28 39 49 57 61 60 51 37 21 6 -4 -10 -17 -28 -44 -58 -66 -62 -52 -39 -28 -18 -8 4 16 27 37 47 57 63 62 51 35 19 7 -1 -9 -19 -32 -47 -57 -61 -58 -51 -41 -31 -20 -7 5 16 27 38 48 57 61 59 50 36 20 7 -3 -9 -16 -27 -42 -56 -64 -63 -53 -41 -30 -20 -9 3 16 27 38 49 58 63 61 50 35 20 7 -2 -10 -19 -31 -44 -56 -62 -60 -53 -43 -31 -19 -7 5 17 28 39 49 56 59 57 49 37 22 8 -3 -11 -18 -28 -42 -56 -65 -64 -54 -40 -28 -17 -8 3 16 28 39 49 57 61 60 51 36 19 6 -4 -11 -18 -29 -42 -54 -62 -62 -54 -43 -30 -18 -7 4 16 27 38 49 57 62 60 51 36 20 7 198 15917 305 953
-63 -59 -50 -39 -29 -19 -8 4 16 27 38 49 58 63 60 49 34 19 7 -3 -10 -19 -31 -44 -57 -63 -61 -52 -41 -29 -18 -6 5 15 25 36 48 59 64 62 52 36 20 6 -4 -12 -20 -31 -45 -57 -63 -60 -51 -40 -30 -20 -8 5 16 26 36 49 62 68 63 48 30 15 6 -1 -9 -18 -30 -44 -56 -64 -63 -54 -42 -30 -19 -7 6 19 30 40 49 57 62 60 49 34 19 7 -3 -12 -21 -32 -44 -55 -62 -61 -53 -40 -27 -16 -6 4 16 28 39 49 56 61 59 51 36 20 6 -4 -11 -18 -30 -44 -57 -63 -61 -52 -40 -28 -18 -7 5 17 28 38 48 56 62 61 51 36 19 5 -5 -12 -19 -30 -44 -56 -62 -59 -50 -39 -28 -19 -9 3 15 26 38 48 57 61 59 50 37 22 10 -1 -10 -20 -32 -46 -58 -64 -62 -53 -40 -28 -18 -8 3 16 29 41 50 57 60 58 50 36 21 7 -3 -11 -20 -32 -45 -57 -62 -60 -52 -40 -29 -17 -7 4 16 27 39 49 57 61 59 50 37 20 5 -5 -12 -19 -29 -42 -55 -62 -61 -54 -42 -31 -19 -8 5 17 29 40 49 57 61 59 51 37 21 6 -4 -12 -19 -30 -45 -58 -65 -61 -51 -39 -28 -19 -9 199 2446 305 953
59 62 59 48 34 18 5 -5 -12 -20 -31 -44 -57 -63 -60 -51 -40 -29 -18 -6 7 19 29 38 48 57 63 61 50 34 17 3 -5 -11 -18 -30 -45 -58 -63 -59 -50 -40 -30 -20 -8 4 17 29 42 53 59 60 56 48 36 22 7 -4 -12 -18 -29 -46 -62 -70 -65 -50 -36 -25 -17 -7 6 19 31 40 49 57 61 58 48 33 18 6 -2 -10 -19 -31 -46 -58 -63 -60 -51 -39 -27 -17 -8 3 16 28 39 48 55 60 61 56 43 25 6 -7 -16 -24 -35 -48 -59 -63 -59 -50 -39 -28 -17 -5 6 16 27 40 52 61 64 58 47 33 19 6 -5 -13 -22 -33 -46 -57 -63 -60 -51 -39 -27 -16 -6 6 17 29 41 51 59 61 57 48 34 19 5 -6 -14 -20 -30 -44 -57 -63 -60 -49 -37 -27 -19 -9 4 18 30 40 49 57 61 59 49 35 18 5 -4 -11 -20 -32 -46 -58 -63 -59 -49 -37 -26 -18 -9 2 14 27 39 50 58 62 59 49 36 21 7 -3 -11 -20 -31 -46 -59 -65 -61 -50 -38 -28 -19 -9 3 17 31 42 51 58 61 58 50 37 21 7 -4 -13 -22 -33 -47 -59 -65 -61 -51 -38 -26 -16 -5 6 17 27 37 48 58 64 61 50 34 18 5 199 7308 305 953
-64 -58 -46 -33 -22 -13 -3 9 20 31 41 52 60 63 57 44 29 15 4 -5 -16 -28 -40 -52 -61 -63 -58 -47 -34 -21 -11 -1 10 22 33 44 53 60 61 55 43 27 13 2 -7 -15 -25 -37 -49 -59 -61 -57 -46 -35 -25 -15 -3 10 21 30 39 50 62 69 64 49 28 11 0 -7 -14 -25 -40 -53 -62 -63 -58 -47 -35 -23 -12 0 11 21 32 42 52 60 63 59 47 29 12 -1 -9 -14 -23 -37 -52 -63 -64 -58 -46 -35 -25 -14 -3 9 22 33 44 54 62 64 57 44 27 11 0 -7 -14 -25 -38 -52 -60 -61 -56 -47 -37 -26 -14 -3 8 19 32 46 59 66 64 55 41 27 14 4 -5 -13 -24 -39 -54 -64 -66 -59 -47 -36 -25 -13 -1 11 22 33 44 54 62 64 57 44 28 13 2 -6 -14 -25 -39 -53 -63 -64 -58 -47 -36 -24 -13 -1 10 22 33 45 55 62 62 55 43 29 15 2 -9 -17 -25 -35 -48 -59 -63 -58 -46 -34 -23 -14 -5 7 19 32 44 55 62 63 56 43 28 14 3 -5 -15 -26 -38 -51 -60 -62 -58 -48 -37 -26 -15 -4 8 21 33 45 55 61 62 57 45 29 13 0 -7 -14 -23 -37 -52 -62 -63 -56 -46 -36 -26 -15 -2 200 8462 305 953
59 63 60 51 36 21 6 -5 -12 -18 -28 -41 -55 -63 -62 -53 -41 -29 -18 -7 4 14 24 35 46 57 63 61 52 38 23 9 -1 -10 -19 -31 -46 -59 -65 -62 -52 -40 -28 -17 -8 2 14 26 40 51 57 58 56 50 40 25 8 -6 -12 -16 -25 -41 -59 -69 -65 -52 -38 -27 -19 -10 2 14 25 37 49 60 65 62 50 35 20 8 -2 -11 -20 -31 -43 -55 -62 -61 -53 -41 -30 -19 -8 3 14 25 36 47 58 64 63 54 38 20 5 -5 -11 -18 -29 -44 -57 -63 -60 -51 -41 -30 -20 -9 3 16 27 38 49 57 62 61 52 37 20 6 -3 -11 -19 -32 -46 -57 -61 -58 -50 -41 -30 -18 -6 5 15 24 35 47 57 62 60 50 37 22 8 -3 -12 -20 -29 -42 -54 -62 -61 -52 -40 -29 -20 -10 2 15 28 39 48 55 60 59 51 38 23 9 -2 -11 -19 -30 -42 -55 -62 -62 -54 -42 -31 -20 -10 3 16 29 40 49 56 61 60 53 38 21 5 -5 -11 -18 -28 -42 -56 -63 -61 -52 -40 -29 -19 -9 2 15 27 38 48 57 62 61 52 37 20 6 -2 -9 -17 -29 -44 -56 -63 -61 -53 -42 -31 -19 -7 4 14 25 37 48 58 62 60 51 37 22 8 202 3830 305 953
-61 -62 -56 -45 -33 -21 -11 -1 10 21 33 45 54 60 60 53 41 26 11 0 -7 -14 -24 -38 -52 -61 -61 -54 -43 -33 -23 -13 -2 10 22 33 44 53 60 61 55 43 27 11 -1 -9 -15 -24 -37 -51 -59 -61 -55 -46 -35 -23 -11 -1 8 17 29 45 61 70 67 54 37 21 8 -1 -8 -15 -25 -38 -51 -61 -62 -54 -42 -31 -22 -13 -3 10 23 34 43 52 59 62 57 43 25 9 -2 -8 -14 -23 -37 -51 -60 -62 -57 -47 -35 -23 -11 0 11 22 34 45 54 60 61 54 42 26 11 -1 -8 -15 -24 -37 -52 -61 -63 -56 -44 -32 -21 -11 -1 9 20 32 44 55 61 61 54 42 27 12 0 -9 -17 -25 -37 -51 -61 -62 -54 -43 -32 -23 -14 -1 12 24 34 43 51 59 62 56 42 25 9 -1 -8 -14 -24 -38 -52 -61 -61 -53 -42 -32 -24 -14 -2 12 24 34 43 52 60 61 55 41 25 11 1 -7 -16 -26 -39 -51 -58 -60 -55 -45 -34 -22 -11 0 11 23 34 44 52 58 60 55 42 26 10 -1 -8 -14 -23 -36 -50 -60 -61 -56 -46 -35 -24 -13 -1 12 23 34 45 55 61 61 54 41 25 11 -1 -9 -16 -24 -37 -50 -60 -63 -56 -45 -32 -21 -11 204 6799 305 953
60 61 55 44 29 13 -1 -10 -17 -24 -34 -48 -59 -62 -57 -45 -32 -22 -12 -3 9 21 33 43 52 58 59 54 42 27 12 0 -7 -13 -22 -35 -49 -59 -61 -56 -45 -33 -22 -12 -3 7 17 29 42 53 58 59 54 45 31 14 -1 -10 -14 -18 -29 -47 -63 -68 -59 -44 -30 -21 -14 -4 9 22 32 41 50 57 60 55 43 28 13 2 -6 -13 -23 -36 -50 -60 -62 -56 -46 -34 -24 -13 -2 10 21 31 41 51 59 60 55 43 28 13 1 -7 -14 -22 -36 -50 -61 -61 -54 -43 -33 -25 -15 -3 10 22 31 41 51 58 60 55 42 26 11 0 -6 -11 -18 -31 -48 -61 -64 -57 -44 -33 -24 -16 -6 7 20 32 42 53 61 63 57 43 27 11 1 -7 -13 -22 -36 -51 -62 -64 -56 -43 -30 -21 -13 -4 8 20 32 42 50 56 59 55 45 29 14 1 -7 -13 -22 -35 -50 -61 -63 -57 -45 -33 -22 -12 -1 10 21 31 41 50 57 60 54 42 26 12 3 -3 -11 -23 -37 -50 -59 -60 -55 -46 -35 -24 -14 -3 8 20 32 43 52 58 61 57 46 28 11 -2 -8 -13 -21 -35 -51 -61 -62 -54 -43 -32 -23 -14 -4 7 20 32 43 52 58 59 54 43 28 14 2 216 15925 305 953
-62 -58 -48 -36 -23 -12 -1 9 20 31 42 52 58 59 53 41 26 12 2 -5 -12 -21 -34 -48 -58 -61 -56 -46 -35 -24 -14 -3 8 21 33 43 51 57 58 53 43 28 13 2 -6 -12 -20 -33 -47 -58 -61 -56 -46 -35 -25 -15 -4 7 17 27 38 51 63 68 63 47 28 11 0 -7 -15 -25 -37 -49 -57 -60 -57 -49 -37 -24 -12 -1 9 20 31 43 52 58 60 56 45 30 15 1 -8 -16 -24 -36 -48 -57 -59 -54 -45 -35 -25 -15 -4 9 20 31 41 50 57 60 56 45 29 13 0 -7 -13 -21 -31 -44 -54 -59 -57 -49 -37 -25 -14 -4 6 18 31 43 52 57 57 53 43 30 16 3 -7 -14 -21 -32 -46 -57 -62 -57 -46 -34 -24 -15 -6 6 19 31 41 50 56 58 54 43 29 15 3 -5 -12 -21 -33 -46 -57 -61 -56 -47 -35 -25 -15 -4 8 19 31 41 51 59 60 54 41 25 12 1 -6 -12 -20 -31 -44 -55 -61 -57 -46 -32 -21 -12 -4 6 18 30 39 48 54 57 54 44 29 14 4 -4 -11 -22 -35 -49 -57 -59 -53 -44 -34 -24 -14 -3 7 18 29 39 49 57 60 56 45 29 13 0 -8 -14 -22 -32 -45 -56 -60 -56 -46 -34 -23 -13 -3 219 15110 305 953
55 58 55 44 28 12 1 -5 -11 -20 -34 -49 -59 -61 -55 -44 -33 -23 -14 -4 8 19 30 40 50 57 60 56 44 28 12 0 -6 -12 -20 -33 -48 -58 -60 -54 -45 -35 -26 -16 -5 8 21 31 41 49 56 59 55 45 30 15 2 -6 -12 -20 -31 -46 -60 -68 -65 -51 -34 -19 -9 -1 9 21 32 43 51 57 59 55 43 26 10 0 -6 -11 -21 -34 -48 -58 -60 -54 -45 -34 -24 -15 -4 8 20 31 42 51 57 59 55 44 28 12 1 -7 -12 -21 -34 -48 -59 -61 -56 -45 -34 -23 -13 -3 9 20 31 41 50 57 59 53 42 27 14 3 -5 -13 -22 -35 -48 -58 -61 -56 -44 -32 -22 -14 -5 7 20 32 42 50 56 59 56 45 28 11 -1 -6 -11 -19 -33 -48 -60 -62 -56 -45 -34 -24 -14 -3 9 21 31 41 50 57 59 54 42 27 12 0 -7 -13 -22 -34 -47 -57 -59 -55 -45 -33 -22 -12 -3 7 18 30 41 51 57 58 53 43 28 13 1 -8 -14 -21 -33 -47 -56 -58 -52 -43 -34 -26 -16 -3 10 21 30 39 48 55 58 54 43 29 14 2 -7 -13 -21 -32 -46 -58 -61 -55 -44 -33 -24 -16 -5 8 21 32 40 49 56 60 57 45 28 12 0 220 2513 305 953
56 57 53 43 29 14 2 -7 -13 -21 -33 -47 -58 -60 -55 -45 -34 -24 -13 -3 8 19 30 41 50 56 57 53 43 29 14 2 -7 -13 -21 -33 -47 -57 -60 -53 -43 -33 -24 -16 -6 6 18 30 42 51 56 57 53 43 30 15 3 -3 -8 -16 -32 -51 -66 -68 -59 -45 -31 -21 -12 -2 9 20 30 40 51 58 59 53 42 28 14 2 -6 -13 -22 -34 -48 -57 -59 -53 -44 -35 -26 -15 -2 9 19 28 39 50 59 60 54 43 29 15 3 -8 -16 -24 -34 -47 -57 -60 -55 -44 -32 -23 -14 -4 8 21 31 41 49 56 58 54 43 28 13 2 -6 -12 -22 -35 -48 -58 -60 -54 -44 -33 -23 -14 -4 7 20 32 43 52 57 57 52 42 27 12 -1 -9 -14 -20 -31 -44 -55 -59 -55 -46 -35 -24 -13 -2 8 18 28 39 51 58 59 53 41 28 16 4 -6 -15 -25 -35 -47 -56 -59 -54 -44 -32 -23 -15 -5 8 21 32 40 47 54 58 55 43 27 12 1 -6 -12 -21 -33 -47 -56 -59 -54 -45 -35 -25 -15 -4 8 20 31 41 50 57 58 54 43 28 14 2 -7 -14 -22 -34 -46 -56 -59 -55 -45 -33 -23 -13 -3 8 18 29 40 51 58 60 53 41 26 12 2 220 2988 305 953
-62 -55 -44 -32 -23 -13 -3 9 20 31 41 50 57 60 55 43 26 11 0 -8 -14 -23 -34 -46 -54 -56 -53 -44 -34 -24 -13 -3 7 17 28 39 50 57 59 54 44 30 16 4 -6 -14 -23 -36 -49 -58 -59 -53 -44 -34 -24 -15 -4 6 15 26 39 53 65 68 60 44 25 8 -2 -8 -14 -22 -34 -48 -58 -61 -55 -44 -32 -22 -14 -4 7 20 31 42 51 57 59 55 43 28 13 1 -8 -15 -23 -34 -46 -56 -60 -55 -45 -33 -22 -13 -3 8 19 30 41 50 57 58 53 42 27 14 3 -5 -12 -22 -35 -48 -57 -59 -54 -44 -35 -25 -16 -5 8 21 32 42 51 57 59 54 43 28 13 2 -6 -14 -24 -35 -47 -55 -58 -54 -46 -35 -24 -13 -2 8 19 29 40 50 58 60 55 44 29 14 2 -7 -14 -23 -36 -48 -57 -59 -54 -45 -34 -24 -14 -3 9 21 32 43 52 57 57 51 41 27 13 1 -7 -14 -22 -33 -45 -56 -60 -56 -45 -33 -22 -12 -3 9 20 31 41 48 54 56 52 42 29 15 3 -5 -12 -21 -34 -47 -57 -60 -55 -45 -34 -24 -15 -5 7 20 32 43 51 56 57 54 44 29 13 1 -7 -12 -21 -34 -49 -59 -62 -55 -45 -33 -23 -13 -2 220 6301 305 953
60 60 53 40 23 8 -3 -10 -16 -26 -39 -52 -60 -61 -54 -42 -31 -19 -9 2 12 23 34 44 53 58 59 53 41 25 9 -3 -10 -15 -23 -36 -51 -61 -62 -54 -43 -32 -22 -11 1 13 24 34 43 52 59 59 53 40 25 11 1 -7 -15 -23 -36 -51 -64 -68 -62 -47 -31 -18 -7 2 13 25 37 48 57 61 59 50 37 22 9 -1 -8 -17 -28 -41 -52 -60 -60 -53 -42 -30 -19 -10 0 11 23 35 46 55 59 58 51 39 24 9 -1 -8 -14 -24 -39 -53 -62 -61 -52 -41 -31 -22 -12 1 14 25 34 42 52 60 62 55 39 21 7 -2 -8 -14 -25 -38 -51 -60 -60 -54 -44 -32 -22 -11 0 12 24 36 46 54 59 59 53 40 25 10 -1 -9 -17 -27 -39 -52 -61 -62 -55 -43 -30 -18 -9 -1 9 21 35 48 58 61 58 49 37 23 11 0 -9 -17 -27 -39 -52 -60 -61 -53 -42 -30 -21 -12 -1 12 25 36 45 52 58 60 55 41 24 8 -3 -9 -15 -25 -39 -53 -61 -60 -53 -42 -31 -21 -10 1 12 23 34 45 55 60 59 51 37 22 10 1 -7 -16 -27 -41 -53 -60 -58 -51 -42 -32 -23 -11 1 13 24 34 44 54 60 61 52 38 22 9 0 221 4104 305 953
54 58 57 50 39 26 12 0 -9 -16 -26 -38 -52 -60 -60 -53 -42 -32 -23 -13 0 13 25 36 45 54 60 60 52 38 21 7 -1 -7 -13 -25 -39 -52 -59 -59 -53 -44 -33 -21 -10 1 11 22 32 44 54 61 61 54 40 24 10 1 -5 -12 -25 -43 -60 -69 -66 -54 -40 -27 -17 -7 4 15 26 36 45 52 57 57 50 38 23 9 -1 -8 -15 -25 -40 -53 -60 -59 -51 -41 -32 -22 -12 1 14 25 35 44 52 59 59 53 39 23 9 -1 -8 -15 -26 -40 -53 -61 -61 -54 -43 -31 -20 -9 2 13 24 35 45 53 58 58 51 40 24 9 -3 -10 -16 -25 -37 -51 -60 -60 -53 -42 -32 -22 -13 -1 12 25 36 45 53 58 60 54 41 25 9 -2 -9 -16 -27 -42 -55 -61 -59 -51 -40 -30 -20 -11 0 12 23 34 45 54 59 58 51 38 23 9 -1 -8 -15 -25 -39 -52 -60 -59 -53 -43 -33 -22 -11 1 13 24 35 45 53 58 58 52 39 24 9 -2 -8 -14 -24 -38 -52 -61 -60 -53 -43 -33 -23 -12 0 12 24 35 45 54 59 59 52 40 24 9 -2 -8 -14 -24 -38 -54 -63 -62 -53 -42 -31 -21 -11 2 14 24 34 44 53 60 59 51 38 23 10 221 5053 305 953
-58 -60 -54 -45 -35 -25 -14 -3 9 21 32 43 52 59 59 53 41 26 12 2 -5 -11 -20 -34 -50 -61 -63 -56 -46 -35 -25 -15 -3 10 22 32 42 51 58 60 54 43 28 15 4 -4 -13 -24 -37 -50 -59 -60 -55 -46 -36 -27 -16 -5 6 17 28 43 58 68 69 59 43 25 11 0 -9 -16 -26 -37 -50 -60 -62 -56 -45 -33 -22 -13 -2 9 22 33 44 53 60 61 54 42 26 12 1 -6 -13 -23 -36 -50 -60 -62 -56 -45 -34 -23 -13 -2 10 21 31 42 52 59 61 55 43 28 14 2 -6 -15 -25 -37 -49 -57 -60 -56 -47 -36 -24 -13 -2 9 20 32 44 54 59 59 53 42 28 14 2 -7 -15 -25 -37 -50 -59 -60 -55 -44 -33 -22 -13 -4 6 18 31 44 54 60 60 54 43 29 13 0 -8 -14 -21 -33 -48 -61 -64 -58 -46 -33 -22 -12 -2 9 21 31 41 51 58 61 56 43 28 13 2 -6 -13 -23 -36 -50 -60 -62 -56 -46 -34 -23 -11 -1 10 20 30 40 51 59 61 55 43 27 13 3 -4 -12 -23 -38 -52 -61 -62 -56 -45 -34 -23 -13 -2 9 21 32 43 52 60 61 55 42 27 12 1 -6 -14 -24 -37 -50 -59 -61 -55 -45 -33 -23 -14 223 11548 305 953
-60 -59 -52 -41 -31 -21 -12 -1 10 22 34 46 56 61 59 51 38 23 9 -2 -9 -16 -25 -38 -51 -59 -60 -53 -42 -31 -21 -10 0 11 22 33 45 54 59 59 52 40 24 10 -1 -8 -14 -25 -39 -53 -60 -58 -51 -42 -34 -25 -13 -1 10 19 31 47 63 72 68 53 35 18 7 -2 -10 -19 -29 -41 -52 -59 -59 -52 -42 -31 -21 -9 3 14 24 34 44 54 60 59 50 36 21 8 -1 -8 -15 -25 -38 -52 -61 -61 -54 -43 -32 -22 -11 1 14 26 36 45 53 58 58 51 38 22 9 0 -6 -14 -25 -39 -53 -62 -62 -55 -45 -34 -21 -9 4 14 23 32 44 56 64 63 53 38 22 9 -1 -10 -18 -27 -39 -52 -60 -61 -55 -43 -31 -21 -10 1 13 25 34 43 52 59 61 55 41 25 11 1 -7 -17 -30 -44 -55 -61 -59 -52 -41 -31 -22 -12 -2 12 25 38 47 54 59 60 54 41 23 6 -4 -9 -14 -24 -39 -54 -61 -59 -51 -41 -31 -21 -10 2 14 23 32 42 52 59 59 52 39 23 9 -1 -8 -16 -26 -39 -52 -59 -58 -52 -42 -31 -22 -12 -1 10 22 34 45 55 60 59 52 39 23 9 -2 -9 -16 -26 -39 -52 -60 -60 -54 -44 -32 -20 -8 224 9364 305 953
53 58 57 50 37 22 8 -3 -9 -14 -24 -38 -54 -62 -60 -51 -40 -30 -21 -10 2 14 24 34 44 54 59 59 51 38 23 9 -2 -9 -14 -24 -38 -53 -64 -64 -55 -42 -29 -19 -9 2 13 25 36 45 52 57 57 52 41 25 9 -3 -9 -13 -23 -40 -59 -69 -66 -54 -38 -26 -16 -6 4 14 23 33 44 54 60 57 48 35 22 10 0 -8 -15 -25 -38 -53 -62 -62 -53 -40 -28 -18 -9 1 12 23 33 43 52 59 59 51 38 23 9 -2 -10 -17 -26 -37 -50 -59 -60 -53 -40 -29 -19 -11 -1 10 22 35 46 55 60 58 49 36 22 10 0 -8 -16 -27 -40 -52 -60 -60 -53 -41 -30 -20 -9 2 14 25 35 45 53 59 58 51 37 22 8 -3 -10 -17 -27 -39 -51 -59 -58 -50 -40 -30 -22 -12 0 14 26 35 44 52 58 59 51 38 22 9 -1 -8 -16 -27 -40 -53 -61 -61 -53 -41 -29 -20 -11 0 12 25 36 46 54 60 60 52 37 21 7 -1 -7 -15 -27 -42 -55 -62 -60 -53 -42 -32 -21 -9 2 13 25 37 48 57 61 58 50 37 23 10 -1 -10 -18 -28 -41 -54 -63 -62 -54 -41 -29 -19 -10 2 16 28 37 45 52 57 59 53 40 24 9 224 13150 305 953
-64 -60 -49 -37 -26 -16 -4 7 17 27 36 46 55 60 57 47 33 18 6 -2 -9 -18 -31 -45 -56 -60 -58 -49 -39 -28 -18 -7 3 15 27 39 50 57 59 55 46 34 20 7 -2 -8 -15 -27 -44 -59 -66 -62 -51 -39 -29 -19 -7 6 18 27 35 46 59 68 67 54 34 14 1 -7 -13 -21 -34 -47 -58 -62 -58 -48 -37 -25 -15 -4 6 17 27 37 47 55 60 57 48 33 18 6 -3 -10 -20 -32 -46 -56 -60 -57 -48 -38 -28 -18 -7 6 18 28 38 47 55 60 58 49 33 16 3 -4 -10 -17 -29 -44 -57 -63 -59 -49 -37 -26 -17 -8 3 15 27 38 49 57 61 58 48 33 19 7 -2 -10 -21 -33 -47 -58 -62 -58 -48 -36 -25 -16 -6 5 17 28 37 47 55 60 58 49 34 18 5 -5 -12 -20 -30 -42 -54 -61 -60 -51 -38 -26 -16 -7 3 15 28 40 50 57 59 56 48 34 19 5 -4 -12 -20 -31 -44 -56 -61 -58 -50 -39 -28 -18 -7 5 18 30 40 48 55 59 56 47 33 18 5 -4 -10 -18 -30 -45 -57 -62 -58 -48 -37 -28 -18 -7 6 18 28 38 47 56 60 58 49 34 18 5 -5 -13 -20 -30 -44 -56 -62 -60 -49 -36 -24 -14 -5 225 12854 305 953
-61 -60 -51 -38 -26 -16 -6 5 16 27 38 48 56 60 57 48 34 18 4 -5 -12 -19 -30 -43 -55 -61 -58 -50 -39 -27 -16 -5 5 15 26 37 49 57 60 57 48 36 21 7 -4 -12 -20 -31 -45 -56 -61 -57 -49 -40 -31 -20 -7 6 15 24 35 50 64 71 65 50 30 13 1 -7 -14 -22 -33 -46 -57 -61 -57 -47 -35 -26 -17 -7 5 18 29 38 48 56 60 56 46 32 19 7 -3 -11 -21 -31 -44 -56 -62 -60 -50 -36 -24 -14 -6 4 16 28 38 46 53 57 56 48 34 19 7 -1 -8 -16 -29 -45 -58 -65 -61 -51 -38 -25 -15 -6 4 16 28 39 49 56 59 57 49 35 19 5 -4 -11 -19 -30 -44 -56 -62 -59 -50 -39 -28 -17 -6 6 18 29 39 48 56 60 58 49 33 17 3 -5 -11 -18 -29 -44 -57 -62 -59 -49 -38 -27 -17 -7 5 18 30 40 49 55 59 56 47 33 17 4 -5 -11 -18 -30 -45 -57 -61 -57 -46 -36 -27 -19 -9 4 17 29 39 48 56 59 57 47 33 17 5 -4 -11 -20 -31 -44 -55 -60 -57 -49 -39 -28 -17 -6 5 17 28 38 47 56 60 58 48 33 16 3 -6 -12 -18 -29 -42 -54 -60 -57 -48 -37 -26 -17 -7 225 13329 305 953
-64 -58 -46 -34 -26 -20 -11 2 17 30 39 47 55 60 58 48 34 19 6 -4 -12 -20 -31 -44 -55 -61 -58 -49 -37 -26 -16 -7 3 14 25 37 47 56 61 58 48 33 18 6 -2 -8 -17 -29 -45 -58 -63 -60 -51 -40 -29 -17 -6 4 13 24 38 54 67 69 59 43 27 14 5 -3 -12 -21 -32 -44 -55 -61 -59 -49 -36 -24 -15 -5 5 16 27 38 47 55 59 56 46 32 18 7 -2 -10 -19 -31 -43 -54 -59 -58 -50 -39 -28 -18 -7 3 15 27 39 49 57 61 58 48 33 17 4 -5 -11 -18 -30 -44 -56 -62 -59 -49 -37 -26 -15 -6 4 15 26 38 49 56 59 56 47 34 19 6 -3 -11 -19 -31 -45 -57 -62 -59 -50 -38 -26 -15 -5 6 16 27 39 49 57 59 55 46 33 19 6 -4 -13 -20 -30 -43 -54 -60 -58 -49 -38 -28 -19 -9 4 17 29 39 48 56 61 59 49 33 17 4 -5 -13 -22 -33 -45 -55 -60 -57 -49 -38 -26 -15 -5 4 15 26 38 49 57 60 56 47 33 18 6 -4 -11 -20 -32 -46 -57 -61 -57 -47 -36 -26 -17 -6 5 17 27 37 47 56 60 57 47 33 18 6 -3 -11 -19 -30 -43 -55 -62 -60 -51 -38 -27 -17 -8 225 13804 305 953
60 62 58 46 30 13 1 -6 -11 -19 -32 -47 -59 -62 -58 -49 -38 -27 -16 -4 8 19 31 42 51 58 60 57 47 32 15 2 -6 -12 -21 -33 -48 -59 -62 -57 -48 -37 -26 -15 -3 7 18 29 41 51 58 59 56 47 33 17 2 -7 -12 -18 -31 -49 -64 -68 -59 -45 -32 -22 -14 -5 7 19 29 39 49 57 62 59 47 30 14 1 -6 -10 -18 -32 -47 -60 -64 -58 -48 -36 -26 -15 -4 7 19 30 40 51 58 61 56 45 30 15 4 -4 -11 -20 -32 -47 -58 -63 -59 -49 -37 -25 -15 -5 5 17 29 42 53 60 61 56 46 32 18 5 -6 -15 -23 -34 -47 -57 -62 -59 -50 -38 -25 -14 -3 8 20 31 42 50 56 58 55 46 32 16 3 -6 -13 -21 -33 -47 -58 -60 -56 -48 -39 -29 -17 -3 10 21 30 40 50 59 62 58 46 30 14 1 -7 -13 -20 -32 -46 -58 -62 -57 -47 -36 -26 -16 -4 9 21 31 40 49 58 61 57 45 29 14 3 -5 -11 -20 -32 -46 -58 -62 -58 -49 -37 -26 -16 -5 6 18 30 42 52 59 61 56 45 30 15 3 -5 -12 -20 -32 -46 -57 -62 -59 -50 -38 -27 -16 -5 7 19 31 42 51 59 61 57 46 30 15 3 229 12604 305 953
-58 -53 -47 -39 -29 -16 -2 11 22 32 44 54 60 60 54 42 29 15 3 -6 -14 -23 -36 -50 -60 -63 -57 -47 -35 -24 -13 -2 10 21 32 43 53 60 61 55 43 28 14 3 -5 -13 -24 -38 -51 -59 -60 -54 -46 -37 -28 -17 -4 10 22 31 39 50 61 68 65 50 30 10 -3 -11 -17 -26 -38 -50 -59 -62 -56 -45 -31 -20 -12 -4 7 19 31 42 52 60 63 58 44 25 9 0 -5 -11 -21 -36 -50 -59 -61 -57 -48 -37 -25 -13 -2 10 21 33 44 54 60 60 54 42 28 14 2 -6 -14 -24 -36 -50 -60 -63 -57 -46 -33 -23 -13 -3 8 21 32 43 52 59 62 57 45 28 12 0 -7 -13 -23 -37 -51 -60 -61 -56 -47 -35 -24 -12 -1 10 22 33 43 52 57 57 53 43 29 15 3 -5 -13 -23 -36 -50 -60 -62 -56 -46 -35 -25 -15 -3 9 21 32 44 54 61 61 55 42 27 12 1 -6 -12 -22 -36 -51 -61 -63 -56 -46 -35 -24 -14 -3 10 22 33 43 52 59 60 55 43 28 13 1 -6 -12 -22 -36 -51 -62 -64 -57 -45 -33 -23 -14 -4 9 21 33 43 53 59 61 56 43 27 13 2 -6 -14 -24 -36 -49 -58 -61 -57 -47 -35 -24 -14 -4 230 3308 305 953
55 60 60 55 44 28 13 0 -9 -14 -22 -36 -52 -64 -66 -58 -44 -32 -22 -13 -1 11 23 33 41 51 60 64 60 45 25 7 -3 -7 -13 -24 -39 -53 -61 -59 -52 -43 -34 -24 -13 -3 7 18 31 44 55 61 61 55 44 30 14 2 -7 -13 -23 -38 -56 -68 -67 -56 -42 -31 -22 -12 -1 12 24 33 43 53 60 60 53 40 26 13 3 -6 -15 -25 -38 -52 -62 -63 -55 -43 -32 -23 -14 -2 12 24 33 42 52 60 62 55 41 25 11 1 -8 -16 -25 -35 -47 -57 -61 -56 -45 -32 -22 -14 -5 8 22 34 42 49 56 60 58 46 29 13 1 -6 -14 -24 -37 -51 -60 -62 -57 -47 -34 -23 -12 -2 10 22 34 45 54 60 60 53 41 26 13 2 -7 -14 -23 -35 -49 -60 -64 -59 -47 -34 -22 -12 -2 9 22 34 44 53 60 61 55 43 27 13 2 -6 -14 -24 -37 -50 -60 -62 -58 -47 -35 -24 -13 -2 10 22 33 44 53 60 62 57 44 28 12 0 -8 -16 -26 -38 -51 -60 -63 -57 -46 -33 -22 -12 -2 10 22 34 44 53 59 61 56 43 27 11 0 -8 -15 -24 -37 -50 -60 -62 -57 -46 -34 -23 -13 -1 11 24 34 43 52 58 60 54 41 26 12 230 7569 305 953
-62 -62 -56 -44 -32 -21 -11 0 12 23 35 46 55 61 61 55 41 25 10 0 -7 -16 -28 -43 -56 -62 -60 -53 -43 -32 -21 -9 2 12 22 34 46 56 61 59 51 39 25 11 -1 -9 -16 -25 -39 -53 -62 -62 -54 -42 -31 -21 -10 1 11 19 29 43 58 68 66 53 37 22 12 3 -7 -18 -29 -41 -53 -61 -63 -57 -45 -31 -19 -9 2 13 25 36 45 54 60 60 52 38 22 8 -1 -7 -14 -25 -40 -54 -63 -63 -56 -44 -31 -19 -8 2 13 24 35 45 54 59 58 51 39 24 10 -1 -9 -16 -25 -39 -53 -61 -60 -53 -42 -31 -22 -11 0 12 24 34 44 52 58 59 54 41 25 10 0 -7 -14 -25 -41 -55 -63 -62 -54 -43 -32 -22 -11 1 13 25 37 48 57 60 58 51 39 25 11 -2 -11 -18 -26 -39 -54 -63 -62 -53 -41 -31 -21 -10 3 15 25 34 43 53 60 61 53 39 23 9 -2 -9 -17 -27 -41 -56 -65 -63 -50 -34 -22 -15 -10 -3 8 19 31 42 53 59 60 53 39 25 12 2 -6 -15 -27 -41 -54 -60 -59 -52 -42 -33 -24 -13 -1 12 24 34 45 55 61 62 54 40 23 9 -1 -8 -15 -26 -40 -54 -62 -62 -55 -43 -31 -21 -10 231 1923 305 953
56 62 61 52 38 23 8 -2 -10 -17 -26 -39 -53 -62 -62 -53 -40 -27 -18 -11 -1 11 24 36 46 55 59 58 50 36 21 8 -1 -7 -14 -25 -39 -52 -60 -60 -52 -41 -30 -21 -12 -2 10 22 35 46 55 61 61 52 37 19 7 1 -2 -7 -20 -39 -58 -68 -68 -58 -45 -31 -19 -7 5 16 26 35 44 54 62 62 53 37 21 8 0 -8 -17 -29 -43 -54 -60 -59 -52 -42 -32 -21 -9 2 13 24 35 46 55 61 60 52 38 22 8 -2 -9 -17 -29 -42 -53 -59 -58 -51 -41 -30 -20 -10 1 11 23 34 45 54 59 59 52 40 25 10 -1 -9 -17 -27 -41 -54 -61 -60 -53 -42 -31 -21 -9 3 15 25 34 43 53 60 61 53 38 21 7 -2 -9 -16 -27 -40 -52 -60 -60 -53 -42 -31 -20 -10 -1 10 22 36 49 58 61 59 50 37 23 9 -1 -9 -17 -28 -40 -53 -61 -61 -54 -42 -29 -18 -9 0 10 22 35 47 56 60 58 51 38 24 10 -1 -10 -18 -28 -40 -52 -60 -61 -54 -42 -29 -18 -9 -1 10 23 36 47 55 59 58 52 40 24 8 -4 -10 -16 -25 -39 -54 -62 -61 -52 -41 -30 -21 -10 2 15 25 35 44 54 60 59 51 37 22 9 254 6022 305 953
-60 -60 -52 -39 -26 -15 -7 2 13 26 38 48 55 58 55 47 35 20 7 -3 -10 -18 -29 -41 -53 -59 -58 -50 -41 -31 -21 -10 4 17 29 39 47 54 58 57 49 35 20 7 -2 -9 -17 -29 -43 -54 -60 -58 -51 -41 -31 -19 -8 3 13 22 34 49 62 68 64 50 32 16 4 -4 -12 -21 -32 -44 -55 -60 -58 -49 -37 -26 -16 -7 3 15 26 37 46 54 58 57 50 36 20 6 -3 -10 -18 -30 -43 -55 -60 -58 -50 -40 -29 -18 -7 4 15 26 37 47 55 60 58 50 36 20 5 -4 -11 -17 -29 -43 -56 -62 -59 -50 -38 -28 -17 -6 5 16 26 36 46 56 60 57 48 34 20 8 -2 -10 -19 -31 -44 -55 -61 -59 -51 -39 -28 -17 -6 6 17 28 37 45 52 57 56 49 36 21 8 -2 -10 -18 -30 -44 -56 -62 -59 -50 -38 -28 -18 -8 5 18 29 39 46 52 56 56 48 36 21 7 -3 -11 -20 -30 -43 -54 -60 -58 -50 -39 -27 -17 -7 4 15 27 37 46 53 57 55 48 35 20 6 -4 -9 -16 -27 -42 -56 -62 -58 -48 -38 -29 -20 -10 2 15 26 38 48 56 60 57 48 35 21 8 -2 -11 -19 -30 -43 -55 -62 -61 -51 -39 -27 -17 -7 255 3350 305 953
57 61 59 49 33 17 5 -3 -10 -19 -31 -45 -56 -60 -58 -50 -39 -27 -16 -5 5 15 25 36 47 57 61 58 48 33 17 5 -4 -10 -18 -28 -41 -53 -60 -59 -52 -40 -27 -16 -6 3 14 26 39 49 55 57 55 48 36 21 7 -2 -7 -14 -27 -46 -62 -68 -61 -49 -36 -26 -17 -6 6 17 27 37 47 57 61 58 47 32 16 4 -3 -8 -16 -29 -45 -58 -62 -56 -46 -36 -27 -19 -9 3 14 26 37 48 56 60 58 49 36 19 4 -6 -12 -18 -28 -42 -55 -61 -58 -49 -38 -28 -18 -8 4 16 28 39 48 55 57 54 47 35 21 7 -3 -10 -17 -27 -41 -55 -62 -59 -50 -38 -28 -19 -10 1 13 26 39 51 60 63 58 47 33 18 6 -3 -11 -19 -30 -43 -54 -60 -59 -52 -41 -29 -17 -6 6 17 28 38 49 57 60 57 47 33 18 4 -5 -12 -18 -28 -42 -54 -61 -58 -49 -37 -27 -18 -9 2 14 26 37 47 56 61 58 49 35 20 6 -4 -12 -20 -29 -42 -54 -62 -61 -52 -39 -26 -16 -7 4 16 28 39 48 55 59 57 47 32 17 6 -1 -7 -16 -30 -45 -57 -62 -59 -51 -39 -27 -16 -5 6 17 28 38 47 55 59 57 47 33 17 5 255 4212 305 953
56 59 54 42 27 14 4 -4 -13 -26 -39 -50 -56 -57 -53 -45 -35 -24 -11 0 10 20 29 39 49 57 59 54 43 28 13 2 -6 -12 -21 -34 -49 -58 -60 -53 -43 -32 -23 -14 -4 7 18 30 41 51 57 58 52 42 29 16 5 -4 -12 -20 -33 -50 -63 -68 -62 -47 -32 -19 -8 2 13 22 30 38 47 55 58 53 41 26 12 1 -6 -14 -23 -36 -48 -57 -58 -53 -43 -32 -22 -12 -2 8 19 30 40 50 56 57 51 38 24 11 3 -3 -10 -21 -34 -47 -55 -56 -51 -43 -34 -24 -14 -3 7 17 28 39 49 57 58 53 41 26 12 2 -4 -11 -23 -37 -51 -58 -56 -49 -41 -32 -23 -13 -3 7 17 29 40 51 57 57 51 41 28 14 1 -8 -15 -22 -33 -46 -56 -59 -53 -42 -30 -20 -12 -4 7 19 30 41 49 54 56 52 44 30 15 2 -7 -14 -23 -35 -49 -58 -60 -53 -42 -31 -21 -11 -1 10 19 28 37 46 55 58 54 42 26 12 1 -5 -11 -21 -34 -48 -58 -60 -54 -44 -33 -23 -13 -2 9 20 30 40 49 55 57 51 40 27 14 5 -2 -10 -21 -35 -49 -59 -61 -56 -46 -35 -23 -11 -1 8 18 30 43 53 59 59 52 41 28 14 2 299 7178 305 953
-63 -60 -51 -38 -27 -16 -6 4 15 26 38 50 60 64 60 49 33 18 5 -4 -12 -21 -33 -47 -58 -62 -59 -50 -39 -28 -17 -6 6 17 29 40 50 57 60 57 48 34 18 5 -5 -13 -20 -30 -43 -55 -61 -58 -50 -40 -29 -18 -7 3 13 23 37 52 64 69 63 49 32 16 3 -5 -13 -21 -33 -47 -58 -62 -58 -48 -37 -27 -18 -8 4 17 29 40 50 57 61 59 50 36 18 3 -7 -13 -20 -32 -47 -60 -63 -56 -45 -36 -27 -18 -6 7 19 28 37 48 58 61 57 45 31 17 5 -4 -11 -19 -30 -43 -56 -61 -57 -48 -38 -29 -20 -9 5 17 28 37 47 56 61 60 50 35 19 6 -3 -10 -19 -32 -46 -57 -63 -60 -52 -41 -29 -18 -6 7 18 29 40 50 58 61 59 49 34 18 3 -7 -14 -19 -29 -42 -56 -64 -61 -51 -37 -26 -17 -7 4 17 28 39 48 56 61 58 48 34 19 7 -3 -10 -19 -31 -45 -57 -63 -60 -51 -39 -28 -18 -8 4 17 29 40 49 57 61 59 49 35 18 4 -5 -12 -19 -30 -44 -56 -62 -59 -50 -39 -29 -19 -8 4 16 28 38 49 58 62 60 49 34 19 6 -3 -10 -19 -31 -45 -58 -64 -62 -52 -39 -27 -16 -7 301 8947 305 953
-62 -60 -51 -39 -27 -16 -6 5 16 27 38 48 57 62 60 51 36 19 6 -4 -12 -21 -32 -46 -57 -62 -60 -51 -39 -27 -15 -5 5 16 27 38 48 56 60 58 50 36 20 6 -3 -9 -17 -30 -46 -58 -63 -59 -51 -42 -31 -19 -7 3 13 25 41 57 67 68 59 46 32 18 5 -7 -15 -23 -33 -46 -58 -63 -58 -47 -36 -27 -19 -8 5 19 31 40 48 55 59 58 50 36 19 4 -7 -14 -20 -30 -43 -55 -61 -58 -49 -39 -29 -19 -7 5 15 25 36 49 60 65 60 48 33 19 8 -2 -11 -21 -33 -46 -58 -63 -61 -52 -40 -27 -16 -5 6 17 27 38 49 58 63 60 50 34 17 3 -7 -13 -20 -30 -44 -56 -63 -60 -50 -37 -25 -15 -6 3 15 27 39 50 57 61 58 48 34 19 5 -4 -11 -19 -31 -45 -58 -63 -59 -50 -39 -28 -18 -6 6 18 28 38 48 57 62 59 48 33 18 6 -3 -11 -20 -32 -45 -57 -63 -60 -51 -39 -27 -16 -6 5 17 28 38 48 57 62 60 50 34 16 3 -5 -11 -19 -31 -45 -57 -62 -58 -49 -38 -28 -18 -7 4 16 27 39 50 59 62 58 48 33 18 5 -5 -12 -19 -29 -42 -55 -63 -61 -52 -40 -28 -17 -6 301 9422 305 953
54 59 58 49 34 18 4 -6 -12 -20 -30 -42 -53 -58 -55 -48 -37 -27 -17 -6 4 15 26 37 47 55 59 55 45 31 17 5 -4 -10 -18 -29 -42 -54 -59 -56 -47 -36 -27 -18 -8 3 15 27 37 47 55 58 56 47 33 18 5 -3 -9 -15 -27 -45 -61 -68 -62 -46 -31 -20 -13 -6 4 17 28 36 45 52 58 56 47 31 15 3 -5 -10 -18 -29 -42 -53 -57 -54 -46 -36 -27 -17 -6 5 16 26 36 46 54 58 55 45 30 16 4 -3 -9 -17 -28 -41 -53 -59 -56 -47 -37 -27 -17 -7 4 15 25 35 45 54 59 57 48 33 17 4 -5 -11 -19 -29 -42 -53 -58 -56 -47 -36 -26 -17 -8 3 15 28 38 47 53 56 54 47 35 19 4 -6 -13 -18 -27 -40 -53 -60 -58 -48 -35 -24 -15 -6 5 16 25 35 44 53 58 56 46 31 17 6 -2 -9 -18 -30 -43 -54 -59 -56 -47 -36 -26 -18 -10 2 15 28 39 47 54 58 56 46 31 16 4 -3 -8 -16 -30 -45 -57 -60 -55 -47 -37 -28 -16 -4 8 17 25 35 45 55 59 55 45 30 16 4 -5 -11 -18 -27 -40 -53 -59 -57 -47 -36 -27 -17 -7 5 17 27 37 46 55 59 55 44 30 16 5 65 10747 304 15503
59 61 57 45 30 16 4 -4 -13 -22 -34 -47 -57 -62 -59 -49 -36 -24 -14 -5 5 17 30 42 51 58 61 59 48 32 13 0 -7 -10 -17 -31 -49 -62 -64 -56 -45 -36 -28 -18 -5 9 21 31 40 49 57 60 56 46 31 15 2 -6 -11 -17 -28 -45 -61 -68 -62 -48 -33 -23 -15 -6 6 19 30 39 48 58 63 60 48 32 16 4 -5 -12 -21 -34 -48 -59 -63 -59 -49 -36 -24 -14 -5 5 16 29 42 54 61 62 56 45 31 16 4 -6 -14 -22 -33 -47 -59 -64 -60 -48 -35 -23 -13 -4 6 17 28 39 49 57 60 57 48 34 18 4 -6 -14 -22 -34 -48 -59 -63 -58 -48 -36 -25 -15 -5 6 18 30 41 50 58 61 57 47 32 16 4 -4 -12 -21 -35 -49 -59 -62 -57 -48 -38 -28 -18 -6 8 21 32 42 51 58 61 57 47 32 16 3 -6 -13 -21 -33 -47 -58 -63 -58 -49 -38 -27 -16 -4 9 22 33 42 51 57 60 55 44 29 14 3 -5 -12 -21 -33 -47 -58 -61 -56 -46 -36 -26 -16 -5 8 20 31 40 49 56 59 56 46 31 16 3 -5 -12 -20 -32 -46 -58 -63 -60 -49 -36 -24 -13 -4 6 17 29 40 50 57 60 57 48 33 17 3 69 10735 304 15503
58 60 56 46 31 15 2 -7 -13 -22 -35 -49 -60 -62 -56 -46 -35 -25 -15 -4 8 20 31 42 51 58 59 55 46 31 16 2 -7 -14 -22 -35 -49 -60 -62 -57 -46 -35 -23 -12 -2 8 16 27 39 52 61 62 57 45 29 13 0 -7 -10 -16 -29 -48 -64 -69 -61 -46 -33 -23 -14 -4 9 21 32 42 51 58 60 55 44 30 15 3 -7 -15 -23 -34 -47 -57 -61 -57 -48 -36 -25 -15 -4 7 20 32 43 52 58 60 55 44 29 14 2 -5 -12 -21 -35 -50 -60 -62 -56 -45 -35 -25 -14 -2 10 21 30 39 49 58 61 56 44 29 14 2 -6 -13 -22 -33 -46 -57 -62 -58 -48 -35 -23 -13 -4 6 17 29 41 52 59 61 56 46 31 15 2 -8 -15 -23 -34 -47 -57 -60 -56 -46 -36 -26 -16 -4 8 20 31 40 51 59 62 58 45 29 13 1 -7 -14 -23 -34 -46 -56 -60 -57 -48 -38 -27 -15 -3 10 21 32 41 50 58 60 56 45 29 13 1 -7 -12 -20 -32 -46 -58 -62 -58 -49 -38 -27 -16 -2 11 22 31 39 48 57 61 58 47 31 15 2 -8 -15 -22 -33 -47 -58 -62 -57 -47 -35 -25 -16 -6 7 20 32 42 51 58 61 57 47 31 16 3 69 16185 304 15503
-61 -63 -57 -46 -34 -23 -12 -1 10 21 31 41 51 58 60 55 44 29 15 3 -5 -13 -23 -36 -50 -61 -64 -58 -47 -35 -24 -14 -3 9 22 33 43 52 59 62 57 45 29 13 1 -7 -15 -24 -36 -48 -56 -59 -58 -51 -41 -27 -13 -1 8 16 28 44 60 70 70 60 43 25 9 -3 -11 -17 -25 -37 -51 -61 -63 -55 -43 -31 -22 -13 -4 7 20 33 44 54 60 62 57 44 28 12 -1 -8 -15 -24 -37 -51 -60 -61 -55 -44 -34 -24 -13 -2 10 21 31 42 51 59 61 57 45 29 13 0 -8 -15 -23 -36 -49 -60 -62 -57 -47 -35 -24 -13 -2 10 22 33 43 52 58 59 54 43 28 13 2 -6 -12 -21 -34 -49 -61 -64 -58 -46 -33 -23 -14 -5 7 21 33 44 52 59 61 57 45 29 12 1 -6 -12 -22 -36 -51 -61 -63 -57 -46 -35 -26 -16 -4 10 23 35 45 52 58 60 57 45 29 12 0 -7 -12 -21 -36 -52 -63 -64 -57 -45 -34 -24 -14 -3 10 23 34 43 52 58 60 55 44 29 14 2 -7 -15 -24 -37 -50 -59 -62 -57 -47 -35 -23 -11 -1 9 19 29 41 52 61 63 56 43 28 13 2 -6 -14 -24 -36 -48 -58 -62 -58 -49 -37 -24 -12 90 953 304 15503
-61 -54 -43 -32 -22 -11 1 13 22 31 40 50 57 59 55 43 28 12 0 -8 -15 -23 -36 -51 -62 -63 -55 -43 -31 -22 -13 -2 9 21 33 44 54 59 59 53 42 28 14 2 -8 -16 -25 -37 -51 -61 -62 -54 -43 -32 -23 -14 -2 10 21 30 41 54 66 69 60 42 23 7 -3 -10 -17 -27 -39 -52 -61 -61 -53 -41 -29 -20 -12 -3 9 22 33 43 53 59 60 54 42 26 12 1 -8 -18 -28 -39 -50 -58 -59 -53 -43 -33 -24 -14 -2 11 25 35 44 52 58 60 54 40 24 11 2 -5 -13 -26 -40 -53 -60 -60 -54 -44 -32 -21 -11 -1 9 21 33 44 54 60 60 53 40 25 12 2 -6 -14 -27 -41 -54 -61 -60 -53 -43 -33 -23 -11 1 13 23 33 43 52 58 59 53 42 27 11 -1 -9 -16 -24 -36 -50 -60 -62 -55 -43 -32 -22 -13 -2 10 22 33 43 53 60 61 54 40 24 11 2 -5 -14 -26 -41 -54 -61 -61 -54 -44 -33 -23 -13 -1 12 25 36 45 53 59 60 54 41 25 10 -1 -8 -15 -25 -39 -53 -61 -61 -54 -42 -31 -21 -11 -1 10 22 34 45 54 60 59 52 40 25 10 -1 -8 -15 -23 -36 -50 -60 -62 -56 -44 -33 -23 -12 -1 90 11828 304 15503
-62 -57 -46 -35 -25 -15 -5 7 20 33 43 51 57 58 55 46 32 17 4 -6 -14 -23 -35 -48 -58 -63 -59 -49 -37 -25 -14 -3 8 19 31 42 52 59 61 57 46 31 15 2 -6 -14 -23 -35 -48 -58 -60 -55 -46 -36 -28 -18 -5 7 19 27 36 48 61 69 67 52 32 13 1 -7 -15 -26 -40 -53 -60 -60 -55 -46 -35 -25 -15 -4 8 20 31 42 52 59 62 58 46 29 13 1 -6 -12 -21 -34 -49 -60 -63 -59 -49 -36 -23 -13 -3 6 17 30 42 53 60 62 57 47 31 15 1 -8 -15 -23 -34 -47 -58 -61 -57 -48 -37 -26 -15 -4 7 19 31 43 53 60 62 57 45 29 14 2 -6 -13 -23 -35 -49 -59 -61 -57 -48 -37 -25 -14 -2 9 19 29 40 51 60 63 57 44 28 14 3 -4 -12 -22 -36 -49 -59 -61 -56 -47 -37 -27 -17 -6 7 19 32 43 53 60 62 57 45 30 15 4 -4 -13 -24 -37 -50 -59 -62 -57 -48 -37 -25 -14 -2 9 20 31 42 51 58 60 55 44 30 16 4 -4 -12 -22 -35 -50 -61 -64 -58 -47 -35 -25 -15 -5 7 20 32 43 52 58 60 55 45 32 18 5 -5 -15 -24 -36 -48 -58 -62 -58 -49 -37 -26 -15 -4 93 525 304 15503
-61 -62 -55 -44 -31 -20 -11 0 12 25 37 47 55 60 60 53 39 23 9 -1 -9 -17 -27 -40 -51 -60 -61 -56 -45 -33 -21 -10 0 12 25 38 48 55 59 59 52 40 25 10 -1 -9 -16 -26 -40 -54 -62 -62 -55 -45 -33 -20 -9 1 10 21 35 52 64 68 61 48 34 21 9 -1 -11 -19 -28 -39 -51 -60 -62 -55 -44 -31 -20 -9 3 13 24 33 44 54 61 61 54 41 25 10 -1 -10 -18 -28 -41 -55 -63 -62 -53 -42 -31 -21 -11 1 14 26 36 45 53 58 59 52 40 26 12 0 -9 -17 -28 -42 -54 -61 -62 -55 -44 -32 -21 -9 2 13 24 36 46 55 60 59 52 40 26 11 -1 -10 -17 -26 -39 -54 -64 -64 -55 -42 -30 -21 -12 0 14 26 37 45 54 60 62 55 40 23 8 -2 -9 -15 -26 -41 -55 -63 -62 -53 -42 -31 -21 -11 0 13 25 36 46 55 61 61 53 39 23 9 -1 -9 -18 -29 -42 -53 -59 -59 -53 -44 -33 -21 -9 2 12 23 34 45 56 61 60 52 39 24 11 1 -7 -15 -27 -41 -55 -63 -63 -55 -43 -31 -20 -9 2 12 24 35 46 56 62 60 52 39 23 8 -2 -9 -16 -25 -39 -53 -63 -62 -54 -42 -31 -21 -12 94 4015 304 15503
58 61 57 47 33 19 6 -4 -12 -21 -33 -45 -56 -62 -60 -51 -40 -28 -16 -5 7 19 30 40 49 56 59 57 49 35 18 4 -6 -12 -18 -30 -45 -58 -64 -60 -50 -38 -28 -17 -6 6 17 28 39 51 60 64 59 48 32 17 4 -6 -13 -20 -30 -45 -60 -68 -65 -52 -33 -18 -8 -2 5 14 26 38 48 55 58 56 48 35 20 5 -5 -12 -19 -29 -44 -58 -64 -61 -49 -36 -25 -17 -8 2 15 28 40 51 59 62 59 49 33 17 4 -4 -11 -19 -31 -46 -58 -63 -59 -50 -39 -29 -18 -7 6 18 30 40 50 58 61 58 48 34 19 5 -5 -13 -21 -31 -44 -56 -62 -59 -51 -39 -28 -17 -5 7 18 28 38 48 57 62 59 49 34 18 5 -4 -11 -20 -32 -46 -58 -63 -60 -50 -39 -28 -17 -6 6 18 29 39 49 57 61 58 49 34 18 5 -6 -13 -21 -30 -43 -55 -62 -61 -52 -40 -28 -18 -7 4 18 31 42 52 59 61 57 47 32 17 5 -3 -11 -20 -33 -47 -58 -62 -59 -50 -39 -28 -17 -6 6 19 30 41 51 58 61 56 46 31 17 5 -4 -11 -20 -32 -45 -56 -61 -58 -49 -37 -27 -18 -8 4 17 29 40 49 57 61 58 48 32 17 5 95 8443 304 15503
59 62 58 46 30 13 0 -7 -13 -21 -33 -48 -60 -64 -59 -48 -35 -24 -14 -4 8 20 31 42 52 59 61 56 45 30 16 3 -7 -15 -23 -34 -47 -58 -62 -57 -47 -36 -26 -18 -7 7 22 34 43 51 57 60 56 45 30 15 3 -4 -10 -18 -30 -46 -62 -71 -68 -55 -37 -20 -9 0 9 20 31 42 52 59 62 58 45 29 13 2 -6 -12 -22 -36 -51 -61 -63 -57 -46 -34 -23 -14 -4 7 20 33 44 52 57 58 54 44 31 17 4 -6 -14 -23 -34 -48 -58 -62 -58 -49 -37 -26 -15 -3 9 21 32 42 51 58 61 57 46 30 14 2 -6 -13 -21 -34 -49 -61 -64 -59 -48 -35 -24 -13 -2 10 21 31 41 50 58 61 56 45 29 14 2 -6 -13 -21 -34 -48 -60 -64 -58 -47 -34 -24 -15 -4 8 20 32 43 52 59 61 56 45 29 14 2 -7 -14 -23 -35 -48 -58 -62 -57 -48 -36 -26 -15 -3 9 21 33 43 53 59 61 55 42 27 13 2 -5 -12 -21 -33 -47 -57 -62 -59 -50 -37 -24 -12 -2 9 20 31 42 52 58 60 55 44 30 16 4 -5 -13 -23 -36 -50 -60 -62 -57 -47 -35 -23 -13 -3 7 18 30 42 52 58 60 56 45 31 15 3 96 5310 304 15503
59 59 54 44 30 16 3 -6 -14 -23 -36 -50 -59 -62 -57 -48 -36 -25 -13 -2 9 20 31 42 52 59 60 55 44 29 14 3 -4 -11 -22 -37 -52 -61 -61 -54 -45 -37 -28 -17 -4 9 21 31 42 53 60 62 55 43 28 15 5 -2 -9 -20 -36 -53 -65 -68 -60 -48 -35 -24 -14 -2 10 23 34 43 52 59 61 56 44 29 14 1 -8 -15 -24 -36 -49 -60 -62 -57 -46 -34 -23 -13 -2 9 21 31 41 50 57 60 56 46 31 15 2 -7 -15 -24 -36 -49 -59 -61 -56 -45 -35 -25 -16 -5 7 21 33 44 53 59 61 56 44 28 13 2 -5 -12 -22 -36 -51 -61 -63 -57 -46 -35 -23 -13 -2 9 20 31 41 51 59 62 57 46 29 13 0 -8 -14 -22 -34 -48 -59 -62 -57 -47 -36 -25 -15 -3 9 21 32 42 51 59 61 56 44 29 15 3 -6 -14 -25 -37 -50 -58 -60 -56 -47 -36 -25 -15 -3 9 21 32 42 51 59 62 58 46 29 13 2 -6 -13 -23 -36 -50 -60 -63 -58 -48 -37 -25 -13 -1 11 23 33 43 51 57 60 56 45 30 14 1 -8 -14 -22 -35 -49 -60 -63 -57 -47 -36 -25 -15 -3 9 22 34 44 53 59 60 55 45 30 13 -1 96 6734 304 15503
58 60 54 42 27 13 3 -5 -13 -24 -38 -51 -59 -61 -56 -47 -35 -23 -13 -2 9 21 33 45 54 59 59 54 43 28 13 1 -7 -14 -23 -36 -50 -60 -62 -56 -46 -35 -24 -14 -2 10 23 34 44 52 58 58 53 41 26 11 2 -2 -6 -16 -34 -53 -66 -68 -60 -48 -35 -24 -12 -1 10 21 32 44 55 62 62 55 42 28 14 2 -8 -16 -25 -37 -50 -61 -64 -58 -46 -33 -22 -11 0 10 21 32 42 52 59 61 56 44 29 14 1 -8 -16 -25 -38 -51 -60 -62 -56 -45 -33 -22 -12 -1 11 22 33 43 51 56 57 53 43 29 13 1 -6 -11 -20 -36 -53 -63 -62 -54 -43 -34 -26 -17 -4 9 21 32 44 54 61 62 56 44 29 14 2 -7 -15 -25 -39 -53 -61 -62 -55 -45 -35 -24 -13 0 12 22 31 41 51 59 61 56 45 29 14 2 -7 -14 -22 -36 -51 -63 -65 -57 -45 -33 -23 -14 -4 8 21 32 43 53 61 63 57 43 27 13 3 -5 -13 -25 -40 -52 -61 -62 -57 -47 -35 -24 -14 -3 10 23 36 45 52 57 59 56 45 28 12 -1 -7 -13 -22 -36 -50 -60 -62 -57 -47 -36 -24 -13 -2 9 21 33 44 53 59 60 55 45 31 16 3 96 14309 304 15503
60 60 52 38 22 8 -1 -8 -16 -29 -44 -56 -62 -60 -53 -43 -31 -20 -9 2 13 25 37 48 55 58 57 52 41 25 8 -4 -11 -16 -25 -39 -55 -63 -61 -52 -41 -32 -22 -11 2 14 25 35 47 57 61 58 48 35 22 9 -1 -8 -13 -21 -34 -51 -65 -68 -58 -42 -27 -17 -9 0 10 21 32 44 55 62 62 54 40 24 10 1 -6 -15 -28 -43 -57 -64 -63 -54 -41 -29 -18 -8 2 12 22 33 44 55 62 62 54 41 25 10 -2 -11 -19 -28 -41 -54 -63 -64 -55 -42 -28 -18 -9 1 12 25 37 48 56 61 60 52 38 21 7 -3 -9 -16 -27 -41 -55 -61 -60 -52 -42 -31 -21 -10 2 15 26 36 45 53 59 60 54 41 25 10 -2 -10 -18 -29 -42 -54 -62 -62 -54 -43 -31 -20 -9 2 13 24 35 46 56 62 61 52 37 21 8 0 -7 -15 -27 -41 -54 -61 -60 -54 -44 -33 -22 -10 3 14 24 34 45 56 63 63 54 38 20 6 -2 -8 -15 -26 -40 -53 -61 -61 -54 -43 -31 -20 -10 1 12 24 35 45 54 60 61 54 40 23 8 -2 -8 -15 -27 -41 -55 -61 -60 -52 -42 -31 -20 -10 1 11 23 34 45 54 59 59 53 41 25 11 1 97 12575 304 15503
62 61 51 36 20 7 -2 -9 -18 -29 -43 -55 -61 -60 -52 -41 -30 -20 -9 2 14 26 38 48 56 61 59 51 38 23 10 -1 -10 -20 -31 -44 -55 -60 -59 -53 -44 -33 -21 -9 4 16 27 37 48 57 62 60 51 36 21 8 -1 -9 -16 -26 -40 -56 -67 -69 -61 -45 -28 -14 -3 5 15 27 39 51 58 62 58 49 34 19 6 -3 -9 -17 -28 -43 -56 -63 -61 -53 -42 -31 -20 -8 5 17 28 38 48 57 62 60 49 35 19 7 -2 -10 -18 -30 -44 -56 -62 -60 -51 -40 -29 -19 -9 4 16 28 39 48 56 60 57 48 34 19 7 -1 -8 -15 -27 -42 -56 -64 -62 -54 -42 -30 -18 -7 5 15 26 36 47 57 62 60 50 37 22 8 -2 -11 -20 -31 -44 -56 -63 -61 -51 -38 -27 -18 -9 2 15 27 39 48 57 61 59 50 35 19 6 -2 -9 -17 -29 -44 -57 -63 -60 -51 -40 -29 -20 -10 1 14 27 40 51 59 63 60 50 35 19 6 -3 -11 -19 -31 -44 -55 -61 -59 -51 -41 -30 -19 -8 4 16 27 37 46 54 60 60 53 38 21 6 -4 -10 -17 -28 -42 -56 -62 -60 -52 -42 -30 -19 -8 3 15 27 39 49 56 59 58 51 37 20 5 -3 98 3766 304 15503
58 62 59 49 35 19 5 -5 -12 -20 -31 -45 -57 -62 -59 -51 -40 -29 -18 -7 5 17 27 38 48 57 62 61 51 36 20 6 -4 -12 -19 -30 -44 -57 -65 -65 -57 -42 -27 -13 -3 7 16 28 40 51 59 62 59 50 34 17 3 -5 -10 -16 -29 -48 -64 -69 -62 -47 -34 -25 -17 -8 4 16 27 38 49 59 65 62 51 34 17 4 -5 -13 -22 -34 -46 -56 -61 -59 -51 -40 -28 -17 -7 4 16 29 41 52 59 62 59 50 34 17 3 -6 -11 -17 -29 -45 -59 -64 -59 -48 -37 -29 -20 -10 3 17 30 41 51 58 62 58 48 34 20 7 -3 -11 -20 -32 -46 -58 -63 -61 -53 -41 -29 -17 -5 7 18 28 39 50 59 63 59 48 33 18 6 -3 -11 -21 -33 -47 -58 -62 -60 -51 -39 -27 -17 -6 4 15 27 39 51 60 64 61 50 35 18 4 -5 -12 -20 -32 -46 -59 -64 -60 -50 -37 -26 -16 -6 4 15 27 39 51 59 62 59 49 36 20 6 -5 -14 -22 -32 -45 -57 -62 -58 -49 -39 -29 -19 -8 5 18 29 40 50 59 64 61 51 34 18 4 -6 -13 -20 -32 -46 -58 -64 -60 -50 -37 -26 -17 -8 3 16 29 42 53 60 62 58 49 34 19 4 98 15140 304 15503
-62 -58 -49 -38 -26 -15 -3 8 19 30 42 53 61 63 57 44 30 16 5 -4 -13 -23 -35 -49 -59 -64 -60 -50 -37 -25 -13 -3 7 19 31 42 53 60 62 58 47 31 15 2 -6 -12 -21 -34 -51 -63 -65 -57 -45 -33 -24 -15 -5 7 17 26 36 49 62 68 62 47 30 16 6 -3 -12 -24 -37 -51 -61 -66 -61 -49 -35 -23 -14 -5 7 20 33 43 52 59 62 59 48 31 14 2 -6 -14 -24 -37 -50 -59 -61 -57 -49 -37 -25 -14 -3 8 18 29 41 52 61 63 58 45 30 16 4 -5 -13 -24 -36 -50 -59 -63 -58 -48 -36 -25 -14 -4 8 19 30 40 50 59 63 59 48 31 15 2 -6 -13 -22 -35 -49 -59 -64 -60 -50 -37 -24 -13 -3 6 18 31 44 54 60 61 57 46 31 15 2 -6 -13 -22 -36 -50 -60 -62 -57 -48 -37 -26 -14 -2 9 19 30 41 52 60 63 58 47 32 16 2 -8 -16 -23 -34 -47 -59 -64 -60 -49 -36 -24 -14 -3 8 19 32 43 53 60 62 57 45 29 14 3 -6 -14 -24 -37 -50 -59 -62 -58 -49 -37 -24 -12 -1 8 18 29 42 53 60 62 57 46 30 14 0 -8 -14 -21 -34 -49 -61 -64 -56 -44 -32 -24 -16 -6 99 8469 304 15503
61 62 57 45 29 14 1 -7 -15 -25 -37 -50 -61 -64 -59 -47 -34 -23 -14 -5 7 21 34 45 54 59 61 57 45 30 15 4 -4 -13 -25 -41 -56 -64 -63 -56 -47 -36 -25 -13 0 12 22 32 43 53 60 61 55 42 28 14 3 -4 -11 -20 -34 -50 -63 -68 -62 -50 -36 -24 -14 -4 9 22 34 45 54 61 63 58 45 29 14 3 -5 -14 -25 -39 -53 -62 -63 -57 -46 -35 -24 -13 -1 10 20 31 42 53 62 64 58 45 28 13 1 -6 -13 -23 -37 -52 -63 -65 -58 -46 -33 -23 -13 -2 11 23 33 43 52 59 62 57 44 27 13 2 -5 -13 -24 -38 -53 -62 -63 -56 -45 -35 -25 -15 -3 10 22 33 43 53 61 62 56 43 27 12 2 -6 -14 -24 -37 -50 -60 -62 -57 -47 -36 -25 -14 -2 10 21 32 43 54 62 63 56 42 25 10 0 -6 -12 -21 -34 -48 -59 -61 -57 -47 -37 -26 -15 -2 10 22 32 42 52 60 62 57 45 29 14 2 -6 -14 -24 -39 -53 -62 -63 -56 -45 -33 -22 -12 -1 9 20 31 43 53 61 62 56 45 29 13 1 -8 -15 -24 -37 -51 -62 -64 -57 -46 -34 -24 -13 0 12 23 33 43 53 61 63 57 43 26 11 1 100 347 304 15503
52 60 62 56 43 26 10 -1 -8 -15 -26 -39 -52 -61 -63 -57 -46 -34 -22 -11 -1 11 24 36 46 53 58 59 55 44 27 11 -1 -7 -13 -23 -39 -55 -64 -63 -56 -46 -36 -25 -12 1 14 25 36 46 55 60 59 53 42 27 13 1 -7 -14 -24 -39 -56 -68 -67 -56 -42 -30 -21 -11 1 14 26 35 44 53 59 60 54 40 25 10 0 -8 -15 -24 -37 -51 -61 -62 -55 -44 -34 -24 -14 -2 12 25 36 45 53 60 61 55 42 25 10 0 -7 -14 -25 -39 -53 -62 -62 -55 -45 -34 -23 -12 0 13 24 35 44 53 59 60 55 43 28 13 0 -9 -17 -26 -39 -51 -60 -62 -56 -46 -35 -23 -12 -1 11 23 35 46 56 62 62 55 41 24 9 -1 -7 -14 -25 -40 -54 -62 -62 -54 -43 -32 -22 -12 -1 10 22 33 44 54 60 60 54 43 28 13 1 -7 -15 -25 -39 -54 -64 -65 -57 -44 -33 -22 -12 -1 12 24 35 46 56 62 61 53 40 25 11 0 -8 -16 -25 -37 -50 -60 -63 -57 -46 -33 -21 -10 0 11 22 33 44 54 60 60 54 42 27 13 1 -8 -16 -25 -37 -50 -61 -64 -58 -46 -33 -22 -12 -2 9 22 35 47 56 62 63 55 41 24 10 100 6946 304 15503
60 60 54 41 26 11 0 -8 -16 -25 -38 -52 -62 -64 -57 -45 -32 -22 -12 -1 11 23 35 46 55 61 62 55 42 26 10 -1 -8 -15 -26 -40 -53 -62 -63 -56 -44 -32 -21 -9 1 11 22 33 45 55 60 59 51 39 25 10 -2 -9 -13 -18 -29 -46 -62 -68 -63 -49 -34 -22 -12 -2 11 24 35 45 53 59 62 57 45 28 12 0 -8 -16 -26 -40 -54 -62 -63 -56 -45 -34 -23 -12 0 12 24 35 47 56 61 60 53 40 26 12 1 -9 -17 -27 -40 -52 -60 -61 -54 -43 -31 -22 -12 -2 10 22 33 44 53 61 63 57 43 25 9 -2 -8 -14 -24 -38 -52 -61 -63 -56 -46 -34 -23 -13 -2 10 23 36 47 55 60 61 55 44 27 11 -2 -9 -15 -25 -39 -53 -63 -63 -56 -45 -34 -23 -12 1 13 25 35 45 54 61 61 54 41 25 11 1 -6 -15 -26 -41 -55 -62 -61 -54 -44 -34 -24 -13 0 13 25 36 45 53 59 59 54 42 27 13 1 -8 -16 -27 -40 -53 -61 -63 -57 -46 -33 -22 -12 -1 11 24 37 48 56 61 60 53 40 24 9 -1 -8 -15 -25 -38 -51 -60 -61 -56 -46 -35 -23 -12 0 11 23 35 47 56 61 61 54 41 24 9 -2 100 7897 304 15503
56 63 63 54 39 22 7 -2 -8 -15 -27 -42 -56 -64 -62 -53 -42 -31 -21 -9 3 15 26 35 46 56 62 61 52 37 21 8 -1 -7 -15 -27 -42 -55 -62 -61 -52 -41 -30 -21 -12 -1 11 24 37 48 56 60 59 53 41 25 9 -2 -8 -13 -23 -40 -58 -69 -67 -56 -42 -30 -20 -9 3 15 26 36 47 58 64 62 52 37 21 8 -1 -8 -16 -28 -42 -56 -64 -63 -54 -43 -31 -21 -9 3 15 26 36 47 56 62 61 53 39 23 8 -3 -11 -18 -28 -41 -54 -62 -61 -53 -42 -31 -20 -9 1 12 23 35 47 58 63 60 51 38 25 12 1 -9 -19 -30 -43 -56 -63 -63 -55 -43 -31 -20 -9 2 14 26 37 47 55 60 60 53 40 24 9 -2 -9 -16 -27 -42 -56 -63 -62 -54 -43 -31 -21 -10 1 13 25 37 48 57 62 61 53 39 22 7 -3 -10 -17 -27 -41 -55 -63 -62 -53 -41 -30 -20 -10 1 13 24 35 45 55 62 62 55 40 23 8 -2 -9 -17 -28 -42 -55 -61 -60 -53 -43 -32 -22 -10 2 14 25 36 47 57 63 62 53 38 21 9 0 -7 -16 -28 -43 -56 -64 -63 -54 -43 -31 -20 -10 2 14 27 38 48 56 61 60 53 39 23 8 101 2912 304 15503
56 62 62 54 39 21 7 -2 -8 -17 -30 -45 -57 -63 -61 -54 -43 -31 -19 -7 5 15 26 38 49 57 60 58 50 38 23 9 -3 -12 -19 -29 -41 -54 -62 -61 -52 -41 -30 -21 -11 1 14 27 39 49 57 61 59 51 38 24 10 -1 -9 -17 -27 -42 -59 -69 -68 -56 -39 -25 -16 -9 1 14 27 39 49 57 62 61 52 37 20 6 -3 -10 -18 -29 -43 -56 -63 -62 -55 -43 -29 -17 -6 4 14 25 36 47 56 61 60 53 39 23 8 -4 -11 -18 -29 -43 -57 -64 -61 -52 -41 -30 -20 -9 3 16 27 37 47 54 60 60 53 40 23 7 -4 -11 -17 -26 -40 -55 -65 -64 -54 -41 -29 -19 -9 2 14 26 37 46 55 61 61 54 40 23 7 -3 -9 -16 -27 -42 -57 -65 -64 -55 -43 -30 -19 -9 3 14 26 37 48 58 63 62 53 39 22 7 -4 -11 -18 -28 -41 -55 -63 -63 -55 -43 -31 -21 -10 3 16 28 38 48 58 64 63 53 37 20 7 -3 -11 -20 -32 -44 -56 -62 -61 -54 -42 -29 -17 -8 2 14 26 39 50 58 62 58 49 35 20 8 -1 -9 -18 -29 -43 -55 -62 -61 -53 -41 -29 -19 -10 0 11 24 37 49 59 64 63 53 38 20 6 101 6663 304 15503
58 61 58 48 34 19 7 -2 -10 -19 -31 -45 -58 -65 -62 -52 -39 -27 -17 -7 4 15 28 40 50 58 62 60 50 36 19 5 -5 -12 -19 -30 -45 -58 -64 -61 -52 -40 -29 -18 -6 6 18 28 39 49 57 60 57 47 35 21 8 -2 -9 -18 -29 -45 -60 -68 -65 -53 -39 -26 -17 -7 5 17 29 39 49 57 63 62 52 36 18 3 -6 -12 -19 -31 -45 -57 -63 -61 -52 -40 -29 -18 -7 5 17 29 41 51 58 60 57 48 34 18 5 -3 -9 -16 -29 -45 -59 -64 -60 -50 -39 -30 -20 -9 4 16 28 39 50 60 64 59 47 32 19 8 -1 -10 -20 -32 -46 -57 -62 -59 -51 -40 -30 -20 -9 4 17 29 39 49 58 63 61 51 36 20 6 -5 -13 -21 -32 -45 -57 -63 -61 -51 -39 -26 -16 -6 4 16 27 39 49 57 61 57 48 35 21 9 -1 -10 -20 -33 -46 -58 -64 -61 -51 -38 -27 -18 -9 3 16 29 40 49 56 61 60 50 35 18 5 -2 -8 -17 -30 -45 -58 -64 -62 -54 -43 -30 -17 -5 6 17 28 40 51 59 62 58 49 34 18 5 -4 -11 -19 -31 -45 -57 -62 -59 -51 -40 -29 -18 -6 5 16 27 39 49 57 61 58 49 35 19 6 101 13762 304 15503
58 61 59 49 35 20 6 -4 -11 -20 -31 -44 -56 -61 -60 -52 -42 -31 -21 -9 4 18 30 41 50 57 61 60 51 36 20 6 -4 -11 -18 -30 -45 -60 -66 -62 -51 -38 -27 -18 -8 3 15 28 39 50 58 62 60 51 37 21 7 -1 -8 -16 -32 -51 -67 -72 -65 -50 -36 -24 -16 -6 7 19 31 41 50 57 61 59 49 35 19 5 -6 -13 -21 -31 -43 -56 -63 -62 -53 -41 -28 -17 -6 6 18 31 41 50 57 60 57 48 34 19 6 -2 -9 -18 -31 -46 -58 -64 -61 -53 -41 -28 -16 -5 5 16 27 38 50 59 62 58 49 36 20 6 -5 -12 -19 -30 -44 -58 -64 -61 -51 -39 -29 -19 -7 6 18 28 38 48 58 62 58 48 34 20 8 -2 -10 -19 -30 -43 -56 -63 -62 -53 -41 -30 -19 -8 5 17 29 39 49 58 63 60 50 35 20 8 -1 -10 -21 -35 -49 -59 -63 -60 -51 -39 -28 -17 -6 6 17 27 38 48 57 62 60 50 34 19 6 -3 -11 -19 -30 -44 -57 -64 -63 -54 -40 -27 -16 -8 2 15 29 41 52 58 61 59 50 36 20 6 -4 -11 -19 -32 -48 -60 -65 -60 -49 -37 -26 -16 -6 5 16 27 38 48 57 61 59 49 35 20 7 101 14237 304 15503
60 62 56 44 30 17 7 -2 -11 -22 -36 -49 -59 -63 -59 -49 -38 -27 -16 -4 7 18 29 40 51 59 62 59 48 32 15 2 -6 -12 -19 -32 -47 -60 -65 -61 -50 -38 -26 -15 -3 8 18 29 41 54 63 65 58 46 30 16 3 -7 -15 -23 -35 -50 -63 -68 -61 -46 -31 -19 -11 -3 7 19 30 39 47 56 61 60 49 33 16 3 -6 -13 -23 -36 -49 -59 -61 -55 -46 -37 -28 -18 -6 7 19 30 40 51 60 65 60 47 30 15 4 -4 -11 -21 -34 -48 -58 -62 -59 -50 -39 -29 -18 -5 8 20 31 42 51 58 61 57 47 33 18 5 -5 -13 -22 -34 -48 -60 -64 -60 -49 -37 -26 -16 -6 6 18 30 41 52 60 63 58 47 32 16 4 -5 -11 -20 -33 -49 -61 -65 -59 -49 -38 -29 -19 -7 7 21 32 41 51 59 63 60 49 34 18 5 -5 -12 -21 -33 -48 -61 -67 -62 -51 -37 -26 -16 -6 6 18 30 42 52 60 63 59 48 33 18 5 -5 -13 -22 -34 -48 -58 -63 -60 -51 -40 -29 -17 -5 7 19 30 40 51 60 64 60 49 32 16 3 -5 -11 -20 -32 -47 -59 -63 -59 -50 -39 -29 -19 -7 6 19 31 41 51 59 63 60 49 32 15 2 102 6828 304 15503