-63 -58 -61 -59 -57 -58 -59 -59 -63 -56 -56 -61 -61 -56 -61 -58 -58 -60 -58 -60 -59 -61 -53 -61 -58 -57 -60 -57 -57 -58 -63 -58 -61 -59 -57 -57 -54 -57 -57 -61 -63 -61 -60 -60 -57 -59 -60 -58 -61 -56 -49 -18 31 131 288 400 183 -219 -419 -221 110 145 -195 -511 -474 -192 -16 -120 -306 -331 -160 -20 -27 -87 -74 23 85 55 11 37 98 111 42 -25 -28 14 21 -45 -121 -133 -101 -89 -126 -168 -165 -99 -182 -54 -178 -70 -107 -24 -69 -41 -55 -4 -8 -3 -20 -18 -10 -7 -21 -41 -52 -45 -53 -68 -84 -88 -84 -83 -93 -103 -100 -91 -78 -83 -80 -72 -61 -53 -51 -56 -42 -35 -34 -34 -40 -40 -41 -50 -42 -55 -58 -61 -64 -68 -69 -77 -76 -73 -73 -76 -69 -68 -67 -64 -65 -61 -56 -52 -55 -47 -51 -47 -48 -48 -51 -51 -50 -53 -52 -58 -56 -57 -65 -61 -62 -65 -68 -66 -64 -63 -62 -64 -62 -58 -56 -57 -54 -51 -57 -54 -53 -53 -53 -53 -53 -59 -56 -54 -56 -57 -57 -63 -58 -60 -60 -59 -63 -62 -61 -59 -57 -60 -60 -57 -61 -57 -58 -60 -57 -55 -59 -57 -57 -57 -58 -57 -59 -57 -61 -58 -58 -58 -57 -58 -58 -61 -57 -58 -60 -57 -57 -57 -60 -61 -59 -62 -59 -58 -60 -63 -58 -57 -60 238 1558 305 5143
-55 -52 -53 -46 -52 -53 -52 -56 -53 -55 -49 -53 -49 -56 -53 -61 -60 -52 -59 -51 -54 -50 -50 -53 -49 -48 -52 -54 -53 -50 -53 -55 -53 -53 -53 -55 -51 -54 -53 -53 -52 -50 -52 -51 -49 -52 -54 -52 -52 -45 -32 1 64 187 346 384 66 -318 -389 -108 174 77 -322 -537 -391 -105 -20 -181 -339 -278 -99 -2 -39 -88 -37 55 90 45 20 64 118 104 23 -29 -6 33 7 -63 -123 -123 -88 -91 -130 -165 -150 -111 -103 -111 -115 -94 -59 -39 -46 -42 -26 2 10 1 -11 -3 10 2 -19 -40 -40 -40 -47 -57 -82 -83 -76 -83 -84 -91 -88 -76 -76 -74 -72 -58 -48 -42 -47 -41 -35 -29 -28 -26 -32 -32 -31 -35 -41 -47 -47 -50 -56 -60 -61 -63 -62 -66 -67 -62 -62 -58 -56 -57 -56 -48 -45 -43 -46 -47 -41 -39 -40 -44 -49 -44 -48 -49 -48 -52 -54 -52 -53 -56 -61 -55 -56 -57 -54 -59 -55 -54 -55 -54 -50 -50 -49 -51 -49 -46 -48 -47 -47 -51 -50 -50 -52 -51 -51 -53 -54 -54 -55 -57 -57 -55 -50 -56 -53 -55 -53 -52 -54 -52 -47 -47 -52 -50 -47 -49 -50 -52 -50 -51 -50 -47 -48 -53 -52 -9 -136 18 -112 -13 -88 -31 -75 -40 -62 -43 -64 -47 -57 -48 -56 -48 -56 -49 -51 -49 -51 -53 -52 237 12356 305 5343
-61 -61 -57 -60 -60 -56 -58 -64 -57 -58 -63 -58 -62 -60 -58 -60 -61 -57 -59 -60 -56 -59 -56 -58 -57 -60 -62 -54 -56 -55 -57 -55 -56 -55 -56 -58 -58 -60 -59 -57 -61 -54 -60 -53 -57 -61 -55 -58 -58 -57 -38 -6 57 175 333 383 66 -316 -395 -109 167 70 -319 -544 -398 -116 -23 -187 -342 -287 -110 -6 -41 -98 -42 50 85 38 13 53 99 95 16 -35 -9 23 4 -71 -132 -126 -91 -101 -137 -172 -154 -120 -107 -115 -126 -101 -63 -45 -53 -49 -30 -5 1 -9 -18 -11 -1 -2 -26 -41 -53 -50 -53 -72 -83 -88 -88 -84 -93 -99 -92 -83 -78 -77 -78 -65 -55 -51 -53 -48 -38 -36 -38 -35 -41 -44 -38 -43 -45 -53 -56 -58 -63 -70 -70 -69 -73 -71 -75 -76 -71 -69 -65 -66 -62 -61 -58 -53 -51 -51 -49 -50 -49 -47 -50 -49 -52 -50 -54 -60 -61 -60 -65 -61 -63 -62 -62 -62 -63 -64 -63 -64 -61 -59 -59 -56 -55 -56 -58 -55 -55 -54 -55 -55 -53 -58 -58 -57 -61 -60 -59 -57 -60 -61 -58 -62 -61 -63 -58 -63 -60 -61 -59 -60 -54 -55 -58 -60 -59 -58 -55 -56 -60 -57 -56 -54 -55 -58 -57 -59 -61 -60 -58 -62 -58 -58 -65 -57 -58 -56 -58 -60 -62 -59 -55 -58 -59 -61 -59 -56 -58 -56 -59 237 7125 305 4988
-56 -56 -60 -60 -57 -60 -57 -59 -60 -55 -57 -61 -57 -55 -59 -60 -55 -60 -54 -58 -59 -56 -60 -55 -56 -57 -55 -57 -54 -57 -57 -61 -59 -55 -57 -55 -57 -55 -54 -56 -60 -62 -58 -57 -55 -59 -59 -57 -58 -54 -31 5 93 228 378 310 -74 -391 -329 11 185 -44 -432 -527 -306 -50 -57 -234 -394 -191 -96 22 -95 -69 -25 83 64 29 13 81 113 74 -8 -31 1 26 -22 -96 -132 -110 -88 -108 -156 -171 -141 -111 -108 -123 -122 -86 -55 -46 -52 -45 -20 4 4 -14 -18 -11 0 -14 -34 -44 -48 -44 -65 -69 -93 -89 -91 -85 -99 -98 -91 -78 -74 -80 -75 -59 -49 -48 -48 -47 -37 -29 -30 -37 -38 -34 -37 -40 -49 -55 -57 -55 -67 -66 -71 -69 -69 -75 -72 -69 -65 -58 -64 -62 -60 -58 -53 -50 -44 -46 -45 -47 -51 -48 -50 -53 -57 -52 -59 -59 -58 -58 -60 -59 -65 -63 -64 -65 -65 -66 -63 -62 -57 -54 -57 -58 -56 -53 -53 -53 -55 -57 -52 -55 -58 -53 -55 -57 -54 -54 -55 -56 -56 -60 -62 -56 -61 -62 -57 -60 -60 -58 -58 -59 -59 -57 -56 -57 -52 -60 -58 -71 -61 -55 -53 -60 -55 -57 -57 -57 -57 -57 -61 -59 -60 -61 -58 -56 -57 -57 -57 -58 -62 -56 -56 -57 -60 -60 -56 -57 -60 -58 -54 237 1772 305 5110
-58 -57 -62 -57 -58 -57 -59 -58 -57 -58 -62 -59 -60 -57 -61 -63 -56 -58 -57 -59 -62 -59 -59 -55 -58 -57 -58 -61 -59 -61 -62 -56 -60 -61 -60 -60 -61 -58 -62 -56 -59 -59 -59 -57 -57 -57 -59 -62 -57 -56 -49 -21 34 136 282 400 196 -214 -419 -223 108 147 -189 -514 -480 -203 -19 -121 -308 -330 -166 -24 -21 -86 -66 25 82 54 10 36 102 112 43 -27 -24 13 17 -48 -123 -135 -100 -88 -123 -164 -162 -132 -106 -117 -125 -115 -75 -46 -48 -49 -39 -11 0 -7 -13 -15 -7 0 -21 -37 -48 -48 -48 -69 -81 -85 -85 -87 -92 -97 -94 -91 -80 -83 -77 -65 -57 -53 -47 -48 -43 -39 -37 -36 -41 -35 -40 -42 -45 -51 -49 -59 -52 -65 -73 -70 -77 -72 -73 -80 -72 -70 -62 -67 -71 -68 -59 -52 -52 -59 -56 -52 -46 -46 -46 -49 -55 -53 -56 -53 -58 -57 -60 -67 -68 -68 -67 -63 -68 -65 -64 -61 -58 -59 -60 -57 -57 -56 -58 -54 -53 -54 -54 -56 -56 -53 -58 -57 -61 -58 -61 -62 -61 -59 -61 -66 -66 -60 -63 -61 -62 -59 -55 -60 -59 -56 -53 -50 -50 -56 -58 -59 -59 -57 -59 -62 -64 -62 -64 -61 -62 -65 -60 -58 -58 -58 -59 -60 -54 -61 -57 -58 -57 -55 -53 -57 -56 -56 -55 -59 -60 -60 -59 236 7847 305 5202
-58 -59 -59 -59 -57 -55 -55 -58 -55 -58 -57 -56 -60 -60 -61 -58 -61 -60 -61 -57 -59 -59 -60 -61 -60 -56 -57 -60 -59 -60 -62 -60 -57 -57 -61 -56 -62 -56 -55 -57 -59 -56 -60 -62 -54 -62 -59 -57 -58 -61 -42 -15 48 162 319 391 105 -287 -413 -151 150 103 -281 -536 -431 -138 -17 -167 -335 -303 -122 -10 -34 -94 -57 42 86 43 9 51 110 105 25 -34 -19 21 9 -69 -128 -126 -97 -91 -134 -171 -164 -123 -108 -120 -123 -104 -69 -49 -51 -52 -33 -8 4 -8 -20 -14 -5 -9 -24 -48 -47 -47 -55 -73 -83 -92 -85 -90 -92 -102 -95 -80 -79 -79 -75 -67 -57 -49 -49 -47 -42 -31 -32 -36 -41 -42 -36 -41 -45 -54 -56 -56 -60 -68 -74 -70 -75 -74 -72 -74 -73 -69 -68 -67 -57 -59 -58 -53 -52 -51 -46 -51 -48 -48 -49 -50 -50 -52 -57 -57 -55 -63 -58 -65 -59 -66 -65 -66 -65 -64 -66 -64 -60 -57 -59 -63 -56 -55 -54 -58 -57 -46 -53 -53 -56 -59 -56 -58 -58 -57 -61 -62 -59 -60 -57 -68 -61 -61 -58 -56 -65 -59 -59 -60 -61 -60 -60 -55 -55 -58 -59 -58 -57 -53 -58 -58 -60 -61 -55 -59 -62 -58 -53 -59 -58 -60 -59 -57 -57 -71 -62 -66 -62 -58 -58 -59 -61 -59 -58 -57 -59 -55 -58 236 2017 305 5587
-60 -68 -60 -59 -61 -62 -61 -61 -59 -61 -59 -58 -60 -59 -52 -59 -61 -59 -63 -63 -58 -58 -61 -58 -57 -57 -57 -60 -56 -60 -59 -60 -61 -59 -59 -59 -65 -52 -64 -59 -62 -63 -60 -60 -60 -62 -58 -62 -56 -56 -44 -17 37 143 292 400 174 -233 -421 -200 121 134 -212 -519 -463 -186 -15 -132 -318 -323 -155 -19 -27 -90 -64 27 84 57 15 41 105 112 35 -24 -23 15 16 -50 -119 -129 -102 -91 -125 -168 -161 -127 -107 -116 -125 -113 -71 -48 -47 -53 -36 -7 7 -9 -16 -15 0 -6 -17 -39 -44 -45 -56 -66 -85 -91 -83 -86 -93 -100 -98 -86 -83 -77 -77 -71 -59 -53 -51 -48 -41 -39 -33 -38 -39 -36 -33 -41 -48 -54 -59 -53 -62 -69 -72 -79 -64 -76 -75 -74 -74 -67 -63 -62 -62 -56 -53 -55 -50 -52 -49 -55 -49 -52 -52 -52 -53 -55 -56 -62 -57 -61 -62 -65 -63 -67 -68 -69 -62 -71 -60 -64 -60 -61 -58 -51 -56 -59 -55 -56 -55 -56 -55 -55 -57 -62 -56 -57 -59 -58 -60 -61 -61 -59 -61 -60 -66 -60 -57 -59 -62 -59 -61 -56 -60 -57 -56 -58 -54 -55 -59 -56 -54 -57 -56 -59 -59 -61 -53 -57 -58 -61 -58 -61 -61 -63 -61 -57 -56 -58 -58 -61 -57 -61 -56 -60 -54 -54 -58 -62 -56 -62 -55 235 13305 305 4853
-59 -62 -53 -59 -59 -53 -58 -58 -59 -57 -58 -59 -59 -58 -58 -56 -62 -60 -57 -57 -58 -55 -57 -60 -59 -59 -53 -54 -55 -54 -57 -61 -60 -57 -63 -58 -61 -58 -58 -58 -54 -59 -59 -60 -52 -57 -57 -60 -55 -56 -33 2 66 194 353 362 11 -354 -380 -64 179 35 -361 -544 -369 -87 -29 -210 -348 -266 -88 -10 -49 -97 -32 58 77 30 15 63 119 88 12 -40 -7 25 -8 -80 -131 -120 -88 -100 -144 -172 -149 -118 -104 -120 -120 -92 -60 -46 -53 -49 -28 3 4 -7 -15 -10 1 -8 -28 10 -117 9 -93 -42 -110 -73 -99 -83 -100 -101 -97 -78 -84 -79 -76 -61 -55 -51 -46 -46 -35 -31 -33 -37 -38 -36 -37 -43 -47 -60 -55 -63 -63 -71 -69 -71 -70 -74 -75 -69 -66 -70 -69 -71 -56 -61 -54 -55 -54 -53 -48 -49 -47 -48 -49 -53 -49 -55 -53 -57 -62 -57 -59 -61 -63 -63 -60 -63 -62 -63 -56 -62 -59 -57 -58 -55 -55 -54 -54 -51 -56 -55 -54 -51 -54 -53 -56 -58 -56 -56 -55 -54 -59 -62 -56 -59 -59 -61 -59 -60 -60 -58 -57 -55 -58 -56 -58 -58 -55 -56 -56 -57 -59 -52 -56 -58 -60 -58 -57 -56 -59 -57 -55 -58 -57 -63 -57 -63 -61 -58 -57 -59 -58 -64 -59 -56 -55 -56 -55 -55 -53 -59 -59 235 7850 305 5212
-53 -51 -52 -53 -53 -53 -52 -52 -53 -53 -55 -50 -54 -49 -53 -52 -52 -52 -51 -52 -51 -52 -51 -59 -53 -51 -55 -56 -54 -60 -51 -54 -53 -53 -49 -49 -48 -51 -54 -52 -52 -49 -53 -53 -49 -56 -53 -52 -51 -50 -27 11 87 215 379 338 -38 -373 -346 -14 189 -12 -399 -533 -324 -59 -39 -235 -346 -240 -60 0 -53 -85 -14 71 79 31 28 76 122 83 1 -30 3 27 -9 -86 -128 -109 -86 -102 -145 -165 -140 -111 -103 -122 -119 -86 -47 -37 -45 -43 -15 5 9 -7 -17 0 2 -4 -26 -42 -41 -42 -53 -71 -85 -80 -79 -86 -94 -94 -91 -82 -75 -76 -67 -60 -48 -44 -39 -41 -34 -28 -27 -33 -32 -33 -35 -36 -44 -50 -51 -55 -59 -65 -66 -69 -65 -65 -71 -71 -64 -63 -61 -57 -57 -56 -47 -45 -47 -41 -41 -44 -44 -45 -46 -48 -48 -46 -50 -50 -53 -55 -60 -67 -69 -63 -56 -52 -48 -57 -60 -58 -51 -45 -43 -51 -55 -57 -47 -44 -44 -43 -45 -84 -30 -76 -31 -74 -41 -71 -46 -66 -48 -61 -53 -63 -51 -65 -55 -55 -52 -55 -51 -55 -52 -51 -53 -51 -54 -52 -50 -54 -53 -52 -49 -52 -53 -51 -54 -58 -53 -58 -58 -54 -56 -56 -54 -52 -53 -54 -58 -53 -58 -50 -56 -52 -58 -51 -59 -57 -51 -57 -57 235 3276 305 4331
-58 -53 -57 -58 -59 -57 -58 -57 -54 -56 -56 -56 -58 -53 -54 -63 -58 -58 -58 -59 -61 -60 -59 -58 -59 -61 -55 -58 -58 -59 -58 -60 -57 -58 -61 -57 -60 -55 -61 -59 -53 -60 -54 -57 -56 -61 -56 -57 -56 -56 -37 -3 71 198 358 361 8 -351 -379 -69 174 31 -363 -540 -364 -89 -32 -208 -343 -266 -87 -7 -52 -91 -36 55 82 31 13 63 117 87 5 -38 -6 21 -2 -79 -129 -120 -89 -97 -144 -174 -152 -122 -109 -118 -128 -101 -65 -46 -50 -47 -24 0 0 -10 -19 -9 1 -7 -31 -43 -50 -47 -58 -76 -86 -86 -87 -89 -94 -99 -96 -86 -79 -76 -75 -66 -56 -52 -48 -47 -38 -33 -32 -32 -46 -37 -37 -45 -48 -51 -56 -59 -63 -70 -73 -73 -69 -73 -72 -74 -71 -72 -63 -64 -61 -58 -55 -49 -52 -49 -52 -50 -49 -51 -45 -53 -53 -56 -58 -59 -62 -61 -65 -65 -67 -66 -64 -64 -62 -64 -60 -65 -61 -61 -59 -59 -61 -55 -56 -56 -54 -59 -52 -54 -57 -57 -57 -59 -58 -57 -57 -58 -56 -62 -63 -61 -59 -58 -61 -59 -63 -60 -60 -57 -60 -58 -59 -56 -59 -55 -56 -59 -54 -61 -57 -56 -60 -52 -60 -60 -56 -62 -59 -60 -58 -60 -59 -57 -57 -61 -57 -60 -57 -59 -59 -59 -57 -61 -57 -55 -55 -55 -59 234 13359 305 6058
-57 -56 -60 -61 -56 -56 -55 -63 -56 -58 -55 -60 -61 -53 -55 -55 -61 -61 -55 -55 -55 -57 -58 -58 -57 -58 -54 -60 -58 -57 -57 -58 -60 -57 -57 -56 -57 -61 -57 -59 -57 -60 -57 -57 -57 -62 -57 -58 -55 -51 -29 6 80 217 373 331 -49 -384 -345 -15 185 -21 -413 -532 -322 -61 -46 -240 -349 -240 -69 -6 -60 -88 -16 67 79 23 15 77 118 78 -3 -35 0 28 -11 -89 -132 -110 -86 -128 -132 -192 -135 -133 -94 -137 -113 -104 -49 -52 -48 -52 -23 -1 3 -14 -17 -11 -2 -10 -35 -44 -47 -48 -59 -77 -88 -83 -85 -89 -97 -99 -90 -81 -76 -77 -77 -64 -56 -53 -48 -46 -40 -35 -33 -39 -48 -32 -41 -40 -53 -55 -60 -61 -66 -69 -72 -74 -74 -74 -73 -73 -71 -65 -63 -62 -59 -57 -49 -54 -51 -46 -46 -51 -48 -48 -52 -52 -52 -55 -56 -61 -63 -61 -65 -64 -67 -68 -63 -65 -66 -62 -64 -61 -57 -55 -59 -57 -54 -56 -47 -48 -57 -53 -54 -55 -56 -57 -55 -61 -56 -63 -60 -59 -54 -60 -57 -62 -58 -57 -58 -57 -59 -53 -59 -61 -56 -58 -55 -57 -58 -58 -57 -55 -56 -58 -53 -57 -61 -60 -62 -59 -61 -60 -61 -60 -54 -56 -57 -60 -60 -61 -56 -60 -57 -55 -58 -56 -59 -56 -56 -57 -60 -54 -57 234 8306 305 4810
-59 -61 -58 -56 -61 -61 -56 -59 -57 -56 -54 -53 -57 -58 -56 -63 -59 -64 -61 -53 -61 -61 -61 -51 -60 -56 -55 -56 -56 -56 -64 -68 -55 -60 -57 -55 -61 -57 -58 -60 -60 -60 -58 -56 -64 -60 -63 -60 -61 -59 -45 -17 38 142 300 402 164 -242 -414 -194 131 136 -228 -525 -462 -179 -19 -137 -318 -323 -154 -16 -28 -93 -66 28 82 52 13 45 106 108 36 -31 -27 19 10 -58 -122 -132 -99 -90 -128 -169 -166 -125 -105 -108 -127 -107 -72 -47 -50 -51 -38 -8 3 -3 -15 -16 1 -1 -23 -39 -47 -47 -47 -68 -81 -89 -85 -85 -93 -101 -94 -89 -80 -75 -81 -68 -60 -53 -49 -45 -43 -33 -31 -35 -36 -40 -35 -39 -49 -53 -57 -55 -57 -67 -67 -75 -68 -73 -73 -74 -71 -69 -65 -63 -62 -60 -57 -54 -56 -48 -51 -50 -52 -47 -50 -47 -49 -49 -57 -57 -60 -59 -60 -65 -66 -58 -66 -63 -62 -64 -64 -59 -62 -61 -55 -56 -62 -53 -55 -50 -61 -55 -53 -54 -55 -52 -58 -55 -55 -60 -61 -63 -59 -60 -63 -63 -62 -62 -63 -62 -62 -62 -59 -62 -58 -57 -59 -57 -58 -56 -62 -51 -58 -55 -58 -57 -60 -54 -63 -55 -61 -37 -121 -9 -105 -23 -92 -36 -82 -44 -72 -48 -69 -53 -66 -55 -64 -58 -63 -59 -60 -57 -58 234 3311 305 4751
-58 -59 -62 -62 -61 -58 -64 -57 -61 -62 -58 -59 -57 -57 -61 -57 -57 -60 -60 -63 -57 -59 -64 -55 -65 -55 -59 -58 -57 -61 -56 -58 -62 -56 -57 -58 -54 -52 -60 -58 -60 -60 -58 -57 -57 -57 -59 -58 -58 -58 -42 -12 49 164 324 392 91 -297 -406 -137 158 95 -294 -535 -421 -136 -17 -172 -332 -296 -120 -10 -37 -96 -48 43 87 45 9 51 112 99 20 -33 -12 24 4 -65 -131 -123 -97 -99 -145 -171 -158 -117 -97 -110 -131 -114 -67 -38 -40 -49 -33 -8 6 -2 -8 -9 -3 -11 -34 -44 -46 -44 -55 -81 -78 -88 -87 -86 -94 -101 -90 -85 -85 -80 -70 -71 -61 -55 -49 -46 -36 -32 -33 -37 -36 -37 -34 -41 -45 -53 -54 -60 -63 -68 -68 -72 -75 -73 -73 -74 -71 -69 -65 -65 -61 -60 -55 -56 -55 -51 -49 -48 -47 -46 -50 -51 -50 -59 -55 -56 -61 -61 -62 -61 -67 -69 -66 -68 -65 -66 -66 -59 -61 -59 -57 -59 -60 -52 -57 -53 -55 -56 -53 -56 -53 -54 -53 -57 -60 -62 -63 -58 -58 -57 -60 -64 -61 -62 -61 -60 -62 -60 -60 -62 -60 -53 -57 -54 -58 -56 -55 -54 -57 -52 -58 -61 -56 -56 -62 -62 -59 -59 -59 -59 -59 -60 -61 -57 -56 -63 -57 -58 -59 -60 -60 -59 -55 -58 -55 -57 -58 -56 -61 233 14416 305 5036
-49 -49 -48 -49 -47 -48 -53 -49 -49 -47 -52 -50 -52 -49 -49 -45 -49 -51 -49 -46 -49 -48 -50 -52 -48 -48 -49 -49 -52 -53 -51 -49 -51 -46 -49 -49 -51 -50 -45 -52 -49 -45 -45 -47 -50 -50 -53 -55 -50 -51 -35 -12 41 140 295 405 197 -215 -416 -211 121 151 -186 -508 -466 -189 -7 -113 -304 -323 -159 -15 -15 -82 -60 34 89 66 22 49 112 118 52 -19 -21 23 21 -40 -114 -123 -93 -83 -121 -157 -157 -123 -100 -102 -124 -101 -66 -41 -41 -44 -29 -1 12 7 -8 -6 7 8 -10 -30 -41 -33 -42 -58 -74 -82 -80 -79 -88 -92 -89 -89 -71 -71 -74 -60 -52 -42 -39 -43 -36 -28 -28 -28 -30 -31 -35 -34 -38 -46 -47 -52 -56 -62 -61 -68 -68 -68 -68 -65 -63 -65 -57 -57 -22 -124 9 -97 -3 -79 -21 -59 -28 -55 -33 -53 -45 -52 -46 -56 -52 -56 -58 -56 -60 -59 -58 -60 -58 -58 -58 -54 -53 -53 -52 -49 -53 -52 -50 -46 -47 -50 -50 -49 -47 -51 -49 -53 -53 -52 -54 -62 -48 -58 -53 -61 -61 -57 -50 -55 -58 -53 -57 -47 -51 -51 -52 -49 -51 -51 -48 -48 -49 -45 -55 -49 -51 -55 -53 -55 -57 -54 -53 -58 -50 -55 -55 -51 -54 -51 -53 -51 -48 -53 -50 -52 -52 -56 -50 -50 -51 -49 -51 233 9582 305 4591
-61 -59 -56 -56 -61 -53 -62 -59 -58 -59 -56 -55 -56 -56 -58 -54 -55 -55 -54 -53 -59 -58 -59 -55 -57 -58 -56 -65 -55 -61 -54 -57 -60 -58 -56 -56 -56 -55 -58 -56 -57 -55 -53 -60 -60 -60 -57 -56 -60 -54 -41 -11 47 153 315 393 117 -272 -409 -161 145 110 -263 -533 -435 -144 -11 -155 -328 -304 -133 -7 -32 -91 -56 41 87 48 16 48 110 102 25 -30 -20 19 9 -62 -122 -127 -94 -92 -130 -165 -161 -123 -106 -109 -128 -105 -67 -47 -48 -51 -32 -4 0 -3 -13 -10 0 -3 -27 -39 -41 -42 -56 -69 -78 -89 -85 -85 -89 -97 -90 -83 -77 -79 -71 -65 -53 -53 -46 -45 -40 -34 -32 -32 -36 -38 -37 -43 -46 -49 -52 -55 -61 -66 -71 -66 -72 -71 -68 -71 -68 -66 -66 -62 -58 -57 -54 -49 -49 -46 -48 -43 -49 -47 -52 -51 -54 -52 -54 -56 -57 -56 -62 -62 -60 -58 -58 -62 -64 -65 -61 -60 -62 -62 -61 -55 -59 -57 -60 -54 -51 -52 -54 -57 -54 -52 -53 -58 -60 -62 -56 -57 -63 -61 -61 -61 -58 -64 -58 -59 -58 -60 -59 -57 -53 -57 -56 -59 -58 -55 -51 -55 -56 -58 -53 -54 -56 -57 -59 -62 -61 -57 -54 -58 -63 -56 -54 -60 -58 -55 -61 -56 -53 -55 -55 -56 -54 -56 -56 -60 -57 -53 -52 233 4304 305 5035
-54 -52 -50 -52 -56 -49 -54 -55 -53 -50 -51 -53 -53 -53 -53 -53 -52 -52 -53 -51 -53 -55 -47 -51 -56 -52 -49 -53 -54 -52 -52 -53 -51 -47 -53 -50 -48 -54 -52 -51 -54 -50 -53 -51 -52 -52 -52 -52 -49 -49 -39 -10 43 148 307 404 166 -235 -410 -192 132 140 -214 -520 -448 -170 -7 -125 -316 -312 -142 -11 -22 -90 -57 35 88 59 20 49 112 111 43 -27 -14 24 20 -50 -116 -125 -92 -85 -122 -160 -154 -123 -102 -106 -118 -103 -64 -38 -38 -44 -28 -5 11 1 -7 -10 2 4 -9 -30 -40 -44 -46 -59 -75 -81 -83 -84 -85 -90 -92 -80 -68 -71 -70 -64 -52 -43 -39 -40 -37 -29 -30 -29 -29 -34 -35 -33 -45 -45 -54 -52 -52 -63 -64 -65 -65 -67 -65 -67 -64 -58 -61 -57 -54 -51 -53 -48 -43 -44 -41 -41 -43 -44 -39 -43 -44 -47 -49 -45 -52 -52 -53 -60 -56 -59 -61 -58 -57 -56 -58 -17 -106 -5 -73 -35 -59 -41 -54 -45 -51 -48 -49 -52 -51 -53 -55 -52 -51 -60 -51 -55 -56 -52 -55 -53 -58 -54 -53 -52 -55 -52 -53 -50 -59 -52 -52 -54 -49 -51 -51 -55 -49 -51 -51 -52 -54 -54 -51 -61 -46 -61 -49 -56 -58 -57 -48 -59 -53 -53 -55 -49 -55 -52 -50 -53 -48 -52 -53 -51 -52 -51 -50 232 9846 305 5207
-57 -50 -55 -53 -55 -55 -54 -56 -55 -51 -53 -51 -53 -51 -49 -56 -51 -52 -50 -49 -57 -50 -53 -55 -53 -55 -51 -52 -54 -54 -52 -52 -50 -52 -51 -52 -51 -51 -52 -53 -54 -55 -51 -58 -53 -56 -56 -52 -53 -51 -35 -1 63 184 345 387 69 -318 -392 -107 174 82 -316 -536 -396 -111 -14 -181 -333 -282 -104 -2 -43 -90 -40 53 89 41 16 63 114 98 22 -30 -7 28 9 -71 -127 -123 -86 -89 -139 -166 -150 -114 -99 -113 -120 -96 -61 -42 -48 -50 -23 8 8 -6 -14 -6 1 0 -21 -40 -41 -39 -51 -69 -82 -83 -83 -87 -89 -94 -89 -82 -79 -76 -71 -60 -52 -52 -48 -40 -35 -29 -29 -33 -34 -32 -35 -40 -44 -51 -57 -54 -59 -63 -66 -72 -71 -69 -69 -68 -69 -63 -57 -60 -53 -55 -50 -49 -44 -45 -44 -42 -45 -42 -47 -45 -45 -48 -52 -57 -54 -60 -57 -61 -61 -62 -57 -61 -56 -59 -57 -62 -58 -54 -53 -54 -48 -53 -52 -49 -46 -50 -51 -52 -50 -52 -57 -52 -56 -52 -54 -58 -56 -57 -55 -55 -57 -58 -57 -55 -54 -58 -53 -57 -49 -54 -54 -52 -50 -55 -48 -53 -51 -57 -50 -56 -57 -54 -58 -56 -60 -52 -53 -58 -55 -55 -53 -54 -53 -52 -54 -54 -57 -59 -51 -55 -51 -51 -59 -52 -53 -57 -59 231 15289 305 5393
-55 -59 -57 -54 -57 -54 -59 -56 -58 -59 -55 -57 -57 -60 -62 -58 -59 -59 -56 -62 -56 -60 -62 -59 -56 -62 -56 -61 -57 -59 -57 -58 -63 -59 -60 -57 -59 -56 -58 -62 -57 -59 -59 -57 -53 -61 -61 -57 -58 -56 -41 2 71 194 359 357 11 -357 -377 -64 178 34 -368 -541 -370 -90 -39 -218 -352 -263 -79 2 -48 -95 -39 62 87 36 15 61 114 88 14 -27 -5 19 -16 -92 -134 -120 -89 -103 -147 -177 -153 -114 -110 -118 -124 -97 -58 -42 -44 -47 -25 0 7 -10 -11 -8 2 -9 -29 -47 -46 -45 -54 -73 -89 -90 -83 -88 -95 -103 -93 -81 -81 -39 -127 -13 -83 -29 -62 -37 -49 -27 -36 -36 -43 -41 -40 -45 -51 -57 -53 -63 -67 -67 -72 -71 -73 -78 -75 -70 -70 -65 -64 -63 -59 -59 -56 -54 -49 -50 -51 -48 -46 -47 -51 -52 -54 -56 -57 -57 -73 -51 -72 -63 -62 -67 -64 -61 -67 -62 -60 -62 -60 -59 -55 -58 -51 -55 -52 -53 -50 -52 -53 -55 -49 -56 -53 -56 -54 -63 -58 -60 -60 -59 -60 -62 -59 -58 -59 -61 -58 -57 -58 -58 -56 -55 -56 -54 -54 -56 -56 -57 -55 -58 -60 -57 -56 -57 -62 -62 -58 -57 -61 -58 -60 -57 -61 -58 -56 -52 -52 -57 -57 -61 -53 -59 -54 -58 -59 -57 -47 -53 -57 231 10074 305 4972
-57 -60 -58 -57 -58 -53 -63 -58 -55 -58 -55 -61 -58 -57 -59 -61 -61 -56 -59 -58 -59 -56 -56 -60 -56 -60 -61 -57 -57 -57 -57 -62 -59 -53 -58 -63 -57 -60 -57 -61 -59 -62 -60 -57 -56 -61 -61 -58 -57 -56 -36 2 71 201 362 356 -2 -357 -369 -51 183 20 -377 -543 -359 -84 -33 -219 -345 -265 -85 -7 -54 -95 -29 64 78 25 20 66 119 84 6 -35 -5 26 -8 -85 -133 -120 -91 -102 -145 -170 -151 -115 -109 -121 -124 -96 -56 -46 -56 -45 -24 -4 0 -14 -17 -9 -2 -14 -30 -39 -48 -47 -55 -74 -85 -90 -82 -89 -97 -99 -92 -83 -80 -78 -75 -64 -56 -48 -48 -47 -38 -36 -35 -37 -40 -35 -42 -41 -49 -51 -54 -57 -63 -69 -68 -71 -70 -71 -72 -72 -73 -69 -67 -65 -58 -60 -53 -55 -53 -49 -49 -47 -47 -47 -56 -47 -50 -56 -56 -59 -58 -58 -63 -62 -66 -68 -69 -63 -64 -64 -59 -61 -61 -61 -61 -56 -58 -58 -56 -57 -54 -58 -56 -53 -54 -57 -54 -59 -55 -55 -63 -59 -61 -62 -60 -65 -61 -63 -65 -61 -60 -63 -57 -57 -55 -54 -55 -57 -48 -54 -57 -52 -59 -53 -58 -59 -60 -60 -59 -59 -58 -56 -61 -61 -57 -62 -57 -60 -63 -58 -56 -57 -60 -58 -53 -58 -56 -61 -56 -57 -55 -55 -53 231 4529 305 5302
-55 -57 -56 -56 -59 -59 -57 -56 -58 -55 -56 -59 -58 -56 -57 -58 -53 -57 -54 -59 -57 -51 -58 -57 -54 -61 -55 -57 -55 -58 -59 -56 -56 -56 -56 -59 -58 -56 -58 -53 -56 -58 -57 -53 -62 -55 -61 -59 -53 -51 -28 9 88 218 377 327 -55 -382 -343 -14 190 -24 -414 -536 -325 -61 -47 -241 -347 -238 -65 -6 -57 -92 -15 71 72 28 23 78 117 77 -3 -32 0 24 -19 -90 -133 -118 -88 -108 -147 -171 -145 -112 -111 -122 -123 -87 -55 -44 -55 -49 -21 -2 2 -11 -18 -9 -3 -13 -33 -44 -48 -47 -62 -80 -87 -87 -86 -90 -96 -97 -92 -85 -79 -77 -72 -61 -52 -49 -50 -47 -39 -33 -36 -39 -36 -38 -41 -42 -49 -50 -58 -55 -64 -68 -73 -76 -77 -69 -73 -69 -71 -69 -68 -65 -59 -56 -51 -54 -48 -53 -50 -47 -43 -51 -49 -48 -50 -52 -58 -59 -58 -63 -57 -62 -61 -64 -64 -63 -60 -66 -60 -62 -58 -58 -57 -57 -54 -55 -55 -55 -52 -53 -55 -51 -55 -55 -53 -60 -57 -59 -61 -57 -62 -57 -61 -59 -58 -62 -63 -60 -62 -54 -54 -57 -55 -53 -55 -62 -53 -58 -59 -58 -59 -55 -57 -54 -53 -58 -57 -62 -58 -58 -58 -59 -60 -55 -55 -54 -57 -55 -57 -56 -55 -63 -57 -56 -56 -56 -55 -58 -56 -56 -58 230 15742 305 4928
-58 -60 -57 -56 -60 -56 -62 -56 -58 -58 -61 -60 -57 -59 -61 -59 -59 -60 -58 -57 -60 -58 -63 -55 -65 -60 -64 -58 -66 -57 -64 -59 -60 -58 -64 -62 -63 -54 -55 -60 -56 -55 -55 -57 -58 -58 -58 -55 -58 -51 -30 -1 71 198 361 359 7 -359 -376 -61 179 31 -367 -543 -361 -79 -27 -207 -340 -260 -85 -6 -53 -90 -35 59 83 28 11 68 116 86 9 -35 -3 27 -5 -83 -136 -120 -89 -101 -146 -170 -150 -114 -108 -119 -120 -96 -61 -46 -51 -47 -24 0 1 -11 -17 -8 -3 -8 -28 -42 -46 -44 -55 -74 -91 -83 -86 -87 -97 -95 -90 -82 -81 -76 -75 -61 -53 -51 -47 -46 -37 -33 -34 -34 -39 -38 -38 -45 -49 -52 -56 -59 -65 -68 -68 -70 -73 -68 -74 -72 -70 -69 -64 -62 -61 -56 -57 -53 -50 -49 -50 -48 -49 -50 -51 -52 -51 -57 -55 -58 -57 -56 -64 -61 -65 -66 -58 -70 -66 -66 -61 -60 -62 -53 -58 -56 -58 -58 -54 -55 -58 -52 -54 -54 -54 -57 -56 -58 -59 -58 -62 -61 -59 -64 -62 -64 -60 -60 -61 -56 -57 -61 -65 -52 -61 -58 -60 -61 -57 -54 -57 -53 -57 -56 -58 -56 -52 -61 -61 -54 -58 -58 -58 -58 -57 -62 -59 -56 -57 -58 -61 -62 -60 -57 -57 -59 -56 -62 -58 -56 -59 -57 -57 230 10734 305 4764
-57 -59 -58 -55 -55 -59 -59 -55 -52 -59 -57 -57 -53 -53 -58 -56 -54 -55 -56 -58 -61 -55 -58 -57 -54 -56 -51 -51 -58 -57 -61 -58 -52 -61 -53 -58 -55 -51 -57 -58 -54 -53 -56 -59 -57 -55 -57 -57 -57 -55 -44 -19 37 136 291 402 188 -217 -417 -213 118 151 -198 -515 -466 -188 -10 -121 -312 -322 -157 -21 -23 -83 -66 30 80 51 7 40 109 114 43 -32 -24 21 21 -44 -115 -127 -93 -84 -118 -163 -162 -127 -105 -111 -123 -118 -78 -47 -53 -52 -37 -7 5 -1 -18 -10 -4 1 -21 -37 -45 -47 -47 -65 -77 -85 -86 -86 -90 -99 -92 -83 -77 -76 -74 -65 -56 -46 -49 -45 -40 -25 -24 -46 -14 -53 -16 -55 -33 -57 -39 -62 -52 -74 -67 -81 -71 -72 -70 -75 -73 -70 -61 -63 -58 -56 -50 -45 -51 -47 -45 -42 -46 -41 -48 -44 -46 -48 -53 -51 -56 -59 -58 -63 -60 -65 -65 -61 -61 -64 -69 -54 -60 -51 -62 -54 -55 -49 -51 -48 -47 -48 -54 -51 -53 -54 -54 -53 -51 -56 -57 -59 -54 -55 -55 -53 -54 -55 -54 -55 -54 -53 -53 -55 -51 -50 -52 -53 -54 -50 -55 -53 -53 -51 -52 -49 -52 -55 -55 -56 -56 -55 -55 -55 -55 -56 -57 -56 -57 -57 -60 -55 -59 -53 -55 -52 -53 -49 -52 -55 -50 -53 -55 230 5859 305 4632
-58 -55 -59 -59 -63 -60 -62 -59 -57 -60 -60 -61 -62 -58 -59 -62 -59 -56 -59 -58 -57 -60 -57 -56 -57 -54 -59 -58 -59 -59 -57 -61 -59 -59 -61 -60 -61 -61 -60 -60 -56 -56 -62 -60 -60 -57 -56 -55 -57 -52 -35 11 89 226 380 317 -77 -393 -335 1 186 -41 -429 -530 -310 -52 -41 -243 -347 -229 -62 -10 -69 -89 -15 69 70 23 20 77 120 72 -10 -37 -1 26 -15 -96 -138 -114 -89 -107 -155 -168 -140 -111 -108 -125 -120 -87 -59 -44 -53 -47 -19 3 3 -10 -17 -5 0 -13 -28 -42 -48 -48 -59 -73 -83 -89 -85 -89 -97 -97 -91 -83 -81 -80 -73 -61 -54 -52 -45 -43 -35 -32 -34 -39 -39 -35 -39 -43 -49 -54 -56 -61 -65 -70 -73 -71 -72 -74 -78 -71 -70 -67 -65 -63 -61 -57 -53 -48 -51 -46 -48 -47 -47 -47 -49 -47 -27 -119 -3 -102 -28 -94 -39 -81 -52 -80 -53 -73 -60 -71 -61 -66 -54 -63 -57 -61 -56 -61 -56 -54 -51 -59 -54 -56 -57 -58 -58 -59 -60 -57 -60 -59 -66 -63 -63 -59 -61 -61 -64 -59 -60 -61 -53 -65 -54 -62 -59 -63 -53 -60 -53 -55 -57 -58 -56 -63 -57 -54 -58 -61 -58 -57 -52 -57 -56 -57 -64 -55 -62 -58 -59 -63 -56 -62 -56 -55 -54 -59 -57 -59 -58 -57 -59 229 11850 305 5073
-56 -57 -59 -55 -56 -54 -55 -56 -49 -59 -56 -56 -54 -55 -55 -57 -55 -56 -58 -58 -57 -56 -56 -54 -59 -59 -53 -53 -57 -55 -52 -52 -57 -53 -52 -52 -51 -55 -54 -54 -53 -56 -52 -55 -58 -56 -57 -55 -54 -49 -23 19 104 250 394 282 -123 -405 -295 44 184 -87 -458 -511 -270 -31 -70 -269 -346 -210 -40 -7 -74 -81 -1 77 71 22 25 88 120 65 -9 -28 7 27 -29 -99 -135 -108 -86 -113 -156 -167 -135 -106 -110 -120 -116 -79 -51 -43 -48 -39 -14 7 4 -9 -13 -2 1 -10 -31 -42 -45 -43 -61 -76 -85 -81 -85 -89 -90 -93 -84 -80 -75 -73 -66 -57 -48 -47 -45 -41 -34 -29 -30 -34 -35 -39 -38 -42 -41 -51 -53 -55 -60 -66 -69 -67 -67 -69 -72 -68 -68 -58 -63 -61 -54 -55 -51 -46 -50 -47 -45 -45 -41 -42 -45 -49 -48 -51 -58 -53 -58 -54 -58 -60 -57 -57 -56 -55 -56 -59 -59 -58 -56 -57 -54 -52 -52 -55 -52 -48 -51 -51 -54 -50 -53 -51 -48 -51 -53 -55 -55 -55 -54 -56 -54 -56 -58 -57 -55 -58 -57 -56 -57 -55 -55 -53 -54 -49 -54 -49 -51 -52 -58 -50 -51 -53 -53 -59 -56 -53 -56 -53 -53 -55 -55 -55 -57 -54 -56 -53 -53 -52 -53 -52 -53 -52 -56 4 -123 1 -80 -29 -68 229 6512 305 5095
-57 -61 -57 -63 -59 -62 -55 -59 -63 -63 -58 -55 -60 -54 -60 -60 -60 -61 -65 -60 -59 -61 -60 -58 -58 -63 -57 -65 -62 -60 -23 -131 -5 -106 -24 -86 -32 -80 -46 -72 -51 -70 -55 -66 -57 -60 -61 -64 -61 -57 -49 -19 38 140 297 398 159 -251 -419 -196 125 136 -227 -526 -463 -181 -17 -133 -321 -324 -150 -25 -29 -87 -65 29 82 48 10 29 108 103 38 -35 -22 18 16 -57 -122 -135 -103 -93 -131 -170 -166 -124 -108 -115 -125 -116 -73 -42 -51 -51 -33 -8 3 -3 -21 -12 -5 -4 -24 -41 -44 -46 -50 -66 -79 -85 -83 -87 -97 -102 -95 -87 -85 -81 -77 -69 -62 -52 -49 -49 -40 -35 -31 -36 -39 -40 -41 -45 -47 -51 -54 -61 -64 -70 -72 -77 -71 -72 -73 -78 -71 -70 -70 -65 -65 -58 -57 -54 -57 -50 -50 -50 -48 -53 -53 -53 -52 -49 -56 -57 -62 -64 -62 -71 -62 -67 -68 -68 -65 -65 -62 -66 -65 -61 -58 -60 -53 -57 -58 -55 -56 -52 -52 -58 -55 -56 -56 -57 -60 -62 -61 -60 -63 -61 -61 -67 -60 -66 -61 -64 -60 -62 -61 -54 -57 -59 -59 -62 -61 -59 -56 -60 -56 -60 -56 -61 -59 -61 -59 -63 -58 -58 -64 -61 -62 -65 -58 -59 -56 -58 -60 -57 -66 -61 -57 -59 -58 -61 -53 -61 -58 -61 -64 228 12464 305 4930
-48 -54 -53 -49 -54 -45 -51 -49 -54 -51 -49 -51 -50 -50 -52 -50 -50 -45 -45 -53 -47 -52 -55 -53 -51 -55 -52 -48 -51 -52 -48 -50 -50 -48 -53 -50 -50 -54 -52 -52 -51 -53 -49 -47 -54 -51 -50 -50 -48 -50 -36 -11 40 146 296 411 182 -224 -414 -202 129 154 -207 -509 -460 -179 -4 -117 -308 -316 -152 -14 -16 -75 -61 36 92 63 20 47 111 115 47 -19 -18 25 23 -48 -112 -124 -91 -83 -115 -162 -154 -122 -98 -104 -121 -99 -67 -41 -40 -46 -32 -3 11 4 -9 -4 4 4 -11 -29 -39 -37 -41 -60 -77 -83 -73 -82 -86 -92 -87 -82 -70 -68 -70 -63 -53 -43 -40 -39 -34 -28 -27 -29 -31 -33 -32 -36 -34 -44 -49 -53 -55 -58 -62 -63 -65 -63 -66 -63 -65 -65 -58 -59 -51 -53 -46 -44 -46 -38 -43 -42 -40 -43 -44 -42 -43 -43 -50 -45 -54 -52 -51 -56 -59 -56 -59 -56 -59 -60 -51 -55 -52 -56 -49 -51 -46 -46 -47 -47 -46 -51 -50 -47 -48 -49 -46 -51 -48 -49 -52 -51 -50 -56 -50 -50 -50 -52 -54 -51 -51 -51 -51 -50 -49 -46 -50 -54 -47 -49 -51 -49 -52 -50 -49 -49 -50 -52 -46 -47 -50 -54 -54 -48 -50 -53 -53 -46 -49 -51 -51 -53 -48 -51 -55 -56 -50 -52 -48 -52 -53 -48 -46 228 6745 305 5476
-56 -56 -56 -58 -56 -54 -58 -53 -56 -56 -56 -57 -60 -57 -56 -57 -56 -57 -54 -55 -55 -56 -57 -56 -54 -57 -60 -55 -60 -52 -53 -57 -59 -56 -58 -54 -57 -58 -56 -55 -59 -58 -55 -61 -61 -59 -60 -56 -58 -55 -29 9 79 217 382 342 -29 -372 -365 -29 186 0 -400 -540 -340 -73 -42 -226 -348 -247 -71 -9 -56 -93 -20 64 75 26 18 72 120 84 6 -34 0 26 -11 -90 -134 -116 -88 -103 -147 -171 -149 -113 -106 -119 -124 -94 -56 -51 -53 -47 -23 3 6 -14 -14 -7 2 -9 -32 -43 -47 -44 -58 -75 -88 -86 -83 -90 -93 -96 -93 -79 -78 -79 -73 -60 -53 -50 -48 -43 -36 -32 -31 -34 -34 -34 -40 -43 -48 -52 -55 -58 -65 -69 -71 -70 -72 -74 -74 -68 -68 -66 -66 -64 -59 -57 -54 -54 -50 -48 -48 -44 -44 -48 -51 -52 -52 -52 -52 -56 -60 -58 -62 -65 -62 -59 -62 -67 -62 -64 -61 -61 -64 -58 -55 -58 -55 -57 -51 -55 -53 -48 -52 -56 -54 -55 -59 -53 -60 -60 -59 -58 -61 -63 -63 -58 -61 -58 -53 -58 -57 -56 -60 -53 -57 -55 -56 -49 -53 -53 -53 -51 -56 -57 -55 -60 -59 -59 -57 -57 -62 -58 -58 -58 -52 -64 -59 -58 -55 -58 -59 -51 -55 -55 -57 -57 -55 -52 -58 -60 -56 -58 -59 228 1460 305 5042
-57 -57 -54 -56 -59 -56 -57 -52 -60 -59 -55 -54 -51 -57 -59 -55 -57 -54 -55 -59 -58 -58 -56 -57 -54 -57 -57 -58 -55 -56 -58 -54 -57 -55 -55 -58 -54 -57 -55 -57 -54 -55 -55 -59 -58 -61 -56 -53 -55 -52 -26 20 104 246 394 281 -115 -402 -304 38 179 -82 -458 -518 -273 -34 -68 -265 -342 -210 -41 -7 -69 -87 1 75 70 20 24 89 116 62 -10 -33 11 28 -25 -103 -131 -109 -84 -110 -157 -166 -136 -104 -110 -122 -115 -80 -49 -46 -53 -42 -11 6 1 -12 -11 -5 -4 -13 -23 -51 -43 -35 -72 -66 -101 -77 -90 -83 -104 -85 -92 -77 -80 -74 -72 -60 -54 -47 -47 -41 -32 -32 -38 -36 -39 -39 -41 -46 -46 -57 -55 -59 -58 -71 -68 -74 -73 -72 -71 -69 -63 -67 -60 -61 -58 -53 -56 -52 -51 -50 -48 -49 -46 -48 -52 -55 -51 -57 -56 -59 -56 -62 -56 -60 -60 -61 -65 -63 -62 -58 -57 -58 -59 -58 -58 -53 -52 -51 -51 -52 -49 -51 -53 -53 -56 -51 -54 -56 -60 -56 -53 -61 -51 -60 -62 -56 -53 -58 -58 -55 -54 -55 -52 -56 -56 -52 -55 -57 -56 -59 -56 -56 -57 -50 -55 -53 -57 -56 -53 -55 -57 -61 -54 -54 -53 -60 -60 -54 -56 -59 -57 -61 -57 -55 -55 -54 -58 -58 -60 -57 -55 -59 -55 227 12654 305 4947
-55 -54 -59 -58 -55 -56 -56 -55 -56 -57 -59 -54 -57 -56 -55 -55 -55 -58 -55 -55 -58 -57 -54 -57 -57 -52 -59 -55 -56 -53 -56 -59 -52 -53 -55 -57 -58 -53 -51 -58 -56 -58 -58 -57 -60 -57 -56 -58 -56 -53 -47 -18 40 141 295 403 185 -222 -420 -210 117 145 -199 -513 -469 -190 -15 -122 -311 -327 -156 -18 -19 -85 -66 28 88 61 13 43 100 112 41 -27 -26 20 16 -47 -119 -127 -102 -92 -123 -166 -164 -126 -105 -112 -126 -109 -69 -43 -48 -52 -37 -8 3 -5 -14 -10 1 4 -18 -34 -41 -44 -46 -64 -78 -81 -87 -80 -90 -100 -92 -83 -78 -73 -76 -67 -53 -47 -48 -43 -42 -31 -36 -33 -36 -37 -40 -37 -36 -55 -53 -56 -57 -62 -66 -71 -68 -72 -73 -71 -71 -64 -63 -62 -60 -55 -54 -48 -51 -47 -49 -47 -41 -41 -49 -50 -52 -57 -58 -54 -58 -59 -58 -64 -62 -62 -63 -64 -67 -60 -62 -61 -59 -58 -58 -54 -55 -55 -54 -52 -51 -52 -53 -54 -62 -56 -55 -58 -54 -57 -56 -58 -60 -59 -64 -60 -58 -55 -61 -57 -55 -56 -62 -56 -53 -58 -54 -59 -54 -50 -53 -55 -57 -56 -57 -60 -59 -57 -61 -56 -63 -56 -56 -57 -56 -55 -55 -59 -59 -59 -57 -58 -60 -55 -63 -55 -57 -57 -61 -58 -56 -54 -56 227 7633 305 4777
-61 -55 -60 -55 -60 -55 -56 -56 -58 -56 -59 -59 -59 -62 -58 -60 -58 -58 -60 -60 -58 -62 -56 -56 -55 -57 -59 -59 -61 -60 -58 -60 -60 -58 -63 -57 -59 -59 -57 -60 -55 -58 -59 -61 -56 -58 -61 -65 -58 -54 -40 -1 58 185 347 369 40 -339 -392 -90 173 51 -342 -545 -385 -101 -32 -199 -348 -280 -97 -9 -52 -94 -41 52 82 35 11 59 117 91 9 -36 -9 21 -4 -81 -132 -123 -93 -94 -144 -172 -154 -119 -107 -118 -130 -97 -63 -48 -50 -50 -28 -2 -4 -10 -18 -10 -1 -7 -31 -40 -46 -50 -56 -75 -83 -87 -83 -83 -96 -100 -98 -84 -83 -75 -76 -65 -60 -54 -51 -48 -35 -32 -33 -33 -35 -36 -43 -47 -46 -55 -55 -57 -65 -65 -70 -71 -72 -71 -70 -77 -70 -64 -68 -60 -61 -56 -52 -49 -51 -52 -51 -55 -48 -52 -53 -53 -52 -55 -56 -54 -61 -63 -58 -64 -63 -65 -64 -67 -64 -65 -62 -61 -61 -59 -60 -58 -54 -56 -53 -56 -56 -55 -54 -59 -57 -53 -58 -59 -61 -58 -57 -63 -64 -62 -61 -58 -62 -61 -60 -56 -57 -60 -56 -56 -57 -55 -56 -57 -55 -56 -62 -55 -61 -62 -59 -56 -56 -61 -58 -58 -58 -58 -59 -57 -58 -60 -62 -63 -57 -56 -62 -62 -59 -60 -59 -60 -59 -61 -54 -55 -57 -58 -59 227 2681 305 4709
-57 -67 -58 -62 -62 -58 -58 -56 -56 -56 -60 -61 -58 -58 -59 -57 -58 -55 -57 -57 -59 -58 -61 -52 -57 -57 -60 -59 -60 -57 -58 -56 -59 -57 -59 -57 -57 -54 -53 -54 -55 -58 -58 -54 -60 -59 -58 -56 -58 -59 -41 -5 61 180 343 377 51 -328 -390 -102 172 63 -330 -545 -390 -104 -24 -190 -340 -283 -105 -3 -48 -97 -38 53 84 37 10 59 112 91 12 -30 -8 24 -2 -76 -130 -120 -88 -96 -143 -168 -157 -119 -102 -119 -125 -101 -64 -45 -50 -48 -28 -2 3 -7 -13 -12 -1 -5 -28 -41 -48 -42 -58 -72 -81 -80 -87 -85 -98 -94 -94 -85 -79 -79 -75 -65 -59 -53 -48 -45 -37 -35 -35 -41 -34 -37 -41 -42 -47 -51 -55 -62 -64 -67 -70 -71 -76 -72 -75 -78 -69 -67 -64 -61 -62 -59 -58 -54 -53 -50 -53 -45 -48 -48 -46 -49 -53 -56 -56 -56 -55 -59 -64 -66 -60 -66 -62 -60 -62 -61 -61 -65 -61 -58 -56 -60 -59 -57 -51 -56 -55 -55 -55 -55 -55 -52 -56 -54 -58 -58 -59 -57 -60 -58 -62 -59 -59 -61 -63 -61 -59 -63 -56 -58 -55 -56 -61 -55 -57 -50 -54 -53 -58 -56 -56 -56 -59 -56 -56 -56 -56 -58 -58 -61 -58 -58 -59 -59 -61 -60 -59 -57 -56 -59 -57 -59 -54 -55 -61 -57 -55 -57 -57 226 13889 305 4933
-59 -61 -60 -62 -59 -58 -62 -60 -58 -59 -59 -60 -58 -56 -60 -58 -60 -60 -55 -62 -56 -60 -60 -60 -1 -133 2 -91 -33 -73 -50 -69 -51 -64 -56 -63 -60 -64 -61 -59 -61 -58 -58 -61 -61 -59 -58 -59 -62 -56 -44 -14 42 144 301 398 151 -252 -423 -189 131 122 -237 -531 -453 -170 -19 -137 -331 -316 -148 -15 -34 -93 -67 30 84 46 7 40 105 111 38 -33 -22 18 17 -51 -123 -132 -99 -93 -129 -168 -163 -124 -105 -115 -122 -109 -69 -47 -48 -48 -34 -7 4 -4 -16 -12 0 -4 -21 -39 -43 -49 -53 -67 -81 -85 -83 -85 -89 -101 -95 -81 -79 -79 -76 -71 -54 -47 -51 -48 -44 -30 -34 -29 -33 -40 -42 -42 -46 -52 -54 -59 -65 -65 -68 -70 -70 -73 -72 -71 -73 -67 -63 -62 -61 -61 -57 -52 -53 -53 -48 -49 -45 -50 -47 -48 -56 -51 -56 -57 -58 -57 -54 -67 -64 -61 -58 -62 -64 -69 -62 -63 -60 -57 -58 -56 -56 -55 -55 -56 -52 -55 -59 -56 -58 -56 -55 -56 -57 -57 -62 -61 -60 -59 -64 -63 -61 -63 -60 -62 -59 -61 -56 -60 -57 -54 -56 -57 -56 -57 -57 -59 -53 -60 -51 -55 -55 -49 -58 -57 -56 -59 -63 -62 -59 -58 -58 -61 -59 -63 -61 -56 -55 -57 -59 -60 -56 -57 -60 -55 -57 -56 -54 226 8600 305 5045
-58 -60 -61 -58 -59 -61 -55 -60 -56 -61 -61 -58 -58 -56 -60 -57 -57 -57 -57 -61 -61 -61 -63 -59 -60 -60 -60 -54 -61 -61 -58 -58 -58 -64 -59 -58 -60 -58 -62 -61 -60 -55 -59 -61 -61 -54 -62 -56 -58 -58 -39 3 94 235 383 319 -72 -396 -335 5 196 -33 -429 -537 -312 -37 -45 -247 -356 -242 -69 -7 -63 -94 -16 65 71 19 19 77 118 73 -7 -30 1 29 -17 -94 -138 -111 -86 -104 -151 -168 -143 -109 -111 -121 -122 -87 -55 -46 -56 -44 -22 3 0 -16 -18 -8 1 -6 -38 -44 -47 -44 -59 -80 -90 -84 -84 -91 -98 -98 -91 -83 -78 -82 -78 -62 -53 -48 -46 -46 -41 -31 -35 -38 -40 -34 -35 -46 -52 -53 -56 -55 -67 -70 -69 -71 -71 -74 -74 -72 -72 -64 -67 -63 -62 -56 -54 -51 -52 -50 -48 -48 -48 -47 -46 -49 -53 -56 -58 -61 -60 -60 -64 -60 -66 -64 -62 -63 -65 -61 -60 -58 -61 -62 -62 -58 -57 -59 -56 -48 -57 -53 -55 -54 -55 -55 -17 -108 -19 -77 -48 -70 -55 -66 -63 -64 -63 -58 -62 -61 -60 -58 -53 -54 -57 -58 -58 -57 -57 -57 -55 -58 -57 -58 -61 -56 -57 -61 -62 -60 -59 -56 -62 -58 -57 -59 -60 -64 -62 -61 -60 -61 -60 -65 -56 -64 -55 -59 -63 -57 -56 -57 -56 226 3427 305 4931
-57 -54 -58 -60 -59 -57 -57 -62 -57 -57 -58 -56 -56 -57 -58 -56 -57 -57 -55 -56 -59 -60 -62 -60 -55 -59 -63 -54 -56 -58 -52 -58 -55 -58 -58 -58 -60 -59 -53 -58 -62 -58 -57 -60 -63 -62 -59 -58 -59 -51 -27 18 102 248 391 275 -128 -404 -294 47 178 -97 -467 -517 -264 -33 -75 -276 -351 -207 -42 -10 -72 -88 -3 79 66 21 22 86 115 63 -16 -36 5 22 -34 -109 -136 -108 -91 -113 -154 -170 -122 -104 -110 -123 -120 -89 -53 -47 -57 -45 -17 3 -2 -12 -18 -1 -2 -12 -37 -47 -44 -45 -62 -75 -88 -89 -85 -88 -96 -98 -90 -79 -80 -76 -71 -64 -52 -48 -45 -42 -43 -38 -38 -42 -39 -38 -43 -45 -48 -55 -56 -57 -57 -68 -66 -72 -66 -72 -70 -72 -72 -66 -67 -64 -59 -57 -55 -48 -53 -49 -51 -52 -50 -47 -55 -47 -52 -56 -56 -60 -57 -60 -66 -62 -67 -62 -66 -61 -67 -65 -62 -59 -65 -57 -61 -59 -55 -61 -58 -55 -54 -55 -53 -54 -55 -57 -59 -59 -61 -56 -61 -58 -66 -60 -63 -59 -59 -62 -62 -61 -56 -61 -59 -57 -56 -60 -59 -55 -59 -53 -55 -58 -56 -56 -61 -61 -58 -62 -59 -60 -58 -58 -57 -60 -60 -59 -64 -61 -60 -58 -55 -63 -57 -60 -56 -58 -58 -58 -59 -59 -58 -57 -56 225 14789 305 4779
-54 -50 -58 -7 -129 18 -104 -13 -81 -27 -71 -40 -62 -48 -61 -51 -59 -52 -59 -52 -52 -51 -49 -53 -53 -50 -47 -52 -57 -56 -55 -56 -48 -56 -57 -52 -55 -55 -56 -51 -55 -53 -50 -54 -55 -51 -53 -51 -52 -54 -19 21 108 250 398 287 -109 -406 -299 44 188 -83 -455 -516 -266 -29 -67 -259 -338 -205 -42 0 -70 -75 2 83 77 25 31 93 124 72 -6 -24 13 28 -24 -99 -132 -102 -84 -107 -148 -161 -135 -104 -103 -115 -113 -74 -48 -40 -47 -37 -12 10 2 -6 -11 0 7 -8 -27 -38 -41 -41 -51 -70 -84 -79 -78 -77 -90 -91 -83 -72 -69 -72 -65 -54 -42 -42 -41 -37 -32 -24 -29 -31 -32 -33 -31 -42 -45 -49 -48 -53 -58 -62 -65 -63 -64 -60 -68 -62 -62 -55 -59 -52 -53 -48 -45 -47 -44 -45 -45 -46 -42 -39 -43 -45 -49 -44 -48 -46 -48 -53 -57 -58 -57 -58 -59 -56 -58 -60 -50 -57 -52 -49 -53 -47 -47 -45 -47 -47 -46 -46 -49 -48 -54 -51 -53 -49 -49 -54 -54 -54 -54 -52 -51 -56 -55 -50 -50 -54 -53 -48 -49 -46 -53 -49 -51 -51 -47 -54 -52 -47 -47 -43 -55 -56 -55 -51 -51 -61 -60 -58 -51 -43 -54 -48 -52 -49 -45 -48 -49 -49 -46 -54 -48 -52 -47 -50 -49 -49 -50 -50 -46 225 9302 305 5244
-57 -60 -59 -58 -51 -58 -60 -61 -58 -55 -54 -57 -58 -57 -59 -54 -59 -53 -53 -56 -58 -61 -56 -59 -54 -60 -57 -56 -56 -58 -55 -59 -59 -60 -56 -58 -58 -55 -61 -57 -56 -55 -53 -56 -54 -55 -61 -55 -56 -53 -42 -13 48 154 316 396 125 -276 -412 -164 151 113 -261 -529 -437 -153 -16 -153 -326 -305 -132 -10 -32 -94 -53 35 85 47 11 51 112 104 32 -31 -17 22 11 -59 -126 -126 -94 -97 -132 -171 -161 -121 -102 -111 -123 -102 -68 -49 -47 -48 -32 -4 6 -7 -20 -9 -6 -5 -27 -41 -47 -45 -51 -73 -78 -86 -84 -85 -95 -101 -91 -80 -76 -73 -72 -61 -57 -48 -51 -47 -41 -32 -29 -31 -34 -38 -35 -38 -50 -57 -64 -61 -58 -56 -67 -77 -73 -76 -69 -61 -61 -67 -66 -63 -55 -52 -51 -52 -58 -55 -49 -47 -47 -49 -55 -52 -56 -52 -56 -57 -56 -61 -61 -62 -62 -59 -62 -64 -61 -64 -58 -55 -35 -108 -12 -97 -23 -85 -34 -75 -41 -64 -44 -67 -53 -60 -54 -63 -60 -58 -59 -57 -65 -61 -58 -60 -62 -58 -57 -62 -58 -61 -58 -55 -56 -55 -55 -63 -55 -54 -59 -58 -56 -59 -57 -56 -58 -58 -59 -64 -52 -65 -53 -64 -62 -61 -60 -62 -54 -61 -57 -58 -55 -55 -56 -54 -52 -56 -55 -55 -56 -56 -56 225 4029 305 5029
-52 -49 -47 -50 -49 -49 -47 -49 -46 -51 -53 -51 -52 -54 -49 -49 -45 -52 -49 -48 -48 -48 -49 -54 -48 -50 -49 -49 -51 -54 -48 -49 -53 -49 -46 -53 -51 -52 -50 -53 -49 -48 -48 -52 -48 -49 -50 -49 -50 -47 -25 11 89 214 370 351 -16 -362 -353 -28 190 8 -385 -530 -336 -61 -30 -216 -340 -248 -67 0 -55 -86 -16 73 87 35 23 83 122 91 6 -24 7 34 0 -84 -126 -112 -81 -94 -145 -167 -140 -109 -99 -117 -115 -88 -53 -39 -51 -42 -17 8 12 -2 -14 1 11 1 -20 -35 -36 -40 -50 -66 -84 -75 -75 -78 -89 -88 -86 -75 -72 -69 -62 -54 -45 -42 -42 -34 -27 -25 -24 -31 -31 -31 -29 -35 -39 -53 -48 -49 -56 -61 -66 -63 -65 -67 -68 -65 -61 -60 -58 -54 -49 -43 -42 -44 -45 -33 -38 -35 -39 -45 -44 -39 -41 -48 -54 -55 -47 -55 -56 -61 -61 -55 -53 -56 -54 -55 -52 -51 -48 -50 -51 -45 -51 -46 -42 -45 -45 -46 -47 -49 -48 -49 -48 -52 -53 -53 -54 -55 -54 -53 -51 -57 -51 -53 -51 -51 -50 -50 -45 -48 -47 -47 -53 -47 -45 -48 -48 -51 -53 -54 -49 -47 -45 -47 -50 -50 -46 -49 -49 -44 -48 -51 -49 -53 -52 -52 -52 -54 -48 -48 -53 -53 -49 -51 -53 -50 -50 -48 -47 224 15040 305 5130
-57 -57 -55 -58 -63 -56 -56 -59 -56 -60 -58 -57 -55 -58 -59 -57 -55 -62 -58 -59 -60 -61 -51 -41 -119 1 -107 -21 -96 -32 -80 -40 -70 -47 -73 -57 -65 -53 -64 -55 -61 -57 -59 -59 -60 -58 -64 -59 -60 -55 -37 -5 59 180 344 375 50 -329 -395 -103 168 57 -332 -545 -390 -113 -18 -197 -344 -286 -105 -10 -45 -93 -42 48 85 36 12 58 115 95 17 -33 -8 25 -1 -74 -131 -119 -89 -99 -143 -172 -153 -119 -106 -119 -127 -98 -60 -43 -51 -48 -26 0 4 -8 -17 -8 4 -5 -26 -40 -46 -45 -57 -71 -83 -85 -87 -81 -91 -96 -95 -82 -80 -81 -76 -62 -55 -47 -46 -47 -39 -32 -30 -32 -40 -36 -36 -35 -49 -49 -54 -57 -62 -71 -65 -71 -71 -70 -73 -74 -70 -65 -64 -60 -60 -55 -49 -54 -45 -53 -51 -49 -46 -45 -50 -50 -51 -48 -58 -64 -63 -63 -58 -64 -68 -72 -66 -66 -62 -61 -62 -59 -53 -59 -52 -54 -53 -54 -54 -56 -51 -55 -51 -55 -55 -58 -54 -51 -57 -62 -64 -66 -61 -64 -63 -65 -66 -63 -63 -61 -59 -57 -60 -55 -57 -55 -52 -57 -53 -57 -60 -59 -60 -58 -54 -62 -55 -59 -59 -58 -58 -56 -55 -56 -62 -64 -59 -58 -60 -62 -62 -62 -62 -59 -60 -58 -59 -58 -56 -58 -57 -55 -56 224 10604 305 4193
-51 -48 -48 -49 -51 -52 -53 -47 -51 -48 -47 -50 -55 -49 -46 -48 -53 -53 -52 -52 -51 -49 -48 -52 -49 -49 -52 -46 -46 -50 -51 -55 -52 -54 -53 -50 -53 -50 -49 -50 -48 -48 -51 -51 -48 -50 -49 -51 -48 -40 -22 27 111 254 399 286 -110 -402 -296 47 189 -86 -455 -511 -264 -29 -64 -267 -340 -203 -37 -5 -66 -77 8 81 77 28 32 94 123 72 -4 -23 13 31 -24 -96 -130 -104 -82 -109 -154 -165 -129 -104 -105 -117 -111 -76 -44 -41 -47 -33 -12 12 5 -2 -9 2 7 -5 -28 -40 -36 -43 -55 -70 -78 -81 -76 -86 -92 -91 -85 -76 -70 -72 -68 -54 -51 -42 -42 -40 -35 -27 -29 -30 -33 -32 -39 -43 -43 -54 -53 -57 -59 -64 -65 -68 -67 -70 -69 -65 -65 -35 -93 -31 -68 -49 -57 -50 -46 -46 -42 -51 -46 -47 -45 -46 -47 -54 -51 -49 -55 -57 -58 -62 -60 -63 -58 -65 -59 -63 -55 -53 -54 -52 -52 -49 -51 -50 -45 -47 -49 -49 -47 -52 -51 -54 -53 -53 -56 -53 -61 -54 -63 -54 -64 -55 -59 -55 -55 -55 -53 -50 -53 -52 -48 -49 -51 -51 -49 -49 -50 -53 -49 -47 -51 -49 -51 -51 -51 -54 -54 -56 -51 -54 -55 -56 -53 -53 -53 -54 -50 -53 -52 -50 -53 -52 -52 -51 -52 -52 -51 -48 -51 224 417 305 4757
-55 -52 -53 -57 -61 -57 -60 -55 -57 -60 -58 -61 -57 -58 -59 -57 -63 -63 -59 -57 -58 -56 -58 -55 -55 -56 -58 -58 -51 -56 -62 -57 -54 -57 -57 -54 -58 -57 -60 -59 -61 -56 -58 -59 -58 -57 -56 -52 -55 -51 -35 3 73 206 361 345 -20 -370 -373 -44 183 6 -388 -537 -355 -71 -41 -222 -346 -255 -79 -3 -55 -92 -26 63 79 33 19 75 116 85 0 -38 -4 22 -15 -91 -132 -118 -91 -104 -148 -172 -149 -111 -106 -117 -123 -89 -54 -44 -51 -46 -23 1 0 -23 -25 -5 3 -10 -35 -41 -47 -45 -60 -71 -87 -85 -82 -92 -92 -95 -87 -81 -84 -82 -72 -61 -55 -49 -46 -42 -42 -35 -32 -36 -39 -43 -41 -44 -47 -54 -58 -57 -63 -68 -72 -73 -71 -72 -70 -73 -67 -67 -62 -65 -59 -57 -54 -51 -51 -48 -47 -47 -48 -54 -45 -51 -51 -55 -56 -54 -60 -57 -58 -60 -64 -62 -63 -66 -63 -61 -61 -60 -60 -59 -57 -56 -52 -54 -56 -49 -48 -53 -49 -58 -57 -58 -56 -56 -57 -58 -57 -61 -58 -58 -63 -60 -58 -59 -56 -61 -58 -56 -57 -60 -58 -57 -60 -60 -50 -55 -60 -59 -61 -54 -56 -61 -61 -59 -55 -61 -65 -65 -62 -57 -58 -62 -65 -55 -56 -57 -61 -58 -56 -54 -53 -60 -62 -61 -59 -56 -61 -56 -60 223 11799 305 4758
-60 -56 -57 -59 -59 -58 -57 -58 -55 -54 -57 -59 -59 -55 -60 -56 -58 -60 -59 -56 -58 -54 -56 -55 -59 -55 -59 -54 -61 -60 -62 -57 -59 -57 -58 -57 -60 -58 -58 -58 -59 -58 -57 -60 -65 -59 -62 -60 -59 -56 -40 -4 67 190 349 366 27 -346 -384 -75 177 38 -359 -545 -373 -90 -24 -202 -342 -273 -90 0 -51 -94 -34 56 79 35 15 62 118 91 11 -37 -13 26 -7 -80 -131 -123 -87 -101 -142 -173 -151 -115 -106 -117 -126 -95 -61 -44 -50 -48 -24 2 4 -7 -16 -13 0 -7 -28 -47 -48 -48 -56 -74 -91 -87 -85 -87 -91 -97 -94 -84 -78 -79 -80 -65 -56 -52 -52 -45 -41 -31 -29 -39 -38 -39 -40 -41 -48 -53 -57 -64 -65 -55 -62 -71 -70 -75 -73 -74 -70 -68 -67 -61 -59 -57 -49 -57 -51 -48 -49 -45 -43 -50 -52 -50 -49 -54 -58 -60 -60 -59 -65 -63 -63 -63 -61 -66 -61 -64 -63 -55 -57 -56 -55 -55 -52 -53 -56 -52 -57 -56 -53 -54 -55 -56 -56 -53 -58 -57 -56 -60 -63 -60 -62 -64 -63 -64 -62 -61 -58 -57 -58 -55 -58 -57 -55 -53 -55 -54 -56 -58 -60 -55 -60 -59 -58 -58 -62 -59 -56 -59 -59 -58 -57 -58 -58 -56 -56 -61 -59 -59 -54 -58 -54 -55 -55 -56 -56 -56 -58 -57 -55 223 6792 305 4764
-58 -59 -55 -56 -55 -59 -60 -56 -59 -58 -61 -54 -56 -58 -56 -57 -61 -57 -59 -59 -55 -57 -61 -62 -59 -54 -56 -55 -56 -57 -56 -57 -54 -57 -56 -56 -59 -55 -60 -55 -56 -58 -57 -56 -61 -59 -61 -58 -57 -54 -35 4 76 204 362 348 -13 -366 -361 -40 183 9 -387 -541 -350 -77 -37 -219 -350 -258 -77 -10 -60 -93 -26 65 77 28 13 72 119 82 2 -36 -3 26 -17 -88 -130 -117 -88 -103 -149 -175 -150 -113 -112 -119 -123 -92 -60 -45 -52 -50 -22 0 4 -9 -20 -5 -3 -8 -29 -43 -43 -46 -58 -75 -93 -87 -87 -90 -94 -98 -90 -81 -81 -79 -74 -67 -56 -48 -48 -46 -40 -30 -33 -35 -35 -40 -38 -43 -45 -56 -54 -56 -62 -68 -71 -73 -72 -72 -72 -72 -71 -69 -66 -62 -61 -55 -54 -54 -49 -52 -52 -46 -49 -51 -51 -51 -54 -49 -56 -59 -57 -63 -62 -63 -64 -64 -67 -61 -62 -65 -62 -57 -62 -56 -59 -53 -57 -49 -56 -53 -52 -53 -55 -53 -57 -57 -56 -55 -56 -58 -62 -65 -63 -58 -52 -51 -57 -68 -73 -59 -55 -50 -54 -61 -58 -52 -52 -47 -54 -57 -63 -57 -57 -56 -55 -58 -62 -66 -61 -60 -55 -60 -57 -60 -60 -60 -57 -57 -57 -58 -58 -59 -57 -54 -58 -60 -59 -60 -55 -62 -58 -57 -54 223 1571 305 4978
-58 -60 -55 -56 -58 -59 -58 -57 -58 -59 -55 -61 -59 -58 -58 -60 -54 -54 -61 -58 -54 -55 -57 -57 -57 -61 -60 -54 -55 -55 -51 -59 -56 -59 -55 -56 -54 -54 -60 -57 -55 -58 -55 -63 -60 -55 -55 -56 -51 -55 -43 -11 47 159 319 391 116 -285 -411 -158 150 105 -275 -537 -430 -142 -12 -153 -332 -302 -125 -12 -30 -88 -53 38 83 45 9 47 109 103 29 -31 -17 22 10 -62 -125 -129 -97 -94 -132 -168 -158 -121 -105 -117 -124 -103 -68 -47 -45 -46 -27 -6 6 -9 -15 -11 -4 -6 -24 -41 -41 -46 -51 -68 -82 -87 -83 -88 -95 -99 -90 -82 -78 -78 -76 -73 -56 -51 -49 -42 -38 -35 -34 -38 -35 -38 -40 -44 -47 -54 -57 -60 -58 -68 -70 -71 -68 -70 -74 -72 -68 -66 -64 -60 -62 -62 -53 -54 -49 -50 -46 -47 -48 -48 -48 -49 -51 -56 -56 -52 -57 -60 -62 -62 -60 -67 -62 -64 -63 -65 -62 -64 -60 -57 -60 -57 -10 -136 15 -105 -9 -81 -29 -79 -38 -70 -48 -63 -59 -67 -55 -61 -59 -64 -61 -63 -60 -61 -56 -59 -56 -58 -54 -55 -57 -56 -53 -59 -56 -55 -56 -56 -57 -59 -59 -59 -59 -60 -59 -60 -58 -59 -62 -66 -56 -64 -60 -58 -62 -57 -58 -59 -57 -60 -60 -56 -59 -61 -59 -58 -57 -56 -58 222 7390 305 4983
-56 -59 -60 -57 -55 -57 -59 -56 -60 -55 -53 -64 -57 -59 -59 -55 -57 -58 -57 -59 -57 -59 -55 -56 -60 -59 -59 -61 -56 -57 -56 -57 -57 -58 -59 -58 -55 -58 -61 -59 -56 -60 -58 -53 -61 -60 -59 -59 -60 -56 -43 -12 48 151 313 392 130 -267 -416 -172 145 115 -255 -534 -441 -153 -16 -150 -328 -314 -139 -11 -30 -91 -59 35 85 45 15 43 105 101 34 -34 -18 23 7 -59 -128 -129 -96 -93 -130 -170 -164 -124 -106 -113 -125 -105 -71 -45 -51 -51 -32 -4 8 -7 -17 -13 -5 -7 -22 -38 -46 -45 -55 -71 -81 -85 -85 -81 -92 -101 -92 -84 -75 -77 -74 -64 -52 -50 -49 -52 -39 -35 -32 -36 -36 -42 -42 -41 -47 -51 -57 -56 -57 -69 -71 -73 -68 -75 -71 -71 -75 -70 -66 -61 -60 -53 -57 -54 -49 -52 -51 -49 -44 -49 -51 -49 -54 -53 -53 -61 -55 -60 -60 -61 -63 -64 -65 -63 -62 -67 -63 -58 -64 -57 -60 -56 -54 -54 -51 -55 -52 -50 -53 -55 -54 -58 -54 -57 -59 -56 -63 -62 -55 -63 -60 -61 -60 -62 -62 -56 -58 -58 -55 -56 -53 -55 -56 -55 -54 -55 -54 -57 -55 -54 -56 -57 -56 -61 -59 -53 -58 -58 -60 -59 -58 -58 -57 -59 -56 -59 -62 -59 -54 -62 -52 -60 -59 -57 -57 -59 -57 -57 -54 222 2012 305 5135
-55 -59 -63 -66 -56 -66 -56 -55 -61 -62 -61 -63 -57 -59 -55 -57 -57 -58 -58 -59 -60 -55 -57 -58 -57 -53 -52 -58 -52 -60 -56 -55 -60 -56 -59 -55 -56 -58 -55 -53 -58 -55 -55 -59 -58 -57 -58 -58 -57 -51 -31 8 87 225 380 316 -67 -391 -333 5 186 -34 -428 -526 -313 -51 -56 -251 -348 -234 -58 -4 -66 -89 -12 73 74 22 19 80 117 71 -7 -28 5 25 -19 -101 -137 -114 -91 -105 -153 -164 -141 -115 -112 -123 -120 -87 -54 -46 -50 -43 -19 0 2 -16 -11 -5 -5 -14 -30 -42 -48 -45 -62 -74 -86 -85 -87 -85 -94 -97 -85 -80 -77 -77 -72 -62 -52 -52 -46 -43 -43 -34 -31 -36 -34 -38 -37 -44 -52 -55 -57 -61 -66 -69 -70 -72 -69 -79 -72 -75 -69 -69 -66 -63 -56 -57 -54 -52 -51 -54 -46 -53 -47 -52 -53 -47 -55 -55 -57 -60 -59 -62 -60 -61 -62 -66 -72 -63 -63 -67 -61 -67 -62 -57 -54 -54 -57 -50 -58 -57 -57 -54 -53 -51 -54 -57 -60 -58 -57 -60 -59 -62 -57 -63 -59 -60 -61 -60 -58 -62 -55 -62 -59 -56 -59 -61 -58 -55 -55 -57 -56 -58 -59 -56 -57 -58 -57 -62 -62 -55 -57 -64 -56 -61 -58 -60 -58 -59 -61 -57 -54 -56 -59 -59 -57 -55 -60 -57 -60 -60 -54 -57 -56 221 13238 305 4915
-50 -63 -57 -62 -55 -59 -56 -58 -54 -61 -56 -55 -55 -57 -56 -55 -60 -60 -56 -61 -58 -56 -57 -56 -55 -58 -58 -58 -53 -60 -58 -59 -59 -64 -59 -61 -54 -64 -50 -64 -57 -65 -57 -56 -60 -57 -60 -54 -56 -49 -28 13 95 227 380 323 -67 -383 -334 3 194 -35 -424 -525 -307 -48 -53 -247 -349 -233 -58 -3 -66 -89 -11 71 78 22 25 82 117 75 -5 -31 4 31 -15 -89 -131 -106 -86 -106 -148 -169 -143 -106 -107 -124 -118 -87 -52 -40 -50 -44 -18 5 4 -12 -14 -4 2 -8 -30 -44 -42 -45 -58 -75 -87 -85 -86 -86 -90 -92 -88 -81 -76 -75 -70 -58 -48 -45 -44 -39 -33 -36 -30 -33 -36 -39 -34 -40 -44 -51 -51 -57 -63 -70 -70 -70 -69 -73 -74 -69 -70 -75 -59 -66 -60 -53 -52 -49 -52 -49 -46 -45 -43 -47 -50 -50 -49 -53 -55 -56 -61 -59 -59 -62 -66 -61 -65 -67 -63 -60 -59 -57 -60 -58 -51 -56 -54 -50 -53 -55 -52 -54 -50 -55 -53 -56 -53 -59 -54 -56 -57 -55 -55 -59 -62 -61 -59 -62 -60 -58 -61 -54 -57 -57 -58 -56 -54 -55 -54 -56 -56 -53 -53 -60 -56 -58 -55 -51 -56 -53 -53 -57 -57 -57 -53 -54 -58 -59 -56 -62 -59 -55 -56 -56 -59 -56 -57 -57 -53 -55 -57 -57 -56 221 8359 305 4636
-58 -59 -58 -60 -56 -58 -57 -64 -57 -58 -58 -60 -58 -58 -60 -60 -57 -60 -58 -54 -57 -64 -64 -60 -58 -60 -60 -58 -55 -61 -53 -59 -54 -58 -57 -59 -60 -53 -58 -60 -56 -57 -57 -60 -65 -59 -60 -58 -58 -51 -25 21 105 244 395 271 -126 -407 -300 48 173 -101 -465 -515 -268 -37 -78 -275 -342 -207 -44 -12 -75 -93 -1 75 67 17 29 86 116 63 -15 -32 12 23 -27 -105 -135 -109 -86 -114 -158 -167 -137 -108 -109 -125 -122 -81 -53 -49 -52 -45 -16 5 -2 -16 -14 -8 0 -16 -35 -44 -49 -45 -61 -77 -88 -85 -85 -90 -99 -97 -92 -80 -82 -74 -69 -64 -53 -51 -44 -43 -39 -33 -32 -38 -37 -42 -37 -45 -51 -55 -59 -60 -66 -72 -32 -113 -42 -91 -60 -81 -68 -69 -70 -67 -61 -58 -56 -55 -47 -50 -50 -52 -47 -48 -54 -54 -51 -58 -56 -59 -62 -64 -64 -68 -63 -65 -64 -65 -66 -67 -64 -66 -64 -62 -60 -59 -55 -57 -52 -59 -58 -64 -47 -62 -59 -56 -60 -59 -60 -59 -56 -62 -60 -59 -62 -61 -59 -61 -60 -62 -60 -61 -60 -58 -60 -56 -57 -56 -50 -57 -55 -53 -57 -55 -60 -58 -58 -57 -57 -60 -62 -59 -62 -59 -58 -59 -62 -62 -58 -53 -57 -56 -52 -56 -51 -61 -56 -57 -59 -59 -60 -56 -59 221 3167 305 4949
-59 -58 -55 -56 -59 -60 -58 -58 -60 -59 -59 -55 -58 -57 -61 -61 -56 -60 -60 -57 -56 -55 -55 -57 -58 -57 -61 -61 -57 -58 -63 -58 -57 -58 -63 -57 -61 -57 -59 -57 -61 -55 -55 -55 -62 -54 -62 -54 -59 -60 -44 -10 50 159 324 390 104 -293 -408 -139 157 98 -289 -535 -426 -134 -19 -169 -334 -303 -121 -9 -35 -90 -56 44 83 41 14 50 113 105 25 -30 -19 23 8 -67 -129 -127 -97 -96 -133 -172 -159 -122 -111 -113 -125 -103 -67 -48 -50 -48 -25 -8 8 -7 -17 -9 0 -6 -26 -42 -48 -46 -54 -73 -77 -89 -87 -87 -96 -99 -97 -84 -76 -79 -72 -69 -55 -47 -45 -48 -43 -35 -37 -36 -39 -36 -41 -38 -44 -53 -54 -60 -63 -66 -70 -75 -69 -68 -74 -73 -68 -67 -62 -58 -59 -62 -52 -55 -51 -51 -55 -50 -49 -46 -51 -49 -50 -51 -53 -59 -58 -62 -60 -64 -65 -64 -62 -67 -64 -67 -62 -62 -62 -61 -57 -58 -55 -47 -50 -57 -54 -55 -53 -54 -58 -55 -58 -58 -56 -62 -63 -60 -64 -59 -62 -64 -59 -59 -58 -59 -61 -55 -58 -60 -58 -59 -56 -59 -56 -57 -53 -57 -56 -54 -56 -55 -58 -57 -60 -60 -60 -61 -58 -58 -60 -62 -57 -59 -61 -57 -60 -59 -59 -55 -58 -53 -60 -56 -58 -59 -59 -60 -57 220 10083 305 4532
-55 -56 -53 -60 -58 -55 -57 -55 -59 -54 -55 -57 -58 -54 -56 -58 -58 -57 -56 -60 -58 -54 -55 -55 -55 -59 -57 -54 -60 -56 -59 -57 -60 -58 -54 -57 -57 -52 -56 -52 -55 -53 -54 -58 -56 -55 -54 -57 -58 -52 -33 1 72 200 360 352 -4 -358 -368 -50 183 21 -368 -538 -356 -84 -33 -213 -347 -262 -81 -3 -56 -97 -26 57 79 28 18 70 119 91 3 -33 -1 25 -5 -87 -128 -117 -90 -97 -145 -165 -148 -112 -105 -114 -121 -94 -56 -47 -49 -47 -25 0 3 -2 -13 -8 -6 -16 -32 -36 -33 -42 -58 -76 -91 -77 -75 -83 -97 -100 -88 -71 -69 -72 -79 -68 -58 -53 -48 -46 -39 -37 -33 -42 -36 -36 -34 -41 -46 -49 -54 -53 -59 -65 -71 -71 -69 -72 -71 -72 -64 -66 -62 -62 -58 -59 -55 -50 -49 -43 -47 -48 -43 -50 -50 -52 -50 -53 -51 -55 -57 -57 -61 -60 -65 -60 -61 -61 -62 -60 -58 -58 -58 -55 -59 -53 -53 -49 -53 -50 -53 -54 -57 -56 -55 -56 -55 -52 -54 -59 -59 -59 -58 -58 -57 -54 -61 -59 -52 -59 -57 -53 -59 -57 -57 -56 -56 -57 -53 -54 -54 -56 -59 -56 -57 -55 -56 -54 -57 -61 -59 -56 -61 -60 -59 -55 -57 -58 -56 -56 -59 -53 -56 -56 -59 -53 -58 -53 -58 -52 -53 -56 -57 220 5126 305 4714
-57 -58 -59 -55 -60 -59 -60 -59 -58 -54 -55 -58 -59 -62 -58 -61 -59 -62 -58 -57 -56 -59 -61 -60 -59 -60 -60 -62 -57 -57 -57 -58 -58 -60 -58 -63 -60 -59 -56 -57 -55 -58 -56 -56 -55 -59 -60 -59 -56 -50 -31 15 93 237 386 298 -102 -405 -319 21 184 -64 -446 -524 -284 -41 -67 -261 -341 -217 -50 -4 -72 -90 -8 74 67 22 21 84 118 69 -11 -33 7 25 -23 -98 -134 -112 -88 -107 -155 -165 -141 -109 -109 -125 -121 -83 -53 -47 -54 -45 -23 5 1 -13 -17 -4 -1 -12 -34 -46 -44 -45 -60 -75 -86 -86 -85 -89 -99 -97 -88 -83 -79 -75 -71 -62 -55 -47 -44 -46 -39 -32 -35 -35 -38 -37 -39 -42 -49 -53 -57 -61 -65 -72 -74 -75 -73 -77 -75 -72 -73 -67 -63 -61 -63 -56 -54 -51 -52 -47 -49 -43 -49 -49 -50 -46 -51 -53 -56 -60 -59 -62 -59 -65 -63 -66 -63 -64 -62 -65 -64 -63 -62 -56 -54 -54 -55 -53 -54 -57 -51 -56 -50 -56 -56 -58 -58 -56 -61 -58 -58 -59 -59 -65 -63 -61 -63 -61 -62 -61 -61 -62 -60 -53 -59 -54 -58 -55 -54 -57 -54 -56 -58 -57 -58 -55 -59 -54 -59 -57 -56 -56 -56 -55 -64 -60 -60 -58 -59 -58 -57 -58 -56 -60 -63 -59 -59 -58 -58 -58 -58 -57 -58 219 16195 305 5072
-53 -52 -57 -53 -55 -53 -56 -51 -57 -55 -52 -52 -50 -54 -46 -52 -49 -53 -56 -51 -51 -54 -51 -51 -54 -53 -54 -52 -53 -49 -55 -54 -52 -46 -53 -52 -48 -50 -55 -53 -55 -59 -55 -51 -50 -55 -52 -52 -55 -50 -35 -6 44 153 310 404 158 -250 -411 -186 137 132 -232 -519 -449 -166 -12 -136 -320 -308 -140 -15 -20 -88 -55 37 86 56 15 44 112 111 36 -24 -17 21 16 -57 -118 -125 -89 -85 -123 -164 -156 -81 -156 -59 -146 -75 -78 -33 -51 -45 -31 -3 7 -3 -14 -12 0 -1 -14 -36 -43 -37 -48 -57 -77 -89 -78 -84 -82 -96 -89 -78 -72 -75 -72 -64 -53 -48 -43 -41 -45 -27 -32 -31 -32 -33 -34 -36 -40 -55 -51 -51 -56 -61 -65 -66 -69 -67 -65 -71 -67 -64 -64 -60 -53 -54 -48 -45 -45 -40 -39 -42 -40 -45 -45 -46 -48 -49 -50 -51 -53 -58 -57 -61 -60 -57 -58 -57 -56 -57 -57 -59 -56 -50 -55 -52 -51 -49 -49 -47 -49 -40 -47 -45 -49 -51 -49 -51 -52 -55 -54 -52 -54 -54 -54 -52 -52 -63 -52 -55 -59 -51 -59 -49 -52 -51 -52 -50 -51 -52 -49 -56 -51 -57 -53 -53 -57 -53 -53 -55 -57 -53 -58 -52 -52 -59 -55 -56 -54 -55 -56 -56 -53 -52 -53 -54 -52 -52 -53 -54 -55 -52 -55 219 11384 305 4567
-51 -52 -54 -51 -52 -49 -53 -52 -50 -55 -51 -49 -50 -56 -51 -52 -49 -50 -54 -51 -50 -51 -49 -54 -52 -53 -52 -51 -52 -55 -48 -49 -49 -49 -48 -50 -49 -50 -54 -50 -50 -49 -50 -50 -49 -49 -54 -50 -50 -47 -32 -1 56 175 338 393 88 -302 -397 -124 164 95 -295 -530 -404 -120 -9 -169 -329 -286 -109 2 -32 -87 -40 53 90 51 22 60 117 101 30 -26 -9 26 13 -58 -120 -123 -85 -85 -132 -164 -150 -112 -99 -110 -118 -95 -57 -37 -50 -47 -24 1 11 4 -15 -3 5 0 -16 -32 -38 -38 -50 -61 -79 -84 -79 -82 -87 -92 -87 -83 -71 -71 -72 -59 -55 -45 -40 -38 -37 -29 -25 -29 -29 -32 -33 -37 -39 -42 -48 -52 -52 -56 -62 -65 -63 -68 -63 -67 -63 -59 -60 -56 -59 -49 -47 -45 -45 -42 -42 -37 -39 -43 -43 -47 -44 -47 -45 -51 -50 -51 -52 -54 -55 -55 -53 -55 -53 -53 -51 -57 -49 -51 -51 -49 -47 -49 -45 -44 -44 -48 -47 -46 -49 -49 -50 -50 -49 -50 -51 -53 -54 -53 -53 -54 -51 -54 -51 -51 -52 -51 -48 -49 -51 -51 -48 -49 -48 -52 -48 -51 -52 -48 -44 -49 -57 -52 -55 -51 -52 -51 -48 -53 -54 -2 -120 11 -88 -26 -68 -40 -59 -45 -54 -48 -56 -52 -53 -54 -51 -49 -53 219 5756 305 5385
-60 -58 -61 -58 -58 -53 -57 -55 -63 -57 -60 -56 -62 -58 -59 -63 -62 -56 -55 -57 -56 -57 -57 -60 -61 -55 -62 -61 -57 -57 -62 -61 -60 -60 -57 -58 -56 -57 -58 -59 -62 -59 -56 -61 -59 -60 -58 -62 -56 -57 -46 -22 25 128 277 399 200 -200 -419 -237 98 160 -176 -506 -486 -211 -23 -115 -301 -332 -166 -27 -21 -80 -68 21 85 52 18 34 100 110 49 -23 -30 18 20 -47 -120 -132 -105 -90 -124 -163 -161 -128 -110 -113 -127 -110 -79 -52 -50 -54 -39 -9 6 -3 -12 -13 -4 -4 -20 -42 -48 -46 -52 -67 -83 -88 -87 -84 -93 -100 -98 -86 -77 -78 -75 -69 -61 -51 -52 -45 -42 -36 -32 -33 -38 -40 -35 -42 -44 -50 -59 -56 -61 -68 -67 -67 -72 -74 -74 -72 -71 -63 -67 -63 -61 -59 -56 -55 -51 -50 -51 -51 -48 -44 -51 -46 -51 -53 -54 -58 -56 -62 -60 -61 -64 -62 -69 -57 -64 -65 -63 -55 -60 -56 -62 -58 -58 -55 -55 -51 -53 -52 -53 -55 -60 -59 -55 -53 -58 -59 -62 -57 -61 -62 -58 -61 -61 -60 -60 -59 -58 -62 -55 -58 -56 -57 -58 -55 -57 -58 -57 -57 -59 -57 -63 -58 -58 -58 -59 -59 -60 -58 -59 -59 -61 -57 -53 -61 -59 -58 -58 -59 -61 -59 -55 -57 -57 -55 -54 -56 -60 -58 -58 219 818 305 4695
-58 -59 -58 -58 -60 -61 -59 -59 -56 -60 -62 -54 -67 -59 -59 -60 -57 -57 -57 -58 -59 -60 -56 -54 -57 -57 -56 -59 -57 -60 -59 -56 -58 -55 -55 -61 -58 -57 -57 -55 -61 -57 -57 -57 -61 -61 -61 -56 -57 -54 -44 -12 47 162 318 395 112 -286 -409 -150 156 105 -275 -531 -433 -142 -16 -157 -330 -304 -125 -9 -33 -96 -55 40 88 45 11 54 109 100 28 -35 -18 21 7 -68 -128 -126 -90 -96 -132 -169 -157 -119 -106 -113 -125 -103 -64 -46 -52 -52 -29 -4 7 -9 -14 -11 -4 -4 -21 -45 -46 -49 -51 -71 -81 -85 -85 -84 -95 -99 -90 -86 -76 -74 -79 -67 -54 -50 -47 -45 -37 -35 -30 -33 -37 -40 -37 -42 -45 -52 -60 -59 -62 -65 -69 -70 -73 -71 -74 -76 -69 -71 -72 -63 -62 -58 -59 -49 -51 -51 -51 -48 -47 -52 -51 -47 -51 -54 -55 -56 -59 -62 -63 -62 -67 -70 -67 -67 -63 -66 -66 -63 -62 -55 -59 -57 -59 -54 -52 -54 -55 -54 -55 -55 -58 -55 -54 -53 -59 -55 -59 -65 -59 -60 -59 -63 -56 -60 -61 -58 -58 -59 -53 -59 -59 -55 -55 -57 -54 -58 -54 -55 -55 -55 -58 -59 -57 -58 -58 -61 -61 -65 -58 -60 -58 -61 -58 -57 -59 -58 -54 -55 -59 -57 -57 -56 -53 -60 -57 -58 -57 -56 -58 218 12138 305 4821
-51 -53 -53 -53 -51 -53 -50 -48 -51 -57 -47 -51 -53 -50 -53 -50 -52 -53 -51 -51 -55 -52 -51 -51 -52 -49 -50 -51 -50 -52 -53 -51 -54 -52 -48 -51 -51 -50 -51 -51 -50 -51 -52 -49 -56 -55 -51 -49 -53 -49 -36 -5 54 167 323 399 116 -273 -403 -146 162 115 -267 -527 -426 -139 -9 -153 -320 -298 -123 -4 -25 -88 -51 47 90 51 17 52 120 108 32 -30 -14 29 13 -56 -121 -124 -87 -87 -126 -164 -154 -117 -99 -107 -119 -97 -64 -39 -41 -41 -26 1 13 -4 41 -85 71 -46 16 -59 -20 -53 -36 -76 -78 -90 -75 -87 -87 -95 -88 -80 -79 -76 -69 -60 -52 -44 -43 -38 -35 -29 -30 -31 -32 -30 -33 -35 -47 -47 -52 -52 -57 -62 -64 -64 -67 -66 -62 -75 -58 -69 -56 -61 -54 -56 -44 -48 -44 -49 -38 -42 -37 -42 -39 -42 -41 -47 -49 -45 -53 -52 -52 -54 -55 -54 -56 -59 -61 -59 -51 -49 -52 -57 -49 -55 -50 -46 -47 -46 -45 -46 -45 -46 -44 -44 -48 -48 -53 -54 -45 -52 -48 -54 -53 -51 -52 -48 -49 -49 -51 -53 -48 -49 -49 -52 -51 -49 -50 -50 -46 -49 -51 -48 -46 -48 -49 -49 -49 -48 -50 -53 -51 -51 -53 -50 -54 -52 -50 -52 -55 -51 -45 -52 -51 -48 -50 -48 -50 -50 -52 -50 -47 218 7195 305 4700
-53 -56 -58 -56 -56 -59 -58 -60 -58 -58 -61 -59 -57 -56 -58 -58 -57 -58 -57 -57 -63 -59 -59 -59 -55 -62 -60 -54 -56 -59 -55 -57 -56 -64 -57 -59 -55 -57 -58 -58 -61 -57 -57 -59 -60 -57 -58 -57 -60 -53 -37 -1 80 202 361 349 -11 -362 -370 -49 184 14 -381 -542 -353 -76 -40 -219 -350 -256 -83 -7 -59 -92 -22 63 80 28 13 66 115 86 4 -37 -8 29 -7 -89 -133 -122 -91 -103 -152 -172 -152 -115 -108 -128 -122 -96 -61 -48 -55 -52 -24 -1 3 -14 -20 -9 -1 -14 -29 -45 -45 -47 -57 -77 -86 -88 -87 -93 -99 -99 -90 -79 -80 -74 -73 -68 -56 -50 -48 -49 -39 -39 -38 -36 -40 -41 -37 -44 -49 -56 -58 -64 -62 -67 -74 -71 -71 -73 -73 -71 -69 -71 -68 -64 -61 -59 -51 -55 -53 -50 -49 -48 -49 -50 -54 -51 -56 -56 -56 -58 -56 -60 -62 -63 -64 -62 -64 -64 -63 -64 -59 -63 -58 -58 -55 -55 -54 -51 -53 -51 -49 -52 -55 -55 -58 -52 -56 -57 -57 -61 -59 -61 -61 -58 -60 -60 -63 -62 -58 -59 -59 -61 -57 -62 -58 -56 -57 -56 -54 -56 -52 -53 -55 -56 -58 -60 -60 -58 -57 -56 -60 -60 -59 -56 -59 -60 -63 -15 -143 15 -110 -18 -92 -36 -79 -43 -71 -52 -69 -57 -58 -54 -58 218 2522 305 4430
-54 -58 -49 -52 -55 -54 -50 -49 -52 -55 -56 -51 -48 -49 -56 -50 -55 -47 -54 -53 -55 -52 -50 -54 -50 -52 -55 -51 -54 -53 -51 -55 -52 -53 -52 -51 -54 -53 -53 -52 -55 -51 -54 -54 -53 -53 -57 -53 -53 -52 -36 -10 52 163 322 402 126 -268 -406 -155 149 113 -264 -529 -434 -148 -10 -153 -324 -299 -125 -7 -30 -87 -53 47 90 49 16 48 113 109 31 -28 -14 29 15 -53 -121 -122 -91 -86 -125 -163 -154 -120 -99 -114 -124 -99 -64 -45 -46 -46 -27 -2 10 -1 -10 -9 -1 -1 -18 -35 -41 -40 -50 -65 -77 -81 -81 -81 -89 -94 -95 -81 -75 -76 -70 -67 -51 -45 -44 -41 -39 -29 -25 -32 -31 -37 -35 -38 -42 -46 -47 -56 -60 -60 -65 -66 -62 -64 -68 -67 -63 -62 -62 -56 -60 -56 -52 -45 -44 -47 -49 -43 -44 -43 -45 -46 -48 -48 -51 -53 -55 -53 -54 -56 -57 -59 -59 -56 -61 -58 -60 -59 -56 -53 -56 -51 -52 -53 -47 -51 -50 -52 -55 -50 -55 -52 -50 -51 -52 -55 -58 -52 -59 -56 -56 -56 -58 -57 -53 -56 -58 -54 -55 -55 -51 -53 -52 -55 -51 -47 -57 -46 -45 -55 -52 -53 -58 -56 -53 -55 -52 -52 -54 -51 -52 -55 -54 -56 -57 -55 -58 -55 -53 -57 -59 -53 -57 -55 -55 -53 -53 -53 -51 217 13943 305 4719
-56 -57 -58 -56 -60 -60 -56 -60 -60 -64 -58 -53 -57 -57 -62 -57 -59 -62 -58 -60 -58 -60 -62 -59 -59 -59 -62 -56 -58 -59 -59 -64 -59 -61 -57 -55 -59 -59 -59 -53 -57 -64 -67 -67 -64 -59 -50 -53 -61 -59 -31 19 112 254 396 269 -127 -405 -286 53 181 -106 -470 -519 -269 -32 -78 -277 -349 -209 -47 -13 -76 -80 0 73 66 21 31 89 114 60 -16 -33 8 21 -27 -109 -134 -108 -89 -81 -212 -121 -161 -91 -125 -120 -123 -79 -60 -45 -59 -48 -16 1 -2 -15 -14 -7 -3 -17 -35 -44 -48 -50 -65 -84 -87 -87 -84 -92 -103 -97 -88 -85 -83 -83 -77 -61 -52 -52 -51 -46 -37 -37 -36 -38 -39 -50 -32 -42 -44 -56 -57 -61 -64 -72 -74 -73 -74 -76 -73 -72 -68 -66 -66 -62 -59 -57 -52 -51 -49 -48 -49 -47 -49 -49 -49 -54 -53 -53 -61 -57 -57 -61 -63 -63 -66 -63 -64 -65 -60 -61 -59 -60 -57 -57 -56 -55 -53 -51 -56 -54 -53 -54 -55 -55 -57 -52 -58 -59 -60 -60 -61 -59 -60 -63 -56 -60 -58 -60 -59 -59 -60 -60 -58 -57 -58 -57 -57 -58 -53 -56 -57 -55 -56 -56 -56 -57 -59 -57 -60 -61 -57 -62 -61 -63 -61 -59 -60 -61 -54 -59 -59 -61 -60 -59 -58 -62 -54 -55 -60 -62 -60 -52 -55 217 8954 305 4747
-57 -59 -57 -57 -57 -63 -56 -57 -58 -57 -61 -57 -57 -57 -57 -57 -59 -59 -59 -55 -60 -58 -57 -57 -58 -56 -60 -57 -57 -57 -59 -59 -58 -58 -61 -57 -58 -56 -61 -54 -58 -60 -55 -59 -56 -56 -55 -56 -67 -55 -39 -19 37 139 298 401 162 -246 -419 -198 125 134 -222 -525 -458 -177 -15 -132 -316 -318 -152 -19 -25 -87 -67 32 79 49 11 37 105 108 33 -28 -25 19 13 -50 -122 -130 -103 -91 -131 -165 -161 -130 -108 -112 -129 -105 -73 -45 -47 -51 -35 -10 1 -3 -25 -14 -4 1 -19 -36 -52 -46 -52 -66 -82 -87 -85 -84 -92 -96 -95 -87 -82 -74 -83 -66 -57 -51 -49 -51 -44 -37 -32 -39 -39 -39 -40 -42 -47 -51 -53 -58 -59 -66 -71 -69 -73 -72 -80 -72 -67 -71 -69 -64 -66 -60 -56 -51 -50 -52 -50 -44 -48 -49 -52 -47 -50 -56 -53 -56 -60 -62 -60 -61 -63 -63 -67 -59 -67 -67 -66 -63 -58 -63 -63 -60 -56 -54 -55 -55 -56 -56 -55 -58 -58 -55 -55 -57 -57 -58 -56 -61 -61 -64 -60 -61 -61 -64 -60 -59 -62 -61 -60 -58 -60 -58 -61 -52 -55 -56 -56 -56 -55 -57 -56 -60 -60 -57 -59 -58 -58 -61 -61 -59 -13 -141 11 -106 -22 -87 -37 -73 -48 -67 -51 -62 -56 -63 -56 -62 -62 -60 -61 217 3926 305 4784
-57 -52 -60 -62 -58 -55 -58 -55 -60 -56 -55 -53 -58 -57 -58 -57 -55 -56 -55 -55 -58 -57 -57 -57 -58 -59 -58 -57 -55 -57 -62 -53 -54 -53 -54 -57 -56 -56 -56 -53 -56 -56 -59 -53 -62 -59 -57 -58 -56 -56 -42 -12 51 157 321 396 118 -276 -411 -154 153 105 -270 -533 -435 -148 -17 -158 -334 -304 -130 -13 -32 -89 -52 44 83 41 15 51 109 102 31 -29 -21 20 7 -64 -127 -125 -92 -95 -131 -164 -159 -122 -105 -115 -125 -101 -70 -43 -51 -50 -34 -6 3 -6 -18 -11 2 -3 -23 -36 -47 -45 -53 -70 -79 -87 -93 -87 -92 -99 -92 -84 -75 -78 -73 -68 -55 -47 -51 -51 -37 -31 -34 -33 -39 -35 -38 -39 -45 -53 -53 -60 -60 -63 -71 -72 -71 -75 -71 -74 -71 -67 -65 -64 -59 -56 -53 -49 -49 -49 -49 -45 -45 -49 -51 -50 -47 -51 -53 -53 -52 -58 -59 -60 -60 -60 -64 -63 -60 -59 -59 -60 -61 -58 -56 -55 -55 -56 -52 -56 -53 -50 -54 -51 -54 -53 -53 -58 -59 -54 -59 -60 -56 -58 -59 -59 -59 -57 -61 -53 -60 -52 -56 -54 -54 -51 -53 -56 -55 -53 -52 -55 -55 -57 -58 -57 -60 -56 -57 -52 -57 -62 -59 -61 -58 -55 -62 -59 -58 -56 -56 -54 -55 -56 -57 -53 -56 -51 -57 -59 -58 -58 -56 216 15601 305 4466
-60 -59 -59 -59 -57 -59 -60 -60 -60 -58 -57 -58 -59 -58 -60 -58 -60 -57 -57 -59 -60 -9 -148 14 -116 -14 -94 -38 -76 -42 -67 -53 -67 -55 -70 -58 -65 -61 -60 -60 -57 -61 -58 -56 -63 -58 -63 -59 -56 -58 -41 -7 56 162 329 380 61 -321 -395 -108 168 69 -322 -549 -397 -116 -20 -191 -341 -294 -108 -7 -45 -95 -45 48 80 40 11 55 117 97 15 -27 -8 27 3 -75 -131 -121 -89 -94 -134 -173 -152 -120 -103 -119 -124 -101 -59 -43 -47 -50 -27 -3 2 -4 -13 -8 -4 -3 -27 -38 -44 -42 -57 -73 -83 -88 -81 -88 -94 -98 -92 -81 -78 -75 -73 -67 -56 -52 -54 -46 -40 -39 -37 -36 -35 -35 -33 -43 -47 -55 -55 -61 -58 -65 -71 -74 -72 -71 -72 -77 -68 -67 -67 -65 -58 -59 -53 -55 -45 -50 -49 -45 -48 -47 -51 -49 -53 -48 -54 -58 -57 -64 -63 -66 -60 -61 -67 -62 -67 -61 -63 -62 -62 -60 -59 -59 -54 -53 -57 -53 -55 -55 -54 -54 -55 -53 -53 -58 -51 -56 -55 -57 -58 -59 -60 -61 -62 -64 -61 -59 -57 -61 -59 -61 -57 -60 -56 -58 -56 -55 -54 -60 -54 -58 -58 -54 -60 -60 -61 -56 -57 -63 -59 -59 -62 -59 -58 -60 -59 -55 -62 -61 -62 -59 -63 -61 -56 -57 -56 -56 -59 -58 -60 216 10288 305 5070
-55 -55 -57 -56 -58 -55 -61 -57 -59 -54 -57 -55 -55 -59 -62 -55 -55 -56 -55 -59 -55 -55 -57 -58 -58 -56 -56 -61 -59 -55 -55 -57 -57 -57 -60 -55 -56 -60 -56 -60 -56 -60 -58 -57 -58 -57 -56 -57 -55 -52 -36 -5 66 183 343 378 55 -326 -395 -104 173 67 -329 -541 -396 -111 -25 -187 -343 -286 -101 -3 -46 -92 -45 53 82 39 15 58 115 96 20 -34 -11 23 0 -76 -127 -127 -93 -96 -140 -172 -158 -123 -102 -118 -123 -103 -60 -51 -51 -50 -31 -4 6 -10 -17 -9 -2 -9 -26 -41 -47 -47 -53 -72 -84 -89 -83 -86 -97 -99 -101 -80 -79 -74 -77 -69 -58 -48 -46 -45 -41 -34 -28 -36 -37 -40 -39 -37 -49 -50 -53 -56 -58 -67 -72 -50 -91 -66 -67 -83 -64 -74 -60 -71 -56 -65 -52 -54 -49 -53 -52 -55 -48 -49 -46 -57 -50 -56 -56 -57 -61 -58 -65 -61 -64 -64 -64 -64 -66 -61 -67 -58 -62 -57 -61 -56 -57 -58 -60 -55 -54 -50 -57 -55 -52 -53 -55 -57 -58 -56 -62 -64 -61 -65 -58 -64 -58 -58 -60 -62 -56 -53 -58 -54 -56 -54 -51 -55 -57 -55 -58 -56 -57 -52 -55 -58 -55 -52 -59 -57 -55 -57 -57 -58 -60 -61 -54 -58 -55 -55 -56 -59 -54 -59 -58 -53 -57 -56 -57 -54 -56 -56 -61 216 5159 305 4886
-57 -59 -61 -62 -62 -59 -61 -58 -57 -62 -61 -58 -60 -61 -59 -59 -60 -60 -59 -60 -60 -59 -62 -61 -62 -58 -62 -59 -63 -61 -61 -57 -61 -61 -60 -63 -56 -60 -63 -62 -63 -57 -60 -59 -60 -58 -65 -62 -58 -51 -36 11 93 231 385 295 -98 -404 -320 21 183 -63 -446 -528 -295 -48 -65 -260 -349 -227 -55 -9 -72 -86 -10 71 66 18 16 77 117 64 -10 -38 1 23 -24 -99 -139 -114 -90 -109 -160 -169 -141 -115 -108 -128 -125 -89 -60 -45 -52 -46 -19 4 2 -13 -17 -7 -4 -18 -40 -48 -47 -46 -61 -77 -89 -86 -86 -85 -100 -100 -94 -78 -79 -78 -81 -76 -58 -51 -53 -55 -50 -41 -35 -36 -41 -40 -42 -42 -51 -51 -55 -59 -64 -69 -72 -71 -73 -71 -77 -75 -70 -69 -62 -66 -62 -57 -61 -54 -51 -51 -53 -52 -54 -51 -58 -49 -56 -55 -58 -62 -62 -66 -63 -66 -64 -67 -69 -67 -69 -65 -66 -61 -59 -55 -55 -57 -55 -56 -52 -52 -57 -54 -61 -56 -57 -64 -62 -61 -62 -65 -64 -65 -60 -60 -63 -62 -63 -62 -59 -61 -55 -61 -55 -57 -63 -51 -63 -57 -58 -50 -58 -73 -40 -79 -47 -76 -54 -73 -52 -71 -57 -66 -56 -65 -62 -64 -56 -62 -60 -57 -60 -58 -62 -61 -65 -55 -59 -67 -58 -64 -61 -60 -66 216 223 305 4693
-58 -58 -59 -54 -59 -63 -56 -55 -54 -58 -56 -56 -59 -60 -57 -56 -61 -56 -60 -57 -59 -55 -57 -59 -59 -58 -55 -60 -58 -60 -58 -59 -59 -57 -57 -58 -58 -58 -55 -57 -57 -56 -60 -57 -56 -58 -59 -60 -56 -52 -30 4 78 216 372 333 -39 -378 -357 -19 184 -16 -407 -539 -332 -64 -46 -233 -352 -247 -69 -10 -59 -94 -21 65 71 32 19 71 119 77 -6 -36 -2 27 -13 -90 -137 -123 -90 -107 -148 -175 -148 -112 -108 -118 -123 -87 -58 -45 -53 -42 -24 1 2 -9 -18 -9 -4 -10 -30 -46 -48 -47 -61 -70 -96 -78 -89 -86 -98 -96 -94 -84 -81 -73 -72 -64 -56 -52 -49 -43 -41 -37 -34 -36 -42 -35 -41 -44 -53 -54 -55 -62 -62 -72 -73 -72 -72 -73 -76 -71 -71 -69 -68 -58 -62 -57 -57 -56 -54 -49 -51 -48 -49 -50 -48 -50 -54 -53 -58 -59 -61 -59 -63 -63 -66 -60 -68 -64 -67 -63 -64 -63 -61 -60 -57 -54 -52 -55 -57 -52 -56 -50 -51 -52 -55 -57 -61 -58 -58 -59 -57 -63 -62 -61 -62 -62 -62 -60 -61 -60 -61 -60 -58 -59 -59 -55 -58 -58 -59 -54 -56 -55 -53 -59 -56 -56 -61 -57 -58 -60 -61 -61 -61 -60 -59 -59 -61 -61 -59 -58 -58 -59 -56 -53 -57 -56 -56 -59 -59 -58 -58 -59 -58 215 11570 305 4794
-55 -56 -55 -61 -56 -61 -59 -56 -62 -58 -57 -57 -59 -58 -61 -57 -59 -55 -58 -60 -59 -59 -58 -57 -56 -57 -58 -59 -56 -62 -58 -61 -61 -62 -58 -58 -56 -58 -58 -61 -55 -57 -62 -60 -62 -61 -59 -60 -64 -55 -39 -5 60 186 350 369 33 -336 -389 -87 174 52 -346 -548 -385 -99 -29 -200 -343 -276 -91 -9 -45 -98 -36 54 81 33 12 59 116 86 12 -35 -10 21 -5 -77 -132 -119 -92 -98 -147 -176 -154 -119 -107 -118 -127 -97 -61 -44 -47 -49 -29 2 4 -9 -17 -13 -1 -7 -25 -44 -50 -49 -57 -71 -88 -86 -85 -89 -97 -94 -87 -83 -77 -75 -77 -66 -53 -52 -49 -46 -39 -35 -35 -39 -39 -42 -33 -47 -49 -53 -57 -58 -62 -69 -71 -72 -71 -72 -73 -72 -73 -67 -69 -63 -60 -60 -58 -55 -51 -53 -48 -52 -47 -51 -51 -51 -53 -58 -57 -65 -57 -60 -62 -63 -61 -69 -64 -67 -63 -59 -66 -61 -63 -63 -59 -58 -58 -53 -55 -54 -54 -56 -54 -52 -55 -53 -57 -58 -59 -57 -62 -60 -59 -62 -61 -59 -63 -61 -60 -63 -55 -57 -56 -61 -57 -57 -57 -59 -54 -60 -57 -57 -58 -57 -59 -57 -58 -60 -64 -63 -63 -60 -61 -63 -62 -59 -59 -58 -62 -59 -55 -58 -58 -57 -61 -57 -57 -57 -58 -59 -59 -61 -55 215 6691 305 4635
-64 -57 -60 -57 -60 -62 -61 -61 -58 -58 -59 -61 -57 -55 -57 -59 -57 -55 -56 -58 -59 -59 -57 -55 -59 -57 -56 -60 -59 -54 -61 -56 -61 -62 -55 -60 -55 -54 -56 -56 -58 -56 -56 -59 -60 -55 -58 -55 -60 -51 -34 5 71 199 361 352 -5 -357 -370 -52 181 21 -377 -542 -360 -83 -31 -218 -344 -261 -82 -8 -52 -95 -33 60 76 31 21 69 119 82 6 -34 -5 27 -9 -85 -133 -119 -87 -103 -147 -171 -151 -118 -108 -122 -122 -96 -59 -44 -56 -49 -22 -3 1 -9 -19 -10 -8 -10 -26 -43 -43 -49 -56 -74 -84 -89 -78 -90 -98 -98 -92 -79 -81 -77 -73 -67 -57 -50 -48 -43 -40 -34 -39 -36 -36 -36 -35 -39 -47 -53 -55 -60 -65 -68 -72 -74 -72 -74 -72 -76 -71 -71 -68 -64 -62 -59 -54 -56 -49 -51 -48 -47 -45 -46 -51 -50 -57 -56 -53 -60 -58 -61 -62 -63 -67 -66 -65 -65 -62 -64 -65 -61 -59 -59 -55 -62 -56 -53 -56 -52 -53 -57 -53 -57 -53 -57 -57 -59 -60 -60 -57 -64 -60 -61 -58 -60 -64 -62 -56 -59 -56 -60 -62 -58 -39 -46 -57 -55 -57 -58 -57 -55 -58 -62 -60 -57 -60 -59 -56 -61 -55 -59 -59 -63 -57 -59 -60 -57 -59 -58 -57 -59 -54 -57 -59 -58 -56 -60 -58 -57 -58 -55 -53 215 1757 305 4691
-59 -59 -62 -60 -59 -59 -61 -59 -59 -56 -63 -58 -58 -60 -57 -62 -58 -62 -53 -56 -59 -61 -59 -62 -58 -57 -55 -56 -60 -57 -60 -58 -58 -59 -58 -55 -57 -56 -58 -58 -57 -63 -52 -57 -57 -57 -60 -57 -58 -57 -45 -12 56 172 335 383 76 -314 -401 -123 165 78 -313 -537 -408 -120 -18 -179 -341 -290 -115 -6 -39 -96 -52 45 132 -31 69 17 143 74 39 -46 -9 13 7 -75 -132 -129 -93 -98 -142 -173 -158 -121 -105 -124 -124 -105 -66 -47 -54 -50 -29 -3 1 -9 -20 -14 -2 -8 -29 -41 -48 -48 -54 -76 -83 -88 -86 -95 -92 -105 -91 -92 -80 -83 -74 -65 -58 -53 -51 -44 -42 -35 -32 -36 -41 -38 -38 -38 -45 -53 -56 -54 -57 -68 -73 -74 -75 -69 -72 -73 -69 -73 -65 -65 -59 -56 -55 -52 -49 -49 -44 -50 -48 -49 -49 -51 -50 -56 -59 -60 -57 -60 -62 -64 -57 -62 -61 -66 -65 -62 -61 -60 -63 -64 -59 -60 -58 -55 -55 -56 -53 -52 -51 -55 -55 -56 -52 -58 -55 -58 -55 -57 -56 -66 -59 -60 -63 -59 -64 -58 -59 -59 -53 -61 -57 -57 -56 -55 -56 -56 -54 -57 -55 -57 -55 -55 -59 -58 -55 -60 -56 -59 -57 -55 -57 -58 -59 -61 -56 -59 -57 -56 -60 -59 -61 -60 -60 -60 -60 -60 -55 -58 -59 214 13321 305 4577
-55 -57 -61 -57 -55 -60 -59 -59 -57 -60 -61 -60 -56 -58 -58 -59 -58 -61 -59 -59 -55 -55 -59 -60 -55 -59 -58 -64 -56 -56 -58 -60 -57 -59 -57 -56 -58 -60 -59 -62 -60 -62 -56 -60 -58 -56 -64 -57 -56 -60 -36 3 72 201 361 348 -12 -367 -370 -52 177 15 -382 -543 -355 -79 -40 -219 -351 -266 -81 -7 -56 -94 -25 64 75 28 18 68 115 82 5 -36 -2 23 -7 -88 -133 -118 -91 -101 -149 -175 -148 -114 -108 -119 -124 -97 -61 -46 -51 -47 -24 1 5 -13 -16 -6 4 -7 -26 -48 -47 -46 -61 -72 -90 -89 -85 -90 -99 -99 -92 -81 -75 -80 -71 -64 -55 -46 -49 -49 -39 -37 -34 -38 -39 -33 -41 -44 -48 -54 -53 -61 -65 -70 -71 -73 -73 -73 -75 -71 -70 -66 -57 -58 -67 -60 -54 -53 -53 -51 -50 -48 -47 -55 -51 -53 -49 -54 -58 -58 -60 -61 -64 -62 -64 -66 -66 -62 -64 -62 -60 -61 -64 -62 -58 -56 -55 -58 -56 -52 -55 -55 -51 -56 -56 -55 -58 -58 -63 -60 -58 -58 -57 -61 -62 -61 -62 -61 -61 -57 -58 -57 -56 -61 -56 -59 -55 -55 -57 -59 -55 -60 -59 -58 -60 -54 -64 -60 -60 -63 -58 -60 -59 -60 -61 -61 -58 -60 -61 -59 -63 -58 -55 -62 -64 -54 -60 -58 -55 -60 -54 -58 -58 214 8829 305 4249
-54 -60 -55 -57 -61 -58 -56 -58 -55 -60 -54 -60 -57 -61 -57 -55 -57 -57 -57 -60 -62 -57 -58 -56 -62 -57 -52 -55 -58 -58 -60 -60 -54 -57 -56 -60 -61 -57 -60 -60 -58 -61 -56 -62 -59 -60 -63 -59 -55 -53 -34 12 90 224 381 314 -69 -395 -333 5 186 -37 -426 -532 -308 -51 -56 -255 -358 -235 -56 3 -58 -86 -17 65 75 32 30 81 116 71 -2 -24 8 28 -27 -102 -142 -116 -88 -106 -160 -171 -151 -114 -109 -126 -122 -90 -52 -45 -48 -44 -22 4 -1 -14 -17 -8 4 -8 -36 -46 -46 -49 -61 -74 -88 -85 -82 -90 -97 -99 -91 -83 -77 -80 -73 -64 -53 -53 -48 -45 -37 -32 -33 -35 -37 -37 -37 -41 -49 -55 -52 -59 -62 -67 -73 -71 -74 -77 -73 -76 -67 -68 -65 -66 -58 -58 -57 -51 -53 -50 -48 -47 -49 -46 -46 -54 -51 -53 -55 -59 -62 -59 -64 -61 -64 -67 -63 -67 -63 -61 -60 -60 -56 -61 -59 -60 -57 -52 -52 -57 -51 -52 -53 -53 -54 -55 -55 -56 -57 -57 -61 -59 -63 -60 -61 -59 -58 -60 -58 -60 -58 -61 -61 -60 -56 -58 -54 -57 -55 -57 -57 -55 -55 -55 -57 -56 -54 -59 -61 -60 -57 -57 -61 -59 -57 -61 -60 -57 -60 -61 -60 -62 -56 -56 -54 -58 -60 -55 -55 -57 -60 -58 -56 214 4028 305 4558
-52 -49 -52 -48 -50 -49 -48 -48 -55 -51 -52 -49 -53 -48 -51 -49 -57 -51 -52 -49 -48 -50 -55 -47 -51 -45 -50 -52 -49 -50 -53 -48 -52 -51 -48 -53 -47 -46 -47 -48 -52 -55 -50 -49 -49 -48 -48 -49 -52 -51 -40 12 22 125 311 388 235 -212 -402 -247 115 152 -158 -507 -478 -209 -12 -108 -295 -329 -165 -17 -10 -81 -69 21 90 63 18 42 106 121 55 -19 -21 18 22 -36 -115 -126 -96 -83 -116 -159 -165 -121 -109 -100 -121 -109 -73 -43 -40 -50 -31 -6 12 4 -11 -11 3 4 -11 -28 -41 -34 -37 -57 -73 -83 -74 -78 -82 -88 -90 -83 -68 -74 -68 -59 -50 -41 -41 -41 -35 -27 -28 -32 -35 -33 -32 -33 -36 -45 -48 -51 -52 -55 -61 -62 -64 -65 -64 -62 -64 -61 -56 -58 -56 -51 -50 -46 -44 -43 -39 -40 -38 -37 -43 -41 -42 -46 -49 -46 -49 -52 -52 -55 -58 -54 -54 -54 -54 -55 -52 -50 -52 -53 -48 -50 -48 -47 -44 -43 -45 -44 -43 -42 -49 -45 -52 -45 -45 -53 -52 -54 -52 -53 -53 -50 -53 -52 -52 -51 -55 -51 -45 -50 -49 -48 -50 -49 -48 -52 -48 -46 -50 -44 -48 -48 -52 -51 -51 -50 -49 -49 -52 -52 -52 -55 -52 -50 -50 -52 -53 -52 -49 -51 -57 -53 -51 -49 -51 -50 -49 -51 -52 213 15207 305 4961
-57 -59 -61 -58 -57 -55 -57 -60 -56 -64 -59 -58 -57 -58 -62 -58 -58 -59 -58 -57 -65 -60 -61 -62 -61 -58 -57 -58 -62 -58 -56 -58 -56 -57 -61 -58 -58 -58 -57 -59 -56 -57 -57 -57 -62 -57 -60 -57 -55 -58 -39 -9 56 177 335 378 60 -324 -401 -108 166 72 -323 -543 -399 -117 -17 -187 -340 -287 -105 -5 -44 -99 -40 49 86 38 12 56 112 95 19 -34 -13 21 -1 -76 -135 -125 -91 -99 -140 -169 -154 -119 -107 -120 -126 -98 -60 -42 -53 -50 -25 -1 2 -7 -21 -10 -2 -3 -24 -42 -45 -49 -57 -71 -81 -93 -84 -88 -94 -97 -95 -85 -83 -77 -19 -134 2 -80 -25 -67 -27 -40 -27 -41 -38 -40 -41 -44 -49 -52 -59 -58 -64 -69 -79 -82 -82 -71 -66 -68 -71 -71 -75 -66 -52 -51 -51 -56 -58 -44 -45 -44 -46 -59 -55 -55 -54 -55 -67 -55 -67 -62 -68 -64 -69 -62 -64 -63 -61 -60 -61 -61 -62 -58 -60 -59 -52 -51 -48 -50 -50 -55 -51 -51 -54 -57 -56 -58 -58 -55 -55 -58 -61 -62 -64 -64 -62 -58 -57 -60 -59 -55 -57 -58 -54 -56 -57 -57 -60 -57 -58 -54 -55 -57 -56 -59 -58 -60 -61 -61 -58 -56 -58 -58 -57 -59 -60 -57 -62 -57 -55 -58 -57 -56 -55 -55 -55 -55 -57 -58 -56 -61 -52 213 9887 305 5077
-60 -60 -57 -56 -58 -59 -59 -57 -60 -56 -57 -55 -58 -59 -58 -58 -58 -56 -59 -57 -56 -58 -59 -59 -59 -56 -62 -54 -61 -58 -58 -57 -60 -62 -57 -60 -64 -59 -58 -55 -62 -62 -64 -58 -64 -56 -59 -54 -56 -56 -47 -13 37 148 300 410 155 -248 -415 -189 132 122 -239 -524 -460 -169 -16 -137 -319 -320 -147 -20 -31 -89 -61 31 82 54 11 44 105 107 31 -30 -25 17 17 -51 -123 -131 -100 -94 -132 -167 -162 -125 -109 -116 -126 -109 -72 -48 -47 -56 -33 -9 0 -5 -19 -16 -1 -5 -19 -39 -44 -46 -56 -68 -81 -83 -86 -83 -94 -99 -94 -85 -82 -80 -76 -70 -56 -54 -45 -43 -41 -34 -31 -37 -39 -37 -37 -45 -49 -57 -55 -62 -65 -68 -69 -73 -69 -70 -76 -68 -75 -68 -68 -63 -62 -56 -55 -53 -52 -53 -51 -51 -48 -50 -48 -46 -50 -55 -55 -57 -59 -59 -61 -62 -66 -65 -65 -68 -67 -66 -64 -59 -62 -58 -59 -55 -56 -56 -51 -51 -53 -56 -53 -52 -53 -57 -56 -61 -59 -60 -59 -60 -61 -62 -62 -59 -58 -59 -60 -55 -61 -60 -61 -62 -54 -56 -54 -57 -59 -55 -57 -53 -60 -57 -55 -57 -57 -58 -57 -58 -58 -59 -59 -60 -59 -57 -59 -60 -62 -60 -61 -55 -58 -62 -61 -60 -58 -54 -57 -58 -59 -57 -59 213 5165 305 4479
-58 -56 -60 -63 -59 -57 -58 -62 -58 -56 -56 -53 -57 -59 -56 -57 -57 -52 -59 -59 -56 -55 -59 -58 -59 -54 -62 -59 -61 -56 -58 -57 -53 -57 -57 -55 -53 -55 -58 -55 -55 -57 -55 -61 -56 -56 -67 -59 -58 -51 -29 14 91 236 382 310 -84 -396 -326 11 185 -51 -437 -526 -299 -49 -59 -256 -353 -225 -57 -5 -67 -88 -12 71 73 22 16 81 118 72 -10 -31 1 28 -21 -99 -135 -109 -89 -111 -155 -171 -142 -112 -112 -126 -115 -84 -52 -43 -52 -42 -18 4 0 -14 -15 -8 -2 -10 -36 -48 -45 -45 -57 -73 -88 -86 -84 -87 -101 -100 -89 -81 -79 -77 -72 -60 -53 -49 -49 -42 -38 -35 -37 -39 -39 -38 -41 -41 -49 -56 -57 -58 -64 -71 -69 -71 -72 -68 -73 -71 -73 -67 -68 -61 -59 -55 -53 -52 -49 -46 -48 -51 -47 -49 -53 -52 -53 -55 -58 -62 -58 -62 -61 -63 -65 -67 -65 -61 -62 -62 -66 -60 -58 -60 -56 -57 -60 -53 -59 -54 -54 -56 -55 -52 -56 -56 -56 -55 -58 -61 -55 -58 -62 -58 -65 -62 -60 -57 -61 -59 -61 -61 -61 -58 -54 -55 -60 -54 -58 -56 -56 -59 -58 -55 -57 -57 -59 -56 -61 -55 -60 -57 -60 -61 -59 -58 -61 -56 -61 -57 -60 -57 -57 -54 -60 -63 -53 -60 -59 -54 -59 -58 -62 213 56 305 4866
-57 -59 -58 -58 -56 -52 -48 -60 -64 -58 -62 -61 -62 -60 -58 -58 -57 -58 -58 -60 -57 -59 -58 -61 -62 -57 -57 -58 -58 -58 -61 -59 -57 -57 -57 -55 -56 -59 -56 -62 -55 -60 -55 -57 -58 -64 -56 -58 -64 -58 -45 -13 47 157 310 453 45 -207 -455 -132 120 132 -265 -524 -450 -152 -20 -150 -334 -315 -139 -16 -34 -93 -60 34 83 44 10 44 112 107 30 -38 -21 22 12 -62 -128 -129 -99 -90 -134 -170 -164 -126 -109 -119 -128 -111 -68 -52 -49 -57 -35 -9 7 -7 -16 -12 -1 -3 -20 -41 -46 -47 -52 -67 -82 -87 -86 -87 -96 -99 -92 -85 -77 -76 -74 -65 -61 -49 -45 -49 -40 -37 -30 -38 -37 -37 -34 -44 -39 -57 -53 -60 -63 -66 -68 -73 -68 -71 -72 -73 -73 -69 -61 -64 -62 -62 -53 -58 -53 -51 -55 -42 -50 -47 -51 -55 -54 -49 -55 -57 -66 -59 -57 -60 -61 -64 -65 -61 -64 -60 -65 -60 -58 -60 -56 -58 -56 -52 -52 -55 -51 -51 -54 -54 -56 -56 -54 -58 -58 -59 -61 -57 -62 -61 -65 -62 -61 -58 -58 -60 -58 -57 -61 -56 -54 -54 -57 -54 -56 -54 -51 -55 -57 -60 -61 -56 -57 -56 -61 -59 -59 -60 -59 -59 -58 -59 -58 -63 -57 -59 -59 -61 -64 -59 -63 -59 -56 -56 -54 -57 -58 -58 -55 212 11265 305 4931
-52 -61 -56 -57 -57 -57 -52 -55 -60 -54 -59 -53 -57 -54 -57 -56 -55 -54 -56 -52 -60 -53 -57 -57 -55 -52 -55 -55 -59 -53 -57 -59 -56 -56 -57 -57 -56 -53 -55 -60 -53 -54 -59 -53 -61 -58 -56 -55 -53 -49 -24 21 109 255 395 267 -137 -410 -283 57 180 -104 -472 -508 -258 -26 -77 -276 -338 -200 -40 -12 -76 -82 2 78 66 17 28 92 119 66 -12 -27 7 23 -25 -110 -130 -106 -83 -114 -158 -166 -134 -104 -108 -126 -115 -80 -50 -41 -51 -40 -15 5 2 -12 -12 -3 3 -10 -33 -42 -43 -47 -61 -80 -89 -89 -55 -163 -39 -148 -48 -112 -54 -98 -58 -73 -38 -55 -42 -45 -36 -36 -31 -41 -36 -41 -42 -44 -51 -55 -59 -57 -67 -69 -73 -72 -73 -71 -72 -71 -69 -67 -64 -63 -61 -58 -52 -50 -53 -49 -52 -47 -55 -43 -52 -46 -53 -53 -57 -56 -63 -60 -63 -64 -62 -64 -63 -59 -64 -59 -61 -59 -58 -56 -53 -55 -54 -52 -53 -49 -52 -54 -50 -55 -53 -55 -55 -55 -55 -61 -52 -58 -61 -59 -54 -56 -52 -59 -58 -57 -57 -53 -56 -51 -54 -55 -53 -53 -56 -53 -52 -58 -57 -52 -57 -61 -57 -58 -58 -57 -55 -57 -55 -57 -59 -58 -54 -56 -56 -54 -58 -54 -57 -43 -52 -56 -55 -61 -61 -55 -58 -58 -57 212 6573 305 4450
-51 -51 -51 -52 -49 -50 -48 -46 -54 -54 -51 -51 -49 -53 -52 -55 -49 -50 -51 -51 -53 -50 -50 -51 -49 -48 -43 -40 -53 -47 -51 -51 -53 -49 -55 -50 -53 -49 -50 -48 -51 -49 -55 -50 -50 -51 -52 -49 -45 -44 -16 29 114 258 402 281 -126 -400 -284 51 186 -92 -461 -507 -261 -27 -72 -266 -333 -199 -32 -2 -70 -76 9 83 71 23 36 99 128 68 -6 -21 15 31 -20 -99 -125 -98 -79 -107 -155 -164 -131 -101 -103 -119 -111 -76 -41 -39 -40 -34 -11 16 7 -7 -10 0 7 -8 -21 -39 -37 -38 -55 -72 -87 -77 -80 -81 -86 -88 -79 -71 -73 -67 -63 -52 -45 -42 -40 -36 -29 -24 -27 -31 -33 -29 -35 -34 -43 -45 -51 -54 -55 -58 -63 -65 -61 -64 -69 -62 -60 -60 -55 -57 -52 -49 -45 -44 -42 -40 -38 -39 -36 -42 -39 -42 -42 -48 -48 -50 -50 -52 -55 -52 -55 -61 -57 -60 -54 -57 -53 -55 -55 -53 -49 -46 -50 -43 -44 -46 -44 -42 -46 -44 -48 -47 -46 -50 -48 -49 -52 -53 -55 -52 -52 -51 -49 -49 -51 -51 -53 -54 -51 -52 -48 -50 -49 -49 -47 -50 -52 -44 -49 -52 -47 -49 -47 -53 -51 -49 -49 -51 -52 -53 -49 -24 -123 8 -103 -8 -84 -26 -70 -35 -60 -39 -62 -48 -55 -48 -56 -49 -53 212 1758 305 4572
-50 -53 -50 -54 -50 -54 -49 -54 -52 -52 -51 -51 -48 -51 -47 -49 -50 -50 -53 -52 -50 -50 -51 -54 -54 -52 -55 -51 -50 -51 -48 -53 -52 -50 -50 -51 -51 -56 -51 -50 -53 -51 -52 -50 -48 -51 -48 -55 -51 -50 -31 0 67 180 347 384 70 -314 -387 -101 176 73 -311 -529 -392 -111 -17 -183 -328 -279 -101 -3 -36 -87 -35 55 88 43 22 67 119 105 25 -26 -5 31 9 -66 -123 -122 -88 -89 -132 -166 -143 -113 -99 -110 -123 -96 -59 -39 -42 -49 -21 5 13 0 -9 -1 8 -1 -18 -38 -40 -36 -48 -66 -75 -82 -82 -82 -87 -89 -89 -75 -70 -73 -65 -55 -48 -43 -40 -37 -32 -28 -25 -30 -29 -32 -32 -31 -39 -45 -48 -56 -56 -59 -63 -68 -67 -64 -70 -65 -61 -58 -60 -60 -53 -52 -45 -45 -45 -38 -41 -42 -36 -43 -38 -45 -51 -42 -47 -49 -49 -51 -56 -55 -56 -57 -51 -52 -51 -54 -56 -53 -53 -55 -53 -47 -49 -50 -49 -47 -44 -49 -47 -43 -50 -54 -45 -50 -48 -51 -53 -55 -55 -52 -52 -54 -52 -52 -51 -50 -53 -53 -51 -53 -51 -51 -47 -49 -48 -48 -48 -48 -48 -55 -48 -50 -51 -48 -51 -50 -50 -53 -53 -53 -53 -51 -53 -52 -51 -48 -47 -53 -50 -51 -49 -49 -44 -48 -46 -45 -49 -48 -48 211 12982 305 4916
-58 -60 -58 -57 -58 -58 -60 -60 -57 -57 -59 -61 -56 -58 -58 -61 -56 -62 -57 -61 -56 -60 -56 -56 -59 -57 -58 -57 -59 -58 -60 -57 -59 -57 -57 -57 -56 -57 -56 -60 -58 -62 -61 -56 -63 -56 -58 -57 -56 -51 -36 13 89 226 382 312 -77 -394 -331 6 183 -45 -433 -531 -308 -53 -60 -253 -349 -232 -60 -10 -70 -92 -13 118 -15 95 -35 119 80 101 -26 -19 -11 30 -28 -96 -145 -113 -92 -108 -156 -176 -141 -109 -112 -125 -121 -85 -56 -46 -53 -51 -21 2 2 -13 -17 -10 -3 -15 -35 -47 -48 -49 -62 -77 -90 -96 -83 -91 -94 -100 -93 -88 -78 -81 -74 -61 -57 -51 -44 -46 -43 -31 -31 -33 -37 -42 -39 -46 -48 -54 -57 -58 -68 -69 -75 -76 -72 -71 -72 -72 -72 -65 -64 -60 -57 -56 -50 -50 -53 -49 -46 -51 -44 -51 -53 -52 -54 -53 -54 -55 -57 -62 -61 -62 -67 -62 -67 -64 -62 -61 -59 -60 -59 -57 -60 -54 -61 -56 -57 -54 -51 -57 -56 -53 -60 -55 -53 -57 -53 -60 -62 -62 -62 -62 -60 -64 -58 -63 -59 -59 -56 -57 -58 -59 -57 -58 -53 -58 -56 -55 -58 -58 -56 -58 -54 -56 -57 -62 -59 -60 -57 -60 -60 -63 -60 -60 -60 -58 -58 -59 -60 -60 -56 -59 -59 -57 -59 -61 -60 -54 -57 -56 -60 211 8378 305 4361
-53 -55 -57 -57 -58 -57 -55 -59 -60 -56 -61 -59 -57 -60 -55 -62 -58 -59 -61 -57 -59 -58 -57 -59 -57 -58 -60 -55 -57 -57 -55 -58 -61 -59 -58 -56 -58 -56 -63 -59 -60 -58 -60 -62 -57 -61 -61 -61 -57 -55 -39 -8 58 173 337 379 70 -311 -399 -116 167 78 -317 -545 -405 -114 -21 -184 -339 -288 -106 -4 -43 -94 -43 50 84 38 13 59 112 95 20 -35 -11 27 2 -73 -130 -128 -91 -96 -137 -171 -154 -121 -104 -116 -125 -101 -65 -45 -49 -53 -26 -8 3 -9 -16 -8 0 -7 -28 -38 -45 -46 -58 -71 -78 -90 -81 -90 -87 -100 -91 -84 -78 -80 -77 -62 -55 -51 -52 -48 -38 -33 -33 -33 -34 -37 -37 -42 -48 -50 -54 -61 -61 -70 -71 -73 -69 -72 -76 -71 -72 -69 -65 -66 -61 -56 -52 -55 -49 -50 -27 -104 6 -93 -14 -79 -28 -72 -42 -72 -54 -66 -59 -71 -62 -71 -62 -69 -64 -65 -64 -67 -58 -60 -60 -59 -55 -56 -53 -53 -57 -55 -50 -55 -53 -58 -58 -55 -59 -61 -57 -63 -61 -63 -61 -59 -70 -57 -66 -62 -65 -62 -66 -58 -57 -59 -57 -55 -53 -59 -51 -54 -59 -53 -54 -56 -55 -57 -56 -55 -59 -61 -60 -56 -60 -61 -57 -58 -59 -62 -57 -64 -59 -60 -57 -56 -58 -57 -57 -57 -57 -57 -59 211 2978 305 5157
-53 -51 -60 -52 -56 -56 -56 -54 -52 -52 -55 -54 -57 -54 -53 -52 -55 -54 -54 -55 -58 -55 -57 -54 -55 -51 -57 -55 -53 -53 -56 -54 -57 -55 -56 -54 -52 -54 -55 -55 -53 -55 -54 -58 -49 -58 -54 -52 -54 -50 -32 6 73 204 367 354 6 -357 -367 -48 189 24 -374 -536 -355 -82 -31 -214 -346 -257 -81 -2 -50 -92 -25 63 83 33 20 71 124 92 9 -33 -3 26 -2 -82 -127 -115 -84 -96 -144 -166 -147 -112 -99 -115 -123 -89 -47 -43 -49 -40 -23 5 8 -4 -13 -3 0 -7 -24 -37 -40 -39 -48 -69 -78 -84 -76 -85 -89 -97 -88 -77 -76 -73 -71 -58 -51 -47 -43 -40 -33 -28 -28 -31 -37 -34 -35 -37 -44 -49 -48 -52 -60 -61 -66 -66 -68 -66 -68 -69 -62 -59 -58 -58 -61 -51 -48 -49 -45 -46 -42 -41 -42 -45 -45 -47 -48 -51 -52 -53 -56 -56 -55 -61 -61 -60 -57 -62 -58 -59 -57 -55 -53 -57 -53 -53 -49 -46 -50 -49 -48 -48 -46 -52 -52 -47 -53 -49 -53 -53 -56 -57 -57 -58 -55 -55 -55 -57 -53 -56 -48 -53 -49 -54 -52 -54 -50 -50 -52 -51 -45 -53 -51 -49 -52 -51 -51 -51 -53 -57 -54 -53 -53 -52 -54 -52 -57 -55 -54 -57 -50 -53 -51 -52 -54 -51 -48 -50 -50 -53 -51 -48 -53 210 14584 305 4535
-58 -58 -56 -55 -55 -57 -56 -56 -54 -52 -59 -54 -55 -57 -57 -56 -59 -57 -62 -59 -60 -58 -57 -56 -57 -57 -59 -53 -61 -56 -53 -54 -61 -59 -58 -55 -55 -59 -60 -59 -55 -54 -60 -59 -54 -61 -57 -57 -58 -49 -34 10 89 225 384 313 -67 -390 -330 6 187 -40 -427 -529 -303 -50 -53 -251 -354 -230 -59 -5 -64 -88 -9 73 73 21 23 77 120 72 -5 -33 4 28 -19 -98 -137 -113 -86 -108 -153 -169 -141 -112 -103 -124 -122 -84 -51 -43 -53 -44 -18 3 4 -12 -17 -6 -2 -15 -34 -47 -44 -44 -58 -73 -87 -85 -86 -91 -97 -101 -90 -81 -76 -80 -68 -61 -55 -49 -48 -45 -36 -33 -37 -36 -39 -38 -42 -41 -49 -55 -55 -62 -65 -70 -68 -72 -71 -73 -74 -72 -61 -64 -67 -67 -60 -56 -51 -50 -50 -53 -47 -48 -45 -46 -47 -51 -55 -54 -57 -59 -59 -55 -65 -62 -61 -62 -61 -62 -60 -60 -61 -61 -56 -58 -60 -56 -52 -56 -55 -53 -57 -55 -54 -58 -55 -56 -55 -58 -58 -61 -57 -59 -63 -63 -56 -63 -56 -62 -61 -60 -58 -55 -59 -57 -56 -58 -51 -52 -57 -58 -57 -54 -55 -57 -60 -53 -55 -56 -60 -55 -57 -60 -60 -60 -60 -58 -60 -59 -55 -58 -55 -58 -55 -53 -56 -54 -56 -54 -59 -56 -57 -59 -58 210 9511 305 4830
-59 -57 -61 -60 -55 -53 -59 -56 -57 -55 -57 -58 -55 -57 -61 -58 -57 -55 -60 -55 -58 -59 -59 -55 -55 -51 -56 -57 -55 -58 -58 -56 -57 -53 -52 -55 -57 -57 -55 -58 -57 -56 -57 -59 -60 -59 -57 -55 -59 -57 -29 4 76 213 364 343 -12 -367 -361 -47 184 15 -385 -542 -346 -75 -40 -221 -349 -253 -77 -1 -60 -90 8 1 130 -15 50 44 139 66 22 -44 7 19 -5 -87 -128 -119 -83 -105 -145 -173 -146 -111 -104 -123 -119 -88 -54 -45 -53 -42 -24 3 0 -10 -14 -12 -6 -11 -32 -46 -46 -45 -56 -74 -87 -84 -84 -85 -104 -92 -98 -83 -79 -82 -74 -58 -63 -46 -50 -42 -37 -37 -33 -35 -37 -40 -34 -39 -45 -50 -55 -57 -59 -68 -69 -68 -67 -70 -69 -71 -67 -66 -65 -60 -56 -55 -57 -46 -44 -49 -50 -42 -44 -45 -52 -46 -51 -53 -49 -60 -55 -62 -62 -62 -67 -59 -64 -59 -60 -57 -61 -58 -61 -61 -49 -52 -55 -52 -52 -55 -51 -51 -55 -49 -54 -52 -54 -53 -57 -60 -62 -60 -61 -59 -57 -58 -57 -58 -58 -58 -59 -59 -54 -59 -54 -59 -54 -52 -57 -54 -55 -57 -49 -55 -55 -53 -59 -57 -57 -55 -56 -54 -58 -55 -56 -55 -57 -58 -60 -53 -56 -58 -56 -57 -55 -56 -56 -58 -60 -55 -53 -58 -58 210 4351 305 4916
-54 -52 -55 -50 -52 -53 -55 -50 -53 -52 -49 -49 -52 -51 -48 -51 -51 -51 -54 -53 -52 -49 -55 -54 -54 -55 -48 -55 -53 -52 -52 -54 -49 -53 -53 -51 -50 -50 -50 -53 -51 -46 -51 -52 -49 -50 -49 -52 -52 -52 -38 -9 49 161 317 400 129 -270 -404 -158 151 125 -252 -526 -433 -148 -11 -143 -322 -304 -128 -4 -28 -86 -55 45 92 50 17 51 119 112 35 -25 -15 25 15 -60 -122 -123 -89 -87 -124 -162 -153 -121 -100 -109 -117 -101 -63 -44 -46 -47 -29 -2 9 2 -13 -8 3 1 -19 -35 -38 -37 -46 -64 -78 -77 -81 -80 -85 -92 -88 -76 -73 -71 -69 -61 -45 -44 -46 -41 -36 -33 -28 -30 -32 -33 -29 -33 -39 -50 -52 -57 -53 -59 -69 -66 -69 -67 -66 -64 -65 -61 -54 -54 -55 -55 -46 -50 -47 -46 -46 -42 -45 -42 -42 -48 -48 -47 -50 -44 -56 -55 -56 -57 -56 -56 -57 -53 -61 -59 -54 -53 -51 -54 -52 -51 -50 -48 -46 -47 -50 -46 -49 -48 -48 -47 -47 -52 -54 -47 -57 -50 -52 -54 -51 -53 -52 -53 -55 -51 -51 -51 -51 -50 -51 -51 -46 -49 -49 -50 -52 -43 -38 -54 -52 -53 -51 -51 -46 -51 -49 -48 -49 -51 -47 -50 -53 -51 -51 -52 -54 -49 -53 -51 -51 -54 -54 -49 -53 -51 -56 -53 -50 209 15658 305 4834
-57 -57 -61 -54 -60 -58 -60 -57 -62 -58 -61 -56 -55 -56 -61 -63 -56 -56 -56 -59 -57 -59 -61 -54 -56 -57 -56 -52 -58 -61 -56 -58 -55 -59 -58 -61 -58 -58 -56 -60 -60 -57 -60 -61 -64 -58 -56 -58 -57 -53 -26 21 101 247 392 278 -124 -407 -303 41 180 -91 -467 -518 -277 -37 -74 -272 -346 -213 -43 -12 -72 -84 -2 80 69 23 24 83 118 64 -13 -31 7 27 -30 -107 -137 -110 -87 -114 -162 -166 -139 -110 -112 -124 -121 -87 -56 -46 -53 -45 -17 2 2 -12 -16 -5 1 -13 -36 -41 -45 -50 -64 -79 -91 -88 -85 -92 -96 -97 -86 -80 -76 -74 -74 -61 -53 -48 -48 -43 -42 -30 -38 -38 -35 -43 -41 -45 -51 -57 -60 -58 -65 -71 -67 -70 -74 -70 -70 -71 -70 -68 -67 -63 -62 -57 -59 -50 -50 -54 -49 -43 -47 -48 -55 -48 -51 -56 -58 -56 -63 -59 -61 -65 -62 -63 -70 -65 -64 -67 -61 -57 -63 -59 -54 -57 -52 -55 -52 -56 -56 -57 -48 -55 -55 -55 -60 -56 -59 -59 -60 -61 -58 -59 -61 -58 -62 -61 -53 -56 -60 -60 -60 -55 -56 -58 -56 -61 -58 -51 -61 -54 -58 -57 -57 -58 -59 -55 -63 -59 -60 -59 -60 -58 -62 -57 -59 -56 -58 -61 -60 -56 -59 -55 -58 -56 -58 -51 -58 -57 -54 -59 -61 209 10480 305 4935
-59 -56 -59 -55 -59 -58 -57 -57 -55 -60 -60 -57 -61 -60 -56 -61 -58 -58 -60 -60 -59 -57 -61 -58 -60 -57 -60 -58 -57 -60 -55 -58 -59 -59 -55 -57 -62 -62 -61 -62 -59 -61 -62 -17 -140 3 -105 -17 -83 -30 -45 23 82 235 376 311 -86 -384 -333 5 184 -51 -430 -529 -305 -53 -62 -255 -348 -228 -58 -11 -67 -89 -14 72 71 22 22 76 118 67 -9 -35 -3 25 -22 -99 -135 -114 -92 -115 -153 -175 -148 -113 -115 -124 -123 -94 -54 -45 -54 -47 -23 0 2 -11 -19 -4 0 -8 -34 -43 -45 -46 -64 -76 -86 -87 -88 -90 -97 -99 -88 -87 -77 -77 -78 -63 -53 -53 -50 -43 -35 -34 -35 -35 -36 -37 -38 -42 -46 -51 -58 -59 -65 -68 -70 -70 -72 -70 -71 -68 -70 -68 -64 -61 -61 -57 -56 -56 -49 -49 -51 -49 -49 -50 -49 -46 -53 -52 -61 -57 -60 -65 -62 -62 -65 -67 -67 -67 -70 -64 -59 -61 -60 -57 -57 -57 -48 -56 -54 -51 -57 -52 -52 -57 -54 -56 -58 -58 -57 -60 -58 -57 -63 -60 -63 -57 -61 -62 -59 -60 -61 -58 -59 -58 -56 -60 -57 -57 -56 -55 -53 -53 -60 -56 -57 -56 -56 -57 -59 -57 -60 -60 -60 -67 -62 -55 -58 -57 -61 -59 -60 -59 -57 -59 -54 -56 -52 -62 -54 -58 -57 -56 -57 209 5661 305 4576
-56 -62 -55 -59 -60 -57 -55 -53 -58 -53 -57 -59 -60 -53 -60 -62 -57 -56 -57 -62 -59 -59 -56 -56 -59 -59 -57 -64 -58 -59 -58 -55 -60 -56 -60 -55 -62 -58 -58 -58 -62 -58 -58 -58 -61 -60 -58 -55 -55 -53 -29 9 83 219 378 318 -60 -388 -340 -5 184 -29 -418 -536 -312 -54 -55 -247 -350 -235 -64 -9 -65 -91 -18 67 75 25 16 76 119 79 -3 -33 4 24 -19 -92 -136 -115 -93 -111 -149 -170 -146 -110 -110 -128 -123 -90 -51 -26 -116 8 -67 39 -34 12 -36 6 -16 -3 -44 -42 -56 -45 -65 -76 -92 -90 -89 -91 -101 -99 -94 -86 -78 -83 -75 -65 -53 -48 -49 -46 -36 -37 -37 -39 -41 -37 -42 -46 -54 -55 -56 -64 -62 -69 -70 -79 -74 -75 -76 -73 -73 -66 -69 -64 -61 -60 -56 -51 -51 -49 -49 -50 -49 -51 -49 -50 -51 -54 -59 -58 -60 -59 -62 -67 -60 -62 -67 -65 -68 -64 -60 -62 -58 -58 -61 -53 -58 -52 -51 -53 -56 -49 -55 -53 -53 -52 -49 -58 -59 -57 -63 -57 -57 -63 -62 -58 -61 -62 -60 -59 -59 -60 -57 -59 -57 -56 -58 -54 -58 -57 -55 -51 -54 -53 -56 -56 -57 -58 -59 -59 -58 -62 -58 -61 -61 -61 -62 -58 -60 -60 -57 -59 -59 -59 -59 -56 -58 -57 -56 -58 -55 -58 -60 209 770 305 4648
-60 -55 -56 -58 -57 -57 -57 -62 -59 -60 -63 -62 -61 -60 -58 -59 -57 -60 -57 -56 -56 -57 -58 -59 -59 -53 -56 -57 -60 -58 -54 -60 -55 -63 -60 -58 -59 -59 -55 -57 -61 -55 -58 -57 -58 -61 -58 -62 -59 -56 -47 -12 43 144 301 402 159 -248 -422 -194 130 132 -230 -528 -458 -171 -17 -136 -318 -318 -145 -18 -30 -89 -62 31 81 52 12 42 107 105 35 -33 -23 17 13 -60 -122 -131 -103 -93 -130 -163 -160 -127 -104 -113 -128 -108 -72 -46 -50 -49 -33 -10 5 -7 -13 -13 1 -2 -24 -39 -44 -44 -52 -66 -81 -86 -82 -90 -91 -103 -100 -87 -78 -79 -78 -69 -58 -51 -46 -46 -41 -34 -33 -36 -35 -37 -39 -40 -46 -52 -53 -62 -61 -64 -70 -68 -73 -70 -70 -69 -70 -69 -63 -64 -64 -59 -55 -54 -50 -51 -50 -49 -47 -46 -16 -112 0 -93 -18 -88 -42 -75 -50 -77 -58 -72 -60 -75 -64 -70 -62 -67 -60 -60 -60 -57 -55 -54 -51 -56 -53 -54 -56 -58 -57 -60 -56 -58 -58 -62 -63 -62 -60 -61 -64 -61 -63 -61 -60 -61 -61 -61 -61 -62 -64 -54 -61 -57 -62 -57 -58 -58 -55 -61 -59 -58 -58 -60 -54 -61 -59 -60 -62 -63 -56 -60 -60 -62 -55 -56 -58 -54 -59 -62 -56 -59 -62 -57 -59 -58 -55 -55 -56 208 12212 305 4698
-61 -61 -59 -59 -59 -55 -58 -58 -59 -59 -57 -58 -58 -55 -55 -58 -57 -57 -59 -59 -58 -56 -57 -60 -62 -56 -55 -56 -60 -60 -57 -63 -59 -63 -57 -62 -59 -59 -59 -58 -58 -61 -56 -54 -60 -60 -61 -60 -61 -60 -45 -17 37 147 305 397 147 -253 -418 -186 137 131 -234 -529 -454 -173 -15 -140 -322 -318 -141 -17 -30 -92 -63 31 82 49 7 44 104 108 34 -31 -23 21 14 -55 -123 -132 -97 -89 -132 -170 -164 -127 -107 -118 -126 -108 -77 -51 -49 -53 -33 -10 3 -5 -17 -14 0 -9 -21 -40 -47 -46 -51 -71 -81 -89 -87 -90 -93 -102 -93 -83 -84 -81 -80 -69 -60 -54 -52 -52 -40 -31 -31 -38 -39 -39 -38 -44 -47 -56 -57 -61 -62 -67 -74 -71 -76 -73 -72 -77 -70 -64 -65 -65 -66 -61 -53 -53 -57 -53 -49 -49 -50 -48 -49 -50 -53 -49 -51 -55 -58 -61 -64 -64 -67 -60 -68 -69 -67 -65 -67 -63 -61 -59 -59 -60 -59 -58 -55 -53 -56 -56 -55 -56 -53 -54 -54 -55 -60 -62 -54 -62 -63 -62 -63 -62 -62 -67 -64 -65 -62 -58 -59 -59 -54 -58 -55 -56 -58 -55 -56 -59 -56 -59 -58 -59 -56 -60 -62 -58 -62 -60 -61 -60 -59 -60 -62 -63 -57 -61 -57 -59 -62 -57 -59 -61 -56 -63 -65 -69 -55 -54 -51 208 7232 305 4737
-59 -62 -59 -58 -57 -59 -61 -58 -66 -55 -64 -60 -61 -61 -60 -60 -67 -61 -60 -59 -60 -58 -56 -59 -57 -59 -56 -58 -57 -56 -56 -59 -59 -57 -54 -54 -61 -59 -56 -58 -61 -57 -56 -60 -61 -64 -61 -57 -57 -57 -44 -14 47 155 316 391 121 -275 -410 -162 148 106 -267 -535 -437 -149 -16 -158 -333 -310 -135 -14 -37 -96 -56 36 84 44 11 49 107 102 29 -34 -20 17 9 -64 -129 -133 -96 -93 -135 -171 -160 -130 -106 -116 -124 -105 -70 -49 -47 -53 -35 -7 4 -5 -19 -17 -3 -3 -24 -41 -45 -48 -51 -73 -86 -89 -89 -87 -96 -103 -95 -87 -83 -80 -80 -69 -60 -51 -49 -49 -38 -34 -33 -41 -43 -38 -43 -45 -51 -53 -57 -61 -61 -67 -72 -76 -73 -72 -74 -76 -72 -69 -65 -66 -67 -56 -58 -54 -53 -52 -47 -54 -50 -48 -48 -56 -52 -56 -58 -61 -58 -60 -62 -66 -67 -65 -68 -64 -66 -65 -63 -61 -59 -62 -60 -60 -64 -57 -58 -55 -55 -56 -57 -55 -57 -57 -58 -59 -56 -61 -62 -57 -64 -65 -61 -63 -62 -67 -61 -59 -60 -55 -59 -62 -58 -64 -56 -58 -57 -58 -56 -55 -55 -58 -60 -60 -59 -61 -61 -62 -66 -65 -62 -58 -64 -64 -66 -59 -63 -61 -55 -62 -57 -60 -58 -56 -61 -56 -58 -58 -62 -62 -62 208 2328 305 4661
-57 -59 -58 -55 -60 -58 -59 -57 -62 -61 -57 -63 -60 -59 -59 -58 -60 -61 -57 -57 -58 -57 -56 -58 -60 -55 -60 -60 -58 -59 -59 -60 -58 -55 -61 -62 -57 -60 -57 -57 -60 -57 -58 -60 -55 -59 -57 -57 -55 -52 -33 4 76 206 367 343 -25 -369 -361 -41 180 1 -391 -540 -344 -71 -41 -227 -348 -251 -71 -8 -60 -98 -27 67 77 25 20 71 122 81 3 -37 -3 25 -9 -85 -135 -120 -87 -107 -109 -249 -86 -165 -66 -157 -96 -112 -44 -60 -45 -57 -21 -5 4 -16 -17 -8 -4 -7 -32 -46 -43 -47 -55 -74 -89 -88 -82 -94 -98 -100 -91 -87 -79 -83 -74 -64 -51 -51 -50 -45 -42 -38 -34 -39 -46 -34 -41 -49 -50 -59 -59 -59 -67 -66 -73 -70 -74 -72 -73 -73 -70 -69 -65 -63 -60 -56 -50 -52 -51 -50 -48 -45 -52 -46 -51 -51 -51 -58 -59 -56 -60 -61 -65 -63 -65 -64 -63 -66 -66 -58 -63 -57 -56 -61 -56 -53 -52 -53 -51 -56 -50 -53 -54 -53 -57 -57 -55 -56 -55 -57 -62 -61 -59 -62 -59 -58 -62 -62 -55 -61 -60 -59 -55 -59 -59 -54 -54 -57 -57 -53 -57 -55 -55 -58 -59 -59 -57 -56 -56 -58 -57 -58 -56 -70 -73 -60 -62 -59 -58 -61 -57 -60 -59 -56 -59 -59 -57 -59 -54 -57 -60 -58 -58 207 13615 305 4854
-63 -54 -58 -59 -57 -61 -53 -59 -59 -61 -55 -54 -61 -61 -58 -57 -55 -57 -54 -55 -51 -51 -56 -57 -56 -57 -55 -57 -60 -57 -56 -56 -59 -58 -56 -58 -58 -58 -57 -58 -62 -62 -60 -60 -61 -59 -56 -58 -58 -57 -33 -2 67 189 350 364 21 -344 -378 -71 177 39 -357 -542 -370 -90 -27 -212 -344 -271 -92 -7 -53 -93 -32 59 80 29 14 61 115 89 7 -36 -6 23 -4 -80 -132 -119 -88 -101 -143 -174 -152 -114 -104 -120 -121 -97 -60 -45 -53 -49 -29 0 5 -13 -12 -10 0 -8 -27 -42 -44 -46 -57 -74 -86 -88 -86 -93 -98 -98 -94 -82 -82 -77 -74 -62 -52 -51 -47 -47 -39 -35 -31 -38 -37 -37 -38 -40 -49 -53 -58 -59 -61 -70 -72 -68 -74 -76 -72 -71 -73 -31 -115 -19 -81 -43 -65 -47 -56 -52 -51 -48 -50 -48 -48 -54 -53 -55 -59 -60 -68 -64 -63 -61 -69 -62 -69 -67 -62 -65 -61 -64 -63 -59 -59 -57 -53 -56 -55 -55 -54 -52 -52 -55 -55 -56 -56 -59 -57 -63 -56 -65 -61 -66 -62 -63 -61 -66 -57 -58 -65 -61 -57 -61 -55 -57 -55 -56 -55 -51 -54 -57 -54 -59 -51 -56 -58 -57 -57 -57 -59 -61 -59 -62 -59 -56 -60 -61 -56 -59 -56 -55 -56 -58 -55 -56 -57 -57 -57 -54 -57 -55 -54 207 8748 305 4624
-65 -55 -60 -60 -61 -61 -58 -61 -59 -59 -57 -58 -60 -55 -56 -59 -55 -56 -58 -58 -55 -59 -59 -55 -60 -56 -56 -57 -57 -62 -56 -54 -59 -56 -58 -55 -60 -60 -52 -56 -61 -55 -60 -55 -58 -55 -57 -57 -61 -57 -40 -5 60 185 345 367 31 -335 -389 -87 172 48 -350 -545 -385 -100 -24 -195 -342 -279 -94 -8 -47 -94 -39 51 79 34 13 60 116 95 14 -31 -12 25 1 -75 -135 -123 -92 -105 -146 -173 -153 -114 -106 -116 -121 -97 -61 -42 -51 -48 -30 -4 3 -9 -16 -10 0 -7 -29 -44 -43 -50 -55 -72 -84 -87 -83 -90 -92 -101 -96 -83 -80 -80 -72 -68 -57 -51 -48 -44 -40 -32 -36 -39 -40 -39 -43 -42 -53 -59 -58 -60 -64 -69 -74 -73 -75 -70 -75 -72 -71 -72 -67 -67 -61 -64 -58 -53 -50 -48 -49 -44 -51 -51 -49 -58 -51 -46 -56 -61 -68 -59 -62 -62 -67 -71 -67 -65 -68 -64 -70 -62 -62 -57 -61 -60 -53 -54 -52 -54 -59 -51 -51 -56 -59 -59 -60 -55 -54 -59 -62 -61 -58 -61 -61 -60 -62 -59 -62 -61 -60 -55 -60 -54 -62 -58 -58 -59 -56 -57 -60 -58 -58 -58 -59 -60 -59 -56 -62 -56 -59 -61 -61 -59 -62 -60 -60 -61 -58 -60 -61 -54 -54 -56 -59 -56 -54 -55 -57 -62 -57 -64 -61 206 14533 305 4819
-49 -50 -53 -51 -56 -51 -50 -50 -53 -50 -52 -46 -51 -46 -51 -49 -52 -55 -52 -51 -50 -50 -52 -52 -50 -52 -47 -55 -49 -49 -50 -51 -51 -53 -49 -48 -53 -51 -51 -50 -48 -51 -52 -52 -55 -52 -48 -48 -47 -53 -40 -3 48 158 311 404 152 -253 -413 -174 139 132 -234 -522 -440 -154 -9 -136 -272 -361 -83 -29 -2 -95 -44 30 93 52 18 51 111 118 37 -18 -15 29 15 -51 -117 -124 -91 -87 -122 -160 -155 -120 -98 -105 -120 -97 -63 -43 -43 -43 -28 -2 12 1 -15 -7 6 2 -15 -33 -42 -37 -50 -64 -76 -84 -78 -82 -87 -92 -88 -81 -72 -69 -70 -60 -50 -44 -44 -35 -33 -29 -27 -27 -29 -34 -30 -32 -36 -44 -49 -49 -56 -60 -60 -63 -68 -59 -67 -63 -62 -61 -58 -56 -56 -47 -49 -47 -44 -41 -45 -40 -40 -40 -48 -44 -43 -45 -49 -48 -53 -47 -54 -56 -52 -60 -60 -59 -49 -56 -56 -53 -55 -52 -50 -50 -50 -49 -49 -43 -47 -48 -47 -43 -44 -43 -48 -47 -52 -49 -51 -51 -51 -54 -49 -49 -52 -51 -55 -49 -52 -47 -52 -49 -49 -48 -50 -51 -51 -45 -50 -48 -48 -46 -51 -50 -52 -46 -48 -47 -53 -48 -50 -51 -54 -50 -47 -53 -48 -51 -52 -47 -48 -51 -48 -51 -44 -46 -47 -52 -49 -48 -53 206 9515 305 4775
-56 -57 -49 -53 -54 -51 -51 -52 -53 -52 -54 -53 -58 -54 -58 -53 -56 -58 -58 -58 -54 -55 -55 -53 -54 -53 -48 -53 -54 -55 -54 -57 -56 -57 -54 -51 -54 -53 -53 -51 -50 -53 -53 -54 -55 -54 -52 -50 -47 -52 -34 6 73 198 359 366 22 -342 -380 -69 182 38 -360 -538 -370 -89 -27 -206 -341 -270 -88 1 -50 -93 -33 63 82 35 17 69 120 89 13 -29 -7 29 2 -75 -129 -117 -85 -93 -134 -166 -149 -112 -104 -118 -119 -96 -57 -38 -47 -47 -23 1 6 -4 -14 -7 4 -4 -21 -39 -41 -38 -53 -65 -85 -79 -77 -83 -93 -93 -89 -79 -75 -73 -70 -57 -53 -44 -42 -39 -34 -28 -30 -30 -32 -35 -31 -40 -39 -48 -53 -51 -58 -64 -68 -65 -68 -67 -67 -63 -59 -61 -59 -59 -57 -57 -50 -52 -48 -46 -46 -45 -42 -45 -49 -43 -46 -52 -54 -52 -56 -55 -56 -60 -61 -60 -58 -62 -56 -57 -60 -56 -59 -54 -54 -50 -53 -53 -47 -50 -52 -55 -49 -50 -53 -51 -55 -54 -55 -53 -58 -55 -60 -59 -59 -54 -57 -57 -15 -98 -24 -65 -52 -55 -55 -54 -53 -51 -56 -54 -52 -53 -51 -51 -51 -50 -54 -54 -56 -54 -57 -50 -55 -55 -52 -51 -57 -56 -54 -55 -54 -54 -52 -58 -50 -53 -52 -51 -53 -49 -54 -53 -55 206 4654 305 4618
-56 -57 -58 -57 -58 -58 -60 -55 -60 -59 -56 -55 -56 -60 -55 -58 -56 -57 -57 -55 -57 -58 -61 -55 -61 -57 -59 -57 -58 -61 -60 -56 -62 -61 -57 -58 -53 -59 -60 -60 -52 -56 -59 -65 -58 -56 -58 -60 -61 -56 -27 17 106 240 385 282 -114 -404 -307 35 185 -85 -457 -518 -279 -34 -68 -267 -346 -212 -48 -7 -74 -88 -5 63 68 20 23 89 116 64 -5 -35 6 19 -28 -105 -135 -109 -86 -112 -157 -170 -137 -114 -111 -123 -118 -89 -54 -49 -52 -39 -16 2 -1 -12 -17 -9 -2 -11 -32 -41 -48 -47 -61 -73 -89 -86 -81 -98 -99 -99 -88 -84 -75 -80 -72 -61 -55 -45 -50 -44 -41 -33 -33 -41 -19 -59 -26 -46 -56 -54 -64 -57 -71 -65 -82 -67 -76 -73 -76 -70 -74 -66 -64 -65 -58 -59 -53 -55 -53 -51 -46 -47 -51 -49 -49 -51 -55 -52 -59 -61 -61 -64 -63 -64 -67 -66 -68 -69 -64 -64 -63 -62 -62 -63 -54 -64 -50 -65 -58 -58 -53 -51 -56 -55 -54 -56 -58 -56 -59 -61 -59 -56 -61 -58 -57 -60 -62 -58 -60 -55 -58 -58 -56 -56 -58 -60 -58 -58 -56 -55 -59 -59 -58 -58 -55 -58 -62 -55 -62 -59 -59 -57 -61 -57 -59 -58 -58 -58 -59 -58 -56 -56 -60 -55 -57 -55 -58 -58 -56 -59 -52 -54 -51 206 218 305 4193
-59 -56 -63 -63 -59 -60 -58 -55 -57 -57 -56 -55 -62 -52 -57 -56 -58 -59 -55 -58 -56 -55 -57 -59 -58 -59 -57 -60 -62 -57 -59 -60 -60 -58 -59 -60 -58 -61 -58 -55 -58 -56 -56 -58 -59 -59 -60 -61 -58 -53 -28 19 99 245 387 287 -109 -407 -313 32 181 -71 -448 -519 -282 -39 -64 -263 -348 -217 -53 -9 -72 -87 -3 73 71 22 25 86 118 68 -8 -31 7 24 12 -161 -82 -137 -65 -130 -150 -180 -138 -113 -109 -126 -120 -91 -57 -42 -58 -42 -21 2 -5 -12 -18 -6 -2 -14 -38 -47 -47 -47 -61 -74 -91 -89 -87 -92 -99 -97 -88 -83 -81 -81 -71 -60 -52 -50 -48 -48 -38 -43 -31 -44 -39 -44 -38 -47 -49 -56 -60 -63 -66 -67 -72 -71 -73 -68 -71 -68 -70 -67 -70 -62 -59 -58 -52 -49 -55 -45 -45 -50 -45 -53 -46 -51 -56 -55 -59 -62 -59 -60 -56 -64 -64 -67 -64 -64 -62 -64 -57 -61 -60 -59 -59 -58 -56 -51 -54 -54 -54 -51 -56 -54 -52 -54 -59 -58 -58 -57 -57 -64 -64 -60 -59 -61 -61 -57 -60 -56 -62 -60 -59 -58 -56 -60 -57 -56 -56 -58 -57 -55 -56 -55 -58 -55 -57 -59 -62 -63 -60 -55 -62 -58 -59 -58 -63 -59 -59 -63 -61 -58 -60 -57 -58 -63 -58 -55 -56 -57 -56 -59 -59 205 11397 305 4962
-52 -50 -50 -53 -46 -49 -47 -52 -48 -48 -51 -56 -50 -51 -52 -47 -48 -49 -51 -48 -48 -51 -47 -51 -48 -54 -54 -51 -50 -50 -53 -49 -51 -46 -49 -51 -50 -49 -48 -48 -56 -50 -52 -50 -46 -51 -49 -51 -50 -49 -35 -12 41 152 300 406 175 -232 -412 -195 127 144 -211 -515 -457 -171 -7 -123 -312 -315 -148 -18 -21 -83 -60 72 18 126 -34 92 79 143 25 -4 -28 35 17 -37 -123 -123 -95 -84 -122 -161 -159 -122 -103 -106 -120 -102 -64 -43 -38 -47 -27 -3 10 3 -13 -4 7 -3 -18 -31 -34 -39 -46 -67 -80 -78 -77 -91 -83 -104 -81 -79 -68 -73 -69 -61 -48 -39 -38 -38 -35 -28 -25 -24 -30 -29 -28 -33 -33 -42 -49 -47 -55 -61 -63 -64 -67 -61 -69 -64 -62 -67 -62 -54 -57 -50 -46 -50 -42 -39 -43 -38 -41 -38 -39 -43 -42 -43 -48 -48 -48 -50 -55 -57 -53 -53 -55 -52 -57 -60 -54 -52 -55 -55 -51 -56 -46 -48 -47 -45 -45 -49 -49 -45 -46 -47 -43 -47 -49 -52 -45 -51 -53 -51 -52 -49 -48 -50 -54 -50 -51 -53 -50 -55 -56 -51 -53 -52 -46 -52 -50 -51 -49 -47 -43 -52 -39 -51 -48 -50 -49 -57 -45 -53 -49 -50 -58 -58 -53 -54 -51 -51 -52 -48 -49 -48 -52 -49 -50 -45 -50 -51 -46 205 6356 305 4797
-56 -55 -59 -55 -57 -56 -58 -66 -55 -57 -59 -58 -58 -60 -59 -59 -58 -60 -57 -59 -56 -57 -59 -58 -56 -61 -57 -60 -57 -54 -60 -58 -57 -59 -58 -57 -57 -62 -56 -61 -62 -63 -61 -59 -63 -60 -62 -58 -57 -58 -41 -3 60 176 343 376 60 -328 -399 -105 167 71 -320 -539 -389 -115 -20 -190 -341 -285 -105 -5 -43 -91 -31 -5 128 -14 45 26 137 76 32 -46 -1 12 5 -83 -124 -126 -84 -97 -135 -169 -155 -122 -102 -120 -122 -101 -65 -45 -53 -50 -31 -5 3 -12 -19 -12 -6 -10 -27 -43 -48 -48 -51 -79 -83 -91 -85 -96 -99 -101 -91 -88 -83 -79 -77 -64 -56 -49 -47 -47 -38 -37 -34 -35 -37 -39 -32 -43 -47 -53 -54 -57 -58 -69 -68 -71 -71 -74 -68 -73 -68 -66 -61 -61 -60 -60 -57 -55 -52 -49 -52 -45 -48 -46 -50 -52 -52 -54 -55 -59 -58 -59 -61 -61 -63 -71 -65 -61 -62 -66 -62 -66 -58 -56 -57 -58 -56 -54 -56 -55 -50 -55 -49 -53 -54 -55 -56 -55 -56 -56 -58 -61 -60 -57 -57 -64 -66 -62 -58 -60 -62 -55 -56 -56 -61 -56 -57 -58 -59 -58 -55 -70 -55 -61 -60 -53 -55 -54 -55 -59 -58 -65 -59 -61 -59 -61 -63 -60 -61 -63 -58 -63 -57 -57 -60 -59 -58 -57 -58 -56 -54 -63 -58 205 1309 305 4804
-53 -57 -56 -57 -60 -57 -53 -53 -53 -57 -53 -53 -51 -56 -53 -57 -56 -53 -55 -55 -54 -55 -50 -53 -56 -57 -56 -58 -54 -52 -53 -53 -51 -55 -53 -57 -55 -54 -58 -56 -56 -57 -55 -57 -55 -56 -57 -51 -52 -50 -34 3 69 190 352 369 25 -344 -377 -73 180 39 -354 -537 -371 -90 -25 -201 -340 -264 -84 -7 -47 -90 -29 61 81 36 18 64 118 97 13 -31 -2 28 -1 -79 -132 -121 -87 -97 -138 -171 -143 -114 -103 -117 -123 -92 -57 -41 -50 -44 -23 2 7 -8 -11 -4 2 -7 -26 -39 -43 -44 -53 -67 -84 -84 -80 -87 -88 -100 -88 -77 -76 -72 -71 -63 -57 -49 -45 -41 -37 -30 -33 -32 -39 -37 -36 -42 -44 -51 -52 -54 -65 -65 -70 -73 -33 -148 -10 -116 -27 -95 -39 -78 -42 -65 -40 -58 -44 -52 -47 -43 -43 -46 -46 -46 -47 -51 -51 -51 -59 -55 -67 -59 -67 -63 -61 -62 -60 -62 -62 -56 -59 -59 -56 -56 -55 -52 -50 -56 -52 -52 -62 -48 -58 -53 -56 -56 -56 -57 -62 -58 -58 -60 -59 -57 -61 -58 -56 -57 -55 -55 -55 -58 -57 -51 -51 -56 -50 -51 -53 -53 -58 -53 -52 -53 -53 -57 -52 -55 -54 -57 -52 -55 -51 -60 -58 -55 -56 -56 -61 -51 -58 -59 -57 -58 -56 -59 -55 -54 -53 -52 -57 204 12747 305 4703
-54 -58 -64 -59 -59 -56 -56 -58 -58 -58 -53 -59 -59 -62 -56 -55 -57 -56 -59 -59 -56 -61 -55 -59 -58 -58 -52 -59 -59 -60 -57 -62 -61 -58 -61 -60 -60 -61 -57 -60 -61 -59 -60 -59 -59 -59 -58 -60 -60 -54 -30 15 92 229 387 306 -87 -396 -325 14 190 -53 -434 -525 -301 -46 -58 -256 -349 -223 -54 -11 -68 -90 -14 74 71 22 22 81 118 72 -9 -30 2 23 -26 -95 -137 -113 -91 -106 -156 -166 -138 -110 -108 -127 -119 -87 -53 -49 -51 -46 -19 0 1 -17 -17 -9 -1 -14 -33 -48 -45 -47 -62 -80 -88 -88 -88 -89 -100 -99 -87 -80 -82 -82 -73 -68 -52 -51 -45 -42 -37 -34 -34 -37 -35 -36 -41 -46 -53 -58 -57 -62 -61 -69 -71 -71 -70 -73 -73 -71 -71 -69 -61 -61 -62 -60 -51 -54 -48 -52 -52 -45 -48 -45 -46 -48 -57 -52 -53 -58 -64 -63 -65 -62 -65 -62 -62 -64 -61 -61 -62 -60 -60 -60 -56 -51 -56 -55 -58 -54 -56 -48 -49 -53 -58 -58 -56 -57 -61 -63 -60 -58 -10 -141 9 -100 -26 -88 -41 -75 -49 -65 -59 -64 -59 -67 -55 -62 -58 -58 -56 -60 -54 -55 -57 -55 -56 -61 -58 -58 -61 -64 -60 -62 -62 -62 -59 -62 -56 -58 -59 -59 -57 -56 -57 -55 -57 -58 -67 -51 -64 -53 -61 204 7711 305 4793
-57 -56 -57 -56 -61 -54 -62 -59 -59 -59 -57 -58 -56 -57 -57 -58 -56 -56 -60 -58 -56 -57 -60 -63 -54 -59 -58 -57 -57 -55 -59 -54 -59 -55 -58 -56 -59 -57 -59 -57 -56 -61 -58 -59 -58 -61 -62 -56 -57 -58 -41 -11 47 157 312 397 124 -278 -412 -164 149 111 -262 -531 -434 -150 -16 -158 -326 -309 -136 -13 -33 -90 -59 38 86 47 11 47 109 106 29 -29 -17 22 5 -61 -124 -126 -95 -92 -135 -165 -158 -126 -110 -118 -125 -109 -74 -46 -54 -50 -34 -7 5 -9 -16 -12 5 1 -25 -40 -48 -45 -53 -70 -79 -90 -83 -91 -90 -99 -97 -85 -80 -79 -77 -67 -56 -48 -48 -43 -41 -32 -33 -32 -36 -36 -42 -42 -46 -49 -58 -57 -63 -68 -71 -70 -71 -72 -79 -71 -70 -69 -69 -64 -59 -62 -55 -54 -52 -48 -47 -48 -46 -49 -56 -52 -53 -53 -57 -58 -63 -58 -64 -61 -61 -66 -65 -64 -62 -62 -65 -61 -61 -60 -60 -57 -57 -54 -56 -52 -54 -54 -57 -55 -56 -55 -57 -57 -61 -60 -61 -62 -62 -62 -60 -60 -61 -66 -65 -65 -55 -47 -53 -57 -63 -60 -51 -51 -47 -56 -62 -57 -51 -53 -52 -60 -66 -66 -60 -61 -60 -60 -65 -64 -61 -65 -55 -60 -58 -58 -61 -59 -58 -55 -57 -58 -59 -60 -55 -57 -46 -45 -101 204 2610 305 4857
-57 -60 -60 -61 -56 -55 -63 -58 -61 -62 -57 -59 -55 -60 -62 -59 -58 -60 -57 -57 -60 -62 -59 -63 -62 -59 -60 -60 -62 -56 -56 -61 -62 -58 -60 -55 -57 -58 -56 -59 -56 -63 -61 -56 -59 -58 -60 -57 -59 -57 -40 -11 53 163 322 388 93 -300 -407 -133 157 90 -296 -537 -420 -133 -15 -174 -337 -297 -117 -8 -40 -91 -52 43 85 44 8 51 113 98 20 -35 -16 19 4 -65 -130 -125 -95 -92 -137 -173 -158 -119 -106 -114 -131 -101 -68 -47 -52 -51 -28 -10 0 -5 -20 -12 3 -3 -23 -39 -44 -46 -54 -72 -86 -85 -87 -87 -94 -97 -96 -82 -80 -81 -79 -66 -57 -52 -50 -48 -39 -37 -36 -36 -39 -35 -41 -42 -50 -54 -58 -55 -64 -63 -71 -71 -67 -76 -72 -74 -73 -70 -66 -66 -62 -63 -60 -53 -56 -52 -51 -51 -43 -51 -49 -53 -51 -51 -52 -53 -58 -60 -60 -61 -62 -65 -66 -64 -64 -65 -65 -59 -65 -60 -60 -60 -53 -54 -56 -53 -53 -54 -56 -57 -55 -56 -58 -58 -61 -59 -57 -62 -61 -59 -66 -65 -59 -60 -61 -60 -60 -62 -57 -59 -58 -59 -55 -56 -54 -53 -54 -56 -55 -57 -57 -56 -57 -56 -56 -59 -62 -60 -58 -59 -57 -62 -62 -54 -57 -59 -61 -67 -59 -64 -59 -59 -59 -61 -56 -58 -58 -57 -58 203 13677 305 5074
-58 -58 -60 -59 -59 -53 -55 -59 -58 -59 -58 -57 -56 -63 -56 -59 -59 -56 -56 -53 -57 -55 -57 -58 -58 -58 -58 -56 -58 -58 -60 -59 -55 -57 -54 -59 -60 -55 -56 -55 -59 -53 -57 -54 -57 -57 -63 -57 -55 -49 -29 14 98 239 388 295 -101 -398 -314 25 188 -68 -448 -525 -287 -40 -69 -261 -348 -219 -52 -8 -75 -90 -4 75 73 23 24 83 118 66 -13 -34 3 22 -30 -101 -137 -108 -86 -108 -150 -167 -140 -107 -107 -121 -120 -83 -52 -43 -51 -43 -17 5 -2 -15 -18 -11 -4 -15 -33 -49 -50 -48 -63 -74 -91 -84 -80 -89 -97 -92 -86 -82 -78 -74 -71 -62 -51 -51 -49 -42 -34 -37 -36 -37 -37 -40 -39 -42 -48 -55 -58 -62 -63 -67 -77 -67 -68 -70 -71 -72 -67 -71 -65 -58 -61 -56 -54 -52 -52 -51 -49 -44 -46 -49 -52 -52 -53 -52 -60 -57 -58 -61 -58 -63 -65 -65 -64 -62 -63 -65 -62 -62 -59 -56 -56 -56 -51 -50 -51 -54 -52 -53 -52 -54 -54 -54 -58 -55 -51 -61 -58 -59 -63 -60 -60 -63 -62 -59 -56 -58 -57 -61 -57 -54 -57 -64 -57 -53 -54 -53 -57 -56 -56 -55 -53 -56 -56 -53 -59 -57 -61 -57 -61 -53 -60 -61 -59 -56 -57 -59 -59 -57 -60 -55 -57 -56 -58 -55 -58 -55 -60 -56 -55 203 4445 305 4317
-59 -61 -57 -60 -62 -63 -60 -63 -60 -58 -61 -71 -59 -59 -54 -58 -57 -57 -61 -54 -54 -55 -51 -58 -60 -63 -61 -59 -61 -58 -54 -54 -56 -58 -63 -62 -65 -61 -60 -58 -56 -56 -58 -59 -59 -57 -61 -58 -57 -55 -39 -7 53 155 316 389 110 -285 -410 -153 149 103 -277 -537 -432 -146 -20 -157 -331 -307 -129 -10 -34 -96 -54 41 87 47 11 48 111 104 25 -34 -21 17 11 -62 -125 -129 -100 -92 -137 -173 -157 -123 -106 -113 -124 -106 -69 -51 -52 -53 -26 -5 4 -6 -15 -14 0 -3 -21 -44 -47 -42 -55 -70 -84 -92 -34 -170 -20 -146 -60 -114 -56 -97 -68 -82 -53 -56 -45 -49 -42 -38 -35 -40 -38 -38 -36 -43 -48 -57 -54 -62 -65 -67 -74 -75 -73 -75 -71 -76 -69 -70 -70 -66 -62 -61 -56 -53 -53 -51 -52 -53 -44 -51 -54 -52 -53 -57 -59 -60 -62 -58 -62 -65 -63 -67 -64 -68 -66 -64 -64 -61 -57 -56 -55 -51 -57 -57 -59 -53 -53 -52 -61 -51 -60 -52 -55 -57 -51 -59 -59 -61 -57 -58 -58 -64 -62 -61 -59 -61 -59 -57 -56 -59 -58 -56 -55 -58 -57 -53 -58 -57 -54 -53 -58 -58 -58 -59 -60 -61 -57 -59 -57 -57 -64 -60 -57 -62 -55 -62 -61 -55 -58 -59 -57 -61 -57 -58 -58 -61 -60 -53 -58 202 15913 305 4672
-57 -55 -60 -58 -57 -60 -57 -57 -55 -56 -56 -57 -61 -55 -56 -54 -57 -60 -55 -60 -58 -55 -57 -54 -59 -58 -55 -59 -58 -58 -56 -60 -59 -59 -56 -59 -57 -56 -56 -57 -57 -57 -56 -55 -55 -58 -59 -61 -60 -50 -28 17 94 234 381 304 -81 -398 -326 14 179 -57 -435 -529 -299 -50 -59 -258 -345 -227 -57 -7 -68 -86 -10 72 74 19 16 82 115 75 -5 -32 0 25 -24 -99 -137 -112 -89 -111 -154 -171 -142 -116 -112 -124 -122 -84 -56 -46 -50 -44 -18 -4 3 -14 -14 -12 1 -12 -35 -47 -46 -49 -59 -80 -89 -85 -83 -91 -93 -96 -84 -81 -78 -76 -74 -62 -52 -48 -52 -49 -36 -32 -35 -39 -40 -40 -43 -44 -51 -55 -56 -61 -64 -69 -67 -70 -71 -71 -72 -76 -68 -65 -65 -62 -59 -51 -51 -56 -49 -48 -46 -47 -48 -48 -48 -51 -50 -57 -59 -62 -58 -60 -62 -65 -64 -65 -64 -61 -63 -62 -61 -63 -58 -57 -57 -58 -56 -55 -53 -56 -55 -54 -54 -53 -58 -54 -56 -56 -58 -58 -58 -61 -61 -57 -65 -57 -60 -62 -60 -60 -56 -55 -55 -58 -56 -59 -59 -56 -59 -56 -57 -59 -53 -57 -56 -58 -59 -59 -58 -58 -58 -60 -61 -58 -61 -59 -60 -61 -60 -58 -58 -60 -58 -58 -53 -56 -58 -56 -58 -58 -54 -62 -58 202 11346 305 4324
-54 -57 -62 -58 -59 -61 -60 -59 -56 -54 -62 -54 -58 -58 -59 -63 -58 -62 -58 -58 -62 -60 -60 -60 -56 -57 -62 -59 -59 -60 -58 -58 -59 -61 -60 -61 -58 -60 -61 -56 -61 -57 -56 -56 -61 -60 -59 -61 -56 -55 -31 4 78 217 370 329 -37 -380 -351 -21 187 -12 -405 -535 -328 -62 -44 -234 -351 -249 -72 -7 -60 -94 -21 68 75 22 15 71 118 80 1 -35 -1 28 -13 -90 -135 -117 -90 -104 -151 -172 -147 -112 -110 -120 -122 -90 -55 -45 -53 -45 -21 -2 1 -12 -21 -10 -1 -13 -30 -19 -69 -32 -60 -81 -80 -95 -81 -97 -91 -106 -88 -87 -75 -83 -75 -70 -52 -48 -48 -45 -37 -37 -32 -39 -38 -43 -36 -42 -52 -55 -57 -63 -64 -70 -70 -69 -76 -73 -76 -77 -71 -70 -65 -60 -63 -57 -59 -57 -49 -54 -52 -54 -51 -50 -49 -56 -54 -56 -57 -56 -58 -64 -59 -61 -66 -59 -59 -60 -63 -68 -60 -65 -57 -57 -57 -58 -55 -53 -56 -54 -51 -53 -55 -56 -56 -56 -53 -53 -55 -56 -57 -57 -56 -59 -62 -60 -60 -57 -59 -55 -60 -60 -54 -63 -60 -57 -57 -56 -58 -56 -57 -54 -54 -51 -54 -56 -56 -55 -59 -59 -58 -62 -54 -57 -61 -62 -59 -59 -61 -61 -56 -55 -53 -54 -56 -51 -53 -59 -58 -56 -55 -52 -56 202 6188 305 4915
-61 -59 -58 -57 -58 -58 -59 -58 -62 -61 -58 -62 -58 -58 -59 -61 -60 -58 -60 -59 -58 -56 -58 -58 -61 -58 -58 -61 -60 -60 -60 -55 -58 -58 -53 -57 -60 -61 -57 -60 -56 -59 -59 -58 -60 -56 -59 -57 -57 -54 -33 4 82 212 372 335 -43 -380 -354 -22 185 -16 -411 -538 -332 -62 -48 -237 -346 -244 -67 -5 -63 -92 -24 68 72 21 15 70 114 74 -3 -37 -5 24 -14 -91 -136 -115 -88 -104 -146 -169 -146 -113 -114 -123 -123 -91 -60 -46 -51 -49 -23 2 4 -15 -15 -12 -1 -12 -33 -44 -48 -47 -60 -74 -90 -84 -81 -86 -97 -96 -89 -81 -79 -81 -79 -60 -59 -51 -45 -49 -41 -38 -34 -40 -40 -42 -41 -45 -50 -58 -56 -56 -65 -67 -74 -76 -73 -73 -77 -72 -72 -64 -67 -64 -61 -60 -58 -54 -57 -54 -51 -51 -48 -54 -51 -52 -55 -56 -62 -61 -60 -60 -59 -66 -62 -67 -67 -70 -62 -67 -67 -62 -64 -59 -58 -64 -56 -54 -57 -58 -54 -52 -56 -55 -56 -57 -57 -57 -61 -62 -57 -61 -60 -66 -63 -61 -58 -62 -64 -61 -59 -60 -57 -62 -60 -60 -55 -60 -60 -57 -59 -53 -60 -58 -65 -60 -56 -60 -62 -63 -59 -57 -59 -63 -58 -61 -58 -61 -60 -66 -61 -57 -62 -60 -61 -59 -57 -58 -60 -58 -59 -58 -56 202 1649 305 4296
-58 -58 -53 -61 -56 -55 -61 -59 -58 -61 -54 -58 -60 -55 -57 -56 -57 -59 -55 -59 -59 -59 -58 -61 -62 -62 -62 -57 -62 -58 -58 -58 -55 -57 -57 -55 -56 -58 -54 -58 -55 -54 -55 -60 -57 -59 -61 -59 -56 -56 -28 14 98 234 384 297 -99 -397 -319 13 183 -60 -445 -527 -291 -45 -65 -260 -344 -225 -49 10 -123 -48 -45 103 40 41 4 94 108 75 -18 -28 -4 27 -25 -105 -143 -108 -90 -112 -157 -172 -140 -114 -107 -126 -119 -87 -53 -45 -54 -46 -21 1 -1 -13 -15 -8 -1 -15 -34 -48 -44 -50 -64 -83 -80 -95 -85 -97 -97 -100 -88 -83 -81 -81 -73 -63 -53 -51 -47 -41 -40 -32 -31 -36 -36 -38 -41 -44 -50 -57 -54 -63 -66 -69 -73 -71 -73 -71 -72 -71 -72 -68 -68 -65 -59 -57 -52 -52 -49 -48 -48 -46 -51 -48 -54 -53 -53 -54 -52 -59 -55 -60 -62 -61 -67 -63 -62 -62 -64 -61 -60 -63 -56 -56 -57 -55 -57 -58 -56 -55 -55 -53 -56 -55 -59 -58 -57 -56 -58 -56 -59 -58 -61 -62 -62 -62 -60 -61 -59 -62 -57 -56 -60 -57 -57 -58 -56 -59 -62 -55 -58 -53 -59 -59 -57 -57 -58 -64 -61 -61 -56 -60 -58 -63 -64 -59 -56 -58 -60 -61 -61 -61 -61 -54 -55 -57 -59 -57 -59 -56 -61 -61 -57 201 12880 305 4910
-54 -56 -60 -61 -60 -57 -61 -61 -55 -55 -57 -58 -57 -56 -59 -59 -59 -61 -58 -56 -60 -58 -58 -57 -60 -56 -58 -58 -59 -58 -60 -59 -61 -61 -57 -56 -57 -58 -57 -61 -58 -60 -58 -58 -61 -60 -55 -38 -132 8 -103 17 -1 153 262 423 182 -200 -431 -227 96 153 -190 -509 -487 -204 -25 -115 -311 -330 -170 -28 -23 -85 -73 19 81 55 12 33 98 109 41 -23 -32 13 16 -44 -121 -136 -106 -86 -123 -168 -170 -132 -110 -117 -125 -112 -77 -46 -45 -53 -38 -11 3 -2 -13 -15 -9 -1 -23 -40 -47 -42 -53 -61 -81 -87 -85 -81 -93 -99 -97 -80 -79 -78 -79 -69 -58 -54 -65 -52 -42 -34 -30 -31 -37 -35 -35 -39 -44 -52 -54 -55 -63 -67 -70 -72 -74 -71 -78 -72 -71 -70 -65 -61 -62 -57 -55 -57 -52 -50 -49 -46 -47 -46 -49 -47 -49 -49 -56 -60 -57 -56 -62 -64 -67 -63 -64 -67 -59 -65 -65 -61 -60 -56 -56 -58 -56 -58 -57 -53 -54 -55 -53 -53 -51 -57 -55 -55 -58 -61 -57 -62 -61 -60 -61 -58 -62 -61 -62 -62 -60 -59 -60 -58 -55 -54 -53 -60 -55 -57 -58 -59 -57 -57 -57 -61 -57 -59 -59 -60 -61 -61 -59 -59 -57 -59 -59 -58 -57 -61 -63 -58 -54 -57 -60 -60 -55 -60 -57 -59 -57 -59 -62 201 2871 305 4948
-60 -57 -61 -58 -55 -59 -58 -55 -58 -56 -61 -61 -58 -55 -57 -60 -57 -57 -61 -56 -60 -61 -53 -56 -60 -53 -63 -57 -58 -57 -58 -57 -57 -64 -60 -56 -61 -56 -55 -61 -61 -60 -57 -57 -57 -59 -62 -63 -59 -53 -37 1 66 193 351 365 26 -348 -382 -75 174 42 -355 -545 -373 -94 -28 -207 -349 -270 -95 -9 -51 -97 -33 56 76 34 12 60 117 91 9 -35 -8 26 -4 -77 -134 -119 -94 -103 -143 -174 -152 -120 -108 -119 -126 -96 -61 -48 -54 -48 -27 -3 3 -12 -17 -10 -2 -7 -26 -40 -50 -47 -54 -77 -84 -87 -84 -91 -97 -100 -88 -85 -78 -80 -76 -64 -54 -46 -49 -47 -39 -29 -35 -38 -42 -39 -35 -45 -48 -56 -59 -61 -65 -68 -68 -73 -69 -71 -69 -74 -70 -63 -62 -63 -64 -57 -53 -49 -50 -48 -51 -46 -48 -44 -50 -49 -52 -52 -55 -59 -61 -58 -61 -60 -64 -66 -62 -66 -67 -64 -62 -62 -64 -59 -58 -55 -55 -52 -55 -58 -56 -52 -50 -52 -52 -57 -55 -52 -63 -57 -56 -55 -60 -64 -64 -60 -60 -59 -61 -65 -58 -56 -54 -59 -64 -54 -52 -54 -61 -57 -54 -52 -56 -60 -59 -61 -56 -59 -61 -60 -57 -61 -2 -137 1 -96 -32 -62 -31 -75 -51 -67 -57 -64 -59 -61 -60 -60 -57 -56 -63 -55 -54 200 14108 305 4904
-59 -57 -60 -56 -56 -58 -56 -59 -57 -59 -56 -59 -54 -61 -62 -58 -59 -52 -57 -58 -60 -60 -58 -58 -58 -58 -62 -56 -60 -59 -59 -58 -56 -60 -58 -56 -59 -58 -59 -56 -58 -60 -61 -58 -58 -61 -60 -57 -56 -57 -36 -1 74 199 360 349 -7 -357 -370 -48 183 11 -376 -546 -354 -82 -41 -214 -349 -262 -80 -3 -54 -91 -30 61 77 30 16 65 116 84 1 -35 -7 24 -10 -85 -137 -118 -92 -107 -149 -177 -148 -114 -112 -117 -129 -97 -60 -45 -53 -51 -28 -1 -3 -12 -17 -14 2 -7 -28 -42 -46 -44 -56 -73 -90 -90 -85 -90 -90 -95 -92 -82 -77 -83 -75 -66 -60 -46 -49 -46 -43 -35 -37 -39 -39 -41 -39 -47 -48 -55 -57 -64 -68 -72 -71 -69 -69 -74 -75 -76 -67 -63 -62 -64 -63 -59 -58 -52 -49 -49 -52 -49 -47 -54 -52 -52 -48 -58 -57 -51 -59 -54 -55 -63 -63 -59 -69 -65 -65 -61 -60 -64 -60 -58 -55 -56 -56 -53 -54 -53 -55 -53 -54 -53 -59 -55 -55 -56 -57 -59 -61 -60 -59 -62 -64 -58 -61 -62 -60 -63 -60 -63 -58 -59 -60 -61 -55 -57 -56 -59 -59 -56 -57 -58 -64 -5 -121 -7 -84 -36 -74 -48 -66 -56 -62 -61 -61 -62 -63 -62 -58 -61 -61 -56 -62 -56 -56 -60 -58 -56 -55 -62 -62 200 9378 305 4487
-58 -60 -62 -58 -58 -61 -59 -56 -55 -60 -62 -53 -55 -62 -60 -58 -57 -59 -63 -59 -59 -60 -56 -58 -63 -56 -57 -56 -61 -64 -60 -57 -59 -60 -56 -57 -54 -62 -59 -62 -59 -58 -56 -58 -61 -61 -60 -58 -63 -56 -33 11 93 230 387 300 -90 -398 -323 19 183 -57 -444 -531 -292 -46 -63 -258 -351 -221 -55 -8 -71 -89 -11 73 71 22 22 79 119 65 -10 -37 -1 26 -20 -104 -136 -113 -91 -105 -153 -169 -144 -112 -109 -124 -122 -87 -53 -47 -53 -43 -22 -1 -2 -13 -18 -11 -3 -13 -34 -47 -48 -45 -59 -83 -92 -89 -87 -91 -96 -95 -91 -83 -79 -81 -74 -64 -55 -48 -53 -43 -39 -37 -34 -38 -38 -37 -44 -44 -54 -56 -59 -59 -70 -76 -75 -71 -76 -69 -71 -76 -68 -69 -65 -65 -58 -57 -60 -55 -51 -50 -51 -54 -47 -50 -53 -56 -53 -52 -58 -57 -63 -65 -64 -66 -64 -67 -65 -67 -68 -63 -66 -59 -60 -58 -59 -58 -55 -57 -56 -53 -53 -55 -56 -55 -59 -55 -59 -60 -60 -60 -62 -55 -61 -55 -57 -59 -57 -62 -62 -62 -59 -64 -61 -55 -57 -56 -57 -57 -53 -63 -59 -58 -56 -57 -57 -59 -63 -59 -61 -63 -60 -64 -65 -62 -58 -61 -61 -60 -61 -59 -56 -60 -63 -57 -59 -57 -57 -55 -57 -58 -58 -58 -59 200 4646 305 4489
-51 -51 -50 -50 -51 -50 -50 -52 -51 -53 -51 -48 -52 -51 -51 -51 -56 -52 -55 -52 -52 -50 -51 -51 -52 -51 -55 -53 -51 -51 -54 -51 -48 -52 -52 -53 -53 -53 -53 -51 -53 -53 -51 -49 -49 -54 -53 -48 -51 -50 -37 -8 41 144 299 410 180 -225 -417 -206 124 149 -196 -513 -462 -181 -9 -120 -311 -315 -152 -14 -17 -83 -63 29 95 62 17 45 112 116 46 -20 -16 25 22 -40 -117 -128 -93 -88 -118 -162 -159 -120 -98 -107 -121 -103 -67 -43 -41 -45 -28 -1 15 7 -8 -3 8 4 -10 -33 -40 -37 -40 -61 -74 -82 -78 -78 -84 -94 -88 -79 -71 -72 -69 -64 -51 -46 -39 -39 -35 -29 -29 -28 -31 -32 -30 -28 -37 -50 -48 -53 -55 -62 -66 -63 -65 -69 -72 -69 -61 -62 -60 -56 -56 -51 -48 -44 -47 -43 -42 -41 -39 -43 -42 -44 -45 -42 -47 -49 -50 -54 -53 -57 -56 -59 -55 -58 -53 -56 -57 -55 -57 -54 -50 -52 -46 -47 -50 -42 -45 -45 -48 -49 -51 -47 -53 -46 -49 -53 -52 -50 -53 -53 -55 -48 -57 -55 -53 -54 -51 -52 -50 -48 -53 -46 -47 -50 -49 -53 -48 -49 -49 -52 -51 -49 -52 -54 -48 -51 -52 -53 -52 -47 -53 -49 -49 -51 -51 -53 -49 -54 -54 -50 -53 -49 -46 -47 -45 -53 -49 -50 -52 199 16233 305 4553
-89 -32 -84 -36 -79 -47 -71 -51 -72 -50 -66 -60 -62 -58 -62 -59 -64 -57 -55 -58 -55 -60 -62 -59 -58 -60 -57 -60 -59 -59 -58 -58 -59 -60 -59 -59 -62 -59 -60 -60 -61 -57 -59 -60 -67 -60 -61 -61 -61 -60 -48 -19 35 144 299 399 176 -236 -421 -208 118 140 -209 -517 -465 -188 -19 -132 -314 -321 -153 -25 -23 -87 -64 28 83 55 13 37 105 107 37 -25 -21 15 17 -49 -123 -132 -101 -88 -127 -166 -164 -131 -103 -115 -124 -110 -76 -49 -46 -54 -36 -10 5 -6 -17 -15 -5 -2 -22 -37 -46 -47 -51 -71 -80 -89 -84 -89 -95 -99 -95 -83 -76 -77 -76 -72 -57 -53 -51 -47 -42 -35 -32 -36 -41 -38 -39 -41 -44 -52 -53 -55 -61 -67 -71 -72 -72 -72 -77 -80 -69 -73 -67 -70 -66 -63 -60 -57 -52 -51 -48 -49 -46 -49 -48 -54 -52 -53 -55 -60 -59 -62 -61 -65 -64 -62 -65 -65 -65 -68 -62 -55 -56 -58 -58 -60 -56 -53 -56 -60 -61 -58 -53 -55 -60 -61 -63 -57 -56 -62 -64 -67 -60 -55 -56 -59 -64 -59 -59 -58 -59 -55 -58 -58 -57 -59 -61 -59 -53 -63 -60 -59 -56 -59 -56 -59 -58 -58 -59 -57 -58 -58 -58 -57 -58 -62 -62 -58 -57 -57 -58 -60 -57 -55 -58 -56 -57 -57 -60 -61 -57 -55 -57 199 11396 305 4594
-60 -55 -58 -56 -59 -58 -53 -59 -56 -55 -61 -58 -59 -58 -58 -57 -62 -60 -57 -59 -56 -56 -57 -61 -60 -57 -50 -59 -61 -59 -53 -58 -58 -57 -56 -52 -57 -62 -59 -58 -59 -60 -58 -59 -57 -62 -57 -57 -55 -54 -33 1 72 201 366 348 -18 -362 -366 -45 185 6 -391 -537 -345 -76 -39 -226 -348 -254 -76 -7 -57 -92 -26 62 76 25 18 66 119 83 3 -37 -7 28 -9 -91 -132 -121 -93 -104 -150 -174 -148 -113 -106 -121 -120 -93 -64 -46 -52 -46 -23 -2 5 -12 -16 -6 3 -11 -30 -46 -44 -48 -57 -76 -81 -87 -85 -90 -95 -101 -90 -81 -79 -80 -68 -62 -58 -50 -49 -46 -38 -32 -31 -39 -34 -39 -40 -42 -47 -53 -57 -59 -63 -68 -74 -70 -72 -73 -72 -75 -71 -67 -62 -62 -62 -59 -55 -54 -48 -54 -49 -47 -45 -52 -49 -52 -50 -52 -57 -60 -62 -60 -60 -63 -58 -68 -65 -62 -66 -64 -61 -62 -63 -61 -59 -56 -55 -14 -133 10 -101 -15 -84 -29 -76 -41 -69 -52 -65 -55 -64 -59 -63 -62 -59 -60 -60 -56 -59 -62 -58 -60 -58 -59 -61 -60 -58 -59 -57 -60 -62 -58 -61 -56 -58 -57 -57 -61 -55 -62 -64 -58 -61 -65 -55 -63 -54 -67 -60 -64 -57 -57 -57 -59 -61 -59 -56 -52 -58 -55 -57 -58 -57 199 6498 305 4655
-57 -59 -60 -58 -54 -59 -55 -58 -60 -57 -57 -58 -59 -60 -60 -58 -60 -59 -58 -60 -61 -56 -56 -54 -55 -56 -55 -55 -55 -55 -55 -59 -55 -57 -60 -55 -57 -61 -56 -55 -58 -57 -59 -55 -60 -57 -60 -56 -56 -47 -23 18 112 258 396 259 -151 -413 -278 59 167 -120 -479 -508 -250 -32 -88 -283 -339 -199 -34 -16 -79 -81 1 80 62 14 29 90 113 57 -16 -27 10 18 -33 -109 -138 -109 -90 -115 -154 -172 -139 -110 -112 -125 -113 -81 -50 -43 -51 -43 -14 -1 0 -15 -17 -1 -2 -17 -39 -46 -44 -51 -58 -78 -87 -85 -86 -93 -97 -97 -88 -79 -83 -79 -71 -60 -52 -48 -48 -41 -37 -33 -33 -36 -37 -37 -37 -45 -46 -56 -55 -61 -67 -68 -73 -70 -72 -71 -77 -71 -71 -67 -62 -61 -55 -57 -51 -53 -50 -50 -51 -45 -51 -52 -51 -53 -50 -50 -55 -56 -60 -58 -59 -63 -65 -67 -66 -69 -66 -66 -59 -60 -61 -54 -56 -60 -55 -52 -53 -52 -55 -52 -51 -52 -56 -54 -57 -57 -60 -56 -60 -63 -57 -56 -61 -63 -61 -60 -57 -59 -59 -57 -57 -57 -58 -57 -55 -54 -56 -53 -52 -55 -57 -56 -57 -57 -55 -56 -56 -56 -58 -61 -61 -60 -60 -58 -60 -58 -59 -55 -58 -61 -55 -56 -57 -55 -57 -58 -61 -57 -53 -56 -56 199 1893 305 4362
-30 -77 -61 -45 -69 -48 -71 -57 -68 -53 -67 -53 -67 -56 -67 -57 -62 -56 -60 -57 -61 -56 -59 -59 -63 -59 -60 -61 -58 -62 -60 -63 -61 -59 -58 -62 -60 -60 -63 -56 -59 -59 -57 -57 -59 -72 -58 -59 -56 -58 -32 5 91 220 381 315 -72 -393 -337 -3 189 -39 -427 -529 -307 -51 -59 -251 -345 -231 -66 -11 -65 -87 -13 68 76 26 18 80 117 75 -7 -35 5 29 -19 -96 -134 -116 -87 -109 -155 -171 -143 -115 -108 -125 -121 -93 -54 -45 -52 -43 -22 2 1 -12 -14 -4 -3 -12 -36 -46 -42 -43 -62 -77 -88 -86 -87 -91 -100 -102 -90 -81 -77 -82 -76 -60 -50 -49 -48 -44 -35 -30 -33 -40 -39 -39 -37 -43 -51 -57 -56 -59 -67 -73 -72 -71 -71 -74 -74 -75 -70 -68 -64 -63 -60 -57 -51 -53 -53 -51 -49 -46 -47 -51 -51 -54 -53 -54 -57 -56 -59 -62 -61 -62 -65 -65 -64 -65 -62 -64 -62 -62 -62 -62 -61 -56 -47 -54 -52 -52 -61 -59 -58 -55 -61 -57 -58 -60 -58 -61 -60 -62 -63 -62 -60 -59 -60 -63 -62 -62 -57 -59 -59 -57 -60 -57 -55 -56 -56 -57 -56 -57 -54 -60 -59 -60 -60 -60 -61 -58 -59 -61 -60 -60 -60 -60 -62 -58 -57 -58 -57 -58 -58 -59 -60 -57 -56 -58 -55 -54 -55 -57 -60 198 13327 305 4707
-59 -52 -46 -52 -53 -62 -58 -54 -53 -60 -64 -70 -70 -64 -64 -61 -61 -64 -61 -61 -56 -56 -56 -58 -58 -57 -56 -52 -60 -58 -58 -60 -57 -60 -57 -59 -55 -57 -58 -58 -57 -60 -59 -57 -59 -60 -64 -61 -61 -59 -41 -8 65 180 337 383 62 -318 -399 -113 170 73 -318 -544 -403 -113 -23 -184 -342 -290 -106 -9 -46 -94 -46 49 79 35 11 57 111 96 14 -35 -14 23 -1 -76 -130 -126 -87 -99 -140 -173 -157 -123 -107 -118 -125 -103 -63 -44 -52 -47 -26 -8 -1 -9 -17 -11 1 -8 -28 -43 -48 -42 -53 -72 -85 -87 -85 -87 -94 -99 -90 -85 -83 -78 -75 -68 -57 -50 -48 -50 -40 -36 -23 -25 -90 8 -80 -15 -77 -35 -76 -47 -75 -57 -84 -70 -80 -68 -81 -77 -73 -67 -68 -62 -62 -60 -55 -57 -53 -55 -51 -51 -51 -51 -51 -51 -54 -54 -56 -60 -58 -62 -63 -67 -69 -69 -72 -63 -57 -57 -70 -61 -66 -63 -58 -61 -57 -55 -57 -51 -51 -57 -52 -53 -56 -55 -56 -56 -59 -60 -56 -58 -61 -60 -58 -59 -65 -62 -62 -60 -62 -64 -58 -57 -58 -57 -56 -58 -58 -56 -59 -57 -54 -52 -53 -59 -57 -57 -56 -58 -61 -63 -57 -59 -58 -60 -58 -56 -55 -61 -59 -59 -57 -55 -56 -58 -56 -58 -60 -60 -56 -56 -56 198 8423 305 4661
-59 -59 -58 -57 -59 -58 -58 -59 -62 -60 -64 -66 -66 -57 -50 -45 -53 -59 -64 -57 -54 -45 -57 -59 -64 -55 -49 -53 -57 -64 -65 -66 -59 -59 -58 -61 -61 -64 -62 -59 -57 -58 -57 -57 -56 -63 -57 -56 -57 -53 -37 -2 70 201 358 352 7 -352 -378 -63 179 24 -375 -544 -369 -87 -33 -214 -349 -265 -88 -3 -52 -98 -35 56 81 33 10 67 119 84 7 -32 -11 25 -9 -84 -132 -117 -94 -102 -149 -173 -152 -118 -107 -119 -127 -99 -62 -46 -55 -51 -26 -2 0 -12 -19 -13 3 -11 -30 -39 -45 -49 -55 -75 -88 -89 -88 -91 -89 -103 -89 -83 -80 -83 -77 -69 -55 -49 -49 -44 -38 -28 -35 -39 -37 -39 -36 -45 -50 -52 -62 -62 -62 -71 -70 -73 -71 -72 -75 -77 -72 -68 -64 -65 -61 -59 -54 -53 -48 -52 -50 -47 -50 -45 -48 -49 -49 -53 -56 -60 -64 -59 -65 -57 -64 -66 -59 -65 -64 -66 -64 -58 -64 -61 -62 -57 -54 -56 -54 -57 -57 -53 -51 -54 -57 -57 -61 -57 -64 -60 -56 -57 -63 -62 -64 -58 -58 -59 -62 -56 -63 -59 -58 -59 -59 -59 -56 -56 -58 -56 -57 -58 -60 -58 -57 -57 -59 -58 -62 -57 -60 -59 -60 -20 -119 -6 -84 -36 -74 -49 -67 -50 -66 -55 -61 -59 -58 -62 -58 -58 -64 -56 -59 198 3410 305 4769
-54 -57 -58 -61 -61 -55 -60 -53 -58 -59 -63 -56 -57 -58 -62 -60 -57 -57 -64 -61 -62 -59 -60 -61 -58 -61 -57 -56 -59 -60 -64 -60 -59 -61 -61 -59 -59 -55 -57 -59 -58 -58 -61 -62 -63 -60 -61 -62 -60 -54 -33 8 87 219 372 324 -59 -386 -345 -11 182 -29 -417 -541 -320 -56 -56 -244 -352 -237 -63 -8 -67 -90 -16 64 74 24 17 72 114 76 -2 -36 -2 19 -18 -96 -137 -116 -91 -104 -153 -174 -148 -110 -105 -122 -122 -89 -55 -49 -56 -49 -20 2 -4 -13 -14 -9 -3 -13 -32 -47 -49 -48 -60 -77 -88 -86 -86 -90 -99 -97 -91 -77 -80 -77 -79 -60 -52 -51 -48 -46 -40 -32 -31 -40 -38 -37 -41 -45 -52 -56 -60 -56 -67 -68 -72 -72 -70 -75 -74 -70 -71 -67 -66 -65 -60 -58 -56 -52 -53 -51 -51 -51 -45 -51 -53 -52 -50 -49 -54 -58 -58 -64 -62 -65 -69 -68 -63 -66 -62 -65 -64 -56 -63 -57 -57 -56 -54 -55 -50 -57 -53 -55 -57 -53 -56 -59 -55 -56 -61 -62 -62 -58 -65 -65 -61 -62 -62 -64 -61 -58 -58 -62 -62 -60 -61 -61 -57 -57 -59 -57 -58 -57 -58 -58 -59 -57 -55 -61 -63 -59 -62 -62 -62 -58 -62 -60 -62 -61 -57 -59 -57 -60 -61 -60 -58 -59 -57 -56 -57 -56 -61 -57 -60 197 14479 305 5072
-58 -56 -58 -55 -59 -58 -63 -63 -59 -53 -53 -53 -56 -57 -58 -58 -59 -61 -55 -63 -57 -62 -54 -60 -60 -58 -60 -61 -59 -59 -57 -57 -59 -59 -56 -59 -57 -59 -60 -53 -61 -59 -62 -62 -59 -58 -59 -58 -57 -54 -35 7 86 217 379 323 -54 -387 -346 -13 186 -29 -420 -533 -323 -57 -48 -240 -350 -238 -69 -5 -65 -91 -21 65 75 21 20 78 119 78 -5 -36 -5 25 -17 -91 -138 -115 -88 -108 -153 -172 -144 -111 -109 -120 -121 -94 -56 -45 -52 -49 -21 3 3 -12 -16 -6 0 -7 -30 -41 -47 -45 -59 -77 -87 -90 -88 -89 -93 -99 -92 -83 -80 -80 -73 -61 -56 -49 -53 -44 -42 -39 -33 -36 -39 -39 -40 -45 -48 -54 -58 -56 -62 -65 -72 -73 -71 -74 -72 -74 -70 -66 -68 -63 -62 -57 -55 -51 -53 -51 -49 -46 -51 -48 -48 -53 -54 -54 -56 -58 -57 -59 -65 -63 -63 -62 -68 -66 -63 -63 -61 -61 -63 -59 -55 -58 -56 -55 -55 -53 -52 -54 -52 -53 -54 -54 -57 -54 -58 -59 -57 -61 -60 -57 -59 -58 -64 -59 -57 -57 -63 -59 -59 -58 -60 -58 -57 -59 -57 -57 -55 -55 -56 -56 -59 -60 -60 -55 -57 -57 -59 -58 -62 -57 -59 -59 -61 -59 -61 -56 -59 -60 -61 -54 -57 -54 -61 -52 -57 -58 -59 -61 -58 197 9829 305 4407
-56 -53 -55 -55 -55 -57 -54 -55 -51 -56 -56 -54 -57 -53 -57 -58 -56 -56 -53 -53 -55 -58 -58 -55 -53 -52 -58 -56 -56 -55 -56 -54 -55 -55 -58 -54 -57 -54 -57 -56 -59 -56 -56 -55 -56 -60 -56 -57 -56 -53 -46 -18 33 131 281 400 254 -278 -358 -286 132 129 -148 -519 -470 -219 -7 -120 -297 -334 -172 -30 -19 -90 -73 18 79 60 16 35 101 118 50 -24 -21 13 19 -43 -120 -134 -102 -89 -127 -168 -167 -134 -108 -109 -127 -111 -77 -48 -44 -51 -44 -3 4 -1 -14 -17 -7 1 -17 -32 -43 -45 -46 -66 -77 -88 -89 -88 -88 -93 -94 -86 -77 -75 -75 -67 -55 -50 -45 -48 -39 -36 -33 -29 -35 -35 -35 -42 -44 -45 -51 -53 -58 -61 -68 -67 -65 -71 -72 -67 -67 -67 -63 -65 -57 -58 -54 -48 -55 -48 -44 -49 -45 -48 -44 -49 -46 -48 -51 -55 -55 -59 -59 -61 -66 -61 -61 -64 -58 -61 -59 -61 -57 -59 -58 -56 -55 -52 -54 -55 -50 -50 -52 -46 -55 -55 -54 -52 -53 -57 -57 -56 -58 -60 -58 -57 -59 -57 -56 -60 -55 -59 -57 -60 -54 -56 -57 -54 -56 -58 -53 -57 -52 -54 -54 -52 -57 -52 -53 -56 -53 -56 -56 -56 -58 -60 -58 -57 -58 -63 -58 -55 -55 -55 -55 -54 -53 -55 -58 -56 -58 -54 -54 197 5013 305 4572
-55 -61 -61 -61 -64 -61 -65 -67 -66 -63 -53 -63 -64 -62 -56 -56 -60 -60 -61 -58 -52 -48 -58 -58 -62 -60 -59 -57 -55 -56 -59 -59 -60 -60 -58 -63 -59 -57 -60 -58 -58 -63 -60 -64 -62 -57 -61 -57 -59 -54 -41 -8 58 179 334 384 63 -322 -396 -109 165 75 -324 -542 -398 -116 -22 -184 -339 -288 -113 -10 -47 -95 -43 54 84 34 8 57 114 96 13 -32 -9 30 -3 -71 -132 -127 -93 -99 -142 -172 -157 -119 -106 -121 -127 -102 -61 -46 -50 -53 -29 -5 0 -9 -19 -13 -5 -4 -27 -46 -49 -49 -56 -71 -85 -91 -87 -87 -95 -99 -95 -85 -77 -80 -69 -67 -56 -50 -51 -47 -43 -36 -31 -35 -39 -41 -45 -44 -49 -52 -57 -56 -64 -65 -69 -71 -73 -74 -79 -76 -76 -67 -63 -67 -12 -136 15 -97 -13 -73 -32 -69 -38 -58 -47 -56 -53 -58 -54 -65 -60 -66 -63 -62 -67 -67 -60 -66 -68 -64 -66 -62 -58 -60 -56 -60 -56 -56 -55 -56 -57 -57 -55 -57 -56 -60 -59 -62 -61 -60 -65 -66 -65 -61 -64 -64 -68 -61 -63 -62 -60 -60 -61 -60 -56 -57 -57 -59 -57 -55 -57 -58 -57 -59 -55 -55 -60 -60 -57 -57 -59 -59 -56 -58 -58 -67 -58 -64 -62 -58 -59 -57 -57 -61 -58 -58 -61 -58 -59 -56 -61 -60 -55 197 438 305 4333
-47 -54 -46 -51 -53 -52 -53 -49 -51 -53 -52 -53 -49 -51 -48 -52 -51 -50 -50 -53 -51 -51 -51 -49 -49 -55 -57 -51 -53 -49 -52 -47 -49 -51 -48 -52 -49 -54 -47 -49 -47 -52 -52 -50 -52 -46 -53 -48 -51 -44 -30 2 63 181 342 390 83 -306 -389 -114 175 86 -301 -530 -398 -119 -9 -175 -331 -282 -106 -1 -35 -84 -37 55 95 50 23 66 120 109 23 -26 -10 34 11 -62 -123 -116 -86 -88 -133 -165 -147 -112 -101 -114 -119 -93 -59 -39 -42 -49 -28 3 3 -1 -11 -3 8 3 -20 -36 -33 -42 -50 -59 -80 -83 -79 -82 -89 -92 -88 -74 -72 -71 -66 -55 -51 -39 -40 -39 -33 -32 -27 -28 -30 -37 -33 -40 -38 -46 -50 -51 -54 -56 -60 -62 -65 -62 -64 -67 -66 -59 -60 -54 -52 -52 -49 -48 -44 -40 -40 -41 -40 -39 -42 -45 -43 -45 -47 -44 -51 -52 -55 -53 -55 -56 -56 -53 -55 -54 -52 -55 -51 -51 -52 -49 -49 -51 -45 -45 -46 -45 -45 -44 -46 -46 -48 -48 -46 -53 -50 -47 -51 -49 -54 -53 -49 -55 -51 -53 -52 -51 -52 -49 -47 -51 -50 -45 -52 -46 -50 -46 -44 -51 -52 -51 -51 -51 -48 -52 -50 -53 -49 -48 -45 -56 -51 -48 -51 -50 -55 -48 -46 -52 -52 -51 -49 -53 -52 -50 -51 -46 -51 196 7139 305 4758
-52 -46 -50 -51 -50 -53 -45 -49 -45 -50 -49 -48 -49 -52 -50 -51 -50 -52 -53 -50 -51 -51 -52 -53 -51 -52 -48 -54 -48 -49 -49 -52 -52 -48 -50 -52 -52 -53 -52 -49 -53 -50 -49 -51 -49 -52 -53 -53 -50 -48 -39 -14 40 142 293 406 198 -210 -413 -214 122 154 -190 -509 -468 -189 -11 -113 -303 -320 -153 -18 -14 -80 -60 32 91 62 20 45 107 115 50 -22 -15 25 22 -43 -111 -126 -93 -83 -115 -156 -159 -126 -103 -110 -119 -102 -68 -43 -41 -45 -33 -4 11 5 -10 -5 2 3 -12 -30 -40 -40 -44 -55 -77 -81 -78 -78 -86 -94 -87 -76 -70 -69 -73 -61 -50 -45 -40 -40 -35 -30 -27 -28 -27 -31 -27 -30 -35 -42 -49 -51 -52 -59 -58 -66 -67 -62 -65 -67 -63 -59 -55 -55 -54 -49 -47 -54 -48 -43 -41 -38 -38 -43 -44 -40 -43 -41 -44 -49 -46 -51 -53 -55 -56 -56 -56 -58 -55 -56 -59 -57 -57 -52 -48 -50 -49 -47 -51 -50 -50 -47 -47 -50 -49 -45 -49 -49 -51 -51 -47 -53 -53 -46 -54 -51 -53 -54 -53 -53 -53 -50 -51 -50 -52 -49 -50 -50 -49 -52 -44 -49 -51 -48 -50 -52 -52 -52 -48 -48 -54 -54 -49 -55 -53 -51 -50 -50 -52 -55 -51 -52 -53 -45 -51 -49 -49 -52 -50 -53 -49 -46 -49 196 2436 305 4460
-54 -57 -55 -53 -54 -52 -58 -60 -55 -56 -54 -60 -57 -52 -58 -56 -53 -58 -52 -54 -57 -57 -57 -52 -53 -52 -53 -54 -56 -55 -55 -56 -53 -58 -55 -58 -57 -53 -58 -59 -53 -53 -55 -56 -56 -57 -57 -52 -55 -56 -35 -9 69 183 344 377 56 -331 -394 -97 172 63 -327 -541 -387 -108 -19 -189 -341 -287 -100 -5 -40 -93 -41 54 83 39 14 64 118 96 17 -32 -7 27 5 -76 -127 -124 -85 -95 -140 -169 -151 -119 -102 -116 -121 -95 -61 -42 -43 -48 -25 -1 8 -6 -16 -9 3 -9 -21 -40 -40 -45 -54 -70 -81 -88 -82 -87 -92 -101 -88 -83 -75 -73 -71 -64 -51 -47 -46 -45 -35 -31 -31 -41 -35 -40 -39 -34 -46 -53 -53 -58 -61 -65 -67 -66 -71 -69 -71 -70 -67 -64 -62 -61 -59 -56 -56 -51 -47 -46 -44 -44 -43 -45 -47 -51 -46 -53 -57 -56 -56 -57 -55 -59 -61 -60 -57 -63 -62 -60 -58 -57 -57 -56 -54 -54 -54 -54 -53 -53 -51 -52 -54 -52 -53 -51 -55 -57 -52 -53 -58 -55 -61 -60 -61 -61 -56 -56 -60 -56 -58 -58 -56 -55 -54 -57 -53 -54 -54 -54 -55 -59 -55 -56 -51 -54 -57 -53 -60 -55 -54 -59 -59 -58 -56 -59 -58 -51 -54 -55 -51 -56 -53 -50 -57 -52 -53 -57 -51 -58 -56 -58 -54 195 13731 305 4846
-49 -52 -49 -49 -53 -54 -51 -51 -50 -51 -49 -52 -52 -49 -51 -54 -46 -48 -47 -53 -49 -50 -48 -49 -51 -51 -49 -51 -50 -50 -47 -51 -50 -50 -47 -51 -49 -47 -49 -51 -49 -51 -46 -51 -45 -49 -44 -47 -45 -49 -31 41 7 270 313 393 -37 -325 -378 -31 166 27 -381 -525 -353 -74 -33 -209 -333 -246 -73 0 -49 -87 -14 71 88 37 26 76 122 91 7 -25 1 29 -2 -76 -124 -115 -85 -102 -140 -169 -137 -110 -97 -122 -112 -89 -49 -40 -47 -42 -18 4 7 -3 -12 -6 9 -6 -18 -37 -37 -35 -52 -62 -78 -76 -73 -77 -81 -88 -86 -75 -73 -70 -65 -60 -45 -45 -42 -34 -33 -28 -25 -28 -24 -31 -30 -36 -37 -47 -48 -53 -52 -59 -57 -60 -64 -66 -64 -65 -63 -63 -58 -53 -47 -51 -50 -47 -43 -43 -39 -38 -40 -39 -40 -39 -45 -45 -46 -50 -51 -49 -55 -55 -53 -57 -55 -55 -58 -55 -54 -51 -50 -52 -47 -49 -41 -40 -48 -46 -49 -44 -48 -46 -47 -47 -48 -49 -46 -49 -52 -52 -53 -52 -53 -52 -52 -55 -52 -52 -53 -51 -52 -52 -44 -55 -48 -45 -51 -44 -45 -47 -50 -49 -47 -55 -52 -49 -50 -49 -50 -46 -50 -52 -52 -54 -49 -49 -55 -49 -51 -52 -55 -50 -50 -53 -52 -52 -45 -53 -47 -50 -50 194 15733 305 4754
-62 -61 -60 -55 -61 -55 -60 -58 -60 -61 -62 -57 -57 -61 -57 -59 -58 -57 -57 -54 -62 -56 -59 -61 -62 -61 -57 -58 -62 -56 -60 -57 -57 -62 -58 -61 -61 -54 -60 -57 -61 -58 -55 -61 -64 -57 -63 -59 -55 -55 -42 -14 51 190 258 448 36 -257 -442 -109 141 101 -312 -527 -426 -129 -26 -174 -344 -296 -123 -12 -42 -96 -52 43 81 38 9 51 112 99 22 -36 -20 20 1 -70 -129 -130 -97 -100 -141 -175 -162 -125 -112 -126 -126 -104 -68 -44 -54 -53 -27 -6 5 -9 -19 -13 -1 -4 -26 -41 -49 -45 -55 -72 -80 -87 -85 -81 -99 -99 -95 -82 -83 -78 -73 -62 -57 -48 -49 -47 -42 -36 -38 -35 -38 -39 -41 -43 -49 -51 -55 -58 -61 -65 -73 -75 -74 -72 -78 -74 -73 -68 -65 -65 -62 -58 -54 -53 -51 -51 -48 -49 -46 -50 -48 -48 -55 -55 -56 -56 -65 -56 -66 -63 -66 -65 -67 -69 -66 -65 -64 -61 -62 -58 -58 -55 -56 -54 -55 -52 -53 -52 -49 -54 -58 -57 -56 -59 -63 -58 -60 -63 -63 -63 -64 -65 -60 -61 -63 -56 -64 -56 -54 -57 -60 -57 -58 -55 -59 -55 -56 -54 -59 -57 -60 -56 -53 -56 -59 -60 -60 -60 -62 -61 -63 -62 -60 -58 -61 -62 -60 -60 -60 -58 -56 -57 -55 -57 -62 -60 -59 -61 -57 194 1555 305 4406
-57 -55 -58 -58 -60 -56 -57 -58 -62 -62 -56 -62 -58 -60 -58 -61 -59 -60 -59 -57 -60 -56 -60 -57 -55 -53 -59 -62 -60 -63 -54 -61 -57 -61 -60 -64 -61 -56 -61 -58 -60 -60 -56 -57 -60 -59 -62 -60 -58 -53 -39 -14 51 165 327 389 82 -305 -407 -134 158 84 -299 -541 -417 -130 -20 -174 -339 -294 -119 -9 -40 -96 -49 44 80 40 7 57 111 102 20 -35 -14 23 4 -71 -131 -126 -96 -90 -138 -175 -159 -121 -107 -116 -128 -106 -66 -48 -48 -52 -32 -6 3 -11 -19 -12 -1 -5 -26 -43 -47 -50 -58 -69 -85 -92 -85 -85 -95 -98 -96 -84 -83 -78 -77 -72 -55 -54 -47 -47 -43 -38 -33 -35 -42 -33 -37 -45 -50 -53 -54 -59 -61 -64 -69 -73 -74 -72 -73 -72 -68 -69 -67 -66 -59 -65 -54 -54 -54 -52 -51 -49 -52 -53 -53 -49 -49 -52 -55 -61 -57 -64 -59 -68 -68 -66 -67 -65 -62 -64 -66 -61 -62 -61 -61 -59 -60 -52 -57 -55 -56 2 -134 11 -94 -23 -83 -41 -71 -53 -70 -61 -67 -64 -67 -60 -66 -61 -67 -63 -62 -63 -57 -59 -61 -56 -58 -58 -58 -59 -61 -56 -58 -55 -62 -57 -61 -61 -58 -61 -62 -61 -59 -60 -57 -66 -62 -64 -58 -63 -56 -58 -60 -58 -64 -58 -61 -59 -58 -57 -57 -57 -58 193 13014 305 4682
-62 -58 -57 -62 -60 -57 -58 -53 -58 -56 -57 -59 -60 -59 -61 -60 -59 -57 -60 -59 -56 -62 -53 -60 -56 -58 -60 -53 -55 -59 -59 -57 -57 -59 -55 -56 -53 -60 -59 -56 -53 -59 -53 -58 -54 -56 -56 -57 -56 -53 -45 -16 37 132 289 401 186 -220 -423 -215 117 149 -195 -514 -469 -192 -13 -122 -313 -328 -156 -21 -18 -90 -67 29 83 59 8 40 99 111 43 -23 -31 16 20 -45 -116 -137 -101 -85 -118 -164 -165 -128 -107 -109 -124 -112 -73 -48 -44 -52 -36 -10 4 -1 -19 -13 -1 -2 -18 -38 -44 -42 -47 -63 -81 -86 -84 -83 -91 -98 -96 -85 -76 -77 -77 -66 -60 -51 -48 -51 -41 -34 -33 -37 -36 -39 -40 -41 -46 -52 -56 -59 -60 -66 -66 -69 -69 -73 -70 -77 -73 -66 -68 -62 -60 -57 -53 -56 -53 -53 -47 -46 -50 -46 -49 -47 -48 -50 -52 -57 -58 -55 -60 -65 -62 -63 -67 -62 -67 -66 -65 -62 -64 -59 -55 -58 -52 -52 -53 -53 -51 -55 -52 -53 -57 -52 -56 -56 -57 -60 -58 -61 -59 -60 -60 -61 -59 -57 -58 -59 -61 -59 -60 -57 -60 -57 -57 -56 -53 -55 -53 -54 -57 -54 -56 -55 -53 -56 -61 -57 -59 -60 -61 -62 -57 -59 -58 -56 -67 -58 -55 -59 -58 -58 -59 -57 -53 -57 -60 -57 -56 -55 -59 193 3667 305 4356
-56 -58 -55 -59 -56 -54 -61 -60 -60 -60 -60 -59 -60 -61 -64 -58 -61 -58 -53 -58 -62 -56 -56 -58 -56 -55 -54 -62 -60 -60 -57 -57 -59 -59 -55 -62 -59 -68 -65 -58 -54 -50 -50 -63 -63 -64 -49 -48 -52 -60 -39 -4 73 193 354 362 21 -352 -382 -79 179 39 -354 -547 -378 -97 -28 -203 -343 -269 -90 -4 -50 -93 -34 54 81 31 12 64 117 96 12 -37 -8 27 -5 -78 -131 -127 -92 -99 -143 -175 -150 -121 -107 -115 -123 -99 -60 -44 -52 -49 -24 -2 4 -9 -17 -11 0 -7 -25 -41 -45 -46 -55 -75 -84 -86 -86 -87 -95 -98 -91 -80 -78 -80 -78 -64 -58 -49 -50 -45 -41 -35 10 -118 27 -95 -3 -73 -24 -68 -45 -69 -56 -75 -67 -77 -71 -77 -74 -73 -70 -66 -64 -62 -59 -60 -58 -53 -52 -51 -52 -47 -48 -49 -50 -49 -56 -56 -55 -60 -60 -58 -63 -62 -68 -64 -67 -61 -69 -73 -58 -65 -59 -65 -60 -60 -58 -58 -55 -57 -52 -53 -51 -55 -54 -59 -50 -50 -58 -57 -58 -60 -56 -59 -58 -60 -62 -62 -61 -60 -59 -60 -59 -60 -56 -56 -60 -53 -55 -53 -55 -55 -57 -57 -57 -59 -56 -58 -57 -56 -55 -63 -57 -58 -58 -62 -58 -58 -59 -58 -56 -58 -61 -59 -58 -57 -54 -55 -54 -59 -54 -58 -59 192 15401 305 4407
-58 -59 -61 -56 -58 -59 -59 -58 -58 -59 -55 -59 -58 -55 -62 -59 -59 -58 -58 -63 -56 -61 -55 -56 -56 -57 -57 -58 -56 -60 -60 -65 -61 -55 -60 -59 -56 -59 -60 -57 -55 -60 -60 -59 -57 -59 -59 -66 -60 -57 -43 -13 43 161 315 393 116 -280 -414 -157 146 109 -269 -535 -429 -149 -16 -155 -328 -308 -131 -14 -33 -91 -57 38 84 45 11 49 108 101 26 -26 -21 22 6 -68 -127 -130 -96 -93 -137 -167 -158 -122 -104 -115 -127 -109 -64 -48 -50 -48 -37 -7 4 -8 -12 -11 5 -8 -24 -40 -49 -46 -49 -71 -80 -88 -87 -87 -89 -99 -95 -83 -79 -75 -76 -67 -57 -50 -49 -47 -41 -36 -33 -42 -50 -43 -37 -36 -38 -51 -59 -60 -63 -61 -60 -68 -71 -73 -72 -67 -68 -70 -73 -78 -70 -63 -55 -52 -56 -54 -50 -52 -46 -48 -46 -48 -54 -53 -55 -59 -59 -61 -61 -63 -68 -64 -67 -66 -58 -64 -61 -61 -61 -62 -57 -55 -57 -60 -57 -56 -59 -57 -54 -56 -53 -59 -57 -56 -61 -60 -61 -59 -61 -58 -61 -63 -61 -63 -59 -62 -55 -62 -59 -62 -55 -56 -57 -56 -57 -59 -54 -59 -55 -59 -57 -57 -59 -58 -57 -61 -61 -60 -60 -61 -61 -57 -55 -63 -58 -60 -59 -60 -60 -60 -56 -57 -57 -57 -55 -60 -54 -58 -59 192 10732 305 4426
-60 -63 -57 -58 -59 -58 -62 -55 -55 -57 -56 -56 -55 -57 -58 -56 -55 -57 -57 -57 -57 -57 -55 -57 -62 -56 -58 -56 -53 -55 -56 -62 -58 -58 -56 -60 -58 -59 -53 -54 -58 -59 -57 -56 -59 -58 -61 -56 -58 -57 -38 -5 61 180 340 376 50 -325 -392 -102 171 59 -329 -538 -394 -111 -24 -187 -344 -284 -103 -4 -47 -91 -41 50 82 35 14 61 112 88 16 -35 -11 20 -2 -81 -133 -125 -91 -103 -143 -168 -155 -120 -104 -117 -126 -98 -58 -44 -54 -48 -33 -3 0 -9 -19 -9 -1 -7 -27 -42 -46 -50 -52 -74 -82 -87 -89 -87 -95 -95 -93 -83 -80 -80 -77 -68 -57 -48 -45 -50 -40 -39 -34 -36 -34 -38 -41 -42 -50 -53 -58 -60 -63 -64 -71 -73 -72 -76 -73 -75 -72 -67 -64 -64 -57 -61 -54 -49 -53 -49 -50 -51 -41 -53 -50 -54 -53 -59 -54 -61 -60 -58 -62 -64 -62 -62 -64 -67 -62 -64 -66 -63 -62 -58 -60 -58 -52 -54 -52 -56 -49 -51 -55 -55 -56 -55 -56 -60 -57 -58 -61 -61 -64 -63 -61 -61 -60 -63 -59 -58 -59 -60 -57 -54 -61 -60 -60 -58 -54 -58 -57 -55 -59 -57 -56 -57 -58 -60 -62 -61 -58 -57 -59 -59 -58 -60 -60 -59 -60 -59 -61 -61 -58 -60 -59 -54 -61 -57 -57 -61 -57 -57 -61 192 5716 305 4773
-58 -59 -60 -61 -59 -58 -58 -61 -59 -62 -60 -55 -59 -60 -60 -59 -58 -59 -62 -59 -59 -63 -60 -57 -57 -56 -61 -59 -63 -58 -54 -60 -56 -61 -56 -54 -62 -61 -59 -61 -61 -58 -61 -62 -61 -63 -64 -61 -56 -56 -39 -14 45 158 317 393 113 -284 -410 -156 149 106 -273 -539 -430 -145 -20 -163 -332 -304 -130 -11 -37 -94 -53 35 85 43 13 47 107 102 27 -32 -16 20 5 -64 -130 -129 -98 -101 -136 -169 -161 -127 -110 -96 -153 -85 -75 -49 -48 -57 -34 -8 9 -17 -18 -18 -2 -13 -29 -44 -48 -51 -52 -70 -86 -91 -87 -89 -95 -99 -94 -87 -80 -81 -80 -67 -58 -56 -55 -47 -38 -37 -35 -40 -39 -41 -40 -46 -50 -55 -55 -67 -60 -73 -74 -76 -74 -75 -75 -77 -73 -69 -68 -64 -61 -60 -54 -55 -51 -50 -48 -45 -47 -48 -46 -47 -51 -53 -59 -59 -60 -64 -59 -63 -65 -70 -66 -67 -63 -68 -65 -60 -63 -55 -59 -60 -56 -57 -55 -53 -57 -56 -56 -50 -44 -56 -60 -58 -56 -57 -58 -60 -63 -59 -63 -65 -62 -67 -61 -61 -61 -61 -57 -58 -59 -55 -55 -56 -57 -56 -57 -61 -54 -57 -57 -61 -59 -59 -57 -56 -60 -60 -58 -56 -54 -55 -61 -60 -57 -59 -57 -54 -61 -60 -61 -59 -58 -60 -57 -61 -56 -62 -55 192 1072 305 4401
-62 -57 -60 -58 -55 -59 -59 -56 -57 -63 -58 -58 -61 -58 -59 -61 -59 -56 -59 -55 -57 -56 -58 -58 -57 -58 -57 -56 -62 -60 -56 -57 -57 -57 -58 -63 -57 -57 -57 -58 -57 -58 -55 -53 -62 -58 -60 -58 -56 -53 -30 19 103 246 390 282 -115 -412 -304 36 183 -87 -453 -516 -276 -38 -68 -265 -344 -213 -46 -11 -74 -86 -6 76 70 17 21 84 118 63 -14 -32 4 25 -29 -107 -134 -105 -88 -116 -162 -168 -141 -116 -105 -126 -118 -85 -52 -47 -53 -47 -17 -1 -2 -17 -16 -5 -1 -18 -32 -46 -43 -49 -62 -82 -90 -87 -82 -90 -100 -93 -88 -79 -80 -81 -74 -66 -57 -53 -47 -46 -39 -34 -37 -42 -41 -42 -31 -40 -50 -57 -62 -58 -64 -74 -67 -67 -72 -72 -75 -74 -68 -67 -62 -65 -61 -57 -57 -55 -52 -48 -45 -47 -48 -48 -47 -47 -49 -49 -55 -54 -62 -58 -60 -64 -64 -67 -64 -63 -58 -58 -63 -61 -62 -59 -57 -57 -57 -53 -54 -55 -54 -53 -55 -52 -56 -57 -59 -56 -58 -58 -57 -59 -58 -59 -62 -62 -65 -60 -59 -61 -58 -57 -58 -58 -56 -55 -58 -57 -58 -56 -55 -57 -59 -58 -57 -61 -60 -60 -59 -55 -62 -58 -58 -63 -61 -59 -54 -56 -61 -60 -59 -57 -55 -57 -57 -56 -58 -54 -56 -57 -57 -60 -60 191 12552 305 4661
-57 -62 -56 -59 -59 -58 -56 -59 -60 -60 -55 -56 -57 -55 -59 -55 -61 -61 -60 -59 -57 -58 -56 -59 -57 -59 -59 -56 -55 -58 -56 -60 -57 -60 -61 -58 -60 -55 -60 -61 -57 -60 -57 -59 -58 -59 -60 -57 -63 -51 -45 -10 50 162 319 395 104 -288 -411 -146 154 100 -280 -540 -425 -139 -15 -166 -328 -297 -126 -8 -40 -95 -50 44 83 43 9 49 108 101 28 -30 -18 21 6 -61 -126 -123 -94 -90 -134 -167 -160 -120 -107 -118 -125 -103 -66 -49 -53 -52 -33 -3 5 -9 -19 45 -80 55 -61 -13 -68 -34 -64 -62 -89 -87 -91 -89 -100 -102 -96 -89 -80 -82 -80 -61 -56 -53 -51 -50 -41 -36 -36 -37 -41 -38 -39 -42 -52 -53 -59 -60 -65 -66 -71 -71 -74 -73 -84 -71 -78 -71 -71 -66 -68 -63 -55 -56 -54 -50 -50 -51 -46 -47 -50 -49 -48 -53 -54 -57 -61 -62 -60 -55 -62 -64 -65 -64 -62 -65 -64 -59 -61 -59 -62 -57 -56 -52 -55 -53 -52 -52 -52 -50 -53 -53 -52 -57 -57 -55 -55 -62 -61 -61 -63 -63 -62 -60 -59 -55 -57 -57 -59 -59 -56 -55 -55 -53 -58 -60 -51 -56 -51 -57 -51 -52 -58 -61 -57 -59 -54 -60 -55 -54 -59 -55 -56 -57 -59 -54 -59 -57 -55 -60 -55 -57 -53 -62 -59 -59 -55 -52 -57 191 7754 305 4554
-53 -56 -53 -58 -56 -57 -59 -56 -53 -55 -51 -54 -49 -59 -45 -58 -55 -53 -55 -57 -52 -57 -53 -52 -56 -53 -55 -53 -54 -51 -54 -53 -49 -55 -50 -52 -57 -48 -52 -52 -52 -50 -53 -52 -53 -53 -50 -52 -53 -44 -24 19 106 247 394 294 -101 -397 -305 40 190 -76 -452 -515 -272 -37 -60 -261 -336 -210 -43 -7 -65 -76 -2 83 79 26 29 88 125 74 -1 -28 15 32 -21 -96 -129 -105 -78 -107 -152 -168 -137 -102 -105 -117 -117 -75 -51 -39 -45 -38 -14 15 5 -8 -8 -3 5 -7 -28 -37 -39 -40 -52 -69 -78 -81 -74 -87 -89 -92 -83 -80 -77 -69 -70 -50 -47 -43 -42 -36 -33 -25 -29 -30 -32 -36 -38 -38 -45 -52 -52 -59 -61 -65 -68 -67 -69 -71 -69 -65 -65 -60 -59 -60 -52 -54 -49 -47 -49 -44 -39 -41 -42 -35 -45 -45 -50 -50 -53 -51 -60 -54 -58 -58 -58 -55 -59 -60 -59 -56 -58 -57 -55 -52 -53 -52 -45 -50 -47 -51 -48 -48 -45 -47 -47 -49 -51 -51 -54 -50 -51 -56 -52 -53 -54 -55 -52 -57 -56 -57 -51 -55 -50 -47 -48 -49 -50 -50 -46 -48 -48 -49 -50 -48 -50 -49 -56 -51 -53 -55 -53 -57 -52 -53 -56 -53 -54 -52 -53 -53 -52 -53 -51 -53 -51 -54 -48 -51 -53 -50 -49 -51 -52 190 15156 305 4101
-58 -59 -65 -57 -61 -59 -60 -64 -57 -62 -63 -61 -59 -59 -57 -56 -55 -62 -59 -57 -59 -55 -60 -59 -59 -60 -58 -61 -56 -58 -60 -62 -60 -57 -59 -58 -62 -58 -54 -57 -59 -56 -58 -56 -59 -55 -61 -58 -54 -58 -42 -11 41 148 307 398 138 -265 -410 -178 141 121 -250 -527 -448 -156 -14 -149 -325 -312 -142 -15 -29 -88 -59 34 85 47 8 45 96 100 36 -28 -21 22 12 -57 -127 -130 -98 -92 -133 -170 -161 -125 -106 -116 -127 -107 -72 -46 -46 -48 -32 -8 5 -5 -15 -11 0 -4 -20 -41 -47 -45 -54 -70 -81 -87 -82 -88 -91 -99 -96 -83 -79 -76 -76 -65 -57 -48 -47 -47 -44 -33 -34 -35 -39 -38 -41 -42 -49 -48 -52 -62 -64 -68 -72 -71 -73 -69 -67 -61 -103 -40 -97 -41 -81 -45 -76 -39 -59 -40 -56 -43 -54 -49 -53 -53 -57 -55 -58 -55 -62 -63 -65 -60 -66 -64 -67 -61 -64 -64 -59 -63 -58 -57 -59 -57 -58 -57 -57 -57 -56 -53 -54 -54 -55 -58 -56 -60 -66 -51 -61 -60 -65 -63 -63 -62 -60 -58 -60 -61 -57 -59 -61 -58 -56 -57 -55 -54 -56 -53 -53 -54 -55 -57 -54 -59 -55 -54 -57 -59 -59 -58 -63 -55 -61 -53 -60 -57 -59 -60 -56 -58 -56 -57 -57 -58 -58 -55 -56 -57 -58 -55 -49 190 10268 305 4644
-52 -56 -59 -58 -57 -58 -59 -60 -59 -58 -57 -56 -58 -57 -59 -59 -59 -62 -56 -62 -57 -57 -61 -58 -59 -58 -61 -60 -60 -56 -56 -58 -54 -59 -59 -61 -47 -57 -98 -19 -96 -33 -85 -42 -77 -47 -72 -52 -69 -54 -51 -18 31 141 291 397 175 -232 -423 -210 120 137 -212 -520 -464 -183 -18 -132 -315 -327 -158 -24 -28 -90 -68 25 82 52 5 35 102 105 36 -28 -26 18 9 -54 -122 -136 -103 -94 -127 -172 -168 -131 -110 -116 -128 -108 -70 -41 -46 -47 -31 -8 7 -5 -15 -9 0 -2 -19 -38 -44 -41 -49 -66 -78 -86 -83 -85 -92 -99 -94 -83 -77 -70 -68 -75 -58 -55 -48 -47 -36 -32 -31 -36 -36 -41 -37 -41 -42 -51 -53 -59 -61 -63 -69 -69 -71 -70 -72 -72 -70 -68 -66 -65 -62 -55 -56 -51 -53 -48 -49 -47 -48 -51 -48 -54 -46 -53 -55 -58 -58 -57 -58 -60 -65 -66 -60 -64 -65 -64 -60 -61 -63 -56 -57 -59 -52 -57 -56 -55 -52 -52 -57 -55 -57 -54 -56 -58 -61 -57 -61 -60 -63 -62 -60 -63 -60 -58 -58 -59 -58 -59 -54 -65 -56 -61 -56 -57 -57 -59 -58 -58 -55 -61 -54 -58 -62 -56 -59 -60 -61 -61 -62 -59 -59 -59 -63 -60 -61 -62 -61 -60 -58 -59 -58 -55 -56 -56 -57 -54 -57 -55 -59 190 561 305 4891
-60 -61 -57 -60 -63 -60 -60 -62 -59 -59 -58 -56 -59 -62 -58 -58 -57 -57 -61 -60 -62 -62 -56 -58 -61 -57 -58 -57 -57 -63 -56 -59 -59 -60 -61 -56 -62 -60 -57 -62 -60 -58 -60 -60 -61 -63 -59 -62 -56 -56 -42 -4 53 167 328 385 83 -306 -406 -130 160 82 -304 -543 -412 -129 -22 -175 -339 -295 -118 -12 -43 -92 -48 46 79 43 12 52 111 96 21 -33 -19 17 3 -69 -86 -213 -21 -150 -94 -203 -131 -145 -89 -127 -119 -112 -68 -52 -54 -57 -33 -9 1 -9 -20 -12 -7 -5 -25 -47 -51 -47 -56 -71 -86 -93 -90 -91 -94 -106 -101 -84 -77 -79 -74 -70 -59 -52 -51 -51 -39 -37 -34 -42 -42 -42 -43 -44 -48 -55 -61 -58 -60 -66 -68 -76 -73 -73 -69 -73 -73 -65 -62 -59 -62 -56 -54 -52 -49 -56 -47 -49 -48 -47 -49 -52 -50 -55 -56 -62 -62 -55 -60 -62 -65 -65 -66 -67 -62 -65 -63 -59 -58 -57 -62 -57 -55 -59 -51 -59 -52 -49 -53 -56 -55 -56 -58 -57 -57 -54 -62 -58 -57 -60 -63 -60 -62 -61 -59 -58 -62 -57 -61 -61 -61 -58 -53 -54 -53 -53 -55 -55 -57 -61 -60 -57 -63 -61 -58 -57 -60 -61 -56 -57 -57 -58 -56 -57 -59 -57 -57 -56 -56 -59 -60 -57 -63 -56 -52 -57 -56 -58 -57 189 2406 305 4643
-59 -63 -57 -59 -59 -58 -61 -62 -58 -59 -59 -59 -57 -57 -57 -60 -59 -61 -60 -59 -56 -57 -62 -62 -56 -56 -56 -58 -56 -60 -56 -60 -57 -57 -58 -60 -57 -62 -58 -61 -59 -62 -58 -59 -59 -59 -60 -55 -60 -55 -39 -8 54 172 330 382 74 -314 -407 -124 164 79 -310 -542 -413 -120 -25 -184 -338 -292 -111 -11 -41 -95 -45 48 84 38 12 51 113 96 18 -34 -16 23 1 -71 -132 -125 -94 -95 -139 -169 -157 -122 -109 -117 -128 -100 -66 -43 -50 -51 -32 -4 1 -6 -17 -14 0 -3 -30 -41 -49 -48 -57 -72 -82 -87 -80 -88 -94 -96 -96 -87 -77 -77 -83 -70 -56 -48 -50 -43 -39 -36 -29 -35 -35 -39 -36 -43 -49 -56 -56 -57 -64 -68 -72 -74 -71 -74 -75 -69 -69 -70 -64 -65 -60 -55 -52 -55 -50 -46 -52 -48 -46 -49 -49 -53 -53 -54 -56 -56 -56 -62 -59 -62 -66 -65 -73 -64 -28 -115 -18 -85 -44 -75 -47 -66 -53 -58 -55 -54 -56 -55 -54 -50 -55 -56 -60 -60 -58 -64 -58 -61 -58 -64 -60 -61 -59 -55 -61 -64 -60 -61 -57 -58 -57 -57 -59 -60 -57 -55 -54 -62 -55 -56 -56 -57 -59 -65 -61 -55 -65 -56 -61 -59 -61 -62 -64 -61 -61 -58 -58 -57 -57 -57 -57 -57 -54 -57 -53 -51 -57 -52 -55 188 13943 305 4604
-55 -58 -55 -58 -55 -57 -62 -57 -60 -61 -57 -57 -60 -56 -53 -55 -56 -62 -57 -53 -57 -53 -59 -57 -56 -59 -58 -60 -56 -59 -56 -62 -57 -59 -55 -60 -57 -61 -54 -58 -57 -59 -61 -57 -61 -56 -59 -55 -54 -60 -41 -9 47 161 320 392 111 -288 -409 -151 157 108 -279 -538 -428 -142 -16 -165 -330 -302 -130 -10 -39 -99 -52 40 83 43 10 54 111 102 25 -34 -17 24 8 -64 -121 -124 -96 -94 -136 -169 -162 -123 -107 -120 -129 -102 -63 -44 -52 -52 -29 -1 7 -5 -21 -7 1 -2 -23 -40 -48 -42 -54 -68 -83 -91 -82 -87 -92 -99 -93 -85 -80 -76 -74 -67 -56 -54 -46 -44 -40 -36 -30 -37 -33 -40 -38 -43 -49 -56 -57 -60 -63 -71 -72 -71 -74 -72 -73 -68 -74 -69 -65 -63 -56 -57 -57 -52 -50 -51 -47 -45 -49 -50 -55 -51 -50 -53 -54 -60 -56 -61 -60 -61 -63 -63 -66 -65 -63 -63 -64 -59 -56 -59 -59 -54 -53 -55 -54 -55 -54 -55 -56 -49 -54 -59 -58 -62 -57 -61 -60 -62 -58 -59 -62 -61 -59 -61 -57 -58 -60 -62 -55 -62 -59 -59 -53 -57 -55 -58 -56 -60 -61 -59 -59 -57 -60 -59 -57 -58 -57 -60 -58 -62 -57 -62 -60 -56 -60 -60 -58 -57 -60 -57 -56 -58 -57 -57 -57 -57 -61 -59 -59 188 9237 305 4463
-58 -63 -61 -60 -59 -63 -58 -57 -56 -58 -59 -56 -57 -55 -58 -56 -56 -59 -59 -63 -59 -57 -36 -125 -4 -108 -23 -93 -33 -80 -46 -71 -49 -68 -55 -64 -55 -63 -57 -57 -60 -62 -58 -64 -58 -57 -59 -56 -60 -57 -34 7 84 219 377 316 -62 -388 -345 -8 184 -35 -424 -530 -319 -65 -48 -255 -349 -245 -69 -10 -65 -97 -19 64 72 21 18 76 116 77 -5 -37 2 26 -14 -94 -136 -115 -90 -107 -150 -173 -148 -110 -109 -121 -120 -95 -56 -45 -54 -51 -21 3 3 -12 -15 -11 1 -11 -34 -46 -48 -49 -61 -76 -89 -85 -88 -91 -97 -95 -91 -84 -76 -83 -75 -60 -52 -52 -49 -46 -38 -35 -34 -34 -37 -37 -38 -43 -48 -56 -62 -58 -62 -68 -72 -70 -72 -76 -72 -72 -67 -65 -65 -66 -54 -57 -52 -58 -55 -52 -55 -52 -49 -49 -50 -55 -51 -54 -60 -59 -58 -61 -63 -62 -62 -67 -63 -63 -60 -66 -52 -57 -59 -56 -58 -56 -59 -55 -48 -57 -56 -54 -58 -55 -57 -55 -55 -58 -55 -62 -61 -59 -60 -64 -63 -62 -61 -61 -60 -62 -60 -58 -59 -61 -58 -57 -56 -57 -57 -58 -58 -53 -56 -55 -60 -59 -60 -61 -55 -60 -55 -58 -55 -58 -61 -60 -64 -61 -58 -57 -58 -61 -58 -59 -60 -60 -56 -57 -55 -57 -55 -58 -61 188 4772 305 4222
-52 -50 -49 -48 -53 -52 -52 -49 -53 -51 -52 -52 -51 -51 -51 -49 -52 -53 -51 -47 -50 -52 -49 -52 -52 -54 -50 -49 -47 -51 -51 -52 -48 -49 -53 -59 -60 -53 -44 -44 -40 -51 -59 -55 -42 -39 -44 -50 -49 -45 -22 12 89 214 369 341 -25 -365 -354 -27 191 3 -387 -529 -331 -59 -31 -217 -335 -248 -64 2 -51 -79 -20 73 86 37 27 81 128 85 7 -26 1 30 -6 -79 -127 -109 -83 -99 -141 -162 -143 -108 -101 -115 -117 -78 -49 -36 -41 -41 -12 10 10 -3 -11 -3 4 -1 -26 -36 -35 -38 -52 -65 -78 -79 -75 -82 -87 -94 -80 -74 -72 -69 -69 -50 -45 -45 -42 -40 -31 -28 -24 -28 -29 -32 -31 -39 -41 -46 -52 -56 -55 -63 -62 -66 -62 -64 -69 -67 -63 -60 -53 -52 -51 -46 -48 -44 -45 -44 -39 -39 -41 -37 -43 -48 -47 -51 -56 -57 -53 -56 -56 -57 -54 -57 -58 -53 -57 -56 -49 -52 -48 -49 -49 -49 -51 -46 -49 -45 -46 -44 -53 -52 -45 -44 -51 -47 -49 -47 -53 -55 -55 -53 -57 -54 -52 -54 -23 -122 6 -98 -16 -84 -26 -67 -34 -62 -40 -58 -46 -57 -51 -59 -54 -52 -49 -51 -51 -52 -55 -55 -53 -54 -51 -55 -50 -56 -55 -50 -53 -54 -54 -53 -55 -51 -54 -53 -55 -51 -50 -53 -55 188 97 305 4432
-62 -58 -59 -55 -59 -61 -58 -61 -64 -57 -57 -55 -55 -58 -57 -56 -60 -59 -57 -56 -56 -58 -55 -56 -55 -59 -64 -59 -57 -61 -58 -55 -55 -56 -58 -58 -63 -61 -57 -58 -58 -57 -57 -60 -61 -65 -60 -67 -55 -49 -22 20 112 252 392 262 -139 -410 -289 52 176 -102 -472 -517 -259 -30 -80 -279 -343 -200 -41 -14 -78 -83 3 79 63 18 23 87 116 58 -17 -36 11 21 -30 -106 -134 -110 -88 -119 -160 -172 -135 -113 -111 -127 -115 -86 -49 -49 -51 -42 -13 5 3 -13 -18 -3 -2 -15 -35 -48 -48 -41 -60 -79 -88 -85 -84 -87 -98 -96 -87 -78 -75 -80 -68 -62 -54 -43 -46 -44 -40 -33 -33 -38 -40 -37 -39 -43 -45 -56 -59 -56 -62 -71 -73 -72 -73 -73 -69 -76 -69 -65 -64 -61 -60 -55 -53 -49 -52 -51 -48 -49 -47 -51 -46 -52 -53 -53 -55 -56 -55 -61 -62 -61 -64 -65 -64 -64 -62 -67 -59 -59 -55 -57 -58 -57 -58 -58 -54 -54 -51 -54 -52 -54 -55 -57 -55 -60 -59 -58 -61 -61 -57 -63 -61 -63 -58 -61 -58 -58 -61 -58 -55 -55 -57 -57 -56 -58 -51 -53 -54 -59 -58 -61 -55 -59 -55 -60 -57 -59 -55 -62 -59 -55 -59 -62 -63 -55 -56 -55 -58 -59 -58 -58 -60 -59 -55 -57 -54 -60 -55 -58 -57 187 11685 305 4553
-24 -83 -56 -41 -74 -47 -66 -52 -67 -51 -68 -50 -62 -55 -60 -58 -59 -58 -63 -58 -56 -61 -63 -54 -58 -58 -61 -59 -58 -59 -58 -59 -59 -59 -57 -63 -60 -65 -53 -58 -60 -60 -62 -58 -61 -66 -60 -63 -57 -59 -48 -14 37 141 297 396 162 -241 -416 -201 126 135 -224 -523 -459 -170 -15 -131 -315 -318 -149 -19 -27 -92 -66 30 79 51 9 40 106 110 37 -23 -21 19 15 -51 -123 -132 -96 -91 -126 -168 -161 -130 -105 -112 -126 -109 -72 -47 -52 -51 -39 -9 7 -6 -18 -13 -1 -5 -16 -38 -49 -46 -48 -64 -80 -87 -83 -86 -92 -99 -93 -84 -78 -79 -74 -66 -55 -51 -52 -48 -45 -38 -31 -36 -38 -36 -39 -43 -48 -57 -56 -58 -62 -67 -66 -73 -71 -69 -75 -75 -70 -72 -65 -60 -64 -60 -58 -53 -50 -52 -51 -51 -46 -50 -51 -53 -56 -56 -55 -55 -59 -56 -62 -63 -62 -68 -64 -65 -66 -62 -64 -62 -62 -60 -55 -56 -55 -57 -56 -53 -55 -56 -56 -55 -53 -57 -57 -57 -61 -61 -60 -58 -59 -63 -61 -63 -62 -60 -60 -61 -57 -61 -58 -55 -60 -59 -61 -62 -57 -59 -57 -55 -58 -52 -58 -56 -57 -61 -56 -62 -57 -57 -59 -59 -61 -57 -60 -55 -58 -57 -62 -57 -57 -58 -55 -57 -59 -58 -55 -61 -59 -57 -56 187 7038 305 4403
-65 -68 -64 -55 -49 -46 -56 -64 -62 -56 -59 -45 -57 -63 -57 -59 -54 -52 -56 -69 -69 -62 -59 -61 -57 -57 -61 -62 -62 -57 -57 -60 -54 -57 -56 -55 -55 -60 -58 -58 -59 -56 -59 -57 -56 -59 -61 -56 -59 -60 -44 -10 53 167 324 388 99 -291 -411 -139 157 94 -285 -538 -425 -138 -18 -166 -336 -293 -125 -6 -40 -93 -52 41 85 41 10 49 108 105 24 -33 -19 23 8 -68 -128 -126 -92 -92 -136 -171 -154 -120 -103 -120 -126 -101 -62 -48 -55 -52 -30 -4 5 1 -18 -10 3 -5 -23 -45 -48 -46 -55 -68 -85 -88 -84 -90 -89 -100 -94 -81 -78 -79 -78 -67 -58 -49 -51 -51 -44 -34 -35 -36 -39 -37 -39 -42 -46 -50 -54 -56 -62 -65 -70 -68 -72 -72 -76 -71 -69 -71 -62 -68 -63 -5 -121 -5 -72 -35 -61 -43 -55 -50 -51 -47 -57 -57 -55 -61 -62 -62 -64 -64 -58 -66 -68 -70 -64 -62 -61 -67 -62 -55 -56 -59 -57 -57 -57 -57 -53 -53 -58 -56 -51 -57 -56 -65 -53 -61 -58 -63 -66 -62 -61 -58 -62 -65 -62 -63 -64 -58 -56 -57 -58 -55 -54 -55 -57 -53 -57 -53 -60 -57 -53 -60 -58 -56 -56 -56 -63 -55 -59 -55 -61 -58 -58 -59 -60 -55 -60 -56 -59 -58 -55 -56 -58 -55 -56 -60 -56 -56 -57 187 1858 305 4937
-58 -59 -61 -58 -63 -61 -54 -60 -57 -60 -59 -58 -56 -58 -58 -59 -59 -62 -60 -55 -61 -56 -58 -55 -57 -56 -54 -56 -58 -58 -61 -55 -58 -54 -53 -58 -52 -57 -59 -55 -61 -58 -61 -60 -56 -56 -60 -58 -56 -53 -30 11 86 224 378 312 -69 -389 -333 1 189 -38 -427 -532 -312 -54 -55 -253 -351 -233 -59 -7 -69 -94 -13 70 72 20 21 75 116 77 -10 -29 1 23 -19 -96 -134 -113 -89 -108 -156 -170 -149 -114 -106 -126 -120 -85 -57 -42 -55 -46 -23 -1 -1 -14 -16 -7 1 -11 -33 -45 -42 -47 -61 -79 -85 -86 -84 -91 -95 -99 -88 -82 -80 -80 -69 -59 -54 -51 -49 -42 -38 -32 -33 -37 -36 -38 -41 -42 -52 -52 -57 -62 -65 -68 -73 -75 -72 -76 -78 -76 -70 -68 -68 -63 -61 -57 -53 -51 -52 -48 -52 -48 -48 -51 -48 -52 -51 -52 -57 -56 -58 -59 -64 -61 -66 -62 -64 -63 -64 -66 -62 -60 -61 -57 -62 -56 -55 -60 -54 -55 -54 -53 -56 -55 -54 -54 -53 -57 -61 -60 -61 -58 -62 -60 -60 -61 -61 -59 -64 -60 -58 -57 -58 -59 -59 -55 -57 -58 -57 -59 -54 -57 -58 -60 -62 -59 -60 -61 -56 -60 -60 -63 -61 -55 -62 -60 -58 -61 -59 -60 -63 -58 -59 -56 -55 -55 -55 -56 -60 -58 -62 -59 -56 186 13417 305 4582
-55 -61 -64 -57 -57 -55 -59 -59 -58 -58 -60 -52 -56 -84 -29 -87 -40 -80 -45 -75 -49 -68 -49 -66 -57 -66 -59 -61 -54 -62 -59 -60 -57 -61 -56 -64 -58 -56 -61 -57 -59 -59 -59 -59 -60 -58 -61 -59 -56 -56 -33 4 83 218 370 330 -50 -384 -354 -14 178 -16 -418 -538 -329 -56 -50 -242 -348 -245 -67 -7 -64 -88 -20 68 77 25 20 79 113 79 -1 -37 5 25 -16 -92 -134 -113 -88 -105 -147 -170 -147 -109 -108 -121 -123 -91 -55 -49 -55 -44 -26 -4 -4 -13 -27 -11 1 -9 -32 -45 -47 -45 -59 -76 -84 -87 -83 -90 -95 -97 -87 -80 -78 -79 -72 -62 -55 -50 -49 -42 -34 -30 -30 -37 -41 -37 -33 -46 -50 -54 -57 -54 -62 -73 -69 -67 -74 -72 -71 -71 -70 -61 -62 -61 -57 -58 -56 -51 -49 -52 -53 -47 -49 -49 -50 -53 -52 -49 -55 -57 -62 -61 -59 -65 -65 -68 -65 -63 -63 -65 -61 -57 -60 -58 -56 -55 -52 -55 -54 -56 -54 -51 -54 -56 -59 -55 -58 -58 -61 -61 -62 -60 -58 -57 -59 -56 -59 -60 -62 -57 -57 -56 -60 -60 -54 -55 -54 -56 -56 -53 -56 -53 -57 -60 -54 -58 -56 -57 -57 -59 -57 -59 -59 -58 -60 -62 -63 -56 -58 -58 -61 -58 -57 -59 -57 -59 -58 -52 -56 -56 -56 -55 -58 186 8463 305 4711
-56 -61 -58 -58 -59 -54 -58 -56 -61 -57 -58 -57 -55 -54 -59 -60 -58 -61 -59 -59 -57 -61 -64 -56 -58 -57 -55 -59 -59 -57 -60 -58 -60 -56 -56 -60 -58 -56 -62 -55 -59 -59 -59 -57 -61 -58 -59 -59 -60 -57 -38 -5 63 192 349 366 26 -350 -381 -83 178 46 -353 -540 -376 -92 -29 -203 -345 -277 -95 -11 -48 -95 -33 54 81 33 9 65 114 89 13 -33 -9 27 -2 -84 -132 -127 -86 -102 -145 -172 -157 -118 -110 -121 -128 -96 -58 -48 -55 -47 -27 -1 5 -10 -17 -12 2 -9 -29 -45 -45 -44 -57 -75 -87 -89 -87 -90 -95 -98 -89 -84 -74 -76 -76 -63 -57 -52 -51 -48 -41 -36 -36 -40 -41 -38 -41 -40 -49 -52 -54 -65 -61 -68 -72 -68 -72 -71 -75 -75 -67 -67 -65 -67 -63 -56 -53 -57 -53 -50 -46 -45 -49 -48 -51 -51 -51 -58 -51 -59 -59 -60 -64 -65 -67 -64 -65 -67 -65 -63 -60 -64 -8 -147 15 -107 -20 -85 -36 -71 -43 -62 -45 -64 -50 -57 -55 -56 -58 -63 -59 -64 -58 -64 -61 -64 -63 -58 -58 -56 -54 -54 -57 -57 -55 -59 -53 -57 -60 -57 -58 -60 -57 -57 -59 -58 -66 -55 -63 -58 -61 -60 -64 -60 -60 -62 -57 -61 -60 -56 -59 -58 -55 -57 -52 -57 -55 -55 -57 -55 -57 -55 -53 185 15171 305 4710
-55 -63 -59 -56 -58 -59 -61 -55 -60 -58 -60 -56 -58 -58 -59 -56 -61 -58 -54 -54 -55 -58 -61 -61 -56 -57 -62 -66 -58 -58 -53 -65 -69 -67 -59 -60 -58 -57 -60 -60 -51 -56 -49 -58 -58 -57 -62 -58 -59 -58 -44 -16 49 153 315 396 122 -278 -412 -163 146 116 -263 -533 -437 -148 -17 -157 -329 -307 -139 -13 -31 -95 -55 38 82 45 11 50 111 107 31 -31 -19 20 10 -61 -126 -127 -97 -96 -130 -171 -159 -119 -107 -120 -124 -108 -65 -48 -53 -51 -33 -3 6 -7 -19 -19 -3 -1 -22 -40 -43 -45 -50 -69 -82 -88 -82 -85 -94 -99 -93 -84 -81 -78 -75 -73 -58 -49 -48 -49 -39 -34 -32 -31 -44 -39 -36 -44 -45 -52 -55 -56 -62 -65 -71 -76 -71 -72 -77 -72 -72 -68 -69 -68 -62 -59 -56 -53 -54 -50 -51 -46 -48 -50 -52 -51 -47 -53 -56 -58 -57 -61 -61 -63 -64 -64 -66 -67 -62 -63 -62 -63 -59 -64 -60 -55 -56 -54 -51 -54 -53 -57 -53 -55 -58 -50 -59 -59 -59 -57 -58 -60 -62 -63 -59 -61 -62 -61 -59 -57 -59 -60 -62 -58 -57 -57 -58 -53 -54 -51 -56 -57 -56 -60 -55 -59 -58 -58 -58 -58 -60 -56 -61 -57 -58 -62 -58 -61 -57 -59 -59 -58 -60 -55 -60 -59 -54 -60 -54 -57 -55 -56 -55 185 10496 305 4432
-57 -53 -55 -57 -53 -55 -55 -52 -54 -54 -54 -53 -55 -59 -59 -59 -62 -57 -60 -49 -56 -60 -54 -60 -56 -57 -58 -56 -52 -57 -57 -53 -57 -60 -51 -55 -54 -53 -58 -56 -56 -57 -51 -55 -54 -39 -119 -1 -105 -13 -65 28 62 233 361 344 -51 -374 -357 -19 184 -15 -409 -533 -325 -62 -44 -234 -346 -243 -68 -5 -60 -96 -19 65 78 25 13 73 115 78 -3 -37 2 27 -13 -97 -131 -120 -88 -108 -153 -175 -146 -110 -104 -119 -120 -90 -52 -41 -56 -44 -16 4 5 -7 -13 -2 3 -9 -31 -41 -45 -46 -58 -74 -84 -86 -82 -90 -88 -96 -88 -80 -78 -76 -72 -61 -51 -52 -46 -44 -39 -30 -35 -35 -37 -35 -38 -41 -51 -49 -51 -57 -63 -69 -69 -70 -68 -75 -76 -65 -67 -66 -66 -60 -60 -57 -53 -52 -49 -48 -45 -47 -44 -46 -48 -45 -47 -52 -55 -55 -55 -60 -61 -64 -63 -63 -60 -62 -60 -65 -58 -58 -59 -56 -56 -57 -51 -56 -51 -55 -52 -51 -54 -54 -53 -51 -52 -54 -56 -60 -55 -62 -60 -59 -61 -61 -58 -62 -60 -58 -58 -57 -57 -53 -58 -53 -55 -56 -55 -56 -50 -58 -59 -56 -55 -55 -60 -60 -56 -58 -54 -54 -57 -58 -62 -62 -59 -62 -53 -61 -61 -58 -57 -56 -56 -56 -56 -57 -56 -61 -56 -56 -53 185 5666 305 4587
-63 -57 -59 -62 -57 -56 -56 -60 -59 -58 -58 -58 -59 -58 -59 -59 -59 -59 -61 -59 -61 -61 -56 -59 -65 -60 -60 -60 -57 -60 -58 -58 -58 -59 -64 -57 -56 -56 -61 -62 -64 -57 -57 -61 -61 -58 -57 -55 -52 -51 -25 15 92 228 380 310 -78 -397 -329 5 182 -46 -432 -529 -303 -52 -60 -249 -351 -233 -60 -8 -68 -91 -13 70 72 20 22 81 117 73 -7 -36 1 27 -22 -97 -134 -114 -88 -108 -153 -174 -142 -112 -109 -123 -119 -88 -53 -44 -50 -48 -23 3 1 -13 -14 -9 3 -9 -33 -45 -45 -42 -59 -77 -90 -88 -86 -88 -93 -96 -91 -81 -77 -79 -74 -62 -52 -50 -51 -48 -37 -36 -31 -37 -39 -40 -40 -41 -53 -55 -61 -56 -65 -69 -73 -72 -73 -70 -74 -72 -69 -67 -61 -62 -61 -56 -53 -48 -49 -50 -49 -45 -44 -52 -48 -53 -51 -53 -56 -56 -60 -59 -58 -67 -60 -67 -63 -66 -66 -65 -64 -57 -60 -63 -55 -57 -58 -55 -56 -52 -54 -57 -51 -53 -54 -57 -55 -56 -59 -60 -62 -61 -61 -62 -63 -60 -61 -62 -59 -61 -63 -63 -60 -59 -58 -57 -56 -58 -58 -53 -57 -55 -55 -56 -57 -60 -57 -61 -60 -58 -61 -62 -60 -62 -62 -58 -63 -61 -59 -62 -55 -57 -58 -56 -60 -54 -58 -61 -53 -59 -61 -60 -61 185 1216 305 4207
-56 -61 -58 -58 -62 -62 -56 -62 -52 -58 -58 -60 -59 -57 -58 -61 -59 -62 -59 -56 -59 -62 -63 -61 -62 -60 -58 -59 -55 -60 -55 -58 -57 -53 -60 -60 -59 -62 -60 -55 -58 -32 -127 -12 -106 -23 -87 -35 -76 -37 -39 32 101 264 392 255 -152 -414 -284 59 172 -122 -481 -506 -250 -29 -84 -287 -342 -197 -36 -16 -78 -83 2 75 61 15 28 86 112 54 -20 -33 6 19 -35 -110 -143 -103 -97 -115 -164 -171 -143 -107 -113 -128 -116 -80 -52 -48 -54 -40 -10 0 2 -13 -15 -5 -5 -17 -36 -44 -47 -46 -62 -78 -85 -83 -88 -90 -99 -97 -90 -77 -77 -79 -67 -62 -54 -50 -45 -51 -40 -30 -31 -36 -39 -43 -41 -48 -53 -60 -55 -58 -58 -69 -72 -67 -70 -74 -79 -72 -69 -64 -65 -58 -55 -56 -55 -56 -51 -50 -55 -56 -57 -56 -47 -40 -46 -57 -67 -63 -57 -49 -49 -59 -68 -66 -60 -58 -59 -68 -70 -69 -65 -58 -59 -57 -55 -57 -57 -57 -57 -50 -53 -55 -57 -52 -51 -55 -58 -55 -65 -60 -59 -57 -59 -59 -60 -58 -60 -57 -62 -61 -61 -62 -57 -61 -58 -57 -58 -58 -60 -58 -55 -56 -57 -58 -56 -57 -59 -60 -60 -61 -58 -58 -60 -56 -59 -60 -58 -62 -58 -58 -56 -55 -55 -61 -56 -58 -58 -59 -60 -57 -60 184 12691 305 4666
-53 -56 -48 -54 -56 -52 -51 -51 -50 -52 -52 -51 -53 -52 -53 -53 -52 -52 -54 -53 -53 -53 -51 -55 -54 -53 -55 -55 -52 -55 -54 -51 -51 -50 -52 -53 -55 -50 -53 -58 -51 -55 -54 -56 -59 -53 -57 -48 -50 -45 -21 22 105 247 393 286 -108 -404 -301 43 186 -77 -452 -513 -269 -37 -63 -268 -340 -210 -42 -8 -71 -80 4 83 73 23 29 89 122 68 -5 -34 14 25 -24 -100 -130 -108 -83 -109 -154 -165 -132 -102 -104 -120 -107 -81 -42 -45 -54 -42 -12 -1 3 -9 -13 -4 -6 -15 -31 -34 -38 -40 -58 -73 -74 -74 -80 -85 -91 -96 -85 -74 -72 -70 -67 -62 -47 -49 -40 -41 -36 -32 -27 -31 -32 -36 -35 -41 -45 -49 -55 -57 -66 -67 -67 -72 -68 -64 -71 -68 -68 -60 -61 -58 -52 -53 -50 -44 -48 -48 1 -121 22 -90 -16 -72 -30 -63 -42 -61 -52 -65 -58 -65 -62 -65 -67 -63 -62 -65 -57 -60 -60 -53 -52 -52 -52 -49 -48 -51 -48 -51 -50 -53 -48 -55 -55 -58 -50 -55 -60 -61 -55 -58 -58 -59 -59 -62 -53 -64 -52 -57 -57 -59 -53 -54 -54 -52 -56 -52 -51 -50 -55 -54 -54 -52 -55 -57 -53 -56 -54 -57 -52 -54 -54 -54 -53 -55 -53 -54 -52 -55 -52 -55 -56 -56 -54 -54 -49 -52 -51 -55 -54 184 8359 305 4089
-57 -57 -54 -53 -54 -54 -54 -57 -53 -51 -56 -54 -55 -53 -57 -59 -52 -55 -50 -55 -57 -55 -53 -55 -55 -58 -58 -59 -57 -59 -56 -57 -55 -54 -53 -56 -57 -57 -57 -55 -59 -56 -60 -57 -56 -55 -59 -57 -58 -55 -37 -3 61 188 342 373 43 -331 -389 -89 178 59 -337 -538 -386 -100 -19 -194 -339 -278 -93 -6 -44 -93 -35 54 83 39 16 66 117 97 15 -34 -7 26 1 -70 -129 -123 -89 -93 -138 -172 -154 -117 -102 -116 -120 -98 -62 -44 -50 -47 -28 0 2 -3 -19 -9 3 -4 -26 -41 -49 -40 -52 -72 -85 -85 -78 -84 -93 -93 -90 -81 -76 -76 -75 -65 -52 -49 -43 -46 -36 -33 -32 -32 -39 -40 -40 -38 -49 -48 -57 -53 -60 -65 -68 -73 -66 -69 -74 -71 -72 -67 -64 -61 -58 -55 -54 -52 -51 -46 -48 -48 -45 -44 -49 -50 -51 -49 -58 -53 -57 -56 -58 -65 -62 -63 -62 -64 -57 -59 -60 -56 -53 -57 -53 -56 -54 -54 -52 -52 -53 -54 -48 -51 -56 -50 -53 -54 -53 -58 -60 -61 -57 -58 -59 -57 -59 -62 -61 -54 -58 -58 -55 -56 -57 -55 -49 -56 -51 -55 -55 -52 -58 -58 -52 -55 -57 -54 -52 -56 -56 -55 -60 -54 -53 -53 -58 -54 -56 -58 -53 -52 -58 -53 -57 -57 -54 -53 -55 -55 -53 -54 -51 184 2810 305 5305
-59 -58 -62 -60 -60 -58 -56 -58 -58 -55 -58 -58 -63 -57 -55 -59 -59 -59 -60 -53 -59 -51 -61 -60 -56 -57 -57 -56 -59 -59 -58 -61 -57 -60 -59 -59 -61 -59 -60 -62 -57 -61 -59 -56 -61 -58 -62 -61 -58 -56 -45 -14 40 145 294 402 163 -244 -421 -207 125 135 -221 -522 -463 -178 -16 -135 -319 -321 -148 -17 -28 -88 -64 31 87 59 6 34 114 89 49 -42 -17 9 19 -63 -117 -139 -97 -94 -128 -171 -167 -126 -105 -113 -128 -102 -72 -51 -49 -54 -40 -9 0 -6 -18 -16 -6 -4 -26 -38 -52 -44 -48 -70 -84 -88 -88 -86 -98 -103 -100 -82 -86 -70 -84 -67 -64 -54 -55 -48 -45 -36 -31 -35 -39 -39 -36 -41 -48 -53 -56 -58 -57 -64 -73 -74 -70 -72 -73 -71 -68 -70 -67 -65 -65 -65 -56 -55 -56 -52 -51 -47 -45 -46 -51 -53 -51 -47 -53 -59 -62 -60 -58 -65 -64 -60 -63 -60 -64 -65 -62 -62 -58 -64 -60 -56 -57 -56 -55 -54 -55 -52 -53 -51 -58 -54 -56 -58 -59 -60 -63 -57 -61 -62 -63 -62 -62 -61 -61 -60 -57 -63 -55 -61 -60 -58 -58 -57 -60 -54 -58 -54 -54 -55 -55 -58 -57 -58 -57 -60 -60 -57 -60 -60 -62 -60 -60 -59 -60 -61 -57 -57 -60 -59 -58 -58 -57 -58 -58 -56 -57 -58 -58 183 14507 305 4444
-57 -58 -57 -57 -56 -61 -61 -58 -56 -56 -61 -61 -55 -57 -55 -56 -54 -55 -59 -56 -58 -60 -55 -55 -57 -55 -61 -60 -55 -55 -59 -57 -58 -58 -60 -56 -58 -56 -62 -57 -56 -55 -60 -57 -57 -56 -58 -56 -56 -49 -33 -3 68 190 353 364 20 -345 -381 -75 183 39 -355 -542 -369 -90 -29 -207 -345 -274 -93 -5 -47 -94 -30 63 89 38 18 69 118 87 1 -38 -14 16 -5 -81 -130 -122 -97 -102 -142 -168 -153 -116 -105 -116 -116 -91 -55 -45 -49 -49 -23 5 4 -5 -15 -10 0 -8 -28 -39 -45 -45 -57 -72 -86 -90 -87 -87 -95 -99 -92 -86 -79 -74 -69 -68 -55 -48 -42 -44 -40 -35 -35 -37 -39 -37 -40 -44 -46 -53 -59 -58 -63 -69 -69 -71 -74 -71 -69 -71 -73 -69 -68 -63 -61 -53 -57 -55 -49 -49 -45 -43 -44 -49 -49 -51 -52 -52 -56 -54 -59 -56 -62 -60 -60 -59 -63 -64 -62 -62 -63 -55 -61 -59 -58 -54 -56 -53 -54 -55 -54 -52 -53 -56 -51 -55 -59 -52 -60 -55 -59 -63 -62 -60 -59 -57 -59 -62 -58 -63 -61 -56 -60 -53 -55 -58 -55 -58 -54 -52 -57 -55 -59 -54 -57 -55 -56 -58 -56 -56 -56 -57 -58 -57 -58 -57 -58 -60 -61 -57 -57 -55 -53 -56 -56 -60 -60 -56 -59 -55 -53 -56 -56 183 9592 305 4672
-61 -60 -59 -60 -62 -68 -58 -63 -57 -61 -58 -67 -56 -64 -60 -61 -57 -56 -60 -54 -59 -59 -59 -59 -60 -61 -57 -55 -62 -59 -57 -61 -59 -59 -55 -61 -61 -55 -57 -54 -59 -58 -59 -54 -57 -57 -58 -55 -57 -54 -40 -8 51 169 330 387 84 -302 -404 -127 160 89 -303 -534 -414 -126 -19 -175 -339 -295 -117 -13 -42 -92 -55 48 82 42 11 56 114 103 20 -34 -15 24 3 -65 -127 -123 -99 -96 -138 -179 -160 -120 -108 -117 -122 -103 -64 -49 -48 -54 -29 -5 4 -10 -19 -12 -4 -1 -25 -41 -48 -45 -51 -71 -81 -89 -84 -86 -102 -100 -92 -84 -81 -84 -74 -67 -56 -52 -44 -44 -39 -38 -38 -38 -37 -40 -40 -41 -46 -55 -56 -57 -62 -66 -75 -71 -72 -73 -74 -72 -74 -67 -64 -61 -61 -61 -52 -57 -53 -49 -48 -50 -47 -53 -46 -48 -49 -54 -50 -58 -62 -61 -62 -61 -62 -62 -62 -62 -63 -67 -63 -58 -58 -58 -58 -57 -57 -54 -53 -60 -52 -50 -53 -50 -57 -56 -55 -54 -57 -59 -58 -61 -62 -59 -64 -59 -60 -58 -60 -58 -62 -53 -61 -58 -59 -57 -61 -58 -54 -54 -59 -53 -55 -55 -58 -59 -54 -56 -62 -58 -62 -58 -63 -55 -60 -59 -58 -60 -59 -59 -59 -56 -56 -59 -60 -58 -58 -57 -54 -57 -56 -59 -55 183 4791 305 4558
-57 -55 -59 -57 -58 -58 -57 -59 -59 -63 -63 -56 -60 -56 -62 -57 -57 -57 -58 -57 -55 -57 -60 -57 -56 -55 -56 -58 -62 -60 -69 -65 -59 -52 -51 -53 -62 -67 -59 -50 -47 -53 -63 -61 -60 -52 -49 -57 -64 -60 -33 15 98 243 386 288 -114 -410 -312 30 184 -76 -453 -521 -288 -35 -68 -270 -346 -216 -49 -5 -68 -86 -2 77 71 20 25 84 118 65 -6 -36 0 57 -111 -33 -191 -69 -128 -82 -176 -150 -154 -101 -120 -121 -128 -77 -51 -46 -52 -44 -18 3 -4 -14 -16 -9 0 -11 -35 -45 -48 -48 -65 -79 -89 -89 -83 -90 -96 -99 -85 -81 -84 -83 -72 -63 -49 -49 -52 -49 -39 -30 -35 -39 -41 -36 -41 -44 -51 -51 -55 -56 -64 -63 -66 -70 -70 -72 -74 -69 -69 -68 -64 -65 -59 -55 -54 -49 -53 -50 -48 -49 -49 -50 -47 -49 -55 -55 -54 -53 -60 -59 -59 -66 -62 -64 -59 -63 -63 -59 -57 -63 -60 -59 -53 -59 -58 -55 -55 -55 -55 -53 -54 -53 -55 -58 -58 -57 -62 -61 -66 -61 -66 -61 -65 -59 -60 -61 -55 -62 -62 -55 -61 -53 -58 -56 -57 -52 -55 -50 -59 -58 -59 -57 -60 -58 -58 -58 -58 -57 -60 -58 -62 -58 -59 -63 -60 -61 -61 -55 -59 -60 -58 -56 -59 -57 -58 -57 -57 -59 -61 -56 -55 182 6710 305 4308
-55 -53 -53 -56 -52 -53 -53 -53 -50 -52 -58 -52 -56 -53 -54 -54 -54 -55 -55 -57 -52 -53 -52 -55 -52 -55 -51 -53 -54 -51 -53 -57 -49 -51 -49 -55 -52 -52 -52 -55 -53 -49 -49 -52 -53 -54 -53 -54 -53 -53 -37 -7 52 162 325 395 118 -282 -406 -146 162 109 -274 -531 -424 -138 -9 -156 -326 -298 -124 13 -24 -85 -47 42 90 43 14 57 111 105 33 -26 -10 28 15 -58 -125 -124 -92 -87 -132 -170 -154 -124 -102 -115 -117 -102 -66 -44 -48 -45 -25 1 9 -2 -7 -7 3 1 -16 -35 -39 -42 -46 -61 -82 -85 -78 -85 -84 -97 -88 -81 -76 -71 -71 -66 -48 -46 -40 -39 -36 -32 -27 -29 -38 -36 -37 -35 -45 -51 -51 -54 -55 -64 -68 -66 -65 -70 -67 -69 -65 -68 -62 -61 -54 -55 -56 -44 -45 -49 -44 -42 -41 -44 -47 -48 -47 -49 -50 -54 -52 -58 -58 -58 -57 -60 -58 -61 -61 -60 -58 -57 -55 -55 -55 -49 -54 -52 -51 -48 -49 -49 -48 -48 -49 -46 -51 -51 -51 -56 -52 -57 -54 -56 -53 -56 -56 -57 -54 -58 -58 -58 -56 -53 -53 -53 -55 -53 -51 -49 -53 -53 -53 -56 -54 -54 -53 -55 -55 -58 -53 -57 -52 -58 -53 -51 -56 -55 -58 -57 -54 -54 -56 -49 -60 -49 -55 -53 -51 -53 -53 -49 -58 182 1720 305 4746
-54 -61 -59 -62 -64 -62 -58 -60 -60 -61 -57 -59 -59 -61 -62 -61 -61 -63 -58 -63 -66 -59 -59 -60 -62 -60 -68 -52 -61 -59 -64 -65 -57 -59 -63 -64 -64 -61 -58 -63 -56 -57 -55 -57 -54 -59 -65 -59 -57 -57 -43 -13 40 143 299 397 161 -245 -420 -196 129 129 -225 -524 -461 -173 -17 -136 -319 -318 -148 -19 -28 -90 -58 31 83 52 13 44 105 107 38 -28 -24 20 12 -55 -122 -132 -99 -91 -127 -171 -161 -129 -108 -112 -125 -112 -69 -46 -48 -52 -34 -6 5 -7 -17 -13 -2 -5 -19 -41 -46 -45 -51 -69 -82 -88 -85 -85 -94 -99 -90 -85 -76 -83 -77 -68 -57 -45 -50 -47 -40 -34 -31 -36 -39 -38 -41 -40 -45 -49 -53 -57 -65 -65 -73 -72 -69 -71 -72 -77 -73 -73 -65 -63 -63 -57 -55 -57 -52 -53 -53 -51 -50 -53 -49 -50 -50 -55 -52 -58 -61 -59 -61 -66 -65 -62 -66 -62 -67 -62 -65 -62 -59 -58 -56 -58 -55 -55 -54 -52 -53 -54 -54 -49 -57 -57 -56 -59 -57 -61 -61 -57 -60 -62 -60 -61 -62 -59 -53 -62 -57 -58 -57 -59 -57 -55 -53 -56 -59 -59 -53 -57 -52 -57 -55 -58 -55 -60 -60 -60 -56 -57 -60 -61 -56 -57 -59 -52 -63 -64 -58 -62 -55 -58 -60 -57 -58 -62 -59 -60 -57 -57 -58 181 13523 305 4338
-57 -58 -59 -56 -58 -57 -57 -58 -61 -62 -60 -56 -58 -58 -59 -55 -57 -60 -59 -60 -55 -59 -56 -61 -57 -56 -61 -58 -58 -61 -60 -56 -63 -62 -58 -58 -56 -56 -55 -60 -58 -60 -60 -60 -62 -56 -58 -57 -56 -58 -36 -7 59 179 338 377 55 -326 -394 -106 172 62 -327 -541 -395 -108 -25 -192 -346 -284 -106 -10 -47 -98 -46 55 80 38 10 59 116 93 15 -39 -10 22 2 -73 -133 -122 -94 -99 -135 -174 -147 -121 -106 -118 -125 -101 -65 -50 -47 -49 -32 -7 4 -9 -16 -11 -3 -4 -28 -43 -47 -49 -56 -73 -79 -90 -85 -92 -100 -97 -97 -84 -81 -76 -76 -69 -57 -52 -46 -49 -42 -36 -36 -34 -37 -39 -36 -41 -48 -53 -54 -58 -64 -69 -71 -74 -73 -65 -61 -122 -24 -111 -34 -97 -42 -81 -47 -66 -42 -62 -47 -57 -47 -53 -52 -56 -54 -53 -55 -61 -61 -61 -63 -61 -68 -65 -67 -63 -60 -67 -64 -64 -60 -56 -61 -54 -55 -57 -59 -53 -54 -57 -56 -60 -55 -59 -57 -64 -62 -58 -63 -58 -62 -55 -61 -65 -61 -63 -63 -56 -57 -60 -62 -54 -53 -57 -51 -56 -54 -57 -55 -58 -56 -54 -55 -56 -57 -54 -54 -60 -61 -59 -61 -63 -60 -61 -59 -59 -56 -59 -60 -57 -56 -61 -57 -57 -59 -58 -57 -59 -60 -58 -56 181 8763 305 4517
-56 -57 -57 -67 -51 -64 -59 -61 -62 -59 -58 -62 -58 -58 -61 -57 -63 -62 -60 -58 -56 -57 -56 -56 -58 -51 -57 -57 -57 -59 -56 -56 -55 -59 -54 -59 -60 -57 -53 -59 -57 -62 -58 -57 -57 -61 -61 -60 -57 -53 -35 8 84 220 375 330 -51 -382 -344 -16 187 -24 -411 -537 -322 -60 -45 -238 -350 -245 -63 -6 -63 -92 -19 64 72 28 16 72 118 79 -1 -36 -2 23 -16 -95 -146 -123 -93 -101 -140 -163 -147 -121 -110 -116 -110 -82 -55 -51 -51 -41 -15 5 -4 -21 -26 -12 -3 -9 -31 -49 -50 -46 -58 -76 -87 -87 -88 -86 -98 -98 -88 -84 -76 -77 -74 -65 -55 -48 -47 -49 -40 -36 -36 -39 -38 -41 -43 -50 -52 -52 -55 -57 -65 -68 -72 -72 -72 -72 -73 -74 -74 -69 -68 -64 -60 -60 -57 -56 -55 -49 -45 -51 -47 -45 -51 -51 -52 -57 -57 -64 -57 -61 -60 -59 -67 -65 -62 -68 -65 -65 -63 -58 -58 -60 -62 -60 -56 -61 -55 -58 -57 -54 -51 -53 -58 -58 -57 -61 -58 -57 -56 -62 -58 -57 -56 -62 -57 -62 -64 -60 -59 -58 -60 -54 -57 -57 -56 -55 -60 -59 -53 -61 -55 -54 -62 -54 -58 -60 -59 -60 -57 -59 -60 -60 -59 -57 -57 -59 -58 -59 -61 -59 -58 -57 -61 -58 -56 -60 -56 -58 -58 -61 -60 181 3611 305 4909
-51 -48 -53 -49 -54 -50 -53 -52 -49 -53 -48 -52 -53 -46 -49 -52 -51 -52 -48 -48 -56 -47 -54 -49 -47 -49 -51 -51 -48 -55 -52 -46 -50 -52 -46 -49 -50 -48 -48 -50 -50 -49 -51 -50 -53 -57 -51 -36 -72 -34 -23 11 93 211 376 339 -22 -374 -344 -24 197 -4 -397 -534 -323 -60 -36 -229 -343 -242 -66 -1 -51 -87 -12 71 84 32 24 84 123 85 6 -25 5 33 -7 -83 -129 -112 -80 -93 -141 -164 -134 -113 -96 -121 -111 -87 -48 -41 -44 -42 -11 9 7 -3 -12 1 9 -4 -23 -35 -38 -36 -48 -67 -77 -75 -73 -82 -88 -88 -83 -74 -70 -70 -69 -52 -46 -39 -38 -40 -30 -29 -23 -31 -31 -29 -33 -36 -40 -46 -49 -51 -57 -66 -63 -66 -62 -66 -64 -68 -63 -63 -54 -53 -51 -52 -46 -44 -42 -40 -39 -39 -42 -42 -43 -46 -39 -49 -48 -49 -50 -54 -53 -57 -56 -60 -53 -57 -53 -55 -53 -55 -55 -49 -49 -50 -51 -50 -49 -47 -48 -46 -47 -46 -46 -49 -50 -50 -52 -48 -51 -52 -51 -55 -56 -55 -55 -53 -52 -54 -52 -53 -53 -51 -49 -54 -47 -51 -50 -48 -50 -50 -47 -51 -52 -54 -53 -52 -48 -58 -51 -54 -53 -51 -53 -52 -55 -54 -49 -53 -55 -54 -51 -48 -53 -54 -51 -53 -48 -53 -51 -54 -52 180 10028 305 5174
-56 -56 -55 -59 -59 -58 -50 -64 -58 -60 -61 -57 -57 -59 -55 -58 -60 -55 -59 -59 -57 -59 -51 -62 -58 -58 -56 -57 -62 -62 -57 -59 -58 -58 -62 -55 -58 -60 -55 -58 -57 -57 -59 -57 -59 -61 -57 -56 -52 -53 -32 -1 59 178 340 373 48 -335 -397 -100 171 54 -345 -552 -393 -101 -23 -196 -347 -280 -98 3 -40 -98 -41 52 84 40 13 63 114 94 12 -34 -14 24 0 -79 -134 -125 -89 -100 -145 -170 -157 -122 -105 -115 -125 -101 -63 -45 -50 -51 -27 -1 7 -8 -16 -9 1 -8 -29 -41 -45 -42 -54 -74 -87 -84 -84 -89 -92 -97 -94 -81 -81 -83 -71 -69 -55 -50 -51 -49 -44 -36 -29 -39 -41 -42 -39 -39 -48 -53 -59 -61 -58 -69 -71 -71 -73 -72 -73 -75 -70 -67 -68 -64 -61 -65 -56 -52 -53 -51 -41 -49 -43 -46 -50 -53 -49 -54 -59 -62 -59 -65 -63 -65 -64 -66 -65 -63 -65 -66 -61 -64 -57 -57 -56 -56 -53 -53 -52 -49 -52 -52 -56 -57 -54 -61 -56 -56 -55 -62 -58 -58 -60 -61 -67 -62 -61 -62 -60 -60 -62 -62 -59 -63 -58 -61 -56 -56 -58 -56 -52 -58 -56 -59 -56 -58 -57 -56 -60 -58 -58 -57 -62 -64 -61 -62 -60 -60 -60 -57 -61 -60 -56 -60 -56 -58 -58 -57 -61 -58 -58 -56 -57 180 4895 305 4890
-50 -56 -51 -57 -53 -54 -56 -53 -53 -57 -53 -53 -51 -51 -53 -53 -52 -56 -52 -57 -53 -54 -54 -49 -57 -49 -56 -53 -55 -56 -51 -50 -50 -55 -52 -55 -56 -57 -52 -55 -53 -50 -56 -53 -55 -57 -56 -55 -52 -45 -24 22 107 257 396 276 -122 -407 -293 46 184 -95 -458 -514 -265 -31 -74 -272 -340 -204 -37 -7 -72 -81 5 81 71 21 25 87 120 63 -6 -30 11 24 -25 -101 -131 -101 -82 -114 -149 -162 -131 -100 -108 -122 -115 -76 -51 -46 -48 -40 -11 7 7 -13 -12 -4 2 -13 -31 -40 -42 -45 -57 -73 -81 -84 -83 -89 -88 -94 -88 -78 -73 -72 -67 -59 -49 -47 -44 -40 -33 -36 -36 -32 -37 -33 -37 -43 -48 -50 -15 -109 -11 -91 -51 -83 -58 -79 -64 -74 -67 -67 -61 -62 -58 -56 -53 -48 -51 -47 -45 -45 -45 -52 -44 -53 -49 -49 -50 -57 -57 -58 -59 -61 -61 -62 -65 -64 -62 -57 -61 -57 -58 -54 -52 -54 -51 -50 -53 -52 -56 -48 -56 -55 -59 -52 -52 -51 -55 -53 -56 -57 -56 -61 -59 -56 -57 -57 -57 -55 -56 -54 -56 -51 -55 -53 -52 -57 -49 -51 -50 -51 -53 -52 -56 -53 -58 -55 -51 -57 -56 -54 -58 -53 -56 -53 -53 -52 -55 -49 -49 -54 -55 -59 -56 -52 -50 -56 -56 -51 -56 -59 -57 180 191 305 4461
-56 -58 -57 -58 -62 -56 -58 -58 -52 -58 -59 -55 -57 -54 -56 -59 -57 -53 -61 -60 -58 -57 -58 -58 -61 -65 -57 -59 -57 -63 -59 -56 -55 -57 -60 -59 -55 -55 -57 -57 -58 -56 -63 -66 -62 -52 -48 -49 -54 -62 -37 -1 67 188 341 377 63 -317 -390 -107 168 64 -327 -547 -403 -119 -23 -183 -345 -291 -110 -6 -38 -89 -40 50 80 41 11 56 110 98 16 -33 -10 24 1 -71 -128 -126 -90 -96 -140 -167 -155 -118 -113 -117 -129 -105 -62 -46 -54 -52 -29 -2 1 -7 -17 -9 0 -1 -24 -37 -45 -44 -51 -72 -93 -96 -86 -94 -93 -103 -89 -86 -79 -77 -74 -65 -53 -49 -51 -47 -39 -35 -34 -35 -37 -36 -37 -41 -47 -53 -57 -57 -62 -68 -73 -66 -71 -75 -72 -72 -70 -64 -67 -61 -59 -55 -51 -47 -48 -49 -51 -52 -48 -47 -48 -48 -56 -53 -56 -60 -60 -62 -62 -60 -65 -65 -62 -64 -65 -64 -66 -65 -61 -59 -57 -56 -53 -53 -50 -54 -56 -54 -51 -52 -53 -56 -56 -53 -57 -57 -64 -57 -60 -61 -64 -62 -62 -60 -63 -60 -61 -58 -55 -61 -59 -54 -60 -58 -54 -58 -59 -52 -58 -61 -54 -59 -59 -57 -59 -58 -59 -58 -58 -58 -60 -61 -62 -56 -58 -58 -56 -54 -57 -57 -58 -59 -58 -57 -61 -61 -60 -59 -58 179 11674 305 4657
-60 -52 -62 -53 -60 -53 -59 -56 -64 -57 -62 -60 -66 -62 -61 -58 -63 -63 -57 -69 -56 -54 -59 -56 -53 -56 -55 -56 -54 -59 -63 -55 -55 -60 -59 -61 -60 -55 -62 -59 -65 -57 -62 -58 -62 -56 -64 -57 -55 -56 -43 -13 47 158 315 397 123 -269 -411 -163 150 115 -258 -534 -440 -152 -16 -153 -327 -313 -136 -12 -35 -91 -58 39 86 45 9 52 110 105 31 -29 -23 19 8 -64 -130 -125 -97 -93 -131 -170 -159 -124 -108 -117 -128 -106 -69 -45 -48 -52 -30 -6 3 -7 -14 -13 2 -5 -23 -41 -45 -43 -50 -70 -80 -90 -81 -87 -90 -97 -94 -87 -75 -79 -75 -67 -54 -51 -51 -50 -38 -34 -29 -31 -36 -38 -38 -44 -48 -53 -54 -59 -63 -69 -70 -69 -70 -71 -73 -71 -71 -70 -65 -63 -57 -58 -56 -52 -50 -49 -50 -48 -45 -43 -49 -51 -50 -48 -52 -59 -58 -60 -62 -62 -66 -67 -67 -64 -59 -66 -59 -63 -59 -59 -61 -51 -57 -58 -59 -51 -52 -51 -52 -58 -58 -57 -56 -56 -61 -59 -56 -61 -64 -62 -62 -60 -61 -63 -59 -63 -59 -61 -62 -59 -57 -54 -60 -57 -56 -56 -53 -58 -58 -55 -60 -57 -59 -53 -61 -59 -59 -59 -59 -56 -61 -60 -59 -60 -56 -62 -61 -54 -58 -58 -53 -59 -58 -59 -56 -61 -58 -56 -57 179 6977 305 4454
-60 -56 -57 -59 -57 -60 -58 -59 -58 -59 -59 -58 -64 -61 -61 -58 -59 -59 -60 -53 -62 -59 -60 -59 -59 -56 -60 -61 -64 -57 -58 -60 -57 -59 -58 -60 -61 -57 -60 -58 -60 -55 -59 -60 -59 -61 -61 -55 -58 -57 -43 -12 45 157 310 396 116 -278 -413 -158 146 107 -270 -531 -433 -149 -15 -155 -333 -308 -131 -12 -31 -93 -53 33 85 44 17 48 105 102 29 -36 -19 20 10 -60 -126 -131 -96 -90 -135 -170 -160 -122 -103 -116 -132 -105 -65 -52 -51 -53 -35 -7 3 -7 -18 -13 -1 -6 -26 -40 -46 -41 -47 -68 -82 -86 -89 -84 -94 -99 -95 -85 -83 -79 -79 -69 -59 -48 -51 -49 -45 -35 -35 -33 -39 -36 -39 -42 -46 -49 -55 -56 -61 -67 -69 -71 -72 -76 -75 -74 -72 -66 -71 -37 -83 -55 -42 -65 -45 -64 -41 -58 -46 -56 -48 -55 -50 -59 -55 -64 -58 -60 -61 -66 -60 -67 -63 -63 -62 -67 -70 -62 -63 -62 -65 -58 -56 -59 -56 -57 -54 -54 -58 -54 -56 -55 -52 -60 -64 -63 -61 -66 -59 -65 -62 -63 -65 -63 -65 -60 -59 -58 -61 -56 -59 -57 -60 -56 -55 -52 -56 -54 -55 -58 -57 -52 -63 -60 -60 -58 -59 -64 -59 -60 -62 -59 -59 -57 -59 -58 -60 -59 -61 -58 -58 -58 -60 -59 -60 -58 -57 -56 -59 179 2462 305 4272
-59 -60 -62 -62 -58 -61 -57 -62 -64 -59 -59 -57 -60 -60 -55 -58 -56 -60 -58 -56 -59 -56 -60 -64 -59 -59 -59 -61 -61 -58 -59 -51 -63 -58 -62 -59 -61 -60 -60 -55 -55 -56 -62 -58 -59 -62 -60 -60 -57 -54 -40 2 65 193 359 355 6 -358 -379 -64 181 27 -370 -541 -369 -87 -33 -213 -345 -261 -88 -8 -59 -93 -31 58 78 29 13 65 111 87 5 -38 -7 23 -7 -85 -133 -121 -90 -99 -148 -172 -156 -117 -111 -118 -125 -97 -58 -48 -53 -47 -31 -7 -2 -11 -18 -13 -5 -14 -30 -44 -50 -52 -56 -74 -89 -87 -85 -85 -99 -100 -92 -88 -80 -80 -78 -64 -62 -51 -52 -48 -36 -39 -38 -40 -44 -39 -43 -43 -49 -59 -60 -64 -67 -71 -72 -73 -72 -76 -73 -75 -73 -72 -68 -63 -61 -60 -59 -52 -57 -52 -48 -51 -50 -51 -52 -51 -56 -59 -59 -65 -62 -63 -63 -66 -66 -65 -70 -67 -69 -64 -67 -62 -59 -56 -58 -58 -59 -60 -53 -53 -54 -51 -52 -58 -57 -58 -64 -64 -64 -62 -61 -60 -62 -65 -65 -62 -69 -68 -65 -62 -56 -62 -63 -58 -58 -55 -64 -61 -58 -55 -56 -58 -61 -57 -61 -58 -64 -59 -63 -56 -58 -62 -61 -65 -64 -60 -56 -58 -55 -59 -62 -62 -59 -64 -60 -57 -55 -57 -58 -59 -60 -57 -57 178 13839 305 4764
-59 -57 -57 -62 -58 -63 -56 -59 -62 -59 -58 -56 -55 -61 -58 -59 -62 -55 -60 -58 -56 -61 -56 -59 -56 -53 -60 -56 -59 -58 -57 -61 -61 -56 -60 -60 -60 -57 -60 -57 -59 -59 -56 -57 -57 -59 -58 -61 -56 -58 -47 -21 25 122 278 403 206 -199 -422 -232 94 158 -170 -509 -482 -214 -21 -111 -303 -332 -173 -27 -18 -83 -75 20 79 57 13 33 98 109 51 -27 -25 14 15 -44 -119 -132 -105 -93 -123 -163 -166 -134 -110 -112 -125 -112 -78 -49 -49 -51 -37 -14 5 0 -13 -14 0 0 -19 -35 -47 -43 -53 -66 -83 -89 -85 -87 -90 -102 -93 -88 -84 -79 -75 -68 -60 -53 -47 -50 -42 -38 -34 -35 -34 -39 -38 -46 -42 -52 -54 -58 -65 -69 -72 -77 -71 -74 -73 -74 -73 -69 -67 -69 -59 -63 -56 -52 -52 -49 -47 -46 -49 -49 -50 -49 -48 -55 -54 -61 -55 -59 -53 -61 -64 -63 -68 -68 -64 -60 -62 -63 -63 -62 -57 -52 -57 -60 -58 -55 -54 -53 -56 -57 -52 -55 -51 -57 -57 -59 -61 -59 -60 -61 -68 -74 -64 -68 -62 -58 -60 -62 -60 -59 -61 -57 -57 -56 -56 -58 -61 -58 -61 -57 -59 -57 -54 -55 -58 -59 -59 -32 -93 -36 -65 -54 -61 -63 -61 -59 -58 -61 -59 -68 -59 -58 -56 -61 -55 -56 -56 -58 -55 178 9143 305 4452
-59 -56 -59 -58 -60 -58 -57 -54 -58 -61 -58 -61 -57 -54 -56 -56 -56 -56 -59 -56 -58 -56 -57 -53 -58 -55 -55 -59 -61 -62 -58 -59 -60 -57 -55 -56 -55 -57 -59 -57 -54 -60 -53 -58 -57 -56 -58 -57 -57 -56 -34 4 75 201 360 349 -13 -367 -366 -48 185 12 -382 -541 -351 -76 -39 -221 -346 -254 -80 -4 -59 -92 -26 62 74 31 18 66 116 85 4 -31 -5 32 -5 -88 -136 -121 -89 -107 -157 -178 -148 -110 -110 -125 -131 -99 -54 -44 -54 -51 -19 5 8 -9 -16 -7 4 -4 -29 -41 -47 -49 -62 -78 -89 -55 -107 -93 -83 -113 -74 -92 -71 -88 -64 -72 -52 -56 -48 -48 -40 -39 -32 -40 -40 -41 -38 -47 -46 -57 -55 -61 -60 -69 -74 -71 -72 -68 -73 -79 -70 -63 -68 -67 -60 -56 -52 -53 -60 -49 -53 -51 -51 -56 -52 -54 -52 -51 -59 -58 -58 -60 -62 -66 -62 -62 -61 -63 -65 -64 -71 -59 -57 -53 -56 -53 -52 -55 -53 -52 -53 -53 -57 -56 -57 -54 -55 -58 -58 -59 -56 -60 -59 -60 -56 -59 -57 -57 -62 -61 -58 -57 -59 -56 -59 -56 -56 -56 -53 -55 -51 -53 -56 -56 -57 -56 -56 -55 -57 -56 -58 -56 -58 -55 -62 -57 -57 -59 -58 -58 -60 -58 -59 -57 -57 -54 -56 -57 -59 -62 -58 -62 -56 177 10871 305 4469
-54 -60 -57 -59 -55 -60 -61 -56 -61 -60 -62 -61 -61 -58 -58 -58 -56 -57 -51 -59 -54 -59 -60 -56 -58 -55 -49 -53 -51 -55 -57 -60 -60 -58 -60 -58 -53 -55 -57 -57 -61 -61 -63 -58 -58 -54 -62 -62 -58 -53 -34 6 83 213 373 337 -36 -375 -355 -26 187 -1 -401 -531 -330 -65 -42 -236 -352 -249 -71 -5 -58 -91 -23 70 80 26 15 73 121 81 0 -32 -4 26 -15 -94 -133 -115 -86 -104 -145 -170 -147 -113 -108 -123 -123 -91 -55 -46 -49 -44 -22 -3 -1 -13 -20 -9 3 -10 -31 -45 -48 -45 -58 -76 -87 -85 -86 -87 -96 -99 -90 -80 -78 -76 -72 -62 -49 -51 -50 -46 -39 -35 -35 -35 -34 -35 -40 -39 -51 -49 -56 -56 -60 -66 -73 -72 -72 -75 -76 -72 -75 -68 -65 -61 -58 -61 -56 -50 -49 -50 -51 -45 -45 -48 -54 -54 -51 -53 -52 -55 -62 -61 -61 -62 -62 -66 -61 -63 -62 -67 -64 -65 -59 -57 -56 -58 -53 -58 -51 -55 -53 -50 -53 -57 -54 -55 -53 -55 -56 -56 -59 -59 -56 -60 -57 -62 -59 -59 -61 -59 -62 -58 -59 -54 -59 -58 -53 -57 -55 -54 -60 -57 -55 -53 -56 -57 -55 -59 -55 -62 -53 -52 -63 -55 -59 -62 -57 -60 -59 -62 -57 -57 -60 -57 -54 -54 -57 -57 -59 -56 -59 -58 -53 177 5544 305 5084
-64 -65 -57 -64 -53 -57 -56 -56 -62 -56 -57 -60 -55 -57 -62 -56 -53 -57 -57 -56 -55 -57 -59 -54 -59 -60 -58 -60 -55 -59 -58 -53 -57 -60 -56 -60 -57 -60 -58 -59 -55 -58 -56 -57 -58 -61 -54 -60 -59 -47 -25 17 103 247 393 273 -125 -407 -296 47 182 -100 -467 -513 -266 -33 -77 -274 -343 -210 -42 -13 -77 -86 4 76 68 22 22 86 117 62 -13 -33 10 24 -26 -106 -134 -108 -84 -114 -158 -172 -136 -112 -107 -128 -119 -83 -50 -45 -54 -42 -16 4 0 -12 -18 -9 1 -13 -33 -45 -44 -45 -59 -82 -85 -84 -86 -92 -96 -97 -92 -81 -79 -74 -74 -63 -55 -49 -50 -44 -34 -33 -32 -39 -40 -38 -38 -44 -48 -57 -54 -60 -60 -66 -70 -76 -75 -75 -74 -72 -72 -64 -65 -65 -60 -59 -51 -49 -50 -48 -49 -49 -48 -45 -48 -53 -51 -56 -55 -57 -61 -63 -60 -65 -64 -65 -64 -63 -63 -62 -63 -61 -54 -62 -56 -57 -57 -54 -52 -55 -55 -52 -54 -56 -52 -53 -54 -57 -58 -59 -58 -58 -61 -60 -63 -61 -60 -62 -60 -59 -60 -58 -54 -58 -53 -56 -58 -58 -58 -55 -52 -57 -56 -62 -60 -49 -52 -91 -25 -95 -34 -84 -45 -76 -46 -70 -49 -67 -54 -63 -59 -62 -59 -59 -56 -62 -52 -62 -53 -57 -57 -56 -57 177 694 305 4607
-64 -57 -59 -59 -59 -59 -60 -57 -59 -59 -58 -60 -55 -60 -63 -59 -59 -59 -60 -60 -59 -57 -54 -57 -55 -61 -58 -62 -62 -60 -60 -55 -63 -58 -61 -61 -60 -60 -56 -61 -60 -59 -57 -56 -60 -55 -55 -58 -60 -60 -46 -18 35 139 292 397 183 -222 -422 -216 111 143 -200 -512 -472 -194 -17 -124 -310 -325 -161 -21 -24 -90 -67 23 80 52 12 43 102 110 43 -28 -24 15 11 -45 -126 -129 -104 -90 -124 -168 -167 -129 -105 -111 -131 -110 -72 -47 -49 -47 -43 -16 19 -23 -7 -26 11 -12 -12 -47 -40 -48 -51 -76 -79 -90 -84 -91 -97 -101 -102 -85 -78 -83 -80 -74 -55 -52 -53 -52 -42 -40 -47 -41 -39 -37 -41 -40 -43 -51 -56 -60 -59 -64 -71 -75 -80 -68 -81 -72 -76 -71 -70 -59 -70 -58 -59 -60 -54 -53 -49 -45 -48 -46 -47 -50 -47 -50 -53 -52 -56 -59 -63 -62 -61 -64 -65 -68 -65 -65 -61 -64 -59 -57 -58 -52 -56 -55 -54 -51 -52 -52 -56 -51 -52 -59 -56 -60 -57 -63 -59 -58 -61 -66 -63 -67 -63 -63 -61 -61 -60 -61 -61 -60 -56 -55 -56 -59 -55 -52 -55 -56 -54 -56 -56 -59 -59 -58 -59 -57 -60 -62 -59 -63 -59 -55 -57 -56 -56 -59 -60 -57 -59 -58 -55 -58 -55 -54 -54 -57 -59 -57 -56 176 12487 305 4347
-58 -61 -57 -59 -61 -55 -59 -58 -60 -53 -60 -60 -59 -51 -58 -54 -57 -57 -61 -61 -60 -57 -59 -59 -57 -60 -57 -56 -60 -59 -55 -58 -57 -60 -57 -58 -58 -54 -64 -56 -56 -58 -53 -59 -57 -56 -57 -57 -61 -58 -39 -17 38 139 294 406 162 -241 -419 -198 125 137 -221 -522 -463 -175 -15 -138 -322 -316 -148 -17 -32 -94 -66 27 84 43 9 42 103 107 32 -35 -21 18 13 -55 -125 -129 -101 -90 -130 -173 -167 -127 -108 -114 -131 -111 -71 -47 -49 -51 -35 -8 4 -6 -17 -14 -4 -7 -23 -43 -50 -45 -51 -64 -81 -86 -82 -80 -90 -98 -90 -84 -80 -79 -78 -71 -61 -51 -52 -49 -46 -31 -32 -39 -39 -38 -40 -40 -46 -54 -55 -60 -59 -65 -70 -69 -73 -72 -72 -73 -74 -68 -67 -66 -63 -61 -58 -52 -52 -52 -53 -44 -48 -49 -50 -49 -47 -51 -60 -60 -63 -61 -60 -62 -64 -66 -66 -67 -66 -65 -65 -59 -63 -58 -60 -59 -55 -56 -57 -55 -57 -55 -58 -57 -55 -55 -58 -57 -58 -58 -59 -59 -64 -61 -60 -63 -58 -63 -60 -60 -60 -60 -59 -59 -58 -58 -53 -58 -55 -58 -58 -55 -55 -55 -59 -58 -58 -57 -55 -58 -57 -60 -59 -54 -58 -57 -56 -59 -63 -61 -57 -61 -60 -60 -57 -59 -56 -55 -58 -57 -56 -57 -60 176 7419 305 4825
-58 -60 -57 -55 -57 -58 -58 -59 -57 -59 -62 -59 -62 -58 -58 -56 -60 -58 -59 -55 -60 -54 -60 -59 -58 -59 -60 -56 -60 -57 -61 -59 -54 -64 -63 -59 -58 -57 -59 -57 -58 -59 -54 -58 -54 -59 -59 -58 -57 -53 -39 -6 56 176 338 384 62 -317 -398 -112 166 76 -318 -540 -404 -120 -23 -185 -339 -291 -109 -9 -43 -98 -42 49 77 38 11 54 114 96 21 -33 -16 25 -2 -73 -133 -126 -92 -98 -140 -168 -152 -119 -105 -117 -129 -102 -63 -46 -54 -51 -31 -5 3 -8 -19 -9 0 -6 -30 -41 -45 -46 -56 -74 -84 -90 -84 -87 -92 -73 -159 -29 -125 -44 -107 -47 -79 -36 -67 -31 -47 -34 -40 -33 -40 -36 -43 -42 -51 -54 -55 -60 -66 -73 -70 -71 -72 -68 -71 -72 -70 -67 -66 -67 -64 -55 -58 -53 -50 -51 -46 -49 -49 -50 -51 -52 -55 -68 -53 -58 -61 -66 -67 -63 -65 -67 -64 -64 -62 -68 -65 -63 -60 -55 -59 -52 -50 -55 -47 -55 -54 -50 -56 -53 -54 -55 -56 -53 -59 -58 -56 -58 -58 -63 -60 -56 -63 -56 -58 -58 -56 -59 -57 -53 -57 -55 -57 -55 -50 -57 -59 -54 -60 -58 -56 -56 -55 -56 -57 -57 -62 -59 -59 -63 -59 -65 -58 -58 -59 -57 -57 -58 -55 -60 -57 -58 -58 -54 -58 -56 -53 -59 -58 176 2634 305 4542
-59 -56 -57 -57 -62 -58 -57 -57 -60 -62 -55 -54 -58 -58 -59 -61 -52 -59 -57 -56 -60 -51 -60 -60 -59 -54 -56 -58 -62 -58 -57 -60 -62 -59 -57 -60 -62 -62 -63 -55 -59 -54 -56 -58 -55 -59 -57 -60 -57 -53 -41 2 65 194 353 368 18 -349 -380 -69 180 41 -359 -541 -374 -90 -33 -207 -344 -270 -87 -5 -48 -93 -33 60 77 27 16 63 116 90 6 -33 -9 28 -2 -86 -132 -123 -90 -100 -148 -172 -150 -121 -104 -122 -125 -96 -58 -47 -52 -48 -24 -1 5 -9 -16 -9 2 -8 -33 -40 -47 -46 -57 -77 -87 -86 -86 -90 -93 -98 -92 -83 -77 -79 -72 -63 -55 -51 -49 -46 -40 -35 -33 -38 -35 -40 -39 -46 -49 -54 -61 -64 -67 -69 -74 -69 -73 -73 -72 -76 -72 -63 -66 -61 -62 -54 -50 -50 -50 -48 -48 -46 -50 -50 -46 -48 -49 -54 -57 -58 -58 -62 -60 -67 -67 -63 -66 -59 -65 -66 -62 -64 -62 -57 -59 -56 -57 -52 -48 -52 -54 -55 -53 -55 -51 -53 -57 -58 -58 -60 -59 -59 -61 -63 -64 -60 -56 -58 -62 -60 -61 -63 -56 -60 -56 -57 -56 -58 -56 -59 -56 -58 -54 -56 -56 -57 -62 -56 -63 -59 -59 -63 -59 -57 -59 -62 -59 -60 -58 -57 -61 -59 -57 -57 -59 -55 -58 -57 -54 -57 -57 -57 -56 175 14249 305 4526
-57 -57 -57 -55 -58 -58 -58 -55 -59 -58 -57 -61 -56 -61 -56 -58 -58 -57 -59 -60 -60 -55 -60 -59 -53 -56 -59 -58 -54 -57 -56 -61 -57 -55 -59 -56 -59 -59 -57 -55 -58 -59 -56 -56 -59 -59 -58 -59 -57 -52 -32 12 94 229 385 305 -85 -396 -325 16 184 -56 -437 -524 -295 -43 -53 -254 -350 -226 -55 -8 -77 -94 -15 77 74 13 14 79 118 74 -10 -35 1 29 -11 -91 -134 -110 -89 -105 -154 -170 -142 -114 -110 -128 -120 -86 -52 -51 -55 -46 -22 6 0 -13 -22 -10 0 -14 -35 -43 -45 -51 -61 -75 -88 -84 -87 -90 -95 -102 -88 -81 -81 -79 -74 -61 -56 -51 -46 -44 -39 -31 -35 -41 -44 -37 -39 -39 -50 -55 -59 -57 -65 -67 -75 -71 -74 -73 -74 -74 -71 -68 -65 -66 -65 -62 -54 -50 -50 -44 -49 -44 -44 -45 -50 -49 -55 -52 -57 -54 -60 -61 -61 -64 -67 -64 -66 -66 -64 -66 -61 -61 -61 -60 -59 -55 -52 -58 -53 -55 -55 -52 -53 -53 -52 -57 -55 -61 -57 -57 -62 -59 -60 -58 -59 -62 -61 -59 -62 -58 -58 -62 -62 -58 -57 -59 -57 -56 -57 -55 -55 -55 -57 -58 -58 -58 -59 -56 -63 -55 -62 -57 -57 -57 -60 -60 -59 -58 -60 -57 -57 -60 -56 -59 -62 -58 -57 -56 -58 -55 -59 -58 -58 174 15945 305 5068
-57 -60 -55 -59 -60 -56 -60 -56 -60 -56 -58 -62 -57 -61 -58 -58 -59 -60 -62 -58 -57 -61 -61 -55 -59 -58 -57 -61 -56 -59 -59 -59 -56 -58 -56 -56 -62 -61 -61 -60 -58 -57 -56 -58 -62 -57 -61 -59 -59 -60 -42 -17 41 138 301 399 158 -245 -420 -200 123 133 -228 -518 -462 -179 -16 -139 -318 -323 -149 -18 -26 -93 -64 29 81 50 9 43 100 107 36 -32 -22 15 12 -53 -125 -134 -95 -94 -129 -168 -165 -126 -107 -110 -126 -111 -71 -45 -47 -55 -33 -6 3 -4 -23 -13 0 -6 -19 -38 -47 -46 -53 -69 -79 -92 -87 -86 -96 -97 -96 -85 -73 -80 -74 -65 -60 -52 -50 -52 -40 4 -72 -14 -39 -38 -35 -49 -45 -57 -52 -66 -57 -71 -67 -76 -73 -73 -74 -78 -69 -71 -67 -67 -62 -59 -58 -60 -53 -54 -51 -49 -46 -49 -51 -53 -53 -57 -55 -60 -59 -67 -67 -64 -67 -71 -60 -69 -62 -67 -64 -67 -58 -62 -59 -56 -59 -57 -56 -52 -58 -52 -49 -54 -48 -56 -56 -58 -56 -57 -61 -65 -55 -61 -58 -63 -56 -60 -62 -60 -56 -61 -57 -56 -54 -57 -56 -57 -55 -58 -58 -57 -57 -57 -59 -57 -58 -58 -60 -56 -59 -61 -58 -60 -58 -61 -59 -57 -59 -60 -58 -55 -56 -58 -59 -60 -59 -56 -59 -57 -55 -57 -56 174 11124 305 4577
-49 -53 -53 -53 -52 -57 -53 -54 -51 -50 -49 -53 -53 -52 -50 -49 -48 -50 -50 -51 -47 -51 -51 -55 -49 -53 -51 -50 -53 -46 -49 -50 -49 -51 -48 -49 -48 -49 -51 -53 -52 -50 -46 -47 -47 -48 -52 -49 -51 -48 -35 1 61 174 338 393 86 -299 -396 -115 168 88 -294 -533 -407 -120 -13 -165 -330 -290 -109 -1 -33 -86 -42 55 95 49 22 57 120 108 29 -27 -5 28 13 -63 -121 -118 -87 -87 -132 -163 -153 -116 -98 -108 -120 -94 -56 -40 -39 -41 -25 3 11 3 -12 3 11 0 -17 -34 -38 -36 -45 -64 -80 -75 -80 -79 -90 -94 -87 -74 -69 -71 -69 -57 -43 -41 -37 -36 -33 -34 -29 -29 -33 -30 -33 -37 -38 -47 -47 -53 -54 -59 -63 -62 -65 -61 -64 -69 -65 -56 -61 -58 -53 -51 -48 -44 -41 -43 -39 -39 -36 -44 -43 -46 -45 -48 -47 -51 -48 -54 -55 -55 -58 -57 -58 -56 -59 -55 -54 -50 -52 -53 -51 -53 -49 -52 -48 -42 -45 -50 -47 -49 -50 -46 -53 -49 -54 -52 -54 -52 -52 -52 -49 -55 -56 -51 -53 -61 -54 -52 -53 -50 -46 -48 -49 -50 -47 -50 -47 -49 -47 -44 -52 -46 -51 -50 -46 -57 -51 -49 -52 -52 -53 -54 -50 -50 -50 -53 -46 -50 -53 -51 -49 -50 -45 -52 -52 -50 -48 -51 -52 174 5883 305 4998
-60 -60 -58 -57 -56 -57 -56 -61 -57 -61 -58 -60 -60 -57 -60 -61 -58 -61 -55 -57 -55 -54 -60 -59 -55 -59 -60 -62 -57 -63 -64 -58 -59 -59 -58 -60 -62 -57 -58 -61 -55 -59 -57 -57 -63 -60 -62 -59 -59 -62 -49 -19 32 127 280 398 204 -210 -421 -231 102 154 -177 -506 -476 -207 -19 -115 -310 -329 -175 -26 -19 -87 -71 19 80 55 8 34 102 110 43 -23 -28 11 17 -41 -119 -133 -99 -93 -121 -167 -166 -130 -108 -111 -129 -113 -74 -49 -51 -52 -35 -11 3 -6 -16 -16 -2 -1 -21 -38 -48 -46 -48 -68 -82 -89 -88 -89 -95 -98 -98 -87 -83 -83 -76 -69 -60 -52 -45 -48 -41 -34 -32 -35 -41 -42 -39 -38 -52 -53 -55 -58 -63 -69 -67 -74 -71 -72 -73 -70 -72 -72 -68 -62 -62 -63 -57 -57 -55 -57 -48 -46 -46 -50 -49 -49 -49 -57 -54 -61 -61 -61 -62 -63 -62 -65 -67 -63 -64 -62 -60 -62 -58 -57 -57 -56 -55 -53 -56 -54 -55 -54 -57 -20 -100 -20 -70 -44 -67 -54 -63 -60 -56 -63 -61 -61 -61 -64 -63 -65 -61 -62 -59 -59 -57 -54 -52 -60 -60 -57 -60 -56 -58 -56 -58 -56 -61 -57 -61 -56 -61 -62 -63 -61 -57 -60 -58 -60 -56 -60 -67 -50 -67 -57 -63 -62 -62 -57 -60 -59 -61 -56 -60 174 946 305 4694
-56 -64 -58 -61 -56 -60 -60 -59 -60 -58 -58 -54 -59 -60 -61 -58 -60 -55 -58 -59 -61 -63 -63 -57 -59 -60 -60 -59 -55 -60 -56 -61 -56 -59 -57 -64 -61 -65 -58 -55 -59 -58 -56 -60 -58 -56 -56 -55 -57 -55 -28 11 89 227 382 313 -74 -397 -329 8 186 -46 -435 -533 -305 -49 -62 -253 -350 -232 -62 -6 -71 -88 -11 66 72 25 19 77 116 70 -7 -32 -4 22 -23 -100 -135 -115 -87 -110 -154 -170 -149 -111 -109 -122 -120 -88 -51 -49 -50 -45 -21 3 -3 -13 -16 -8 -4 -15 -36 -43 -47 -48 -63 -76 -91 -85 -87 -94 -100 -94 -89 -79 -39 -119 -54 -59 -59 -44 -56 -41 -44 -28 -40 -32 -45 -39 -46 -43 -56 -58 -56 -64 -67 -73 -66 -75 -73 -75 -74 -72 -68 -69 -69 -65 -59 -58 -56 -54 -53 -52 -52 -51 -55 -51 -49 -56 -52 -56 -63 -63 -61 -67 -65 -68 -66 -63 -65 -63 -68 -67 -61 -63 -60 -57 -57 -55 -55 -52 -55 -53 -52 -54 -52 -54 -51 -58 -57 -56 -56 -62 -58 -60 -60 -61 -60 -59 -61 -58 -65 -57 -61 -58 -56 -61 -52 -57 -55 -55 -58 -56 -61 -55 -57 -58 -57 -61 -58 -57 -58 -59 -58 -61 -58 -59 -61 -59 -61 -60 -62 -62 -55 -59 -56 -55 -56 -54 -55 -55 -52 -59 -53 -59 -56 173 12608 305 4479
-56 -55 -61 -56 -55 -55 -52 -57 -56 -56 -56 -53 -55 -56 -55 -57 -55 -60 -57 -57 -54 -54 -59 -58 -59 -57 -56 -59 -58 -58 -56 -57 -56 -57 -60 -52 -54 -59 -59 -57 -58 -60 -56 -60 -59 -59 -57 -61 -55 -52 -28 10 95 230 385 304 -90 -395 -326 18 184 -60 -442 -529 -300 -47 -62 -255 -344 -225 -54 -10 -72 -86 -9 75 68 18 24 83 119 72 -9 -33 2 24 -26 -97 -136 -114 -88 -107 -157 -168 -140 -111 -106 -122 -117 -86 -52 -46 -51 -43 -23 6 1 -12 -12 -5 1 -9 -34 -42 -47 -45 -64 -76 -85 -86 -86 -92 -95 -92 -92 -80 -75 -82 -68 -58 -54 -49 -44 -45 -36 -32 -36 -39 -42 -36 -39 -44 -47 -49 -56 -59 -67 -69 -66 -71 -74 -72 -69 -74 -69 -73 -75 -64 -58 -47 -43 -50 -51 -54 -46 -39 -39 -44 -50 -54 -51 -49 -50 -52 -64 -63 -69 -67 -62 -67 -65 -69 -63 -65 -57 -55 -54 -55 -54 -58 -53 -49 -48 -53 -53 -54 -50 -48 -53 -55 -52 -53 -56 -58 -61 -60 -60 -63 -59 -60 -61 -64 -59 -58 -59 -57 -54 -54 -56 -55 -58 -58 -57 -55 -54 -58 -54 -57 -50 -58 -52 -56 -55 -62 -57 -59 -57 -59 -55 -59 -56 -58 -61 -57 -58 -57 -56 -59 -57 -57 -55 -59 -59 -55 -56 -57 -53 173 3138 305 4393
-56 -53 -53 -57 -54 -51 -51 -54 -56 -50 -57 -54 -57 -55 -56 -52 -48 -53 -55 -55 -51 -55 -53 -55 -54 -58 -55 -56 -54 -56 -53 -57 -53 -54 -59 -49 -51 -53 -53 -54 -54 -53 -49 -58 -49 -59 -57 -52 -50 -45 -21 22 109 247 395 278 -122 -406 -292 47 178 -92 -462 -514 -259 -35 -72 -275 -337 -211 -40 -7 -69 -78 6 82 71 23 32 91 118 62 -9 -28 16 30 -23 -104 -128 -106 -85 -113 -155 -172 -136 -106 -102 -123 -113 -81 -48 -40 -49 -39 -11 6 3 -11 -11 2 4 -12 -25 -46 -39 -44 -59 -76 -85 -84 -79 -88 -98 -97 -85 -74 -77 -76 -67 -60 -51 -49 -43 -42 -31 -31 -33 -30 -35 -34 -36 -42 -45 -54 -51 -52 -61 -68 -65 -67 -69 -69 -74 -70 -64 -64 -61 -60 -55 -53 -52 -48 -32 -59 -41 -34 -54 -37 -61 -41 -60 -44 -57 -54 -61 -57 -67 -59 -58 -61 -63 -62 -61 -58 -59 -58 -57 -61 -58 -52 -51 -53 -51 -55 -51 -58 -52 -55 -53 -52 -55 -55 -55 -57 -58 -56 -55 -58 -62 -71 -59 -59 -56 -60 -59 -55 -53 -53 -51 -54 -50 -52 -52 -56 -56 -53 -56 -51 -57 -55 -58 -53 -56 -59 -55 -55 -56 -54 -51 -57 -55 -58 -55 -57 -54 -55 -57 -55 -54 -55 -53 -52 -57 -53 -55 -55 -54 172 14722 305 4557
-52 -50 -54 -52 -50 -53 -56 -51 -50 -50 -57 -51 -55 -52 -52 -54 -50 -48 -52 -45 -50 -51 -48 -46 -49 -46 -51 -50 -50 -52 -48 -49 -49 -52 -50 -50 -51 -48 -49 -49 -52 -49 -47 -52 -50 -50 -55 -53 -54 -51 -40 -8 43 143 301 409 181 -218 -408 -206 126 149 -193 -511 -467 -183 -9 -113 -306 -315 -149 -15 -15 -83 -62 31 89 59 17 44 112 123 48 -19 -17 23 28 -43 -110 -121 -95 -77 -120 -159 -154 -120 -95 -105 -119 -101 -64 -35 -40 -41 -28 -1 11 4 -8 -5 12 4 -12 -29 -37 -32 -43 -58 -71 -79 -74 -83 -84 -89 -86 -75 -70 -71 -68 -63 -50 -46 -42 -34 -33 -27 -28 -33 -28 -29 -34 -31 -39 -43 -55 -52 -53 -61 -65 -64 -62 -66 -63 -65 -69 -59 -61 -53 -52 -52 -52 -43 -41 -45 -38 -40 -40 -34 -40 -45 -45 -45 -49 -52 -55 -52 -58 -57 -60 -56 -54 -56 -55 -57 -56 -53 -49 -52 -48 -51 -54 -43 -48 -46 -46 -43 -47 -49 -49 -51 -51 -47 -53 -49 -54 -51 -55 -55 -53 -53 -54 -54 -55 -55 -52 -49 -52 -48 -49 -48 -49 -45 -49 -49 -49 -49 -49 -51 -52 -48 -49 -51 -48 -51 -52 -51 -52 -50 -55 -55 -53 -48 -51 -49 -52 -45 -40 -47 -55 -50 -52 -53 -55 -52 -53 -51 -52 172 10068 305 4410
-59 -60 -55 -58 -57 -54 -62 -58 -59 -57 -58 -58 -59 -62 -59 -54 -57 -58 -59 -59 -56 -58 -60 -60 -58 -55 -57 -55 -63 -60 -55 -55 -62 -56 -63 -59 -61 -57 -61 -58 -61 -60 -62 -59 -56 -56 -59 -58 -56 -52 -38 -7 60 176 338 378 60 -321 -399 -113 166 67 -325 -541 -397 -115 -23 -185 -340 -284 -112 -9 -45 -92 -43 50 78 42 11 59 114 93 15 -34 -14 27 -1 -78 -130 -124 -94 -97 -138 -171 -156 -118 -105 -116 -126 -101 -66 -45 -51 -51 -30 -3 1 -4 -14 -11 4 -5 -26 -40 -45 -47 -53 -74 -86 -88 -86 -89 -97 -100 -91 -85 -82 -76 -76 -62 -57 -53 -46 -43 -40 -31 -34 -39 -40 -39 -39 -40 -51 -52 -57 -57 -62 -68 -73 -71 -75 -77 -73 -74 -72 -68 -66 -65 -66 -61 -56 -55 -55 -50 -51 -47 -52 -51 -48 -51 -56 -51 -57 -61 -61 -62 -63 -64 -62 -64 -65 -63 -66 -62 -62 -58 -61 -57 -59 -56 -56 -55 -54 -51 -55 -53 -54 -60 -59 -56 -55 -53 -59 -59 -58 -61 -62 -60 -64 -65 -63 -63 -59 -59 -59 -60 -57 -58 -60 -57 -57 -56 -57 -60 -60 -57 -59 -55 -57 -56 -61 -55 -60 -57 -60 -63 -57 -56 -59 -59 -62 -60 -56 -60 -57 -58 -57 -57 -61 -57 -59 -56 -56 -60 -54 -55 -57 172 5178 305 4647
-61 -57 -58 -60 -58 -57 -57 -56 -60 -56 -59 -57 -59 -59 -58 -60 -59 -58 -59 -58 -60 -55 -59 -60 -55 -58 -63 -58 -60 -54 -59 -61 -58 -61 -59 -58 -59 -54 -62 -57 -57 -56 -56 -58 -60 -55 -60 -60 -59 -54 -37 1 73 202 358 351 -1 -362 -372 -53 182 18 -373 -543 -357 -85 -35 -219 -352 -259 -85 -7 -55 -95 -27 60 77 27 18 69 116 85 7 -40 -4 26 -10 -83 -135 -119 -89 -99 -145 -169 -152 -114 -107 -119 -123 -93 -57 -43 -50 -49 -20 -1 1 -9 -15 -6 -1 23 -102 15 -99 -10 -88 -50 -106 -71 -97 -81 -107 -92 -97 -78 -85 -77 -76 -65 -52 -50 -50 -45 -37 -30 -35 -36 -37 -39 -42 -47 -54 -57 -59 -64 -65 -67 -68 -71 -73 -74 -75 -73 -67 -72 -75 -56 -69 -56 -63 -51 -57 -49 -50 -52 -48 -49 -50 -52 -54 -51 -56 -59 -59 -62 -60 -60 -63 -62 -62 -61 -60 -60 -59 -60 -58 -59 -60 -54 -55 -54 -57 -55 -57 -53 -53 -55 -52 -53 -58 -57 -56 -60 -53 -60 -57 -59 -59 -60 -61 -63 -60 -61 -62 -59 -60 -56 -59 -59 -58 -59 -55 -58 -55 -55 -60 -55 -59 -58 -59 -62 -57 -56 -59 -60 -55 -61 -58 -60 -58 -59 -60 -60 -62 -56 -59 -56 -59 -56 -60 -57 -59 -56 -55 -59 -58 171 16345 305 4974
-57 -55 -67 -56 -58 -60 -57 -60 -60 -59 -55 -58 -60 -58 -59 -55 -53 -62 -58 -54 -59 -56 -61 -61 -57 -56 -57 -57 -57 -59 -56 -61 -56 -58 -60 -57 -61 -58 -53 -55 -58 -62 -58 -58 -59 -61 -53 -59 -55 -51 -33 9 84 222 377 327 -56 -386 -343 -9 187 -26 -405 -527 -315 -57 -50 -244 -354 -238 -66 -7 -68 -89 -17 70 79 24 18 79 117 80 -6 -31 0 28 -20 -96 -134 -114 -91 -108 -150 -168 -147 -114 -104 -124 -125 -90 -56 -45 -58 -47 -21 3 -1 -11 -14 -4 2 -11 -26 -46 -48 -44 -59 -72 -85 -90 -86 -92 -92 -95 -91 -82 -83 -82 -71 -58 -53 -50 -50 -44 -37 -32 -33 -34 -37 -40 -44 -39 -53 -54 -53 -61 -60 -67 -72 -72 -72 -73 -70 -77 -66 -67 -62 -61 -61 -57 -55 -56 -51 -48 -49 -49 -52 -47 -50 -51 -55 -54 -60 -57 -59 -62 -62 -69 -62 -57 -66 -65 -69 -60 -59 -64 -59 -58 -58 -55 -57 -51 -55 -51 -52 -55 -54 -52 -55 -55 -57 -57 -54 -61 -63 -62 -61 -59 -58 -63 -64 -61 -59 -60 -57 -58 -62 -57 -57 -58 -59 -54 -59 -56 -58 -58 -58 -55 -54 -58 -56 -61 -63 -58 -60 -63 -58 -60 -61 -59 -57 -63 -58 -57 -52 -63 -54 -57 -56 -57 -59 -54 -57 -55 -58 -58 -53 171 11283 305 4819
-54 -55 -54 -55 -52 -54 -49 -51 -51 -53 -50 -53 -52 -55 -55 -53 -53 -52 -56 -55 -49 -52 -51 -49 -53 -49 -50 -52 -49 -50 -50 -53 -54 -52 -52 -51 -50 -54 -52 -52 -52 -51 -48 -54 -51 -51 -51 -50 -46 -48 -38 -12 41 139 294 412 198 -213 -414 -215 120 155 -192 -506 -466 -186 -9 -117 -298 -322 -152 -14 -18 -78 -65 30 84 64 20 49 106 116 49 -16 -16 19 24 -39 -113 -126 -94 -80 -118 -160 -157 -125 -95 -107 -117 -104 -72 -41 -43 -41 -27 1 11 2 -11 -8 7 6 -14 -33 -39 -40 -43 -60 -76 -81 -77 -80 -85 -92 -90 -32 -143 -14 -109 -35 -72 -31 -54 -33 -34 -22 -29 -28 -37 -31 -36 -32 -41 -44 -52 -50 -54 -57 -65 -68 -62 -66 -66 -68 -68 -59 -58 -63 -56 -53 -49 -51 -45 -42 -43 -43 -43 -43 -45 -47 -47 -44 -50 -53 -50 -62 -51 -54 -54 -59 -59 -63 -53 -60 -51 -56 -57 -50 -50 -53 -48 -47 -44 -45 -46 -44 -43 -50 -45 -48 -50 -47 -52 -52 -51 -51 -51 -53 -57 -52 -58 -53 -51 -49 -52 -54 -48 -51 -50 -47 -47 -48 -47 -50 -48 -51 -47 -47 -51 -52 -49 -49 -47 -53 -51 -50 -53 -47 -50 -54 -55 -53 -48 -51 -49 -51 -49 -46 -52 -48 -52 -51 -46 -53 -51 -49 -52 171 6270 305 4769
-59 -59 -58 -60 -58 -58 -60 -60 -56 -58 -59 -58 -60 -55 -57 -61 -59 -59 -61 -61 -61 -55 -59 -58 -58 -58 -58 -59 -59 -60 -60 -53 -59 -57 -63 -57 -57 -58 -57 -59 -62 -56 -60 -58 -59 -62 -57 -53 -56 -55 -41 -5 66 188 351 373 36 -333 -391 -83 174 47 -346 -542 -380 -98 -26 -202 -344 -277 -96 -7 -46 -96 -41 54 80 31 15 58 115 96 11 -32 -13 25 0 -78 -134 -123 -89 -99 -141 -172 -149 -118 -106 -118 -126 -96 -64 -44 -52 -48 -29 -4 4 -11 -17 -11 -3 -10 -27 -45 -47 -48 -54 -73 -84 -88 -85 -86 -96 -98 -90 -82 -77 -81 -75 -68 -56 -48 -47 -46 -42 -35 -31 -36 -36 -35 -39 -42 -47 -54 -59 -60 -64 -67 -73 -73 -73 -71 -73 -73 -69 -67 -65 -66 -61 -57 -57 -54 -48 -49 -50 -50 -46 -49 -54 -46 -50 -59 -56 -59 -57 -60 -63 -64 -63 -65 -65 -62 -63 -65 -60 -63 -60 -60 -55 -57 -54 -55 -55 -52 -52 -53 -53 -56 -53 -56 -60 -59 -60 -60 -62 -62 -62 -61 -61 -61 -60 -61 -62 -67 -59 -56 -61 -57 -61 -56 -57 -57 -57 -55 -55 -57 -57 -56 -56 -59 -63 -54 -60 -58 -58 -59 -60 -61 -63 -57 -58 -58 -58 -62 -62 -57 -55 -58 -57 -55 -59 -58 -54 -58 -58 -58 -60 171 1275 305 4752
-46 -49 -51 -56 -51 -54 -55 -56 -52 -51 -56 -59 -51 -54 -51 -58 -54 -52 -52 -49 -50 -55 -49 -54 -51 -51 -52 -52 -52 -52 -51 -50 -49 -53 -52 -45 -52 -54 -52 -52 -49 -55 -49 -49 -49 -56 -49 -47 -52 -52 -36 1 61 174 333 394 99 -292 -400 -130 169 98 -291 -531 -419 -124 -13 -166 -328 -291 -114 -3 -30 -86 -43 51 90 44 15 57 118 110 32 -30 -4 26 12 -64 -125 -121 -89 -92 -132 -165 -152 -117 -105 -113 -123 -100 -59 -41 -41 -46 -22 1 9 2 -9 -10 7 -3 -20 -37 -41 -41 -45 -63 -83 -84 -80 -84 -83 -91 -87 -78 -73 -73 -70 -62 -52 -44 -42 -45 -36 -29 -25 -30 -35 -32 -38 -35 -45 -48 -46 -55 -56 -60 -67 -66 -66 -69 -67 -69 -67 -63 -59 -54 -58 -53 -50 -50 -49 -46 -45 -41 -44 -43 -42 -42 -42 -46 -49 -53 -53 -53 -54 -58 -57 -62 -58 -57 -61 -59 -56 -54 -52 -52 -49 -48 -46 -48 -48 -52 -46 -48 -49 -45 -51 -51 -46 -51 -53 -57 -55 -57 -54 -54 -55 -59 -54 -55 -56 -51 -55 -53 -51 -54 -50 -49 -47 -50 -51 -50 -52 -55 -51 -54 -54 -52 -51 -52 -56 -57 -52 -53 -51 -55 -53 -53 -55 -56 -58 -57 -50 -52 -52 -51 -49 -52 -49 -53 -52 -53 -46 -56 -52 170 12709 305 4707
-55 -55 -56 -57 -56 -60 -58 -59 -55 -62 -54 -56 -59 -60 -61 -55 -43 -55 -54 -55 -59 -60 -57 -55 -56 -58 -55 -61 -57 -57 -55 -56 -54 -58 -58 -58 -58 -57 -55 -56 -55 -55 -55 -58 -58 -55 -57 -56 -56 -52 -32 8 85 214 376 331 -47 -380 -352 -17 190 -20 -410 -537 -329 -64 -46 -237 -345 -241 -67 -8 -60 -97 -19 66 70 25 16 71 118 78 -3 -36 0 26 -13 -93 -133 -110 -87 -106 -148 -171 -148 -112 -109 -122 -122 -93 -52 -47 -48 -43 -18 2 -1 -10 -15 -8 -2 -7 -32 -44 -45 -48 -57 -77 -89 -88 -80 -87 -98 -96 -91 -81 -77 -77 -72 -63 -53 -48 -51 -41 -37 -33 -30 -37 -38 -41 -44 -39 -49 -54 -56 -59 -59 -69 -67 -71 -69 -72 -72 -71 -65 -65 -62 -63 -56 -55 -52 -51 -48 -49 -45 -47 -50 -46 -50 -50 -52 -52 -56 -58 -58 -62 -57 -64 -63 -62 -60 -61 -66 -62 -63 -61 -61 -57 -59 -52 -55 -57 -55 -55 -53 -52 -53 -53 -57 -61 -57 -55 -54 -60 -61 -60 -59 -63 -59 -62 -59 -60 -26 -119 -10 -89 -35 -75 -45 -67 -51 -56 -57 -60 -64 -55 -56 -57 -61 -58 -55 -56 -61 -56 -57 -60 -59 -61 -57 -58 -56 -60 -64 -60 -61 -64 -58 -57 -57 -60 -61 -59 -60 -58 -57 -62 -56 170 8350 305 4116
-57 -62 -57 -63 -60 -60 -57 -63 -59 -60 -59 -59 -58 -58 -60 -56 -62 -56 -61 -58 -56 -61 -62 -67 -60 -57 -62 -62 -58 -62 -57 -61 -60 -64 -58 -59 -55 -68 -58 -63 -54 -55 -59 -60 -61 -57 -64 -63 -62 -55 -26 13 100 239 388 288 -105 -403 -309 28 184 -72 -452 -526 -286 -41 -68 -262 -343 -219 -54 -10 -69 -88 -9 73 72 23 22 85 118 68 -9 -32 3 25 -22 -100 -135 -111 -87 -114 -152 -171 -142 -107 -108 -124 -118 -85 -55 -45 -57 -48 -19 2 -5 -28 -18 -9 -1 -12 -33 -40 -45 -50 -58 -78 -91 -90 -83 -88 -97 -98 -89 -83 -79 -76 -71 -65 -55 -51 -49 -41 -36 -32 -32 -39 -37 -41 -35 -47 -50 -55 -55 -59 -63 -72 -71 -71 -71 -71 -74 -73 -71 -67 -65 -64 -62 -55 -58 -56 -48 -54 -51 -49 -47 -50 -53 -49 -50 -57 -61 -60 -61 -62 -64 -63 -65 -62 -62 -72 -67 -61 -65 -62 -55 -57 -57 -59 -59 -55 -56 -55 -51 -51 -57 -52 -59 -56 -55 -56 -57 -60 -59 -55 -58 -56 -59 -60 -59 -60 -64 -60 -61 -59 -61 -56 -59 -60 -57 -59 -55 -57 -57 -57 -54 -55 -60 -56 -58 -59 -56 -61 -56 -60 -59 -60 -58 -57 -62 -59 -58 -61 -55 -62 -60 -57 -58 -58 -57 -61 -56 -56 -57 -55 -59 170 3709 305 4398
-56 -59 -58 -56 -57 -54 -55 -59 -57 -59 -62 -61 -60 -59 -62 -57 -57 -56 -57 -59 -59 -59 -60 -55 -60 -55 -58 -61 -62 -59 -57 -61 -59 -61 -62 -62 -59 -58 -63 -57 -60 -57 -56 -58 -58 -58 -67 -58 -55 -60 -44 -11 48 157 317 390 112 -282 -414 -157 151 104 -276 -535 -431 -144 -17 -158 -328 -305 -129 -13 -37 -93 -55 39 85 42 9 48 109 102 26 -31 -16 23 5 -63 -126 -128 -95 -90 -136 -170 -159 -121 -106 -117 -127 -108 -67 -46 -49 -52 -42 -7 6 -6 -17 -9 -3 -4 -24 -41 -46 -46 -51 -70 -85 -87 -85 -88 -98 -103 -93 -86 -78 -78 -74 -65 -60 -54 -49 -46 -41 -39 -38 -37 -42 -37 -37 -42 -47 -53 -57 -60 -59 -67 -66 -73 -72 -68 -77 -72 -69 -71 -69 -65 -63 -60 -59 -53 -54 -48 -50 -47 -46 -47 -47 -51 -50 -52 -55 -58 -62 -59 -61 -62 -63 -65 -66 -64 -61 -64 -60 -63 -63 -57 -59 -57 -57 -58 -53 -54 -54 -57 -56 -56 -57 -57 -55 -55 -60 -57 -61 -58 -64 -61 -62 -61 -61 -62 -63 -59 -61 -61 -59 -58 -53 -59 -57 -54 -55 -53 -54 -54 -58 -58 -58 -57 -59 -59 -58 -61 -61 -60 -59 -58 -61 -60 -62 -57 -58 -59 -62 -54 -58 -58 -58 -54 -55 -60 -57 -58 -63 -61 -56 169 15124 305 4725
-52 -53 -54 -55 -54 -52 -53 -56 -51 -50 -52 -54 -52 -52 -53 -50 -53 -53 -53 -55 -54 -52 -53 -50 -53 -51 -51 -51 -53 -53 -49 -50 -49 -52 -50 -51 -53 -52 -54 -52 -47 -54 -54 -52 -51 -52 -58 -52 -52 -52 -39 -13 40 136 291 413 209 -198 -413 -228 110 160 -183 -508 -482 -202 -13 -113 -312 -331 -164 -16 -10 -82 -68 29 92 68 24 41 107 122 55 -16 -21 19 22 -39 -119 -131 -97 -86 -118 -159 -159 -121 -101 -107 -121 -106 -69 -40 -45 -45 -31 -4 9 1 -9 -10 1 8 -10 -33 -38 -39 -46 -63 -79 -82 -80 -76 -88 -93 -89 -77 -75 -71 -74 -63 -51 -46 -38 -42 -36 -29 -25 -26 -5 -112 32 -86 2 -86 -24 -74 -38 -72 -56 -77 -59 -71 -62 -77 -64 -65 -61 -57 -58 -56 -47 -43 -43 -45 -46 -47 -40 -42 -46 -49 -48 -48 -51 -55 -55 -57 -53 -57 -56 -59 -67 -55 -64 -56 -58 -59 -60 -53 -52 -53 -48 -51 -52 -46 -50 -48 -49 -47 -47 -46 -46 -48 -50 -51 -52 -53 -55 -58 -55 -56 -57 -55 -57 -50 -55 -53 -58 -53 -56 -47 -49 -48 -46 -49 -47 -50 -49 -43 -56 -51 -55 -51 -54 -57 -53 -52 -55 -52 -51 -55 -50 -52 -51 -47 -52 -46 -53 -50 -51 -52 -49 -51 -50 -47 -56 -56 -50 169 10257 305 4624
-60 -62 -57 -63 -58 -59 -60 -54 -61 -60 -58 -57 -61 -56 -63 -58 -55 -55 -57 -58 -59 -58 -57 -58 -60 -56 -58 -58 -58 -53 -61 -55 -54 -58 -58 -59 -59 -59 -57 -60 -55 -56 -57 -56 -58 -59 -57 -62 -59 -54 -42 -12 41 145 299 400 159 -244 -421 -191 129 133 -228 -524 -457 -175 -13 -135 -317 -314 -144 -18 -24 -92 -64 28 80 50 11 49 104 108 38 -29 -22 19 13 -50 -125 -129 -95 -90 -123 -169 -164 -127 -105 -113 -123 -107 -69 -47 -46 -50 -38 -9 7 -5 -16 -14 -3 1 -20 -38 -46 -44 -51 -65 -82 -85 -85 -84 -91 -102 -95 -86 -79 -74 -72 -67 -59 -52 -47 -47 -38 -34 -39 -34 -40 -40 -40 -41 -46 -52 -60 -51 -62 -62 -73 -70 -71 -73 -73 -77 -69 -65 -64 -64 -61 -56 -52 -56 -51 -51 -49 -47 -45 -45 -49 -47 -51 -53 -53 -63 -58 -59 -62 -60 -64 -62 -64 -65 -64 -59 -63 -63 -62 -60 -59 -56 -57 -55 -52 -53 -55 -52 -52 -57 -52 -56 -58 -52 -57 -56 -57 -55 -58 -58 -61 -60 -56 -61 -58 -59 -57 -56 -60 -57 -60 -55 -55 -59 -55 -58 -56 -52 -55 -55 -56 -58 -56 -55 -55 -61 -58 -52 -55 -57 -64 -61 -55 -55 -60 -59 -55 -62 -59 -58 -57 -55 -56 -57 -62 -67 -59 -52 -45 169 5675 305 4339
-59 -57 -64 -52 -57 -62 -55 -63 -56 -57 -58 -60 -59 -56 -56 -59 -58 -59 -61 -60 -58 -55 -59 -58 -59 -59 -58 -61 -59 -57 -60 -57 -62 -57 -58 -57 -60 -57 -57 -60 -62 -60 -62 -58 -60 -58 -59 -60 -59 -58 -47 -10 51 159 316 394 115 -278 -410 -156 151 108 -272 -537 -432 -148 -18 -159 -328 -306 -132 -15 -39 -93 -55 38 83 42 11 50 106 103 29 -30 -19 21 11 -65 -124 -128 -96 -99 -136 -168 -163 -122 -104 -115 -127 -106 -69 -49 -54 -52 -33 -7 5 -6 -17 -10 -1 -3 -24 -44 -46 -44 -53 -67 -80 -90 -89 -87 -99 -101 -94 -86 -81 -79 -75 -68 -60 -56 -48 -48 -39 -37 -33 -37 -35 -36 -38 -40 -46 -52 -57 -57 -61 -62 -72 -69 -73 -71 -79 -72 -71 -66 -63 -67 -62 -62 -58 -52 -56 -53 -48 -48 -47 -54 -47 -51 -53 -53 -55 -61 -58 -64 -65 -63 -67 -65 -65 -62 -65 -65 -61 -61 -57 -64 -58 -56 -57 -58 -60 -54 -54 -53 -55 -51 -58 -55 -56 -59 -57 -56 -61 -57 -59 -63 -63 -59 -57 -60 -57 -60 -61 -60 -57 -56 -57 -56 -55 -52 -55 -52 -57 -57 -55 -54 -54 -56 -60 -57 -59 -58 -58 -58 -56 -57 -58 -54 -58 -53 -60 -57 -55 -54 -57 -57 -58 -52 -57 -60 -58 -57 -59 -52 -52 169 762 305 4670
-58 -56 -58 -59 -58 -57 -55 -56 -60 -61 -60 -57 -60 -58 -57 -60 -62 -57 -57 -59 -63 -58 -56 -62 -61 -58 -56 -60 -57 -57 -58 -56 -59 -57 -58 -56 -63 -60 -62 -58 -59 -59 -62 -57 -60 -57 -61 -58 -59 -56 -36 -8 61 174 335 377 64 -318 -397 -112 169 71 -321 -541 -401 -116 13 -279 -275 -354 -68 -38 -8 -110 -35 33 84 35 28 51 108 90 13 -34 -10 21 -8 -84 -139 -130 -93 -95 -140 -173 -160 -122 -109 -116 -122 -100 -63 -46 -48 -53 -29 -5 -1 -11 -27 -7 -6 -8 -28 -46 -50 -45 -59 -73 -88 -90 -95 -97 -96 -105 -93 -83 -77 -75 -77 -60 -53 -49 -47 -45 -41 -35 -34 -33 -35 -39 -38 -39 -51 -52 -57 -56 -60 -66 -72 -69 -71 -75 -71 -71 -72 -71 -67 -61 -61 -59 -53 -54 -51 -49 -47 -45 -49 -51 -50 -46 -53 -54 -55 -57 -58 -60 -59 -64 -65 -61 -67 -61 -65 -62 -60 -59 -59 -59 -56 -57 -58 -55 -57 -50 -56 -57 -54 -55 -59 -53 -56 -56 -58 -60 -60 -64 -61 -59 -64 -61 -57 -62 -61 -57 -62 -57 -60 -54 -58 -58 -54 -56 -56 -53 -54 -53 -58 -59 -60 -63 -58 -60 -59 -58 -59 -60 -58 -58 -59 -62 -60 -60 -60 -62 -62 -58 -59 -61 -61 -56 -57 -57 -57 -60 -60 -54 -57 168 12120 305 4783
-60 -60 -56 -62 -59 -58 -58 -57 -60 -57 -58 -59 -58 -63 -55 -59 -61 -58 -62 -60 -60 -61 -57 -56 -59 -59 -59 -56 -59 -60 -61 -60 -58 -61 -60 -60 -59 -57 -57 -57 -60 -60 -60 -59 -60 -58 -61 -60 -55 -52 -27 15 94 239 390 296 -96 -397 -317 24 190 -72 -449 -530 -294 -47 -77 -267 -348 -221 -59 -16 -74 -89 -4 74 72 23 24 88 122 72 -8 -28 6 22 -26 -97 -134 -110 -90 -109 -162 -169 -145 -109 -110 -122 -122 -85 -54 -47 -53 -44 -18 2 1 -13 -19 -3 1 -12 -37 -44 -46 -44 -61 -80 -90 -89 -88 -89 -94 -94 -93 -80 -82 -77 -74 -60 -53 -49 -47 -47 -32 -32 -39 -34 -37 -39 -42 -45 -54 -59 -54 -57 -69 -68 -70 -70 -66 -70 -70 -74 -73 -68 -60 -62 -60 -57 -57 -55 -51 -50 -49 -49 -53 -49 -51 -49 -51 -56 -55 -61 -60 -61 -60 -63 -65 -62 -63 -57 -67 -64 -62 -61 -60 -56 -55 -58 -55 -55 -57 -56 -56 -51 -54 -54 -53 -60 -53 -60 -57 -58 -63 -53 -65 -63 -64 -63 -65 -60 -63 -63 -64 -58 -61 -56 -59 -57 -57 -53 -57 -58 -55 -53 -60 -62 -63 -62 -61 -60 -63 -58 -64 -62 -60 -62 -58 -61 -61 -59 -57 -61 -55 -57 -56 -56 -57 -55 -56 -54 -57 -55 -53 -58 -57 168 7230 305 4647
-56 -57 -55 -56 -55 -57 -60 -53 -57 -58 -58 -60 -58 -57 -57 -62 -57 -56 -59 -57 -58 -59 -60 -60 -56 -54 -58 -57 -58 -56 -58 -60 -58 -58 -61 -56 -62 -60 -59 -57 -53 -57 -60 -61 -59 -58 -60 -57 -56 -50 -28 10 86 224 378 323 -63 -390 -341 -5 184 -30 -422 -531 -317 -57 -54 -244 -351 -231 -63 -8 -68 -85 -12 67 73 20 18 79 115 76 0 -36 0 25 -12 -96 -133 -117 -92 -113 -154 -172 -147 -112 -110 -122 -123 -87 -57 -44 -55 -48 -23 0 0 -9 -16 -9 -1 -16 -31 -46 -46 -45 -57 -76 -87 -92 -86 -90 -96 -100 -93 -62 -89 -99 -46 -86 -34 -69 -35 -60 -29 -42 -29 -45 -34 -44 -35 -50 -46 -62 -59 -62 -65 -72 -73 -73 -75 -77 -76 -71 -66 -70 -68 -61 -60 -57 -56 -56 -55 -49 -48 -52 -55 -49 -48 -53 -57 -58 -61 -62 -58 -63 -60 -64 -67 -66 -61 -67 -63 -63 -64 -62 -60 -54 -59 -53 -55 -57 -54 -52 -56 -57 -56 -56 -55 -53 -55 -56 -61 -59 -63 -59 -60 -60 -62 -61 -60 -58 -58 -61 -58 -59 -56 -60 -62 -57 -56 -57 -55 -52 -51 -55 -60 -57 -59 -55 -57 -57 -61 -59 -59 -62 -59 -61 -60 -59 -62 -63 -62 -55 -58 -56 -56 -56 -55 -57 -57 -56 -60 -58 -60 -55 -58 168 2564 305 4423
-58 -59 -59 -61 -58 -58 -55 -58 -62 -58 -59 -62 -57 -56 -56 -51 -57 -51 -55 -57 -57 -59 -60 -59 -57 -58 -64 -61 -59 -60 -55 -58 -61 -59 -56 -57 -59 -60 -59 -56 -57 -58 -57 -57 -58 -58 -62 -58 -62 -52 -32 5 77 206 366 341 -26 -370 -362 -38 184 -3 -393 -543 -346 -67 -44 -224 -348 -254 -74 -7 -58 -89 -25 66 79 28 19 72 117 82 0 -30 -5 26 -9 -87 -130 -119 -85 -106 -145 -169 -149 -115 -107 -120 -124 -91 -61 -44 -56 -46 -27 4 0 -12 -16 -7 -1 -10 -31 -43 -50 -43 -58 -75 -90 -86 -90 -88 -92 -101 -89 -84 -81 -78 -75 -63 -56 -49 -49 -43 -39 -33 -31 -39 -40 -39 -37 -42 -52 -56 -58 -57 -64 -65 -76 -71 -68 -73 -72 -74 -66 -71 -69 -74 -68 -53 -47 -43 -48 -52 -56 -48 -40 -38 -44 -52 -58 -56 -52 -53 -60 -70 -70 -73 -71 -66 -61 -68 -64 -65 -65 -61 -55 -54 -61 -53 -58 -53 -52 -55 -52 -51 -53 -54 -55 -55 -53 -57 -63 -60 -59 -57 -60 -67 -61 -61 -61 -65 -61 -63 -62 -62 -57 -57 -55 -57 -53 -58 -59 -55 -59 -59 -56 -60 -55 -59 -56 -58 -56 -60 -55 -61 -61 -59 -59 -59 -59 -59 -64 -59 -60 -59 -58 -58 -57 -60 -61 -59 -57 -60 -60 -58 -62 167 14263 305 4442
-57 -58 -59 -56 -57 -55 -58 -55 -54 -58 -58 -55 -55 -56 -56 -53 -49 -47 -54 -56 -22 -107 -14 -76 -39 -69 -50 -63 -50 -59 -53 -58 -58 -56 -57 -55 -57 -60 -56 -59 -59 -54 -59 -58 -60 -56 -56 -62 -58 -59 -39 -9 50 158 311 400 134 -266 -413 -169 142 124 -247 -524 -443 -158 -14 -148 -336 -306 -140 -9 -29 -90 -65 38 81 47 9 47 113 108 37 -28 -18 25 8 -56 -119 -122 -90 -83 -126 -164 -157 -120 -102 -112 -121 -104 -65 -46 -49 -53 -32 -3 6 -3 -12 -7 1 -5 -20 -39 -44 -39 -46 -62 -77 -83 -77 -83 -88 -94 -93 -81 -74 -77 -72 -72 -51 -46 -49 -45 -39 -32 -28 -30 -34 -36 -38 -40 -44 -51 -51 -58 -57 -60 -68 -74 -67 -70 -72 -75 -65 -67 -62 -63 -61 -57 -51 -49 -49 -50 -43 -46 -47 -48 -50 -47 -44 -50 -55 -60 -56 -62 -56 -59 -61 -60 -57 -61 -62 -63 -58 -59 -56 -56 -57 -50 -55 -53 -54 -51 -51 -55 -52 -56 -53 -54 -54 -57 -57 -55 -53 -58 -61 -56 -59 -60 -57 -63 -58 -59 -58 -57 -58 -56 -55 -57 -54 -56 -58 -57 -55 -56 -50 -54 -56 -51 -55 -59 -53 -55 -55 -55 -57 -58 -57 -58 -56 -58 -58 -59 -56 -55 -55 -57 -57 -56 -56 -61 -55 -59 -57 -57 -58 167 9909 305 4110
-61 -57 -53 -56 -55 -55 -56 -54 -59 -56 -57 -55 -61 -56 -60 -57 -55 -58 -55 -59 -57 -58 -53 -59 -58 -55 -55 -60 -54 -57 -56 -57 -62 -56 -56 -58 -58 -56 -59 -59 -58 -58 -57 -56 -61 -58 -59 -59 -57 -51 -30 13 93 232 386 308 -85 -394 -325 15 179 -57 -441 -529 -299 -49 -59 -256 -348 -231 -57 -6 -69 -87 -8 68 70 23 22 81 119 73 -6 -37 1 28 -21 -99 -132 -112 -87 -107 -155 -170 -144 -112 -109 -123 -120 -92 -53 -44 -49 -49 -24 0 -1 -16 -15 -5 -1 -15 -33 -44 -44 -49 -57 -75 -81 -83 -86 -86 -97 -99 -89 -84 -77 -77 -75 -62 -50 -52 -47 -43 -38 -35 -35 -39 -36 -39 -39 -45 -49 -51 -55 -57 -63 -69 -73 -69 -73 -70 -72 -68 -68 -69 -64 -58 -62 -60 -52 -54 -54 -49 -50 -48 -47 -48 -49 -50 -53 -53 -55 -58 -57 -60 -61 -62 -66 -64 -65 -69 -62 -64 -64 -60 -59 -59 -55 -54 -55 -53 -50 -54 -55 -58 -55 -54 -51 -57 -33 -119 -6 -98 -19 -91 -37 -74 -44 -76 -55 -69 -55 -67 -60 -65 -66 -59 -57 -56 -55 -57 -56 -56 -59 -57 -65 -56 -61 -56 -59 -57 -61 -61 -58 -62 -59 -62 -61 -61 -58 -59 -59 -66 -60 -57 -56 -68 -52 -59 -54 -60 -60 -62 -61 -61 -54 167 5270 305 4396
-48 -55 -55 -57 -58 -53 -50 -56 -67 -65 -62 -62 -60 -61 -62 -57 -58 -61 -57 -54 -53 -55 -56 -59 -56 -55 -56 -55 -61 -58 -62 -57 -58 -59 -56 -60 -57 -60 -57 -58 -60 -60 -57 -58 -57 -57 -59 -55 -53 -53 -31 5 71 197 358 361 12 -352 -376 -64 180 29 -364 -544 -363 -84 -31 -214 -346 -267 -86 -2 -51 -92 -32 57 84 36 17 62 117 87 8 -31 -5 22 -6 -86 -133 -120 -88 -101 -140 -169 -149 -121 -101 -113 -119 -92 -60 -43 -47 -47 -25 0 6 -7 -16 -10 5 -9 -28 -47 -46 -42 -55 -68 -88 -84 -79 -83 -96 -100 -91 -78 -77 -78 -75 -64 -56 -45 -47 -42 -37 -32 -35 -35 -39 -39 -37 -37 -51 -53 -54 -58 -61 -68 -72 -71 -69 -72 -72 -69 -72 -66 -63 -65 -60 -57 -52 -50 -51 -52 -51 -49 -48 -50 -47 -51 -45 -50 -61 -56 -57 -60 -60 -64 -61 -63 -66 -62 -61 -60 -64 -61 -56 -57 -54 -53 -50 -52 -49 -51 -53 -55 -53 -58 -55 -56 -58 -56 -64 -59 -57 -59 -61 -56 -61 -60 -58 -62 -59 -58 -57 -55 -57 -56 -53 -57 -53 -57 -56 -56 -56 -53 -57 -57 -53 -55 -59 -53 -58 -56 -56 -59 -63 -55 -57 -58 -59 -55 -59 -60 -57 -55 -52 -57 -56 -57 -53 -53 -55 -57 -55 -55 -54 167 667 305 4360
-56 -54 -57 -62 -59 -56 -59 -61 -58 -61 -58 -57 -57 -55 -58 -61 -58 -56 -59 -58 -55 -58 -59 -59 -55 -57 -57 -57 -60 -59 -59 -57 -57 -55 -60 -55 -53 -60 -58 -57 -61 -58 -55 -56 -57 -60 -59 -57 -59 -55 -33 8 77 209 366 343 -21 -368 -362 -39 192 3 -386 -541 -347 -74 -40 -225 -347 -255 -78 -5 -58 -94 -26 66 79 26 17 70 117 79 0 -36 -3 26 -12 -88 -135 -118 -90 -101 -151 -171 -149 -116 -104 -122 -120 -92 -61 -45 -50 -48 -25 2 3 -13 -18 -8 -1 -10 -30 -45 -49 -47 -60 -75 -87 -85 -83 -90 -97 -100 -88 -79 -81 -78 -74 -67 -49 -53 -48 -46 -41 -33 -29 -33 -36 -36 -38 -46 -51 -50 -55 -60 -62 -66 -72 -72 -67 -80 -75 -74 -74 -67 -62 -66 -61 -56 -55 -56 -50 -50 -50 -48 -45 -52 -50 -48 -49 -53 -53 -57 -60 -63 -57 -65 -63 -69 -63 -65 -62 -61 -60 -57 -58 -60 -57 -57 -51 -59 -53 -57 -49 -54 -49 -54 -55 -55 -53 -56 -55 -59 -56 -59 -61 -59 -60 -60 -56 -62 -62 -60 -61 -58 -56 -58 -60 -58 -58 -54 -58 -57 -53 -54 -59 -58 -57 -58 -53 -61 -58 -56 -58 -57 -60 -60 -55 -61 -57 -57 -58 -54 -57 -56 -59 -61 -56 -54 -59 -58 -57 -58 -57 -56 -57 166 12110 305 4698
-57 -59 -59 -58 -56 -58 -58 -55 -57 -60 -59 -52 -60 -52 -58 -60 -59 -62 -61 -58 -57 -58 -59 -57 -52 -58 -58 -57 -57 -55 -56 -58 -58 -56 -55 -60 -60 -57 -55 -61 -57 -58 -57 -58 -55 -57 -60 -59 -56 -56 -40 -7 59 174 335 376 61 -321 -398 -110 167 73 -322 -541 -396 -111 -22 -191 -343 -288 -105 -11 -44 -98 -42 51 83 38 12 56 117 97 20 -36 -13 25 3 -76 -130 -127 -90 -96 -139 -168 -153 -121 -102 -120 -124 -98 -65 -42 -51 -43 -27 -5 8 -11 -16 -15 -4 -9 -27 -40 -41 -45 -60 -74 -83 -90 -85 -86 -95 -92 -88 -76 -78 -79 -76 -62 -55 -50 -45 -44 -36 -28 -34 -35 -36 -41 -44 -44 -47 -54 -56 -62 -69 -66 -76 -76 -83 -85 -79 -68 -60 -61 -66 -65 -63 -53 -43 -45 -49 -53 -47 -46 -44 -45 -51 -56 -57 -61 -59 -58 -60 -63 -64 -62 -62 -64 -61 -64 -62 -63 -60 -58 -56 -48 -49 -55 -56 -56 -55 -55 -56 -54 -51 -57 -54 -60 -59 -56 -59 -59 -63 -57 -60 -62 -63 -62 -59 -58 -58 -59 -55 -58 -56 -52 -58 -56 -60 -58 -59 -54 -52 -53 -57 -56 -56 -57 -59 -56 -58 -62 -62 -61 -62 -62 -60 -57 -61 -61 -62 -62 -56 -57 -60 -62 -57 -58 -53 -57 -56 -57 -57 -58 -58 166 7726 305 4141
-48 -52 -52 -53 -49 -52 -50 -48 -51 -56 -47 -57 -49 -55 -53 -55 -46 -55 -51 -54 -52 -56 -53 -51 -53 -51 -48 -52 -48 -52 -49 -49 -44 -56 -53 -49 -49 -49 -50 -51 -49 -52 -53 -51 -47 -55 -51 -51 -51 -44 -30 3 70 189 349 383 52 -322 -380 -87 184 64 -328 -533 -385 -97 -19 -187 -332 -274 -93 1 -39 -84 -36 60 93 43 19 67 123 102 21 -27 -4 29 3 -66 -126 -116 -83 -86 -130 -165 -144 -108 -100 -115 -118 -92 -52 -39 -46 -40 -19 6 8 -1 -12 -4 7 0 -22 -33 -41 -34 -51 -69 -79 -79 -76 -78 -89 -87 -79 -75 -73 -68 -71 -56 -49 -45 -42 -40 -32 -29 -31 -29 -28 -32 -33 -35 -42 -44 -52 -51 -55 -62 -61 -61 -62 -65 -67 -66 -61 -60 -57 -60 -56 -47 -48 -46 -45 -43 -40 -40 -42 -42 -41 -49 -41 -46 -50 -46 -52 -51 -51 -57 -56 -52 -57 -60 -55 -60 -57 -55 -54 -51 -50 -53 -50 -60 -57 -51 -42 -39 -36 -45 -54 -50 -39 -36 -42 -53 -56 -54 -50 -40 -50 -56 -59 -63 -57 -55 -53 -55 -57 -53 -56 -49 -46 -45 -51 -49 -46 -54 -50 -45 -43 -48 -48 -48 -53 -52 -51 -49 -49 -50 -51 -48 -51 -51 -53 -58 -54 -55 -56 -53 -49 -49 -52 -47 -51 -53 -53 -48 -49 165 13988 305 4739
-58 -59 -56 -58 -60 -60 -59 -59 -61 -58 -60 -59 -57 -59 -58 -57 -60 -59 -61 -65 -59 -59 -61 -58 -58 -58 -58 -53 -58 -58 -59 -56 -59 -58 -57 -60 -60 -57 -55 -59 -58 -58 -64 -59 -65 -58 -62 -59 -56 -57 -36 -4 63 182 342 374 47 -329 -389 -96 169 55 -336 -541 -391 -112 -25 -191 -343 -285 -101 -9 -47 -97 -39 49 79 32 9 61 110 91 13 -34 -7 23 -4 -73 -134 -122 -90 -100 -143 -168 -158 -117 -107 -122 -124 -102 -65 -46 -49 -48 -29 -3 3 -10 -19 -12 -4 -7 -29 -39 -46 -41 -52 -74 -84 -87 -84 -91 -97 -101 -91 -83 -87 -82 -77 -63 -52 -49 -50 -51 -38 -32 -29 -36 -39 -35 -35 -42 -49 -53 -58 -57 -62 -69 -70 -74 -68 -76 -74 -74 -67 -68 -66 -65 -63 -64 -60 -56 -55 -48 -48 -47 -46 -47 -46 -49 -50 -53 -57 -56 -62 -61 -62 -65 -67 -65 -64 -63 -63 -68 -62 -58 -58 -56 -61 -55 -58 -57 -51 -55 -54 -54 -48 -53 -56 -57 -54 -57 -55 -59 -59 -58 -63 -61 -59 -60 -61 -60 -62 -58 -60 -58 -61 -57 -56 -56 -54 -61 -53 -59 -57 -59 -59 -57 -62 -58 -57 -55 -64 -55 -63 -61 -58 -57 -58 -61 -58 -57 -62 -57 -60 -56 -61 -57 -62 -57 -58 -57 -60 -58 -56 -56 -58 165 9121 305 4624
-55 -59 -55 -59 -57 -61 -57 -58 -57 -60 -59 -55 -63 -56 -61 -60 -58 -60 -55 -57 -60 -57 -59 -56 -59 -60 -56 -59 -59 -59 -56 -58 -57 -56 -60 -60 -55 -59 -60 -56 -56 -58 -61 -57 -54 -61 -61 -59 -56 -57 -38 -9 51 173 335 389 79 -307 -410 -127 164 85 -301 -537 -411 -123 -19 -173 -339 -292 -119 -6 -44 -96 -48 49 85 42 13 56 110 104 20 -29 -13 24 9 -70 -130 -120 -90 -93 -138 -173 -103 -191 -56 -143 -106 -118 -57 -56 -50 -55 -31 -1 2 -10 -20 -13 -3 -8 -25 -41 -41 -47 -55 -71 -83 -88 -84 -95 -99 -99 -91 -83 -75 -76 -77 -67 -58 -51 -51 -48 -40 -36 -33 -44 -40 -35 -41 -41 -46 -55 -57 -58 -63 -68 -73 -69 -70 -69 -75 -74 -65 -62 -65 -64 -57 -52 -55 -54 -51 -48 -47 -45 -46 -48 -52 -46 -52 -54 -52 -57 -58 -57 -64 -60 -63 -64 -66 -63 -67 -63 -64 -57 -58 -58 -54 -55 -55 -55 -54 -51 -52 -53 -51 -56 -52 -50 -56 -53 -56 -56 -58 -61 -58 -56 -64 -58 -64 -59 -57 -60 -60 -58 -60 -57 -58 -53 -56 -58 -55 -58 -55 -55 -55 -51 -58 -57 -57 -53 -56 -56 -54 -60 -57 -60 -58 -60 -57 -59 -58 -62 -57 -57 -56 -57 -60 -55 -56 -54 -58 -55 -56 -60 -58 165 4265 305 4613
-54 -56 -55 -58 -60 -57 -55 -58 -55 -57 -56 -56 -59 -56 -55 -59 -58 -57 -55 -58 -59 -52 -58 -56 -59 -56 -55 -55 -58 -56 -56 -56 -56 -58 -52 -59 -57 -59 -57 -53 -58 -58 -57 -57 -60 -59 -54 -60 -56 -50 -20 23 111 259 393 257 -147 -416 -282 62 175 -115 -476 -508 -250 -28 -86 -284 -338 -195 -42 -15 -77 -82 7 80 61 16 27 91 114 59 -18 -30 6 20 -31 -109 -135 -110 -85 -118 -160 -171 -137 -111 -111 -125 -116 -76 -52 -45 -48 -40 -15 3 -5 -13 -22 -8 -4 -15 -39 -47 -49 -46 -61 -81 -88 -83 -82 -89 -98 -97 -88 -76 -79 -77 -72 -58 -49 -52 -51 -42 -34 -33 -37 -37 -42 -39 -42 -44 -52 -52 -55 -58 -61 -70 -69 -73 -75 -71 -73 -71 -68 -64 -67 -62 -62 -54 -52 -53 -52 -53 -57 -59 -60 -52 -40 -39 -50 -56 -62 -58 -56 -50 -56 -65 -68 -62 -63 -60 -63 -67 -69 -72 -61 -61 -59 -60 -61 -53 -58 -54 -48 -51 -53 -54 -55 -53 -53 -52 -58 -59 -60 -67 -58 -60 -57 -63 -61 -60 -59 -59 -61 -61 -61 -61 -57 -58 -59 -57 -56 -57 -57 -57 -59 -55 -55 -61 -57 -56 -61 -57 -59 -58 -56 -62 -58 -57 -60 -56 -61 -60 -59 -60 -56 -60 -59 -58 -60 -58 -59 -58 -60 -55 -60 164 16314 305 4092
-62 -59 -59 -59 -54 -58 -60 -57 -58 -58 -58 -55 -59 -56 -57 -59 -57 -59 -60 -55 -60 -57 -63 -59 -59 -58 -55 -60 -56 -58 -56 -61 -59 -60 -57 -58 -63 -56 -59 -61 -56 -60 -56 -60 -61 -61 -58 -57 -59 -49 -31 10 83 221 377 325 -57 -381 -346 -13 188 -19 -417 -536 -321 -59 -50 -240 -351 -241 -69 -6 -65 -93 -18 72 71 24 15 77 123 75 0 -36 -1 24 -18 -95 -137 -113 -85 -110 -156 -175 -149 -111 -109 -120 -120 -88 -55 -42 -48 -42 -23 4 -2 -12 -20 -9 -1 -11 -33 -46 -49 -47 -62 -72 -88 -88 -86 -86 -93 -97 -94 -80 -75 -77 -75 -62 -51 -49 -48 -42 -40 -36 -36 -34 -38 -40 -41 -40 -52 -50 -58 -62 -64 -68 -75 -69 -72 -72 -73 -72 -71 -67 -67 -62 -59 -55 -53 -53 -49 -50 -49 -46 -49 -50 -50 -50 -51 -59 -54 -58 -62 -64 -66 -62 -61 -68 -67 -63 -64 -63 -59 -61 -64 -59 -61 -56 -57 -51 -52 -57 -57 -54 -58 -58 -56 -55 -58 -58 -63 -56 -62 -58 -61 -58 -58 -62 -62 -61 -65 -58 -37 -126 -7 -106 -26 -92 -33 -74 -40 -67 -53 -64 -52 -64 -55 -63 -57 -64 -57 -58 -61 -59 -58 -60 -62 -59 -57 -61 -62 -60 -58 -58 -58 -58 -59 -61 -62 -61 -61 -61 -60 -60 -60 164 11516 305 4555
-56 -56 -58 -61 -57 -55 -52 -55 -54 -56 -56 -53 -55 -55 -53 -52 -60 -55 -55 -55 -56 -58 -56 -54 -57 -55 -56 -60 -54 -57 -56 -56 -56 -56 -57 -57 -56 -57 -58 -56 -56 -57 -57 -57 -57 -55 -60 -59 -57 -53 -33 7 74 209 366 342 -22 -372 -355 -36 188 3 -389 -538 -340 -68 -38 -222 -343 -249 -49 -64 -12 -136 9 36 103 7 32 61 124 74 8 -40 2 22 -11 -89 -135 -116 -87 -105 -148 -171 -141 -112 -107 -119 -122 -96 -57 -46 -52 -46 -25 2 2 -13 -18 -5 -1 -10 -30 -45 -44 -45 -60 -72 -83 -88 -85 -92 -98 -100 -88 -79 -80 -79 -73 -64 -53 -51 -49 -45 -36 -36 -35 -35 -36 -33 -38 -44 -47 -50 -54 -57 -63 -69 -68 -71 -70 -74 -71 -65 -65 -67 -63 -59 -60 -57 -55 -54 -51 -47 -46 -45 -47 -50 -42 -52 -51 -49 -57 -56 -57 -56 -61 -61 -61 -65 -60 -58 -64 -65 -60 -55 -61 -59 -52 -56 -51 -53 -49 -53 -52 -55 -51 -53 -55 -53 -56 -57 -55 -55 -61 -63 -48 -53 -58 -57 -56 -57 -57 -58 -59 -57 -57 -52 -59 -57 -56 -53 -53 -54 -55 -55 -57 -52 -50 -58 -58 -58 -59 -57 -57 -57 -54 -58 -60 -57 -55 -59 -56 -57 -54 -56 -56 -59 -56 -56 -57 -56 -56 -60 -58 -59 -61 164 7018 305 4254
-57 -60 -55 -54 -57 -64 -55 -52 -58 -56 -56 -57 -55 -55 -53 -55 -54 -58 -58 -58 -55 -54 -59 -58 -57 -54 -57 -59 -57 -56 -55 -56 -54 -53 -55 -57 -56 -56 -56 -57 -55 -55 -56 -60 -56 -57 -58 -61 -53 -54 -42 -14 42 148 302 400 156 -247 -416 -190 130 134 -225 -525 -457 -169 -14 -133 -318 -314 -146 -17 -30 -88 -63 32 88 52 16 47 107 110 34 -26 -21 21 12 -55 -121 -128 -97 -92 -128 -169 -163 -124 -104 -113 -130 -109 -69 -43 -49 -47 -33 -6 2 -7 -12 -13 -2 2 -22 -37 -45 -41 -51 -65 -82 -88 -87 -83 -93 -97 -92 -85 -78 -74 -72 -72 -58 -52 -48 -49 -39 -35 -30 -35 -34 -41 -36 -41 -46 -53 -53 -59 -61 -66 -67 -72 -73 -70 -77 -74 -70 -69 -63 -66 -57 -58 -53 -53 -51 -49 -48 -49 -45 -48 -47 -49 -51 -53 -46 -51 -55 -64 -56 -57 -58 -61 -65 -62 -62 -60 -60 -66 -60 -57 -58 -56 -56 -56 -55 -51 -49 -55 -53 -51 -51 -52 -57 -53 -59 -55 -56 -61 -59 -61 -63 -60 -61 -60 -56 -63 -57 -57 -55 -56 -57 -59 -56 -56 -54 -58 -53 -56 -56 -53 -55 -58 -55 -58 -55 -70 -72 -60 -61 -61 -55 -59 -57 -57 -57 -52 -57 -58 -61 -57 -56 -56 -54 -50 -56 -56 -56 -60 -55 164 2404 305 4371
-49 -50 -51 -52 -50 -57 -52 -50 -50 -51 -48 -49 -51 -50 -50 -51 -52 -52 -53 -52 -50 -52 -55 -49 -52 -49 -50 -57 -50 -48 -49 -55 -50 -49 -49 -54 -50 -55 -51 -50 -52 -52 -52 -46 -50 -52 -52 -46 -54 -47 -29 14 87 219 379 341 -28 -372 -347 -18 192 0 -394 -529 -328 -58 -39 -222 -342 -239 -65 -4 -53 -85 -14 71 85 32 26 79 128 87 5 -29 3 31 -5 -83 -130 -111 -82 -93 -143 -166 -133 -107 -96 -117 -111 -82 -47 -40 -42 -39 -18 11 10 -6 -10 -1 4 -7 -19 -39 -40 -41 -51 -65 -80 -77 -73 -79 -89 -89 -85 -76 -71 -66 -65 -58 -47 -37 -39 -37 -26 -26 -27 -25 -32 -31 -32 -36 -40 -47 -50 -53 -59 -55 -65 -66 -61 -64 -68 -66 -64 -58 -55 -55 -51 -46 -41 -41 -39 -37 -41 -40 -38 -40 -43 -46 -42 -48 -49 -50 -54 -53 -58 -56 -57 -53 -56 -58 -55 -55 -51 -55 -54 -51 -49 -47 -44 -45 -50 -42 -49 -47 -45 -50 -49 -50 -51 -50 -50 -48 -53 -52 -56 -51 -49 -55 -54 -54 -49 -50 -51 -55 -52 -52 -50 -55 -51 -51 -46 -49 -48 -51 -47 -49 -57 -48 -53 -52 -54 -51 -50 -50 -52 -53 -52 -47 -45 -42 -50 -49 -53 -50 -54 -51 -48 -53 -55 -48 -47 -54 -51 -52 -50 163 14038 305 4507
-60 -59 -60 -59 -56 -59 -59 -56 -58 -57 -58 -56 -58 -57 -57 -59 -59 -61 -64 -63 -58 -56 -61 -60 -62 -56 -60 -58 -59 -53 -55 -56 -63 -58 -56 -56 -55 -58 -59 -55 -57 -60 -55 -56 -58 -57 -58 -61 -56 -54 -40 -2 64 186 349 366 31 -339 -387 -83 179 45 -351 -544 -382 -100 -30 -201 -341 -279 -95 -6 -47 -91 -41 51 79 30 12 63 117 88 11 -41 -8 25 -3 -79 -136 -121 -90 -103 -143 -173 -155 -114 -105 -118 -126 -96 -63 -47 -55 -49 -28 -1 3 -8 -15 -11 -2 -8 -30 -45 -45 -50 -58 -72 -83 -88 -83 -89 -94 -102 -89 -84 -81 -81 -74 -65 -54 -48 -44 -49 -39 -35 -32 -39 -38 -42 -38 -40 -47 -55 -56 -59 -63 -68 -66 -72 -70 -70 -73 -70 -72 -65 -63 -66 -62 -56 -55 -53 -56 -51 -50 -52 -50 -53 -53 -49 -52 -53 -53 -53 -57 -59 -64 -64 -60 -63 -66 -66 -68 -65 -64 -59 -59 -63 -60 -58 -58 -57 -57 -56 -54 -19 -96 -20 -67 -46 -62 -55 -61 -59 -59 -63 -59 -67 -60 -67 -62 -63 -62 -61 -62 -62 -56 -58 -58 -56 -56 -57 -61 -59 -55 -59 -59 -63 -61 -57 -58 -62 -58 -57 -58 -60 -57 -60 -62 -61 -58 -63 -55 -67 -55 -61 -58 -62 -57 -59 -56 -60 -60 -58 -57 -60 -58 163 9672 305 4123
-61 -60 -56 -59 -54 -57 -59 -58 -57 -58 -57 -59 -59 -57 -62 -58 -59 -58 -60 -60 -60 -59 -61 -55 -42 -112 -7 -100 -24 -88 -35 -80 -43 -67 -50 -67 -55 -61 -61 -59 -59 -60 -60 -57 -59 -61 -59 -56 -57 -55 -29 12 78 212 372 326 -56 -389 -344 -10 186 -25 -417 -537 -319 -61 -50 -246 -343 -245 -63 -9 -60 -96 -22 63 76 24 17 73 115 78 -3 -32 3 29 -9 -93 -136 -110 -86 -106 -152 -170 -146 -109 -104 -122 -120 -95 -55 -49 -56 -48 -22 2 3 -10 -20 -4 -1 -9 -31 -40 -44 -46 -61 -73 -84 -84 -82 -89 -96 -101 -92 -86 -82 -77 -74 -61 -51 -49 -42 -40 -36 -37 -36 -30 -38 -36 -36 -36 -46 -55 -60 -65 -68 -69 -72 -70 -69 -73 -72 -71 -75 -69 -69 -64 -61 -56 -52 -51 -54 -52 -51 -49 -46 -46 -55 -48 -51 -53 -57 -58 -58 -59 -62 -67 -62 -65 -67 -65 -66 -63 -58 -58 -57 -52 -55 -57 -60 -61 -59 -61 -61 -58 -52 -48 -58 -62 -62 -59 -55 -55 -59 -64 -58 -51 -52 -60 -60 -61 -62 -57 -58 -57 -61 -57 -57 -60 -62 -56 -54 -55 -57 -58 -56 -57 -53 -59 -63 -59 -60 -53 -57 -61 -60 -65 -55 -56 -64 -59 -60 -62 -62 -57 -62 -56 -59 -55 -58 -60 -55 -53 -57 -54 -58 163 4715 305 4714
-59 -60 -59 -61 -58 -59 -55 -60 -59 -59 -57 -61 -56 -61 -57 -61 -56 -58 -59 -59 -59 -61 -52 -59 -62 -58 -60 -58 -56 -58 -61 -61 -59 -56 -58 -56 -59 -62 -56 -62 -56 -57 -58 -61 -59 -60 -61 -57 -61 -56 -33 8 89 220 384 317 -67 -391 -336 -5 187 -42 -427 -531 -312 -53 -57 -249 -349 -232 -60 -7 -63 -87 -14 71 73 18 22 76 121 75 -7 -34 3 25 -19 -101 -135 -115 -90 -103 -153 -168 -143 -107 -106 -123 -125 -88 -55 -44 -55 -48 -25 1 3 -13 -13 -8 -3 -15 -35 -47 -49 -51 -63 -76 -88 -85 -88 -91 -97 -99 -88 -80 -80 -77 -72 -65 -55 -48 -49 -48 -42 -34 -31 -34 -39 -40 -38 -46 -49 -54 -55 -58 -61 -69 -69 -71 -71 -70 -72 -77 -76 -68 -67 -66 -59 -58 -56 -50 -55 -49 -46 -51 -48 -50 -47 -54 -54 -52 -20 -88 -58 -45 -72 -54 -76 -59 -73 -57 -73 -65 -65 -61 -60 -57 -65 -57 -61 -56 -55 -51 -50 -52 -55 -57 -57 -56 -56 -59 -58 -60 -59 -63 -63 -64 -63 -64 -60 -63 -59 -64 -57 -63 -65 -59 -60 -63 -61 -62 -62 -59 -60 -58 -60 -59 -58 -59 -58 -58 -60 -57 -55 -59 -59 -58 -60 -56 -61 -64 -60 -60 -61 -60 -58 -59 -57 -56 -58 -55 -55 -61 -56 -56 -58 162 16052 305 4804
-58 -62 -61 -56 -62 -64 -61 -62 -60 -60 -60 -58 -57 -65 -53 -62 -61 -54 -57 -56 -56 -65 -61 -64 -59 -66 -58 -59 -60 -60 -61 -56 -57 -59 -59 -58 -55 -58 -56 -58 -58 -57 -57 -58 -61 -58 -60 -54 -59 -58 -41 -7 55 172 332 385 70 -314 -401 -116 162 77 -309 -540 -405 -123 -23 -182 -342 -292 -111 -10 -44 -95 -54 47 82 36 11 55 115 101 18 -32 -13 29 0 -73 -132 -125 -90 -95 -140 -170 -157 -122 -111 -119 -126 -99 -65 -49 -52 -55 -29 -3 1 -4 -15 -11 -2 -7 -23 -44 -46 -45 -55 -69 -83 -90 -83 -88 -99 -99 -94 -85 -80 -79 -80 -67 -55 -52 -49 -43 -38 -34 -31 -37 -40 -38 -40 -41 -49 -53 -53 -59 -62 -71 -74 -75 -72 -71 -78 -75 -70 -70 -68 -63 -63 -53 -57 -58 -54 -53 -50 -52 -51 -50 -51 -51 -52 -54 -59 -58 -62 -56 -61 -66 -65 -64 -67 -65 -62 -61 -65 -61 -64 -57 -62 -61 -61 -54 -58 -57 -46 -53 -55 -53 -59 -56 -56 -55 -58 -58 -64 -61 -59 -59 -62 -59 -60 -62 -60 -58 -66 -57 -59 -57 -60 -61 -57 -57 -54 -53 -55 -58 -56 -57 -58 -61 -59 -57 -59 -57 -59 -59 -59 -59 -59 -59 -60 -58 -56 -59 -58 -57 -58 -59 -60 -58 -57 -61 -60 -59 -56 -58 -60 162 11511 305 4297
-60 -59 -57 -61 -57 -60 -59 -55 -61 -60 -59 -54 -56 -56 -58 -59 -57 -58 -58 -57 -57 -57 -59 -58 -57 -57 -57 -61 -60 -56 -56 -57 -60 -55 -57 -54 -54 -59 -60 -58 -58 -61 -63 -61 -64 -59 -62 -61 -56 -56 -42 -8 47 161 316 394 120 -278 -410 -160 149 109 -273 -533 -435 -146 -17 -162 -331 -306 -132 -8 -32 -93 -57 38 83 50 11 48 107 106 26 -30 -22 19 11 -59 -124 -126 -95 -91 -133 -167 -159 -127 -104 -111 -129 -103 -72 -46 -48 -53 -31 -5 6 -5 -15 -12 -4 -1 -22 -37 -47 -47 -48 -69 -78 -89 -91 -88 -97 -97 -97 -85 -79 -77 -75 -71 -59 -53 -52 -45 -43 -35 -33 -33 -36 -41 -41 -42 -45 -53 -56 -55 -67 -68 -69 -74 -73 -74 -71 -71 -71 -69 -65 -64 -66 -59 -57 -51 -52 -53 -54 -47 -48 -47 -49 -52 -50 -53 -54 -59 -60 -63 -60 -64 -69 -59 -62 -65 -67 -63 -61 -65 -59 -59 -58 -55 -54 -55 -56 -52 -55 -54 -58 -53 -52 -50 -51 -53 -59 -54 -60 -62 -62 -60 -60 -64 -64 -63 -58 -59 -62 -60 -60 -64 -56 -56 -58 -53 -55 -58 -54 -57 -57 -60 -61 -58 -60 -59 -57 -56 -57 -60 -59 -59 -57 -57 -57 -60 -62 -56 -60 -61 -55 -57 -54 -58 -57 -59 -58 -56 -58 -58 -62 162 6775 305 4493
-57 -57 -61 -60 -57 -58 -61 -59 -59 -59 -59 -63 -58 -58 -58 -59 -61 -57 -55 -60 -57 -54 -53 -58 -57 -59 -56 -60 -61 -56 -55 -60 -57 -62 -59 -57 -56 -60 -59 -63 -57 -59 -62 -61 -62 -63 -56 -55 -56 -53 -26 16 113 255 394 262 -144 -409 -288 50 171 -109 -476 -514 -258 -32 -81 -284 -343 -204 -41 -10 -78 -80 -1 76 67 16 26 87 114 57 -17 -36 8 24 -32 -110 -137 -109 -89 -109 -150 -218 -102 -152 -83 -150 -101 -96 -42 -55 -50 -54 -14 -2 1 -21 -16 -4 -2 -17 -38 -48 -45 -46 -62 -82 -87 -89 -86 -94 -101 -101 -86 -84 -84 -81 -77 -63 -52 -47 -46 -47 -42 -39 -35 -35 -42 -33 -42 -45 -52 -58 -61 -58 -65 -67 -76 -72 -77 -70 -72 -72 -68 -67 -63 -61 -61 -57 -53 -52 -52 -49 -47 -48 -44 -50 -46 -50 -52 -52 -58 -63 -67 -64 -66 -64 -67 -62 -61 -62 -65 -61 -61 -60 -63 -56 -57 -50 -55 -56 -55 -53 -57 -49 -54 -52 -57 -57 -57 -57 -57 -57 -62 -59 -60 -63 -65 -57 -58 -61 -60 -56 -58 -58 -57 -56 -58 -54 -52 -57 -57 -57 -61 -56 -57 -55 -58 -57 -56 -58 -60 -58 -59 -55 -60 -61 -59 -57 -60 -57 -59 -57 -59 -57 -59 -57 -57 -57 -57 -56 -59 -56 -59 -58 -57 162 2394 305 4138
-62 -60 -58 -60 -60 -60 -56 -57 -57 -58 -55 -59 -57 -56 -58 -60 -60 -57 -57 -56 -58 -60 -58 -57 -59 -60 -58 -63 -59 -60 -56 -54 -55 -59 -58 -57 -58 -60 -56 -59 -55 -55 -56 -60 -61 -62 -61 -63 -60 -58 -41 -11 39 145 307 399 135 -270 -421 -175 141 123 -240 -531 -445 -159 -14 -149 -324 -309 -136 -15 -29 -87 -52 34 83 42 9 43 105 101 32 -32 -21 19 8 -63 -125 -127 -96 -89 -132 -172 -160 -126 -109 -118 -129 -105 -73 -46 -50 -50 -32 -9 9 -6 -15 -12 -3 -6 -23 -43 -48 -47 -40 -70 -80 -85 -91 -92 -98 -102 -92 -86 -80 -79 -76 -67 -57 -51 -51 -51 -39 -36 -34 -36 -42 -36 -41 -42 -49 -51 -55 -60 -61 -69 -71 -72 -73 -73 -75 -73 -70 -66 -64 -66 -58 -59 -55 -58 -54 -54 -47 -48 -47 -49 -50 -49 -48 -54 -55 -57 -55 -60 -60 -63 -64 -63 -65 -64 -64 -66 -61 -61 -59 -63 -57 -56 -55 -56 -56 -51 -54 -56 -53 -57 -53 -52 -56 -53 -60 -59 -62 -64 -55 -60 -62 -59 -61 -63 -58 -61 -62 -61 -57 -55 -57 -57 -53 -55 -58 -54 -58 -55 -55 -55 -56 -56 -55 -58 -61 -58 -58 -60 -61 -63 -54 -58 -62 -57 -56 -63 -60 -60 -58 -60 -55 -60 -54 -55 -54 -56 -55 -55 -60 161 14287 305 4247
-57 -60 -57 -62 -60 -58 -59 -61 -54 -65 -61 -56 -59 -59 -59 -61 -60 -58 -54 -62 -57 -62 -59 -61 -60 -58 -57 -61 -54 -58 -56 -57 -55 -53 -55 -60 -58 -57 -56 -59 -62 -57 -61 -57 -58 -60 -62 -56 -55 -61 -45 -10 54 164 324 386 97 -299 -404 -140 154 96 -289 -539 -427 -137 -19 -166 -335 -301 -120 -10 -33 -93 -51 39 85 42 8 51 110 99 23 -32 -21 19 8 -70 -127 -127 -94 -91 -134 -171 -155 -122 -101 -117 -127 -104 -67 -49 -53 -54 -32 -5 0 -11 -17 -9 -3 -4 -25 -46 -48 -47 -50 -74 -84 -87 -85 -85 -96 -98 -95 -89 -81 -77 -78 -66 -57 -50 -49 -51 -40 -35 -35 -38 -39 -44 -35 -42 -19 -113 -9 -103 -28 -92 -47 -92 -56 -84 -65 -80 -68 -76 -65 -70 -65 -63 -54 -57 -56 -52 -54 -49 -48 -51 -53 -50 -51 -52 -60 -59 -63 -64 -51 -72 -58 -64 -66 -64 -71 -66 -64 -63 -61 -60 -59 -59 -58 -58 -60 -51 -56 -52 -55 -51 -59 -58 -57 -63 -59 -62 -61 -61 -62 -62 -59 -64 -62 -59 -60 -60 -57 -56 -56 -56 -54 -56 -57 -59 -59 -56 -59 -56 -58 -57 -55 -59 -57 -58 -62 -60 -59 -59 -55 -60 -59 -58 -61 -64 -67 -61 -57 -49 -53 -58 -65 -64 -54 -51 -50 -56 -58 -60 -56 161 9665 305 4379
-55 -54 -57 -53 -53 -62 -57 -57 -55 -55 -61 -59 -55 -57 -56 -61 -58 -57 -53 -58 -57 -58 -57 -58 -55 -58 -59 -57 -55 -57 -60 -55 -57 -58 -58 -57 -58 -54 -56 -64 -58 -58 -59 -58 -57 -60 -58 -59 -65 -64 -45 -12 52 165 327 391 95 -299 -399 -134 159 92 -293 -539 -417 -135 -16 -173 -330 -299 -116 -10 -38 -96 -51 44 79 41 11 53 112 102 20 -35 -16 22 7 -63 -128 -126 -90 -94 -132 -170 -160 -122 -103 -119 -123 -104 -65 -47 -55 -52 -31 -4 -1 -9 -17 -12 1 -4 -22 -37 -48 -43 -57 -70 -83 -85 -83 -86 -93 -100 -95 -85 -82 -80 -77 -65 -60 -56 -57 -54 -47 -28 -21 -28 -40 -43 -41 -35 -29 -44 -53 -66 -62 -64 -63 -70 -78 -81 -77 -78 -70 -66 -66 -65 -63 -61 -55 -55 -51 -46 -47 -43 -48 -48 -48 -44 -45 -50 -55 -56 -56 -56 -58 -61 -63 -64 -66 -64 -63 -64 -59 -60 -62 -60 -57 -55 -56 -54 -53 -53 -54 -51 -53 -54 -55 -52 -58 -62 -53 -57 -53 -59 -60 -61 -59 -60 -61 -61 -59 -59 -60 -60 -54 -54 -56 -57 -55 -59 -55 -53 -59 -58 -55 -56 -56 -58 -56 -59 -59 -55 -60 -60 -58 -61 -52 -64 -59 -57 -60 -58 -57 -60 -55 -56 -56 -54 -57 -53 -55 -56 -57 -55 -55 161 5136 305 4286
-62 -61 -64 -56 -60 -59 -61 -56 -61 -58 -58 -58 -60 -60 -61 -61 -61 -56 -57 -58 -59 -58 -58 -60 -58 -60 -57 -58 -61 -60 -62 -61 -54 -58 -63 -62 -64 -59 -57 -62 -58 -60 -59 -57 -60 -59 -60 -64 -56 -55 -38 -2 66 188 346 351 12 -344 -375 -67 179 33 -361 -537 -357 -79 -27 -213 -351 -268 -87 -9 -53 -102 -41 49 77 30 12 63 113 85 9 -33 -6 27 -4 -83 -130 -120 -89 -95 -148 -174 -151 -118 -109 -121 -123 -98 -62 -47 -49 -52 -28 -4 -1 -11 -17 -9 -1 -13 -32 -46 -47 -46 -59 -71 -87 -90 -83 -90 -95 -99 -93 -84 -81 -81 -78 -62 -55 -53 -32 -104 5 -74 -2 -64 -19 -63 -27 -59 -45 -62 -52 -72 -60 -72 -70 -79 -76 -76 -73 -74 -72 -73 -68 -64 -62 -62 -59 -51 -49 -54 -52 -50 -49 -48 -49 -56 -55 -59 -57 -61 -63 -62 -59 -65 -70 -67 -64 -66 -65 -68 -67 -65 -63 -58 -60 -59 -60 -55 -51 -56 -56 -54 -51 -55 -53 -53 -55 -57 -61 -57 -62 -65 -61 -57 -61 -60 -59 -58 -55 -61 -60 -60 -57 -59 -56 -61 -55 -61 -55 -58 -59 -58 -56 -57 -58 -56 -53 -56 -57 -61 -59 -55 -55 -62 -65 -63 -64 -57 -58 -58 -54 -55 -58 -55 -62 -58 -55 -57 -60 -59 -62 -55 -58 161 599 305 4294
-58 -58 -58 -55 -60 -60 -57 -63 -68 -52 -66 -60 -61 -60 -62 -57 -61 -59 -58 -58 -61 -63 -60 -56 -60 -62 -56 -57 -59 -62 -60 -57 -57 -60 -60 -59 -62 -59 -59 -57 -58 -60 -59 -60 -57 -56 -59 -60 -57 -53 -30 16 95 234 388 295 -96 -403 -315 24 189 -68 -450 -520 -285 -39 -65 -266 -348 -220 -53 -7 -73 -89 -6 77 69 21 21 85 114 64 -13 -34 8 27 -22 -103 -136 -108 -91 -106 -155 -170 -138 -113 -104 -124 -118 -86 -54 -47 -51 -47 -21 8 -1 -10 -16 -10 1 -17 -35 -46 -43 -46 -64 -79 -90 -85 -85 -91 -91 -100 -87 -80 -83 -78 -73 -64 -53 -48 -44 -44 -39 -31 -38 -37 -36 -39 -42 -41 -51 -56 -58 -58 -66 -71 -73 -70 -71 -73 -74 -73 -70 -67 -65 -62 -60 -58 -54 -57 -52 -54 -48 -50 -50 -53 -53 -54 -53 -54 -55 -60 -65 -60 -65 -62 -60 -67 -63 -65 -64 -66 -62 -60 -56 -60 -60 -59 -57 -56 -59 -59 -55 -57 -53 -57 -57 -54 -56 -60 -57 -57 -59 -60 -63 -59 -61 -58 -63 -64 -65 -61 -55 -60 -58 -56 -57 -60 -59 -54 -55 -54 -54 -56 -59 -58 -57 -60 -58 -57 -59 -62 -58 -60 -54 -63 -55 -60 -57 -60 -62 -57 -60 -61 -60 -61 -57 -60 -56 -59 -58 -59 -58 -58 -61 160 12594 305 4146
-52 -54 -58 -62 -55 -57 -57 -56 -56 -52 -61 -56 -58 -58 -58 -55 -53 -59 -58 -53 -54 -56 -58 -54 -56 -59 -52 -57 -52 -52 -55 -58 -60 -58 -56 -58 -54 -56 -56 -59 -57 -54 -55 -56 -57 -58 -56 -60 -55 -51 -23 16 100 236 391 301 -100 -403 -311 28 190 -69 -445 -519 -285 -42 -62 -259 -343 -220 -46 -10 -68 -84 -5 76 73 21 28 81 119 68 -8 -29 4 26 -21 -91 -123 -108 -88 -111 -157 -169 -138 -108 -109 -123 -115 -83 -50 -44 -53 -40 -13 9 1 -11 -12 -8 -2 -12 -34 -45 -44 -46 -58 -73 -82 -83 -83 -90 -95 -98 -80 -81 -75 -74 -72 -60 -47 -47 -46 -44 -34 -30 -35 -36 -38 -32 -38 -44 -45 -54 -54 -58 -63 -67 -69 -71 -63 -70 -71 -69 -69 -65 -62 -64 -56 -54 -54 -50 -50 -49 -48 -46 -49 -49 -45 -50 -46 -51 -54 -57 -54 -58 -63 -65 -62 -67 -62 -60 -64 -58 -61 -59 -59 -56 -55 -56 -53 -55 -52 -53 -52 -53 -52 -54 -51 -50 -55 -60 -54 -57 -58 -57 -59 -61 -60 -4 -134 3 -93 -36 -73 -45 -68 -46 -62 -55 -63 -62 -57 -55 -58 -59 -59 -54 -58 -58 -61 -57 -60 -58 -57 -57 -55 -52 -58 -60 -60 -61 -56 -57 -62 -58 -57 -57 -57 -59 -57 -59 -64 -57 -58 -58 -55 160 7849 305 4502
-57 -60 -58 -60 -57 -59 -56 -60 -58 -59 -56 -58 -60 -58 -60 -57 -60 -56 -60 -62 -60 -57 -56 -58 -59 -59 -59 -57 -59 -57 -59 -61 -56 -62 -59 -55 -56 -59 -60 -55 -58 -61 -58 -56 -60 -62 -61 -61 -58 -47 -30 20 107 246 393 272 -129 -412 -297 41 176 -98 -469 -516 -269 -40 -78 -276 -343 -210 -44 -7 -74 -84 0 79 65 18 24 92 116 63 -11 -33 5 25 14 -188 -64 -164 -49 -149 -132 -193 -123 -121 -105 -134 -115 -92 -53 -55 -54 -48 -20 4 -1 -14 -17 -6 0 -15 -37 -48 -48 -51 -62 -82 -81 -87 -88 -92 -99 -98 -91 -82 -78 -77 -70 -61 -60 -50 -54 -44 -43 -37 -37 -39 -37 -46 -41 -43 -50 -55 -59 -57 -64 -66 -70 -72 -73 -71 -67 -70 -67 -67 -65 -65 -59 -54 -53 -51 -51 -52 -51 -45 -50 -50 -49 -54 -53 -56 -58 -59 -59 -57 -61 -60 -62 -63 -63 -66 -62 -63 -62 -60 -59 -61 -56 -57 -54 -55 -57 -54 -53 -52 -57 -53 -50 -51 -57 -59 -59 -60 -63 -62 -67 -61 -61 -60 -64 -66 -58 -65 -56 -58 -57 -56 -59 -55 -58 -54 -56 -56 -57 -58 -56 -56 -58 -58 -54 -56 -62 -60 -56 -57 -60 -61 -60 -62 -60 -61 -59 -63 -57 -60 -58 -61 -55 -59 -55 -56 -61 -60 -54 -58 -61 160 3309 305 4297
-59 -59 -55 -59 -59 -60 -60 -62 -55 -55 -59 -57 -57 -58 -58 -56 -56 -58 -58 -62 -61 -55 -56 -58 -58 -55 -57 -59 -59 -56 -58 -57 -55 -57 -56 -59 -59 -57 -59 -60 -60 -59 -58 -62 -60 -57 -59 -57 -53 -59 -41 -9 50 167 325 388 89 -302 -398 -137 161 89 -294 -540 -418 -134 -18 -172 -340 -296 -120 -9 -42 -95 -51 42 83 40 9 54 110 99 20 -37 -18 24 6 -69 -128 -125 -93 -95 -136 -168 -155 -122 -108 -121 -126 -106 -68 -48 -51 -53 -35 -5 2 -9 -19 -12 0 -6 -27 -39 -43 -44 -53 -75 -85 -90 -83 -88 -94 -99 -97 -85 -81 -81 -75 -69 -58 -51 -49 -48 -43 -33 -32 -33 -40 -39 -38 -39 -45 -51 -57 -59 -58 -68 -69 -71 -73 -73 -72 -74 -71 -67 -65 -67 -63 -54 -48 -52 -49 -50 -49 -48 -51 -51 -49 -52 -49 -54 -53 -59 -60 -61 -60 -61 -65 -64 -66 -62 -66 -63 -61 -62 -63 -58 -60 -57 -56 -55 -58 -55 -55 -53 -50 -53 -60 -53 -55 -60 -56 -58 -58 -59 -60 -63 -62 -61 -61 -59 -62 -62 -60 -59 -57 -62 -60 -53 -58 -56 -54 -43 -48 -54 -55 -61 -59 -60 -57 -57 -60 -56 -59 -61 -64 -56 -59 -58 -58 -55 -58 -61 -61 -60 -57 -59 -60 -59 -57 -57 -57 -54 -51 -53 -57 159 5956 305 3840
-52 -53 -52 -51 -53 -49 -54 -50 -48 -52 -51 -48 -52 -53 -52 -53 -49 -48 -54 -50 -52 -52 -50 -47 -49 -49 -50 -50 -51 -52 -48 -55 -49 -52 -52 -47 -50 -53 -50 -56 -53 -55 -53 -51 -53 -51 -54 -53 -50 -49 -32 2 68 190 347 380 52 -317 -387 -88 175 64 -330 -536 -384 -96 -17 -187 -337 -273 -93 -2 -40 -87 -34 57 92 43 16 70 122 102 21 -26 -6 31 4 -70 -130 -113 -83 -88 -137 -161 -145 -108 -100 -112 -112 -92 -56 -34 -45 -44 -19 8 11 0 -12 -3 59 -68 42 -71 -9 -60 -33 -77 -72 -87 -77 -82 -89 -96 -87 -79 -72 -70 -69 -61 -50 -42 -40 -42 -36 -30 -29 -27 -31 -31 -33 -34 -44 -44 -49 -52 -59 -61 -64 -67 -67 -66 -65 -66 -61 -63 -64 -50 -61 -47 -52 -49 -47 -42 -43 -37 -41 -43 -45 -42 -48 -47 -47 -49 -51 -49 -54 -55 -57 -57 -56 -56 -60 -56 -57 -53 -50 -51 -50 -47 -50 -48 -45 -48 -48 -46 -48 -47 -48 -47 -49 -49 -48 -47 -49 -56 -57 -56 -60 -55 -55 -53 -57 -55 -55 -54 -50 -49 -47 -52 -51 -45 -50 -50 -50 -50 -48 -48 -52 -46 -54 -46 -49 -47 -50 -50 -49 -49 -55 -57 -53 -52 -54 -53 -47 -45 -52 -47 -50 -55 -48 -49 -49 -50 -53 -49 -51 159 1430 305 4283
-52 -53 -54 -53 -56 -54 -53 -51 -54 -53 -51 -48 -56 -51 -51 -50 -46 -51 -54 -51 -49 -51 -52 -53 -54 -53 -53 -49 -53 -53 -53 -51 -52 -51 -50 -50 -52 -52 -51 -49 -49 -51 -51 -55 -51 -49 -52 -59 -50 -50 -29 1 69 183 349 388 63 -314 -392 -101 177 71 -316 -538 -395 -102 -13 -184 -332 -278 -101 -2 -39 -87 -35 58 90 45 17 65 120 105 24 -28 -6 29 6 -66 -127 -119 -86 -95 -138 -168 -149 -116 -100 -111 -121 -100 -58 -40 -45 -44 -25 6 13 -3 -13 -5 6 5 -18 -34 -32 -37 -47 -69 -80 -85 -80 -80 -89 -90 -89 -77 -74 -73 -70 -58 -52 -44 -42 -39 -32 -32 -31 -34 -31 -31 -32 -28 -38 -47 -47 -50 -55 -58 -63 -63 -65 -63 -65 -63 -67 -61 -62 -59 -56 -53 -44 -45 -47 -41 -37 -42 -42 -39 -41 -42 -43 -47 -48 -55 -53 -54 -56 -53 -57 -56 -57 -55 -58 -56 -55 -53 -51 -51 -56 -49 -50 -47 -50 -49 -49 -49 -44 -49 -50 -47 -48 -53 -52 -55 -51 -52 -56 -51 -53 -55 -52 -58 -58 -50 -50 -50 -57 -55 -49 -52 -51 -52 -47 -49 -49 -51 -55 -51 -50 -49 -55 -51 -52 -50 -52 -53 -55 -51 -51 -56 -55 -49 -50 -55 -54 -51 -53 -51 -50 -50 -52 -52 -49 -53 -50 -52 -50 158 13024 305 4547
-57 -59 -60 -58 -59 -59 -58 -59 -58 -57 -57 -58 -61 -57 -58 -55 -56 -59 -57 -56 -55 -53 -55 -57 -57 -60 -59 -57 -58 -57 -58 -64 -58 -61 -64 -56 -60 -56 -57 -58 -58 -58 -60 -57 -57 -61 -64 -58 -62 -55 -45 -15 39 135 290 401 183 -228 -419 -208 117 141 -204 -519 -468 -190 -16 -126 -312 -326 -160 -18 -22 -91 -64 21 78 54 12 42 104 110 43 -26 -26 16 17 -51 -125 -132 -99 -92 -130 -169 -160 -129 -106 -119 -125 -114 -73 -46 -46 -58 -36 -7 7 -5 -17 -13 0 -4 -17 -35 -43 -47 -46 -64 -77 -83 -84 -84 -91 -101 -97 -85 -77 -79 -77 -70 -56 -53 -51 -46 -39 -37 -34 -32 -35 -35 -43 -41 -43 -54 -57 -55 -59 -65 -74 -71 -69 -74 -72 -70 -74 -67 -65 -63 -58 -60 -55 -55 -51 -51 -43 -48 -51 -48 -50 -46 -53 -56 -56 -60 -60 -63 -62 -65 -59 -65 -65 -63 -62 -65 -61 -62 -60 -59 -57 -52 -57 -55 -52 -54 -53 -51 -56 -52 -55 -60 -54 -57 -57 -56 -61 -60 -61 -61 -63 -58 -61 -60 -58 -59 -61 -62 -57 -57 -59 -46 -69 -55 -44 -71 -45 -69 -45 -71 -54 -66 -57 -65 -56 -66 -57 -61 -60 -58 -59 -63 -58 -64 -59 -59 -58 -59 -57 -61 -56 -59 -60 -58 -61 -54 -57 -61 -56 158 4255 305 4110
-61 -62 -61 -65 -54 -61 -66 -66 -62 -55 -57 -62 -60 -56 -52 -54 -52 -39 -53 -56 -57 -58 -58 -59 -57 -57 -60 -56 -60 -58 -53 -59 -61 -58 -59 -61 -60 -61 -62 -59 -62 -56 -57 -55 -60 -61 -59 -59 -55 -53 -50 -14 41 149 304 400 143 -258 -419 -179 138 120 -243 -525 -446 -163 -19 -144 -322 -312 -138 -17 -30 -96 -61 32 81 47 9 40 108 101 58 -91 22 -23 44 -87 -103 -149 -87 -106 -126 -180 -155 -135 -103 -123 -123 -111 -70 -45 -51 -52 -36 -6 3 -7 -19 -11 -2 0 -32 -40 -46 -46 -47 -72 -80 -88 -87 -84 -97 -96 -97 -85 -84 -82 -76 -72 -55 -54 -50 -49 -46 -37 -34 -40 -41 -38 -37 -42 -48 -51 -53 -58 -62 -64 -68 -72 -70 -71 -73 -74 -73 -71 -64 -65 -62 -59 -57 -54 -53 -53 -46 -49 -46 -52 -50 -52 -55 -49 -53 -57 -57 -62 -62 -62 -64 -65 -62 -62 -67 -63 -58 -60 -63 -65 -59 -63 -55 -58 -55 -58 -54 -53 -55 -55 -56 -59 -53 -56 -57 -58 -60 -60 -57 -62 -63 -61 -61 -61 -63 -60 -58 -61 -57 -58 -56 -57 -58 -56 -57 -56 -54 -56 -55 -57 -58 -58 -58 -55 -57 -59 -60 -59 -56 -64 -60 -57 -58 -60 -59 -61 -57 -62 -55 -62 -58 -57 -56 -57 -61 -56 -58 -54 -60 157 16191 305 4205
-58 -57 -59 -60 -60 -56 -58 -61 -60 -57 -58 -57 -55 -62 -57 -62 -58 -57 -61 -57 -68 -56 -61 -58 -60 -55 -60 -59 -57 -57 -59 -59 -56 -55 -56 -58 -58 -53 -58 -58 -58 -57 -54 -58 -57 -61 -58 -59 -58 -53 -30 9 94 228 383 311 -82 -394 -323 10 188 -55 -440 -525 -298 -47 -64 -258 -348 -224 -53 -4 -70 -87 -8 70 75 22 22 86 123 73 -4 -35 5 21 -23 -103 -141 -114 -85 -113 -157 -176 -144 -116 -114 -129 -120 -80 -49 -44 -52 -39 -17 -1 -1 -11 -16 -8 2 -12 -29 -44 -44 -47 -61 -80 -85 -88 -81 -85 -91 -96 -91 -86 -79 -74 -70 -62 -49 -48 -45 -45 -34 -30 -34 -34 -37 -41 -39 -39 -48 -53 -56 -63 -64 -66 -71 -77 -72 -74 -73 -72 -68 -68 -62 -61 -65 -55 -57 -54 -49 -51 -46 -46 -42 -50 -45 -49 -49 -52 -57 -58 -64 -59 -57 -64 -68 -65 -61 -66 -62 -64 -61 -60 -61 -60 -58 -59 -54 -52 -52 -53 -51 -56 -34 -102 -16 -97 -37 -80 -44 -77 -48 -71 -51 -72 -58 -68 -60 -59 -61 -62 -60 -58 -56 -60 -57 -61 -56 -58 -59 -56 -55 -58 -55 -59 -58 -56 -58 -61 -56 -60 -59 -61 -62 -62 -57 -63 -57 -61 -63 -59 -60 -62 -55 -54 -60 -59 -62 -54 -60 -58 -59 -62 -60 157 6661 305 4658
-56 -56 -53 -62 -60 -57 -54 -55 -55 -60 -56 -60 -53 -60 -58 -55 -55 -61 -57 -56 -60 -62 -60 -58 -58 -59 -60 -57 -61 -58 -61 -60 -56 -60 -58 -57 -60 -56 -55 -59 -59 -62 -56 -60 -56 -59 -62 -58 -55 -53 -35 13 88 224 376 317 -67 -389 -337 -4 185 -37 -424 -530 -308 -56 -58 -251 -353 -237 -63 -9 -61 -91 -12 65 74 20 20 74 112 71 -5 -32 1 24 -18 -98 -137 -115 -83 -109 -154 -172 -141 -111 -110 -124 -122 -89 -59 -48 -52 -48 -22 3 -1 -12 -18 -6 1 -15 -33 -47 -43 -48 -58 -76 -90 -90 -87 -92 -94 -104 -89 -83 -81 -83 -73 -61 -52 -53 -47 -44 -39 -33 -39 -42 -41 -44 -35 -44 -49 -55 -56 -60 -63 -67 -72 -70 -71 -75 -73 -73 -72 -67 -67 -66 -62 -61 -54 -57 -51 -51 -52 -50 -48 -49 -55 -50 -50 -57 -56 -59 -59 -66 -66 -68 -69 -63 -65 -66 -62 -68 -62 -57 -61 -62 -60 -55 -53 -57 -56 -55 -56 -55 -54 -55 -55 -58 -56 -59 -55 -59 -59 -62 -62 -60 -59 -61 -60 -65 -62 -62 -58 -62 -58 -60 -54 -57 -59 -63 -56 -57 -56 -57 -60 -57 -60 -58 -58 -56 -61 -62 -55 -61 -55 -61 -61 -59 -62 -62 -61 -56 -59 -57 -59 -55 -58 -58 -57 -55 -58 -57 -62 -61 -59 157 1938 305 4480
-60 -57 -58 -61 -56 -60 -54 -57 -59 -55 -58 -59 -60 -54 -54 -58 -59 -60 -59 -57 -61 -63 -59 -57 -59 -58 -57 -60 -56 -59 -53 -61 -56 -58 -57 -60 -61 -58 -59 -59 -62 -57 -59 -57 -56 -59 -60 -63 -55 -53 -28 5 96 234 387 297 -96 -401 -319 21 183 -62 -446 -526 -294 -43 -64 -267 -350 -223 -55 -11 -76 -90 -9 72 69 19 23 83 118 69 -9 -31 2 24 -23 -99 -132 -112 -89 -113 -157 -171 -140 -110 -105 -128 -120 -85 -54 -48 -50 -46 -17 2 2 -13 -20 -8 2 -15 -31 -46 -48 -45 -61 -78 -83 -83 -85 -88 -97 -100 -90 -80 -80 -76 -72 -62 -52 -50 -46 -44 -35 -33 -32 -36 -39 -41 -40 -42 -47 -53 -53 -61 -65 -71 -72 -70 -71 -76 -73 -69 -70 -68 -59 -62 -64 -57 -53 -51 -51 -49 -48 -50 -50 -51 -56 -51 -55 -49 -53 -60 -59 -63 -61 -60 -65 -65 -63 -64 -64 -66 -57 -65 -62 -58 -59 -62 -57 -58 -52 -53 -54 -58 -54 -55 -55 -55 -59 -58 -56 -64 -58 -62 -58 -61 -62 -60 -59 -57 -59 -62 -58 -58 -61 -59 -59 -56 -55 -58 -54 -55 -56 -57 -56 -54 -60 -54 -55 -59 -57 -57 -59 -58 -62 -60 -56 -60 -58 -57 -57 -58 -59 -60 -58 -60 -55 -60 -56 -58 -55 -56 -59 -56 -55 156 14030 305 4049
-57 -57 -59 -59 -57 -59 -58 -60 -55 -59 -56 -57 -57 -54 -57 -58 -54 -55 -61 -59 -60 -57 -58 -57 -55 -57 -56 -56 -59 -57 -59 -55 -60 -59 -56 -56 -57 -55 -61 -54 -57 -60 -60 -60 -53 -59 -59 -56 -58 -56 -38 1 63 183 345 370 39 -333 -391 -89 174 53 -346 -540 -381 -99 -23 -202 -345 -278 -98 -6 -47 -96 -38 58 78 32 15 60 115 93 16 -39 -7 26 -3 -79 -131 -118 -94 -95 -144 -170 -154 -116 -107 -121 -126 -101 -61 -41 -54 -51 -32 -3 3 -13 -19 -13 -2 -6 -27 -44 -45 -45 -53 -74 -85 -88 -87 -89 -101 -96 -92 -80 -76 -74 -75 -61 -54 -53 -50 -47 -38 -35 -34 -36 -41 -39 -42 -40 -48 -54 -55 -57 -63 -64 -66 -67 -75 -73 -72 -72 -70 -64 -66 -66 -60 -57 -54 -53 -49 -46 -48 -51 -49 -47 -55 -49 -54 -51 -56 -57 -59 -60 -61 -64 -64 -64 -63 -67 -63 -67 -61 -56 -60 -57 -57 -59 -58 -54 -57 -54 -52 -51 -54 -56 -58 -54 -57 -54 -59 -55 -60 -64 -60 -59 -62 -59 -63 -61 -63 -63 -60 -57 -58 -59 -64 -59 -59 -58 -56 -57 -59 -54 -56 -55 -59 -61 -55 -59 -58 -59 -59 -60 -63 -60 -59 -59 -61 -57 -56 -58 -64 -59 -58 -57 -60 -58 -53 -55 -59 -58 -58 -59 -59 156 4824 305 4218
-60 -60 -63 -57 -59 -58 -61 -58 -57 -57 -62 -58 -61 -59 -58 -61 -57 -61 -57 -57 -59 -60 -56 -59 -56 -59 -60 -56 -61 -58 -56 -59 -61 -57 -59 -57 -58 -53 -58 -58 -58 -57 -61 -58 -54 -58 -59 -55 -55 -56 -46 -14 39 142 300 399 165 -247 -417 -199 124 137 -226 -521 -462 -179 -16 -134 -319 -317 -146 -16 -29 -89 -63 30 83 52 12 40 108 105 36 -31 -19 18 15 -54 -124 -132 -103 -92 -126 -168 -160 -127 -109 -114 -126 -113 -73 -48 -48 -55 -33 -9 9 -7 -16 -13 -3 -3 -23 -39 -41 -45 -51 -69 -82 -90 -82 -82 -92 -102 -95 -84 -80 -76 -78 -66 -63 -51 -44 -45 -41 -34 -32 -36 -37 -38 -44 -37 -44 -48 -57 -62 -63 -65 -71 -67 -69 -72 -73 -73 -73 -70 -65 -64 -63 -62 -57 -53 -52 -51 -50 -47 -46 -44 -49 -46 -52 -52 -54 -59 -60 -58 -62 -64 -68 -67 -69 -63 -62 -61 -61 -62 -60 -61 -55 -54 -57 -30 -112 -7 -97 -23 -82 -34 -75 -41 -68 -42 -66 -53 -65 -59 -63 -61 -65 -56 -63 -58 -64 -62 -61 -60 -59 -55 -62 -57 -57 -57 -55 -57 -56 -56 -58 -57 -56 -60 -56 -58 -57 -55 -58 -62 -62 -58 -64 -55 -69 -56 -61 -56 -67 -58 -62 -55 -59 -61 -55 -56 -56 -53 -56 -58 -54 156 629 305 3952
-60 -57 -57 -60 -55 -61 -58 -58 -56 -60 -58 -55 -48 -89 -30 -87 -33 -78 -39 -71 -45 -69 -58 -65 -57 -64 -62 -65 -62 -64 -53 -59 -53 -58 -57 -58 -59 -58 -53 -56 -58 -56 -60 -60 -59 -58 -58 -57 -58 -51 -25 17 110 261 391 257 -146 -413 -283 64 166 -114 -484 -507 -258 -28 -84 -284 -344 -198 -41 -10 -82 -83 6 76 68 18 22 95 120 61 -16 -27 11 25 -32 -110 -134 -105 -90 -117 -160 -169 -140 -109 -112 -124 -117 -78 -51 -46 -54 -37 -19 8 0 -14 -9 -7 1 -14 -35 -44 -48 -48 -66 -83 -91 -86 -88 -91 -100 -99 -85 -81 -78 -81 -73 -59 -53 -48 -48 -42 -35 -32 -36 -36 -38 -40 -42 -41 -55 -57 -58 -62 -64 -72 -73 -73 -75 -72 -75 -65 -71 -67 -65 -64 -57 -56 -60 -53 -48 -50 -47 -48 -46 -48 -55 -50 -56 -57 -57 -58 -58 -63 -61 -58 -61 -64 -64 -59 -62 -60 -64 -60 -56 -58 -59 -61 -56 -56 -61 -57 -57 -56 -59 -55 -56 -57 -60 -57 -58 -59 -61 -58 -62 -62 -60 -57 -62 -62 -65 -62 -62 -61 -61 -59 -59 -57 -58 -55 -53 -56 -59 -57 -57 -55 -58 -58 -59 -56 -58 -60 -61 -59 -62 -59 -61 -61 -61 -62 -60 -59 -56 -58 -57 -61 -55 -59 -51 -55 -55 -59 -62 -56 -54 155 12484 305 4286
-60 -60 -60 -59 -59 -57 -60 -59 -56 -55 -58 -58 -61 -56 -61 -58 -57 -57 -57 -56 -61 -57 -58 -58 -58 -53 -58 -62 -59 -57 -64 -59 -56 -62 -60 -59 -62 -58 -59 -59 -57 -61 -55 -54 -62 -57 -59 -57 -58 -50 -29 14 104 249 390 270 -135 -407 -297 51 177 -102 -464 -511 -267 -30 -76 -278 -341 -210 -42 -10 -79 -78 -4 85 64 15 25 88 119 66 -12 -31 6 24 -26 -107 -135 -113 -87 -114 -162 -170 -136 -112 -116 -125 -117 -79 -49 -50 -52 -39 -15 2 -2 -14 -20 -4 1 -14 -32 -45 -47 -46 -60 -78 -89 -87 -87 -91 -99 -98 -89 -79 -81 -82 -72 -59 -53 -53 -48 -48 -36 -32 -32 -39 -35 -39 -38 -45 -48 -56 -57 -59 -68 -72 -68 -71 -71 -75 -75 -70 -74 -67 -68 -61 -61 -54 -61 -52 -52 -49 -52 -47 -49 -49 -53 -51 -54 -51 -54 -60 -63 -61 -65 -64 -60 -68 -64 -64 -67 -63 -65 -64 -62 -60 -53 -57 -58 -54 -53 -58 -55 -48 -53 -49 -59 -58 -62 -60 -61 -59 -58 -63 -67 -60 -63 -61 -61 -61 -60 -61 -58 -61 -58 -58 -56 -55 -57 -58 -55 -59 -57 -56 -55 -59 -59 -60 -60 -60 -59 -58 -60 -61 -62 -61 -64 -60 -60 -63 -65 -59 -57 -60 -57 -56 -63 -58 -61 -63 -55 -56 -59 -54 -59 155 7627 305 4614
-55 -62 -60 -57 -62 -58 -57 -58 -59 -62 -63 -56 -58 -62 -57 -59 -59 -58 -59 -56 -61 -57 -55 -60 -54 -61 -58 -59 -61 -57 -57 -52 -53 -61 -58 -57 -60 -54 -60 -59 -57 -59 -57 -61 -57 -56 -63 -57 -57 -48 -25 23 107 254 394 266 -140 -416 -288 54 171 -103 -468 -512 -259 -32 -84 -281 -344 -200 -41 -12 -76 -84 3 79 61 13 25 86 115 61 -16 -37 9 20 -28 -106 -133 -111 -90 -117 -160 -169 -138 -110 -112 -126 -121 -85 -56 -46 -51 -43 -22 1 -1 -16 -17 -2 -2 -14 -35 -45 -48 -49 -63 -78 -91 -84 -85 -91 -98 -97 -96 -84 -78 -79 -74 -63 -54 -48 -45 -44 -38 -36 -34 -36 -41 -37 -39 -44 -51 -51 -60 -58 -68 -69 -74 -70 -73 -70 -77 -70 -66 -70 -62 -65 -62 -55 -56 -50 -52 -52 -47 -45 -47 -52 -46 -47 -52 -54 -59 -58 -62 -61 -62 -62 -66 -61 -65 -68 -65 -63 -60 -61 -60 -56 -58 -55 -54 -51 -55 -54 -56 -54 -54 -55 -58 -56 -55 -62 -60 -59 -61 -58 -66 -60 -65 -60 -61 -56 -59 -59 -58 -56 -61 -58 -56 -56 -60 -56 -57 -57 -56 -60 0 -140 8 -99 -26 -83 -43 -74 -50 -69 -59 -63 -60 -70 -62 -62 -65 -61 -60 -60 -58 -57 -57 -57 -56 -61 -59 -61 -58 -57 -60 155 3347 305 4037
-60 -58 -58 -60 -58 -60 -56 -59 -59 -55 -60 -59 -60 -62 -58 -61 -60 -58 -58 -57 -61 -56 -57 -59 -57 -58 -61 -61 -59 -60 -54 -59 -55 -58 -56 -57 -53 -60 -56 -59 -56 -59 -58 -59 -59 -57 -58 -59 -56 -56 13 -72 155 175 424 279 -51 -412 -313 -7 192 -57 -428 -541 -304 -56 -59 -254 -349 -229 -58 -9 -68 -91 -12 74 73 18 21 76 121 71 -12 -39 1 23 -24 -100 -136 -113 -85 -108 -156 -170 -143 -120 -100 -133 -119 -92 -59 -49 -49 -48 -20 5 -1 -11 -17 -4 2 -14 -31 -45 -44 -48 -59 -74 -85 -86 -81 -89 -92 -97 -90 -81 -79 -78 -68 -62 -49 -49 -47 -45 -39 -30 -35 -39 -44 -41 -41 -43 -49 -54 -50 -59 -61 -67 -67 -78 -69 -71 -74 -68 -68 -68 -66 -62 -57 -55 -55 -50 -46 -48 -49 -48 -49 -52 -57 -48 -53 -54 -58 -58 -58 -63 -64 -61 -62 -62 -63 -62 -63 -65 -63 -60 -58 -55 -60 -59 -53 -54 -57 -53 -52 -51 -57 -52 -57 -58 -56 -57 -59 -57 -59 -63 -61 -61 -64 -59 -61 -62 -60 -60 -61 -60 -59 -61 -57 -55 -60 -58 -55 -58 -53 -55 -60 -57 -56 -60 -58 -59 -57 -58 -57 -59 -58 -57 -60 -60 -60 -60 -56 -56 -61 -61 -59 -58 -58 -61 -61 -62 -61 -57 -57 -54 -56 154 15047 305 4440
-56 -56 -56 -54 -55 -59 -61 -60 -59 -60 -56 -59 -59 -61 -60 -60 -57 -60 -56 -57 -57 -58 -54 -58 -54 -57 -57 -61 -59 -60 -55 -59 -56 -58 -62 -60 -60 -55 -58 -60 -63 -58 -57 -53 -61 -57 -62 -59 -60 -57 -33 -4 65 189 353 369 30 -340 -385 -81 175 43 -349 -546 -379 -98 -25 -204 -350 -278 -91 -6 -50 -100 -39 59 82 34 13 64 116 91 9 -38 -8 24 -3 -77 -134 -120 -87 -104 -145 -169 -150 -112 -106 -119 -126 -100 -58 -44 -55 -50 -26 -5 5 -12 -17 -10 -2 -6 -27 -42 -47 -47 -53 -72 -84 -85 -81 -90 -95 -101 -92 -78 -81 -77 -75 -64 -55 -48 -49 -44 -41 -29 -29 -32 -37 -42 -37 -45 -46 -54 -56 -61 -61 -70 -74 -72 -71 -72 -74 -73 -73 -70 -65 -62 -59 -56 -55 -57 -54 -50 -46 -51 -46 -52 -51 -52 -56 -52 -57 -61 -60 -61 -64 -62 -65 -70 -61 -71 -65 -67 -64 -64 -57 -58 -56 -58 -56 -55 -49 -51 -53 -56 -51 -53 -53 -54 -57 -60 -60 -62 -59 -63 -60 -59 -65 -63 -62 -63 -64 -64 -64 -56 -55 -53 -56 -50 -57 -57 -52 -58 -57 -58 -56 -55 -56 -56 -59 -57 -57 -63 -58 -60 -58 -58 -57 -61 -58 -59 -58 -58 -57 -61 -57 -57 -55 -58 -56 -58 -56 -54 -57 -59 -58 154 10399 305 4405
-55 -59 -60 -57 -56 -58 -55 -60 -62 -59 -56 -53 -58 -61 -57 -57 -55 -55 -56 -57 -57 -58 -59 -61 -57 -62 -59 -59 -60 -55 -59 -55 -58 -55 -58 -59 -50 -59 -54 -60 -59 -58 -61 -29 -85 -58 -39 -75 -47 -69 -22 -3 88 206 378 323 -39 -383 -350 -26 185 -19 -404 -537 -325 -63 -44 -232 -344 -244 -69 -4 -64 -96 -21 67 74 26 16 75 119 72 -4 -38 0 27 -20 -89 -137 -115 -89 -106 -153 -177 -145 -115 -105 -124 -125 -89 -56 -44 -52 -42 -17 1 2 -9 -15 -13 0 -13 -29 -42 -44 -44 -54 -72 -86 -82 -88 -90 -94 -100 -87 -82 -78 -81 -72 -61 -53 -52 -45 -45 -39 -36 -34 -35 -35 -39 -37 -40 -48 -55 -57 -60 -62 -65 -70 -69 -73 -73 -70 -74 -67 -68 -64 -65 -56 -57 -54 -49 -53 -49 -43 -48 -48 -51 -50 -51 -55 -53 -55 -58 -58 -60 -63 -66 -59 -63 -60 -65 -64 -59 -61 -59 -60 -58 -58 -59 -51 -55 -51 -58 -54 -55 -52 -54 -52 -54 -57 -56 -58 -61 -53 -62 -57 -60 -59 -59 -63 -58 -59 -62 -57 -58 -58 -54 -56 -55 -55 -57 -53 -58 -55 -59 -56 -56 -55 -57 -55 -58 -55 -59 -59 -61 -59 -58 -57 -62 -57 -58 -58 -55 -57 -57 -57 -55 -60 -59 -57 -61 -60 -56 -57 -55 -59 154 5602 305 4554
-61 -58 -62 -57 -57 -63 -62 -61 -57 -56 -60 -56 -58 -61 -58 -61 -58 -56 -60 -61 -63 -58 -59 -58 -56 -56 -58 -59 -57 -57 -58 -58 -55 -57 -57 -55 -57 -60 -57 -54 -54 -56 -60 -56 -57 -61 -59 -59 -55 -52 -32 7 84 219 373 330 -46 -382 -349 -23 186 -20 -410 -539 -328 -60 -50 -239 -345 -247 -67 -10 -62 -91 -21 69 76 29 15 79 117 77 -3 -39 0 23 -14 -93 -138 -115 -88 -106 -150 -173 -143 -116 -106 -123 -127 -92 -59 -46 -51 -49 -23 -1 2 -9 -19 -6 -5 -10 -33 -40 -42 -51 -55 -80 -82 -87 -87 -88 -96 -98 -92 -80 -79 -77 -77 -63 -55 -54 -49 -47 -40 -35 -36 -39 -40 -38 -37 -48 -51 -55 -57 -62 -63 -63 -71 -74 -73 -77 -72 -67 -71 -70 -65 -67 -60 -54 -55 -57 -53 -53 -48 -56 -54 -50 -47 -55 -54 -53 -55 -54 -59 -59 -63 -59 -64 -64 -66 -64 -66 -66 -63 -63 -58 -62 -58 -60 -57 -56 -56 -55 -55 -58 -49 -59 -56 -56 -57 -55 -59 -59 -58 -60 -60 -61 -59 -60 -62 -59 -59 -60 -61 -60 -59 -59 -56 -57 -59 -55 -59 -57 -57 -59 -57 -54 -61 -60 -58 -57 -58 -61 -58 -57 -56 -60 -58 -59 -59 -61 -59 -56 -59 -57 -59 -58 -57 -56 -56 -59 -61 -56 -58 -58 -57 154 928 305 4431
-74 -51 -68 -57 -65 -53 -67 -56 -61 -60 -60 -61 -58 -60 -61 -59 -64 -58 -57 -53 -60 -59 -53 -63 -60 -58 -58 -60 -56 -51 -64 -56 -58 -60 -66 -54 -65 -55 -62 -58 -62 -53 -64 -57 -57 -61 -64 -56 -58 -53 -46 -19 37 137 294 406 179 -228 -419 -206 121 143 -205 -515 -472 -191 -18 -128 -311 -324 -159 -21 -24 -88 -68 21 80 55 12 38 100 114 47 -26 -26 16 15 -50 -123 -129 -104 -91 -122 -162 -167 -130 -108 -110 -125 -111 -76 -45 -45 -55 -33 -13 7 -5 -15 -16 -2 -5 -21 -37 -45 -45 -47 -66 -79 -86 -88 -86 -90 -99 -97 -81 -80 -80 -78 -67 -56 -51 -49 -45 -48 -37 -35 -33 -33 -39 -38 -43 -46 -52 -61 -55 -61 -64 -71 -70 -69 -70 -71 -74 -67 -67 -66 -65 -62 -56 -51 -53 -54 -48 -49 -50 -45 -52 -52 -53 -56 -52 -56 -58 -63 -59 -62 -65 -60 -63 -62 -62 -62 -66 -59 -64 -60 -59 -58 -58 -55 -55 -51 -56 -53 -52 -52 -50 -57 -58 -57 -53 -53 -57 -62 -60 -59 -63 -61 -62 -58 -61 -63 -55 -60 -56 -57 -59 -60 -56 -56 -58 -59 -55 -60 -53 -53 -56 -58 -57 -60 -55 -60 -53 -61 -62 -59 -59 -61 -57 -60 -63 -58 -56 -54 -57 -60 -59 -59 -56 -57 -59 -55 -52 -57 -53 -56 153 12895 305 4173
-58 -59 -61 -60 -58 -67 -59 -60 -59 -58 -59 -60 -61 -60 -62 -62 -56 -60 -57 -59 -56 -62 -61 -58 -62 -59 -61 -61 -59 -61 -59 -55 -58 -60 -59 -61 -61 -57 -60 -57 -58 -54 -60 -59 -58 -65 -61 -61 -61 -56 -30 12 101 243 392 279 -125 -401 -306 43 180 -90 -462 -514 -268 -37 -75 -270 -350 -212 -49 -13 -80 -91 -3 75 68 20 21 86 115 63 -16 -34 4 26 -31 -108 -132 -110 -88 -117 -158 -173 -138 -109 -110 -128 -117 -86 -56 -49 -59 -44 -16 8 -1 -14 -16 -10 -3 -13 -36 -47 -41 -48 -65 -80 -90 -86 -84 -89 -98 -100 -95 -83 -80 -76 -68 -62 -52 -49 -50 -42 -35 -35 -35 -38 -37 -44 -39 -45 -51 -54 -56 -66 -63 -73 -71 -74 -71 -78 -75 -75 -71 -67 -63 -60 -58 -60 -56 -55 -50 -49 -48 -52 -53 -50 -48 -49 -53 -60 -58 -60 -59 -61 -61 -63 -32 -113 -20 -85 -46 -72 -54 -68 -58 -62 -60 -60 -59 -56 -60 -54 -57 -56 -58 -58 -58 -61 -59 -58 -60 -58 -58 -56 -59 -58 -62 -59 -63 -63 -61 -65 -61 -59 -60 -59 -60 -62 -59 -62 -54 -59 -56 -56 -58 -61 -56 -66 -57 -64 -58 -62 -58 -62 -59 -57 -60 -60 -60 -62 -58 -58 -57 -58 -59 -61 -57 -56 -58 -61 -56 -55 -57 -57 -57 153 8344 305 4309
-59 -56 -56 -56 -51 -53 -55 -53 -57 -58 -53 -56 -54 -58 -55 -55 -59 -54 -55 -55 -58 -57 -55 -56 -57 -57 -55 -59 -57 -56 -57 -54 -54 -52 -57 -53 -53 -58 -60 -59 -56 -57 -55 -55 -57 -52 -59 -52 -56 -54 -44 -14 45 161 318 396 110 -292 -419 -152 151 114 -265 -532 -430 -146 -13 -154 -324 -300 -128 -11 -35 -85 -52 45 79 35 8 47 110 103 23 -31 -22 25 9 -62 -126 -125 -96 -91 -132 -168 -155 -124 -109 -112 -124 -105 -63 -44 -44 -56 -32 -6 9 -8 -12 -12 -1 -6 -24 -45 -48 -45 -53 -71 -77 -88 -85 -85 -95 -97 -96 -83 -80 -79 -79 -65 -54 -50 -47 -46 -44 -32 -34 -32 -37 -39 -41 -42 -48 -50 -54 -58 -63 -63 -69 -70 -67 -74 -71 -76 -73 -64 -66 -65 -60 -57 -49 -51 -52 -48 -51 -44 -46 -51 -51 -51 -51 -44 -55 -84 -37 -83 -38 -83 -53 -73 -52 -75 -53 -71 -60 -67 -58 -61 -54 -63 -52 -59 -55 -60 -51 -55 -55 -55 -58 -56 -59 -58 -56 -58 -61 -60 -63 -60 -60 -62 -61 -57 -58 -57 -63 -60 -60 -63 -58 -63 -56 -57 -66 -54 -56 -56 -59 -60 -55 -53 -58 -59 -61 -59 -61 -59 -57 -53 -57 -57 -58 -57 -59 -51 -57 -57 -58 -57 -57 -54 -55 -56 -57 -57 -58 -53 -55 152 16155 305 4288
-55 -59 -58 -59 -57 -60 -63 -57 -56 -58 -59 -57 -58 -62 -60 -60 -61 -57 -56 -61 -50 -54 -59 -60 -59 -59 -58 -38 -119 -5 -105 -18 -88 -35 -78 -42 -74 -47 -64 -55 -65 -56 -62 -57 -62 -61 -61 -57 -61 -59 -47 -11 44 154 313 393 128 -272 -418 -170 145 111 -260 -534 -442 -155 -17 -159 -332 -310 -132 -18 -29 -103 -55 33 83 39 10 44 110 107 26 -32 -24 24 12 -59 -127 -125 -102 -93 -132 -168 -158 -127 -106 -115 -126 -106 -68 -44 -47 -51 -25 -9 4 -7 -18 -13 -1 -5 -25 -41 -43 -40 -52 -68 -79 -83 -81 -87 -93 -99 -98 -84 -80 -84 -78 -72 -57 -54 -48 -46 -42 -33 -33 -35 -39 -37 -39 -40 -45 -50 -51 -59 -60 -66 -70 -74 -68 -72 -72 -71 -70 -71 -65 -65 -66 -58 -58 -53 -54 -51 -51 -47 -51 -48 -50 -52 -50 -53 -57 -59 -59 -59 -64 -65 -66 -62 -65 -61 -64 -62 -65 -65 -60 -61 -59 -55 -63 -53 -51 -53 -55 -55 -53 -56 -57 -57 -56 -56 -56 -57 -67 -60 -59 -60 -62 -61 -59 -63 -64 -61 -59 -59 -60 -58 -60 -61 -60 -57 -55 -58 -61 -52 -57 -59 -62 -57 -59 -58 -55 -62 -60 -58 -59 -58 -62 -61 -60 -61 -57 -60 -59 -59 -62 -59 -58 -59 -55 -56 -58 -53 -57 -57 -60 152 11584 305 4328
-57 -56 -59 -59 -55 -61 -56 -55 -59 -56 -57 -55 -60 -54 -57 -56 -55 -50 -55 -56 -57 -58 -58 -55 -62 -58 -57 -54 -63 -57 -56 -57 -58 -56 -58 -58 -57 -63 -56 -57 -56 -55 -59 -57 -58 -58 -61 -54 -60 -51 -24 23 109 253 394 262 -143 -412 -286 60 175 -111 -475 -506 -254 -32 -86 -281 -346 -202 -42 -10 -80 -80 4 77 63 19 26 93 113 59 -14 -35 8 18 -32 -112 -136 -109 -92 -112 -159 -168 -134 -108 -107 -127 -119 -81 -53 -48 -56 -41 -19 7 -7 -13 -17 -6 -3 -12 -37 -46 -48 -49 -63 -80 -88 -89 -86 -87 -97 -94 -86 -81 -82 -82 -68 -56 -52 -51 -49 -44 -38 -34 -35 -45 -36 -38 -41 -46 -51 -57 -59 -65 -62 -69 -69 -70 -71 -74 -71 -72 -67 -69 -63 -62 -61 -58 -52 -55 -49 -50 -47 -51 -47 -56 -49 -51 -51 -53 -58 -58 -57 -63 -60 -65 -64 -64 -60 -66 -65 -61 -57 -59 -57 -62 -56 -58 -56 -49 -54 -54 -52 -56 -54 -53 -56 -54 -57 -54 -57 -61 -56 -59 -62 -64 -66 -58 -61 -59 -62 -60 -59 -60 -62 -60 -58 -54 -55 -56 -58 -56 -56 -57 -56 -58 -58 -58 -59 -58 -62 -57 -60 -55 -61 -58 -56 -56 -62 -58 -61 -57 -61 -59 -66 -61 -60 -62 -58 -55 -57 -56 -57 -57 -57 152 7161 305 4180
-50 -51 -54 -60 -51 -48 -56 -51 -52 -50 -49 -51 -54 -54 -54 -50 -53 -53 -54 -56 -48 -51 -51 -51 -52 -51 -52 -50 -53 -53 -53 -52 -56 -51 -52 -51 -52 -55 -57 -52 -51 -48 -50 -54 -52 -53 -56 -52 -50 -44 -25 16 94 234 383 317 -63 -385 -332 10 195 -35 -421 -525 -303 -41 -49 -245 -340 -221 -53 1 -61 -80 -10 82 79 29 26 89 120 82 2 -29 3 25 -12 -93 -130 -106 -78 -100 -147 -161 -139 -107 -99 -118 -110 -80 -47 -40 -50 -40 -14 9 4 -13 -22 -6 4 4 -19 -35 -43 -45 -50 -62 -74 -75 -85 -87 -90 -86 -79 -77 -77 -81 -74 -60 -52 -44 -45 -41 -36 -27 -26 -29 -31 -29 -35 -39 -41 -51 -47 -55 -60 -67 -67 -61 -64 -63 -69 -66 -63 -63 -61 -57 -55 -51 -52 -47 -48 -42 -44 -45 -45 -42 -43 -44 -47 -48 -51 -52 -55 -55 -56 -58 -57 -57 -61 -63 -57 -58 -58 -54 -55 -49 -52 -52 -50 -52 -45 -48 -51 -49 -50 -48 -49 -52 -50 -55 -55 -52 -52 -55 -54 -57 -54 -51 -57 -55 -57 -54 -53 -57 -51 -47 -52 -50 -50 -50 -48 -52 -50 -54 -49 -51 -53 -53 -51 -55 -55 -54 -54 -57 -58 -55 -56 -53 -52 -53 -51 -50 -52 -53 -51 -50 -55 -52 -56 -52 -54 -52 -57 -52 -55 152 2470 305 4448
-57 -58 -60 -59 -60 -61 -59 -57 -56 -56 -60 -60 -55 -57 -53 -57 -59 -59 -58 -57 -61 -61 -56 -61 -56 -58 -57 -58 -59 -59 -57 -58 -57 -57 -56 -58 -52 -57 -58 -59 -58 -53 -56 -57 -57 -61 -56 -60 -58 -56 -45 -15 37 144 303 403 162 -244 -417 -192 126 128 -223 -523 -459 -176 -10 -134 -319 -318 -147 -16 -26 -91 -66 30 84 49 9 43 110 107 32 -29 -24 19 15 -57 -126 -133 -97 -89 -127 -167 -161 -126 -106 -115 -128 -112 -70 -43 -50 -55 -33 -10 8 -7 -16 -15 -3 -7 -25 -44 -47 -44 -49 -71 -80 -85 -86 -89 -93 -96 -95 -85 -78 -75 -73 -67 -58 -49 -49 -52 -45 -37 -35 -35 -35 -41 -41 -41 -41 -52 -56 -60 -61 -71 -70 -73 -70 -72 -68 -70 -72 -68 -64 -61 -61 -56 -51 -52 -48 -54 -47 -48 -48 -48 -44 -53 -52 -53 -53 -57 -14 -142 8 -110 -26 -92 -40 -80 -47 -71 -56 -68 -58 -63 -55 -56 -57 -61 -56 -58 -52 -55 -52 -49 -52 -57 -56 -56 -54 -60 -62 -62 -60 -62 -63 -61 -61 -61 -59 -62 -59 -59 -58 -57 -56 -55 -55 -69 -46 -60 -58 -60 -60 -60 -57 -59 -55 -57 -59 -60 -58 -59 -57 -54 -62 -59 -55 -59 -55 -57 -51 -53 -53 -55 -54 -58 -52 -57 -53 -57 -56 -53 -58 151 14176 305 4434
-63 -61 -54 -54 -57 -67 -67 -64 -58 -60 -58 -58 -56 -62 -57 -56 -53 -58 -54 -58 -57 -57 -57 -61 -58 -56 -59 -60 -58 -56 -58 -53 -58 -59 -57 -62 -63 -56 -59 -60 -58 -63 -53 -59 -59 -60 -58 -58 -56 -53 -46 36 -36 206 265 433 138 -233 -429 -177 120 132 -236 -525 -462 -175 -21 -138 -314 -323 -151 -19 -30 -89 -63 29 85 51 13 41 103 109 34 -27 -20 17 10 -52 -126 -129 -97 -93 -129 -169 -165 -129 -119 -108 -128 -114 -69 -47 -51 -51 -35 -10 -4 -10 -16 -17 1 -4 -19 -36 -36 -45 -48 -68 -80 -83 -83 -77 -89 -93 -97 -88 -80 -78 -75 -66 -55 -49 -48 -43 -39 -36 -39 -38 -36 -36 -35 -39 -42 -53 -53 -56 -61 -65 -65 -64 -72 -71 -71 -71 -70 -67 -67 -63 -57 -56 -57 -54 -47 -47 -47 -51 -46 -46 -49 -49 -54 -56 -54 -60 -57 -59 -59 -58 -57 -61 -60 -65 -65 -62 -59 -56 -55 -56 -55 -59 -56 -57 -53 -49 -52 -51 -51 -55 -53 -53 -58 -54 -58 -54 -56 -61 -59 -58 -63 -60 -59 -61 -60 -60 -58 -58 -60 -53 -57 -56 -53 -59 -57 -52 -55 -60 -57 -57 -55 -55 -53 -63 -56 -60 -59 -61 -60 -62 -53 -60 -55 -61 -60 -56 -56 -61 -60 -58 -61 -56 -57 -61 -59 -60 -56 -57 -57 151 9581 305 4352
-61 -59 -56 -58 -60 -59 -58 -57 -60 -64 -55 -60 -60 -58 -57 -57 -58 -55 -58 -57 -59 -56 -54 -59 -57 -58 -59 -58 -59 -57 -55 -57 -57 -62 -60 -58 -57 -59 -60 -59 -56 -58 -60 -57 -60 -58 -56 -60 -57 -53 -37 2 72 200 359 358 4 -360 -371 -62 187 25 -374 -542 -361 -85 -32 -217 -344 -264 -85 -5 -52 -96 -31 61 86 31 15 67 118 89 11 -34 -7 29 -3 -81 -127 -116 -89 -100 -145 -171 -149 -115 -103 -119 -123 -91 -58 -48 -53 -44 -22 -3 7 -11 -15 -6 1 -10 -29 -46 -42 -49 -55 -71 -83 -85 -88 -84 -93 -100 -89 -84 -78 -80 -73 -63 -51 -49 -48 -45 -38 -32 -32 -40 -36 -38 -41 -39 -50 -55 -61 -58 -61 -68 -70 -72 -74 -68 -73 -72 -68 -66 -65 -64 -62 -58 -53 -55 -51 -49 -51 -42 -50 -51 -49 -50 -51 -55 -59 -59 -57 -59 -62 -62 -64 -61 -66 -63 -62 -60 -65 -61 -62 -63 -55 -58 -57 -54 -55 -55 -54 -55 -49 -53 -52 -58 -55 -56 -59 -63 -61 -61 -68 -59 -62 -62 -59 -59 -60 -58 -59 -56 -56 -58 -56 -57 -55 -55 -56 -55 -56 -57 -57 -57 -57 -55 -60 -53 -57 -55 -62 -58 -56 -60 -56 -62 -57 -55 -59 -61 -57 -58 -55 -58 -55 -58 -60 -61 -58 -58 -60 -56 -55 151 5025 305 4313
-58 -57 -54 -57 -57 -58 -57 -57 -55 -59 -56 -56 -58 -55 -53 -58 -56 -59 -60 -62 -57 -56 -57 -55 -55 -61 -58 -58 -61 -58 -57 -56 -57 -56 -57 -54 -60 -53 -57 -60 -61 -60 -51 -60 -59 -52 -59 -59 -57 -55 -34 4 76 202 362 352 -12 -366 -367 -43 185 17 -381 -539 -346 -73 -37 -222 -347 -259 -78 -4 -56 -96 -24 61 78 30 21 74 120 84 3 -35 -7 25 -3 -86 -133 -121 -89 -103 -147 -171 -146 -116 -106 -122 -123 -99 -57 -39 -44 -44 -26 -1 5 -10 -18 -11 0 -13 -27 -44 -44 -43 -54 -71 -86 -84 -83 -89 -93 -97 -91 -83 -81 -73 -73 -64 -54 -51 -48 -44 -34 -34 -30 -38 -37 -39 -39 -47 -49 -56 -59 -61 -64 -69 -66 -71 -69 -71 -70 -71 -69 -67 -63 -66 -61 -59 -53 -48 -49 -52 -48 -48 -47 -49 -47 -48 -50 -54 -55 -58 -58 -60 -60 -64 -64 -67 -63 -63 -65 -62 -62 -61 -61 -59 -59 -57 -55 -52 -49 -53 -50 -55 -50 -55 -52 -56 -57 -56 -53 -58 -62 -60 -58 -62 -62 -57 -59 -61 -60 -59 -61 -61 -60 -59 -58 -57 -55 -56 -52 -53 -54 -59 -55 -55 -52 -58 -56 -59 0 -137 -6 -91 -35 -74 -45 -69 -53 -67 -58 -59 -60 -62 -61 -58 -58 -55 -55 -56 -55 -58 -57 -59 -59 151 752 305 4030
-60 -58 -55 -56 -55 -59 -58 -57 -54 -58 -60 -58 -62 -62 -61 -64 -67 -63 -63 -59 -59 -58 -58 -55 -58 -58 -62 -55 -58 -35 -125 -6 -109 -24 -91 -36 -79 -42 -72 -48 -68 -54 -66 -56 -63 -65 -64 -63 -58 -55 -30 6 84 219 376 319 -65 -391 -342 -5 179 -34 -425 -535 -316 -56 -50 -247 -353 -237 -68 -10 -66 -91 -15 63 81 14 19 71 122 69 -2 -37 1 27 -21 -95 -137 -115 -84 -102 -150 -172 -145 -108 -107 -124 -116 -88 -54 -42 -53 -46 -19 4 2 -9 -19 -12 -5 -10 -31 -46 -41 -44 -58 -75 -88 -87 -82 -90 -97 -99 -85 -79 -78 -81 -72 -63 -55 -49 -50 -41 -35 -34 -28 -38 -39 -34 -43 -43 -45 -53 -57 -61 -65 -70 -67 -72 -71 -73 -75 -69 -69 -68 -65 -62 -60 -60 -53 -55 -53 -47 -49 -47 -50 -45 -50 -50 -50 -57 -55 -58 -59 -56 -59 -59 -67 -65 -66 -65 -62 -62 -65 -58 -58 -60 -57 -57 -54 -57 -54 -53 -56 -55 -53 -59 -53 -56 -55 -59 -55 -57 -63 -59 -60 -58 -62 -57 -61 -56 -61 -61 -58 -61 -58 -57 -58 -61 -57 -58 -56 -57 -56 -62 -58 -53 -58 -60 -57 -59 -60 -61 -57 -62 -62 -59 -60 -61 -57 -59 -54 -61 -59 -55 -60 -58 -59 -58 -57 -56 -59 -61 -58 -59 -57 150 12526 305 4367
-58 -58 -61 -58 -55 -58 -57 -54 -55 -58 -61 -60 -58 -54 -59 -62 -57 -57 -60 -60 -61 -59 -56 -57 -57 -57 -58 -55 -59 -59 -58 -56 -56 -62 -56 -59 -62 -61 -60 -57 -56 -58 -58 -63 -58 -61 -60 -59 -61 -51 -27 21 109 249 395 263 -141 -414 -289 54 179 -106 -469 -515 -260 -33 -81 -279 -345 -204 -38 -12 -77 -81 6 77 73 20 22 89 113 59 -15 -37 5 23 -26 -113 -134 -108 -91 -114 -161 -169 -139 -109 -112 -127 -116 -83 -52 -43 -54 -41 -15 -1 -3 -11 -17 -7 -4 -15 -30 -47 -44 -44 -59 -82 -88 -87 -86 -90 -101 -98 -92 -83 -81 -81 -72 -63 -53 -50 -49 -44 -38 -34 -35 -36 -36 -37 -39 -46 -53 -57 -60 -60 -65 -72 -71 -76 -69 -74 -72 -70 -63 -71 -63 -59 -61 -58 -53 -56 -52 -51 -51 -48 -44 -47 -52 -49 -49 -58 -60 -59 -59 -61 -62 -61 -61 -68 -68 -64 -63 -67 -61 -60 -57 -59 -56 -53 -57 -53 -57 -52 -54 -53 -53 -55 -58 -59 -56 -57 -54 -62 -63 -62 -59 -59 -63 -63 -55 -60 -60 -61 -60 -60 -58 -62 -54 -56 -58 -57 -59 -55 -60 -58 -58 -61 -57 -56 -59 -57 -56 -64 -63 -62 -60 -61 -61 -63 -61 -60 -59 -61 -59 -61 -59 -61 -59 -61 -57 -55 -59 -55 -51 -62 -55 150 8189 305 4094
-56 -54 -56 -56 -55 -52 -54 -53 -55 -58 -54 -52 -57 -54 -55 -54 -54 -55 -52 -51 -52 -50 -54 -53 -52 -54 -57 -53 -58 -52 -55 -55 -54 -53 -54 -55 -55 -55 -53 -54 -51 -52 -51 -52 -57 -53 -55 -55 -53 -51 -32 5 78 210 369 349 -11 -361 -362 -42 189 10 -381 -537 -343 -73 -33 -212 -340 -257 -76 -2 -52 -87 -22 68 81 33 18 72 124 88 7 -33 -2 30 -8 -86 -132 -116 -83 -95 -146 -169 -144 -109 -103 -115 -122 -88 -54 -42 -46 -43 -17 7 7 -5 -12 -4 5 -1 -24 -40 -41 -39 -53 -71 -83 -81 -78 -86 -88 -95 -88 -78 -73 -76 -67 -57 -52 -47 -45 -39 -33 -33 -30 -31 -36 -33 -32 -39 -49 -47 -51 -48 -62 -65 -68 -64 -65 -66 -73 -67 -64 -59 -56 -58 -58 -53 -51 -43 -44 -41 -47 -43 -42 -44 -46 -46 -48 -50 -53 -52 -57 -53 -58 -58 -57 -59 -58 -58 -56 -58 -57 -57 -56 -56 -58 -52 -51 -50 -50 -49 -48 -48 -48 -47 -54 -46 -50 -52 -54 -52 -52 -52 -55 -49 -57 -52 -53 -52 -52 -56 -54 -54 -61 -50 -48 -53 -48 -53 -54 -51 -52 -49 -50 -52 -52 -54 -53 -49 -51 -53 -57 -55 -51 -53 -57 -52 -51 -52 -52 -52 -52 -54 -52 -53 -52 -49 -53 -53 -54 -55 -53 -52 -52 150 3974 305 3971
-58 -58 -58 -61 -60 -56 -54 -54 -55 -60 -57 -54 -59 -60 -59 -58 -56 -54 -56 -63 -61 -55 -60 -60 -55 -57 -56 -62 -58 -57 -61 -60 -56 -61 -57 -60 -57 -59 -64 -56 -63 -51 -58 -57 -56 -58 -65 -58 -60 -55 -42 -9 58 168 334 387 77 -306 -403 -125 166 78 -308 -536 -412 -120 -16 -180 -338 -293 -113 -8 -41 -98 -49 50 85 37 10 56 111 105 16 -30 -12 23 1 -73 -133 -126 -91 -97 -136 -173 -153 -119 -106 -103 -126 -94 -61 -41 -50 -52 -26 -5 5 -8 -16 -8 -1 -5 -24 -42 -47 -48 -51 -70 -83 -88 -87 -90 -99 -99 -93 -83 -75 -77 -75 -69 -54 -49 -45 -43 -38 -32 -33 -35 -38 -37 -41 -41 -49 -51 -56 -55 -59 -65 -72 -73 -70 -72 -73 -74 -71 -69 -65 -63 -62 -55 -51 -51 -51 -52 -48 -48 -48 -45 -47 -49 -51 -47 -52 -57 -55 -60 -65 -60 -64 -63 -65 -65 -64 -60 -67 -63 -60 -59 -58 -56 -52 -52 -51 -57 -50 -51 -55 -53 -53 -55 -60 -52 -33 -127 0 -112 -24 -94 -36 -79 -45 -73 -51 -69 -55 -68 -55 -62 -60 -56 -55 -54 -54 -53 -54 -57 -56 -54 -59 -57 -59 -59 -59 -57 -59 -60 -59 -63 -60 -60 -64 -59 -59 -58 -61 -57 -63 -57 -62 -55 -59 -60 -59 -57 -58 -53 -61 149 15519 305 4596
-44 -52 -55 -52 -46 -42 -44 -48 -53 -53 -45 -43 -44 -47 -56 -53 -51 -52 -47 -52 -49 -54 -52 -53 -49 -47 -48 -47 -51 -47 -52 -45 -50 -49 -51 -49 -50 -51 -50 -49 -49 -49 -49 -55 -49 -51 -53 -48 -52 -51 -30 3 71 195 357 377 34 -335 -378 -67 188 54 -347 -531 -369 -86 -16 -199 -337 -265 -88 0 -45 -88 -30 64 85 39 15 72 121 99 19 -29 0 28 5 -73 -122 -113 -85 -94 -137 -172 -143 -111 -101 -111 -118 -89 -56 -41 -48 -38 -17 3 8 -3 -10 -6 6 2 -23 -33 -41 -37 -51 -69 -78 -81 -76 -87 -90 -94 -91 -74 -75 -72 -66 -58 -47 -49 -45 -38 -33 -27 -28 -31 -33 -35 -37 -36 -42 -48 -54 -56 -59 -62 -62 -66 -69 -71 -67 -66 -65 -61 -58 -62 -55 -56 -50 -48 -45 -45 -45 -40 -42 -46 -43 -42 -49 -49 -52 -48 -57 -52 -56 -62 -62 -59 -57 -57 -63 -57 -56 -53 -57 -56 -54 -50 -46 -51 -49 -46 -48 -48 -48 -45 -51 -49 -50 -50 -53 -52 -52 -53 -56 -58 -58 -54 -55 -56 -54 -56 -55 -56 -52 -46 -54 -55 -51 -49 -53 -49 -49 -54 -53 -53 -56 -51 -54 -49 -55 -51 -57 -56 -55 -51 -54 -53 -57 -58 -55 -53 -48 -52 -52 -49 -54 -49 -53 -51 -53 -52 -53 -55 -52 149 11137 305 4139
-59 -59 -56 -58 -61 -57 -60 -60 -56 -59 -57 -61 -56 -62 -62 -61 -60 -62 -57 -60 -61 -58 -57 -59 -58 -59 -57 -58 -59 -57 -57 -55 -56 -61 -57 -59 -59 -58 -56 -60 -57 -58 -58 -57 -59 -59 -59 -57 -60 -58 -42 -17 37 137 299 397 157 -233 -424 -207 121 137 -215 -517 -468 -185 -15 -133 -314 -324 -150 -20 -26 -90 -67 30 83 54 11 40 104 110 43 -26 -25 22 16 -54 -120 -133 -101 -93 -126 -169 -166 -131 -106 -117 -128 -110 -72 -51 -49 -55 -38 -8 8 -3 -17 -13 -3 -2 -18 -43 -46 -46 -51 -70 -82 -91 -87 -83 -96 -99 -97 -85 -82 -78 -76 -69 -58 -53 -49 -47 -41 -33 -36 -37 -38 -41 -43 -40 -45 -48 -56 -62 -61 -67 -71 -71 -72 -68 -76 -74 -70 -72 -63 -62 -59 -59 -59 -53 -50 -50 -49 -49 -47 -52 -46 -49 -52 -52 -53 -54 -61 -39 -129 -1 -112 -28 -100 -43 -86 -46 -77 -55 -68 -58 -64 -55 -62 -58 -58 -53 -55 -57 -54 -56 -61 -57 -62 -57 -57 -62 -60 -65 -60 -61 -63 -62 -60 -59 -63 -60 -60 -60 -61 -59 -58 -60 -64 -55 -62 -57 -59 -62 -57 -59 -55 -59 -59 -56 -58 -58 -58 -58 -60 -56 -57 -56 -63 -58 -57 -61 -56 -61 -60 -55 -55 -55 -59 -57 -57 -53 -52 -54 -56 149 6306 305 4587
-57 -57 -57 -57 -60 -57 -58 -61 -61 -60 -61 -63 -53 -63 -57 -64 -60 -64 -59 -55 -60 -56 -57 -58 -57 -57 -57 -57 -57 -62 -57 -54 -56 -60 -58 -56 -55 -58 -58 -56 -56 -59 -59 -58 -61 -60 -56 -61 -56 -51 -30 8 96 237 385 301 -87 -393 -318 17 185 -58 -444 -525 -302 -41 -55 -256 -347 -226 -50 -5 -68 -88 -7 73 74 23 22 80 122 76 -8 -35 3 24 -24 -97 -136 -109 -88 -108 -159 -169 -141 -109 -109 -125 -124 -86 -54 -44 -53 -39 -16 4 4 -9 -15 -8 -1 -12 -32 -49 -46 -44 -59 -72 -88 -85 -83 -89 -100 -99 -89 -80 -77 -78 -74 -66 -56 -50 -47 -44 -37 -34 -37 -33 -40 -39 -35 -48 -52 -54 -58 -65 -64 -67 -72 -74 -75 -70 -76 -75 -74 -65 -65 -65 -65 -56 -54 -50 -58 -48 -52 -54 -47 -51 -53 -49 -55 -56 -60 -58 -63 -58 -66 -64 -66 -63 -64 -63 -62 -61 -65 -62 -59 -59 -61 -57 -56 -52 -54 -56 -55 -53 -54 -56 -56 -56 -56 -56 -56 -57 -60 -58 -61 -60 -61 -62 -63 -62 -62 -59 -63 -59 -59 -58 -57 -59 -58 -57 -58 -54 -53 -58 -55 -59 -58 -57 -59 -57 -57 -58 -57 -59 -58 -55 -56 -59 -59 -56 -60 -58 -54 -53 -57 -56 -62 -57 -57 -56 -57 -59 -54 -57 -56 149 1711 305 4353
-61 -57 -57 -55 -60 -61 -58 -60 -63 -58 -61 -57 -67 -58 -62 -56 -57 -56 -55 -58 -61 -57 -56 -57 -59 -57 -59 -58 -57 -59 -57 -58 -60 -58 -60 -57 -61 -57 -57 -59 -56 -59 -56 -57 -60 -57 -56 -60 -54 -48 -24 22 103 249 391 264 -133 -411 -303 42 172 -97 -472 -522 -272 -35 -78 -274 -345 -209 -44 -2 -72 -81 -1 80 67 22 27 90 117 63 -16 -33 11 24 -31 -108 -132 -112 -85 -112 -160 -169 -140 -108 -113 -127 -115 -81 -52 -40 -51 -42 -14 6 -1 -11 -15 -8 -3 -14 -39 -45 -44 -50 -64 -76 -86 -82 -84 -85 -98 -96 -86 -78 -77 -75 -70 -61 -52 -40 -45 -43 -41 -28 -32 -32 -36 -38 -37 -46 -49 -51 -54 -60 -25 -100 -58 -63 -74 -66 -77 -63 -73 -61 -66 -53 -61 -53 -56 -50 -56 -50 -52 -52 -50 -48 -50 -52 -49 -53 -55 -56 -57 -58 -60 -65 -61 -64 -62 -65 -67 -63 -64 -58 -59 -57 -53 -61 -51 -60 -55 -52 -54 -57 -55 -53 -56 -50 -55 -53 -55 -59 -59 -58 -57 -61 -60 -56 -60 -56 -57 -61 -56 -49 -58 -55 -52 -54 -51 -53 -57 -54 -54 -51 -54 -55 -53 -55 -54 -54 -60 -54 -55 -52 -57 -52 -57 -57 -52 -57 -59 -57 -58 -52 -56 -53 -57 -53 -49 -56 -53 -53 -55 -59 -60 148 13222 305 4630
-48 -47 -49 -49 -52 -53 -51 -52 -53 -51 -50 -53 -46 -51 -51 -51 -53 -47 -52 -49 -49 -52 -49 -53 -52 -52 -51 -50 -50 -52 -53 -49 -50 -54 -52 -49 -50 -51 -51 -57 -49 -51 -53 -52 -55 -55 -52 -56 -53 -45 -29 12 88 218 373 350 -24 -366 -351 -28 193 8 -392 -532 -329 -62 -34 -225 -345 -242 -66 0 -53 -88 -20 73 87 35 23 76 122 84 2 -26 2 34 -4 -81 -129 -110 -84 -93 -147 -164 -142 -106 -97 -119 -119 -83 -52 -40 -41 -43 -14 11 7 1 -8 1 8 0 -23 -38 -39 -40 -53 -65 -77 -80 -81 -82 -93 -95 -88 -73 -76 -69 -61 -56 -49 -40 -43 -39 -30 -27 -23 -29 -30 -32 -32 -37 -39 -50 -49 -52 -53 -60 -67 -66 -66 -65 -69 -67 -63 -57 -58 -56 -56 -53 -45 -47 -46 -38 -43 -44 -41 -44 -40 -43 -45 -48 -52 -55 -52 -55 -56 -56 -56 -56 -58 -53 -60 -56 -50 -53 -57 -58 -54 -52 -50 -49 -51 -49 -47 -47 -47 -46 -47 -51 -45 -51 -53 -51 -52 -52 -54 -51 -50 -50 -53 -53 -56 -51 -47 -53 -52 -50 -53 -51 -49 -54 -48 -54 -48 -48 -50 -47 -55 -49 -51 -51 -53 -56 -52 -51 -55 -53 -51 -51 -50 -51 -53 -50 -52 -51 -53 -49 -51 -50 -47 -53 -51 -52 -51 -48 -51 148 8524 305 4455
-55 -58 -64 -59 -59 -56 -45 -61 -97 -17 -92 -32 -86 -37 -75 -45 -73 -53 -66 -55 -63 -60 -65 -57 -61 -57 -57 -60 -62 -57 -61 -62 -61 -59 -60 -58 -60 -57 -58 -61 -56 -59 -61 -63 -63 -60 -63 -60 -59 -56 -31 13 93 234 385 299 -97 -401 -318 21 184 -67 -447 -527 -289 -40 -64 -257 -348 -222 -52 -5 -72 -88 -6 76 69 18 25 84 117 69 -4 -32 2 24 -25 -99 -133 -109 -87 -107 -157 -170 -143 -111 -105 -123 -116 -87 -50 -42 -52 -39 -15 0 0 -15 -12 -3 -1 -14 -33 -45 -46 -45 -60 -75 -84 -85 -86 -89 -99 -99 -87 -79 -80 -78 -71 -58 -52 -45 -46 -36 -38 -25 -30 -37 -38 -41 -41 -44 -53 -49 -61 -61 -61 -65 -73 -68 -73 -70 -72 -75 -65 -67 -62 -60 -60 -55 -53 -50 -54 -50 -49 -52 -46 -52 -49 -51 -52 -52 -58 -62 -58 -63 -62 -68 -62 -64 -62 -67 -67 -63 -65 -60 -58 -58 -58 -57 -53 -52 -60 -53 -55 -52 -56 -55 -58 -58 -58 -60 -60 -71 -65 -59 -60 -58 -59 -56 -60 -61 -63 -59 -56 -58 -60 -60 -59 -58 -56 -55 -55 -57 -55 -57 -54 -58 -55 -57 -60 -58 -57 -61 -58 -57 -60 -57 -62 -57 -59 -60 -59 -56 -56 -60 -58 -57 -59 -59 -53 -58 -56 -56 -56 -54 -58 148 4196 305 4085
-52 -52 -52 -56 -50 -58 -52 -53 -57 -56 -52 -52 -50 -53 -53 -51 -56 -53 -55 -49 -52 -53 -49 -53 -53 -52 -53 -52 -49 -52 -53 -56 -54 -52 -55 -51 -51 -51 -54 -52 -52 -53 -53 -53 -50 -57 -48 -52 -55 -50 -38 -12 40 145 297 405 181 -228 -413 -205 127 147 -207 -514 -465 -182 -8 -123 -307 -318 -148 -16 -18 -81 -65 31 94 59 19 41 108 122 45 -21 -17 23 14 -43 -121 -126 -95 -85 -119 -159 -156 -119 -103 -106 -121 -104 -70 -40 -44 -49 -31 -5 9 4 -11 -11 4 2 -14 -33 -40 -40 -43 -64 -79 -82 -79 -84 -88 -96 -88 -79 -69 -72 -72 -63 -51 -41 -45 -45 -33 -26 -26 -30 -29 -35 -34 -31 -37 -45 -48 -50 -56 -61 -65 -66 -67 -62 -65 -67 -67 -61 -56 -56 -54 -54 -48 -49 -43 -43 -36 -45 -40 -36 -46 -44 -45 -47 -45 -50 -50 -51 -53 -58 -58 -59 -56 -57 -54 -60 -54 -54 -54 -49 -51 -51 -50 -51 -50 -48 -51 -47 -49 -51 -45 -49 -49 -48 -50 -53 -56 -16 -129 7 -101 -19 -81 -33 -73 -41 -68 -45 -64 -45 -64 -47 -53 -55 -51 -51 -50 -52 -46 -50 -51 -50 -51 -52 -54 -54 -51 -58 -55 -55 -53 -55 -54 -51 -55 -57 -53 -48 -50 -56 -52 -53 -51 -51 -57 -45 -52 -50 -57 147 16239 305 4097
-54 -55 -59 -57 -57 -57 -59 -61 -56 -59 -60 -60 -58 -57 -56 -58 -59 -53 -55 -55 -57 -58 -56 -55 -54 -55 -57 -57 -54 -57 -53 -59 -56 -54 -56 -57 -58 -59 -58 -60 -56 -58 -57 -56 -53 -60 -57 -57 -54 -52 -43 -13 44 152 314 395 133 -270 -413 -168 147 115 -257 -529 -445 -156 -13 -150 -316 -314 -138 -12 -30 -91 -58 40 85 46 12 47 111 104 31 -31 -19 19 11 -58 -126 -129 -98 -93 -137 -172 -162 -127 -99 -111 -127 -104 -69 -45 -48 -52 -34 -5 7 -5 -17 -14 -3 -7 -25 -41 -46 -46 -52 -69 -78 -85 -82 -84 -95 -101 -96 -83 -79 -82 -78 -72 -54 -54 -52 -42 -44 -36 -32 -35 -39 -44 -39 -47 -45 -54 -53 -60 -62 -65 -69 -73 -75 -74 -75 -74 -72 -65 -67 -67 -61 -60 -53 -54 -50 -51 -46 -50 -47 -49 -50 -52 -55 -54 -56 -60 -60 -63 -65 -66 -65 -61 -72 -66 -66 -66 -59 -62 -57 -61 -57 -58 -50 -58 -53 -52 -55 -56 -56 -52 -52 -58 -59 -55 -55 -60 -60 -60 -59 -64 -63 -65 -59 -63 -60 -61 -57 -61 -56 -60 -56 -60 -55 -56 -58 -54 -56 -55 -57 -61 -60 -59 -59 -60 -57 -61 -57 -58 -58 -62 -61 -58 -56 -61 -60 -61 -58 -56 -55 -58 -59 -57 -60 -59 -57 -59 -56 -58 -57 147 12136 305 3860
-60 -58 -58 -60 -54 -59 -59 -57 -58 -56 -55 -63 -61 -56 -57 -60 -58 -59 -55 -57 -58 -59 -63 -60 -53 -59 -55 -57 -56 -58 -58 -58 -58 -60 -63 -62 -59 -56 -61 -56 -59 -61 -59 -57 -61 -56 -56 -60 -56 -51 -28 16 90 229 384 303 -84 -399 -323 11 182 -51 -440 -524 -299 -53 -62 -258 -349 -225 -56 -10 -68 -89 -12 75 74 22 22 78 123 70 -8 -35 -1 26 -21 -100 -137 -117 -87 -108 -157 -175 -141 -107 -109 -123 -119 -86 -52 -48 -51 -42 -17 6 1 -11 -17 -4 3 -11 -33 -47 -39 -47 -60 -76 -91 -88 -87 -92 -91 -96 -93 -79 -78 -75 -74 -60 -49 -40 -82 -14 -73 -9 -54 -24 -56 -28 -54 -35 -57 -50 -65 -57 -65 -70 -72 -71 -71 -73 -72 -71 -73 -73 -66 -61 -61 -57 -56 -57 -52 -52 -50 -50 -51 -52 -53 -51 -54 -58 -58 -60 -62 -63 -61 -73 -59 -69 -58 -71 -68 -71 -65 -67 -59 -57 -53 -55 -58 -54 -52 -54 -52 -55 -53 -55 -52 -55 -57 -57 -61 -59 -60 -56 -60 -64 -57 -61 -62 -63 -61 -58 -54 -61 -63 -60 -60 -52 -53 -55 -52 -58 -57 -53 -58 -60 -53 -57 -56 -58 -56 -55 -61 -60 -60 -58 -59 -58 -61 -58 -56 -59 -55 -59 -60 -61 -55 -55 -58 -60 -55 -57 -58 -54 -61 147 7603 305 4290
-24 -86 -36 -75 -45 -66 -53 -64 -58 -67 -56 -61 -57 -61 -56 -58 -60 -58 -59 -59 -55 -62 -58 -54 -59 -62 -60 -58 -57 -57 -57 -59 -61 -63 -60 -62 -56 -62 -55 -57 -64 -62 -57 -57 -58 -56 -57 -55 -59 -52 -29 15 88 234 385 300 -93 -399 -322 23 185 -59 -440 -523 -292 -41 -61 -259 -346 -223 -53 -8 -69 -84 -7 74 71 18 26 83 120 65 -11 -33 4 22 -24 -101 -135 -113 -85 -114 -157 -169 -139 -112 -109 -126 -123 -85 -52 -42 -51 -47 -18 0 -2 -12 -15 -5 2 -10 -30 -47 -46 -48 -60 -75 -88 -88 -88 -89 -96 -98 -89 -77 -79 -79 -68 -62 -53 -49 -49 -46 -37 -36 -31 -38 -39 -40 -42 -41 -49 -57 -54 -54 -62 -68 -71 -75 -74 -73 -69 -74 -71 -64 -63 -62 -61 -52 -53 -45 -51 -49 -50 -47 -46 -48 -51 -53 -53 -54 -60 -56 -62 -60 -56 -65 -65 -65 -65 -63 -63 -62 -58 -60 -64 -60 -59 -57 -60 -57 -55 -55 -53 -52 -56 -59 -58 -57 -60 -57 -59 -61 -64 -61 -58 -59 -58 -64 -62 -63 -57 -59 -59 -58 -57 -60 -58 -59 -60 -59 -56 -53 -54 -59 -57 -55 -60 -57 -62 -60 -62 -60 -60 -61 -58 -58 -59 -59 -60 -63 -57 -62 -59 -57 -57 -58 -56 -58 -57 -61 -60 -54 -59 -57 -59 146 14475 305 4403
-61 -63 -60 -60 -63 -58 -55 -57 -60 -58 -57 -54 -56 -59 -58 -58 -55 -57 -56 -56 -60 -61 -57 -59 -61 -60 -58 -61 -59 -62 -56 -57 -58 -60 -55 -60 -56 -58 -60 -53 -59 -55 -61 -49 -57 -72 -42 -80 -38 -68 -30 -13 75 182 361 354 21 -359 -381 -73 177 27 -360 -544 -369 -88 -35 -212 -344 -273 -89 -6 -50 -99 -35 60 80 29 11 66 117 90 8 -37 -5 20 -10 -82 -134 -125 -90 -105 -155 -164 -156 -117 -108 -121 -125 -99 -63 -43 -53 -47 -27 -4 3 -8 -18 -12 -1 -6 -27 -35 -46 -47 -52 -72 -81 -86 -86 -87 -96 -100 -91 -83 -71 -79 -72 -63 -57 -50 -47 -47 -39 -32 -33 -37 -35 -37 -39 -45 -52 -51 -56 -58 -67 -66 -73 -70 -76 -76 -73 -74 -68 -65 -65 -59 -61 -51 -52 -53 -51 -52 -47 -47 -50 -48 -48 -52 -51 -54 -58 -55 -62 -62 -59 -65 -66 -66 -67 -65 -65 -63 -59 -63 -65 -59 -60 -57 -53 -51 -53 -53 -54 -49 -58 -58 -52 -57 -56 -57 -58 -55 -60 -64 -61 -61 -62 -61 -65 -62 -61 -63 -60 -60 -60 -58 -60 -58 -53 -56 -56 -55 -57 -56 -55 -58 -59 -58 -57 -63 -61 -58 -63 -59 -58 -56 -52 -62 -59 -63 -57 -60 -63 -61 -56 -58 -58 -57 -59 -60 -57 -57 -59 -58 -55 146 5328 305 4380
-57 -57 -57 -61 -56 -57 -56 -58 -62 -57 -64 -62 -58 -62 -56 -61 -60 -55 -62 -60 -57 -62 -59 -59 -62 -56 -60 -61 -60 -59 -58 -57 -62 -58 -56 -60 -62 -57 -60 -58 -61 -60 -58 -59 -60 -61 -54 -55 -58 -59 -43 -6 52 169 326 383 99 -295 -405 -140 163 92 -296 -545 -423 -130 -20 -170 -337 -299 -122 -5 -36 -92 -51 44 84 41 10 53 111 100 24 -35 -19 22 5 -68 -128 -128 -95 -95 -136 -172 -161 -124 -110 -117 -129 -104 -66 -49 -50 -52 -35 -4 2 -4 -15 -13 -2 -3 -29 -40 -45 -46 -49 -75 -86 -93 -85 -90 -92 -98 -91 -84 -75 -75 -78 -67 -57 -52 -49 -48 -42 -32 -33 -33 -38 -34 -39 -43 -44 -55 -55 -61 -66 -65 -71 -71 -74 -74 -70 -76 -70 -68 -67 -68 -61 -54 -55 -49 -52 -46 -48 -48 -44 -51 -51 -49 -52 -52 -58 -59 -59 -61 -65 -63 -64 -68 -66 -66 -67 -63 -64 -63 -63 -60 -58 -56 -59 -56 -55 -56 -53 -55 -55 -54 -59 -59 -56 -58 -56 -57 -57 -63 -63 -62 -66 -57 -62 -63 -63 -63 -61 -64 -58 -55 -57 -57 -56 -57 -54 -55 -57 -58 -58 -51 -57 -59 -61 -59 -62 -67 -61 -63 -60 -58 -59 -60 -60 -62 -57 -52 -61 -56 -55 -62 -63 -59 -58 -56 -57 -59 -58 -59 -59 146 750 305 4335
-59 -60 -62 -58 -60 -54 -62 -58 -55 -58 -58 -56 -55 -55 -57 -59 -60 -56 -57 -61 -54 -52 -60 -57 -63 -53 -56 -60 -62 -62 -55 -57 -61 -61 -57 -55 -58 -56 -57 -56 -59 -56 -60 -55 -55 -59 -58 -58 -56 -57 -49 -18 36 137 292 400 177 -231 -420 -205 117 142 -206 -519 -472 -188 -19 -126 -312 -324 -154 -17 -25 -86 -67 24 81 53 13 40 102 112 40 -25 -27 20 13 -43 -116 -134 -99 -91 -128 -166 -162 -128 -104 -112 -127 -109 -74 -48 -48 -52 -37 -8 4 -5 -16 -11 -4 -4 -23 -39 -46 -44 -48 -64 -83 -88 -83 -88 -96 -101 -99 -84 -81 -85 -78 -70 -59 -52 -52 -48 -41 -36 -33 -37 -39 -40 -39 -42 -48 -49 -52 -58 -62 -66 -69 -71 -75 -73 -75 -71 -71 -68 -68 -64 -61 -55 -56 -53 -55 -50 -53 -51 -51 -53 -49 -51 -52 -54 -52 -57 -59 -63 -59 -62 -67 -65 -67 -61 -66 -64 -66 -56 -59 -64 -56 -56 -61 -55 -59 -55 -54 -55 -55 -55 -54 -55 -59 -58 -54 -53 -58 -60 -62 -58 -58 -62 -61 -60 -62 -55 -60 -57 -60 -63 -57 -61 -62 -55 -55 -58 -55 -56 -56 -57 -58 -58 -59 -61 -60 -58 -57 -62 -57 -59 -57 -60 -60 -58 -52 -54 -60 -57 -59 -60 -61 -60 -60 -55 -63 -53 -57 -61 -56 145 12604 305 4287
-52 -60 -60 -60 -58 -60 -57 -57 -55 -58 -57 -59 -59 -59 -56 -56 -60 -59 -57 -58 -57 -54 -56 -57 -59 -56 -62 -58 -59 -57 -56 -58 -57 -57 -59 -57 -60 -55 -56 -57 -55 -65 -54 -55 -57 -58 -61 -56 -57 -50 -26 13 101 234 389 296 -97 -401 -316 22 183 -68 -449 -526 -293 -40 -62 -259 -345 -222 -49 -10 -72 -88 -7 72 69 18 21 83 119 68 -11 -28 19 -31 29 -149 -101 -144 -66 -132 -139 -184 -133 -120 -105 -131 -111 -92 -55 -51 -53 -46 -23 9 -1 -12 -18 -4 3 -12 -35 -46 -48 -47 -61 -82 -86 -89 -87 -88 -97 -101 -92 -84 -78 -82 -69 -65 -54 -51 -51 -48 -37 -39 -36 -40 -40 -34 -38 -45 -51 -51 -56 -57 -62 -67 -69 -69 -68 -72 -72 -68 -70 -66 -66 -64 -57 -56 -50 -53 -51 -45 -52 -46 -46 -47 -48 -49 -53 -55 -56 -57 -59 -62 -61 -61 -63 -57 -62 -62 -66 -62 -56 -54 -60 -60 -56 -57 -56 -56 -52 -55 -53 -49 -54 -58 -54 -55 -55 -56 -54 -56 -60 -58 -58 -61 -57 -61 -56 -58 -61 -60 -59 -57 -59 -55 -57 -55 -54 -58 -55 -53 -55 -57 -54 -59 -55 -57 -58 -57 -61 -59 -60 -58 -57 -55 -54 -60 -59 -57 -58 -56 -59 -60 -60 -57 -59 -56 -58 -55 -59 -55 -60 -59 -59 145 3829 305 3767
-59 -56 -59 -58 -57 -60 -59 -56 -57 -61 -61 -58 -64 -58 -64 -62 -56 -60 -58 -58 -57 -57 -61 -61 -60 -59 -56 -56 -60 -61 -57 -59 -58 -58 -58 -53 -61 -59 -57 -57 -58 -61 -60 -59 -13 -137 6 -102 -25 -80 -26 -34 53 137 312 386 132 -274 -414 -173 147 115 -258 -531 -443 -153 -18 -148 -326 -307 -136 -17 -33 -96 -63 38 83 43 3 47 111 100 27 -36 -20 20 9 -65 -123 -128 -94 -102 -127 -171 -165 -126 -109 -115 -129 -107 -66 -45 -55 -53 -32 -6 3 -5 -16 -12 -3 -1 -21 -40 -38 -45 -52 -71 -77 -91 -86 -89 -98 -102 -90 -84 -78 -81 -78 -68 -55 -48 -47 -50 -37 -34 -33 -36 -38 -34 -36 -44 -43 -48 -60 -57 -62 -68 -73 -71 -69 -73 -76 -71 -67 -73 -67 -57 -63 -56 -52 -52 -50 -48 -51 -46 -49 -48 -51 -50 -53 -52 -54 -62 -60 -58 -64 -62 -65 -64 -61 -65 -64 -65 -63 -60 -61 -58 -57 -56 -55 -49 -55 -55 -55 -51 -57 -55 -57 -57 -54 -60 -57 -58 -58 -58 -59 -58 -59 -58 -58 -60 -60 -64 -60 -62 -59 -61 -57 -60 -55 -58 -57 -58 -57 -57 -54 -53 -51 -55 -59 -58 -57 -60 -62 -58 -60 -60 -60 -59 -58 -60 -56 -63 -58 -62 -60 -57 -61 -59 -59 -60 -59 -62 -56 -60 -58 144 11442 305 3730
-57 -57 -58 -58 -52 -63 -58 -58 -60 -55 -58 -58 -57 -57 -58 -62 -57 -58 -57 -61 -60 -58 -58 -62 -58 -59 -62 -55 -59 -55 -53 -56 -54 -57 -59 -61 -64 -60 -64 -60 -63 -55 -57 -66 -64 -62 -58 -55 -57 -60 -43 0 61 178 340 384 77 -313 -399 -114 168 79 -310 -543 -406 -120 -23 -181 -337 -291 -113 -6 -41 -94 -48 48 82 42 11 59 116 101 20 -33 -12 27 -1 -69 -130 -120 -88 -97 -134 -171 -154 -120 -109 -111 -128 -101 -62 -39 -51 -45 -25 -2 5 -5 -14 -8 2 -3 -20 -43 -41 -44 -57 -73 -79 -82 -83 -87 -90 -95 -88 -79 -76 -74 -71 -60 -48 -44 -47 -46 -37 -31 -30 -32 -38 -36 -39 -41 -44 -45 -53 -57 -59 -62 -68 -67 -69 -69 -68 -69 -63 -65 -64 -60 -59 -55 -51 -49 -47 -50 -46 -43 -44 -46 -44 -46 -50 -49 -52 -54 -56 -57 -56 -67 -61 -60 -65 -59 -57 -62 -59 -59 -61 -55 -57 -52 -52 -52 -50 -54 -55 -48 -51 -48 -50 -51 -51 -52 -55 -59 -56 -55 -57 -57 -53 -63 -56 -55 -58 -55 -58 -53 -56 -53 -52 -55 -49 -35 -95 -13 -93 -26 -77 -33 -68 -41 -68 -47 -58 -51 -57 -51 -61 -55 -56 -57 -59 -53 -55 -55 -55 -55 -53 -53 -56 -54 -52 -53 -56 -54 -52 -51 -54 144 6819 305 4380
-58 -55 -58 -56 -58 -57 -57 -62 -58 -57 -58 -56 -62 -57 -59 -58 -58 -61 -57 -57 -58 -57 -57 -59 -55 -57 -61 -59 -61 -57 -57 -59 -61 -62 -61 -60 -58 -58 -59 -60 -60 -59 -58 -57 -59 -60 -62 -59 -54 -57 -43 -14 47 154 318 391 114 -282 -411 -157 142 105 -269 -541 -433 -146 -17 -155 -333 -301 -127 -10 -39 -93 -60 39 82 39 10 47 112 102 30 -36 -19 18 9 -66 -125 -131 -95 -96 -133 -169 -161 -127 -108 -116 -130 -108 -66 -52 -49 -52 -35 -5 6 -6 -16 -14 1 -3 -23 -36 -48 -44 -57 -74 -82 -89 -86 -85 -90 -104 -96 -85 -77 -79 -75 -65 -56 -46 -47 -49 -39 -35 -35 -36 -39 -40 -35 -43 -44 -52 -53 -56 -65 -66 -72 -73 -73 -76 -72 -78 -70 -69 -65 -65 -61 -61 -56 -51 -52 -53 -49 -48 -49 -49 -51 -53 -48 -50 -51 -57 -62 -59 -61 -61 -63 -62 -67 -63 -63 -64 -64 -62 -61 -64 -56 -60 -58 -52 -54 -52 -52 -56 -54 -55 -56 -59 -57 -61 -57 -61 -62 -64 -59 -62 -62 -61 -59 -57 -55 -59 -58 -65 -55 -59 -58 -56 -56 -58 -52 -60 -55 -55 -59 -59 -63 -54 -56 -57 -62 -60 -62 -58 -57 -58 -65 -65 -58 -60 -57 -65 -62 -56 -60 -59 -56 -57 -57 -61 -55 -59 -57 -58 -57 144 2513 305 4063
-61 -56 -53 -59 -60 -58 -57 -59 -57 -61 -56 -57 -58 -60 -56 -58 -59 -61 -60 -62 -58 -60 -62 -60 -64 -62 -57 -59 -58 -62 -56 -57 -60 -58 -56 -58 -55 -55 -56 -58 -59 -61 -57 -57 -61 -59 -60 -62 -59 -54 0 -71 148 167 419 283 -33 -411 -323 -21 193 -45 -417 -548 -314 -62 -51 -252 -345 -237 -66 -5 -67 -90 -19 67 77 25 17 80 115 73 -8 -38 -3 22 -21 -95 -127 -107 -85 -106 -158 -166 -153 -114 -114 -126 -124 -92 -53 -47 -55 -46 -21 1 1 -12 -16 -12 -1 -9 -27 -44 -46 -41 -53 -77 -87 -86 -86 -93 -100 -97 -88 -82 -77 -79 -71 -61 -51 -48 -48 -44 -34 -32 -34 -38 -37 -35 -44 -41 -49 -53 -60 -58 -61 -66 -68 -68 -66 -72 -72 -69 -71 -67 -67 -65 -58 -60 -53 -53 -49 -48 -52 -49 -45 -47 -51 -51 -53 -52 -57 -58 -57 -59 -58 -63 -66 -62 -66 -65 -64 -63 -59 -63 -64 -60 -57 -56 -56 -56 -54 -55 -56 -53 -54 -57 -55 -57 -55 -60 -59 -56 -61 -61 -61 -62 -60 -57 -64 -60 -61 -62 -61 -58 -59 -61 -59 -57 -57 -56 -54 -59 -55 -58 -56 -59 -58 -61 -59 -55 -59 -61 -61 -60 -64 -61 -57 -62 -60 -56 -58 -58 -61 -57 -58 -61 -57 -58 -61 -58 -62 -61 -56 -62 -59 143 14163 305 4491
-59 -55 -58 -58 -61 -55 -56 -59 -56 -58 -60 -56 -58 -57 -58 -62 -58 -61 -57 -55 -60 -57 -58 -59 -57 -59 -57 -59 -57 -58 -59 -57 -58 -60 -57 -60 -60 -61 -56 -59 -57 -58 -58 -57 -58 -55 -59 -58 -57 -53 -47 -10 35 146 300 400 155 -247 -423 -193 133 131 -229 -522 -457 -170 -15 -138 -319 -318 -148 -17 -26 -89 -64 31 84 49 10 39 103 109 35 -33 -25 19 14 -55 -122 -133 -100 -93 -130 -172 -162 -124 -106 -116 -126 -107 -71 -45 -46 -51 -37 -8 -1 -9 -20 -10 -3 -6 -25 -42 -46 -47 -52 -73 -87 -88 -87 -83 -93 -96 -95 -89 -81 -79 -79 -72 -61 -49 -48 -46 -41 -37 -30 -35 -41 -37 -40 -43 -45 -55 -54 -57 -61 -70 -66 -69 -71 -70 -73 -71 -69 -69 -67 -63 -60 -60 -58 -52 -54 -52 -50 -53 -48 -50 -49 -47 -53 -56 -58 -58 -59 -62 -65 -61 -64 -62 -67 -63 -64 -61 -64 -65 -64 -56 -59 -58 -55 -57 -55 -52 -55 -53 -55 -50 -56 -58 -53 -57 -61 -56 -56 -63 -62 -62 -60 -60 -68 -61 -60 -62 -57 -61 -60 -56 -60 -60 -57 -55 -54 -55 -57 -57 -54 -56 -61 -59 -59 -59 -60 -57 -57 -54 -72 -67 -59 -60 -58 -59 -57 -63 -62 -55 -55 -56 -56 -60 -61 -57 -58 -58 -54 -58 -58 143 4924 305 4177
-51 -53 -56 -53 -52 -52 -55 -55 -51 -50 -54 -53 -55 -53 -53 -51 -57 -55 -53 -55 -54 -56 -51 -53 -55 -53 -52 -56 -54 -53 -54 -53 -55 -56 -51 -52 -50 -51 -53 -52 -55 -56 -51 -56 -55 -51 -51 -54 -52 -51 -43 -12 36 137 299 403 187 -221 -416 -210 122 145 -201 -516 -466 -184 -10 -119 -307 -321 -156 -20 -19 -81 -65 28 88 56 19 43 102 114 43 -22 -21 22 20 -46 -119 -120 -89 -117 -89 -192 -137 -144 -84 -122 -108 -114 -59 -53 -42 -53 -32 -3 10 -3 -15 -9 1 2 -15 -34 -39 -39 -47 -62 -76 -86 -80 -84 -85 -96 -93 -82 -77 -78 -75 -65 -58 -47 -47 -46 -38 -33 -32 -31 -31 -36 -35 -43 -43 -42 -48 -52 -57 -64 -63 -67 -67 -68 -70 -68 -64 -67 -59 -59 -53 -55 -46 -49 -44 -45 -48 -42 -42 -44 -46 -51 -46 -47 -48 -56 -54 -50 -54 -60 -59 -58 -58 -53 -57 -61 -56 -56 -55 -56 -56 -55 -54 -50 -50 -52 -48 -46 -48 -52 -49 -49 -54 -51 -52 -53 -57 -51 -55 -55 -56 -57 -56 -58 -55 -55 -60 -50 -55 -57 -55 -52 -52 -51 -51 -53 -50 -51 -54 -51 -54 -53 -53 -60 -53 -55 -54 -51 -56 -54 -56 -64 -52 -54 -59 -53 -53 -54 -53 -51 -51 -53 -55 -48 -54 -55 -51 -51 -53 143 208 305 4473
-62 -55 -57 -59 -60 -58 -58 -54 -59 -57 -57 -60 -56 -58 -58 -61 -61 -56 -58 -57 -58 -61 -52 -55 -58 -61 -60 -57 -60 -59 -62 -61 -61 -55 -59 -58 -58 -59 -56 -56 -60 -57 -58 -57 -58 -59 -58 -59 -59 -51 -33 10 92 231 382 304 -89 -397 -325 13 184 -60 -437 -525 -296 -43 -63 -266 -346 -227 -54 -8 -64 -88 -11 69 70 23 23 83 119 73 -11 -34 1 24 -11 -97 -132 -113 -88 -107 -158 -167 -138 -107 -109 -128 -121 -85 -54 -41 -56 -45 -16 3 -3 -10 -20 -5 -1 -14 -35 -41 -46 -46 -60 -80 -89 -87 -86 -88 -99 -96 -88 -79 -78 -74 -78 -59 -53 -48 -45 -45 -36 -38 -34 -35 -38 -39 -39 -42 -51 -51 -55 -59 -66 -70 -73 -72 -71 -72 -77 -70 -70 -68 -65 -61 -60 -57 -58 -54 -50 -48 -49 -47 -49 -46 -49 -50 -55 -57 -58 -57 -59 -62 -57 -59 -68 -64 -66 -68 -62 -62 -60 -59 -58 -57 -55 -53 -51 -55 -57 -57 -57 -55 -58 -51 -55 -60 -57 -58 -60 -59 -59 -57 -60 -61 -61 -62 -60 -57 -59 -58 -61 -56 -61 -58 -57 -59 -55 -55 -57 -55 -55 -54 -59 -58 -60 -61 -56 -57 -61 -60 -57 -56 -62 -57 -57 -57 -57 -56 -57 -56 -58 -57 -54 -57 -60 -57 -57 -57 -60 -54 -56 -58 -58 142 12139 305 4210
-49 -51 -46 -54 -49 -53 -51 -52 -48 -52 -52 -4 -124 14 -90 -19 -77 -31 -67 -42 -58 -51 -55 -52 -56 -48 -52 -56 -53 -56 -55 -53 -57 -56 -52 -56 -52 -55 -55 -48 -45 -52 -50 -49 -48 -51 -49 -52 -53 -43 -21 24 105 249 395 292 -109 -399 -301 35 195 -77 -445 -519 -277 -37 -68 -260 -333 -205 -39 -3 -65 -78 6 84 79 25 29 92 124 72 -2 -24 13 36 -17 -98 -131 -106 -81 -105 -156 -163 -134 -104 -105 -121 -112 -75 -44 -37 -45 -37 -8 9 5 -7 -7 3 8 -8 -24 -40 -37 -39 -55 -70 -81 -82 -75 -79 -93 -87 -83 -74 -71 -72 -68 -50 -45 -43 -40 -35 -26 -24 -30 -28 -32 -31 -36 -40 -44 -47 -48 -54 -57 -62 -62 -64 -62 -66 -63 -61 -62 -57 -57 -53 -51 -52 -49 -44 -46 -43 -41 -36 -39 -42 -46 -46 -47 -43 -50 -50 -52 -52 -55 -61 -59 -57 -52 -58 -57 -58 -51 -51 -51 -51 -51 -49 -44 -45 -47 -49 -48 -47 -47 -48 -49 -49 -47 -52 -52 -52 -51 -51 -50 -49 -55 -54 -52 -53 -54 -55 -53 -51 -52 -53 -55 -49 -52 -48 -51 -55 -50 -51 -49 -50 -55 -50 -52 -53 -52 -52 -51 -48 -53 -53 -50 -53 -50 -53 -55 -47 -53 -55 -51 -48 -52 -49 -53 -48 -52 -50 -51 -46 -44 142 7864 305 4032
-60 -57 -57 -62 -58 -54 -58 -58 -59 -60 -60 -58 -61 -56 -62 -60 -55 -57 -60 -61 -63 -56 -56 -56 -57 -59 -57 -57 -58 -59 -53 -58 -59 -58 -61 -58 -59 -58 -56 -59 -64 -55 -60 -57 -58 -60 -57 -58 -55 -56 -37 3 65 193 351 368 19 -347 -379 -79 172 39 -358 -544 -375 -91 -30 -208 -345 -272 -93 -8 -49 -99 -37 56 80 36 14 63 116 88 8 -29 -12 29 -5 -83 -134 -121 -90 -99 -149 -169 -150 -120 -107 -119 -125 -95 -58 -46 -56 -54 -24 -3 3 -10 -21 -12 -3 -8 -25 -45 -45 -48 -57 -77 -87 -86 -85 -89 -96 -101 -95 -80 -77 -78 -77 -61 -57 -51 -46 -48 -40 -34 -38 -35 -37 -38 -41 -44 -51 -58 -56 -63 -65 -67 -73 -69 -76 -70 -73 -72 -68 -71 -71 -63 -62 -58 -55 -55 -51 -53 -49 -50 -50 -45 -51 -52 -52 -50 -56 -52 -59 -61 -64 -62 -65 -64 -63 -67 -65 -63 -65 -63 -62 -59 -59 -57 -28 -76 -47 -47 -66 -47 -62 -47 -66 -48 -64 -52 -62 -54 -61 -60 -62 -63 -66 -60 -61 -62 -60 -65 -57 -60 -60 -57 -57 -61 -57 -55 -54 -59 -56 -56 -55 -58 -61 -58 -62 -62 -58 -64 -60 -60 -68 -60 -60 -64 -62 -66 -60 -62 -64 -61 -60 -55 -60 -54 -59 -62 -67 -61 -56 -64 -61 142 3359 305 4262
-62 -61 -62 -56 -62 -60 -58 -57 -58 -55 -59 -56 -59 -68 -51 -67 -57 -63 -64 -60 -56 -60 -55 -58 -61 -55 -58 -57 -54 -59 -56 -58 -53 -46 -60 -52 -56 -57 -60 -54 -58 -58 -58 -57 -58 -58 -58 -62 -56 -53 -28 20 114 258 396 251 -147 -420 -273 69 173 -121 -481 -508 -250 -29 -84 -282 -343 -193 -37 -12 -80 -83 7 79 67 14 31 93 116 56 -20 -34 12 20 -34 -110 -133 -101 -87 -118 -155 -166 -138 -106 -111 -126 -115 -79 -49 -46 -56 -40 -15 6 -3 -16 -14 -3 -2 -17 -34 -46 -46 -49 -60 -79 -91 -86 -85 -92 -98 -94 -89 -74 -79 -78 -69 -60 -53 -48 -45 -40 -37 -35 -35 -41 -39 -42 -41 -42 -57 -53 -58 -63 -62 -68 -69 -71 -75 -69 -73 -75 -69 -63 -64 -62 -58 -53 -54 -53 -54 -46 -48 -49 -52 -47 -49 -53 -53 -52 -60 -59 -61 -60 -66 -63 -65 -62 -62 -66 -67 -66 -61 -62 -59 -56 -54 -59 -57 -57 -53 -55 -56 -53 -53 -57 -54 -56 -55 -58 -59 -59 -59 -57 -61 -63 -63 -62 -60 -64 -58 -60 -62 -57 -57 -62 -57 -58 -59 -58 -60 -56 -61 -55 -56 -56 -56 -54 -57 -56 -61 -57 -60 -56 -57 -58 -58 -54 -59 -56 -57 -58 -55 -56 -57 -55 -56 -60 -56 -57 -57 -56 -57 -58 -59 141 10575 305 4575
-55 -58 -58 -55 -58 -56 -60 -61 -56 -61 -60 -57 -57 -58 -57 -60 -56 -60 -58 -63 -59 -54 -61 -60 -58 -58 -55 -58 -57 -62 -60 -21 -130 -2 -105 -23 -87 -36 -78 -42 -69 -49 -70 -59 -64 -56 -63 -64 -57 -50 -35 3 75 207 364 347 -24 -373 -364 -36 184 3 -393 -539 -346 -71 -43 -228 -355 -255 -78 -7 -58 -94 -23 63 79 28 12 73 109 85 -3 -38 -9 27 -15 -88 -138 -120 -85 -101 -149 -169 -152 -114 -103 -121 -118 -92 -55 -45 -49 -48 -25 1 5 -9 -19 -11 -1 -10 -31 -42 -44 -42 -57 -77 -87 -84 -85 -89 -99 -96 -90 -81 -76 -79 -70 -64 -53 -53 -46 -47 -37 -36 -30 -40 -36 -40 -42 -46 -48 -54 -52 -57 -65 -71 -68 -69 -71 -75 -74 -73 -70 -66 -61 -59 -61 -55 -55 -56 -53 -53 -45 -46 -49 -50 -52 -48 -53 -53 -55 -55 -58 -62 -58 -62 -63 -64 -67 -64 -61 -59 -60 -56 -63 -59 -58 -61 -51 -56 -54 -49 -55 -57 -51 -58 -53 -55 -64 -58 -59 -63 -55 -62 -62 -58 -63 -62 -62 -59 -58 -65 -61 -62 -62 -58 -55 -60 -55 -60 -57 -60 -57 -58 -57 -60 -57 -63 -57 -60 -57 -65 -61 -61 -55 -61 -57 -61 -59 -57 -57 -58 -56 -60 -54 -58 -56 -55 -58 -60 -52 -60 -59 -60 -57 141 6066 305 4265
-59 -62 -61 -59 -55 -62 -60 -59 -58 -58 -60 -61 -57 -58 -61 -63 -55 -60 -60 -62 -59 -59 -57 -59 -59 -60 -57 -63 -61 -58 -62 -64 -57 -59 -60 -59 -63 -63 -55 -54 -57 -61 -59 -60 -62 -59 -57 -57 -60 -53 -26 18 107 249 392 269 -125 -405 -299 43 177 -94 -467 -515 -268 -38 -77 -276 -346 -206 -43 29 -162 -17 -56 115 35 40 1 100 100 70 -21 -30 2 20 -37 -109 -139 -113 -88 -121 -163 -174 -140 -114 -110 -124 -119 -87 -52 -51 -54 -47 -16 -1 -1 -16 -17 -9 -2 -19 -34 -45 -45 -49 -65 -81 -91 -81 -81 -90 -98 -96 -91 -80 -81 -79 -72 -63 -55 -50 -47 -38 -33 -29 -34 -36 -37 -42 -39 -46 -47 -57 -57 -65 -65 -69 -66 -72 -71 -76 -71 -70 -68 -68 -63 -67 -58 -57 -54 -52 -49 -50 -49 -49 -49 -52 -52 -49 -52 -53 -57 -64 -57 -63 -64 -65 -66 -63 -61 -65 -61 -64 -65 -60 -58 -58 -56 -58 -56 -52 -55 -52 -51 -55 -53 -56 -58 -56 -56 -58 -56 -58 -61 -61 -58 -61 -58 -61 -59 -60 -59 -58 -59 -55 -55 -61 -55 -53 -56 -55 -57 -59 -52 -54 -56 -56 -57 -58 -57 -55 -57 -59 -60 -59 -62 -59 -61 -63 -57 -60 -57 -61 -58 -62 -57 -61 -57 -58 -56 -59 -58 -55 -59 -59 -57 140 8694 305 4173
-54 -59 -60 -61 -58 -60 -60 -61 -58 -59 -55 -63 -61 -57 -59 -55 -62 -57 -56 -55 -60 -58 -56 -56 -61 -55 -58 -57 -56 -60 -60 -59 -58 -55 -59 -61 -58 -57 -62 -60 -58 -64 -58 -59 -63 -60 -59 -59 -59 -54 -34 4 76 213 367 333 -41 -381 -356 -24 184 -11 -407 -538 -331 -66 -47 -232 -349 -246 -68 -6 -61 -94 -24 68 75 23 16 71 122 79 1 -33 -5 27 -14 -95 -137 -117 -86 -102 -153 -174 -148 -112 -105 -121 -127 -90 -57 -46 -50 -45 -25 -4 -2 -13 -20 -8 -3 -10 -34 -43 -45 -43 -63 -78 -88 -85 -84 -88 -99 -100 -89 -82 -78 -80 -72 -67 -55 -50 -52 -46 -41 -36 -32 -39 -38 -41 -43 -43 -49 -56 -55 -62 -65 -72 -74 -74 -75 -67 -72 -73 -70 -63 -66 -62 -64 -63 -55 -54 -47 -49 -52 -45 -51 -49 -51 -51 -55 -53 -58 -61 -60 -64 -63 -61 -60 -66 -67 -67 -51 -54 -60 -61 -63 -61 -55 -58 -56 -55 -55 -51 -50 -53 -55 -57 -56 -58 -57 -56 -59 -63 -55 -61 -64 -64 -60 -63 -61 -60 -60 -60 -56 -60 -57 -57 -59 -55 -57 -57 -54 -62 -55 -61 -57 -55 -57 -60 -57 -57 -59 -59 -60 -58 -55 -59 -62 -58 -62 -56 -60 -58 -61 -53 -63 -57 -57 -63 -55 -58 -61 -57 -59 -57 -57 139 15736 305 4293
-52 -58 -61 -58 -61 -54 -53 -55 -58 -60 -57 -57 -55 -59 -57 -60 -56 -58 -59 -61 -60 -56 -59 -60 -56 -58 -55 -58 -60 -53 -58 -54 -56 -56 -59 -57 -63 -58 -52 -59 -60 -60 -57 -57 -55 -60 -55 -59 -58 -55 -30 6 82 210 368 343 -26 -371 -354 -34 187 -1 -394 -539 -337 -71 -42 -227 -350 -250 -77 -9 -55 -95 -22 65 76 32 20 72 120 83 3 -33 -2 29 -8 -87 -136 -121 -91 -105 -151 -173 -147 -116 -105 -121 -127 -97 -55 -45 -56 -47 -24 -1 3 -16 -16 -5 -4 -10 -36 -45 -44 -42 -58 -73 -87 -87 -86 -92 -99 -97 -93 -78 -79 -72 -77 -64 -56 -46 -48 -48 -40 -32 -34 -36 -39 -42 -39 -44 -50 -57 -61 -59 -63 -67 -73 -71 -76 -73 -66 -73 -66 -65 -66 -62 -59 -60 -58 -49 -54 -51 -49 -51 -50 -51 -51 -50 -51 -56 -54 -58 -60 -60 -62 -63 -62 -62 -67 -64 -61 -66 -65 -60 -61 -59 -56 -56 -57 -59 -55 -54 -54 -57 -56 -57 -58 -56 -56 -63 -60 -61 -61 -59 -61 -62 -61 -59 -62 -59 -60 -56 -60 -60 -57 -60 -62 -56 -59 -60 -57 -55 -56 -60 -60 -59 -60 -60 -61 -60 -58 -62 -57 -59 -59 -59 -56 -58 -60 -58 -59 -56 -59 -61 -58 -57 -56 -57 -59 -57 -57 -58 -56 -57 -59 139 11421 305 4072
-57 -60 -58 -58 -63 -61 -57 -58 -55 -61 -59 -54 -56 -63 -60 -59 -58 -58 -61 -59 -56 -59 -60 -58 -55 -59 -56 -58 -56 -60 -59 -57 -57 -60 -57 -63 -55 -58 -60 -57 -56 -60 -59 -60 -54 -59 -60 -54 -59 -57 -47 -22 35 137 292 401 172 -234 -421 -204 122 140 -212 -521 -467 -184 -18 -128 -318 -322 -153 -20 -22 -89 -67 27 85 50 11 40 103 113 40 -28 -26 21 19 -50 -121 -126 -97 -96 -126 -171 -165 -130 -109 -113 -131 -110 -71 -49 -46 -51 -35 -9 4 0 3 -66 40 -47 7 -73 -23 -61 -36 -83 -73 -97 -80 -93 -91 -104 -94 -94 -80 -80 -77 -71 -61 -53 -50 -49 -40 -37 -33 -35 -37 -37 -41 -44 -47 -53 -56 -59 -61 -71 -73 -73 -74 -77 -71 -72 -73 -72 -64 -63 -69 -58 -59 -58 -51 -54 -52 -49 -48 -52 -47 -55 -49 -51 -55 -57 -60 -60 -60 -62 -65 -63 -61 -65 -64 -66 -61 -64 -59 -61 -60 -59 -56 -58 -53 -51 -55 -56 -53 -56 -55 -52 -53 -57 -54 -58 -57 -61 -60 -56 -58 -64 -62 -63 -57 -60 -57 -60 -57 -59 -61 -58 -58 -57 -55 -57 -58 -56 -58 -57 -55 -61 -58 -58 -56 -59 -57 -58 -60 -59 -58 -58 -56 -59 -55 -63 -57 -59 -58 -55 -54 -56 -53 -56 -55 -58 -56 -57 -60 139 6847 305 4330
-54 -53 -59 -56 -56 -58 -59 -57 -60 -57 -60 -61 -61 -61 -58 -58 -56 -59 -63 -57 -57 -59 -58 -61 -60 -63 -58 -57 -58 -58 -58 -59 -61 -56 -55 -59 -61 -56 -59 -60 -56 -62 -57 -60 -62 -55 -62 -64 -58 -59 -46 -15 41 152 309 392 129 -267 -414 -174 142 120 -255 -534 -442 -157 -18 -147 -329 -309 -142 -13 -29 -97 -60 35 83 47 8 45 105 111 35 -27 -22 19 15 -60 -126 -129 -95 -90 -134 -173 -160 -131 -103 -118 -130 -109 -71 -48 -51 -56 -29 -5 3 -5 -21 -15 -3 -4 -26 -43 -44 -42 -54 -69 -82 -88 -86 -88 -93 -102 -94 -87 -78 -76 -77 -65 -59 -52 -51 -44 -41 -35 -32 -39 -41 -41 -39 -41 -45 -53 -58 -57 -57 -67 -68 -69 -72 -71 -72 -72 -69 -66 -65 -65 -68 -61 -58 -53 -52 -50 -51 -49 -45 -50 -45 -52 -51 -51 -56 -60 -56 -66 -62 -64 -65 -65 -63 -65 -64 -65 -60 -59 -60 -60 -63 -59 -51 -55 -52 -58 -55 -54 -55 -55 -54 -56 -51 -58 -62 -62 -59 -61 -60 -64 -62 -62 -67 -59 -64 -64 -60 -57 -58 -58 -60 -59 -56 -57 -57 -58 -60 -58 -55 -55 -61 -56 -57 -63 -54 -60 -61 -58 -60 -61 -59 -59 -57 -59 -57 -61 -60 -59 -57 -59 -58 -55 -59 -59 -59 -51 -56 -59 -55 139 2649 305 3955
-58 -58 -57 -57 -63 -56 -58 -56 -59 -57 -57 -58 -55 -58 -58 -60 -57 -60 -61 -60 -57 -59 -57 -61 -60 -57 -59 -58 -59 -57 -57 -59 -59 -57 -62 -57 -59 -57 -58 -61 -53 -58 -59 -58 -57 -61 -57 -57 -54 -55 -38 -4 60 180 338 383 59 -320 -395 -112 170 69 -328 -545 -400 -117 -24 -184 -344 -287 -103 -8 -45 -97 -46 53 84 31 5 60 115 96 13 -33 -11 23 2 -66 -131 -125 -87 -96 -140 -172 -152 -119 -108 -120 -123 -98 -61 -47 -51 -45 -29 -5 1 -7 -8 -13 0 -6 -24 -41 -48 -45 -55 -71 -85 -88 -84 -90 -95 -99 -97 -85 -78 -78 -77 -67 -57 -51 -51 -47 -36 -35 -34 -35 -37 -39 -37 -39 -51 -53 -55 -60 -61 -68 -66 -74 -69 -72 -74 -73 -69 -67 -67 -61 -60 -58 -57 -58 -51 -48 -50 -48 -47 -48 -50 -49 -53 -58 -58 -60 -59 -59 -60 -62 -64 -66 -64 -67 -64 -58 -64 -59 -58 -57 -59 -56 -56 -58 -56 -54 -52 -55 -58 -52 -55 -55 -56 -59 -57 -60 -57 -58 -62 -64 -64 -66 -60 -64 -61 -59 -57 -59 -58 -60 -57 -58 -58 -59 -56 -60 -57 -56 -57 -60 -57 -61 -56 -59 -58 -58 -59 -56 -57 -61 -58 -62 -59 -62 -59 -58 -61 -60 -63 -57 -61 -58 -57 -57 -58 -56 -57 -58 -58 138 9504 305 4514
-59 -57 -59 -59 -58 -60 -55 -56 -57 -60 -57 -60 -54 -55 -61 -57 -56 -56 -55 -58 -54 -63 -58 -61 -59 -59 -60 -57 -59 -57 -55 -57 -59 -58 -58 -58 -61 -54 -58 -59 -55 -60 -55 -55 -62 -58 -61 -56 -54 -54 -31 10 95 229 382 302 -89 -393 -326 10 184 -52 -437 -531 -299 -45 -58 -255 -351 -225 -56 -9 -68 -90 -15 73 73 18 20 80 119 71 -6 -37 3 28 -19 -99 -138 -111 -88 -110 -154 -168 -142 -109 -110 -124 -121 -87 -53 -46 -52 -47 -23 2 6 -15 -18 -4 3 -17 -33 -46 -51 -46 -64 -75 -86 -88 -87 -92 -96 -98 -89 -82 -81 -77 -72 -61 -55 -50 -51 -46 -38 -31 -34 -38 -40 -40 -34 -45 -53 -53 -60 -56 -63 -69 -74 -69 -73 -72 -72 -73 -71 -68 -65 -65 -62 -59 -56 -53 -54 -50 -48 -48 -51 -49 -53 -56 -48 -56 -57 -59 -57 -64 -59 -65 -64 -65 -62 -64 -62 -67 -63 -62 -63 -61 -54 -56 -53 -54 -53 -56 -51 -56 -53 -55 -53 -54 -55 -59 -57 -61 -61 -60 -61 -60 -56 -61 -59 -61 -59 -59 -55 -55 -59 -59 -59 -59 -56 -55 -60 -54 -55 -60 -57 -57 -60 -57 -56 -56 -58 -59 -62 -61 -64 -63 -62 -59 -59 -61 -58 -55 -63 -61 -58 -59 -57 -60 -57 -59 -58 -61 -59 -58 -60 138 4820 305 4441
-58 -58 -64 -60 -60 -60 -57 -65 -65 -58 -56 -54 -61 -57 -57 -59 -56 -59 -56 -54 -56 -61 -52 -59 -55 -59 -59 -57 -63 -61 -61 -60 -61 -57 -55 -57 -61 -62 -59 -55 -57 -55 -57 -60 -57 -55 -59 -55 -58 -53 -32 1 84 216 376 326 -47 -383 -347 -19 185 -14 -410 -537 -328 -62 -46 -240 -345 -245 -70 -5 -59 -90 -17 70 78 26 19 73 118 77 0 -32 0 24 -9 -95 -140 -114 -90 -107 -151 -174 -145 -118 -109 -120 -122 -95 -56 -42 -48 -48 -21 0 3 -15 -19 -13 0 -16 -33 -50 -47 -49 -62 -77 -88 -89 -90 -91 -100 -99 -91 -83 -78 -81 -71 -63 -56 -52 -47 -46 -38 -35 -36 -38 -41 -36 -37 -46 -50 -54 -57 -60 -61 -72 -71 -68 -73 -72 -72 -72 -68 -68 -65 -67 -59 -55 -52 -50 -53 -49 -49 -53 -50 -51 -51 -52 -51 -51 -56 -61 -60 -60 -63 -67 -67 -65 -61 -63 -64 -66 -61 -63 -64 -61 -62 -53 -58 -56 -56 -52 -49 -54 -52 -56 -56 -53 -60 -58 -57 -62 -55 -61 -61 -65 -61 -58 -63 -62 -63 -61 -56 -58 -60 -57 -56 -57 -53 -55 -57 -57 -52 -58 -56 -56 -62 -58 -55 -63 -57 -61 -58 -59 -59 -58 -60 -61 -61 -61 -59 -59 -58 -56 -58 -58 -60 -54 -56 -54 -57 -58 -59 -57 -58 137 11656 305 4631
-58 -56 -59 -58 -56 -58 -56 -58 -59 -60 -60 -57 -58 -57 -62 -62 -59 -60 -62 -59 -58 -60 -56 -58 -59 -56 -75 -60 -56 -57 -57 -55 -56 -58 -53 -56 -58 -51 -60 -57 -58 -55 -62 -57 -59 -56 -60 -58 -55 -56 -39 -12 50 158 321 391 119 -277 -413 -154 155 111 -267 -537 -433 -146 -17 -155 -333 -304 -133 -8 -31 -94 -54 40 85 46 12 53 110 102 27 -35 -18 21 7 -67 -124 -129 -94 -93 -137 -170 -161 -122 -105 -113 -127 -108 -72 -47 -53 -55 -31 -3 3 -7 -17 -11 -3 29 -98 17 -95 -7 -86 -45 -99 -72 -98 -75 -105 -97 -101 -84 -86 -79 -78 -66 -59 -49 -50 -45 -43 -39 -32 -37 -37 -37 -39 -43 -49 -57 -57 -58 -63 -68 -71 -72 -71 -73 -74 -74 -70 -66 -67 -62 -60 -67 -46 -59 -54 -56 -50 -48 -45 -48 -47 -51 -56 -53 -55 -63 -53 -60 -63 -58 -59 -59 -61 -66 -62 -60 -61 -60 -58 -58 -62 -52 -56 -57 -55 -54 -53 -57 -54 -50 -55 -57 -58 -60 -60 -56 -58 -55 -50 -60 -57 -59 -60 -58 -61 -57 -60 -63 -57 -62 -58 -55 -55 -59 -57 -58 -52 -56 -57 -54 -51 -56 -57 -57 -59 -57 -58 -60 -60 -61 -61 -58 -60 -58 -58 -58 -54 -60 -59 -55 -58 -57 -59 -61 -60 -59 -54 -57 -57 137 7486 305 3926
-62 -54 -60 -58 -59 -59 -57 -58 -63 -57 -62 -59 -59 -59 -57 -60 -60 -55 -62 -59 -62 -60 -58 -57 -56 -55 -57 -55 -56 -58 -60 -62 -57 -56 -60 -54 -62 -59 -59 -57 -61 -58 -59 -60 -57 -62 -61 -58 -56 -52 -35 11 92 224 379 321 -67 -387 -335 -2 185 -40 -428 -533 -310 -57 -58 -251 -350 -234 -66 -9 -67 -89 -16 73 74 18 17 74 117 76 -11 -34 -2 26 -22 -98 -137 -113 -91 -107 -157 -171 -142 -115 -115 -122 -122 -90 -53 -48 -56 -46 -22 -1 -1 -16 -20 -7 -3 -13 -35 -44 -50 -46 -61 -81 -89 -82 -84 -88 -99 -98 -91 -86 -82 -75 -72 -66 -58 -51 -45 -44 -43 -33 -31 -33 -39 -43 -40 -46 -49 -57 -60 -61 -66 -73 -70 -72 -76 -74 -77 -69 -70 -71 -61 -62 -61 -53 -57 -51 -54 -55 -46 -50 -51 -48 -52 -53 -51 -55 -57 -60 -63 -62 -64 -63 -63 -68 -64 -63 -67 -58 -63 -60 -62 -60 -57 -56 -57 -56 -56 -55 -55 -56 -56 -53 -57 -58 -61 -58 -58 -59 -62 -58 -64 -62 -64 -63 -65 -65 -61 -66 -62 -60 -60 -58 -57 -56 -57 -58 -56 -59 -56 -59 -53 -58 -57 -56 -61 -59 -61 -58 -59 -60 -58 -59 -61 -60 -59 -56 -60 -59 -60 -59 -56 -60 -61 -59 -59 -59 -58 -62 -59 -59 -66 137 2986 305 4257
-60 -60 -60 -62 -60 -60 -67 -55 -67 -57 -67 -59 -65 -56 -61 -61 -64 -56 -59 -58 -61 -55 -59 -59 -61 -59 -58 -56 -58 -61 -58 -59 -61 -57 -61 -62 -57 -54 -62 -59 -61 -58 -64 -60 -60 -57 -60 -58 -59 -57 -28 15 98 239 387 286 -107 -404 -313 32 179 -71 -455 -523 -286 -38 -67 -266 -345 -222 -53 -9 -74 -89 -6 73 69 18 23 83 114 64 -12 -35 5 21 -23 -103 -137 -107 -94 -115 -159 -173 -144 -112 -112 -126 -120 -85 -41 -43 -48 -47 -19 -4 -8 -17 -14 -9 -3 -15 -33 -46 -46 -47 -61 -81 -86 -91 -88 -90 -99 -98 -91 -87 -74 -78 -70 -67 -52 -50 -46 -44 -39 -34 -33 -40 -39 -40 -40 -47 -53 -56 -59 -61 -63 -72 -72 -71 -73 -71 -73 -73 -73 -72 -67 -64 -61 -60 -56 -53 -50 -52 -53 -47 -48 -51 -53 -50 -51 -56 -57 -66 -61 -58 -65 -62 -68 -63 -68 -71 -68 -65 -61 -62 -59 -61 -60 -55 -56 -53 -56 -57 -55 -55 -53 -55 -59 -56 -58 -60 -61 -57 -66 -58 -62 -61 -67 -58 -60 -60 -62 -59 -58 -61 -61 -55 -60 -59 -60 -57 -62 -58 -59 -58 -58 -55 -60 -61 -56 -60 -61 -58 -62 -56 -60 -61 -59 -58 -64 -58 -63 -59 -57 -64 -60 -62 -56 -57 -57 -61 -60 -57 -57 -58 -59 136 14857 305 4270
-59 -58 -60 -61 -55 -58 -59 -57 -58 -58 -59 -56 -63 -56 -58 -56 -61 -59 -58 -61 -63 -61 -61 -56 -58 -60 -58 -61 -61 -63 -57 -57 -60 -57 -59 -58 -57 -61 -62 -60 -61 -65 -57 -59 -60 -56 -59 -57 -57 -56 -37 -4 65 189 344 368 36 -335 -390 -90 172 54 -341 -542 -385 -104 -26 -193 -346 -280 -100 -5 -51 -99 -41 54 83 34 10 58 113 90 14 -36 -13 27 -4 -76 -135 -121 -96 -98 -135 -171 -159 -120 -104 -119 -121 -100 -63 -47 -57 -48 -28 -5 2 -7 -14 -10 -2 -10 -25 -43 -44 -46 -55 -74 -83 -89 -84 -90 -93 -100 -91 -80 -80 -79 -70 -69 -52 -49 -48 -44 -43 -30 -33 -34 -38 -42 -40 -43 -49 -49 -59 -58 -63 -67 -71 -72 -70 -73 -71 -79 -71 -67 -68 -67 -61 -58 -58 -54 -51 -50 -48 -49 -50 -50 -48 -53 -50 -52 -55 -56 -59 -58 -40 -74 -75 -43 -81 -48 -83 -56 -76 -55 -71 -53 -64 -56 -57 -54 -61 -52 -57 -54 -57 -53 -53 -54 -57 -59 -56 -57 -63 -63 -62 -65 -62 -61 -63 -65 -59 -64 -58 -60 -62 -60 -57 -58 -52 -69 -48 -59 -59 -60 -58 -63 -54 -63 -61 -58 -61 -58 -60 -56 -60 -60 -58 -59 -60 -57 -59 -58 -54 -57 -59 -51 -59 -56 -54 -57 -60 -55 -58 -58 -55 136 10098 305 4516
-57 -59 -54 -58 -57 -61 -57 -57 -63 -53 -53 -57 -64 -58 -59 -54 -58 -60 -56 -56 -53 -54 -60 -57 -59 -57 -60 -59 -58 -60 -58 -61 -61 -58 -58 -61 -57 -56 -61 -58 -57 -58 -56 -59 -57 -62 -61 -58 -59 -51 -30 13 101 235 389 292 -104 -406 -315 27 182 -74 -455 -521 -288 -40 -70 -262 -349 -217 -51 -12 -71 -88 -4 75 68 19 21 83 117 63 -10 -29 2 25 -29 -98 -138 -115 -89 -115 -157 -165 -143 -106 -108 -126 -119 -88 -59 -49 -49 -44 -16 5 -5 -10 -15 -2 1 -13 -35 -48 -49 -52 -63 -79 -90 -85 -87 -91 -99 -96 -95 -80 -81 -81 -71 -62 -51 -50 -48 -47 -37 -30 -32 -35 -40 -41 -40 -42 -53 -57 -56 -58 -63 -69 -73 -69 -77 -74 -72 -73 -71 -65 -62 -61 -59 -59 -54 -53 -47 -49 -49 -48 -47 -51 -48 -52 -55 -54 -53 -55 -60 -60 -61 -60 -60 -68 -68 -64 -67 -65 -62 -60 -57 -57 -55 -59 -54 -57 -56 -54 -49 -57 -53 -54 -58 -58 -57 -58 -60 -61 -58 -58 -59 -58 -62 -61 -65 -64 -61 -64 -57 -55 -59 -59 -58 -60 -57 -56 -57 -55 -56 -55 -56 -58 -57 -61 -55 -56 -59 -58 -57 -62 -59 -59 -61 -59 -57 -59 -59 -60 -57 -58 -61 -60 -62 -58 -53 -56 -60 -57 -54 -54 -56 136 5999 305 3856
-58 -59 -60 -54 -58 -57 -55 -57 -55 -56 -55 -59 -58 -55 -58 -59 -61 -60 -59 -55 -59 -55 -59 -58 -57 -56 -56 -56 -62 -57 -58 -57 -62 -59 -55 -59 -58 -57 -57 -58 -54 -59 -59 -57 -59 -56 -60 -61 -60 -54 -35 12 94 228 384 306 -83 -396 -327 13 185 -46 -433 -527 -300 -46 -57 -256 -345 -228 -57 -8 -69 -88 -8 72 71 23 15 82 117 70 -8 -28 2 24 -23 -99 -137 -110 -87 -111 -157 -174 -144 -113 -106 -124 -120 -88 -57 -48 -49 -46 -15 2 2 -14 -16 -7 -1 -13 -33 -39 -45 -41 -58 -74 -87 -82 -86 -91 -96 -96 -90 -80 -79 -76 -73 -65 -50 -50 -48 -46 -43 -32 -34 -36 -39 -36 -39 -41 -49 -60 -56 -60 -65 -66 -76 -72 -70 -70 -70 -75 -69 -67 -69 -62 -60 -62 -55 -54 -52 -51 -48 -24 -100 -6 -89 -15 -74 -33 -76 -45 -67 -53 -66 -63 -72 -64 -70 -65 -66 -64 -64 -58 -62 -57 -60 -55 -59 -57 -55 -57 -57 -53 -57 -56 -55 -56 -57 -59 -57 -56 -61 -60 -64 -62 -62 -62 -62 -62 -65 -61 -62 -63 -64 -64 -58 -54 -63 -57 -54 -55 -60 -59 -57 -56 -58 -54 -60 -53 -52 -53 -57 -60 -59 -59 -59 -57 -63 -59 -61 -58 -59 -60 -59 -61 -56 -61 -57 -57 -57 -52 -57 -59 -54 136 1588 305 4168
-58 -61 -59 -59 -57 -60 -63 -59 -57 -54 -58 -57 -59 -56 -56 -59 -56 -56 -56 -53 -57 -59 -56 -59 -58 -59 -60 -56 -58 -61 -60 -60 -57 -59 -58 -60 -56 -54 -58 -51 -59 -58 -57 -61 -61 -58 -57 -59 -56 -54 -30 14 93 236 387 296 -97 -396 -319 19 184 -67 -447 -522 -288 -44 -64 -259 -346 -222 -54 -7 -70 -89 -5 76 72 19 22 83 118 71 -7 -33 1 25 -21 -100 -132 -108 -85 -105 -158 -164 -140 -110 -107 -125 -124 -93 -58 -48 -49 -50 -24 -2 -3 -8 -14 -7 -6 -11 -29 -43 -43 -46 -63 -71 -88 -81 -77 -88 -96 -98 -93 -81 -85 -82 -74 -66 -50 -51 -47 -41 -37 -33 -34 -45 -40 -43 -39 -41 -51 -56 -57 -58 -67 -67 -72 -70 -72 -77 -74 -68 -72 -70 -60 -65 -59 -62 -57 -52 -48 -53 -51 -51 -46 -48 -48 -47 -53 -49 -56 -61 -59 -57 -64 -64 -62 -66 -66 -60 -62 -63 -58 -58 -64 -58 -55 -58 -56 -55 -51 -50 -55 -52 -55 -54 -58 -54 -58 -59 -54 -56 -62 -62 -63 -55 -61 -60 -62 -60 -56 -59 -58 -60 -61 -58 -57 -54 -58 -59 -59 -55 -59 -56 -60 -61 -62 -60 -60 -58 -58 -58 -57 -61 -55 -59 -60 -55 -58 -60 -59 -57 -58 -57 -61 -59 -56 -60 -59 -57 -57 -57 -57 -58 -59 135 13269 305 4460
-55 -55 -50 -56 -55 -56 -54 -57 -54 -55 -57 -55 -55 -55 -50 -52 -51 -57 -52 -57 -50 -52 -53 -54 -51 -56 -56 -52 -54 -53 -51 -54 -53 -51 -53 -58 -53 -51 -53 -55 -52 -52 -57 -49 -52 -55 -51 -51 -53 -51 -34 1 67 190 343 378 45 -329 -383 -90 180 59 -331 -536 -384 -95 -23 -194 -330 -278 -98 -6 -39 -88 -35 54 89 40 16 59 119 99 25 -30 -11 28 5 -75 -129 -118 -90 -95 -137 -166 -149 -110 -99 -113 -124 -93 -58 -38 -48 -47 -24 2 3 -6 -9 -8 2 -4 -23 -37 -43 -43 -53 -69 -79 -84 -82 -81 -90 -94 -90 -83 -75 -74 -68 -63 -49 -44 -40 -41 -36 -34 -27 -31 -36 -35 -34 -41 -46 -47 -54 -51 -60 -67 -67 -71 -67 -70 -73 -69 -65 -63 -60 -62 -61 -55 -48 -52 -56 -51 -40 -39 -45 -43 -45 -45 -48 -47 -53 -54 -56 -58 -58 -60 -61 -56 -57 -58 -55 -56 -55 -53 -55 -52 -56 -50 -49 -51 -50 -49 -52 -49 -48 -48 -53 -51 -50 -53 -34 -105 -13 -91 -23 -83 -38 -75 -40 -70 -51 -63 -53 -55 -53 -55 -51 -57 -51 -54 -54 -54 -50 -56 -47 -56 -53 -55 -54 -60 -59 -55 -55 -57 -54 -57 -58 -56 -57 -56 -56 -54 -54 -55 -51 -53 -56 -59 -53 -55 -56 -60 -58 -53 -55 135 8647 305 4378
-56 -53 -55 -56 -59 -56 -60 -57 -57 -62 -56 -58 -60 -58 -60 -58 -56 -58 -59 -57 -56 -64 -58 -56 -62 -59 -60 -57 -58 -57 -62 -57 -60 -62 -59 -58 -59 -57 -58 -60 -59 -57 -58 -58 -54 -54 -67 -55 -63 -61 -37 -13 47 157 318 395 119 -275 -415 -154 150 108 -272 -536 -433 -146 -15 -163 -328 -307 -132 -12 -37 -93 -57 40 84 42 11 45 112 111 30 -33 -16 23 11 -57 -128 -127 -92 -92 -131 -174 -159 -121 -106 -114 -128 -106 -68 -47 -49 -52 -33 -4 7 -3 -16 -11 2 -5 -23 -41 -48 -43 -51 -72 -77 -90 -85 -87 -94 -101 -95 -84 -80 -80 -76 -65 -59 -49 -49 -47 -40 -35 -35 -35 -39 -35 -41 -46 -47 -52 -55 -58 -64 -64 -72 -70 -72 -72 -74 -73 -72 -67 -68 -67 -60 -61 -51 -55 -51 -50 -50 -51 -47 -50 -51 -55 -53 -51 -57 -60 -56 -61 -64 -61 -62 -64 -62 -62 -60 -61 -63 -62 -58 -55 -57 -62 -56 -60 -54 -56 -53 -55 -53 -54 -55 -58 -52 -59 -54 -59 -58 -65 -58 -62 -60 -62 -65 -59 -65 -61 -60 -61 -57 -54 -55 -57 -57 -61 -52 -61 -52 -56 -55 -59 -59 -57 -54 -55 -58 -60 -61 -61 -60 -61 -61 -59 -62 -56 -59 -58 -58 -61 -62 -57 -61 -53 -57 -53 -55 -55 -56 -56 -56 135 3797 305 4607
-57 -53 -53 -58 -58 -53 -32 -119 0 -103 -17 -83 -27 -77 -42 -69 -47 -63 -50 -64 -55 -64 -53 -57 -56 -58 -55 -58 -59 -56 -57 -55 -57 -53 -55 -58 -57 -55 -56 -60 -62 -59 -55 -57 -52 -57 -58 -61 -55 -52 -35 -8 77 199 360 355 2 -354 -374 -63 196 31 -369 -539 -357 -86 -32 -211 -343 -258 -80 -6 -46 -87 -26 66 87 29 19 67 118 90 10 -36 -3 27 -3 -84 -130 -116 -86 -96 -139 -175 -149 -109 -104 -116 -124 -90 -53 -41 -48 -48 -25 1 7 -7 -13 -6 0 -7 -27 -42 -42 -43 -54 -71 -82 -88 -81 -87 -91 -91 -89 -78 -77 -77 -68 -64 -54 -49 -51 -46 -38 -34 -30 -32 -30 -37 -39 -37 -48 -51 -56 -60 -61 -64 -70 -70 -71 -69 -75 -68 -66 -65 -69 -61 -58 -56 -56 -48 -46 -47 -44 -48 -46 -46 -49 -48 -46 -55 -52 -59 -57 -53 -60 -62 -64 -62 -63 -63 -60 -61 -59 -55 -59 -56 -55 -54 -51 -52 -55 -54 -52 -50 -57 -53 -56 -56 -54 -58 -56 -55 -59 -56 -57 -56 -58 -55 -64 -58 -59 -60 -57 -58 -55 -57 -54 -52 -56 -50 -55 -57 -53 -58 -58 -62 -52 -55 -54 -57 -58 -54 -58 -55 -55 -56 -56 -57 -58 -60 -57 -56 -57 -61 -56 -60 -56 -56 -59 -51 -56 -57 -57 -61 -53 134 15556 305 4382
-56 -59 -60 -58 -62 -60 -57 -57 -55 -60 -60 -58 -58 -57 -61 -58 -61 -56 -59 -61 -62 -57 -58 -56 -63 -63 -57 -58 -61 -57 -56 -56 -57 -62 -59 -58 -59 -56 -61 -56 -58 -60 -59 -60 -58 -59 -61 -59 -57 -52 -24 24 113 255 394 258 -141 -411 -288 56 175 -112 -471 -512 -254 -31 -86 -282 -341 -201 -38 -17 -80 -81 2 79 64 16 27 89 114 57 -19 -28 6 21 -36 -113 -133 -107 -87 -116 -161 -168 -137 -112 -113 -123 -117 -76 -51 -45 -53 -47 -15 8 0 -17 -13 -8 1 -18 -34 -45 -47 -45 -64 -78 -86 -88 -85 -89 -96 -101 -90 -78 -76 -80 -70 -55 -52 -49 -47 -45 -32 -37 -34 -39 -38 -34 -47 -43 -52 -57 -55 -61 -64 -71 -71 -68 -71 -76 -70 -75 -71 -66 -66 -66 -59 -55 -55 -56 -51 -52 -50 -50 -46 -47 -50 -54 -53 -52 -55 -56 -62 -65 -60 -67 -60 -64 -65 -65 -68 -67 -63 -65 -60 -59 -54 -60 -54 -54 -53 -56 -56 -57 -50 -53 -57 -5 -144 14 -108 -19 -90 -37 -83 -48 -75 -56 -68 -65 -65 -62 -64 -65 -61 -59 -59 -58 -57 -58 -59 -58 -64 -55 -57 -59 -60 -59 -65 -61 -61 -62 -59 -60 -63 -62 -59 -61 -60 -62 -65 -60 -62 -64 -60 -60 -61 -59 -61 -58 -60 -55 -59 -59 -58 134 11088 305 4225
-59 -56 -57 -58 -58 -59 -58 -53 -58 -60 -58 -58 -59 -61 -57 -60 -56 -57 -56 -57 -58 -57 -59 -59 -59 -61 -55 -60 -56 -59 -57 -57 -60 -59 -60 -62 -57 -59 -55 -58 -60 -65 -54 -57 -57 -57 -55 -57 -58 -55 -33 6 85 221 374 318 -65 -386 -340 -5 183 -35 -423 -533 -316 -57 -53 -243 -345 -244 -63 -7 -66 -87 -17 68 78 23 19 73 115 74 -5 -34 5 23 -18 -96 -137 -113 -89 -107 -154 -171 -146 -112 -110 -124 -124 -88 -52 -46 -51 -47 -19 6 -3 -12 -17 -8 -1 -15 -31 -47 -49 -46 -58 -71 -85 -90 -81 -90 -99 -94 -92 -80 -79 -77 -70 -61 -60 -51 -49 -46 -36 -36 -41 -36 -37 -38 -41 -43 -49 -52 -59 -59 -70 -67 -69 -72 -72 -77 -73 -71 -72 -68 -63 -66 -59 -60 -55 -51 -52 -48 -51 -46 -47 -54 -53 -53 -54 -53 -57 -60 -60 -60 -63 -67 -65 -65 -63 -66 -64 -66 -64 -60 -60 -62 -64 -57 -52 -55 -51 -57 -57 -56 -54 -58 -60 -57 -51 -63 -60 -62 -61 -57 -58 -61 -65 -62 -58 -58 -59 -61 -60 -57 -59 -58 -62 -55 -55 -55 -57 -59 -57 -58 -58 -57 -57 -61 -54 -61 -62 -60 -57 -58 -61 -60 -56 -57 -60 -62 -59 -61 -58 -61 -56 -61 -58 -65 -58 -56 -58 -56 -55 -60 -61 134 6344 305 4501
-50 -49 -46 -51 -51 -48 -51 -48 -49 -49 -52 -51 -51 -55 -50 -47 -50 -50 -52 -52 -47 -53 -52 -52 -50 -48 -53 -46 -53 -48 -49 -49 -48 -52 -48 -54 -49 -54 -50 -50 -48 -53 -51 -52 -51 -52 -49 -52 -45 -45 -17 27 113 253 402 282 -119 -403 -288 57 192 -87 -458 -508 -259 -27 -72 -262 -338 -201 -35 -6 -67 -81 10 89 73 26 32 92 125 71 -12 -28 15 25 -21 -97 -127 -101 -78 -107 -151 -162 -132 -101 -106 -119 -113 -74 -45 -42 -44 -36 -8 13 8 -6 -11 4 4 -8 -26 -41 -41 -42 -58 -69 -82 -79 -77 -83 -93 -89 -83 -72 -71 -73 -65 -59 -7 -100 11 -65 -7 -41 -17 -38 -25 -37 -36 -44 -46 -51 -49 -57 -61 -64 -67 -67 -64 -66 -65 -66 -64 -58 -57 -53 -53 -49 -45 -48 -45 -45 -40 -46 -40 -45 -45 -45 -49 -54 -49 -54 -53 -52 -56 -63 -49 -54 -56 -56 -55 -57 -52 -50 -55 -54 -48 -51 -48 -48 -51 -46 -45 -44 -44 -42 -47 -44 -44 -48 -48 -52 -49 -48 -51 -51 -54 -47 -53 -53 -51 -54 -52 -52 -50 -49 -47 -48 -47 -43 -48 -47 -49 -49 -49 -46 -50 -51 -47 -47 -50 -46 -52 -50 -47 -55 -57 -52 -50 -48 -50 -52 -49 -49 -48 -52 -53 -47 -49 -51 -46 -49 -50 -49 -51 134 1870 305 4231
-68 -54 -60 -60 -66 -57 -64 -56 -60 -62 -59 -59 -57 -61 -62 -55 -56 -55 -55 -58 -58 -58 -62 -56 -57 -56 -55 -60 -56 -59 -59 -59 -60 -59 -60 -60 -58 -61 -63 -57 -54 -56 -54 -56 -56 -53 -59 -61 -57 -57 -48 -18 37 146 309 391 127 -273 -416 -166 143 116 -260 -527 -436 -147 -11 -150 -327 -311 -134 -9 -33 -93 -60 36 80 47 9 47 105 103 27 -33 -21 20 4 -59 -127 -129 -96 -92 -130 -163 -161 -122 -108 -115 -127 -109 -67 -49 -52 -56 -35 -10 4 -4 -19 -12 -2 -3 -25 -41 -47 -45 -52 -68 -85 -84 -85 -90 -92 -96 -94 -83 -83 -79 -76 -66 -56 -56 -50 -49 -41 -33 -37 -36 -37 -36 -37 -44 -45 -51 -58 -58 -59 -68 -71 -71 -74 -79 -82 -72 -76 -72 -69 -69 -62 -58 -59 -54 -55 -53 -50 -49 -51 -48 -53 -53 -47 -52 -56 -55 -58 -61 -61 -66 -67 -67 -62 -66 -65 -60 -67 -58 -65 -58 -57 -53 -54 -55 -54 -57 -59 -53 -53 -53 -56 -59 -58 -56 -61 -59 -63 -59 -62 -61 -62 -62 -62 -60 -56 -53 -61 -58 -57 -61 -59 -57 -59 -58 -60 -57 -55 -59 -55 -59 -56 -56 -57 -57 -62 -62 -62 -60 -57 -55 -61 -58 -61 -61 -60 -59 -56 -55 -59 -61 -62 -54 -56 -60 -57 -59 -59 -60 -60 133 13810 305 4200
-57 -61 -61 -57 -60 -55 -59 -55 -57 -60 -55 -60 -61 -61 -58 -56 -61 -60 -62 -57 -59 -60 -59 -60 -57 -61 -64 -57 -55 -59 -55 -60 -59 -62 -57 -60 -63 -61 -57 -57 -59 -60 -59 -61 -58 -53 -60 -57 -57 -58 -42 -13 48 158 315 395 119 -284 -414 -158 148 107 -251 -520 -435 -148 -17 -154 -336 -308 -133 -15 -33 -90 -55 42 86 45 13 49 110 105 29 -34 -17 24 4 -63 -128 -126 -98 -96 -134 -173 -158 -124 -107 -113 -127 -104 -67 -46 -49 -47 -29 -5 6 -2 -16 -18 -4 -2 -22 -39 -46 -45 -55 -69 -83 -87 -84 -85 -95 -101 -97 -84 -75 -75 -76 -64 -60 -53 -49 -47 -44 -35 -32 -36 -39 -39 -44 -40 -48 -51 -58 -57 -65 -65 -69 -73 -71 -75 -72 -75 -27 -134 -5 -99 -37 -75 -44 -65 -46 -56 -49 -52 -57 -53 -48 -51 -54 -51 -58 -59 -58 -60 -59 -64 -64 -62 -65 -64 -62 -62 -61 -65 -63 -58 -61 -59 -58 -55 -56 -54 -53 -53 -51 -52 -54 -49 -56 -64 -58 -61 -61 -64 -63 -65 -61 -65 -62 -65 -59 -58 -59 -59 -58 -55 -60 -54 -53 -60 -52 -53 -56 -57 -57 -57 -54 -54 -56 -59 -56 -58 -60 -55 -60 -57 -63 -59 -60 -56 -56 -57 -59 -55 -57 -55 -55 -60 -53 -51 -54 -57 -53 -55 -59 133 10065 305 3502
-55 -58 -56 -52 -62 -58 -57 -53 -56 -55 -58 -56 -53 -60 -55 -57 -55 -51 -53 -53 -57 -56 -50 -57 -57 -54 -58 -56 -55 -55 -54 -54 -57 -57 -57 -53 -58 -58 -54 -55 -55 -56 -58 -52 -55 -56 -56 -56 -56 -54 -36 4 67 191 349 365 35 -345 -384 -78 177 47 -346 -542 -380 -97 -27 -197 -344 -274 -95 -9 -48 -98 -41 55 81 40 19 64 119 100 12 -33 -2 26 0 -79 -134 -121 -87 -94 -142 -172 -155 -119 -110 -117 -125 -96 -57 -42 -52 -48 -26 3 4 -7 -20 -6 2 -5 -27 -42 -43 -44 -54 -70 -85 -85 -87 -86 -95 -96 -89 -78 -77 -77 -70 -60 -53 -50 -49 -40 -35 -30 -31 -36 -36 -38 -35 -34 -47 -52 -56 -52 -61 -69 -71 -68 -70 -69 -72 -70 -65 -65 -64 -65 -57 -55 -53 -50 -50 -52 -45 -43 -48 -48 -43 -45 -48 -52 -56 -51 -57 -56 -61 -62 -58 -61 -64 -63 -62 -63 -59 -59 -59 -55 -58 -49 -55 -53 -52 -52 -54 -51 -49 -53 -53 -52 -51 -56 -60 -55 -62 -56 -56 -55 -55 -57 -57 -61 -58 -61 -55 -56 -56 -58 -56 -53 -55 -55 -55 -56 -54 -53 -53 -55 -51 -54 -58 -52 -54 -55 -58 -58 -61 -60 -55 -56 -55 -55 -52 -53 -57 -54 -49 -49 -54 -50 -54 -53 -54 -53 -57 -54 -55 133 5166 305 4656
-59 -55 -58 -56 -57 -58 -62 -57 -58 -59 -60 -57 -59 -58 -62 -56 -42 -70 -57 -51 -70 -49 -72 -51 -68 -54 -69 -57 -65 -57 -67 -57 -62 -59 -65 -62 -59 -55 -63 -60 -60 -58 -57 -56 -63 -57 -62 -62 -59 -59 -37 0 71 200 359 341 -21 -369 -367 -44 185 5 -387 -549 -344 -77 -40 -230 -352 -261 -80 -10 -58 -95 -32 65 81 27 17 69 117 85 2 -34 -1 25 -6 -87 -137 -116 -87 -101 -145 -177 -147 -116 -107 -117 -121 -90 -56 -44 -54 -54 -26 2 2 -12 -17 -9 5 -10 -27 -47 -43 -43 -62 -75 -94 -85 -86 -90 -98 -97 -93 -80 -78 -77 -69 -58 -56 -49 -48 -40 -37 -30 -34 -34 -39 -41 -41 -46 -49 -55 -61 -61 -62 -67 -69 -70 -71 -69 -78 -73 -70 -67 -68 -65 -62 -56 -53 -50 -53 -48 -45 -48 -48 -48 -47 -50 -51 -54 -61 -60 -57 -60 -60 -66 -66 -66 -65 -67 -62 -60 -61 -62 -60 -58 -54 -57 -57 -58 -55 -52 -55 -53 -56 -59 -56 -53 -59 -59 -60 -60 -60 -63 -58 -65 -63 -59 -63 -63 -63 -61 -60 -61 -62 -61 -57 -56 -55 -60 -57 -56 -57 -60 -63 -57 -56 -57 -63 -56 -58 -57 -59 -58 -62 -63 -61 -59 -58 -58 -63 -62 -60 -60 -58 -55 -58 -58 -60 -57 -61 -54 -60 -57 -59 133 389 305 4534
-58 -57 -60 -59 -62 -56 -55 -58 -57 -56 -56 -57 -55 -58 -60 -57 -55 -55 -57 -61 -66 -59 -55 -60 -57 -58 -57 -59 -58 -58 -59 -58 -61 -62 -61 -59 -56 -60 -58 -54 -58 -61 -57 -65 -59 -57 -55 -61 -58 -59 -46 -15 38 148 305 397 145 -260 -418 -184 134 124 -241 -524 -453 -168 -15 -138 -321 -314 -144 -14 -28 -89 -63 31 84 53 10 42 109 110 36 -32 -22 16 14 -57 -127 -132 -100 -90 -131 -171 -165 -124 -105 -114 -130 -104 -71 -47 -45 -53 -33 -9 5 0 -15 -14 -3 -2 -22 -37 -41 -46 -50 -70 -82 -88 -84 -83 -94 -101 -93 -87 -77 -77 -77 -66 -59 -51 -49 -49 -41 -34 -32 -35 -32 -37 -41 -43 -48 -56 -55 -41 -78 -62 -61 -80 -65 -84 -68 -78 -66 -74 -60 -67 -61 -61 -52 -59 -50 -56 -53 -53 -52 -53 -50 -53 -53 -56 -58 -59 -62 -58 -62 -62 -64 -65 -63 -67 -65 -66 -60 -67 -64 -61 -58 -57 -56 -53 -58 -61 -56 -55 -56 -54 -56 -58 -63 -60 -57 -62 -60 -58 -62 -64 -60 -59 -58 -59 -59 -61 -58 -63 -55 -57 -55 -55 -57 -55 -56 -56 -53 -56 -53 -58 -58 -59 -57 -57 -56 -61 -59 -59 -58 -57 -58 -56 -60 -61 -56 -60 -51 -59 -57 -55 -53 -57 -61 -52 -59 -57 -58 -62 -54 132 12142 305 4387
-63 -57 -59 -62 -54 -59 -54 -57 -61 -55 -56 -59 -52 -59 -57 -58 -64 -57 -56 -57 -57 -62 -57 -56 -57 -56 -59 -56 -59 -61 -55 -57 -57 -59 -58 -60 -57 -59 -60 -59 -57 -59 -60 -59 -61 -62 -58 -59 -62 -56 -51 -20 29 128 281 398 205 -201 -423 -235 97 151 -176 -512 -488 -210 -17 -112 -301 -327 -172 -25 -18 -84 -73 15 82 55 10 36 100 114 46 -22 -25 13 18 -41 -119 -131 -105 -89 -122 -177 -178 -138 -112 -115 -125 -107 -76 -49 -47 -52 -41 -12 4 0 -13 -13 -4 -5 -20 -36 -46 -40 -44 -65 -81 -90 -86 -87 -90 -99 -98 -88 -83 -79 -80 -74 -61 -48 -52 -46 -40 -35 -31 -38 -36 -42 -42 -42 -47 -52 -54 -59 -63 -68 -71 -70 -72 -72 -72 -73 -69 -68 -67 -66 -63 -58 -58 -58 -53 -50 -53 -49 -49 -48 -48 -51 -48 -54 -55 -57 -57 -60 -63 -65 -64 -68 -64 -65 -62 -64 -60 -63 -64 -60 -58 -56 -54 -55 -52 -58 -53 -53 -57 -54 -58 -55 -56 -52 -64 -56 -63 -61 -59 -62 -59 -61 -60 -64 -61 -57 -60 -65 -56 -61 -59 -57 -57 -57 -63 -57 -54 -57 -57 -55 -54 -57 -62 -58 -58 -58 -55 -57 -57 -61 -59 -62 -60 -58 -59 -59 -57 -58 -56 -62 -58 -54 -59 -59 -58 -61 -57 -56 -61 132 7324 305 4575
-52 -62 -58 -54 -59 -55 -59 -56 -59 -59 -55 -60 -58 -61 -59 -62 -58 -59 -60 -53 -57 -59 -62 -60 -58 -56 -57 -60 -60 -59 -58 -58 -58 -61 -61 -57 -58 -60 -57 -60 -58 -58 -62 -60 -60 -57 -60 -59 -58 -56 -47 -20 33 128 289 399 186 -221 -423 -223 114 146 -197 -515 -475 -193 -22 -121 -314 -326 -161 -23 -26 -88 -70 23 84 51 11 37 104 115 43 -27 -26 17 12 -49 -126 -133 -100 -92 -122 -162 -156 -131 -109 -115 -133 -115 -77 -53 -51 -55 -40 -9 1 -3 -14 -11 2 -4 -19 -39 -48 -45 -51 -68 -83 -91 -87 -90 -94 -101 -96 -83 -74 -79 -80 -69 -61 -53 -48 -48 -42 -37 -37 -35 -36 -36 6 -95 -2 -71 -39 -65 -56 -73 -68 -75 -72 -81 -73 -76 -75 -67 -68 -69 -64 -60 -55 -52 -53 -53 -50 -49 -45 -51 -48 -51 -53 -55 -57 -58 -60 -66 -60 -65 -67 -69 -66 -67 -65 -67 -60 -63 -65 -62 -62 -59 -63 -60 -54 -56 -61 -55 -54 -54 -56 -57 -54 -55 -58 -56 -58 -59 -56 -61 -60 -63 -59 -60 -58 -57 -60 -60 -55 -58 -57 -59 -56 -60 -57 -57 -58 -54 -53 -55 -57 -58 -56 -58 -57 -55 -59 -59 -59 -54 -57 -59 -59 -61 -58 -58 -54 -62 -58 -57 -57 -61 -61 -60 -57 -55 -55 -53 -56 132 2364 305 4717
-61 -61 -55 -63 -56 -61 -60 -57 -61 -54 -65 -58 -62 -57 -60 -55 -62 -58 -63 -55 -55 -59 -55 -57 -61 -59 -61 -56 -60 -54 -56 -57 -55 -56 -54 -58 -55 -55 -58 -60 -58 -57 -55 -59 -58 -55 -57 -62 -56 -57 -29 1 85 212 363 325 -45 -375 -346 -15 193 -18 -411 -536 -321 -52 -37 -235 -346 -247 -67 -3 -61 -99 -32 60 70 22 23 73 119 83 -4 -36 -3 25 -15 -90 -133 -112 -91 -105 -149 -169 -148 -117 -107 -119 -120 -85 -57 -45 -52 -50 -23 0 5 -14 -17 -8 0 -10 -31 -41 -45 -43 -60 -76 -85 -88 -88 -88 -95 -97 -88 -84 -80 -77 -73 -64 -52 -52 -48 -46 -40 -32 -33 -35 -40 -39 -39 -48 -50 -56 -59 -57 -65 -70 -67 -71 -72 -71 -75 -76 -71 -69 -63 -61 -58 -58 -53 -55 -52 -49 -48 -46 -47 -45 -44 -47 -51 -48 -56 -60 -60 -67 -57 -67 -61 -63 -60 -65 -67 -64 -59 -62 -64 -58 -53 -55 -57 -56 -51 -55 -57 -53 -53 -55 -54 -55 -56 -61 -59 -59 -59 -62 -58 -57 -60 -56 -55 -60 -54 -58 -57 -55 -56 -58 -59 -62 -60 -56 -53 -56 -57 -60 -57 -57 -57 -57 -55 -58 -59 -61 -59 -60 -62 -58 -56 -59 -57 -63 -57 -59 -61 -59 -60 -59 -58 -59 -58 -59 -57 -57 -56 -56 -57 131 14315 305 4190
-58 -57 -58 -62 -59 -59 -57 -57 -60 -58 -59 -56 -58 -63 -58 -58 -58 -60 -59 -61 -59 -59 -62 -58 -60 -57 -59 -59 -60 -63 -57 -54 -59 -55 -58 -61 -65 -61 -59 -60 -56 -57 -62 -59 -57 -61 -59 -57 -58 -51 -37 3 83 210 374 340 -35 -376 -353 -24 183 -8 -401 -535 -335 -69 -44 -229 -352 -250 -68 -6 -57 -93 -22 65 77 27 15 73 117 82 0 -34 0 25 -13 -89 -134 -115 -88 -103 -150 -177 -144 -116 -109 -123 -123 -94 -53 -46 -53 -48 -23 -1 -1 -13 -20 -10 0 -8 -30 -44 -43 -44 -56 -77 -84 -84 -83 -90 -96 -100 -93 -81 -80 -78 -74 -63 -56 -50 -51 -46 -42 -34 -35 -42 -36 -40 -40 -47 -45 -57 -56 -58 -66 -69 -69 -76 -25 -158 1 -118 -35 -94 -45 -75 -49 -70 -52 -62 -53 -58 -45 -53 -50 -52 -52 -51 -55 -58 -54 -59 -66 -58 -61 -62 -64 -68 -63 -67 -69 -64 -65 -67 -63 -62 -54 -59 -59 -59 -57 -51 -53 -51 -65 -53 -57 -57 -57 -63 -60 -55 -59 -63 -63 -64 -61 -57 -61 -61 -58 -59 -58 -58 -57 -57 -56 -54 -53 -55 -56 -54 -54 -54 -57 -57 -56 -59 -52 -57 -59 -57 -59 -59 -58 -61 -59 -56 -59 -61 -56 -55 -58 -60 -58 -61 -57 -58 -60 -57 -53 -56 -59 -58 -55 131 9829 305 4243
-57 -60 -62 -62 -58 -57 -57 -57 -57 -60 -56 -58 -57 -62 -59 -60 -59 -59 -58 -58 -59 -62 -58 -62 -55 -57 -56 -58 -62 -62 -56 -60 -60 -58 -57 -61 -53 -58 -59 -60 -61 -56 -59 -62 -59 -61 -55 -59 -54 -57 -31 8 92 226 381 304 -77 -394 -331 15 184 -51 -437 -529 -301 -50 -53 -255 -348 -234 -62 -9 -67 -90 -12 76 72 22 22 77 114 76 -7 -34 0 22 -23 -102 -133 -111 -88 -109 -155 -175 -145 -115 -109 -126 -120 -91 -55 -48 -53 -47 -21 3 -2 -14 -17 -6 0 -14 -33 -47 -45 -49 -60 -75 -83 -88 -89 -89 -94 -100 -93 -81 -81 -76 -73 -60 -58 -50 -51 -46 -39 -36 -33 -34 -37 -41 -42 -46 -51 -57 -62 -62 -65 -67 -68 -70 -72 -75 -72 -72 -69 -67 -65 -60 -57 -60 -57 -54 -50 -52 -51 -49 -48 -52 -53 -52 -51 -57 -55 -60 -61 -61 -60 -65 -62 -61 -68 -69 -63 -65 -57 -57 -58 -61 -57 -59 -53 -53 -54 -53 -58 -55 -56 -54 -58 -55 -52 -60 -56 -58 -62 -59 -61 -61 -66 -62 -63 -61 -61 -59 -53 -61 -57 -58 -58 -55 -57 -56 -53 -57 -56 -56 -58 -58 -59 -51 -58 -62 -62 -62 -57 -62 -61 -58 -58 -58 -57 -63 -61 -60 -57 -58 -55 -58 -59 -60 -55 -58 -59 -59 -58 -57 -56 131 5477 305 4109
-60 -57 -60 -57 -58 -61 -59 -58 -57 -59 -61 -60 -60 -58 -58 -58 -60 -56 -60 -57 -57 -60 -58 -60 -62 -58 -59 -61 -59 -57 -61 -57 -62 -55 -62 -62 -59 -58 -60 -55 -60 -58 -59 -59 -56 -61 -59 -57 -58 -59 -45 -10 54 170 327 388 87 -302 -406 -133 157 90 -295 -538 -420 -132 -24 -177 -333 -295 -119 -10 -41 -92 -53 44 79 41 12 50 109 103 24 -30 -18 22 6 -67 -127 -126 -90 -91 -140 -170 -158 -121 -107 -119 -124 -105 -68 -44 -55 -49 -29 -4 4 -9 -21 -8 -3 -4 -28 -41 -44 -44 -54 -68 -83 -88 -86 -92 -94 -101 -91 -89 -82 -78 -79 -69 -54 -49 -44 -45 -43 -31 -30 -34 -39 -38 -40 -42 -50 -53 -56 -54 -60 -69 -72 -69 -67 -71 -72 -73 -72 -66 -63 -64 -57 -58 -56 -48 -55 -51 -50 -48 -52 -46 -48 -49 -49 -57 -52 -57 -60 -62 -65 -66 -66 -62 -69 -64 -68 -62 -63 -60 -59 -60 -60 -59 -57 -51 -56 -56 -53 -55 -56 -56 -58 -57 -58 -60 -57 -59 -59 -55 -63 -64 -60 -58 -62 -63 -60 -63 -60 -60 -59 -59 -59 -60 -59 -57 -60 -55 -57 -59 -59 -58 -56 -58 -57 -57 -62 -58 -57 -61 -59 -59 -57 -58 -58 -60 -66 -55 -55 -60 -58 -55 -60 -59 -60 -58 -64 -57 -58 -59 -57 130 8304 305 3959
-56 -58 -64 -59 -57 -61 -57 -55 -59 -58 -57 -58 -60 -58 -59 -57 -62 -60 -57 -60 -59 -57 -57 -62 -60 -58 -57 -56 -61 -59 -57 -63 -56 -58 -61 -61 -57 -58 -63 -54 -61 -58 -58 -57 -58 -56 -57 -56 -59 -55 -31 1 69 196 356 355 5 -358 -378 -62 185 32 -371 -540 -366 -84 -31 -216 -346 -264 -88 -7 -56 -93 -35 57 80 27 12 64 120 83 7 -36 -8 27 -4 -87 -132 -124 -89 -102 -146 -167 -151 -114 -109 -121 -123 -94 -58 -46 -52 -49 -28 0 1 -10 -13 -5 3 -7 -29 -42 -47 -46 -58 -75 -86 -85 -83 -86 -94 -97 -90 -82 -77 -81 -74 -62 -53 -49 -48 -41 -39 -35 -33 -34 -41 -39 -41 -44 -49 -54 -51 -64 -63 -65 -69 -76 -71 -69 -76 -74 -72 -65 -69 -63 -58 -60 -59 -55 -50 -50 -50 -47 -51 -50 -50 -48 -51 -54 -54 -59 -60 -59 -64 -58 -64 -63 -68 -64 -63 -63 -65 -61 -57 -56 -58 -59 -53 -50 -54 -54 -54 -52 -57 -54 -59 -56 -55 -54 -59 -59 -62 -60 -58 -60 -57 -65 -56 -61 -65 -55 -59 -56 -57 -57 -63 -56 -59 -60 -58 -56 -58 -55 -55 -60 -59 -59 -58 -57 -59 -59 -58 -59 -57 -62 -61 -61 -56 -61 -57 -59 -61 -53 -57 -55 -57 -55 -56 -58 -61 -56 -60 -60 -56 129 15243 305 4434
-55 -58 -57 -60 -58 -57 -57 -58 -56 -57 -55 -60 -57 -59 -61 -62 -54 -57 -59 -56 -56 -56 -57 -57 -55 -58 -58 -58 -57 -57 -58 -58 -58 -57 -58 -57 -55 -52 -57 -59 -56 -57 -54 -60 -58 -60 -54 -60 -55 -57 -45 -20 40 143 298 401 167 -243 -417 -197 125 137 -219 -521 -459 -182 -13 -130 -314 -318 -152 -20 -24 -88 -68 28 82 55 12 40 104 112 41 -28 -23 21 16 -51 -119 -130 -97 -92 -125 -166 -164 -126 -104 -117 -123 -108 -69 -44 -49 -46 -35 -7 10 -3 -17 -11 -1 -2 -17 -41 -42 -41 -51 -70 -79 -91 -85 -86 -87 -101 -93 -83 -76 -75 -74 -70 -53 -53 -49 -47 -39 -34 -35 -34 -35 -39 -39 -42 -44 -52 -55 -56 -64 -67 -69 -69 -73 -74 -70 -70 -25 -151 2 -112 -17 -91 -30 -71 -39 -58 -41 -58 -46 -50 -46 -52 -52 -59 -54 -57 -60 -61 -65 -65 -64 -62 -61 -64 -64 -63 -61 -63 -60 -62 -59 -63 -58 -55 -56 -58 -52 -55 -54 -54 -52 -61 -55 -64 -52 -64 -61 -64 -60 -60 -61 -59 -65 -60 -61 -60 -63 -59 -60 -56 -61 -54 -54 -56 -54 -54 -55 -60 -55 -54 -58 -57 -56 -59 -60 -59 -57 -59 -57 -60 -58 -58 -55 -59 -60 -57 -57 -55 -60 -58 -56 -57 -56 -59 -56 -59 -55 -56 -56 129 5395 305 4701
-56 -56 -58 -60 -59 -59 -56 -61 -58 -57 -60 -60 -58 -57 -59 -59 -59 -57 -62 -57 -58 -59 -63 -60 -57 -58 -59 -60 -56 -59 -58 -59 -59 -59 -59 -59 -57 -58 -62 -58 -57 -59 -58 -58 -63 -59 -60 -59 -55 -58 -41 -13 57 172 335 383 73 -309 -404 -120 164 78 -307 -540 -409 -122 -20 -178 -336 -293 -114 -7 -39 -95 -48 45 85 39 17 54 111 100 18 -34 -16 20 6 -69 -130 -123 -98 -98 -137 -174 -154 -124 -107 -119 -123 -104 -60 -45 -48 -53 -30 -7 3 -9 -19 -15 -3 -7 -23 -39 -47 -46 -52 -72 -81 -91 -85 -87 -96 -99 -93 -85 -77 -83 -74 -65 -57 -51 -48 -48 -39 -34 -31 -35 -36 -39 -37 -45 -46 -52 -55 -55 -66 -68 -70 -70 -72 -74 -73 -73 -72 -67 -63 -64 -62 -58 -56 -54 -51 -51 -52 -50 -48 -49 -49 -56 -53 -56 -56 -57 -55 -65 -62 -62 -62 -67 -63 -69 -65 -65 -64 -62 -58 -59 -58 -56 -52 -60 -51 -54 -54 -56 -50 -54 -56 -55 -55 -62 -58 -60 -60 -60 -63 -62 -60 -60 -59 -64 -61 -62 -58 -59 -58 -56 -57 -56 -53 -58 -56 -60 -51 -58 -55 -56 -56 -57 -57 -49 -54 -57 -54 -57 -61 -59 -63 -64 -58 -56 -58 -59 -60 -59 -54 -55 -53 -60 -54 -54 -58 -55 -55 -59 -60 129 1230 305 3922
-59 -64 -59 -61 -61 -60 -58 -58 -62 -60 -60 -57 -70 -59 -63 -56 -65 -62 -60 -58 -62 -60 -64 -57 -57 -59 -56 -58 -59 -59 -57 -53 -57 -63 -57 -56 -58 -61 -57 -57 -61 -59 -60 -56 -59 -61 -56 -57 -60 -57 -51 -22 27 128 279 402 208 -200 -424 -238 100 154 -176 -508 -483 -206 -19 -111 -303 -333 -171 -27 -19 -85 -76 21 87 57 15 36 100 111 47 -26 -30 13 15 -43 -116 -135 -99 -89 -121 -164 -164 -131 -111 -116 -141 -116 -75 -51 -46 -53 -36 -8 7 -6 -16 -14 -5 -6 -20 -42 -48 -49 -54 -67 -82 -90 -84 -83 -94 -103 -96 -86 -82 -79 -77 -72 -63 -51 -53 -49 -38 -35 -33 -37 -39 -34 -40 -42 -48 -54 -57 -62 -64 -67 -75 -69 -69 -73 -74 -73 -71 -72 -64 -69 -61 -57 -56 -49 -51 -51 -47 -51 -49 -51 -50 -50 -53 -57 -53 -58 -61 -67 -62 -64 -65 -67 -66 -66 -61 -66 -64 -66 -57 -65 -61 -62 -58 -57 -55 -57 -56 -59 -57 -52 -53 -59 -57 -55 -60 -58 -63 -59 -56 -58 -63 -64 -57 -57 -61 -59 -61 -60 -55 -56 -60 -62 -60 -53 -58 -60 -55 -56 -54 -58 -58 -58 -58 -58 -59 -61 -57 -56 -59 -55 -63 -59 -58 -61 -58 -60 -56 -57 -59 -57 -60 -56 -58 -59 -56 -58 -60 -59 -58 128 12905 305 4466
-60 -60 -58 -60 -60 -61 -54 -58 -55 -62 -60 -59 -55 -60 -60 -59 -63 -58 -57 -60 -58 -56 -54 -58 -58 -58 -58 -58 -58 -55 -60 -55 -57 -55 -59 -59 -59 -57 -60 -55 -56 -56 -58 -56 -58 -55 -57 -58 -52 -52 -35 7 86 222 379 314 -21 -473 -273 -63 226 -72 -393 -560 -298 -69 -42 -258 -349 -246 -62 -12 -61 -94 -15 67 77 22 15 72 117 73 -6 -36 3 25 -21 -95 -133 -120 -89 -111 -155 -171 -150 -111 -109 -122 -122 -99 -55 -46 -54 -44 -25 -3 2 -9 -19 -6 2 -12 -32 -45 -45 -48 -63 -76 -85 -89 -86 -84 -96 -94 -91 -81 -81 -83 -71 -64 -50 -53 -47 -47 -35 -36 -33 -39 -38 -35 -40 -42 -50 -51 -55 -62 -59 -69 -69 -70 -69 -70 -74 -70 -67 -65 -62 -64 -61 -55 -57 -52 -49 -51 -46 -44 -50 -48 -46 -54 -51 -58 -56 -55 -62 -64 -59 -66 -64 -71 -62 -64 -64 -65 -59 -57 -65 -58 -56 -59 -56 -55 -53 -51 -54 -55 -55 -56 -52 -55 -59 -60 -60 -61 -61 -60 -61 -62 -62 -58 -60 -61 -60 -60 -62 -58 -58 -57 -57 -59 -58 -58 -57 -54 -56 -56 -55 -56 -58 -60 -56 -56 -59 -59 -60 -59 -58 -57 -64 -68 -60 -63 -53 -58 -57 -55 -56 -57 -53 -56 -56 -60 -56 -57 -58 -56 -57 128 8697 305 3965
-56 -54 -57 -60 -60 -59 -58 -58 -57 -58 -58 -59 -54 -52 -57 -59 -61 -56 -57 -58 -58 -60 -58 -59 -56 -59 -55 -57 -57 -60 -55 -61 -58 -61 -60 -62 -59 -55 -55 -57 -56 -61 -58 -59 -61 -61 -58 -60 -56 -51 -28 21 113 257 395 255 -150 -417 -279 63 175 -122 -483 -506 -250 -29 -86 -279 -337 -196 -38 -15 -83 -81 7 76 65 17 27 91 116 58 -17 -29 9 25 -33 -113 -136 -106 -88 -113 -158 -167 -140 -107 -112 -127 -118 -80 -50 -48 -54 -42 -19 5 -4 -19 -17 -5 -4 -19 -36 -48 -47 -45 -67 -79 -90 -88 -82 -89 -96 -97 -91 -79 -79 -78 -70 -56 -50 -52 -46 -44 -38 -35 -38 -42 -39 -40 -43 -45 -47 -50 -55 -60 -63 -66 -67 -73 -72 -76 -73 -72 -72 -70 -62 -64 -60 -55 -52 -47 -28 -118 12 -106 -8 -87 -20 -72 -37 -70 -54 -64 -53 -72 -62 -69 -70 -68 -64 -68 -59 -67 -60 -64 -61 -60 -61 -57 -57 -56 -54 -58 -52 -59 -56 -55 -57 -60 -58 -59 -59 -61 -62 -63 -62 -63 -62 -61 -63 -61 -62 -61 -57 -57 -58 -56 -58 -55 -56 -52 -59 -56 -56 -54 -55 -55 -59 -62 -60 -57 -62 -57 -60 -64 -59 -60 -58 -56 -59 -56 -55 -56 -57 -57 -56 -60 -59 -58 -55 -58 -55 -59 -56 -58 -58 128 4148 305 4306
-59 -57 -57 -61 -56 -54 -58 -59 -57 -55 -59 -58 -56 -61 -60 -61 -62 -57 -57 -56 -57 -57 -58 -57 -56 -58 -57 -58 -60 -58 -58 -57 -56 -56 -60 -58 -57 -60 -59 -57 -57 -58 -57 -59 -51 -51 -60 -58 -59 -58 -45 -5 50 172 330 382 84 -303 -407 -127 162 88 -302 -538 -410 -128 -14 -181 -340 -298 -117 -13 -44 -92 -51 48 81 39 10 53 111 103 16 -35 -16 22 2 -70 -135 -132 -95 -96 -142 -166 -156 -118 -107 -118 -124 -102 -64 -52 -50 -53 -32 -5 -1 -10 -20 -14 -5 -9 -26 -47 -44 -45 -55 -69 -85 -91 -86 -87 -95 -97 -95 -80 -80 -78 -75 -66 -60 -51 -51 -49 -45 -37 -31 -40 -41 -43 -39 -42 -48 -57 -60 -55 -64 -64 -70 -73 -73 -74 -74 -72 -71 -69 -66 -66 -63 -61 -57 -52 -54 -56 -52 -44 -49 -53 -51 -47 -49 -55 -55 -57 -62 -60 -63 -61 -64 -65 -68 -67 -65 -64 -63 -63 -60 -61 -59 -60 -58 -54 -55 -55 -54 -53 -53 -53 -56 -56 -58 -59 -60 -58 -62 -59 -65 -58 -61 -59 -64 -65 -57 -62 -59 -62 -59 -59 -56 -59 -61 -58 -60 -53 -57 -63 -56 -58 -59 -65 -56 -55 -58 -62 -58 -60 -61 -60 -61 -59 -58 -61 -59 -56 -61 -58 -59 -59 -56 -62 -59 -57 -63 -58 -62 -58 -58 127 12347 305 3517
-56 -55 -51 -53 -54 -54 -51 -54 -54 -53 -53 -56 -56 -53 -53 -52 -52 -52 -57 -50 -53 -55 -54 -59 -50 -53 -55 -52 -54 -56 -53 -56 -50 -54 -54 -52 -55 -52 -55 -56 -53 -52 -56 -52 -57 -53 -54 -57 -56 -47 -30 10 87 219 377 339 -40 -378 -343 -20 186 -17 -409 -529 -329 -57 -40 -232 -345 -237 -67 -5 -58 -87 -14 69 79 31 21 78 120 81 2 -33 2 29 -10 -87 -131 -109 -82 -100 -148 -169 -141 -111 -108 -117 -120 -91 -53 -41 -49 -45 -21 55 -85 65 -71 35 -29 18 -50 -28 -52 -37 -65 -61 -86 -82 -86 -84 -97 -91 -89 -79 -75 -76 -73 -60 -54 -46 -49 -43 -39 -37 -29 -31 -38 -38 -35 -42 -50 -52 -56 -57 -61 -72 -68 -75 -66 -76 -71 -73 -67 -67 -68 -59 -62 -57 -49 -56 -53 -47 -48 -47 -44 -44 -45 -43 -51 -49 -55 -55 -57 -61 -55 -54 -61 -57 -59 -57 -62 -61 -58 -55 -57 -54 -53 -53 -50 -50 -48 -49 -49 -46 -50 -50 -54 -49 -56 -56 -55 -56 -57 -51 -58 -52 -59 -58 -57 -58 -58 -52 -58 -50 -49 -55 -52 -51 -54 -51 -55 -54 -52 -50 -56 -49 -53 -51 -53 -52 -56 -57 -54 -55 -58 -53 -55 -58 -56 -55 -52 -55 -55 -56 -53 -51 -54 -56 -56 -51 -54 -56 -55 -52 -54 127 7610 305 4494
-50 -54 -54 -55 -53 -51 -56 -49 -52 -49 -52 -52 -49 -52 -54 -54 -51 -51 -53 -50 -55 -54 -55 -51 -52 -55 -57 -52 -53 -54 -50 -50 -55 -51 -51 -49 -55 -52 -50 -52 -53 -53 -53 -55 -55 -51 -50 -55 -55 -46 18 -63 164 185 428 278 -61 -411 -304 9 194 -57 -431 -530 -289 -42 -56 -255 -343 -223 -48 -5 -62 -89 -5 80 81 28 24 83 126 75 -2 -28 8 32 -16 -94 -132 -106 -82 -104 -153 -165 -138 -106 -108 -128 -111 -80 -49 -36 -49 -39 -9 2 5 -9 -12 -1 6 -7 -28 -39 -36 -35 -55 -70 -82 -75 -75 -85 -85 -88 -81 -70 -73 -72 -66 -53 -48 -42 -40 -34 -26 -26 -29 -32 -26 -29 -32 -36 -38 -45 -47 -51 -59 -58 -66 -65 -64 -70 -72 -68 -60 -56 -58 -57 -56 -49 -49 -46 -44 -44 -39 -40 -44 -42 -41 -50 -43 -48 -54 -50 -54 -53 -52 -55 -59 -56 -59 -56 -58 -57 -51 -56 -55 -51 -55 -49 -48 -48 -46 -49 -49 -50 -49 -47 -51 -52 -52 -51 -50 -48 -55 -49 -53 -54 -56 -53 -56 -52 -52 -55 -53 -53 -50 -46 -46 -49 -51 -50 -50 -50 -50 -53 -48 -52 -51 -52 -50 -52 -52 -58 -54 -54 -55 -52 -53 -52 -53 -54 -51 -54 -56 -49 -53 -50 -51 -51 -53 -53 -51 -51 -54 -54 -55 126 14090 305 4730
-62 -54 -58 -56 -56 -58 -59 -57 -59 -60 -64 -59 -62 -55 -58 -60 -58 -58 -57 -59 -57 -59 -56 -58 -62 -63 -57 -58 -58 -61 -59 -57 -53 -57 -58 -58 -55 -57 -57 -53 -57 -62 -57 -57 -58 -62 -63 -61 -61 -53 -30 20 101 246 392 276 -122 -407 -295 43 177 -86 -461 -520 -273 -35 -78 -271 -349 -210 -46 -11 -74 -84 -3 81 68 17 27 81 116 61 -12 -34 5 25 -31 -101 -137 -110 -90 -116 -157 -166 -139 -111 -108 -129 -116 -81 -55 -44 -60 -43 -16 2 1 -16 -13 -5 1 -15 -39 -43 -48 -47 -66 -80 -90 -81 -87 -92 -97 -97 -87 -83 -78 -80 -73 -62 -54 -50 -48 -44 -36 -34 -30 -41 -40 -36 -41 -45 -51 -53 -54 -55 -69 -71 -67 -71 -73 -75 -74 -70 -67 -63 -63 -62 -65 -59 -57 -51 -52 -49 -49 -45 -47 -47 -50 -51 -50 -55 -60 -57 -62 -62 -63 -64 -61 -65 -67 -64 -66 -63 -63 -60 -58 -61 -59 -61 -56 -52 -57 -54 -53 -56 -56 -56 -55 -52 -56 -56 -58 -56 -59 -61 -57 -62 -62 -63 -64 -64 -61 -59 -65 -8 -141 10 -109 -19 -83 -32 -78 -40 -65 -52 -64 -54 -59 -53 -62 -57 -60 -65 -61 -61 -59 -61 -62 -57 -60 -63 -59 -56 -61 -59 -59 -59 -62 -59 -62 -59 -61 -60 -62 -58 -62 126 9443 305 4404
-58 -59 -58 -59 -60 -57 -57 -60 -62 -60 -53 -57 -59 -56 -62 -58 -59 -56 -60 -57 -60 -56 -58 -53 -62 -57 -61 -57 -60 -60 -56 -57 -60 -55 -56 -60 -59 -61 -56 -57 -57 -61 -59 -58 -57 -56 -61 -58 -57 -49 -24 15 103 250 392 273 -129 -409 -295 50 179 -103 -468 -514 -268 -31 -75 -279 -344 -205 -40 -13 -78 -84 1 74 63 19 24 89 116 64 -13 -32 8 21 -29 -107 -140 -111 -84 -113 -159 -170 -136 -105 -113 -124 -118 -84 -53 -49 -54 -42 -14 4 2 -17 -17 -7 -3 -14 -35 -52 -49 -46 -64 -75 -88 -89 -84 -95 -98 -98 -88 -83 -79 -79 -75 -62 -49 -48 -44 -43 -37 -35 -27 -40 -38 -36 -45 -47 -51 -55 -59 -66 -64 -69 -74 -71 -73 -71 -71 -78 -71 -72 -70 -65 -60 -51 -56 -51 -50 -45 -51 -43 -51 -48 -51 -53 -51 -57 -57 -59 -56 -56 -67 -62 -67 -60 -66 -65 -68 -62 -62 -60 -60 -60 -57 -58 -57 -53 -55 -53 -59 -52 -55 -56 -55 -56 -57 -57 -57 -60 -56 -58 -59 -62 -60 -58 -61 -64 -60 -61 -60 -60 -57 -59 -56 -60 -56 -55 -56 -59 -54 -58 -56 -62 -60 -57 -61 -61 -56 -56 -56 -62 -58 -57 -58 -63 -55 -58 -57 -59 -60 -56 -61 -56 -60 -55 -61 -54 -55 -54 -60 -59 -57 126 4565 305 4635
-58 -57 -57 -57 -62 -58 -60 -58 -57 -63 -62 -58 -58 -54 -57 -58 -57 -60 -60 -58 -63 -56 -60 -62 -62 -61 -58 -59 -61 -61 -55 -62 -54 -56 -61 -54 -55 -57 -61 -62 -57 -51 -53 -58 -57 -60 -57 -58 -61 -58 -37 -5 62 175 336 380 68 -326 -401 -111 169 73 -313 -541 -399 -117 -24 -190 -341 -284 -106 -5 -43 -89 -44 49 81 38 11 55 115 98 18 -36 -16 21 -1 -75 -131 -123 -93 -99 -140 -175 -155 -122 -109 -117 -118 -104 -62 -43 -47 -49 -29 2 3 -7 -14 -11 -2 -2 -27 -43 -44 -46 -49 -69 -41 -161 -19 -125 -61 -122 -72 -100 -66 -89 -75 -69 -54 -58 -53 -47 -41 -39 -38 -37 -48 -39 -42 -45 -48 -52 -56 -59 -64 -63 -70 -75 -73 -71 -74 -75 -71 -72 -65 -68 -59 -62 -55 -54 -54 -52 -51 -51 -55 -52 -49 -58 -53 -56 -58 -58 -63 -61 -61 -60 -65 -65 -61 -64 -65 -66 -58 -60 -60 -57 -55 -60 -53 -55 -57 -53 -54 -55 -52 -54 -54 -57 -58 -54 -53 -59 -54 -58 -59 -64 -63 -62 -62 -60 -63 -57 -57 -57 -55 -57 -55 -59 -56 -59 -59 -53 -57 -59 -57 -55 -56 -59 -62 -59 -60 -60 -58 -59 -60 -58 -60 -58 -59 -61 -57 -61 -60 -61 -57 -60 -58 -55 -58 -60 -55 -56 -59 -57 -57 126 430 305 3891
-51 -54 -58 -58 -56 -56 -53 -61 -57 -56 -57 -59 -56 -57 -53 -59 -56 -57 -55 -59 -55 -56 -57 -58 -57 -57 -57 -58 -53 -55 -62 -54 -54 -54 -57 -56 -54 -55 -58 -55 -57 -57 -55 -62 -61 -57 -60 -51 -56 -56 -38 -10 54 158 317 395 121 -275 -411 -161 150 111 -266 -533 -432 -141 -13 -154 -326 -307 -132 -7 -34 -92 -51 42 84 46 9 52 113 106 30 -34 -18 25 13 -56 -125 -131 -94 -88 -129 -167 -163 -124 -103 -112 -127 -103 -62 -42 -51 -48 -32 -6 8 -3 -16 -11 -1 3 -21 -39 -46 -46 -51 -73 -81 -82 -83 -85 -90 -98 -92 -83 -74 -76 -70 -63 -55 -48 -46 -48 -40 -30 -31 -32 -40 -37 -35 -40 -41 -52 -52 -57 -57 -59 -68 -71 -71 -67 -71 -69 -67 -66 -63 -61 -60 -58 -51 -51 -51 -50 -45 -45 -47 -46 -46 -47 -49 -49 -55 -55 -60 -50 -53 -61 -61 -58 -62 -62 -60 -59 -56 -57 -58 -59 -54 -57 -54 -55 -49 -52 -53 -54 -50 -51 -52 -54 -48 -53 -53 -51 -54 -57 -54 -57 -60 -57 -58 -59 -61 -57 -61 -53 -57 -56 -52 -55 -55 -53 -52 -49 -54 -50 -51 -54 -53 -52 -53 -56 -56 -59 -52 -61 -56 -53 -58 -54 -62 -54 -55 -55 -56 -53 -56 -56 -55 -53 -55 -53 -55 -54 -53 -54 -50 125 12467 305 4104
-59 -61 -64 -63 -65 -62 -67 -59 -50 -48 -50 -58 -63 -59 -48 -45 -52 -14 -128 -1 -88 -25 -75 -50 -77 -59 -66 -53 -60 -55 -60 -63 -60 -61 -60 -58 -57 -59 -58 -61 -56 -59 -56 -62 -62 -61 -60 -57 -56 -50 -27 8 95 231 380 299 -94 -401 -318 13 186 -63 -444 -529 -293 -50 -61 -263 -344 -229 -54 -14 -66 -92 -11 71 66 19 20 80 118 71 -7 -34 2 27 -21 -103 -132 -110 -88 -110 -154 -166 -139 -112 -105 -123 -124 -84 -55 -45 -55 -44 -19 3 0 -13 -19 -7 -3 -16 -33 -43 -43 -51 -63 -77 -84 -89 -82 -89 -99 -97 -89 -83 -81 -75 -72 -64 -52 -51 -52 -43 -35 -35 -32 -38 -35 -32 -40 -44 -54 -54 -58 -61 -63 -69 -72 -72 -78 -74 -73 -70 -68 -64 -60 -64 -57 -55 -49 -51 -48 -54 -49 -46 -45 -50 -50 -50 -55 -55 -57 -61 -58 -58 -61 -60 -61 -65 -58 -65 -63 -63 -61 -61 -61 -58 -58 -55 -56 -57 -52 -55 -51 -54 -57 -55 -53 -57 -54 -57 -58 -58 -62 -58 -64 -62 -60 -58 -61 -62 -59 -60 -62 -59 -64 -58 -55 -56 -57 -55 -56 -53 -55 -61 -55 -59 -55 -60 -55 -59 -58 -61 -63 -59 -57 -58 -59 -59 -57 -58 -59 -59 -58 -57 -57 -53 -58 -58 -61 -55 -56 -57 -57 -56 -60 125 8076 305 4148
-53 -54 -54 -49 -51 -55 -48 -46 -59 -35 -60 -45 -45 -50 -47 -59 -48 -58 -44 -51 -52 -47 -51 -48 -50 -49 -50 -49 -47 -56 -56 -47 -54 -51 -56 -50 -52 -50 -51 -48 -49 -51 -55 -51 -55 -51 -55 -53 -50 -52 -38 -7 46 149 302 404 181 -228 -413 -201 123 151 -203 -512 -461 -179 -10 -122 -305 -313 -149 -15 -17 -77 -61 34 89 60 16 50 112 120 47 -20 -18 23 21 -43 -113 -124 -89 -83 -121 -156 -158 -120 -105 -105 -119 -102 -64 -40 -45 -43 -27 -2 16 3 -7 -6 7 4 -13 -32 -37 -36 -43 -61 -71 -78 -81 -78 -85 -89 -87 -77 -70 -70 -67 -61 -46 -42 -42 -35 -37 -30 -23 -26 -31 -31 -29 -33 -40 -43 -48 -50 -56 -58 -62 -66 -66 -65 -61 -63 -61 -58 -59 -61 -53 -48 -52 -48 -49 -37 -45 -43 -44 -39 -42 -45 -46 -45 -44 -48 -51 -50 -51 -54 -57 -55 -56 -56 -55 -56 -60 -53 -56 -53 -53 -51 -43 -49 -47 -47 -43 -46 -49 -49 -50 -48 -47 -51 -6 -122 9 -90 -22 -72 -35 -68 -49 -58 -51 -61 -55 -54 -52 -52 -52 -55 -50 -50 -47 -50 -57 -51 -53 -50 -46 -51 -51 -51 -54 -54 -49 -51 -53 -51 -57 -51 -52 -51 -54 -50 -49 -51 -49 -52 -50 -49 -61 -45 -53 -51 -48 -50 -55 125 3396 305 4436
-51 -50 -58 -49 -51 -49 -52 -52 -53 -53 -49 -55 -51 -50 -51 -49 -50 -53 -51 -48 -48 -49 -49 -46 -55 -52 -54 -51 -54 -53 -54 -46 -52 -45 -55 -51 -51 -49 -49 -49 -50 -48 -53 -51 -50 -51 -52 -49 -52 -50 -39 -5 57 168 326 402 119 -277 -405 -147 157 110 -263 -529 -423 -141 -13 -154 -324 -297 -122 -7 -25 -89 -52 45 91 48 14 55 119 111 35 -28 -13 26 16 -58 -123 -124 -83 -87 -128 -163 -150 -118 -101 -107 -118 -97 -62 -40 -45 -45 -28 -2 8 4 -12 -5 7 5 -16 -35 -39 -34 -50 -64 -75 -79 -78 -83 -89 -96 -90 -82 -74 -72 -70 -60 -44 -43 -47 -36 -34 -30 -27 -27 -33 -30 -36 -36 -39 -47 -49 -49 -55 -61 -65 -67 -62 -64 -67 -67 -65 -60 -63 -57 -58 -55 -54 -49 -44 -43 -45 -44 -40 -44 -42 -46 -46 -48 -51 -50 -55 -53 -59 -56 -55 -57 -56 -58 -58 -53 -52 -55 -54 -51 -52 -51 -46 -50 -49 -49 -48 -46 -46 -46 -47 -44 -47 -53 -46 -48 -49 -49 -52 -58 -53 -53 -54 -49 -53 -51 -48 -46 -52 -53 -50 -49 -51 -46 -49 -47 -48 -50 -51 -53 -49 -48 -52 -48 -51 -50 -53 -52 -49 -52 -51 -50 -55 -50 -52 -51 -51 -52 -47 -53 -57 -65 -56 -57 -51 -48 -52 -49 -50 124 15393 305 4144
-58 -56 -57 -56 -59 -60 -57 -55 -56 -59 -56 -57 -60 -57 -58 -60 -57 -58 -57 -60 -58 -57 -51 -56 -58 -61 -57 -59 -56 -61 -55 -58 -59 -58 -60 -57 -57 -56 -57 -58 -60 -58 -59 -56 -60 -61 -54 -59 -59 -53 -21 19 110 258 398 262 -138 -410 -285 54 182 -109 -471 -509 -255 -32 -88 -283 -347 -204 -41 -11 -79 -85 3 78 66 15 29 87 114 61 -20 -32 10 22 -29 -112 -136 -107 -87 -113 -161 -170 -138 -107 -116 -126 -116 -85 -48 -49 -54 -40 -14 4 -1 -14 -15 -4 -3 -16 -37 -43 -43 -50 -64 -77 -85 -90 -83 -94 -99 -96 -88 -79 -79 -77 -72 -62 -51 -48 -47 -47 -35 -34 -33 -36 -40 -41 -40 -46 -50 -53 -57 -63 -67 -75 -77 -76 -72 -71 -68 -74 -66 -64 -63 -64 -60 -55 -57 -53 -49 -49 -50 -49 -47 -51 -51 -51 -57 -56 -58 -57 -60 -62 -61 -65 -65 -68 -64 -64 -67 -58 -62 -63 -60 -62 -57 -54 -58 -55 -54 -56 -53 -52 -57 -53 -56 -53 -56 -60 -58 -61 -60 -62 -64 -63 -65 -63 -60 -64 -61 -60 -58 -61 -61 -56 -56 -56 -54 -57 -56 -53 -59 -54 -58 -58 -56 -58 -62 -57 -56 -58 -58 -59 -61 -56 -57 -62 -60 -61 -60 -64 -57 -62 -56 -51 -60 -56 -56 -59 -55 -53 -58 -57 -59 124 10736 305 4415
-53 -49 -55 -53 -51 -50 -53 -54 -53 -50 -52 -52 -53 -57 -55 -53 -52 -51 -51 -51 -52 -55 -53 -50 -54 -54 2 -126 6 -84 -31 -71 -40 -61 -43 -58 -51 -54 -53 -58 -53 -53 -53 -55 -55 -52 -54 -57 -54 -46 -32 7 77 201 364 364 4 -352 -365 -52 183 27 -372 -542 -356 -80 -23 -208 -340 -258 -82 0 -49 -85 -29 69 77 37 19 73 123 87 8 -32 -1 27 -2 -78 -129 -115 -84 -97 -139 -165 -148 -109 -100 -112 -119 -86 -56 -38 -46 -42 -23 5 12 -7 -11 -8 7 -7 -25 -38 -39 -38 -48 -68 -83 -81 -81 -82 -85 -91 -83 -77 -72 -76 -71 -61 -50 -42 -46 -39 -31 -28 -26 -30 -34 -35 -35 -34 -41 -46 -50 -57 -58 -66 -63 -66 -71 -65 -68 -69 -63 -61 -61 -52 -61 -49 -50 -46 -42 -45 -39 -43 -43 -45 -42 -43 -44 -49 -47 -51 -51 -54 -59 -57 -57 -61 -60 -62 -61 -56 -52 -57 -52 -53 -52 -49 -53 -46 -48 -51 -45 -51 -48 -48 -50 -47 -51 -49 -51 -56 -56 -61 -59 -54 -56 -58 -57 -57 -56 -55 -57 -55 -56 -48 -51 -51 -51 -53 -49 -49 -51 -52 -53 -54 -56 -51 -58 -53 -56 -54 -57 -56 -53 -52 -53 -55 -55 -53 -57 -55 -55 -57 -52 -52 -56 -53 -55 -55 -52 -55 -52 -50 -51 124 6150 305 4342
-54 -57 -61 -58 -56 -59 -56 -58 -60 -61 -62 -59 -59 -60 -56 -62 -54 -60 -57 -56 -60 -59 -57 -56 -56 -59 -58 -57 -61 -55 -62 -57 -60 -59 -58 -59 -60 -58 -60 -57 -57 -60 -61 -60 -59 -60 -64 -57 -62 -54 -41 -15 47 156 312 397 123 -275 -413 -161 149 110 -265 -532 -438 -151 -16 -158 -328 -309 -136 -11 -32 -90 -59 35 85 44 11 46 105 105 29 -32 -21 23 8 -59 -130 -125 -100 -93 -132 -171 -159 -128 -104 -113 -129 -103 -70 -46 -51 -53 -35 -3 4 -8 -19 -16 0 -5 -24 -37 -47 -43 -56 -71 -81 -88 -85 -83 -94 -99 -97 -87 -81 -78 -77 -66 -59 -53 -47 -46 -41 -34 -29 -36 -39 -34 -37 -42 -49 -53 -54 -58 -61 -67 -73 -71 -74 -65 -74 -74 -72 -73 -29 -141 -5 -108 -22 -87 -30 -71 -31 -64 -36 -58 -41 -52 -52 -56 -56 -59 -57 -67 -64 -65 -67 -65 -66 -62 -63 -69 -64 -65 -62 -61 -58 -59 -54 -57 -54 -57 -55 -58 -58 -56 -49 -58 -55 -56 -57 -59 -62 -64 -55 -62 -58 -69 -61 -68 -57 -62 -62 -61 -56 -59 -61 -56 -62 -55 -59 -58 -53 -53 -57 -57 -58 -55 -57 -56 -57 -57 -60 -61 -59 -64 -58 -59 -49 -57 -62 -57 -63 -59 -60 -56 -56 -59 -59 -55 -56 -54 -60 -57 -58 124 1048 305 4859
-52 -51 -53 -54 -53 -50 -51 -48 -55 -50 -53 -50 -53 -53 -52 -50 -51 -47 -51 -55 -50 -47 -51 -51 -53 -48 -50 -49 -50 -50 -45 -52 -52 -54 -53 -51 -50 -50 -51 -47 -54 -52 -50 -52 -56 -51 -54 -50 -49 -44 -30 6 74 202 363 363 13 -346 -373 -57 188 34 -362 -534 -357 -77 -30 -204 -337 -260 -78 -1 -45 -87 -30 69 89 39 23 70 122 95 15 -29 -1 31 0 -75 -124 -113 -83 -95 -133 -164 -142 -109 -99 -116 -119 -88 -54 -37 -45 -42 -20 12 9 -2 -11 -6 6 -1 -21 -37 -43 -36 -47 -67 -82 -80 -76 -80 -89 -92 -86 -74 -74 -72 -65 -54 -46 -41 -43 -37 -33 -29 -30 -29 -32 -23 -30 -32 -43 -44 -46 -49 -50 -61 -65 -62 -68 -70 -69 -67 -61 -59 -58 -56 -52 -49 -45 -44 -43 -44 -44 -39 -40 -40 -43 -45 -43 -45 -51 -49 -51 -54 -54 -53 -57 -57 -56 -56 -57 -52 -55 -56 -59 -63 -59 -55 -45 -35 -41 -46 -55 -47 -40 -34 -40 -42 -51 -53 -45 -47 -48 -57 -61 -65 -64 -56 -52 -56 -55 -56 -54 -56 -50 -47 -52 -49 -46 -49 -52 -51 -45 -45 -51 -51 -50 -46 -48 -56 -55 -51 -52 -53 -54 -53 -51 -48 -55 -55 -55 -51 -51 -52 -53 -48 -48 -49 -46 -47 -47 -46 -50 -53 -47 123 12795 305 4394
-59 -62 -59 -60 -57 -58 -54 -61 -58 -26 -141 15 -114 -17 -97 -32 -78 -42 -73 -51 -69 -56 -64 -57 -59 -57 -65 -56 -59 -58 -60 -59 -59 -57 -58 -59 -59 -59 -57 -60 -59 -62 -63 -61 -64 -60 -62 -53 -59 -57 -40 -5 71 202 358 347 -21 -367 -366 -47 185 9 -389 -539 -347 -74 -39 -222 -348 -250 -77 -5 -53 -91 -30 63 75 28 15 66 120 80 2 -29 -5 28 -10 -91 -136 -118 -93 -101 -146 -169 -147 -115 -107 -118 -123 -93 -55 -44 -52 -46 -24 1 3 -10 -18 -7 0 -9 -29 -46 -47 -45 -57 -72 -86 -85 -83 -90 -93 -98 -92 -79 -77 -79 -72 -61 -53 -52 -47 -41 -38 -33 -33 -34 -39 -36 -38 -42 -50 -52 -59 -57 -63 -65 -72 -71 -72 -72 -72 -73 -69 -67 -63 -62 -61 -59 -55 -51 -50 -48 -48 -47 -50 -49 -48 -54 -50 -53 -55 -62 -60 -60 -61 -64 -65 -69 -61 -63 -65 -64 -64 -59 -59 -56 -59 -56 -53 -57 -56 -53 -50 -50 -54 -57 -55 -53 -58 -60 -59 -59 -60 -61 -64 -61 -59 -59 -63 -58 -64 -61 -58 -58 -58 -55 -58 -56 -62 -60 -56 -56 -55 -59 -62 -58 -52 -57 -56 -60 -60 -60 -60 -60 -57 -57 -60 -61 -56 -60 -60 -61 -63 -53 -59 -62 -58 -60 -56 -57 -58 -57 -55 -55 -58 123 8285 305 4267
-59 -58 -58 -58 -58 -54 -59 -57 -60 -57 -55 -58 -60 -58 -62 -61 -55 -56 -58 -57 -62 -57 -59 -59 -58 -59 -55 -61 -58 -56 -56 -57 -60 -55 -56 -56 -57 -58 -58 -61 -61 -57 -60 -61 -60 -64 -65 -60 -60 -49 -25 12 92 232 381 303 -90 -395 -323 20 185 -60 -442 -527 -296 -45 -62 -259 -352 -226 -55 -7 -72 -91 -13 73 71 20 19 81 117 72 -8 -33 4 26 -19 -98 -135 -117 -84 -109 -154 -168 -147 -114 -111 -124 -120 -86 -54 -46 -53 -47 -19 1 -6 -14 -17 -5 -3 -14 -34 -43 -45 -47 -65 -79 -86 -84 -84 -92 -99 -96 -87 -79 -79 -74 -78 -62 -53 -51 -48 -46 -37 -34 -37 -33 -41 -42 -39 -49 -48 -53 -56 -60 -65 -71 -71 -75 -69 -73 -77 -72 -70 -40 -135 -10 -107 -23 -86 -27 -70 -34 -61 -37 -58 -44 -55 -47 -53 -55 -54 -62 -60 -60 -61 -59 -62 -68 -65 -63 -63 -66 -64 -65 -63 -64 -55 -62 -56 -55 -57 -55 -54 -56 -54 -53 -58 -57 -60 -71 -55 -66 -63 -64 -68 -65 -60 -65 -58 -61 -65 -59 -58 -58 -57 -57 -57 -55 -54 -58 -56 -56 -56 -50 -64 -53 -58 -57 -55 -59 -59 -56 -58 -58 -62 -58 -63 -61 -58 -60 -55 -57 -61 -56 -59 -59 -55 -56 -55 -58 -56 -59 -57 -59 -60 123 3788 305 4254
-64 -60 -60 -57 -64 -61 -57 -58 -58 -62 -57 -64 -61 -62 -61 -57 -58 -60 -56 -58 -60 -59 -65 -63 -61 -59 -59 -58 -55 -60 -61 -62 -61 -59 -58 -59 -57 -58 -63 -60 -59 -56 -58 -61 -59 -58 -64 -60 -58 -62 -41 -12 51 165 324 389 90 -302 -408 -135 158 87 -296 -542 -417 -133 -20 -173 -336 -299 -125 -8 -41 -95 -52 46 82 39 9 50 109 98 23 -38 -19 20 3 -74 -134 -130 -94 -94 -136 -171 -161 -127 -106 -122 -127 -109 -68 -51 -50 -52 -33 -7 3 -10 -17 -11 -3 -9 -27 -42 -48 -46 -56 -77 -84 -90 -90 -93 -101 -103 -96 -81 -81 -78 -76 -64 -61 -52 -52 -47 -41 -34 -37 -40 -38 -41 -38 -44 -46 -51 -57 -53 -63 -69 -73 -75 -80 -80 -84 -80 -75 -68 -75 -73 -71 -58 -52 -55 -55 -49 -44 -41 -43 -49 -51 -58 -53 -53 -55 -57 -60 -67 -63 -69 -66 -65 -66 -72 -30 -149 5 -112 -24 -96 -36 -77 -40 -72 -48 -61 -53 -58 -53 -64 -60 -60 -60 -59 -65 -63 -62 -62 -68 -62 -64 -66 -61 -65 -64 -64 -64 -58 -57 -64 -57 -60 -56 -59 -63 -63 -59 -58 -61 -60 -72 -54 -63 -62 -58 -67 -63 -59 -62 -64 -60 -63 -58 -59 -59 -66 -58 -59 -56 -57 -53 -58 -54 -59 -62 -58 -59 -59 -59 122 15839 305 4089
-51 -49 -51 -54 -51 -50 -51 -53 -54 -52 -51 -52 -53 -50 -53 -50 -52 -50 -49 -56 -55 -56 -52 -48 -56 -51 -50 -52 -52 -51 -52 -51 -51 -52 -52 -51 -53 -52 -52 -55 -51 -56 -52 -51 -51 -53 -52 -52 -46 -47 -30 3 72 198 358 373 29 -334 -383 -73 180 48 -347 -539 -374 -90 -21 -197 -338 -264 -84 -1 -43 -93 -34 62 89 41 20 69 119 93 20 -29 -5 34 5 -75 -127 -118 -82 -92 -136 -169 -147 -112 -102 -115 -117 -91 -54 -39 -46 -44 -20 3 6 -2 -11 -5 4 0 -23 -37 -39 -40 -51 -65 -81 -81 -79 -85 -87 -93 -86 -77 -74 -81 -70 -60 -52 -43 -43 -38 -32 -28 -28 -28 -31 -28 -31 -33 -45 -48 -49 -56 -63 -66 -65 -67 -67 -67 -69 -68 -65 -60 -56 -61 -57 -54 -49 -45 -49 -44 -42 -41 -41 -39 -40 -48 -43 -51 -45 -53 -52 -52 -54 -59 -58 -61 -60 -55 -57 -58 -57 -54 -50 -51 -52 -53 -49 -48 -45 -46 -50 -41 -48 -47 -49 -52 -51 -50 -53 -52 -53 -54 -48 -54 -52 -55 -52 -54 -57 -53 -51 -57 -52 -50 -52 -48 -49 -47 -50 -53 -53 -49 -51 -51 -55 -49 -52 -54 -52 -54 -54 -53 -54 -58 -49 -55 -47 -49 -52 -51 -54 -56 -49 -52 -55 -53 -53 -52 -48 -50 -47 -52 -50 122 11463 305 4133
-57 -63 -55 -59 -56 -60 -59 -61 -61 -58 -60 -57 -58 -62 -7 -129 -3 -92 -33 -76 -49 -69 -56 -67 -59 -63 -62 -63 -62 -56 -59 -62 -63 -62 -57 -61 -60 -61 -60 -57 -60 -61 -57 -60 -58 -63 -60 -62 -60 -58 -40 -4 61 175 337 384 70 -327 -400 -117 158 67 -323 -549 -405 -126 -27 -188 -339 -292 -111 -14 -45 -90 -41 57 85 34 10 56 112 99 20 -32 -14 25 2 -71 -130 -122 -96 -98 -141 -171 -159 -118 -107 -121 -122 -102 -64 -47 -52 -49 -30 -5 3 -15 -20 -11 -4 -7 -25 -43 -45 -49 -55 -69 -80 -84 -87 -85 -96 -102 -97 -85 -79 -78 -73 -64 -60 -49 -52 -49 -39 -32 -38 -41 -35 -37 -39 -46 -48 -56 -57 -62 -61 -68 -72 -75 -70 -71 -74 -72 -68 -70 -67 -63 -61 -56 -57 -56 -55 -51 -46 -49 -48 -53 -51 -50 -49 -52 -59 -58 -57 -62 -61 -63 -64 -65 -65 -64 -66 -65 -62 -62 -61 -58 -61 -60 -56 -58 -56 -56 -54 -55 -53 -54 -57 -59 -56 -64 -61 -60 -60 -64 -59 -63 -65 -59 -59 -66 -66 -59 -62 -61 -58 -58 -57 -59 -59 -56 -60 -56 -61 -57 -57 -59 -60 -60 -62 -60 -61 -61 -60 -61 -58 -63 -61 -57 -61 -61 -56 -60 -60 -61 -58 -54 -61 -59 -55 -57 -56 -57 -58 -59 -57 122 6713 305 4507
-61 -59 -57 -56 -60 -63 -60 -60 -61 -57 -62 -58 -59 -58 -63 -60 -60 -56 -65 -58 -61 -61 -53 -59 -65 -61 -59 -60 -58 -57 -52 -53 -54 -61 -62 -59 -61 -62 -69 -62 -65 -58 -59 -65 -67 -66 -57 -56 -58 -60 -42 -5 66 183 341 378 61 -320 -395 -108 169 68 -325 -548 -399 -113 -33 -185 -348 -289 -104 -8 -43 -97 -46 51 79 37 11 57 116 93 11 -37 -15 24 2 -73 -129 -124 -89 -95 -140 -171 -154 -123 -109 -123 -127 -100 -68 -47 -54 -51 -32 -7 5 -8 -15 -13 -6 -7 -30 -41 -46 -47 -58 -73 -85 -88 -85 -93 -95 -95 -66 -151 -14 -132 -38 -104 -32 -69 -34 -59 -32 -48 -30 -42 -43 -44 -43 -42 -52 -60 -58 -62 -66 -67 -75 -71 -73 -73 -76 -74 -75 -72 -69 -67 -63 -65 -58 -56 -52 -51 -49 -51 -53 -51 -57 -48 -60 -57 -56 -61 -65 -58 -67 -65 -67 -69 -63 -65 -65 -62 -63 -58 -57 -61 -57 -58 -56 -54 -50 -56 -54 -55 -56 -55 -56 -57 -56 -57 -56 -62 -58 -60 -56 -62 -54 -66 -61 -61 -64 -55 -63 -54 -58 -61 -57 -59 -57 -57 -56 -57 -53 -63 -60 -58 -58 -57 -60 -61 -59 -56 -60 -58 -55 -60 -61 -57 -61 -58 -61 -62 -60 -57 -55 -58 -62 -58 -58 -58 -54 -61 -56 -58 -57 122 2215 305 4255
-56 -61 -59 -59 -58 -60 -58 -58 -60 -55 -61 -57 -57 -60 -58 -61 -59 -59 -58 -62 -56 -57 -55 -60 -62 -62 -58 -58 -60 -60 -64 -61 -60 -56 -61 -61 -62 -59 -60 -59 -62 -61 -62 -57 -62 -58 -62 -57 -57 -56 -38 -6 71 193 356 357 11 -356 -383 -71 179 32 -365 -545 -368 -90 -34 -214 -348 -272 -90 -4 -53 -96 -35 55 75 32 10 65 109 87 7 -34 -11 23 -4 -86 -133 -122 -90 -101 -145 -169 -148 -116 -111 -122 -123 -95 -58 -45 -56 -51 -31 -1 2 -14 -17 -8 -1 -14 -29 -50 -48 -53 -58 -74 -85 -86 -88 -87 -100 -103 -93 -81 -83 -78 -75 -66 -57 -57 -49 -49 -41 -36 -37 -36 -41 -40 -39 -43 -48 -54 -57 -59 -64 -65 -69 -71 -76 -74 -74 -75 -73 -67 -67 -66 -62 -62 -55 -55 -53 -53 -53 -47 -49 -50 -52 -54 -53 -53 -57 -63 -57 -65 -63 -65 -65 -66 -64 -66 -61 -66 -67 -66 -55 -62 -62 -64 -57 -54 -54 -56 -56 -57 -52 -53 -61 -62 -52 -59 -55 -62 -61 -60 -62 -61 -65 -66 -59 -64 -62 -62 -60 -59 -60 -58 -62 -58 -56 -58 -60 -60 -56 -58 -62 -59 -58 -58 -57 -60 -60 -62 -64 -61 -61 -58 -61 -60 -56 -60 -60 -58 -55 -60 -60 -60 -58 -58 -56 -57 -60 -58 -60 -60 -58 121 14166 305 4190
-56 -62 -55 -57 -63 -60 -55 -63 -60 -63 -57 -60 -56 -62 -56 -59 -54 -58 -59 -57 -58 -59 -60 -63 -56 -58 -59 -59 -61 -60 -62 -60 -59 -53 -61 -8 -126 -2 -89 -34 -78 -41 -67 -55 -69 -56 -63 -63 -56 -68 -39 -5 71 194 351 357 6 -359 -381 -64 179 24 -370 -543 -362 -87 -34 -217 -346 -269 -85 -7 -52 -99 -33 55 78 25 11 63 109 80 5 -37 -14 28 -15 -87 -138 -123 -92 -105 -147 -175 -150 -119 -109 -119 -125 -98 -60 -48 -51 -49 -28 -1 3 -11 -20 -10 2 -9 -29 -43 -47 -49 -61 -71 -88 -89 -86 -90 -91 -99 -92 -84 -78 -75 -75 -67 -54 -49 -47 -45 -40 -36 -31 -40 -35 -41 -37 -44 -52 -55 -55 -57 -61 -73 -71 -72 -72 -72 -77 -76 -71 -70 -62 -62 -63 -60 -55 -55 -52 -48 -51 -51 -48 -49 -55 -52 -53 -49 -55 -58 -65 -59 -63 -65 -65 -66 -61 -67 -60 -63 -62 -61 -59 -60 -57 -60 -59 -60 -55 -56 -58 -56 -53 -52 -57 -58 -57 -56 -54 -59 -60 -62 -58 -61 -64 -62 -60 -66 -63 -62 -63 -62 -58 -61 -61 -59 -58 -59 -59 -57 -57 -53 -56 -59 -56 -57 -60 -55 -60 -57 -61 -60 -62 -61 -58 -62 -63 -60 -62 -57 -58 -57 -62 -58 -57 -58 -62 -59 -58 -61 -58 -59 -58 121 9232 305 4691
-59 -60 -57 -60 -59 -61 -62 -58 -61 -59 -63 -59 -57 -64 -60 -59 -63 -57 -58 -60 -57 -62 -60 -57 -64 -61 -63 -58 -57 -60 -58 -59 -60 -61 -60 -58 -55 -59 -56 -63 -58 -63 -59 -62 -60 -60 -62 -62 -54 -53 -42 -13 54 165 323 383 89 -299 -407 -136 156 91 -290 -539 -420 -133 -18 -170 -339 -304 -120 -17 -35 -96 -53 43 81 39 8 52 111 104 24 -37 -18 22 5 -64 -126 -128 -97 -96 -140 -171 -160 -120 -110 -120 -126 -104 -66 -48 -51 -54 -33 -4 0 -12 -22 -18 -4 -9 -26 -43 -43 -45 -51 -75 -79 -88 -91 -92 -98 -102 -96 -87 -79 -81 -77 -70 -56 -50 -51 -51 -39 -37 -37 -37 -42 -39 -40 -46 -50 -56 -55 -62 -64 -69 -73 -71 -71 -73 -78 -73 -74 -69 -67 -69 -63 -58 -57 -55 -53 -52 -47 -50 -50 -49 -50 -51 -49 -55 -57 -59 -61 -68 -62 -63 -68 -69 -66 -69 -69 -60 -62 -61 -64 -62 -59 -61 -59 -58 -56 -52 -57 -57 -55 -54 -58 -59 -60 -57 -63 -59 -62 -66 -65 -60 -67 -65 -63 -64 -66 -60 -58 -63 -61 -62 -59 -62 -58 -58 -63 -58 -57 -57 -59 -59 -59 -60 -58 -60 -56 -61 -59 -60 -59 -63 -61 -59 -57 -61 -64 -62 -62 -60 -59 -63 -62 -58 -62 -59 -57 -58 -60 -61 -61 121 4643 305 4346
-57 -62 -57 -57 -64 -60 -62 -60 -60 -62 -61 -61 -58 -63 -60 -64 -58 -59 -60 -60 -63 -59 -60 -59 -59 -60 -60 -57 -62 -62 -63 -59 -61 -69 -61 -62 -58 -66 -59 -60 -61 -59 -64 -66 -57 -59 -56 -60 -58 -55 -28 18 109 248 393 264 -141 -411 -289 52 177 -114 -477 -515 -261 -33 -85 -282 -341 -203 -43 -14 -83 -85 2 73 64 12 30 88 116 59 -21 -33 13 20 -36 -109 -140 -109 -88 -116 -161 -168 -141 -109 -113 -128 -121 -85 -51 -50 -56 -44 -17 2 2 -13 -19 -4 -1 -18 -38 -49 -49 -50 -62 -79 -87 -83 -87 -92 -100 -99 -85 -81 -78 -80 -75 -62 -51 -55 -55 -48 -36 -39 -39 0 -112 26 -88 -6 -82 -29 -72 -46 -78 -64 -84 -69 -80 -72 -83 -74 -73 -71 -68 -64 -62 -56 -55 -54 -52 -51 -51 -55 -49 -51 -52 -51 -55 -56 -57 -58 -61 -63 -66 -65 -68 -70 -70 -69 -69 -67 -62 -65 -71 -55 -64 -57 -60 -57 -58 -59 -55 -58 -57 -52 -60 -55 -58 -61 -54 -60 -58 -62 -62 -63 -57 -60 -57 -64 -62 -60 -59 -62 -55 -62 -56 -58 -56 -57 -57 -56 -53 -60 -58 -59 -52 -58 -59 -56 -58 -61 -61 -57 -62 -56 -62 -61 -56 -62 -61 -64 -59 -58 -58 -57 -55 -60 -55 -60 -57 -56 -56 -56 -52 120 16109 305 4675
-58 -62 -62 -58 -58 -59 -58 -59 -59 -63 -58 -67 -60 -58 -61 -58 -59 -61 -65 -60 -64 -65 -61 -63 -61 -61 -60 -59 -59 -61 -59 -60 -58 -51 -52 -60 -62 -61 -61 -57 -59 -55 -59 -60 -60 -58 -59 -60 -60 -58 -48 -16 41 148 310 396 126 -271 -416 -169 143 111 -256 -536 -439 -160 -19 -152 -330 -311 -135 -13 -31 -95 -61 33 84 43 11 45 103 101 28 -34 -22 16 9 -62 -128 -125 -100 -94 -135 -172 -162 -127 -113 -119 -132 -105 -72 -50 -48 -49 -34 -9 4 -8 -21 -12 -3 -7 -24 -41 -48 -50 -49 -71 -84 -91 -85 -88 -95 -102 -97 -86 -81 -76 -80 -69 -62 -53 -52 -44 -45 -32 -33 -36 -41 -38 -39 -43 -48 -51 -57 -59 -63 -68 -72 -72 -79 -75 -78 -76 -71 -68 -65 -64 -70 -61 -58 -51 -51 -56 -50 -50 -49 -55 -50 -49 -55 -56 -57 -60 -61 -61 -62 -60 -66 -67 -67 -64 -62 -64 -67 -64 -62 -60 -62 -59 -58 -57 -60 -58 -61 -51 -56 -57 -57 -59 -62 -59 -62 -58 -62 -61 -60 -64 -63 -63 -66 -62 -63 -58 -64 -57 -64 -59 -60 -58 -54 -59 -55 -57 -56 -59 -57 -57 -62 -57 -60 -62 -62 -60 -63 -56 -64 -65 -64 -62 -59 -56 -61 -62 -59 -64 -63 -60 -62 -59 -56 -64 -64 -58 -56 -57 -60 120 11448 305 4417
-58 -63 -61 -59 -60 -64 -60 -57 -60 -63 -60 -58 -56 -61 -58 -62 -60 -59 -61 -61 -63 -62 -59 -61 -58 -61 -59 -61 -60 -59 -62 -63 -60 -60 -59 -57 -62 -56 -61 -27 -107 -14 -83 -41 -72 -52 -66 -59 -60 -56 -37 -4 71 198 362 347 -15 -369 -368 -49 182 6 -389 -544 -350 -83 -42 -226 -349 -259 -87 -8 -61 -97 -28 57 71 26 11 64 114 81 0 -41 -7 19 -11 -89 -137 -125 -91 -104 -152 -173 -156 -113 -113 -126 -127 -100 -61 -49 -56 -50 -26 -1 -3 -8 -17 -11 2 -6 -30 -47 -47 -48 -60 -76 -92 -85 -90 -91 -96 -103 -98 -83 -87 -78 -80 -65 -51 -51 -52 -45 -41 -34 -28 -42 -39 -39 -42 -42 -49 -56 -54 -59 -64 -70 -71 -74 -76 -73 -75 -75 -73 -71 -65 -65 -66 -59 -58 -54 -54 -52 -51 -53 -50 -55 -52 -51 -58 -60 -58 -58 -62 -61 -64 -65 -64 -67 -69 -69 -66 -62 -64 -63 -58 -59 -58 -60 -58 -57 -56 -55 -57 -55 -57 -56 -57 -56 -64 -59 -56 -66 -63 -62 -60 -59 -63 -61 -60 -66 -59 -64 -65 -63 -59 -60 -59 -57 -59 -58 -60 -60 -58 -59 -56 -59 -59 -60 -60 -60 -63 -64 -63 -63 -61 -63 -64 -62 -64 -58 -61 -66 -60 -58 -60 -58 -62 -55 -60 -63 -65 -60 -57 -57 -58 120 7235 305 3970
-60 -56 -57 -61 -62 -57 -59 -63 -62 -58 -58 -61 -63 -58 -60 -62 -61 -60 -61 -61 -62 -61 -60 -59 -56 -57 -57 -58 -55 -56 -63 -61 -60 -61 -62 -62 -59 -61 -63 -57 -60 -58 -61 -60 -60 -54 -62 -58 -59 -56 -31 3 79 212 367 335 -36 -382 -359 -34 183 -9 -405 -536 -338 -72 -45 -234 -353 -244 -74 -6 -60 -97 -25 68 71 25 16 72 113 76 -4 -36 -8 26 -18 -95 -138 -119 -90 -103 -156 -173 -148 -116 -112 -121 -124 -92 -57 -47 -54 -48 -23 0 3 -12 -19 -13 -4 -12 -30 -45 -49 -45 -58 -76 -90 -84 -89 -93 -100 -102 -93 -83 -81 -80 -75 -68 -55 -55 -45 -46 -39 -35 -36 -37 -38 -38 -43 -46 -54 -55 -57 -60 -67 -68 -69 -68 -74 -73 -76 -75 -74 -68 -67 -64 -66 -57 -57 -53 -53 -51 -48 -45 -53 -49 -53 -52 -56 -54 -56 -56 -65 -64 -61 -61 -67 -64 -65 -68 -69 -67 -63 -71 -59 -59 -58 -53 -59 -51 -58 -54 -58 -55 -55 -56 -58 -58 -57 -59 -59 -63 -60 -61 -61 -61 -66 -62 -61 -62 -60 -63 -61 -62 -59 -57 -61 -58 -57 -59 -60 -56 -59 -60 -58 -55 -58 -58 -61 -58 -61 -61 -65 -57 -61 -62 -61 -59 -60 -63 -63 -68 -55 -42 -127 -9 -122 -25 -89 -26 -73 -40 -81 -48 -64 120 2742 305 4250
-64 -70 -67 -64 -65 -55 -62 -60 -62 -61 -59 -58 -64 -61 -57 -58 -60 -57 -61 -62 -61 -57 -54 -58 -55 -56 -57 -60 -59 -60 -57 -53 -57 -58 -59 -59 -57 -62 -60 -64 -58 -59 -58 -56 -63 -61 -57 -60 -58 -52 -34 7 77 209 367 340 -32 -373 -359 -34 183 -4 -400 -540 -339 -69 -44 -235 -355 -249 -75 -4 -54 -96 -23 61 76 26 15 69 114 80 -1 -34 -4 22 -11 -92 -135 -119 -91 -101 -152 -171 -150 -114 -108 -122 -127 -96 -58 -47 -50 -49 -24 5 1 -10 -19 -10 2 -13 -30 -40 -47 -50 -59 -77 -89 -88 -82 -92 -99 -99 -92 -84 -78 -80 -73 -67 -64 -49 -54 -46 -39 -38 -40 -39 -37 -43 -41 -46 -51 -53 -58 -64 -64 -71 -77 -74 -75 -73 -78 -74 -74 -68 -67 -64 -66 -59 -52 -56 -53 -48 -52 -51 -52 -51 -49 -52 -53 -53 -59 -61 -64 -62 -61 -66 -65 -64 -72 -67 -65 -63 -64 -66 -62 -57 -58 -57 -57 -52 -56 -53 -55 -54 -58 -54 -55 -59 -55 -56 -58 -64 -65 -55 -59 -61 -62 -61 -60 -64 -63 -59 -59 -60 -59 -61 -58 -55 -59 -55 -62 -56 -57 -59 -56 -61 -62 -59 -62 -62 -64 -60 -62 -57 -59 -62 -58 -56 -63 -58 -58 -57 -64 -63 -61 -59 -60 -62 -56 -60 -61 -59 -61 -60 -63 119 14774 305 4109
-58 -61 -57 -58 -58 -61 -62 -61 -60 -64 -59 -58 -61 -60 -61 -62 -60 -58 -62 -59 -60 -60 -61 -61 -56 -58 -58 -60 -64 -59 -60 -53 -59 -59 -60 -58 -62 -60 -57 -61 -58 -57 -57 -61 -61 -61 -60 -58 -62 -58 -34 -7 67 190 350 361 16 -349 -382 -68 178 34 -361 -540 -372 -89 -35 -215 -352 -272 -101 -9 -51 -99 -31 59 76 27 13 63 116 87 1 -38 -10 24 -5 -86 -139 -124 -92 -99 -149 -169 -150 -117 -111 -119 -128 -99 -58 -46 -58 -54 -26 -4 5 -11 -23 -6 -2 -9 -28 -48 -48 -46 1 -160 -19 -133 -52 -113 -78 -117 -83 -94 -75 -87 -75 -70 -58 -52 -50 -53 -42 -37 -35 -35 -39 -44 -46 -44 -47 -54 -58 -61 -67 -66 -74 -78 -73 -75 -74 -75 -79 -70 -67 -63 -63 -68 -51 -59 -53 -55 -56 -51 -54 -54 -49 -53 -56 -59 -59 -60 -62 -64 -63 -66 -64 -65 -65 -62 -64 -67 -67 -64 -59 -58 -60 -59 -59 -55 -56 -54 -56 -56 -56 -52 -59 -59 -57 -60 -59 -51 -61 -61 -57 -63 -63 -57 -58 -59 -59 -61 -63 -61 -61 -56 -63 -58 -58 -59 -55 -55 -57 -55 -55 -56 -56 -58 -55 -64 -59 -58 -58 -59 -60 -58 -60 -61 -58 -60 -61 -61 -58 -57 -60 -58 -59 -62 -61 -59 -58 -60 -53 -61 -62 119 782 305 4807
-59 -62 -61 -62 -57 -60 -59 -56 -65 -61 -62 -61 -60 -61 -63 -60 -59 -56 -61 -59 -61 -59 -59 -60 -63 -56 -61 -59 -59 -57 -60 -58 -61 -62 -60 -62 -60 -64 -56 -60 -60 -61 -62 -65 -57 -64 -62 -60 -61 -55 -33 6 90 227 382 306 -84 -394 -326 6 184 -54 -436 -526 -305 -53 -62 -256 -348 -228 -59 -7 -67 -88 -10 70 73 18 18 76 115 64 -8 -36 2 23 -26 -100 -136 -116 -90 -111 -160 -177 -145 -115 -112 -127 -128 -92 -59 -51 -52 -47 -23 1 -2 -14 -13 -7 -2 -12 -33 -46 -49 -49 -58 -80 -90 -88 -87 -98 -97 -100 -87 -82 -79 -81 -75 -65 -54 -54 -50 -45 -40 -38 -33 -41 -38 -37 -43 -45 -51 -58 -59 -60 -69 -71 -76 -74 -74 -75 -76 -72 -71 -73 -66 -61 -63 -59 -57 -55 -55 -55 -51 -48 -51 -51 -50 -51 -52 -57 -58 -58 -60 -64 -62 -62 -63 -64 -62 -62 -65 -66 -64 -64 -60 -60 -57 -61 -57 -56 -55 -57 -56 -59 -51 -58 -55 -60 -55 -61 -60 -59 -62 -62 -61 -61 -64 -58 -61 -63 -58 -60 -58 -58 -63 -58 -60 -57 -54 -57 -58 -58 -60 -57 -52 -56 -59 -59 -61 -60 -62 -60 -60 -58 -62 -60 -62 -61 -62 -61 -60 -57 -61 -55 -61 -58 -61 -57 -55 -58 -57 -58 -58 -58 -58 118 12793 305 4130
-53 -54 -51 -56 -56 -56 -55 -53 -53 -55 -54 -52 -60 -45 -61 -54 -59 -54 -57 -50 -54 -54 -52 -53 -51 -52 -51 -56 -53 -46 -53 -56 -49 -49 -50 -51 -48 -53 -54 -48 -55 -52 -51 -53 -52 -54 -58 -47 -49 -49 -27 8 82 212 372 349 -15 -366 -354 -32 192 5 -386 -531 -340 -63 -34 -224 -341 -252 -71 -1 -54 -88 -21 70 86 31 24 77 126 91 5 -30 7 33 -4 -84 -125 -111 -86 -95 -144 -167 -141 -111 -100 -121 -117 -87 -45 -39 -42 -40 -16 8 7 -7 -15 -1 10 -4 -23 -41 -35 -39 -48 -71 -81 -80 -75 -87 -90 -95 -80 -74 -76 -73 -71 -56 -52 -45 -43 -35 -29 -30 -27 -30 -36 -30 -33 -35 -46 -45 -49 -52 -55 -63 -63 -66 -66 -66 -65 -72 -61 -60 -64 -62 -62 -50 -46 -45 -45 -45 -39 -40 -41 -45 -45 -46 -45 -50 -51 -56 -54 -53 -57 -58 -58 -65 -57 -59 -57 -55 -58 -55 -52 -57 -49 -51 -48 -44 -50 -49 -47 -48 -46 -48 -46 -50 -51 -50 -52 -54 -57 -58 -54 -54 -52 -56 -58 -58 -53 -55 -52 -49 -54 -52 -52 -54 -52 -55 -52 -50 -50 -47 -47 -57 -49 -53 -50 -53 -53 -55 -53 -55 -47 -50 -50 -52 -53 -54 -55 -53 -52 -51 -52 -55 -48 -50 -49 -50 -50 -51 -48 -53 -52 118 8219 305 4331
-54 -60 -53 -56 -62 -52 -57 -58 -56 -58 -56 -55 -57 -52 -55 -57 -55 -56 -54 -57 -54 -58 -55 -55 -53 -59 -51 -55 -54 -52 -57 -55 -56 -54 -56 -55 -57 -57 -54 -55 -58 -56 -56 -60 -59 -56 -50 -36 -110 3 -79 48 68 258 366 325 -91 -384 -335 17 182 -45 -441 -526 -305 -46 -59 -253 -345 -231 -53 -3 -68 -86 -10 74 73 21 24 80 121 73 -4 -31 3 26 -17 -94 -133 -110 -87 -107 -153 -175 -142 -113 -104 -126 -117 -90 -53 -43 -51 -43 -16 3 6 -11 -10 -2 3 -7 -26 -41 -41 -45 -56 -72 -84 -85 -83 -87 -91 -94 -84 -78 -79 -74 -69 -58 -53 -43 -45 -42 -31 -29 -30 -33 -35 -36 -38 -40 -46 -50 -57 -59 -61 -69 -63 -66 -74 -69 -70 -70 -62 -64 -62 -60 -53 -55 -52 -42 -51 -50 -43 -45 -45 -48 -44 -49 -49 -52 -53 -58 -58 -56 -62 -60 -61 -64 -60 -60 -59 -63 -60 -59 -56 -55 -58 -56 -51 -50 -53 -48 -52 -51 -50 -53 -50 -53 -52 -56 -52 -55 -54 -61 -61 -61 -65 -58 -59 -59 -58 -60 -60 -55 -57 -57 -52 -50 -52 -50 -58 -54 -47 -56 -57 -59 -53 -57 -54 -57 -56 -52 -53 -58 -56 -57 -55 -60 -58 -57 -59 -58 -60 -56 -60 -56 -58 -55 -56 -52 -53 -54 -54 -53 -55 118 3093 305 4883
-58 -57 -59 -58 -57 -55 -59 -58 -60 -56 -57 -58 -55 -54 -60 -54 -57 -56 -53 -60 -58 -54 -58 -60 -55 -57 -60 -57 -59 -51 -58 -56 -58 -56 -58 -58 -59 -57 -59 -51 -60 -60 -56 -55 -56 -57 -58 -61 -55 -55 -48 -13 37 138 298 402 177 -229 -422 -202 123 141 -208 -517 -465 -186 -15 -126 -314 -318 -151 -16 -30 -87 -67 29 85 57 15 40 107 112 37 -23 -21 24 16 -56 -124 -129 -105 -88 -127 -167 -165 -127 -105 -108 -125 -109 -76 -43 -45 -50 -37 -5 6 -4 -16 -14 2 1 -18 -36 -47 -44 -50 -66 -81 -84 -84 -84 -90 -99 -97 -82 -77 -79 -75 -66 -54 -48 -48 -46 -39 -30 -32 -33 -36 -37 -38 -40 -46 -51 -54 -54 -59 -64 -69 -70 -69 -75 -73 -72 -69 -68 -64 -63 -61 -55 -53 -52 -51 -51 -43 -43 -47 -49 -48 -49 -51 -50 -51 -59 -55 -58 -59 -61 -64 -65 -59 -61 -65 -62 -61 -61 -59 -59 -58 -56 -57 -55 -50 -49 -50 -52 -48 -53 -55 -52 -52 -55 -56 -58 -57 -58 -62 -56 -56 -56 -59 -58 -59 -56 -55 -55 -56 -56 -54 -58 -58 -53 -57 -55 -53 -52 -55 -55 -55 -54 -57 -55 -59 -62 -55 -53 -57 -56 -59 -58 -56 -60 -55 -57 -55 -58 -54 -55 -55 -56 -53 -58 -54 -56 -49 -56 -55 117 14852 305 4381
-54 -57 -50 -55 -53 -51 -49 -55 -51 -54 -56 -55 -55 -55 -55 -51 -56 -53 -56 -51 -55 -53 -47 -52 -53 -53 -55 -55 -54 -56 -54 -53 -53 -51 -54 -57 -57 -53 -54 -52 -54 -53 -55 -53 -52 -57 -56 -53 -58 -55 -42 -9 46 155 314 397 132 -270 -410 -163 148 119 -258 -537 -437 -148 -18 -149 -327 -309 -131 -8 -28 -89 -52 42 90 45 14 53 112 111 31 -28 -15 24 15 -58 -128 -126 -94 -87 -129 -165 -156 -118 -103 -113 -124 -106 -64 -41 -46 -45 -30 -1 8 -3 -11 -7 -1 0 -20 -39 -45 -39 -50 -65 -78 -84 -79 -83 -91 -93 -92 -80 -74 -78 -68 -64 -54 -45 -46 -41 -34 -33 -29 -31 -37 -34 -41 -40 -43 -49 -46 -54 -60 -61 -67 -65 -65 -70 -67 -66 -64 -61 -64 -59 -57 -56 -53 -49 -48 -47 -44 -44 -40 -46 -43 -43 -51 -51 -48 -56 -53 -60 -60 -59 -63 -58 -64 -59 -57 -59 -58 -59 -57 -54 -56 -58 -53 -55 -52 -47 -52 -51 -50 -49 -50 -56 -54 -53 -53 -54 -56 -60 -52 -62 -58 -55 -61 -54 -58 -55 -60 -54 -54 -55 -57 -56 -54 -50 -53 -54 -48 -48 -55 -55 -55 -52 -55 -52 -57 -53 -58 -55 -57 -53 -52 -55 -55 -57 -56 -53 -58 -55 -58 -55 -54 -55 -56 -52 -56 -56 -54 -55 -53 117 10465 305 4144
-64 -62 -58 -56 -61 -59 -68 -60 -61 -62 -62 -62 -58 -60 -62 -60 -60 -59 -64 -59 -67 -60 -59 -64 -61 -69 -62 -61 -61 -61 -61 -63 -65 -55 -61 -61 -61 -60 -60 -59 -59 -57 -58 -56 -58 -61 -60 -63 -60 -54 -33 5 81 214 370 332 -44 -385 -352 -26 184 -15 -410 -540 -330 -64 -47 -236 -348 -243 -68 -8 -60 -96 -22 70 77 26 13 71 117 77 -7 -39 -2 21 -17 -93 -138 -117 -92 -105 -151 -172 -147 -114 -110 -127 -122 -90 -59 -45 -55 -46 -21 -5 -5 -14 -21 -10 -7 -10 -34 -46 -45 -45 -59 -74 -88 -85 -84 -89 -94 -95 -91 -80 -80 -80 -75 -65 -53 -49 -53 -48 -40 -36 -38 -42 -45 -39 -42 -46 -50 -55 -55 -60 -65 -70 -67 -66 -74 -77 -77 -76 -71 -70 -67 -64 -60 -61 -61 -58 -49 -53 -54 -47 -48 -49 -52 -48 -55 -53 -57 -57 -63 -62 -68 -66 -67 -69 -66 -64 -67 -63 -64 -62 -64 -62 -61 -57 -57 -58 -60 -54 -54 -57 -55 -58 -57 -56 -59 -54 -60 -61 -59 -61 -58 -59 -65 -61 -65 -60 -61 -63 -61 -61 -59 -59 -60 -63 -58 -59 -60 -55 -57 -58 -60 -59 -59 -57 -56 -55 -61 -57 -63 -62 -60 -62 -57 -60 -59 -60 -60 -59 -59 -60 -54 -59 -63 -58 -58 -61 -60 -57 -58 -57 -61 117 6162 305 4060
-60 -60 -56 -58 -61 -56 -52 -57 -62 -57 -53 -55 -56 -60 -60 -56 -56 -58 -55 -57 -57 -56 -57 -57 -59 -57 -59 -59 -58 -58 -54 -54 -57 -59 -57 -55 -55 -56 -56 -55 -56 -54 -54 -60 -52 -58 -57 -58 -59 -62 -45 -17 36 138 296 402 174 -232 -417 -211 119 141 -214 -519 -465 -182 -16 -125 -317 -312 -164 -18 -15 -96 -59 16 95 47 13 33 109 105 43 -32 -22 17 15 -56 -119 -130 -99 -89 -125 -168 -162 -123 -107 -112 -128 -108 -77 -48 -49 -53 -36 -5 -1 -5 -19 -13 2 -9 -29 -41 -46 -46 -52 -77 -75 -93 -86 -83 -94 -99 -94 -87 -76 -75 -76 -67 -56 -49 -48 -48 -41 -37 -31 -32 -37 -34 -35 -40 -43 -51 -54 -50 -55 -58 -66 -74 -70 -68 -75 -70 -72 -64 -65 -64 -60 -54 -52 -52 -49 -45 -51 -43 -49 -44 -44 -52 -55 -53 -55 -55 -58 -58 -57 -63 -65 -61 -57 -65 -60 -62 -63 -59 -59 -58 -60 -54 -53 -55 -50 -53 -46 -51 -55 -54 -55 -56 -55 -56 -57 -53 -59 -58 -59 -62 -60 -61 -56 -62 -58 -59 -59 -59 -56 -58 -59 -53 -55 -54 -58 -55 -57 -56 -56 -54 -55 -56 -59 -58 -57 -54 -60 -55 -61 -55 -58 -56 -57 -56 -55 -58 -61 -57 -55 -59 -62 -53 -60 -57 -57 -58 -58 -58 -56 117 1649 305 4270
-62 -58 -60 -58 -59 -56 -60 -55 -60 -62 -63 -59 -58 -59 -57 -60 -62 -59 -58 -59 -61 -60 -60 -60 -60 -60 -62 -58 -55 -58 -59 -58 -62 -61 -60 -59 -63 -61 -61 -58 -58 -57 -61 -63 -60 -59 -62 -59 -61 -56 -35 -4 71 193 359 353 0 -360 -376 -63 178 22 -375 -544 -364 -85 -35 -218 -349 -270 -84 -9 -56 -97 -33 56 79 29 13 62 117 86 0 -39 -4 20 -8 -85 -132 -120 -88 -105 -146 -172 -153 -118 -112 -122 -129 -94 -60 -47 -53 -45 -24 2 2 -8 -20 -10 -3 -11 -31 -45 -42 -47 -58 -79 -92 -87 -86 -87 -98 -100 -92 -80 -79 -82 -76 -65 -55 -49 -45 -51 -38 -37 -35 -37 -39 -41 -43 -44 -51 -56 -61 -60 -67 -67 -70 -71 -73 -71 -75 -69 -72 -65 -66 -66 -61 -64 -58 -49 -53 -50 -52 -48 -49 -51 -51 -55 -53 -56 -58 -59 -57 -63 -66 -65 -65 -70 -69 -63 -65 -63 -63 -63 -64 -61 -62 -57 -62 -57 -56 -57 -55 -56 -9 -141 20 -112 -15 -93 -34 -76 -45 -73 -56 -71 -58 -71 -60 -70 -63 -64 -59 -62 -60 -63 -59 -61 -57 -62 -58 -56 -58 -59 -58 -57 -59 -62 -57 -62 -61 -61 -61 -60 -64 -57 -62 -65 -60 -65 -58 -62 -64 -65 -64 -60 -56 -54 -59 -58 -57 -57 -57 -58 -53 116 13159 305 4631
-61 -61 -60 -57 -60 -57 -58 -58 -58 -59 -58 -57 -57 -57 -59 -56 -57 -57 -57 -57 -62 -63 -54 -63 -59 -60 -57 -63 -61 -63 -57 -59 -58 -62 -61 -60 -59 -59 -59 -57 -60 -61 -59 -64 -60 -59 -60 -60 -56 -52 -29 15 102 243 387 285 -117 -404 -310 30 184 -80 -458 -519 -278 -35 -71 -267 -345 -215 -49 -10 -80 -83 -6 72 67 18 25 87 113 62 -13 -33 4 20 -29 -104 -134 -110 -86 -115 -155 -173 -139 -110 -113 -123 -123 -83 -52 -46 -58 -43 -18 6 -6 -13 -21 -7 -3 -18 -35 -46 -50 -49 -64 -84 -87 -85 -87 -86 -99 -101 -90 -81 -79 -79 -78 -60 -54 -51 -47 -46 -37 -34 -40 -39 -42 -42 -38 -45 -52 -52 -61 -60 -69 -70 -75 -74 -76 -74 -72 -72 -74 -69 -64 -62 -60 -60 -57 -54 -55 -50 -51 -49 -52 -50 -52 -49 -57 -58 -59 -58 -60 -62 -62 -61 -65 -65 -60 -65 -66 -63 -63 -63 -62 -62 -59 -56 -59 -59 -52 -52 -56 -52 -57 -57 -54 -53 -57 -61 -60 -59 -60 -61 -62 -62 -61 -52 -59 -58 -57 -56 -57 -58 -59 -56 -59 -60 -58 -59 -58 -59 -58 -55 -60 -57 -59 -59 -60 -59 -61 -61 -60 -64 -59 -62 -57 -59 -61 -61 -57 -57 -57 -62 -58 -55 -56 -59 -58 -53 -57 -59 -55 -56 -58 116 8750 305 4166
-63 -59 -60 -52 -53 -60 -59 -62 -59 -59 -61 -57 -60 -63 -60 -59 -60 -60 -58 -58 -62 -64 -61 -62 -63 -63 -65 -60 -63 -63 -60 -60 -60 -58 -63 -59 -55 -57 -60 -58 -58 -60 -65 -59 -63 -60 -57 -59 -63 -57 -44 -20 38 138 300 400 150 -248 -422 -197 127 129 -226 -526 -459 -175 -19 -137 -322 -320 -145 -22 -30 -91 -64 29 82 48 13 43 103 110 35 -26 -24 14 14 -54 -123 -130 -97 -93 -131 -169 -163 -129 -104 -114 -134 -109 -72 -50 -49 -56 -35 -8 4 -9 -17 -16 -4 -1 -24 -40 -45 -47 -52 -74 -83 -86 -87 -84 -96 -97 -97 -84 -78 -78 -80 -71 -58 -54 -54 -50 -41 -41 -36 -41 -39 -47 -39 -43 -51 -53 -53 -62 -59 -70 -72 -72 -70 -76 -75 -79 -71 -68 -69 -67 -63 -61 -56 -56 -22 -82 -29 -45 -53 -46 -56 -53 -57 -57 -64 -59 -61 -60 -63 -61 -69 -63 -66 -61 -64 -67 -65 -65 -62 -64 -59 -61 -55 -55 -55 -55 -57 -55 -57 -57 -52 -53 -52 -56 -58 -58 -58 -61 -59 -61 -71 -55 -69 -61 -66 -65 -62 -62 -65 -57 -61 -58 -62 -58 -56 -56 -60 -59 -54 -53 -59 -61 -56 -60 -60 -59 -59 -64 -56 -58 -63 -61 -61 -61 -55 -62 -60 -58 -60 -57 -56 -58 -58 -61 -55 -57 -62 -58 -58 116 4025 305 4481
-61 -62 -61 -62 -65 -61 -61 -62 -59 -61 -64 -58 -65 -57 -61 -62 -58 -56 -58 -57 -63 -60 -68 -56 -63 -63 -65 -59 -64 -60 -64 -63 -59 -62 -60 -64 -62 -60 -61 -59 -57 -61 -56 -57 -60 -56 -64 -59 -59 -55 -31 3 73 207 372 336 -33 -381 -358 -32 184 -1 -414 -541 -339 -69 -42 -230 -349 -252 -72 -9 -62 -94 -24 63 74 26 16 70 118 82 2 -33 -5 26 -14 -89 -139 -116 -93 -104 -147 -175 -147 -111 -113 -123 -122 -92 -61 -46 -51 -48 -25 1 4 -12 -17 -11 -1 -7 -36 -46 -45 -47 -58 -73 -91 -90 -87 -90 -100 -101 -87 -81 -83 -80 -76 -64 -56 -53 -47 -46 -40 -35 -34 -41 -40 -41 -41 -47 -51 -60 -60 -59 -59 -72 -71 -75 -69 -76 -73 -75 -73 -69 -65 -67 -64 -58 -53 -57 -57 -55 -47 -47 -49 -51 -53 -51 -49 -55 -60 -59 -55 -60 -68 -67 -70 -67 -65 -66 -67 -63 -67 -62 -57 -61 -57 -56 -57 -57 -56 -56 -52 -57 -54 -55 -55 -58 -60 -56 -61 -61 -64 -62 -64 -64 -60 -63 -64 -63 -60 -60 -58 -59 -64 -58 -58 -57 -57 -57 -56 -59 -60 -59 -56 -58 -59 -58 -59 -60 -59 -63 -57 -60 -59 -63 -61 -59 -66 -62 -66 -59 -57 -60 -62 -60 -59 -58 -57 -55 -59 -56 -60 -63 -57 115 15982 305 4184
-62 -60 -58 -64 -64 -60 -60 -62 -61 -60 -56 -63 -60 -63 -60 -59 -58 -62 -67 -57 -58 -63 -55 -62 -59 -59 -56 -55 -64 -58 -56 -59 -58 -60 -61 -58 -62 -60 -62 -62 -60 -65 -63 -58 -64 -62 -60 -58 -57 -56 -47 -14 41 146 304 395 136 -265 -416 -180 136 128 -243 -529 -448 -162 -19 -143 -327 -316 -142 -18 -30 -93 -64 30 79 49 11 45 105 104 35 -27 -27 23 13 -57 -124 -128 -99 -88 -132 -173 -158 -125 -106 -121 -125 -105 -74 -48 -51 -53 -34 -3 -1 -11 -15 -14 -1 -8 -27 -40 -45 -45 -52 -72 -88 -84 -84 -89 -95 -101 -97 -87 -80 -76 -76 -67 -60 -53 -50 -44 -42 -36 -37 -35 -39 -45 -37 -47 -47 -53 -62 -60 -65 -68 -68 -76 -72 -71 -74 -73 -73 -68 -66 -67 -61 -60 -58 -56 -54 -54 -47 -51 -51 -49 -48 -52 -51 -58 -56 -57 -62 -59 -61 -67 -66 -64 -64 -64 -67 -63 -65 -62 -62 -62 -61 -60 -54 -56 -58 -58 -52 -57 -56 -57 -55 -57 -56 -60 -61 -59 -56 -60 -63 -58 -66 -62 -62 -66 -66 -60 -62 -67 -58 -65 -61 -60 -64 -61 -56 -60 -55 -56 -56 -59 -57 -55 -58 -60 -58 -61 -65 -60 -61 -57 -61 -60 -63 -59 -64 -56 -62 -59 -60 -65 -56 -60 -56 -60 -61 -61 -61 -64 -59 115 10979 305 4760
-54 -52 -51 -55 -52 -52 -52 -49 -55 -53 -52 -53 -53 -55 -51 -53 -52 -52 -55 -50 -53 -51 -54 -52 -52 -51 -51 -49 -54 -53 -48 -52 -47 -51 -51 -48 -51 -53 -52 -53 -53 -51 -54 -50 -53 -49 -57 -50 -52 -53 -39 -8 43 142 295 410 193 -216 -417 -210 122 153 -191 -507 -466 -184 -11 -116 -311 -317 -156 -15 -21 -82 -63 30 92 63 15 45 108 117 53 -21 -18 22 24 -42 -113 -129 -96 -79 -120 -158 -160 -126 -103 -107 -121 -106 -65 -42 -45 -47 -30 -6 6 3 -11 -7 6 5 -14 -31 -41 -37 -42 -61 -72 -80 -82 -79 -87 -92 -91 -88 -72 -70 -72 -62 -52 -48 -44 -40 -21 -71 5 -61 -8 -60 -14 -51 -31 -55 -44 -62 -50 -64 -61 -73 -68 -70 -64 -70 -64 -62 -63 -55 -57 -53 -52 -48 -45 -43 -42 -45 -46 -45 -43 -46 -45 -48 -48 -49 -49 -53 -56 -53 -54 -57 -52 -64 -53 -67 -56 -59 -56 -58 -51 -52 -51 -46 -51 -52 -43 -44 -48 -46 -48 -45 -51 -49 -53 -51 -49 -46 -55 -51 -53 -55 -55 -51 -54 -48 -54 -51 -52 -52 -46 -50 -49 -48 -50 -54 -49 -51 -46 -51 -51 -52 -49 -48 -52 -50 -51 -52 -55 -54 -57 -49 -58 -53 -55 -53 -53 -51 -49 -53 -54 -48 -52 -57 -50 -55 -52 -48 -48 115 5990 305 4745
-54 -56 -50 -55 -53 -54 -59 -53 -53 -55 -56 -53 -54 -53 -56 -52 -56 -54 -51 -51 -54 -54 -53 -52 -57 -51 -50 -57 -54 -57 -54 -58 -57 -55 -53 -53 -58 -53 -56 -54 -55 -59 -55 -52 -57 -54 -55 -55 -52 -53 -39 -7 52 163 324 398 118 -276 -408 -156 151 112 -269 -527 -434 -143 -13 -158 -333 -306 -124 -9 -28 -92 -49 43 85 50 18 52 113 103 30 -30 -15 23 9 -58 -120 -126 -92 -94 -129 -169 -158 -121 -102 -114 -121 -102 -65 -41 -45 -53 -29 -9 6 -3 -12 -10 5 0 -20 -38 -42 -45 -50 -65 -81 -81 -84 -83 -92 -98 -92 -81 -72 -72 -74 -67 -54 -44 -45 -43 -38 -32 -30 -30 -37 -35 -36 -43 -45 -49 -48 -56 -59 -63 -64 -66 -67 -69 -74 -64 -64 -62 -60 -63 -57 -54 -50 -46 -49 -44 -45 -45 -46 -43 -46 -44 -46 -53 -53 -51 -58 -53 -56 -62 -61 -62 -59 -59 -59 -58 -60 -56 -55 -55 -56 -47 -51 -49 -49 -52 -50 -48 -55 -53 -55 -51 -53 -58 -54 -56 -54 -55 -57 -58 -55 -56 -56 -57 -56 -56 -55 -56 -57 -51 -55 -54 -53 -53 -55 -50 -53 -48 -55 -55 -52 -53 -57 -52 -53 -55 -55 -54 -55 -54 -55 -53 -57 -55 -56 -54 -53 -50 -56 -53 -52 -48 -50 -52 -55 -47 -56 -54 -47 115 1233 305 4515
-60 -60 -57 -59 -58 -59 -61 -65 -64 -58 -62 -62 -60 -63 -59 -59 -62 -60 -63 -61 -59 -62 -65 -60 -60 -60 -59 -60 -64 -58 -57 -60 -60 -61 -57 -60 -59 -59 -58 -58 -60 -56 -60 -58 -63 -61 -64 -58 -59 -58 -40 -5 64 184 343 354 23 -349 -385 -79 179 42 -357 -546 -372 -97 -31 -202 -344 -278 -95 -3 -48 -97 -35 57 77 33 11 54 117 86 10 -39 -7 27 -8 -82 -133 -123 -90 -102 -144 -173 -153 -118 -112 -121 -124 -96 -60 -45 -56 -49 -29 -1 2 -12 -15 -11 -4 -9 -29 -45 -47 -44 -61 -77 -89 -86 -85 -91 -99 -99 -93 -83 -84 -81 -73 -65 -59 -52 -53 -48 -37 -36 -33 -40 -38 -39 -39 -48 -48 -56 -58 -61 -64 -71 -71 -74 -73 -75 -72 -73 -38 -103 -58 -54 -69 -51 -63 -51 -65 -49 -58 -47 -55 -46 -57 -52 -57 -56 -58 -61 -62 -63 -60 -67 -65 -66 -71 -68 -62 -67 -65 -64 -62 -61 -63 -56 -58 -56 -58 -58 -55 -58 -58 -63 -51 -61 -56 -61 -57 -62 -61 -63 -64 -64 -56 -60 -60 -61 -55 -62 -60 -61 -60 -60 -58 -62 -58 -55 -60 -55 -54 -59 -54 -57 -59 -56 -60 -59 -61 -61 -60 -57 -62 -56 -57 -61 -60 -61 -60 -58 -49 -59 -59 -60 -57 -60 -54 -60 -60 -56 -61 -55 -59 114 13269 305 4105
-58 -57 -58 -53 -58 -57 -58 -57 -57 -57 -57 -56 -51 -55 -60 -54 -55 -54 -57 -51 -55 -57 -55 -56 -55 -53 -57 -51 -56 -56 -60 -52 -60 -59 -56 -56 -58 -55 -55 -57 -57 -60 -60 -59 -57 -56 -59 -57 -61 -56 -42 -13 39 151 308 398 141 -258 -416 -179 134 120 -241 -528 -454 -170 -18 -143 -325 -317 -142 -15 -33 -88 -62 29 86 48 11 42 108 108 30 -29 -23 20 14 -54 -129 -129 -101 -89 -132 -173 -163 -123 -107 -115 -125 -107 -71 -46 -51 -54 -35 -5 4 -5 -20 -16 -3 -3 -23 -41 -47 -45 -52 -69 -85 -87 -91 -83 -93 -97 -96 -83 -80 -75 -75 -64 -55 -51 -47 -46 -40 -35 -29 -39 -34 -36 -36 -42 -45 -51 -54 -58 -61 -62 -71 -73 -71 -71 -69 -68 -70 -67 -68 -64 -62 -57 -56 -56 -49 -50 -54 -49 -45 -46 -48 -51 -54 -53 -57 -56 -58 -60 -61 -64 -65 -64 -65 -62 -65 -59 -62 -59 -60 -58 -60 -58 -52 -54 -50 -57 -54 -53 -54 -49 -58 -53 -57 -56 -57 -55 -59 -59 -59 -62 -62 -62 -58 -61 -60 -58 -58 -63 -59 -59 -61 -56 -53 -60 -51 -58 -55 -58 -55 -58 -55 -57 -58 -61 -61 -58 -60 -61 -61 -58 -61 -60 -59 -61 -59 -58 -59 -57 -55 -56 -56 -57 -59 -52 -57 -55 -55 -60 -59 114 9054 305 3971
-60 -59 -60 -57 -60 -60 -58 -61 -59 -60 -58 -59 -57 -58 -61 -61 -61 -64 -60 -62 -59 -57 -61 -54 -63 -58 -57 -60 -58 -61 -62 -58 -60 -58 -61 -59 -54 -59 -60 -61 -61 -59 -58 -60 -60 -62 -63 -61 -61 -55 -48 -20 34 133 292 399 175 -242 -427 -208 121 143 -215 -522 -472 -182 -19 -132 -317 -323 -158 -18 -25 -87 -68 28 83 52 9 40 103 106 41 -29 -26 17 12 -55 -122 -133 -101 -92 -126 -168 -169 -127 -112 -114 -128 -111 -77 -46 -49 -52 -37 -9 3 -6 -18 -14 -5 -5 -21 -41 -49 -46 -3 -158 -8 -146 -46 -121 -71 -123 -84 -104 -77 -89 -77 -75 -62 -53 -51 -53 -46 -41 -36 -34 -40 -38 -41 -42 -50 -55 -58 -62 -62 -70 -73 -73 -74 -80 -76 -76 -74 -73 -68 -66 -64 -66 -53 -58 -52 -53 -52 -53 -48 -51 -47 -55 -52 -51 -55 -57 -63 -61 -63 -67 -67 -63 -65 -66 -61 -68 -59 -58 -62 -62 -58 -60 -57 -54 -54 -55 -57 -57 -58 -57 -53 -56 -57 -58 -57 -58 -59 -57 -60 -60 -62 -57 -64 -60 -60 -62 -61 -62 -58 -62 -58 -56 -60 -58 -57 -56 -61 -56 -55 -55 -56 -60 -58 -58 -57 -60 -57 -58 -60 -59 -68 -58 -60 -63 -59 -60 -56 -58 -62 -61 -59 -61 -62 -57 -61 -59 -60 -57 -59 114 4618 305 4193
-59 -56 -59 -59 -61 -62 -59 -58 -58 -63 -63 -55 -62 -57 -57 -63 -60 -58 -58 -59 -62 -60 -60 -56 -61 -61 -62 -62 -60 -57 -64 -56 -60 -59 -59 -59 -61 -59 -64 -59 -59 -61 -59 -63 -61 -61 -62 -62 -61 -55 -35 3 76 210 370 336 -37 -378 -359 -33 183 -4 -399 -536 -341 -68 -43 -230 -344 -253 -74 -10 -65 -97 -27 63 74 20 9 69 110 78 -5 -35 -6 23 -15 -103 -148 -120 -88 -98 -142 -173 -150 -116 -105 -111 -115 -86 -63 -47 -54 -45 -20 -3 -7 -25 -27 -19 -4 -23 -36 -45 -44 -46 -61 -74 -82 -86 -88 -90 -99 -101 -93 -83 -81 -81 -79 -65 -55 -48 -47 -48 -40 -35 -36 -36 -43 -41 -39 -45 -51 -57 -61 -59 -67 -69 -74 -72 -70 -73 -72 -70 -72 -67 -68 -65 -65 -60 -56 -53 -52 -49 -51 -48 -50 -48 -55 -51 -56 -55 -57 -60 -59 -60 -63 -63 -66 -61 -64 -68 -67 -68 -68 -60 -61 -62 -63 -60 -58 -58 -56 -55 -56 -58 -56 -54 -56 -58 -57 -59 -62 -61 -61 -59 -68 -57 -65 -57 -65 -59 -61 -56 -57 -61 -62 -56 -59 -62 -60 -57 -57 -55 -59 -58 -61 -56 -58 -63 -59 -61 -59 -58 -61 -62 -63 -61 -61 -61 -62 -60 -62 -62 -63 -61 -60 -56 -56 -55 -59 -59 -59 -58 -57 -60 -58 113 16176 305 4583
-64 -62 -63 -56 -63 -60 -61 -57 -60 -60 -60 -62 -64 -64 -57 -62 -60 -62 -58 -57 -60 -61 -64 -59 -60 -60 -57 -55 -62 -60 -59 -63 -58 -60 -62 -61 -59 -59 -62 -60 -60 -62 -57 -57 -58 -60 -60 -58 -60 -60 -33 4 82 218 374 326 -49 -386 -344 -20 182 -26 -414 -541 -326 -62 -51 -243 -353 -250 -72 -8 -66 -93 -22 66 74 26 17 70 115 79 -1 -33 -3 23 -17 -100 -138 -120 -90 -104 -153 -175 -150 -112 -109 -126 -123 -92 -51 -43 -55 -46 -25 -2 2 -11 -20 -9 20 -66 4 -86 -15 -72 -40 -99 -71 -102 -76 -99 -95 -107 -90 -86 -83 -84 -77 -69 -55 -47 -51 -44 -46 -33 -40 -40 -41 -43 -39 -46 -53 -58 -60 -60 -64 -72 -76 -73 -72 -76 -73 -71 -71 -69 -65 -75 -59 -64 -56 -58 -57 -60 -50 -55 -49 -52 -52 -56 -55 -60 -61 -53 -61 -58 -67 -63 -71 -72 -67 -59 -59 -68 -58 -65 -63 -65 -57 -58 -56 -58 -58 -55 -52 -54 -56 -55 -56 -58 -62 -61 -59 -57 -61 -63 -61 -61 -67 -57 -62 -60 -60 -61 -61 -59 -63 -60 -60 -58 -56 -57 -58 -59 -54 -61 -57 -55 -57 -57 -61 -59 -64 -59 -61 -64 -58 -60 -61 -60 -61 -60 -64 -59 -58 -58 -57 -59 -62 -56 -58 -56 -60 -64 -59 -54 -58 113 11480 305 4453
-58 -59 -62 -55 -61 -57 -60 -61 -59 -58 -60 -63 -60 -59 -59 -59 -59 -61 -56 -60 -64 -61 -62 -59 -58 -56 -62 -62 -59 -60 -63 -60 -61 -61 -58 -59 -56 -57 -58 -60 -58 -57 -61 -62 -60 -59 -60 -64 -60 -57 -38 1 84 216 375 320 -59 -387 -348 -14 184 -29 -416 -537 -324 -61 -56 -231 -346 -244 -64 -9 -64 -95 -20 71 75 19 14 74 116 77 -8 -35 -2 27 -20 -96 -138 -117 -89 -105 -159 -175 -144 -114 -111 -125 -123 -91 -57 -47 -56 -44 -22 3 0 -18 -17 -11 -2 -12 -35 -51 -49 -48 -62 -78 -89 -90 -83 -91 -100 -100 -88 -84 -76 -82 -78 -66 -56 -53 -54 -45 -38 -33 -36 -43 -44 -44 -38 -44 -46 -56 -57 -59 -68 -76 -75 -74 -72 -76 -78 -77 -73 -69 -66 -66 -63 -59 -57 -53 -54 -49 -50 -49 -51 -56 -48 -53 -51 -58 -60 -57 -60 -62 -67 -63 -69 -69 -67 -68 -68 -64 -61 -62 -60 -58 -60 -58 -58 -57 -58 -54 -58 -56 -57 -54 -53 -59 -57 -58 -60 -63 -63 -62 -62 -59 -64 -61 -64 -61 -61 -60 -63 -60 -60 -62 -57 -61 -60 -53 -59 -55 -59 -57 -57 -57 -59 -57 -61 -62 -60 -60 -60 -63 -61 -62 -61 -62 -56 -56 -59 -62 -60 -58 -62 -59 -59 -62 -55 -58 -57 -58 -61 -59 -58 113 6908 305 4329
-50 -51 -53 -52 -48 -52 -54 -46 -49 -55 -56 -51 -51 -56 -51 -52 -53 -51 -53 -55 -50 -55 -53 -54 -55 -55 -51 -54 -52 -52 -56 -55 -51 -52 -51 -52 -54 -49 -53 -54 -51 -56 -55 -52 -55 -52 -56 -28 -79 -35 -40 -13 41 140 308 395 170 -248 -409 -194 133 129 -226 -522 -453 -168 -14 -136 -322 -313 -148 -12 -23 -90 -57 35 88 57 14 46 111 109 39 -25 -17 26 18 -55 -121 -133 -94 -87 -127 -157 -162 -132 -103 -115 -124 -103 -72 -40 -45 -49 -28 -8 9 -1 -11 -5 4 -2 -14 -31 -40 -41 -47 -64 -71 -84 -74 -78 -86 -94 -93 -81 -73 -75 -70 -62 -50 -48 -43 -44 -35 -31 -29 -27 -27 -32 -34 -31 -44 -48 -48 -55 -56 -60 -60 -61 -64 -68 -69 -67 -66 -63 -59 -57 -61 -54 -53 -50 -49 -44 -41 -43 -41 -44 -45 -41 -45 -46 -51 -50 -51 -54 -51 -58 -56 -56 -57 -58 -58 -57 -56 -61 -51 -55 -50 -52 -51 -51 -50 -47 -46 -50 -47 -50 -52 -50 -45 -51 -53 -52 -54 -51 -52 -52 -59 -52 -59 -55 -53 -53 -54 -53 -50 -52 -52 -51 -55 -52 -54 -53 -51 -53 -48 -49 -57 -51 -53 -51 -54 -56 -50 -57 -53 -52 -52 -56 -54 -51 -51 -55 -54 -55 -55 -57 -53 -53 -53 -49 -54 -52 -52 -51 -47 113 2109 305 4555
-51 -55 -52 -55 -48 -52 -52 -50 -51 -52 -52 -55 -54 -53 -55 -51 -54 -53 -50 -53 -51 -57 -55 -51 -52 -51 -53 -54 -51 -55 -51 -49 -53 -54 -52 -52 -49 -54 -52 -51 -53 -47 -53 -56 -51 -53 -55 -52 -54 -52 -38 -14 39 138 290 407 194 -212 -416 -215 120 154 -186 -507 -469 -185 -7 -113 -303 -324 -156 -17 -19 -80 -63 25 92 57 21 46 109 114 47 -21 -18 24 23 -42 -115 -123 -99 -81 -121 -160 -157 -123 -101 -106 -123 -107 -68 -43 -44 -44 -30 3 13 0 -9 -7 7 5 -16 -35 -39 -35 -45 -62 -77 -88 -78 -78 -87 -90 -85 -81 -74 -75 -69 -62 -49 -43 -44 -41 -36 -27 -24 -27 -31 -32 -33 -37 -41 -49 -50 -50 -53 -62 -67 -68 -67 -66 -67 -64 -64 -60 -64 -66 -56 -54 -50 -46 -46 -46 -48 -40 -42 -46 -46 -45 -45 -45 -50 -51 -51 -49 -55 -59 -59 -61 -57 -58 -58 -59 -59 -57 -51 -53 -52 -53 -50 -46 -46 -46 -47 -48 -47 -53 -47 -51 -52 -52 -50 -51 -50 -55 -53 -53 -52 -54 -55 -50 -57 -56 -55 -53 -51 -47 -50 -51 -55 -53 -50 -42 -48 -47 -48 -51 -47 -52 -49 -53 -50 -51 -53 -53 -52 -49 -54 -51 -54 -55 -52 -54 -57 -51 -51 -51 -55 -52 -48 -52 -50 -51 -6 -137 23 112 14000 305 4250
-59 -61 -61 -64 -62 -61 -62 -60 -59 -58 -61 -58 -61 -57 -58 -61 -59 -58 -60 -57 -60 -61 -60 -59 -60 -58 -58 -61 -58 -60 -60 -65 -59 -60 -60 -61 -61 -56 -60 -57 -63 -62 -61 -58 -61 -61 -61 -60 -61 -59 -42 -16 44 149 307 393 127 -273 -418 -171 138 112 -254 -535 -448 -160 -15 -152 -335 -313 -109 -57 6 -110 -43 36 87 42 6 39 105 98 19 -39 -25 20 2 -69 -135 -134 -99 -91 -136 -173 -160 -121 -99 -116 -129 -112 -73 -52 -46 -52 -30 -11 3 -10 -22 -17 -8 -10 -30 -46 -51 -45 -58 -74 -87 -96 -85 -96 -98 -107 -100 -87 -79 -82 -78 -70 -59 -51 -52 -50 -45 -33 -30 -39 -42 -37 -37 -39 -45 -54 -56 -61 -61 -71 -68 -73 -71 -71 -77 -79 -74 -69 -71 -68 -68 -61 -55 -51 -54 -51 -48 -53 -48 -48 -49 -56 -54 -51 -57 -60 -57 -64 -61 -62 -67 -67 -65 -63 -66 -65 -68 -60 -59 -60 -64 -60 -56 -55 -56 -56 -55 -54 -54 -54 -58 -53 -58 -62 -59 -63 -61 -57 -56 -65 -66 -61 -61 -58 -61 -68 -60 -61 -61 -57 -57 -55 -56 -55 -57 -60 -60 -62 -63 -58 -59 -64 -57 -60 -60 -62 -58 -61 -62 -60 -61 -59 -61 -58 -59 -63 -59 -62 -60 -56 -59 -59 -61 -60 -56 -59 -57 -55 -61 112 4455 305 4407
-60 -59 -59 -64 -60 -65 -63 -58 -63 -62 -62 -58 -61 -61 -61 -62 -58 -62 -62 -59 -62 -61 -65 -59 -59 -60 -58 -61 -60 -57 -62 -62 -64 -60 -56 -54 -61 -59 -59 -59 -62 -64 -57 -56 -63 -64 -62 -58 -58 -53 -30 9 89 227 378 310 -79 -395 -340 1 185 -46 -433 -533 -311 -53 -55 -257 -352 -238 -61 -10 -72 -97 -16 69 71 19 16 77 114 73 -10 -39 0 20 -25 -96 -138 -116 -91 -112 -157 -169 -146 -112 -109 -126 -121 -89 -56 -48 -56 -51 -24 -2 -3 -16 -20 -8 -3 -15 -34 -47 -49 -49 -61 -79 -87 -85 -89 -90 -98 -107 -89 -86 -79 -82 -75 -64 -52 -53 -50 -46 -39 -36 -39 -38 -39 -45 -44 -45 -51 -57 -62 -59 -63 -70 -73 -73 -78 -74 -75 -70 -74 -71 -62 -59 -64 -62 -60 -53 -54 -51 -51 -49 -48 -53 -55 -52 -52 -57 -60 -58 -61 -63 -65 -23 -129 -7 -102 -41 -85 -51 -75 -55 -64 -59 -63 -59 -62 -57 -54 -55 -55 -58 -57 -57 -59 -59 -63 -58 -60 -62 -63 -60 -61 -65 -64 -63 -64 -62 -64 -62 -62 -67 -62 -61 -65 -58 -62 -63 -56 -62 -62 -69 -54 -57 -57 -58 -63 -67 -61 -65 -61 -62 -58 -63 -79 -62 -66 -56 -59 -62 -54 -56 -54 -54 -59 -56 -60 -61 -56 -57 -60 -59 -59 111 15979 305 4617
-58 -63 -60 -61 -58 -59 -59 -62 -56 -63 -53 -60 -58 -61 -61 -58 -61 -58 -59 -59 -60 -59 -63 -62 -63 -61 -57 -64 -56 -58 -63 -61 -63 -62 -56 -57 -57 -61 -57 -57 -62 -59 -62 -60 -58 -65 -63 -62 -59 -54 -27 17 109 250 395 264 -138 -413 -290 52 174 -108 -476 -511 -261 -35 -83 -279 -339 -205 -43 -11 -81 -86 -1 78 69 15 22 87 113 59 -14 -36 7 21 -30 -111 -136 -108 -93 -116 -159 -171 -137 -107 -112 -126 -114 -84 -58 -50 -55 -47 -16 3 -3 -15 -18 -10 3 -17 -39 -48 -46 -50 -65 -76 -88 -94 -85 -92 -97 -99 -91 -81 -80 -81 -72 -60 -56 -47 -52 -44 -38 -35 -32 -41 -42 -39 -40 -47 -55 -54 -65 -57 -69 -72 -71 -75 -75 -72 -74 -75 -71 -68 -71 -71 -74 -61 -51 -44 -40 -52 -52 -54 -47 -39 -43 -54 -57 -54 -57 -55 -57 -66 -76 -74 -73 -67 -68 -63 -64 -64 -64 -60 -60 -58 -59 -59 -57 -57 -58 -52 -59 -56 -60 -58 -55 -52 -54 -56 -56 -59 -61 -62 -63 -68 -61 -68 -64 -72 -65 -61 -64 -60 -62 -61 -58 -59 -56 -58 -54 -56 -60 -65 -57 -58 -58 -59 -62 -58 -63 -62 -59 -62 -62 -57 -62 -62 -63 -62 -60 -63 -63 -56 -58 -58 -61 -62 -58 -56 -58 -60 -60 -59 -60 111 11700 305 4036
-60 -59 -65 -59 -59 -58 -59 -63 -63 -59 -60 -59 -58 -59 -56 -59 -31 -94 -37 -61 -59 -62 -65 -57 -68 -57 -63 -57 -66 -63 -62 -57 -61 -61 -63 -56 -61 -59 -63 -62 -59 -60 -58 -63 -61 -60 -63 -62 -56 -56 -44 -6 56 184 339 371 39 -333 -395 -96 170 53 -338 -554 -384 -114 -22 -202 -347 -289 -101 -13 -47 -97 -46 51 82 34 12 56 116 93 7 -28 -8 25 1 -76 -136 -126 -95 -98 -145 -175 -153 -117 -111 -122 -123 -96 -67 -49 -51 -51 -26 -1 0 -9 -21 -9 -4 -7 -29 -44 -46 -47 -57 -75 -84 -89 -86 -94 -97 -100 -96 -83 -80 -84 -72 -66 -59 -54 -51 -48 -41 -34 -34 -37 -39 -44 -40 -48 -49 -55 -64 -58 -65 -69 -72 -76 -78 -73 -77 -75 -75 -72 -69 -65 -67 -58 -58 -54 -57 -52 -56 -49 -51 -52 -48 -54 -51 -57 -58 -56 -59 -63 -59 -67 -65 -62 -65 -67 -62 -64 -67 -62 -60 -58 -62 -58 -58 -57 -57 -58 -54 -55 -58 -57 -63 -58 -58 -59 -62 -62 -63 -59 -61 -61 -65 -62 -62 -65 -61 -61 -59 -61 -63 -60 -62 -57 -59 -58 -59 -59 -58 -58 -57 -63 -55 -61 -60 -57 -62 -60 -61 -61 -63 -61 -60 -63 -65 -63 -63 -61 -61 -58 -54 -61 -58 -57 -56 -57 -58 -59 -63 -59 -63 111 2633 305 4359
-62 -55 -66 -59 -59 -57 -65 -61 -60 -60 -60 -59 -63 -58 -63 -58 -63 -60 -63 -57 -62 -62 -62 -58 -64 -67 -69 -71 -62 -53 -49 -50 -62 -63 -60 -57 -48 -52 -60 -65 -61 -57 -52 -61 -62 -69 -73 -65 -62 -58 -45 -15 46 165 327 391 93 -301 -408 -143 156 90 -289 -540 -427 -136 -19 -173 -333 -301 -120 -9 -43 -96 -55 42 83 43 7 51 111 100 19 -36 -17 23 1 -63 -130 -124 -94 -99 -137 -170 -161 -121 -106 -122 -127 -108 -69 -44 -53 -51 -38 -7 -1 -8 -18 -15 -4 -7 -29 -42 -45 -44 -55 -73 -84 -90 -86 -89 -99 -107 -93 -89 -78 -80 -80 -70 -54 -51 -48 -44 -38 -32 -33 -38 -38 -42 -41 -43 -48 -55 -59 -65 -64 -67 -72 -76 -73 -73 -76 -73 -71 -67 -68 -65 -64 -60 -58 -57 -59 -52 1 -131 16 -92 -23 -76 -33 -69 -49 -66 -56 -69 -64 -73 -71 -71 -70 -69 -67 -63 -68 -60 -62 -64 -58 -61 -53 -56 -60 -57 -61 -51 -60 -59 -60 -61 -62 -58 -58 -63 -62 -63 -62 -71 -59 -68 -64 -65 -68 -61 -66 -62 -62 -61 -64 -61 -62 -57 -54 -59 -58 -53 -57 -61 -59 -62 -57 -56 -64 -55 -58 -59 -65 -63 -60 -59 -60 -56 -61 -64 -56 -63 -61 -56 -56 -55 -56 -57 -57 -53 -58 -56 -56 110 14474 305 4300
-62 -60 -59 -62 -59 -60 -60 -58 -60 -60 -58 -60 -59 -58 -58 -56 -58 -54 -60 -57 -59 -60 -58 -61 -60 -57 -64 -60 -57 -58 -62 -55 -58 -56 -57 -56 -61 -58 -59 -60 -61 -58 -58 -61 -61 -59 -63 -58 -63 -56 -46 -14 42 143 298 397 151 -255 -421 -193 130 130 -239 -522 -458 -171 -16 -142 -327 -319 -140 -22 -29 -91 -64 33 82 47 11 41 105 110 34 -28 -27 18 15 -55 -120 -124 -94 -93 -132 -172 -160 -131 -115 -118 -129 -104 -79 -57 -58 -53 -34 -3 3 -8 -14 -8 4 1 -20 -41 -50 -43 -52 -68 -78 -90 -87 -89 -88 -99 -98 -90 -84 -81 -78 -71 -61 -53 -49 -46 -42 -37 -35 -36 -40 -39 -36 -41 -49 -50 -57 -58 -59 -69 -71 -77 -75 -75 -79 -73 -75 -71 -68 -64 -63 -59 -53 -54 -54 -53 -46 -49 -51 -53 -52 -52 -53 -58 -59 -60 -61 -61 -60 -64 -63 -64 -65 -60 -64 -65 -65 -61 -61 -60 -65 -58 -57 -56 -58 -55 -51 -56 -53 -55 -56 -56 -54 -60 -59 -59 -61 -61 -63 -62 -62 -59 -62 -61 -62 -64 -61 -62 -57 -58 -59 -58 -61 -59 -56 -57 -58 -61 -58 -58 -58 -57 -57 -60 -64 -60 -60 -58 -59 -59 -60 -59 -59 -62 -61 -61 -65 -62 -58 -56 -57 -59 -58 -61 -61 -58 -55 -59 -61 110 9730 305 4501
-51 -55 -52 -51 -50 -54 -57 -52 -53 -50 -51 -52 -51 -51 -54 -53 -51 -49 -51 -51 -49 -50 -52 -53 -50 -55 -48 -50 -50 -56 -48 -53 -52 -51 -53 -26 -69 -66 -29 -72 -34 -69 -38 -70 -44 -67 -50 -61 -47 -52 -23 20 111 242 393 298 -92 -397 -309 30 188 -66 -449 -518 -279 -33 -62 -260 -342 -209 -43 -3 -67 -84 0 81 73 23 31 82 123 74 -7 -28 7 27 -19 -101 -128 -106 -86 -103 -149 -162 -131 -99 -102 -113 -117 -80 -45 -44 -45 -39 -12 11 6 -8 -10 4 12 -8 -25 -40 -41 -45 -58 -70 -78 -82 -77 -82 -94 -86 -80 -71 -76 -68 -63 -55 -48 -44 -39 -33 -31 -22 -27 -31 -28 -30 -32 -36 -43 -46 -51 -53 -57 -58 -66 -64 -66 -65 -67 -65 -64 -62 -60 -56 -49 -52 -48 -39 -45 -39 -37 -41 -40 -42 -44 -43 -45 -46 -48 -51 -52 -50 -55 -55 -59 -58 -58 -54 -53 -54 -52 -53 -50 -54 -52 -52 -50 -45 -50 -47 -49 -45 -49 -51 -50 -52 -48 -52 -53 -49 -53 -51 -53 -56 -51 -55 -52 -54 -54 -49 -53 -53 -51 -49 -50 -49 -52 -52 -50 -53 -51 -49 -49 -50 -52 -52 -52 -51 -53 -52 -47 -49 -49 -50 -52 -51 -59 -54 -50 -48 -42 -49 -50 -53 -56 -48 -49 -48 -48 -45 -45 -47 -49 110 5350 305 4137
-57 -60 -60 -59 -63 -62 -57 -64 -58 -60 -63 -61 -61 -62 -57 -57 -62 -59 -59 -61 -58 -64 -58 -57 -59 -57 -57 -60 -57 -60 -60 -62 -61 -57 -60 -63 -56 -59 -59 -64 -60 -59 -62 -59 -57 -60 -57 -60 -59 -57 -48 -16 33 136 289 401 177 -230 -420 -210 118 137 -208 -516 -473 -192 -19 -125 -314 -328 -158 -22 -24 -87 -71 25 85 51 15 41 105 108 35 -28 -29 17 13 -48 -123 -130 -102 -92 -128 -168 -168 -132 -108 -115 -130 -109 -74 -47 -49 -55 -37 -10 5 -4 -13 -17 4 -3 -21 -36 -51 -51 -54 -69 -83 -92 -86 -91 -92 -100 -95 -84 -79 -84 -78 -69 -59 -55 -51 -50 -43 -36 -33 -38 -40 -40 -33 -41 -44 -50 -58 -61 -66 -70 -73 -75 -74 -38 -152 -5 -128 -26 -105 -37 -85 -46 -64 -45 -59 -48 -60 -49 -57 -47 -55 -51 -52 -56 -57 -57 -62 -62 -62 -64 -67 -66 -64 -66 -65 -67 -65 -64 -64 -63 -63 -58 -59 -60 -60 -55 -57 -54 -55 -54 -60 -56 -61 -57 -60 -62 -56 -59 -56 -65 -62 -67 -63 -64 -60 -63 -57 -60 -60 -58 -61 -59 -60 -61 -57 -53 -52 -55 -55 -58 -58 -61 -55 -60 -57 -56 -60 -61 -60 -60 -63 -62 -59 -60 -58 -63 -59 -61 -64 -57 -60 -63 -59 -57 -52 -58 -57 -61 -56 110 494 305 4612
-60 -59 -59 -59 -60 -60 -56 -60 -60 -58 -63 -60 -62 -62 -62 -60 -64 -58 -63 -58 -59 -60 -58 -56 -58 -61 -57 -58 -62 -60 -62 -57 -61 -57 -59 -59 -59 -59 -65 -59 -61 -60 -58 -60 -58 -57 -58 -60 -59 -59 -45 -20 30 135 288 400 188 -222 -420 -218 112 142 -195 -519 -475 -198 -21 -122 -309 -319 -163 -29 -24 -91 -74 22 87 50 13 36 105 109 46 -27 -27 16 20 -55 -123 -131 -99 -93 -126 -170 -167 -133 -109 -115 -126 -119 -74 -48 -51 -54 -36 -5 2 -3 -18 -16 -2 -5 -20 -38 -48 -46 -52 -69 -81 -89 -85 -86 -96 -102 -93 -85 -81 -80 -78 -72 -61 -51 -52 -51 -45 -35 -27 -38 -39 -40 -38 -40 -45 -54 -59 -62 -60 -68 -71 -69 -76 -74 -74 -74 -73 -73 -70 -63 -68 -59 -58 -54 -53 -53 -48 -50 -48 -46 -52 -50 -55 -51 -57 -59 -61 -60 -64 -61 -68 -64 -65 -62 -67 -64 -64 -64 -64 -60 -59 -60 -58 -56 -58 -58 -57 -51 -53 -56 -55 -56 -56 -58 -57 -58 -60 -60 -63 -61 -64 -61 -62 -60 -58 -59 -60 -62 -57 -61 -59 -55 -56 -57 -56 -60 -54 -61 -59 -55 -62 -59 -60 -60 -61 -58 -60 -57 -62 -60 -61 -62 -61 -55 -61 -61 -60 -57 -61 -61 -57 -59 -60 -54 -58 -59 -59 -62 -56 109 12371 305 4264
-49 -54 -55 -57 -55 -51 -56 -56 -57 -57 -61 -58 -58 -61 -67 -64 -55 -51 -44 -49 -58 -58 -51 -45 -42 -51 -57 -58 -52 -49 -54 -60 -65 -65 -62 -56 -57 -56 -52 -54 -56 -56 -53 -52 -56 -54 -55 -56 -53 -54 -36 -8 50 165 319 400 120 -274 -412 -151 152 109 -271 -533 -428 -142 -13 -159 -331 -303 -126 -9 -33 -91 -50 43 87 47 16 51 117 104 33 -30 -13 23 9 -59 -126 -125 -91 -97 -131 -166 -154 -122 -101 -113 -122 -103 -65 -45 -52 -49 -32 -5 6 -6 -16 -12 2 0 -19 -41 -43 -43 -49 -71 -81 -87 -88 -82 -94 -98 -92 -81 -77 -76 -75 -67 -56 -52 -50 -49 -43 -33 -29 -31 -39 -36 -36 -41 -45 -49 -58 -56 -60 -69 -69 -70 -69 -68 -73 -71 -72 -69 -64 -63 -63 -57 -55 -53 -48 -52 -49 -45 -48 -45 -49 -47 -48 -52 -55 -57 -55 -62 -63 -61 -62 -62 -65 -59 -63 -62 -64 -61 -56 -59 -59 -49 -58 -56 -53 -53 -50 -52 -54 -56 -55 -53 -57 -56 -56 -55 -57 -59 -59 -63 -60 -62 -62 -61 -60 -58 -59 -62 -55 -59 -51 -55 -59 -58 -55 -55 -53 -57 -55 -58 -58 -53 -60 -57 -60 -60 -57 -67 -56 -57 -61 -57 -58 -59 -58 -60 -56 -56 -55 -55 -55 -57 -55 -57 -57 -57 -58 -55 -62 109 7120 305 5008
-58 -58 -60 -63 -61 -59 -62 -58 -56 -60 -57 -59 -62 -58 -60 -58 -59 -60 -58 -57 -60 -55 -59 -59 -59 -57 -60 -59 -63 -59 -59 -61 -58 -57 -61 -57 -58 -59 -57 -61 -60 -62 -60 -54 -57 -61 -62 -57 -55 -57 -48 -17 35 140 289 400 184 -226 -421 -216 113 143 -208 -516 -477 -196 -14 -124 -318 -324 -158 -23 -24 -88 -64 20 80 52 50 -23 156 78 65 -48 -17 3 19 -57 -119 -140 -102 -91 -127 -171 -164 -130 -109 -114 -129 -111 -75 -51 -51 -56 -39 -12 2 -7 -17 -21 -5 -3 -26 -40 -49 -49 -52 -67 -90 -92 -87 -88 -93 -102 -97 -85 -84 -86 -79 -70 -67 -55 -52 -49 -44 -36 -36 -36 -39 -42 -42 -40 -49 -53 -60 -59 -55 -66 -70 -72 -70 -71 -71 -72 -69 -71 -65 -65 -65 -60 -62 -53 -56 -53 -50 -50 -49 -53 -47 -50 -52 -52 -53 -59 -56 -59 -60 -67 -63 -67 -65 -69 -67 -62 -63 -63 -58 -60 -61 -60 -61 -58 -56 -55 -52 -52 -56 -58 -52 -58 -56 -55 -60 -61 -59 -60 -64 -63 -63 -62 -62 -61 -61 -64 -58 -59 -61 -58 -61 -57 -56 -61 -56 -57 -60 -57 -60 -63 -56 -56 -58 -59 -61 -55 -60 -56 -57 -62 -60 -56 -57 -63 -59 -58 -60 -58 -60 -56 -58 -57 -58 -61 -56 -56 -57 -59 -61 109 2544 305 4333
-57 -62 -57 -58 -56 -58 -58 -58 -60 -57 -57 -57 -58 -54 -58 -56 -54 -60 -56 -54 -58 -58 -54 -61 -58 -57 -57 -57 -59 -59 -53 -58 -55 -60 -56 -55 -60 -61 -61 -60 -57 -56 -53 -58 -57 -58 -61 -55 -56 -50 -36 -6 60 178 338 377 57 -326 -393 -104 171 68 -328 -538 -392 -114 -23 -187 -340 -284 -105 -6 -42 -94 -42 50 85 39 14 59 114 96 17 -35 -10 26 -1 -72 -128 -120 -88 -95 -141 -172 -154 -120 -106 -115 -126 -98 -59 -42 -49 -50 -27 1 4 -8 -17 -12 2 -7 -23 -39 -43 -46 -55 -70 -87 -86 -79 -88 -88 -100 -89 -80 -73 -78 -74 -67 -53 -49 -47 -45 -37 -33 -30 -33 -35 -42 -37 -37 -45 -51 -56 -57 -59 -62 -67 -66 -67 -71 -68 -72 -66 -64 -62 -58 -58 -53 -54 -53 -48 -45 -42 -41 -47 -45 -48 -50 -51 -48 -55 -54 -57 -59 -60 -57 -57 -66 -61 -58 -61 -60 -59 -60 -53 -56 -55 -55 -55 -49 -51 -55 -49 -53 -50 -56 -54 -57 -50 -54 -57 -53 -52 -53 -56 -55 -61 -60 -57 -58 -58 -59 -58 -56 -52 -56 -56 -58 -55 -3 -141 14 -104 -16 -83 -32 -69 -44 -65 -48 -62 -57 -59 -57 -60 -60 -61 -61 -57 -55 -56 -55 -60 -57 -54 -57 -56 -58 -55 -53 -57 -52 -55 -55 -55 108 14393 305 4292
-58 -57 -59 -60 -56 -60 -53 -58 -55 -59 -57 -62 -60 -54 -59 -58 -57 -57 -60 -59 -59 -62 -55 -59 -60 -62 -57 -58 -53 -59 -59 -60 -60 -57 -59 -58 -60 -56 -58 -55 -57 -60 -56 -60 -61 -57 -63 -57 -59 -60 -47 -18 32 135 288 402 191 -218 -421 -226 108 146 -194 -515 -475 -200 -19 -116 -307 -330 -164 -24 -17 -89 -69 23 83 58 9 32 102 108 41 -25 -30 15 18 -48 -123 -134 -99 -87 -129 -165 -164 -125 -106 -111 -125 -108 -39 -87 -11 -68 -28 -14 3 -5 -20 -16 -8 -1 -23 -41 -46 -42 -53 -68 -82 -89 -87 -89 -91 -101 -99 -87 -76 -75 -79 -71 -62 -51 -55 -49 -39 -38 -36 -38 -38 -41 -43 -42 -45 -48 -54 -57 -65 -60 -77 -70 -78 -71 -77 -70 -72 -72 -68 -64 -63 -57 -56 -52 -51 -49 -49 -46 -43 -48 -46 -47 -50 -55 -52 -58 -58 -62 -62 -64 -59 -64 -65 -63 -67 -64 -66 -61 -56 -55 -62 -55 -56 -56 -51 -51 -56 -50 -52 -52 -56 -54 -56 -59 -56 -57 -57 -61 -59 -61 -61 -60 -57 -59 -58 -57 -61 -57 -58 -58 -53 -56 -57 -51 -50 -55 -59 -55 -56 -57 -54 -56 -57 -55 -55 -60 -58 -64 -61 -59 -59 -61 -59 -58 -58 -56 -55 -54 -57 -57 -55 -59 -61 -60 -59 -56 -61 -56 -61 108 550 305 4283
-63 -63 -60 -61 -60 -59 -60 -57 -61 -59 -59 -60 -56 -58 -62 -59 -63 -57 -60 -61 -62 -59 -58 -61 -60 -61 -62 -60 -60 -60 -59 -58 -57 -57 -57 -60 -60 -58 -61 -65 -63 -60 -62 -60 -60 -61 -63 -57 -59 -54 -41 0 63 187 350 364 21 -347 -384 -80 177 42 -360 -545 -379 -95 -28 -207 -340 -276 -94 -9 -57 -95 -44 56 80 33 10 63 115 86 11 -37 -9 22 -6 -82 -138 -123 -90 -103 -145 -176 -155 -116 -110 -121 -126 -96 -64 -53 -62 -51 -32 4 -2 -13 -21 -8 -3 -10 -31 -50 -47 -46 -59 -73 -90 -88 -87 -90 -101 -101 -96 -86 -81 -80 -81 -63 -56 -53 -52 -52 -37 -37 -34 -37 -44 -39 -42 -46 -51 -53 -58 -60 -65 -71 -71 -74 -76 -72 -71 -75 -69 -67 -67 -62 -60 -61 -56 -55 -51 -52 -48 -51 -47 -51 -57 -54 -53 -55 -57 -61 -61 -59 -63 -65 -64 -67 -69 -65 -67 -65 -64 -63 -65 -61 -59 -55 -58 -57 -56 -55 -55 -51 -51 -53 -57 -53 -58 -58 -57 -57 -67 -61 -64 -66 -61 -62 -60 -62 -60 -60 -60 -59 -58 -60 -57 -61 -60 -60 -60 -58 -58 -63 -62 -60 -58 -59 -57 -59 -58 -57 -60 -59 -62 -58 -59 -61 -61 -62 -59 -59 -58 -59 -57 -57 -58 -63 -49 -50 -102 -17 -99 -29 -90 107 12143 305 4548
-54 -50 -55 -53 -51 -51 -51 -55 -56 -52 -53 -57 -52 -54 -54 -52 -52 -52 -54 -51 -50 -53 -56 -50 -53 -50 -52 -53 -54 -54 -55 -51 -53 -51 -55 -47 -54 -54 -49 -49 -50 -52 -54 -52 -52 -55 -54 -51 -53 -52 -36 -1 61 181 340 388 75 -311 -394 -109 172 82 -309 -538 -398 -111 -18 -177 -333 -284 -108 -1 -37 -90 -41 53 89 46 16 62 118 107 23 -31 -9 27 11 -67 -122 -124 -86 -90 -133 -168 -153 -109 -102 -111 -121 -92 -61 -42 -46 -46 -25 3 8 -4 -17 -6 3 -5 -23 -36 -42 -43 -46 -66 -83 -86 -80 -81 -85 -95 -89 -80 -76 -74 -71 -57 -51 -43 -40 -41 -34 -26 -29 -32 -35 -28 -38 -35 -41 -48 -49 -50 -64 -62 -66 -69 -66 -66 -66 -69 -64 -60 -57 -58 -57 -52 -52 -47 -46 -45 -43 -41 -40 -45 -47 -46 -48 -50 -48 -54 -56 -58 -53 -60 -59 -55 -60 -59 -56 -61 -59 -55 -55 -52 -51 -49 -52 -51 -48 -48 -52 -44 -51 -52 -47 -53 -60 -56 -50 -53 -48 -57 -51 -57 -55 -51 -55 -53 -55 -56 -52 -51 -49 -52 -56 -51 -50 -49 -51 -50 -51 -54 -49 -54 -56 -51 -55 -51 -51 -51 -54 -57 -51 -53 -54 -54 -57 -52 -52 -48 -57 -53 -48 -52 -52 -51 -52 -53 -53 -52 -52 -51 -52 107 7685 305 4215
-63 -60 -63 -60 -60 -58 -59 -58 -60 -59 -61 -56 -60 -55 -61 -58 -60 -61 -59 -57 -63 -55 -62 -64 -59 -58 -59 -58 -60 -55 -62 -58 -61 -58 -62 -58 -59 -58 -58 -62 -60 -61 -59 -57 -58 -61 -61 -60 -56 -56 -34 7 82 217 374 323 -54 -385 -347 -15 184 -27 -416 -538 -322 -64 -51 -248 -351 -239 -68 -8 -67 -95 -19 68 72 20 16 71 114 73 -10 -41 -4 19 -17 -97 -141 -120 -95 -108 -153 -175 -149 -116 -113 -119 -125 -90 -60 -44 -56 -54 -24 -2 -6 -10 -20 -11 -4 -11 -37 -42 -49 -47 -61 -76 -89 -87 -84 -90 -99 -98 -92 -83 -82 -79 -76 -64 -59 -58 -52 -46 -37 -36 -38 -36 -43 -37 -45 -43 -51 -55 -66 -60 -65 -70 -69 -73 -74 -81 -75 -71 -71 -69 -68 -64 -59 -62 -60 -59 -53 -51 -49 -49 -52 -54 -54 -52 -60 -52 -60 -61 -62 -62 -63 -68 -66 -65 -65 -68 -66 -67 -66 -62 -62 -62 -61 -58 -55 -58 -55 -55 -48 -49 -55 -57 -61 -58 -60 -60 -66 -67 -64 -64 -62 -69 -70 -68 -60 -60 -64 -62 -62 -56 -55 -56 -58 -59 -58 -59 -58 -59 -60 -58 -59 -57 -55 -57 -65 -58 -62 -59 -64 -60 -62 -66 -61 -61 -63 -61 -63 -61 -56 -62 -64 -63 -62 -59 -59 -56 -62 -59 -56 -63 -60 107 2891 305 4551
-60 -58 -60 -56 -61 -55 -62 -57 -59 -58 -58 -59 -61 -56 -61 -58 -59 -65 -57 -61 -58 -56 -60 -55 -55 -63 -61 -62 -59 -58 -59 -61 -61 -57 -58 -58 -63 -58 -59 -57 -60 -57 -59 -56 -58 -62 -59 -57 -59 -52 -30 16 105 247 388 267 -132 -410 -299 42 178 -93 -465 -517 -267 -39 -74 -276 -346 -207 -47 -10 -77 -85 2 72 68 14 23 89 109 65 -18 -33 4 25 -30 -109 -132 -113 -90 -115 -164 -169 -144 -111 -112 -125 -119 -85 -55 -45 -19 -83 -5 8 -6 -9 -23 -6 -9 -9 -43 -43 -54 -48 -67 -77 -92 -88 -88 -92 -105 -98 -90 -79 -82 -83 -74 -64 -56 -54 -54 -45 -41 -36 -37 -44 -42 -44 -45 -44 -53 -59 -56 -72 -63 -79 -72 -74 -75 -78 -78 -71 -70 -69 -68 -62 -60 -61 -52 -50 -58 -48 -49 -47 -48 -48 -49 -54 -48 -58 -54 -62 -61 -61 -65 -66 -66 -68 -61 -63 -66 -64 -60 -58 -60 -58 -60 -55 -57 -51 -54 -50 -55 -56 -59 -54 -57 -59 -59 -58 -61 -58 -60 -64 -66 -59 -61 -59 -60 -62 -60 -59 -60 -58 -58 -57 -57 -57 -58 -60 -57 -58 -59 -57 -61 -60 -59 -61 -60 -56 -63 -60 -62 -64 -58 -66 -60 -58 -63 -57 -58 -58 -64 -61 -58 -58 -60 -57 -59 -59 -62 -58 -58 -59 -58 106 14566 305 4466
-57 -64 -60 -60 -63 -61 -62 -59 -58 -61 -59 -58 -57 -62 -62 -65 -57 -57 -58 -62 -58 -53 -57 -61 -59 -62 -63 -57 -60 -63 -60 -58 -62 -54 -65 -58 -58 -60 -58 -60 -61 -60 -64 -61 -58 -59 -61 -62 -59 -60 -42 -10 59 175 333 381 61 -323 -402 -115 168 71 -321 -545 -404 -118 -24 -187 -344 -288 -113 -11 -46 -95 -48 49 81 36 11 54 109 95 16 -41 -16 20 -1 -76 -133 -129 -95 -97 -141 -171 -155 -122 -109 -121 -127 -107 -61 -49 -52 -48 -27 -3 1 -10 -17 -11 2 -10 -28 -45 -53 -48 -57 -74 -87 -89 -89 -95 -92 -101 -94 -87 -83 -79 -74 -67 -53 -49 -52 -48 -47 -35 -34 -37 -41 -43 -37 -39 -48 -52 -57 -60 -60 -72 -71 -74 -75 -74 -73 -74 -70 -72 -64 -69 -62 -55 -58 -54 -53 -56 -48 -51 -44 -50 -50 -50 -50 -56 -55 -59 -60 -62 -66 -63 -68 -70 -64 -66 -67 -59 -63 -66 -64 -58 -59 -57 -57 -56 -55 -57 -54 -52 -56 -56 -55 -61 -53 -62 -56 -61 -59 -64 -59 -64 -65 -59 -63 -60 -62 -64 -59 -59 -59 -62 -57 -61 -63 -60 -58 -62 -60 -55 -61 -60 -60 -59 -54 -58 -60 -61 -64 -60 -60 -61 -59 -64 -61 -59 -58 -64 -59 -59 -63 -60 -61 -56 -59 -60 -56 -60 -56 -60 -63 106 356 305 4238
-67 -56 -64 -58 -64 -59 -59 -62 -57 -61 -62 -62 -63 -57 -57 -58 -57 -61 -58 -61 -59 -61 -61 -58 -57 -59 -60 -58 -58 -60 -57 -60 -62 -60 -62 -58 -64 -59 -60 -58 -64 -62 -62 -58 -62 -63 -60 -58 -56 -57 -35 5 80 219 377 329 -46 -377 -349 -21 183 -21 -410 -534 -324 -66 -46 -240 -348 -238 -70 -7 -59 -96 -18 69 76 25 17 73 120 81 -4 -33 -1 28 -17 -97 -139 -120 -87 -103 -154 -173 -146 -116 -107 -122 -122 -89 -55 -44 -51 -48 -20 6 1 -13 -20 -9 -1 -12 -28 -46 -47 -46 -60 -77 -89 -87 -85 -90 -98 -101 -95 -80 -81 -74 -73 -61 -56 -47 -45 -44 -38 -31 -34 -39 -36 -39 -39 -43 -50 -53 -61 -62 -60 -67 -75 -73 -71 -71 -72 -71 -70 -70 -66 -66 -61 -52 -57 -56 -50 -49 -50 -48 -52 -49 -53 -55 -54 -60 -56 -59 -62 -62 -63 -65 -64 -66 -66 -67 -65 -64 -67 -61 -60 -60 -56 -59 -56 -55 -56 -56 -56 -57 -50 -52 -57 -59 -60 -61 -61 -61 -59 -63 -65 -64 -61 -62 -61 -61 -59 -62 -56 -59 -57 -59 -57 -58 -56 -61 -57 -55 -59 -58 -53 -59 -61 -62 -58 -58 -59 -59 -59 -62 -60 -60 -61 -64 -59 -59 -58 -60 -57 -61 -56 -61 -57 -59 -57 -59 -57 -61 -57 -59 -57 105 12213 305 4284
-59 -59 -58 -63 -60 -61 -56 -58 -61 -60 -58 -58 -60 -61 -57 -60 -59 -60 -60 -61 -61 -60 -58 -61 -59 -59 -62 -59 -62 -62 -58 -59 -60 -62 -58 -62 -56 -59 -60 -59 -60 -57 -60 -64 -61 -61 -58 -60 -58 -54 -28 23 109 254 395 249 -148 -422 -280 61 172 -120 -481 -511 -249 -30 -90 -282 -347 -201 -39 -20 -82 -87 6 79 59 16 27 92 116 55 -18 -33 8 20 -39 -116 -137 -111 -90 -119 -162 -173 -143 -113 -114 -128 -116 -83 -49 -47 -54 -46 -14 -2 -6 -13 -15 -5 -1 -22 -39 -49 -43 -47 -64 -79 -84 -89 -88 -90 -99 -100 -90 -87 -77 -80 -74 -60 -51 -52 -48 -43 -40 -34 -34 -42 -43 -40 -39 -46 -56 -60 -56 -63 -71 -68 -76 -75 -70 -75 -77 -76 -71 -69 -68 -63 -58 -58 -54 -55 -53 -54 -53 -52 -52 -50 -52 -53 -52 -55 -63 -61 -66 -61 -62 -64 -64 -68 -62 -63 -66 -64 -61 -63 -61 -60 -60 -58 -55 -53 -55 -58 -57 -58 -55 -57 -55 -56 -60 -62 -7 -147 13 -110 -25 -93 -40 -83 -48 -76 -57 -70 -60 -66 -58 -62 -64 -59 -58 -61 -57 -58 -58 -60 -59 -60 -56 -60 -62 -62 -64 -63 -64 -65 -61 -61 -57 -64 -64 -62 -62 -61 -59 -66 -49 -68 -58 -62 -63 -61 -60 -65 -64 -60 -59 105 7620 305 4350
-57 -64 -64 -62 -58 -58 -61 -56 -62 -57 -61 -58 -61 -61 -60 -61 -71 -55 -67 -60 -58 -59 -64 -59 -66 -65 -63 -60 -57 -60 -61 -61 -57 -62 -58 -59 -59 -62 -62 -62 -60 -58 -57 -60 -59 -59 -61 -58 -60 -58 -49 -19 36 138 292 398 162 -241 -423 -198 125 132 -222 -521 -462 -178 -20 -134 -321 -322 -148 -28 -34 -89 -66 30 85 51 10 38 103 107 35 -32 -24 18 13 -56 -125 -129 -102 -89 -125 -171 -165 -125 -110 -120 -131 -109 -73 -49 -50 -55 -35 -12 6 -6 -20 -17 -5 -7 -22 -40 -46 -46 -55 -69 -82 -89 -88 -88 -95 -98 -95 -88 -80 -77 -79 -70 -57 -54 -49 -45 -44 -38 -36 -33 -41 -43 -40 -47 -49 -55 -56 -60 -65 -73 -76 -72 -73 -75 -74 -73 -72 -69 -63 -67 -61 -60 -59 -55 -56 -57 -52 -52 -52 -54 -52 -49 -54 -53 -56 -59 -61 -56 -63 -66 -71 -62 -65 -65 -68 -64 -65 -62 -68 -60 -61 -59 -58 -53 -61 -57 -56 -52 -52 -57 -59 -56 -59 -57 -58 -60 -62 -57 -60 -63 -67 -62 -63 -62 -63 -65 -60 -59 -61 -62 -62 -57 -57 -56 -60 -60 -56 -56 -59 -57 -61 -59 -59 -58 -61 -57 -59 -56 -58 -61 -57 -58 -62 -62 -59 -62 -57 -58 -60 -60 -56 -61 -62 -61 -57 -57 -59 -57 -62 105 2761 305 4615
-59 -62 -62 -59 -58 -56 -61 -62 -59 -60 -58 -62 -58 -60 -61 -58 -63 -56 -60 -58 -57 -57 -59 -59 -60 -58 -59 -60 -57 -59 -60 -61 -60 -59 -63 -60 -57 -60 -63 -59 -60 -63 -65 -63 -63 -64 -60 -58 -59 -57 -32 1 73 200 360 353 -8 -365 -367 -56 181 13 -382 -541 -357 -79 -37 -223 -349 -261 -81 -8 -61 -99 -29 61 76 25 13 67 117 86 2 -35 -5 20 -9 -90 -130 -122 -91 -100 -149 -174 -151 -113 -108 -121 -124 -99 -58 -49 -53 -49 -26 -5 -1 -11 -22 -11 -4 -10 -29 -45 -49 -48 -59 -76 -87 -91 -82 -91 -97 -104 -94 -79 -78 -78 -75 -71 -58 -49 -54 -48 -41 -34 -31 -38 -40 -42 -40 -46 -51 -55 -58 -61 -68 -70 -68 -74 -74 -78 -77 -72 -71 -70 -71 -70 -60 -60 -57 -56 -58 -48 -51 -46 -55 -52 -48 -52 -54 -56 -57 -60 -60 -65 -59 -71 -64 -67 -68 -70 -66 -64 -61 -68 -63 -57 -60 -61 -55 -58 -53 -58 -59 -52 -53 -51 -52 -56 -57 -58 -59 -56 -62 -63 -61 -64 -62 -64 -67 -62 -65 -64 -63 -63 -58 -61 -56 -59 -53 -59 -63 -56 -57 -55 -57 -56 -56 -59 -64 -56 -59 -60 -59 -63 -57 -61 -61 -62 -59 -60 -63 -61 -61 -60 -60 -58 -58 -56 -60 -62 -57 -58 -59 -63 -59 104 14049 305 4854
-58 -55 -60 -61 -57 -59 -58 -62 -60 -62 -63 -61 -60 -60 -60 -62 -62 -60 -60 -57 -61 -60 -63 -61 -58 -64 -56 -58 -61 -57 -64 -58 -60 -61 -59 -63 -60 -58 -59 -60 -55 -61 -62 -61 -59 -65 -61 -58 -62 -57 -48 -12 49 159 316 390 115 -280 -413 -158 145 107 -275 -536 -437 -147 -14 -161 -331 -306 -133 -16 -33 -96 -57 39 80 44 13 48 104 103 27 -30 -20 17 6 -65 -131 -126 -95 -95 -135 -176 -163 -128 -110 -120 -133 -104 -71 -47 -56 -58 -34 -5 5 -9 -15 -9 -1 -3 -29 -47 -49 -46 -56 -72 -85 -84 -87 -90 -96 -99 -90 -86 -82 -82 -73 -73 -61 -53 -22 -121 13 -89 4 -70 -11 -61 -23 -53 -41 -63 -57 -65 -62 -76 -73 -77 -75 -80 -77 -73 -70 -67 -71 -67 -65 -61 -60 -60 -56 -51 -55 -56 -47 -51 -52 -57 -53 -56 -58 -61 -60 -65 -60 -68 -71 -65 -72 -65 -70 -68 -68 -63 -63 -61 -60 -58 -60 -59 -53 -54 -55 -53 -54 -53 -57 -56 -60 -52 -61 -59 -59 -65 -62 -56 -58 -59 -61 -58 -61 -67 -56 -60 -60 -58 -59 -62 -61 -61 -58 -54 -55 -58 -57 -57 -60 -58 -60 -62 -59 -61 -62 -67 -60 -63 -62 -61 -62 -63 -58 -58 -61 -60 -60 -59 -59 -61 -59 -58 -53 -57 -58 -56 -59 104 9624 305 4181
-62 -59 -59 -57 -57 -58 -55 -57 -56 -55 -57 -57 -58 -56 -61 -59 -58 -61 -56 -62 -57 -57 -58 -57 -63 -61 -63 -60 -54 -55 -57 -62 -58 -60 -58 -57 -55 -56 -56 -56 -61 -58 -62 -58 -63 -56 -60 -61 -59 -59 -40 -5 59 175 334 378 66 -318 -398 -117 169 77 -319 -545 -401 -115 -25 -182 -345 -288 -109 -10 -47 -98 -49 51 82 39 9 56 113 97 16 -36 -14 26 2 -74 -133 -122 -96 -99 -144 -172 -155 -122 -111 -123 -130 -100 -64 -50 -52 -52 -32 -7 4 -9 -20 -17 1 -8 -28 -45 -46 -46 -61 -71 -84 -90 -85 -93 -95 -104 -91 -85 -80 -80 -76 -68 -40 -49 -48 -45 -44 -35 -40 -40 -39 -42 -43 -43 -50 -55 -55 -62 -64 -71 -80 -71 -75 -76 -75 -78 -75 -69 -67 -67 -61 -60 -61 -55 -55 -55 -49 -47 -49 -51 -51 -54 -52 -55 -56 -57 -67 -61 -66 -59 -65 -64 -65 -67 -66 -64 -61 -62 -63 -59 -59 -60 -59 -57 -55 -59 -56 -55 -53 -57 -53 -56 -55 -57 -61 -58 -61 -61 -60 -64 -62 -59 -64 -60 -60 -61 -62 -61 -60 -62 -59 -62 -58 -56 -59 -54 -58 -57 -57 -59 -59 -60 -57 -59 -64 -56 -60 -60 -60 -61 -59 -61 -64 -61 -60 -63 -62 -65 -64 -59 -59 -57 -62 -61 -62 -58 -62 -58 -61 104 4583 305 4798
-60 -60 -61 -61 -60 -60 -59 -65 -61 -59 -64 -61 -60 -59 -59 -64 -67 -68 -66 -58 -46 -48 -53 -64 -64 -57 -52 -47 -52 -59 -65 -53 -50 -57 -62 -71 -71 -71 -66 -60 -63 -58 -62 -58 -60 -60 -60 -60 -57 -52 -31 10 86 222 378 318 -68 -391 -341 -7 185 -36 -421 -537 -316 -58 -57 -246 -357 -236 -57 -9 -64 -94 -16 66 77 26 18 75 116 75 -6 -35 -1 23 -23 -96 -137 -115 -94 -110 -154 -171 -151 -112 -112 -120 -122 -88 -52 -45 -55 -47 -23 3 2 -13 -18 -12 -4 -11 -36 -45 -44 -50 -65 -82 -87 -84 -87 -90 -97 -103 -94 -77 -80 -79 -72 -61 -56 -52 -52 -44 -43 -40 -32 -36 -41 -39 -39 -40 -48 -52 -61 -60 -67 -70 -78 -71 -67 -71 -76 -76 -71 -71 -68 -63 -62 -55 -53 -49 -52 -51 -53 -51 -51 -53 -54 -48 -57 -53 -57 -57 -62 -58 -67 -66 -68 -69 -67 -67 -62 -68 -62 -61 -64 -60 -57 -57 -59 -52 -56 -55 -59 -54 -56 -57 -55 -56 -59 -59 -58 -58 -60 -62 -63 -61 -64 -59 -61 -61 -56 -59 -61 -60 -65 -56 -55 -58 -59 -54 -59 -57 -59 -60 -59 -57 -59 -55 -63 -59 -59 -60 -62 -59 -64 -62 -63 -61 -65 -61 -64 -62 -57 -59 -58 -57 -53 -54 -57 -55 -56 -58 -58 -50 -62 103 16165 305 4559
-62 -58 -61 -64 -58 -63 -60 -59 -13 -136 3 -100 -28 -83 -40 -73 -51 -71 -59 -64 -59 -63 -56 -65 -59 -61 -61 -60 -61 -58 -62 -61 -63 -59 -62 -61 -58 -58 -61 -61 -64 -64 -58 -62 -61 -64 -62 -61 -63 -56 -41 -8 60 176 338 374 41 -329 -393 -94 168 59 -338 -548 -394 -112 -26 -199 -346 -284 -104 -10 -50 -99 -46 50 83 33 13 62 109 93 9 -35 -13 24 -7 -72 -132 -121 -93 -99 -145 -174 -155 -120 -111 -123 -127 -97 -64 -43 -54 -49 -28 -5 1 -10 -18 -11 -4 -9 -27 -46 -44 -48 -59 -72 -86 -85 -91 -89 -96 -96 -97 -78 -78 -81 -80 -70 -57 -50 -48 -49 -45 -37 -34 -39 -41 -41 -37 -42 -49 -58 -57 -58 -63 -66 -70 -74 -72 -72 -72 -73 -73 -72 -63 -62 -62 -58 -59 -54 -52 -53 -55 -48 -55 -51 -52 -53 -54 -58 -58 -58 -59 -60 -62 -60 -63 -67 -70 -62 -62 -59 -65 -60 -67 -63 -62 -55 -57 -59 -56 -55 -56 -55 -58 -58 -57 -60 -57 -60 -59 -61 -61 -58 -62 -67 -59 -63 -65 -65 -62 -63 -60 -62 -61 -61 -61 -56 -63 -59 -55 -56 -55 -57 -66 -56 -56 -59 -63 -59 -59 -61 -61 -58 -62 -58 -59 -61 -61 -61 -66 -59 -60 -60 -60 -55 -61 -60 -63 -59 -58 -59 -54 -60 -58 103 11097 305 4825
-59 -60 -61 -60 -60 -62 -61 -60 -59 -57 -60 -60 -61 -60 -53 -63 -58 -57 -61 -55 -58 -61 -60 -58 -61 -61 -59 -63 -55 -59 -57 -57 -57 -57 -60 -57 -59 -60 -57 -59 -58 -55 -62 -55 -61 -59 -56 -60 -58 -60 -50 -23 32 127 279 398 205 -203 -422 -235 101 152 -181 -508 -488 -205 -21 -115 -301 -333 -170 -27 -21 -88 -72 16 86 56 12 33 102 112 47 -28 -31 13 14 -48 -122 -138 -103 -91 -125 -169 -166 -133 -111 -113 -133 -114 -77 -52 -51 -55 -39 -11 4 -5 -20 -14 -1 0 -17 -36 -46 -44 -51 -69 -79 -89 -88 -90 -93 -98 -101 -89 -82 -79 -77 -75 -57 -46 -51 -54 -45 -36 -37 -33 -43 -37 -40 -38 -50 -53 -57 -58 -63 -68 -70 -73 -70 -70 -72 -74 -74 -71 -71 -67 -67 -61 -54 -55 -56 -50 -51 -48 -52 -51 -54 -51 -50 -56 -53 -60 -61 -61 -63 -65 -66 -65 -65 -64 -68 -66 -66 -62 -63 -62 -57 -62 -54 -55 -57 -51 -55 -59 -53 -57 -57 -57 -58 -57 -58 -60 -60 -59 -62 -65 -63 -65 -65 -65 -60 -62 -61 -58 -60 -62 -55 -57 -59 -57 -58 -60 -57 -55 -60 -59 -59 -64 -57 -62 -62 -58 -64 -60 -57 -62 -63 -62 -63 -59 -62 -61 -62 -60 -55 -59 -60 -60 -56 -63 -58 -61 -57 -60 -62 103 6771 305 4082
-50 -55 -49 -45 -45 -70 -29 -76 -33 -67 -42 -64 -41 -61 -45 -60 -47 -51 -52 -56 -51 -53 -54 -53 -50 -53 -51 -51 -55 -55 -49 -51 -53 -56 -54 -52 -54 -53 -53 -55 -56 -55 -54 -53 -51 -58 -53 -49 -55 -51 -41 -14 33 146 293 411 177 -229 -409 -196 130 143 -209 -517 -460 -172 -6 -119 -309 -312 -152 -19 -17 -91 -66 32 92 59 25 50 107 115 41 -25 -22 27 25 -39 -112 -120 -94 -87 -120 -162 -155 -122 -96 -105 -121 -103 -69 -44 -45 -52 -28 -9 7 1 -12 -6 1 -5 -13 -33 -39 -36 -41 -61 -76 -82 -79 -83 -80 -91 -87 -74 -73 -70 -70 -68 -46 -44 -45 -44 -32 -28 -28 -27 -36 -32 -35 -36 -36 -47 -48 -49 -55 -55 -61 -67 -58 -65 -64 -69 -67 -64 -63 -58 -55 -52 -48 -45 -44 -47 -42 -37 -40 -39 -45 -43 -44 -46 -47 -50 -53 -53 -53 -57 -58 -60 -54 -57 -56 -53 -52 -57 -51 -57 -53 -47 -51 -49 -51 -52 -49 -48 -46 -49 -51 -48 -48 -53 -49 -53 -54 -53 -56 -49 -51 -56 -52 -56 -55 -51 -55 -50 -52 -53 -53 -55 -53 -50 -50 -48 -47 -49 -48 -49 -50 -55 -52 -53 -53 -53 -53 -54 -55 -52 -55 -55 -56 -56 -53 -54 -52 -52 -51 -49 -53 -52 -54 -50 -51 -55 -49 -49 -50 103 1762 305 4766
-58 -60 -60 -57 -59 -58 -57 -59 -60 -54 -58 -57 -55 -59 -54 -57 -59 -55 -58 -52 -57 -43 -53 -59 -57 -55 -54 -55 -60 -56 -56 -58 -58 -57 -56 -54 -54 -55 -57 -60 -59 -61 -57 -59 -57 -59 -58 -58 -55 -53 -41 0 64 189 347 367 37 -338 -387 -86 179 52 -342 -545 -385 -99 -25 -197 -344 -277 -98 -8 -43 -99 -37 56 77 32 15 63 116 90 12 -32 -9 21 2 -77 -133 -122 -88 -98 -146 -171 -151 -119 -108 -119 -126 -93 -63 -46 -51 -50 -25 -3 4 -8 -17 -8 0 -8 -28 -38 -44 -48 -55 -78 -86 -89 -88 -87 -93 -96 -94 -81 -76 -76 -72 -65 -52 -49 -49 -47 -35 -31 -32 -37 -38 -39 -40 -43 -46 -54 -54 -58 -63 -71 -71 -72 -74 -74 -74 -72 -72 -68 -62 -64 -58 -58 -54 -55 -49 -50 -45 -52 -50 -51 -46 -50 -48 -53 -56 -58 -59 -64 -60 -67 -60 -63 -62 -64 -59 -62 -58 -62 -56 -59 -61 -62 -55 -54 -56 -53 -52 -56 -55 -51 -52 -57 -57 -56 -56 -58 -58 -61 -58 -62 -61 -61 -64 -57 -61 -57 -58 -56 -51 -59 -58 -58 -55 -53 -52 -54 -56 -59 -55 -53 -56 -59 -60 -58 -59 -56 -61 -60 -57 -58 -59 -59 -55 -63 -59 -60 -59 -61 -54 -58 -54 -57 -56 -56 -55 -57 -10 -113 -14 102 13895 305 4008
-67 -73 -75 -58 -62 -58 -58 -60 -61 -57 -61 -58 -58 -61 -62 -60 -61 -62 -56 -58 -58 -55 -60 -60 -58 -59 -58 -56 -57 -58 -56 -56 -56 -57 -61 -64 -60 -63 -63 -68 -67 -59 -60 -61 -66 -70 -60 -56 -53 -59 -49 -3 61 180 333 391 84 -307 -402 -130 163 87 -302 -541 -420 -126 -15 -176 -345 -299 -122 -9 -37 -98 -55 43 83 38 9 56 111 101 25 -30 -16 21 5 -66 -131 -125 -95 -98 -137 -169 -161 -123 -104 -119 -129 -106 -62 -45 -48 -50 -32 -8 3 -6 -15 -13 1 -9 -27 -42 -46 -47 -54 -72 -85 -87 -85 -89 -91 -98 -92 -84 -77 -77 -75 -71 -59 -51 -52 -44 -37 -34 -34 -34 -37 -41 -45 -47 -51 -52 -60 -64 -64 -66 -67 -75 -74 -75 -73 -77 -68 -71 -64 -63 -62 -58 -55 -52 -52 -48 -49 -48 -48 -48 -54 -57 -55 -54 -61 -55 -63 -60 -65 -64 -64 -60 -66 -67 -68 -67 -63 -66 -60 -62 -57 -62 -56 -56 -53 -61 -56 -53 -52 -55 -57 -57 -56 -56 -56 -59 -61 -63 -59 -63 -67 -60 -63 -64 -62 -61 -59 -61 -62 -60 -57 -58 -58 -59 -56 -59 -57 -58 -55 -56 -53 -61 -57 -59 -59 -66 -61 -60 -64 -62 -60 -63 -60 -63 -62 -61 -58 -57 -56 -61 -57 -59 -56 -57 -58 -57 -61 -57 -56 102 9144 305 4508
-60 -60 -61 -62 -55 -62 -60 -57 -64 -62 -62 -58 -64 -61 -60 -60 -60 -60 -59 -61 -57 -64 -61 -59 -60 -57 -57 -59 -60 -62 -58 -61 -62 -59 -60 -58 -59 -60 -61 -60 -61 -59 -57 -65 -61 -62 -63 -60 -58 -55 -25 17 98 243 390 278 -121 -413 -302 38 179 -91 -463 -519 -275 -35 -79 -278 -345 -215 -48 -12 -77 -87 -3 73 68 14 21 86 117 64 -20 -34 3 21 -32 -111 -138 -113 -85 -116 -161 -170 -144 -113 -109 -130 -122 -92 -54 -51 -55 -51 -14 -1 -1 -13 -13 -2 0 -17 -36 -48 -47 -49 -64 -80 -89 -88 -84 -92 -95 -101 -88 -78 -80 -78 -74 -65 -53 -51 -48 -45 -40 -36 -32 -39 -36 -39 -43 -43 -51 -55 -57 -58 -65 -74 -74 -75 -71 -75 -72 -75 -67 -69 -70 -63 -60 -61 -56 -54 -54 -51 -49 -53 -49 -55 -51 -55 -53 -58 -58 -65 -61 -62 -66 -67 -65 -68 -65 -67 -65 -65 -69 -67 -60 -58 -60 -58 -55 -63 -57 -58 -52 -60 -55 -53 -59 -55 -59 -62 -60 -59 -61 -64 -64 -60 -63 -66 -61 -62 -61 -66 -62 -57 -63 -60 -62 -60 -55 -55 -57 -56 -56 -59 -56 -59 -58 -63 -64 -59 -63 -62 -58 -62 -56 -63 -61 -57 -64 -62 -61 -62 -57 -62 -62 -57 -62 -61 -59 -61 -56 -56 -58 -60 -59 101 16081 305 4431
-62 -52 -55 -59 -58 -57 -58 -57 -57 -53 -63 -54 -56 -61 -63 -61 -59 -62 -62 -63 -59 -57 -58 -62 -61 -59 -57 -57 -66 -55 -58 -56 -55 -59 -60 -59 -57 -57 -62 -60 -60 -57 -63 -59 -59 -59 -61 -61 -61 -60 -51 -17 38 143 295 398 163 -241 -423 -202 126 136 -220 -523 -461 -177 -14 -129 -323 -324 -151 -19 -29 -93 -67 29 80 51 11 35 102 104 35 -31 -25 17 13 -55 -122 -132 -96 -91 -128 -170 -166 -130 -104 -115 -130 -110 -69 -48 -51 -53 -32 -9 7 -9 -19 -13 -3 -4 -23 -42 -44 -48 -54 -67 -85 -90 -87 -85 -93 -103 -96 -84 -84 -82 -79 -72 -57 -47 -53 -49 -41 -33 -35 -35 -36 -39 -41 -45 -51 -52 -55 -58 -60 -67 -71 -69 -70 -75 -74 -68 -74 -72 -70 -69 -64 -60 -58 -55 -53 -54 -55 -51 -51 -49 -52 -46 -52 -55 -56 -60 -63 -61 -62 -67 -70 -69 -66 -66 -68 -65 -68 -61 -61 -62 -57 -56 -60 -53 -60 -58 -56 -57 -55 -52 -56 -55 -58 -59 -58 -58 -61 -60 -62 -60 -63 -67 -62 -63 -65 -59 -62 -59 -65 -57 -60 -59 -57 -58 -56 -60 -59 -55 -63 -60 -60 -60 -56 -58 -61 -60 -61 -61 -60 -61 -58 -61 -62 -62 -62 -61 -63 -58 -61 -59 -59 -62 -60 -56 -61 -60 -60 -53 -55 101 10791 305 5046
-57 -60 -58 -58 -59 -60 -59 -63 -64 -59 -59 -61 -61 -59 -58 -61 -68 -58 -57 -60 -62 -56 -49 -51 -62 -56 -62 -60 -66 -62 -61 -59 -61 -60 -61 -62 -60 -59 -61 -62 -63 -63 -60 -61 -58 -62 -61 -64 -60 -54 -48 -9 48 160 316 388 110 -292 -417 -149 149 100 -277 -539 -434 -145 -19 -165 -332 -303 -128 -9 -36 -92 -55 38 79 41 13 45 109 104 24 -32 -25 20 4 -65 -132 -129 -99 -97 -143 -171 -163 -124 -109 -120 -128 -105 -67 -47 -51 -47 -31 -7 3 -6 -18 -17 -6 -9 -24 -46 -48 -49 -57 -69 -84 -93 -89 -90 -95 -97 -100 -89 -80 -79 -78 -71 -58 -55 -51 -49 -38 -33 -40 -38 -41 -43 -45 -45 -49 -53 -59 -62 -67 -67 -74 -75 -72 -76 -77 -71 -74 -69 -70 -65 -65 -63 -58 -59 -55 -51 -51 -51 -50 -51 -50 -57 -58 -15 -101 -35 -60 -67 -62 -69 -63 -72 -63 -71 -66 -71 -60 -64 -61 -61 -64 -62 -56 -60 -55 -55 -60 -56 -59 -55 -55 -58 -61 -60 -65 -61 -62 -64 -65 -61 -65 -64 -64 -63 -64 -62 -67 -64 -64 -63 -63 -61 -57 -57 -59 -60 -60 -56 -55 -60 -58 -56 -61 -58 -57 -57 -62 -63 -61 -61 -59 -62 -59 -64 -64 -61 -58 -60 -62 -57 -56 -57 -57 -58 -58 -54 -59 -59 -64 101 6478 305 4070
-58 -59 -58 -59 -57 -59 -60 -60 -58 -55 -55 -56 -59 -58 -57 -57 -54 -57 -58 -60 -63 -58 -53 -60 -60 -60 -57 -61 -61 -55 -60 -55 -60 -61 -60 -63 -61 -57 -58 -56 -57 -57 -56 -58 -59 -61 -62 -59 -54 -56 -41 -9 58 173 334 383 66 -313 -403 -111 172 71 -317 -545 -396 -114 -26 -187 -341 -289 -109 -7 -44 -92 -48 49 82 36 16 56 113 98 18 -37 -13 25 -1 -74 -135 -125 -91 -100 -140 -175 -161 -119 -105 -118 -126 -98 -63 -43 -53 -51 -29 -3 2 -9 -17 -10 -2 -4 -22 -39 -49 -47 -57 -74 -85 -87 -84 -86 -97 -99 -92 -81 -79 -80 -74 -68 -58 -49 -49 -48 -35 -37 -35 -38 -38 -36 -42 -46 -51 -54 -57 -61 -62 -69 -69 -71 -75 -71 -75 -74 -73 -68 -66 -63 -61 -62 -54 -55 -50 -48 -51 -46 -47 -50 -55 -49 -52 -53 -56 -64 -62 -62 -67 -64 -67 -65 -68 -67 -62 -62 -66 -64 -62 -59 -62 -53 -59 -57 -56 -56 -53 -54 -53 -54 -56 -57 -58 -56 -60 -62 -62 -60 -61 -58 -65 -58 -62 -67 -59 -60 -58 -62 -58 -55 -58 -59 -58 -60 -60 -55 -55 -59 -59 -58 -58 -58 -60 -58 -61 -62 -59 -64 -63 -61 -60 -61 -63 -63 -60 -59 -58 -62 -55 -62 -58 -56 -58 -56 -63 -58 -57 -59 -61 101 1030 305 5205
-60 -57 -60 -57 -62 -59 -56 -58 -64 -59 -58 -62 -60 -60 -59 -61 -58 -62 -61 -62 -58 -60 -64 -60 -63 -59 -59 -59 -58 -57 -58 -57 -56 -57 -57 -58 -58 -59 -61 -59 -60 -56 -62 -62 -14 -132 -1 -102 -21 -84 -20 -25 64 150 329 382 95 -300 -408 -140 157 86 -296 -539 -426 -131 -22 -171 -337 -302 -122 -7 -42 -95 -52 40 83 38 9 53 111 97 20 -36 -21 21 2 -67 -130 -132 -96 -97 -136 -180 -152 -128 -105 -119 -126 -106 -65 -48 -52 -56 -35 -4 2 -11 -22 -11 -4 -7 -28 -40 -45 -47 -50 -70 -77 -87 -85 -86 -92 -95 -93 -80 -76 -76 -78 -68 -56 -51 -51 -46 -39 -37 -35 -34 -38 -38 -39 -43 -48 -51 -57 -58 -60 -65 -72 -74 -70 -70 -71 -76 -74 -70 -68 -67 -61 -58 -58 -55 -53 -48 -49 -49 -47 -51 -52 -49 -56 -56 -55 -57 -59 -63 -67 -63 -68 -65 -70 -68 -63 -69 -62 -59 -64 -56 -61 -54 -54 -55 -53 -53 -53 -58 -54 -54 -55 -54 -58 -58 -60 -57 -64 -59 -60 -64 -64 -61 -62 -65 -60 -60 -59 -59 -58 -56 -58 -58 -56 -58 -57 -58 -59 -59 -57 -61 -60 -54 -59 -62 -57 -61 -63 -58 -61 -60 -62 -62 -61 -60 -61 -54 -59 -64 -63 -64 -58 -57 -61 -60 -57 -62 -62 -60 -55 100 12889 305 4282
-61 -57 -59 -60 -64 -56 -62 -61 -58 -60 -62 -55 -56 -66 -62 -62 -61 -61 -59 -61 -67 -58 -61 -64 -62 -63 -60 -60 -56 -59 -59 -60 -59 -60 -59 -59 -56 -59 -62 -65 -61 -59 -60 -63 -64 -59 -56 -61 -58 -54 -30 10 88 229 377 300 -89 -401 -324 14 181 -57 -445 -527 -297 -44 -59 -262 -350 -227 -59 -6 -71 -93 -11 72 70 17 17 86 119 71 -15 -34 3 28 -23 -105 -135 -111 -88 -112 -162 -169 -146 -113 -110 -128 -124 -87 -52 -45 -52 -46 -20 2 2 -18 -19 -8 -1 -13 -35 -47 -45 -47 -63 -80 -89 -87 -86 -92 -99 -98 -89 -81 -78 -83 -74 -62 -54 -53 -49 -42 -43 -33 -39 -42 -45 -40 -38 -45 -48 -55 -58 -63 -66 -74 -77 -74 -78 -76 -76 -74 -74 -68 -66 -67 -62 -59 -57 -54 -55 -50 -49 -50 -51 -51 -50 -51 -55 -53 -57 -58 -59 -65 -63 -66 -63 -64 -67 -69 -61 -62 -63 -63 -61 -61 -58 -59 -55 -56 -54 -57 -49 -57 -54 -52 -59 -53 -58 -57 -60 -61 -62 -60 -62 -59 -65 -59 -59 -59 -63 -55 -64 -56 -60 -60 -59 -61 -60 -58 -60 -59 -61 -58 -59 -58 -58 -57 -61 -58 -57 -59 -60 -56 -66 -64 -64 -61 -62 -66 -57 -60 -61 -63 -62 -55 -60 -57 -56 -57 -59 -59 -58 -58 -58 100 7948 305 4698
-63 -64 -60 -57 -63 -57 -65 -59 -58 -55 -60 -59 -56 -59 -58 -62 -58 -55 -58 -57 -58 -60 -61 -61 -59 -57 -59 -59 -59 -62 -54 -55 -61 -62 -58 -62 -59 -62 -61 -58 -64 -61 -60 -58 -58 -61 -65 -62 -57 -56 -49 -16 40 145 298 395 146 -255 -424 -188 127 126 -235 -526 -458 -174 -16 -142 -327 -320 -148 -12 -31 -90 -64 32 82 46 8 37 102 105 38 -32 -22 17 13 -55 -125 -133 -103 -96 -134 -171 -167 -130 -105 -120 -134 -109 -74 -46 -51 -52 -32 -11 4 -5 -18 -15 -4 -7 -21 -40 -50 -46 -52 -70 -83 -92 -88 -86 -98 -102 -99 -87 -79 -84 -79 -71 -61 -53 -49 -46 -40 -39 -33 -39 -37 -40 -39 -49 -48 -57 -58 -58 -64 -63 -73 -75 -73 -76 -77 -75 -73 -70 -70 -67 -60 -60 -60 -55 -52 -57 -54 -49 -47 -53 -53 -51 -49 -58 -53 -62 -62 -64 -67 -63 -68 -66 -65 -68 -62 -64 -65 -67 -62 -58 -61 -60 -56 -55 -56 -57 -56 -57 -56 -62 -55 -56 -59 -61 -62 -60 -61 -58 -62 -63 -65 -61 -64 -65 -62 -63 -61 -62 -60 -58 -59 -59 -61 -59 -59 -61 -59 -60 -57 -60 -57 -59 -60 -61 -60 -62 -57 -59 -63 -61 -60 -62 -62 -63 -60 -61 -60 -60 -60 -61 -57 -61 -58 -64 -61 -58 -62 -59 -63 99 10790 305 4383
-57 -56 -62 -57 -58 -56 -60 -55 -58 -61 -59 -57 -57 -58 -58 -59 -60 -60 -57 -59 -57 -53 -58 -56 -57 -59 -56 -59 -57 -58 -59 -58 -61 -59 -58 -55 -57 -61 -58 -58 -56 -59 -59 -58 -58 -59 -59 -57 -56 -54 -29 12 88 228 383 309 -72 -392 -332 8 186 -46 -432 -531 -302 -50 -57 -254 -350 -230 -57 -7 -68 -90 17 40 100 19 24 79 116 73 -8 -31 -7 24 -22 -98 -137 -113 -91 -107 -155 -170 -150 -106 -108 -126 -124 -89 -50 -46 -56 -46 -22 -1 0 -12 -18 -10 2 -14 -35 -48 -44 -52 -60 -77 -83 -89 -92 -88 -102 -99 -94 -82 -83 -76 -74 -57 -56 -49 -49 -45 -37 -35 -36 -40 -39 -43 -38 -45 -50 -56 -58 -59 -63 -71 -76 -69 -72 -74 -72 -75 -71 -69 -66 -62 -62 -58 -57 -52 -46 -47 -49 -50 -49 -46 -53 -50 -50 -57 -56 -58 -61 -58 -65 -61 -65 -68 -63 -68 -66 -63 -64 -61 -60 -58 -55 -55 -55 -54 -55 -55 -55 -50 -55 -56 -55 -55 -61 -60 -60 -61 -59 -61 -62 -56 -59 -59 -62 -58 -62 -65 -60 -58 -60 -60 -57 -58 -53 -59 -53 -58 -59 -54 -55 -56 -61 -60 -57 -58 -56 -62 -58 -61 -59 -58 -59 -59 -63 -60 -55 -61 -56 -59 -60 -60 -59 -58 -57 -60 -55 -57 -59 -56 -61 99 5954 305 4593
-59 -60 -57 -61 -63 -60 -57 -61 -55 -58 -61 -61 -59 -55 -60 -60 -60 -59 -58 -57 -62 -60 -58 -62 -58 -60 -62 -59 -57 -60 -65 -67 -59 -63 -62 -56 -60 -60 -60 -60 -54 -62 -60 -59 -66 -57 -62 -61 -61 -55 -36 3 75 208 370 341 -27 -370 -359 -40 183 -4 -400 -539 -343 -66 -44 -231 -351 -252 -74 -8 -61 -96 -22 65 78 23 15 71 115 78 -1 -41 -6 25 -14 -89 -140 -116 -92 -107 -153 -174 -149 -115 -112 -125 -125 -92 -57 -49 -54 -44 -28 3 4 -11 -14 -7 -3 -12 -32 -43 -47 -45 -59 -73 -87 -89 -91 -92 -99 -99 -87 -84 -77 -81 -74 -64 -51 -51 -50 -46 -39 -32 -34 -36 -38 -40 -36 -38 -48 -58 -59 -63 -62 -72 -72 -74 -71 -71 -74 -74 -71 -68 -65 -69 -66 -59 -51 -55 -53 -52 -52 -51 -49 -50 -53 -53 -48 -55 -58 -60 -63 -67 -63 -63 -64 -64 -64 -65 -67 -65 -62 -55 -62 -59 -60 -58 -57 -56 -56 -58 -55 -55 -55 -57 -58 -58 -57 -56 -56 -58 -56 -58 -57 -61 -64 -62 -62 -63 -64 -63 -60 -70 -57 -58 -59 -57 -59 -60 -57 -59 -58 -59 -60 -59 -57 -59 -60 -63 -58 -63 -4 -142 6 -101 -28 -85 -43 -76 -54 -70 -58 -66 -65 -61 -58 -61 -63 -59 -60 -61 -57 -63 -62 99 1131 305 4580
-59 -61 -59 -57 -59 -60 -61 -60 -61 -65 -62 -62 -59 -58 -41 -70 -68 -43 -81 -45 -77 -51 -70 -52 -68 -55 -67 -58 -67 -61 -67 -60 -64 -65 -61 -61 -63 -62 -59 -59 -62 -60 -58 -63 -58 -61 -63 -63 -60 -55 -34 3 84 223 379 309 -85 -392 -337 1 179 -46 -433 -532 -310 -53 -64 -258 -351 -239 -61 -13 -68 -98 -15 70 72 24 21 82 119 71 -5 -37 4 23 -21 -101 -136 -113 -89 -109 -155 -173 -145 -112 -107 -126 -121 -89 -57 -50 -56 -47 -20 3 0 -10 -16 -7 0 -12 -34 -42 -46 -48 -60 -77 -93 -93 -81 -92 -97 -103 -91 -86 -75 -79 -75 -60 -55 -49 -48 -48 -39 -32 -33 -41 -37 -39 -39 -45 -53 -57 -55 -62 -65 -69 -75 -73 -69 -75 -71 -73 -69 -67 -63 -64 -64 -62 -56 -53 -51 -50 -50 -49 -47 -51 -51 -54 -55 -53 -59 -58 -60 -64 -62 -70 -67 -65 -66 -60 -63 -64 -64 -60 -61 -64 -60 -61 -64 -55 -60 -57 -59 -59 -56 -55 -59 -59 -62 -61 -58 -60 -57 -62 -61 -65 -64 -62 -61 -65 -62 -63 -58 -60 -63 -62 -60 -59 -57 -60 -62 -59 -57 -54 -58 -57 -53 -59 -57 -59 -64 -62 -58 -57 -60 -57 -56 -62 -59 -61 -63 -63 -63 -61 -58 -59 -60 -62 -56 -61 -57 -56 -60 -55 -55 98 12594 305 4678
-33 -77 -39 -71 -44 -69 -47 -64 -51 -64 -49 -62 -48 -61 -56 -58 -55 -54 -56 -58 -55 -58 -59 -58 -58 -55 -57 -53 -53 -55 -59 -52 -59 -56 -54 -58 -59 -55 -56 -53 -55 -57 -54 -62 -54 -57 -56 -58 -53 -55 -36 -1 73 197 357 361 11 -352 -373 -57 181 30 -364 -539 -358 -79 -30 -214 -346 -265 -83 -2 -54 -91 -31 61 81 39 13 70 120 90 9 -30 1 31 -7 -81 -134 -115 -88 -99 -141 -167 -151 -119 -103 -119 -123 -91 -57 -42 -48 -41 -25 3 7 -6 -14 -5 2 -7 -26 -41 -45 -44 -54 -72 -81 -81 -82 -85 -90 -94 -88 -83 -78 -75 -72 -63 -54 -46 -44 -45 -38 -28 -33 -32 -40 -36 -39 -44 -47 -55 -54 -55 -59 -62 -72 -72 -67 -71 -68 -72 -69 -63 -65 -60 -58 -57 -55 -49 -53 -51 -45 -50 -46 -45 -54 -48 -52 -55 -54 -57 -58 -55 -60 -64 -63 -61 -61 -66 -65 -62 -61 -58 -62 -56 -59 -55 -55 -56 -52 -51 -52 -54 -54 -52 -54 -52 -57 -57 -59 -56 -61 -58 -62 -58 -58 -61 -60 -60 -55 -60 -61 -59 -55 -55 -56 -52 -60 -55 -55 -58 -55 -57 -56 -57 -59 -58 -56 -59 -58 -53 -59 -59 -59 -57 -53 -52 -53 -59 -60 -61 -61 -56 -62 -61 -55 -57 -52 -62 -60 -59 -56 -53 -56 98 3232 305 4378
-60 -61 -57 -60 -64 -60 -61 -59 -59 -61 -59 -59 -62 -58 -62 -55 -55 -58 -57 -59 -60 -58 -61 -60 -61 -62 -63 -59 -61 -63 -61 -59 -63 -60 -60 -57 -58 -60 -58 -62 -60 -57 -58 -62 -62 -60 -63 -59 -60 -54 -32 8 86 226 376 308 -81 -393 -329 1 182 -54 -435 -533 -303 -50 -60 -257 -349 -233 -60 -8 -70 -88 -12 75 73 20 19 81 116 69 -11 -35 1 25 -24 -98 -137 -112 -95 -108 -159 -169 -145 -106 -108 -124 -123 -89 -53 -48 -54 -52 -21 -1 0 -15 -19 -4 2 -11 -46 -52 -49 -57 -61 -80 -85 -83 -86 -92 -99 -104 -88 -81 -79 -81 -74 -65 -55 -54 -51 -46 -39 -37 -37 -39 -42 -39 -42 -47 -52 -58 -59 -60 -66 -71 -71 -73 -71 -71 -77 -73 -71 -67 -62 -64 -63 -19 -132 5 -105 -17 -81 -26 -66 -35 -61 -47 -59 -55 -63 -61 -64 -66 -70 -63 -69 -66 -64 -65 -65 -64 -66 -61 -60 -57 -65 -64 -61 -62 -52 -55 -59 -59 -59 -54 -58 -60 -59 -60 -58 -60 -64 -61 -64 -67 -61 -69 -65 -65 -63 -64 -61 -60 -62 -61 -56 -58 -58 -57 -57 -56 -59 -58 -62 -59 -57 -60 -57 -58 -60 -58 -63 -56 -60 -61 -62 -58 -59 -60 -57 -63 -61 -62 -58 -61 -58 -56 -60 -56 -62 -56 -56 -59 -54 97 14746 305 4627
-59 -60 -59 -59 -63 -59 -63 -61 -58 -61 -57 -59 -61 -60 -64 -58 -62 -55 -66 -59 -67 -57 -60 -63 -62 -60 -60 -60 -62 -64 -61 -59 -59 -61 -58 -57 -56 -56 -58 -61 -59 -56 -59 -54 -61 -62 -59 -62 -55 -55 -22 20 105 254 397 264 -137 -412 -289 57 180 -108 -473 -511 -257 -32 -83 -283 -341 -201 -44 -14 -76 -86 0 76 66 19 27 90 113 63 -18 -32 9 23 -32 -113 -133 -109 -88 -115 -158 -167 -140 -110 -109 -123 -119 -79 -53 -45 -56 -46 -15 8 -8 -12 -16 -3 -1 -18 -39 -44 -50 -47 -68 -83 -89 -90 -87 -92 -97 -93 -86 -82 -79 -78 -70 -63 -52 -53 -50 -46 -36 -35 -36 -40 -41 -43 -45 -45 -48 -55 -56 -62 -65 -69 -73 -71 -74 -76 -77 -70 -68 -69 -62 -62 -63 -59 -56 -52 -50 -51 -51 -50 -52 -49 -53 -52 -54 -57 -59 -61 -60 -64 -65 -63 -69 -68 -65 -65 -67 -64 -62 -62 -61 -63 -59 -56 -57 -53 -59 -50 -56 -54 -57 -54 -56 -55 -59 -57 -55 -62 -67 -59 -63 -60 -64 -62 -64 -66 -58 -59 -59 -61 -57 -60 -60 -59 -56 -58 -56 -57 -58 -56 -58 -58 -59 -55 -57 -60 -71 -69 -61 -66 -62 -60 -58 -58 -60 -58 -62 -58 -59 -57 -53 -59 -58 -61 -60 -59 -60 -57 -62 -56 -58 97 10337 305 4166
-62 -62 -62 -59 -60 -61 -65 -60 -60 -60 -57 -59 -57 -57 -61 -59 -60 -62 -57 -60 -58 -61 -60 -58 -61 -59 -58 -58 -57 -62 -62 -60 -59 -58 -62 -58 -61 -60 -55 -57 -63 -63 -59 -59 -62 -62 -63 -58 -63 -58 -31 16 96 243 386 276 -121 -403 -304 33 176 -95 -464 -519 -276 -37 -77 -273 -343 -216 -45 -12 -77 -87 -2 75 65 19 25 86 113 61 -15 -33 5 23 -32 -108 -142 -112 -87 -114 -162 -171 -138 -108 -109 -131 -122 -83 -56 -50 -55 -46 -19 1 -3 -17 -20 -9 -1 -17 -41 -45 -46 -51 -66 -82 -91 -88 -89 -92 -101 -96 -96 -84 -81 -81 -78 -63 -56 -52 -51 -48 -39 -34 -40 -41 -39 -40 -44 -42 -55 -54 -64 -59 -70 -71 -75 -76 -75 -72 -71 -74 -70 -72 -69 -62 -63 -56 -55 -53 -53 -51 -51 -48 -52 -55 -52 -53 -55 -56 -59 -57 -64 -62 -68 -62 -67 -68 -64 -64 -67 -67 -58 -65 -65 -61 -60 -57 -63 -58 -56 -56 -55 -59 -53 -54 -62 -59 -58 -57 -60 -63 -62 -62 -62 -61 -65 -60 -68 -61 -64 -60 -61 -60 -59 -59 -60 -60 -57 -57 -58 -60 -60 -58 -57 -59 -61 -59 -58 -65 -60 -65 -62 -59 -63 -61 -60 -61 -58 -62 -62 -60 -57 -52 -57 -63 -62 -61 -7 -139 10 -108 -25 -88 -36 97 5284 305 4810
-57 -58 -60 -59 -59 -58 -61 -62 -61 -58 -58 -62 -57 -63 -64 -57 -62 -59 -61 -56 -57 -60 -61 -58 -58 -61 -63 -58 -60 -60 -55 -61 -58 -58 -61 -59 -60 -60 -58 -63 -57 -57 -61 -62 -20 -137 3 -108 -24 -91 -27 -40 46 112 292 388 202 -217 -423 -233 105 145 -186 -515 -480 -205 -21 -119 -313 -333 -169 -26 -21 -88 -72 21 83 52 10 31 101 106 41 -29 -26 15 12 -52 -119 -137 -103 -89 -136 -160 -173 -131 -114 -115 -128 -116 -80 -50 -50 -56 -39 -9 6 -7 -16 -18 -2 -2 -18 -41 -47 -43 -51 -66 -79 -90 -83 -90 -92 -99 -105 -86 -82 -81 -79 -73 -58 -58 -53 -53 -43 -36 -35 -34 -34 -43 -40 -37 -46 -53 -55 -61 -64 -66 -73 -76 -69 -73 -74 -71 -77 -70 -67 -64 -64 -59 -57 -56 -52 -55 -49 -50 -52 -48 -53 -50 -51 -56 -56 -56 -61 -61 -61 -67 -63 -65 -49 -56 -64 -63 -67 -59 -59 -59 -58 -58 -53 -57 -54 -57 -57 -58 -57 -55 -56 -60 -60 -59 -59 -64 -60 -58 -66 -62 -60 -63 -64 -64 -63 -62 -64 -58 -58 -59 -60 -59 -59 -56 -57 -59 -62 -53 -55 -60 -56 -60 -56 -58 -62 -59 -62 -64 -60 -61 -63 -60 -65 -61 -61 -65 -59 -64 -61 -61 -61 -56 -60 -58 -54 -61 -59 -58 -58 97 1152 305 3888
-61 -54 -54 -53 -63 -60 -62 -60 -61 -59 -62 -59 -58 -61 -60 -56 -58 -62 -58 -58 -57 -59 -59 -58 -55 -55 -59 -58 -58 -58 -57 -58 -56 -56 -59 -58 -56 -61 -58 -60 -55 -60 -59 -59 -62 -62 -62 -56 -60 -58 -44 -12 50 155 310 393 124 -275 -412 -164 148 108 -262 -539 -439 -151 -19 -156 -330 -310 -131 -16 -35 -91 -53 40 88 46 14 46 107 102 24 -39 -23 16 11 -65 -136 -136 -104 -94 -128 -173 -165 -124 -104 -110 -124 -104 -69 -46 -49 -52 -28 -2 4 -5 -21 -12 -3 -3 -28 -44 -45 -46 -58 -71 -84 -88 -88 -86 -95 -101 -95 -83 -82 -84 -78 -68 -54 -54 -49 -42 -23 -103 24 -91 -4 -74 -15 -64 -29 -71 -47 -71 -54 -77 -69 -81 -67 -79 -77 -77 -73 -72 -72 -67 -63 -64 -59 -56 -54 -52 -50 -50 -53 -50 -48 -54 -59 -53 -55 -57 -63 -66 -64 -65 -66 -66 -67 -69 -68 -66 -66 -62 -61 -60 -58 -60 -57 -58 -57 -56 -52 -51 -57 -50 -53 -55 -55 -57 -55 -57 -60 -59 -61 -59 -62 -64 -56 -61 -62 -61 -64 -57 -63 -58 -60 -58 -51 -58 -58 -55 -58 -59 -55 -56 -60 -56 -59 -56 -55 -62 -56 -60 -60 -57 -56 -60 -61 -61 -59 -56 -59 -58 -57 -60 -60 -59 -57 -50 -57 -57 -57 -58 -58 96 8256 305 4161
-51 -54 -55 -51 -50 -52 -53 -54 -52 -49 -53 -54 -52 -53 -55 -55 -49 -54 -57 -54 -52 -53 -53 -55 -54 -55 -50 -57 -53 -53 -48 -55 -53 -53 -50 -53 -53 -50 -50 -52 -51 -50 -53 -53 -49 -54 -50 -53 -52 -47 -26 41 65 209 390 327 0 -385 -340 -42 202 -1 -389 -544 -331 -69 -34 -228 -351 -252 -71 -3 -53 -87 -19 71 84 31 20 77 125 86 8 -31 2 30 -8 -84 -128 -116 -83 -99 -146 -166 -143 -106 -105 -116 -121 -89 -53 -40 -48 -40 -19 7 8 -4 -8 -3 8 -3 -26 -36 -37 -40 -52 -65 -81 -80 -76 -81 -85 -90 -88 -76 -70 -73 -65 -57 -51 -40 -39 -42 -35 -25 -29 -29 -33 -35 -31 -35 -46 -45 -50 -51 -57 -61 -62 -63 -64 -68 -70 -62 -61 -59 -59 -53 -54 -52 -48 -46 -46 -43 -38 -39 -40 -37 -46 -42 -47 -50 -48 -50 -54 -49 -57 -56 -57 -55 -55 -57 -59 -56 -57 -54 -52 -52 -47 -51 -51 -49 -47 -47 -49 -46 -46 -52 -47 -52 -49 -53 -56 -51 -49 -55 -52 -59 -54 -53 -54 -54 -53 -53 -54 -51 -51 -55 -51 -47 -50 -51 -47 -55 -51 -51 -43 -53 -52 -53 -51 -52 -56 -52 -52 -51 -52 -53 -51 -52 -52 -53 -57 -54 -53 -55 -52 -53 -52 -51 -50 -52 -50 -54 -50 -50 -56 95 10180 305 4185
-60 -59 -60 -57 -61 -56 -57 -56 -56 -61 -57 -55 -60 -63 -59 -60 -63 -59 -59 -59 -61 -60 -59 -63 -60 -61 -59 -58 -56 -61 -63 -58 -59 -60 -55 -59 -59 -58 -58 -58 -59 -53 -59 -60 -62 -65 -62 -64 -55 -57 -44 -13 47 154 309 397 116 -279 -415 -165 142 108 -273 -531 -437 -151 -20 -156 -329 -300 -113 -70 19 -144 -23 5 108 22 21 34 116 92 29 -38 -16 13 9 -71 -130 -128 -97 -99 -139 -175 -164 -131 -109 -113 -128 -109 -71 -49 -55 -54 -30 -9 3 -9 -19 -11 -4 -4 -31 -42 -53 -46 -59 -70 -86 -87 -89 -89 -95 -102 -96 -84 -81 -82 -76 -66 -58 -52 -48 -47 -39 -36 -37 -38 -44 -41 -38 -39 -49 -55 -61 -59 -62 -68 -72 -75 -78 -76 -74 -72 -76 -66 -65 -67 -60 -60 -59 -56 -53 -49 -51 -47 -47 -52 -49 -53 -47 -60 -57 -58 -63 -60 -63 -64 -63 -64 -66 -64 -68 -65 -63 -61 -61 -59 -60 -62 -54 -55 -56 -54 -57 -56 -56 -58 -53 -60 -56 -55 -60 -61 -64 -65 -62 -63 -63 -64 -65 -61 -65 -67 -65 -58 -62 -59 -63 -59 -55 -60 -56 -58 -58 -55 -62 -59 -61 -57 -60 -62 -60 -61 -61 -60 -59 -61 -59 -57 -61 -61 -61 -59 -59 -58 -63 -57 -56 -56 -62 -62 -58 -55 -62 -57 -59 94 12154 305 4696
-55 -60 -57 -59 -57 -58 -62 -59 -57 -59 -59 -57 -58 -58 -54 -55 -57 -59 -59 -57 -59 -58 -59 -59 -56 -61 -55 -57 -57 -55 -62 -56 -57 -58 -56 -57 -56 -57 -56 -56 -59 -55 -58 -58 -59 -58 -59 -59 -55 -52 -34 1 77 207 372 340 -28 -371 -364 -37 185 1 -392 -537 -340 -75 -41 -229 -349 -251 -73 -8 -56 -94 -27 61 70 28 15 74 119 80 6 -36 -5 26 -11 -87 -135 -119 -88 -105 -148 -167 -151 -109 -111 -120 -119 -87 -61 -49 -56 -58 -35 -2 5 -2 -12 -10 -4 -10 -25 -34 -40 -44 -60 -72 -81 -77 -84 -95 -109 -111 -93 -83 -81 -82 -75 -68 -56 -57 -51 -43 -36 -32 -35 -38 -33 -36 -42 -48 -50 -56 -57 -58 -64 -67 -72 -71 -74 -76 -75 -71 -73 -70 -67 -64 -64 -58 -56 -54 -57 -49 -49 -47 -51 -51 -52 -50 -59 -55 -55 -55 -58 -59 -61 -62 -65 -68 -65 -65 -65 -64 -60 -69 -62 -61 -60 -59 -59 -55 -57 -54 -55 -52 -58 -58 -54 -58 -57 -58 -58 -60 -60 -64 -61 -63 -62 -65 -61 -60 -58 -64 -60 -62 -58 -57 -58 -57 -55 -59 -56 -57 -61 -57 -57 -57 -60 -57 -56 -63 -58 -63 -62 -64 -55 -63 -60 -65 -62 -62 -61 -63 -59 -57 -58 -54 -56 -57 -57 -59 -54 -56 -60 -60 -59 94 7873 305 4038
-59 -59 -61 -56 -58 -57 -62 -59 -63 -58 -59 -54 -60 -61 -59 -65 -56 -62 -58 -61 -62 -59 -60 -61 -61 -58 -61 -59 -63 -58 -62 -59 -60 -59 -57 -56 -61 -58 -59 -59 -61 -56 -58 -61 -59 -57 -60 -55 -55 -56 -38 -5 65 195 355 359 10 -353 -381 -65 177 30 -363 -541 -368 -88 -30 -216 -346 -264 -89 -4 -54 -95 -34 55 78 29 13 64 112 84 2 -36 -12 23 -7 -88 -132 -121 -95 -100 -147 -177 -148 -114 -108 -117 -128 -96 -62 -44 -58 -56 -29 -3 -3 -12 -21 -8 0 -11 -29 -49 -49 -46 -53 -79 -87 -88 -86 -88 -100 -99 -98 -86 -83 -78 -75 -68 -56 -49 -51 -44 -39 -42 -37 -38 -40 -40 -44 -47 -50 -57 -58 -62 -62 -67 -77 -75 -70 -76 -71 -75 -76 -69 -68 -62 -63 -58 -57 -56 -54 -50 -52 -53 -52 -52 -53 -54 -55 -59 -58 -60 -59 -64 -60 -61 -67 -68 -67 -64 -64 -69 -60 -66 -62 -62 -59 -55 -64 -57 -60 -53 -52 -56 -54 -56 -58 -58 -57 -60 -56 -58 -60 -59 -63 -61 -66 -61 -63 -58 -62 -59 -63 -60 -56 -61 -58 -53 -58 -53 -61 -63 -64 -69 -62 -53 -50 -49 -59 -61 -60 -51 -51 -51 -60 -61 -57 -53 -51 -61 -72 -72 -73 -65 -61 -59 -63 -59 -62 -60 -61 -55 -59 -62 -57 94 3075 305 4555
-56 -57 -55 -56 -59 -59 -59 -61 -58 -58 -61 -60 -59 -60 -59 -59 -58 -61 -59 -59 -59 -61 -56 -58 -56 -56 -63 -57 -58 -59 -59 -58 -58 -59 -61 -61 -60 -64 -58 -61 -64 -61 -59 -57 -57 -57 -59 -61 -55 -52 -28 10 89 228 379 313 -72 -390 -340 -1 186 -42 -432 -535 -309 -51 -54 -251 -350 -234 -61 -10 -68 -89 -17 69 74 16 18 80 117 73 -5 -35 2 19 -22 -101 -134 -118 -92 -113 -153 -171 -143 -117 -108 -128 -123 -85 -58 -44 -54 -49 -27 0 2 -13 -20 -9 -2 -15 -36 -47 -45 -46 -61 -77 -93 -89 -85 -90 -104 -103 -89 -83 -80 -82 -72 -64 -55 -53 -52 -45 -41 -32 -35 -42 -41 -43 -43 -46 -51 -54 -62 -59 -63 -71 -70 -73 -74 -77 -75 -72 -68 -67 -66 -65 -59 -57 -55 -54 -53 -51 -47 -49 -52 -51 -50 -50 -53 -53 -57 -59 -65 -62 -66 -63 -65 -70 -68 -67 -67 -62 -62 -60 -65 -59 -59 -58 -57 -60 -54 -54 -53 -54 -55 -56 -58 -61 -64 -56 -67 -60 -62 -63 -65 -61 -66 -60 -62 -64 -63 -59 -61 -59 -61 -57 -57 -59 -58 -58 -58 -60 -64 -59 -60 -59 -59 -63 -59 -61 -61 -62 -63 -56 -59 -60 -58 -59 -61 -62 -60 -58 -58 -58 -56 -57 -63 -58 -62 -59 -62 -58 -56 -59 -61 93 14834 305 4382
-57 -58 -57 -57 -58 -58 -62 -59 -59 -57 -57 -60 -55 -57 -61 -58 -59 -60 -58 -60 -59 -56 -62 -56 -55 -61 -59 -59 -56 -61 -58 -60 -59 -61 -61 -64 -58 -60 -56 -62 -61 -60 -56 -58 -58 -60 -58 -62 -59 -56 -46 -13 43 149 305 398 136 -259 -419 -184 135 122 -249 -533 -450 -161 -13 -146 -325 -314 -144 -15 -37 -91 -60 29 79 47 10 43 104 110 30 -31 -19 19 11 -58 -121 -130 -99 -96 -131 -175 -162 -121 -107 -120 -132 -110 -71 -48 -50 -54 -30 -9 4 -5 -18 -14 -1 1 -26 -43 -47 -44 -52 -71 -85 -89 -86 -86 -98 -98 -95 -87 -81 -81 -82 -65 -60 -49 -50 -47 -41 -36 -33 -39 -37 -43 -36 -45 -44 -55 -57 -60 -65 -69 -72 -71 -72 -75 -73 -74 -71 -68 -70 -62 -63 -61 -58 -56 -56 -51 -54 -47 -47 -49 -52 -49 -50 -55 -54 -63 -63 -59 -64 -65 -65 -67 -65 -66 -66 -58 -67 -19 -152 13 -108 -11 -90 -32 -78 -39 -71 -46 -63 -55 -64 -55 -58 -54 -61 -62 -64 -61 -62 -61 -58 -62 -62 -64 -61 -62 -58 -58 -58 -60 -63 -56 -58 -62 -56 -57 -58 -59 -60 -67 -52 -65 -58 -60 -61 -59 -63 -61 -55 -64 -59 -61 -59 -60 -58 -61 -60 -57 -54 -58 -55 -56 -57 -56 -56 -57 -55 -56 -56 93 5353 305 4768
-54 -56 -53 -58 -55 -58 -53 -55 -58 -52 -57 -54 -55 -56 -56 -54 -56 -48 -53 -57 -54 -54 -56 -54 -56 -58 -53 -54 -53 -59 -53 -54 -55 -55 -58 -57 -52 -53 -57 -54 -57 -57 -57 -56 -55 -58 -55 -55 -59 -43 -17 37 133 280 401 202 -209 -412 -211 56 212 -239 -470 -509 -176 -33 -101 -320 -318 -177 -19 -28 -84 -71 24 78 56 13 37 104 111 44 -26 -21 16 16 -48 -120 -131 -105 -89 -122 -165 -161 -127 -107 -113 -127 -111 -77 -50 -53 -46 -39 -8 3 -5 -18 -17 -3 2 -19 -35 -43 -45 -50 -65 -76 -86 -80 -83 -90 -92 -91 -80 -83 -76 -71 -65 -52 -50 -45 -42 -43 -35 -32 -29 -35 -38 -38 -41 -47 -52 -51 -58 -57 -63 -69 -70 -68 -69 -68 -72 -69 -62 -64 -56 -60 -55 -52 -49 -52 -49 -46 -41 -45 -42 -49 -47 -47 -51 -56 -57 -53 -56 -58 -58 -61 -65 -60 -63 -62 -64 -59 -59 -58 -60 -55 -53 -54 -55 -54 -47 -52 -55 -52 -55 -52 -53 -56 -57 -54 -57 -56 -58 -58 -58 -61 -58 -60 -56 -64 -56 -60 -60 -56 -60 -59 -58 -54 -58 -52 -53 -57 -56 -53 -55 -53 -56 -57 -58 -57 -74 -60 -62 -54 -58 -55 -56 -58 -58 -56 -56 -56 -57 -60 -58 -56 -54 -51 -56 -59 -52 -56 -57 -54 -53 93 971 305 4140