16333 16333 16328 16321 16325 16324 16325 16327 16324 16323 16328 16323 16324 16326 16324 16326 16324 16327 16372 16248 6 16277 16359 16299 16342 16307 16333 16316 16327 16317 16326 16322 16323 16320 16321 16321 16323 16324 16322 16322 16326 16325 16322 16324 16322 16324 16324 16319 16324 16321 16319 16323 16323 16322 16323 16325 16323 16322 16321 16320 16325 16322 16323 16327 16324 16316 16326 16321 16324 16322 16323 16322 16325 16326 16324 16324 16327 16325 16325 16325 16323 16325 16322 16326 16329 16327 16326 16324 16328 16322 16327 16324 16324 16325 16330 16321 16323 16325 16327 16323 16323 16325 16325 16322 16322 16324 16324 16326 16327 16323 16321 16325 16325 16324 16324 16328 16325 16322 16323 16322 16321 16324 16329 16323 16322 16328 16321 16323 16325 16326 16323 16325 16325 16325 16323 16323 16326 16322 16329 16326 16322 16326 16327 16324 16321 16323 16322 16327 16325 16325 16328 16327 16326 16327 16324 16326 16326 16323 16324 16328 16323 16327 16328 16326 16325 16326 16324 16321 16324 16327 16325 16325 16328 16325 16324 16325 16323 16323 16324 16322 16325 16327 16323 16328 16325 16325 16321 16322 16324 16324 16325 16324 16328 16322 16326 16324 16325 16324 16326 16323 16323 16326 16327 16324 16325 16325 16321 16322 16322 16321 16322 16324 16324 16325 16322 16323 16323 16327 16326 16323 16323 16319 16323 16326 16326 16325 16318 16325 16325 16324 16325 16322 16323 16325 16324 16319 16324 16327 16326 16324 16319 16323 16328 16326 16327 16323 16324 16322 16326 16328 16324 16325 16323 16324 16327 16324 16321 16324 16323 12 11407 304 
0 16322 16324 16327 16322 16326 16319 16327 16322 16324 16325 16323 16326 16325 16326 16326 16324 16325 16326 16322 16323 16323 16323 16325 16322 16327 16322 16324 16325 16322 16323 16323 16326 16323 16324 16327 16325 16325 16329 16323 16323 16326 16326 16324 16323 16328 16323 16324 16326 16323 16327 16324 16326 16325 16323 16322 16325 16324 16326 16326 16322 16324 16326 16336 16284 16357 16289 16352 16301 16343 16309 16334 16313 16333 16317 16325 16320 16323 16319 16324 16323 16327 16323 16320 16326 16322 16319 16324 16322 16321 16325 16320 16324 16324 16321 16323 16324 16323 16328 16326 16324 16325 16320 16321 16327 16327 16323 16329 16325 16322 16319 16325 16322 16320 16322 16321 16322 16324 16323 16329 16324 16322 16323 16323 16325 16325 16326 16325 16331 16326 16327 16323 16327 16323 16326 16323 16322 16323 16324 16324 16324 16321 16328 16322 16324 16321 16324 16325 16326 16323 16325 16325 16326 16322 16328 16324 16326 16328 16325 16323 16327 16327 16326 16321 16326 16327 16325 16325 16328 16323 16325 16325 16326 16322 16326 16329 16327 16324 16327 16324 16328 16323 16321 16321 16325 16323 16323 16323 16325 16324 16323 16326 16329 16323 16322 16324 16324 16325 16324 16322 16325 16323 16327 16326 16326 16326 16327 16326 16324 16324 16324 16326 16324 16323 16325 16326 16323 16325 16327 16327 16327 16325 16324 16322 16323 16330 16325 16324 16324 16327 16326 16323 16325 16324 16321 16327 16323 16323 16326 16323 16327 16324 16321 16326 16322 16323 16324 16324 16324 16322 16321 16328 16319 16324 16326 16325 16324 16325 12 11853 304 13487 
0 16326 16325 16320 16329 16322 16325 16324 16324 16323 16324 16330 16324 16325 16326 16320 16321 16322 16323 16327 16327 16326 16323 16325 16326 16326 16319 16322 16324 16327 16326 16326 16323 16324 16328 16321 16325 16323 16321 16324 16327 16324 16324 16327 16326 16324 16325 16321 16321 16324 16326 16323 16322 16326 16324 16326 16323 16326 16319 16325 16325 16324 16322 16351 16295 16344 16320 16325 16326 16317 16327 16321 16326 16319 16328 16322 16324 16324 16323 16321 16319 16317 16323 16322 16325 16322 16324 16323 16322 16323 16321 16323 16323 16321 16326 16319 16326 16321 16323 16325 16320 16323 16326 16326 16326 16325 16325 16323 16327 16325 16320 16325 16321 16325 16315 16323 16319 16326 16326 16319 16328 16319 16322 16325 16323 16320 16323 16326 16330 16327 16323 16325 16329 16327 16326 16328 16327 16327 16326 16323 16327 16324 16322 16326 16327 16326 16326 16326 16322 16328 16323 16327 16325 16323 16324 16326 16323 16324 16325 16327 16321 16324 16324 16326 16329 16324 16328 16324 16324 16321 16320 16322 16324 16324 16321 16325 16326 16324 16321 16324 16323 16327 16324 16326 16328 16325 16325 16325 16323 16325 16327 16323 16325 16326 16326 16327 16321 16326 16322 16327 16324 16323 16325 16326 16326 16325 16326 16327 16327 16325 16323 16326 16326 16325 16327 16323 16326 16325 16322 16327 16325 16327 16324 16324 16322 16324 16324 16325 16326 16325 16324 16329 16326 16327 16322 16324 16325 16324 16324 16324 16326 16326 16323 16323 16323 16319 16328 16324 16325 16326 16324 16325 16323 16326 16325 16327 16324 16324 12 12340 304 13487 
0 16320 16325 16323 16327 16323 16326 16327 16323 16323 16323 16327 16323 16326 16323 16326 16321 16321 16324 16324 16327 16325 16326 16322 16327 16324 16324 16325 16326 16327 16327 16327 16324 16319 16329 16326 16324 16326 16326 16327 16323 16326 16321 16325 16325 16327 16325 16323 16328 16325 16326 16324 16324 16325 16324 16325 16324 16323 16327 16323 16326 16324 16321 16372 16252 6 16281 16358 16295 16343 16310 16335 16315 16331 16319 16325 16319 16326 16322 16329 16324 16325 16321 16328 16323 16325 16325 16323 16326 16324 16323 16320 16320 16321 16324 16320 16325 16323 16326 16325 16324 16325 16324 16323 16323 16322 16323 16323 16322 16322 16326 16322 16327 16318 16323 16323 16327 16321 16323 16322 16324 16327 16324 16326 16325 16327 16325 16326 16325 16329 16325 16328 16325 16330 16326 16323 16325 16319 16323 16320 16323 16323 16324 16324 16327 16322 16326 16324 16323 16323 16327 16326 16325 16325 16321 16327 16327 16324 16329 16323 16327 16322 16328 16323 16327 16322 16323 16326 16325 16324 16326 16329 16324 16328 16322 16326 16326 16324 16326 16321 16324 16325 16324 16325 16320 16324 16326 16323 16328 16325 16326 16325 16324 16324 16322 16328 16325 16323 16324 16327 16325 16328 16321 16323 16321 16319 16321 16329 16324 16325 16328 16328 16324 16325 16327 16323 16328 16321 16323 16328 16321 16326 16323 16326 16322 16326 16323 16326 16327 16324 16323 16327 16322 16324 16325 16320 16324 16327 16327 16323 16326 16322 16327 16325 16324 16328 16322 16325 16323 16324 16326 16324 16327 16324 16324 16323 16324 16328 12 12832 304 13487 
0 16325 16326 16325 16323 16324 16320 16324 16323 16323 16325 16326 16324 16326 16321 16327 16327 16320 16323 16327 16324 16326 16326 16328 16320 16325 16325 16325 16324 16330 16323 16325 16326 16325 16327 16318 16325 16323 16326 16326 16324 16328 16323 16328 16324 16320 16322 16326 16324 16323 16325 16324 16324 16326 16322 16323 16324 16319 16325 16328 16321 16325 16322 16361 16248 2 16270 16365 16296 16348 16303 16339 16315 16333 16319 16328 16321 16329 16319 16322 16322 16326 16321 16326 16324 16323 16321 16322 16322 16322 16323 16325 16325 16327 16322 16323 16324 16323 16325 16324 16325 16326 16325 16323 16323 16321 16323 16327 16325 16326 16318 16326 16322 16321 16323 16319 16324 16322 16322 16326 16321 16326 16324 16324 16322 16325 16327 16324 16326 16326 16325 16327 16325 16325 16330 16325 16327 16327 16328 16326 16324 16324 16329 16322 16324 16323 16325 16324 16326 16321 16325 16326 16323 16323 16327 16325 16329 16327 16326 16328 16323 16323 16327 16327 16327 16326 16328 16327 16326 16322 16323 16326 16324 16327 16327 16327 16326 16324 16328 16322 16326 16327 16323 16326 16328 16327 16324 16326 16319 16324 16326 16326 16328 16326 16323 16321 16324 16325 16330 16324 16328 16324 16326 16324 16326 16327 16329 16326 16322 16329 16323 16323 16325 16325 16328 16326 16324 16328 16326 16323 16325 16326 16326 16325 16326 16324 16324 16321 16327 16326 16325 16324 16322 16325 16327 16325 16324 16324 16326 16329 16325 16325 16325 16326 16328 16325 16324 16324 16324 16322 16323 16324 16325 16322 16325 16326 16323 16322 12 13322 304 13487 
0 16328 16328 16325 16327 16324 16325 16324 16326 16322 16321 16320 16328 16325 16326 16322 16326 16326 16326 16324 16327 16327 16324 16323 16327 16323 16325 16324 16323 16324 16324 16328 16322 16323 16325 16327 16327 16325 16320 16329 16326 16325 16326 16326 16323 16325 16328 16321 16323 16323 16324 16326 16326 16327 16325 16326 16326 16325 16323 16327 16327 16324 16325 16332 16293 16354 16292 16346 16295 16340 16310 16338 16314 16330 16318 16329 16320 16324 16320 16326 16322 16325 16322 16327 16321 16324 16323 16322 16319 16322 16325 16324 16325 16325 16329 16321 16324 16323 16328 16324 16324 16325 16323 16321 16326 16321 16326 16325 16324 16324 16320 16324 16325 16323 16324 16321 16325 16327 16324 16326 16322 16321 16328 16330 16323 16325 16326 16325 16325 16322 16327 16326 16327 16326 16327 16327 16329 16325 16324 16325 16322 16327 16323 16327 16325 16324 16327 16323 16327 16327 16327 16327 16327 16326 16325 16326 16327 16327 16326 16326 16325 16328 16325 16327 16326 16324 16325 16324 16322 16323 16323 16325 16325 16326 16322 16327 16321 16324 16323 16326 16323 16325 16324 16322 16324 16326 16324 16323 16325 16325 16328 16325 16328 16326 16322 16326 16324 16327 16326 16329 16323 16323 16323 16324 16325 16327 16323 16323 16329 16329 16323 16324 16327 16326 16321 16328 16326 16321 16329 16324 16325 16326 16325 16327 16327 16326 16324 16323 16326 16327 16327 16331 16326 16329 16327 16324 16328 16329 16327 16327 16321 16326 16324 16324 16324 16325 16324 16325 16326 16325 16325 16332 16332 16326 16323 16320 16322 16324 12 13812 304 13487 
0 16324 16326 16323 16322 16326 16330 16323 16321 16325 16326 16328 16324 16327 16327 16327 16323 16320 16330 16324 16326 16324 16322 16326 16323 16325 16325 16326 16326 16325 16327 16328 16326 16326 16326 16326 16325 16322 16326 16325 16328 16321 16326 16326 16322 16326 16329 16322 16324 16322 16325 16324 16324 16327 16319 16323 16329 16325 16324 16327 16324 16325 16320 16348 16302 16343 16322 16324 16328 16318 16327 16322 16324 16325 16324 16323 16327 16322 16325 16318 16323 16320 16326 16320 16322 16323 16322 16320 16323 16326 16326 16323 16324 16324 16323 16324 16324 16323 16325 16324 16323 16324 16324 16325 16327 16322 16325 16323 16323 16326 16322 16319 16322 16323 16322 16322 16319 16325 16323 16321 16323 16325 16323 16324 16328 16325 16323 16325 16327 16327 16327 16327 16329 16328 16326 16326 16322 16325 16325 16328 16328 16326 16325 16323 16323 16323 16324 16321 16322 16325 16322 16324 16323 16327 16327 16326 16326 16320 16322 16331 16322 16326 16322 16327 16332 16322 16326 16328 16323 16326 16325 16324 16326 16326 16323 16326 16323 16329 16327 16327 16327 16324 16328 16325 16326 16326 16327 16326 16325 16326 16328 16325 16325 16320 16329 16328 16325 16327 16325 16323 16324 16326 16327 16327 16324 16328 16322 16328 16327 16327 16322 16328 16326 16328 16326 16323 16327 16324 16324 16325 16324 16324 16328 16324 16328 16326 16326 16324 16323 16324 16327 16323 16323 16325 16327 16324 16327 16330 16324 16336 16336 16327 16323 16319 16323 16323 16322 16324 16324 16322 16329 16326 16325 16323 16324 16324 16328 16327 12 14299 304 13487 
0 16320 16321 16323 16325 16323 16325 16327 16327 16326 16324 16319 16327 16322 16325 16324 16324 16322 16326 16325 16326 16323 16327 16327 16326 16328 16326 16323 16322 16326 16321 16323 16323 16324 16327 16325 16326 16321 16325 16325 16325 16320 16321 16325 16325 16324 16320 16323 16326 16324 16326 16322 16326 16327 16325 16328 16326 16324 16325 16323 16323 16323 16323 16369 16262 16380 16290 16351 16304 16338 16318 16332 16316 16329 16322 16328 16323 16321 16323 16326 16324 16323 16322 16325 16325 16320 16323 16321 16324 16322 16326 16320 16325 16327 16322 16322 16322 16324 16324 16322 16327 16325 16322 16325 16324 16321 16325 16325 16321 16323 16317 16331 16322 16323 16326 16319 16322 16326 16326 16319 16324 16327 16325 16326 16323 16326 16325 16321 16328 16324 16322 16323 16326 16325 16324 16326 16327 16328 16323 16323 16324 16323 16321 16323 16325 16326 16327 16322 16326 16324 16326 16327 16329 16326 16327 16326 16327 16324 16326 16325 16327 16326 16328 16323 16328 16324 16321 16325 16322 16324 16324 16323 16324 16327 16327 16327 16327 16330 16328 16325 16318 16326 16324 16327 16327 16323 16324 16323 16325 16323 16326 16322 16323 16327 16325 16323 16324 16325 16328 16323 16325 16323 16324 16325 16326 16325 16324 16325 16327 16328 16326 16329 16327 16326 16323 16323 16328 16326 16324 16326 16325 16327 16328 16324 16325 16323 16340 16330 16327 16325 16324 16322 16325 16325 16326 16326 16323 16324 16323 16323 16323 16323 16324 16322 16326 16323 16325 16326 16324 16325 16325 16319 16327 16326 16326 16322 16325 16324 12 14791 304 13487 
0 16327 16321 16323 16326 16327 16327 16325 16322 16325 16323 16323 16328 16327 16325 16326 16326 16328 16327 16328 16323 16324 16326 16323 16329 16324 16324 16326 16326 16324 16323 16325 16326 16322 16327 16323 16326 16327 16326 16326 16328 16323 16328 16326 16328 16323 16321 16329 16326 16324 16328 16326 16327 16322 16324 16323 16322 16325 16325 16324 16325 16325 16322 16365 16245 12 16279 16363 16291 16347 16308 16339 16313 16332 16315 16331 16315 16326 16322 16324 16324 16327 16324 16328 16324 16324 16326 16317 16323 16325 16325 16325 16321 16325 16323 16326 16322 16324 16325 16329 16323 16324 16328 16324 16326 16323 16327 16328 16326 16322 16321 16326 16323 16321 16328 16315 16326 16327 16325 16326 16328 16326 16327 16323 16330 16323 16322 16325 16327 16324 16324 16324 16329 16327 16329 16326 16325 16323 16326 16329 16330 16323 16326 16326 16325 16322 16324 16329 16323 16325 16327 16323 16326 16328 16324 16326 16327 16329 16326 16327 16324 16328 16327 16324 16326 16326 16322 16321 16327 16328 16327 16321 16324 16325 16328 16321 16322 16327 16327 16329 16326 16325 16326 16322 16325 16326 16329 16327 16322 16326 16322 16326 16328 16322 16328 16329 16325 16327 16324 16322 16323 16324 16324 16327 16327 16327 16326 16329 16331 16325 16330 16328 16327 16326 16320 16327 16329 16323 16321 16322 16320 16326 16326 16326 16328 16326 16322 16327 16323 16328 16326 16324 16328 16324 16328 16325 16325 16324 16324 16324 16327 16324 16325 16322 16327 16325 16327 16326 16325 16326 16327 16325 16328 16325 16327 16325 16324 16323 12 15281 304 13487 
0 16323 16325 16324 16320 16324 16325 16323 16325 16326 16330 16322 16328 16328 16325 16327 16325 16323 16324 16325 16324 16326 16324 16325 16323 16326 16325 16323 16323 16326 16325 16325 16325 16327 16326 16327 16327 16326 16325 16321 16328 16325 16324 16328 16324 16322 16324 16326 16326 16325 16328 16325 16327 16324 16324 16325 16327 16328 16326 16323 16323 16322 16327 16337 16283 16363 16291 16349 16297 16343 16311 16335 16312 16330 16316 16328 16318 16327 16323 16324 16320 16324 16321 16324 16324 16322 16320 16327 16322 16325 16324 16326 16324 16323 16323 16324 16323 16327 16327 16324 16323 16322 16321 16323 16325 16323 16319 16323 16325 16320 16320 16322 16321 16318 16326 16319 16322 16323 16320 16326 16324 16322 16326 16323 16325 16326 16331 16324 16330 16323 16325 16329 16323 16324 16324 16327 16325 16326 16324 16327 16327 16327 16328 16327 16326 16327 16325 16329 16324 16326 16324 16327 16325 16326 16328 16327 16328 16327 16327 16327 16326 16326 16324 16325 16325 16328 16325 16325 16327 16326 16327 16330 16324 16328 16327 16325 16325 16327 16329 16322 16328 16327 16326 16328 16324 16328 16328 16326 16326 16325 16313 16319 16324 16327 16331 16325 16330 16322 16328 16326 16327 16328 16327 16323 16327 16330 16329 16324 16326 16328 16326 16325 16325 16327 16328 16328 16327 16324 16327 16327 16324 16329 16329 16321 16328 16324 16327 16325 16325 16327 16327 16323 16327 16327 16322 16323 16327 16327 16325 16325 16326 16328 16327 16326 16326 16324 16327 16323 16326 16325 16323 16326 16327 16327 16323 16327 16324 16327 12 15771 304 13487 
0 16325 16326 16328 16324 16322 16327 16324 16323 16326 16321 16322 16326 16324 16326 16327 16327 16325 16325 16323 16326 16325 16328 16326 16322 16326 16325 16323 16325 16327 16326 16323 16329 16323 16327 16328 16323 16323 16324 16328 16322 16325 16323 16324 16321 16325 16326 16327 16323 16327 16322 16325 16323 16328 16326 16325 16325 16326 16322 16327 16325 16326 16324 16356 16279 16360 16309 16336 16314 16327 16318 16323 16321 16323 16322 16324 16326 16324 16320 16320 16323 16322 16317 16326 16321 16325 16321 16319 16325 16325 16322 16327 16322 16326 16324 16324 16322 16321 16325 16324 16326 16323 16324 16326 16323 16325 16325 16319 16328 16325 16326 16317 16330 16326 16318 16328 16323 16325 16324 16321 16327 16324 16322 16325 16323 16325 16325 16324 16327 16327 16329 16325 16326 16326 16323 16330 16324 16325 16323 16326 16328 16328 16325 16325 16323 16326 16322 16322 16326 16329 16328 16326 16326 16330 16324 16327 16327 16325 16322 16325 16326 16330 16324 16325 16324 16326 16327 16326 16325 16325 16325 16323 16323 16324 16325 16322 16325 16326 16324 16324 16327 16324 16323 16327 16326 16321 16326 16323 16322 16325 16326 16324 16325 16325 16326 16325 16325 16326 16329 16327 16324 16327 16326 16322 16328 16323 16322 16323 16325 16328 16325 16328 16324 16327 16326 16325 16326 16328 16328 16326 16329 16324 16328 16324 16324 16323 16326 16327 16325 16326 16328 16324 16328 16324 16323 16322 16327 16326 16325 16324 16325 16322 16323 16322 16324 16326 16324 16326 16329 16328 16328 16324 16323 16326 16328 16327 16327 16327 12 16260 304 13487 
0 16324 16326 16326 16322 16324 16326 16322 16324 16325 16322 16322 16326 16324 16322 16322 16328 16323 16324 16322 16323 16325 16319 16323 16320 16322 16324 16323 16324 16327 16322 16325 16327 16327 16326 16324 16323 16324 16325 16321 16327 16329 16321 16324 16327 16326 16324 16324 16325 16324 16321 16322 16322 16324 16325 16324 16324 16322 16327 16323 16325 16325 16321 16356 16251 16382 16275 16364 16297 16350 16306 16339 16312 16329 16317 16326 16318 16325 16322 16322 16317 16322 16320 16321 16320 16325 16325 16324 16323 16327 16325 16326 16318 16322 16319 16325 16323 16322 16325 16320 16325 16321 16321 16327 16321 16324 16322 16323 16322 16323 16324 16315 16332 16318 16322 16320 16321 16318 16327 16321 16326 16322 16321 16324 16326 16320 16327 16323 16323 16329 16326 16326 16325 16326 16324 16326 16325 16330 16325 16323 16325 16328 16324 16325 16322 16325 16323 16327 16323 16325 16325 16325 16322 16321 16326 16325 16323 16324 16327 16328 16322 16326 16327 16327 16321 16327 16331 16323 16325 16324 16325 16323 16322 16324 16323 16324 16329 16326 16325 16324 16322 16324 16325 16322 16323 16328 16326 16324 16327 16321 16324 16323 16326 16328 16326 16324 16327 16325 16321 16323 16325 16325 16323 16327 16325 16324 16324 16323 16325 16327 16324 16326 16321 16329 16325 16325 16324 16325 16325 16327 16322 16326 16323 16327 16326 16323 16327 16321 16326 16322 16325 16324 16326 16322 16323 16326 16322 16326 16325 16326 16325 16324 16326 16326 16322 16323 16327 16328 16326 16326 16326 16325 16326 16322 16325 16324 16325 16323 13 366 304 13487 
0 16332 16324 16326 16322 16325 16324 16325 16323 16324 16322 16325 16320 16326 16321 16326 16324 16320 16324 16324 16323 16324 16326 16320 16322 16324 16327 16323 16325 16328 16321 16329 16326 16326 16320 16322 16325 16323 16323 16322 16322 16323 16324 16326 16327 16323 16323 16329 16320 16325 16325 16324 16324 16320 16326 16325 16325 16324 16326 16329 16335 16317 16317 16335 16310 16333 16313 16330 16313 16326 16321 16328 16322 16328 16320 16325 16322 16327 16321 16326 16325 16327 16321 16323 16323 16326 16322 16321 16321 16323 16324 16326 16325 16323 16323 16324 16324 16323 16323 16326 16321 16321 16323 16321 16324 16324 16323 16326 16318 16324 16318 16329 16319 16324 16322 16326 16318 16326 16322 16324 16321 16325 16325 16328 16327 16322 16327 16323 16324 16327 16327 16327 16323 16324 16320 16326 16329 16323 16325 16320 16322 16327 16325 16329 16323 16326 16325 16328 16324 16326 16324 16325 16326 16326 16326 16327 16325 16328 16326 16324 16324 16330 16323 16324 16328 16323 16325 16324 16327 16323 16326 16322 16323 16329 16328 16324 16325 16326 16325 16324 16328 16325 16323 16327 16325 16325 16321 16320 16323 16324 16324 16323 16327 16326 16326 16324 16323 16323 16323 16325 16325 16323 16322 16322 16325 16324 16320 16324 16329 16327 16326 16326 16326 16328 16324 16326 16329 16323 16326 16327 16321 16324 16323 16324 16324 16323 16327 16325 16322 16325 16326 16323 16324 16322 16324 16325 16325 16327 16324 16322 16326 16324 16323 16320 16325 16326 16320 16326 16323 16323 16327 16325 16325 16327 16324 16324 16327 16322 13 858 304 13487 
0 16325 16321 16323 16322 16321 16327 16323 16326 16327 16325 16325 16328 16322 16320 16327 16325 16323 16322 16327 16324 16326 16324 16322 16325 16328 16322 16326 16322 16324 16322 16324 16326 16324 16322 16322 16323 16326 16326 16324 16325 16322 16329 16324 16324 16326 16324 16324 16327 16323 16327 16323 16325 16325 16326 16326 16322 16323 16325 16329 16327 16326 16327 16370 16247 16383 16279 16361 16295 16348 16310 16335 16315 16331 16318 16328 16318 16326 16323 16325 16320 16322 16322 16328 16322 16326 16320 16325 16324 16321 16323 16325 16327 16323 16319 16322 16326 16325 16320 16324 16322 16327 16322 16323 16326 16325 16320 16327 16322 16322 16318 16323 16326 16321 16322 16322 16322 16322 16321 16327 16322 16322 16326 16326 16329 16326 16326 16326 16326 16326 16322 16326 16327 16324 16324 16328 16327 16332 16323 16324 16326 16322 16326 16325 16326 16324 16325 16329 16325 16324 16328 16326 16324 16325 16327 16327 16331 16325 16326 16326 16326 16322 16323 16328 16324 16324 16323 16324 16328 16325 16323 16327 16328 16327 16324 16326 16327 16325 16326 16323 16325 16327 16326 16326 16329 16325 16327 16324 16325 16324 16324 16325 16324 16325 16325 16324 16325 16322 16323 16324 16322 16325 16329 16326 16323 16326 16325 16324 16325 16322 16324 16326 16325 16325 16323 16326 16328 16322 16325 16324 16325 16326 16322 16320 16328 16324 16327 16325 16324 16321 16323 16325 16326 16322 16329 16323 16323 16324 16322 16322 16327 16326 16327 16324 16325 16323 16325 16325 16324 16323 16324 16330 16325 16324 16322 16325 16325 16327 13 1345 304 13487 
0 16324 16328 16327 16329 16328 16329 16331 16328 16327 16324 16327 16332 16325 16327 16326 16327 16329 16328 16329 16326 16331 16327 16323 16331 16328 16331 16329 16329 16326 16330 16328 16329 16329 16326 16329 16329 16327 16327 16327 16330 16327 16327 16329 16332 16329 16326 16325 16329 16327 16322 16326 16328 16329 16327 16328 16327 16326 16327 16324 16329 16325 16333 16335 16299 16357 16297 16352 16306 16343 16315 16335 16315 16333 16323 16328 16321 16331 16323 16330 16323 16326 16325 16328 16328 16327 16331 16324 16331 16329 16328 16326 16324 16329 16328 16327 16325 16329 16327 16325 16324 16325 16329 16327 16327 16325 16325 16328 16316 16313 16331 16321 16322 16326 16326 16326 16329 16329 16327 16327 16327 16325 16325 16325 16325 16324 16329 16327 16328 16334 16331 16333 16329 16328 16329 16333 16326 16327 16329 16330 16326 16328 16326 16327 16327 16326 16332 16330 16326 16327 16328 16328 16332 16329 16331 16330 16326 16327 16330 16329 16328 16330 16332 16328 16329 16327 16327 16330 16329 16329 16327 16328 16330 16328 16328 16329 16327 16329 16327 16332 16331 16329 16333 16330 16331 16328 16330 16331 16328 16332 16324 16329 16328 16331 16330 16327 16330 16330 16331 16327 16326 16326 16328 16331 16328 16328 16331 16331 16327 16331 16328 16327 16327 16328 16330 16326 16329 16327 16331 16329 16331 16332 16329 16329 16329 16330 16331 16326 16329 16331 16329 16326 16328 16328 16331 16325 16329 16329 16327 16331 16327 16327 16327 16328 16328 16325 16329 16329 16330 16329 16332 16327 16330 16329 16331 16326 16326 16327 13 1835 304 13487 
0 16326 16329 16327 16326 16328 16329 16332 16327 16329 16329 16332 16329 16330 16330 16327 16322 16328 16331 16329 16334 16328 16329 16329 16326 16327 16327 16330 16326 16328 16328 16330 16328 16327 16329 16326 16328 16329 16329 16329 16328 16331 16328 16327 16328 16329 16333 16330 16332 16328 16324 16329 16333 16328 16329 16331 16327 16333 16332 16329 16330 16330 16328 16377 16261 3 16298 16355 16311 16340 16321 16340 16324 16335 16324 16327 16322 16329 16328 16327 16326 16328 16326 16327 16328 16331 16329 16331 16330 16335 16328 16324 16332 16331 16329 16325 16329 16329 16329 16325 16327 16325 16328 16327 16323 16329 16327 16331 16331 16324 16332 16326 16334 16319 16328 16326 16330 16328 16327 16329 16331 16331 16326 16327 16330 16330 16327 16332 16327 16331 16335 16331 16333 16331 16329 16329 16333 16329 16333 16330 16328 16328 16329 16332 16329 16332 16330 16328 16328 16331 16327 16331 16333 16328 16329 16332 16333 16329 16331 16330 16330 16334 16333 16328 16328 16329 16329 16329 16331 16331 16330 16331 16329 16330 16330 16329 16325 16328 16331 16327 16333 16330 16330 16333 16330 16331 16328 16332 16332 16331 16332 16328 16329 16333 16330 16328 16332 16329 16333 16330 16330 16329 16332 16332 16329 16330 16331 16333 16333 16335 16334 16330 16335 16330 16332 16333 16331 16332 16330 16332 16331 16334 16331 16331 16332 16333 16332 16329 16330 16331 16329 16329 16336 16330 16332 16333 16330 16332 16331 16331 16327 16333 16329 16332 16331 16331 16332 16329 16329 16331 16332 16330 16330 16331 16329 16330 16331 16328 13 2324 304 13487 
0 16332 16333 16334 16332 16329 16333 16331 16332 16332 16335 16332 16329 16335 16332 16331 16329 16330 16331 16328 16329 16327 16333 16332 16331 16331 16329 16332 16330 16332 16335 16331 16331 16332 16336 16336 16336 16331 16329 16331 16328 16330 16329 16330 16329 16329 16329 16333 16327 16334 16332 16331 16334 16329 16328 16327 16331 16332 16337 16329 16333 16327 16332 16354 16265 16381 16284 16366 16298 16354 16311 16347 16317 16339 16323 16335 16326 16342 16328 16332 16327 16332 16330 16331 16326 16328 16328 16332 16327 16328 16328 16330 16331 16332 16332 16330 16328 16328 16330 16330 16329 16331 16325 16328 16330 16329 16328 16329 16328 16331 16320 16338 16328 16331 16329 16330 16327 16336 16327 16335 16328 16328 16331 16332 16332 16332 16333 16335 16335 16337 16334 16333 16334 16336 16332 16329 16332 16333 16332 16334 16331 16330 16331 16329 16328 16330 16330 16331 16332 16332 16332 16332 16332 16338 16334 16333 16333 16333 16333 16333 16328 16333 16330 16330 16335 16331 16338 16335 16332 16334 16332 16332 16330 16333 16330 16336 16333 16330 16331 16332 16329 16332 16334 16332 16330 16331 16332 16331 16333 16332 16335 16333 16329 16330 16331 16333 16331 16331 16333 16325 16330 16331 16329 16332 16333 16336 16333 16329 16327 16333 16331 16332 16330 16330 16333 16328 16330 16329 16332 16330 16329 16328 16331 16333 16333 16329 16328 16330 16328 16332 16328 16332 16334 16329 16330 16330 16333 16333 16327 16332 16329 16327 16331 16331 16329 16327 16332 16333 16329 16328 16330 16329 16333 16330 16333 16330 16332 16327 13 2814 304 13487 
0 16334 16332 16330 16333 16329 16329 16331 16332 16331 16332 16330 16330 16328 16329 16326 16334 16326 16328 16333 16331 16328 16331 16330 16331 16330 16331 16330 16328 16332 16335 16333 16329 16327 16330 16331 16332 16330 16335 16329 16334 16332 16334 16332 16331 16330 16332 16331 16327 16329 16330 16329 16335 16329 16331 16328 16333 16332 16330 16329 16331 16330 16328 16345 16316 16332 16346 16323 16347 16326 16343 16323 16335 16326 16333 16325 16336 16328 16334 16330 16330 16333 16335 16330 16329 16331 16333 16331 16329 16328 16329 16332 16330 16333 16329 16331 16331 16333 16334 16329 16332 16331 16330 16330 16329 16330 16331 16333 16331 16332 16332 16322 16333 16328 16331 16330 16328 16331 16332 16327 16332 16328 16330 16329 16332 16332 16333 16330 16332 16331 16334 16335 16335 16333 16333 16332 16331 16332 16330 16335 16333 16330 16333 16333 16327 16332 16332 16331 16331 16329 16334 16329 16333 16329 16334 16334 16332 16333 16332 16334 16333 16331 16328 16333 16335 16333 16328 16332 16328 16329 16331 16332 16333 16329 16328 16330 16329 16333 16332 16328 16330 16333 16332 16329 16332 16332 16336 16332 16331 16332 16331 16328 16332 16331 16331 16332 16331 16333 16332 16329 16332 16332 16334 16335 16334 16329 16327 16327 16329 16333 16328 16332 16333 16332 16329 16331 16330 16332 16333 16331 16331 16331 16332 16328 16337 16331 16333 16330 16331 16335 16331 16336 16331 16333 16330 16330 16332 16330 16331 16330 16332 16332 16333 16333 16332 16327 16330 16329 16332 16333 16335 16332 16332 16329 16334 16330 16337 16331 13 3301 304 13487 
0 16333 16334 16331 16330 16331 16331 16335 16332 16332 16333 16330 16332 16333 16333 16329 16331 16329 16333 16329 16328 16327 16331 16331 16328 16329 16328 16331 16329 16330 16335 16331 16331 16334 16331 16328 16331 16334 16331 16332 16332 16333 16329 16329 16332 16328 16336 16331 16332 16333 16330 16328 16328 16331 16335 16328 16332 16336 16329 16332 16329 16329 16329 16373 16258 11 16286 16363 16305 16352 16316 16344 16324 16335 16319 16332 16326 16333 16329 16327 16326 16327 16324 16329 16331 16330 16326 16328 16331 16332 16329 16328 16330 16329 16330 16328 16330 16332 16331 16326 16331 16329 16331 16326 16326 16328 16332 16329 16331 16332 16331 16317 16340 16319 16332 16328 16332 16327 16329 16327 16326 16326 16330 16326 16328 16329 16328 16332 16328 16330 16333 16333 16332 16334 16329 16329 16328 16334 16329 16330 16329 16329 16333 16329 16326 16327 16331 16332 16328 16328 16332 16328 16331 16325 16332 16332 16330 16333 16329 16329 16329 16333 16331 16330 16331 16328 16329 16329 16332 16327 16327 16331 16330 16329 16329 16329 16331 16330 16332 16329 16334 16330 16332 16328 16328 16332 16331 16328 16331 16327 16331 16329 16331 16331 16331 16331 16329 16332 16330 16333 16335 16327 16329 16329 16326 16332 16332 16327 16329 16329 16329 16328 16327 16328 16329 16329 16329 16329 16330 16331 16331 16329 16330 16328 16329 16328 16329 16331 16332 16328 16330 16328 16329 16326 16331 16331 16331 16328 16334 16328 16331 16329 16326 16327 16329 16327 16328 16327 16325 16329 16325 16329 16329 16326 16331 16328 16331 16330 13 3793 304 13487 
0 16322 16329 16327 16330 16327 16328 16328 16330 16327 16330 16328 16324 16326 16327 16327 16329 16330 16328 16329 16329 16330 16332 16327 16326 16327 16328 16325 16330 16328 16331 16332 16330 16329 16327 16326 16328 16327 16331 16327 16331 16327 16330 16325 16333 16328 16324 16326 16330 16328 16327 16327 16325 16326 16326 16332 16326 16329 16325 16326 16326 16327 16329 16325 16316 16329 16328 16324 16326 16330 16328 16328 16330 16328 16330 16328 16329 16328 16327 16324 16325 16328 16327 16330 16327 16330 16326 16324 16322 16326 16328 16342 16289 16359 16296 16352 16305 16347 16311 16338 16318 16330 16324 16328 16325 16328 16324 16329 16327 16325 16324 16325 16327 16327 16326 16327 16328 16328 16327 16329 16327 16329 16325 16328 16327 16327 16324 16329 16329 16325 16326 16328 16326 16329 16328 16328 16330 16326 16323 16335 16321 16326 16322 16326 16323 16328 16321 16327 16325 16327 16328 16328 16326 16325 16331 16327 16328 16327 16331 16329 16328 16332 16328 16330 16331 16330 16329 16329 16328 16330 16328 16323 16330 16327 16326 16331 16327 16330 16328 16330 16328 16325 16333 16327 16330 16329 16329 16327 16330 16328 16327 16327 16327 16329 16326 16328 16330 16326 16328 16326 16327 16327 16327 16325 16328 16329 16326 16330 16329 16328 16327 16326 16329 16323 16326 16327 16328 16326 16327 16330 16328 16328 16329 16326 16327 16325 16327 16323 16328 16327 16322 16329 16324 16329 16329 16329 16327 16327 16326 16331 16330 16322 16329 16330 16328 16327 16325 16329 16331 16324 16328 16329 16325 16331 16329 16330 16328 16326 13 4253 304 13487 
0 16324 16324 16330 16328 16323 16327 16325 16325 16325 16324 16324 16325 16325 16325 16327 16327 16327 16327 16327 16325 16324 16331 16326 16322 16326 16319 16326 16328 16330 16330 16325 16322 16329 16325 16328 16326 16327 16323 16322 16327 16329 16328 16323 16328 16327 16326 16323 16326 16325 16325 16327 16328 16325 16327 16327 16325 16328 16323 16329 16326 16324 16325 16356 16283 16369 16312 16340 16321 16330 16326 16323 16324 16323 16327 16322 16324 16327 16324 16328 16327 16325 16328 16324 16326 16325 16327 16328 16326 16328 16327 16328 16326 16326 16323 16328 16327 16325 16324 16327 16326 16324 16326 16323 16323 16323 16326 16327 16325 16326 16323 16323 16325 16332 16322 16326 16323 16324 16327 16325 16323 16323 16329 16321 16328 16328 16323 16330 16325 16325 16327 16326 16333 16326 16329 16328 16324 16327 16328 16329 16328 16327 16324 16327 16325 16331 16327 16325 16327 16326 16328 16327 16326 16327 16328 16328 16327 16328 16330 16328 16329 16326 16328 16325 16322 16328 16325 16331 16326 16326 16328 16324 16325 16327 16329 16329 16324 16334 16326 16326 16324 16324 16327 16329 16326 16328 16328 16328 16326 16329 16321 16327 16327 16328 16322 16328 16328 16326 16323 16327 16325 16328 16327 16326 16323 16329 16324 16330 16330 16328 16326 16327 16326 16331 16329 16323 16329 16328 16325 16325 16327 16327 16331 16323 16323 16323 16327 16325 16327 16324 16328 16327 16326 16327 16326 16328 16326 16325 16323 16328 16326 16325 16323 16326 16324 16326 16326 16329 16330 16324 16326 16325 16327 16326 16325 16324 16322 16326 13 4772 304 13487 
0 16328 16328 16335 16326 16331 16325 16326 16329 16326 16328 16327 16326 16326 16328 16328 16327 16327 16323 16328 16325 16325 16324 16324 16325 16324 16325 16324 16331 16326 16329 16324 16327 16324 16323 16325 16326 16326 16326 16329 16328 16327 16327 16321 16322 16326 16326 16323 16326 16323 16327 16325 16326 16324 16323 16329 16328 16327 16327 16325 16324 16322 16324 16367 16245 3 16275 16367 16296 16351 16302 16338 16316 16334 16316 16328 16319 16329 16321 16323 16322 16329 16322 16325 16327 16328 16323 16329 16323 16324 16324 16325 16321 16326 16323 16328 16322 16324 16323 16325 16326 16323 16325 16323 16324 16326 16326 16326 16323 16325 16319 16329 16324 16327 16326 16321 16327 16321 16324 16328 16326 16324 16328 16326 16326 16324 16327 16330 16330 16327 16329 16328 16325 16328 16330 16327 16325 16328 16325 16325 16328 16325 16331 16324 16326 16326 16324 16329 16324 16325 16324 16326 16327 16325 16328 16324 16326 16326 16324 16329 16322 16327 16326 16323 16325 16327 16326 16324 16323 16325 16328 16329 16328 16325 16328 16326 16324 16326 16327 16327 16325 16324 16332 16326 16328 16325 16323 16327 16325 16327 16326 16324 16326 16332 16325 16326 16327 16327 16324 16331 16325 16325 16329 16325 16324 16326 16329 16326 16324 16326 16324 16325 16328 16326 16324 16327 16325 16326 16326 16327 16326 16328 16324 16323 16329 16324 16326 16329 16325 16326 16324 16332 16326 16323 16323 16327 16327 16320 16328 16325 16327 16326 16324 16327 16323 16327 16324 16324 16326 16329 16323 16329 16326 16323 16322 16326 16325 16327 13 5262 304 13487 
0 16327 16327 16323 16324 16327 16322 16329 16324 16326 16326 16325 16324 16325 16324 16326 16323 16326 16328 16326 16325 16325 16326 16326 16322 16327 16324 16325 16324 16322 16327 16326 16324 16324 16324 16329 16324 16328 16320 16326 16325 16325 16327 16328 16323 16327 16326 16329 16324 16323 16322 16324 16325 16323 16326 16328 16327 16325 16323 16329 16324 16328 16327 16339 16286 16360 16290 16353 16303 16342 16309 16336 16312 16330 16319 16329 16319 16328 16322 16326 16323 16325 16323 16323 16325 16325 16324 16327 16323 16325 16324 16323 16324 16325 16324 16328 16324 16324 16327 16324 16326 16324 16327 16325 16325 16326 16324 16327 16326 16317 16331 16321 16326 16325 16322 16320 16324 16322 16323 16323 16325 16323 16328 16324 16326 16328 16323 16327 16325 16327 16329 16327 16326 16327 16323 16324 16327 16327 16326 16328 16326 16328 16329 16328 16328 16324 16327 16325 16325 16326 16326 16323 16324 16326 16329 16326 16327 16328 16330 16327 16326 16325 16323 16327 16326 16331 16324 16325 16327 16325 16326 16320 16326 16326 16325 16328 16326 16327 16326 16325 16325 16325 16325 16327 16326 16327 16327 16325 16327 16325 16328 16327 16327 16323 16325 16325 16329 16327 16323 16327 16323 16326 16325 16329 16326 16324 16325 16325 16325 16327 16322 16326 16323 16327 16327 16327 16323 16324 16324 16324 16329 16323 16324 16322 16327 16327 16325 16324 16325 16323 16323 16327 16323 16321 16328 16323 16323 16327 16325 16323 16325 16325 16326 16326 16328 16326 16324 16327 16326 16324 16323 16327 16324 16326 16323 16325 16324 16327 13 5752 304 13487 
0 16327 16323 16327 16325 16324 16325 16323 16323 16322 16323 16327 16326 16325 16325 16322 16329 16323 16325 16326 16328 16325 16328 16321 16322 16324 16324 16324 16325 16327 16327 16324 16327 16324 16324 16324 16325 16329 16322 16326 16327 16323 16327 16322 16323 16323 16323 16324 16326 16321 16325 16326 16327 16324 16324 16329 16328 16325 16323 16325 16325 16327 16326 16363 16279 16366 16310 16339 16316 16332 16321 16325 16325 16322 16320 16325 16326 16327 16321 16327 16320 16325 16327 16323 16323 16323 16323 16323 16326 16327 16324 16325 16325 16327 16326 16325 16325 16326 16322 16328 16324 16321 16320 16326 16328 16326 16327 16326 16328 16325 16326 16320 16326 16322 16323 16318 16327 16324 16323 16327 16326 16323 16324 16327 16326 16323 16324 16325 16324 16320 16328 16327 16327 16325 16323 16326 16324 16324 16326 16324 16327 16329 16325 16326 16325 16326 16327 16328 16325 16324 16328 16326 16332 16325 16330 16327 16327 16326 16328 16326 16326 16322 16324 16324 16325 16324 16328 16321 16327 16329 16325 16325 16324 16327 16328 16323 16325 16321 16326 16327 16329 16325 16323 16327 16323 16323 16327 16327 16324 16324 16324 16323 16324 16325 16325 16325 16323 16328 16327 16323 16328 16325 16326 16323 16326 16326 16325 16323 16326 16328 16327 16323 16324 16324 16326 16331 16324 16326 16325 16325 16325 16324 16324 16324 16324 16326 16323 16323 16324 16323 16325 16323 16325 16325 16325 16324 16324 16328 16328 16326 16321 16326 16325 16321 16328 16325 16323 16324 16325 16323 16324 16325 16322 16323 16323 16322 16326 16328 13 6241 304 13487 
0 16327 16326 16327 16325 16323 16326 16323 16325 16324 16324 16318 16325 16325 16327 16323 16323 16323 16323 16324 16325 16323 16320 16327 16324 16324 16327 16326 16325 16323 16327 16327 16328 16327 16325 16326 16326 16325 16326 16326 16330 16327 16323 16328 16329 16327 16324 16323 16326 16325 16327 16326 16329 16328 16322 16323 16324 16324 16325 16327 16326 16321 16323 16373 16245 7 16275 16361 16296 16342 16312 16337 16314 16331 16320 16331 16324 16327 16324 16326 16320 16323 16321 16325 16323 16322 16324 16322 16325 16327 16321 16327 16328 16324 16324 16324 16327 16318 16318 16321 16326 16323 16328 16325 16323 16327 16324 16325 16326 16318 16331 16320 16326 16322 16326 16320 16324 16322 16328 16324 16329 16321 16326 16327 16328 16329 16330 16324 16323 16325 16330 16321 16328 16327 16331 16322 16331 16326 16324 16327 16328 16325 16324 16326 16323 16325 16329 16324 16325 16329 16323 16328 16328 16327 16327 16323 16327 16319 16320 16330 16327 16326 16329 16331 16320 16329 16326 16324 16327 16324 16326 16326 16324 16326 16328 16326 16327 16322 16322 16324 16326 16322 16329 16322 16324 16325 16329 16325 16327 16325 16322 16325 16325 16326 16322 16325 16323 16328 16326 16323 16326 16324 16327 16324 16326 16326 16328 16327 16326 16321 16324 16325 16323 16323 16327 16323 16324 16320 16323 16327 16325 16326 16324 16324 16324 16324 16325 16324 16327 16323 16327 16326 16322 16327 16327 16325 16325 16326 16325 16322 16323 16325 16322 16323 16326 16324 16325 16329 16327 16327 16324 16323 16325 16323 16324 16324 16323 16325 13 6731 304 13487 
0 16324 16327 16325 16324 16320 16325 16322 16326 16327 16326 16323 16326 16326 16328 16322 16323 16323 16326 16327 16327 16327 16326 16326 16326 16322 16327 16325 16326 16325 16329 16324 16325 16322 16326 16324 16324 16324 16325 16328 16324 16325 16324 16329 16321 16327 16323 16325 16322 16325 16326 16325 16325 16327 16322 16323 16321 16328 16325 16323 16328 16324 16330 16337 16281 16364 16288 16351 16296 16347 16311 16337 16313 16333 16319 16327 16320 16325 16321 16327 16323 16329 16323 16328 16323 16330 16320 16327 16324 16325 16324 16323 16326 16324 16323 16327 16326 16322 16322 16323 16326 16324 16325 16326 16319 16326 16325 16321 16326 16323 16327 16318 16327 16323 16322 16316 16328 16320 16319 16320 16324 16326 16324 16328 16326 16324 16326 16323 16325 16327 16329 16327 16321 16326 16322 16328 16326 16323 16323 16327 16324 16323 16326 16325 16324 16325 16330 16327 16326 16326 16326 16326 16329 16330 16323 16327 16321 16326 16329 16325 16326 16324 16324 16323 16327 16328 16327 16325 16326 16328 16327 16325 16327 16325 16329 16325 16324 16327 16330 16324 16326 16326 16323 16325 16326 16323 16327 16324 16322 16321 16326 16328 16325 16325 16326 16326 16325 16325 16323 16327 16330 16323 16329 16325 16327 16322 16322 16324 16326 16324 16324 16325 16326 16326 16326 16322 16324 16322 16324 16325 16325 16325 16321 16324 16328 16325 16328 16325 16323 16324 16325 16322 16324 16326 16325 16324 16324 16323 16323 16326 16324 16324 16324 16325 16322 16323 16324 16321 16322 16326 16325 16325 16321 16319 16323 16324 16326 16325 13 7221 304 13487 
0 16326 16326 16319 16321 16325 16324 16324 16326 16324 16322 16321 16327 16328 16327 16326 16326 16327 16322 16323 16328 16320 16329 16328 16323 16327 16328 16327 16324 16324 16326 16329 16325 16328 16325 16327 16323 16322 16326 16325 16326 16327 16324 16324 16324 16326 16329 16327 16329 16327 16326 16324 16323 16324 16323 16322 16325 16326 16325 16329 16325 16328 16323 16366 16271 16376 16297 16347 16310 16336 16317 16331 16319 16326 16323 16322 16321 16326 16325 16326 16320 16323 16323 16327 16322 16327 16323 16325 16325 16323 16325 16321 16324 16326 16325 16322 16321 16319 16323 16322 16322 16321 16322 16327 16322 16324 16325 16328 16326 16324 16325 16317 16325 16326 16320 16323 16319 16326 16322 16322 16323 16324 16327 16319 16327 16327 16326 16326 16325 16325 16324 16324 16324 16324 16328 16324 16323 16326 16324 16323 16325 16327 16323 16326 16323 16323 16324 16322 16325 16327 16325 16326 16325 16326 16321 16324 16327 16328 16326 16324 16322 16326 16324 16325 16324 16327 16326 16326 16325 16326 16327 16324 16325 16323 16327 16323 16325 16327 16321 16326 16326 16325 16326 16325 16325 16322 16326 16329 16324 16323 16321 16324 16323 16322 16326 16323 16324 16326 16327 16323 16321 16324 16321 16326 16328 16322 16320 16327 16324 16327 16327 16326 16320 16325 16324 16324 16324 16326 16325 16327 16323 16324 16325 16324 16323 16326 16324 16325 16326 16326 16325 16325 16325 16324 16322 16323 16323 16322 16324 16323 16324 16326 16323 16323 16322 16323 16323 16325 16323 16324 16323 16326 16322 16324 16327 16323 16324 16327 13 7710 304 13487 
0 16326 16326 16326 16323 16322 16324 16324 16327 16326 16326 16329 16325 16325 16326 16322 16330 16324 16325 16325 16326 16326 16323 16324 16324 16323 16324 16327 16323 16325 16322 16320 16324 16321 16323 16325 16327 16324 16324 16323 16323 16326 16328 16326 16324 16327 16323 16323 16325 16326 16326 16327 16325 16328 16327 16324 16321 16329 16322 16322 16322 16329 16327 16358 16251 16383 16278 16363 16294 16348 16307 16337 16311 16331 16316 16329 16318 16327 16322 16327 16325 16327 16323 16325 16321 16327 16325 16325 16326 16325 16322 16323 16325 16323 16323 16320 16321 16320 16325 16324 16318 16322 16327 16323 16325 16325 16323 16323 16324 16325 16318 16328 16319 16328 16317 16323 16316 16324 16322 16321 16326 16323 16318 16322 16326 16327 16328 16325 16325 16324 16326 16328 16329 16328 16328 16324 16321 16329 16326 16326 16324 16327 16323 16326 16327 16322 16323 16326 16325 16323 16322 16325 16323 16326 16326 16327 16327 16323 16331 16325 16324 16322 16324 16325 16325 16324 16326 16323 16323 16325 16327 16326 16326 16327 16323 16322 16320 16324 16330 16327 16325 16326 16327 16325 16327 16320 16326 16329 16321 16326 16323 16326 16322 16324 16325 16321 16325 16326 16325 16323 16325 16323 16325 16326 16323 16327 16327 16324 16323 16327 16326 16325 16323 16327 16323 16325 16326 16324 16326 16325 16324 16326 16326 16321 16326 16319 16326 16328 16326 16324 16329 16324 16325 16325 16325 16326 16324 16328 16322 16324 16327 16322 16327 16323 16321 16324 16324 16324 16325 16324 16325 16325 16324 16324 16324 16326 16325 16325 13 8200 304 13487 
0 16326 16321 16322 16324 16324 16324 16323 16324 16327 16323 16325 16326 16325 16326 16324 16320 16324 16323 16326 16324 16324 16328 16325 16327 16328 16326 16323 16324 16329 16325 16327 16326 16321 16323 16324 16323 16325 16325 16326 16325 16324 16322 16322 16327 16327 16324 16324 16327 16323 16323 16325 16326 16321 16326 16328 16329 16324 16324 16323 16325 16356 16251 16382 16276 16362 16294 16348 16303 16337 16313 16334 16317 16331 16318 16326 16320 16325 16322 16325 16325 16327 16324 16323 16318 16324 16326 16325 16322 16322 16322 16327 16325 16322 16323 16329 16326 16323 16323 16326 16327 16326 16323 16324 16322 16323 16325 16324 16318 16329 16319 16323 16320 16322 16323 16323 16326 16326 16318 16323 16327 16327 16330 16324 16326 16322 16326 16331 16328 16328 16326 16329 16325 16323 16331 16322 16323 16324 16323 16327 16325 16325 16323 16326 16328 16324 16327 16324 16326 16325 16329 16324 16326 16324 16327 16322 16326 16332 16328 16323 16325 16325 16324 16323 16324 16325 16322 16326 16326 16324 16325 16327 16323 16325 16328 16325 16328 16325 16327 16327 16323 16325 16321 16326 16325 16322 16324 16326 16324 16328 16322 16328 16327 16324 16322 16323 16326 16322 16327 16319 16323 16325 16323 16325 16324 16325 16327 16326 16322 16326 16326 16326 16326 16327 16326 16328 16323 16327 16327 16328 16325 16323 16322 16321 16329 16323 16323 16326 16323 16325 16328 16325 16322 16326 16328 16328 16324 16323 16326 16325 16323 16327 16326 16323 16326 16324 16326 16326 16321 16324 16326 16327 16325 16327 16325 16326 16326 16322 130 16075 304 13487 
0 16326 16328 16323 16323 16323 16322 16323 16326 16323 16328 16324 16329 16324 16322 16327 16326 16323 16332 16324 16324 16323 16326 16324 16329 16326 16326 16329 16328 16326 16325 16326 16327 16325 16328 16326 16325 16324 16326 16325 16326 16321 16326 16324 16327 16321 16327 16327 16330 16322 16322 16323 16324 16323 16324 16320 16324 16324 16326 16331 16324 16323 16324 16347 16262 16376 16280 16358 16296 16347 16307 16340 16317 16335 16319 16325 16318 16326 16320 16327 16323 16328 16325 16326 16327 16322 16323 16322 16329 16325 16328 16326 16324 16325 16322 16323 16321 16323 16326 16324 16327 16325 16324 16325 16321 16326 16322 16327 16326 16315 16327 16322 16328 16322 16321 16320 16329 16323 16329 16326 16325 16323 16326 16324 16327 16324 16325 16324 16328 16324 16328 16331 16328 16322 16328 16326 16328 16323 16326 16327 16325 16322 16324 16325 16327 16325 16326 16327 16329 16325 16328 16322 16321 16322 16325 16327 16327 16328 16326 16327 16325 16328 16326 16323 16327 16323 16327 16325 16325 16326 16325 16324 16324 16326 16327 16323 16326 16325 16327 16323 16327 16332 16326 16323 16327 16328 16330 16324 16324 16328 16325 16329 16323 16326 16328 16328 16325 16326 16328 16325 16327 16328 16324 16327 16327 16321 16328 16325 16322 16329 16326 16326 16326 16328 16327 16324 16324 16324 16323 16322 16326 16325 16327 16326 16324 16325 16327 16324 16326 16324 16325 16323 16327 16323 16325 16326 16326 16323 16323 16328 16325 16327 16324 16326 16324 16325 16327 16323 16326 16325 16323 16326 16327 16322 16327 16323 16321 16326 136 8353 304 13487 
0 16331 16331 16332 16329 16335 16330 16332 16328 16331 16333 16330 16332 16335 16336 16331 16337 16333 16332 16331 16332 16332 16333 16335 16332 16326 16331 16332 16334 16331 16330 16333 16332 16333 16334 16329 16331 16330 16332 16335 16331 16333 16330 16333 16334 16333 16334 16332 16331 16332 16329 16333 16333 16330 16333 16333 16335 16333 16336 16328 16333 16336 16333 16374 16273 0 16303 16355 16314 16343 16321 16340 16327 16333 16330 16329 16331 16330 16327 16328 16331 16330 16331 16332 16330 16328 16329 16331 16330 16330 16332 16335 16331 16329 16333 16328 16329 16334 16330 16331 16330 16332 16332 16333 16330 16331 16333 16333 16328 16331 16331 16326 16330 16330 16334 16327 16334 16329 16333 16333 16333 16329 16335 16330 16335 16330 16331 16336 16334 16332 16334 16333 16330 16335 16336 16333 16337 16327 16334 16337 16334 16328 16331 16332 16332 16329 16330 16333 16330 16330 16331 16332 16334 16336 16335 16334 16332 16334 16334 16330 16337 16338 16335 16334 16334 16335 16336 16331 16335 16332 16334 16333 16331 16332 16334 16335 16333 16331 16333 16332 16335 16332 16331 16330 16333 16333 16333 16334 16333 16336 16334 16331 16333 16333 16335 16332 16334 16333 16333 16333 16329 16334 16337 16333 16329 16334 16332 16332 16336 16334 16333 16335 16332 16331 16334 16333 16333 16333 16335 16329 16331 16335 16329 16333 16333 16338 16332 16330 16334 16337 16338 16331 16331 16331 16331 16332 16331 16331 16331 16333 16331 16332 16333 16331 16333 16338 16331 16331 16331 16329 16331 16332 16335 16335 16332 16336 16335 16331 141 9181 304 13487 
0 16323 16325 16323 16325 16329 16328 16325 16323 16322 16327 16329 16325 16328 16324 16324 16327 16327 16325 16324 16325 16328 16326 16328 16326 16329 16326 16328 16329 16324 16327 16327 16325 16326 16322 16323 16327 16325 16327 16325 16326 16323 16321 16326 16325 16326 16325 16326 16323 16324 16327 16328 16327 16329 16325 16323 16324 16326 16327 16325 16323 16324 16324 16352 16259 16381 16272 16366 16292 16349 16309 16340 16315 16337 16320 16329 16317 16331 16321 16325 16318 16325 16320 16327 16322 16330 16323 16325 16322 16325 16324 16324 16324 16323 16323 16329 16325 16324 16320 16324 16324 16324 16323 16327 16322 16323 16325 16316 16330 16319 16324 16322 16326 16327 16326 16326 16322 16324 16324 16324 16324 16326 16325 16326 16325 16327 16324 16324 16325 16328 16327 16327 16328 16325 16328 16327 16327 16329 16326 16327 16325 16325 16328 16330 16326 16327 16328 16327 16325 16326 16327 16327 16324 16329 16329 16325 16329 16328 16326 16326 16327 16330 16325 16323 16322 16330 16327 16324 16324 16325 16328 16323 16325 16328 16325 16326 16326 16324 16326 16327 16330 16322 16327 16327 16327 16329 16325 16326 16325 16325 16324 16328 16328 16329 16323 16328 16324 16328 16327 16328 16327 16323 16326 16324 16327 16326 16324 16328 16324 16328 16326 16324 16328 16323 16322 16325 16327 16322 16326 16324 16326 16325 16325 16326 16327 16329 16324 16326 16325 16324 16323 16327 16323 16324 16326 16328 16327 16323 16326 16327 16326 16325 16329 16325 16324 16327 16326 16327 16327 16322 16326 16325 16319 16324 16324 16323 16323 16325 146 7072 304 13487 
0 16323 16321 16328 16323 16322 16329 16329 16324 16324 16329 16329 16327 16325 16325 16330 16326 16328 16329 16329 16329 16325 16329 16328 16328 16323 16324 16325 16329 16329 16327 16322 16326 16324 16323 16321 16329 16324 16326 16325 16327 16328 16322 16324 16325 16327 16328 16327 16325 16327 16328 16328 16328 16325 16329 16329 16324 16328 16325 16323 16328 16326 16328 16354 16256 5 16272 16368 16290 16347 16306 16338 16313 16332 16317 16329 16320 16329 16321 16324 16326 16329 16324 16327 16326 16327 16323 16327 16324 16324 16326 16324 16328 16329 16323 16327 16325 16324 16323 16326 16320 16325 16326 16325 16327 16325 16326 16325 16322 16320 16327 16327 16326 16326 16321 16325 16331 16323 16327 16323 16326 16325 16326 16323 16325 16331 16323 16328 16327 16328 16330 16325 16327 16325 16326 16325 16330 16328 16328 16330 16331 16323 16329 16327 16327 16329 16325 16326 16328 16326 16326 16326 16327 16327 16332 16328 16327 16330 16331 16326 16325 16328 16324 16327 16331 16329 16324 16329 16328 16327 16325 16327 16327 16328 16328 16325 16328 16327 16327 16326 16324 16328 16327 16328 16326 16328 16327 16327 16327 16326 16324 16327 16327 16327 16327 16328 16327 16328 16327 16324 16327 16326 16326 16328 16324 16330 16326 16326 16327 16325 16327 16326 16325 16320 16325 16324 16325 16324 16327 16328 16327 16322 16327 16328 16328 16326 16328 16325 16323 16327 16323 16327 16326 16325 16322 16326 16324 16326 16327 16323 16326 16328 16328 16325 16325 16325 16328 16324 16323 16328 16325 16326 16326 16326 16328 16327 16323 16325 151 3983 304 13487 
0 16325 16329 16323 16327 16327 16326 16328 16328 16324 16326 16326 16327 16326 16325 16327 16329 16322 16324 16322 16328 16328 16326 16329 16327 16322 16327 16327 16328 16326 16328 16327 16326 16326 16329 16326 16329 16326 16328 16325 16323 16326 16333 16327 16326 16327 16332 16327 16324 16323 16324 16323 16328 16321 16326 16326 16326 16327 16326 16332 16328 16328 16348 16320 16299 16358 16297 16350 16301 16343 16309 16341 16317 16329 16314 16328 16321 16325 16324 16326 16319 16328 16323 16327 16327 16328 16325 16327 16327 16324 16324 16327 16324 16324 16323 16326 16325 16324 16328 16328 16323 16324 16324 16326 16324 16316 16328 16318 16327 16322 16325 16324 16324 16322 16326 16322 16324 16326 16320 16327 16325 16331 16329 16326 16325 16324 16326 16328 16327 16325 16327 16328 16327 16330 16328 16328 16327 16324 16330 16327 16326 16327 16328 16331 16329 16331 16328 16325 16325 16325 16326 16326 16328 16329 16327 16328 16326 16326 16329 16328 16325 16324 16324 16323 16330 16327 16327 16329 16329 16322 16326 16326 16326 16329 16328 16329 16328 16330 16329 16328 16327 16326 16330 16328 16325 16329 16326 16327 16328 16327 16327 16325 16327 16325 16324 16326 16330 16325 16328 16327 16323 16327 16325 16327 16327 16323 16330 16329 16329 16326 16327 16329 16328 16326 16327 16329 16327 16326 16326 16328 16325 16324 16328 16326 16331 16327 16328 16329 16327 16325 16328 16328 16329 16327 16329 16324 16326 16330 16328 16328 16327 16326 16330 16327 16324 16330 16325 16323 16326 16327 16322 16325 16326 16326 16327 16327 16324 16325 156 1873 304 13487 
0 16333 16332 16337 16340 16324 16329 16331 16329 16331 16330 16334 16331 16330 16331 16333 16334 16333 16333 16329 16333 16332 16331 16336 16333 16335 16329 16330 16331 16329 16330 16335 16331 16335 16331 16333 16332 16333 16328 16335 16331 16332 16332 16336 16332 16335 16334 16330 16332 16335 16331 16332 16335 16332 16332 16331 16334 16332 16332 16335 16329 16333 16326 16382 16247 22 16278 16368 16299 16355 16315 16344 16320 16340 16324 16329 16325 16331 16328 16329 16329 16334 16332 16333 16330 16331 16330 16332 16332 16333 16337 16333 16331 16332 16334 16331 16332 16333 16330 16329 16328 16330 16329 16332 16331 16326 16330 16322 16334 16329 16331 16329 16331 16328 16330 16332 16332 16332 16333 16332 16332 16333 16333 16335 16337 16330 16334 16334 16329 16338 16329 16334 16334 16333 16333 16334 16332 16333 16333 16334 16333 16333 16335 16333 16331 16335 16333 16333 16333 16338 16332 16335 16335 16330 16329 16333 16335 16335 16334 16340 16333 16333 16336 16333 16335 16332 16334 16332 16334 16333 16333 16334 16332 16334 16332 16338 16335 16335 16333 16335 16332 16334 16333 16337 16335 16330 16336 16336 16331 16336 16332 16335 16334 16335 16339 16333 16337 16332 16333 16331 16338 16334 16335 16331 16334 16334 16335 16336 16332 16332 16334 16334 16333 16331 16333 16333 16332 16334 16335 16331 16335 16334 16330 16335 16333 16335 16334 16330 16331 16331 16334 16332 16330 16334 16335 16330 16335 16330 16333 16333 16336 16329 16329 16334 16329 16330 16333 16328 16330 16330 16331 16332 16331 16333 16328 16326 16329 16331 161 7108 304 13487 
0 16330 16333 16326 16329 16333 16329 16330 16332 16331 16329 16332 16332 16332 16329 16330 16336 16329 16332 16333 16330 16331 16332 16332 16331 16332 16332 16346 16339 16332 16331 16329 16327 16326 16331 16327 16331 16331 16332 16324 16332 16330 16331 16328 16328 16332 16333 16332 16330 16331 16331 16332 16330 16331 16333 16330 16329 16331 16331 16324 16333 16331 16329 16370 16260 4 16296 16364 16308 16344 16320 16338 16324 16333 16326 16330 16328 16332 16332 16329 16331 16331 16329 16330 16330 16329 16329 16331 16327 16331 16328 16332 16329 16329 16332 16328 16329 16329 16331 16327 16330 16334 16330 16332 16330 16330 16328 16331 16333 16329 16333 16319 16338 16326 16331 16325 16328 16329 16333 16326 16328 16325 16335 16330 16331 16329 16333 16335 16334 16330 16333 16334 16331 16330 16331 16335 16331 16334 16330 16331 16331 16327 16331 16330 16331 16327 16333 16328 16331 16331 16331 16328 16333 16332 16333 16329 16333 16327 16326 16332 16330 16333 16333 16331 16331 16329 16330 16329 16329 16330 16331 16332 16330 16331 16328 16329 16332 16330 16331 16329 16329 16328 16332 16326 16332 16330 16329 16329 16329 16331 16333 16328 16332 16327 16329 16328 16330 16330 16331 16329 16330 16332 16336 16336 16328 16329 16332 16331 16326 16327 16329 16333 16331 16326 16330 16328 16327 16331 16331 16328 16329 16332 16330 16331 16328 16330 16331 16329 16335 16331 16330 16331 16327 16330 16332 16334 16328 16330 16331 16332 16326 16328 16333 16331 16329 16329 16330 16331 16329 16331 16330 16330 16327 16330 16331 16333 16331 16334 166 5487 304 13487 
0 16332 16333 16332 16334 16330 16334 16332 16333 16332 16333 16335 16332 16331 16330 16330 16330 16329 16332 16330 16333 16337 16332 16330 16332 16330 16332 16332 16333 16327 16334 16332 16332 16335 16331 16330 16332 16332 16329 16330 16331 16333 16333 16331 16331 16332 16329 16334 16332 16333 16331 16330 16332 16328 16328 16333 16329 16334 16330 16330 16331 16331 16331 16352 16267 0 16284 16366 16296 16353 16313 16349 16318 16340 16324 16336 16325 16337 16324 16333 16326 16330 16328 16331 16329 16328 16331 16332 16332 16332 16334 16329 16328 16331 16329 16330 16331 16330 16328 16330 16332 16332 16330 16330 16331 16327 16328 16332 16325 16331 16324 16335 16323 16330 16329 16332 16332 16324 16332 16327 16332 16332 16331 16334 16334 16326 16337 16332 16334 16334 16333 16333 16331 16327 16332 16332 16335 16334 16331 16330 16327 16332 16334 16328 16331 16330 16332 16331 16332 16330 16333 16333 16333 16331 16334 16333 16331 16332 16334 16332 16333 16333 16334 16328 16332 16330 16332 16331 16333 16334 16334 16323 16332 16325 16330 16331 16329 16330 16333 16334 16333 16333 16331 16333 16329 16330 16330 16331 16330 16329 16333 16329 16335 16332 16335 16328 16332 16329 16331 16326 16328 16328 16333 16329 16331 16329 16331 16329 16331 16331 16328 16330 16329 16330 16331 16331 16331 16333 16334 16329 16329 16329 16332 16331 16329 16330 16332 16330 16329 16331 16330 16333 16330 16331 16331 16331 16329 16332 16330 16326 16332 16329 16331 16328 16333 16332 16331 16330 16328 16327 16331 16329 16329 16329 16331 16328 16336 16327 171 2893 304 13487 
0 16327 16328 16328 16325 16328 16326 16326 16326 16329 16326 16330 16326 16327 16327 16329 16329 16326 16330 16325 16327 16329 16328 16328 16328 16325 16328 16328 16326 16331 16327 16328 16331 16328 16325 16324 16325 16330 16328 16326 16328 16329 16328 16329 16325 16326 16328 16327 16327 16327 16324 16325 16325 16330 16323 16328 16321 16327 16323 16327 16326 16327 16324 16360 16258 16382 16279 16365 16297 16349 16310 16338 16314 16332 16320 16329 16323 16331 16324 16329 16321 16327 16324 16326 16326 16333 16324 16326 16327 16324 16328 16328 16325 16329 16326 16326 16328 16328 16327 16329 16325 16326 16327 16327 16326 16327 16328 16331 16329 16328 16328 16317 16330 16326 16323 16326 16323 16327 16327 16324 16328 16326 16328 16329 16329 16329 16329 16327 16324 16328 16326 16327 16327 16333 16330 16328 16325 16332 16329 16326 16329 16328 16330 16327 16324 16328 16329 16329 16322 16329 16328 16328 16331 16328 16329 16332 16327 16330 16328 16326 16329 16332 16327 16330 16331 16322 16331 16326 16325 16331 16330 16327 16325 16324 16326 16328 16325 16328 16328 16328 16324 16334 16328 16327 16327 16333 16324 16325 16326 16327 16326 16328 16325 16329 16328 16327 16325 16325 16326 16328 16330 16331 16327 16326 16330 16328 16329 16332 16327 16325 16325 16330 16327 16328 16328 16329 16327 16327 16325 16325 16325 16326 16328 16328 16324 16327 16329 16326 16330 16325 16327 16333 16328 16330 16328 16329 16326 16330 16327 16327 16327 16330 16323 16325 16329 16328 16326 16325 16329 16325 16322 16324 16326 16327 16323 16328 16330 16325 177 2518 304 13487 
0 16331 16326 16327 16328 16326 16323 16325 16330 16326 16329 16326 16327 16329 16327 16325 16325 16328 16330 16326 16324 16325 16324 16326 16325 16325 16325 16326 16329 16326 16328 16327 16323 16327 16324 16326 16327 16333 16327 16327 16325 16327 16327 16327 16325 16323 16327 16327 16325 16328 16329 16329 16327 16331 16327 16326 16329 16327 16327 16325 16325 16330 16326 16329 16304 16350 16301 16344 16308 16335 16313 16338 16314 16333 16322 16333 16319 16325 16323 16325 16322 16329 16324 16328 16326 16328 16325 16326 16328 16328 16325 16329 16323 16326 16322 16325 16325 16323 16326 16325 16326 16327 16327 16326 16329 16324 16325 16324 16326 16329 16319 16333 16316 16329 16322 16322 16327 16327 16323 16325 16321 16324 16329 16324 16328 16329 16328 16324 16328 16328 16330 16328 16331 16329 16328 16329 16325 16322 16326 16326 16325 16323 16328 16327 16332 16327 16323 16326 16325 16326 16327 16322 16328 16327 16329 16330 16325 16329 16327 16328 16329 16329 16327 16325 16329 16329 16325 16324 16329 16326 16323 16328 16328 16324 16330 16329 16325 16330 16324 16330 16330 16329 16328 16326 16322 16329 16326 16327 16325 16324 16328 16323 16326 16327 16324 16326 16328 16326 16324 16328 16327 16326 16327 16326 16326 16327 16325 16326 16324 16328 16328 16326 16324 16330 16321 16326 16324 16324 16326 16324 16328 16323 16326 16328 16325 16329 16325 16327 16326 16323 16327 16322 16326 16327 16327 16328 16322 16324 16326 16327 16327 16329 16321 16327 16325 16327 16324 16326 16321 16324 16324 16328 16327 16327 16327 16320 16325 16327 182 1392 304 13487 
0 16326 16326 16323 16326 16326 16327 16328 16328 16328 16326 16325 16322 16326 16328 16327 16325 16324 16326 16324 16328 16325 16323 16326 16327 16323 16329 16328 16326 16325 16328 16329 16325 16331 16323 16322 16332 16328 16328 16326 16328 16322 16323 16327 16324 16330 16324 16326 16326 16328 16325 16327 16323 16328 16326 16326 16326 16327 16324 16328 16322 16328 16324 16379 16245 13 16278 16361 16295 16346 16310 16340 16314 16331 16318 16328 16319 16326 16319 16325 16321 16324 16323 16327 16327 16328 16324 16327 16324 16323 16325 16323 16325 16326 16325 16327 16324 16323 16326 16326 16323 16326 16326 16322 16327 16323 16323 16330 16327 16316 16327 16325 16329 16324 16321 16327 16326 16325 16328 16324 16328 16325 16327 16326 16325 16326 16327 16327 16330 16326 16326 16330 16329 16330 16326 16326 16327 16324 16324 16324 16328 16332 16323 16326 16325 16323 16328 16323 16327 16327 16328 16325 16322 16328 16325 16324 16331 16328 16328 16329 16326 16328 16327 16326 16327 16327 16328 16325 16323 16327 16324 16329 16323 16325 16326 16324 16324 16324 16325 16328 16326 16330 16325 16329 16329 16315 16316 16322 16323 16328 16326 16328 16324 16328 16328 16327 16327 16326 16325 16326 16329 16324 16328 16323 16322 16327 16327 16332 16327 16326 16329 16322 16326 16328 16331 16327 16324 16328 16326 16330 16323 16327 16327 16324 16326 16325 16325 16325 16327 16329 16328 16326 16326 16326 16324 16323 16324 16328 16323 16326 16328 16326 16327 16327 16327 16326 16329 16326 16328 16327 16324 16327 16327 16329 16326 16327 16326 16324 187 8592 304 13487 
0 16328 16320 16326 16324 16327 16327 16326 16325 16322 16328 16324 16328 16326 16321 16324 16320 16328 16325 16324 16327 16323 16327 16325 16326 16324 16326 16324 16324 16326 16323 16325 16325 16327 16324 16324 16321 16326 16323 16325 16324 16322 16328 16324 16327 16328 16324 16321 16324 16326 16329 16326 16323 16324 16326 16325 16326 16328 16326 16323 16323 16325 16324 16371 16278 16355 16319 16331 16319 16326 16324 16327 16327 16320 16326 16324 16325 16319 16322 16325 16320 16323 16325 16321 16325 16327 16326 16323 16327 16324 16323 16321 16322 16326 16324 16320 16320 16322 16327 16323 16326 16324 16323 16327 16324 16324 16321 16324 16325 16322 16328 16321 16328 16324 16326 16322 16327 16330 16327 16323 16326 16329 16327 16320 16329 16325 16328 16326 16324 16326 16326 16326 16326 16326 16327 16328 16327 16324 16327 16329 16327 16325 16326 16326 16329 16332 16332 16326 16329 16326 16328 16327 16329 16327 16325 16323 16329 16324 16324 16326 16324 16326 16328 16323 16326 16329 16331 16330 16327 16327 16327 16323 16323 16326 16326 16326 16324 16326 16328 16327 16329 16328 16328 16323 16328 16324 16327 16329 16327 16324 16328 16326 16326 16323 16324 16327 16323 16329 16325 16325 16326 16327 16327 16323 16327 16323 16322 16324 16324 16329 16326 16329 16324 16329 16326 16327 16329 16324 16327 16321 16326 16325 16329 16327 16326 16329 16326 16331 16325 16327 16324 16326 16323 16323 16325 16327 16329 16327 16324 16324 16327 16326 16327 16323 16327 16326 16325 16324 16328 16326 16325 16321 16328 16324 16326 16328 16322 16328 192 8439 304 13487 
0 16328 16326 16325 16323 16329 16323 16328 16328 16326 16329 16328 16327 16329 16327 16326 16325 16326 16325 16323 16325 16329 16327 16326 16327 16324 16327 16322 16325 16327 16327 16331 16328 16325 16329 16326 16324 16326 16324 16332 16324 16321 16326 16327 16324 16327 16326 16326 16323 16323 16322 16327 16323 16328 16324 16329 16323 16329 16327 16324 16323 16326 16336 16330 16281 16368 16285 16357 16299 16345 16309 16335 16315 16332 16317 16329 16323 16322 16322 16324 16323 16327 16323 16330 16320 16323 16326 16324 16327 16326 16326 16324 16325 16327 16324 16325 16322 16324 16323 16324 16325 16324 16324 16322 16325 16321 16327 16319 16326 16323 16326 16323 16325 16321 16324 16325 16325 16325 16324 16320 16325 16324 16322 16328 16323 16328 16322 16324 16325 16323 16324 16329 16322 16325 16325 16327 16327 16322 16325 16323 16323 16329 16330 16329 16326 16328 16328 16331 16324 16328 16325 16327 16327 16326 16326 16325 16328 16329 16322 16328 16324 16326 16329 16327 16331 16327 16324 16325 16326 16327 16325 16324 16327 16325 16328 16329 16327 16326 16322 16327 16323 16327 16325 16326 16329 16326 16325 16328 16324 16328 16327 16328 16326 16325 16324 16328 16321 16324 16326 16322 16326 16326 16328 16326 16325 16330 16324 16331 16323 16328 16324 16325 16326 16323 16326 16329 16325 16328 16326 16324 16327 16327 16324 16326 16322 16323 16324 16327 16322 16326 16325 16323 16328 16323 16327 16326 16328 16325 16324 16327 16326 16326 16326 16326 16329 16324 16323 16328 16324 16325 16326 16325 16328 16325 16328 16323 16325 16324 197 6334 304 13487 
0 16318 16323 16325 16324 16326 16326 16326 16324 16329 16322 16323 16328 16323 16324 16324 16327 16327 16325 16325 16326 16325 16327 16328 16323 16324 16323 16326 16327 16322 16326 16326 16322 16327 16326 16325 16326 16324 16322 16324 16325 16325 16324 16325 16328 16325 16327 16327 16323 16325 16329 16325 16328 16321 16324 16327 16322 16326 16323 16326 16323 16328 16323 16378 16248 3 16287 16352 16303 16340 16315 16331 16319 16329 16324 16327 16322 16328 16320 16323 16322 16326 16325 16324 16322 16326 16324 16323 16326 16326 16327 16322 16326 16323 16323 16324 16325 16327 16325 16325 16322 16322 16323 16326 16327 16323 16331 16318 16326 16323 16325 16320 16323 16322 16323 16324 16328 16324 16326 16326 16324 16323 16322 16326 16328 16329 16325 16323 16327 16327 16323 16326 16323 16327 16327 16326 16323 16329 16325 16324 16325 16328 16328 16323 16327 16325 16326 16327 16327 16326 16327 16327 16324 16327 16327 16328 16326 16327 16326 16325 16329 16327 16321 16329 16329 16327 16322 16325 16326 16326 16325 16326 16330 16325 16324 16327 16326 16324 16328 16325 16328 16327 16327 16332 16329 16327 16323 16327 16325 16323 16327 16324 16324 16327 16327 16321 16326 16325 16324 16327 16327 16327 16326 16328 16326 16326 16327 16329 16326 16325 16328 16327 16329 16328 16325 16328 16326 16328 16326 16325 16328 16328 16325 16326 16323 16326 16324 16324 16327 16326 16322 16327 16325 16324 16328 16323 16325 16328 16323 16323 16325 16324 16326 16324 16329 16325 16323 16326 16325 16328 16324 16323 16327 16325 16325 16326 16327 16326 202 5206 304 13487 
0 16330 16331 16329 16332 16333 16332 16327 16328 16332 16330 16336 16329 16329 16333 16327 16329 16332 16333 16332 16328 16333 16328 16328 16331 16333 16332 16335 16331 16329 16334 16332 16334 16332 16332 16329 16328 16333 16330 16333 16331 16332 16332 16334 16335 16333 16330 16334 16331 16334 16330 16334 16331 16331 16330 16331 16337 16329 16328 16330 16327 16328 16330 16374 16293 16350 16333 16332 16334 16325 16334 16326 16334 16327 16333 16328 16334 16328 16331 16329 16330 16327 16331 16330 16328 16327 16331 16328 16327 16333 16331 16330 16333 16328 16327 16327 16331 16332 16330 16328 16332 16333 16331 16329 16331 16329 16326 16336 16324 16332 16329 16330 16329 16329 16330 16332 16329 16331 16336 16332 16330 16335 16333 16329 16334 16332 16332 16333 16332 16335 16331 16332 16331 16333 16333 16332 16334 16333 16329 16335 16333 16336 16333 16335 16339 16333 16332 16334 16331 16331 16327 16332 16332 16333 16332 16334 16334 16334 16330 16333 16333 16330 16331 16332 16333 16329 16333 16335 16337 16333 16334 16331 16335 16333 16332 16335 16335 16336 16334 16333 16334 16331 16332 16330 16333 16333 16331 16335 16330 16336 16332 16334 16333 16328 16334 16331 16332 16334 16330 16336 16334 16333 16332 16330 16334 16332 16337 16332 16332 16332 16330 16331 16332 16337 16333 16331 16336 16332 16333 16328 16332 16328 16332 16335 16329 16332 16333 16335 16333 16332 16327 16334 16331 16331 16335 16331 16330 16329 16331 16334 16331 16332 16334 16333 16333 16331 16330 16332 16328 16332 16333 16329 16332 16333 16331 16330 16331 16331 207 6032 304 13487 
0 16326 16324 16328 16326 16320 16323 16329 16323 16325 16321 16325 16322 16326 16325 16326 16326 16325 16326 16323 16328 16325 16323 16326 16327 16325 16326 16322 16324 16327 16327 16326 16324 16327 16325 16326 16324 16328 16324 16322 16325 16326 16325 16328 16322 16329 16327 16324 16328 16324 16329 16324 16323 16322 16328 16323 16326 16325 16326 16322 16324 16325 16324 16363 16247 9 16273 16367 16294 16345 16307 16335 16317 16336 16319 16329 16323 16323 16321 16322 16326 16329 16324 16324 16324 16326 16328 16327 16327 16324 16323 16324 16321 16326 16326 16321 16320 16323 16327 16325 16326 16323 16321 16321 16324 16322 16324 16323 16324 16323 16327 16321 16329 16325 16322 16321 16327 16324 16321 16324 16324 16322 16322 16326 16328 16327 16327 16326 16327 16324 16324 16327 16323 16324 16326 16324 16330 16329 16325 16322 16327 16326 16324 16323 16327 16324 16327 16327 16330 16324 16327 16323 16326 16325 16328 16327 16328 16328 16328 16325 16327 16326 16326 16326 16323 16329 16326 16324 16327 16329 16324 16329 16329 16325 16326 16327 16329 16325 16327 16327 16326 16326 16324 16324 16325 16327 16324 16326 16326 16329 16323 16325 16324 16325 16325 16323 16327 16327 16327 16322 16328 16328 16327 16327 16329 16328 16326 16329 16328 16326 16330 16324 16323 16326 16327 16322 16325 16326 16326 16324 16326 16325 16324 16325 16322 16325 16319 16321 16323 16325 16327 16326 16324 16321 16323 16326 16324 16322 16324 16329 16330 16325 16327 16324 16326 16325 16333 16325 16325 16324 16322 16328 16324 16327 16325 16326 16326 16327 212 14705 304 13487 
0 16326 16332 16327 16327 16325 16325 16332 16332 16329 16325 16329 16326 16327 16326 16327 16325 16323 16326 16328 16325 16326 16323 16329 16324 16326 16327 16329 16326 16329 16325 16329 16326 16330 16325 16329 16324 16328 16328 16329 16329 16329 16328 16330 16327 16328 16328 16328 16327 16329 16328 16328 16331 16328 16331 16326 16328 16331 16328 16328 16330 16330 16328 16370 16262 5 16290 16360 16307 16341 16313 16336 16317 16331 16325 16327 16324 16327 16325 16324 16325 16328 16323 16326 16330 16327 16326 16325 16328 16327 16327 16326 16326 16328 16328 16324 16326 16324 16323 16325 16326 16330 16327 16326 16326 16327 16326 16326 16330 16327 16326 16323 16332 16321 16332 16321 16324 16322 16328 16327 16331 16326 16327 16325 16327 16329 16330 16329 16326 16331 16331 16332 16330 16326 16329 16328 16326 16332 16329 16330 16329 16325 16327 16327 16324 16327 16325 16328 16325 16326 16325 16328 16329 16326 16327 16328 16328 16329 16326 16324 16328 16326 16325 16327 16324 16329 16326 16330 16328 16332 16328 16331 16325 16329 16331 16329 16325 16327 16330 16327 16326 16327 16329 16326 16329 16325 16325 16327 16325 16325 16326 16328 16332 16323 16328 16326 16328 16325 16327 16326 16329 16323 16326 16327 16325 16326 16328 16326 16328 16332 16325 16329 16330 16328 16327 16327 16328 16331 16327 16327 16325 16329 16327 16328 16331 16327 16326 16331 16330 16325 16326 16324 16328 16326 16328 16330 16331 16325 16329 16330 16329 16326 16327 16326 16323 16325 16330 16326 16327 16328 16327 16325 16328 16326 16326 16328 16329 16325 217 16028 304 13487 
0 16324 16324 16326 16321 16326 16324 16327 16326 16321 16321 16326 16324 16325 16326 16323 16326 16321 16325 16325 16326 16323 16326 16325 16324 16322 16328 16328 16322 16325 16328 16320 16322 16326 16328 16322 16323 16327 16323 16323 16327 16323 16323 16326 16325 16326 16325 16324 16326 16323 16327 16322 16323 16327 16323 16325 16318 16323 16325 16325 16327 16329 16324 16365 16266 16377 16292 16350 16307 16335 16315 16330 16322 16330 16324 16322 16317 16324 16320 16326 16323 16325 16322 16326 16325 16322 16320 16324 16324 16323 16322 16321 16324 16323 16326 16327 16325 16323 16325 16323 16325 16324 16321 16323 16324 16325 16323 16326 16324 16322 16314 16333 16317 16325 16321 16326 16318 16322 16323 16323 16326 16322 16323 16325 16326 16326 16328 16326 16324 16330 16327 16327 16322 16328 16328 16324 16326 16326 16323 16327 16326 16324 16324 16327 16325 16326 16327 16323 16326 16328 16327 16326 16325 16323 16333 16324 16327 16327 16325 16326 16324 16331 16326 16328 16328 16329 16325 16323 16326 16323 16324 16325 16325 16327 16326 16324 16327 16327 16327 16324 16327 16325 16329 16326 16327 16327 16324 16326 16328 16327 16325 16325 16324 16323 16325 16322 16324 16324 16327 16324 16325 16327 16324 16326 16325 16329 16326 16328 16324 16323 16324 16325 16326 16326 16326 16326 16329 16324 16325 16324 16327 16329 16326 16323 16327 16327 16328 16319 16325 16323 16324 16321 16327 16325 16325 16326 16327 16324 16328 16327 16327 16326 16326 16323 16328 16327 16324 16327 16325 16325 16327 16326 16324 16322 16325 16326 16326 16327 223 473 304 13487 
0 16329 16323 16323 16326 16325 16328 16323 16323 16329 16327 16328 16325 16325 16324 16322 16327 16325 16325 16326 16328 16327 16326 16326 16327 16328 16326 16328 16326 16326 16324 16322 16326 16325 16327 16326 16328 16325 16325 16328 16326 16327 16324 16327 16324 16327 16326 16330 16324 16329 16324 16327 16327 16329 16323 16325 16326 16325 16324 16324 16328 16326 16324 16325 16315 16325 16324 16326 16324 16326 16322 16329 16325 16322 16327 16326 16327 16328 16324 16328 16325 16324 16327 16328 16327 16326 16328 16323 16326 16324 16327 16325 16327 16326 16324 16329 16328 16326 16321 16328 16323 16327 16323 16324 16324 16321 16325 16324 16322 16326 16322 16323 16325 16326 16324 16323 16323 16327 16323 16325 16323 16326 16326 16324 16329 16325 16325 16323 16325 16327 16329 16323 16323 16327 16320 16322 16324 16324 16320 16327 16328 16325 16326 16325 16328 16326 16358 16254 0 16276 16358 16291 16352 16306 16338 16315 16331 16319 16329 16319 16327 16321 16327 16323 16325 16323 16327 16329 16325 16325 16326 16322 16326 16327 16325 16324 16324 16327 16326 16328 16323 16324 16323 16325 16324 16328 16327 16326 16323 16323 16324 16325 16324 16326 16329 16316 16325 16319 16328 16325 16325 16325 16325 16326 16328 16326 16327 16326 16327 16329 16327 16327 16324 16327 16324 16327 16325 16327 16331 16311 16314 16321 16323 16325 16327 16325 16325 16326 16326 16327 16324 16326 16326 16327 16324 16329 16326 16326 16328 16325 16327 16325 16327 16330 16329 16330 16326 16325 16323 16324 16321 16325 16326 16326 16325 16324 16325 16325 228 236 304 13487 
0 16331 16335 16332 16335 16334 16333 16337 16331 16332 16333 16335 16328 16328 16334 16327 16335 16335 16334 16331 16333 16333 16332 16332 16329 16332 16330 16331 16336 16333 16334 16335 16332 16331 16328 16331 16328 16333 16330 16331 16329 16335 16333 16331 16337 16329 16334 16334 16331 16333 16332 16334 16332 16335 16332 16331 16331 16331 16334 16332 16335 16331 16328 16376 16254 14 16283 16368 16303 16358 16317 16345 16321 16335 16324 16336 16324 16333 16328 16329 16328 16333 16332 16331 16331 16329 16333 16329 16332 16329 16334 16332 16332 16336 16335 16333 16329 16333 16329 16331 16336 16331 16332 16331 16331 16336 16333 16335 16333 16335 16328 16334 16327 16338 16326 16334 16328 16338 16331 16335 16332 16331 16328 16334 16336 16333 16332 16332 16335 16335 16337 16336 16335 16334 16348 16340 16335 16339 16328 16335 16333 16332 16329 16331 16334 16332 16336 16332 16334 16333 16334 16327 16332 16333 16335 16337 16333 16334 16337 16332 16334 16333 16335 16334 16334 16332 16335 16329 16331 16336 16334 16336 16332 16331 16332 16331 16332 16333 16331 16333 16333 16330 16330 16329 16336 16332 16335 16334 16334 16338 16328 16333 16330 16330 16334 16329 16331 16336 16333 16331 16333 16331 16331 16334 16333 16333 16328 16333 16329 16334 16334 16331 16334 16336 16336 16335 16333 16330 16338 16335 16331 16331 16333 16335 16332 16336 16333 16333 16334 16333 16331 16334 16333 16336 16333 16333 16329 16336 16335 16335 16333 16332 16333 16331 16332 16335 16329 16335 16336 16333 16334 16332 16335 16329 16333 16329 16330 16330 232 15086 304 13487 
0 16327 16323 16329 16326 16324 16324 16322 16327 16328 16325 16328 16324 16327 16327 16327 16329 16326 16328 16322 16327 16325 16327 16326 16321 16323 16325 16328 16328 16328 16327 16327 16322 16326 16324 16324 16330 16323 16323 16324 16322 16326 16324 16321 16324 16324 16329 16325 16325 16326 16324 16325 16327 16323 16324 16323 16324 16323 16326 16329 16329 16326 16322 16370 16241 14 16275 16367 16289 16352 16305 16341 16312 16331 16315 16325 16322 16330 16319 16322 16319 16324 16321 16327 16327 16324 16323 16323 16328 16322 16326 16323 16325 16328 16322 16327 16325 16323 16327 16322 16324 16323 16327 16322 16325 16322 16329 16324 16317 16329 16323 16329 16320 16322 16321 16327 16321 16323 16323 16321 16326 16321 16329 16326 16327 16325 16325 16327 16326 16325 16326 16327 16324 16325 16327 16323 16327 16325 16325 16326 16324 16327 16326 16325 16325 16327 16327 16325 16329 16327 16324 16327 16327 16331 16328 16325 16328 16324 16327 16327 16328 16325 16328 16327 16326 16321 16329 16325 16327 16328 16325 16325 16328 16324 16325 16323 16327 16323 16329 16326 16323 16324 16326 16325 16323 16324 16323 16326 16323 16326 16325 16324 16329 16320 16324 16327 16329 16325 16328 16322 16324 16325 16327 16327 16325 16329 16327 16326 16324 16323 16328 16327 16329 16325 16323 16325 16324 16325 16327 16325 16326 16325 16329 16328 16325 16324 16328 16324 16326 16326 16326 16324 16327 16324 16325 16322 16325 16325 16327 16326 16324 16325 16323 16320 16327 16325 16328 16327 16324 16325 16323 16322 16330 16327 16324 16324 16326 16322 238 9815 304 13487 
0 16323 16326 16324 16326 16325 16325 16328 16331 16329 16326 16324 16327 16325 16325 16325 16326 16326 16327 16326 16324 16328 16327 16324 16326 16325 16324 16326 16328 16324 16325 16321 16325 16323 16326 16323 16327 16322 16324 16325 16322 16331 16322 16326 16325 16327 16324 16329 16327 16323 16323 16326 16328 16326 16328 16327 16326 16325 16326 16324 16325 16324 16323 16365 16250 16382 16277 16365 16293 16350 16308 16338 16315 16334 16315 16327 16320 16327 16322 16325 16324 16327 16321 16324 16324 16324 16328 16323 16323 16323 16324 16324 16324 16324 16325 16324 16327 16325 16327 16327 16326 16324 16325 16328 16323 16325 16323 16323 16327 16326 16319 16334 16315 16326 16322 16326 16325 16327 16320 16323 16327 16325 16325 16325 16327 16325 16325 16326 16324 16327 16330 16325 16327 16326 16326 16326 16326 16331 16323 16327 16325 16328 16326 16326 16326 16322 16326 16325 16323 16328 16333 16329 16332 16324 16327 16327 16325 16327 16329 16325 16324 16326 16325 16328 16324 16327 16323 16329 16326 16329 16329 16324 16323 16323 16327 16326 16327 16328 16326 16327 16329 16326 16326 16328 16326 16323 16328 16324 16329 16324 16327 16329 16329 16325 16325 16331 16326 16325 16327 16325 16324 16324 16325 16328 16329 16328 16325 16327 16326 16319 16331 16326 16323 16326 16323 16323 16326 16326 16329 16325 16325 16328 16325 16325 16327 16321 16327 16323 16328 16324 16324 16328 16325 16324 16328 16323 16324 16315 16322 16325 16324 16328 16329 16328 16323 16328 16323 16329 16322 16326 16325 16326 16327 16327 16326 16330 16325 16325 243 10151 304 13487 
0 16326 16323 16326 16320 16328 16327 16328 16321 16324 16328 16323 16327 16327 16324 16323 16322 16323 16325 16325 16323 16325 16326 16325 16321 16327 16324 16327 16327 16327 16322 16328 16326 16329 16326 16327 16324 16323 16322 16325 16327 16326 16324 16326 16326 16325 16324 16327 16322 16323 16326 16329 16325 16324 16322 16326 16328 16324 16325 16327 16326 16324 16320 16371 16248 8 16280 16359 16297 16346 16310 16337 16318 16334 16318 16327 16320 16324 16324 16323 16324 16318 16327 16327 16324 16325 16326 16325 16324 16324 16326 16324 16324 16326 16327 16322 16323 16327 16325 16327 16320 16321 16323 16326 16322 16326 16328 16329 16328 16325 16321 16324 16322 16323 16326 16322 16326 16322 16321 16324 16322 16329 16321 16324 16323 16323 16329 16326 16329 16326 16326 16330 16330 16324 16327 16328 16325 16329 16324 16325 16328 16328 16322 16329 16323 16327 16323 16328 16326 16325 16328 16327 16327 16325 16327 16327 16329 16325 16324 16329 16329 16322 16322 16327 16323 16329 16324 16324 16327 16323 16322 16322 16325 16325 16326 16325 16326 16327 16325 16328 16323 16326 16325 16327 16324 16326 16325 16329 16327 16328 16324 16327 16329 16324 16326 16327 16325 16325 16326 16326 16326 16325 16325 16325 16323 16322 16330 16325 16326 16323 16327 16325 16327 16320 16327 16323 16325 16325 16324 16323 16321 16326 16323 16325 16325 16319 16326 16321 16327 16325 16328 16326 16321 16326 16327 16324 16328 16327 16323 16326 16323 16326 16326 16323 16327 16327 16324 16326 16324 16324 16326 16326 16327 16324 16323 16326 16324 16324 248 9020 304 13487 
0 16321 16327 16328 16326 16323 16325 16323 16325 16329 16325 16324 16326 16324 16325 16325 16327 16326 16323 16324 16323 16328 16324 16325 16328 16326 16328 16324 16325 16325 16326 16326 16324 16325 16324 16323 16323 16325 16327 16323 16325 16323 16327 16327 16323 16326 16325 16326 16325 16326 16324 16326 16327 16324 16326 16325 16325 16324 16327 16328 16326 16328 16321 16353 16302 16343 16326 16320 16327 16319 16330 16319 16327 16319 16325 16320 16325 16321 16323 16324 16324 16323 16324 16324 16325 16326 16326 16322 16326 16324 16328 16328 16327 16322 16327 16323 16321 16325 16323 16325 16323 16323 16322 16325 16327 16321 16328 16325 16326 16325 16317 16329 16319 16324 16325 16323 16325 16329 16323 16323 16323 16323 16323 16326 16323 16326 16326 16327 16325 16327 16324 16328 16329 16325 16322 16324 16324 16325 16324 16328 16328 16326 16325 16326 16328 16326 16329 16325 16326 16327 16323 16325 16326 16326 16325 16327 16326 16325 16323 16322 16328 16329 16322 16325 16328 16321 16324 16326 16324 16326 16323 16323 16325 16327 16324 16327 16324 16325 16321 16324 16323 16326 16329 16327 16327 16321 16326 16326 16327 16325 16323 16324 16328 16325 16326 16326 16328 16324 16327 16323 16327 16327 16326 16325 16328 16328 16324 16326 16325 16326 16325 16327 16325 16324 16326 16323 16329 16327 16327 16321 16327 16326 16324 16324 16329 16322 16324 16327 16328 16327 16325 16324 16325 16324 16327 16322 16327 16327 16329 16325 16322 16325 16327 16325 16324 16325 16327 16324 16327 16326 16327 16327 16329 16326 16326 16325 16325 16323 253 7398 304 13487 
0 16326 16327 16328 16329 16323 16328 16323 16329 16325 16326 16326 16326 16325 16327 16323 16333 16325 16325 16321 16327 16325 16323 16333 16320 16330 16324 16325 16325 16327 16325 16328 16326 16324 16328 16325 16323 16323 16327 16323 16322 16322 16326 16325 16323 16323 16328 16327 16326 16326 16320 16328 16323 16325 16326 16326 16327 16324 16327 16325 16323 16326 16326 16359 16253 16382 16277 16363 16298 16348 16310 16335 16313 16335 16317 16329 16324 16325 16322 16329 16323 16328 16326 16325 16327 16325 16323 16326 16326 16324 16323 16323 16323 16322 16324 16324 16321 16326 16327 16322 16326 16323 16326 16327 16324 16324 16325 16326 16326 16324 16320 16327 16325 16326 16325 16319 16327 16324 16323 16327 16326 16327 16324 16328 16325 16324 16326 16326 16326 16327 16330 16324 16328 16331 16326 16325 16325 16327 16328 16326 16327 16323 16321 16325 16327 16327 16327 16327 16323 16323 16326 16328 16325 16323 16324 16325 16326 16330 16329 16327 16327 16329 16329 16327 16329 16324 16326 16326 16327 16325 16327 16328 16326 16326 16326 16327 16327 16320 16326 16322 16327 16327 16328 16326 16328 16323 16327 16328 16324 16324 16326 16324 16329 16326 16326 16327 16323 16328 16327 16327 16329 16323 16324 16323 16322 16325 16329 16323 16322 16330 16329 16324 16325 16328 16326 16326 16325 16326 16326 16327 16325 16326 16325 16329 16326 16325 16326 16324 16329 16326 16327 16328 16328 16324 16329 16325 16328 16328 16324 16324 16329 16327 16328 16325 16324 16323 16325 16324 16325 16323 16325 16325 16326 16328 16327 16326 16323 16327 258 5291 304 13487 
0 16327 16326 16328 16328 16323 16324 16323 16326 16326 16327 16327 16326 16327 16322 16325 16325 16329 16323 16327 16324 16327 16325 16323 16329 16323 16324 16325 16321 16325 16327 16325 16326 16329 16327 16329 16325 16330 16326 16329 16323 16323 16327 16321 16326 16328 16329 16326 16325 16325 16326 16324 16323 16326 16325 16323 16327 16324 16325 16327 16324 16323 16322 16349 16299 16349 16320 16327 16327 16324 16322 16317 16326 16322 16324 16321 16327 16326 16329 16327 16323 16325 16326 16326 16323 16325 16321 16326 16324 16320 16324 16328 16324 16324 16323 16328 16324 16323 16327 16319 16326 16324 16323 16325 16323 16327 16324 16325 16322 16329 16320 16320 16324 16325 16326 16324 16322 16325 16322 16327 16327 16329 16323 16326 16325 16325 16327 16327 16327 16330 16328 16328 16328 16324 16324 16324 16325 16325 16328 16328 16328 16324 16325 16325 16324 16322 16322 16327 16326 16330 16325 16327 16323 16331 16326 16327 16327 16329 16330 16323 16329 16328 16326 16324 16323 16330 16324 16328 16324 16326 16328 16325 16323 16327 16325 16326 16324 16329 16325 16327 16323 16329 16327 16328 16325 16326 16325 16329 16328 16326 16328 16319 16326 16330 16326 16324 16329 16326 16324 16324 16326 16324 16325 16326 16325 16327 16325 16326 16324 16326 16326 16328 16329 16326 16328 16328 16323 16325 16325 16327 16323 16322 16324 16324 16323 16325 16329 16328 16326 16325 16325 16325 16326 16323 16326 16323 16325 16326 16328 16327 16325 16325 16324 16326 16326 16324 16325 16325 16324 16325 16324 16326 16323 16327 16325 16326 16324 16324 263 14444 304 13487 
0 16328 16323 16324 16322 16323 16324 16325 16320 16324 16325 16326 16324 16327 16328 16322 16325 16323 16326 16322 16321 16327 16325 16327 16323 16325 16325 16324 16325 16322 16324 16328 16326 16328 16325 16326 16326 16326 16325 16325 16324 16326 16325 16323 16328 16325 16328 16319 16324 16324 16320 16324 16325 16325 16328 16323 16325 16327 16325 16327 16328 16326 16327 16380 16241 12 16279 16366 16296 16346 16310 16336 16314 16324 16317 16329 16319 16327 16328 16321 16322 16326 16328 16326 16324 16323 16322 16327 16322 16326 16326 16331 16321 16326 16324 16325 16324 16325 16318 16325 16325 16325 16322 16324 16322 16330 16319 16328 16324 16325 16324 16326 16322 16327 16322 16328 16324 16325 16325 16327 16324 16329 16326 16327 16327 16331 16325 16326 16329 16325 16326 16326 16327 16326 16326 16329 16326 16326 16328 16330 16327 16328 16327 16323 16325 16326 16328 16325 16329 16325 16331 16327 16324 16327 16327 16326 16328 16327 16329 16325 16326 16329 16327 16327 16327 16329 16328 16327 16329 16323 16327 16326 16326 16323 16329 16329 16326 16323 16328 16328 16325 16326 16325 16328 16324 16328 16329 16328 16327 16327 16325 16319 16326 16327 16324 16324 16327 16326 16324 16332 16329 16329 16323 16329 16328 16327 16328 16324 16329 16323 16324 16326 16323 16328 16326 16324 16323 16326 16327 16323 16327 16327 16327 16326 16327 16327 16333 16320 16327 16330 16328 16327 16326 16326 16323 16326 16325 16329 16329 16325 16327 16327 16328 16326 16322 16323 16328 16323 16325 16329 16326 16325 16325 16325 16322 16325 16325 16325 268 14298 304 13487 
0 16327 16334 16329 16327 16329 16329 16333 16328 16330 16331 16334 16329 16329 16329 16330 16330 16335 16334 16329 16333 16330 16329 16327 16334 16329 16333 16333 16332 16327 16331 16328 16331 16334 16330 16332 16329 16331 16329 16331 16329 16329 16331 16330 16331 16327 16334 16330 16331 16330 16331 16329 16332 16331 16335 16329 16327 16330 16328 16328 16345 16319 16320 16348 16312 16351 16316 16341 16317 16340 16322 16337 16320 16328 16329 16329 16329 16332 16323 16331 16331 16331 16331 16333 16328 16330 16331 16333 16329 16327 16331 16327 16332 16328 16332 16328 16325 16329 16331 16330 16332 16332 16329 16334 16333 16331 16323 16339 16322 16333 16326 16330 16328 16332 16326 16328 16335 16331 16333 16332 16332 16333 16334 16332 16329 16327 16330 16335 16331 16337 16334 16331 16331 16336 16329 16332 16335 16330 16335 16330 16331 16330 16334 16334 16334 16332 16335 16332 16332 16331 16332 16335 16332 16331 16336 16332 16334 16334 16329 16332 16332 16336 16329 16331 16333 16332 16332 16332 16331 16334 16333 16331 16331 16332 16335 16333 16333 16331 16332 16332 16338 16333 16331 16331 16335 16328 16328 16335 16332 16328 16331 16332 16332 16332 16333 16332 16329 16329 16329 16332 16332 16333 16335 16328 16331 16329 16335 16325 16332 16330 16333 16329 16329 16332 16333 16333 16332 16332 16329 16333 16329 16328 16332 16329 16332 16325 16333 16329 16329 16334 16333 16332 16329 16332 16329 16333 16332 16331 16331 16330 16330 16333 16330 16330 16331 16330 16334 16332 16330 16337 16331 16335 16331 16333 16330 16329 16333 16334 273 13655 304 13487 
0 16326 16326 16327 16330 16327 16326 16326 16324 16328 16325 16326 16329 16329 16327 16321 16323 16326 16325 16326 16324 16327 16325 16328 16326 16326 16325 16327 16328 16327 16328 16326 16326 16324 16329 16326 16322 16329 16323 16326 16325 16324 16322 16330 16325 16325 16328 16321 16325 16329 16328 16329 16327 16327 16326 16325 16325 16324 16328 16328 16323 16328 16331 16328 16308 16320 16325 16328 16326 16327 16322 16327 16323 16324 16326 16376 16241 11 16277 16359 16294 16347 16310 16342 16315 16330 16320 16329 16315 16328 16323 16327 16322 16328 16322 16328 16327 16328 16323 16322 16323 16327 16326 16327 16325 16327 16324 16323 16325 16322 16323 16325 16325 16326 16323 16327 16320 16324 16323 16326 16321 16329 16320 16329 16317 16325 16322 16325 16319 16322 16325 16325 16327 16326 16325 16329 16326 16327 16327 16327 16325 16330 16328 16326 16325 16323 16326 16328 16329 16326 16329 16326 16327 16326 16322 16328 16327 16325 16324 16327 16323 16327 16325 16327 16328 16326 16323 16325 16328 16325 16329 16329 16326 16324 16325 16325 16328 16325 16324 16322 16323 16327 16324 16326 16324 16326 16325 16330 16325 16329 16323 16325 16329 16326 16327 16330 16327 16324 16321 16325 16327 16327 16329 16327 16327 16325 16325 16329 16325 16329 16329 16326 16326 16328 16324 16329 16324 16325 16326 16325 16326 16329 16326 16326 16323 16328 16326 16327 16326 16326 16325 16328 16323 16328 16328 16325 16325 16327 16329 16328 16326 16323 16327 16326 16327 16323 16327 16327 16328 16324 16326 16322 16327 16321 16326 16331 16325 16326 278 12016 304 13487 
0 16331 16332 16330 16332 16331 16335 16334 16332 16328 16332 16333 16335 16336 16331 16334 16334 16334 16331 16338 16334 16333 16333 16332 16334 16331 16335 16332 16329 16339 16333 16332 16333 16336 16332 16334 16334 16336 16330 16333 16333 16336 16332 16332 16333 16334 16331 16330 16335 16334 16336 16336 16332 16329 16334 16330 16329 16335 16332 16332 16334 16332 16329 4 16264 6 16301 16359 16316 16347 16322 16337 16325 16333 16327 16333 16328 16330 16330 16334 16329 16331 16333 16333 16335 16331 16334 16332 16334 16331 16334 16326 16332 16332 16330 16329 16328 16329 16330 16331 16329 16335 16331 16329 16329 16326 16330 16330 16325 16335 16332 16330 16331 16332 16332 16337 16326 16328 16331 16329 16329 16330 16328 16337 16335 16333 16335 16337 16332 16333 16336 16343 16341 16333 16333 16333 16331 16333 16331 16335 16332 16333 16332 16334 16333 16336 16335 16331 16336 16334 16335 16334 16334 16337 16334 16335 16332 16336 16334 16333 16335 16337 16336 16329 16334 16334 16334 16331 16332 16333 16338 16332 16336 16338 16332 16336 16333 16337 16335 16335 16338 16335 16336 16336 16334 16337 16332 16336 16334 16335 16335 16335 16337 16334 16333 16336 16332 16334 16333 16332 16337 16335 16332 16334 16334 16336 16334 16335 16333 16332 16334 16337 16334 16332 16333 16336 16332 16333 16333 16330 16333 16332 16333 16337 16334 16333 16335 16329 16335 16331 16329 16332 16335 16333 16335 16331 16331 16335 16332 16333 16335 16335 16332 16333 16327 16333 16332 16335 16330 16332 16334 16333 16332 16330 16332 16331 16336 16333 283 9434 304 13487 
0 16329 16326 16325 16322 16326 16326 16325 16325 16330 16323 16325 16329 16324 16323 16324 16325 16323 16324 16325 16325 16327 16322 16329 16325 16325 16328 16328 16325 16325 16328 16322 16327 16325 16324 16326 16327 16325 16324 16329 16325 16328 16327 16322 16330 16322 16324 16324 16327 16322 16327 16324 16326 16327 16324 16327 16329 16325 16326 16323 16330 16327 16330 16344 16316 16307 16351 16302 16347 16305 16338 16309 16338 16316 16332 16317 16325 16317 16329 16323 16330 16325 16328 16323 16326 16323 16328 16326 16328 16329 16329 16327 16328 16324 16324 16325 16324 16323 16325 16329 16326 16326 16323 16323 16328 16323 16326 16322 16322 16330 16319 16326 16326 16326 16320 16328 16326 16325 16326 16328 16320 16323 16327 16328 16324 16324 16324 16328 16326 16325 16331 16328 16329 16329 16325 16327 16326 16325 16332 16326 16326 16324 16326 16328 16326 16327 16328 16327 16327 16325 16326 16330 16325 16326 16329 16329 16327 16325 16329 16324 16329 16332 16328 16326 16328 16328 16331 16327 16330 16325 16327 16329 16327 16326 16324 16329 16323 16329 16327 16327 16327 16324 16326 16330 16326 16326 16327 16324 16328 16325 16326 16328 16325 16327 16327 16325 16327 16325 16328 16323 16328 16329 16327 16325 16326 16327 16327 16326 16324 16327 16327 16328 16325 16327 16328 16322 16326 16327 16327 16323 16325 16328 16325 16327 16329 16323 16328 16327 16327 16328 16327 16330 16325 16331 16336 16327 16327 16323 16327 16326 16325 16327 16326 16326 16325 16326 16331 16325 16324 16325 16325 16325 16328 16326 16326 16326 16326 16327 289 4650 304 13487 
0 16327 16330 16327 16325 16321 16329 16326 16328 16324 16330 16328 16325 16325 16327 16327 16323 16328 16326 16327 16325 16324 16326 16328 16327 16327 16322 16325 16327 16323 16327 16325 16325 16328 16324 16327 16328 16328 16323 16329 16327 16327 16321 16324 16327 16324 16324 16324 16325 16326 16327 16329 16326 16324 16325 16325 16325 16324 16323 16328 16327 16323 16328 16347 16272 16368 16281 16359 16295 16346 16308 16340 16314 16333 16318 16328 16317 16327 16319 16326 16320 16325 16323 16324 16323 16325 16322 16325 16327 16323 16323 16325 16324 16325 16322 16326 16325 16324 16322 16322 16323 16324 16331 16323 16323 16325 16322 16328 16325 16324 16325 16325 16326 16325 16322 16328 16329 16322 16328 16324 16327 16325 16324 16328 16326 16327 16325 16329 16327 16329 16324 16327 16327 16327 16327 16326 16327 16325 16324 16324 16328 16327 16324 16329 16328 16324 16327 16324 16326 16326 16325 16324 16326 16327 16323 16327 16324 16329 16325 16326 16325 16323 16325 16327 16327 16324 16325 16328 16323 16324 16324 16328 16323 16323 16323 16331 16324 16326 16329 16324 16327 16326 16327 16325 16325 16329 16323 16322 16323 16325 16322 16327 16325 16323 16325 16329 16324 16326 16323 16324 16328 16324 16328 16327 16325 16331 16326 16325 16329 16328 16327 16325 16327 16328 16323 16328 16326 16328 16326 16325 16326 16325 16329 16323 16324 16325 16326 16327 16327 16326 16328 16325 16328 16323 16323 16324 16325 16325 16323 16326 16320 16325 16325 16326 16326 16325 16323 16328 16329 16323 16326 16324 16322 16325 16320 16323 16324 16323 294 4500 304 13487 
0 16329 16322 16329 16327 16327 16328 16328 16324 16326 16328 16325 16326 16328 16325 16330 16327 16325 16327 16328 16327 16327 16327 16326 16323 16326 16327 16328 16329 16326 16329 16326 16329 16327 16325 16323 16326 16329 16322 16324 16324 16328 16323 16327 16326 16324 16328 16327 16324 16327 16327 16330 16324 16327 16332 16322 16323 16324 16330 16329 16326 16326 16322 16373 16264 16375 16295 16353 16309 16336 16316 16333 16319 16327 16324 16322 16325 16324 16320 16327 16322 16329 16326 16328 16325 16324 16329 16327 16326 16325 16327 16324 16325 16326 16320 16325 16325 16324 16324 16327 16325 16325 16324 16322 16322 16322 16327 16326 16327 16320 16327 16322 16325 16325 16324 16320 16328 16323 16325 16327 16328 16324 16324 16325 16326 16324 16325 16328 16324 16327 16329 16323 16329 16327 16324 16327 16324 16326 16327 16326 16325 16326 16325 16325 16327 16326 16323 16322 16327 16323 16327 16329 16327 16327 16321 16326 16325 16326 16327 16324 16327 16326 16328 16325 16327 16328 16324 16329 16325 16322 16328 16327 16324 16330 16324 16329 16326 16328 16325 16324 16325 16326 16326 16326 16326 16324 16330 16326 16325 16328 16325 16328 16325 16325 16321 16324 16323 16323 16327 16327 16325 16328 16324 16326 16328 16323 16325 16328 16323 16328 16324 16327 16325 16327 16328 16323 16323 16324 16325 16325 16327 16325 16324 16326 16325 16326 16327 16323 16327 16323 16324 16323 16328 16324 16327 16327 16326 16324 16324 16326 16324 16327 16321 16326 16328 16326 16324 16326 16322 16327 16326 16328 16325 16328 16324 16326 16323 16329 299 2882 304 13487 
0 16325 16327 16322 16324 16323 16328 16325 16326 16322 16328 16327 16324 16323 16326 16328 16325 16326 16321 16325 16324 16324 16327 16327 16328 16326 16327 16326 16333 16321 16331 16326 16325 16323 16328 16320 16326 16323 16328 16325 16328 16328 16327 16327 16327 16325 16328 16325 16328 16324 16326 16330 16325 16325 16325 16326 16326 16326 16326 16324 16324 16327 16322 16344 16312 16325 16334 16314 16335 16315 16329 16316 16334 16318 16329 16322 16327 16322 16327 16325 16324 16320 16324 16321 16325 16324 16326 16320 16330 16323 16321 16323 16323 16324 16325 16325 16329 16325 16323 16321 16328 16326 16323 16326 16326 16321 16327 16324 16324 16321 16329 16321 16329 16323 16328 16320 16327 16328 16326 16325 16324 16325 16325 16324 16327 16326 16329 16327 16327 16325 16327 16331 16327 16326 16328 16328 16326 16323 16326 16326 16328 16326 16329 16326 16329 16324 16323 16324 16328 16330 16324 16328 16328 16324 16329 16327 16328 16323 16327 16324 16326 16328 16324 16327 16322 16326 16325 16327 16323 16328 16326 16326 16327 16329 16323 16327 16324 16325 16323 16327 16324 16328 16328 16328 16325 16328 16323 16324 16323 16326 16328 16325 16327 16327 16324 16329 16323 16326 16326 16323 16326 16323 16325 16323 16326 16324 16326 16328 16328 16323 16325 16327 16323 16323 16327 16324 16324 16324 16329 16327 16328 16327 16325 16328 16327 16326 16323 16320 16323 16331 16325 16326 16328 16328 16324 16327 16332 16322 16325 16327 16328 16325 16325 16327 16325 16326 16327 16323 16324 16329 16327 16327 16326 16324 16324 16327 16328 16324 304 1264 304 13487 
0 16329 16329 16332 16331 16329 16330 16330 16332 16329 16329 16333 16331 16329 16332 16329 16334 16330 16330 16331 16335 16332 16329 16331 16330 16334 16333 16336 16328 16336 16334 16332 16329 16332 16332 16330 16330 16333 16329 16329 16332 16331 16332 16330 16331 16331 16330 16332 16333 16330 16332 16332 16332 16333 16329 16333 16333 16329 16331 16334 16330 16332 16331 16358 16266 16379 16288 16365 16298 16357 16313 16343 16326 16339 16322 16335 16327 16332 16328 16332 16330 16331 16327 16331 16328 16330 16331 16331 16331 16332 16330 16331 16329 16332 16329 16333 16330 16333 16329 16331 16332 16332 16331 16332 16332 16331 16330 16331 16330 16331 16328 16325 16340 16325 16335 16331 16329 16329 16335 16330 16327 16331 16332 16329 16334 16333 16332 16335 16333 16336 16331 16334 16333 16329 16336 16333 16329 16334 16329 16333 16331 16334 16337 16326 16332 16330 16330 16333 16332 16335 16333 16335 16329 16332 16328 16332 16333 16332 16334 16333 16327 16334 16332 16331 16332 16333 16331 16331 16331 16333 16332 16334 16330 16331 16333 16332 16330 16329 16333 16331 16328 16331 16330 16334 16332 16333 16332 16328 16329 16333 16332 16334 16330 16332 16331 16329 16334 16330 16334 16334 16331 16334 16331 16330 16333 16335 16333 16332 16331 16332 16332 16333 16333 16332 16331 16333 16332 16331 16333 16336 16335 16331 16329 16340 16333 16333 16333 16334 16330 16335 16333 16335 16332 16330 16330 16333 16330 16331 16335 16329 16329 16331 16331 16333 16333 16331 16332 16333 16333 16333 16329 16332 16330 16330 16333 16332 16332 16331 4 1823 304 13464 
0 16327 16326 16327 16327 16328 16323 16328 16325 16323 16325 16328 16326 16330 16324 16326 16325 16326 16325 16327 16323 16322 16326 16324 16326 16326 16326 16325 16322 16325 16329 16323 16326 16325 16327 16326 16325 16328 16324 16326 16329 16322 16325 16326 16325 16327 16324 16324 16323 16326 16325 16325 16327 16328 16328 16322 16327 16328 16325 16326 16324 16325 16324 16345 16274 16368 16285 16354 16297 16345 16309 16338 16317 16324 16305 16328 16310 16329 16322 16326 16321 16322 16325 16325 16323 16325 16323 16324 16323 16324 16321 16323 16326 16322 16327 16324 16320 16325 16327 16329 16326 16325 16324 16325 16325 16326 16325 16325 16327 16328 16319 16327 16318 16328 16321 16325 16324 16328 16321 16323 16323 16327 16326 16325 16327 16328 16325 16328 16325 16325 16323 16326 16329 16327 16326 16330 16325 16323 16324 16325 16328 16326 16327 16322 16322 16324 16326 16322 16324 16328 16323 16325 16325 16329 16325 16327 16326 16329 16326 16324 16328 16327 16331 16329 16325 16328 16324 16327 16324 16328 16324 16326 16325 16326 16327 16323 16327 16323 16327 16327 16326 16325 16327 16324 16328 16330 16327 16330 16323 16326 16324 16325 16327 16325 16328 16330 16327 16326 16325 16327 16323 16323 16323 16327 16326 16323 16327 16330 16328 16326 16329 16327 16325 16329 16325 16327 16324 16328 16323 16327 16327 16324 16326 16327 16327 16325 16328 16327 16325 16330 16328 16326 16325 16328 16327 16326 16326 16330 16325 16328 16323 16329 16326 16325 16325 16328 16326 16326 16328 16323 16323 16328 16328 16324 16327 16327 16324 16324 9 11467 304 13464 
0 16327 16328 16323 16326 16329 16328 16327 16327 16326 16330 16330 16328 16325 16328 16327 16326 16323 16324 16327 16324 16324 16325 16327 16325 16330 16325 16327 16325 16328 16326 16329 16326 16327 16322 16324 16329 16328 16326 16326 16326 16326 16327 16325 16324 16327 16323 16325 16325 16323 16325 16327 16327 16324 16330 16324 16326 16325 16329 16328 16325 16327 16321 16368 16250 0 16279 16370 16295 16348 16309 16337 16313 16334 16317 16333 16321 16331 16323 16323 16322 16329 16322 16330 16326 16325 16327 16326 16331 16326 16325 16323 16318 16325 16323 16321 16322 16323 16324 16326 16331 16328 16325 16327 16327 16327 16327 16329 16326 16329 16325 16326 16318 16326 16329 16326 16325 16323 16325 16327 16328 16326 16325 16324 16325 16326 16323 16327 16328 16327 16326 16328 16328 16327 16326 16328 16328 16328 16329 16327 16329 16327 16323 16327 16324 16331 16330 16328 16324 16327 16328 16326 16329 16326 16330 16326 16329 16327 16324 16329 16327 16328 16328 16323 16326 16325 16329 16322 16328 16325 16324 16323 16329 16326 16323 16324 16326 16327 16325 16328 16325 16325 16324 16331 16326 16329 16323 16326 16335 16325 16327 16325 16327 16326 16327 16329 16323 16327 16328 16326 16330 16327 16325 16326 16325 16325 16327 16327 16326 16327 16329 16325 16329 16328 16330 16326 16324 16324 16323 16326 16325 16328 16325 16328 16323 16326 16326 16327 16326 16323 16329 16323 16322 16327 16330 16328 16326 16328 16324 16323 16328 16327 16328 16328 16322 16327 16325 16324 16327 16326 16322 16327 16329 16329 16325 16326 16327 16322 14 11809 304 13464 
0 16322 16327 16326 16323 16328 16326 16329 16326 16327 16330 16327 16325 16326 16325 16322 16324 16325 16325 16326 16326 16327 16324 16329 16323 16329 16328 16322 16325 16323 16325 16323 16327 16323 16325 16327 16324 16327 16329 16323 16325 16325 16325 16325 16328 16324 16323 16327 16326 16326 16328 16324 16322 16326 16326 16326 16327 16331 16325 16327 16327 16326 16322 16369 16260 1 16295 16352 16305 16335 16316 16330 16319 16328 16322 16325 16320 16329 16324 16327 16324 16324 16322 16329 16325 16326 16328 16322 16322 16326 16320 16327 16323 16324 16327 16323 16322 16323 16326 16327 16326 16323 16326 16325 16322 16324 16324 16329 16327 16325 16316 16332 16320 16325 16325 16323 16321 16325 16325 16323 16327 16326 16328 16325 16326 16328 16325 16326 16326 16331 16323 16323 16328 16326 16325 16329 16327 16328 16327 16328 16328 16331 16325 16327 16329 16326 16322 16324 16325 16329 16324 16325 16333 16339 16323 16325 16324 16325 16327 16328 16323 16327 16328 16327 16325 16328 16325 16328 16326 16325 16327 16325 16326 16328 16329 16328 16327 16325 16329 16325 16328 16329 16328 16326 16326 16329 16328 16325 16325 16328 16327 16325 16327 16326 16326 16328 16328 16327 16326 16327 16327 16329 16328 16325 16327 16326 16329 16326 16326 16327 16323 16328 16330 16329 16326 16329 16327 16326 16326 16328 16326 16325 16328 16327 16323 16324 16327 16326 16328 16326 16326 16327 16328 16322 16328 16326 16322 16327 16325 16327 16323 16328 16328 16325 16324 16326 16327 16322 16326 16326 16328 16324 16328 16326 16328 16326 16327 16328 19 10680 304 13464 
0 16326 16325 16323 16330 16328 16326 16327 16326 16326 16324 16327 16328 16328 16328 16329 16327 16327 16326 16331 16329 16328 16326 16331 16323 16328 16327 16327 16328 16329 16331 16326 16327 16328 16326 16326 16329 16327 16328 16326 16327 16325 16329 16325 16327 16322 16327 16324 16326 16327 16327 16326 16326 16324 16329 16327 16324 16328 16327 16327 16329 16327 16332 16329 16307 16348 16300 16347 16308 16339 16315 16338 16315 16336 16321 16330 16322 16329 16324 16332 16327 16328 16323 16326 16324 16330 16327 16328 16325 16327 16323 16327 16324 16332 16328 16326 16324 16328 16327 16326 16329 16323 16326 16328 16326 16329 16328 16325 16329 16324 16325 16323 16328 16326 16325 16327 16322 16329 16325 16327 16325 16322 16324 16325 16324 16328 16329 16328 16326 16329 16328 16328 16328 16324 16330 16329 16331 16325 16329 16325 16328 16327 16331 16327 16327 16324 16327 16325 16331 16327 16328 16326 16328 16326 16329 16329 16329 16324 16329 16325 16326 16325 16324 16327 16330 16327 16330 16324 16329 16324 16325 16324 16324 16326 16327 16323 16327 16327 16324 16324 16325 16330 16327 16325 16324 16327 16327 16327 16326 16327 16325 16324 16326 16327 16326 16327 16327 16327 16324 16327 16325 16326 16324 16325 16325 16329 16328 16327 16331 16326 16328 16326 16326 16327 16327 16325 16329 16330 16326 16328 16324 16326 16325 16328 16327 16324 16327 16322 16330 16328 16324 16328 16328 16324 16323 16327 16326 16323 16324 16327 16328 16326 16325 16325 16325 16324 16330 16329 16326 16324 16325 16325 16328 16326 16327 16327 16324 16324 25 1000 304 13464 
0 16325 16327 16329 16327 16326 16326 16326 16327 16327 16328 16326 16327 16327 16327 16328 16369 16246 4 16277 16365 16296 16348 16313 16342 16315 16334 16323 16327 16319 16331 16321 16327 16324 16328 16325 16329 16324 16322 16326 16326 16325 16325 16328 16326 16326 16328 16326 16326 16328 16322 16325 16325 16322 16326 16325 16324 16326 16325 16327 16325 16326 16324 16325 16316 16330 16324 16330 16321 16324 16326 16326 16327 16328 16327 16323 16326 16328 16324 16329 16328 16327 16329 16329 16329 16322 16333 16330 16327 16325 16327 16327 16329 16328 16325 16324 16323 16324 16326 16326 16330 16326 16326 16328 16324 16326 16328 16325 16326 16327 16327 16328 16329 16325 16327 16325 16325 16326 16326 16324 16327 16325 16327 16324 16323 16324 16328 16329 16323 16328 16322 16328 16328 16326 16324 16324 16329 16325 16324 16325 16325 16328 16331 16324 16325 16327 16324 16327 16324 16329 16321 16329 16326 16328 16326 16323 16324 16325 16325 16327 16326 16325 16327 16328 16328 16326 16324 16325 16325 16327 16324 16322 16327 16326 16323 16326 16325 16322 16327 16327 16326 16324 16324 16329 16325 16324 16325 16326 16322 16328 16327 16325 16325 16325 16325 16322 16325 16326 16327 16328 16325 16326 16331 16328 16327 16326 16326 16323 16325 16325 16327 16327 16327 16322 16324 16325 16328 16328 16328 16326 16324 16325 16328 16326 16330 16326 16328 16326 16327 16325 16326 16326 16328 16325 16326 16327 16325 16325 16328 16327 16324 16326 16326 16325 16325 16328 16327 16327 16326 16328 16326 16326 16324 16325 16331 16324 16322 16330 29 15813 304 13464 
0 16327 16324 16326 16324 16325 16322 16325 16324 16328 16327 16328 16324 16328 16325 16326 16326 16327 16325 16326 16324 16326 16323 16327 16324 16328 16320 16325 16328 16326 16325 16323 16322 16328 16329 16327 16327 16323 16322 16325 16325 16322 16325 16324 16328 16323 16327 16325 16324 16329 16328 16325 16326 16326 16326 16323 16324 16325 16328 16323 16326 16327 16327 16368 16248 7 16280 16360 16301 16351 16309 16340 16316 16330 16319 16327 16327 16333 16319 16328 16320 16326 16324 16327 16326 16326 16328 16326 16326 16323 16324 16328 16326 16326 16326 16327 16326 16325 16324 16323 16326 16327 16323 16322 16324 16320 16325 16324 16324 16325 16324 16326 16323 16325 16321 16322 16318 16329 16325 16322 16326 16322 16328 16326 16325 16324 16328 16327 16331 16328 16323 16330 16324 16325 16326 16327 16328 16327 16331 16327 16328 16327 16329 16323 16332 16324 16327 16328 16323 16325 16328 16326 16329 16328 16325 16325 16326 16328 16325 16325 16328 16326 16328 16326 16325 16328 16331 16326 16326 16322 16327 16329 16329 16324 16326 16328 16328 16331 16326 16324 16328 16325 16329 16328 16327 16325 16328 16324 16327 16326 16327 16328 16328 16324 16326 16327 16329 16325 16326 16329 16325 16330 16322 16328 16327 16326 16325 16325 16328 16328 16328 16329 16328 16327 16326 16325 16325 16325 16327 16324 16322 16326 16328 16325 16328 16325 16324 16330 16327 16328 16327 16329 16326 16329 16322 16321 16328 16326 16325 16327 16327 16328 16328 16324 16323 16327 16326 16323 16322 16327 16326 16326 16327 16324 16328 16324 16324 16325 35 9024 304 13464 
0 16321 16328 16327 16324 16326 16327 16325 16325 16326 16324 16326 16328 16327 16328 16326 16328 16327 16328 16326 16325 16326 16329 16326 16326 16326 16327 16327 16331 16323 16323 16324 16322 16324 16325 16326 16325 16325 16325 16327 16324 16325 16328 16328 16322 16326 16325 16324 16331 16326 16326 16326 16327 16326 16328 16328 16325 16328 16322 16323 16328 16325 16325 16360 16283 16365 16305 16343 16315 16332 16320 16325 16324 16324 16322 16328 16328 16323 16323 16329 16320 16327 16323 16320 16325 16325 16326 16327 16325 16322 16326 16324 16324 16325 16322 16325 16327 16321 16329 16327 16327 16328 16323 16325 16323 16324 16323 16329 16328 16326 16323 16326 16321 16328 16320 16326 16321 16331 16326 16324 16323 16328 16328 16325 16326 16326 16329 16323 16324 16330 16329 16325 16325 16330 16329 16329 16328 16329 16329 16328 16325 16326 16324 16324 16328 16327 16325 16327 16326 16329 16326 16322 16326 16327 16327 16326 16327 16325 16324 16326 16326 16323 16328 16328 16330 16324 16327 16329 16328 16324 16326 16326 16325 16327 16326 16328 16326 16329 16327 16326 16326 16326 16326 16327 16328 16328 16329 16330 16327 16325 16328 16326 16328 16325 16325 16325 16327 16327 16327 16325 16330 16328 16327 16326 16325 16327 16329 16326 16324 16326 16326 16328 16331 16333 16323 16324 16327 16323 16326 16328 16324 16324 16322 16325 16326 16324 16327 16328 16324 16331 16328 16327 16327 16326 16326 16325 16325 16324 16325 16324 16323 16328 16327 16326 16324 16327 16326 16328 16325 16324 16325 16325 16321 16327 16326 16328 16323 16329 40 8870 304 13464 
0 16328 16324 16326 16323 16325 16327 16324 16327 16324 16327 16327 16323 16328 16323 16324 16326 16328 16328 16333 16323 16324 16327 16327 16328 16328 16324 16324 16323 16323 16327 16331 16324 16324 16330 16322 16328 16326 16323 16328 16323 16326 16324 16330 16326 16328 16325 16332 16324 16327 16324 16324 16326 16327 16329 16324 16328 16324 16339 16330 16327 16326 16338 16319 16312 16345 16304 16343 16309 16339 16317 16332 16312 16331 16318 16325 16320 16325 16325 16326 16320 16327 16323 16326 16326 16327 16322 16325 16323 16330 16324 16325 16325 16324 16329 16324 16326 16324 16325 16325 16328 16324 16327 16326 16329 16325 16320 16326 16323 16328 16320 16324 16320 16326 16319 16327 16326 16328 16324 16321 16326 16327 16327 16328 16325 16329 16327 16327 16327 16329 16326 16327 16323 16332 16327 16328 16329 16326 16328 16326 16327 16328 16324 16325 16324 16328 16327 16324 16330 16327 16322 16327 16326 16325 16328 16328 16328 16328 16325 16326 16324 16333 16328 16327 16329 16325 16322 16327 16323 16325 16327 16330 16322 16330 16327 16326 16327 16326 16324 16333 16323 16326 16328 16329 16324 16328 16327 16328 16326 16329 16324 16325 16326 16326 16326 16325 16329 16327 16325 16326 16329 16327 16327 16324 16328 16330 16326 16327 16326 16329 16327 16330 16327 16323 16326 16327 16328 16327 16329 16325 16323 16326 16324 16324 16327 16325 16325 16325 16329 16325 16326 16326 16327 16323 16325 16329 16328 16326 16331 16325 16323 16324 16324 16327 16329 16322 16332 16324 16327 16328 16324 16327 16326 16324 16325 16325 16328 16326 45 6273 304 13464 
0 16326 16323 16325 16328 16329 16329 16325 16327 16326 16327 16325 16324 16329 16327 16325 16328 16324 16325 16323 16328 16326 16326 16327 16328 16326 16321 16325 16328 16325 16326 16328 16326 16325 16326 16324 16326 16327 16324 16323 16325 16325 16327 16326 16326 16322 16325 16326 16327 16325 16324 16325 16330 16323 16328 16329 16321 16329 16326 16323 16324 16327 16324 16353 16262 16373 16280 16359 16295 16345 16308 16340 16311 16333 16320 16326 16321 16330 16319 16324 16324 16330 16326 16326 16323 16328 16323 16326 16327 16326 16327 16325 16327 16325 16326 16329 16324 16327 16321 16326 16325 16325 16329 16322 16322 16325 16324 16328 16325 16324 16323 16322 16328 16322 16322 16323 16329 16324 16320 16309 16321 16322 16324 16325 16327 16325 16329 16326 16327 16325 16328 16326 16326 16327 16323 16324 16327 16329 16327 16324 16324 16325 16324 16326 16324 16326 16325 16322 16326 16329 16324 16324 16325 16327 16322 16325 16323 16329 16328 16325 16325 16327 16325 16329 16325 16328 16332 16328 16327 16324 16327 16326 16324 16327 16331 16324 16329 16324 16326 16327 16326 16327 16329 16327 16326 16330 16326 16329 16323 16323 16324 16330 16325 16328 16324 16327 16324 16327 16324 16326 16323 16325 16325 16329 16327 16325 16325 16330 16324 16327 16325 16324 16326 16322 16326 16329 16325 16327 16327 16327 16324 16327 16327 16326 16320 16329 16324 16327 16322 16326 16328 16329 16324 16327 16327 16328 16324 16327 16324 16329 16325 16326 16327 16326 16324 16324 16321 16325 16327 16328 16326 16328 16328 16325 16319 16323 16325 16324 50 4157 304 13464 
0 16323 16325 16326 16324 16327 16323 16327 16327 16327 16326 16326 16323 16327 16324 16327 16326 16327 16322 16322 16325 16326 16324 16328 16325 16321 16329 16329 16326 16327 16327 16326 16323 16322 16323 16324 16323 16325 16325 16328 16324 16326 16330 16329 16327 16326 16326 16325 16323 16329 16324 16322 16326 16324 16322 16326 16327 16322 16326 16327 16326 16331 16324 16354 16299 16349 16319 16327 16327 16323 16328 16322 16325 16325 16323 16319 16326 16321 16325 16322 16323 16325 16326 16327 16323 16323 16325 16327 16323 16327 16323 16321 16329 16326 16325 16325 16323 16326 16326 16328 16328 16326 16325 16327 16323 16322 16322 16325 16328 16328 16324 16324 16322 16327 16324 16326 16321 16329 16327 16322 16324 16325 16328 16326 16326 16323 16326 16328 16325 16329 16330 16329 16325 16331 16325 16326 16327 16327 16326 16327 16326 16327 16324 16330 16331 16328 16321 16326 16327 16326 16326 16329 16327 16329 16328 16325 16326 16331 16327 16326 16326 16325 16325 16329 16327 16326 16323 16327 16325 16326 16325 16325 16325 16326 16327 16322 16325 16327 16324 16322 16325 16337 16331 16327 16326 16326 16328 16328 16326 16326 16328 16330 16328 16329 16327 16326 16325 16326 16327 16328 16326 16326 16328 16325 16325 16327 16326 16324 16330 16329 16331 16327 16326 16323 16326 16324 16326 16328 16326 16326 16328 16326 16324 16327 16327 16328 16327 16329 16326 16331 16326 16327 16325 16325 16328 16326 16323 16326 16325 16329 16328 16326 16326 16327 16322 16327 16325 16327 16328 16323 16325 16326 16324 16326 16329 16324 16322 16326 55 2535 304 13464 
0 16324 16326 16323 16326 16326 16329 16323 16327 16329 16328 16324 16327 16328 16323 16328 16327 16326 16330 16327 16325 16326 16323 16327 16329 16328 16323 16326 16324 16325 16326 16326 16329 16328 16327 16327 16327 16326 16325 16327 16326 16330 16326 16328 16327 16330 16332 16325 16327 16324 16326 16327 16325 16329 16325 16328 16327 16323 16329 16327 16325 16323 16325 16365 16248 10 16272 16366 16291 16350 16307 16345 16312 16335 16319 16326 16321 16328 16325 16328 16322 16328 16323 16328 16326 16327 16326 16327 16329 16330 16325 16327 16328 16324 16329 16327 16321 16323 16328 16324 16320 16326 16330 16325 16325 16329 16325 16326 16321 16323 16326 16325 16328 16325 16326 16328 16322 16325 16324 16326 16325 16324 16328 16327 16327 16328 16327 16327 16329 16324 16325 16326 16329 16328 16328 16331 16328 16327 16327 16326 16329 16329 16328 16325 16329 16326 16326 16326 16327 16327 16325 16326 16326 16327 16326 16332 16327 16325 16321 16329 16328 16326 16325 16325 16327 16327 16325 16326 16326 16326 16323 16325 16325 16326 16326 16331 16327 16326 16327 16325 16329 16329 16327 16329 16324 16327 16330 16324 16331 16326 16326 16328 16325 16330 16329 16327 16326 16327 16326 16329 16329 16327 16325 16325 16325 16324 16329 16326 16330 16330 16325 16328 16327 16328 16323 16327 16325 16328 16327 16323 16323 16324 16326 16326 16322 16329 16328 16324 16327 16328 16324 16326 16330 16324 16330 16325 16323 16326 16327 16325 16325 16329 16326 16325 16327 16324 16319 16329 16322 16325 16324 16326 16320 16324 16329 16328 16328 16325 60 10217 304 13464 
0 16324 16325 16324 16328 16328 16327 16326 16327 16322 16324 16329 16327 16323 16328 16325 16325 16324 16329 16324 16327 16328 16328 16327 16325 16327 16327 16328 16325 16329 16326 16326 16324 16330 16326 16327 16326 16324 16324 16330 16327 16327 16328 16325 16329 16328 16326 16325 16324 16326 16328 16327 16325 16323 16325 16329 16324 16324 16326 16380 16241 14 16279 16365 16298 16346 16313 16339 16315 16328 16317 16324 16319 16326 16327 16322 16321 16328 16322 16327 16324 16322 16324 16325 16328 16323 16326 16325 16325 16325 16325 16325 16325 16327 16329 16326 16325 16326 16326 16326 16327 16326 16321 16324 16327 16322 16326 16326 16327 16324 16323 16325 16324 16327 16329 16324 16329 16325 16325 16328 16328 16324 16330 16328 16328 16326 16328 16326 16329 16325 16326 16327 16328 16314 16326 16323 16327 16327 16329 16328 16323 16326 16327 16324 16325 16326 16325 16322 16327 16325 16327 16324 16328 16325 16325 16324 16326 16326 16321 16326 16327 16322 16327 16320 16324 16323 16329 16328 16327 16327 16329 16328 16328 16326 16328 16326 16327 16326 16327 16330 16328 16328 16323 16330 16322 16325 16325 16326 16326 16327 16325 16326 16326 16329 16328 16324 16325 16325 16327 16325 16323 16323 16330 16327 16326 16326 16324 16326 16323 16325 16324 16328 16327 16325 16328 16323 16323 16324 16327 16323 16326 16329 16329 16325 16326 16325 16327 16327 16328 16325 16327 16326 16327 16325 16323 16323 16328 16324 16326 16326 16325 16327 16325 16322 16323 16322 16327 16328 16325 16328 16327 16324 16327 16327 16327 16327 16322 16328 65 8604 304 13464 
0 16324 16328 16329 16327 16333 16328 16327 16331 16329 16327 16326 16327 16326 16327 16329 16325 16329 16324 16325 16331 16323 16324 16327 16328 16328 16327 16324 16331 16332 16328 16323 16330 16326 16326 16322 16329 16326 16328 16327 16330 16325 16324 16329 16324 16324 16325 16322 16325 16322 16327 16326 16324 16325 16329 16328 16324 16329 16326 16326 16328 16327 16327 16325 16315 16325 16321 16326 16328 16324 16327 16323 16325 16325 16329 16326 16323 16328 16326 16326 16324 16327 16325 16326 16327 16323 16327 16326 16325 16321 16329 16322 16325 16326 16331 16327 16323 16326 16328 16327 16326 16325 16326 16326 16327 16325 16326 16329 16324 16327 16326 16324 16325 16323 16329 16326 16325 16322 16326 16323 16325 16327 16323 16322 16327 16325 16325 16326 16323 16326 16326 16326 16328 16326 16325 16327 16329 16324 16324 16328 16324 16326 16324 16325 16324 16328 16327 16323 16321 16326 16327 16326 16329 16322 16325 16324 16321 16326 16326 16324 16329 16328 16325 16327 16326 16327 16324 16325 16327 16322 16326 16325 16326 16326 16324 16325 16324 16322 16327 16328 16323 16327 16326 16323 16325 16330 16327 16325 16326 16325 16324 16326 16326 16324 16323 16328 16328 16327 16326 16323 16322 16326 16320 16325 16324 16326 16328 16326 16323 16327 16328 16322 16328 16327 16326 16325 16329 16326 16326 16326 16328 16326 16325 16322 16328 16327 16326 16324 16328 16327 16326 16324 16326 16327 16324 16327 16328 16323 16323 16327 16324 16326 16324 16325 16326 16325 16328 16329 16324 16327 16326 16326 16328 16327 16326 16323 16329 16327 70 7136 304 13464 
0 16321 16326 16323 16329 16327 16330 16327 16328 16328 16322 16328 16328 16328 16326 16328 16328 16322 16325 16329 16327 16328 16324 16327 16326 16324 16326 16326 16332 16333 16323 16330 16328 16331 16329 16328 16327 16326 16323 16327 16326 16327 16328 16325 16326 16331 16322 16329 16323 16326 16323 16324 16325 16325 16326 16323 16325 16327 16324 16329 16327 16325 16323 16375 16236 19 16272 16369 16297 16347 16305 16339 16315 16334 16321 16327 16320 16329 16324 16325 16326 16325 16322 16326 16325 16325 16326 16329 16326 16324 16323 16324 16323 16323 16326 16329 16324 16321 16321 16326 16323 16326 16321 16326 16327 16327 16324 16320 16328 16322 16329 16325 16325 16325 16326 16328 16325 16328 16326 16325 16324 16328 16328 16325 16330 16328 16325 16327 16328 16325 16330 16326 16327 16329 16327 16329 16325 16325 16329 16326 16324 16326 16328 16330 16326 16327 16326 16328 16329 16325 16328 16330 16326 16330 16327 16327 16325 16326 16325 16327 16327 16327 16325 16328 16328 16329 16324 16329 16326 16329 16326 16325 16324 16325 16326 16323 16329 16329 16326 16325 16327 16325 16323 16328 16328 16325 16323 16325 16328 16326 16327 16331 16327 16328 16327 16325 16326 16327 16324 16329 16327 16324 16328 16328 16324 16327 16327 16326 16326 16329 16327 16329 16324 16327 16326 16322 16326 16329 16326 16324 16323 16327 16328 16325 16325 16325 16324 16326 16326 16325 16322 16327 16325 16327 16328 16327 16324 16322 16323 16328 16324 16328 16321 16326 16327 16323 16323 16324 16326 16326 16320 16325 16325 16322 16324 16325 16326 16323 75 5369 304 13464 
0 16333 16331 16333 16331 16332 16333 16332 16332 16332 16334 16334 16332 16333 16332 16331 16334 16329 16334 16331 16332 16333 16329 16333 16333 16331 16333 16334 16334 16332 16332 16333 16332 16334 16331 16335 16332 16333 16334 16334 16330 16330 16332 16328 16332 16333 16333 16330 16333 16332 16333 16330 16332 16331 16333 16333 16331 16331 16333 16330 16331 16331 16332 16369 16254 9 16282 16369 16306 16357 16316 16346 16322 16333 16325 16340 16326 16335 16328 16334 16328 16333 16329 16333 16330 16332 16336 16341 16332 16335 16330 16332 16331 16331 16330 16329 16331 16334 16332 16331 16332 16333 16332 16334 16333 16335 16334 16334 16334 16334 16324 16336 16327 16332 16330 16330 16330 16333 16334 16329 16332 16332 16336 16332 16334 16333 16335 16331 16335 16337 16335 16338 16331 16332 16333 16331 16336 16332 16333 16338 16335 16337 16337 16334 16333 16335 16335 16334 16331 16331 16338 16333 16336 16333 16335 16335 16334 16336 16338 16330 16334 16332 16334 16331 16332 16336 16336 16331 16333 16335 16334 16331 16326 16333 16336 16332 16336 16335 16331 16332 16336 16330 16332 16335 16334 16333 16335 16332 16333 16337 16334 16330 16338 16333 16331 16331 16334 16329 16332 16332 16330 16335 16334 16332 16330 16332 16333 16331 16336 16332 16334 16333 16332 16330 16330 16333 16331 16335 16332 16336 16329 16331 16332 16333 16329 16331 16332 16334 16333 16335 16332 16332 16333 16331 16331 16336 16331 16332 16335 16329 16332 16329 16331 16331 16330 16331 16336 16333 16330 16331 16334 16329 16328 16329 16329 16328 16333 16329 80 3262 304 13464 
0 16323 16326 16325 16323 16328 16327 16327 16329 16326 16322 16327 16325 16328 16328 16329 16324 16323 16327 16322 16324 16326 16322 16326 16324 16324 16327 16328 16327 16327 16325 16324 16322 16327 16328 16326 16327 16326 16324 16324 16325 16327 16325 16329 16324 16326 16327 16324 16325 16323 16324 16326 16325 16325 16325 16326 16328 16324 16324 16326 16325 16322 16324 16371 16234 13 16267 16364 16290 16348 16303 16339 16313 16332 16316 16328 16321 16327 16316 16320 16322 16324 16322 16327 16323 16325 16322 16325 16328 16324 16324 16327 16323 16326 16327 16327 16324 16321 16322 16322 16324 16320 16323 16322 16324 16320 16327 16322 16327 16324 16320 16322 16324 16323 16327 16324 16324 16324 16323 16326 16326 16325 16324 16330 16323 16325 16324 16329 16328 16328 16324 16324 16329 16327 16328 16328 16327 16327 16325 16326 16327 16328 16324 16326 16327 16325 16327 16328 16325 16325 16326 16325 16327 16327 16329 16324 16329 16326 16325 16333 16325 16325 16325 16322 16329 16327 16327 16322 16326 16327 16328 16326 16327 16327 16327 16326 16325 16325 16323 16331 16325 16322 16328 16327 16324 16324 16325 16321 16325 16324 16326 16326 16327 16326 16329 16328 16325 16326 16324 16324 16328 16328 16324 16324 16325 16323 16326 16330 16327 16328 16324 16326 16325 16327 16325 16323 16326 16326 16325 16326 16329 16328 16324 16327 16327 16327 16328 16323 16323 16328 16326 16327 16328 16326 16328 16325 16323 16325 16326 16326 16323 16323 16325 16322 16323 16324 16327 16325 16321 16327 16324 16326 16330 16327 16327 16328 16328 16320 85 10454 304 13464 
0 16327 16330 16327 16331 16332 16327 16325 16326 16328 16331 16326 16324 16326 16324 16328 16328 16326 16323 16327 16327 16323 16327 16326 16328 16328 16326 16329 16329 16326 16328 16324 16326 16325 16329 16323 16326 16322 16323 16332 16326 16324 16328 16330 16329 16327 16324 16326 16324 16325 16328 16328 16329 16323 16327 16331 16329 16328 16324 16329 16328 16321 16325 16365 16249 6 16278 16365 16295 16352 16311 16338 16314 16337 16319 16328 16322 16328 16319 16328 16323 16327 16326 16326 16327 16329 16325 16328 16325 16325 16325 16325 16325 16329 16325 16323 16326 16322 16324 16324 16322 16323 16326 16322 16326 16325 16324 16324 16326 16325 16320 16325 16323 16327 16321 16326 16323 16327 16324 16328 16328 16323 16328 16326 16329 16329 16328 16324 16326 16326 16328 16326 16328 16325 16323 16328 16328 16327 16324 16326 16326 16322 16326 16327 16329 16324 16325 16328 16325 16324 16327 16328 16324 16328 16326 16327 16331 16324 16327 16324 16327 16325 16326 16326 16328 16328 16325 16330 16329 16325 16328 16326 16326 16327 16326 16327 16327 16328 16329 16324 16328 16327 16325 16324 16328 16328 16326 16328 16326 16328 16328 16327 16324 16325 16327 16326 16329 16329 16325 16325 16328 16328 16329 16325 16328 16325 16326 16328 16326 16326 16325 16327 16329 16326 16331 16327 16329 16322 16326 16328 16327 16326 16328 16324 16331 16328 16321 16328 16325 16325 16329 16325 16330 16327 16325 16327 16328 16327 16328 16326 16329 16324 16326 16324 16327 16327 16323 16327 16329 16326 16328 16329 16326 16326 16327 16323 16331 16329 90 10798 304 13464 
0 16325 16329 16326 16329 16319 16326 16326 16325 16326 16326 16327 16330 16326 16325 16324 16324 16326 16327 16327 16325 16325 16326 16323 16323 16325 16326 16328 16324 16331 16329 16322 16329 16326 16326 16328 16325 16330 16323 16326 16325 16324 16325 16328 16325 16327 16325 16327 16325 16326 16325 16326 16325 16321 16325 16330 16327 16325 16328 16323 16328 16326 16325 16365 16284 16359 16316 16332 16320 16325 16326 16326 16323 16322 16326 16323 16325 16322 16325 16324 16323 16324 16326 16321 16324 16324 16324 16325 16326 16325 16323 16323 16325 16325 16323 16322 16321 16323 16321 16323 16324 16323 16327 16322 16326 16327 16319 16326 16323 16328 16322 16325 16327 16326 16318 16329 16326 16324 16324 16323 16330 16326 16326 16326 16325 16327 16325 16328 16324 16327 16327 16329 16322 16329 16328 16323 16329 16324 16327 16325 16325 16323 16324 16324 16328 16324 16325 16328 16327 16325 16323 16322 16324 16325 16328 16328 16326 16319 16324 16326 16326 16325 16324 16324 16328 16325 16326 16325 16327 16324 16323 16323 16327 16326 16323 16328 16327 16328 16325 16326 16330 16325 16327 16322 16329 16322 16329 16324 16326 16328 16325 16325 16328 16328 16323 16326 16323 16323 16328 16324 16330 16328 16323 16323 16326 16324 16327 16329 16324 16326 16325 16323 16325 16325 16326 16326 16326 16325 16322 16324 16325 16323 16325 16321 16328 16326 16324 16330 16323 16325 16320 16327 16328 16323 16327 16322 16328 16326 16325 16327 16327 16322 16328 16326 16324 16326 16325 16324 16324 16326 16329 16325 16326 16324 16327 16320 16321 16325 95 11140 304 13464 
0 16329 16324 16326 16327 16326 16326 16323 16323 16326 16325 16324 16325 16322 16323 16325 16325 16326 16325 16324 16325 16324 16325 16323 16320 16327 16330 16323 16326 16325 16322 16326 16326 16326 16327 16326 16326 16325 16323 16329 16325 16323 16322 16325 16325 16323 16323 16324 16323 16324 16324 16324 16322 16329 16322 16323 16321 16325 16323 16321 16326 16326 16324 16369 16248 8 16278 16357 16297 16348 16311 16339 16315 16334 16311 16332 16316 16328 16320 16324 16322 16324 16323 16323 16324 16327 16324 16324 16327 16328 16323 16323 16326 16324 16325 16322 16324 16323 16326 16320 16320 16321 16326 16326 16322 16323 16324 16325 16325 16325 16323 16318 16331 16317 16325 16316 16323 16322 16323 16320 16323 16322 16320 16324 16325 16322 16324 16322 16326 16322 16322 16333 16330 16329 16324 16323 16325 16325 16326 16327 16324 16327 16322 16324 16326 16324 16327 16330 16329 16325 16323 16324 16326 16326 16326 16327 16328 16326 16326 16324 16323 16327 16325 16328 16325 16326 16327 16329 16328 16327 16323 16326 16329 16326 16324 16322 16325 16328 16323 16325 16326 16325 16327 16327 16327 16326 16325 16326 16323 16328 16329 16322 16326 16327 16324 16328 16327 16325 16327 16325 16322 16323 16325 16324 16323 16325 16324 16328 16328 16324 16326 16324 16327 16329 16329 16325 16324 16323 16308 16325 16322 16324 16323 16329 16327 16324 16325 16324 16326 16332 16325 16328 16321 16328 16324 16326 16326 16327 16328 16326 16322 16324 16326 16323 16326 16324 16325 16321 16325 16327 16324 16324 16321 16323 16329 16320 16325 16328 100 12949 304 13464 
0 16324 16331 16330 16329 16333 16329 16332 16329 16331 16332 16329 16330 16329 16329 16327 16331 16328 16333 16330 16331 16333 16332 16330 16333 16331 16328 16331 16328 16333 16331 16329 16331 16329 16329 16332 16333 16330 16334 16329 16332 16333 16331 16333 16335 16330 16325 16330 16332 16331 16330 16333 16327 16328 16332 16332 16327 16329 16332 16328 16331 16328 16330 16364 16280 16380 16308 16347 16317 16340 16323 16338 16326 16329 16330 16328 16328 16329 16331 16326 16330 16330 16332 16334 16329 16330 16329 16329 16332 16329 16328 16329 16328 16335 16332 16327 16331 16325 16330 16333 16330 16330 16328 16333 16331 16327 16336 16330 16334 16331 16329 16324 16335 16327 16328 16331 16331 16329 16328 16329 16333 16331 16331 16329 16333 16332 16332 16336 16337 16331 16335 16328 16332 16337 16333 16332 16335 16331 16332 16334 16331 16332 16329 16330 16333 16332 16328 16336 16333 16332 16330 16334 16334 16330 16333 16331 16330 16334 16332 16329 16332 16330 16332 16333 16330 16332 16332 16331 16333 16332 16326 16330 16331 16330 16331 16333 16330 16332 16330 16328 16330 16331 16333 16341 16331 16333 16331 16331 16330 16333 16329 16329 16336 16328 16333 16330 16331 16328 16331 16335 16333 16334 16331 16333 16329 16333 16332 16328 16333 16328 16333 16332 16332 16331 16330 16329 16332 16331 16331 16332 16331 16331 16334 16330 16331 16333 16334 16334 16333 16330 16333 16332 16331 16331 16331 16328 16335 16331 16333 16333 16333 16331 16334 16331 16331 16330 16332 16332 16334 16329 16334 16334 16331 16334 16332 16331 16330 16334 105 13780 304 13464 
0 16327 16327 16323 16329 16323 16328 16324 16324 16325 16328 16326 16329 16327 16324 16326 16325 16324 16323 16324 16328 16327 16325 16325 16328 16324 16329 16327 16324 16325 16325 16326 16324 16326 16327 16324 16327 16325 16329 16324 16328 16330 16323 16329 16323 16323 16325 16323 16327 16329 16328 16323 16324 16327 16328 16327 16325 16329 16326 16327 16326 16326 16326 16322 16315 16327 16321 16328 16326 16328 16328 16324 16330 16328 16325 16327 16330 16325 16326 16328 16329 16326 16328 16329 16326 16327 16326 16325 16326 16329 16326 16327 16330 16327 16325 16325 16326 16325 16323 16325 16324 16326 16324 16325 16329 16328 16323 16323 16327 16326 16325 16327 16328 16328 16324 16327 16326 16328 16327 16328 16327 16323 16323 16326 16329 16326 16328 16325 16323 16328 16326 16328 16323 16330 16323 16325 16324 16323 16326 16328 16326 16326 16325 16327 16326 16325 16325 16325 16328 16329 16328 16328 16328 16327 16325 16328 16327 16325 16328 16328 16328 16327 16325 16323 16328 16324 16327 16325 16327 16324 16331 16328 16323 16325 16328 16326 16328 16327 16325 16324 16370 16251 6 16285 16361 16303 16345 16309 16332 16316 16332 16322 16326 16319 16328 16324 16323 16328 16328 16322 16325 16326 16327 16325 16325 16324 16327 16327 16328 16324 16322 16322 16327 16328 16324 16328 16322 16325 16328 16323 16327 16326 16325 16322 16328 16326 16323 16323 16327 16320 16325 16321 16325 16321 16328 16323 16327 16329 16328 16322 16329 16323 16326 16325 16326 16323 16326 16327 16331 16332 16326 16328 16328 16331 16326 16331 16324 16325 111 4471 304 13464 
0 16334 16332 16334 16333 16333 16335 16331 16337 16335 16338 16331 16335 16337 16335 16333 16330 16333 16334 16332 16335 16335 16330 16336 16333 16337 16336 16333 16330 16333 16331 16332 16329 16336 16332 16332 16333 16333 16331 16334 16333 16333 16333 16329 16332 16332 16330 16334 16331 16333 16333 16335 16330 16330 16331 16331 16333 16333 16333 16331 16333 16331 16336 16338 16307 16359 16304 16349 16311 16347 16323 16342 16324 16341 16323 16333 16327 16333 16330 16330 16331 16335 16331 16330 16331 16336 16334 16331 16331 16330 16333 16331 16331 16334 16332 16331 16330 16331 16333 16335 16329 16333 16331 16329 16333 16334 16333 16329 16333 16333 16331 16333 16329 16332 16329 16334 16329 16334 16332 16334 16329 16331 16332 16331 16330 16335 16328 16331 16333 16337 16331 16335 16333 16333 16332 16332 16335 16334 16334 16333 16328 16333 16334 16328 16334 16334 16330 16333 16331 16331 16330 16334 16338 16336 16334 16333 16334 16333 16337 16334 16331 16334 16332 16334 16333 16333 16336 16331 16336 16331 16335 16335 16332 16332 16332 16329 16330 16331 16332 16331 16332 16334 16332 16333 16338 16332 16331 16331 16330 16333 16331 16331 16332 16331 16333 16327 16332 16333 16333 16332 16333 16335 16332 16333 16333 16335 16332 16334 16334 16334 16329 16333 16333 16334 16335 16331 16334 16331 16334 16335 16330 16331 16338 16332 16331 16332 16333 16333 16334 16334 16329 16334 16331 16334 16332 16332 16334 16329 16331 16329 16330 16332 16331 16332 16330 16331 16328 16333 16330 16327 16331 16330 16333 16333 16334 16331 16334 16331 116 4439 304 13464 
0 16327 16324 16328 16326 16324 16328 16321 16327 16329 16323 16321 16328 16327 16328 16324 16325 16323 16324 16326 16326 16328 16325 16322 16328 16325 16327 16326 16324 16326 16319 16324 16325 16324 16327 16323 16327 16323 16325 16325 16325 16323 16325 16326 16323 16323 16326 16327 16326 16326 16328 16323 16327 16327 16327 16325 16328 16325 16326 16327 16326 16324 16326 16319 16313 16322 16320 16324 16328 16327 16322 16325 16327 16327 16327 16325 16326 16320 16325 16327 16322 16329 16330 16328 16332 16325 16325 16327 16328 16327 16324 16327 16326 16323 16327 16323 16325 16325 16328 16327 16327 16330 16329 16329 16322 16323 16327 16323 16324 16327 16326 16327 16327 16325 16328 16324 16322 16325 16325 16327 16328 16323 16328 16325 16327 16321 16327 16325 16326 16328 16325 16325 16327 16331 16328 16325 16330 16325 16326 16327 16328 16327 16326 16326 16328 16326 16326 16325 16326 16327 16324 16327 16329 16324 16328 16325 16327 16327 16374 16244 9 16282 16364 16302 16344 16306 16337 16314 16333 16319 16322 16318 16328 16323 16323 16321 16329 16326 16329 16323 16329 16327 16324 16324 16326 16325 16325 16328 16324 16324 16323 16328 16325 16325 16323 16323 16327 16325 16322 16325 16324 16325 16328 16325 16323 16327 16325 16325 16324 16321 16326 16325 16328 16326 16327 16325 16325 16325 16327 16323 16323 16329 16326 16326 16321 16327 16326 16329 16329 16326 16325 16329 16328 16328 16327 16329 16329 16317 16327 16329 16323 16329 16326 16324 16330 16325 16325 16326 16329 16325 16326 16329 16329 16327 16330 16329 16331 16330 121 3210 304 13464 
0 16320 16323 16327 16325 16325 16321 16326 16324 16326 16326 16328 16324 16326 16326 16329 16324 16326 16323 16324 16329 16328 16326 16326 16327 16323 16327 16323 16326 16326 16323 16323 16323 16324 16325 16325 16323 16328 16321 16333 16324 16327 16326 16325 16325 16325 16325 16322 16325 16325 16324 16322 16326 16326 16322 16328 16325 16324 16327 16328 16328 16327 16325 16323 16311 16319 16322 16324 16328 16323 16325 16327 16323 16328 16327 16327 16324 16326 16325 16326 16324 16325 16327 16325 16324 16327 16327 16329 16328 16327 16331 16325 16328 16320 16324 16326 16327 16325 16325 16326 16331 16328 16326 16325 16324 16325 16325 16322 16327 16327 16324 16326 16326 16327 16322 16325 16322 16327 16325 16325 16328 16324 16329 16324 16326 16324 16326 16324 16327 16359 16248 11 16270 16365 16291 16352 16305 16340 16311 16334 16314 16331 16320 16329 16320 16322 16320 16328 16320 16328 16325 16326 16322 16327 16323 16323 16325 16326 16326 16325 16324 16323 16322 16324 16326 16326 16323 16328 16326 16321 16325 16325 16325 16316 16327 16322 16324 16324 16319 16326 16326 16322 16326 16325 16321 16328 16325 16326 16326 16326 16326 16329 16327 16326 16325 16332 16328 16326 16326 16329 16330 16328 16323 16328 16324 16327 16327 16328 16324 16330 16325 16327 16325 16326 16324 16323 16326 16329 16327 16328 16327 16329 16326 16324 16326 16323 16327 16324 16325 16324 16324 16328 16327 16322 16327 16326 16324 16324 16326 16324 16328 16326 16322 16328 16331 16329 16329 16325 16326 16325 16327 16326 16323 16326 16324 16326 16328 16322 126 2111 304 13464 
0 16329 16325 16324 16326 16327 16327 16325 16326 16325 16325 16324 16327 16325 16322 16324 16324 16324 16353 16256 16381 16275 16364 16295 16345 16307 16340 16315 16333 16314 16327 16322 16328 16320 16321 16323 16322 16320 16326 16325 16327 16325 16323 16323 16325 16325 16322 16324 16323 16325 16325 16327 16322 16326 16323 16325 16325 16325 16322 16324 16324 16322 16323 16325 16313 16331 16318 16327 16321 16321 16318 16327 16322 16326 16323 16325 16325 16325 16329 16325 16329 16325 16324 16328 16326 16329 16329 16327 16325 16326 16325 16328 16325 16323 16327 16324 16320 16326 16325 16323 16323 16325 16332 16333 16324 16325 16327 16329 16323 16326 16327 16325 16326 16325 16321 16327 16329 16326 16328 16324 16327 16331 16323 16326 16325 16329 16324 16326 16326 16325 16324 16321 16324 16327 16325 16327 16331 16326 16324 16324 16325 16328 16328 16330 16326 16328 16326 16325 16329 16327 16321 16325 16328 16325 16322 16326 16322 16326 16322 16327 16323 16324 16329 16326 16326 16326 16326 16325 16326 16325 16323 16327 16326 16331 16325 16325 16325 16326 16328 16325 16325 16328 16328 16327 16328 16329 16328 16323 16324 16324 16325 16326 16326 16325 16323 16325 16324 16323 16328 16322 16322 16326 16325 16327 16328 16328 16326 16324 16323 16327 16323 16324 16326 16325 16320 16324 16325 16324 16327 16326 16325 16327 16324 16327 16324 16323 16322 16320 16325 16326 16325 16326 16324 16325 16321 16326 16324 16326 16327 16324 16320 16330 16324 16325 16327 16324 16325 16327 16327 16329 16327 16326 16329 16323 16321 16327 16323 16322 131 3541 304 13464 
0 16332 16329 16330 16331 16334 16329 16331 16331 16325 16332 16333 16332 16331 16335 16339 16336 16332 16334 16332 16335 16333 16331 16331 16329 16331 16328 16338 16335 16331 16333 16333 16333 16336 16333 16332 16330 16332 16328 16330 16332 16330 16332 16333 16331 16334 16334 16332 16331 16333 16332 16333 16334 16334 16336 16332 16333 16331 16335 16335 16334 16336 16333 16354 16258 8 16276 16372 16300 16356 16310 16349 16318 16343 16323 16339 16326 16336 16323 16326 16327 16334 16333 16328 16327 16335 16333 16331 16330 16331 16336 16335 16327 16332 16332 16331 16328 16328 16332 16330 16329 16334 16332 16329 16329 16325 16335 16330 16327 16331 16328 16332 16332 16330 16329 16330 16332 16331 16335 16333 16329 16329 16333 16333 16331 16330 16331 16336 16337 16333 16327 16336 16333 16334 16334 16331 16333 16335 16330 16331 16331 16333 16333 16334 16333 16332 16332 16330 16331 16328 16332 16330 16331 16332 16335 16332 16330 16333 16333 16335 16332 16330 16333 16334 16330 16330 16333 16327 16331 16333 16329 16333 16329 16334 16332 16335 16330 16333 16331 16332 16331 16335 16333 16334 16331 16332 16332 16332 16332 16331 16330 16335 16334 16335 16334 16335 16329 16332 16332 16330 16331 16335 16337 16332 16331 16334 16331 16334 16333 16334 16332 16335 16335 16334 16333 16333 16333 16331 16328 16334 16333 16328 16332 16334 16331 16330 16333 16329 16335 16334 16334 16332 16328 16328 16333 16328 16332 16330 16330 16331 16333 16331 16332 16327 16333 16332 16329 16330 16329 16331 16332 16338 16335 16333 16329 16333 16331 16331 137 3607 304 13464 
0 16322 16327 16324 16321 16322 16325 16326 16328 16322 16327 16327 16323 16327 16325 16326 16324 16325 16325 16325 16328 16327 16327 16327 16326 16328 16326 16321 16325 16326 16327 16325 16328 16322 16323 16321 16324 16325 16325 16329 16321 16323 16325 16325 16326 16325 16324 16323 16324 16327 16322 16324 16325 16327 16324 16325 16325 16327 16321 16326 16326 16326 16324 16360 16293 16335 16334 16317 16331 16317 16329 16319 16329 16316 16327 16317 16323 16319 16323 16325 16323 16322 16328 16321 16325 16322 16325 16325 16324 16323 16322 16322 16323 16321 16324 16324 16325 16323 16320 16323 16324 16327 16321 16324 16326 16322 16324 16321 16322 16327 16324 16323 16321 16323 16326 16322 16326 16328 16324 16327 16324 16324 16321 16322 16327 16326 16323 16324 16323 16324 16327 16326 16327 16325 16328 16326 16323 16323 16326 16326 16324 16324 16329 16326 16324 16324 16325 16327 16325 16324 16326 16324 16324 16327 16325 16328 16326 16324 16328 16323 16324 16325 16327 16326 16326 16320 16328 16329 16322 16324 16323 16327 16324 16324 16324 16325 16325 16326 16324 16326 16326 16329 16327 16324 16324 16322 16324 16326 16320 16327 16324 16326 16320 16325 16328 16326 16322 16325 16325 16324 16329 16325 16320 16327 16328 16324 16327 16329 16327 16324 16323 16324 16328 16325 16326 16324 16323 16327 16322 16327 16322 16326 16323 16325 16326 16327 16326 16328 16329 16320 16325 16323 16326 16327 16325 16323 16326 16324 16321 16327 16328 16323 16327 16323 16327 16323 16324 16326 16319 16321 16324 16325 16327 16327 16343 16334 16328 16329 142 6881 304 13464 
0 16329 16323 16325 16327 16320 16328 16323 16327 16328 16327 16322 16323 16323 16327 16324 16324 16325 16323 16325 16325 16325 16327 16325 16323 16324 16322 16327 16325 16328 16327 16326 16326 16324 16329 16325 16322 16320 16329 16325 16328 16321 16327 16322 16324 16326 16324 16327 16327 16325 16328 16324 16326 16327 16323 16327 16326 16322 16325 16327 16327 16322 16325 16381 16238 10 16283 16359 16301 16343 16313 16333 16313 16328 16317 16325 16320 16329 16322 16325 16321 16327 16319 16325 16324 16325 16322 16322 16326 16326 16324 16324 16327 16327 16322 16324 16327 16320 16324 16328 16323 16322 16325 16321 16324 16326 16322 16322 16324 16323 16322 16327 16319 16322 16323 16326 16323 16323 16325 16326 16328 16326 16329 16324 16329 16329 16324 16325 16327 16323 16326 16326 16329 16330 16323 16326 16327 16325 16329 16327 16324 16323 16324 16325 16324 16328 16325 16327 16326 16328 16326 16329 16327 16326 16325 16324 16324 16327 16325 16327 16328 16329 16325 16329 16327 16324 16324 16326 16326 16327 16326 16325 16324 16329 16327 16324 16327 16327 16327 16323 16326 16323 16325 16324 16324 16329 16326 16324 16323 16328 16327 16325 16327 16324 16324 16323 16325 16323 16329 16322 16326 16327 16325 16327 16324 16322 16325 16328 16327 16324 16326 16324 16321 16326 16322 16329 16327 16326 16327 16327 16328 16324 16325 16327 16327 16323 16327 16322 16324 16324 16323 16325 16327 16325 16325 16323 16312 16316 16326 16323 16328 16325 16328 16326 16324 16325 16324 16324 16324 16325 16325 16320 16327 16325 16328 16327 16321 16330 147 6242 304 13464 
0 16324 16324 16328 16325 16324 16322 16324 16327 16330 16324 16325 16325 16325 16323 16328 16327 16324 16324 16326 16328 16322 16323 16325 16323 16326 16324 16324 16323 16326 16329 16329 16324 16324 16327 16325 16325 16325 16327 16328 16324 16327 16329 16327 16323 16329 16324 16327 16327 16323 16322 16327 16325 16325 16329 16328 16327 16324 16327 16328 16330 16326 16323 16364 16294 16335 16335 16316 16335 16314 16332 16318 16328 16318 16323 16323 16324 16324 16323 16323 16325 16322 16326 16327 16326 16323 16327 16324 16322 16326 16326 16323 16325 16327 16323 16321 16323 16320 16325 16322 16321 16319 16320 16325 16324 16323 16323 16323 16327 16324 16326 16325 16327 16323 16328 16328 16325 16324 16327 16326 16326 16326 16325 16327 16327 16324 16326 16330 16326 16326 16329 16329 16326 16328 16322 16325 16326 16327 16326 16329 16323 16325 16326 16327 16332 16326 16326 16323 16328 16329 16325 16328 16327 16321 16328 16326 16324 16329 16327 16327 16325 16329 16330 16327 16328 16325 16324 16326 16326 16327 16329 16327 16326 16321 16326 16327 16328 16326 16326 16329 16324 16329 16323 16325 16325 16331 16327 16322 16326 16326 16328 16329 16326 16324 16326 16329 16327 16326 16323 16325 16326 16327 16323 16323 16325 16328 16323 16324 16324 16327 16324 16325 16330 16323 16328 16325 16326 16323 16326 16325 16326 16327 16321 16326 16328 16327 16325 16333 16323 16327 16327 16324 16328 16325 16325 16324 16324 16325 16326 16325 16325 16324 16323 16326 16328 16325 16325 16325 16326 16323 16326 16328 16323 16327 16322 16325 16327 16326 152 5604 304 13464 
0 16332 16335 16328 16332 16331 16331 16331 16330 16332 16328 16329 16329 16333 16327 16333 16331 16331 16332 16331 16332 16331 16331 16333 16331 16333 16330 16333 16330 16334 16331 16328 16331 16332 16329 16329 16334 16333 16330 16332 16333 16331 16328 16330 16333 16330 16331 16329 16331 16333 16332 16331 16331 16333 16329 16334 16336 16332 16327 16328 16329 16332 16328 16372 16237 24 16272 16370 16299 16355 16309 16344 16318 16338 16322 16331 16325 16337 16323 16333 16329 16331 16327 16335 16329 16332 16330 16331 16328 16332 16332 16333 16330 16329 16330 16332 16331 16329 16332 16329 16333 16332 16328 16333 16329 16332 16330 16330 16332 16331 16329 16328 16329 16330 16331 16332 16332 16331 16335 16329 16330 16333 16329 16333 16331 16329 16333 16329 16332 16333 16330 16334 16333 16330 16332 16329 16331 16332 16333 16335 16333 16329 16333 16334 16332 16335 16332 16333 16332 16333 16334 16332 16331 16333 16333 16335 16332 16330 16331 16335 16332 16331 16331 16336 16332 16329 16335 16332 16328 16333 16331 16331 16332 16333 16333 16334 16332 16330 16329 16331 16332 16333 16331 16330 16336 16335 16329 16330 16331 16332 16331 16329 16334 16334 16332 16332 16333 16330 16331 16333 16338 16331 16333 16335 16331 16335 16332 16331 16333 16334 16336 16329 16333 16332 16330 16333 16330 16331 16333 16334 16332 16331 16331 16335 16331 16335 16335 16332 16334 16333 16332 16331 16334 16335 16333 16337 16332 16331 16332 16334 16334 16333 16332 16334 16334 16334 16333 16333 16331 16337 16329 16336 16333 16334 16332 16332 16331 16334 157 4469 304 13464 
0 16323 16334 16329 16333 16331 16333 16335 16334 16335 16333 16332 16338 16330 16333 16333 16331 16331 16333 16336 16332 16330 16332 16333 16336 16333 16332 16330 16331 16328 16328 16330 16331 16333 16329 16331 16333 16332 16332 16335 16333 16332 16333 16335 16333 16334 16333 16334 16333 16334 16332 16332 16331 16332 16331 16328 16333 16330 16331 16334 16333 16335 16332 16376 16269 10 16300 16353 16312 16344 16323 16339 16328 16332 16330 16333 16326 16331 16324 16331 16331 16331 16332 16329 16334 16329 16331 16330 16331 16333 16330 16334 16332 16330 16336 16331 16330 16330 16333 16334 16332 16331 16331 16332 16331 16328 16336 16335 16334 16334 16326 16339 16325 16333 16329 16329 16333 16333 16333 16332 16328 16328 16332 16336 16331 16334 16332 16333 16333 16337 16334 16335 16336 16332 16332 16333 16334 16331 16335 16335 16332 16333 16335 16333 16332 16334 16330 16332 16332 16338 16335 16332 16336 16335 16334 16334 16333 16334 16329 16334 16332 16336 16330 16329 16332 16334 16329 16336 16333 16332 16331 16331 16329 16331 16333 16328 16329 16333 16335 16332 16334 16331 16330 16334 16332 16332 16331 16331 16330 16331 16333 16332 16336 16329 16328 16330 16334 16331 16331 16332 16332 16333 16332 16331 16331 16333 16333 16333 16328 16333 16327 16330 16332 16329 16332 16333 16330 16333 16326 16334 16334 16330 16331 16329 16331 16333 16333 16327 16336 16335 16329 16331 16335 16334 16332 16329 16333 16331 16329 16332 16331 16332 16330 16334 16331 16330 16330 16329 16333 16334 16333 16331 16335 16332 16333 16336 16330 16331 163 1151 304 13464 
0 16325 16326 16323 16327 16328 16323 16326 16326 16327 16322 16326 16326 16324 16325 16328 16321 16327 16372 16268 16367 16307 16342 16315 16330 16315 16327 16320 16326 16323 16323 16324 16323 16319 16323 16321 16323 16324 16322 16324 16327 16321 16323 16328 16323 16326 16325 16324 16326 16327 16320 16326 16320 16327 16324 16326 16328 16327 16324 16321 16322 16327 16324 16327 16311 16329 16320 16323 16322 16325 16322 16326 16324 16327 16323 16323 16324 16327 16326 16329 16323 16323 16327 16328 16326 16326 16327 16327 16327 16330 16325 16326 16325 16324 16326 16328 16322 16327 16324 16325 16326 16324 16326 16325 16325 16326 16324 16324 16325 16328 16327 16325 16327 16323 16323 16330 16325 16327 16322 16325 16324 16326 16325 16326 16327 16325 16323 16329 16327 16326 16328 16326 16324 16327 16328 16325 16326 16325 16330 16325 16324 16320 16327 16324 16326 16324 16323 16325 16321 16325 16322 16327 16323 16324 16328 16324 16324 16327 16324 16326 16326 16323 16325 16325 16327 16324 16329 16327 16326 16326 16328 16328 16329 16327 16323 16327 16327 16323 16324 16327 16327 16333 16334 16324 16329 16325 16323 16328 16328 16327 16327 16323 16322 16322 16324 16324 16326 16326 16327 16323 16325 16323 16321 16325 16323 16327 16328 16323 16328 16328 16327 16327 16325 16326 16325 16325 16323 16327 16327 16328 16325 16324 16325 16326 16324 16329 16327 16325 16323 16325 16324 16325 16329 16324 16326 16324 16327 16327 16325 16327 16328 16324 16326 16326 16322 16329 16326 16328 16325 16329 16327 16327 16327 16326 16325 16323 16328 16327 168 1039 304 13464 
0 16324 16326 16323 16325 16323 16323 16326 16326 16325 16324 16326 16331 16323 16324 16327 16327 16327 16326 16326 16326 16327 16323 16328 16324 16325 16328 16327 16324 16327 16325 16327 16327 16329 16323 16325 16327 16327 16325 16327 16326 16323 16327 16323 16328 16327 16323 16324 16326 16325 16324 16324 16326 16326 16323 16324 16324 16327 16325 16322 16326 16325 16320 16372 16242 12 16280 16365 16296 16346 16309 16335 16313 16332 16321 16327 16319 16328 16324 16325 16322 16321 16324 16322 16322 16331 16325 16326 16324 16325 16325 16324 16325 16326 16323 16328 16323 16325 16329 16325 16323 16323 16325 16323 16324 16322 16329 16322 16326 16323 16318 16331 16322 16319 16324 16323 16325 16325 16322 16320 16326 16328 16322 16326 16323 16329 16328 16323 16330 16326 16323 16327 16325 16326 16330 16326 16325 16331 16327 16328 16327 16328 16325 16327 16325 16326 16327 16322 16325 16327 16329 16329 16326 16326 16327 16324 16326 16329 16327 16328 16327 16326 16327 16327 16325 16325 16326 16325 16326 16325 16325 16327 16325 16326 16327 16328 16325 16326 16328 16328 16327 16327 16329 16327 16329 16327 16329 16326 16330 16324 16329 16329 16329 16329 16322 16326 16323 16323 16324 16326 16326 16325 16326 16326 16326 16326 16325 16330 16326 16326 16326 16327 16326 16325 16326 16326 16327 16324 16327 16327 16327 16326 16327 16325 16326 16327 16324 16323 16326 16328 16327 16326 16324 16328 16326 16328 16322 16326 16325 16326 16327 16329 16325 16325 16323 16327 16328 16323 16328 16330 16329 16327 16326 16326 16323 16326 16328 16326 172 16249 304 13464 
0 16327 16329 16324 16326 16322 16326 16328 16324 16325 16326 16322 16330 16327 16321 16332 16326 16325 16326 16328 16320 16330 16325 16327 16323 16327 16326 16328 16323 16323 16327 16326 16325 16325 16325 16331 16327 16325 16323 16327 16329 16323 16326 16330 16326 16324 16324 16326 16326 16323 16326 16325 16326 16325 16325 16324 16324 16326 16320 16325 16325 16325 16325 16363 16284 16353 16314 16330 16323 16325 16324 16326 16328 16317 16324 16321 16325 16323 16325 16321 16325 16321 16323 16320 16325 16323 16325 16319 16322 16326 16326 16323 16326 16322 16325 16325 16327 16327 16324 16327 16325 16325 16325 16325 16323 16328 16328 16325 16317 16325 16324 16324 16325 16324 16325 16329 16321 16325 16321 16325 16325 16324 16322 16322 16321 16322 16327 16327 16324 16326 16327 16327 16328 16328 16329 16326 16328 16325 16326 16327 16325 16328 16327 16323 16326 16324 16329 16324 16326 16325 16326 16325 16325 16331 16329 16326 16322 16324 16325 16327 16331 16326 16320 16324 16322 16325 16323 16327 16323 16328 16324 16328 16323 16324 16324 16326 16326 16326 16324 16329 16326 16326 16325 16327 16326 16323 16322 16325 16325 16325 16323 16323 16326 16324 16327 16326 16328 16329 16329 16325 16326 16330 16325 16327 16324 16325 16328 16328 16329 16325 16328 16328 16326 16326 16328 16327 16325 16327 16325 16324 16330 16326 16325 16326 16328 16325 16327 16329 16326 16327 16326 16325 16328 16328 16324 16325 16328 16328 16325 16327 16328 16323 16324 16326 16326 16323 16325 16327 16325 16326 16325 16328 16325 16328 16327 16327 16324 16324 178 1673 304 13464 
0 16329 16330 16330 16327 16330 16329 16331 16328 16332 16329 16330 16331 16331 16331 16328 16331 16325 16330 16333 16332 16329 16327 16330 16329 16330 16332 16330 16326 16331 16328 16331 16332 16330 16332 16331 16328 16331 16326 16327 16331 16328 16333 16331 16328 16327 16326 16326 16331 16328 16328 16333 16326 16329 16331 16327 16330 16328 16327 16329 16330 16328 16330 16372 16265 3 16297 16350 16312 16340 16319 16334 16323 16333 16324 16328 16324 16326 16322 16327 16327 16327 16328 16328 16328 16328 16330 16329 16329 16327 16331 16327 16329 16332 16327 16326 16325 16329 16329 16327 16327 16326 16331 16327 16331 16326 16332 16327 16331 16329 16323 16327 16329 16324 16329 16323 16328 16326 16328 16326 16329 16332 16328 16329 16329 16334 16329 16331 16331 16332 16331 16328 16331 16332 16334 16331 16333 16330 16331 16327 16328 16331 16333 16327 16329 16332 16332 16329 16325 16332 16331 16329 16327 16332 16333 16333 16332 16328 16331 16330 16333 16330 16334 16335 16329 16329 16330 16327 16330 16331 16332 16328 16333 16328 16334 16329 16329 16331 16332 16332 16332 16325 16331 16329 16328 16329 16331 16329 16332 16328 16329 16329 16328 16332 16329 16331 16328 16327 16333 16331 16329 16327 16327 16326 16331 16326 16329 16328 16330 16329 16329 16329 16329 16327 16331 16331 16330 16333 16327 16330 16332 16324 16330 16327 16329 16331 16327 16331 16328 16329 16328 16328 16326 16331 16328 16327 16331 16328 16329 16328 16327 16327 16326 16326 16329 16328 16331 16332 16328 16328 16329 16327 16333 16327 16329 16327 16328 16329 183 2011 304 13464 
0 16331 16332 16333 16328 16336 16331 16333 16336 16331 16330 16331 16332 16335 16332 16335 16336 16330 16336 16331 16332 16335 16333 16337 16336 16335 16333 16331 16335 16332 16329 16336 16328 16333 16334 16339 16332 16337 16334 16335 16330 16333 16332 16334 16332 16331 16331 16339 16333 16335 16331 16330 16333 16334 16333 16334 16330 16335 16334 16330 16331 16333 16343 16332 16307 16360 16306 16355 16312 16348 16318 16338 16318 16339 16325 16336 16327 16336 16329 16327 16323 16331 16329 16329 16333 16332 16337 16335 16331 16333 16329 16332 16331 16332 16330 16330 16329 16331 16333 16329 16333 16335 16331 16331 16334 16332 16332 16331 16327 16330 16338 16327 16331 16332 16335 16331 16329 16333 16330 16333 16331 16334 16331 16331 16333 16334 16333 16331 16336 16334 16333 16335 16333 16332 16333 16332 16336 16332 16333 16331 16333 16333 16336 16333 16334 16332 16334 16332 16336 16333 16332 16332 16335 16339 16334 16334 16329 16332 16335 16339 16336 16340 16330 16334 16332 16335 16333 16331 16333 16333 16333 16333 16334 16335 16333 16335 16332 16334 16335 16338 16331 16332 16333 16335 16329 16333 16336 16335 16331 16335 16332 16333 16337 16339 16330 16335 16334 16334 16331 16335 16332 16333 16334 16333 16333 16335 16337 16335 16333 16332 16333 16336 16333 16333 16333 16332 16331 16334 16331 16333 16333 16335 16332 16338 16332 16333 16336 16331 16333 16336 16332 16332 16333 16330 16329 16332 16330 16331 16333 16331 16333 16332 16332 16332 16330 16332 16332 16327 16336 16332 16332 16336 16331 16338 16330 16336 16329 16331 188 12631 304 13464 
0 16326 16323 16323 16321 16325 16327 16326 16325 16326 16323 16323 16323 16324 16329 16328 16328 16327 16329 16327 16325 16328 16328 16327 16329 16326 16324 16325 16327 16325 16325 16322 16324 16327 16323 16327 16326 16326 16321 16324 16320 16321 16325 16325 16321 16330 16324 16327 16324 16323 16322 16323 16323 16323 16323 16325 16328 16322 16323 16324 16326 16325 16320 16378 16238 13 16275 16365 16293 16347 16310 16339 16313 16328 16314 16324 16317 16326 16323 16322 16321 16328 16321 16323 16321 16328 16322 16325 16323 16328 16326 16320 16327 16326 16326 16324 16324 16326 16321 16324 16323 16325 16324 16327 16325 16323 16313 16325 16327 16323 16324 16327 16324 16325 16325 16324 16323 16327 16325 16327 16322 16324 16328 16322 16331 16326 16328 16324 16326 16321 16327 16327 16324 16330 16324 16324 16324 16323 16327 16325 16323 16327 16329 16325 16328 16324 16329 16327 16326 16325 16326 16326 16328 16322 16324 16326 16324 16326 16324 16328 16324 16327 16325 16322 16325 16325 16326 16325 16322 16325 16324 16326 16326 16325 16326 16325 16323 16321 16327 16326 16325 16327 16325 16323 16323 16329 16325 16318 16325 16331 16324 16328 16328 16324 16326 16329 16323 16326 16326 16326 16328 16328 16324 16323 16326 16324 16328 16326 16327 16325 16325 16324 16330 16324 16327 16327 16323 16326 16326 16329 16327 16328 16326 16320 16324 16325 16322 16327 16328 16323 16323 16328 16325 16322 16328 16324 16326 16325 16327 16324 16327 16326 16326 16326 16327 16321 16323 16321 16329 16324 16325 16325 16326 16324 16322 16328 16326 16323 193 13454 304 13464 
0 16325 16325 16326 16325 16325 16326 16327 16325 16327 16325 16324 16324 16325 16324 16327 16328 16322 16326 16326 16326 16325 16322 16329 16323 16327 16323 16325 16326 16326 16328 16323 16323 16328 16323 16326 16328 16323 16332 16323 16329 16325 16329 16329 16325 16326 16328 16325 16329 16324 16326 16325 16323 16327 16326 16329 16329 16326 16327 16325 16321 16327 16332 16329 16283 16370 16286 16360 16302 16348 16308 16334 16318 16333 16316 16330 16319 16326 16321 16327 16326 16325 16324 16327 16328 16327 16326 16321 16324 16326 16328 16328 16325 16328 16322 16324 16325 16322 16322 16320 16329 16325 16326 16325 16328 16324 16318 16331 16323 16329 16325 16321 16325 16328 16319 16327 16327 16326 16326 16327 16326 16329 16326 16330 16330 16329 16329 16329 16329 16331 16324 16330 16325 16328 16327 16328 16327 16328 16326 16327 16326 16327 16324 16327 16327 16327 16324 16322 16326 16325 16325 16326 16326 16327 16331 16332 16331 16329 16327 16328 16319 16322 16326 16329 16328 16329 16325 16331 16328 16328 16325 16327 16327 16324 16327 16329 16324 16323 16328 16324 16327 16330 16325 16326 16328 16329 16327 16324 16323 16325 16327 16327 16328 16327 16326 16327 16328 16325 16328 16327 16322 16326 16325 16326 16329 16327 16328 16329 16327 16325 16326 16326 16329 16326 16329 16325 16331 16330 16329 16327 16329 16325 16325 16327 16327 16327 16326 16324 16326 16325 16327 16328 16323 16325 16324 16328 16325 16326 16326 16327 16325 16325 16327 16327 16326 16327 16322 16326 16324 16324 16326 16325 16326 16325 16327 16323 16328 16323 198 13305 304 13464 
0 16323 16324 16324 16327 16322 16325 16327 16324 16323 16323 16323 16324 16327 16327 16325 16324 16325 16323 16327 16325 16329 16327 16326 16325 16326 16322 16326 16323 16323 16324 16326 16327 16327 16327 16327 16324 16322 16323 16328 16328 16326 16325 16324 16328 16327 16326 16323 16324 16327 16320 16327 16326 16325 16327 16324 16327 16325 16327 16328 16322 16325 16323 16371 16245 8 16282 16362 16301 16344 16313 16336 16315 16332 16318 16329 16321 16325 16321 16323 16325 16325 16321 16327 16326 16326 16321 16324 16327 16325 16328 16320 16325 16326 16324 16325 16323 16321 16324 16321 16326 16324 16327 16325 16322 16322 16324 16325 16326 16323 16316 16330 16317 16328 16320 16321 16326 16327 16319 16325 16326 16325 16324 16328 16325 16327 16328 16324 16327 16329 16326 16326 16327 16326 16326 16328 16328 16325 16326 16324 16326 16326 16322 16328 16324 16326 16325 16325 16324 16328 16326 16324 16324 16326 16328 16327 16330 16327 16328 16326 16327 16326 16329 16327 16324 16326 16324 16326 16325 16324 16326 16322 16326 16328 16325 16322 16329 16324 16325 16325 16313 16309 16324 16318 16326 16324 16327 16326 16327 16322 16328 16329 16324 16326 16324 16329 16327 16330 16326 16327 16326 16327 16326 16325 16326 16326 16326 16324 16324 16326 16324 16326 16328 16328 16330 16326 16321 16327 16329 16327 16326 16325 16326 16327 16326 16326 16326 16328 16327 16329 16329 16327 16330 16327 16327 16329 16322 16327 16329 16325 16325 16329 16327 16330 16326 16325 16327 16325 16326 16325 16326 16329 16327 16326 16325 16328 16325 16325 203 11683 304 13464 
0 16335 16330 16328 16335 16333 16333 16331 16328 16331 16333 16335 16331 16332 16332 16330 16333 16331 16335 16330 16329 16334 16331 16332 16333 16332 16332 16329 16332 16336 16333 16331 16331 16332 16331 16333 16332 16330 16332 16330 16332 16336 16333 16332 16328 16334 16336 16331 16331 16336 16329 16331 16335 16333 16330 16331 16329 16333 16331 16331 16335 16333 16333 16373 16257 11 16280 16372 16300 16358 16315 16344 16322 16339 16326 16335 16329 16338 16325 16332 16331 16333 16330 16335 16333 16332 16333 16331 16331 16333 16334 16332 16331 16330 16335 16331 16333 16331 16330 16332 16335 16332 16333 16331 16330 16334 16333 16332 16331 16325 16332 16328 16336 16332 16329 16330 16337 16332 16331 16332 16331 16330 16329 16333 16336 16335 16333 16329 16333 16329 16338 16330 16333 16333 16335 16333 16338 16330 16334 16334 16332 16330 16335 16330 16335 16331 16333 16332 16331 16334 16333 16331 16330 16335 16333 16334 16336 16333 16332 16333 16336 16330 16334 16330 16331 16330 16333 16332 16333 16333 16331 16332 16331 16334 16330 16333 16329 16329 16329 16331 16333 16329 16333 16329 16336 16334 16331 16335 16328 16336 16331 16333 16335 16330 16335 16335 16333 16332 16334 16334 16334 16334 16333 16332 16335 16337 16338 16333 16333 16332 16333 16336 16331 16333 16333 16331 16337 16331 16334 16334 16332 16327 16326 16339 16336 16338 16336 16335 16334 16335 16329 16334 16335 16331 16337 16335 16337 16337 16334 16331 16336 16329 16337 16330 16330 16333 16333 16337 16333 16334 16335 16331 16329 16333 16329 16333 16334 16332 208 9570 304 13464 
0 16329 16332 16326 16327 16333 16329 16329 16328 16327 16327 16327 16327 16333 16329 16329 16331 16328 16329 16330 16330 16329 16333 16323 16329 16329 16329 16333 16331 16331 16328 16328 16327 16328 16328 16330 16328 16329 16326 16327 16330 16330 16332 16334 16326 16329 16328 16332 16328 16326 16327 16328 16328 16331 16325 16328 16327 16330 16326 16325 16333 16330 16323 16358 16263 16377 16284 16365 16300 16346 16309 16337 16314 16337 16319 16333 16325 16328 16324 16329 16325 16329 16325 16327 16326 16329 16323 16327 16327 16325 16326 16328 16324 16327 16328 16324 16325 16325 16323 16326 16327 16331 16326 16330 16328 16323 16327 16330 16324 16327 16325 16325 16324 16330 16322 16328 16322 16332 16325 16327 16327 16325 16324 16326 16327 16330 16331 16331 16328 16329 16327 16328 16329 16328 16329 16327 16329 16329 16327 16329 16329 16331 16324 16330 16329 16328 16330 16327 16331 16331 16329 16331 16330 16329 16328 16332 16327 16328 16328 16330 16331 16331 16328 16332 16331 16327 16327 16330 16325 16330 16323 16329 16331 16326 16327 16329 16329 16330 16327 16332 16325 16329 16329 16326 16326 16328 16327 16328 16325 16328 16329 16327 16329 16327 16331 16329 16329 16327 16332 16324 16328 16323 16328 16329 16327 16329 16328 16326 16330 16330 16329 16329 16327 16329 16327 16329 16326 16328 16325 16323 16330 16324 16330 16327 16325 16332 16329 16327 16327 16326 16327 16332 16328 16323 16329 16333 16335 16327 16328 16328 16324 16325 16326 16326 16330 16327 16324 16328 16329 16327 16329 16327 16327 16327 16325 16329 16327 16329 214 7719 304 13464 
0 16325 16324 16324 16327 16323 16321 16328 16328 16325 16324 16327 16324 16323 16321 16326 16322 16323 16323 16325 16328 16327 16323 16328 16323 16328 16326 16324 16320 16323 16324 16324 16325 16325 16323 16321 16326 16325 16323 16324 16321 16322 16324 16325 16324 16325 16325 16330 16326 16325 16326 16324 16323 16325 16324 16321 16324 16327 16324 16322 16323 16325 16323 16365 16255 5 16277 16362 16297 16348 16304 16336 16315 16330 16317 16328 16319 16328 16321 16326 16320 16328 16322 16324 16324 16322 16322 16323 16323 16327 16326 16325 16325 16321 16313 16312 16321 16321 16322 16322 16323 16322 16327 16328 16327 16329 16327 16323 16327 16323 16324 16321 16323 16316 16324 16323 16323 16322 16325 16327 16323 16328 16321 16325 16322 16325 16326 16326 16325 16322 16328 16321 16323 16332 16325 16325 16327 16328 16324 16327 16325 16324 16326 16324 16324 16323 16325 16323 16321 16324 16323 16323 16327 16322 16325 16322 16326 16329 16327 16326 16324 16324 16329 16324 16324 16325 16325 16327 16322 16322 16325 16323 16322 16325 16326 16324 16324 16322 16324 16327 16327 16324 16325 16327 16323 16322 16324 16327 16323 16328 16324 16321 16326 16326 16326 16322 16324 16322 16323 16321 16324 16322 16326 16327 16328 16327 16328 16326 16326 16323 16323 16327 16327 16325 16320 16324 16325 16324 16325 16327 16323 16324 16324 16327 16326 16321 16324 16324 16325 16323 16328 16322 16326 16324 16321 16329 16323 16327 16323 16326 16324 16325 16327 16323 16326 16328 16326 16326 16324 16323 16324 16326 16322 16325 16320 16327 16324 16328 219 8055 304 13464 
0 16327 16325 16322 16325 16321 16325 16324 16323 16323 16326 16327 16328 16327 16325 16326 16325 16325 16321 16324 16326 16325 16322 16324 16328 16324 16325 16327 16326 16323 16323 16323 16323 16320 16328 16325 16326 16328 16322 16325 16328 16324 16323 16324 16326 16324 16326 16320 16325 16324 16327 16322 16323 16324 16328 16323 16324 16326 16320 16326 16323 16324 16328 16337 16287 16359 16294 16350 16298 16345 16308 16336 16316 16333 16322 16327 16324 16328 16322 16331 16315 16324 16325 16323 16319 16325 16327 16326 16323 16324 16326 16328 16323 16326 16321 16326 16328 16327 16322 16321 16326 16320 16324 16327 16328 16327 16326 16323 16325 16328 16313 16332 16318 16325 16324 16319 16326 16323 16324 16330 16320 16320 16324 16325 16326 16329 16326 16323 16329 16329 16320 16326 16328 16328 16331 16327 16323 16331 16327 16326 16326 16327 16329 16328 16329 16326 16328 16323 16326 16325 16324 16327 16328 16324 16327 16325 16330 16328 16326 16328 16324 16325 16325 16321 16325 16325 16322 16327 16325 16323 16325 16325 16327 16325 16325 16325 16327 16327 16328 16327 16324 16326 16323 16327 16326 16326 16328 16326 16328 16325 16324 16323 16321 16327 16325 16325 16326 16324 16323 16325 16326 16320 16326 16322 16328 16326 16325 16326 16327 16327 16325 16327 16327 16325 16325 16323 16327 16329 16322 16328 16324 16330 16330 16328 16328 16328 16329 16327 16326 16324 16327 16329 16326 16324 16327 16325 16327 16324 16324 16328 16325 16323 16327 16321 16327 16330 16327 16326 16324 16321 16324 16324 16324 16327 16329 16326 16321 16324 224 7410 304 13464 
0 16331 16326 16332 16329 16328 16329 16335 16328 16329 16328 16330 16328 16331 16330 16327 16331 16324 16327 16329 16328 16329 16327 16328 16330 16328 16333 16331 16328 16332 16326 16330 16333 16326 16330 16331 16333 16331 16328 16326 16332 16330 16332 16330 16330 16331 16330 16327 16326 16330 16331 16328 16328 16327 16329 16332 16333 16330 16326 16326 16329 16328 16326 16354 16300 16355 16326 16333 16328 16323 16329 16325 16336 16327 16328 16325 16326 16330 16330 16328 16330 16328 16327 16324 16331 16327 16327 16328 16326 16329 16330 16327 16330 16334 16332 16330 16331 16333 16328 16332 16332 16332 16331 16328 16332 16330 16331 16329 16330 16330 16330 16328 16329 16329 16329 16330 16327 16333 16331 16330 16332 16333 16330 16329 16333 16331 16333 16335 16334 16332 16334 16331 16331 16333 16333 16332 16334 16332 16330 16333 16334 16329 16331 16329 16333 16331 16330 16332 16328 16330 16332 16328 16335 16330 16334 16335 16329 16331 16334 16329 16330 16331 16332 16331 16331 16332 16333 16333 16331 16331 16328 16331 16328 16330 16332 16329 16332 16327 16329 16331 16329 16333 16331 16332 16326 16331 16331 16330 16331 16333 16327 16331 16331 16333 16331 16329 16330 16329 16330 16330 16336 16329 16334 16330 16332 16334 16330 16332 16330 16333 16332 16331 16334 16331 16332 16334 16332 16331 16329 16331 16334 16333 16333 16333 16328 16328 16333 16332 16332 16333 16332 16328 16332 16331 16333 16332 16334 16332 16331 16331 16328 16331 16328 16333 16333 16334 16334 16328 16330 16331 16333 16328 16330 16333 16331 16332 16329 16331 229 6278 304 13464 
0 16326 16327 16327 16326 16328 16324 16324 16330 16326 16325 16324 16324 16323 16328 16350 16262 16380 16276 16363 16290 16348 16308 16336 16316 16334 16312 16326 16319 16335 16322 16326 16328 16330 16324 16324 16323 16326 16326 16330 16322 16326 16320 16323 16323 16324 16328 16326 16324 16323 16323 16326 16327 16325 16327 16325 16323 16326 16322 16322 16318 16332 16323 16328 16315 16326 16321 16328 16325 16327 16325 16327 16324 16325 16322 16326 16327 16329 16323 16328 16329 16329 16327 16330 16330 16326 16328 16326 16329 16327 16328 16327 16323 16327 16327 16324 16326 16327 16325 16327 16325 16328 16328 16323 16322 16323 16325 16323 16326 16326 16325 16326 16328 16327 16327 16326 16326 16327 16325 16329 16321 16323 16326 16326 16326 16326 16327 16322 16326 16330 16327 16324 16325 16328 16327 16328 16330 16327 16325 16325 16324 16330 16328 16328 16323 16324 16326 16320 16328 16326 16327 16325 16323 16327 16322 16332 16324 16325 16328 16326 16326 16327 16328 16328 16328 16322 16328 16327 16323 16327 16325 16324 16324 16326 16327 16324 16323 16327 16324 16326 16327 16328 16326 16326 16325 16328 16328 16324 16320 16328 16323 16324 16321 16327 16324 16327 16324 16323 16324 16325 16323 16327 16328 16325 16325 16331 16327 16323 16322 16324 16323 16327 16323 16324 16323 16324 16321 16328 16327 16325 16326 16321 16328 16324 16323 16322 16322 16322 16327 16324 16327 16328 16323 16323 16322 16331 16326 16324 16326 16324 16326 16322 16326 16328 16328 16324 16328 16326 16326 16326 16325 16323 16324 16323 16326 16323 16326 16323 234 6175 304 13464 
0 16328 16330 16331 16326 16331 16326 16326 16329 16325 16328 16327 16324 16329 16328 16328 16329 16327 16326 16325 16324 16329 16329 16330 16327 16330 16330 16327 16328 16328 16330 16325 16329 16327 16326 16332 16325 16330 16328 16329 16329 16327 16331 16325 16325 16328 16326 16329 16331 16328 16330 16330 16325 16329 16328 16328 16324 16327 16328 16329 16325 16327 16332 16347 16261 16382 16279 16362 16294 16349 16307 16343 16317 16335 16317 16330 16319 16330 16323 16326 16319 16328 16326 16326 16325 16329 16326 16326 16323 16327 16326 16326 16322 16327 16325 16328 16323 16326 16328 16324 16325 16327 16328 16323 16324 16328 16326 16323 16328 16320 16330 16322 16328 16320 16329 16326 16323 16329 16329 16327 16327 16325 16328 16326 16327 16333 16325 16328 16329 16329 16328 16329 16330 16326 16327 16324 16328 16325 16327 16326 16328 16324 16325 16328 16326 16323 16326 16328 16326 16327 16327 16327 16327 16329 16325 16327 16329 16329 16326 16331 16327 16325 16325 16330 16327 16329 16328 16327 16325 16325 16328 16324 16325 16328 16328 16329 16327 16331 16327 16330 16328 16327 16326 16327 16327 16326 16328 16330 16322 16324 16326 16329 16327 16327 16325 16325 16323 16328 16328 16326 16328 16323 16328 16332 16330 16328 16327 16329 16331 16325 16329 16325 16324 16328 16326 16326 16330 16328 16328 16325 16327 16327 16323 16326 16323 16322 16327 16327 16330 16329 16326 16327 16325 16328 16330 16328 16327 16327 16324 16328 16329 16320 16326 16326 16326 16324 16326 16326 16326 16324 16329 16328 16326 16330 16326 16325 16323 16324 240 363 304 13464 
0 16322 16323 16329 16326 16323 16325 16327 16322 16325 16325 16326 16326 16327 16329 16325 16328 16323 16325 16323 16328 16323 16327 16327 16327 16322 16327 16325 16329 16327 16324 16325 16326 16324 16324 16326 16324 16326 16326 16324 16324 16322 16326 16326 16321 16320 16326 16327 16327 16325 16327 16322 16324 16326 16328 16330 16321 16324 16326 16323 16324 16324 16324 16359 16293 16332 16337 16319 16335 16315 16329 16316 16332 16319 16328 16322 16320 16320 16329 16321 16322 16322 16327 16320 16327 16323 16326 16323 16327 16322 16323 16324 16326 16326 16327 16322 16322 16325 16322 16325 16322 16322 16322 16328 16323 16328 16324 16326 16319 16324 16324 16322 16323 16322 16327 16325 16329 16324 16328 16324 16325 16323 16323 16326 16329 16327 16326 16327 16325 16327 16328 16328 16325 16328 16327 16324 16325 16327 16326 16325 16328 16326 16327 16328 16326 16327 16326 16327 16326 16323 16327 16324 16331 16327 16323 16324 16330 16328 16321 16328 16324 16327 16327 16328 16326 16329 16323 16330 16329 16325 16332 16325 16329 16325 16328 16328 16323 16325 16326 16325 16327 16325 16326 16327 16327 16325 16327 16326 16321 16328 16326 16326 16328 16324 16323 16330 16326 16325 16326 16330 16330 16325 16327 16325 16326 16324 16325 16327 16323 16325 16322 16326 16327 16327 16323 16326 16324 16323 16329 16327 16325 16324 16329 16321 16331 16320 16321 16322 16327 16324 16325 16327 16328 16323 16330 16327 16325 16325 16325 16324 16321 16323 16328 16320 16330 16326 16325 16328 16325 16323 16327 16325 16325 16323 16324 16325 16323 16325 245 206 304 13464 
0 16324 16326 16328 16324 16326 16325 16326 16323 16323 16325 16328 16323 16329 16326 16326 16324 16324 16328 16324 16326 16328 16324 16324 16328 16328 16325 16323 16326 16324 16329 16322 16327 16327 16327 16323 16327 16324 16326 16323 16328 16326 16326 16325 16326 16323 16326 16330 16328 16322 16324 16325 16329 16325 16324 16326 16324 16325 16328 16324 16323 16323 16326 16351 16251 8 16268 16366 16289 16346 16301 16337 16310 16332 16316 16335 16315 16325 16322 16323 16323 16327 16321 16323 16325 16326 16322 16326 16322 16321 16328 16328 16321 16324 16325 16323 16322 16323 16325 16324 16323 16325 16321 16322 16321 16328 16322 16326 16322 16325 16320 16322 16327 16325 16326 16326 16326 16326 16329 16324 16324 16324 16325 16326 16327 16324 16324 16325 16323 16324 16326 16324 16328 16327 16328 16331 16330 16324 16326 16324 16324 16328 16326 16328 16323 16327 16328 16326 16326 16325 16327 16322 16323 16328 16323 16328 16330 16325 16328 16326 16328 16326 16326 16322 16327 16323 16327 16328 16331 16327 16325 16326 16327 16326 16328 16327 16326 16329 16325 16324 16328 16324 16327 16329 16327 16323 16328 16327 16328 16327 16329 16327 16326 16323 16328 16325 16327 16327 16328 16328 16329 16326 16326 16327 16326 16326 16323 16324 16326 16326 16326 16327 16327 16327 16326 16325 16326 16327 16326 16326 16325 16326 16325 16322 16326 16324 16324 16324 16324 16325 16324 16326 16324 16323 16324 16324 16325 16322 16327 16326 16324 16326 16325 16325 16324 16322 16325 16329 16324 16325 16323 16322 16325 16327 16323 16325 16325 16326 249 15464 304 13464 
0 16326 16325 16324 16330 16330 16326 16329 16324 16327 16325 16328 16325 16326 16327 16321 16328 16327 16325 16326 16329 16326 16323 16328 16330 16326 16327 16325 16328 16326 16328 16329 16327 16330 16326 16329 16331 16326 16330 16324 16329 16329 16329 16329 16331 16329 16326 16327 16329 16329 16328 16327 16328 16329 16329 16328 16328 16329 16334 16326 16332 16331 16328 16374 16289 16347 16330 16329 16334 16320 16332 16321 16331 16323 16331 16324 16327 16324 16331 16328 16330 16325 16329 16328 16329 16330 16328 16327 16325 16326 16332 16323 16329 16331 16325 16328 16327 16328 16329 16326 16325 16331 16325 16329 16330 16328 16326 16326 16329 16321 16328 16325 16329 16329 16324 16330 16328 16329 16328 16328 16333 16332 16331 16328 16331 16325 16327 16327 16330 16327 16328 16326 16329 16328 16330 16328 16329 16329 16333 16327 16332 16330 16329 16330 16329 16332 16331 16328 16328 16327 16328 16329 16330 16325 16328 16330 16327 16330 16327 16326 16326 16329 16328 16330 16330 16326 16327 16327 16329 16332 16331 16328 16326 16329 16329 16330 16327 16334 16331 16332 16331 16329 16328 16324 16330 16326 16331 16331 16329 16331 16330 16328 16330 16327 16330 16328 16335 16327 16330 16329 16329 16328 16335 16329 16333 16330 16334 16330 16329 16332 16326 16331 16329 16330 16330 16327 16332 16330 16329 16333 16332 16327 16331 16327 16332 16328 16334 16333 16332 16327 16329 16329 16329 16328 16335 16333 16331 16326 16329 16329 16331 16333 16328 16332 16327 16332 16331 16331 16332 16329 16329 16329 16332 16331 16331 16329 16331 16327 254 13844 304 13464 
0 16331 16332 16328 16331 16332 16332 16330 16329 16332 16326 16327 16330 16329 16331 16331 16330 16331 16331 16327 16330 16331 16332 16329 16327 16329 16333 16328 16332 16334 16331 16329 16330 16332 16330 16332 16326 16327 16329 16331 16326 16328 16330 16327 16327 16328 16330 16327 16333 16331 16328 16333 16325 16332 16328 16331 16332 16330 16336 16333 16327 16329 16336 16344 16269 0 16281 16368 16300 16355 16315 16346 16319 16337 16326 16332 16323 16333 16326 16331 16322 16326 16329 16326 16330 16329 16325 16329 16329 16326 16330 16334 16332 16329 16329 16332 16328 16330 16330 16330 16329 16328 16331 16329 16330 16324 16330 16328 16328 16331 16326 16331 16327 16331 16328 16330 16325 16328 16328 16327 16331 16331 16330 16330 16331 16332 16329 16333 16328 16330 16333 16331 16330 16328 16331 16330 16330 16330 16333 16331 16329 16331 16330 16331 16329 16332 16333 16332 16333 16336 16330 16333 16330 16333 16331 16333 16330 16330 16326 16328 16333 16327 16333 16333 16330 16327 16331 16331 16333 16330 16332 16333 16330 16330 16331 16326 16333 16333 16332 16332 16331 16331 16331 16329 16327 16331 16333 16335 16332 16331 16330 16329 16331 16326 16332 16334 16332 16333 16331 16333 16330 16332 16328 16332 16333 16331 16332 16334 16330 16331 16329 16334 16331 16333 16335 16329 16329 16332 16331 16333 16330 16327 16333 16331 16331 16328 16326 16334 16331 16330 16332 16326 16333 16334 16334 16332 16332 16327 16330 16330 16332 16329 16333 16330 16331 16332 16327 16331 16331 16333 16332 16330 16331 16331 16331 16328 16327 16326 259 11250 304 13464 
0 16326 16326 16324 16326 16325 16325 16325 16324 16328 16325 16325 16322 16325 16328 16321 16322 16321 16324 16326 16323 16324 16328 16330 16331 16320 16325 16324 16326 16325 16327 16327 16326 16321 16325 16325 16326 16332 16324 16326 16324 16324 16323 16323 16326 16323 16326 16324 16323 16322 16323 16325 16320 16323 16326 16324 16326 16325 16326 16328 16326 16322 16326 16356 16298 16346 16321 16327 16324 16322 16325 16317 16325 16320 16327 16318 16322 16321 16326 16320 16324 16324 16324 16327 16324 16326 16326 16323 16323 16323 16322 16324 16325 16322 16324 16323 16322 16327 16320 16327 16323 16323 16323 16322 16325 16323 16325 16320 16323 16321 16330 16320 16327 16318 16327 16323 16329 16320 16325 16323 16328 16327 16321 16326 16324 16328 16330 16324 16325 16327 16326 16323 16328 16327 16326 16324 16327 16324 16325 16324 16324 16325 16322 16324 16328 16323 16324 16323 16323 16330 16323 16327 16322 16326 16326 16325 16325 16328 16327 16327 16327 16327 16327 16326 16324 16325 16323 16324 16327 16327 16331 16322 16324 16326 16328 16325 16322 16328 16325 16326 16326 16327 16328 16326 16329 16324 16324 16325 16324 16330 16329 16323 16324 16327 16326 16326 16323 16324 16323 16325 16321 16325 16323 16322 16324 16324 16325 16326 16323 16322 16327 16329 16329 16323 16327 16328 16322 16327 16327 16326 16325 16324 16328 16323 16322 16328 16323 16323 16326 16324 16322 16327 16326 16322 16326 16326 16326 16325 16328 16323 16321 16327 16324 16319 16327 16325 16322 16323 16323 16325 16326 16321 16322 16322 16324 16325 16326 16322 265 15766 304 13464 
0 16332 16326 16331 16333 16333 16331 16333 16330 16329 16335 16329 16333 16331 16332 16333 16333 16333 16333 16331 16331 16332 16335 16330 16333 16331 16331 16327 16331 16330 16331 16332 16333 16331 16329 16328 16330 16334 16330 16329 16332 16327 16329 16333 16328 16332 16330 16330 16332 16328 16332 16329 16332 16332 16331 16329 16330 16329 16331 16329 16330 16331 16340 16332 16316 16351 16312 16346 16316 16342 16322 16339 16323 16336 16324 16335 16325 16332 16325 16334 16328 16331 16331 16333 16335 16334 16332 16330 16330 16330 16331 16332 16330 16330 16327 16332 16328 16328 16328 16327 16331 16326 16331 16329 16330 16328 16328 16330 16327 16329 16322 16335 16332 16327 16329 16326 16330 16326 16326 16328 16329 16328 16331 16330 16335 16332 16329 16330 16332 16333 16334 16327 16332 16328 16332 16330 16332 16332 16330 16332 16327 16330 16330 16332 16332 16331 16331 16332 16332 16331 16333 16333 16334 16333 16330 16329 16333 16336 16329 16331 16335 16333 16331 16333 16331 16331 16332 16333 16329 16330 16333 16334 16332 16331 16333 16329 16333 16332 16338 16332 16334 16333 16332 16331 16330 16332 16333 16334 16333 16333 16331 16332 16336 16328 16333 16336 16331 16329 16326 16329 16334 16330 16333 16331 16333 16334 16329 16332 16337 16333 16331 16331 16331 16329 16334 16329 16329 16329 16334 16332 16337 16331 16334 16330 16332 16331 16332 16333 16332 16336 16329 16330 16334 16333 16331 16331 16329 16334 16332 16332 16331 16332 16331 16330 16330 16330 16335 16331 16329 16329 16332 16330 16330 16330 16334 16331 16330 16325 270 15618 304 13464 
0 16325 16323 16326 16321 16327 16327 16325 16327 16321 16326 16325 16325 16325 16329 16326 16327 16323 16327 16327 16324 16324 16326 16323 16321 16322 16327 16326 16324 16323 16327 16323 16325 16328 16327 16326 16329 16326 16326 16326 16325 16325 16320 16330 16323 16322 16330 16330 16324 16325 16323 16325 16323 16328 16325 16326 16323 16326 16324 16329 16328 16321 16326 16368 16253 3 16281 16362 16301 16343 16307 16338 16316 16332 16319 16331 16317 16326 16324 16323 16325 16325 16324 16326 16320 16325 16328 16327 16324 16323 16326 16326 16324 16327 16326 16324 16327 16325 16326 16327 16328 16328 16325 16325 16329 16320 16324 16324 16320 16321 16324 16324 16322 16325 16326 16324 16325 16319 16328 16324 16319 16325 16320 16326 16327 16326 16325 16325 16326 16326 16327 16326 16327 16328 16325 16326 16328 16327 16327 16329 16325 16324 16324 16326 16323 16328 16327 16325 16326 16328 16323 16327 16329 16324 16329 16328 16328 16327 16327 16325 16323 16323 16333 16328 16327 16332 16323 16326 16324 16322 16325 16323 16329 16323 16325 16328 16325 16326 16323 16326 16326 16329 16326 16327 16328 16328 16330 16325 16324 16329 16325 16327 16322 16329 16327 16327 16327 16323 16323 16324 16328 16326 16325 16327 16327 16329 16327 16327 16330 16324 16323 16328 16328 16327 16323 16326 16327 16326 16329 16324 16323 16324 16327 16323 16322 16328 16326 16323 16322 16327 16325 16326 16324 16329 16323 16324 16328 16326 16324 16323 16326 16324 16325 16326 16322 16330 16322 16323 16323 16325 16325 16329 16326 16324 16325 16325 16328 16328 275 14977 304 13464 
0 16324 16327 16325 16326 16324 16323 16327 16320 16326 16326 16327 16325 16326 16329 16321 16325 16324 16325 16326 16326 16324 16324 16323 16326 16323 16324 16325 16325 16322 16324 16325 16323 16326 16327 16324 16327 16323 16325 16324 16323 16326 16324 16327 16325 16323 16325 16326 16326 16329 16320 16326 16324 16324 16323 16326 16323 16325 16324 16324 16325 16325 16325 16362 16270 16372 16301 16341 16309 16330 16317 16326 16320 16324 16324 16323 16321 16321 16322 16323 16325 16324 16322 16322 16325 16320 16325 16328 16327 16324 16327 16323 16324 16325 16322 16327 16323 16322 16323 16325 16323 16322 16322 16323 16324 16325 16329 16328 16324 16326 16319 16329 16322 16325 16327 16322 16322 16327 16318 16327 16325 16326 16324 16323 16328 16326 16328 16328 16324 16326 16327 16326 16325 16324 16326 16328 16329 16329 16327 16324 16322 16327 16326 16326 16329 16324 16325 16329 16328 16326 16329 16328 16327 16328 16326 16326 16326 16324 16323 16325 16327 16326 16330 16321 16316 16320 16323 16324 16327 16329 16330 16325 16322 16327 16324 16326 16323 16325 16328 16323 16328 16327 16324 16325 16332 16328 16331 16330 16327 16327 16325 16329 16322 16329 16322 16330 16325 16326 16330 16325 16325 16326 16325 16324 16331 16326 16326 16326 16324 16327 16323 16324 16325 16325 16326 16329 16326 16326 16328 16323 16323 16327 16327 16325 16326 16323 16327 16326 16329 16326 16326 16328 16327 16326 16328 16325 16327 16328 16329 16325 16326 16325 16324 16324 16326 16326 16325 16326 16321 16326 16324 16325 16328 16326 16327 16325 16325 16324 280 13351 304 13464 
0 16326 16324 16324 16327 16325 16329 16327 16327 16323 16328 16327 16326 16328 16327 16325 16327 16320 16325 16328 16327 16326 16324 16332 16327 16328 16322 16319 16326 16328 16321 16323 16327 16321 16325 16323 16322 16326 16326 16327 16326 16324 16330 16325 16325 16329 16326 16326 16327 16324 16328 16326 16325 16329 16326 16325 16323 16328 16321 16323 16325 16327 16324 16346 16304 16330 16327 16321 16331 16318 16334 16319 16330 16320 16326 16320 16326 16321 16325 16326 16323 16327 16324 16320 16331 16326 16324 16324 16321 16322 16323 16324 16324 16323 16323 16324 16325 16327 16321 16328 16323 16322 16324 16326 16321 16328 16320 16329 16323 16324 16325 16322 16327 16320 16326 16318 16326 16320 16324 16328 16326 16325 16326 16327 16326 16326 16323 16325 16328 16327 16323 16331 16326 16325 16326 16327 16322 16326 16323 16327 16329 16325 16326 16328 16325 16325 16327 16325 16324 16326 16325 16327 16326 16327 16326 16328 16326 16327 16326 16328 16328 16329 16325 16323 16331 16329 16325 16326 16321 16323 16323 16328 16324 16326 16330 16328 16329 16327 16329 16326 16328 16325 16326 16325 16327 16327 16325 16324 16328 16327 16325 16325 16323 16329 16323 16327 16324 16327 16324 16325 16325 16326 16327 16324 16337 16336 16326 16328 16325 16324 16326 16327 16324 16325 16327 16326 16327 16323 16324 16326 16324 16327 16326 16324 16326 16328 16328 16326 16324 16326 16324 16323 16319 16326 16327 16324 16328 16327 16324 16324 16326 16324 16324 16326 16327 16327 16329 16329 16327 16327 16324 16326 16326 16327 16325 16323 16325 16327 285 11239 304 13464 
0 16327 16327 16330 16323 16325 16327 16331 16328 16328 16326 16327 16329 16327 16329 16326 16327 16323 16319 16327 16318 16327 16327 16330 16327 16327 16327 16329 16328 16327 16327 16327 16329 16328 16328 16324 16328 16327 16326 16324 16324 16327 16325 16325 16325 16327 16330 16326 16328 16330 16324 16325 16329 16329 16327 16324 16327 16329 16327 16326 16326 16326 16322 16383 16240 14 16280 16365 16301 16343 16309 16337 16316 16334 16320 16330 16319 16326 16321 16324 16321 16328 16324 16326 16322 16327 16325 16324 16327 16326 16327 16323 16325 16320 16324 16327 16329 16325 16327 16322 16326 16326 16323 16329 16326 16322 16318 16330 16323 16328 16327 16325 16324 16327 16326 16328 16325 16325 16325 16328 16328 16330 16326 16323 16332 16327 16331 16327 16326 16326 16329 16325 16328 16331 16327 16330 16326 16329 16323 16328 16329 16325 16331 16324 16328 16326 16325 16329 16328 16328 16326 16329 16329 16327 16329 16326 16327 16326 16326 16325 16328 16326 16325 16327 16327 16327 16329 16327 16325 16327 16327 16328 16327 16330 16327 16332 16325 16325 16329 16329 16329 16329 16328 16329 16326 16325 16325 16327 16329 16324 16328 16326 16327 16327 16326 16326 16325 16326 16333 16325 16323 16327 16328 16326 16325 16328 16324 16329 16327 16328 16324 16328 16325 16328 16329 16329 16326 16325 16330 16327 16328 16329 16326 16328 16327 16326 16327 16321 16328 16326 16325 16327 16328 16328 16328 16329 16328 16325 16327 16324 16326 16326 16328 16325 16328 16325 16326 16328 16325 16324 16325 16322 16327 16327 16327 16327 16324 16328 292 359 304 13464 
0 16329 16323 16328 16328 16326 16324 16328 16324 16325 16326 16327 16321 16327 16324 16325 16327 16323 16322 16325 16327 16325 16326 16325 16327 16327 16322 16322 16328 16327 16322 16326 16325 16328 16324 16327 16327 16324 16322 16326 16325 16327 16323 16322 16324 16325 16326 16323 16328 16323 16323 16323 16325 16324 16324 16324 16320 16323 16323 16327 16323 16328 16322 16379 16248 5 16287 16358 16303 16341 16313 16332 16318 16332 16316 16323 16322 16326 16325 16326 16321 16324 16322 16320 16324 16326 16330 16324 16326 16322 16322 16324 16324 16321 16328 16323 16328 16322 16324 16319 16321 16323 16322 16323 16324 16323 16321 16323 16327 16319 16325 16316 16327 16322 16326 16320 16323 16321 16324 16325 16326 16325 16325 16324 16321 16325 16324 16325 16328 16329 16327 16328 16327 16327 16324 16323 16326 16323 16320 16324 16322 16323 16319 16327 16323 16323 16327 16325 16327 16326 16324 16326 16323 16327 16323 16326 16327 16325 16329 16325 16326 16325 16328 16323 16330 16324 16325 16324 16323 16322 16323 16324 16328 16325 16324 16325 16323 16326 16327 16324 16327 16323 16325 16326 16324 16324 16326 16324 16324 16324 16326 16322 16326 16324 16323 16324 16323 16326 16323 16320 16326 16327 16327 16324 16327 16323 16327 16324 16325 16325 16330 16327 16322 16325 16324 16325 16327 16326 16325 16324 16325 16323 16324 16320 16325 16323 16324 16328 16322 16331 16326 16320 16325 16323 16326 16324 16324 16322 16320 16325 16321 16323 16319 16326 16323 16323 16323 16322 16326 16323 16326 16322 16325 16323 16323 16322 16325 16326 297 3146 304 13464 
0 16321 16328 16323 16326 16326 16326 16329 16326 16325 16323 16326 16325 16322 16323 16322 16327 16323 16326 16326 16327 16326 16326 16327 16320 16323 16329 16328 16326 16326 16324 16324 16331 16326 16323 16327 16326 16327 16326 16326 16328 16326 16330 16323 16327 16324 16327 16321 16327 16323 16326 16322 16328 16326 16326 16328 16321 16325 16328 16322 16326 16323 16330 16320 16316 16320 16327 16324 16326 16326 16328 16325 16326 16322 16323 16324 16325 16323 16329 16327 16326 16323 16331 16324 16327 16323 16325 16325 16329 16325 16327 16322 16326 16325 16326 16325 16327 16322 16324 16326 16326 16326 16325 16327 16330 16326 16323 16325 16326 16326 16326 16322 16320 16324 16328 16324 16323 16322 16327 16325 16324 16323 16326 16327 16325 16322 16325 16324 16322 16326 16326 16323 16328 16324 16324 16325 16327 16325 16324 16328 16324 16324 16328 16325 16328 16324 16322 16322 16326 16326 16326 16326 16324 16322 16323 16325 16327 16322 16329 16326 16326 16322 16324 16327 16326 16325 16326 16324 16326 16323 16325 16326 16327 16320 16322 16323 16328 16320 16326 16325 16329 16326 16328 16327 16326 16326 16328 16322 16322 16324 16326 16323 16324 16329 16327 16327 16325 16329 16328 16326 16324 16327 16323 16323 16327 16327 16326 16326 16323 16326 16328 16324 16328 16325 16325 16324 16326 16324 16329 16328 16327 16324 16328 16323 16320 16324 16325 16327 16323 16327 16326 16325 16325 16325 16325 16326 16324 16324 16323 16326 16328 16324 16326 16323 16329 16324 16324 16330 16328 16325 16324 16325 16326 16321 16323 16322 16325 16327 302 3268 304 13464 
0 16328 16332 16334 16332 16331 16331 16331 16328 16327 16331 16330 16328 16329 16329 16329 16327 16333 16327 16328 16328 16331 16330 16334 16332 16332 16332 16330 16331 16334 16326 16332 16335 16326 16330 16332 16328 16331 16328 16330 16331 16327 16331 16331 16329 16330 16332 16332 16329 16329 16332 16333 16331 16330 16328 16334 16329 16329 16328 16331 16332 16333 16328 16352 16272 16375 16286 16359 16298 16347 16315 16347 16318 16337 16321 16334 16325 16334 16325 16332 16327 16333 16329 16333 16326 16332 16326 16330 16331 16330 16332 16329 16329 16328 16332 16329 16329 16329 16330 16328 16331 16328 16334 16327 16334 16329 16329 16329 16328 16326 16325 16337 16322 16333 16324 16332 16330 16336 16327 16330 16327 16331 16329 16327 16332 16330 16331 16329 16330 16330 16332 16331 16332 16334 16335 16335 16335 16333 16330 16329 16333 16333 16333 16329 16330 16329 16330 16333 16335 16336 16332 16331 16327 16331 16328 16330 16332 16329 16327 16331 16332 16334 16331 16334 16333 16329 16331 16335 16332 16332 16332 16333 16325 16333 16331 16329 16333 16335 16329 16330 16330 16327 16328 16331 16329 16329 16330 16333 16329 16333 16328 16331 16330 16326 16329 16331 16331 16332 16328 16327 16331 16330 16329 16331 16329 16332 16331 16332 16331 16332 16328 16333 16332 16331 16333 16331 16328 16328 16334 16328 16329 16330 16328 16329 16330 16333 16329 16332 16327 16330 16325 16326 16330 16328 16332 16328 16328 16328 16329 16331 16327 16330 16330 16329 16329 16333 16328 16328 16328 16331 16330 16332 16333 16330 16330 16331 16329 16331 2 4367 304 14609 
0 16329 16331 16329 16328 16326 16329 16327 16324 16329 16330 16330 16327 16332 16333 16327 16330 16332 16327 16330 16327 16329 16327 16327 16328 16326 16327 16327 16325 16331 16325 16329 16330 16327 16329 16327 16324 16328 16329 16329 16331 16331 16326 16329 16327 16329 16330 16332 16327 16331 16330 16328 16331 16332 16326 16329 16326 16328 16327 16326 16327 16324 16331 16352 16311 16327 16339 16314 16338 16316 16337 16319 16335 16321 16330 16327 16327 16325 16332 16326 16326 16322 16326 16327 16328 16325 16327 16330 16329 16328 16329 16327 16329 16330 16326 16328 16330 16324 16330 16324 16328 16325 16327 16324 16325 16333 16328 16329 16327 16320 16333 16317 16328 16326 16326 16326 16332 16328 16327 16325 16326 16332 16330 16328 16327 16331 16329 16327 16332 16331 16329 16329 16329 16330 16328 16330 16329 16330 16334 16327 16333 16328 16329 16330 16331 16327 16328 16327 16331 16329 16328 16328 16327 16330 16326 16329 16329 16330 16329 16328 16328 16326 16327 16331 16329 16329 16330 16330 16330 16324 16329 16326 16329 16329 16328 16325 16327 16326 16329 16329 16326 16327 16329 16328 16331 16331 16328 16326 16328 16329 16329 16329 16330 16327 16328 16327 16325 16327 16325 16325 16328 16327 16329 16327 16327 16326 16329 16329 16330 16329 16325 16327 16325 16328 16333 16327 16325 16329 16326 16325 16327 16329 16330 16328 16326 16329 16323 16328 16327 16331 16327 16326 16328 16327 16326 16323 16328 16324 16329 16324 16327 16327 16329 16325 16324 16324 16328 16329 16326 16328 16330 16325 16328 16325 16331 16323 16330 16327 7 2742 304 14609 
0 16328 16324 16320 16322 16326 16323 16327 16327 16329 16326 16327 16323 16326 16324 16324 16325 16325 16327 16327 16323 16321 16328 16327 16326 16327 16325 16325 16328 16323 16323 16325 16323 16325 16326 16325 16326 16323 16328 16323 16327 16323 16325 16321 16326 16325 16324 16319 16325 16329 16323 16326 16325 16326 16326 16324 16328 16323 16322 16326 16328 16325 16326 16367 16262 2 16294 16349 16306 16339 16316 16336 16321 16326 16322 16327 16321 16329 16320 16323 16327 16323 16325 16326 16325 16326 16324 16326 16324 16321 16322 16326 16319 16327 16326 16327 16324 16323 16324 16328 16322 16326 16325 16322 16325 16323 16326 16323 16324 16326 16321 16323 16323 16327 16324 16323 16324 16326 16322 16323 16324 16324 16328 16330 16326 16327 16324 16329 16322 16326 16326 16328 16328 16326 16327 16328 16326 16325 16326 16328 16326 16324 16322 16326 16325 16324 16324 16326 16323 16327 16325 16330 16326 16325 16325 16325 16331 16324 16324 16327 16325 16324 16325 16323 16324 16326 16327 16325 16325 16324 16328 16327 16323 16324 16325 16325 16327 16328 16327 16327 16322 16323 16331 16328 16327 16328 16327 16324 16328 16322 16326 16320 16329 16327 16328 16323 16328 16325 16327 16326 16327 16324 16325 16324 16327 16322 16328 16326 16324 16326 16324 16324 16319 16326 16324 16322 16325 16323 16327 16327 16326 16320 16326 16324 16325 16325 16325 16328 16326 16330 16325 16325 16323 16323 16323 16325 16326 16325 16323 16325 16324 16325 16327 16323 16325 16323 16324 16324 16329 16325 16326 16323 16330 16324 16326 16323 16326 16322 13 7748 304 14609 
0 16326 16327 16326 16321 16326 16326 16326 16332 16329 16326 16324 16327 16326 16325 16327 16327 16327 16322 16323 16326 16326 16324 16326 16326 16326 16327 16325 16325 16327 16331 16329 16330 16328 16324 16326 16327 16329 16326 16326 16329 16327 16327 16331 16328 16323 16326 16329 16326 16326 16325 16325 16327 16327 16326 16326 16326 16327 16325 16327 16338 16324 16317 16346 16309 16342 16311 16337 16316 16330 16318 16329 16323 16324 16323 16325 16324 16332 16325 16325 16323 16327 16321 16327 16326 16326 16326 16324 16323 16327 16323 16325 16327 16328 16324 16324 16328 16327 16323 16326 16327 16325 16328 16322 16327 16328 16323 16327 16320 16324 16327 16322 16326 16323 16326 16328 16322 16328 16327 16327 16326 16326 16328 16325 16325 16327 16329 16327 16326 16328 16330 16326 16327 16327 16329 16328 16329 16327 16325 16327 16327 16325 16323 16325 16326 16323 16325 16330 16327 16332 16330 16326 16330 16327 16331 16327 16328 16330 16328 16329 16329 16324 16326 16326 16329 16326 16329 16329 16327 16322 16323 16329 16324 16328 16328 16328 16328 16326 16327 16325 16330 16327 16326 16323 16327 16327 16327 16330 16322 16329 16331 16328 16327 16326 16331 16324 16325 16324 16325 16325 16325 16325 16325 16323 16327 16330 16328 16326 16331 16324 16328 16327 16323 16329 16327 16328 16326 16328 16326 16326 16324 16324 16325 16326 16332 16324 16327 16326 16330 16325 16327 16329 16325 16323 16326 16329 16328 16327 16327 16323 16328 16328 16331 16328 16329 16332 16328 16329 16327 16324 16330 16331 16331 16327 16326 16330 16323 16328 18 9556 304 14609 
0 16322 16328 16328 16328 16325 16328 16323 16327 16327 16325 16326 16326 16320 16324 16325 16325 16323 16324 16323 16324 16327 16325 16325 16327 16327 16327 16323 16325 16328 16328 16328 16326 16326 16326 16325 16326 16324 16331 16323 16326 16327 16327 16327 16326 16325 16325 16325 16327 16325 16326 16322 16326 16327 16327 16324 16324 16327 16325 16324 16332 16323 16326 16328 16315 16313 16322 16321 16328 16324 16327 16326 16327 16332 16324 16328 16328 16323 16327 16325 16325 16328 16324 16325 16326 16323 16324 16322 16324 16327 16328 16327 16327 16325 16324 16321 16327 16325 16326 16324 16326 16322 16324 16327 16325 16324 16325 16324 16323 16324 16326 16321 16327 16328 16325 16325 16325 16327 16326 16321 16326 16328 16325 16325 16324 16328 16327 16326 16322 16327 16325 16325 16324 16324 16325 16324 16326 16329 16326 16325 16327 16325 16323 16325 16326 16328 16326 16326 16329 16326 16326 16323 16323 16325 16326 16325 16325 16324 16324 16323 16323 16325 16322 16325 16326 16327 16324 16328 16324 16328 16324 16324 16325 16327 16325 16330 16326 16325 16326 16324 16324 16327 16327 16322 16322 16325 16323 16325 16327 16324 16327 16327 16327 16323 16327 16328 16331 16326 16328 16323 16326 16325 16327 16326 16324 16326 16323 16325 16328 16323 16326 16327 16326 16329 16324 16325 16324 16325 16325 16323 16331 16325 16328 16326 16324 16331 16323 16326 16327 16323 16326 16327 16323 16329 16325 16330 16326 16329 16327 16327 16326 16327 16329 16328 16326 16328 16326 16327 16323 16327 16326 16326 16326 16325 16324 16324 16321 16327 24 6857 304 14609 
0 16319 16325 16326 16321 16326 16325 16326 16327 16323 16320 16324 16324 16326 16325 16323 16327 16323 16326 16324 16325 16324 16326 16322 16325 16324 16324 16328 16327 16325 16327 16325 16326 16321 16325 16326 16325 16321 16326 16325 16327 16323 16324 16325 16328 16324 16324 16325 16326 16328 16326 16324 16323 16325 16325 16326 16328 16324 16323 16321 16329 16322 16325 16364 16245 16383 16276 16365 16295 16345 16310 16339 16317 16329 16317 16328 16317 16325 16322 16324 16330 16327 16322 16322 16324 16323 16322 16325 16324 16326 16319 16321 16325 16326 16325 16327 16325 16327 16324 16322 16321 16319 16324 16326 16324 16324 16323 16326 16324 16325 16319 16320 16331 16315 16327 16319 16322 16318 16331 16321 16327 16325 16324 16329 16328 16324 16330 16324 16326 16324 16328 16323 16329 16326 16327 16327 16329 16323 16324 16325 16328 16324 16326 16327 16329 16328 16327 16326 16325 16326 16323 16325 16323 16322 16328 16327 16323 16327 16323 16324 16327 16327 16329 16328 16326 16325 16318 16328 16323 16322 16326 16321 16325 16328 16327 16330 16329 16325 16327 16325 16326 16329 16330 16325 16327 16325 16325 16332 16322 16325 16327 16326 16326 16326 16326 16328 16326 16323 16325 16326 16327 16325 16323 16320 16327 16325 16325 16328 16329 16327 16324 16328 16323 16326 16324 16325 16328 16322 16325 16327 16323 16326 16326 16328 16321 16327 16326 16325 16326 16323 16326 16326 16327 16323 16323 16330 16324 16326 16325 16327 16325 16324 16325 16329 16322 16324 16328 16323 16326 16324 16333 16324 16325 16326 16328 16329 16328 16323 29 7060 304 14609 
0 16328 16326 16325 16323 16324 16324 16324 16328 16326 16327 16322 16323 16328 16324 16326 16324 16329 16324 16324 16329 16326 16325 16329 16324 16327 16330 16329 16326 16328 16330 16326 16327 16327 16325 16328 16324 16330 16328 16327 16326 16324 16323 16323 16326 16329 16327 16324 16323 16326 16327 16327 16327 16328 16325 16328 16327 16325 16325 16324 16327 16326 16329 16345 16274 16373 16282 16357 16303 16343 16303 16337 16315 16331 16319 16328 16317 16328 16319 16326 16321 16326 16323 16325 16326 16330 16322 16327 16322 16321 16325 16330 16321 16327 16326 16324 16325 16325 16324 16326 16326 16324 16323 16329 16329 16322 16325 16322 16329 16319 16330 16323 16326 16326 16321 16327 16327 16323 16329 16327 16326 16326 16327 16322 16327 16324 16326 16329 16326 16326 16329 16331 16328 16331 16326 16331 16328 16325 16327 16325 16327 16324 16327 16323 16325 16326 16328 16322 16325 16327 16326 16329 16330 16331 16327 16327 16328 16332 16327 16322 16328 16325 16327 16326 16328 16329 16326 16324 16327 16329 16328 16326 16326 16331 16328 16330 16328 16325 16327 16325 16324 16327 16325 16329 16323 16330 16328 16324 16326 16328 16328 16325 16335 16331 16328 16325 16323 16325 16325 16324 16325 16326 16325 16331 16328 16329 16325 16327 16329 16327 16328 16327 16327 16329 16327 16323 16325 16327 16327 16325 16329 16325 16324 16326 16326 16326 16326 16328 16326 16326 16328 16325 16329 16327 16324 16328 16326 16323 16324 16322 16326 16326 16328 16327 16322 16328 16327 16325 16326 16323 16327 16326 16324 16323 16325 16326 16326 16326 34 4953 304 14609 
0 16326 16322 16326 16327 16323 16323 16323 16325 16325 16324 16324 16322 16324 16322 16322 16327 16325 16327 16326 16328 16321 16321 16320 16326 16328 16326 16325 16325 16327 16326 16321 16324 16328 16326 16327 16328 16326 16325 16323 16324 16325 16326 16327 16323 16323 16325 16321 16323 16324 16318 16320 16324 16326 16325 16353 16260 16379 16276 16364 16293 16348 16305 16340 16312 16330 16315 16331 16320 16329 16319 16327 16320 16325 16323 16325 16324 16324 16324 16324 16325 16325 16326 16325 16324 16324 16324 16325 16322 16325 16320 16325 16324 16326 16328 16323 16323 16319 16323 16327 16323 16323 16324 16327 16317 16322 16325 16328 16327 16323 16330 16323 16325 16325 16324 16326 16330 16326 16328 16330 16326 16326 16326 16326 16327 16327 16326 16328 16328 16329 16328 16330 16323 16327 16324 16325 16326 16326 16323 16328 16324 16326 16331 16323 16324 16325 16327 16328 16328 16329 16326 16326 16329 16325 16328 16324 16324 16325 16324 16325 16324 16324 16324 16321 16327 16323 16325 16327 16329 16325 16324 16328 16325 16329 16325 16322 16327 16324 16323 16324 16329 16326 16327 16324 16326 16322 16325 16327 16327 16321 16326 16323 16326 16326 16324 16325 16328 16329 16326 16329 16327 16326 16326 16327 16326 16329 16326 16324 16327 16325 16324 16328 16324 16324 16327 16323 16328 16325 16326 16327 16324 16324 16325 16326 16326 16325 16329 16324 16328 16326 16325 16325 16322 16328 16325 16324 16327 16327 16324 16329 16322 16324 16322 16325 16327 16329 16322 16325 16327 16325 16322 16327 16325 16322 16325 16325 16326 16329 40 8988 304 14609 
0 16324 16324 16326 16328 16323 16327 16327 16324 16326 16323 16327 16324 16323 16325 16322 16327 16328 16328 16326 16320 16330 16326 16326 16327 16328 16320 16324 16326 16329 16325 16324 16325 16329 16326 16330 16328 16326 16326 16323 16327 16326 16325 16326 16326 16324 16323 16323 16321 16324 16327 16326 16324 16326 16328 16327 16327 16326 16326 16323 16326 16323 16334 16337 16269 16375 16277 16361 16295 16346 16308 16338 16312 16333 16319 16331 16316 16325 16318 16326 16321 16328 16323 16327 16321 16328 16325 16327 16328 16327 16325 16323 16324 16323 16323 16323 16320 16321 16322 16320 16327 16325 16321 16326 16318 16329 16321 16323 16322 16323 16320 16323 16323 16321 16326 16327 16325 16324 16323 16328 16330 16327 16324 16330 16330 16329 16326 16327 16326 16323 16327 16325 16324 16326 16326 16326 16323 16326 16327 16327 16322 16327 16325 16326 16328 16327 16324 16322 16328 16329 16326 16323 16330 16326 16327 16331 16326 16329 16328 16324 16327 16325 16324 16326 16322 16326 16325 16327 16327 16326 16327 16326 16328 16324 16326 16326 16322 16326 16324 16325 16325 16324 16329 16324 16328 16326 16326 16322 16325 16325 16332 16323 16325 16327 16327 16328 16326 16325 16327 16325 16324 16323 16326 16325 16326 16325 16326 16326 16324 16326 16328 16325 16326 16325 16321 16323 16327 16324 16325 16328 16326 16325 16327 16322 16322 16327 16327 16324 16327 16326 16326 16326 16328 16325 16324 16326 16322 16324 16325 16320 16330 16327 16327 16324 16327 16326 16326 16322 16327 16326 16324 16323 16327 16320 16326 16325 16322 16326 45 10296 304 14609 
0 16329 16334 16331 16332 16338 16333 16333 16333 16336 16335 16329 16335 16336 16335 16333 16332 16333 16334 16332 16335 16333 16339 16331 16337 16337 16334 16334 16335 16332 16333 16333 16331 16334 16332 16337 16334 16331 16332 16330 16335 16333 16333 16332 16333 16335 16333 16335 16333 16336 16335 16331 16336 16335 16332 16333 16334 16337 16332 16334 16336 16336 16331 5 16251 22 16285 16371 16305 16352 16316 16344 16324 16339 16326 16338 16329 16337 16327 16333 16331 16329 16330 16337 16332 16334 16332 16329 16333 16332 16333 16330 16333 16333 16332 16331 16333 16327 16328 16331 16331 16330 16331 16329 16333 16330 16323 16336 16327 16332 16335 16331 16332 16331 16329 16335 16332 16331 16333 16337 16333 16333 16331 16332 16333 16333 16335 16334 16332 16336 16337 16329 16334 16330 16336 16334 16335 16334 16335 16332 16332 16332 16336 16338 16332 16333 16336 16334 16334 16335 16339 16333 16337 16335 16332 16335 16335 16336 16335 16333 16330 16336 16331 16334 16332 16336 16331 16337 16332 16336 16338 16331 16336 16331 16334 16336 16337 16338 16338 16335 16337 16337 16339 16339 16334 16337 16333 16334 16335 16333 16337 16332 16333 16334 16337 16337 16335 16334 16333 16335 16332 16335 16334 16335 16337 16333 16335 16333 16334 16332 16337 16332 16334 16332 16333 16335 16334 16332 16331 16333 16334 16334 16332 16332 16332 16329 16334 16336 16332 16331 16334 16332 16329 16334 16331 16335 16328 16335 16332 16331 16334 16331 16333 16333 16330 16330 16332 16329 16338 16332 16329 16333 16334 16333 16331 16332 16334 16333 50 9652 304 14609 
0 16324 16326 16329 16326 16325 16323 16325 16323 16324 16324 16329 16326 16326 16326 16326 16323 16326 16325 16327 16323 16326 16325 16329 16325 16327 16327 16328 16324 16326 16323 16328 16327 16324 16325 16323 16327 16328 16328 16329 16325 16322 16332 16327 16327 16327 16323 16336 16331 16328 16329 16324 16327 16327 16325 16330 16324 16327 16328 16326 16329 16325 16324 16371 16275 16364 16308 16341 16316 16331 16321 16325 16323 16325 16327 16320 16320 16328 16324 16324 16327 16324 16327 16324 16322 16326 16324 16326 16326 16325 16327 16325 16329 16325 16326 16324 16325 16326 16324 16325 16322 16323 16326 16319 16327 16325 16325 16325 16317 16325 16325 16323 16326 16324 16324 16330 16326 16326 16326 16325 16326 16325 16329 16328 16322 16327 16326 16326 16326 16325 16325 16326 16327 16326 16323 16331 16322 16331 16326 16329 16329 16325 16324 16326 16327 16325 16323 16324 16326 16326 16328 16328 16329 16325 16328 16327 16330 16326 16328 16325 16328 16326 16328 16324 16323 16326 16328 16324 16326 16327 16329 16321 16325 16327 16324 16332 16325 16324 16325 16328 16327 16318 16323 16328 16328 16325 16323 16326 16326 16326 16325 16325 16325 16323 16327 16329 16325 16327 16327 16323 16324 16328 16326 16325 16326 16327 16322 16323 16326 16327 16324 16325 16325 16323 16326 16326 16323 16329 16325 16326 16326 16326 16324 16324 16327 16323 16322 16327 16323 16325 16328 16327 16325 16324 16322 16321 16322 16326 16326 16323 16327 16326 16323 16326 16327 16328 16327 16328 16326 16327 16321 16325 16326 16324 16324 16326 16325 16329 55 9007 304 14609 
0 16320 16323 16328 16321 16327 16326 16324 16324 16324 16325 16322 16323 16327 16327 16325 16326 16326 16326 16324 16324 16325 16327 16324 16325 16322 16325 16328 16325 16325 16327 16325 16323 16323 16323 16324 16329 16328 16327 16328 16328 16321 16325 16329 16326 16327 16327 16325 16326 16324 16328 16323 16333 16326 16325 16328 16326 16326 16327 16324 16327 16327 16326 16348 16259 16382 16275 16363 16289 16352 16306 16342 16313 16336 16320 16331 16319 16328 16320 16326 16324 16324 16323 16325 16324 16323 16328 16323 16320 16325 16324 16318 16323 16322 16324 16323 16326 16323 16325 16324 16325 16324 16324 16323 16323 16325 16318 16330 16323 16328 16321 16322 16327 16323 16323 16328 16327 16325 16329 16323 16325 16325 16328 16325 16328 16327 16327 16327 16325 16325 16331 16323 16325 16325 16328 16326 16327 16325 16325 16324 16323 16323 16328 16323 16325 16326 16330 16328 16327 16325 16329 16328 16329 16327 16326 16327 16324 16323 16325 16326 16329 16328 16329 16327 16326 16328 16328 16325 16328 16325 16325 16326 16330 16327 16331 16326 16328 16326 16324 16326 16326 16328 16327 16324 16330 16325 16325 16326 16324 16328 16326 16324 16328 16326 16325 16323 16327 16324 16324 16325 16324 16324 16327 16327 16327 16329 16326 16325 16329 16323 16329 16326 16327 16328 16326 16327 16325 16328 16328 16326 16324 16328 16327 16327 16328 16323 16326 16324 16324 16324 16324 16326 16327 16327 16329 16327 16326 16329 16325 16326 16326 16321 16326 16325 16324 16321 16327 16324 16329 16326 16324 16325 16327 16323 16326 16326 16326 16329 60 7386 304 14609 
0 16328 16328 16327 16327 16324 16328 16328 16323 16326 16327 16327 16324 16324 16324 16324 16324 16331 16325 16328 16329 16332 16326 16322 16321 16325 16321 16324 16326 16323 16325 16325 16322 16322 16320 16324 16327 16331 16329 16323 16323 16323 16323 16329 16323 16325 16325 16326 16330 16325 16325 16324 16327 16327 16324 16322 16328 16323 16320 16324 16325 16325 16321 16369 16250 6 16275 16362 16298 16345 16305 16340 16320 16328 16313 16330 16319 16331 16320 16322 16321 16328 16323 16326 16324 16323 16324 16323 16323 16321 16328 16324 16322 16322 16325 16324 16321 16325 16324 16322 16323 16324 16323 16327 16329 16324 16323 16323 16323 16325 16317 16334 16318 16326 16318 16324 16321 16327 16320 16323 16325 16323 16325 16327 16323 16326 16325 16327 16328 16326 16326 16330 16327 16331 16325 16326 16324 16323 16327 16325 16324 16326 16322 16323 16323 16324 16328 16326 16326 16326 16328 16330 16323 16324 16325 16325 16326 16323 16325 16327 16325 16327 16327 16325 16325 16326 16329 16323 16328 16326 16325 16327 16327 16328 16323 16326 16325 16323 16326 16323 16322 16327 16324 16327 16321 16323 16325 16323 16324 16321 16321 16324 16324 16326 16327 16327 16322 16328 16327 16322 16323 16328 16320 16322 16325 16325 16329 16321 16327 16325 16324 16326 16324 16325 16323 16327 16324 16324 16328 16327 16328 16330 16325 16326 16323 16323 16328 16326 16325 16328 16326 16327 16321 16324 16324 16322 16322 16322 16328 16323 16326 16327 16330 16322 16323 16323 16324 16323 16328 16328 16321 16325 16322 16325 16323 16325 16328 16324 70 12471 304 14609 
0 16325 16326 16326 16322 16325 16327 16323 16320 16326 16326 16323 16322 16325 16324 16324 16326 16325 16325 16326 16325 16328 16324 16329 16327 16328 16322 16324 16328 16325 16323 16326 16327 16326 16324 16328 16324 16328 16324 16325 16324 16320 16323 16326 16326 16326 16320 16324 16324 16324 16327 16325 16327 16326 16327 16325 16326 16325 16322 16326 16323 16324 16348 16320 16306 16357 16303 16348 16303 16342 16307 16337 16311 16330 16315 16323 16319 16330 16321 16327 16321 16326 16323 16324 16325 16329 16325 16326 16324 16326 16322 16327 16325 16323 16326 16322 16321 16322 16324 16324 16324 16322 16327 16326 16323 16325 16319 16329 16324 16318 16326 16323 16325 16325 16323 16323 16326 16328 16324 16324 16325 16323 16324 16323 16332 16325 16325 16327 16323 16326 16325 16323 16323 16325 16330 16329 16327 16329 16322 16326 16323 16326 16327 16327 16322 16328 16327 16328 16329 16325 16326 16327 16325 16326 16325 16328 16324 16328 16324 16324 16326 16328 16327 16325 16326 16327 16322 16325 16324 16329 16327 16325 16324 16327 16329 16323 16323 16321 16324 16326 16328 16326 16327 16323 16325 16329 16325 16330 16325 16325 16330 16323 16324 16327 16327 16328 16325 16326 16330 16323 16324 16328 16325 16325 16323 16328 16322 16327 16325 16327 16326 16325 16327 16326 16328 16324 16324 16329 16323 16328 16325 16329 16326 16322 16329 16329 16328 16327 16324 16325 16326 16326 16324 16327 16328 16329 16329 16326 16326 16325 16323 16323 16323 16328 16327 16326 16327 16325 16322 16328 16325 16323 16328 16324 16322 16326 16326 16324 75 14277 304 14609 
0 16327 16325 16329 16327 16327 16326 16324 16328 16326 16328 16325 16328 16326 16322 16325 16329 16326 16324 16328 16325 16328 16324 16326 16326 16325 16327 16324 16324 16328 16328 16325 16325 16324 16325 16328 16328 16325 16330 16323 16324 16325 16327 16324 16326 16322 16323 16323 16325 16326 16327 16322 16329 16324 16323 16326 16330 16329 16324 16327 16327 16326 16326 16348 16316 16314 16350 16307 16342 16307 16332 16313 16335 16319 16329 16322 16327 16323 16324 16322 16326 16324 16326 16324 16326 16321 16324 16326 16326 16324 16324 16326 16327 16327 16326 16322 16324 16322 16325 16324 16324 16324 16325 16323 16328 16326 16325 16327 16316 16329 16324 16323 16325 16323 16322 16327 16324 16322 16323 16323 16327 16326 16322 16328 16327 16330 16330 16328 16326 16327 16325 16325 16331 16326 16328 16327 16324 16328 16328 16326 16327 16328 16332 16327 16328 16323 16330 16327 16326 16325 16329 16324 16325 16326 16327 16329 16323 16327 16329 16326 16326 16328 16327 16327 16327 16327 16329 16327 16324 16326 16328 16324 16329 16329 16325 16324 16324 16328 16329 16325 16328 16326 16327 16325 16329 16327 16326 16327 16326 16327 16327 16326 16329 16327 16324 16323 16330 16328 16327 16323 16323 16329 16325 16325 16326 16326 16323 16323 16325 16328 16328 16323 16330 16323 16329 16324 16324 16323 16325 16325 16325 16327 16329 16324 16328 16330 16326 16325 16327 16326 16329 16324 16328 16328 16326 16326 16329 16327 16324 16325 16326 16323 16331 16328 16327 16330 16327 16326 16326 16328 16324 16324 16328 16321 16324 16327 16326 16327 80 13635 304 14609 
0 16328 16330 16329 16327 16330 16330 16328 16328 16325 16329 16326 16332 16325 16329 16330 16330 16328 16329 16325 16330 16332 16331 16329 16329 16329 16322 16327 16329 16331 16332 16328 16326 16328 16328 16329 16331 16327 16327 16330 16327 16324 16328 16328 16328 16328 16329 16324 16331 16329 16329 16327 16326 16327 16325 16330 16328 16328 16324 16326 16327 16327 16326 16357 16314 16320 16345 16317 16346 16313 16339 16315 16336 16316 16329 16323 16327 16326 16326 16325 16330 16328 16329 16326 16329 16327 16329 16327 16327 16326 16325 16326 16326 16329 16329 16328 16329 16328 16329 16329 16327 16325 16327 16325 16328 16324 16328 16324 16321 16331 16327 16327 16326 16326 16327 16328 16324 16327 16327 16326 16328 16328 16326 16326 16331 16325 16330 16330 16328 16329 16330 16328 16329 16329 16326 16329 16329 16331 16329 16330 16327 16328 16328 16329 16326 16324 16331 16327 16331 16330 16327 16331 16330 16330 16326 16325 16328 16326 16331 16328 16328 16329 16325 16325 16332 16326 16327 16327 16327 16327 16332 16326 16327 16327 16326 16328 16330 16326 16329 16329 16330 16329 16328 16332 16328 16331 16325 16332 16328 16326 16328 16327 16331 16323 16325 16327 16329 16328 16326 16325 16328 16327 16332 16328 16323 16328 16332 16330 16328 16329 16331 16330 16326 16328 16328 16329 16325 16327 16327 16325 16325 16326 16328 16334 16327 16330 16331 16327 16327 16330 16328 16328 16324 16328 16325 16324 16330 16327 16329 16323 16328 16329 16327 16327 16328 16329 16327 16329 16326 16328 16325 16331 16326 16329 16328 16327 16326 16327 85 12018 304 14609 
0 16326 16332 16328 16324 16327 16330 16330 16327 16325 16328 16328 16325 16327 16324 16328 16328 16329 16327 16328 16325 16328 16326 16323 16328 16323 16326 16328 16327 16327 16328 16329 16326 16327 16328 16324 16323 16327 16326 16326 16326 16328 16329 16324 16329 16322 16323 16327 16325 16327 16325 16325 16329 16327 16326 16324 16323 16324 16328 16322 16327 16326 16336 16323 16312 16348 16303 16339 16309 16338 16311 16335 16318 16329 16320 16327 16319 16329 16324 16324 16327 16328 16319 16332 16326 16326 16325 16327 16324 16326 16324 16323 16325 16326 16327 16325 16325 16325 16324 16324 16329 16326 16323 16328 16324 16322 16326 16322 16328 16324 16326 16322 16329 16324 16320 16322 16328 16323 16326 16322 16323 16325 16328 16321 16319 16329 16326 16327 16329 16330 16327 16327 16329 16324 16332 16329 16330 16325 16324 16328 16328 16326 16326 16324 16327 16323 16329 16327 16326 16327 16325 16324 16327 16328 16326 16331 16327 16329 16329 16328 16329 16327 16327 16330 16327 16325 16329 16328 16327 16328 16324 16325 16324 16326 16328 16323 16327 16329 16329 16327 16329 16327 16327 16330 16324 16325 16326 16326 16326 16327 16325 16325 16326 16329 16327 16324 16325 16325 16328 16327 16326 16326 16328 16324 16326 16329 16326 16327 16329 16325 16324 16326 16330 16327 16328 16323 16324 16329 16328 16329 16329 16327 16324 16324 16324 16327 16326 16329 16329 16328 16328 16329 16330 16328 16326 16327 16325 16322 16329 16328 16327 16328 16325 16326 16328 16326 16331 16328 16325 16326 16328 16327 16328 16323 16329 16326 16326 16326 90 10895 304 14609 
0 16329 16325 16324 16328 16326 16324 16326 16326 16324 16328 16324 16327 16327 16325 16328 16323 16328 16323 16328 16327 16327 16323 16325 16326 16323 16324 16323 16329 16325 16327 16329 16329 16326 16326 16324 16328 16327 16322 16328 16324 16327 16324 16323 16329 16323 16326 16327 16326 16324 16326 16326 16322 16325 16323 16322 16327 16323 16330 16323 16325 16327 16326 16326 16316 16316 16323 16319 16326 16326 16330 16323 16331 16326 16327 16324 16327 16322 16327 16325 16328 16325 16327 16327 16326 16325 16328 16327 16327 16326 16325 16322 16324 16327 16327 16326 16325 16328 16329 16327 16327 16327 16326 16327 16329 16324 16326 16324 16326 16327 16327 16326 16325 16328 16327 16325 16328 16326 16324 16326 16322 16329 16327 16325 16328 16327 16324 16327 16327 16326 16327 16328 16326 16328 16328 16327 16329 16328 16325 16326 16326 16327 16329 16325 16328 16326 16326 16328 16325 16324 16329 16323 16366 16250 7 16278 16366 16294 16352 16307 16345 16312 16334 16318 16329 16317 16326 16322 16327 16321 16324 16324 16322 16321 16326 16325 16327 16321 16323 16326 16323 16323 16325 16327 16326 16326 16327 16328 16326 16324 16322 16326 16324 16327 16325 16324 16324 16330 16322 16327 16321 16324 16323 16325 16325 16328 16328 16323 16330 16326 16326 16327 16328 16332 16331 16331 16328 16328 16325 16326 16330 16324 16327 16326 16322 16329 16326 16327 16326 16325 16326 16328 16326 16327 16327 16326 16326 16330 16330 16329 16329 16328 16327 16328 16326 16329 16327 16332 16325 16328 16329 16327 16327 16324 16328 16327 16329 16327 100 5613 304 14609 
0 16325 16329 16328 16331 16329 16329 16332 16327 16325 16331 16321 16328 16326 16327 16324 16325 16326 16325 16325 16327 16329 16330 16326 16325 16324 16321 16325 16324 16329 16326 16323 16328 16327 16326 16327 16324 16327 16331 16325 16327 16329 16326 16329 16321 16327 16326 16327 16326 16326 16329 16325 16327 16326 16328 16323 16325 16324 16325 16326 16326 16326 16327 16348 16303 16343 16326 16327 16328 16323 16329 16320 16331 16322 16326 16317 16327 16323 16326 16323 16327 16323 16325 16325 16324 16324 16325 16326 16329 16324 16325 16325 16328 16327 16322 16326 16325 16325 16324 16322 16321 16322 16324 16325 16325 16324 16323 16327 16327 16325 16324 16323 16328 16326 16322 16323 16322 16328 16328 16324 16325 16327 16326 16327 16325 16327 16318 16325 16323 16332 16327 16324 16329 16326 16331 16326 16329 16326 16328 16327 16329 16328 16326 16325 16324 16327 16329 16327 16325 16323 16327 16326 16324 16327 16329 16329 16325 16325 16326 16324 16327 16323 16327 16325 16325 16326 16325 16323 16326 16328 16326 16328 16328 16324 16327 16327 16326 16325 16326 16331 16331 16326 16325 16327 16328 16325 16331 16322 16331 16324 16328 16322 16328 16325 16322 16323 16327 16329 16324 16328 16325 16324 16328 16327 16328 16330 16326 16325 16328 16327 16326 16327 16328 16322 16328 16329 16326 16325 16326 16329 16324 16327 16329 16326 16325 16329 16326 16326 16324 16326 16326 16329 16328 16321 16325 16322 16327 16327 16323 16328 16325 16323 16329 16327 16326 16326 16322 16328 16328 16324 16327 16325 16326 16327 16326 16324 16327 16324 105 6532 304 14609 
0 16335 16329 16333 16334 16334 16335 16333 16335 16334 16329 16337 16330 16331 16333 16335 16328 16336 16333 16333 16332 16332 16336 16333 16331 16332 16330 16333 16330 16333 16331 16328 16333 16331 16334 16332 16334 16333 16333 16330 16331 16333 16332 16332 16333 16331 16332 16331 16332 16336 16327 16334 16328 16329 16335 16330 16332 16333 16337 16338 16329 16334 16329 3 16259 7 16299 16359 16312 16342 16321 16343 16327 16332 16330 16338 16327 16329 16328 16330 16328 16333 16335 16330 16331 16335 16333 16333 16331 16330 16330 16329 16335 16330 16333 16332 16332 16333 16333 16327 16334 16333 16333 16319 16330 16334 16335 16325 16338 16328 16333 16327 16329 16332 16333 16333 16332 16331 16328 16331 16333 16333 16332 16333 16331 16331 16329 16334 16331 16337 16335 16330 16336 16331 16333 16333 16333 16335 16334 16335 16333 16337 16332 16329 16336 16334 16332 16332 16331 16331 16334 16331 16337 16334 16333 16334 16333 16337 16333 16332 16331 16334 16332 16333 16332 16333 16333 16332 16334 16333 16332 16331 16331 16335 16332 16336 16332 16333 16333 16333 16330 16334 16332 16334 16335 16332 16333 16331 16328 16334 16332 16331 16330 16332 16333 16331 16332 16334 16332 16330 16330 16335 16332 16334 16332 16333 16335 16333 16328 16332 16333 16330 16335 16335 16330 16332 16335 16335 16333 16334 16332 16331 16333 16334 16332 16333 16334 16335 16329 16333 16331 16334 16334 16331 16333 16335 16336 16330 16336 16335 16334 16334 16329 16333 16332 16333 16331 16333 16332 16331 16332 16334 16335 16332 16333 16335 16330 16334 110 5407 304 14609 
0 16328 16326 16327 16329 16328 16332 16327 16331 16332 16326 16329 16329 16326 16333 16328 16328 16326 16329 16327 16329 16326 16332 16328 16329 16325 16329 16327 16328 16328 16330 16325 16329 16330 16328 16329 16330 16325 16326 16325 16325 16328 16327 16328 16327 16329 16330 16331 16329 16329 16328 16325 16328 16327 16329 16326 16331 16328 16329 16325 16329 16328 16328 16370 16287 16358 16322 16329 16326 16326 16329 16326 16326 16324 16328 16327 16329 16325 16326 16322 16329 16327 16327 16325 16328 16327 16332 16327 16328 16326 16329 16329 16326 16327 16326 16326 16328 16327 16328 16328 16327 16321 16328 16325 16324 16326 16329 16326 16322 16332 16322 16328 16325 16324 16324 16328 16326 16326 16326 16327 16327 16327 16328 16320 16322 16328 16329 16330 16327 16330 16332 16329 16324 16327 16324 16327 16329 16327 16328 16328 16328 16328 16328 16329 16327 16329 16329 16324 16331 16328 16326 16328 16331 16331 16327 16328 16331 16329 16330 16328 16329 16329 16330 16329 16329 16326 16326 16332 16326 16331 16326 16328 16325 16330 16330 16330 16327 16328 16328 16327 16331 16330 16326 16331 16329 16322 16327 16328 16330 16329 16330 16325 16330 16325 16325 16331 16326 16329 16328 16327 16327 16329 16331 16328 16328 16328 16328 16330 16323 16327 16326 16327 16328 16327 16328 16327 16331 16322 16328 16329 16324 16327 16325 16328 16329 16329 16327 16328 16325 16331 16326 16325 16326 16325 16329 16327 16326 16329 16327 16329 16327 16326 16327 16327 16328 16328 16331 16328 16328 16331 16324 16331 16326 16327 16326 16324 16326 16328 115 3786 304 14609 
0 16327 16323 16327 16326 16328 16328 16324 16328 16327 16322 16330 16326 16325 16328 16327 16326 16329 16326 16328 16326 16325 16328 16329 16327 16321 16324 16326 16326 16326 16328 16325 16323 16326 16326 16328 16327 16326 16327 16326 16331 16324 16326 16326 16326 16325 16326 16326 16329 16327 16324 16324 16330 16327 16327 16329 16323 16327 16328 16331 16332 16327 16341 16329 16290 16369 16290 16356 16299 16349 16312 16340 16315 16332 16319 16328 16325 16331 16323 16326 16325 16327 16325 16327 16322 16328 16329 16325 16327 16328 16328 16323 16326 16329 16327 16325 16326 16318 16323 16325 16326 16321 16321 16326 16323 16318 16329 16321 16325 16322 16327 16327 16323 16323 16328 16324 16327 16325 16325 16326 16327 16328 16328 16327 16331 16329 16328 16326 16330 16329 16327 16326 16326 16328 16330 16327 16329 16327 16328 16328 16328 16328 16330 16330 16327 16328 16326 16329 16328 16328 16329 16333 16327 16324 16331 16327 16326 16325 16327 16329 16331 16325 16324 16328 16330 16326 16329 16325 16330 16328 16325 16328 16331 16325 16325 16327 16330 16323 16328 16326 16327 16328 16325 16332 16327 16329 16326 16326 16323 16326 16325 16324 16324 16325 16327 16324 16329 16327 16327 16329 16326 16327 16326 16327 16326 16329 16325 16324 16326 16330 16327 16324 16327 16324 16326 16330 16329 16329 16324 16323 16323 16327 16323 16325 16328 16328 16325 16327 16326 16325 16326 16329 16328 16329 16326 16327 16326 16325 16326 16328 16324 16325 16323 16328 16321 16327 16324 16329 16325 16324 16328 16324 16326 16329 16328 16326 16326 16324 120 1681 304 14609 
0 16323 16325 16328 16326 16326 16326 16327 16324 16325 16320 16325 16329 16324 16325 16325 16323 16326 16327 16325 16322 16322 16327 16328 16329 16328 16323 16324 16327 16326 16324 16324 16324 16326 16326 16326 16325 16324 16325 16324 16325 16323 16325 16325 16328 16326 16325 16324 16324 16325 16323 16326 16322 16325 16324 16328 16329 16327 16326 16329 16326 16323 16323 16373 16264 16377 16299 16348 16307 16332 16313 16330 16319 16325 16318 16324 16322 16320 16322 16328 16323 16326 16324 16324 16325 16322 16323 16328 16324 16325 16326 16324 16325 16323 16324 16324 16319 16326 16322 16328 16325 16324 16319 16322 16324 16325 16324 16326 16315 16332 16320 16331 16321 16322 16318 16327 16321 16322 16320 16322 16327 16328 16327 16323 16325 16325 16327 16326 16323 16329 16326 16331 16327 16334 16331 16329 16323 16323 16323 16328 16328 16325 16327 16326 16324 16329 16328 16323 16327 16326 16327 16329 16328 16325 16330 16321 16326 16326 16326 16324 16328 16327 16326 16324 16328 16326 16324 16328 16325 16328 16326 16326 16325 16326 16325 16326 16326 16325 16328 16327 16325 16323 16326 16328 16324 16323 16326 16327 16330 16325 16323 16326 16323 16324 16327 16326 16322 16326 16326 16328 16328 16325 16328 16329 16327 16326 16329 16325 16326 16326 16325 16327 16326 16325 16327 16327 16323 16325 16327 16325 16327 16324 16328 16327 16325 16329 16328 16331 16328 16326 16327 16329 16323 16325 16328 16326 16320 16326 16324 16327 16326 16325 16323 16323 16323 16325 16325 16327 16322 16325 16327 16324 16327 16325 16322 16323 16326 16329 129 9929 304 14609 
0 16326 16328 16329 16324 16325 16327 16323 16327 16328 16319 16330 16329 16325 16323 16332 16326 16325 16322 16333 16325 16321 16328 16323 16322 16328 16323 16330 16324 16327 16323 16328 16326 16327 16325 16327 16325 16326 16323 16328 16327 16325 16322 16324 16325 16327 16327 16324 16325 16327 16327 16330 16326 16324 16324 16327 16325 16326 16324 16327 16324 16326 16326 16347 16266 16372 16282 16361 16295 16348 16309 16340 16310 16334 16315 16333 16323 16327 16320 16326 16323 16328 16321 16324 16327 16324 16325 16327 16322 16325 16325 16322 16326 16326 16326 16324 16324 16324 16325 16326 16325 16323 16325 16324 16325 16326 16325 16323 16333 16334 16316 16327 16324 16321 16323 16321 16327 16324 16326 16328 16326 16325 16324 16328 16327 16325 16326 16330 16329 16328 16327 16330 16328 16325 16329 16323 16329 16327 16328 16325 16326 16329 16326 16330 16329 16327 16324 16330 16328 16326 16327 16328 16323 16326 16326 16325 16326 16328 16327 16326 16328 16326 16328 16328 16326 16327 16328 16324 16326 16325 16325 16323 16329 16327 16327 16327 16326 16324 16324 16324 16326 16330 16328 16328 16329 16328 16330 16323 16325 16322 16323 16328 16325 16325 16328 16325 16327 16322 16330 16325 16327 16328 16325 16327 16328 16323 16329 16327 16327 16328 16323 16329 16326 16327 16323 16326 16326 16324 16324 16326 16325 16328 16326 16326 16326 16323 16326 16327 16327 16326 16326 16324 16325 16329 16329 16325 16326 16327 16326 16326 16328 16324 16325 16326 16322 16325 16325 16324 16326 16325 16323 16323 16324 16325 16325 16324 16325 16324 134 10761 304 14609 
0 16324 16323 16326 16328 16325 16329 16327 16324 16327 16325 16326 16326 16327 16328 16325 16323 16329 16325 16324 16325 16324 16327 16326 16326 16323 16325 16327 16326 16323 16325 16324 16322 16330 16328 16327 16324 16326 16330 16325 16328 16327 16324 16327 16322 16328 16324 16328 16327 16327 16322 16324 16326 16323 16327 16327 16326 16325 16325 16330 16326 16323 16326 16346 16272 16368 16287 16353 16302 16344 16310 16339 16316 16333 16318 16331 16323 16326 16322 16324 16323 16326 16324 16325 16322 16326 16322 16326 16324 16325 16324 16325 16325 16324 16325 16326 16323 16325 16324 16326 16324 16325 16324 16325 16321 16326 16324 16321 16326 16325 16323 16316 16331 16317 16328 16320 16326 16324 16326 16325 16328 16328 16326 16323 16327 16324 16327 16328 16327 16324 16326 16328 16329 16331 16324 16329 16327 16328 16326 16330 16328 16329 16326 16327 16321 16324 16322 16327 16321 16327 16325 16326 16326 16328 16327 16327 16327 16326 16326 16329 16328 16326 16328 16325 16333 16332 16324 16324 16324 16327 16326 16325 16327 16323 16324 16325 16329 16326 16329 16327 16328 16328 16324 16327 16327 16327 16327 16327 16327 16326 16325 16326 16325 16325 16325 16329 16324 16328 16328 16330 16327 16328 16329 16326 16324 16328 16326 16326 16326 16325 16326 16328 16327 16327 16326 16323 16325 16325 16322 16326 16325 16327 16329 16328 16330 16326 16326 16327 16326 16329 16324 16327 16329 16325 16327 16329 16328 16323 16327 16327 16322 16324 16326 16327 16323 16328 16326 16325 16327 16327 16327 16324 16325 16325 16324 16323 16322 16324 139 9631 304 14609 
0 16331 16329 16328 16325 16328 16330 16329 16328 16329 16330 16329 16329 16327 16327 16335 16328 16326 16333 16329 16330 16328 16328 16329 16331 16328 16331 16326 16329 16331 16332 16329 16327 16327 16329 16329 16335 16329 16329 16326 16332 16329 16327 16327 16332 16326 16330 16327 16331 16330 16331 16329 16332 16330 16332 16331 16330 16330 16330 16330 16330 16329 16329 16376 16258 9 16285 16357 16306 16345 16314 16338 16319 16333 16322 16329 16326 16332 16325 16330 16326 16332 16328 16327 16328 16327 16326 16326 16327 16327 16329 16328 16331 16326 16331 16332 16331 16329 16328 16327 16326 16329 16328 16326 16327 16323 16328 16329 16330 16329 16324 16337 16324 16332 16324 16329 16324 16329 16327 16327 16327 16329 16330 16329 16329 16330 16329 16327 16329 16330 16333 16328 16328 16331 16329 16330 16330 16330 16339 16333 16331 16332 16330 16327 16327 16331 16329 16329 16326 16330 16328 16328 16324 16330 16330 16329 16330 16329 16336 16329 16328 16333 16327 16329 16329 16325 16330 16331 16330 16329 16330 16328 16327 16332 16330 16329 16327 16322 16330 16329 16328 16330 16326 16330 16331 16329 16330 16329 16328 16332 16327 16328 16326 16328 16324 16330 16328 16329 16327 16330 16329 16327 16328 16326 16327 16330 16333 16329 16332 16327 16328 16331 16329 16325 16327 16329 16331 16327 16324 16326 16331 16326 16330 16330 16327 16330 16328 16330 16329 16329 16328 16326 16328 16329 16331 16324 16330 16329 16330 16328 16330 16330 16330 16329 16327 16333 16330 16331 16333 16329 16326 16328 16327 16328 16329 16328 16328 16325 144 8500 304 14609 
0 16326 16328 16328 16330 16329 16326 16327 16325 16328 16324 16327 16325 16325 16327 16325 16326 16331 16327 16325 16327 16328 16324 16327 16328 16326 16327 16324 16326 16329 16324 16325 16323 16328 16326 16326 16325 16324 16326 16327 16329 16325 16327 16326 16328 16329 16328 16324 16325 16325 16323 16323 16325 16327 16328 16327 16327 16328 16328 16326 16326 16323 16329 16349 16271 16370 16287 16358 16296 16346 16310 16342 16313 16335 16316 16331 16322 16330 16320 16330 16322 16324 16327 16323 16325 16327 16322 16330 16326 16324 16329 16326 16326 16327 16325 16328 16323 16322 16327 16329 16324 16325 16323 16326 16323 16327 16326 16329 16323 16325 16320 16328 16325 16320 16325 16321 16329 16329 16323 16322 16327 16327 16327 16330 16325 16328 16330 16327 16327 16325 16328 16323 16326 16328 16328 16329 16327 16324 16331 16326 16329 16324 16327 16325 16331 16327 16324 16327 16326 16326 16332 16327 16328 16328 16325 16327 16329 16328 16326 16327 16327 16329 16324 16328 16332 16326 16331 16328 16327 16317 16312 16326 16322 16328 16326 16327 16327 16328 16329 16326 16327 16325 16328 16335 16326 16326 16324 16326 16329 16324 16326 16324 16325 16327 16328 16328 16326 16325 16324 16325 16328 16328 16326 16327 16327 16326 16327 16326 16330 16331 16322 16325 16330 16322 16325 16325 16328 16331 16326 16325 16325 16323 16332 16323 16326 16327 16327 16326 16326 16326 16324 16328 16325 16327 16329 16326 16328 16324 16329 16326 16325 16327 16323 16329 16329 16320 16327 16328 16327 16326 16325 16325 16319 16323 16328 16326 16326 16324 149 6877 304 14609 
0 16326 16326 16324 16326 16324 16329 16325 16322 16327 16321 16326 16328 16325 16323 16325 16326 16323 16326 16324 16326 16327 16331 16325 16328 16328 16323 16324 16324 16329 16329 16328 16325 16326 16327 16327 16326 16326 16327 16324 16328 16324 16321 16323 16323 16324 16321 16328 16329 16327 16326 16324 16326 16321 16324 16324 16328 16323 16325 16322 16324 16325 16330 16334 16280 16364 16288 16351 16299 16344 16311 16333 16315 16336 16320 16327 16317 16323 16317 16326 16323 16325 16322 16328 16322 16322 16322 16327 16324 16324 16323 16325 16326 16323 16328 16324 16326 16324 16326 16318 16325 16326 16324 16327 16324 16325 16323 16323 16326 16318 16329 16323 16324 16321 16324 16321 16329 16321 16325 16326 16324 16324 16327 16324 16327 16327 16327 16331 16325 16324 16330 16325 16325 16327 16327 16327 16328 16328 16326 16325 16328 16328 16331 16327 16326 16325 16323 16324 16326 16327 16329 16324 16327 16328 16329 16325 16326 16327 16327 16323 16328 16324 16328 16326 16326 16327 16329 16321 16327 16324 16325 16325 16328 16326 16327 16329 16324 16325 16325 16326 16326 16325 16326 16324 16328 16328 16323 16325 16328 16325 16324 16328 16325 16324 16323 16324 16327 16328 16327 16325 16324 16326 16324 16327 16322 16324 16326 16329 16325 16325 16324 16326 16326 16324 16324 16328 16326 16325 16324 16324 16328 16324 16328 16324 16325 16323 16323 16326 16324 16327 16326 16325 16320 16328 16323 16328 16325 16327 16322 16324 16325 16325 16324 16322 16328 16326 16327 16321 16326 16325 16320 16325 16324 16323 16324 16321 16328 16324 159 3640 304 14609 
0 16325 16324 16321 16328 16324 16325 16325 16327 16325 16325 16325 16329 16327 16326 16326 16329 16323 16324 16325 16325 16327 16327 16322 16326 16326 16325 16323 16327 16325 16325 16327 16326 16325 16326 16325 16326 16326 16326 16323 16328 16324 16326 16328 16327 16325 16326 16326 16326 16325 16327 16328 16327 16327 16323 16327 16324 16324 16328 16324 16323 16327 16336 16321 16313 16342 16308 16340 16313 16333 16313 16333 16322 16329 16320 16329 16321 16328 16325 16324 16321 16326 16326 16328 16325 16323 16326 16325 16323 16323 16327 16324 16326 16325 16322 16328 16325 16326 16327 16320 16326 16320 16322 16326 16327 16324 16326 16328 16326 16320 16321 16323 16324 16325 16323 16320 16326 16321 16325 16327 16325 16325 16330 16324 16327 16325 16329 16327 16327 16327 16329 16328 16324 16326 16328 16326 16327 16325 16329 16331 16327 16325 16326 16324 16329 16327 16322 16324 16328 16327 16325 16329 16328 16326 16327 16323 16328 16330 16329 16326 16330 16327 16322 16328 16328 16326 16325 16325 16326 16328 16325 16326 16325 16325 16325 16328 16327 16327 16330 16327 16325 16328 16328 16325 16325 16331 16326 16329 16326 16325 16329 16326 16326 16325 16325 16323 16326 16327 16326 16326 16328 16325 16327 16325 16327 16329 16325 16326 16328 16327 16326 16325 16326 16328 16327 16321 16326 16327 16327 16324 16324 16323 16325 16325 16323 16325 16323 16325 16328 16328 16327 16325 16325 16324 16326 16326 16328 16326 16327 16323 16328 16327 16329 16327 16326 16327 16327 16326 16328 16330 16328 16326 16330 16327 16328 16329 16326 16326 164 4958 304 14609 
0 16330 16330 16331 16327 16333 16335 16330 16331 16331 16333 16329 16333 16328 16336 16333 16329 16331 16331 16334 16331 16331 16334 16328 16332 16331 16332 16334 16334 16331 16332 16332 16333 16330 16333 16338 16332 16338 16330 16336 16329 16332 16333 16331 16330 16331 16336 16329 16329 16338 16331 16332 16329 16333 16333 16332 16332 16332 16336 16331 16332 16336 16330 16329 16314 16325 16329 16332 16332 16332 16336 16336 16328 16330 16333 16332 16328 16334 16336 16331 16335 16334 16331 16331 16335 16326 16329 16331 16332 16333 16332 16335 16332 16330 16333 16333 16330 16330 16333 16331 16333 16329 16332 16334 16331 16331 16331 16333 16333 16335 16331 16332 16331 16329 16333 16334 16331 16327 16329 16327 16331 16331 16330 16333 16333 16330 16329 16334 16330 16335 16330 16329 16333 16331 16338 16331 16332 16328 16328 16329 16334 16334 16333 16328 16332 16331 16333 16334 16333 16330 16333 16332 16331 16335 16335 16331 16333 16334 16330 16333 16331 16333 16328 16333 16332 16333 16332 16331 16329 16330 16330 16331 16332 16332 16331 16333 16328 16333 16331 16332 16333 16332 16334 16329 16328 16329 16334 16333 16333 16334 16331 16331 16333 16332 16333 16335 16331 16331 16329 16336 16331 16330 16337 16329 16335 16331 16329 16335 16334 16333 16333 16331 16335 16332 16331 16332 16333 16334 16332 16329 16331 16332 16334 16332 16333 16331 16333 16331 16330 16333 16327 16331 16332 16334 16331 16332 16333 16328 16330 16334 16332 16335 16333 16333 16325 16332 16330 16332 16331 16332 16333 16334 16333 16334 16331 16332 16328 16329 169 2969 304 14609 
0 16331 16331 16333 16334 16332 16331 16331 16332 16332 16332 16334 16329 16333 16333 16331 16331 16330 16331 16333 16332 16330 16333 16329 16331 16329 16329 16333 16328 16328 16329 16330 16329 16329 16334 16331 16332 16332 16333 16333 16331 16330 16329 16327 16333 16332 16328 16336 16330 16330 16331 16332 16329 16332 16328 16329 16332 16333 16329 16335 16331 16333 16332 16367 16248 19 16268 16375 16295 16352 16312 16341 16320 16342 16319 16332 16320 16335 16323 16334 16323 16331 16327 16331 16332 16329 16331 16327 16328 16331 16329 16328 16330 16332 16335 16329 16332 16328 16329 16328 16329 16326 16327 16329 16329 16327 16336 16326 16328 16330 16331 16329 16327 16330 16332 16334 16331 16328 16334 16330 16331 16329 16331 16334 16334 16327 16334 16329 16329 16333 16332 16329 16333 16336 16332 16325 16329 16328 16334 16329 16329 16332 16331 16332 16333 16333 16327 16330 16330 16329 16333 16334 16333 16331 16330 16328 16332 16331 16329 16331 16329 16332 16328 16330 16333 16329 16333 16330 16332 16328 16330 16333 16333 16332 16330 16326 16332 16329 16331 16333 16331 16332 16333 16333 16327 16328 16328 16332 16329 16330 16326 16334 16331 16332 16330 16326 16330 16333 16328 16333 16332 16331 16329 16331 16327 16331 16328 16332 16333 16332 16327 16328 16329 16332 16327 16332 16339 16337 16327 16337 16327 16331 16332 16328 16332 16329 16329 16331 16332 16332 16330 16335 16331 16332 16331 16331 16331 16328 16331 16332 16328 16327 16329 16332 16329 16332 16326 16326 16330 16335 16331 16330 16327 16333 16330 16328 16329 16331 174 1227 304 14609 
0 16320 16323 16327 16326 16325 16327 16324 16324 16324 16323 16323 16327 16326 16326 16325 16323 16327 16325 16322 16325 16325 16329 16325 16328 16322 16326 16324 16325 16326 16324 16325 16326 16328 16329 16326 16325 16324 16323 16322 16327 16325 16325 16327 16327 16325 16326 16322 16323 16326 16326 16327 16326 16329 16326 16325 16325 16327 16326 16327 16325 16323 16325 16347 16304 16326 16338 16312 16333 16313 16333 16315 16331 16319 16330 16322 16324 16320 16327 16324 16323 16325 16327 16319 16323 16323 16328 16321 16330 16323 16324 16321 16326 16325 16327 16329 16325 16322 16326 16321 16324 16326 16324 16326 16322 16326 16322 16326 16315 16331 16318 16327 16321 16322 16320 16325 16326 16323 16327 16328 16321 16325 16327 16325 16330 16327 16327 16329 16323 16330 16324 16324 16329 16327 16328 16324 16327 16327 16325 16325 16329 16326 16327 16322 16321 16324 16321 16326 16324 16328 16323 16327 16327 16328 16325 16324 16328 16324 16325 16326 16326 16326 16327 16325 16325 16322 16327 16326 16325 16324 16326 16328 16329 16325 16328 16323 16325 16327 16325 16327 16328 16326 16325 16326 16327 16326 16328 16322 16323 16327 16323 16325 16326 16326 16327 16327 16330 16323 16329 16326 16325 16321 16329 16330 16326 16328 16324 16325 16329 16327 16326 16326 16325 16326 16326 16327 16327 16326 16327 16326 16329 16326 16328 16327 16324 16325 16326 16324 16327 16327 16325 16328 16329 16324 16328 16321 16328 16326 16324 16326 16322 16324 16328 16328 16326 16322 16328 16324 16327 16327 16326 16325 16329 16323 16325 16323 16325 16325 179 4503 304 14609 
0 16327 16325 16325 16325 16326 16326 16326 16325 16327 16326 16324 16324 16326 16324 16324 16321 16326 16326 16325 16321 16323 16328 16326 16322 16325 16326 16326 16326 16324 16323 16326 16324 16324 16325 16329 16327 16322 16327 16327 16324 16323 16326 16323 16327 16330 16324 16325 16320 16327 16324 16326 16324 16326 16324 16325 16326 16324 16326 16323 16327 16325 16324 16340 16287 16360 16295 16351 16303 16341 16312 16338 16316 16331 16322 16329 16321 16325 16321 16329 16322 16328 16324 16324 16324 16326 16321 16327 16321 16326 16326 16325 16319 16320 16319 16327 16322 16320 16322 16325 16325 16322 16322 16323 16326 16324 16324 16326 16322 16322 16324 16322 16323 16319 16319 16320 16324 16325 16326 16322 16322 16325 16323 16325 16320 16326 16324 16325 16324 16328 16325 16326 16327 16331 16324 16325 16323 16324 16324 16324 16320 16328 16326 16328 16326 16323 16326 16323 16328 16324 16324 16323 16325 16327 16326 16326 16327 16328 16327 16325 16327 16328 16325 16338 16335 16324 16324 16321 16324 16325 16326 16327 16328 16321 16326 16327 16326 16324 16327 16325 16327 16325 16326 16325 16326 16327 16328 16323 16326 16330 16327 16327 16327 16326 16328 16322 16325 16323 16325 16326 16328 16326 16325 16326 16324 16327 16323 16326 16327 16327 16328 16328 16326 16327 16324 16324 16324 16323 16324 16329 16325 16328 16327 16326 16322 16326 16326 16326 16326 16324 16325 16327 16325 16324 16327 16324 16324 16326 16325 16327 16324 16327 16322 16327 16324 16327 16324 16325 16327 16328 16323 16329 16321 16324 16321 16329 16323 16322 189 2247 304 14609 
0 16326 16325 16327 16324 16327 16323 16329 16328 16331 16327 16326 16334 16326 16326 16325 16326 16327 16325 16326 16327 16328 16326 16324 16328 16329 16329 16328 16328 16327 16327 16328 16328 16328 16326 16329 16335 16324 16327 16326 16328 16324 16327 16322 16330 16325 16332 16326 16325 16327 16326 16329 16329 16324 16330 16325 16329 16326 16328 16329 16324 16332 16323 16362 16256 16380 16283 16364 16297 16348 16309 16339 16314 16333 16324 16327 16321 16328 16326 16329 16323 16327 16325 16325 16326 16329 16323 16325 16329 16327 16325 16326 16326 16327 16326 16327 16327 16327 16325 16327 16328 16328 16326 16330 16327 16325 16328 16330 16330 16322 16320 16332 16321 16325 16319 16324 16326 16326 16326 16326 16323 16327 16329 16327 16325 16327 16328 16326 16325 16330 16329 16326 16331 16329 16331 16329 16329 16327 16329 16327 16327 16326 16327 16328 16325 16329 16327 16329 16327 16327 16327 16332 16330 16331 16329 16330 16330 16329 16325 16325 16326 16325 16329 16326 16329 16325 16332 16327 16330 16328 16331 16326 16328 16328 16327 16328 16329 16322 16327 16330 16327 16326 16330 16328 16331 16326 16328 16325 16328 16327 16328 16330 16326 16327 16324 16327 16329 16324 16331 16326 16326 16328 16328 16325 16328 16327 16332 16330 16327 16332 16327 16326 16329 16326 16327 16327 16327 16326 16326 16326 16323 16326 16327 16326 16328 16325 16328 16328 16324 16329 16329 16327 16329 16327 16329 16328 16328 16328 16327 16324 16329 16328 16328 16325 16326 16330 16327 16327 16327 16328 16332 16324 16326 16328 16327 16322 16328 16326 194 3080 304 14609 
0 16327 16326 16324 16327 16325 16326 16325 16324 16327 16325 16329 16325 16330 16324 16327 16326 16323 16330 16328 16324 16326 16325 16327 16325 16326 16326 16327 16326 16329 16328 16325 16326 16327 16329 16326 16324 16326 16324 16328 16327 16328 16325 16327 16327 16324 16327 16325 16323 16325 16326 16327 16324 16326 16329 16323 16325 16322 16329 16325 16328 16329 16324 16351 16306 16337 16334 16319 16334 16314 16332 16317 16327 16319 16325 16322 16326 16327 16322 16327 16326 16325 16330 16326 16327 16320 16326 16327 16331 16325 16324 16330 16328 16326 16326 16329 16325 16328 16329 16326 16323 16323 16325 16326 16323 16324 16328 16326 16323 16328 16317 16333 16320 16329 16325 16323 16326 16322 16325 16329 16324 16327 16327 16324 16330 16326 16332 16327 16330 16328 16329 16321 16331 16321 16328 16329 16329 16328 16329 16329 16328 16325 16325 16328 16329 16327 16326 16324 16329 16326 16326 16329 16327 16328 16325 16328 16329 16326 16325 16324 16326 16328 16329 16328 16323 16328 16326 16328 16327 16328 16323 16326 16326 16328 16324 16327 16329 16324 16328 16325 16327 16326 16328 16327 16328 16330 16327 16327 16323 16327 16325 16329 16326 16327 16324 16325 16325 16329 16326 16328 16327 16329 16328 16329 16327 16323 16323 16328 16325 16329 16328 16323 16325 16327 16324 16330 16326 16329 16328 16326 16326 16330 16328 16330 16328 16326 16325 16328 16328 16329 16327 16327 16322 16326 16328 16325 16324 16329 16325 16329 16323 16328 16323 16324 16325 16324 16324 16325 16325 16331 16325 16325 16329 16324 16328 16328 16326 16325 199 1945 304 14609 
0 16326 16325 16322 16331 16323 16329 16325 16324 16327 16327 16326 16322 16325 16324 16326 16326 16327 16327 16329 16325 16327 16324 16325 16329 16326 16324 16327 16325 16324 16326 16326 16325 16328 16323 16322 16328 16324 16325 16326 16328 16327 16327 16323 16327 16327 16326 16325 16324 16327 16322 16322 16328 16326 16322 16328 16327 16328 16327 16327 16325 16324 16324 16370 16252 8 16290 16357 16303 16345 16313 16335 16316 16337 16319 16329 16320 16328 16326 16326 16323 16330 16324 16324 16323 16326 16326 16326 16323 16323 16324 16326 16325 16322 16327 16326 16326 16326 16325 16328 16327 16323 16324 16329 16326 16325 16327 16325 16321 16327 16325 16327 16322 16327 16317 16327 16328 16322 16325 16323 16325 16326 16323 16329 16326 16330 16324 16327 16326 16331 16325 16325 16326 16328 16328 16325 16326 16329 16325 16325 16326 16327 16326 16323 16322 16324 16323 16331 16326 16328 16326 16326 16328 16326 16328 16331 16326 16331 16329 16329 16325 16327 16329 16326 16326 16330 16327 16327 16328 16329 16326 16324 16325 16326 16327 16327 16325 16326 16327 16325 16328 16328 16328 16325 16326 16326 16324 16327 16326 16327 16328 16326 16324 16328 16326 16327 16327 16323 16326 16326 16326 16328 16322 16326 16327 16325 16328 16327 16326 16327 16325 16326 16326 16329 16326 16328 16326 16327 16326 16332 16328 16325 16328 16322 16326 16328 16326 16332 16321 16329 16328 16324 16326 16323 16327 16326 16328 16328 16324 16321 16324 16324 16325 16328 16323 16326 16322 16327 16328 16326 16327 16322 16324 16327 16323 16324 16324 16323 204 329 304 14609 
0 16325 16325 16324 16322 16325 16327 16326 16328 16325 16330 16324 16327 16328 16327 16323 16325 16326 16327 16327 16325 16326 16330 16323 16323 16325 16323 16327 16327 16323 16326 16323 16327 16326 16322 16325 16324 16324 16326 16326 16325 16324 16323 16323 16324 16324 16327 16326 16326 16327 16325 16329 16324 16321 16329 16326 16327 16325 16326 16329 16326 16327 16320 16371 16244 11 16274 16366 16299 16351 16309 16341 16316 16332 16321 16327 16321 16330 16323 16326 16324 16328 16322 16324 16325 16323 16325 16327 16326 16323 16324 16327 16329 16326 16326 16325 16327 16327 16323 16324 16325 16326 16321 16325 16329 16321 16327 16328 16326 16324 16316 16330 16321 16326 16321 16326 16322 16329 16322 16327 16323 16324 16329 16327 16326 16326 16326 16328 16327 16327 16330 16325 16327 16330 16329 16327 16327 16330 16328 16327 16327 16334 16332 16324 16329 16326 16327 16327 16327 16324 16326 16329 16329 16327 16329 16327 16330 16327 16325 16326 16330 16328 16330 16326 16330 16327 16325 16325 16329 16327 16321 16330 16324 16329 16323 16324 16327 16329 16325 16327 16329 16324 16329 16325 16329 16326 16330 16324 16326 16330 16325 16325 16329 16324 16326 16325 16331 16327 16324 16327 16327 16325 16327 16325 16324 16327 16326 16323 16328 16326 16328 16329 16329 16328 16325 16323 16325 16325 16327 16324 16326 16327 16328 16323 16324 16324 16330 16326 16326 16326 16326 16327 16326 16332 16327 16327 16329 16326 16329 16326 16324 16325 16325 16328 16324 16326 16322 16324 16328 16332 16325 16323 16330 16324 16326 16327 16326 16323 208 15096 304 14609 
0 16324 16323 16325 16323 16327 16324 16324 16324 16326 16327 16324 16326 16326 16322 16324 16326 16326 16327 16326 16326 16326 16327 16323 16326 16324 16326 16321 16324 16324 16326 16326 16327 16322 16326 16331 16321 16325 16325 16325 16324 16324 16324 16324 16328 16326 16323 16326 16327 16324 16324 16322 16325 16323 16321 16326 16321 16325 16324 16323 16337 16322 16323 16340 16309 16340 16311 16336 16311 16331 16320 16328 16322 16323 16321 16325 16323 16323 16324 16326 16323 16328 16324 16324 16321 16325 16322 16324 16324 16326 16325 16328 16327 16321 16323 16325 16327 16327 16323 16326 16319 16325 16327 16325 16326 16324 16323 16328 16325 16320 16329 16320 16321 16320 16327 16320 16324 16322 16326 16324 16323 16324 16327 16326 16323 16324 16324 16329 16326 16327 16330 16330 16328 16324 16326 16327 16326 16324 16328 16327 16324 16328 16327 16324 16323 16324 16326 16324 16327 16325 16327 16328 16323 16325 16327 16329 16323 16327 16323 16324 16322 16327 16327 16330 16325 16325 16327 16325 16325 16324 16327 16327 16326 16323 16325 16326 16322 16327 16324 16326 16328 16324 16325 16325 16324 16329 16324 16324 16327 16325 16324 16324 16324 16324 16323 16324 16326 16319 16321 16324 16328 16322 16326 16324 16327 16323 16322 16325 16323 16327 16325 16324 16329 16325 16326 16324 16324 16329 16324 16325 16327 16326 16328 16326 16322 16324 16323 16324 16322 16327 16318 16330 16324 16327 16328 16325 16324 16324 16325 16327 16327 16328 16324 16324 16327 16322 16324 16325 16324 16326 16324 16328 16324 16324 16325 16326 16324 16325 218 6962 304 14609 
0 16332 16330 16335 16336 16332 16331 16332 16334 16332 16331 16331 16331 16333 16334 16328 16330 16333 16332 16332 16334 16333 16330 16329 16335 16332 16331 16331 16334 16332 16328 16334 16335 16334 16332 16332 16333 16332 16333 16331 16331 16332 16331 16338 16331 16329 16328 16333 16336 16330 16332 16333 16333 16332 16331 16334 16335 16331 16330 16333 16333 16333 16330 16359 16265 0 16287 16368 16304 16356 16314 16344 16323 16342 16323 16334 16325 16336 16330 16330 16329 16332 16331 16330 16334 16335 16333 16332 16332 16335 16329 16330 16331 16334 16331 16334 16331 16330 16326 16328 16333 16332 16329 16331 16333 16332 16331 16333 16333 16330 16322 16338 16322 16336 16328 16332 16327 16336 16332 16331 16329 16334 16329 16328 16336 16331 16334 16330 16336 16335 16336 16336 16334 16334 16335 16332 16331 16333 16329 16332 16334 16329 16338 16333 16334 16333 16335 16331 16333 16332 16331 16332 16335 16331 16334 16333 16332 16331 16331 16333 16331 16332 16331 16330 16333 16331 16336 16331 16331 16334 16333 16330 16329 16332 16335 16334 16336 16335 16337 16337 16332 16333 16336 16329 16333 16332 16333 16334 16332 16332 16337 16332 16333 16331 16335 16331 16335 16333 16330 16333 16335 16332 16334 16332 16332 16333 16332 16332 16335 16331 16337 16332 16332 16332 16333 16333 16331 16335 16333 16335 16334 16331 16336 16332 16334 16335 16330 16334 16334 16332 16335 16333 16333 16332 16336 16332 16335 16334 16333 16332 16334 16335 16328 16332 16332 16330 16333 16336 16333 16333 16332 16331 16329 16316 16331 16329 16334 16333 223 7790 304 14609 
0 16329 16329 16327 16326 16323 16325 16327 16325 16327 16326 16327 16327 16327 16326 16325 16323 16325 16322 16327 16324 16324 16322 16326 16323 16322 16328 16327 16328 16325 16325 16327 16328 16325 16325 16324 16327 16327 16324 16329 16324 16327 16323 16327 16325 16327 16322 16324 16327 16331 16321 16329 16324 16327 16326 16328 16328 16324 16325 16323 16324 16327 16333 16333 16287 16361 16286 16352 16299 16342 16314 16339 16317 16332 16317 16332 16320 16328 16326 16328 16322 16323 16322 16328 16321 16328 16323 16327 16322 16325 16322 16327 16326 16325 16327 16326 16324 16326 16325 16324 16322 16326 16323 16324 16328 16326 16326 16325 16323 16322 16323 16323 16325 16322 16323 16326 16322 16325 16324 16327 16325 16326 16325 16330 16327 16326 16331 16326 16329 16329 16324 16327 16327 16328 16326 16328 16324 16323 16329 16324 16328 16326 16325 16326 16327 16326 16330 16328 16330 16325 16329 16327 16328 16327 16328 16326 16328 16326 16323 16331 16331 16325 16323 16327 16323 16324 16322 16323 16324 16325 16327 16326 16328 16324 16329 16326 16326 16326 16327 16327 16322 16327 16325 16329 16326 16328 16331 16330 16330 16327 16326 16325 16331 16328 16325 16329 16326 16325 16327 16325 16323 16328 16324 16323 16330 16327 16330 16327 16327 16327 16325 16326 16327 16325 16327 16327 16325 16329 16327 16325 16324 16326 16327 16325 16328 16325 16327 16328 16328 16322 16327 16326 16326 16328 16326 16324 16326 16325 16329 16326 16324 16328 16326 16328 16322 16324 16324 16328 16326 16327 16327 16327 16326 16327 16328 16322 16324 16326 228 6171 304 14609 
0 16327 16321 16321 16325 16328 16327 16323 16327 16326 16325 16326 16326 16329 16325 16324 16323 16330 16325 16329 16327 16326 16323 16324 16328 16326 16329 16326 16322 16326 16325 16326 16323 16324 16329 16323 16322 16321 16328 16326 16324 16321 16324 16327 16325 16322 16326 16323 16325 16326 16324 16326 16322 16324 16322 16324 16328 16323 16323 16326 16322 16328 16320 16365 16245 6 16273 16363 16294 16347 16304 16340 16317 16332 16314 16326 16319 16325 16321 16327 16320 16327 16321 16326 16321 16324 16324 16327 16324 16322 16322 16326 16323 16326 16320 16325 16325 16322 16323 16323 16319 16322 16326 16323 16324 16325 16325 16326 16321 16327 16321 16323 16322 16326 16321 16329 16321 16324 16322 16326 16320 16324 16325 16323 16321 16323 16325 16323 16323 16324 16328 16326 16326 16325 16321 16327 16326 16326 16325 16326 16326 16324 16322 16328 16327 16324 16325 16326 16324 16323 16324 16329 16325 16328 16322 16327 16323 16328 16326 16328 16324 16327 16325 16328 16323 16323 16328 16323 16324 16325 16327 16323 16321 16327 16324 16328 16327 16326 16328 16326 16327 16322 16326 16324 16324 16326 16324 16322 16328 16321 16325 16325 16324 16326 16326 16325 16324 16327 16326 16327 16328 16326 16325 16326 16324 16329 16326 16325 16325 16323 16319 16326 16327 16327 16325 16321 16324 16327 16326 16327 16325 16323 16325 16326 16326 16327 16326 16326 16328 16324 16325 16325 16324 16328 16330 16326 16323 16325 16322 16328 16324 16327 16323 16324 16326 16325 16327 16325 16328 16326 16325 16323 16324 16324 16321 16323 16324 16324 233 4551 304 14609 
0 16323 16326 16324 16326 16326 16328 16326 16324 16325 16325 16326 16322 16327 16325 16324 16328 16326 16339 16279 16364 16282 16356 16297 16347 16308 16337 16317 16334 16320 16332 16320 16327 16323 16324 16325 16327 16323 16327 16323 16327 16323 16326 16324 16326 16324 16324 16324 16323 16324 16328 16325 16328 16324 16322 16323 16325 16324 16323 16327 16326 16323 16331 16320 16313 16328 16323 16327 16325 16324 16326 16325 16323 16323 16324 16322 16325 16326 16326 16326 16325 16325 16333 16326 16330 16326 16325 16324 16328 16328 16324 16326 16323 16328 16324 16328 16325 16322 16328 16327 16327 16326 16328 16322 16330 16329 16324 16326 16326 16324 16325 16326 16326 16324 16329 16326 16327 16326 16325 16327 16324 16321 16325 16322 16327 16325 16324 16329 16327 16326 16324 16325 16325 16326 16326 16325 16328 16324 16325 16328 16328 16323 16325 16327 16325 16325 16327 16326 16325 16326 16325 16324 16326 16322 16326 16323 16327 16327 16324 16324 16324 16321 16328 16325 16325 16325 16325 16324 16327 16328 16326 16323 16327 16325 16322 16328 16325 16327 16326 16326 16328 16329 16324 16325 16329 16325 16326 16326 16323 16325 16326 16326 16321 16322 16317 16320 16327 16325 16328 16324 16329 16328 16325 16326 16321 16324 16327 16328 16321 16324 16323 16325 16321 16325 16326 16321 16322 16322 16327 16321 16327 16322 16328 16324 16326 16327 16323 16325 16322 16328 16326 16326 16323 16327 16327 16323 16325 16324 16325 16324 16326 16327 16325 16327 16327 16328 16326 16326 16323 16327 16327 16324 16325 16327 16325 16328 16324 16325 238 5426 304 14609 
0 16325 16329 16324 16327 16322 16323 16324 16327 16326 16322 16325 16324 16326 16326 16323 16326 16325 16323 16327 16324 16324 16324 16329 16326 16325 16328 16328 16327 16326 16323 16328 16327 16326 16327 16325 16324 16327 16323 16327 16327 16324 16324 16327 16324 16326 16325 16328 16325 16328 16330 16328 16328 16326 16325 16330 16324 16325 16326 16326 16325 16327 16325 16321 16312 16325 16322 16325 16326 16327 16324 16328 16327 16325 16325 16328 16325 16326 16323 16327 16324 16329 16324 16323 16327 16324 16324 16324 16326 16327 16327 16327 16324 16326 16321 16327 16327 16327 16328 16327 16328 16329 16328 16326 16322 16327 16324 16326 16326 16326 16324 16325 16327 16324 16326 16327 16325 16323 16326 16328 16324 16322 16327 16325 16324 16325 16323 16326 16324 16326 16322 16330 16329 16327 16326 16327 16326 16326 16323 16327 16324 16324 16321 16327 16325 16326 16328 16331 16325 16325 16331 16325 16326 16325 16327 16327 16325 16324 16324 16326 16328 16321 16327 16329 16327 16323 16325 16327 16325 16328 16327 16326 16325 16328 16326 16326 16327 16326 16327 16323 16321 16327 16325 16327 16326 16327 16329 16330 16326 16326 16331 16327 16326 16324 16325 16327 16328 16326 16326 16324 16327 16325 16324 16328 16328 16325 16323 16326 16326 16329 16327 16324 16326 16324 16347 16294 16356 16320 16336 16321 16326 16328 16325 16327 16324 16322 16326 16324 16324 16326 16327 16326 16321 16327 16325 16327 16326 16326 16326 16327 16322 16326 16328 16326 16323 16323 16317 16328 16325 16327 16328 16326 16325 16328 16324 16326 16325 16326 247 15437 304 14609 
0 16323 16323 16323 16328 16325 16324 16324 16323 16323 16325 16328 16327 16325 16325 16322 16328 16325 16324 16324 16326 16324 16323 16324 16324 16327 16328 16327 16324 16326 16323 16323 16324 16320 16325 16323 16321 16325 16325 16320 16327 16318 16325 16324 16320 16324 16323 16325 16322 16326 16325 16324 16326 16323 16327 16321 16327 16322 16324 16327 16322 16325 16324 16350 16290 16353 16319 16329 16322 16322 16323 16319 16325 16324 16321 16321 16321 16320 16322 16323 16323 16322 16324 16323 16323 16323 16328 16321 16321 16327 16324 16325 16324 16322 16324 16323 16323 16328 16324 16321 16325 16322 16322 16323 16323 16326 16320 16321 16324 16322 16316 16329 16319 16328 16320 16322 16314 16324 16320 16327 16323 16321 16327 16325 16323 16325 16323 16325 16324 16325 16326 16328 16324 16326 16328 16328 16325 16326 16323 16324 16328 16322 16325 16324 16325 16324 16324 16321 16324 16323 16325 16322 16324 16329 16327 16326 16323 16327 16325 16328 16326 16322 16325 16323 16325 16326 16323 16329 16327 16327 16323 16325 16325 16325 16324 16326 16321 16324 16326 16324 16331 16325 16322 16328 16327 16331 16326 16326 16319 16322 16322 16324 16330 16322 16325 16328 16326 16325 16322 16325 16328 16328 16328 16326 16322 16327 16325 16325 16328 16324 16325 16322 16327 16325 16324 16325 16323 16323 16327 16322 16324 16326 16326 16325 16324 16321 16328 16326 16327 16330 16323 16322 16325 16327 16322 16326 16322 16324 16327 16323 16326 16322 16326 16322 16323 16322 16322 16324 16325 16323 16327 16325 16324 16325 16322 16324 16322 16324 253 2480 304 14609 
0 16327 16324 16326 16330 16324 16326 16326 16326 16326 16319 16324 16325 16324 16321 16322 16321 16325 16324 16320 16324 16325 16326 16324 16326 16322 16325 16325 16328 16323 16326 16323 16324 16323 16326 16325 16320 16327 16322 16325 16323 16321 16324 16326 16325 16325 16327 16325 16323 16323 16322 16324 16326 16323 16327 16326 16321 16320 16325 16322 16324 16323 16324 16368 16243 10 16277 16360 16301 16344 16308 16335 16314 16329 16316 16330 16319 16324 16324 16327 16321 16325 16322 16325 16323 16328 16326 16323 16319 16322 16319 16324 16325 16323 16327 16322 16320 16322 16325 16325 16326 16323 16325 16323 16329 16324 16326 16326 16325 16324 16314 16328 16319 16326 16321 16325 16323 16324 16324 16322 16324 16323 16322 16326 16327 16322 16328 16324 16327 16327 16326 16329 16326 16328 16326 16327 16328 16322 16325 16325 16329 16323 16323 16329 16319 16323 16328 16324 16324 16329 16325 16323 16330 16327 16325 16328 16323 16326 16325 16323 16324 16327 16326 16326 16323 16325 16324 16326 16326 16325 16324 16324 16326 16326 16324 16324 16328 16326 16326 16323 16320 16323 16323 16323 16326 16327 16327 16326 16325 16327 16324 16327 16328 16325 16323 16320 16326 16329 16327 16324 16323 16329 16326 16324 16321 16326 16326 16326 16325 16327 16324 16325 16323 16324 16326 16327 16323 16328 16326 16323 16323 16324 16324 16327 16323 16326 16326 16327 16327 16327 16328 16326 16327 16322 16328 16325 16323 16322 16327 16322 16323 16322 16321 16325 16327 16327 16326 16327 16325 16325 16324 16325 16326 16322 16325 16325 16323 16324 258 2332 304 14609 
0 16333 16326 16325 16328 16330 16328 16327 16329 16328 16331 16325 16328 16328 16326 16327 16330 16327 16329 16329 16326 16330 16328 16329 16327 16330 16331 16327 16327 16332 16330 16331 16330 16328 16327 16331 16327 16331 16327 16328 16329 16329 16326 16327 16327 16323 16328 16326 16329 16333 16327 16330 16328 16327 16330 16329 16327 16327 16325 16329 16328 16330 16334 16327 16316 16315 16326 16327 16329 16329 16332 16332 16332 16331 16326 16327 16331 16329 16330 16331 16327 16327 16328 16327 16331 16329 16327 16330 16328 16326 16327 16327 16329 16330 16327 16332 16329 16332 16332 16329 16332 16329 16329 16332 16327 16333 16335 16330 16330 16327 16333 16327 16331 16328 16332 16328 16333 16331 16331 16331 16329 16328 16329 16328 16327 16329 16328 16327 16331 16327 16333 16329 16330 16328 16326 16331 16328 16329 16330 16329 16327 16329 16332 16330 16325 16331 16326 16331 16325 16329 16328 16330 16327 16329 16329 16332 16329 16330 16331 16328 16329 16331 16331 16330 16327 16329 16328 16333 16330 16332 16329 16332 16326 16329 16332 16332 16329 16328 16329 16328 16331 16329 16330 16331 16331 16329 16327 16328 16329 16331 16332 16329 16332 16328 16329 16331 16326 16330 16329 16327 16332 16328 16329 16328 16331 16329 16325 16331 16331 16335 16327 16331 16329 16331 16332 16332 16330 16331 16326 16330 16331 16332 16331 16329 16332 16328 16327 16326 16328 16328 16326 16329 16328 16333 16331 16331 16329 16327 16332 16327 16331 16329 16335 16328 16333 16332 16331 16330 16330 16331 16333 16333 16329 16332 16333 16329 16333 16331 263 1932 304 14609 
0 16324 16324 16324 16322 16323 16324 16328 16326 16321 16327 16324 16322 16323 16323 16322 16327 16323 16324 16325 16322 16324 16326 16327 16327 16324 16324 16323 16328 16324 16320 16322 16326 16326 16320 16323 16321 16327 16322 16328 16325 16323 16324 16324 16323 16323 16322 16324 16323 16324 16327 16327 16321 16325 16322 16328 16322 16324 16323 16321 16321 16324 16322 16377 16250 6 16285 16356 16299 16339 16312 16332 16318 16328 16319 16322 16320 16322 16321 16322 16324 16321 16321 16326 16320 16321 16320 16321 16323 16321 16324 16323 16322 16323 16321 16321 16325 16322 16322 16324 16327 16321 16325 16324 16322 16322 16320 16322 16312 16331 16320 16327 16321 16321 16320 16324 16322 16323 16322 16327 16326 16321 16326 16326 16322 16329 16323 16328 16325 16328 16320 16326 16324 16325 16331 16324 16323 16324 16324 16322 16326 16326 16323 16319 16328 16326 16326 16323 16329 16326 16322 16322 16326 16327 16326 16326 16324 16328 16325 16326 16323 16327 16325 16326 16325 16324 16324 16326 16325 16324 16327 16326 16326 16326 16324 16325 16324 16323 16324 16326 16325 16324 16323 16325 16324 16322 16323 16323 16323 16327 16323 16320 16323 16324 16326 16323 16325 16323 16323 16320 16326 16325 16323 16328 16325 16327 16324 16326 16325 16324 16326 16325 16325 16324 16324 16324 16324 16321 16325 16322 16327 16327 16326 16324 16325 16322 16325 16320 16324 16324 16322 16326 16326 16329 16325 16322 16327 16329 16327 16321 16325 16323 16323 16322 16324 16326 16325 16325 16328 16325 16326 16324 16324 16325 16325 16326 16325 16323 268 3496 304 14609 
0 16328 16325 16327 16324 16327 16325 16326 16328 16327 16329 16328 16326 16328 16326 16326 16325 16327 16326 16326 16327 16327 16327 16324 16329 16326 16325 16323 16326 16324 16326 16325 16328 16329 16326 16320 16326 16328 16323 16325 16327 16323 16326 16327 16327 16323 16326 16325 16328 16325 16324 16325 16327 16325 16324 16329 16328 16327 16324 16325 16329 16326 16321 16371 16243 12 16278 16361 16295 16345 16307 16338 16316 16333 16317 16329 16320 16328 16322 16325 16323 16323 16324 16323 16323 16326 16325 16327 16328 16324 16327 16327 16328 16329 16325 16325 16328 16325 16325 16323 16323 16327 16327 16324 16328 16328 16325 16326 16325 16325 16315 16332 16321 16324 16319 16325 16323 16323 16322 16325 16323 16324 16324 16331 16327 16326 16324 16326 16332 16327 16326 16328 16325 16323 16326 16326 16326 16326 16331 16327 16325 16325 16326 16328 16322 16325 16325 16325 16325 16324 16327 16326 16327 16326 16327 16325 16334 16327 16328 16326 16325 16326 16329 16324 16326 16327 16326 16325 16328 16329 16326 16327 16329 16326 16328 16323 16324 16328 16322 16328 16324 16324 16330 16328 16320 16328 16323 16324 16326 16325 16324 16324 16326 16327 16328 16320 16327 16325 16328 16326 16325 16327 16328 16326 16325 16328 16327 16328 16326 16325 16323 16327 16322 16325 16326 16328 16328 16328 16324 16325 16324 16325 16327 16326 16328 16328 16326 16330 16325 16326 16324 16328 16326 16327 16324 16326 16325 16323 16327 16321 16325 16320 16326 16326 16324 16322 16324 16321 16324 16324 16323 16326 16324 16324 16324 16324 16326 16323 278 11517 304 14609 
0 16327 16326 16325 16326 16328 16323 16327 16325 16327 16321 16325 16329 16328 16323 16328 16322 16325 16325 16324 16327 16324 16325 16331 16326 16326 16327 16324 16327 16325 16326 16328 16328 16330 16322 16327 16328 16326 16324 16327 16329 16324 16328 16326 16328 16322 16327 16326 16325 16328 16326 16329 16326 16331 16326 16324 16327 16322 16324 16326 16337 16317 16323 16339 16313 16336 16310 16333 16315 16328 16313 16332 16323 16328 16322 16327 16325 16326 16321 16326 16324 16325 16323 16323 16322 16327 16323 16326 16325 16324 16324 16322 16322 16322 16323 16324 16324 16324 16326 16320 16326 16322 16323 16327 16326 16324 16329 16324 16319 16328 16317 16327 16319 16322 16323 16332 16322 16327 16327 16323 16323 16326 16324 16324 16324 16327 16328 16326 16327 16327 16323 16329 16326 16325 16329 16325 16326 16328 16324 16328 16325 16324 16328 16324 16322 16329 16327 16322 16326 16324 16324 16324 16325 16323 16328 16327 16327 16329 16320 16325 16325 16326 16327 16324 16324 16326 16328 16331 16321 16324 16330 16325 16324 16327 16325 16326 16324 16325 16323 16326 16329 16327 16328 16327 16325 16327 16323 16325 16328 16329 16329 16326 16322 16327 16324 16328 16327 16323 16325 16325 16328 16326 16326 16325 16327 16322 16325 16323 16327 16323 16325 16325 16324 16330 16325 16326 16324 16327 16328 16323 16326 16327 16326 16325 16326 16326 16327 16325 16326 16328 16328 16325 16328 16324 16325 16327 16327 16324 16324 16328 16322 16323 16324 16325 16323 16325 16323 16328 16322 16323 16327 16323 16324 16324 16324 16329 16328 16323 283 13817 304 14609 
0 16325 16324 16325 16324 16326 16328 16325 16328 16326 16327 16323 16327 16327 16326 16323 16327 16326 16329 16327 16325 16331 16326 16324 16326 16323 16328 16327 16324 16323 16327 16324 16324 16325 16324 16329 16325 16326 16326 16324 16323 16327 16326 16326 16328 16325 16326 16323 16323 16324 16325 16322 16327 16326 16327 16325 16324 16325 16325 16325 16324 16322 16327 16356 16281 16365 16307 16337 16316 16330 16322 16321 16324 16323 16323 16324 16324 16322 16326 16324 16326 16324 16325 16328 16331 16324 16326 16327 16323 16324 16326 16327 16320 16322 16325 16327 16326 16321 16325 16322 16327 16324 16323 16323 16324 16324 16325 16319 16326 16324 16324 16317 16330 16322 16322 16324 16322 16326 16324 16325 16327 16323 16323 16323 16325 16329 16327 16327 16324 16327 16327 16327 16326 16329 16324 16325 16329 16330 16323 16325 16328 16328 16324 16325 16326 16326 16324 16325 16328 16318 16327 16327 16325 16328 16326 16325 16324 16323 16329 16327 16325 16324 16328 16324 16324 16325 16323 16326 16326 16325 16324 16326 16325 16322 16326 16322 16325 16319 16326 16325 16327 16325 16326 16325 16330 16330 16325 16321 16324 16329 16327 16325 16322 16325 16325 16324 16327 16323 16328 16326 16321 16324 16326 16327 16329 16329 16324 16325 16328 16327 16327 16323 16323 16325 16329 16326 16328 16330 16328 16322 16325 16325 16324 16327 16327 16326 16323 16325 16324 16323 16326 16325 16325 16323 16326 16326 16325 16323 16329 16324 16325 16327 16325 16324 16325 16325 16324 16325 16321 16329 16323 16324 16327 16324 16324 16325 16327 16326 288 13174 304 14609 
0 16334 16333 16333 16333 16331 16330 16332 16335 16334 16330 16335 16329 16331 16334 16331 16331 16330 16335 16334 16332 16334 16332 16335 16331 16333 16334 16332 16335 16332 16332 16335 16332 16331 16330 16331 16334 16330 16331 16334 16330 16328 16332 16331 16329 16334 16338 16336 16331 16331 16331 16332 16341 16326 16331 16335 16331 16328 16333 16331 16333 16338 16331 16368 16264 7 16286 16371 16301 16360 16319 16346 16319 16343 16328 16336 16325 16338 16328 16332 16329 16335 16332 16331 16336 16332 16334 16329 16329 16335 16330 16330 16333 16331 16334 16332 16334 16333 16330 16332 16334 16334 16331 16334 16334 16330 16333 16330 16336 16331 16326 16342 16327 16335 16329 16326 16328 16333 16327 16333 16330 16333 16336 16330 16333 16332 16334 16333 16331 16337 16336 16333 16333 16332 16334 16336 16333 16332 16339 16330 16334 16337 16338 16330 16332 16335 16331 16334 16333 16331 16336 16333 16330 16337 16335 16335 16335 16335 16333 16335 16332 16332 16332 16332 16334 16335 16335 16333 16331 16336 16333 16336 16331 16330 16332 16328 16333 16338 16329 16329 16335 16336 16332 16333 16331 16332 16333 16330 16330 16332 16333 16333 16331 16332 16330 16331 16331 16330 16332 16331 16330 16332 16332 16330 16331 16334 16333 16331 16333 16335 16336 16333 16334 16338 16330 16331 16335 16329 16328 16328 16335 16333 16332 16331 16332 16333 16334 16331 16331 16335 16331 16330 16332 16330 16330 16333 16330 16335 16329 16331 16333 16332 16330 16328 16331 16332 16333 16331 16332 16332 16330 16335 16332 16332 16335 16329 16330 16332 293 11561 304 14609 
0 16327 16326 16325 16330 16324 16323 16322 16326 16323 16328 16325 16326 16319 16327 16326 16326 16325 16330 16326 16324 16326 16328 16327 16324 16325 16327 16326 16327 16322 16327 16329 16326 16328 16326 16323 16330 16322 16327 16327 16327 16326 16327 16325 16328 16326 16325 16330 16328 16328 16329 16324 16326 16322 16331 16325 16329 16325 16327 16326 16329 16327 16324 16366 16268 16378 16305 16347 16311 16332 16318 16332 16324 16328 16322 16324 16324 16325 16324 16325 16325 16327 16329 16326 16326 16321 16321 16323 16324 16324 16324 16325 16327 16324 16324 16323 16328 16324 16323 16325 16327 16326 16324 16323 16324 16328 16326 16325 16326 16321 16327 16322 16329 16317 16326 16323 16330 16324 16322 16321 16326 16325 16322 16329 16327 16326 16328 16327 16326 16326 16324 16329 16330 16327 16330 16329 16331 16328 16324 16327 16329 16326 16327 16325 16325 16327 16328 16324 16324 16328 16329 16325 16327 16329 16329 16323 16325 16327 16324 16326 16327 16325 16331 16322 16328 16329 16326 16328 16327 16322 16328 16326 16329 16328 16326 16325 16325 16325 16329 16326 16327 16323 16325 16326 16326 16321 16326 16325 16327 16327 16326 16322 16326 16328 16327 16322 16328 16330 16327 16324 16321 16326 16326 16325 16325 16327 16323 16325 16327 16325 16329 16324 16327 16326 16328 16326 16327 16326 16328 16327 16329 16327 16326 16324 16325 16331 16328 16325 16328 16323 16329 16325 16326 16325 16326 16322 16326 16327 16325 16321 16327 16325 16324 16323 16326 16324 16327 16325 16325 16326 16328 16326 16323 16329 16324 16329 16324 16324 298 10922 304 14609 
0 16323 16323 16326 16325 16323 16326 16324 16325 16323 16326 16324 16321 16324 16325 16324 16324 16325 16327 16324 16323 16326 16325 16325 16324 16326 16324 16323 16326 16322 16322 16323 16324 16321 16317 16327 16323 16327 16325 16327 16323 16325 16324 16324 16322 16328 16326 16322 16323 16325 16325 16328 16323 16320 16324 16325 16323 16325 16323 16326 16322 16325 16323 16369 16246 4 16274 16361 16296 16344 16308 16337 16315 16329 16317 16329 16318 16326 16322 16322 16319 16329 16321 16326 16323 16324 16328 16326 16323 16323 16321 16327 16323 16328 16322 16322 16325 16322 16324 16324 16322 16326 16322 16317 16319 16322 16316 16325 16324 16320 16320 16324 16320 16328 16319 16325 16317 16324 16322 16325 16321 16325 16318 16321 16324 16325 16324 16327 16323 16324 16326 16328 16330 16326 16325 16327 16327 16324 16323 16323 16325 16326 16325 16325 16321 16320 16324 16322 16324 16325 16325 16324 16325 16328 16327 16325 16323 16325 16325 16322 16323 16329 16324 16324 16327 16323 16328 16321 16324 16322 16326 16325 16323 16329 16324 16326 16328 16323 16325 16322 16323 16328 16324 16328 16326 16326 16323 16324 16329 16327 16325 16326 16323 16324 16321 16325 16328 16326 16323 16324 16327 16329 16323 16325 16325 16325 16327 16325 16322 16328 16326 16326 16326 16327 16325 16329 16325 16326 16326 16327 16324 16323 16323 16324 16323 16325 16327 16323 16325 16328 16323 16322 16326 16330 16322 16322 16328 16327 16324 16324 16324 16327 16320 16324 16326 16327 16324 16325 16323 16326 16321 16325 16323 16324 16326 16327 16328 16323 4 4735 304 14453 
0 16326 16326 16326 16328 16326 16325 16324 16326 16323 16328 16326 16325 16321 16325 16326 16322 16321 16326 16325 16332 16323 16325 16324 16329 16324 16327 16324 16326 16326 16325 16329 16325 16322 16324 16324 16321 16325 16323 16326 16327 16324 16326 16324 16323 16324 16324 16317 16327 16326 16328 16323 16327 16325 16325 16324 16327 16328 16325 16324 16327 16320 16333 16336 16292 16356 16299 16347 16305 16338 16313 16333 16319 16329 16320 16326 16321 16327 16324 16328 16320 16326 16327 16329 16324 16324 16321 16324 16324 16322 16325 16326 16322 16324 16325 16324 16324 16321 16321 16324 16324 16324 16326 16321 16323 16326 16320 16324 16325 16321 16317 16332 16319 16323 16322 16323 16327 16325 16324 16323 16327 16323 16329 16327 16327 16327 16322 16326 16324 16329 16327 16326 16326 16325 16328 16324 16326 16325 16326 16322 16323 16330 16324 16326 16326 16324 16327 16325 16325 16323 16326 16321 16328 16325 16326 16328 16325 16325 16326 16324 16327 16327 16327 16327 16325 16325 16327 16327 16326 16326 16327 16323 16323 16322 16322 16327 16326 16323 16326 16326 16323 16326 16323 16325 16323 16327 16328 16325 16326 16324 16325 16321 16326 16329 16320 16326 16327 16322 16323 16327 16325 16324 16324 16328 16324 16326 16323 16327 16324 16322 16329 16325 16323 16324 16322 16327 16325 16324 16324 16324 16326 16324 16323 16323 16324 16329 16324 16325 16323 16322 16326 16327 16323 16323 16328 16324 16325 16324 16322 16321 16326 16322 16324 16321 16327 16321 16328 16325 16323 16324 16325 16326 16322 16327 16326 16322 16322 16320 9 8990 304 14453 
0 16335 16332 16334 16332 16333 16336 16333 16331 16328 16331 16334 16331 16333 16334 16331 16332 16333 16335 16335 16331 16329 16330 16333 16333 16331 16329 16333 16332 16331 16333 16332 16329 16330 16333 16329 16329 16336 16338 16336 16340 16332 16331 16333 16333 16334 16333 16334 16333 16332 16331 16335 16334 16332 16334 16330 16336 16332 16333 16333 16337 16332 16336 16340 16301 16363 16299 16355 16313 16348 16317 16344 16327 16336 16325 16334 16329 16336 16331 16334 16328 16335 16334 16332 16333 16330 16330 16331 16332 16331 16336 16331 16334 16332 16329 16328 16328 16331 16329 16331 16331 16331 16332 16333 16331 16332 16331 16330 16333 16333 16322 16336 16326 16331 16322 16327 16329 16339 16330 16331 16332 16330 16331 16329 16333 16333 16331 16337 16334 16335 16335 16331 16332 16333 16329 16334 16333 16333 16335 16334 16334 16334 16331 16333 16335 16333 16333 16333 16333 16337 16330 16334 16330 16332 16337 16336 16331 16334 16332 16334 16333 16333 16336 16333 16333 16336 16334 16333 16332 16330 16328 16335 16332 16333 16333 16334 16333 16332 16335 16334 16333 16329 16333 16332 16333 16332 16332 16333 16332 16335 16331 16329 16335 16333 16331 16331 16330 16332 16335 16336 16333 16333 16330 16329 16331 16333 16337 16330 16329 16330 16331 16337 16328 16334 16330 16335 16332 16333 16334 16331 16333 16331 16332 16330 16338 16333 16329 16332 16332 16330 16328 16331 16336 16332 16333 16330 16333 16335 16333 16334 16329 16328 16332 16334 16335 16332 16332 16331 16331 16332 16331 16331 16331 16330 16329 16329 16335 16333 14 8842 304 14453 
0 16327 16328 16321 16329 16324 16324 16329 16330 16327 16324 16327 16322 16325 16328 16330 16326 16322 16326 16324 16327 16328 16326 16326 16324 16321 16324 16325 16325 16326 16325 16326 16321 16323 16326 16327 16327 16326 16323 16323 16324 16327 16325 16333 16320 16323 16327 16325 16326 16324 16328 16328 16325 16328 16326 16326 16328 16327 16328 16321 16322 16324 16330 16321 16315 16338 16310 16337 16309 16336 16316 16334 16317 16329 16322 16327 16322 16322 16323 16328 16328 16324 16325 16323 16323 16325 16323 16327 16324 16327 16326 16323 16324 16327 16326 16322 16327 16323 16325 16323 16326 16327 16323 16323 16325 16326 16326 16327 16325 16323 16318 16329 16317 16329 16320 16322 16323 16330 16319 16321 16324 16323 16324 16327 16320 16326 16325 16327 16329 16329 16331 16329 16328 16327 16325 16326 16327 16326 16324 16327 16330 16327 16328 16324 16325 16326 16326 16323 16324 16323 16324 16327 16327 16331 16329 16328 16326 16326 16320 16329 16325 16327 16326 16320 16327 16323 16326 16325 16329 16326 16325 16326 16324 16328 16324 16326 16326 16327 16326 16323 16326 16323 16322 16324 16321 16326 16324 16326 16323 16323 16327 16328 16323 16325 16323 16326 16327 16322 16326 16325 16328 16322 16322 16326 16326 16325 16326 16323 16328 16326 16327 16328 16326 16325 16325 16323 16326 16325 16325 16325 16323 16326 16326 16324 16327 16323 16326 16323 16326 16327 16326 16325 16320 16323 16324 16323 16327 16328 16329 16326 16329 16324 16324 16326 16326 16326 16326 16322 16324 16324 16326 16323 16328 16326 16326 16322 16326 16326 19 8200 304 14453 
0 16324 16328 16321 16322 16328 16323 16324 16325 16325 16324 16325 16324 16324 16325 16326 16329 16328 16328 16327 16324 16326 16328 16324 16324 16325 16328 16322 16325 16326 16324 16328 16322 16327 16322 16329 16325 16325 16321 16329 16324 16323 16325 16329 16326 16327 16322 16323 16325 16329 16323 16328 16327 16323 16325 16323 16327 16322 16327 16324 16326 16328 16325 16364 16246 11 16269 16364 16294 16348 16304 16343 16311 16333 16315 16324 16322 16328 16322 16328 16322 16326 16324 16329 16327 16329 16323 16327 16330 16326 16324 16323 16323 16324 16328 16323 16328 16322 16327 16323 16322 16324 16326 16322 16324 16325 16324 16323 16326 16323 16326 16327 16324 16325 16318 16323 16323 16325 16325 16325 16326 16324 16326 16323 16323 16328 16327 16328 16326 16326 16326 16324 16328 16329 16329 16327 16323 16325 16328 16324 16325 16325 16328 16324 16326 16325 16325 16329 16328 16327 16329 16324 16325 16321 16328 16330 16327 16324 16327 16327 16326 16328 16322 16328 16325 16327 16325 16326 16327 16327 16328 16327 16324 16325 16324 16329 16324 16326 16322 16328 16327 16327 16329 16329 16322 16327 16326 16328 16322 16326 16328 16326 16325 16326 16326 16323 16327 16325 16327 16322 16325 16325 16328 16326 16319 16324 16328 16323 16325 16328 16330 16326 16327 16325 16326 16326 16326 16328 16327 16327 16321 16329 16327 16324 16323 16324 16323 16327 16326 16327 16329 16326 16323 16324 16327 16325 16326 16327 16329 16325 16325 16327 16327 16323 16327 16325 16328 16323 16326 16327 16327 16323 16326 16327 16326 16329 16324 16326 26 1721 304 14453 
0 16322 16326 16328 16328 16324 16325 16325 16324 16325 16325 16328 16327 16326 16327 16325 16326 16329 16322 16328 16322 16325 16324 16327 16325 16324 16325 16325 16323 16326 16325 16327 16326 16330 16320 16327 16328 16327 16327 16324 16326 16324 16323 16324 16326 16324 16327 16328 16324 16327 16320 16324 16326 16324 16323 16327 16328 16326 16323 16326 16325 16325 16324 16350 16264 16373 16279 16355 16294 16346 16306 16338 16314 16332 16315 16330 16317 16326 16322 16322 16324 16328 16323 16324 16320 16329 16320 16328 16324 16325 16324 16326 16329 16326 16325 16323 16326 16326 16325 16323 16327 16324 16325 16323 16325 16326 16323 16322 16327 16323 16323 16323 16320 16322 16321 16320 16327 16321 16323 16327 16326 16327 16322 16324 16326 16326 16323 16324 16329 16329 16326 16325 16328 16331 16328 16325 16331 16327 16325 16329 16327 16326 16328 16323 16329 16327 16329 16327 16329 16327 16325 16325 16328 16327 16325 16327 16325 16326 16331 16327 16326 16325 16324 16327 16328 16329 16323 16326 16328 16328 16328 16327 16327 16325 16326 16325 16326 16326 16330 16322 16327 16329 16327 16327 16323 16324 16327 16324 16325 16326 16324 16328 16326 16327 16327 16329 16324 16322 16325 16327 16326 16325 16328 16326 16326 16326 16328 16327 16324 16326 16328 16323 16326 16328 16322 16325 16324 16325 16327 16327 16327 16326 16325 16328 16326 16325 16327 16324 16324 16325 16326 16326 16325 16324 16329 16325 16320 16326 16328 16329 16329 16326 16327 16324 16322 16324 16326 16324 16327 16325 16326 16324 16322 16320 16325 16324 16324 16329 36 6815 304 14453 
0 16325 16328 16324 16327 16324 16326 16326 16329 16324 16323 16330 16329 16328 16327 16324 16328 16326 16326 16327 16327 16330 16327 16326 16328 16326 16326 16325 16327 16328 16326 16328 16325 16325 16327 16324 16321 16328 16328 16328 16329 16326 16322 16327 16326 16324 16325 16329 16323 16325 16326 16328 16327 16325 16324 16328 16325 16326 16324 16328 16332 16327 16324 16373 16276 16369 16309 16343 16321 16328 16321 16328 16324 16323 16324 16323 16324 16325 16323 16329 16324 16325 16326 16324 16322 16325 16328 16324 16328 16323 16327 16329 16324 16328 16324 16326 16325 16327 16323 16323 16320 16324 16324 16324 16324 16326 16325 16322 16327 16323 16329 16322 16325 16321 16325 16327 16322 16323 16323 16326 16322 16328 16328 16328 16325 16326 16326 16329 16331 16328 16327 16324 16324 16327 16327 16326 16326 16322 16324 16327 16322 16327 16326 16322 16324 16328 16323 16330 16328 16329 16328 16327 16328 16326 16323 16327 16328 16329 16328 16328 16329 16326 16322 16326 16327 16325 16326 16326 16329 16326 16326 16327 16326 16331 16327 16326 16331 16330 16327 16321 16328 16327 16325 16329 16324 16329 16322 16326 16327 16324 16338 16330 16326 16328 16326 16324 16328 16328 16323 16325 16328 16324 16329 16327 16328 16329 16322 16325 16322 16328 16327 16327 16327 16329 16331 16326 16327 16325 16327 16326 16327 16326 16330 16326 16325 16324 16328 16326 16321 16328 16323 16327 16327 16326 16330 16327 16322 16330 16326 16328 16324 16322 16328 16325 16326 16325 16322 16326 16323 16324 16325 16326 16326 16326 16331 16324 16328 16328 41 8621 304 14453 
0 16331 16334 16334 16337 16332 16329 16334 16334 16330 16330 16329 16335 16338 16330 16333 16330 16335 16336 16334 16333 16333 16335 16331 16333 16333 16332 16333 16337 16333 16334 16331 16335 16330 16334 16335 16332 16331 16334 16333 16331 16338 16333 16337 16331 16332 16330 16334 16332 16333 16333 16331 16331 16329 16331 16333 16334 16335 16330 16332 16334 16330 16331 16382 16257 16 16286 16372 16302 16355 16314 16341 16326 16336 16326 16333 16329 16333 16327 16332 16327 16329 16332 16332 16331 16337 16330 16331 16333 16334 16331 16336 16331 16335 16334 16331 16330 16332 16332 16331 16331 16331 16329 16332 16331 16331 16330 16332 16328 16330 16332 16334 16329 16331 16325 16331 16327 16333 16329 16335 16329 16331 16327 16331 16335 16333 16334 16331 16331 16333 16332 16332 16335 16338 16335 16332 16334 16344 16338 16339 16338 16332 16335 16332 16334 16337 16331 16335 16332 16332 16332 16333 16331 16334 16332 16333 16332 16336 16334 16330 16330 16335 16330 16336 16330 16331 16331 16332 16332 16334 16329 16335 16331 16329 16333 16332 16332 16334 16328 16334 16329 16331 16331 16332 16332 16334 16327 16331 16328 16335 16330 16330 16332 16335 16333 16331 16333 16335 16333 16329 16332 16327 16335 16332 16327 16332 16334 16333 16333 16330 16333 16332 16331 16329 16333 16330 16334 16331 16329 16328 16330 16331 16334 16331 16330 16335 16336 16331 16329 16333 16329 16333 16335 16329 16332 16335 16331 16333 16330 16333 16332 16328 16331 16331 16330 16335 16329 16332 16330 16328 16330 16333 16330 16328 16329 16332 16329 16332 46 7983 304 14453 
0 16327 16325 16321 16325 16326 16327 16326 16326 16324 16324 16325 16326 16325 16327 16326 16322 16325 16324 16328 16326 16328 16324 16325 16323 16328 16326 16327 16327 16325 16327 16323 16323 16329 16327 16325 16327 16326 16325 16323 16325 16327 16324 16327 16331 16323 16327 16323 16323 16328 16329 16324 16327 16329 16329 16329 16324 16328 16327 16326 16328 16325 16327 16375 16266 16378 16296 16352 16312 16338 16320 16331 16319 16330 16322 16323 16322 16326 16323 16324 16325 16327 16328 16329 16326 16327 16324 16322 16324 16327 16328 16322 16329 16325 16327 16329 16325 16324 16325 16326 16326 16322 16326 16328 16329 16326 16329 16325 16328 16326 16318 16328 16324 16329 16319 16328 16323 16326 16330 16328 16328 16326 16327 16325 16326 16327 16326 16325 16331 16328 16329 16329 16326 16329 16328 16330 16328 16315 16324 16325 16329 16329 16326 16327 16328 16328 16328 16328 16325 16326 16327 16327 16328 16328 16325 16328 16324 16326 16329 16331 16328 16327 16326 16327 16332 16326 16326 16325 16323 16329 16328 16324 16328 16328 16324 16326 16323 16327 16327 16328 16329 16324 16326 16327 16324 16328 16325 16326 16329 16328 16328 16325 16327 16328 16326 16327 16327 16332 16331 16324 16329 16325 16324 16329 16326 16328 16326 16329 16328 16326 16329 16328 16326 16328 16326 16327 16324 16326 16324 16324 16328 16328 16325 16324 16330 16324 16328 16329 16328 16329 16324 16326 16325 16329 16325 16329 16327 16324 16325 16328 16328 16328 16324 16327 16324 16326 16328 16325 16327 16326 16327 16325 16326 16328 16330 16328 16329 16328 51 6847 304 14453 
0 16327 16327 16330 16327 16326 16327 16326 16326 16324 16324 16324 16326 16326 16323 16328 16328 16326 16324 16327 16324 16324 16328 16328 16325 16328 16328 16326 16325 16323 16322 16325 16322 16327 16322 16322 16328 16326 16329 16327 16324 16326 16327 16326 16327 16329 16324 16329 16327 16325 16328 16327 16327 16325 16325 16328 16327 16323 16328 16328 16324 16324 16320 2 16241 12 16283 16361 16303 16347 16306 16338 16316 16331 16319 16329 16320 16326 16325 16325 16324 16328 16325 16322 16324 16329 16322 16327 16322 16328 16324 16327 16323 16326 16323 16325 16326 16322 16324 16326 16323 16323 16322 16328 16327 16323 16318 16325 16324 16326 16326 16325 16328 16324 16323 16326 16327 16327 16325 16329 16325 16323 16324 16326 16328 16327 16326 16323 16330 16327 16327 16327 16326 16326 16325 16329 16326 16332 16327 16325 16326 16329 16320 16327 16326 16324 16329 16326 16327 16327 16326 16327 16328 16328 16329 16329 16326 16330 16328 16326 16325 16328 16325 16325 16329 16327 16325 16327 16324 16328 16328 16327 16330 16330 16326 16323 16328 16327 16329 16327 16326 16328 16326 16328 16328 16330 16323 16327 16325 16329 16323 16328 16326 16328 16325 16328 16324 16325 16330 16328 16329 16330 16323 16326 16325 16324 16326 16327 16326 16329 16325 16328 16323 16323 16329 16327 16327 16327 16329 16326 16327 16326 16327 16325 16330 16324 16329 16326 16327 16325 16322 16326 16327 16328 16327 16322 16327 16327 16326 16324 16325 16325 16326 16327 16327 16325 16325 16328 16328 16329 16325 16327 16325 16325 16326 16330 16324 16329 56 4739 304 14453 
0 16324 16324 16323 16327 16331 16327 16326 16322 16329 16328 16330 16327 16329 16327 16326 16328 16330 16326 16326 16329 16325 16326 16326 16328 16327 16329 16328 16325 16331 16329 16328 16326 16327 16329 16326 16328 16327 16327 16326 16323 16325 16330 16327 16325 16327 16329 16324 16332 16324 16326 16326 16329 16325 16330 16333 16327 16324 16329 16326 16327 16329 16327 16360 16282 16366 16308 16342 16316 16333 16321 16331 16325 16327 16321 16329 16324 16322 16325 16327 16324 16324 16324 16328 16328 16328 16325 16325 16326 16326 16328 16328 16324 16328 16329 16326 16326 16323 16326 16328 16327 16324 16323 16324 16326 16325 16328 16327 16326 16327 16324 16319 16332 16317 16328 16318 16322 16321 16326 16324 16326 16326 16332 16328 16325 16327 16326 16329 16327 16329 16328 16327 16322 16327 16330 16330 16326 16327 16327 16328 16327 16327 16330 16325 16323 16329 16325 16326 16324 16325 16328 16327 16329 16328 16324 16326 16328 16331 16328 16326 16326 16325 16331 16329 16328 16328 16325 16327 16326 16328 16327 16324 16328 16329 16329 16327 16329 16325 16325 16328 16329 16328 16325 16327 16327 16328 16325 16331 16326 16326 16324 16324 16324 16322 16324 16322 16328 16325 16323 16326 16327 16327 16323 16322 16328 16327 16329 16325 16326 16327 16328 16327 16328 16328 16328 16325 16332 16329 16327 16325 16331 16326 16323 16330 16328 16328 16325 16327 16328 16329 16328 16329 16328 16325 16326 16324 16327 16326 16326 16331 16323 16326 16327 16329 16325 16324 16327 16326 16325 16327 16323 16326 16326 16327 16325 16323 16326 16327 65 7605 304 14453 
0 16329 16326 16328 16323 16327 16324 16326 16322 16324 16324 16326 16327 16323 16327 16323 16323 16326 16325 16323 16327 16323 16327 16319 16327 16324 16323 16330 16324 16328 16329 16328 16326 16328 16325 16323 16329 16326 16326 16327 16324 16323 16329 16326 16326 16329 16324 16323 16322 16324 16325 16324 16327 16323 16327 16326 16326 16328 16321 16331 16324 16323 16321 16355 16296 16351 16327 16327 16324 16325 16331 16323 16329 16319 16327 16329 16325 16324 16326 16323 16321 16319 16324 16322 16323 16325 16329 16324 16324 16324 16326 16325 16326 16330 16325 16329 16324 16324 16326 16328 16327 16318 16326 16329 16323 16327 16325 16325 16327 16317 16330 16320 16330 16323 16327 16321 16329 16326 16325 16329 16322 16325 16325 16326 16329 16327 16326 16326 16328 16329 16329 16327 16330 16327 16327 16323 16326 16327 16328 16326 16323 16328 16327 16329 16329 16326 16327 16329 16324 16327 16326 16328 16329 16328 16328 16326 16326 16327 16326 16331 16328 16328 16331 16326 16326 16325 16328 16328 16319 16323 16325 16328 16327 16327 16327 16325 16327 16324 16327 16327 16326 16329 16321 16328 16326 16326 16330 16328 16324 16327 16324 16325 16325 16326 16329 16324 16327 16328 16324 16330 16323 16326 16328 16326 16327 16325 16327 16329 16326 16325 16324 16328 16326 16328 16327 16328 16322 16328 16324 16327 16323 16324 16323 16325 16327 16325 16327 16324 16324 16325 16328 16322 16328 16326 16326 16326 16324 16325 16327 16327 16327 16324 16326 16325 16325 16325 16326 16324 16325 16327 16324 16329 16326 16326 16329 16329 16327 16325 70 7945 304 14453 
0 16325 16323 16326 16325 16327 16326 16327 16327 16327 16323 16327 16326 16327 16326 16324 16326 16325 16324 16327 16327 16327 16326 16327 16325 16329 16325 16325 16323 16325 16324 16329 16322 16328 16329 16327 16327 16326 16323 16326 16325 16325 16325 16328 16327 16323 16327 16327 16324 16330 16328 16329 16326 16325 16324 16322 16326 16324 16326 16327 16326 16324 16333 16321 16312 16343 16306 16341 16310 16335 16317 16335 16319 16330 16321 16329 16323 16326 16316 16321 16321 16325 16327 16327 16323 16326 16327 16326 16326 16325 16326 16327 16327 16325 16326 16325 16324 16326 16324 16324 16323 16326 16323 16328 16325 16324 16325 16327 16326 16325 16316 16333 16326 16322 16327 16321 16323 16326 16323 16324 16321 16327 16323 16326 16326 16329 16325 16325 16330 16327 16325 16329 16328 16325 16327 16325 16326 16328 16323 16327 16326 16321 16325 16327 16327 16325 16328 16325 16325 16323 16332 16320 16328 16329 16329 16327 16327 16323 16329 16325 16325 16328 16323 16327 16329 16327 16322 16328 16325 16329 16329 16325 16325 16324 16327 16330 16328 16326 16328 16327 16326 16326 16328 16330 16327 16326 16325 16323 16329 16326 16326 16328 16326 16324 16322 16327 16325 16323 16327 16328 16326 16329 16325 16327 16328 16327 16328 16326 16326 16325 16326 16327 16324 16326 16323 16324 16326 16326 16327 16324 16324 16325 16325 16325 16325 16329 16323 16325 16325 16328 16322 16323 16326 16330 16329 16332 16324 16327 16324 16325 16328 16326 16328 16327 16323 16325 16328 16329 16323 16328 16328 16323 16321 16325 16327 16327 16326 16328 75 5835 304 14453 
0 16327 16325 16324 16327 16326 16324 16323 16329 16329 16327 16324 16323 16327 16328 16323 16328 16325 16328 16327 16329 16327 16327 16328 16329 16328 16328 16327 16323 16327 16325 16324 16325 16324 16330 16326 16328 16322 16328 16327 16327 16328 16326 16328 16325 16326 16324 16325 16328 16325 16328 16326 16328 16324 16324 16325 16327 16323 16330 16325 16332 16325 16326 16371 16253 5 16285 16358 16306 16345 16314 16334 16319 16331 16321 16329 16320 16328 16321 16327 16325 16326 16327 16323 16324 16327 16323 16322 16329 16328 16326 16323 16326 16323 16323 16324 16324 16323 16324 16325 16328 16323 16331 16327 16329 16326 16324 16324 16326 16329 16325 16316 16330 16320 16326 16326 16326 16328 16328 16325 16326 16325 16323 16326 16327 16328 16324 16325 16325 16328 16329 16330 16330 16328 16330 16330 16330 16327 16327 16326 16326 16329 16324 16328 16323 16327 16325 16325 16326 16331 16326 16323 16328 16330 16327 16327 16328 16327 16330 16320 16330 16328 16330 16330 16325 16328 16328 16324 16328 16329 16326 16325 16329 16326 16325 16326 16324 16327 16325 16325 16325 16329 16327 16327 16327 16329 16329 16328 16325 16323 16325 16327 16328 16329 16324 16327 16328 16324 16329 16326 16326 16324 16328 16322 16324 16327 16325 16324 16325 16328 16328 16327 16330 16324 16326 16327 16323 16327 16326 16325 16324 16325 16327 16327 16325 16327 16330 16326 16328 16328 16324 16327 16324 16331 16326 16322 16324 16325 16323 16328 16327 16326 16325 16325 16326 16326 16323 16327 16324 16323 16329 16326 16324 16322 16326 16325 16324 16326 80 4208 304 14453 
0 16331 16331 16336 16333 16330 16335 16339 16336 16331 16337 16332 16327 16335 16329 16336 16333 16333 16334 16333 16335 16336 16335 16333 16333 16332 16330 16336 16331 16334 16334 16333 16337 16333 16335 16332 16332 16332 16333 16336 16335 16334 16332 16334 16330 16332 16330 16332 16331 16334 16331 16333 16335 16334 16332 16331 16335 16335 16331 16330 16336 16331 16330 16372 16251 14 16283 16372 16300 16354 16317 16344 16326 16341 16324 16338 16327 16336 16330 16334 16330 16334 16332 16332 16332 16333 16333 16330 16332 16332 16331 16329 16329 16331 16333 16332 16328 16329 16331 16333 16330 16328 16334 16332 16331 16333 16336 16329 16331 16327 16329 16333 16327 16333 16327 16333 16333 16332 16335 16334 16332 16331 16331 16331 16331 16335 16335 16338 16337 16331 16335 16334 16335 16337 16333 16334 16333 16336 16333 16339 16330 16332 16329 16336 16330 16333 16338 16332 16335 16332 16333 16330 16340 16335 16335 16334 16333 16335 16332 16338 16336 16334 16334 16332 16339 16334 16337 16334 16338 16331 16335 16335 16336 16334 16332 16334 16335 16333 16337 16331 16335 16332 16338 16333 16334 16333 16330 16337 16331 16334 16334 16336 16337 16325 16337 16332 16330 16332 16333 16332 16334 16331 16327 16333 16332 16334 16336 16335 16336 16334 16332 16332 16338 16331 16333 16329 16333 16333 16333 16338 16336 16335 16331 16333 16339 16331 16332 16328 16331 16330 16332 16334 16332 16336 16330 16334 16333 16333 16333 16332 16331 16332 16332 16329 16331 16332 16327 16336 16333 16334 16335 16333 16329 16332 16331 16332 16330 16333 85 2094 304 14453 
0 16322 16326 16328 16327 16324 16326 16324 16326 16324 16325 16324 16325 16325 16327 16329 16327 16325 16325 16329 16324 16323 16329 16321 16324 16327 16326 16328 16329 16327 16326 16331 16329 16324 16326 16327 16328 16324 16326 16324 16325 16325 16325 16328 16324 16326 16330 16330 16324 16323 16325 16325 16329 16321 16326 16326 16328 16324 16328 16325 16324 16328 16330 16345 16308 16335 16329 16316 16333 16317 16331 16322 16332 16319 16327 16325 16329 16321 16324 16321 16326 16321 16325 16325 16322 16329 16328 16330 16323 16326 16325 16327 16322 16324 16324 16322 16328 16327 16328 16323 16325 16322 16330 16325 16322 16325 16329 16328 16326 16325 16313 16330 16322 16328 16323 16322 16323 16331 16326 16324 16324 16323 16326 16324 16325 16327 16327 16328 16329 16332 16326 16327 16328 16327 16327 16330 16324 16327 16327 16327 16323 16327 16320 16324 16327 16325 16324 16317 16325 16326 16329 16328 16326 16326 16327 16327 16327 16325 16325 16328 16328 16325 16326 16326 16330 16327 16328 16325 16331 16326 16327 16325 16325 16323 16326 16325 16326 16324 16324 16325 16324 16322 16329 16327 16327 16329 16325 16328 16326 16324 16330 16323 16324 16324 16328 16326 16327 16327 16323 16325 16327 16324 16327 16326 16329 16326 16326 16326 16326 16329 16328 16324 16328 16324 16324 16322 16328 16323 16324 16327 16326 16327 16326 16327 16328 16325 16328 16328 16326 16326 16324 16327 16325 16324 16327 16324 16327 16325 16327 16324 16323 16325 16325 16323 16324 16328 16326 16326 16327 16325 16324 16327 16326 16329 16327 16327 16325 16327 94 4955 304 14453 
0 16329 16327 16329 16327 16327 16330 16327 16327 16326 16327 16327 16331 16328 16329 16325 16330 16326 16329 16327 16328 16328 16326 16327 16325 16324 16324 16329 16324 16326 16325 16326 16323 16328 16329 16328 16329 16328 16325 16328 16328 16329 16327 16325 16330 16324 16326 16326 16323 16326 16324 16328 16327 16329 16330 16329 16325 16325 16326 16328 16323 16326 16325 16354 16259 0 16278 16361 16297 16349 16310 16342 16315 16336 16317 16331 16324 16331 16319 16327 16323 16327 16327 16324 16324 16327 16328 16326 16327 16327 16324 16329 16327 16329 16327 16324 16327 16329 16326 16326 16323 16323 16327 16328 16331 16324 16327 16327 16330 16318 16336 16324 16324 16331 16323 16323 16328 16324 16330 16328 16323 16326 16327 16325 16327 16327 16328 16326 16331 16329 16330 16327 16327 16333 16330 16330 16329 16325 16329 16328 16326 16325 16326 16327 16328 16323 16328 16324 16332 16330 16325 16328 16326 16327 16326 16327 16333 16327 16329 16327 16326 16326 16327 16327 16330 16326 16329 16329 16326 16330 16328 16325 16326 16330 16326 16326 16326 16329 16329 16329 16324 16328 16324 16328 16328 16323 16325 16326 16328 16326 16328 16327 16327 16326 16325 16326 16326 16328 16329 16328 16327 16327 16327 16328 16326 16332 16330 16326 16327 16326 16326 16328 16325 16328 16328 16327 16332 16326 16325 16326 16326 16325 16327 16327 16325 16324 16326 16325 16329 16328 16329 16327 16328 16327 16328 16327 16323 16326 16325 16328 16327 16326 16328 16327 16326 16325 16323 16325 16326 16327 16327 16326 16328 16324 16324 16322 16327 16325 99 5292 304 14453 
0 16327 16327 16328 16329 16325 16329 16324 16325 16324 16329 16332 16330 16327 16323 16329 16327 16325 16327 16326 16327 16325 16327 16322 16328 16328 16325 16323 16331 16326 16325 16325 16323 16325 16326 16328 16328 16327 16327 16329 16326 16330 16325 16323 16327 16327 16324 16326 16328 16326 16326 16325 16325 16324 16329 16323 16328 16327 16326 16328 16327 16324 16336 16326 16300 16355 16299 16348 16305 16343 16312 16336 16315 16331 16319 16331 16320 16331 16322 16330 16322 16323 16326 16330 16327 16328 16328 16324 16326 16325 16322 16324 16328 16323 16325 16323 16323 16325 16327 16325 16325 16327 16329 16327 16326 16326 16326 16324 16315 16332 16321 16328 16326 16323 16322 16329 16324 16325 16326 16323 16328 16325 16329 16324 16326 16327 16326 16330 16329 16329 16327 16326 16331 16330 16325 16331 16328 16328 16325 16327 16324 16324 16323 16323 16326 16327 16327 16324 16322 16328 16328 16328 16327 16325 16333 16325 16330 16331 16327 16326 16326 16329 16326 16326 16327 16326 16326 16324 16325 16328 16325 16330 16328 16325 16329 16327 16326 16326 16326 16331 16327 16328 16324 16327 16331 16327 16324 16327 16329 16328 16324 16326 16326 16328 16328 16327 16331 16322 16327 16330 16326 16325 16326 16324 16329 16326 16328 16323 16326 16324 16329 16324 16328 16327 16328 16327 16325 16325 16328 16327 16330 16323 16324 16328 16329 16322 16326 16326 16324 16326 16327 16323 16326 16326 16327 16325 16326 16326 16325 16326 16326 16329 16331 16327 16326 16326 16327 16326 16328 16325 16321 16326 16330 16331 16326 16327 16325 16325 104 4162 304 14453 
0 16327 16325 16329 16328 16327 16330 16327 16326 16330 16326 16326 16324 16329 16326 16327 16329 16327 16330 16324 16324 16327 16325 16326 16327 16326 16329 16326 16327 16327 16326 16325 16325 16324 16328 16328 16327 16329 16330 16325 16323 16326 16325 16324 16329 16325 16329 16327 16327 16329 16332 16329 16326 16324 16327 16324 16324 16326 16327 16328 16326 16329 16335 16341 16273 16372 16286 16360 16297 16344 16305 16339 16315 16333 16318 16331 16324 16324 16325 16327 16326 16329 16323 16326 16324 16328 16327 16327 16331 16325 16329 16326 16325 16327 16326 16325 16327 16327 16324 16320 16327 16329 16324 16327 16323 16318 16332 16322 16327 16324 16323 16327 16327 16324 16327 16327 16327 16325 16327 16323 16330 16326 16328 16328 16332 16322 16325 16331 16323 16329 16329 16328 16330 16323 16325 16329 16328 16330 16330 16326 16328 16330 16322 16330 16326 16331 16327 16330 16327 16322 16324 16329 16327 16329 16326 16327 16330 16329 16327 16326 16321 16326 16327 16330 16325 16323 16328 16323 16328 16325 16328 16329 16325 16324 16325 16329 16327 16323 16327 16326 16325 16326 16327 16325 16327 16325 16325 16326 16328 16324 16326 16326 16328 16326 16328 16325 16324 16325 16328 16327 16327 16326 16324 16326 16326 16326 16325 16326 16327 16324 16326 16330 16325 16327 16324 16325 16329 16323 16327 16323 16327 16325 16323 16331 16322 16324 16329 16325 16327 16327 16324 16325 16323 16322 16328 16325 16322 16326 16328 16324 16328 16324 16326 16324 16326 16324 16330 16324 16324 16323 16328 16327 16326 16325 16326 16322 16324 16325 109 2050 304 14453 
0 16326 16327 16323 16326 16324 16323 16327 16324 16326 16326 16322 16328 16326 16326 16327 16327 16326 16327 16325 16327 16326 16327 16329 16322 16326 16324 16327 16326 16324 16327 16326 16326 16325 16327 16323 16325 16327 16322 16324 16324 16328 16325 16324 16325 16328 16328 16327 16326 16326 16326 16327 16327 16326 16328 16325 16326 16325 16326 16325 16321 16327 16344 16324 16297 16365 16294 16348 16304 16343 16309 16338 16316 16330 16321 16327 16314 16326 16320 16328 16319 16328 16321 16326 16320 16326 16326 16327 16325 16325 16325 16327 16328 16325 16324 16320 16316 16324 16321 16324 16327 16321 16323 16324 16323 16317 16327 16323 16321 16327 16322 16323 16323 16325 16323 16326 16327 16325 16326 16328 16323 16324 16328 16326 16324 16326 16322 16328 16326 16320 16325 16328 16327 16327 16324 16327 16325 16328 16326 16326 16327 16327 16327 16323 16328 16324 16327 16329 16324 16324 16327 16328 16325 16328 16328 16326 16327 16329 16323 16325 16324 16324 16326 16325 16326 16325 16324 16325 16325 16328 16325 16326 16326 16321 16329 16329 16325 16326 16327 16328 16326 16328 16329 16328 16324 16326 16323 16323 16328 16326 16325 16323 16327 16331 16325 16324 16327 16324 16324 16327 16325 16328 16326 16329 16327 16327 16325 16326 16324 16323 16324 16325 16323 16324 16323 16327 16323 16328 16325 16324 16325 16332 16323 16327 16325 16326 16327 16325 16322 16327 16327 16326 16324 16324 16330 16323 16324 16329 16326 16329 16326 16327 16324 16328 16324 16324 16326 16325 16325 16329 16324 16327 16326 16324 16324 16331 16321 16323 114 3369 304 14453 
0 16326 16323 16325 16325 16318 16326 16325 16325 16324 16326 16323 16327 16330 16327 16323 16328 16324 16327 16324 16325 16323 16328 16324 16323 16323 16328 16325 16332 16323 16325 16329 16323 16329 16321 16328 16327 16328 16327 16323 16329 16329 16326 16326 16324 16326 16328 16324 16326 16330 16325 16326 16330 16323 16329 16324 16323 16327 16326 16327 16326 16326 16324 16380 16241 11 16282 16362 16298 16345 16311 16339 16316 16331 16319 16324 16321 16328 16322 16342 16328 16331 16326 16325 16325 16329 16323 16322 16323 16326 16321 16325 16329 16324 16324 16327 16322 16324 16327 16320 16323 16327 16325 16322 16321 16317 16328 16321 16325 16324 16322 16324 16325 16326 16326 16325 16325 16327 16325 16325 16325 16328 16327 16331 16326 16327 16329 16329 16325 16325 16324 16326 16327 16323 16326 16326 16328 16327 16323 16324 16330 16326 16330 16325 16327 16325 16327 16325 16327 16326 16330 16324 16329 16327 16329 16326 16328 16327 16323 16327 16328 16326 16325 16325 16326 16326 16333 16330 16323 16329 16326 16326 16331 16326 16323 16328 16328 16328 16326 16328 16327 16325 16328 16325 16327 16326 16324 16323 16326 16325 16327 16326 16330 16330 16325 16324 16327 16326 16324 16327 16328 16323 16328 16326 16327 16326 16323 16324 16326 16328 16325 16326 16326 16328 16324 16324 16325 16321 16328 16324 16322 16329 16325 16323 16324 16325 16322 16327 16328 16322 16326 16326 16326 16325 16321 16325 16325 16323 16329 16329 16327 16323 16325 16327 16327 16323 16328 16326 16323 16324 16326 16323 16324 16328 16327 16325 16321 16325 123 12102 304 14453 
0 16324 16325 16331 16327 16327 16324 16325 16327 16324 16325 16328 16322 16324 16327 16324 16329 16324 16327 16327 16325 16326 16329 16323 16325 16327 16327 16325 16326 16328 16328 16326 16326 16328 16326 16326 16326 16327 16326 16326 16330 16322 16329 16327 16327 16329 16327 16325 16327 16327 16325 16324 16325 16326 16326 16324 16324 16323 16329 16326 16328 16325 16325 16365 16279 16352 16323 16332 16325 16321 16327 16324 16327 16322 16324 16322 16329 16321 16326 16325 16322 16322 16325 16328 16323 16326 16324 16325 16327 16326 16324 16327 16326 16325 16322 16327 16328 16325 16324 16328 16317 16322 16324 16326 16325 16324 16321 16329 16321 16325 16326 16326 16322 16323 16325 16324 16327 16324 16329 16325 16328 16324 16327 16326 16329 16329 16325 16327 16326 16330 16325 16328 16329 16329 16328 16324 16328 16323 16327 16327 16327 16327 16327 16328 16328 16326 16329 16328 16323 16325 16326 16329 16328 16323 16324 16326 16326 16325 16327 16329 16331 16324 16328 16331 16324 16327 16324 16325 16325 16326 16326 16326 16326 16326 16326 16327 16325 16329 16328 16327 16326 16324 16330 16320 16329 16325 16329 16328 16325 16326 16328 16330 16326 16327 16327 16326 16327 16328 16326 16324 16327 16323 16326 16324 16325 16326 16328 16325 16325 16326 16326 16328 16326 16325 16325 16325 16325 16324 16325 16323 16325 16326 16326 16332 16325 16329 16326 16325 16325 16327 16328 16323 16325 16329 16323 16325 16327 16323 16325 16328 16323 16325 16325 16329 16327 16325 16326 16323 16326 16326 16322 16326 16324 16323 16324 16327 16323 16325 128 13907 304 14453 
0 16327 16326 16324 16322 16325 16328 16328 16326 16325 16323 16329 16324 16324 16327 16326 16324 16327 16323 16324 16322 16319 16328 16329 16327 16324 16325 16322 16324 16324 16327 16321 16327 16327 16327 16325 16327 16325 16322 16323 16323 16330 16322 16324 16323 16328 16324 16328 16324 16329 16323 16328 16322 16326 16326 16324 16324 16329 16323 16327 16327 16326 16322 16369 16277 16351 16323 16327 16328 16320 16325 16320 16330 16320 16322 16322 16323 16326 16327 16324 16325 16320 16326 16321 16324 16320 16325 16326 16325 16323 16327 16324 16322 16328 16323 16329 16322 16328 16323 16322 16323 16323 16322 16321 16327 16322 16322 16326 16320 16327 16323 16323 16324 16327 16326 16323 16328 16327 16326 16323 16325 16327 16329 16329 16325 16327 16332 16321 16325 16328 16326 16325 16325 16326 16326 16325 16326 16324 16326 16324 16323 16329 16324 16323 16329 16326 16325 16324 16326 16325 16327 16324 16331 16326 16326 16329 16322 16327 16327 16326 16324 16327 16324 16324 16327 16328 16327 16324 16329 16327 16327 16325 16329 16325 16326 16329 16325 16331 16327 16326 16325 16326 16327 16327 16329 16329 16323 16326 16327 16328 16329 16325 16325 16323 16328 16328 16321 16325 16325 16327 16323 16326 16325 16324 16327 16323 16327 16327 16325 16327 16322 16325 16326 16326 16324 16326 16327 16323 16327 16326 16327 16326 16322 16328 16324 16325 16326 16325 16326 16323 16326 16327 16323 16324 16325 16325 16324 16326 16325 16323 16324 16325 16327 16328 16324 16327 16323 16328 16325 16326 16326 16324 16324 16323 16324 16326 16323 16326 133 14245 304 14453 
0 16327 16322 16325 16328 16324 16328 16326 16323 16322 16324 16325 16326 16324 16327 16328 16324 16327 16324 16330 16326 16324 16322 16327 16327 16324 16327 16326 16321 16328 16324 16324 16326 16324 16325 16326 16327 16325 16327 16327 16326 16327 16326 16327 16325 16326 16325 16329 16331 16323 16324 16323 16326 16325 16327 16327 16321 16325 16326 16323 16327 16321 16331 16339 16269 16378 16281 16359 16296 16346 16306 16340 16309 16333 16316 16328 16321 16325 16319 16322 16323 16324 16322 16326 16325 16327 16325 16324 16322 16325 16326 16325 16323 16325 16323 16327 16323 16324 16322 16323 16323 16320 16324 16326 16325 16316 16328 16316 16326 16323 16326 16326 16327 16323 16326 16324 16326 16324 16329 16320 16323 16324 16328 16327 16328 16326 16327 16325 16327 16327 16326 16325 16328 16323 16324 16330 16327 16326 16327 16326 16331 16327 16324 16327 16324 16325 16324 16322 16327 16325 16323 16323 16331 16326 16329 16329 16333 16324 16328 16327 16326 16326 16328 16327 16327 16325 16329 16323 16326 16321 16330 16326 16324 16325 16323 16322 16328 16327 16325 16328 16327 16326 16325 16327 16324 16328 16326 16325 16324 16328 16325 16324 16326 16323 16325 16325 16326 16325 16326 16325 16321 16326 16328 16329 16326 16326 16325 16320 16325 16323 16326 16323 16329 16324 16326 16325 16328 16328 16326 16327 16329 16326 16323 16327 16324 16324 16328 16324 16322 16324 16326 16323 16325 16326 16324 16325 16328 16322 16326 16324 16325 16328 16322 16325 16326 16324 16327 16327 16324 16325 16324 16327 16325 16326 16321 16321 16323 16325 138 14584 304 14453 
0 16333 16334 16335 16331 16333 16331 16333 16333 16329 16331 16331 16329 16331 16331 16333 16333 16333 16328 16330 16332 16331 16327 16329 16332 16332 16334 16329 16329 16331 16331 16334 16328 16332 16334 16330 16326 16333 16326 16330 16332 16330 16332 16330 16329 16330 16330 16335 16336 16333 16331 16332 16331 16334 16332 16333 16331 16331 16329 16329 16358 16319 16319 16355 16309 16351 16312 16346 16317 16340 16325 16333 16320 16333 16328 16334 16328 16335 16327 16333 16327 16332 16324 16332 16330 16331 16332 16325 16326 16332 16330 16330 16330 16329 16331 16332 16331 16330 16328 16331 16330 16335 16330 16329 16323 16335 16326 16330 16332 16330 16330 16333 16332 16332 16331 16329 16335 16333 16326 16334 16335 16331 16333 16329 16331 16330 16336 16331 16335 16333 16333 16332 16335 16335 16330 16331 16338 16324 16332 16334 16331 16333 16328 16330 16329 16336 16331 16335 16330 16334 16332 16332 16336 16334 16332 16331 16332 16335 16332 16330 16333 16331 16331 16330 16331 16331 16329 16333 16331 16332 16335 16333 16328 16332 16332 16331 16333 16334 16336 16332 16335 16333 16331 16329 16332 16330 16327 16331 16329 16329 16338 16331 16330 16329 16329 16330 16328 16331 16330 16333 16332 16330 16331 16333 16329 16332 16331 16332 16330 16332 16330 16332 16329 16332 16329 16332 16331 16334 16332 16331 16332 16328 16335 16329 16337 16332 16334 16333 16333 16332 16324 16336 16334 16333 16329 16330 16333 16333 16332 16332 16332 16329 16331 16331 16332 16332 16332 16332 16333 16331 16332 16333 16332 16332 16329 16331 16335 16332 143 13943 304 14453 
0 16325 16328 16327 16323 16325 16323 16324 16326 16326 16327 16327 16322 16325 16326 16329 16325 16327 16327 16324 16323 16327 16326 16324 16324 16326 16329 16325 16324 16328 16323 16327 16327 16324 16325 16326 16324 16324 16327 16325 16323 16327 16327 16323 16325 16323 16326 16323 16326 16325 16327 16331 16326 16324 16324 16323 16327 16322 16325 16325 16324 16325 16339 16320 16303 16356 16294 16349 16305 16340 16307 16334 16312 16335 16318 16329 16317 16324 16321 16327 16318 16323 16322 16326 16323 16325 16322 16327 16321 16326 16324 16324 16326 16324 16325 16323 16322 16324 16323 16327 16322 16327 16319 16325 16326 16321 16316 16325 16329 16324 16326 16320 16321 16329 16327 16328 16325 16328 16322 16329 16321 16327 16325 16329 16327 16324 16324 16325 16326 16326 16328 16324 16329 16326 16323 16327 16326 16325 16325 16326 16325 16325 16326 16331 16331 16326 16328 16323 16325 16325 16325 16327 16330 16327 16322 16324 16327 16327 16327 16326 16325 16329 16331 16325 16327 16326 16327 16325 16327 16326 16325 16325 16326 16326 16326 16326 16327 16325 16324 16326 16327 16326 16326 16327 16329 16331 16326 16325 16327 16323 16326 16327 16325 16331 16327 16325 16325 16327 16330 16330 16326 16324 16324 16323 16318 16315 16323 16319 16329 16324 16328 16325 16325 16325 16323 16327 16322 16327 16322 16326 16325 16327 16328 16323 16324 16320 16322 16326 16325 16324 16326 16323 16328 16325 16325 16325 16325 16326 16323 16325 16326 16324 16324 16324 16323 16328 16324 16327 16328 16329 16326 16327 16322 16324 16323 16324 16325 16324 154 2636 304 14453 
0 16324 16327 16327 16327 16321 16327 16323 16326 16326 16325 16325 16328 16329 16331 16325 16325 16325 16327 16326 16323 16326 16325 16323 16324 16330 16322 16325 16326 16323 16323 16324 16325 16320 16325 16327 16325 16329 16322 16321 16321 16328 16324 16325 16324 16325 16327 16325 16324 16327 16322 16326 16321 16325 16325 16326 16326 16324 16325 16325 16325 16322 16321 16368 16260 16380 16292 16352 16308 16339 16315 16332 16323 16326 16318 16322 16321 16325 16326 16326 16325 16325 16324 16325 16324 16324 16321 16327 16321 16324 16324 16327 16322 16321 16324 16325 16322 16322 16325 16324 16324 16322 16326 16321 16321 16324 16319 16325 16324 16324 16323 16323 16317 16323 16324 16327 16318 16327 16325 16323 16322 16324 16323 16327 16322 16329 16322 16328 16327 16327 16325 16329 16323 16323 16322 16324 16326 16325 16325 16324 16323 16326 16327 16323 16325 16325 16324 16325 16325 16326 16323 16328 16327 16328 16323 16322 16327 16328 16326 16326 16323 16329 16327 16327 16328 16329 16327 16323 16324 16322 16327 16324 16327 16328 16324 16324 16326 16325 16326 16327 16321 16324 16324 16326 16327 16323 16323 16326 16325 16326 16322 16321 16327 16325 16322 16327 16329 16327 16325 16326 16326 16322 16325 16328 16324 16322 16324 16322 16326 16328 16321 16325 16325 16325 16326 16322 16326 16323 16323 16327 16327 16321 16323 16328 16323 16323 16324 16329 16327 16326 16325 16321 16326 16323 16319 16322 16323 16324 16324 16329 16324 16325 16326 16325 16321 16321 16321 16324 16324 16324 16322 16322 16327 16324 16323 16324 16323 16324 159 8361 304 14453 
0 16329 16322 16326 16329 16330 16326 16325 16328 16325 16327 16324 16327 16329 16325 16325 16324 16322 16324 16325 16327 16325 16324 16325 16326 16327 16321 16325 16327 16325 16327 16325 16328 16327 16326 16331 16327 16328 16327 16325 16327 16330 16323 16326 16327 16327 16324 16328 16326 16326 16327 16323 16326 16326 16327 16324 16327 16325 16325 16326 16324 16326 16329 16343 16288 16357 16291 16354 16302 16348 16311 16339 16318 16328 16318 16327 16318 16328 16322 16327 16326 16325 16324 16326 16325 16324 16322 16331 16327 16323 16324 16325 16323 16325 16323 16324 16323 16323 16324 16325 16323 16328 16323 16321 16323 16325 16321 16324 16323 16325 16317 16326 16320 16329 16323 16325 16320 16333 16324 16324 16327 16325 16321 16327 16326 16323 16325 16325 16326 16325 16326 16331 16326 16329 16330 16326 16328 16324 16325 16325 16326 16328 16324 16328 16327 16327 16325 16327 16325 16323 16325 16326 16327 16324 16323 16325 16327 16327 16324 16329 16327 16327 16326 16325 16326 16327 16326 16324 16324 16322 16327 16320 16325 16326 16326 16327 16327 16325 16321 16326 16325 16322 16325 16322 16327 16326 16327 16326 16327 16324 16324 16324 16323 16325 16325 16323 16327 16326 16326 16327 16324 16321 16324 16326 16329 16328 16327 16326 16327 16327 16326 16326 16326 16327 16322 16327 16323 16326 16325 16324 16330 16326 16326 16324 16330 16325 16325 16324 16326 16327 16324 16325 16329 16327 16327 16324 16327 16324 16323 16327 16323 16328 16324 16327 16326 16327 16328 16326 16320 16324 16323 16322 16327 16325 16326 16327 16321 16324 164 8211 304 14453 
0 16325 16325 16328 16324 16326 16330 16326 16328 16328 16325 16326 16331 16329 16324 16328 16326 16323 16326 16320 16325 16331 16326 16325 16327 16327 16328 16322 16326 16323 16326 16327 16327 16328 16327 16326 16327 16324 16330 16331 16326 16327 16325 16324 16323 16326 16325 16325 16328 16328 16326 16324 16323 16329 16325 16327 16331 16329 16323 16327 16328 16325 16323 16369 16258 0 16293 16356 16306 16339 16316 16332 16321 16330 16320 16331 16323 16328 16322 16325 16327 16328 16323 16328 16327 16325 16329 16322 16325 16325 16328 16325 16329 16325 16328 16324 16329 16324 16329 16321 16324 16322 16324 16328 16326 16327 16328 16327 16324 16324 16323 16326 16329 16325 16322 16323 16325 16328 16325 16330 16327 16324 16327 16329 16326 16325 16329 16327 16330 16328 16322 16332 16329 16330 16328 16328 16326 16330 16327 16326 16324 16328 16328 16326 16328 16328 16323 16328 16327 16325 16328 16326 16328 16328 16327 16327 16328 16328 16327 16324 16324 16325 16323 16324 16326 16327 16325 16328 16324 16324 16328 16320 16325 16323 16324 16331 16324 16329 16325 16325 16322 16325 16328 16329 16329 16325 16328 16326 16325 16324 16328 16325 16326 16325 16325 16322 16323 16325 16327 16329 16326 16328 16328 16324 16326 16329 16327 16326 16323 16326 16326 16325 16327 16328 16324 16329 16325 16326 16330 16326 16328 16324 16326 16324 16323 16323 16330 16328 16328 16325 16325 16326 16326 16326 16327 16325 16329 16327 16327 16329 16328 16329 16323 16324 16327 16326 16326 16325 16323 16327 16324 16326 16327 16325 16329 16324 16325 16324 169 7570 304 14453 
0 16323 16325 16329 16328 16328 16325 16328 16325 16326 16329 16327 16325 16327 16327 16328 16324 16328 16325 16325 16328 16327 16326 16328 16324 16327 16325 16326 16327 16327 16325 16325 16324 16328 16322 16324 16324 16328 16322 16323 16323 16326 16323 16323 16325 16328 16328 16325 16325 16326 16327 16324 16323 16325 16323 16326 16327 16326 16323 16329 16324 16325 16324 16354 16259 3 16275 16364 16293 16347 16309 16343 16310 16333 16312 16331 16319 16327 16323 16327 16320 16328 16321 16327 16323 16326 16326 16329 16322 16326 16328 16329 16324 16327 16328 16322 16331 16324 16327 16325 16324 16327 16323 16327 16324 16327 16326 16316 16331 16322 16329 16320 16324 16326 16332 16326 16325 16327 16327 16327 16327 16327 16324 16327 16327 16329 16331 16333 16325 16324 16326 16327 16328 16327 16329 16328 16326 16327 16328 16326 16332 16323 16326 16323 16324 16326 16326 16327 16330 16327 16323 16329 16324 16333 16323 16332 16322 16324 16328 16324 16328 16328 16328 16325 16325 16329 16329 16328 16327 16324 16325 16325 16323 16328 16328 16325 16327 16327 16325 16326 16325 16327 16327 16328 16328 16322 16326 16330 16326 16325 16323 16327 16327 16328 16326 16325 16327 16329 16324 16325 16325 16328 16327 16323 16322 16326 16322 16327 16326 16327 16325 16326 16323 16324 16328 16325 16329 16324 16322 16324 16326 16326 16326 16326 16327 16331 16329 16324 16323 16327 16326 16326 16325 16328 16326 16324 16327 16326 16327 16327 16328 16325 16326 16329 16324 16324 16325 16324 16325 16323 16322 16324 16324 16327 16326 16323 16327 16325 174 5945 304 14453 
0 16324 16323 16324 16321 16325 16321 16328 16328 16324 16327 16323 16326 16326 16328 16325 16330 16323 16327 16326 16328 16325 16324 16327 16328 16324 16324 16324 16325 16327 16327 16327 16328 16322 16323 16326 16323 16321 16327 16321 16327 16328 16325 16328 16323 16326 16326 16324 16329 16331 16324 16324 16322 16328 16326 16325 16324 16323 16324 16327 16322 16325 16325 16367 16237 17 16269 16365 16289 16352 16308 16343 16316 16334 16317 16331 16315 16330 16319 16324 16322 16323 16322 16321 16323 16324 16323 16327 16324 16323 16327 16327 16327 16323 16322 16324 16323 16328 16327 16326 16324 16323 16322 16327 16326 16322 16316 16327 16322 16328 16321 16323 16321 16325 16324 16328 16327 16322 16324 16324 16327 16326 16326 16328 16324 16330 16324 16331 16329 16325 16324 16324 16328 16326 16328 16328 16325 16327 16325 16328 16322 16322 16326 16327 16324 16327 16327 16330 16327 16329 16324 16328 16326 16327 16329 16326 16326 16326 16325 16327 16322 16329 16328 16324 16328 16326 16328 16326 16327 16328 16326 16321 16327 16324 16324 16325 16325 16326 16328 16325 16326 16327 16327 16326 16326 16326 16330 16329 16323 16326 16325 16324 16326 16329 16328 16327 16327 16324 16326 16325 16325 16324 16323 16326 16326 16325 16325 16327 16324 16324 16327 16329 16326 16328 16329 16322 16325 16326 16324 16325 16326 16323 16327 16325 16327 16329 16327 16328 16323 16324 16325 16326 16323 16329 16323 16328 16331 16328 16323 16328 16324 16325 16323 16326 16327 16327 16326 16326 16329 16326 16327 16321 16327 16326 16327 16326 16326 16326 185 1007 304 14453 
0 16329 16328 16324 16327 16330 16326 16329 16324 16325 16328 16324 16323 16326 16327 16328 16323 16326 16325 16328 16326 16326 16321 16327 16329 16324 16326 16326 16329 16325 16327 16327 16332 16326 16327 16328 16325 16326 16329 16326 16323 16322 16324 16326 16325 16324 16325 16328 16325 16324 16324 16325 16328 16322 16329 16328 16326 16324 16326 16323 16327 16324 16323 16361 16296 16333 16335 16319 16334 16313 16332 16318 16335 16321 16329 16319 16323 16319 16327 16322 16326 16326 16326 16326 16328 16321 16325 16327 16325 16329 16323 16328 16324 16324 16324 16320 16325 16323 16326 16326 16319 16326 16325 16324 16325 16324 16322 16326 16322 16320 16324 16320 16323 16325 16328 16322 16325 16328 16322 16329 16324 16327 16330 16325 16325 16324 16326 16328 16328 16324 16330 16327 16328 16329 16324 16327 16327 16328 16332 16331 16326 16323 16328 16324 16324 16327 16328 16326 16331 16328 16328 16327 16325 16331 16326 16326 16327 16327 16322 16328 16324 16327 16323 16328 16327 16326 16326 16325 16322 16325 16324 16324 16327 16328 16325 16323 16329 16326 16328 16325 16327 16330 16327 16328 16327 16325 16326 16324 16325 16327 16325 16327 16324 16327 16326 16324 16327 16323 16323 16327 16327 16325 16330 16328 16326 16325 16324 16328 16322 16325 16327 16327 16328 16326 16330 16325 16327 16323 16326 16326 16325 16324 16323 16329 16327 16324 16325 16325 16323 16325 16321 16327 16329 16326 16328 16323 16330 16323 16330 16321 16322 16329 16324 16327 16325 16324 16327 16322 16326 16325 16324 16324 16324 16326 16320 16326 16325 16327 190 2806 304 14453 
0 16331 16338 16345 16334 16334 16329 16327 16332 16331 16332 16333 16333 16335 16331 16335 16332 16333 16335 16332 16329 16333 16328 16333 16329 16337 16331 16334 16332 16328 16330 16332 16330 16331 16333 16335 16328 16330 16330 16333 16328 16330 16335 16329 16331 16332 16329 16332 16332 16335 16332 16335 16334 16329 16333 16327 16329 16335 16330 16334 16333 16335 16331 16374 16243 28 16276 16375 16296 16357 16311 16347 16319 16340 16323 16338 16322 16335 16327 16335 16328 16328 16330 16333 16327 16336 16333 16332 16331 16331 16327 16332 16331 16331 16329 16331 16330 16329 16327 16333 16335 16333 16328 16329 16331 16327 16341 16332 16332 16331 16332 16332 16331 16333 16330 16332 16333 16333 16334 16335 16330 16334 16332 16334 16334 16332 16335 16333 16335 16332 16335 16333 16330 16332 16330 16332 16335 16331 16332 16334 16334 16333 16334 16335 16332 16331 16334 16333 16336 16333 16334 16335 16332 16332 16331 16334 16335 16333 16331 16329 16333 16333 16332 16331 16333 16334 16331 16331 16332 16334 16335 16336 16334 16335 16328 16335 16329 16331 16332 16330 16335 16332 16332 16333 16335 16330 16331 16335 16332 16331 16328 16334 16332 16334 16332 16341 16332 16333 16335 16333 16331 16336 16332 16332 16332 16332 16334 16334 16333 16334 16336 16333 16336 16331 16333 16334 16329 16332 16332 16336 16331 16329 16331 16334 16333 16333 16329 16332 16333 16333 16330 16333 16336 16333 16335 16334 16335 16334 16335 16330 16333 16328 16331 16334 16333 16333 16329 16333 16334 16335 16332 16328 16333 16334 16330 16331 16328 16332 195 1679 304 14453 
0 16331 16332 16330 16330 16331 16329 16332 16331 16333 16334 16329 16331 16331 16328 16330 16332 16328 16335 16329 16333 16329 16333 16345 16341 16329 16331 16329 16331 16329 16329 16332 16332 16333 16334 16329 16333 16332 16332 16330 16333 16335 16331 16331 16331 16332 16330 16331 16335 16331 16327 16331 16333 16331 16332 16332 16331 16331 16348 16334 16291 16375 16293 16360 16304 16352 16312 16337 16322 16336 16326 16332 16330 16335 16329 16335 16325 16332 16329 16334 16332 16331 16332 16332 16336 16329 16331 16332 16330 16330 16328 16327 16331 16331 16330 16329 16335 16330 16331 16329 16323 16333 16328 16328 16332 16327 16328 16330 16331 16334 16331 16330 16334 16332 16332 16330 16331 16331 16333 16335 16331 16330 16331 16333 16331 16334 16333 16332 16332 16333 16333 16332 16332 16332 16331 16333 16331 16329 16333 16331 16331 16331 16335 16330 16334 16331 16332 16332 16329 16333 16331 16331 16335 16336 16330 16337 16334 16333 16334 16328 16333 16335 16336 16337 16331 16335 16335 16333 16330 16331 16330 16329 16335 16328 16333 16336 16332 16331 16332 16334 16336 16333 16331 16329 16333 16335 16330 16336 16329 16333 16330 16331 16333 16335 16334 16336 16333 16336 16334 16335 16333 16333 16337 16330 16337 16331 16336 16335 16330 16332 16333 16335 16333 16331 16333 16332 16331 16332 16331 16334 16333 16330 16332 16329 16335 16332 16332 16332 16334 16332 16335 16330 16332 16331 16334 16333 16333 16329 16332 16331 16330 16334 16331 16334 16329 16335 16330 16328 16334 16333 16335 16333 16331 16331 16333 16333 16331 16329 199 15960 304 14453 
0 16327 16325 16327 16330 16327 16328 16327 16328 16324 16327 16329 16326 16328 16328 16323 16325 16326 16325 16327 16325 16327 16322 16325 16328 16322 16324 16326 16324 16328 16324 16328 16325 16324 16327 16326 16326 16326 16328 16326 16323 16326 16323 16328 16325 16323 16326 16323 16326 16323 16328 16325 16327 16327 16328 16328 16329 16325 16324 16327 16324 16327 16324 16360 16243 18 16268 16372 16294 16352 16303 16340 16310 16334 16316 16327 16319 16330 16324 16326 16322 16326 16321 16326 16325 16326 16325 16326 16322 16327 16324 16324 16324 16324 16327 16321 16323 16321 16324 16324 16324 16322 16324 16328 16326 16324 16323 16329 16324 16326 16323 16327 16324 16327 16323 16323 16324 16324 16329 16326 16323 16325 16325 16328 16326 16317 16327 16326 16328 16327 16331 16327 16328 16326 16325 16325 16328 16327 16326 16326 16329 16327 16329 16329 16330 16323 16327 16326 16328 16327 16326 16326 16326 16324 16328 16326 16323 16327 16328 16324 16329 16329 16328 16325 16328 16327 16329 16327 16326 16327 16325 16324 16325 16326 16328 16327 16325 16326 16327 16327 16329 16326 16325 16325 16329 16326 16326 16326 16324 16330 16331 16326 16331 16324 16327 16324 16323 16325 16330 16327 16325 16324 16328 16322 16326 16327 16329 16326 16325 16324 16334 16329 16325 16327 16327 16327 16331 16322 16326 16327 16326 16327 16325 16327 16323 16325 16329 16326 16327 16324 16327 16326 16326 16327 16325 16327 16328 16327 16325 16327 16328 16325 16327 16325 16326 16323 16323 16321 16329 16328 16324 16323 16323 16330 16325 16326 16329 16325 205 888 304 14453 
0 16330 16327 16326 16326 16326 16326 16325 16326 16327 16325 16325 16327 16327 16325 16321 16326 16327 16328 16326 16330 16322 16330 16328 16328 16329 16328 16329 16325 16322 16327 16322 16327 16325 16329 16325 16320 16325 16330 16326 16325 16328 16326 16325 16327 16327 16324 16326 16328 16327 16326 16326 16324 16325 16327 16326 16326 16324 16324 16327 16326 16323 16334 16336 16274 16375 16282 16363 16293 16349 16306 16341 16318 16335 16315 16331 16320 16325 16321 16327 16323 16327 16323 16325 16328 16326 16323 16325 16329 16324 16324 16328 16323 16320 16323 16322 16328 16324 16326 16323 16327 16321 16323 16327 16326 16324 16314 16330 16324 16326 16321 16324 16324 16328 16325 16323 16327 16326 16328 16323 16330 16327 16325 16329 16327 16329 16326 16326 16328 16326 16329 16322 16326 16331 16327 16326 16328 16328 16325 16324 16324 16328 16328 16328 16326 16330 16326 16327 16330 16327 16325 16326 16329 16325 16326 16327 16329 16323 16327 16329 16330 16326 16324 16330 16326 16325 16326 16325 16325 16324 16323 16326 16330 16327 16331 16325 16329 16321 16325 16325 16327 16324 16330 16325 16330 16328 16325 16329 16331 16324 16327 16326 16323 16329 16325 16325 16328 16323 16326 16329 16327 16328 16324 16329 16330 16321 16327 16325 16323 16325 16325 16324 16325 16325 16326 16326 16324 16329 16327 16328 16325 16326 16326 16325 16323 16326 16328 16321 16326 16327 16326 16323 16329 16324 16326 16326 16326 16329 16326 16325 16322 16323 16323 16325 16326 16326 16326 16326 16328 16326 16329 16326 16323 16325 16324 16325 16329 16327 214 11582 304 14453 
0 16324 16329 16330 16327 16327 16325 16324 16328 16328 16329 16329 16328 16329 16332 16327 16330 16330 16325 16329 16327 16326 16326 16327 16321 16330 16326 16322 16328 16328 16323 16325 16328 16324 16330 16326 16323 16327 16326 16327 16329 16324 16327 16326 16327 16328 16328 16323 16327 16327 16325 16327 16323 16329 16328 16325 16326 16327 16326 16327 16326 16327 16325 16366 16271 16367 16304 16344 16316 16334 16320 16328 16323 16323 16323 16323 16327 16325 16327 16322 16324 16327 16323 16327 16328 16322 16326 16325 16327 16329 16327 16326 16326 16323 16325 16326 16323 16323 16327 16322 16324 16327 16325 16321 16322 16322 16325 16331 16327 16316 16335 16321 16328 16324 16326 16322 16327 16324 16331 16326 16326 16326 16326 16325 16328 16322 16325 16329 16328 16328 16329 16327 16330 16328 16324 16325 16329 16323 16329 16327 16324 16323 16324 16323 16328 16327 16325 16326 16325 16327 16329 16326 16327 16327 16326 16326 16326 16328 16331 16329 16326 16325 16326 16327 16329 16314 16330 16324 16328 16328 16326 16326 16324 16326 16327 16325 16325 16330 16329 16325 16328 16322 16326 16330 16328 16327 16327 16326 16331 16328 16325 16327 16331 16328 16323 16328 16324 16329 16330 16324 16332 16323 16322 16330 16324 16326 16331 16323 16325 16329 16327 16325 16325 16325 16327 16330 16327 16323 16324 16328 16329 16327 16326 16324 16326 16326 16326 16325 16327 16325 16327 16324 16327 16326 16323 16327 16326 16323 16320 16324 16326 16326 16324 16324 16325 16328 16325 16324 16327 16325 16326 16326 16325 16326 16324 16326 16324 16326 219 12898 304 14453 
0 16328 16327 16329 16332 16329 16332 16333 16331 16331 16331 16334 16329 16333 16334 16331 16329 16336 16332 16333 16331 16330 16334 16327 16334 16333 16330 16330 16334 16335 16335 16332 16332 16330 16332 16333 16332 16333 16331 16336 16335 16333 16335 16333 16338 16332 16332 16330 16330 16333 16335 16335 16332 16333 16331 16330 16336 16329 16331 16333 16331 16329 16340 16350 16261 10 16277 16372 16296 16357 16314 16350 16320 16341 16322 16333 16326 16332 16323 16332 16325 16329 16326 16332 16329 16335 16331 16334 16328 16328 16330 16330 16331 16332 16332 16329 16333 16332 16331 16328 16331 16332 16327 16331 16329 16330 16329 16331 16325 16332 16327 16330 16334 16330 16331 16331 16331 16330 16332 16335 16335 16334 16332 16333 16328 16333 16333 16332 16332 16332 16335 16334 16335 16337 16331 16333 16336 16333 16331 16332 16335 16331 16335 16331 16331 16331 16333 16334 16330 16336 16331 16336 16328 16336 16335 16335 16333 16332 16332 16331 16331 16336 16333 16332 16331 16331 16337 16330 16336 16333 16335 16336 16330 16329 16335 16333 16333 16333 16335 16334 16335 16332 16332 16331 16334 16333 16330 16332 16329 16334 16333 16334 16335 16329 16333 16333 16330 16333 16333 16331 16333 16335 16336 16332 16333 16332 16330 16335 16330 16330 16331 16329 16332 16334 16332 16330 16331 16330 16335 16333 16329 16332 16331 16331 16335 16331 16333 16335 16331 16332 16333 16329 16334 16330 16331 16334 16330 16333 16333 16329 16332 16332 16332 16329 16331 16330 16329 16332 16332 16330 16330 16328 16330 16329 16331 16334 16330 16329 224 11279 304 14453 
0 16328 16327 16328 16328 16326 16328 16331 16323 16326 16329 16323 16330 16325 16329 16329 16327 16326 16333 16328 16325 16325 16326 16330 16331 16325 16324 16325 16329 16328 16329 16328 16326 16327 16327 16330 16327 16326 16323 16327 16326 16328 16328 16328 16331 16325 16328 16329 16330 16327 16327 16325 16328 16329 16328 16328 16331 16333 16324 16326 16329 16330 16326 16379 16269 16364 16315 16339 16319 16332 16328 16328 16325 16325 16323 16322 16326 16323 16327 16325 16324 16325 16325 16324 16328 16327 16327 16328 16330 16328 16324 16328 16329 16326 16327 16324 16328 16322 16323 16328 16325 16323 16328 16325 16326 16325 16330 16321 16330 16324 16327 16323 16327 16325 16327 16327 16332 16325 16331 16330 16326 16328 16328 16327 16331 16330 16328 16331 16328 16328 16331 16327 16331 16328 16332 16329 16329 16329 16329 16329 16328 16335 16326 16332 16326 16326 16331 16329 16329 16328 16330 16329 16327 16331 16327 16328 16331 16332 16330 16333 16325 16327 16334 16327 16329 16327 16325 16329 16328 16328 16327 16326 16326 16330 16330 16330 16330 16330 16330 16327 16326 16328 16332 16325 16328 16329 16326 16330 16324 16323 16330 16326 16324 16327 16328 16328 16327 16328 16326 16326 16323 16329 16331 16327 16330 16327 16326 16330 16328 16327 16328 16330 16328 16331 16329 16325 16332 16331 16331 16326 16326 16326 16325 16330 16323 16328 16328 16326 16326 16328 16326 16328 16327 16325 16328 16327 16327 16329 16325 16328 16327 16323 16326 16326 16329 16324 16331 16329 16327 16329 16323 16326 16328 16322 16327 16322 16326 16326 229 10146 304 14453 
0 16325 16324 16324 16322 16328 16323 16324 16330 16325 16326 16323 16326 16328 16324 16328 16324 16328 16326 16324 16319 16328 16329 16325 16327 16330 16326 16325 16324 16329 16327 16327 16325 16326 16327 16325 16326 16326 16324 16329 16324 16326 16324 16325 16327 16327 16329 16325 16327 16326 16327 16326 16327 16323 16329 16323 16323 16324 16330 16325 16328 16326 16327 16360 16244 11 16269 16366 16291 16349 16302 16341 16310 16335 16314 16331 16318 16328 16322 16325 16323 16327 16326 16327 16323 16326 16326 16325 16328 16325 16326 16322 16326 16325 16329 16323 16324 16323 16325 16326 16325 16329 16324 16326 16322 16323 16323 16327 16322 16328 16322 16326 16326 16324 16326 16326 16325 16326 16327 16329 16326 16325 16327 16325 16328 16324 16328 16323 16329 16324 16328 16329 16328 16327 16330 16321 16329 16325 16325 16326 16327 16328 16327 16326 16326 16323 16326 16324 16328 16327 16326 16324 16326 16327 16327 16325 16327 16326 16323 16328 16326 16323 16319 16321 16326 16326 16327 16327 16326 16330 16327 16325 16327 16324 16327 16327 16325 16325 16328 16327 16327 16327 16323 16327 16326 16322 16328 16324 16325 16326 16327 16325 16324 16327 16329 16329 16328 16326 16330 16324 16327 16328 16324 16324 16322 16322 16325 16324 16323 16323 16324 16324 16332 16324 16322 16326 16323 16329 16325 16324 16328 16326 16323 16327 16329 16324 16330 16321 16327 16330 16322 16326 16327 16323 16327 16325 16323 16326 16328 16327 16327 16328 16322 16326 16327 16327 16323 16325 16326 16325 16324 16326 16326 16326 16322 16323 16327 16320 234 8032 304 14453 
0 16330 16334 16333 16331 16327 16330 16327 16332 16330 16329 16326 16330 16328 16333 16333 16329 16327 16332 16335 16334 16331 16328 16327 16329 16330 16332 16329 16331 16327 16331 16332 16332 16330 16333 16330 16333 16331 16330 16329 16331 16337 16329 16328 16328 16330 16330 16334 16332 16329 16331 16328 16329 16329 16327 16329 16328 16332 16329 16332 16331 16329 16327 16379 16260 1 16294 16359 16311 16341 16314 16340 16319 16330 16322 16328 16324 16330 16326 16328 16324 16324 16330 16332 16325 16330 16328 16327 16327 16326 16328 16328 16326 16323 16330 16324 16328 16330 16327 16328 16327 16329 16328 16328 16331 16325 16330 16327 16330 16329 16326 16324 16326 16325 16326 16324 16333 16327 16331 16325 16324 16328 16329 16332 16329 16328 16329 16332 16335 16329 16333 16336 16327 16333 16328 16329 16331 16331 16330 16328 16328 16331 16328 16328 16331 16329 16331 16328 16333 16327 16326 16331 16329 16335 16326 16328 16331 16332 16328 16333 16332 16327 16335 16332 16331 16329 16330 16327 16333 16329 16329 16331 16328 16333 16329 16327 16332 16330 16334 16331 16329 16332 16328 16328 16330 16330 16329 16328 16333 16328 16328 16331 16326 16330 16326 16325 16330 16324 16332 16327 16327 16330 16329 16329 16332 16329 16329 16326 16329 16330 16327 16331 16331 16330 16332 16329 16327 16329 16330 16326 16331 16328 16323 16330 16328 16329 16331 16327 16330 16334 16339 16333 16335 16329 16329 16326 16328 16332 16327 16327 16329 16329 16325 16331 16327 16329 16330 16329 16329 16328 16324 16332 16331 16326 16328 16327 16331 16327 243 15786 304 14453 
0 16323 16327 16324 16323 16328 16330 16322 16331 16327 16325 16323 16326 16323 16326 16326 16325 16328 16322 16324 16323 16325 16326 16331 16326 16330 16326 16326 16329 16324 16326 16329 16328 16324 16326 16327 16324 16327 16326 16327 16329 16322 16326 16327 16325 16327 16331 16324 16326 16323 16325 16324 16327 16325 16328 16327 16321 16332 16327 16326 16329 16323 16325 16328 16312 16320 16327 16326 16328 16326 16329 16327 16330 16326 16327 16329 16324 16327 16325 16328 16328 16331 16327 16327 16331 16330 16327 16328 16325 16327 16325 16326 16327 16325 16326 16326 16326 16327 16329 16326 16320 16324 16327 16326 16329 16329 16328 16324 16325 16322 16325 16330 16327 16324 16324 16327 16324 16326 16326 16325 16325 16327 16328 16325 16327 16327 16323 16326 16325 16325 16324 16324 16331 16325 16325 16332 16324 16327 16325 16327 16324 16324 16324 16325 16326 16329 16325 16324 16326 16327 16328 16326 16327 16325 16328 16326 16323 16328 16327 16326 16328 16325 16324 16323 16326 16327 16322 16323 16324 16325 16327 16324 16326 16325 16324 16325 16325 16327 16325 16327 16327 16326 16323 16326 16325 16328 16322 16328 16326 16325 16324 16330 16327 16328 16325 16327 16326 16325 16328 16326 16326 16325 16323 16328 16330 16326 16324 16327 16326 16330 16327 16326 16329 16330 16328 16325 16324 16324 16324 16325 16325 16328 16324 16330 16326 16325 16323 16328 16325 16329 16325 16324 16328 16325 16325 16326 16323 16328 16327 16327 16329 16324 16322 16326 16324 16326 16323 16327 16327 16327 16322 16325 16328 16327 16325 16326 16327 16327 248 16303 304 14453 
0 16325 16324 16324 16324 16324 16325 16325 16325 16329 16324 16323 16328 16325 16323 16327 16324 16327 16325 16325 16326 16327 16328 16325 16325 16327 16327 16325 16324 16325 16323 16325 16325 16326 16323 16329 16327 16327 16322 16327 16324 16323 16324 16325 16325 16328 16326 16323 16325 16322 16325 16327 16328 16320 16323 16322 16325 16323 16325 16324 16320 16326 16322 16325 16315 16325 16325 16327 16325 16328 16323 16319 16326 16322 16325 16327 16323 16321 16326 16322 16328 16331 16322 16324 16324 16326 16324 16325 16323 16327 16326 16326 16328 16324 16324 16324 16327 16326 16368 16263 16381 16290 16354 16306 16338 16315 16330 16317 16328 16321 16324 16323 16325 16323 16321 16325 16324 16321 16331 16322 16323 16322 16322 16329 16326 16326 16323 16326 16325 16325 16320 16322 16326 16324 16326 16326 16321 16329 16324 16322 16329 16324 16324 16325 16324 16321 16321 16325 16323 16324 16319 16322 16328 16327 16326 16329 16325 16322 16326 16318 16328 16326 16324 16329 16328 16325 16327 16324 16321 16324 16325 16321 16328 16320 16330 16322 16320 16329 16319 16326 16326 16323 16327 16320 16327 16323 16327 16329 16324 16326 16328 16326 16325 16328 16323 16324 16328 16328 16327 16328 16323 16326 16326 16325 16327 16327 16325 16323 16322 16322 16326 16324 16328 16326 16322 16324 16327 16326 16325 16324 16323 16328 16326 16326 16328 16323 16324 16328 16320 16323 16326 16327 16327 16324 16323 16326 16327 16326 16323 16326 16322 16329 16326 16325 16329 16324 16323 16325 16323 16324 16329 16323 16329 16328 16323 16322 16327 16323 253 14956 304 14453 
0 16329 16324 16323 16321 16329 16327 16327 16328 16327 16323 16326 16323 16329 16328 16327 16327 16325 16324 16325 16327 16329 16322 16323 16324 16329 16329 16321 16328 16326 16328 16326 16323 16324 16324 16324 16325 16326 16325 16326 16324 16324 16324 16328 16322 16323 16327 16322 16328 16328 16325 16320 16330 16323 16324 16329 16327 16325 16328 16324 16325 16325 16330 16337 16289 16358 16294 16352 16301 16343 16312 16338 16317 16331 16316 16326 16321 16328 16323 16326 16323 16329 16326 16327 16323 16326 16324 16327 16327 16321 16328 16324 16323 16326 16326 16328 16324 16327 16324 16323 16321 16326 16324 16329 16326 16326 16328 16330 16323 16326 16319 16323 16326 16322 16326 16321 16325 16323 16323 16324 16331 16324 16323 16329 16326 16326 16324 16329 16328 16328 16325 16324 16329 16324 16326 16326 16325 16326 16326 16327 16332 16329 16320 16325 16330 16324 16326 16325 16328 16327 16327 16326 16329 16323 16324 16330 16329 16327 16327 16326 16329 16330 16327 16327 16325 16323 16324 16324 16326 16322 16328 16325 16331 16329 16326 16326 16328 16324 16324 16325 16325 16324 16329 16326 16329 16327 16324 16325 16329 16325 16328 16325 16325 16329 16324 16328 16328 16325 16328 16331 16324 16328 16329 16325 16328 16321 16324 16327 16325 16324 16327 16323 16323 16327 16326 16322 16329 16327 16323 16325 16326 16325 16326 16323 16326 16330 16324 16324 16330 16332 16329 16327 16325 16327 16325 16328 16324 16324 16326 16326 16324 16324 16329 16327 16321 16326 16328 16324 16324 16326 16322 16322 16327 16322 16327 16322 16321 16334 259 418 304 14453 
0 16326 16325 16326 16325 16325 16326 16328 16327 16326 16327 16327 16325 16325 16327 16327 16327 16325 16328 16326 16325 16326 16324 16323 16325 16325 16326 16330 16323 16328 16328 16325 16328 16322 16321 16332 16328 16328 16331 16324 16329 16329 16324 16327 16326 16326 16326 16327 16317 16328 16327 16328 16328 16326 16322 16329 16325 16326 16323 16323 16322 16328 16330 16333 16287 16359 16292 16355 16300 16345 16310 16339 16319 16332 16320 16327 16319 16325 16324 16324 16323 16327 16323 16326 16322 16325 16324 16323 16327 16326 16324 16323 16325 16325 16327 16323 16321 16326 16324 16326 16322 16326 16324 16326 16327 16324 16326 16328 16324 16321 16321 16326 16325 16329 16321 16325 16326 16324 16323 16328 16326 16324 16323 16323 16326 16325 16326 16329 16328 16321 16328 16323 16328 16329 16328 16325 16326 16323 16323 16334 16325 16325 16326 16327 16325 16326 16325 16329 16321 16326 16328 16326 16327 16326 16330 16326 16323 16327 16326 16330 16327 16325 16323 16320 16327 16326 16330 16327 16322 16325 16322 16323 16323 16322 16327 16327 16326 16325 16328 16329 16327 16328 16326 16324 16328 16325 16325 16323 16329 16324 16322 16322 16326 16326 16325 16327 16327 16325 16326 16325 16323 16325 16328 16325 16325 16322 16328 16331 16325 16326 16327 16323 16327 16326 16320 16327 16327 16327 16329 16325 16326 16329 16322 16327 16329 16323 16325 16328 16323 16330 16322 16327 16329 16328 16323 16326 16325 16324 16325 16326 16324 16326 16327 16327 16326 16324 16329 16327 16326 16326 16322 16328 16328 16327 16329 16324 16327 16327 263 14693 304 14453 
0 16328 16329 16326 16327 16328 16325 16329 16331 16326 16325 16329 16325 16325 16328 16327 16328 16323 16325 16325 16329 16330 16323 16327 16329 16326 16329 16326 16327 16328 16323 16325 16329 16324 16327 16326 16326 16327 16326 16326 16329 16330 16327 16333 16326 16327 16327 16321 16324 16327 16324 16327 16325 16326 16325 16323 16327 16329 16324 16323 16331 16322 16323 16368 16248 8 16278 16364 16298 16348 16308 16340 16315 16333 16319 16329 16321 16328 16323 16327 16324 16328 16321 16326 16317 16322 16333 16329 16329 16329 16327 16327 16321 16329 16326 16324 16326 16327 16326 16321 16324 16326 16324 16327 16326 16326 16325 16324 16325 16324 16315 16330 16325 16325 16330 16321 16324 16329 16322 16324 16325 16328 16328 16328 16328 16326 16329 16325 16327 16329 16327 16325 16327 16324 16326 16330 16322 16327 16327 16326 16322 16326 16325 16326 16326 16324 16325 16328 16325 16327 16323 16324 16326 16329 16327 16330 16325 16329 16331 16329 16324 16330 16326 16327 16329 16329 16326 16328 16326 16328 16323 16327 16323 16325 16324 16331 16330 16329 16323 16326 16323 16327 16329 16329 16326 16326 16328 16328 16328 16328 16328 16328 16325 16326 16327 16327 16328 16330 16330 16326 16327 16323 16325 16327 16327 16326 16328 16322 16326 16325 16328 16325 16325 16326 16327 16330 16324 16328 16327 16327 16326 16328 16326 16330 16324 16327 16328 16327 16327 16327 16323 16324 16330 16324 16326 16326 16329 16326 16327 16325 16327 16327 16325 16327 16325 16325 16329 16322 16328 16329 16328 16327 16329 16326 16324 16328 16324 16323 273 5091 304 14453 
0 16322 16327 16326 16324 16326 16324 16325 16324 16332 16324 16326 16326 16325 16330 16327 16325 16323 16329 16326 16328 16322 16325 16325 16326 16327 16327 16329 16326 16328 16328 16330 16327 16325 16327 16326 16327 16325 16327 16327 16323 16328 16324 16327 16325 16325 16326 16328 16324 16328 16331 16327 16330 16328 16326 16327 16327 16323 16326 16327 16324 16327 16321 16347 16315 16314 16344 16311 16340 16312 16339 16315 16338 16318 16329 16322 16327 16322 16326 16322 16325 16322 16326 16321 16328 16321 16325 16323 16326 16325 16323 16326 16324 16326 16327 16324 16325 16326 16327 16323 16326 16324 16324 16325 16325 16326 16325 16325 16317 16327 16326 16324 16325 16320 16324 16325 16324 16324 16326 16323 16324 16330 16324 16326 16324 16327 16333 16326 16328 16327 16326 16329 16327 16325 16327 16328 16325 16327 16326 16330 16329 16327 16327 16330 16324 16329 16325 16328 16328 16320 16329 16327 16329 16328 16325 16328 16331 16325 16327 16327 16328 16325 16332 16326 16328 16326 16326 16322 16330 16326 16327 16324 16328 16330 16331 16327 16326 16324 16327 16329 16327 16327 16327 16328 16327 16324 16325 16325 16328 16325 16327 16323 16329 16326 16327 16327 16323 16324 16327 16328 16325 16325 16329 16327 16328 16324 16326 16325 16327 16327 16327 16327 16322 16329 16326 16328 16325 16325 16324 16329 16327 16323 16327 16322 16326 16326 16323 16327 16327 16325 16327 16330 16323 16328 16328 16327 16326 16323 16327 16328 16327 16324 16325 16326 16328 16326 16324 16328 16325 16326 16323 16324 16323 16327 16325 16325 16327 16325 278 5916 304 14453 
0 16332 16332 16328 16334 16331 16332 16334 16332 16332 16332 16331 16329 16332 16332 16335 16334 16332 16337 16337 16332 16335 16332 16332 16333 16335 16329 16335 16329 16335 16337 16334 16334 16333 16330 16333 16332 16331 16332 16332 16332 16336 16331 16329 16332 16333 16334 16335 16327 16331 16333 16330 16333 16335 16336 16335 16333 16338 16333 16335 16330 16332 16332 16361 16313 16333 16353 16318 16346 16319 16343 16324 16340 16318 16324 16325 16327 16328 16335 16330 16332 16329 16334 16330 16329 16330 16335 16330 16333 16333 16333 16334 16330 16330 16329 16333 16328 16333 16332 16326 16333 16333 16328 16331 16332 16328 16326 16334 16324 16338 16330 16331 16332 16333 16330 16335 16329 16332 16333 16329 16329 16335 16334 16336 16333 16335 16331 16335 16333 16333 16338 16335 16334 16329 16337 16332 16332 16333 16338 16334 16331 16334 16334 16335 16332 16339 16334 16337 16329 16328 16336 16333 16329 16334 16332 16333 16336 16337 16336 16334 16340 16329 16333 16335 16336 16333 16335 16332 16333 16336 16332 16334 16335 16335 16335 16335 16329 16335 16332 16335 16335 16335 16337 16334 16331 16332 16335 16335 16333 16336 16334 16333 16334 16327 16336 16333 16332 16334 16335 16332 16338 16331 16333 16337 16335 16336 16336 16329 16334 16335 16334 16333 16337 16332 16332 16336 16333 16337 16333 16332 16331 16333 16335 16334 16333 16331 16328 16332 16335 16337 16334 16332 16334 16334 16329 16330 16332 16330 16329 16336 16328 16333 16335 16329 16330 16330 16331 16333 16334 16332 16329 16327 16333 16331 16330 16333 16332 16332 283 4783 304 14453 
0 16329 16328 16327 16327 16331 16327 16329 16326 16329 16324 16331 16330 16325 16328 16327 16329 16328 16329 16329 16324 16329 16329 16327 16324 16328 16328 16325 16330 16326 16327 16328 16327 16331 16328 16327 16326 16327 16324 16327 16330 16325 16327 16328 16328 16327 16328 16328 16328 16329 16327 16327 16326 16325 16328 16327 16325 16326 16324 16340 16334 16328 16326 0 16251 16380 16290 16355 16306 16339 16315 16335 16320 16330 16321 16326 16322 16327 16326 16327 16325 16329 16327 16327 16325 16326 16327 16327 16327 16325 16327 16330 16328 16326 16325 16326 16327 16326 16325 16324 16326 16326 16327 16328 16326 16320 16330 16322 16325 16323 16326 16328 16324 16327 16333 16327 16331 16328 16327 16330 16323 16326 16332 16327 16328 16332 16327 16325 16328 16330 16326 16330 16326 16326 16328 16328 16328 16330 16328 16329 16327 16327 16327 16328 16326 16330 16326 16328 16333 16325 16330 16331 16327 16333 16326 16327 16330 16322 16330 16328 16330 16329 16329 16328 16328 16327 16330 16327 16327 16328 16327 16328 16336 16328 16327 16328 16327 16328 16328 16324 16329 16325 16326 16328 16332 16327 16329 16326 16329 16330 16324 16328 16329 16326 16327 16329 16325 16331 16330 16323 16330 16328 16326 16331 16327 16328 16329 16328 16329 16327 16331 16326 16328 16325 16326 16329 16324 16329 16327 16326 16330 16327 16329 16332 16327 16326 16329 16328 16328 16330 16326 16329 16327 16328 16323 16328 16330 16326 16330 16323 16326 16326 16334 16324 16326 16329 16328 16329 16327 16325 16323 16332 16327 16326 16321 16327 16328 16329 288 2676 304 14453 
0 16325 16323 16326 16324 16323 16327 16326 16327 16323 16326 16324 16324 16326 16327 16324 16326 16325 16327 16326 16326 16327 16328 16325 16326 16328 16325 16323 16321 16327 16324 16325 16325 16324 16325 16325 16322 16329 16326 16327 16329 16327 16327 16322 16320 16327 16321 16326 16327 16325 16326 16326 16324 16329 16323 16328 16323 16325 16329 16325 16326 16326 16326 16356 16244 14 16268 16370 16288 16348 16305 16339 16313 16335 16316 16329 16316 16334 16316 16329 16320 16324 16324 16326 16326 16328 16323 16329 16321 16326 16328 16325 16326 16325 16326 16325 16322 16326 16324 16323 16324 16331 16324 16326 16323 16327 16324 16325 16319 16328 16321 16326 16319 16322 16325 16322 16325 16323 16331 16331 16324 16324 16326 16327 16326 16328 16324 16329 16326 16326 16324 16323 16327 16327 16329 16327 16326 16326 16326 16328 16327 16327 16326 16326 16327 16324 16327 16328 16326 16328 16329 16325 16329 16327 16322 16331 16329 16324 16330 16325 16325 16330 16321 16327 16327 16333 16323 16324 16328 16327 16333 16325 16326 16327 16329 16325 16327 16326 16328 16328 16329 16328 16327 16325 16328 16328 16324 16324 16326 16323 16328 16328 16325 16326 16324 16324 16325 16327 16322 16322 16328 16325 16324 16328 16324 16326 16324 16325 16328 16324 16328 16328 16327 16329 16327 16325 16328 16333 16326 16327 16329 16329 16324 16324 16329 16326 16328 16326 16325 16325 16326 16330 16328 16328 16326 16327 16328 16329 16322 16326 16325 16323 16326 16328 16324 16329 16326 16327 16324 16325 16327 16322 16324 16326 16326 16324 16325 16330 293 3995 304 14453 
0 16324 16322 16327 16323 16326 16326 16325 16324 16325 16323 16323 16325 16323 16328 16322 16327 16329 16327 16328 16325 16324 16329 16320 16327 16324 16328 16327 16325 16322 16326 16328 16325 16327 16323 16323 16324 16322 16323 16332 16327 16325 16325 16323 16328 16322 16326 16325 16327 16328 16327 16329 16324 16327 16327 16325 16328 16324 16322 16324 16325 16323 16345 16327 16294 16365 16288 16349 16300 16340 16310 16336 16316 16333 16319 16326 16323 16330 16322 16325 16325 16326 16320 16327 16325 16326 16328 16326 16323 16328 16324 16324 16329 16323 16325 16325 16322 16328 16325 16325 16324 16320 16324 16323 16324 16318 16331 16317 16323 16322 16323 16318 16320 16323 16324 16319 16323 16325 16327 16327 16327 16324 16326 16326 16326 16324 16326 16327 16327 16327 16329 16326 16326 16325 16330 16324 16327 16328 16328 16324 16327 16327 16331 16328 16326 16325 16331 16324 16328 16328 16321 16328 16326 16325 16331 16325 16325 16329 16325 16325 16329 16328 16325 16324 16324 16325 16325 16325 16325 16325 16324 16328 16328 16324 16329 16326 16323 16328 16323 16325 16328 16321 16324 16326 16327 16324 16330 16324 16327 16328 16322 16324 16326 16328 16324 16325 16323 16326 16326 16329 16329 16327 16326 16326 16325 16323 16328 16330 16327 16324 16327 16323 16326 16326 16326 16330 16326 16327 16324 16329 16326 16326 16327 16324 16331 16324 16323 16326 16326 16327 16326 16324 16325 16326 16327 16324 16329 16325 16323 16326 16324 16326 16322 16325 16327 16323 16324 16326 16323 16327 16325 16344 16335 16325 16330 16326 16328 16319 302 11264 304 14453 
0 16322 16321 16328 16323 16325 16322 16326 16326 16325 16328 16326 16324 16329 16323 16326 16333 16325 16326 16327 16329 16327 16328 16329 16326 16324 16326 16325 16329 16327 16320 16328 16324 16327 16325 16324 16326 16325 16326 16327 16326 16328 16326 16326 16326 16322 16329 16325 16331 16329 16325 16327 16325 16325 16326 16325 16328 16324 16323 16324 16327 16327 16323 16375 16234 15 16272 16367 16290 16351 16305 16342 16313 16337 16320 16328 16319 16325 16324 16328 16323 16329 16320 16321 16327 16326 16324 16329 16325 16327 16320 16327 16323 16326 16323 16325 16325 16323 16322 16327 16322 16322 16322 16328 16322 16324 16323 16324 16329 16327 16323 16323 16326 16325 16326 16327 16321 16329 16327 16322 16327 16321 16327 16328 16327 16324 16326 16328 16330 16323 16323 16324 16333 16324 16328 16331 16327 16326 16324 16329 16323 16328 16324 16326 16329 16335 16335 16326 16324 16321 16326 16324 16329 16324 16322 16329 16323 16328 16326 16324 16325 16328 16318 16328 16329 16327 16326 16335 16326 16328 16326 16323 16332 16325 16323 16326 16326 16328 16326 16330 16324 16331 16324 16328 16325 16328 16328 16325 16326 16328 16326 16327 16326 16324 16323 16326 16327 16328 16326 16328 16326 16327 16327 16327 16327 16327 16327 16326 16325 16327 16327 16326 16322 16331 16329 16324 16330 16329 16326 16328 16320 16330 16329 16324 16328 16330 16322 16326 16326 16329 16324 16326 16322 16327 16329 16324 16324 16324 16323 16329 16323 16327 16328 16326 16328 16330 16323 16325 16329 16324 16327 16325 16324 16326 16326 16326 16329 16331 2 14220 304 14008 
0 16327 16327 16323 16328 16325 16324 16328 16329 16329 16323 16327 16324 16328 16327 16325 16327 16327 16322 16325 16326 16326 16326 16327 16323 16327 16326 16324 16322 16325 16325 16328 16325 16324 16328 16330 16324 16328 16326 16327 16327 16325 16327 16324 16329 16322 16324 16325 16330 16328 16326 16327 16325 16325 16327 16329 16331 16326 16326 16326 16327 16323 16320 16381 16243 11 16283 16359 16300 16345 16312 16335 16312 16329 16318 16327 16320 16328 16322 16326 16323 16323 16324 16325 16324 16323 16325 16327 16322 16325 16327 16323 16326 16327 16325 16323 16326 16327 16326 16323 16322 16326 16324 16325 16325 16314 16329 16321 16323 16323 16324 16323 16324 16325 16320 16324 16327 16326 16325 16324 16328 16323 16329 16322 16325 16327 16326 16328 16328 16331 16328 16330 16327 16328 16326 16329 16326 16330 16325 16324 16327 16325 16329 16326 16326 16324 16323 16326 16326 16327 16327 16321 16328 16326 16328 16327 16324 16328 16328 16324 16326 16327 16316 16324 16326 16322 16329 16333 16324 16325 16327 16327 16325 16326 16326 16326 16327 16322 16327 16329 16326 16324 16325 16329 16330 16325 16327 16326 16325 16327 16330 16326 16328 16325 16325 16328 16323 16328 16323 16325 16327 16323 16329 16326 16333 16326 16324 16330 16326 16322 16328 16326 16326 16327 16326 16330 16326 16323 16326 16326 16327 16324 16322 16328 16323 16323 16327 16321 16327 16326 16322 16327 16324 16325 16326 16329 16323 16326 16326 16323 16323 16326 16324 16328 16324 16327 16322 16326 16325 16326 16326 16323 16327 16327 16326 16328 16326 16328 7 12596 304 14008 
0 16327 16324 16323 16326 16322 16329 16325 16326 16324 16326 16327 16326 16327 16325 16326 16323 16327 16325 16323 16325 16324 16324 16326 16323 16323 16326 16324 16326 16325 16326 16327 16320 16327 16326 16328 16330 16325 16328 16327 16323 16325 16325 16324 16323 16327 16320 16323 16325 16328 16324 16325 16328 16326 16326 16323 16323 16326 16325 16324 16325 16326 16323 16347 16316 16299 16356 16299 16343 16307 16337 16307 16333 16313 16330 16312 16323 16320 16325 16322 16327 16322 16328 16325 16329 16325 16325 16322 16323 16325 16325 16325 16325 16321 16326 16323 16324 16324 16322 16318 16324 16323 16327 16325 16321 16327 16320 16331 16323 16324 16326 16324 16327 16324 16326 16324 16324 16327 16330 16325 16327 16329 16327 16323 16328 16324 16327 16329 16327 16323 16330 16327 16328 16326 16326 16329 16330 16327 16328 16328 16325 16324 16325 16329 16329 16326 16328 16326 16327 16326 16327 16327 16328 16328 16328 16329 16326 16324 16330 16329 16327 16323 16323 16323 16327 16325 16323 16326 16327 16326 16328 16325 16324 16329 16329 16328 16327 16326 16328 16326 16329 16324 16323 16326 16324 16328 16325 16327 16328 16329 16328 16331 16329 16321 16321 16319 16324 16325 16329 16323 16329 16326 16328 16330 16326 16326 16329 16330 16326 16326 16328 16325 16330 16329 16322 16325 16323 16327 16326 16329 16324 16323 16325 16331 16322 16326 16326 16326 16322 16325 16329 16326 16325 16327 16326 16328 16326 16328 16327 16325 16326 16329 16326 16325 16327 16326 16326 16325 16328 16325 16328 16329 16326 16322 16329 16327 16326 16327 12 10976 304 14008 
0 16327 16331 16323 16327 16327 16323 16330 16327 16322 16324 16327 16325 16326 16322 16328 16327 16326 16327 16329 16326 16325 16327 16326 16328 16325 16324 16325 16324 16327 16330 16325 16323 16327 16325 16327 16326 16322 16328 16324 16326 16329 16325 16326 16327 16325 16327 16326 16328 16328 16330 16328 16330 16326 16325 16324 16323 16327 16326 16328 16326 16325 16327 16379 16242 7 16284 16354 16307 16337 16315 16335 16313 16329 16317 16327 16321 16327 16322 16324 16325 16318 16320 16326 16322 16326 16326 16323 16329 16323 16324 16325 16319 16320 16328 16328 16323 16321 16323 16325 16326 16325 16327 16326 16325 16323 16326 16325 16328 16324 16327 16327 16327 16326 16327 16324 16322 16326 16325 16324 16329 16325 16326 16327 16328 16327 16325 16328 16328 16326 16326 16325 16324 16330 16324 16325 16326 16325 16326 16324 16327 16326 16326 16327 16328 16330 16325 16327 16327 16323 16326 16323 16328 16327 16327 16325 16327 16331 16327 16325 16326 16325 16329 16327 16324 16332 16325 16327 16325 16329 16326 16327 16330 16329 16325 16325 16326 16327 16328 16326 16327 16325 16329 16331 16327 16327 16332 16326 16327 16328 16325 16324 16328 16327 16328 16328 16325 16327 16330 16329 16326 16327 16325 16327 16324 16329 16326 16327 16327 16325 16327 16325 16323 16325 16325 16326 16327 16328 16328 16328 16325 16324 16329 16327 16327 16328 16324 16328 16326 16326 16323 16326 16325 16326 16325 16325 16327 16325 16321 16326 16326 16324 16329 16328 16330 16323 16325 16327 16327 16326 16324 16325 16327 16325 16327 16327 16327 16328 17 8861 304 14008 
0 16327 16324 16323 16326 16326 16328 16326 16325 16327 16324 16324 16327 16325 16323 16330 16326 16325 16323 16323 16324 16325 16328 16326 16325 16325 16324 16326 16327 16326 16325 16326 16326 16325 16329 16326 16328 16325 16324 16324 16326 16323 16326 16329 16325 16325 16323 16329 16328 16324 16324 16325 16329 16323 16328 16331 16323 16328 16326 16324 16324 16324 16321 16323 16312 16315 16327 16319 16322 16325 16328 16325 16323 16375 16247 10 16285 16361 16301 16345 16312 16337 16315 16329 16323 16324 16321 16324 16319 16326 16324 16325 16322 16329 16325 16327 16326 16324 16324 16324 16323 16326 16321 16326 16322 16329 16322 16327 16324 16321 16325 16327 16322 16325 16321 16324 16329 16324 16326 16324 16325 16322 16324 16322 16328 16324 16322 16326 16326 16327 16326 16327 16325 16326 16327 16328 16326 16329 16327 16325 16325 16325 16327 16323 16329 16325 16326 16328 16330 16323 16326 16327 16326 16331 16327 16327 16330 16325 16329 16325 16325 16328 16327 16325 16325 16328 16326 16328 16326 16326 16330 16327 16328 16327 16329 16326 16329 16324 16323 16330 16323 16325 16322 16323 16328 16326 16327 16323 16325 16325 16326 16327 16328 16327 16322 16321 16328 16325 16328 16326 16327 16326 16321 16327 16327 16328 16329 16324 16327 16324 16323 16329 16327 16326 16326 16328 16329 16323 16326 16322 16327 16328 16328 16328 16329 16323 16327 16327 16331 16323 16328 16323 16326 16329 16322 16324 16329 16324 16333 16326 16327 16326 16327 16324 16329 16326 16327 16327 16323 16330 16326 16323 16324 16324 16324 16325 16323 16326 27 12465 304 14008 
0 16327 16328 16328 16327 16327 16322 16325 16325 16319 16328 16326 16322 16324 16328 16326 16328 16326 16324 16325 16326 16324 16327 16327 16326 16326 16325 16324 16330 16326 16325 16325 16325 16326 16329 16326 16328 16326 16324 16324 16324 16325 16325 16323 16325 16324 16327 16324 16326 16323 16322 16327 16326 16326 16327 16326 16325 16326 16340 16320 16319 16347 16310 16344 16307 16339 16314 16332 16318 16328 16319 16327 16321 16324 16324 16326 16325 16326 16321 16325 16322 16326 16323 16324 16326 16324 16326 16324 16326 16324 16327 16325 16327 16325 16323 16325 16327 16323 16323 16326 16323 16326 16326 16313 16331 16320 16328 16323 16317 16320 16327 16323 16328 16328 16322 16327 16325 16323 16329 16327 16326 16330 16326 16331 16327 16324 16326 16330 16326 16326 16329 16329 16329 16330 16326 16331 16325 16324 16328 16326 16323 16327 16327 16329 16328 16327 16326 16329 16324 16332 16328 16326 16326 16328 16324 16329 16323 16326 16327 16329 16327 16327 16323 16329 16325 16326 16328 16329 16325 16326 16328 16326 16328 16329 16327 16326 16325 16323 16326 16325 16323 16327 16327 16330 16321 16325 16328 16326 16330 16325 16324 16329 16327 16324 16321 16327 16326 16330 16328 16327 16324 16324 16329 16324 16326 16327 16324 16330 16324 16331 16328 16329 16327 16328 16324 16328 16327 16326 16324 16325 16325 16324 16328 16327 16325 16324 16326 16327 16325 16330 16323 16330 16328 16324 16325 16325 16325 16327 16325 16323 16326 16329 16325 16327 16327 16324 16326 16326 16323 16323 16325 16326 16326 16325 16324 16325 16323 16326 32 13310 304 14008 
0 16326 16328 16332 16332 16333 16325 16329 16329 16332 16331 16329 16326 16333 16330 16329 16333 16329 16331 16329 16331 16328 16327 16324 16329 16327 16327 16330 16331 16326 16331 16328 16331 16331 16328 16328 16330 16325 16328 16332 16329 16333 16331 16326 16328 16325 16329 16332 16328 16327 16331 16329 16328 16329 16331 16333 16329 16328 16331 16329 16344 16322 16319 16347 16314 16341 16316 16343 16316 16336 16321 16331 16328 16333 16327 16330 16327 16335 16328 16333 16330 16334 16329 16330 16328 16330 16327 16328 16328 16328 16328 16329 16327 16327 16327 16328 16328 16328 16328 16326 16324 16327 16327 16328 16331 16330 16324 16328 16323 16328 16329 16326 16324 16328 16328 16328 16327 16331 16328 16327 16328 16330 16334 16329 16329 16333 16329 16330 16330 16329 16332 16332 16331 16330 16331 16329 16328 16329 16328 16332 16328 16326 16331 16328 16330 16331 16330 16329 16332 16330 16329 16330 16328 16326 16329 16329 16331 16330 16329 16330 16329 16329 16330 16329 16330 16327 16328 16332 16329 16326 16327 16327 16333 16329 16325 16330 16329 16330 16326 16329 16331 16327 16330 16329 16331 16327 16329 16327 16330 16324 16327 16327 16327 16328 16328 16329 16329 16327 16329 16327 16329 16323 16331 16326 16325 16329 16327 16327 16327 16329 16332 16329 16328 16327 16332 16330 16329 16332 16327 16326 16329 16327 16325 16328 16326 16328 16328 16327 16328 16332 16327 16328 16329 16324 16326 16327 16328 16328 16331 16325 16327 16326 16325 16329 16329 16328 16328 16325 16331 16331 16327 16327 16333 16324 16329 16326 16328 16330 37 14139 304 14008 
0 16324 16327 16324 16330 16325 16324 16326 16329 16328 16327 16327 16326 16326 16328 16322 16327 16330 16325 16323 16327 16329 16329 16324 16331 16326 16325 16327 16327 16330 16328 16329 16326 16327 16326 16326 16331 16323 16329 16326 16321 16328 16324 16324 16328 16326 16326 16332 16330 16324 16328 16326 16327 16324 16323 16324 16327 16328 16326 16326 16326 16325 16327 16381 16251 4 16290 16352 16306 16343 16314 16331 16318 16328 16322 16327 16323 16327 16320 16325 16323 16321 16325 16328 16323 16328 16325 16326 16326 16323 16324 16325 16325 16322 16330 16324 16323 16326 16326 16326 16325 16322 16328 16325 16324 16326 16321 16326 16324 16324 16322 16326 16328 16327 16327 16325 16323 16331 16328 16325 16329 16325 16331 16327 16328 16329 16322 16332 16330 16330 16328 16328 16324 16328 16329 16327 16325 16328 16325 16325 16324 16326 16327 16323 16327 16329 16330 16327 16325 16332 16328 16325 16328 16326 16328 16328 16326 16332 16329 16327 16326 16324 16325 16327 16327 16325 16326 16323 16326 16327 16328 16327 16325 16324 16326 16328 16329 16326 16329 16328 16327 16324 16328 16328 16325 16326 16324 16325 16323 16325 16328 16325 16324 16325 16325 16328 16328 16328 16327 16332 16322 16325 16329 16322 16325 16327 16324 16327 16324 16326 16325 16324 16329 16324 16326 16327 16326 16324 16323 16322 16325 16325 16327 16326 16326 16327 16327 16325 16325 16325 16325 16328 16324 16329 16323 16322 16327 16326 16327 16328 16323 16324 16323 16323 16327 16323 16323 16324 16328 16325 16325 16321 16328 16326 16321 16326 16325 16321 42 13006 304 14008 
0 16328 16326 16322 16327 16324 16323 16327 16323 16325 16326 16324 16325 16328 16324 16324 16326 16324 16328 16324 16329 16324 16326 16324 16330 16330 16327 16325 16322 16320 16329 16327 16328 16324 16321 16330 16326 16326 16324 16324 16322 16326 16325 16323 16327 16325 16324 16326 16328 16325 16325 16322 16328 16331 16324 16328 16326 16322 16324 16329 16326 16328 16323 16371 16278 16358 16320 16334 16322 16327 16325 16325 16328 16322 16325 16323 16329 16321 16326 16325 16324 16327 16327 16321 16326 16327 16326 16328 16321 16331 16325 16324 16326 16328 16321 16328 16323 16327 16322 16326 16323 16324 16327 16324 16323 16326 16319 16331 16322 16324 16323 16327 16321 16321 16328 16326 16323 16326 16327 16329 16329 16327 16325 16324 16333 16324 16329 16327 16327 16327 16325 16327 16326 16327 16321 16323 16326 16327 16327 16325 16326 16326 16324 16330 16329 16326 16326 16325 16327 16324 16330 16325 16328 16324 16327 16329 16327 16326 16327 16326 16325 16324 16327 16328 16326 16326 16322 16326 16324 16327 16323 16327 16325 16331 16329 16322 16326 16327 16326 16324 16325 16326 16326 16328 16324 16326 16324 16327 16325 16324 16325 16331 16323 16322 16327 16327 16324 16327 16326 16327 16328 16327 16323 16328 16325 16327 16329 16326 16328 16332 16324 16328 16325 16326 16326 16330 16324 16325 16324 16326 16327 16325 16324 16330 16324 16323 16325 16327 16325 16328 16321 16327 16323 16329 16324 16326 16328 16327 16327 16320 16328 16324 16328 16324 16325 16327 16323 16322 16326 16323 16323 16328 16324 16326 16322 16328 16322 16322 47 11386 304 14008 
0 16328 16323 16323 16327 16327 16322 16332 16326 16324 16327 16327 16328 16329 16324 16329 16327 16328 16326 16325 16327 16327 16327 16326 16330 16327 16322 16328 16326 16326 16327 16327 16322 16330 16327 16326 16326 16325 16325 16323 16327 16325 16327 16322 16328 16327 16324 16325 16327 16324 16329 16331 16327 16323 16328 16321 16323 16326 16324 16322 16326 16326 16324 16350 16312 16314 16351 16302 16347 16304 16337 16318 16335 16315 16327 16317 16325 16323 16327 16318 16324 16322 16325 16322 16325 16327 16328 16321 16331 16324 16326 16325 16323 16326 16328 16326 16331 16324 16324 16325 16325 16322 16326 16325 16326 16324 16317 16325 16322 16329 16322 16323 16320 16324 16328 16321 16324 16325 16327 16323 16327 16327 16325 16323 16326 16329 16328 16326 16326 16327 16329 16332 16332 16326 16329 16327 16325 16326 16327 16323 16325 16333 16326 16330 16326 16326 16326 16325 16329 16325 16332 16327 16324 16329 16326 16327 16330 16328 16329 16325 16324 16326 16329 16326 16326 16327 16325 16326 16326 16327 16328 16326 16327 16310 16320 16326 16331 16328 16326 16327 16329 16327 16325 16327 16328 16324 16328 16327 16330 16325 16326 16327 16329 16325 16331 16326 16326 16327 16326 16325 16327 16327 16327 16328 16329 16332 16327 16324 16330 16326 16326 16327 16330 16323 16329 16324 16328 16325 16326 16324 16321 16330 16324 16327 16331 16327 16324 16326 16325 16325 16328 16325 16328 16329 16327 16327 16329 16329 16328 16328 16322 16324 16330 16327 16327 16326 16325 16327 16328 16326 16328 16327 16323 16328 16328 16324 16326 16323 57 2272 304 14008 
0 16324 16326 16323 16327 16325 16326 16325 16330 16326 16322 16330 16326 16327 16327 16324 16330 16324 16323 16328 16329 16326 16323 16325 16326 16325 16325 16325 16325 16327 16329 16328 16325 16326 16328 16326 16323 16324 16326 16326 16324 16326 16324 16329 16325 16323 16327 16329 16327 16326 16322 16326 16327 16325 16326 16329 16324 16324 16329 16324 16327 16328 16323 16375 16237 15 16270 16369 16290 16349 16305 16345 16313 16332 16314 16330 16318 16325 16325 16323 16323 16329 16324 16327 16321 16324 16322 16323 16318 16328 16321 16325 16327 16323 16326 16325 16323 16330 16333 16321 16323 16321 16324 16324 16328 16323 16322 16330 16319 16329 16323 16322 16325 16324 16323 16324 16320 16326 16322 16323 16329 16326 16330 16328 16327 16325 16328 16327 16326 16324 16329 16324 16326 16328 16329 16331 16330 16328 16326 16328 16326 16324 16330 16328 16327 16329 16328 16326 16327 16324 16325 16325 16324 16324 16325 16328 16327 16326 16325 16324 16328 16326 16324 16327 16327 16326 16330 16327 16328 16326 16322 16327 16327 16322 16328 16326 16325 16327 16329 16325 16329 16327 16328 16325 16328 16327 16327 16327 16327 16330 16327 16327 16328 16328 16330 16326 16328 16327 16328 16325 16329 16333 16332 16328 16329 16328 16323 16329 16327 16327 16327 16323 16327 16322 16324 16331 16326 16323 16328 16328 16329 16327 16325 16326 16323 16328 16326 16325 16328 16328 16325 16328 16328 16326 16326 16323 16330 16323 16325 16325 16326 16326 16324 16327 16325 16327 16326 16325 16328 16326 16324 16325 16326 16327 16323 16323 16323 16325 62 3591 304 14008 
0 16326 16326 16327 16325 16325 16324 16325 16330 16325 16328 16326 16322 16329 16327 16328 16327 16324 16327 16326 16321 16325 16323 16324 16322 16323 16326 16323 16328 16325 16327 16324 16326 16327 16320 16326 16323 16329 16323 16326 16326 16326 16327 16324 16329 16326 16328 16326 16326 16324 16329 16323 16325 16325 16321 16326 16325 16322 16326 16328 16323 16328 16328 16381 16254 1 16294 16348 16309 16338 16315 16328 16319 16321 16320 16320 16322 16327 16323 16320 16324 16325 16326 16326 16324 16324 16326 16322 16322 16327 16326 16325 16325 16325 16324 16322 16323 16323 16319 16324 16323 16326 16322 16326 16323 16322 16315 16327 16317 16327 16325 16326 16319 16326 16326 16327 16328 16325 16326 16325 16322 16328 16325 16326 16328 16314 16316 16326 16322 16327 16327 16326 16326 16327 16328 16327 16325 16326 16327 16326 16324 16329 16327 16328 16324 16328 16328 16329 16325 16326 16327 16329 16328 16328 16329 16333 16327 16328 16327 16327 16329 16327 16329 16330 16328 16326 16328 16324 16327 16325 16327 16327 16327 16330 16327 16328 16324 16324 16325 16329 16324 16327 16325 16326 16327 16326 16325 16326 16327 16321 16323 16324 16326 16328 16326 16327 16328 16327 16329 16327 16326 16327 16326 16325 16326 16325 16327 16326 16323 16326 16326 16326 16329 16329 16329 16325 16324 16323 16329 16326 16325 16326 16325 16327 16331 16327 16326 16327 16326 16326 16326 16322 16324 16324 16324 16325 16327 16329 16326 16326 16326 16326 16322 16326 16327 16328 16327 16328 16328 16321 16325 16323 16323 16326 16329 16323 16324 16326 67 1971 304 14008 
0 16326 16325 16328 16325 16327 16325 16322 16327 16325 16326 16325 16325 16328 16322 16324 16327 16328 16326 16327 16327 16322 16326 16328 16324 16326 16327 16327 16327 16327 16331 16327 16325 16326 16326 16330 16330 16328 16328 16329 16326 16328 16328 16328 16327 16327 16327 16329 16327 16326 16332 16328 16329 16328 16327 16325 16331 16329 16329 16332 16334 16326 16322 16376 16280 16362 16325 16335 16325 16328 16327 16326 16328 16322 16325 16324 16322 16322 16330 16328 16324 16324 16326 16325 16325 16328 16326 16329 16325 16328 16326 16324 16329 16324 16327 16325 16324 16326 16323 16327 16322 16323 16326 16326 16325 16326 16326 16319 16322 16329 16327 16327 16323 16326 16329 16325 16327 16327 16331 16332 16330 16328 16329 16327 16328 16327 16323 16324 16331 16331 16329 16326 16334 16329 16330 16329 16329 16326 16328 16328 16330 16329 16328 16327 16328 16326 16329 16325 16329 16327 16325 16331 16329 16329 16323 16327 16328 16329 16329 16326 16330 16330 16325 16331 16327 16330 16327 16332 16330 16330 16324 16329 16327 16329 16329 16329 16327 16330 16327 16329 16332 16329 16331 16329 16330 16330 16327 16330 16327 16329 16328 16328 16327 16327 16329 16325 16324 16331 16330 16331 16329 16329 16329 16327 16331 16330 16333 16327 16327 16327 16331 16328 16329 16330 16326 16325 16329 16327 16330 16331 16329 16330 16328 16330 16328 16329 16328 16330 16327 16330 16332 16329 16326 16327 16327 16325 16326 16325 16329 16328 16328 16330 16329 16331 16327 16327 16327 16325 16329 16328 16327 16329 16325 16323 16328 16326 16324 16329 73 5022 304 14008 
0 16326 16324 16325 16326 16328 16324 16325 16329 16324 16322 16323 16320 16323 16327 16324 16326 16326 16321 16324 16326 16323 16322 16326 16327 16328 16324 16326 16325 16324 16323 16329 16325 16325 16324 16325 16326 16323 16322 16325 16326 16323 16328 16325 16319 16327 16324 16323 16326 16324 16322 16324 16324 16326 16327 16324 16325 16329 16323 16327 16326 16322 16336 16320 16307 16348 16300 16344 16309 16338 16318 16334 16317 16325 16318 16327 16324 16327 16322 16325 16324 16321 16326 16321 16319 16324 16324 16322 16326 16328 16324 16322 16321 16324 16322 16326 16323 16323 16322 16325 16320 16326 16323 16324 16324 16324 16325 16326 16326 16318 16329 16319 16327 16322 16321 16325 16328 16318 16324 16328 16325 16324 16324 16321 16323 16327 16325 16325 16325 16327 16327 16330 16323 16328 16324 16324 16329 16326 16327 16326 16324 16325 16322 16323 16323 16329 16323 16327 16327 16324 16327 16324 16324 16327 16324 16328 16327 16327 16324 16326 16321 16325 16321 16329 16321 16327 16325 16324 16327 16325 16326 16329 16326 16325 16327 16324 16324 16327 16328 16327 16321 16325 16322 16323 16324 16327 16322 16322 16326 16325 16326 16327 16326 16322 16324 16329 16329 16324 16326 16326 16323 16328 16328 16325 16322 16329 16326 16323 16329 16321 16325 16326 16327 16328 16324 16328 16326 16323 16325 16327 16324 16327 16326 16325 16327 16324 16322 16324 16331 16322 16326 16326 16323 16327 16323 16322 16327 16327 16324 16324 16322 16327 16325 16326 16326 16327 16324 16329 16323 16327 16325 16330 16326 16329 16321 16322 16324 16321 78 6344 304 14008 
0 16322 16324 16328 16322 16327 16325 16324 16328 16331 16323 16329 16327 16321 16327 16324 16328 16330 16328 16329 16330 16324 16324 16329 16328 16324 16324 16325 16326 16324 16324 16324 16327 16326 16323 16329 16326 16328 16326 16324 16325 16324 16327 16327 16331 16323 16326 16326 16324 16324 16327 16327 16320 16326 16324 16330 16326 16327 16326 16329 16325 16327 16329 16364 16241 12 16270 16367 16294 16353 16306 16342 16314 16337 16317 16331 16323 16327 16321 16327 16321 16324 16325 16324 16323 16331 16324 16327 16328 16327 16327 16324 16326 16327 16324 16324 16326 16323 16328 16326 16325 16328 16322 16324 16326 16324 16326 16327 16318 16330 16319 16327 16322 16325 16321 16327 16322 16321 16328 16324 16326 16330 16326 16331 16326 16327 16329 16320 16329 16329 16330 16328 16328 16327 16327 16330 16327 16328 16328 16326 16329 16326 16329 16329 16327 16332 16328 16332 16328 16328 16326 16325 16331 16328 16328 16329 16327 16328 16329 16323 16328 16324 16327 16323 16326 16326 16322 16326 16323 16329 16328 16325 16328 16323 16322 16325 16325 16326 16328 16319 16331 16327 16328 16328 16327 16320 16325 16325 16327 16329 16325 16327 16327 16327 16327 16325 16324 16327 16326 16327 16326 16327 16328 16329 16326 16328 16331 16325 16328 16330 16327 16327 16328 16321 16331 16324 16326 16331 16323 16326 16334 16326 16326 16325 16328 16328 16323 16326 16328 16323 16329 16327 16326 16330 16325 16327 16330 16324 16328 16325 16321 16324 16328 16327 16330 16325 16324 16328 16321 16327 16325 16322 16327 16327 16325 16326 16325 16322 87 11161 304 14008 
0 16326 16328 16327 16324 16326 16325 16321 16326 16328 16324 16329 16326 16325 16329 16323 16334 16324 16321 16324 16325 16324 16328 16325 16323 16327 16327 16332 16329 16327 16328 16328 16325 16326 16330 16321 16331 16327 16324 16325 16325 16324 16325 16328 16326 16329 16324 16326 16323 16324 16326 16323 16324 16328 16328 16325 16326 16325 16325 16324 16327 16327 16327 16358 16261 16377 16281 16363 16293 16349 16309 16341 16317 16336 16317 16327 16321 16330 16321 16326 16327 16331 16326 16327 16325 16326 16329 16328 16326 16325 16327 16329 16326 16328 16328 16324 16329 16326 16323 16325 16325 16328 16329 16327 16326 16327 16325 16325 16324 16319 16330 16320 16329 16321 16328 16321 16328 16323 16327 16328 16325 16323 16331 16331 16326 16326 16327 16326 16328 16327 16329 16330 16326 16326 16328 16326 16327 16328 16326 16324 16326 16324 16326 16328 16325 16321 16332 16323 16325 16327 16329 16325 16328 16327 16327 16332 16330 16327 16327 16329 16325 16326 16328 16324 16325 16329 16325 16322 16327 16325 16328 16327 16327 16326 16324 16328 16323 16319 16326 16327 16332 16324 16331 16325 16329 16326 16325 16327 16326 16324 16329 16327 16324 16323 16325 16327 16329 16323 16326 16324 16330 16324 16326 16322 16324 16328 16323 16328 16326 16328 16326 16324 16327 16325 16327 16329 16327 16328 16327 16326 16323 16324 16326 16327 16327 16330 16330 16328 16328 16323 16332 16326 16328 16326 16328 16325 16324 16327 16331 16327 16328 16325 16327 16325 16326 16326 16325 16325 16327 16327 16324 16329 16326 16323 16328 16328 16325 16328 92 11991 304 14008 
0 16326 16323 16328 16324 16328 16329 16325 16328 16325 16329 16326 16326 16327 16324 16324 16324 16326 16325 16328 16325 16324 16330 16325 16324 16325 16331 16327 16329 16327 16324 16325 16330 16323 16328 16324 16325 16324 16328 16325 16330 16328 16326 16327 16325 16325 16320 16331 16323 16324 16326 16326 16323 16327 16326 16328 16326 16328 16322 16325 16326 16327 16327 16372 16251 8 16276 16365 16297 16348 16310 16334 16315 16333 16314 16326 16323 16327 16325 16321 16324 16325 16325 16324 16325 16323 16325 16327 16326 16323 16323 16324 16324 16333 16323 16325 16325 16319 16324 16327 16326 16327 16325 16323 16330 16324 16325 16327 16327 16324 16322 16325 16327 16322 16320 16327 16322 16323 16326 16321 16321 16329 16324 16328 16328 16326 16328 16327 16325 16324 16328 16331 16327 16330 16320 16327 16326 16321 16331 16327 16324 16328 16319 16324 16328 16323 16326 16326 16325 16328 16332 16327 16324 16324 16326 16325 16328 16324 16328 16324 16325 16323 16325 16322 16321 16325 16323 16326 16322 16324 16322 16321 16324 16327 16323 16325 16329 16323 16325 16326 16328 16324 16327 16325 16323 16326 16326 16327 16324 16328 16325 16325 16324 16324 16328 16319 16327 16327 16328 16326 16324 16322 16328 16323 16326 16323 16321 16324 16330 16326 16328 16327 16320 16326 16323 16322 16325 16327 16323 16328 16323 16326 16327 16325 16326 16330 16322 16326 16327 16323 16326 16328 16324 16328 16321 16319 16327 16321 16326 16322 16323 16327 16325 16323 16324 16327 16324 16329 16323 16322 16325 16324 16323 16325 16324 16324 16327 16325 97 10860 304 14008 
0 16327 16323 16326 16327 16324 16325 16327 16326 16326 16326 16324 16330 16327 16327 16329 16325 16323 16326 16325 16323 16323 16324 16326 16326 16325 16324 16325 16331 16323 16327 16326 16325 16326 16326 16323 16324 16322 16328 16325 16327 16322 16330 16325 16328 16325 16328 16325 16326 16325 16327 16326 16326 16330 16323 16323 16326 16324 16323 16329 16327 16326 16330 16319 16313 16320 16323 16324 16328 16327 16327 16326 16325 16327 16327 16322 16329 16325 16330 16326 16324 16324 16329 16327 16326 16326 16322 16327 16325 16322 16327 16324 16328 16329 16323 16323 16329 16326 16328 16326 16326 16324 16325 16326 16328 16322 16331 16323 16328 16329 16325 16329 16326 16323 16325 16323 16324 16328 16327 16326 16330 16325 16328 16325 16329 16325 16330 16326 16321 16325 16326 16326 16328 16326 16324 16328 16325 16325 16328 16328 16326 16327 16329 16325 16325 16327 16324 16327 16327 16327 16328 16327 16327 16327 16327 16325 16329 16327 16327 16326 16324 16326 16325 16328 16328 16326 16328 16328 16328 16326 16328 16323 16327 16328 16327 16326 16326 16326 16327 16327 16327 16324 16328 16326 16328 16323 16365 16273 16373 16299 16345 16313 16333 16314 16330 16320 16330 16323 16326 16323 16326 16324 16329 16325 16327 16326 16325 16329 16323 16328 16328 16325 16324 16324 16321 16326 16323 16325 16325 16323 16322 16326 16325 16322 16324 16320 16326 16326 16327 16327 16327 16323 16325 16317 16332 16322 16327 16322 16322 16323 16323 16325 16327 16324 16327 16324 16326 16329 16326 16328 16326 16330 16326 16326 16326 16329 16324 16323 102 9109 304 14008 
0 16325 16325 16324 16326 16326 16326 16324 16324 16324 16330 16324 16324 16327 16325 16328 16327 16328 16326 16323 16329 16320 16323 16325 16329 16326 16326 16328 16321 16326 16329 16323 16330 16326 16326 16328 16327 16322 16328 16328 16327 16329 16326 16328 16329 16327 16327 16325 16325 16324 16325 16322 16327 16325 16322 16328 16324 16324 16326 16324 16329 16330 16322 16359 16279 16366 16305 16339 16317 16330 16322 16327 16329 16321 16324 16326 16324 16323 16324 16325 16327 16322 16323 16328 16324 16320 16328 16325 16329 16326 16325 16325 16329 16322 16323 16324 16327 16325 16323 16327 16325 16322 16323 16324 16324 16326 16323 16324 16326 16323 16326 16320 16326 16331 16322 16326 16325 16324 16325 16324 16324 16324 16328 16323 16320 16322 16324 16329 16330 16331 16329 16331 16324 16327 16327 16326 16327 16326 16324 16328 16322 16326 16328 16326 16326 16327 16324 16331 16324 16324 16329 16329 16328 16322 16329 16327 16327 16329 16326 16328 16325 16329 16329 16321 16325 16330 16326 16324 16327 16326 16323 16330 16330 16323 16327 16328 16327 16330 16329 16328 16330 16324 16327 16327 16328 16328 16324 16325 16328 16322 16331 16326 16328 16323 16326 16328 16328 16324 16324 16326 16328 16325 16325 16325 16325 16323 16322 16324 16326 16327 16327 16328 16328 16329 16327 16323 16326 16327 16324 16326 16327 16323 16327 16326 16327 16327 16326 16323 16323 16325 16321 16327 16328 16325 16327 16325 16329 16329 16323 16327 16333 16323 16325 16326 16323 16328 16328 16323 16329 16327 16323 16321 16327 16329 16329 16326 16327 16326 107 7611 304 14008 
0 16329 16326 16323 16323 16328 16321 16323 16324 16325 16326 16327 16322 16326 16325 16326 16325 16323 16328 16326 16326 16327 16327 16324 16322 16328 16327 16324 16326 16325 16324 16326 16321 16325 16326 16325 16328 16325 16327 16326 16330 16327 16329 16332 16327 16326 16324 16326 16327 16326 16325 16325 16323 16326 16328 16332 16329 16326 16325 16325 16326 16327 16338 16334 16285 16364 16290 16352 16299 16345 16309 16340 16316 16338 16319 16330 16325 16328 16321 16325 16316 16326 16324 16325 16324 16328 16323 16331 16326 16326 16328 16324 16323 16328 16324 16327 16327 16324 16324 16329 16323 16325 16324 16326 16327 16324 16319 16320 16323 16323 16325 16325 16319 16328 16326 16325 16325 16325 16324 16326 16325 16327 16323 16324 16326 16331 16324 16325 16328 16326 16326 16327 16325 16328 16322 16324 16329 16328 16323 16327 16327 16326 16326 16327 16325 16328 16326 16328 16326 16328 16327 16330 16326 16327 16330 16326 16329 16327 16328 16329 16326 16324 16327 16329 16325 16330 16327 16324 16333 16323 16329 16328 16323 16327 16327 16325 16320 16310 16322 16323 16325 16325 16328 16323 16324 16326 16323 16326 16329 16326 16327 16326 16326 16329 16330 16324 16325 16328 16325 16328 16325 16322 16331 16325 16326 16326 16325 16332 16327 16326 16329 16326 16321 16324 16327 16325 16327 16325 16328 16327 16327 16328 16330 16325 16329 16322 16329 16324 16326 16326 16328 16323 16323 16325 16329 16324 16324 16326 16324 16327 16323 16327 16325 16328 16326 16326 16327 16327 16325 16327 16325 16327 16329 16330 16326 16321 16329 16324 116 15369 304 14008 
0 16328 16332 16327 16327 16327 16327 16331 16327 16324 16328 16326 16326 16328 16325 16329 16328 16329 16329 16332 16331 16326 16330 16330 16328 16327 16325 16329 16331 16325 16322 16328 16328 16329 16328 16324 16330 16331 16324 16329 16330 16325 16330 16325 16329 16329 16326 16329 16331 16328 16328 16327 16329 16325 16328 16329 16324 16327 16330 16328 16330 16325 16329 16369 16253 5 16279 16367 16299 16346 16311 16337 16319 16332 16316 16328 16320 16327 16321 16330 16322 16332 16325 16325 16330 16327 16327 16328 16329 16326 16328 16330 16324 16328 16328 16326 16328 16331 16323 16329 16315 16322 16331 16329 16327 16332 16325 16325 16329 16326 16327 16326 16326 16331 16324 16325 16325 16327 16325 16325 16333 16330 16332 16325 16332 16329 16327 16330 16329 16329 16332 16329 16330 16330 16330 16330 16327 16325 16325 16327 16330 16325 16329 16328 16326 16327 16325 16328 16330 16328 16329 16330 16331 16330 16333 16332 16328 16330 16327 16327 16332 16328 16328 16326 16328 16330 16330 16326 16330 16326 16329 16331 16327 16325 16328 16326 16326 16329 16331 16325 16332 16328 16330 16330 16330 16327 16333 16327 16323 16326 16331 16332 16327 16329 16332 16325 16322 16328 16327 16326 16331 16330 16327 16331 16329 16333 16327 16326 16327 16326 16328 16327 16327 16329 16333 16328 16330 16331 16329 16327 16331 16327 16332 16332 16327 16329 16330 16330 16326 16330 16329 16327 16330 16327 16329 16327 16333 16327 16330 16325 16327 16329 16327 16326 16329 16327 16329 16331 16327 16328 16323 16327 16327 16330 16327 16325 16330 16330 122 301 304 14008 
0 16324 16327 16327 16326 16328 16325 16328 16323 16327 16324 16320 16327 16321 16325 16324 16325 16322 16325 16328 16329 16327 16326 16324 16327 16327 16326 16322 16324 16325 16323 16331 16323 16327 16323 16327 16328 16324 16328 16326 16329 16330 16329 16326 16328 16330 16328 16323 16327 16327 16326 16328 16327 16325 16329 16325 16322 16326 16328 16324 16324 16327 16320 16369 16246 8 16276 16363 16298 16349 16310 16341 16312 16331 16315 16328 16322 16328 16323 16326 16323 16325 16320 16326 16323 16326 16325 16326 16324 16326 16324 16327 16326 16322 16325 16323 16324 16325 16325 16328 16326 16326 16325 16324 16325 16328 16329 16327 16328 16325 16330 16321 16327 16323 16327 16321 16327 16327 16327 16324 16327 16326 16319 16325 16339 16331 16333 16334 16326 16328 16327 16328 16331 16328 16324 16331 16326 16328 16327 16328 16326 16326 16327 16325 16328 16325 16327 16325 16326 16330 16327 16326 16328 16328 16327 16326 16330 16327 16328 16326 16324 16330 16327 16329 16326 16327 16329 16325 16330 16325 16325 16325 16329 16327 16328 16324 16325 16328 16328 16328 16329 16331 16324 16326 16327 16325 16328 16327 16326 16326 16329 16323 16325 16325 16332 16326 16325 16329 16327 16327 16323 16328 16325 16328 16325 16325 16329 16331 16326 16325 16322 16324 16329 16327 16330 16323 16325 16326 16327 16322 16327 16324 16331 16326 16325 16326 16324 16324 16322 16324 16327 16323 16329 16326 16323 16326 16324 16326 16325 16326 16326 16324 16328 16328 16324 16331 16329 16324 16327 16326 16329 16323 16326 16327 16323 16325 16327 16326 126 15557 304 14008 
0 16327 16327 16321 16322 16325 16325 16323 16324 16322 16327 16326 16325 16326 16322 16325 16326 16328 16323 16327 16324 16322 16324 16329 16324 16322 16326 16325 16328 16326 16326 16325 16325 16324 16321 16324 16326 16326 16320 16324 16325 16327 16325 16324 16326 16323 16327 16325 16325 16326 16326 16325 16322 16324 16323 16325 16326 16322 16327 16323 16326 16323 16326 16367 16247 8 16273 16366 16292 16351 16307 16340 16315 16332 16318 16329 16319 16329 16320 16325 16319 16326 16321 16325 16324 16327 16323 16328 16324 16327 16326 16322 16322 16323 16325 16327 16324 16324 16323 16324 16325 16323 16325 16322 16328 16324 16324 16325 16324 16314 16331 16322 16325 16318 16324 16321 16327 16323 16323 16328 16325 16324 16329 16326 16328 16328 16328 16326 16327 16327 16325 16326 16324 16328 16329 16326 16327 16323 16325 16328 16328 16327 16328 16325 16324 16330 16324 16325 16327 16327 16326 16330 16324 16329 16331 16324 16328 16330 16330 16326 16326 16326 16329 16322 16327 16326 16320 16323 16325 16322 16326 16325 16324 16323 16326 16327 16329 16328 16325 16329 16325 16329 16325 16328 16322 16322 16324 16329 16327 16331 16322 16328 16324 16331 16326 16329 16315 16323 16328 16325 16324 16327 16332 16325 16328 16329 16324 16328 16327 16328 16331 16327 16323 16325 16320 16329 16325 16324 16323 16327 16325 16328 16326 16324 16323 16322 16325 16325 16322 16329 16326 16329 16325 16323 16327 16327 16323 16327 16324 16323 16324 16325 16324 16328 16321 16329 16323 16328 16322 16324 16328 16326 16321 16327 16326 16328 16326 16324 131 13448 304 14008 
0 16327 16322 16323 16327 16323 16323 16325 16324 16327 16327 16324 16328 16325 16325 16326 16326 16325 16328 16326 16320 16329 16326 16326 16326 16322 16327 16329 16325 16325 16328 16321 16324 16324 16324 16326 16328 16325 16328 16325 16323 16327 16323 16325 16326 16326 16325 16328 16328 16327 16326 16329 16323 16321 16326 16326 16324 16325 16324 16324 16328 16324 16322 16372 16256 4 16290 16356 16305 16340 16313 16332 16319 16329 16318 16322 16318 16324 16319 16327 16321 16325 16326 16325 16324 16328 16323 16326 16324 16327 16325 16325 16325 16324 16326 16322 16323 16323 16323 16323 16323 16320 16331 16325 16326 16320 16327 16324 16325 16327 16317 16327 16323 16322 16328 16322 16325 16327 16326 16325 16324 16327 16324 16328 16327 16324 16326 16331 16331 16329 16325 16323 16327 16328 16328 16328 16325 16322 16324 16326 16325 16323 16326 16329 16324 16323 16325 16321 16328 16328 16329 16326 16324 16328 16330 16326 16329 16332 16328 16328 16326 16325 16325 16326 16324 16324 16325 16327 16330 16325 16327 16329 16328 16327 16326 16324 16320 16324 16323 16323 16331 16325 16324 16326 16327 16328 16328 16324 16322 16326 16327 16323 16327 16322 16327 16330 16328 16322 16326 16329 16337 16328 16329 16332 16324 16323 16328 16329 16326 16327 16323 16329 16328 16327 16323 16325 16330 16324 16327 16328 16324 16327 16328 16325 16323 16323 16328 16321 16327 16326 16323 16326 16328 16327 16325 16324 16323 16323 16332 16327 16325 16324 16329 16324 16323 16328 16328 16324 16323 16326 16321 16325 16326 16330 16326 16325 16323 16323 136 11829 304 14008 
0 16329 16325 16326 16326 16329 16322 16330 16330 16325 16326 16330 16323 16328 16323 16324 16327 16327 16328 16325 16325 16324 16326 16326 16326 16326 16326 16330 16326 16323 16326 16328 16322 16330 16322 16327 16327 16327 16326 16326 16327 16325 16322 16328 16326 16322 16325 16328 16325 16327 16328 16328 16328 16325 16329 16328 16326 16321 16326 16329 16327 16324 16325 16375 16250 6 16289 16359 16305 16344 16315 16339 16317 16327 16319 16327 16326 16327 16322 16323 16324 16323 16322 16324 16326 16326 16323 16326 16325 16327 16328 16327 16323 16326 16326 16326 16326 16324 16326 16329 16330 16324 16328 16326 16324 16326 16324 16325 16325 16323 16328 16320 16322 16329 16323 16320 16319 16324 16323 16324 16328 16323 16328 16323 16326 16327 16324 16327 16328 16328 16330 16327 16325 16331 16321 16331 16323 16324 16322 16321 16322 16326 16326 16328 16326 16326 16330 16330 16324 16328 16326 16326 16331 16327 16328 16329 16325 16328 16328 16326 16331 16330 16323 16329 16328 16324 16329 16326 16325 16326 16322 16329 16325 16325 16327 16324 16322 16325 16326 16327 16327 16324 16327 16329 16325 16326 16317 16327 16326 16328 16327 16327 16328 16326 16327 16328 16325 16327 16324 16327 16328 16325 16323 16325 16329 16327 16326 16323 16328 16329 16326 16328 16329 16328 16325 16327 16330 16329 16328 16328 16331 16327 16327 16325 16326 16327 16326 16327 16323 16326 16333 16330 16329 16329 16325 16329 16326 16326 16322 16325 16323 16325 16328 16324 16329 16325 16322 16324 16324 16326 16324 16324 16323 16326 16327 16327 16325 16328 146 4670 304 14008 
0 16328 16324 16326 16326 16329 16323 16325 16324 16325 16328 16327 16324 16326 16330 16330 16326 16328 16328 16325 16325 16327 16324 16329 16328 16326 16327 16327 16326 16330 16329 16326 16327 16325 16327 16327 16324 16329 16326 16327 16325 16323 16322 16331 16326 16327 16326 16326 16329 16325 16326 16325 16326 16327 16327 16325 16322 16332 16323 16323 16327 16327 16326 16323 16308 16325 16325 16325 16328 16332 16324 16324 16328 16322 16327 16326 16319 16326 16326 16325 16330 16324 16329 16326 16325 16325 16324 16327 16322 16327 16324 16328 16330 16324 16325 16326 16324 16324 16324 16329 16324 16329 16325 16326 16326 16329 16323 16324 16324 16327 16327 16327 16326 16328 16323 16326 16326 16328 16327 16328 16331 16326 16325 16327 16325 16323 16324 16323 16327 16329 16327 16329 16325 16325 16325 16327 16324 16326 16326 16330 16330 16331 16327 16327 16326 16326 16326 16327 16328 16327 16328 16324 16326 16329 16327 16329 16324 16325 16326 16324 16329 16324 16326 16324 16327 16327 16325 16323 16328 16327 16324 16323 16328 16328 16326 16324 16327 16325 16325 16329 16327 16328 16327 16326 16326 16324 16325 16324 16330 16325 16328 16325 16329 16327 16325 16326 16327 16326 16323 16326 16329 16376 16256 6 16289 16353 16303 16342 16314 16335 16317 16328 16326 16325 16320 16329 16324 16326 16323 16326 16326 16328 16323 16328 16328 16323 16326 16324 16322 16328 16327 16326 16323 16324 16324 16327 16321 16329 16326 16325 16326 16326 16323 16324 16324 16324 16326 16328 16321 16327 16323 16328 16322 16323 16326 16327 16323 16329 151 5846 304 14008 
0 16325 16328 16328 16326 16325 16326 16326 16326 16326 16324 16327 16328 16325 16326 16327 16326 16325 16327 16324 16329 16328 16325 16329 16323 16327 16321 16325 16325 16327 16328 16324 16329 16328 16328 16323 16329 16327 16327 16331 16326 16326 16324 16327 16325 16324 16325 16329 16329 16326 16331 16329 16326 16325 16326 16325 16329 16324 16324 16328 16329 16326 16325 16366 16242 9 16277 16369 16295 16349 16308 16341 16312 16332 16317 16328 16323 16329 16316 16328 16325 16327 16324 16324 16326 16326 16325 16328 16326 16329 16327 16326 16325 16324 16323 16326 16324 16323 16326 16325 16333 16326 16326 16324 16326 16325 16326 16324 16322 16329 16320 16331 16319 16327 16320 16320 16323 16326 16324 16323 16327 16326 16326 16325 16324 16329 16330 16327 16328 16329 16329 16329 16326 16322 16325 16329 16324 16330 16328 16323 16333 16325 16328 16328 16324 16328 16326 16323 16327 16324 16328 16327 16326 16326 16329 16328 16328 16325 16329 16329 16328 16327 16330 16328 16327 16324 16330 16329 16325 16328 16330 16327 16326 16327 16327 16325 16328 16329 16323 16326 16327 16327 16329 16322 16326 16328 16326 16322 16329 16327 16325 16326 16324 16327 16326 16328 16325 16324 16325 16329 16328 16329 16325 16325 16322 16329 16327 16327 16326 16326 16325 16326 16327 16328 16323 16327 16325 16325 16331 16326 16328 16327 16325 16325 16328 16324 16325 16328 16324 16328 16327 16325 16327 16325 16327 16327 16323 16323 16324 16328 16322 16323 16326 16326 16331 16323 16329 16323 16324 16323 16323 16326 16327 16327 16322 16327 16327 16326 156 4367 304 14008 
0 16328 16325 16322 16329 16326 16329 16328 16323 16326 16320 16322 16327 16325 16326 16327 16328 16323 16325 16327 16327 16327 16323 16327 16329 16328 16330 16325 16328 16324 16321 16323 16324 16327 16326 16324 16327 16324 16321 16328 16327 16328 16327 16326 16325 16327 16326 16327 16326 16322 16327 16326 16323 16325 16329 16322 16328 16325 16326 16327 16327 16327 16324 16372 16246 10 16276 16367 16302 16346 16308 16339 16309 16332 16320 16327 16320 16327 16320 16329 16322 16322 16326 16322 16323 16319 16324 16327 16326 16326 16325 16326 16324 16327 16328 16323 16329 16325 16326 16324 16322 16323 16323 16327 16323 16326 16323 16328 16332 16325 16319 16324 16326 16323 16323 16321 16326 16322 16323 16328 16325 16324 16329 16328 16328 16324 16326 16331 16328 16326 16330 16327 16328 16328 16327 16329 16328 16326 16327 16326 16326 16326 16331 16326 16326 16324 16327 16324 16327 16327 16325 16326 16325 16326 16327 16330 16326 16326 16326 16325 16326 16326 16324 16326 16322 16323 16326 16324 16325 16329 16323 16323 16325 16321 16324 16325 16326 16327 16325 16329 16325 16320 16327 16327 16326 16325 16327 16324 16329 16329 16331 16329 16325 16325 16328 16320 16328 16326 16324 16326 16325 16326 16326 16327 16326 16325 16324 16326 16327 16326 16323 16327 16322 16327 16328 16323 16325 16327 16329 16325 16323 16327 16330 16324 16326 16325 16325 16325 16328 16327 16325 16329 16324 16325 16328 16326 16323 16328 16324 16324 16324 16324 16324 16324 16324 16324 16327 16324 16325 16323 16323 16324 16322 16324 16331 16321 16324 16326 161 2749 304 14008 
0 16331 16333 16336 16333 16335 16336 16325 16331 16333 16329 16333 16331 16332 16332 16332 16333 16333 16336 16334 16332 16334 16331 16333 16332 16334 16333 16331 16334 16331 16333 16335 16331 16333 16337 16332 16329 16339 16332 16333 16335 16334 16331 16336 16331 16333 16335 16332 16334 16333 16334 16332 16329 16327 16337 16331 16335 16332 16332 16332 16331 16333 16330 16374 16255 19 16281 16375 16301 16354 16315 16347 16320 16340 16324 16335 16329 16336 16328 16338 16330 16335 16332 16333 16335 16332 16328 16332 16332 16333 16333 16331 16331 16333 16333 16333 16328 16332 16331 16330 16331 16330 16332 16332 16333 16335 16331 16330 16329 16336 16329 16328 16331 16331 16327 16328 16327 16332 16332 16326 16334 16332 16330 16327 16337 16331 16335 16336 16333 16333 16330 16335 16331 16330 16332 16336 16330 16336 16335 16335 16332 16334 16333 16335 16332 16330 16329 16332 16332 16335 16332 16329 16331 16333 16332 16335 16332 16332 16333 16334 16335 16333 16332 16333 16336 16334 16331 16332 16333 16333 16331 16333 16331 16332 16333 16330 16336 16332 16335 16337 16332 16332 16333 16333 16336 16330 16333 16336 16331 16337 16333 16331 16333 16334 16331 16335 16332 16334 16332 16332 16334 16333 16334 16334 16333 16334 16333 16333 16332 16334 16335 16332 16334 16333 16335 16332 16332 16333 16331 16335 16335 16333 16335 16330 16331 16332 16334 16331 16328 16330 16332 16336 16332 16335 16329 16331 16330 16329 16332 16333 16329 16330 16331 16331 16331 16332 16337 16333 16329 16333 16331 16332 16332 16335 16331 16335 16333 16332 166 5046 304 14008 
0 16332 16333 16335 16334 16333 16328 16327 16331 16334 16331 16334 16329 16328 16332 16332 16332 16329 16331 16329 16333 16333 16329 16330 16328 16333 16328 16333 16328 16332 16330 16331 16331 16335 16330 16328 16337 16328 16331 16333 16330 16327 16331 16332 16332 16331 16328 16327 16329 16335 16331 16329 16331 16331 16331 16326 16327 16333 16333 16332 16332 16331 16329 16365 16251 8 16282 16372 16300 16353 16309 16342 16317 16338 16320 16332 16323 16333 16324 16331 16323 16332 16329 16329 16327 16333 16326 16330 16329 16331 16326 16332 16329 16333 16333 16329 16332 16328 16336 16332 16326 16329 16328 16328 16332 16328 16326 16326 16324 16329 16330 16326 16329 16333 16324 16326 16324 16325 16331 16330 16331 16329 16329 16332 16331 16333 16330 16330 16329 16333 16333 16331 16329 16332 16331 16329 16330 16333 16331 16332 16326 16329 16331 16331 16331 16330 16332 16331 16329 16329 16330 16330 16332 16329 16332 16330 16328 16331 16331 16331 16328 16333 16329 16329 16332 16332 16333 16329 16328 16332 16327 16329 16329 16330 16327 16330 16331 16329 16332 16328 16332 16332 16327 16332 16330 16330 16333 16329 16327 16331 16330 16329 16331 16326 16330 16328 16326 16330 16331 16331 16329 16334 16331 16331 16334 16328 16332 16331 16331 16332 16332 16327 16333 16332 16329 16329 16330 16329 16329 16329 16329 16329 16332 16328 16328 16328 16329 16331 16328 16332 16332 16331 16328 16331 16332 16332 16333 16327 16327 16332 16328 16330 16329 16330 16330 16328 16328 16327 16328 16329 16332 16328 16328 16330 16333 16327 16334 16327 177 9420 304 14008 
0 16329 16324 16326 16319 16326 16326 16329 16326 16321 16326 16325 16326 16323 16326 16321 16323 16329 16324 16324 16328 16321 16323 16327 16322 16325 16323 16322 16326 16324 16324 16328 16325 16324 16329 16324 16326 16327 16326 16329 16328 16322 16323 16326 16326 16331 16327 16323 16328 16324 16327 16326 16325 16323 16329 16323 16325 16327 16324 16324 16329 16330 16326 16359 16294 16334 16339 16313 16333 16308 16329 16319 16330 16315 16331 16319 16325 16321 16326 16324 16324 16318 16326 16321 16325 16327 16327 16327 16325 16322 16321 16322 16324 16328 16325 16324 16323 16325 16324 16327 16324 16328 16323 16324 16326 16326 16315 16334 16322 16323 16323 16326 16319 16327 16323 16327 16326 16326 16322 16324 16322 16326 16323 16322 16324 16329 16327 16328 16328 16323 16326 16325 16327 16326 16325 16325 16328 16328 16326 16328 16328 16324 16326 16321 16327 16326 16327 16327 16326 16327 16328 16326 16323 16329 16327 16328 16326 16328 16324 16329 16325 16325 16328 16329 16327 16328 16325 16327 16327 16326 16324 16326 16331 16326 16325 16325 16329 16326 16327 16328 16326 16324 16328 16327 16324 16324 16328 16326 16329 16328 16331 16325 16323 16325 16324 16329 16326 16323 16326 16325 16329 16323 16327 16326 16328 16328 16321 16329 16327 16327 16328 16326 16328 16325 16326 16324 16328 16326 16326 16324 16324 16325 16326 16323 16329 16326 16323 16328 16326 16322 16326 16325 16326 16327 16324 16325 16325 16328 16328 16325 16326 16328 16327 16324 16325 16328 16322 16326 16324 16325 16324 16323 16327 16325 16324 16327 16327 16327 182 12207 304 14008 
0 16324 16322 16324 16324 16323 16329 16326 16325 16331 16325 16327 16326 16325 16323 16326 16327 16331 16324 16326 16328 16323 16328 16324 16324 16328 16329 16325 16324 16330 16326 16327 16330 16327 16330 16326 16326 16325 16327 16328 16321 16323 16324 16325 16328 16324 16328 16326 16327 16324 16327 16325 16324 16325 16328 16326 16326 16328 16322 16323 16327 16326 16326 16347 16266 16378 16276 16360 16292 16346 16304 16345 16311 16330 16317 16328 16319 16327 16323 16324 16321 16326 16323 16328 16322 16324 16320 16324 16325 16324 16323 16322 16326 16325 16322 16324 16324 16324 16323 16329 16320 16320 16326 16326 16327 16323 16327 16318 16325 16322 16328 16326 16327 16328 16327 16321 16325 16323 16326 16326 16329 16323 16325 16328 16327 16326 16330 16326 16328 16329 16322 16323 16326 16327 16326 16327 16326 16328 16328 16330 16327 16326 16330 16326 16331 16329 16325 16327 16326 16331 16328 16330 16329 16324 16330 16328 16329 16325 16330 16327 16325 16328 16326 16329 16324 16327 16323 16322 16325 16326 16329 16326 16325 16326 16331 16329 16326 16327 16325 16327 16324 16328 16326 16326 16326 16328 16321 16327 16328 16324 16326 16323 16326 16325 16326 16326 16329 16327 16327 16328 16325 16326 16325 16328 16323 16325 16326 16322 16323 16327 16324 16329 16326 16328 16328 16330 16328 16321 16326 16326 16326 16325 16328 16323 16324 16324 16325 16326 16326 16325 16323 16323 16329 16325 16328 16327 16324 16322 16324 16324 16324 16326 16327 16327 16326 16324 16323 16329 16326 16326 16324 16328 16326 16325 16322 16325 16322 16327 187 13527 304 14008 
0 16325 16322 16330 16324 16324 16327 16325 16326 16326 16324 16327 16328 16327 16324 16327 16325 16326 16327 16326 16326 16329 16324 16331 16328 16325 16324 16326 16329 16324 16325 16326 16329 16331 16326 16326 16325 16325 16329 16328 16329 16325 16326 16326 16326 16327 16326 16326 16325 16323 16331 16328 16327 16327 16328 16329 16323 16328 16326 16326 16326 16325 16327 16328 16315 16314 16328 16318 16322 16324 16325 16325 16325 16325 16325 16328 16326 16326 16329 16327 16326 16325 16328 16323 16327 16327 16326 16325 16327 16325 16327 16329 16325 16326 16326 16326 16327 16328 16329 16326 16326 16330 16327 16329 16329 16330 16326 16328 16326 16327 16326 16325 16325 16331 16328 16328 16324 16327 16328 16331 16329 16332 16326 16325 16325 16323 16329 16328 16325 16326 16325 16330 16328 16324 16327 16326 16326 16324 16328 16327 16324 16328 16330 16325 16329 16326 16325 16325 16324 16328 16329 16329 16327 16329 16329 16328 16328 16328 16329 16325 16329 16326 16327 16328 16327 16324 16323 16325 16323 16327 16328 16326 16329 16326 16325 16329 16327 16326 16326 16379 16263 16366 16313 16341 16321 16331 16324 16327 16322 16326 16323 16322 16329 16323 16323 16328 16325 16329 16329 16325 16326 16329 16322 16323 16329 16327 16326 16329 16318 16324 16323 16323 16327 16327 16326 16327 16323 16327 16323 16324 16324 16325 16321 16325 16330 16326 16327 16320 16326 16322 16322 16324 16327 16322 16330 16324 16328 16324 16326 16327 16328 16324 16325 16326 16326 16332 16326 16326 16330 16323 16327 16327 16324 16327 16326 16326 16327 16331 192 13264 304 14008 
0 16329 16328 16327 16328 16327 16329 16327 16326 16328 16326 16327 16328 16326 16327 16329 16326 16327 16324 16327 16325 16324 16327 16327 16325 16323 16323 16326 16324 16327 16325 16324 16324 16328 16329 16323 16325 16326 16319 16327 16326 16326 16327 16325 16321 16326 16325 16326 16326 16325 16325 16325 16325 16323 16323 16327 16324 16326 16324 16330 16323 16326 16323 16379 16243 6 16284 16357 16301 16338 16314 16335 16319 16331 16317 16325 16321 16322 16322 16326 16320 16328 16323 16327 16327 16329 16322 16326 16323 16325 16326 16323 16328 16329 16326 16323 16322 16324 16320 16326 16327 16323 16323 16325 16322 16325 16321 16325 16326 16322 16324 16323 16324 16329 16322 16324 16323 16329 16324 16330 16324 16327 16327 16325 16324 16324 16323 16324 16326 16323 16328 16327 16326 16327 16329 16330 16324 16325 16328 16324 16328 16328 16326 16326 16332 16325 16324 16331 16323 16330 16324 16326 16327 16327 16330 16329 16325 16327 16322 16329 16325 16323 16325 16324 16326 16327 16327 16329 16327 16331 16327 16328 16327 16329 16325 16325 16325 16330 16326 16326 16330 16326 16325 16324 16327 16328 16332 16324 16328 16326 16325 16328 16324 16327 16327 16325 16326 16325 16322 16325 16329 16322 16326 16326 16326 16328 16323 16327 16325 16327 16330 16328 16325 16328 16324 16325 16327 16325 16327 16329 16321 16325 16329 16324 16326 16326 16328 16324 16330 16323 16327 16325 16329 16325 16327 16329 16326 16323 16322 16326 16326 16323 16325 16325 16327 16324 16325 16327 16327 16325 16320 16326 16325 16328 16324 16321 16324 16325 197 12742 304 14008 
0 16331 16326 16332 16330 16328 16332 16330 16328 16329 16327 16331 16334 16333 16331 16327 16330 16330 16332 16328 16328 16331 16331 16331 16333 16330 16327 16328 16327 16327 16329 16326 16329 16334 16330 16323 16331 16328 16331 16329 16327 16328 16332 16327 16331 16330 16328 16329 16328 16329 16329 16329 16326 16331 16328 16331 16333 16326 16325 16328 16325 16327 16326 16361 16252 8 16280 16370 16298 16350 16314 16341 16317 16337 16322 16331 16325 16331 16324 16332 16324 16327 16327 16326 16331 16328 16327 16328 16330 16328 16333 16325 16332 16328 16324 16329 16330 16326 16328 16332 16327 16329 16327 16327 16329 16327 16330 16331 16329 16328 16321 16329 16327 16329 16327 16325 16329 16328 16329 16332 16327 16326 16326 16329 16330 16333 16328 16329 16335 16332 16329 16329 16332 16329 16331 16328 16331 16330 16328 16328 16331 16325 16329 16329 16332 16330 16325 16332 16328 16328 16329 16331 16331 16328 16328 16330 16332 16328 16331 16333 16325 16329 16332 16326 16333 16327 16330 16327 16327 16324 16331 16327 16330 16332 16327 16330 16328 16328 16334 16328 16331 16331 16331 16329 16331 16327 16328 16327 16333 16331 16327 16329 16329 16332 16332 16331 16330 16329 16328 16328 16328 16330 16328 16330 16327 16332 16329 16326 16335 16331 16326 16331 16330 16330 16329 16328 16327 16324 16332 16332 16329 16328 16326 16329 16331 16325 16329 16333 16327 16330 16328 16326 16329 16331 16325 16328 16329 16327 16332 16330 16329 16327 16328 16327 16332 16326 16334 16327 16324 16333 16328 16329 16327 16329 16329 16331 16327 16328 208 4871 304 14008 
0 16329 16321 16324 16326 16321 16328 16326 16330 16328 16325 16325 16327 16325 16323 16326 16329 16327 16327 16324 16325 16328 16325 16328 16327 16328 16327 16325 16327 16326 16329 16325 16324 16323 16322 16326 16324 16327 16325 16325 16322 16324 16328 16324 16326 16326 16325 16324 16322 16327 16323 16324 16324 16329 16329 16324 16326 16323 16328 16328 16324 16322 16322 16371 16243 9 16271 16366 16295 16349 16304 16340 16316 16333 16318 16329 16321 16328 16319 16324 16322 16325 16319 16327 16327 16326 16326 16326 16324 16324 16326 16321 16318 16326 16324 16325 16325 16324 16323 16323 16324 16325 16326 16325 16321 16327 16323 16328 16322 16326 16322 16324 16321 16321 16322 16329 16327 16323 16323 16327 16320 16326 16324 16326 16328 16328 16326 16328 16328 16327 16330 16325 16327 16329 16323 16326 16326 16324 16327 16326 16323 16328 16327 16325 16331 16323 16327 16327 16327 16330 16328 16321 16324 16330 16324 16328 16324 16327 16329 16327 16328 16328 16329 16321 16328 16324 16326 16329 16323 16324 16326 16325 16329 16328 16327 16325 16326 16327 16325 16325 16326 16324 16325 16327 16327 16327 16329 16323 16327 16327 16322 16325 16324 16323 16326 16322 16327 16327 16325 16327 16323 16327 16324 16327 16326 16324 16327 16324 16328 16327 16329 16326 16328 16325 16323 16329 16326 16323 16325 16322 16325 16327 16324 16324 16324 16326 16327 16328 16323 16323 16326 16326 16326 16325 16325 16321 16326 16324 16324 16329 16324 16324 16324 16326 16321 16324 16324 16327 16326 16325 16322 16327 16323 16323 16323 16325 16325 16324 213 8146 304 14008 
0 16333 16329 16329 16334 16329 16332 16332 16330 16335 16332 16332 16334 16328 16331 16331 16334 16328 16332 16331 16331 16334 16334 16333 16333 16329 16331 16331 16328 16331 16332 16333 16331 16333 16327 16332 16330 16331 16333 16328 16329 16329 16329 16329 16331 16329 16331 16332 16331 16333 16332 16332 16336 16327 16327 16330 16333 16331 16333 16328 16330 16333 16327 16358 16275 16382 16292 16364 16302 16354 16313 16344 16318 16342 16323 16335 16329 16335 16330 16331 16328 16334 16332 16329 16334 16332 16329 16333 16330 16331 16336 16329 16333 16329 16329 16333 16336 16330 16331 16332 16332 16331 16323 16329 16331 16330 16334 16331 16326 16333 16326 16331 16324 16334 16325 16333 16330 16332 16335 16330 16329 16330 16333 16332 16335 16327 16332 16334 16329 16333 16336 16333 16337 16333 16329 16331 16333 16333 16333 16329 16333 16329 16330 16332 16330 16333 16331 16333 16333 16330 16333 16333 16330 16332 16330 16331 16329 16331 16332 16332 16325 16330 16331 16329 16328 16331 16331 16333 16332 16329 16333 16331 16332 16334 16333 16329 16333 16334 16332 16330 16331 16332 16333 16336 16329 16331 16330 16330 16331 16332 16330 16332 16331 16333 16335 16332 16333 16332 16330 16329 16332 16332 16336 16331 16332 16331 16333 16328 16332 16333 16331 16333 16331 16333 16336 16331 16332 16332 16335 16334 16334 16330 16332 16331 16329 16334 16335 16335 16329 16331 16333 16329 16333 16334 16329 16331 16332 16335 16332 16328 16333 16331 16331 16335 16331 16326 16333 16335 16333 16329 16331 16331 16330 16334 16329 16331 16332 16330 218 7992 304 14008 
0 16326 16322 16329 16319 16329 16326 16325 16328 16323 16327 16325 16323 16328 16321 16326 16329 16325 16327 16328 16327 16324 16325 16323 16323 16327 16324 16325 16331 16326 16324 16327 16327 16331 16322 16327 16327 16331 16326 16328 16325 16327 16327 16328 16324 16328 16328 16329 16325 16328 16326 16325 16330 16326 16323 16328 16325 16327 16329 16325 16323 16327 16323 16377 16248 10 16279 16365 16296 16344 16311 16337 16319 16329 16314 16333 16312 16326 16324 16321 16323 16328 16323 16325 16328 16321 16323 16326 16327 16324 16327 16326 16328 16323 16324 16327 16324 16327 16327 16323 16323 16328 16321 16324 16325 16325 16325 16326 16325 16316 16331 16324 16323 16325 16322 16319 16329 16322 16322 16324 16325 16323 16323 16326 16325 16325 16326 16324 16328 16331 16325 16327 16327 16327 16326 16328 16325 16326 16330 16329 16326 16328 16331 16324 16328 16327 16330 16327 16327 16326 16325 16325 16329 16327 16326 16325 16327 16323 16327 16331 16326 16331 16326 16329 16327 16329 16324 16328 16327 16325 16324 16328 16323 16326 16321 16327 16327 16325 16323 16326 16327 16323 16328 16328 16321 16324 16329 16324 16324 16325 16325 16325 16325 16326 16323 16323 16322 16326 16330 16324 16327 16326 16322 16325 16326 16325 16327 16328 16326 16324 16325 16327 16326 16325 16323 16327 16325 16327 16329 16326 16326 16328 16320 16318 16327 16325 16325 16327 16327 16327 16327 16326 16327 16324 16325 16325 16327 16328 16329 16327 16326 16325 16322 16325 16325 16327 16327 16327 16322 16327 16326 16322 16323 16325 16323 16328 16326 16324 223 7354 304 14008 
0 16327 16326 16324 16325 16331 16323 16327 16327 16322 16328 16323 16326 16326 16325 16322 16326 16328 16327 16325 16323 16325 16326 16324 16326 16322 16322 16327 16327 16325 16326 16324 16328 16327 16325 16327 16323 16323 16324 16329 16326 16324 16329 16319 16324 16328 16326 16328 16327 16324 16320 16329 16326 16325 16327 16324 16325 16325 16323 16327 16321 16325 16328 16372 16254 9 16284 16356 16302 16337 16313 16335 16318 16329 16319 16322 16316 16332 16319 16326 16319 16323 16326 16324 16324 16323 16323 16329 16323 16324 16322 16330 16326 16324 16322 16327 16322 16326 16325 16324 16324 16323 16323 16325 16322 16323 16325 16323 16320 16324 16317 16327 16323 16324 16321 16319 16328 16329 16320 16323 16325 16327 16322 16322 16325 16326 16325 16330 16329 16324 16327 16327 16327 16327 16325 16326 16330 16326 16323 16328 16327 16329 16324 16325 16323 16327 16325 16329 16323 16323 16325 16328 16325 16329 16324 16326 16328 16324 16327 16328 16327 16327 16326 16327 16325 16325 16328 16323 16325 16326 16324 16328 16321 16325 16324 16325 16324 16324 16325 16323 16330 16323 16321 16327 16324 16325 16322 16326 16321 16328 16326 16325 16327 16328 16322 16327 16324 16326 16326 16329 16322 16327 16321 16327 16325 16324 16324 16327 16323 16325 16326 16320 16325 16327 16327 16327 16327 16320 16322 16326 16326 16324 16322 16322 16323 16322 16323 16323 16327 16326 16326 16323 16325 16324 16326 16327 16325 16321 16329 16324 16325 16322 16323 16323 16328 16324 16325 16329 16322 16326 16327 16323 16326 16326 16324 16324 16323 16326 228 6710 304 14008 
0 16325 16326 16330 16323 16324 16328 16324 16324 16326 16322 16323 16322 16327 16324 16324 16324 16327 16326 16324 16324 16322 16324 16327 16322 16324 16326 16323 16327 16324 16326 16327 16327 16326 16326 16325 16324 16328 16326 16327 16328 16331 16326 16328 16320 16322 16323 16324 16324 16325 16320 16322 16327 16326 16326 16325 16327 16328 16325 16326 16326 16325 16327 16338 16288 16355 16298 16348 16304 16337 16316 16334 16317 16333 16318 16326 16321 16325 16324 16329 16327 16329 16320 16323 16326 16328 16325 16328 16323 16325 16323 16326 16324 16324 16322 16326 16324 16324 16327 16325 16326 16326 16323 16322 16325 16327 16324 16329 16325 16325 16324 16322 16322 16325 16319 16326 16319 16325 16326 16325 16323 16324 16327 16325 16330 16325 16326 16328 16323 16326 16327 16327 16328 16329 16330 16326 16328 16329 16327 16324 16328 16328 16328 16324 16324 16326 16325 16325 16326 16322 16326 16323 16326 16326 16325 16325 16325 16327 16323 16322 16327 16328 16326 16327 16326 16330 16327 16327 16328 16327 16328 16325 16327 16326 16329 16328 16324 16325 16327 16324 16329 16327 16323 16328 16328 16325 16324 16327 16321 16326 16321 16324 16326 16324 16328 16325 16328 16327 16326 16326 16323 16328 16326 16327 16320 16323 16328 16327 16324 16323 16322 16328 16326 16328 16326 16323 16328 16328 16322 16328 16324 16324 16328 16329 16323 16325 16327 16326 16326 16329 16327 16328 16323 16325 16322 16326 16324 16325 16326 16323 16325 16328 16324 16328 16325 16324 16327 16327 16322 16326 16323 16325 16325 16325 16327 16326 16326 16326 238 10318 304 14008 
0 16323 16321 16325 16327 16328 16326 16325 16329 16323 16323 16324 16323 16328 16321 16327 16329 16325 16322 16324 16324 16329 16324 16321 16326 16327 16324 16324 16328 16329 16334 16322 16321 16323 16321 16328 16323 16322 16323 16327 16326 16323 16322 16327 16324 16324 16326 16322 16326 16329 16322 16324 16327 16323 16326 16329 16322 16325 16325 16323 16322 16325 16319 16355 16279 16361 16308 16339 16309 16331 16322 16327 16327 16324 16323 16322 16320 16323 16321 16327 16321 16324 16321 16327 16322 16323 16326 16325 16325 16327 16328 16325 16324 16328 16325 16324 16328 16325 16323 16327 16324 16326 16325 16325 16322 16324 16322 16323 16327 16323 16327 16320 16331 16319 16326 16321 16323 16321 16327 16326 16327 16326 16326 16327 16328 16325 16324 16327 16327 16326 16325 16323 16323 16327 16327 16326 16330 16330 16327 16324 16324 16323 16328 16324 16327 16326 16326 16327 16324 16322 16327 16324 16324 16329 16323 16324 16331 16326 16328 16325 16325 16326 16325 16325 16328 16326 16325 16329 16327 16325 16325 16326 16325 16328 16325 16325 16326 16321 16325 16327 16326 16325 16326 16325 16324 16329 16324 16324 16325 16327 16325 16326 16324 16323 16325 16324 16325 16324 16324 16325 16325 16322 16327 16327 16325 16327 16325 16325 16327 16326 16319 16325 16328 16326 16324 16328 16326 16323 16328 16327 16325 16325 16325 16332 16328 16326 16329 16323 16323 16323 16329 16328 16321 16325 16321 16325 16327 16324 16324 16324 16323 16329 16325 16328 16324 16326 16323 16331 16327 16324 16326 16322 16326 16325 16325 16324 16327 16325 243 13104 304 14008 
0 16333 16333 16332 16329 16327 16328 16330 16332 16328 16332 16329 16328 16330 16328 16330 16330 16328 16332 16329 16330 16328 16328 16327 16328 16331 16331 16331 16331 16329 16329 16330 16329 16330 16327 16332 16332 16329 16333 16330 16327 16329 16333 16330 16328 16335 16327 16330 16331 16333 16328 16334 16330 16329 16331 16331 16333 16334 16333 16331 16333 16331 16333 16356 16267 16375 16285 16367 16304 16352 16314 16345 16320 16336 16325 16335 16328 16335 16330 16334 16330 16330 16328 16335 16329 16335 16329 16335 16332 16332 16331 16328 16329 16332 16331 16331 16331 16331 16330 16331 16333 16329 16329 16328 16330 16329 16330 16332 16330 16331 16333 16320 16338 16329 16331 16331 16328 16327 16333 16326 16333 16331 16328 16331 16331 16331 16330 16331 16332 16334 16329 16332 16332 16336 16331 16337 16335 16332 16328 16333 16335 16329 16329 16330 16331 16329 16332 16332 16330 16332 16330 16328 16332 16335 16333 16332 16334 16332 16325 16332 16337 16331 16333 16333 16331 16336 16329 16334 16330 16331 16331 16335 16334 16334 16328 16329 16329 16335 16332 16331 16333 16334 16329 16333 16332 16329 16335 16332 16328 16330 16332 16337 16331 16333 16333 16332 16335 16333 16332 16331 16334 16333 16329 16334 16333 16330 16334 16330 16331 16334 16336 16330 16332 16332 16329 16333 16333 16333 16331 16329 16333 16332 16332 16332 16327 16331 16334 16337 16332 16332 16331 16329 16331 16330 16331 16335 16334 16330 16327 16333 16331 16331 16332 16332 16332 16331 16332 16330 16333 16331 16334 16330 16331 16331 16330 16332 16333 16329 248 12462 304 14008 
0 16327 16325 16326 16324 16327 16325 16327 16327 16327 16325 16324 16324 16326 16327 16326 16323 16325 16325 16328 16324 16326 16323 16324 16326 16325 16327 16327 16328 16328 16324 16326 16326 16328 16328 16323 16324 16327 16327 16325 16330 16326 16323 16325 16326 16323 16329 16322 16325 16324 16320 16327 16327 16323 16328 16325 16325 16331 16323 16328 16328 16324 16326 16345 16274 16367 16289 16356 16300 16348 16307 16339 16315 16329 16317 16326 16321 16327 16314 16325 16321 16320 16326 16328 16322 16332 16325 16322 16326 16326 16324 16326 16324 16327 16323 16325 16328 16330 16325 16324 16326 16323 16323 16324 16327 16325 16326 16319 16328 16321 16326 16323 16326 16315 16319 16320 16326 16323 16326 16325 16325 16328 16327 16325 16331 16327 16327 16329 16329 16326 16332 16326 16326 16330 16323 16328 16327 16326 16323 16325 16328 16327 16328 16329 16325 16323 16328 16325 16324 16326 16328 16325 16328 16332 16326 16328 16323 16325 16325 16327 16327 16329 16328 16325 16327 16324 16329 16326 16325 16320 16324 16329 16328 16328 16326 16326 16324 16326 16330 16322 16327 16326 16327 16332 16327 16321 16326 16326 16324 16323 16328 16329 16332 16323 16327 16325 16327 16328 16324 16326 16323 16326 16326 16325 16329 16317 16326 16327 16328 16330 16327 16327 16323 16325 16324 16325 16327 16326 16328 16327 16328 16329 16326 16327 16324 16325 16325 16326 16325 16325 16323 16325 16325 16323 16326 16323 16325 16325 16323 16325 16328 16324 16324 16324 16329 16323 16326 16326 16326 16329 16324 16322 16327 16327 16327 16325 16323 16326 253 13287 304 14008 
0 16326 16327 16326 16327 16324 16324 16325 16325 16324 16325 16326 16327 16329 16327 16324 16325 16327 16323 16327 16322 16322 16328 16324 16326 16326 16323 16324 16324 16325 16323 16329 16327 16325 16320 16327 16323 16328 16326 16324 16322 16324 16326 16325 16323 16325 16328 16326 16325 16328 16324 16328 16327 16325 16323 16324 16321 16324 16325 16327 16325 16324 16325 16324 16306 16351 16297 16349 16304 16336 16311 16335 16317 16332 16317 16329 16325 16327 16321 16326 16322 16328 16322 16325 16325 16327 16325 16324 16327 16323 16327 16324 16320 16325 16322 16330 16322 16324 16326 16324 16327 16324 16322 16320 16322 16325 16325 16327 16323 16329 16326 16320 16335 16323 16328 16322 16320 16324 16321 16322 16325 16327 16325 16324 16324 16325 16326 16327 16324 16327 16327 16326 16323 16323 16327 16328 16324 16328 16326 16328 16327 16326 16323 16325 16326 16325 16322 16327 16325 16323 16328 16324 16327 16325 16325 16327 16325 16327 16330 16326 16325 16332 16321 16326 16327 16324 16325 16325 16323 16326 16323 16323 16329 16324 16320 16325 16326 16324 16326 16326 16328 16326 16323 16325 16324 16324 16326 16325 16324 16326 16325 16320 16322 16324 16324 16324 16323 16319 16325 16326 16325 16326 16328 16323 16326 16323 16320 16325 16327 16325 16326 16324 16325 16328 16327 16325 16327 16322 16321 16323 16324 16326 16328 16325 16323 16327 16325 16327 16324 16324 16328 16325 16325 16320 16326 16326 16324 16324 16326 16329 16323 16327 16324 16324 16322 16322 16325 16324 16320 16325 16326 16324 16321 16328 16324 16321 16328 16319 259 1644 304 14008 
0 16325 16328 16323 16327 16325 16326 16323 16326 16325 16323 16326 16325 16322 16324 16327 16327 16326 16327 16327 16326 16325 16323 16325 16323 16326 16324 16326 16323 16326 16325 16324 16326 16325 16329 16322 16322 16327 16324 16327 16328 16326 16325 16325 16326 16324 16326 16323 16327 16326 16325 16325 16327 16326 16329 16326 16327 16325 16325 16323 16325 16324 16321 16372 16259 16379 16293 16352 16307 16338 16313 16327 16324 16323 16325 16324 16322 16324 16319 16323 16327 16323 16323 16325 16323 16324 16326 16320 16327 16325 16322 16326 16328 16326 16323 16327 16322 16323 16326 16322 16327 16327 16325 16328 16323 16329 16325 16327 16327 16327 16319 16328 16318 16331 16317 16324 16320 16325 16326 16327 16320 16325 16325 16323 16324 16325 16322 16326 16323 16324 16326 16327 16328 16327 16323 16326 16328 16328 16326 16331 16330 16322 16328 16327 16323 16324 16326 16326 16326 16326 16323 16326 16329 16325 16329 16327 16326 16325 16326 16325 16329 16325 16327 16326 16325 16326 16329 16324 16327 16326 16326 16323 16328 16327 16326 16322 16324 16326 16325 16324 16326 16329 16324 16329 16325 16325 16323 16324 16323 16323 16327 16327 16327 16326 16324 16328 16322 16323 16329 16323 16323 16323 16324 16323 16326 16326 16323 16327 16329 16327 16324 16327 16326 16323 16323 16324 16326 16324 16325 16331 16323 16324 16323 16325 16327 16329 16320 16323 16328 16322 16325 16327 16324 16325 16327 16323 16329 16323 16321 16327 16324 16324 16327 16323 16323 16325 16324 16325 16330 16325 16324 16325 16325 16324 16328 16325 16325 16326 269 6231 304 14008 
0 16329 16328 16328 16331 16327 16329 16330 16336 16330 16337 16329 16331 16334 16333 16330 16333 16331 16332 16333 16329 16335 16332 16332 16331 16330 16330 16330 16333 16331 16331 16332 16334 16330 16333 16332 16329 16331 16336 16330 16334 16335 16333 16335 16331 16332 16333 16324 16335 16331 16328 16334 16334 16329 16333 16332 16329 16336 16329 16332 16333 16334 16328 16369 16249 13 16279 16370 16301 16354 16309 16349 16316 16339 16327 16335 16325 16336 16327 16330 16329 16332 16329 16335 16327 16334 16329 16331 16332 16333 16328 16330 16329 16330 16332 16327 16330 16332 16332 16330 16331 16340 16335 16327 16330 16334 16331 16330 16329 16322 16335 16327 16335 16331 16327 16329 16331 16328 16331 16328 16331 16329 16333 16332 16327 16328 16331 16331 16337 16334 16331 16335 16338 16333 16336 16332 16337 16333 16332 16331 16331 16335 16336 16333 16328 16333 16333 16332 16335 16335 16333 16331 16331 16334 16331 16329 16331 16329 16330 16334 16332 16333 16332 16330 16334 16335 16331 16333 16332 16332 16335 16332 16334 16331 16332 16335 16334 16329 16332 16334 16332 16334 16335 16334 16335 16330 16332 16334 16333 16331 16333 16335 16333 16332 16333 16329 16335 16335 16335 16332 16333 16331 16338 16333 16335 16333 16335 16332 16331 16332 16332 16334 16332 16333 16333 16332 16336 16331 16333 16329 16332 16332 16333 16336 16332 16333 16334 16334 16334 16336 16335 16333 16336 16334 16332 16333 16335 16333 16335 16331 16334 16334 16333 16329 16329 16327 16332 16333 16333 16330 16338 16331 16333 16331 16329 16331 16329 16333 274 7547 304 14008 
0 16326 16332 16330 16326 16334 16330 16326 16332 16330 16328 16329 16330 16325 16329 16326 16333 16328 16326 16330 16330 16327 16329 16328 16329 16336 16328 16329 16331 16327 16329 16332 16328 16331 16334 16326 16327 16328 16326 16331 16328 16327 16326 16329 16330 16330 16329 16330 16327 16327 16327 16332 16330 16328 16331 16331 16328 16331 16324 16328 16329 16328 16329 16360 16259 1 16279 16365 16297 16351 16309 16340 16305 16331 16319 16331 16323 16334 16325 16327 16326 16328 16325 16332 16323 16324 16328 16330 16327 16329 16331 16327 16324 16326 16328 16329 16328 16321 16328 16327 16327 16330 16328 16325 16327 16329 16328 16330 16329 16323 16332 16324 16326 16329 16326 16328 16327 16328 16329 16326 16327 16327 16329 16329 16332 16328 16331 16328 16327 16330 16330 16325 16334 16326 16326 16333 16331 16328 16329 16325 16330 16327 16325 16325 16327 16329 16328 16331 16329 16328 16329 16326 16332 16330 16327 16329 16332 16326 16333 16329 16326 16326 16325 16328 16328 16327 16332 16326 16328 16327 16332 16325 16329 16329 16329 16326 16327 16326 16327 16329 16334 16329 16329 16329 16327 16329 16328 16326 16328 16326 16326 16329 16327 16326 16333 16331 16327 16331 16328 16325 16327 16333 16325 16331 16327 16328 16333 16329 16331 16329 16328 16326 16326 16328 16332 16326 16328 16330 16329 16328 16333 16328 16326 16329 16326 16327 16328 16329 16330 16329 16327 16326 16331 16327 16328 16327 16327 16331 16327 16327 16330 16330 16326 16326 16330 16320 16331 16331 16324 16331 16331 16325 16327 16329 16323 16328 16330 16325 279 6415 304 14008 
0 16327 16330 16323 16323 16326 16326 16327 16327 16326 16323 16327 16327 16326 16328 16323 16327 16321 16325 16327 16323 16326 16323 16328 16327 16328 16326 16325 16325 16328 16325 16326 16329 16324 16330 16322 16326 16325 16326 16327 16323 16325 16325 16327 16325 16327 16327 16324 16324 16328 16321 16327 16326 16331 16326 16324 16326 16324 16329 16329 16325 16322 16326 16348 16306 16343 16322 16323 16333 16316 16330 16321 16327 16323 16326 16320 16327 16322 16324 16325 16324 16321 16327 16322 16326 16320 16324 16324 16324 16316 16319 16319 16323 16325 16322 16321 16324 16328 16327 16326 16326 16324 16327 16325 16325 16328 16331 16326 16324 16325 16324 16316 16329 16328 16324 16326 16323 16327 16327 16326 16322 16326 16326 16325 16330 16325 16326 16327 16324 16328 16327 16323 16332 16327 16325 16329 16328 16327 16325 16324 16322 16332 16329 16324 16327 16327 16324 16329 16322 16328 16323 16323 16328 16326 16324 16331 16329 16320 16327 16322 16325 16331 16326 16326 16330 16324 16330 16328 16323 16328 16323 16329 16326 16326 16326 16325 16325 16325 16324 16329 16329 16324 16326 16332 16325 16326 16326 16328 16326 16324 16325 16329 16325 16326 16325 16326 16326 16329 16323 16323 16325 16325 16328 16326 16326 16328 16321 16325 16329 16323 16324 16330 16327 16330 16327 16324 16324 16326 16325 16325 16327 16324 16326 16323 16326 16328 16328 16328 16325 16321 16327 16327 16328 16326 16327 16329 16327 16327 16325 16327 16326 16326 16323 16326 16323 16325 16325 16324 16325 16324 16327 16327 16324 16326 16328 16325 16326 16328 284 4307 304 14008 
0 16328 16326 16326 16325 16320 16326 16326 16328 16324 16328 16326 16323 16324 16322 16327 16325 16326 16326 16326 16325 16322 16326 16328 16324 16327 16325 16329 16324 16327 16323 16325 16325 16326 16329 16328 16323 16328 16328 16328 16327 16325 16328 16327 16328 16324 16326 16326 16324 16328 16322 16320 16326 16323 16325 16329 16326 16325 16327 16327 16322 16328 16328 16339 16289 16367 16289 16353 16302 16345 16310 16338 16312 16335 16320 16329 16321 16322 16324 16325 16323 16328 16323 16321 16320 16325 16324 16325 16323 16322 16327 16321 16320 16327 16328 16325 16324 16323 16327 16324 16319 16330 16324 16323 16326 16322 16328 16331 16322 16318 16331 16322 16327 16324 16316 16326 16326 16323 16325 16328 16325 16318 16326 16323 16321 16324 16324 16327 16329 16327 16329 16329 16330 16330 16328 16328 16326 16329 16323 16323 16325 16324 16327 16325 16328 16328 16324 16322 16331 16327 16324 16329 16327 16326 16327 16322 16327 16326 16325 16328 16333 16326 16332 16329 16328 16329 16327 16326 16328 16326 16324 16328 16328 16325 16326 16324 16325 16329 16323 16328 16331 16324 16326 16323 16327 16324 16325 16324 16328 16326 16327 16325 16327 16325 16328 16326 16327 16323 16323 16322 16328 16325 16327 16325 16328 16325 16328 16326 16324 16324 16326 16324 16326 16328 16326 16327 16329 16328 16324 16329 16324 16325 16330 16327 16326 16329 16328 16329 16326 16327 16328 16326 16325 16326 16327 16328 16326 16324 16325 16325 16324 16325 16325 16324 16325 16325 16327 16328 16327 16332 16325 16324 16327 16325 16324 16326 16327 16327 289 2689 304 14008 
0 16326 16331 16326 16328 16327 16326 16325 16325 16326 16326 16326 16324 16330 16322 16320 16323 16327 16325 16328 16323 16323 16327 16327 16323 16327 16323 16327 16326 16325 16326 16326 16325 16326 16326 16324 16326 16326 16329 16324 16325 16326 16323 16327 16321 16329 16321 16326 16325 16325 16325 16324 16325 16324 16328 16325 16326 16324 16321 16329 16326 16324 16326 16354 16292 16355 16314 16333 16320 16330 16327 16320 16323 16327 16327 16325 16324 16327 16321 16322 16324 16323 16322 16322 16325 16325 16322 16327 16322 16326 16329 16328 16327 16325 16326 16324 16323 16324 16325 16328 16321 16323 16325 16330 16324 16324 16326 16327 16323 16325 16324 16318 16331 16320 16325 16321 16322 16327 16326 16320 16329 16325 16322 16329 16327 16329 16329 16324 16327 16328 16327 16332 16326 16329 16328 16326 16326 16329 16325 16324 16327 16327 16326 16325 16326 16325 16327 16325 16325 16322 16329 16329 16322 16326 16326 16327 16325 16327 16329 16327 16324 16328 16329 16327 16324 16327 16322 16330 16327 16325 16329 16325 16326 16328 16326 16326 16324 16328 16324 16327 16324 16327 16326 16329 16327 16328 16326 16324 16328 16324 16325 16326 16324 16329 16325 16325 16327 16329 16325 16326 16327 16324 16330 16324 16327 16328 16321 16326 16327 16334 16327 16325 16321 16324 16330 16326 16325 16325 16325 16329 16327 16323 16328 16324 16324 16326 16328 16323 16328 16320 16328 16327 16327 16328 16328 16322 16327 16330 16326 16321 16325 16326 16328 16327 16323 16324 16325 16327 16326 16326 16327 16326 16328 16320 16325 16324 16322 16326 298 13872 304 14008 
0 16326 16328 16324 16326 16326 16326 16326 16324 16325 16323 16327 16323 16327 16325 16326 16327 16326 16326 16326 16324 16329 16323 16324 16327 16324 16328 16319 16323 16323 16324 16322 16324 16332 16322 16323 16326 16324 16328 16323 16328 16328 16323 16325 16329 16322 16327 16329 16325 16327 16326 16325 16324 16328 16326 16327 16326 16324 16322 16324 16326 16325 16324 16368 16264 16378 16298 16349 16313 16330 16318 16329 16323 16326 16325 16324 16322 16322 16323 16327 16324 16324 16322 16326 16323 16327 16326 16323 16325 16326 16323 16326 16327 16324 16327 16324 16327 16324 16328 16323 16324 16324 16326 16327 16322 16323 16327 16322 16323 16313 16333 16324 16325 16318 16322 16322 16328 16324 16322 16325 16325 16323 16321 16325 16328 16325 16328 16328 16329 16327 16328 16329 16327 16329 16327 16329 16327 16327 16328 16322 16329 16326 16327 16327 16324 16326 16328 16328 16328 16323 16327 16328 16322 16331 16328 16326 16326 16326 16329 16327 16327 16322 16328 16329 16330 16329 16327 16328 16328 16328 16326 16325 16326 16329 16326 16327 16326 16326 16324 16324 16326 16325 16328 16321 16323 16325 16328 16324 16329 16323 16326 16322 16325 16328 16326 16329 16327 16325 16325 16326 16327 16328 16328 16325 16326 16325 16328 16327 16327 16325 16327 16326 16329 16325 16322 16326 16326 16324 16326 16327 16329 16323 16324 16327 16329 16323 16329 16321 16328 16325 16326 16328 16327 16321 16328 16321 16322 16326 16328 16328 16328 16327 16324 16330 16328 16324 16326 16325 16330 16325 16323 16326 16325 16327 16323 16325 16329 16326 303 14701 304 14008 
0 16335 16330 16337 16331 16331 16335 16329 16332 16334 16333 16332 16337 16333 16331 16335 16334 16331 16334 16332 16333 16333 16332 16337 16331 16332 16333 16334 16328 16334 16332 16330 16337 16328 16331 16332 16332 16337 16335 16331 16333 16332 16327 16332 16334 16333 16329 16332 16333 16334 16332 16334 16334 16331 16335 16332 16332 16332 16333 16333 16335 16330 16335 16349 16279 16377 16292 16363 16306 16349 16313 16344 16319 16339 16326 16339 16327 16333 16326 16332 16329 16332 16326 16334 16325 16329 16327 16334 16329 16332 16329 16334 16332 16331 16326 16332 16332 16332 16329 16335 16327 16332 16332 16328 16331 16338 16331 16333 16331 16330 16331 16334 16326 16333 16324 16333 16334 16329 16331 16333 16330 16331 16334 16332 16332 16330 16328 16333 16331 16334 16329 16337 16334 16332 16336 16333 16330 16333 16333 16332 16330 16333 16335 16334 16333 16332 16334 16333 16333 16335 16333 16334 16333 16334 16333 16334 16331 16331 16336 16332 16331 16334 16333 16335 16335 16330 16329 16331 16335 16333 16332 16333 16333 16329 16334 16332 16332 16330 16338 16333 16326 16335 16332 16333 16332 16331 16337 16335 16329 16327 16332 16329 16334 16334 16328 16336 16331 16332 16336 16334 16329 16333 16334 16331 16338 16330 16329 16337 16330 16335 16335 16331 16333 16330 16334 16333 16331 16331 16331 16335 16332 16330 16332 16331 16334 16329 16331 16332 16331 16331 16331 16331 16332 16329 16335 16329 16336 16333 16328 16335 16331 16333 16334 16328 16331 16334 16331 16332 16331 16330 16329 16332 16332 16336 16334 16332 16335 16328 3 15626 304 13587 
0 16328 16328 16333 16324 16328 16326 16330 16330 16330 16327 16329 16325 16325 16327 16325 16328 16328 16327 16329 16324 16326 16327 16328 16328 16327 16328 16326 16329 16330 16327 16331 16329 16329 16327 16328 16328 16330 16331 16326 16329 16323 16326 16334 16329 16329 16328 16329 16328 16327 16330 16327 16326 16327 16329 16325 16328 16329 16325 16330 16326 16332 16324 0 16249 4 16292 16352 16305 16337 16317 16332 16320 16324 16323 16331 16325 16328 16324 16326 16326 16330 16330 16329 16324 16326 16326 16325 16325 16328 16328 16329 16326 16326 16326 16329 16324 16328 16326 16324 16327 16324 16323 16327 16327 16325 16324 16322 16328 16324 16329 16321 16329 16329 16327 16328 16328 16330 16325 16328 16327 16325 16333 16324 16329 16327 16327 16330 16327 16329 16330 16325 16330 16329 16326 16327 16328 16329 16325 16330 16328 16326 16329 16325 16327 16331 16327 16329 16325 16331 16327 16327 16323 16326 16326 16328 16330 16331 16328 16325 16332 16329 16327 16326 16327 16329 16326 16329 16328 16328 16330 16328 16326 16329 16331 16331 16325 16327 16328 16328 16328 16331 16329 16328 16325 16332 16328 16328 16327 16329 16328 16328 16328 16331 16332 16327 16326 16328 16324 16332 16329 16328 16327 16327 16328 16327 16326 16328 16325 16325 16327 16327 16326 16329 16332 16329 16331 16331 16325 16328 16330 16325 16331 16329 16325 16328 16328 16329 16331 16331 16324 16331 16328 16327 16329 16329 16329 16329 16325 16325 16326 16323 16328 16330 16328 16326 16325 16332 16329 16329 16329 16330 16331 16326 16329 16326 16327 16327 8 14006 304 13587 
0 16323 16325 16323 16326 16327 16326 16327 16325 16328 16328 16324 16325 16327 16324 16326 16325 16325 16325 16325 16324 16326 16325 16324 16326 16328 16325 16325 16329 16324 16327 16325 16325 16328 16326 16322 16324 16324 16324 16326 16329 16326 16327 16328 16327 16325 16323 16328 16327 16324 16324 16324 16329 16324 16326 16328 16328 16324 16327 16327 16326 16323 16327 16356 16246 9 16270 16368 16286 16350 16306 16341 16311 16337 16314 16328 16317 16327 16318 16324 16319 16328 16326 16324 16328 16327 16322 16324 16326 16323 16328 16324 16326 16324 16322 16326 16326 16324 16322 16325 16322 16322 16317 16322 16322 16320 16327 16319 16326 16322 16323 16325 16324 16326 16321 16324 16327 16324 16327 16326 16324 16325 16326 16324 16324 16324 16326 16328 16331 16328 16325 16326 16329 16325 16321 16326 16324 16329 16326 16329 16326 16326 16327 16325 16323 16328 16324 16323 16328 16327 16324 16325 16322 16326 16328 16326 16328 16329 16324 16329 16326 16323 16327 16325 16327 16330 16326 16324 16329 16324 16325 16329 16328 16325 16328 16327 16327 16330 16327 16328 16324 16327 16327 16330 16326 16326 16328 16329 16327 16328 16326 16329 16325 16327 16326 16329 16328 16326 16325 16324 16327 16324 16326 16327 16326 16331 16326 16326 16328 16322 16326 16325 16327 16326 16326 16322 16327 16329 16323 16328 16324 16327 16328 16328 16324 16329 16327 16325 16325 16325 16322 16327 16321 16327 16322 16325 16325 16328 16326 16323 16326 16326 16323 16328 16326 16326 16323 16323 16326 16326 16326 16324 16327 16328 16326 16327 16325 16326 13 11894 304 13587 
0 16329 16327 16331 16328 16329 16331 16329 16334 16330 16330 16329 16328 16325 16326 16327 16328 16329 16332 16329 16330 16326 16330 16327 16327 16326 16329 16329 16331 16329 16326 16329 16325 16328 16327 16323 16327 16331 16328 16329 16328 16329 16332 16327 16326 16328 16326 16330 16326 16327 16331 16327 16326 16331 16328 16329 16327 16329 16327 16328 16328 16329 16328 16366 16238 18 16269 16372 16293 16349 16305 16343 16315 16339 16319 16334 16318 16332 16321 16330 16323 16332 16329 16327 16328 16329 16327 16329 16325 16325 16329 16325 16327 16326 16329 16323 16324 16326 16324 16326 16329 16329 16326 16329 16327 16325 16329 16327 16325 16328 16326 16329 16327 16328 16329 16325 16334 16327 16329 16329 16326 16326 16329 16326 16329 16330 16330 16331 16331 16329 16327 16328 16329 16329 16324 16330 16329 16330 16331 16332 16331 16331 16330 16329 16332 16327 16332 16332 16332 16328 16330 16329 16328 16333 16329 16327 16329 16325 16330 16326 16328 16326 16325 16327 16331 16329 16333 16320 16327 16329 16327 16333 16332 16330 16331 16330 16324 16329 16332 16328 16328 16325 16330 16333 16333 16326 16325 16323 16331 16331 16325 16328 16326 16327 16329 16323 16323 16331 16328 16329 16325 16329 16330 16331 16329 16326 16330 16328 16329 16328 16328 16328 16326 16323 16331 16330 16329 16330 16330 16331 16329 16325 16329 16331 16330 16333 16328 16328 16332 16327 16329 16328 16326 16328 16331 16331 16327 16328 16325 16326 16327 16331 16324 16328 16328 16326 16327 16329 16325 16324 16329 16325 16328 16332 16323 16328 16322 16327 23 15502 304 13587 
0 16326 16324 16329 16325 16326 16327 16326 16322 16325 16330 16322 16325 16327 16323 16329 16321 16321 16326 16322 16323 16325 16321 16323 16325 16325 16326 16327 16323 16324 16326 16325 16324 16324 16324 16325 16328 16324 16327 16326 16327 16326 16325 16327 16323 16326 16326 16326 16328 16327 16327 16326 16326 16324 16327 16327 16329 16327 16325 16325 16325 16325 16327 16353 16310 16314 16349 16304 16344 16309 16341 16314 16329 16320 16327 16314 16325 16322 16325 16325 16325 16324 16327 16321 16328 16326 16325 16327 16326 16323 16330 16321 16321 16328 16326 16325 16325 16325 16326 16326 16323 16329 16321 16325 16328 16324 16316 16328 16319 16323 16324 16323 16324 16328 16325 16324 16323 16324 16324 16326 16324 16329 16328 16328 16323 16329 16326 16328 16320 16327 16329 16321 16325 16328 16325 16324 16322 16328 16327 16328 16325 16328 16323 16328 16322 16328 16330 16331 16324 16331 16327 16329 16324 16328 16323 16324 16324 16326 16326 16328 16327 16328 16326 16330 16329 16328 16329 16327 16324 16328 16327 16326 16325 16327 16328 16327 16326 16326 16325 16329 16322 16331 16330 16323 16328 16327 16326 16327 16325 16324 16331 16327 16324 16329 16325 16324 16325 16326 16324 16326 16325 16329 16329 16326 16322 16324 16327 16325 16325 16327 16326 16330 16327 16327 16327 16326 16325 16326 16324 16326 16327 16322 16325 16326 16329 16327 16329 16329 16325 16325 16326 16328 16329 16328 16327 16328 16331 16327 16324 16328 16329 16324 16325 16325 16326 16325 16325 16330 16327 16329 16325 16327 16327 16323 16321 16329 16329 16325 29 5817 304 13587 
0 16333 16333 16335 16334 16330 16335 16335 16333 16333 16331 16328 16336 16334 16336 16334 16331 16335 16333 16333 16330 16331 16334 16333 16331 16335 16333 16334 16336 16332 16331 16331 16331 16333 16333 16329 16333 16332 16335 16335 16334 16334 16335 16329 16330 16334 16331 16333 16333 16331 16333 16335 16329 16332 16331 16334 16334 16336 16331 16332 16329 16330 16332 16372 16248 21 16275 16374 16297 16357 16315 16349 16318 16339 16318 16334 16326 16338 16325 16331 16332 16333 16333 16327 16330 16332 16333 16332 16332 16336 16333 16331 16326 16333 16333 16329 16332 16331 16329 16329 16330 16331 16332 16333 16327 16332 16332 16328 16333 16328 16335 16327 16331 16332 16330 16335 16331 16328 16329 16330 16329 16333 16335 16338 16336 16335 16333 16330 16334 16333 16331 16336 16335 16331 16336 16332 16333 16333 16331 16333 16337 16332 16333 16336 16333 16337 16333 16329 16338 16332 16335 16336 16336 16335 16335 16331 16337 16336 16335 16334 16335 16331 16337 16337 16335 16336 16329 16334 16333 16333 16330 16331 16331 16335 16338 16336 16334 16334 16336 16334 16333 16333 16333 16333 16332 16334 16334 16334 16331 16332 16331 16332 16332 16330 16335 16331 16332 16335 16333 16333 16333 16333 16331 16331 16332 16332 16331 16330 16335 16329 16336 16333 16335 16328 16334 16328 16327 16334 16331 16329 16334 16329 16333 16332 16328 16330 16332 16329 16335 16330 16330 16335 16331 16334 16331 16331 16332 16331 16332 16330 16338 16332 16331 16333 16333 16336 16334 16331 16336 16332 16332 16331 16329 16333 16334 16328 16332 16332 34 5179 304 13587 
0 16328 16323 16322 16330 16321 16329 16328 16325 16327 16329 16328 16327 16325 16326 16328 16328 16326 16327 16323 16325 16329 16325 16328 16328 16325 16329 16324 16326 16328 16323 16328 16327 16324 16329 16323 16332 16325 16329 16329 16322 16329 16330 16324 16331 16323 16328 16324 16327 16324 16327 16322 16325 16327 16327 16327 16327 16328 16327 16327 16327 16326 16323 16344 16313 16328 16341 16317 16333 16317 16334 16318 16334 16320 16329 16323 16329 16323 16327 16322 16326 16319 16327 16323 16326 16326 16323 16326 16328 16324 16328 16325 16326 16327 16326 16326 16330 16327 16326 16327 16320 16326 16327 16324 16326 16324 16326 16322 16328 16322 16319 16332 16319 16329 16322 16322 16324 16325 16321 16328 16322 16323 16325 16324 16329 16323 16328 16326 16324 16328 16323 16330 16328 16327 16328 16326 16330 16329 16329 16323 16332 16326 16327 16325 16325 16326 16325 16324 16324 16331 16328 16325 16327 16333 16329 16328 16328 16327 16328 16331 16323 16325 16329 16323 16324 16326 16326 16326 16328 16326 16329 16330 16328 16324 16325 16326 16329 16326 16327 16327 16324 16327 16331 16323 16327 16328 16325 16326 16323 16325 16323 16328 16324 16331 16323 16327 16325 16328 16325 16324 16327 16331 16330 16326 16326 16326 16327 16327 16325 16326 16328 16328 16328 16326 16329 16325 16327 16328 16325 16323 16327 16326 16324 16327 16324 16324 16326 16326 16332 16327 16326 16328 16329 16323 16329 16323 16323 16326 16326 16323 16322 16321 16328 16329 16324 16326 16328 16328 16329 16324 16327 16326 16324 16330 16328 16322 16326 16328 39 3553 304 13587 
0 16321 16328 16323 16326 16325 16327 16322 16331 16326 16322 16328 16323 16325 16330 16327 16327 16326 16322 16324 16328 16325 16326 16325 16324 16327 16330 16325 16325 16328 16323 16327 16324 16327 16326 16323 16323 16322 16327 16325 16325 16323 16326 16327 16327 16322 16326 16326 16326 16327 16328 16328 16327 16328 16324 16328 16328 16323 16326 16325 16327 16322 16324 16367 16260 0 16294 16351 16306 16338 16318 16334 16320 16326 16323 16322 16320 16332 16325 16321 16320 16326 16326 16323 16325 16324 16326 16324 16324 16327 16322 16327 16327 16322 16322 16325 16325 16325 16322 16323 16324 16320 16322 16327 16321 16323 16327 16321 16323 16328 16318 16324 16321 16323 16322 16324 16318 16328 16328 16325 16322 16327 16322 16326 16324 16323 16326 16322 16326 16326 16323 16324 16328 16329 16327 16324 16326 16327 16325 16323 16327 16325 16322 16321 16327 16323 16325 16325 16325 16324 16326 16325 16327 16324 16325 16331 16324 16328 16323 16324 16327 16327 16321 16324 16324 16326 16325 16325 16323 16325 16324 16326 16325 16324 16328 16326 16321 16330 16326 16325 16329 16323 16326 16328 16325 16326 16326 16326 16325 16326 16326 16328 16326 16323 16329 16325 16327 16326 16323 16325 16328 16326 16325 16329 16324 16323 16328 16327 16323 16327 16324 16328 16330 16322 16324 16325 16322 16324 16323 16326 16323 16327 16325 16328 16328 16322 16328 16322 16328 16327 16327 16325 16328 16325 16322 16326 16325 16323 16323 16324 16324 16327 16328 16322 16327 16327 16326 16328 16329 16323 16324 16321 16326 16322 16323 16324 16328 16320 44 4873 304 13587 
0 16328 16325 16324 16328 16328 16325 16325 16327 16327 16324 16323 16328 16326 16323 16326 16328 16328 16326 16326 16330 16322 16327 16328 16323 16333 16326 16323 16328 16326 16324 16326 16328 16327 16325 16327 16323 16329 16327 16325 16327 16322 16326 16326 16329 16327 16323 16327 16327 16325 16326 16325 16324 16327 16325 16323 16329 16324 16322 16327 16325 16324 16321 16367 16258 1 16294 16352 16307 16338 16317 16330 16319 16328 16320 16325 16322 16327 16323 16326 16320 16328 16327 16326 16325 16324 16325 16327 16320 16322 16322 16326 16324 16320 16324 16324 16327 16323 16325 16324 16325 16324 16325 16325 16324 16328 16324 16322 16325 16325 16318 16332 16322 16323 16322 16319 16325 16327 16320 16324 16321 16321 16325 16327 16326 16323 16326 16330 16325 16326 16331 16325 16325 16331 16329 16328 16327 16326 16323 16327 16325 16323 16327 16322 16324 16328 16330 16328 16327 16325 16326 16329 16327 16328 16326 16329 16327 16327 16328 16323 16329 16328 16329 16327 16324 16326 16328 16328 16327 16325 16326 16327 16325 16324 16328 16328 16326 16329 16327 16327 16329 16324 16329 16324 16323 16325 16329 16328 16323 16325 16327 16328 16325 16320 16324 16322 16328 16328 16320 16329 16326 16328 16327 16332 16322 16325 16324 16326 16328 16325 16327 16328 16326 16326 16324 16326 16325 16326 16322 16325 16321 16328 16326 16325 16325 16322 16326 16324 16327 16324 16327 16324 16327 16326 16327 16326 16325 16327 16326 16327 16327 16321 16325 16327 16324 16326 16327 16323 16325 16322 16327 16328 16323 16326 16324 16325 16323 16325 54 2609 304 13587 
0 16328 16329 16325 16327 16332 16331 16332 16332 16327 16329 16324 16330 16328 16329 16328 16330 16326 16329 16324 16329 16329 16326 16333 16328 16330 16328 16327 16328 16326 16329 16329 16327 16327 16328 16330 16330 16325 16323 16327 16331 16329 16326 16328 16331 16329 16326 16327 16331 16331 16331 16324 16327 16330 16324 16326 16328 16328 16332 16329 16327 16329 16326 16361 16258 4 16277 16365 16295 16356 16309 16345 16317 16335 16317 16333 16320 16330 16324 16332 16326 16330 16324 16326 16330 16329 16327 16330 16328 16328 16329 16326 16327 16327 16325 16326 16331 16327 16328 16327 16326 16328 16327 16326 16328 16328 16326 16325 16329 16327 16320 16336 16326 16328 16326 16327 16328 16328 16328 16327 16328 16326 16328 16331 16327 16332 16328 16331 16329 16331 16327 16331 16324 16326 16334 16330 16326 16327 16331 16327 16327 16330 16329 16331 16329 16326 16327 16327 16329 16327 16329 16330 16331 16328 16326 16328 16327 16326 16328 16327 16331 16328 16324 16328 16330 16325 16327 16325 16327 16326 16325 16323 16329 16326 16326 16328 16324 16330 16328 16325 16326 16326 16327 16324 16330 16326 16328 16328 16329 16327 16330 16329 16329 16327 16326 16326 16327 16327 16322 16331 16324 16330 16328 16328 16328 16325 16328 16327 16328 16331 16325 16330 16328 16328 16327 16324 16327 16328 16331 16327 16328 16324 16328 16329 16324 16328 16330 16324 16327 16326 16331 16327 16327 16324 16328 16324 16326 16329 16329 16331 16323 16327 16327 16326 16324 16329 16328 16325 16331 16329 16330 16329 16327 16329 16328 16327 16324 16328 59 3433 304 13587 
0 16326 16327 16326 16327 16328 16328 16325 16328 16326 16328 16326 16326 16329 16326 16324 16326 16363 16246 7 16273 16365 16296 16348 16301 16339 16312 16333 16316 16330 16319 16333 16324 16331 16320 16331 16322 16324 16323 16327 16321 16326 16322 16324 16323 16327 16326 16327 16325 16328 16327 16327 16321 16323 16325 16324 16329 16327 16323 16327 16324 16328 16329 16326 16315 16330 16323 16328 16322 16320 16325 16326 16324 16327 16326 16323 16324 16328 16324 16322 16322 16327 16327 16328 16327 16328 16329 16327 16325 16328 16327 16329 16325 16329 16326 16329 16327 16324 16329 16329 16325 16328 16328 16329 16327 16324 16326 16328 16326 16328 16326 16326 16326 16328 16327 16327 16323 16328 16326 16330 16325 16329 16327 16326 16324 16324 16330 16326 16326 16329 16329 16325 16326 16327 16324 16331 16325 16327 16325 16327 16327 16327 16323 16326 16327 16326 16327 16324 16331 16326 16329 16327 16325 16328 16329 16325 16324 16326 16326 16327 16323 16325 16328 16324 16324 16329 16330 16327 16324 16323 16327 16330 16328 16325 16325 16328 16324 16330 16324 16332 16322 16329 16325 16330 16323 16327 16324 16327 16325 16328 16328 16325 16328 16325 16323 16328 16325 16326 16321 16324 16327 16328 16324 16324 16325 16327 16323 16326 16326 16328 16328 16325 16325 16328 16323 16326 16327 16325 16324 16330 16323 16325 16322 16326 16326 16325 16326 16326 16324 16324 16326 16327 16327 16326 16328 16322 16327 16326 16322 16327 16328 16325 16325 16327 16331 16325 16325 16327 16324 16329 16325 16324 16323 16328 16327 16326 16325 16324 64 1368 304 13587 
0 16330 16324 16326 16324 16328 16324 16325 16328 16324 16323 16323 16327 16325 16328 16323 16327 16326 16324 16324 16324 16325 16326 16324 16320 16325 16322 16325 16331 16325 16325 16325 16327 16331 16325 16326 16328 16322 16328 16327 16324 16325 16326 16323 16323 16330 16323 16328 16325 16323 16328 16328 16325 16328 16324 16326 16324 16332 16325 16324 16329 16324 16330 16341 16281 16364 16287 16355 16297 16343 16312 16340 16315 16333 16318 16332 16318 16329 16317 16327 16323 16328 16327 16330 16326 16328 16324 16325 16321 16327 16327 16330 16323 16325 16324 16327 16324 16327 16322 16326 16325 16325 16326 16321 16322 16323 16324 16329 16326 16323 16315 16328 16323 16323 16320 16323 16323 16329 16323 16322 16325 16328 16327 16325 16324 16326 16326 16326 16333 16324 16329 16327 16327 16328 16326 16329 16325 16327 16329 16327 16328 16324 16323 16327 16324 16323 16329 16326 16323 16322 16328 16325 16326 16321 16327 16325 16326 16328 16325 16329 16328 16330 16324 16327 16324 16325 16327 16329 16325 16327 16325 16324 16324 16327 16322 16326 16328 16325 16327 16326 16324 16322 16326 16323 16325 16326 16327 16324 16321 16326 16330 16324 16326 16325 16328 16326 16325 16329 16326 16322 16325 16325 16325 16328 16326 16326 16326 16324 16323 16327 16327 16325 16326 16325 16321 16324 16322 16325 16325 16324 16324 16322 16325 16329 16323 16323 16324 16326 16325 16324 16324 16327 16328 16325 16325 16323 16327 16326 16323 16323 16322 16323 16321 16324 16325 16325 16324 16327 16323 16327 16325 16324 16324 16328 16326 16326 16323 16321 68 16088 304 13587 
0 16323 16326 16324 16325 16326 16329 16324 16321 16326 16327 16329 16322 16325 16326 16328 16324 16328 16324 16326 16326 16329 16324 16329 16324 16329 16328 16324 16325 16325 16328 16327 16324 16331 16330 16329 16324 16328 16327 16325 16324 16326 16327 16329 16329 16328 16323 16328 16327 16333 16330 16329 16328 16328 16325 16326 16322 16325 16328 16326 16329 16326 16327 16371 16269 16375 16302 16343 16315 16335 16317 16329 16323 16323 16323 16328 16322 16322 16326 16327 16323 16321 16323 16323 16323 16326 16325 16326 16324 16327 16325 16327 16324 16325 16326 16325 16326 16326 16326 16323 16327 16327 16325 16329 16327 16325 16323 16324 16324 16325 16316 16331 16321 16333 16320 16324 16325 16330 16320 16328 16324 16326 16329 16325 16330 16329 16326 16328 16324 16325 16330 16327 16328 16327 16328 16326 16330 16322 16323 16325 16329 16328 16324 16325 16329 16327 16327 16329 16324 16324 16324 16325 16326 16328 16328 16326 16326 16332 16325 16327 16327 16330 16329 16325 16324 16323 16328 16327 16325 16327 16328 16324 16323 16327 16329 16325 16327 16327 16322 16327 16329 16325 16327 16327 16327 16324 16326 16331 16328 16323 16327 16326 16326 16323 16323 16328 16327 16324 16328 16326 16329 16324 16325 16327 16325 16328 16326 16326 16323 16326 16328 16326 16327 16329 16328 16327 16324 16328 16324 16325 16325 16328 16326 16328 16324 16326 16323 16326 16324 16329 16326 16328 16325 16323 16328 16326 16325 16327 16324 16328 16329 16324 16325 16325 16325 16324 16327 16326 16324 16328 16328 16330 16323 16327 16323 16327 16323 16327 73 14468 304 13587 
0 16326 16327 16324 16326 16325 16327 16328 16325 16325 16324 16327 16326 16323 16324 16326 16327 16326 16323 16330 16323 16332 16319 16326 16326 16324 16326 16325 16325 16326 16325 16329 16324 16324 16328 16324 16322 16323 16328 16323 16329 16326 16325 16328 16327 16328 16325 16327 16325 16326 16328 16325 16327 16327 16326 16328 16326 16325 16327 16327 16325 16326 16322 16364 16249 2 16279 16360 16296 16348 16306 16340 16310 16336 16318 16327 16320 16326 16320 16323 16323 16325 16320 16325 16323 16323 16326 16327 16325 16322 16327 16329 16324 16328 16323 16323 16326 16323 16326 16324 16325 16328 16326 16323 16325 16322 16326 16328 16327 16325 16322 16329 16319 16328 16323 16324 16322 16327 16325 16326 16323 16324 16329 16327 16323 16327 16327 16326 16326 16326 16325 16328 16324 16327 16326 16325 16330 16328 16327 16328 16322 16326 16327 16328 16322 16326 16326 16326 16324 16327 16329 16325 16326 16330 16323 16330 16328 16326 16323 16327 16324 16326 16326 16328 16322 16324 16324 16326 16330 16325 16326 16325 16325 16327 16322 16326 16324 16325 16326 16325 16322 16327 16327 16325 16324 16328 16326 16324 16322 16329 16323 16326 16326 16325 16329 16327 16325 16326 16328 16326 16326 16323 16324 16332 16325 16331 16327 16328 16325 16328 16326 16328 16331 16322 16325 16327 16326 16325 16326 16327 16326 16327 16325 16327 16327 16325 16324 16326 16327 16329 16326 16325 16322 16326 16324 16324 16325 16323 16326 16328 16327 16327 16324 16324 16328 16323 16328 16322 16328 16327 16324 16327 16326 16327 16326 16327 16325 16327 83 5352 304 13587 
0 16322 16331 16326 16324 16325 16326 16323 16328 16324 16326 16324 16324 16326 16325 16322 16324 16325 16328 16327 16327 16327 16325 16321 16331 16329 16325 16327 16321 16328 16326 16324 16323 16327 16327 16329 16326 16328 16326 16327 16323 16326 16326 16322 16327 16326 16329 16324 16326 16326 16328 16329 16322 16327 16322 16325 16327 16324 16326 16324 16325 16323 16333 16344 16263 16377 16276 16363 16294 16349 16307 16338 16309 16333 16318 16324 16316 16328 16320 16322 16322 16326 16324 16323 16326 16325 16326 16321 16326 16322 16320 16325 16326 16326 16323 16325 16324 16324 16318 16325 16324 16326 16326 16321 16325 16325 16325 16318 16326 16322 16323 16325 16322 16320 16328 16328 16324 16325 16324 16325 16327 16321 16328 16326 16324 16331 16322 16323 16326 16326 16326 16328 16326 16327 16326 16327 16326 16326 16327 16326 16325 16324 16326 16324 16327 16322 16324 16327 16324 16326 16326 16326 16329 16327 16328 16326 16325 16324 16326 16327 16329 16326 16328 16327 16326 16327 16324 16325 16325 16325 16328 16325 16325 16328 16326 16327 16320 16326 16328 16325 16331 16324 16327 16327 16326 16325 16326 16325 16324 16325 16326 16326 16329 16324 16322 16324 16326 16325 16328 16326 16327 16329 16326 16325 16324 16325 16329 16322 16325 16322 16325 16325 16326 16326 16330 16326 16325 16329 16326 16328 16326 16326 16326 16324 16322 16327 16320 16325 16328 16327 16327 16328 16323 16322 16327 16322 16329 16325 16325 16327 16324 16326 16325 16327 16328 16322 16328 16325 16327 16328 16325 16321 16326 16329 16328 16324 16325 16320 88 5685 304 13587 
0 16325 16326 16326 16328 16328 16325 16323 16328 16323 16320 16328 16325 16323 16326 16326 16327 16323 16328 16324 16328 16325 16325 16324 16325 16323 16325 16325 16327 16327 16327 16326 16333 16325 16325 16325 16330 16327 16327 16325 16329 16327 16324 16324 16325 16325 16329 16327 16329 16325 16329 16322 16325 16325 16325 16327 16328 16325 16332 16324 16325 16323 16327 16371 16239 13 16265 16369 16289 16349 16303 16343 16313 16337 16320 16328 16322 16329 16321 16325 16320 16325 16323 16326 16325 16325 16321 16325 16321 16322 16325 16322 16322 16325 16328 16323 16326 16322 16326 16323 16327 16321 16323 16326 16323 16324 16316 16329 16321 16321 16324 16322 16324 16325 16321 16326 16323 16326 16323 16325 16326 16326 16326 16324 16331 16329 16324 16326 16329 16328 16327 16324 16327 16327 16325 16324 16330 16327 16327 16327 16323 16325 16327 16323 16327 16327 16327 16327 16324 16326 16328 16328 16330 16325 16334 16326 16331 16325 16327 16326 16328 16328 16329 16326 16326 16327 16325 16325 16325 16329 16327 16324 16333 16325 16326 16324 16325 16327 16327 16327 16328 16327 16327 16328 16328 16326 16322 16328 16328 16327 16326 16325 16329 16327 16325 16324 16322 16324 16327 16321 16325 16326 16323 16326 16324 16326 16324 16325 16327 16325 16329 16326 16327 16326 16325 16325 16323 16324 16325 16324 16328 16324 16329 16325 16327 16324 16324 16328 16325 16327 16326 16323 16327 16324 16329 16324 16324 16324 16324 16324 16327 16324 16323 16326 16327 16321 16327 16323 16326 16327 16320 16321 16327 16320 16325 16328 16325 16326 93 4063 304 13587 
0 16339 16334 16335 16335 16333 16329 16333 16337 16338 16333 16330 16333 16331 16334 16331 16328 16328 16336 16332 16335 16332 16331 16336 16329 16335 16334 16333 16333 16329 16335 16331 16330 16332 16333 16331 16334 16332 16332 16333 16332 16335 16335 16335 16335 16335 16335 16334 16336 16335 16330 16334 16335 16333 16329 16336 16334 16334 16333 16336 16333 16332 16344 16330 16314 16360 16307 16357 16313 16343 16320 16347 16326 16333 16324 16335 16326 16333 16331 16333 16330 16337 16331 16333 16331 16336 16332 16336 16330 16335 16332 16331 16333 16335 16336 16334 16329 16329 16332 16333 16331 16331 16331 16334 16336 16335 16331 16335 16327 16338 16324 16336 16328 16332 16326 16336 16328 16334 16329 16331 16333 16334 16329 16332 16332 16334 16335 16332 16334 16335 16335 16331 16334 16332 16331 16335 16330 16334 16331 16330 16333 16335 16333 16333 16333 16335 16332 16336 16334 16332 16331 16334 16336 16333 16333 16335 16334 16337 16330 16336 16338 16335 16333 16333 16334 16335 16334 16335 16335 16331 16338 16332 16335 16336 16334 16331 16335 16333 16338 16333 16333 16331 16336 16337 16336 16337 16334 16335 16333 16334 16336 16335 16335 16333 16332 16332 16333 16336 16334 16333 16337 16337 16334 16336 16333 16332 16334 16334 16334 16335 16335 16335 16335 16335 16337 16333 16333 16333 16333 16335 16332 16337 16333 16339 16331 16335 16336 16334 16329 16328 16329 16335 16334 16334 16334 16334 16332 16332 16324 16334 16328 16332 16332 16334 16332 16332 16333 16334 16335 16333 16332 16330 16333 16333 16332 16331 16331 16333 98 2446 304 13587 
0 16327 16326 16326 16329 16326 16324 16322 16328 16325 16326 16329 16324 16323 16328 16322 16325 16326 16326 16323 16324 16326 16323 16330 16328 16326 16328 16327 16329 16325 16328 16324 16327 16328 16327 16326 16327 16327 16328 16324 16325 16323 16324 16328 16325 16328 16331 16327 16328 16324 16326 16322 16327 16330 16327 16326 16326 16328 16328 16326 16325 16329 16325 16347 16300 16350 16323 16330 16320 16325 16332 16326 16326 16323 16326 16325 16323 16322 16324 16327 16327 16328 16323 16327 16327 16326 16328 16326 16325 16325 16327 16323 16321 16324 16324 16325 16327 16321 16328 16324 16324 16326 16325 16327 16324 16323 16325 16331 16322 16327 16326 16314 16332 16323 16326 16324 16321 16323 16328 16322 16328 16326 16326 16324 16325 16329 16326 16324 16325 16324 16327 16329 16327 16329 16325 16327 16328 16328 16325 16325 16324 16326 16326 16325 16327 16325 16323 16327 16325 16326 16330 16324 16323 16324 16325 16325 16328 16327 16329 16322 16327 16327 16323 16326 16326 16323 16329 16326 16325 16325 16326 16325 16321 16322 16324 16327 16324 16326 16327 16323 16325 16326 16327 16327 16324 16323 16327 16324 16325 16326 16324 16329 16326 16327 16326 16327 16322 16323 16327 16322 16326 16324 16323 16324 16328 16326 16327 16329 16330 16322 16325 16326 16323 16322 16328 16322 16326 16327 16326 16324 16324 16328 16326 16327 16327 16327 16324 16321 16326 16323 16327 16322 16323 16326 16325 16326 16321 16323 16329 16328 16326 16327 16326 16326 16324 16327 16326 16323 16323 16323 16321 16322 16329 16323 16324 16329 16325 16320 103 823 304 13587 
0 16333 16329 16324 16329 16324 16330 16331 16327 16331 16331 16327 16329 16331 16327 16325 16332 16327 16329 16327 16331 16333 16331 16327 16332 16327 16328 16327 16327 16328 16331 16325 16328 16330 16326 16325 16331 16323 16329 16328 16326 16323 16326 16328 16332 16328 16330 16327 16327 16332 16325 16325 16323 16327 16326 16328 16329 16329 16328 16331 16329 16328 16329 16361 16257 4 16276 16366 16295 16353 16312 16345 16319 16337 16321 16332 16320 16329 16320 16330 16318 16326 16326 16329 16330 16328 16327 16326 16326 16329 16328 16328 16330 16328 16325 16333 16324 16325 16328 16325 16323 16328 16328 16326 16329 16321 16330 16325 16331 16324 16320 16329 16327 16326 16328 16323 16327 16328 16332 16327 16330 16327 16328 16327 16328 16330 16332 16329 16334 16330 16325 16330 16329 16334 16326 16332 16331 16328 16329 16328 16326 16327 16331 16328 16327 16329 16329 16327 16329 16327 16328 16329 16330 16327 16329 16326 16326 16330 16331 16328 16328 16327 16326 16327 16327 16329 16330 16329 16327 16323 16326 16327 16329 16325 16326 16327 16325 16329 16329 16326 16330 16327 16330 16331 16331 16327 16327 16327 16328 16328 16328 16326 16332 16324 16328 16329 16327 16325 16333 16328 16326 16323 16327 16329 16330 16326 16327 16334 16326 16326 16326 16329 16327 16329 16325 16328 16326 16327 16327 16326 16327 16327 16327 16329 16330 16331 16328 16328 16331 16328 16329 16326 16326 16332 16327 16327 16329 16324 16331 16328 16322 16329 16329 16326 16330 16325 16326 16326 16327 16326 16329 16331 16328 16328 16327 16327 16331 16326 112 7601 304 13587 
0 16322 16324 16324 16323 16323 16326 16324 16329 16324 16322 16331 16320 16328 16326 16328 16325 16326 16323 16325 16326 16325 16326 16327 16325 16327 16325 16325 16328 16326 16322 16326 16325 16324 16327 16327 16329 16325 16330 16326 16325 16326 16327 16326 16323 16327 16328 16324 16326 16322 16326 16327 16328 16326 16326 16325 16328 16328 16327 16325 16326 16323 16323 16349 16306 16335 16332 16323 16333 16315 16330 16317 16329 16322 16330 16320 16323 16327 16324 16325 16324 16322 16326 16325 16323 16330 16327 16326 16328 16323 16327 16326 16321 16326 16326 16325 16326 16326 16325 16323 16328 16325 16327 16321 16325 16328 16323 16324 16328 16317 16333 16321 16326 16324 16319 16319 16331 16326 16322 16324 16327 16326 16327 16325 16328 16327 16329 16328 16329 16330 16327 16327 16331 16328 16328 16329 16331 16326 16326 16322 16330 16327 16326 16323 16323 16324 16325 16328 16328 16323 16329 16326 16331 16326 16328 16328 16329 16327 16327 16328 16327 16328 16331 16324 16325 16327 16327 16329 16329 16328 16328 16333 16320 16332 16323 16327 16331 16327 16324 16326 16326 16322 16328 16324 16324 16326 16326 16323 16328 16326 16329 16324 16328 16328 16327 16322 16325 16326 16328 16328 16324 16326 16321 16327 16326 16326 16327 16326 16324 16327 16324 16324 16328 16326 16330 16323 16324 16329 16328 16324 16329 16325 16327 16323 16327 16323 16324 16324 16323 16324 16324 16328 16326 16324 16327 16324 16324 16325 16324 16324 16328 16325 16325 16327 16326 16328 16326 16321 16325 16323 16322 16323 16328 16326 16327 16322 16323 16326 117 8427 304 13587 
0 16323 16329 16324 16328 16327 16324 16323 16328 16322 16327 16326 16323 16326 16325 16327 16327 16327 16323 16323 16324 16325 16329 16322 16323 16325 16325 16324 16325 16326 16327 16327 16326 16324 16326 16324 16325 16326 16324 16326 16324 16328 16326 16327 16324 16324 16327 16324 16327 16324 16326 16323 16325 16326 16327 16325 16325 16324 16328 16328 16326 16322 16330 16345 16277 16367 16283 16360 16298 16346 16310 16339 16316 16331 16314 16328 16325 16327 16323 16328 16321 16329 16325 16329 16321 16326 16324 16323 16323 16325 16328 16325 16326 16323 16328 16323 16327 16327 16327 16326 16329 16327 16323 16327 16322 16329 16324 16326 16331 16325 16320 16325 16328 16323 16327 16321 16329 16323 16322 16324 16326 16323 16327 16323 16327 16327 16328 16328 16327 16326 16328 16323 16329 16329 16327 16327 16327 16324 16328 16328 16327 16325 16329 16326 16328 16323 16327 16330 16326 16325 16330 16325 16320 16333 16320 16326 16332 16322 16325 16323 16324 16328 16329 16323 16327 16328 16324 16326 16324 16328 16328 16322 16326 16323 16324 16329 16330 16326 16328 16324 16322 16326 16328 16329 16327 16328 16327 16327 16328 16324 16328 16330 16325 16325 16331 16325 16324 16325 16327 16329 16326 16326 16327 16324 16325 16330 16325 16329 16332 16324 16325 16327 16325 16323 16328 16327 16328 16327 16327 16326 16328 16320 16328 16322 16326 16327 16323 16324 16326 16325 16323 16330 16324 16327 16322 16324 16326 16329 16325 16326 16325 16319 16329 16321 16330 16325 16324 16326 16331 16325 16326 16325 16323 16327 16325 16327 16326 16327 122 7787 304 13587 
0 16333 16331 16334 16331 16331 16333 16334 16335 16338 16334 16335 16337 16335 16332 16339 16333 16333 16336 16330 16336 16332 16332 16335 16334 16335 16338 16336 16329 16333 16332 16329 16341 16334 16332 16331 16328 16330 16333 16329 16338 16331 16329 16335 16334 16333 16337 16331 16336 16334 16332 16331 16335 16334 16335 16331 16333 16333 16332 16338 16333 16334 16336 16335 16315 16330 16331 16335 16335 16333 16336 16332 16331 16333 16334 16332 16332 16331 16332 16329 16333 16333 16331 16329 16329 16332 16331 16335 16331 16332 16333 16335 16334 16334 16333 16332 16337 16332 16331 16331 16332 16334 16332 16333 16333 16334 16331 16331 16337 16331 16331 16333 16332 16333 16334 16333 16333 16336 16334 16333 16334 16333 16332 16335 16332 16334 16333 16338 16335 16334 16329 16333 16332 16335 16332 16338 16335 16335 16335 16333 16336 16329 16336 16335 16334 16329 16328 16335 16335 16336 16337 16354 16283 16378 16295 16366 16300 16353 16315 16347 16323 16338 16328 16335 16327 16336 16330 16331 16330 16331 16328 16334 16335 16334 16337 16332 16334 16336 16332 16334 16336 16332 16333 16334 16332 16335 16333 16330 16336 16332 16333 16336 16330 16335 16332 16330 16333 16333 16325 16337 16333 16331 16333 16331 16334 16336 16328 16337 16334 16331 16331 16337 16332 16332 16335 16335 16337 16336 16330 16337 16333 16338 16336 16337 16338 16335 16333 16330 16332 16332 16330 16335 16332 16332 16333 16335 16330 16331 16332 16331 16337 16333 16331 16335 16331 16335 16336 16332 16331 16337 16334 16332 16336 16332 16335 16336 16334 16334 127 6074 304 13587 
0 16325 16326 16325 16324 16323 16331 16324 16326 16328 16323 16326 16327 16322 16327 16326 16323 16328 16325 16326 16328 16322 16328 16327 16326 16327 16326 16323 16326 16326 16326 16326 16326 16323 16324 16324 16326 16331 16323 16326 16326 16324 16325 16330 16324 16328 16327 16322 16328 16325 16326 16327 16325 16326 16326 16325 16325 16326 16328 16326 16327 16326 16328 16324 16316 16322 16327 16327 16330 16326 16327 16327 16322 16331 16325 16326 16326 16327 16324 16324 16328 16328 16327 16324 16326 16326 16324 16325 16327 16325 16324 16326 16325 16323 16323 16324 16326 16326 16328 16325 16329 16325 16326 16325 16326 16323 16326 16327 16328 16324 16327 16329 16325 16327 16333 16326 16325 16327 16324 16324 16327 16326 16324 16326 16324 16327 16323 16323 16325 16326 16325 16323 16325 16324 16324 16327 16326 16327 16328 16328 16323 16329 16323 16326 16328 16328 16323 16321 16324 16340 16287 16356 16289 16351 16303 16342 16314 16334 16316 16333 16321 16330 16322 16325 16326 16327 16324 16320 16326 16324 16327 16328 16321 16327 16325 16324 16324 16329 16323 16327 16325 16327 16326 16322 16326 16323 16325 16322 16323 16323 16326 16328 16327 16323 16323 16324 16324 16319 16331 16324 16329 16321 16325 16326 16325 16328 16326 16317 16328 16323 16327 16326 16322 16328 16325 16322 16328 16327 16327 16325 16324 16324 16328 16328 16328 16324 16326 16326 16328 16325 16327 16325 16325 16324 16324 16328 16323 16327 16324 16322 16328 16328 16326 16328 16326 16325 16329 16327 16328 16328 16323 16325 16329 16324 16328 16322 16324 16325 132 6901 304 13587 
0 16323 16324 16324 16324 16322 16327 16322 16324 16326 16327 16323 16325 16324 16327 16325 16320 16326 16325 16326 16326 16327 16323 16330 16328 16323 16325 16325 16322 16326 16327 16321 16328 16320 16326 16327 16326 16325 16327 16324 16323 16328 16321 16322 16329 16324 16323 16325 16321 16323 16323 16323 16324 16327 16327 16326 16328 16329 16325 16324 16324 16327 16321 16358 16253 16381 16275 16366 16299 16348 16303 16340 16309 16334 16314 16329 16316 16330 16317 16325 16322 16325 16319 16326 16323 16327 16328 16323 16322 16326 16325 16324 16325 16326 16325 16323 16324 16321 16325 16323 16320 16326 16321 16327 16319 16321 16321 16325 16323 16325 16318 16314 16332 16317 16327 16320 16322 16327 16327 16322 16329 16325 16322 16328 16328 16324 16323 16328 16323 16332 16325 16329 16326 16323 16324 16329 16326 16323 16325 16323 16326 16323 16324 16326 16322 16327 16325 16324 16325 16324 16324 16323 16327 16323 16323 16323 16326 16323 16324 16327 16323 16326 16327 16327 16327 16327 16327 16328 16321 16327 16326 16322 16325 16327 16319 16328 16325 16324 16327 16328 16328 16324 16325 16325 16329 16323 16326 16326 16324 16323 16324 16322 16325 16326 16322 16327 16328 16323 16325 16324 16323 16327 16324 16324 16328 16326 16325 16324 16329 16329 16328 16325 16324 16325 16323 16328 16323 16325 16325 16324 16325 16323 16325 16325 16321 16325 16322 16323 16325 16328 16321 16324 16323 16325 16324 16323 16323 16323 16325 16323 16325 16327 16326 16325 16327 16324 16323 16326 16324 16327 16323 16323 16324 16326 16325 16323 16323 16322 141 13768 304 13587 
0 16323 16322 16326 16322 16328 16327 16325 16323 16324 16327 16326 16323 16326 16326 16324 16327 16324 16323 16325 16322 16326 16324 16324 16329 16327 16325 16324 16321 16327 16329 16326 16324 16323 16327 16326 16325 16326 16328 16324 16323 16324 16323 16327 16329 16324 16327 16322 16328 16326 16323 16326 16324 16326 16326 16325 16325 16327 16321 16326 16325 16324 16326 16344 16282 16358 16290 16352 16301 16344 16306 16337 16312 16335 16319 16328 16322 16326 16319 16322 16321 16326 16323 16327 16326 16327 16324 16323 16325 16325 16325 16326 16325 16323 16326 16325 16323 16324 16322 16327 16323 16323 16319 16325 16323 16327 16325 16322 16324 16325 16322 16322 16329 16321 16323 16326 16323 16328 16323 16322 16325 16320 16325 16325 16331 16326 16328 16326 16328 16325 16324 16323 16326 16324 16327 16324 16327 16329 16324 16325 16327 16324 16328 16329 16326 16327 16327 16325 16328 16327 16329 16324 16330 16326 16325 16322 16327 16325 16325 16328 16328 16327 16322 16321 16327 16327 16327 16328 16322 16325 16325 16325 16329 16324 16327 16330 16322 16324 16323 16325 16327 16325 16325 16323 16331 16328 16325 16326 16324 16325 16330 16323 16328 16323 16328 16325 16324 16324 16325 16323 16327 16325 16326 16323 16328 16322 16325 16325 16326 16327 16326 16323 16328 16324 16323 16328 16327 16324 16326 16326 16323 16325 16326 16330 16326 16328 16326 16327 16326 16324 16324 16323 16328 16327 16326 16327 16327 16326 16328 16323 16328 16329 16326 16328 16325 16329 16326 16325 16328 16327 16324 16324 16329 16322 16325 16323 16327 16324 146 14594 304 13587 
0 16326 16327 16330 16324 16330 16327 16327 16330 16325 16328 16325 16328 16324 16325 16325 16327 16328 16325 16324 16329 16325 16325 16326 16326 16327 16329 16325 16324 16328 16327 16326 16329 16325 16329 16323 16328 16329 16326 16327 16327 16323 16326 16325 16326 16326 16324 16324 16327 16326 16327 16326 16321 16324 16327 16324 16326 16323 16326 16326 16327 16322 16327 16361 16271 16377 16303 16345 16314 16331 16319 16327 16320 16324 16325 16319 16327 16327 16324 16327 16326 16323 16324 16325 16323 16325 16323 16327 16327 16326 16327 16326 16323 16325 16324 16321 16321 16321 16324 16327 16323 16324 16327 16325 16327 16325 16324 16324 16327 16325 16327 16322 16323 16324 16323 16324 16318 16329 16324 16321 16327 16322 16326 16326 16323 16323 16328 16323 16327 16334 16326 16322 16329 16327 16331 16326 16327 16329 16323 16326 16326 16324 16325 16325 16325 16321 16323 16327 16324 16329 16325 16326 16327 16325 16330 16329 16326 16330 16328 16329 16328 16329 16322 16328 16328 16329 16328 16327 16328 16323 16325 16323 16327 16322 16328 16326 16326 16324 16324 16321 16327 16324 16327 16324 16324 16324 16327 16326 16324 16322 16327 16326 16324 16323 16327 16325 16323 16331 16322 16329 16327 16324 16327 16325 16326 16326 16329 16324 16326 16326 16328 16326 16326 16326 16329 16324 16325 16321 16329 16323 16323 16328 16325 16329 16325 16323 16329 16326 16326 16327 16326 16323 16328 16325 16327 16325 16325 16325 16326 16323 16327 16327 16324 16324 16326 16323 16323 16322 16328 16328 16327 16327 16326 16327 16325 16325 16328 16327 151 12979 304 13587 
0 16326 16326 16325 16323 16328 16320 16326 16325 16322 16321 16325 16328 16329 16326 16326 16323 16323 16327 16329 16329 16325 16327 16328 16327 16328 16326 16322 16328 16328 16322 16331 16327 16323 16328 16328 16321 16328 16326 16323 16328 16321 16327 16327 16326 16322 16327 16321 16326 16330 16324 16328 16327 16331 16327 16323 16326 16324 16323 16323 16323 16328 16326 16326 16313 16317 16324 16321 16326 16328 16325 16327 16324 16326 16328 16330 16329 16325 16325 16325 16328 16326 16326 16324 16326 16327 16326 16330 16323 16323 16325 16322 16320 16326 16323 16328 16324 16324 16324 16325 16326 16325 16325 16326 16326 16329 16327 16327 16327 16327 16325 16325 16325 16324 16329 16328 16328 16326 16321 16324 16328 16330 16328 16321 16326 16325 16329 16326 16327 16331 16327 16325 16327 16330 16321 16329 16328 16325 16326 16330 16326 16328 16328 16325 16327 16326 16327 16328 16323 16327 16327 16321 16323 16325 16325 16327 16329 16329 16326 16325 16330 16324 16324 16329 16327 16325 16324 16330 16326 16327 16326 16324 16326 16325 16326 16327 16323 16324 16326 16327 16324 16325 16323 16327 16323 16327 16327 16326 16326 16326 16325 16322 16327 16327 16324 16325 16329 16328 16324 16324 16325 16324 16326 16328 16324 16325 16325 16327 16323 16325 16329 16326 16327 16327 16325 16326 16323 16326 16328 16327 16326 16326 16327 16328 16326 16326 16324 16322 16322 16326 16326 16327 16324 16324 16324 16327 16325 16327 16327 16322 16326 16324 16327 16325 16323 16324 16328 16325 16327 16326 16325 16326 16325 16324 16323 16329 16328 16321 156 11146 304 13587 
0 16329 16327 16325 16326 16326 16328 16330 16323 16326 16325 16327 16327 16324 16327 16326 16323 16323 16326 16328 16323 16324 16324 16328 16326 16324 16322 16326 16327 16325 16328 16328 16330 16326 16326 16325 16326 16329 16327 16327 16326 16325 16325 16325 16324 16322 16325 16327 16324 16322 16322 16322 16325 16326 16321 16322 16325 16327 16323 16327 16326 16325 16326 16326 16311 16321 16323 16326 16326 16323 16329 16329 16323 16329 16325 16326 16320 16328 16326 16323 16322 16327 16324 16323 16325 16325 16325 16325 16329 16323 16325 16329 16327 16330 16326 16328 16325 16323 16326 16328 16327 16325 16322 16325 16324 16321 16327 16326 16327 16327 16323 16324 16325 16326 16323 16321 16325 16329 16325 16326 16325 16325 16326 16324 16324 16324 16324 16325 16328 16324 16331 16323 16328 16325 16329 16323 16330 16326 16326 16323 16325 16329 16329 16323 16325 16328 16328 16323 16324 16324 16327 16324 16325 16327 16324 16323 16330 16325 16321 16327 16325 16324 16323 16329 16327 16323 16323 16328 16329 16323 16325 16326 16323 16324 16325 16323 16327 16329 16324 16327 16329 16326 16324 16325 16328 16328 16323 16329 16331 16328 16327 16330 16329 16325 16324 16329 16326 16326 16323 16326 16324 16325 16329 16324 16326 16327 16324 16328 16325 16328 16326 16322 16330 16326 16323 16326 16329 16329 16325 16328 16326 16324 16330 16328 16330 16324 16329 16327 16325 16325 16330 16323 16325 16322 16326 16327 16323 16324 16327 16324 16326 16326 16327 16325 16323 16329 16333 16326 16321 16357 16291 16345 16321 16324 16330 16320 16326 16323 161 9059 304 13587 
0 16326 16328 16331 16324 16323 16322 16324 16325 16326 16324 16329 16320 16328 16326 16326 16324 16325 16325 16325 16327 16324 16325 16326 16324 16326 16326 16324 16325 16330 16325 16325 16325 16325 16324 16325 16329 16326 16324 16326 16327 16328 16327 16326 16328 16319 16321 16327 16327 16328 16323 16327 16331 16326 16329 16327 16325 16324 16327 16324 16326 16324 16324 16379 16249 3 16289 16355 16298 16346 16315 16335 16317 16327 16318 16324 16318 16327 16319 16325 16324 16327 16319 16327 16321 16323 16331 16327 16323 16326 16321 16322 16322 16320 16324 16326 16322 16329 16326 16328 16325 16329 16323 16326 16325 16319 16324 16316 16322 16327 16321 16326 16321 16324 16330 16324 16327 16325 16324 16326 16323 16328 16323 16327 16326 16325 16324 16326 16326 16328 16326 16328 16331 16327 16329 16324 16323 16323 16325 16329 16323 16327 16326 16328 16329 16325 16327 16325 16332 16328 16323 16329 16325 16323 16325 16328 16328 16327 16328 16326 16329 16326 16328 16327 16328 16329 16323 16326 16328 16325 16319 16329 16325 16324 16328 16329 16329 16324 16323 16327 16331 16326 16327 16326 16322 16326 16328 16327 16328 16327 16327 16324 16324 16331 16326 16326 16329 16325 16323 16325 16326 16328 16324 16328 16326 16325 16327 16327 16330 16326 16322 16323 16331 16326 16324 16328 16329 16328 16330 16327 16330 16328 16327 16327 16323 16329 16324 16323 16325 16325 16325 16331 16327 16328 16330 16326 16327 16330 16322 16330 16326 16326 16324 16327 16326 16327 16325 16324 16327 16323 16325 16325 16322 16321 16325 16326 16323 16329 170 16024 304 13587 
0 16321 16325 16327 16324 16328 16326 16326 16322 16322 16322 16324 16327 16325 16326 16327 16329 16324 16328 16323 16324 16327 16325 16324 16329 16323 16324 16326 16324 16323 16328 16324 16327 16325 16324 16328 16323 16329 16327 16326 16320 16325 16325 16323 16325 16320 16325 16327 16323 16328 16324 16324 16329 16324 16324 16326 16324 16328 16330 16324 16323 16329 16327 16339 16263 16382 16273 16362 16286 16347 16302 16340 16312 16332 16318 16331 16318 16327 16320 16328 16322 16331 16325 16325 16324 16327 16320 16327 16326 16329 16324 16322 16324 16328 16326 16324 16327 16324 16321 16326 16319 16322 16326 16322 16327 16322 16319 16322 16327 16319 16326 16324 16323 16321 16328 16324 16328 16326 16328 16328 16323 16327 16325 16324 16323 16325 16329 16326 16328 16323 16326 16329 16326 16325 16324 16325 16325 16324 16324 16327 16327 16327 16323 16324 16324 16327 16328 16328 16329 16329 16325 16324 16329 16328 16328 16327 16326 16327 16326 16327 16328 16325 16331 16322 16326 16325 16324 16330 16325 16324 16325 16323 16329 16327 16328 16323 16328 16328 16326 16328 16327 16326 16326 16328 16332 16325 16321 16322 16330 16330 16328 16326 16328 16324 16327 16322 16327 16327 16325 16325 16327 16328 16325 16324 16319 16326 16330 16322 16327 16326 16325 16327 16324 16324 16323 16327 16325 16327 16327 16327 16331 16325 16327 16328 16323 16322 16327 16328 16325 16327 16328 16324 16330 16326 16322 16326 16324 16325 16325 16328 16327 16330 16329 16320 16326 16320 16325 16329 16324 16321 16324 16322 16323 16321 16324 16320 16324 16327 176 14179 304 13587 
0 16338 16332 16330 16338 16334 16332 16332 16329 16336 16331 16333 16334 16337 16330 16336 16330 16332 16333 16333 16334 16335 16330 16335 16331 16336 16335 16337 16331 16331 16334 16331 16333 16331 16333 16332 16331 16332 16332 16332 16331 16334 16332 16332 16330 16333 16334 16332 16334 16334 16327 16327 16333 16331 16335 16331 16329 16336 16336 16332 16335 16329 16331 16379 16289 16368 16323 16341 16328 16332 16327 16317 16327 16325 16331 16332 16332 16333 16334 16332 16333 16330 16329 16328 16331 16329 16336 16331 16330 16332 16331 16326 16333 16334 16333 16330 16328 16332 16328 16330 16332 16329 16330 16331 16329 16330 16337 16331 16321 16335 16332 16329 16331 16330 16333 16332 16330 16327 16337 16331 16334 16333 16332 16336 16336 16335 16334 16332 16332 16336 16335 16332 16331 16333 16333 16333 16335 16330 16338 16336 16332 16330 16333 16333 16333 16333 16331 16338 16333 16332 16332 16332 16335 16337 16327 16331 16336 16329 16339 16335 16333 16333 16337 16331 16333 16333 16333 16337 16332 16331 16330 16332 16333 16333 16336 16332 16330 16329 16336 16337 16335 16333 16334 16329 16336 16334 16330 16338 16332 16333 16332 16332 16335 16332 16332 16331 16335 16333 16332 16334 16327 16339 16331 16334 16334 16332 16333 16333 16331 16324 16328 16332 16331 16333 16332 16333 16332 16333 16333 16331 16334 16332 16328 16333 16331 16331 16330 16334 16328 16336 16329 16335 16332 16332 16332 16333 16330 16334 16335 16333 16328 16334 16328 16337 16333 16329 16330 16332 16330 16335 16329 16328 16334 16333 16330 16337 16332 16333 182 1074 304 13587 
0 16326 16326 16325 16325 16321 16323 16324 16326 16322 16329 16323 16325 16324 16323 16321 16323 16326 16325 16324 16325 16324 16327 16323 16325 16325 16327 16326 16329 16324 16327 16326 16323 16323 16322 16327 16324 16324 16324 16324 16327 16323 16329 16323 16325 16327 16326 16326 16319 16322 16324 16329 16328 16329 16327 16324 16324 16323 16325 16327 16319 16325 16327 16361 16289 16368 16313 16341 16321 16331 16322 16323 16322 16328 16323 16325 16324 16324 16323 16322 16321 16324 16325 16323 16323 16322 16324 16327 16322 16328 16324 16326 16324 16326 16326 16322 16326 16324 16325 16323 16328 16321 16328 16326 16324 16327 16328 16325 16327 16316 16332 16319 16327 16318 16324 16320 16324 16324 16325 16319 16325 16324 16325 16327 16324 16319 16330 16323 16329 16328 16325 16330 16326 16324 16323 16321 16325 16330 16325 16326 16329 16322 16328 16325 16322 16329 16329 16323 16326 16326 16325 16323 16327 16327 16329 16328 16325 16326 16325 16328 16326 16328 16322 16328 16326 16328 16325 16325 16326 16324 16326 16327 16322 16326 16327 16324 16328 16327 16326 16322 16324 16325 16323 16327 16322 16325 16326 16326 16322 16327 16325 16323 16327 16327 16327 16327 16329 16327 16325 16326 16327 16328 16327 16325 16326 16324 16332 16323 16331 16327 16327 16330 16323 16323 16327 16326 16322 16324 16325 16323 16326 16326 16325 16327 16326 16329 16320 16326 16329 16322 16326 16328 16324 16324 16326 16323 16325 16324 16326 16323 16326 16320 16323 16327 16326 16324 16325 16324 16325 16323 16325 16322 16326 16328 16321 16325 16324 16322 187 439 304 13587 
0 16322 16328 16324 16325 16331 16330 16327 16326 16323 16326 16326 16327 16326 16323 16324 16327 16327 16323 16328 16326 16327 16328 16321 16325 16331 16326 16328 16329 16329 16324 16328 16324 16329 16328 16323 16327 16328 16322 16327 16326 16325 16326 16325 16323 16326 16326 16325 16325 16328 16324 16328 16324 16324 16326 16327 16327 16326 16326 16326 16323 16330 16326 16318 16316 16321 16317 16324 16325 16328 16322 16324 16325 16325 16367 16248 4 16282 16363 16297 16349 16311 16337 16314 16331 16318 16328 16320 16326 16325 16322 16319 16330 16323 16325 16325 16325 16325 16328 16323 16325 16322 16325 16329 16320 16330 16325 16323 16324 16328 16320 16327 16327 16325 16327 16322 16325 16327 16321 16323 16327 16324 16320 16329 16320 16328 16322 16326 16320 16328 16325 16325 16325 16325 16325 16323 16324 16327 16325 16326 16328 16328 16326 16325 16326 16328 16329 16328 16330 16328 16326 16327 16327 16327 16327 16326 16328 16326 16327 16325 16329 16325 16326 16327 16325 16330 16326 16327 16325 16332 16326 16325 16331 16323 16324 16329 16323 16327 16321 16326 16322 16324 16328 16326 16326 16329 16327 16326 16327 16327 16325 16329 16326 16325 16328 16326 16325 16331 16326 16324 16326 16326 16325 16328 16328 16327 16327 16324 16328 16324 16329 16326 16326 16328 16325 16325 16327 16328 16325 16328 16326 16329 16327 16324 16328 16326 16329 16329 16329 16326 16327 16323 16328 16330 16327 16327 16325 16325 16324 16327 16325 16328 16328 16326 16330 16329 16324 16328 16328 16326 16323 16325 16324 16328 16326 16325 16326 16324 191 15684 304 13587 
0 16329 16322 16322 16325 16324 16324 16323 16328 16323 16329 16325 16322 16327 16323 16322 16327 16325 16322 16324 16325 16329 16327 16321 16327 16328 16327 16325 16326 16327 16325 16327 16323 16328 16325 16326 16324 16328 16322 16323 16322 16325 16322 16326 16324 16324 16328 16321 16325 16329 16320 16324 16326 16325 16324 16328 16325 16328 16327 16326 16324 16330 16322 16345 16265 16374 16278 16361 16297 16344 16308 16337 16315 16336 16317 16333 16318 16326 16324 16328 16322 16328 16323 16327 16325 16326 16328 16326 16321 16327 16329 16325 16324 16329 16320 16328 16322 16324 16326 16328 16327 16327 16326 16325 16326 16323 16326 16324 16322 16326 16322 16326 16321 16327 16319 16328 16324 16323 16322 16327 16325 16325 16328 16327 16328 16326 16324 16325 16327 16326 16329 16329 16324 16325 16328 16325 16330 16331 16325 16328 16326 16324 16326 16325 16322 16330 16327 16324 16329 16327 16328 16332 16325 16327 16326 16328 16327 16325 16326 16331 16329 16327 16326 16322 16327 16327 16323 16326 16332 16326 16323 16326 16326 16329 16325 16327 16325 16325 16327 16327 16325 16325 16326 16323 16328 16327 16327 16325 16327 16329 16323 16330 16331 16326 16326 16327 16324 16324 16325 16326 16321 16329 16327 16331 16327 16335 16325 16329 16328 16323 16323 16327 16325 16330 16325 16328 16327 16327 16331 16328 16323 16329 16326 16328 16324 16328 16326 16327 16328 16327 16323 16328 16329 16327 16328 16323 16327 16324 16327 16328 16327 16323 16327 16332 16326 16329 16326 16320 16327 16329 16327 16330 16325 16325 16328 16326 16324 16328 201 8538 304 13587 
0 16332 16327 16332 16327 16327 16325 16328 16326 16332 16333 16328 16329 16330 16331 16327 16330 16332 16327 16326 16326 16329 16329 16330 16331 16330 16327 16327 16329 16330 16327 16327 16329 16329 16329 16327 16326 16329 16330 16329 16327 16335 16329 16327 16334 16326 16329 16326 16324 16331 16329 16331 16332 16331 16326 16332 16329 16326 16331 16327 16327 16331 16325 16377 16247 10 16279 16367 16295 16354 16313 16341 16317 16337 16320 16332 16322 16331 16324 16326 16325 16330 16328 16330 16327 16329 16329 16329 16328 16334 16327 16327 16331 16326 16328 16331 16330 16330 16327 16327 16328 16330 16332 16328 16335 16327 16330 16327 16329 16322 16334 16322 16335 16323 16326 16323 16333 16326 16329 16330 16329 16329 16333 16328 16328 16336 16330 16332 16333 16333 16333 16333 16329 16333 16331 16333 16332 16328 16327 16335 16329 16332 16335 16329 16330 16332 16327 16331 16331 16327 16329 16328 16329 16340 16334 16329 16333 16333 16327 16333 16331 16331 16336 16328 16326 16331 16333 16330 16331 16329 16329 16332 16330 16331 16333 16329 16329 16334 16327 16330 16331 16332 16329 16329 16329 16334 16329 16334 16331 16334 16330 16329 16332 16332 16324 16331 16328 16326 16326 16327 16334 16329 16331 16333 16330 16330 16330 16333 16331 16330 16333 16330 16328 16332 16333 16329 16330 16330 16333 16333 16331 16330 16328 16335 16332 16330 16334 16333 16333 16332 16331 16331 16331 16333 16333 16334 16329 16333 16329 16337 16329 16331 16336 16331 16330 16331 16330 16332 16329 16329 16331 16336 16330 16329 16333 16330 16332 16333 206 8874 304 13587 
0 16328 16326 16324 16326 16325 16330 16327 16330 16328 16327 16327 16325 16330 16326 16327 16328 16327 16332 16325 16330 16327 16326 16329 16327 16323 16327 16327 16323 16332 16320 16326 16328 16326 16328 16329 16324 16330 16327 16322 16332 16327 16327 16327 16328 16325 16328 16324 16327 16328 16326 16324 16329 16328 16328 16327 16326 16327 16329 16329 16341 16320 16320 16347 16308 16340 16309 16334 16317 16333 16320 16327 16316 16329 16320 16324 16325 16327 16321 16326 16327 16331 16326 16327 16329 16323 16327 16331 16323 16329 16327 16326 16326 16326 16325 16329 16330 16326 16326 16327 16324 16328 16327 16324 16328 16328 16319 16336 16322 16327 16326 16321 16320 16329 16322 16327 16328 16326 16326 16323 16332 16328 16322 16330 16330 16331 16329 16326 16331 16334 16331 16329 16329 16329 16331 16329 16327 16330 16325 16327 16330 16326 16329 16327 16329 16328 16328 16329 16326 16328 16328 16328 16330 16331 16332 16331 16337 16320 16331 16324 16327 16327 16325 16333 16327 16327 16327 16323 16328 16329 16326 16325 16328 16329 16328 16328 16328 16330 16328 16330 16331 16325 16331 16329 16326 16326 16327 16326 16325 16328 16330 16332 16325 16327 16332 16324 16330 16327 16327 16332 16329 16328 16331 16329 16326 16328 16328 16329 16330 16328 16324 16324 16328 16328 16328 16326 16327 16324 16328 16327 16324 16324 16330 16323 16324 16325 16326 16330 16328 16327 16329 16329 16329 16328 16326 16326 16327 16324 16328 16328 16326 16327 16323 16325 16327 16331 16328 16321 16323 16326 16326 16326 16329 16330 16328 16329 16327 16327 211 7745 304 13587 
0 16322 16323 16326 16325 16325 16320 16323 16329 16326 16326 16328 16325 16324 16327 16325 16324 16327 16327 16325 16323 16323 16329 16326 16327 16324 16329 16326 16328 16325 16322 16324 16320 16327 16326 16327 16327 16327 16328 16326 16325 16322 16323 16326 16327 16328 16324 16328 16327 16326 16326 16325 16328 16327 16323 16326 16324 16325 16329 16324 16325 16324 16322 16367 16249 8 16273 16365 16295 16347 16307 16338 16316 16331 16316 16327 16322 16327 16325 16324 16324 16325 16319 16328 16322 16328 16323 16326 16324 16329 16325 16324 16323 16324 16323 16322 16326 16326 16325 16319 16324 16323 16323 16324 16323 16324 16323 16326 16323 16323 16319 16329 16318 16329 16320 16324 16319 16330 16326 16324 16326 16327 16328 16324 16326 16323 16326 16327 16329 16326 16324 16325 16327 16324 16327 16330 16325 16325 16328 16324 16327 16328 16325 16324 16329 16324 16329 16326 16327 16322 16325 16323 16323 16327 16321 16329 16327 16328 16325 16327 16327 16324 16328 16326 16327 16323 16325 16322 16327 16327 16328 16327 16326 16323 16327 16328 16325 16327 16325 16328 16327 16326 16327 16327 16326 16325 16324 16324 16327 16328 16323 16322 16332 16328 16329 16327 16327 16327 16326 16324 16327 16324 16326 16326 16325 16328 16323 16331 16322 16327 16328 16323 16326 16327 16325 16328 16325 16326 16328 16326 16326 16323 16324 16328 16328 16327 16326 16327 16328 16326 16326 16324 16328 16326 16326 16328 16329 16324 16332 16327 16324 16327 16323 16325 16326 16325 16323 16323 16322 16327 16327 16326 16324 16328 16327 16327 16324 16324 216 5631 304 13587 
0 16326 16323 16325 16322 16328 16325 16325 16324 16325 16323 16325 16327 16325 16324 16327 16324 16325 16322 16326 16324 16330 16329 16326 16326 16319 16326 16327 16328 16324 16326 16328 16327 16328 16324 16325 16325 16323 16325 16324 16326 16326 16326 16323 16329 16324 16325 16327 16321 16327 16326 16324 16325 16330 16328 16328 16325 16324 16328 16330 16324 16325 16331 16321 16315 16342 16307 16341 16312 16336 16313 16329 16319 16330 16320 16328 16319 16322 16322 16325 16324 16327 16322 16325 16326 16324 16321 16326 16325 16323 16325 16324 16323 16329 16322 16325 16322 16323 16328 16328 16324 16324 16326 16328 16326 16327 16327 16325 16329 16327 16326 16317 16333 16319 16329 16322 16324 16320 16324 16326 16326 16325 16329 16331 16324 16332 16324 16326 16326 16326 16326 16326 16328 16328 16328 16324 16326 16326 16324 16325 16326 16326 16323 16322 16327 16327 16324 16322 16325 16325 16321 16322 16323 16326 16329 16327 16328 16327 16328 16330 16327 16327 16322 16332 16324 16329 16330 16329 16325 16329 16324 16327 16328 16324 16324 16324 16325 16332 16329 16326 16327 16331 16320 16322 16324 16325 16323 16327 16325 16328 16327 16328 16327 16324 16326 16325 16329 16326 16322 16326 16328 16323 16323 16324 16327 16323 16321 16327 16324 16327 16325 16323 16329 16331 16328 16327 16325 16326 16328 16323 16324 16325 16323 16328 16324 16326 16326 16324 16326 16326 16330 16327 16323 16323 16329 16326 16323 16328 16327 16327 16326 16327 16323 16327 16326 16327 16327 16329 16325 16322 16323 16323 16327 16330 16325 16324 16320 16328 221 6950 304 13587 
0 16323 16323 16325 16322 16328 16328 16323 16327 16329 16324 16324 16327 16323 16324 16325 16323 16324 16326 16320 16329 16328 16329 16326 16327 16323 16330 16325 16327 16328 16329 16325 16326 16319 16329 16327 16322 16324 16323 16323 16326 16328 16324 16327 16324 16326 16328 16328 16325 16325 16325 16325 16325 16325 16326 16327 16322 16325 16326 16328 16324 16323 16326 16375 16247 12 16280 16360 16295 16347 16307 16338 16314 16331 16315 16329 16321 16325 16323 16329 16325 16329 16320 16323 16327 16324 16323 16324 16324 16329 16325 16326 16326 16325 16327 16326 16326 16323 16328 16325 16322 16327 16323 16328 16323 16328 16326 16325 16325 16322 16326 16318 16325 16318 16327 16321 16324 16329 16325 16328 16325 16327 16324 16325 16325 16326 16328 16325 16328 16329 16331 16327 16327 16328 16326 16326 16327 16322 16325 16327 16325 16326 16324 16325 16327 16326 16328 16326 16325 16324 16332 16322 16326 16326 16330 16326 16330 16325 16324 16326 16328 16326 16327 16324 16329 16330 16328 16324 16326 16329 16323 16324 16328 16325 16325 16324 16328 16328 16324 16326 16327 16324 16329 16325 16328 16326 16323 16325 16329 16324 16324 16326 16325 16328 16329 16324 16327 16328 16327 16324 16327 16321 16330 16325 16328 16322 16324 16327 16323 16327 16326 16328 16324 16326 16326 16325 16327 16325 16323 16327 16328 16325 16327 16323 16326 16322 16327 16322 16327 16329 16325 16325 16327 16327 16325 16328 16323 16322 16330 16325 16327 16322 16323 16324 16325 16324 16325 16326 16324 16325 16322 16329 16327 16323 16327 16328 16326 16325 230 10793 304 13587 
0 16326 16327 16330 16325 16323 16326 16326 16321 16327 16322 16329 16325 16326 16324 16321 16328 16327 16326 16324 16323 16326 16324 16328 16325 16325 16327 16324 16329 16327 16327 16327 16328 16325 16328 16329 16323 16328 16326 16323 16328 16327 16327 16329 16328 16324 16325 16324 16326 16326 16327 16326 16327 16327 16327 16327 16326 16325 16324 16328 16325 16325 16326 16343 16282 16363 16290 16354 16302 16343 16309 16338 16315 16331 16321 16330 16317 16331 16319 16328 16325 16327 16322 16326 16326 16327 16328 16326 16324 16327 16324 16328 16326 16327 16324 16329 16326 16325 16326 16326 16323 16323 16327 16323 16325 16326 16327 16322 16323 16325 16328 16320 16329 16323 16329 16321 16327 16323 16328 16326 16323 16329 16326 16327 16327 16327 16329 16327 16330 16327 16325 16325 16327 16323 16330 16328 16327 16326 16327 16332 16330 16326 16328 16328 16323 16324 16325 16326 16326 16327 16326 16328 16325 16329 16329 16322 16329 16326 16326 16326 16325 16328 16326 16327 16326 16326 16329 16329 16327 16328 16326 16324 16326 16328 16329 16328 16323 16328 16331 16326 16325 16326 16325 16327 16324 16328 16321 16329 16329 16323 16330 16326 16325 16325 16326 16329 16327 16326 16325 16328 16327 16327 16324 16329 16328 16323 16327 16332 16324 16327 16328 16325 16329 16324 16328 16326 16322 16327 16328 16324 16321 16328 16324 16327 16325 16330 16328 16324 16328 16328 16328 16328 16329 16327 16327 16327 16324 16327 16326 16324 16323 16321 16324 16328 16324 16329 16323 16328 16325 16326 16326 16326 16329 16325 16327 16322 16328 16326 235 12114 304 13587 
0 16323 16330 16328 16323 16324 16327 16328 16328 16327 16326 16325 16326 16323 16320 16321 16325 16327 16327 16327 16327 16324 16328 16324 16328 16325 16329 16323 16326 16328 16329 16324 16326 16327 16327 16328 16325 16328 16327 16325 16324 16327 16325 16325 16326 16329 16325 16325 16328 16326 16328 16329 16330 16324 16328 16327 16324 16327 16328 16326 16327 16326 16332 16339 16283 16360 16290 16352 16301 16342 16311 16334 16315 16334 16318 16331 16322 16324 16324 16327 16322 16327 16324 16326 16323 16328 16326 16326 16324 16322 16325 16327 16327 16325 16327 16326 16325 16327 16325 16326 16322 16331 16326 16323 16325 16330 16330 16323 16328 16321 16332 16321 16328 16321 16321 16327 16332 16323 16323 16324 16322 16323 16324 16328 16324 16327 16328 16326 16324 16328 16332 16329 16328 16325 16326 16327 16326 16326 16323 16325 16328 16326 16327 16326 16322 16324 16324 16323 16325 16327 16326 16328 16326 16331 16330 16326 16329 16325 16325 16328 16329 16328 16331 16324 16328 16326 16326 16331 16326 16324 16326 16326 16324 16326 16324 16327 16327 16326 16324 16324 16327 16329 16326 16328 16324 16326 16324 16328 16325 16319 16326 16324 16325 16328 16324 16327 16326 16322 16325 16326 16325 16326 16327 16328 16324 16325 16325 16323 16323 16329 16327 16323 16327 16327 16324 16324 16321 16327 16325 16327 16327 16328 16331 16331 16329 16324 16328 16323 16328 16327 16323 16329 16325 16322 16327 16326 16323 16324 16329 16324 16328 16325 16328 16326 16324 16326 16323 16323 16327 16324 16321 16325 16325 16326 16327 16329 16323 16329 240 10985 304 13587 
0 16329 16328 16327 16325 16329 16331 16334 16329 16329 16330 16329 16330 16337 16331 16327 16331 16330 16332 16329 16345 16333 16338 16333 16331 16330 16330 16331 16329 16331 16331 16332 16327 16330 16329 16332 16331 16333 16334 16332 16335 16331 16331 16331 16332 16332 16332 16330 16337 16329 16327 16327 16331 16331 16333 16330 16331 16333 16330 16330 16337 16329 16330 16375 16266 8 16300 16360 16312 16342 16323 16339 16323 16334 16323 16330 16324 16328 16329 16329 16328 16329 16329 16330 16334 16332 16325 16329 16329 16328 16335 16330 16330 16329 16328 16334 16332 16329 16331 16331 16327 16332 16329 16332 16331 16327 16329 16330 16328 16330 16329 16326 16330 16333 16329 16334 16326 16330 16331 16329 16330 16329 16334 16328 16335 16328 16328 16331 16335 16336 16333 16331 16333 16334 16336 16332 16331 16331 16334 16333 16331 16333 16332 16332 16331 16331 16329 16331 16330 16333 16335 16329 16334 16334 16330 16331 16332 16334 16335 16333 16337 16332 16331 16334 16332 16335 16334 16332 16335 16330 16332 16333 16333 16330 16335 16327 16332 16333 16329 16333 16332 16330 16332 16332 16329 16337 16334 16332 16331 16330 16331 16331 16329 16333 16333 16329 16332 16336 16334 16331 16333 16340 16331 16334 16334 16332 16334 16330 16327 16333 16333 16334 16332 16334 16333 16333 16330 16331 16331 16335 16333 16330 16332 16332 16334 16333 16331 16331 16335 16332 16333 16330 16332 16336 16332 16330 16331 16330 16334 16332 16329 16332 16332 16330 16329 16332 16330 16332 16330 16331 16331 16330 16329 16332 16328 16332 16331 16327 245 9365 304 13587 
0 16329 16329 16330 16333 16331 16333 16326 16332 16329 16331 16329 16331 16329 16327 16331 16332 16329 16331 16328 16329 16325 16329 16333 16333 16334 16332 16325 16331 16331 16332 16332 16332 16332 16331 16328 16328 16327 16325 16327 16328 16327 16328 16329 16326 16328 16329 16328 16332 16329 16326 16331 16330 16332 16331 16328 16324 16328 16329 16329 16326 16329 16324 16373 16244 18 16276 16365 16296 16349 16311 16341 16317 16339 16321 16332 16322 16334 16325 16327 16323 16329 16322 16325 16329 16328 16332 16327 16325 16328 16329 16325 16330 16328 16330 16330 16327 16330 16324 16327 16324 16330 16327 16327 16330 16325 16330 16317 16333 16326 16327 16323 16322 16328 16333 16325 16329 16327 16329 16327 16331 16333 16335 16332 16334 16331 16330 16328 16333 16331 16331 16325 16332 16333 16332 16330 16331 16333 16332 16332 16333 16333 16330 16329 16337 16331 16327 16330 16330 16330 16331 16332 16336 16333 16331 16330 16330 16330 16333 16333 16331 16332 16331 16331 16329 16330 16332 16333 16332 16329 16333 16331 16333 16329 16331 16330 16335 16330 16334 16333 16329 16330 16334 16331 16326 16332 16331 16333 16333 16331 16327 16332 16330 16329 16335 16333 16327 16331 16335 16329 16331 16336 16330 16335 16332 16330 16333 16330 16331 16327 16336 16328 16329 16329 16332 16331 16329 16328 16329 16329 16329 16333 16333 16329 16331 16327 16330 16332 16329 16330 16331 16326 16331 16332 16332 16329 16330 16329 16327 16330 16332 16327 16330 16329 16330 16329 16332 16329 16328 16326 16328 16330 16328 16331 16333 16328 16330 16329 250 7259 304 13587 
0 16330 16326 16327 16330 16330 16328 16322 16324 16325 16327 16328 16325 16329 16326 16325 16322 16327 16324 16326 16327 16327 16323 16326 16326 16328 16323 16328 16327 16329 16322 16328 16329 16329 16328 16326 16325 16327 16327 16327 16327 16326 16328 16326 16327 16326 16325 16328 16327 16323 16327 16328 16324 16325 16330 16325 16325 16324 16327 16323 16328 16324 16323 16370 16246 9 16275 16366 16295 16352 16307 16338 16316 16333 16318 16331 16319 16329 16320 16327 16323 16321 16325 16329 16320 16325 16326 16321 16328 16323 16325 16329 16322 16325 16328 16328 16323 16326 16319 16326 16325 16326 16326 16327 16325 16327 16327 16320 16325 16321 16317 16333 16322 16325 16324 16321 16324 16333 16320 16326 16322 16323 16323 16324 16325 16324 16324 16326 16327 16327 16324 16330 16324 16328 16329 16331 16326 16327 16329 16328 16328 16325 16321 16323 16323 16324 16325 16323 16324 16331 16325 16325 16327 16323 16324 16328 16329 16325 16326 16322 16326 16325 16324 16325 16326 16325 16329 16327 16325 16328 16325 16328 16328 16325 16331 16325 16325 16331 16323 16327 16330 16325 16328 16321 16325 16325 16327 16327 16326 16326 16325 16324 16327 16323 16325 16325 16323 16326 16329 16323 16326 16326 16327 16326 16329 16323 16317 16307 16321 16323 16328 16325 16327 16323 16328 16323 16324 16324 16326 16326 16327 16325 16324 16323 16326 16325 16326 16327 16321 16324 16328 16327 16327 16325 16327 16328 16331 16327 16323 16327 16327 16327 16324 16323 16326 16331 16329 16323 16327 16326 16325 16326 16326 16324 16323 16329 16326 16326 259 15997 304 13587 
0 16326 16324 16325 16327 16325 16324 16328 16325 16325 16327 16326 16327 16326 16328 16327 16327 16326 16327 16322 16324 16322 16324 16331 16328 16329 16325 16325 16321 16329 16324 16327 16323 16325 16322 16325 16328 16323 16324 16323 16323 16327 16325 16327 16327 16330 16324 16320 16329 16322 16328 16329 16327 16327 16322 16367 16250 6 16276 16362 16293 16352 16312 16341 16315 16333 16312 16332 16317 16325 16321 16327 16321 16327 16324 16329 16323 16323 16324 16325 16324 16326 16326 16326 16325 16320 16328 16328 16322 16325 16325 16326 16321 16328 16326 16323 16324 16324 16328 16324 16324 16319 16329 16320 16325 16319 16324 16322 16329 16321 16323 16326 16324 16330 16324 16325 16329 16328 16320 16320 16327 16329 16329 16329 16331 16326 16328 16326 16325 16327 16326 16328 16327 16331 16328 16328 16329 16324 16328 16328 16326 16325 16329 16322 16328 16324 16330 16324 16324 16325 16330 16324 16325 16327 16327 16324 16329 16328 16326 16324 16328 16321 16328 16327 16324 16328 16328 16324 16326 16328 16320 16324 16325 16327 16330 16326 16325 16329 16322 16330 16328 16323 16328 16327 16325 16324 16325 16325 16327 16324 16327 16328 16327 16326 16331 16325 16323 16329 16327 16326 16326 16328 16322 16329 16325 16326 16330 16327 16327 16325 16323 16326 16329 16327 16328 16327 16327 16323 16327 16328 16326 16325 16327 16326 16328 16328 16328 16325 16327 16329 16323 16326 16326 16328 16326 16324 16326 16325 16321 16325 16327 16325 16329 16326 16325 16323 16327 16324 16327 16328 16324 16328 16329 16327 16327 16325 16326 16322 265 1921 304 13587 
0 16324 16324 16324 16323 16325 16328 16323 16321 16326 16323 16324 16324 16323 16325 16325 16326 16326 16326 16325 16327 16323 16325 16325 16326 16326 16326 16325 16324 16327 16323 16326 16324 16326 16325 16325 16325 16322 16324 16323 16325 16326 16325 16325 16325 16323 16325 16322 16326 16327 16324 16326 16328 16326 16324 16324 16329 16325 16324 16327 16322 16326 16325 16371 16245 7 16283 16362 16297 16347 16310 16335 16316 16328 16317 16329 16320 16328 16321 16325 16326 16323 16322 16324 16324 16328 16328 16323 16326 16325 16319 16327 16321 16325 16323 16323 16324 16327 16323 16330 16329 16322 16321 16331 16322 16322 16324 16320 16322 16324 16317 16331 16319 16325 16324 16328 16320 16332 16324 16320 16324 16322 16324 16327 16325 16327 16321 16325 16328 16326 16325 16326 16325 16330 16324 16324 16325 16326 16328 16327 16325 16324 16319 16324 16326 16323 16325 16325 16325 16329 16329 16329 16330 16328 16325 16327 16326 16325 16329 16327 16325 16326 16326 16325 16326 16323 16329 16326 16326 16327 16325 16324 16329 16327 16324 16329 16322 16322 16325 16327 16322 16325 16323 16326 16329 16327 16331 16327 16324 16325 16325 16322 16331 16325 16323 16327 16326 16327 16327 16322 16325 16327 16326 16324 16326 16327 16329 16327 16328 16323 16325 16324 16326 16330 16324 16323 16325 16324 16324 16330 16323 16328 16326 16322 16325 16322 16323 16327 16327 16325 16325 16327 16327 16327 16324 16325 16325 16325 16328 16325 16324 16327 16329 16329 16326 16325 16321 16328 16326 16326 16324 16328 16321 16325 16323 16326 16323 16327 270 1274 304 13587 
0 16326 16327 16327 16323 16326 16328 16327 16327 16322 16326 16327 16325 16325 16326 16325 16323 16326 16328 16325 16327 16323 16326 16327 16321 16330 16328 16323 16329 16323 16324 16322 16327 16327 16324 16325 16324 16328 16327 16325 16325 16322 16329 16327 16325 16327 16328 16323 16324 16327 16327 16326 16325 16322 16326 16324 16326 16326 16323 16326 16327 16326 16322 16372 16280 16353 16318 16328 16325 16324 16324 16320 16325 16323 16324 16321 16326 16319 16322 16321 16323 16321 16322 16323 16327 16327 16329 16328 16326 16325 16326 16324 16325 16325 16319 16328 16324 16319 16324 16323 16325 16324 16322 16325 16323 16323 16324 16326 16319 16319 16324 16321 16326 16322 16324 16330 16325 16324 16324 16323 16326 16326 16327 16326 16322 16327 16320 16331 16329 16330 16327 16325 16331 16328 16323 16326 16324 16328 16327 16327 16326 16326 16329 16328 16329 16329 16329 16328 16322 16328 16327 16326 16328 16323 16323 16328 16326 16327 16326 16326 16325 16326 16324 16324 16327 16326 16331 16327 16329 16322 16333 16328 16328 16323 16327 16312 16324 16325 16326 16326 16329 16327 16330 16328 16325 16326 16328 16324 16325 16324 16329 16329 16332 16319 16328 16327 16327 16326 16328 16322 16323 16325 16328 16326 16324 16327 16327 16329 16327 16326 16328 16326 16327 16324 16329 16327 16326 16327 16323 16325 16328 16326 16327 16331 16327 16325 16323 16325 16328 16327 16327 16322 16325 16324 16323 16326 16326 16327 16329 16324 16324 16327 16324 16326 16322 16325 16326 16325 16326 16320 16326 16326 16330 16325 16323 16327 16327 16323 274 16037 304 13587 
0 16326 16327 16323 16324 16323 16324 16321 16321 16324 16326 16323 16327 16325 16323 16330 16328 16325 16326 16327 16322 16325 16324 16325 16328 16323 16328 16324 16323 16321 16329 16323 16324 16327 16324 16326 16325 16324 16323 16326 16327 16326 16324 16328 16327 16324 16321 16328 16323 16322 16327 16328 16325 16325 16326 16324 16324 16327 16327 16320 16328 16330 16325 16381 16264 16365 16310 16337 16316 16331 16324 16332 16324 16320 16322 16320 16323 16322 16322 16322 16325 16327 16322 16322 16325 16325 16323 16329 16324 16328 16323 16321 16326 16324 16326 16326 16327 16320 16324 16322 16323 16326 16326 16325 16325 16323 16320 16323 16325 16322 16326 16324 16325 16325 16327 16327 16328 16323 16326 16326 16327 16327 16326 16323 16326 16323 16329 16329 16329 16326 16328 16328 16324 16328 16325 16328 16326 16326 16327 16325 16328 16326 16329 16327 16329 16327 16322 16326 16325 16326 16324 16324 16329 16328 16325 16327 16327 16325 16323 16330 16326 16327 16326 16329 16323 16327 16328 16324 16327 16325 16330 16324 16326 16323 16329 16332 16329 16325 16325 16325 16327 16322 16327 16328 16326 16329 16323 16326 16330 16327 16326 16327 16325 16326 16322 16323 16330 16327 16325 16323 16327 16327 16325 16327 16318 16316 16325 16325 16325 16328 16326 16326 16326 16326 16327 16327 16329 16323 16327 16324 16326 16329 16326 16323 16328 16326 16326 16326 16327 16325 16328 16326 16325 16326 16326 16326 16325 16325 16324 16324 16327 16327 16326 16322 16324 16326 16321 16325 16324 16323 16326 16325 16324 16324 16326 16325 16333 16324 279 14419 304 13587 
0 16332 16328 16330 16334 16330 16332 16333 16329 16331 16334 16327 16328 16328 16329 16330 16331 16328 16332 16328 16332 16329 16331 16329 16332 16332 16330 16329 16330 16327 16331 16332 16328 16331 16333 16333 16332 16331 16332 16332 16333 16329 16330 16329 16326 16330 16326 16328 16333 16329 16333 16330 16329 16332 16326 16333 16329 16329 16329 16333 16330 16326 16331 16358 16252 12 16275 16370 16294 16352 16311 16348 16315 16339 16318 16330 16325 16330 16325 16332 16331 16330 16328 16332 16332 16329 16333 16328 16329 16331 16328 16328 16326 16330 16329 16327 16330 16329 16331 16329 16330 16326 16329 16327 16326 16331 16330 16320 16334 16322 16332 16326 16327 16325 16333 16327 16328 16330 16324 16327 16328 16328 16329 16332 16335 16333 16333 16332 16330 16329 16330 16332 16333 16328 16329 16326 16330 16330 16329 16334 16328 16328 16327 16334 16328 16330 16330 16331 16332 16330 16332 16329 16332 16329 16332 16333 16333 16329 16332 16329 16333 16329 16332 16331 16330 16333 16330 16330 16332 16330 16330 16333 16330 16333 16332 16332 16329 16329 16332 16337 16331 16328 16328 16329 16333 16331 16327 16329 16334 16333 16336 16333 16327 16330 16332 16329 16329 16331 16331 16330 16335 16331 16329 16332 16332 16330 16332 16329 16331 16332 16328 16328 16335 16331 16329 16330 16334 16328 16332 16331 16328 16331 16329 16329 16330 16333 16330 16332 16328 16328 16331 16327 16327 16330 16331 16330 16333 16329 16330 16331 16329 16333 16332 16330 16331 16333 16329 16328 16330 16326 16334 16330 16330 16329 16325 16330 16334 16325 289 7261 304 13587 
0 16326 16329 16328 16326 16327 16323 16324 16327 16327 16326 16323 16323 16327 16327 16322 16327 16326 16324 16326 16327 16324 16321 16325 16327 16327 16326 16327 16323 16328 16322 16327 16327 16325 16326 16326 16326 16327 16325 16324 16328 16323 16327 16326 16323 16327 16327 16325 16329 16325 16324 16328 16329 16324 16326 16323 16330 16331 16323 16328 16328 16326 16327 16374 16265 16371 16301 16345 16313 16338 16318 16332 16323 16325 16325 16322 16323 16326 16323 16328 16326 16324 16324 16322 16320 16329 16325 16324 16329 16329 16324 16322 16324 16325 16323 16318 16326 16327 16321 16326 16325 16323 16327 16327 16324 16327 16323 16324 16322 16324 16323 16323 16328 16321 16325 16323 16328 16331 16325 16321 16324 16328 16326 16323 16329 16328 16330 16323 16325 16328 16330 16326 16327 16324 16327 16329 16327 16325 16329 16329 16326 16327 16329 16325 16326 16328 16327 16327 16327 16325 16326 16328 16328 16325 16328 16323 16326 16325 16328 16330 16327 16328 16328 16327 16329 16327 16328 16329 16327 16323 16326 16328 16326 16326 16329 16322 16328 16324 16324 16325 16329 16323 16327 16324 16323 16324 16329 16325 16324 16325 16326 16325 16327 16326 16327 16326 16327 16322 16329 16328 16334 16326 16329 16329 16323 16327 16327 16326 16325 16326 16325 16329 16329 16328 16330 16329 16329 16327 16325 16327 16327 16329 16325 16324 16323 16329 16323 16327 16325 16326 16325 16325 16324 16328 16322 16321 16326 16325 16328 16321 16326 16327 16325 16322 16326 16328 16326 16326 16325 16324 16326 16322 16324 16327 16327 16324 16329 16324 294 8087 304 13587 
0 16325 16327 16326 16324 16324 16327 16328 16327 16324 16324 16326 16326 16325 16324 16324 16329 16325 16323 16328 16323 16328 16325 16325 16330 16328 16322 16327 16328 16325 16327 16321 16325 16325 16327 16323 16326 16326 16329 16326 16325 16327 16326 16322 16326 16324 16326 16327 16329 16328 16324 16323 16325 16327 16326 16324 16327 16326 16327 16324 16323 16321 16327 16377 16261 16383 16295 16349 16310 16337 16317 16329 16321 16327 16323 16327 16322 16322 16327 16328 16320 16328 16315 16324 16328 16321 16325 16327 16323 16324 16325 16325 16324 16323 16325 16325 16324 16324 16323 16324 16327 16327 16325 16325 16327 16324 16325 16324 16319 16321 16323 16326 16320 16325 16323 16329 16323 16327 16324 16328 16328 16323 16329 16329 16323 16327 16323 16325 16324 16327 16327 16327 16324 16325 16327 16329 16326 16325 16324 16325 16326 16323 16324 16324 16328 16324 16321 16325 16327 16326 16324 16323 16324 16333 16325 16329 16326 16325 16324 16325 16322 16327 16327 16328 16327 16325 16324 16327 16328 16326 16326 16326 16327 16327 16327 16325 16329 16326 16322 16329 16324 16327 16327 16327 16327 16324 16328 16323 16328 16321 16325 16327 16324 16323 16324 16324 16327 16321 16324 16325 16328 16327 16325 16323 16324 16332 16326 16328 16325 16325 16328 16324 16325 16329 16325 16324 16327 16324 16325 16325 16323 16325 16325 16330 16325 16328 16323 16324 16326 16324 16327 16322 16327 16324 16324 16323 16327 16329 16325 16323 16327 16326 16327 16323 16325 16328 16325 16324 16321 16330 16324 16322 16322 16323 16325 16327 16323 16326 299 6959 304 13587 
0 16324 16327 16326 16330 16327 16327 16326 16325 16322 16332 16322 16329 16330 16327 16325 16325 16324 16325 16325 16327 16322 16327 16324 16324 16326 16328 16327 16326 16323 16326 16323 16325 16325 16327 16324 16326 16324 16325 16326 16323 16325 16323 16323 16324 16326 16328 16322 16327 16324 16325 16329 16324 16327 16327 16323 16332 16325 16325 16328 16321 16322 16326 16375 16268 16370 16312 16336 16325 16326 16319 16325 16322 16323 16323 16318 16325 16319 16322 16322 16323 16321 16323 16323 16324 16327 16321 16324 16328 16322 16328 16326 16322 16323 16327 16320 16323 16323 16327 16322 16323 16322 16327 16324 16325 16322 16320 16326 16322 16327 16322 16324 16320 16325 16326 16325 16326 16325 16327 16321 16325 16327 16326 16330 16327 16329 16328 16329 16327 16322 16329 16325 16328 16326 16330 16326 16327 16323 16327 16327 16328 16325 16329 16325 16327 16326 16326 16328 16325 16329 16327 16324 16323 16325 16325 16323 16328 16324 16331 16331 16327 16328 16322 16324 16326 16326 16327 16327 16329 16325 16331 16323 16325 16326 16326 16326 16325 16326 16327 16325 16328 16326 16328 16328 16328 16327 16330 16327 16325 16324 16324 16327 16326 16322 16328 16326 16326 16330 16325 16324 16324 16324 16321 16324 16326 16328 16325 16328 16326 16329 16326 16322 16326 16329 16328 16331 16324 16321 16325 16327 16322 16327 16327 16322 16325 16328 16326 16324 16324 16326 16327 16325 16324 16324 16324 16329 16327 16323 16326 16324 16327 16323 16327 16326 16328 16326 16326 16327 16324 16324 16328 16324 16324 16323 16326 16325 16325 16324 304 9257 304 13587 
0 16325 16328 16327 16329 16330 16328 16328 16323 16326 16325 16327 16326 16327 16327 16328 16327 16328 16328 16323 16327 16328 16325 16325 16325 16324 16330 16325 16331 16324 16326 16328 16324 16325 16328 16322 16329 16328 16328 16320 16330 16329 16327 16325 16326 16327 16323 16326 16326 16325 16324 16329 16324 16325 16327 16320 16324 16327 16321 16327 16327 16325 16327 16378 16263 16376 16305 16346 16316 16331 16322 16332 16324 16327 16322 16322 16327 16323 16325 16325 16320 16328 16322 16323 16328 16325 16324 16330 16328 16323 16326 16325 16323 16320 16325 16326 16322 16324 16325 16325 16329 16327 16321 16329 16322 16313 16333 16319 16328 16324 16323 16319 16325 16326 16331 16323 16324 16329 16324 16325 16329 16325 16328 16326 16327 16326 16331 16326 16327 16325 16328 16326 16327 16328 16326 16325 16324 16324 16326 16322 16327 16328 16329 16321 16325 16325 16331 16326 16329 16328 16324 16328 16334 16323 16326 16327 16325 16329 16329 16325 16329 16326 16329 16326 16327 16323 16329 16327 16325 16325 16326 16324 16325 16326 16325 16329 16328 16329 16327 16326 16330 16330 16326 16326 16326 16327 16327 16326 16324 16330 16325 16324 16326 16326 16325 16328 16329 16326 16328 16325 16326 16329 16323 16325 16327 16324 16330 16331 16331 16329 16331 16325 16328 16327 16328 16325 16326 16328 16327 16326 16322 16329 16329 16326 16327 16327 16326 16323 16326 16324 16321 16329 16326 16324 16325 16328 16328 16331 16324 16326 16328 16326 16326 16326 16324 16323 16325 16328 16325 16324 16328 16330 16328 16327 16332 16326 16322 16325 4 9154 304 14614 
0 16330 16332 16330 16328 16328 16333 16327 16330 16329 16330 16326 16328 16328 16327 16327 16329 16327 16331 16330 16331 16333 16332 16330 16328 16328 16329 16324 16330 16331 16330 16329 16328 16329 16330 16330 16331 16329 16328 16324 16333 16326 16328 16332 16326 16331 16331 16327 16329 16329 16327 16330 16331 16325 16330 16327 16326 16332 16328 16328 16331 16330 16329 16353 16262 16383 16284 16365 16301 16352 16311 16344 16321 16337 16321 16333 16323 16331 16329 16329 16326 16331 16326 16329 16330 16336 16338 16329 16327 16327 16328 16326 16325 16325 16331 16329 16331 16329 16328 16331 16328 16329 16327 16328 16325 16333 16329 16329 16332 16327 16333 16329 16328 16329 16326 16332 16326 16325 16328 16328 16330 16326 16331 16329 16330 16333 16331 16331 16334 16326 16331 16337 16326 16331 16330 16330 16331 16332 16328 16328 16335 16329 16331 16330 16328 16330 16329 16328 16329 16328 16328 16331 16327 16330 16329 16332 16327 16331 16327 16333 16331 16328 16332 16330 16332 16330 16333 16328 16328 16328 16330 16331 16329 16330 16326 16333 16330 16328 16328 16330 16329 16330 16327 16330 16334 16329 16330 16329 16328 16329 16331 16327 16333 16331 16330 16331 16327 16326 16331 16329 16327 16329 16325 16329 16329 16330 16334 16330 16331 16330 16329 16328 16329 16327 16333 16331 16327 16327 16331 16327 16330 16330 16325 16329 16329 16329 16332 16326 16333 16331 16330 16328 16331 16325 16330 16330 16328 16328 16331 16327 16329 16330 16327 16327 16333 16327 16332 16331 16326 16328 16331 16328 16332 16329 16329 16327 16328 16328 14 2490 304 14614 
0 16326 16322 16327 16326 16324 16323 16326 16327 16327 16327 16323 16326 16325 16323 16325 16325 16322 16324 16328 16327 16323 16325 16327 16326 16324 16327 16329 16322 16322 16324 16325 16326 16323 16326 16321 16328 16327 16328 16327 16325 16327 16327 16327 16324 16326 16327 16328 16323 16325 16327 16324 16328 16326 16324 16325 16325 16327 16325 16325 16327 16324 16329 16343 16266 16379 16277 16361 16292 16348 16308 16338 16313 16333 16318 16329 16321 16325 16321 16326 16324 16327 16321 16327 16326 16322 16331 16326 16325 16320 16325 16324 16326 16324 16325 16321 16322 16327 16320 16325 16328 16324 16328 16325 16326 16323 16326 16320 16327 16321 16325 16322 16324 16324 16322 16324 16325 16324 16327 16322 16326 16324 16324 16328 16326 16324 16328 16322 16329 16328 16328 16327 16326 16325 16328 16326 16327 16331 16331 16323 16325 16326 16322 16328 16327 16321 16329 16329 16325 16331 16326 16326 16327 16325 16324 16326 16326 16328 16325 16327 16328 16322 16325 16326 16328 16323 16329 16327 16328 16326 16327 16325 16329 16324 16326 16325 16327 16325 16325 16329 16320 16329 16326 16327 16327 16331 16325 16323 16324 16327 16323 16327 16325 16326 16327 16326 16328 16326 16329 16326 16324 16327 16326 16324 16325 16328 16327 16329 16325 16326 16329 16323 16326 16325 16328 16325 16323 16324 16324 16329 16321 16326 16324 16328 16324 16324 16325 16326 16324 16321 16323 16324 16326 16323 16323 16321 16326 16322 16323 16321 16327 16324 16321 16322 16326 16325 16325 16324 16325 16325 16327 16325 16327 16326 16325 16326 16323 16324 19 4302 304 14614 
0 16324 16325 16328 16327 16321 16325 16324 16324 16328 16325 16325 16324 16327 16322 16322 16327 16328 16328 16323 16324 16327 16323 16326 16327 16324 16326 16326 16325 16324 16328 16324 16326 16329 16324 16326 16321 16326 16324 16324 16328 16329 16324 16329 16326 16325 16325 16327 16325 16325 16326 16322 16329 16323 16326 16331 16325 16326 16324 16324 16323 16328 16323 16326 16313 16323 16324 16327 16326 16329 16324 16326 16326 16328 16323 16323 16330 16326 16329 16325 16324 16320 16323 16323 16323 16331 16326 16326 16325 16326 16328 16325 16326 16335 16329 16292 16361 16294 16350 16305 16343 16306 16339 16317 16331 16320 16330 16319 16324 16322 16326 16323 16328 16324 16328 16325 16327 16327 16324 16323 16328 16327 16325 16324 16322 16324 16327 16325 16324 16326 16323 16325 16327 16326 16326 16322 16322 16326 16326 16317 16334 16318 16329 16321 16325 16320 16321 16324 16324 16325 16326 16328 16331 16327 16327 16323 16327 16329 16325 16328 16327 16328 16329 16327 16331 16325 16324 16328 16327 16328 16329 16326 16323 16328 16328 16324 16324 16332 16325 16328 16329 16325 16322 16326 16323 16329 16328 16324 16325 16326 16327 16326 16328 16328 16328 16325 16325 16326 16322 16325 16330 16325 16327 16327 16329 16325 16324 16326 16327 16326 16322 16331 16331 16326 16329 16324 16326 16328 16327 16328 16328 16326 16324 16328 16327 16327 16327 16324 16327 16326 16325 16328 16327 16327 16325 16329 16329 16326 16329 16330 16328 16326 16325 16324 16325 16326 16328 16327 16327 16322 16326 16322 16326 16325 16320 16328 16326 16325 25 1937 304 14614 
0 16333 16331 16334 16333 16331 16331 16337 16331 16332 16334 16332 16335 16335 16330 16333 16334 16332 16336 16334 16333 16336 16334 16332 16332 16333 16333 16335 16329 16329 16328 16340 16337 16329 16330 16332 16332 16327 16333 16334 16335 16334 16331 16334 16332 16330 16333 16335 16330 16334 16335 16332 16335 16333 16334 16332 16333 16330 16334 16335 16329 16335 16331 16375 16266 5 16299 16364 16312 16343 16321 16340 16326 16335 16329 16334 16328 16336 16330 16328 16329 16332 16327 16334 16332 16332 16332 16336 16327 16333 16329 16333 16328 16332 16332 16333 16331 16330 16335 16333 16334 16330 16331 16331 16330 16332 16331 16335 16332 16335 16335 16325 16335 16329 16335 16329 16335 16332 16334 16328 16330 16332 16333 16336 16333 16335 16334 16336 16333 16334 16340 16338 16332 16333 16335 16335 16331 16335 16333 16332 16334 16333 16333 16328 16333 16335 16336 16332 16337 16332 16338 16335 16334 16335 16335 16334 16332 16335 16337 16333 16333 16334 16338 16334 16333 16337 16339 16334 16335 16333 16333 16338 16331 16336 16337 16335 16332 16335 16333 16329 16337 16332 16331 16334 16332 16337 16336 16332 16335 16331 16331 16337 16333 16332 16334 16330 16330 16332 16329 16330 16334 16328 16332 16333 16334 16335 16333 16329 16335 16333 16332 16336 16335 16332 16329 16334 16332 16337 16332 16334 16333 16334 16334 16334 16333 16331 16336 16329 16330 16330 16330 16330 16333 16334 16333 16335 16332 16330 16334 16331 16330 16335 16331 16329 16333 16331 16336 16332 16325 16331 16333 16330 16335 16333 16328 16335 16332 16328 30 3289 304 14614 
0 16323 16329 16324 16325 16327 16328 16323 16321 16328 16327 16326 16325 16325 16325 16327 16329 16324 16328 16324 16330 16325 16326 16331 16326 16326 16326 16328 16329 16329 16328 16324 16325 16320 16329 16330 16326 16327 16325 16325 16328 16326 16327 16324 16325 16327 16325 16326 16327 16325 16328 16328 16325 16330 16327 16327 16327 16329 16326 16326 16326 16323 16324 16365 16251 4 16277 16365 16293 16351 16309 16340 16317 16334 16318 16331 16317 16329 16326 16327 16326 16328 16324 16332 16326 16326 16329 16329 16326 16327 16326 16325 16325 16324 16324 16323 16325 16323 16326 16327 16327 16327 16324 16321 16326 16323 16323 16326 16329 16323 16320 16330 16323 16327 16328 16321 16326 16326 16323 16331 16324 16327 16324 16328 16326 16327 16327 16321 16328 16327 16328 16328 16332 16327 16328 16331 16326 16329 16325 16327 16327 16325 16324 16326 16322 16329 16325 16327 16323 16329 16325 16328 16326 16325 16324 16328 16322 16331 16327 16326 16326 16331 16329 16327 16325 16325 16330 16329 16328 16328 16325 16326 16324 16329 16324 16328 16327 16331 16327 16331 16324 16328 16329 16325 16324 16329 16327 16329 16323 16328 16320 16329 16323 16328 16328 16327 16323 16325 16325 16327 16327 16328 16324 16328 16329 16327 16325 16331 16322 16327 16327 16326 16329 16329 16322 16325 16330 16326 16327 16330 16324 16329 16323 16324 16332 16325 16320 16327 16326 16324 16327 16321 16324 16324 16322 16327 16330 16325 16327 16324 16324 16328 16319 16324 16324 16326 16326 16325 16324 16328 16323 16327 16323 16331 16326 16328 16324 16324 35 3141 304 14614 
0 16325 16327 16329 16327 16323 16328 16325 16330 16323 16323 16329 16322 16324 16326 16327 16326 16327 16327 16326 16322 16323 16323 16326 16327 16327 16328 16327 16325 16324 16328 16327 16325 16328 16325 16327 16327 16325 16329 16325 16324 16326 16328 16331 16320 16325 16329 16324 16322 16324 16326 16329 16326 16325 16329 16324 16326 16327 16321 16327 16322 16324 16327 16344 16281 16367 16287 16353 16297 16342 16308 16341 16314 16334 16316 16323 16319 16323 16318 16328 16322 16325 16324 16325 16318 16324 16325 16324 16326 16324 16322 16324 16327 16323 16326 16321 16324 16327 16322 16328 16325 16324 16327 16321 16323 16324 16325 16327 16325 16320 16328 16315 16332 16325 16325 16324 16329 16321 16325 16324 16322 16327 16326 16326 16326 16327 16327 16328 16331 16330 16329 16325 16328 16323 16323 16326 16329 16329 16329 16328 16325 16326 16325 16325 16331 16327 16328 16327 16325 16327 16325 16327 16328 16328 16325 16327 16326 16326 16332 16324 16325 16328 16324 16324 16322 16326 16323 16326 16325 16328 16324 16325 16323 16325 16326 16324 16327 16324 16327 16324 16328 16328 16325 16324 16327 16325 16324 16326 16326 16327 16327 16326 16324 16322 16326 16328 16329 16329 16323 16325 16325 16327 16324 16327 16324 16327 16327 16327 16326 16328 16323 16330 16324 16326 16327 16326 16328 16325 16321 16326 16329 16326 16328 16324 16325 16328 16326 16323 16327 16326 16326 16326 16321 16327 16324 16326 16324 16324 16323 16329 16325 16320 16324 16322 16323 16324 16321 16322 16326 16323 16328 16326 16322 16320 16311 16320 16325 16325 46 8003 304 14614 
0 16325 16325 16325 16327 16328 16325 16324 16325 16327 16327 16323 16326 16323 16329 16323 16321 16326 16325 16327 16324 16326 16329 16325 16327 16325 16324 16325 16324 16326 16327 16323 16327 16329 16329 16325 16326 16324 16327 16324 16325 16324 16325 16325 16327 16327 16324 16326 16327 16323 16324 16319 16325 16321 16324 16325 16326 16325 16326 16324 16324 16323 16339 16320 16316 16343 16303 16342 16310 16337 16316 16330 16319 16328 16322 16322 16318 16326 16323 16326 16320 16327 16324 16322 16325 16324 16323 16326 16325 16326 16328 16326 16323 16324 16325 16323 16324 16326 16327 16327 16325 16321 16324 16326 16324 16321 16323 16325 16323 16320 16327 16318 16329 16319 16324 16324 16327 16321 16323 16326 16325 16323 16325 16326 16328 16330 16326 16327 16326 16329 16328 16325 16327 16325 16327 16330 16323 16324 16325 16327 16324 16324 16328 16324 16326 16329 16327 16327 16329 16326 16329 16322 16328 16327 16328 16325 16326 16328 16325 16324 16325 16322 16331 16326 16328 16324 16328 16324 16326 16324 16321 16323 16325 16324 16327 16327 16326 16323 16327 16328 16326 16322 16329 16326 16329 16329 16323 16312 16313 16323 16320 16328 16322 16324 16328 16325 16328 16327 16330 16325 16326 16324 16325 16325 16324 16322 16331 16325 16332 16326 16326 16326 16328 16326 16324 16326 16325 16323 16329 16321 16326 16324 16328 16327 16326 16323 16321 16327 16324 16327 16325 16326 16325 16324 16322 16325 16329 16327 16327 16323 16326 16324 16326 16326 16325 16321 16330 16323 16325 16324 16326 16327 16329 16324 16324 16325 16327 16327 51 10788 304 14614 
0 16326 16328 16325 16324 16328 16324 16324 16326 16327 16323 16326 16328 16324 16326 16327 16325 16327 16325 16329 16324 16328 16327 16326 16329 16325 16327 16324 16324 16326 16326 16326 16324 16324 16328 16326 16326 16324 16321 16328 16324 16328 16326 16328 16329 16327 16324 16325 16327 16324 16327 16327 16326 16325 16326 16323 16327 16324 16324 16325 16321 16325 16322 16326 16310 16323 16326 16322 16325 16326 16328 16327 16325 16323 16325 16321 16325 16323 16325 16328 16326 16324 16327 16322 16328 16326 16326 16326 16326 16324 16329 16324 16326 16324 16328 16324 16326 16322 16322 16328 16326 16327 16323 16322 16323 16328 16326 16320 16329 16324 16326 16325 16330 16329 16322 16325 16323 16326 16323 16326 16328 16323 16327 16327 16324 16324 16327 16329 16326 16327 16322 16324 16325 16327 16328 16326 16328 16328 16323 16326 16326 16327 16323 16326 16326 16325 16328 16325 16328 16326 16324 16328 16327 16325 16325 16324 16326 16325 16324 16330 16327 16324 16321 16326 16331 16323 16331 16327 16325 16326 16327 16326 16325 16325 16326 16329 16327 16330 16326 16326 16327 16326 16325 16324 16324 16323 16330 16323 16327 16328 16320 16328 16323 16326 16323 16323 16325 16324 16321 16329 16325 16327 16327 16325 16326 16325 16327 16324 16322 16326 16328 16322 16324 16327 16325 16326 16325 16327 16323 16324 16328 16324 16323 16326 16325 16324 16324 16324 16324 16325 16326 16330 16325 16331 16327 16327 16328 16327 16325 16324 16328 16324 16325 16331 16326 16327 16326 16327 16323 16324 16322 16327 16323 16325 16327 16323 16326 16326 56 10297 304 14614 
0 16327 16323 16327 16325 16325 16327 16328 16330 16325 16327 16327 16324 16325 16329 16328 16326 16329 16327 16324 16326 16326 16325 16326 16326 16327 16326 16327 16327 16327 16325 16327 16322 16320 16322 16322 16327 16326 16324 16326 16326 16325 16325 16322 16324 16327 16323 16326 16321 16328 16324 16326 16326 16324 16322 16327 16323 16324 16324 16325 16327 16326 16327 4 16250 1 16291 16353 16308 16342 16317 16333 16317 16330 16317 16326 16321 16322 16322 16327 16319 16328 16323 16324 16323 16326 16321 16326 16323 16323 16324 16326 16324 16324 16328 16328 16326 16320 16321 16323 16322 16319 16324 16323 16324 16316 16326 16322 16323 16319 16327 16326 16322 16327 16323 16330 16325 16327 16323 16324 16324 16327 16325 16326 16326 16327 16328 16330 16324 16329 16325 16329 16328 16324 16324 16327 16329 16331 16327 16329 16327 16321 16327 16329 16324 16326 16327 16327 16329 16328 16327 16326 16325 16327 16326 16329 16326 16323 16331 16326 16327 16328 16326 16322 16325 16325 16322 16329 16326 16329 16327 16324 16325 16324 16328 16327 16327 16328 16327 16323 16326 16324 16325 16325 16325 16324 16331 16326 16329 16326 16326 16325 16325 16325 16326 16326 16322 16329 16329 16327 16324 16327 16326 16324 16327 16328 16325 16330 16325 16324 16327 16325 16326 16326 16325 16325 16325 16327 16325 16327 16327 16325 16328 16325 16325 16330 16326 16329 16336 16335 16324 16328 16323 16324 16323 16326 16327 16324 16326 16326 16323 16328 16325 16324 16326 16327 16322 16326 16329 16325 16327 16328 16325 16328 16327 16322 16325 16325 61 9503 304 14614 
0 16328 16322 16327 16328 16326 16328 16324 16328 16329 16327 16323 16324 16328 16328 16328 16327 16328 16327 16327 16328 16326 16328 16326 16328 16326 16325 16322 16330 16331 16329 16325 16329 16326 16330 16326 16327 16327 16325 16330 16327 16324 16330 16329 16323 16328 16322 16327 16326 16324 16327 16326 16325 16324 16328 16326 16322 16328 16328 16325 16330 16326 16327 16351 16307 16337 16336 16316 16333 16313 16329 16317 16331 16316 16328 16321 16324 16320 16325 16325 16325 16326 16326 16321 16327 16322 16330 16324 16324 16324 16325 16327 16327 16325 16327 16326 16328 16325 16323 16321 16323 16324 16325 16325 16326 16325 16328 16323 16324 16317 16331 16325 16325 16327 16323 16324 16327 16328 16328 16326 16328 16324 16327 16329 16326 16324 16326 16324 16328 16325 16329 16327 16330 16324 16326 16328 16331 16328 16328 16326 16329 16328 16328 16330 16328 16323 16327 16323 16328 16328 16326 16327 16331 16324 16326 16326 16329 16327 16327 16330 16330 16326 16326 16325 16328 16331 16326 16327 16325 16326 16328 16324 16327 16326 16329 16327 16326 16328 16330 16327 16326 16326 16327 16330 16326 16327 16328 16324 16328 16326 16326 16329 16328 16328 16335 16323 16327 16327 16326 16324 16327 16328 16324 16332 16325 16325 16327 16331 16328 16329 16326 16328 16326 16328 16324 16328 16325 16326 16329 16324 16321 16328 16328 16327 16325 16330 16327 16324 16330 16327 16327 16329 16327 16322 16323 16323 16330 16321 16327 16325 16326 16327 16326 16325 16330 16326 16322 16326 16328 16328 16326 16328 16322 16323 16325 16328 16327 16326 66 8861 304 14614 
0 16327 16331 16330 16331 16328 16332 16329 16331 16328 16331 16333 16332 16329 16334 16331 16330 16328 16328 16328 16330 16328 16329 16328 16332 16329 16326 16327 16328 16329 16328 16329 16328 16330 16331 16328 16328 16327 16329 16330 16332 16332 16328 16328 16333 16328 16332 16329 16332 16328 16327 16330 16331 16327 16328 16335 16330 16326 16329 16330 16330 16329 16330 16365 16251 14 16273 16373 16293 16355 16312 16343 16319 16341 16317 16334 16326 16332 16328 16329 16314 16318 16322 16323 16331 16327 16330 16330 16330 16330 16331 16331 16331 16333 16329 16330 16328 16334 16332 16328 16329 16330 16329 16331 16328 16332 16325 16330 16326 16335 16326 16329 16326 16329 16334 16331 16331 16326 16329 16326 16325 16330 16335 16330 16330 16330 16331 16331 16332 16335 16329 16334 16332 16333 16332 16331 16331 16332 16332 16330 16331 16329 16329 16328 16330 16328 16332 16331 16329 16330 16331 16333 16329 16332 16332 16328 16332 16328 16333 16333 16327 16332 16329 16329 16329 16328 16329 16333 16329 16332 16330 16331 16329 16332 16329 16331 16332 16333 16333 16330 16331 16331 16329 16332 16329 16329 16330 16333 16332 16330 16334 16334 16332 16326 16334 16330 16331 16333 16333 16330 16331 16331 16329 16333 16332 16335 16331 16331 16331 16331 16334 16332 16333 16333 16334 16331 16332 16331 16335 16331 16335 16332 16330 16335 16329 16335 16333 16328 16332 16330 16326 16332 16332 16333 16334 16330 16333 16327 16333 16331 16330 16330 16331 16332 16332 16331 16327 16331 16332 16331 16332 16329 16329 16327 16328 16329 16329 16331 76 13934 304 14614 
0 16328 16324 16325 16323 16324 16326 16326 16323 16328 16323 16327 16323 16326 16319 16327 16323 16331 16322 16327 16323 16327 16326 16326 16321 16328 16322 16327 16321 16327 16322 16328 16324 16323 16326 16325 16323 16325 16324 16326 16325 16324 16324 16323 16341 16333 16327 16329 16323 16325 16322 16324 16325 16323 16321 16326 16322 16328 16327 16326 16324 16326 16328 16341 16261 1 16276 16361 16293 16353 16306 16336 16312 16329 16316 16331 16317 16328 16323 16328 16323 16328 16322 16325 16322 16328 16325 16327 16326 16325 16322 16323 16324 16326 16324 16324 16327 16326 16320 16324 16323 16328 16325 16324 16324 16324 16317 16325 16326 16324 16328 16320 16323 16326 16326 16326 16322 16325 16325 16323 16327 16326 16330 16329 16326 16328 16324 16328 16325 16329 16328 16324 16328 16328 16325 16327 16323 16325 16323 16328 16322 16325 16326 16325 16327 16326 16331 16328 16322 16331 16327 16327 16330 16326 16327 16330 16324 16329 16328 16325 16324 16327 16324 16323 16327 16323 16327 16326 16327 16322 16325 16327 16327 16323 16328 16324 16327 16325 16326 16327 16327 16327 16325 16328 16330 16326 16326 16330 16323 16323 16328 16328 16324 16328 16324 16327 16328 16326 16325 16326 16327 16323 16325 16325 16326 16326 16321 16327 16328 16327 16327 16325 16322 16324 16325 16325 16328 16324 16326 16326 16326 16327 16324 16325 16326 16328 16324 16317 16323 16322 16324 16328 16325 16324 16326 16324 16322 16323 16327 16323 16327 16323 16324 16326 16324 16323 16324 16323 16325 16323 16326 16325 16327 16322 16326 16325 16325 16324 81 15743 304 14614 
0 16326 16325 16327 16324 16330 16325 16329 16327 16327 16327 16322 16325 16326 16326 16322 16324 16326 16323 16325 16329 16326 16324 16325 16329 16337 16328 16332 16331 16331 16328 16325 16325 16324 16325 16323 16325 16324 16327 16327 16327 16327 16324 16327 16327 16328 16324 16326 16325 16323 16325 16326 16326 16331 16329 16323 16327 16327 16329 16327 16325 16326 16328 16364 16245 15 16274 16369 16295 16348 16311 16341 16317 16336 16315 16330 16315 16328 16319 16323 16323 16330 16321 16322 16323 16329 16323 16325 16325 16322 16323 16324 16326 16326 16327 16324 16326 16325 16326 16329 16328 16327 16328 16321 16326 16325 16326 16328 16324 16324 16320 16325 16323 16328 16321 16329 16325 16326 16324 16327 16328 16326 16327 16329 16324 16324 16328 16328 16327 16325 16324 16328 16328 16328 16327 16326 16324 16329 16329 16326 16329 16326 16323 16329 16324 16326 16330 16326 16327 16326 16326 16327 16330 16326 16328 16328 16330 16331 16328 16329 16329 16329 16323 16329 16329 16328 16327 16327 16332 16327 16326 16328 16327 16326 16328 16327 16326 16329 16324 16328 16329 16330 16326 16329 16329 16321 16328 16326 16325 16328 16326 16327 16328 16328 16324 16322 16320 16327 16329 16324 16326 16331 16331 16327 16327 16329 16325 16329 16323 16324 16327 16331 16327 16329 16326 16329 16327 16325 16324 16324 16325 16329 16324 16327 16325 16327 16329 16329 16322 16325 16328 16325 16324 16322 16324 16329 16324 16326 16328 16329 16326 16326 16327 16325 16325 16324 16325 16325 16323 16327 16327 16326 16327 16325 16326 16326 16324 16325 86 15595 304 14614 
0 16326 16325 16329 16326 16324 16330 16323 16326 16325 16326 16321 16325 16327 16325 16328 16328 16328 16323 16326 16324 16326 16324 16327 16325 16326 16328 16325 16320 16327 16324 16323 16324 16327 16320 16330 16320 16325 16328 16328 16323 16329 16327 16324 16327 16322 16323 16324 16330 16328 16325 16325 16324 16327 16327 16329 16325 16324 16328 16324 16325 16324 16326 16329 16303 16352 16303 16343 16306 16334 16315 16331 16319 16329 16320 16323 16321 16326 16320 16323 16320 16325 16323 16330 16322 16324 16325 16325 16320 16324 16327 16324 16327 16325 16323 16322 16327 16327 16325 16323 16326 16329 16322 16322 16329 16329 16326 16323 16326 16322 16324 16314 16336 16324 16326 16322 16325 16324 16323 16323 16329 16323 16326 16325 16324 16325 16324 16324 16330 16326 16325 16325 16329 16324 16327 16327 16330 16328 16324 16324 16327 16325 16326 16324 16327 16325 16328 16326 16328 16326 16326 16326 16328 16327 16324 16327 16326 16331 16325 16325 16325 16325 16326 16324 16326 16328 16329 16329 16321 16324 16326 16325 16327 16328 16325 16328 16325 16330 16326 16326 16327 16327 16327 16329 16325 16330 16326 16328 16330 16327 16325 16326 16326 16327 16325 16328 16324 16328 16324 16327 16329 16327 16326 16325 16325 16326 16323 16327 16326 16323 16324 16328 16324 16325 16327 16325 16322 16324 16327 16326 16325 16327 16324 16325 16326 16323 16324 16323 16327 16326 16325 16325 16324 16325 16325 16322 16323 16323 16325 16324 16324 16322 16324 16322 16323 16324 16324 16326 16324 16324 16325 16326 16328 16322 16327 16324 16326 16325 92 4938 304 14614 
0 16324 16323 16325 16321 16324 16326 16326 16328 16325 16326 16324 16324 16327 16324 16324 16330 16327 16326 16325 16328 16324 16324 16324 16332 16324 16325 16327 16326 16326 16324 16323 16328 16327 16323 16325 16324 16325 16325 16329 16327 16324 16322 16326 16325 16325 16325 16322 16323 16323 16327 16328 16325 16326 16324 16324 16325 16327 16323 16325 16341 16317 16327 16337 16315 16338 16313 16330 16315 16330 16319 16330 16320 16327 16319 16330 16326 16328 16321 16324 16322 16329 16322 16321 16326 16321 16321 16323 16325 16324 16323 16320 16326 16320 16325 16322 16326 16319 16321 16326 16322 16324 16323 16326 16324 16326 16324 16326 16319 16327 16322 16325 16318 16326 16325 16324 16323 16323 16328 16325 16326 16323 16325 16325 16323 16326 16322 16324 16331 16326 16332 16323 16326 16327 16326 16327 16326 16324 16327 16325 16327 16319 16322 16323 16321 16322 16323 16326 16326 16327 16326 16323 16326 16324 16324 16329 16323 16323 16324 16326 16324 16323 16325 16326 16326 16326 16323 16325 16326 16323 16326 16327 16326 16328 16323 16325 16322 16326 16326 16322 16328 16326 16327 16325 16323 16328 16324 16327 16326 16327 16324 16327 16322 16326 16329 16324 16325 16328 16327 16328 16324 16326 16325 16325 16326 16323 16327 16324 16325 16329 16327 16323 16327 16322 16325 16323 16325 16326 16324 16322 16329 16327 16324 16325 16328 16325 16325 16324 16324 16325 16326 16325 16326 16329 16326 16321 16324 16323 16324 16326 16322 16323 16322 16327 16323 16328 16326 16324 16323 16326 16326 16323 16325 16325 16320 16324 16326 16324 97 4788 304 14614 
0 16326 16325 16327 16324 16326 16325 16328 16324 16323 16327 16325 16324 16325 16326 16326 16323 16332 16325 16324 16324 16324 16327 16324 16324 16323 16324 16326 16322 16325 16327 16325 16324 16326 16326 16323 16324 16324 16326 16321 16327 16327 16323 16324 16323 16323 16323 16326 16325 16326 16327 16327 16328 16322 16325 16327 16328 16329 16327 16328 16327 16327 16327 16336 16277 16366 16285 16354 16296 16346 16308 16335 16318 16332 16320 16329 16320 16327 16322 16327 16320 16325 16323 16327 16321 16326 16321 16324 16323 16323 16323 16323 16322 16327 16326 16323 16326 16323 16326 16324 16324 16326 16323 16323 16326 16323 16327 16327 16313 16328 16321 16325 16323 16321 16323 16324 16319 16326 16323 16321 16326 16327 16327 16321 16319 16330 16329 16335 16327 16329 16326 16328 16327 16326 16326 16327 16327 16327 16326 16324 16327 16325 16324 16326 16323 16325 16324 16324 16320 16323 16327 16325 16331 16327 16325 16329 16323 16325 16326 16326 16325 16330 16325 16327 16329 16324 16323 16321 16328 16325 16327 16328 16326 16328 16326 16327 16327 16328 16329 16331 16327 16328 16323 16325 16328 16327 16322 16326 16319 16329 16324 16325 16324 16327 16324 16326 16322 16327 16329 16328 16325 16325 16327 16323 16326 16328 16327 16328 16325 16327 16327 16326 16326 16327 16323 16328 16322 16327 16324 16324 16327 16325 16326 16324 16323 16324 16325 16329 16326 16323 16327 16324 16323 16321 16325 16321 16323 16325 16326 16327 16324 16325 16324 16328 16324 16324 16322 16326 16320 16328 16324 16326 16326 16325 16327 16323 16322 16321 107 9879 304 14614 
0 16324 16330 16323 16324 16326 16325 16326 16323 16325 16322 16323 16329 16322 16328 16325 16323 16326 16328 16326 16326 16322 16327 16327 16325 16324 16329 16326 16324 16324 16326 16328 16329 16323 16328 16327 16324 16329 16327 16325 16326 16323 16326 16327 16324 16325 16323 16327 16326 16325 16326 16325 16326 16324 16326 16326 16323 16325 16326 16326 16329 16326 16329 16352 16301 16323 16342 16312 16341 16307 16334 16312 16331 16313 16333 16320 16327 16322 16324 16322 16329 16320 16326 16319 16324 16322 16324 16325 16330 16325 16327 16328 16328 16323 16326 16325 16324 16327 16322 16324 16323 16325 16327 16327 16322 16326 16319 16328 16319 16329 16321 16325 16321 16324 16325 16325 16327 16327 16326 16327 16327 16328 16324 16325 16328 16326 16329 16325 16326 16327 16327 16327 16327 16326 16328 16327 16327 16328 16326 16326 16320 16329 16326 16325 16329 16325 16329 16325 16324 16325 16326 16325 16328 16328 16323 16327 16325 16323 16327 16326 16329 16326 16324 16324 16325 16325 16328 16328 16326 16327 16323 16327 16327 16323 16324 16323 16324 16325 16328 16329 16330 16326 16324 16324 16327 16326 16326 16329 16328 16321 16325 16323 16326 16325 16324 16324 16324 16326 16326 16325 16326 16328 16324 16324 16325 16325 16324 16327 16324 16325 16326 16326 16325 16327 16321 16323 16323 16325 16325 16324 16325 16325 16324 16325 16326 16323 16323 16327 16328 16324 16323 16320 16326 16324 16329 16321 16327 16325 16325 16327 16323 16324 16323 16322 16326 16320 16327 16324 16326 16322 16326 16325 16328 16323 16325 16327 16319 16327 112 12667 304 14614 
0 16327 16323 16325 16327 16327 16328 16329 16328 16327 16325 16327 16329 16329 16326 16327 16328 16323 16328 16332 16329 16327 16329 16326 16328 16326 16327 16327 16328 16328 16327 16329 16329 16326 16328 16326 16326 16328 16325 16325 16328 16327 16329 16327 16329 16324 16331 16327 16330 16330 16327 16327 16328 16329 16326 16327 16324 16332 16329 16330 16325 16327 16324 16378 16258 16381 16296 16351 16311 16337 16318 16336 16322 16330 16327 16326 16323 16324 16326 16326 16325 16325 16326 16327 16333 16326 16328 16327 16326 16328 16326 16325 16327 16324 16327 16328 16326 16328 16323 16327 16324 16330 16329 16327 16325 16323 16327 16326 16316 16332 16325 16329 16325 16327 16320 16329 16325 16328 16327 16329 16323 16326 16331 16331 16327 16331 16330 16329 16331 16326 16329 16326 16332 16326 16328 16327 16325 16326 16331 16327 16325 16326 16328 16325 16331 16328 16327 16325 16327 16328 16333 16321 16326 16331 16328 16329 16330 16329 16328 16326 16328 16326 16328 16326 16331 16329 16329 16329 16325 16324 16326 16325 16330 16326 16330 16333 16329 16328 16328 16326 16327 16327 16327 16326 16327 16330 16327 16326 16327 16328 16324 16326 16328 16327 16326 16326 16323 16328 16325 16325 16323 16328 16326 16321 16327 16325 16327 16326 16328 16325 16329 16329 16329 16330 16327 16325 16323 16324 16330 16328 16329 16328 16329 16327 16325 16327 16326 16327 16328 16326 16328 16326 16326 16328 16331 16327 16328 16323 16326 16326 16328 16326 16325 16327 16327 16328 16328 16326 16331 16324 16328 16328 16327 16328 16327 16326 16328 16324 117 12030 304 14614 
0 16323 16326 16329 16325 16331 16325 16326 16325 16328 16321 16323 16329 16326 16325 16327 16323 16325 16326 16327 16324 16333 16326 16323 16325 16326 16323 16327 16325 16326 16325 16324 16328 16329 16325 16325 16323 16324 16326 16327 16324 16329 16324 16327 16323 16323 16326 16325 16324 16325 16328 16325 16327 16326 16324 16328 16327 16331 16329 16325 16325 16322 16324 2 16253 16381 16297 16351 16312 16336 16314 16333 16315 16323 16320 16325 16321 16324 16323 16326 16321 16326 16323 16325 16325 16327 16326 16326 16323 16322 16330 16326 16321 16324 16327 16326 16323 16324 16319 16320 16324 16326 16320 16324 16322 16315 16331 16320 16327 16323 16323 16326 16326 16326 16323 16323 16325 16324 16324 16325 16325 16325 16329 16325 16328 16328 16324 16325 16327 16327 16328 16326 16329 16326 16325 16323 16322 16329 16323 16327 16328 16321 16326 16327 16326 16325 16323 16328 16322 16324 16326 16324 16330 16328 16327 16326 16331 16328 16326 16328 16327 16328 16322 16326 16325 16330 16329 16328 16326 16323 16327 16328 16326 16325 16326 16323 16325 16326 16328 16324 16324 16332 16328 16333 16330 16324 16325 16327 16323 16328 16326 16325 16325 16325 16326 16331 16326 16330 16324 16324 16325 16327 16329 16327 16323 16326 16324 16326 16325 16330 16325 16327 16326 16330 16323 16326 16328 16328 16324 16327 16327 16330 16325 16325 16324 16325 16326 16324 16326 16324 16324 16326 16323 16326 16326 16323 16327 16328 16326 16323 16324 16324 16326 16324 16324 16329 16324 16326 16326 16323 16323 16325 16324 16325 16327 16323 16324 16324 122 10411 304 14614 
0 16330 16326 16324 16325 16331 16321 16326 16329 16326 16326 16325 16326 16327 16325 16328 16330 16327 16327 16327 16326 16326 16328 16325 16323 16325 16328 16327 16326 16326 16328 16325 16328 16325 16323 16330 16326 16325 16328 16327 16328 16327 16326 16330 16329 16329 16328 16329 16331 16326 16323 16325 16329 16325 16327 16327 16327 16328 16326 16328 16327 16324 16329 16322 16310 16322 16323 16327 16323 16327 16327 16325 16326 16326 16324 16322 16328 16326 16327 16323 16323 16327 16325 16326 16325 16327 16324 16328 16326 16326 16328 16325 16328 16326 16324 16324 16329 16323 16324 16324 16326 16326 16325 16325 16323 16327 16323 16328 16326 16326 16328 16327 16323 16326 16326 16326 16329 16326 16326 16324 16326 16326 16326 16324 16329 16323 16326 16324 16329 16326 16326 16326 16325 16323 16323 16326 16328 16326 16329 16325 16327 16325 16330 16325 16325 16327 16326 16326 16325 16328 16325 16329 16327 16326 16329 16327 16327 16324 16327 16327 16324 16327 16329 16324 16327 16329 16331 16327 16326 16322 16331 16323 16323 16325 16326 16324 16330 16322 16328 16329 16327 16327 16356 16295 16344 16329 16320 16328 16321 16331 16324 16328 16324 16328 16323 16327 16323 16323 16323 16327 16322 16327 16325 16325 16327 16326 16321 16328 16328 16328 16323 16326 16325 16324 16323 16326 16325 16326 16324 16324 16325 16323 16326 16324 16326 16323 16327 16321 16329 16319 16329 16321 16327 16325 16329 16321 16329 16330 16328 16328 16327 16329 16325 16323 16328 16327 16328 16326 16327 16316 16330 16325 16327 16328 16327 16322 16324 16327 127 8670 304 14614 
0 16325 16329 16325 16324 16328 16324 16327 16323 16326 16328 16326 16326 16323 16327 16326 16326 16324 16326 16327 16325 16326 16330 16327 16323 16325 16327 16324 16324 16323 16328 16327 16324 16328 16325 16329 16327 16325 16325 16323 16320 16325 16323 16325 16323 16327 16330 16323 16328 16325 16326 16325 16325 16324 16322 16328 16326 16326 16322 16325 16327 16323 16328 16351 16265 16370 16280 16357 16297 16345 16308 16342 16313 16332 16316 16328 16319 16331 16321 16326 16322 16322 16316 16324 16322 16327 16323 16326 16323 16326 16327 16325 16322 16325 16322 16325 16325 16324 16320 16327 16329 16324 16322 16327 16325 16327 16326 16327 16320 16322 16315 16326 16320 16329 16322 16320 16321 16327 16322 16327 16325 16325 16322 16326 16325 16325 16326 16324 16325 16326 16331 16327 16327 16325 16326 16329 16326 16325 16329 16322 16325 16327 16330 16324 16324 16327 16327 16327 16324 16329 16327 16328 16328 16327 16327 16326 16327 16321 16323 16328 16330 16328 16325 16328 16326 16328 16327 16326 16326 16325 16326 16323 16328 16323 16327 16324 16325 16326 16327 16327 16330 16325 16325 16328 16330 16328 16327 16326 16325 16324 16326 16325 16326 16327 16329 16327 16327 16325 16327 16326 16329 16328 16326 16324 16327 16332 16326 16328 16325 16327 16327 16329 16328 16325 16324 16322 16323 16327 16326 16330 16328 16323 16324 16322 16325 16328 16323 16327 16326 16327 16329 16326 16328 16329 16327 16324 16323 16323 16328 16326 16324 16325 16327 16323 16327 16326 16324 16326 16326 16324 16326 16327 16323 16326 16329 16327 16326 16325 136 12143 304 14614 
0 16328 16324 16326 16326 16322 16327 16324 16328 16325 16327 16326 16326 16326 16324 16324 16325 16327 16328 16327 16326 16329 16324 16323 16327 16326 16323 16326 16328 16322 16328 16326 16323 16327 16323 16322 16328 16325 16326 16325 16324 16326 16325 16322 16322 16327 16326 16321 16329 16322 16324 16324 16321 16322 16324 16323 16325 16325 16320 16326 16327 16326 16322 16377 16242 10 16280 16360 16294 16346 16310 16332 16316 16329 16317 16326 16322 16327 16321 16322 16319 16324 16322 16326 16323 16323 16325 16324 16325 16321 16325 16323 16326 16322 16323 16322 16325 16322 16322 16324 16330 16322 16322 16327 16325 16325 16323 16328 16326 16323 16325 16319 16326 16322 16325 16319 16326 16323 16327 16325 16321 16327 16323 16327 16324 16327 16327 16327 16324 16328 16327 16327 16327 16323 16325 16326 16321 16329 16324 16329 16323 16325 16325 16326 16326 16329 16325 16323 16327 16329 16326 16331 16325 16326 16326 16325 16327 16330 16325 16326 16327 16326 16323 16328 16322 16322 16326 16325 16322 16325 16326 16326 16323 16327 16325 16326 16325 16324 16327 16328 16326 16328 16322 16324 16326 16325 16327 16330 16327 16324 16325 16327 16322 16323 16324 16325 16327 16326 16325 16329 16327 16325 16340 16331 16330 16328 16327 16321 16324 16325 16325 16323 16323 16323 16327 16328 16327 16328 16324 16324 16326 16329 16326 16329 16326 16325 16325 16327 16324 16327 16321 16324 16324 16327 16324 16323 16323 16329 16325 16324 16329 16323 16326 16324 16322 16324 16323 16323 16327 16324 16324 16327 16325 16322 16323 16323 16326 16325 141 13461 304 14614 
0 16323 16327 16324 16327 16328 16324 16321 16324 16326 16322 16324 16325 16328 16326 16328 16326 16326 16326 16326 16325 16324 16329 16324 16324 16327 16324 16328 16327 16324 16323 16326 16322 16323 16324 16323 16326 16322 16325 16325 16323 16328 16324 16326 16326 16323 16326 16324 16326 16324 16325 16325 16325 16325 16323 16327 16328 16327 16325 16323 16328 16323 16320 16345 16303 16341 16323 16324 16332 16320 16329 16320 16329 16319 16325 16321 16323 16323 16327 16325 16323 16326 16325 16322 16326 16322 16326 16322 16327 16324 16330 16323 16328 16327 16325 16323 16324 16324 16324 16324 16321 16324 16327 16326 16326 16326 16323 16325 16323 16323 16327 16318 16326 16323 16324 16323 16322 16324 16327 16324 16324 16322 16323 16328 16328 16327 16326 16327 16323 16328 16325 16328 16324 16329 16327 16330 16327 16329 16327 16325 16329 16331 16323 16328 16326 16324 16323 16325 16327 16323 16330 16324 16325 16326 16326 16325 16327 16324 16327 16329 16327 16326 16325 16326 16325 16327 16327 16330 16324 16327 16326 16325 16326 16328 16329 16325 16325 16324 16324 16326 16327 16325 16330 16326 16324 16328 16327 16327 16323 16322 16329 16328 16329 16321 16324 16331 16324 16329 16328 16327 16328 16323 16325 16328 16325 16326 16325 16330 16321 16327 16327 16330 16323 16326 16325 16325 16328 16325 16326 16321 16325 16323 16324 16322 16329 16323 16328 16324 16326 16328 16319 16326 16327 16326 16324 16326 16327 16327 16325 16323 16327 16324 16326 16326 16326 16323 16325 16324 16326 16326 16325 16327 16322 16326 16323 16326 16327 16326 146 11841 304 14614 
0 16331 16331 16331 16331 16333 16329 16331 16328 16330 16327 16335 16327 16332 16331 16331 16332 16327 16327 16334 16330 16331 16330 16329 16329 16332 16331 16327 16331 16330 16331 16329 16335 16336 16333 16330 16329 16333 16329 16329 16331 16331 16333 16330 16332 16331 16333 16329 16331 16332 16329 16328 16329 16326 16333 16334 16331 16332 16331 16332 16333 16331 16327 16368 16282 16371 16310 16346 16318 16339 16326 16332 16327 16328 16325 16331 16328 16329 16327 16327 16327 16333 16327 16329 16331 16331 16328 16331 16328 16329 16330 16329 16329 16331 16332 16331 16333 16333 16331 16331 16329 16331 16327 16331 16328 16332 16330 16333 16331 16331 16332 16323 16337 16328 16332 16329 16327 16331 16331 16333 16336 16329 16331 16333 16329 16329 16324 16336 16330 16335 16335 16333 16333 16332 16333 16331 16333 16334 16335 16335 16333 16328 16331 16335 16329 16329 16331 16332 16331 16332 16331 16333 16326 16331 16333 16332 16332 16332 16332 16333 16333 16335 16333 16329 16333 16335 16333 16335 16332 16331 16331 16332 16329 16331 16331 16331 16332 16330 16331 16333 16329 16336 16329 16329 16335 16332 16332 16329 16332 16335 16332 16327 16333 16330 16336 16327 16331 16333 16333 16331 16333 16329 16334 16330 16333 16333 16328 16337 16329 16333 16331 16333 16333 16332 16335 16333 16332 16331 16330 16335 16334 16331 16335 16329 16331 16330 16330 16333 16335 16329 16332 16329 16332 16329 16332 16331 16331 16329 16327 16332 16332 16335 16332 16328 16329 16332 16326 16331 16333 16331 16330 16328 16332 16331 16333 16334 16331 16329 151 9733 304 14614 
0 16325 16325 16326 16327 16329 16330 16322 16323 16327 16328 16328 16327 16327 16326 16323 16325 16326 16326 16328 16327 16326 16325 16324 16326 16328 16324 16325 16327 16326 16327 16325 16327 16324 16327 16326 16327 16326 16326 16326 16326 16324 16322 16325 16325 16325 16323 16323 16323 16323 16327 16325 16322 16324 16327 16328 16324 16323 16329 16325 16328 16327 16324 16345 16316 16299 16359 16295 16350 16308 16341 16309 16333 16315 16332 16321 16327 16321 16325 16320 16326 16327 16325 16322 16327 16322 16324 16325 16325 16324 16325 16323 16326 16323 16321 16323 16329 16323 16323 16321 16322 16322 16327 16325 16326 16322 16315 16332 16318 16326 16324 16324 16326 16326 16326 16329 16322 16329 16325 16326 16326 16331 16327 16327 16330 16327 16324 16329 16330 16326 16330 16329 16324 16327 16327 16325 16327 16328 16324 16324 16327 16324 16324 16328 16323 16327 16326 16325 16326 16329 16327 16324 16329 16326 16331 16329 16325 16327 16326 16328 16325 16325 16325 16327 16328 16329 16327 16326 16326 16325 16325 16325 16326 16329 16325 16326 16329 16326 16326 16328 16324 16326 16326 16322 16327 16331 16329 16323 16326 16331 16327 16326 16326 16328 16329 16329 16323 16327 16326 16326 16328 16329 16324 16325 16327 16326 16331 16329 16327 16328 16327 16329 16327 16326 16323 16328 16326 16324 16329 16324 16329 16327 16326 16322 16327 16323 16328 16326 16327 16323 16325 16329 16327 16328 16325 16325 16326 16328 16323 16324 16329 16323 16326 16323 16324 16323 16325 16324 16325 16324 16327 16326 16329 16325 16322 16324 16327 16328 156 8608 304 14614 
0 16331 16330 16334 16329 16331 16332 16330 16329 16334 16333 16331 16332 16329 16333 16332 16335 16331 16331 16331 16330 16332 16334 16334 16332 16335 16331 16327 16335 16335 16329 16335 16331 16334 16331 16329 16333 16329 16336 16334 16332 16332 16331 16335 16333 16333 16333 16329 16332 16329 16331 16327 16333 16331 16331 16332 16332 16333 16328 16334 16336 16332 16337 16332 16315 16349 16314 16344 16317 16342 16326 16337 16326 16336 16324 16336 16327 16332 16330 16334 16328 16331 16326 16332 16326 16333 16332 16334 16336 16327 16333 16329 16336 16329 16332 16330 16329 16332 16332 16325 16333 16335 16329 16331 16335 16335 16331 16328 16333 16331 16331 16332 16327 16335 16330 16329 16327 16326 16334 16329 16328 16333 16332 16333 16331 16335 16333 16336 16330 16334 16335 16332 16333 16331 16331 16333 16330 16328 16332 16332 16328 16332 16327 16331 16334 16332 16333 16334 16333 16332 16332 16330 16332 16335 16335 16331 16337 16334 16336 16333 16329 16339 16332 16338 16331 16329 16334 16338 16331 16332 16331 16329 16331 16332 16331 16330 16331 16329 16336 16335 16333 16332 16338 16334 16332 16329 16336 16332 16331 16332 16337 16331 16335 16333 16335 16332 16328 16333 16333 16337 16329 16337 16333 16335 16336 16330 16335 16334 16335 16333 16332 16331 16333 16334 16332 16334 16327 16331 16332 16330 16331 16334 16332 16333 16331 16335 16332 16332 16332 16332 16330 16332 16336 16330 16333 16331 16333 16330 16331 16331 16332 16334 16331 16333 16328 16332 16331 16329 16334 16329 16331 16332 16333 16338 16329 16331 16332 16327 165 10496 304 14614 
0 16330 16330 16333 16333 16332 16333 16336 16329 16332 16334 16330 16335 16332 16331 16332 16331 16331 16332 16333 16332 16330 16331 16335 16336 16332 16331 16332 16332 16332 16332 16330 16331 16333 16331 16334 16328 16332 16333 16328 16330 16330 16328 16331 16331 16332 16330 16335 16332 16332 16332 16333 16332 16334 16333 16336 16331 16332 16331 16333 16330 16330 16333 16379 16257 14 16290 16367 16310 16351 16322 16342 16323 16336 16322 16332 16326 16333 16331 16330 16327 16331 16335 16333 16330 16333 16331 16335 16332 16329 16333 16332 16333 16332 16332 16332 16331 16331 16327 16332 16330 16330 16329 16332 16332 16331 16331 16335 16336 16332 16333 16320 16342 16332 16337 16328 16331 16331 16332 16330 16323 16330 16329 16328 16332 16333 16332 16333 16335 16333 16335 16332 16333 16333 16332 16333 16332 16333 16331 16331 16333 16335 16334 16332 16329 16333 16333 16331 16333 16333 16334 16333 16334 16332 16332 16331 16332 16331 16328 16332 16332 16334 16337 16335 16333 16332 16332 16331 16331 16330 16331 16332 16334 16330 16333 16332 16335 16331 16333 16338 16331 16333 16334 16335 16331 16329 16334 16334 16331 16332 16333 16335 16333 16334 16333 16333 16333 16336 16334 16331 16334 16333 16336 16333 16335 16331 16336 16331 16338 16335 16337 16329 16332 16334 16333 16334 16335 16335 16337 16335 16335 16333 16330 16331 16335 16337 16333 16336 16333 16336 16334 16337 16332 16332 16333 16334 16330 16328 16329 16338 16331 16331 16335 16331 16331 16336 16331 16331 16332 16337 16329 16331 16333 16331 16333 16335 16334 16332 170 10837 304 14614 
0 16325 16329 16325 16327 16324 16326 16325 16325 16323 16324 16323 16328 16324 16325 16325 16328 16325 16328 16328 16326 16325 16327 16326 16324 16328 16326 16325 16326 16326 16324 16323 16325 16324 16323 16321 16322 16324 16327 16326 16325 16326 16326 16325 16324 16323 16329 16329 16324 16331 16326 16327 16331 16326 16323 16327 16322 16325 16324 16325 16327 16325 16329 16365 16250 3 16280 16363 16294 16350 16306 16342 16315 16328 16319 16323 16320 16327 16318 16325 16324 16327 16322 16325 16322 16325 16328 16325 16323 16323 16321 16325 16331 16322 16322 16327 16324 16323 16322 16325 16325 16325 16322 16325 16326 16325 16324 16323 16322 16327 16322 16325 16317 16327 16323 16322 16324 16324 16326 16327 16325 16329 16329 16326 16325 16321 16329 16327 16323 16325 16326 16326 16325 16329 16328 16326 16325 16330 16325 16327 16328 16326 16325 16328 16326 16325 16327 16326 16327 16326 16326 16324 16330 16326 16324 16325 16326 16325 16325 16329 16325 16329 16325 16328 16326 16324 16327 16328 16323 16327 16325 16327 16329 16327 16323 16328 16326 16324 16324 16325 16327 16327 16328 16329 16328 16327 16326 16325 16326 16326 16323 16328 16328 16326 16328 16325 16326 16328 16326 16327 16324 16324 16327 16324 16328 16322 16325 16328 16325 16327 16328 16328 16326 16327 16327 16325 16328 16326 16322 16328 16328 16330 16328 16329 16327 16325 16327 16327 16325 16328 16324 16325 16327 16330 16325 16327 16322 16325 16326 16328 16325 16324 16324 16326 16327 16330 16326 16328 16324 16327 16326 16329 16326 16323 16327 16325 16327 16326 175 9215 304 14614 
0 16329 16329 16329 16324 16327 16330 16326 16327 16329 16328 16332 16328 16328 16326 16327 16330 16328 16329 16330 16327 16327 16330 16326 16327 16329 16329 16329 16335 16327 16331 16333 16327 16325 16330 16329 16325 16327 16326 16329 16324 16329 16329 16327 16329 16326 16329 16328 16332 16327 16327 16327 16325 16329 16328 16327 16332 16327 16327 16326 16327 16328 16322 16365 16280 16374 16301 16349 16316 16332 16319 16329 16327 16329 16325 16328 16326 16326 16327 16328 16328 16327 16326 16331 16327 16328 16327 16326 16329 16321 16327 16326 16327 16327 16322 16332 16325 16323 16327 16324 16328 16327 16327 16325 16325 16324 16329 16326 16327 16327 16323 16329 16322 16333 16324 16325 16324 16331 16328 16329 16329 16331 16327 16332 16332 16328 16326 16326 16327 16328 16326 16335 16328 16328 16331 16329 16332 16329 16331 16327 16326 16328 16328 16327 16327 16324 16326 16329 16328 16331 16328 16325 16327 16331 16333 16329 16331 16326 16329 16329 16330 16325 16329 16328 16327 16332 16324 16330 16333 16329 16327 16327 16330 16328 16328 16326 16326 16329 16328 16328 16327 16326 16331 16327 16330 16329 16332 16328 16330 16325 16329 16327 16328 16323 16329 16328 16330 16329 16329 16328 16330 16329 16328 16329 16326 16325 16327 16323 16327 16328 16329 16324 16328 16327 16327 16326 16324 16327 16328 16326 16326 16327 16326 16326 16328 16329 16323 16326 16328 16330 16331 16325 16328 16327 16327 16325 16327 16327 16329 16326 16332 16327 16325 16328 16327 16325 16326 16326 16328 16327 16329 16326 16328 16327 16327 16330 16330 16326 181 1982 304 14614 
0 16327 16324 16323 16327 16328 16324 16324 16327 16321 16323 16323 16327 16325 16326 16349 16297 16353 16321 16329 16326 16325 16325 16325 16327 16324 16327 16319 16327 16324 16325 16321 16328 16325 16326 16320 16321 16324 16329 16323 16324 16323 16328 16327 16324 16327 16324 16322 16324 16325 16326 16325 16327 16326 16325 16327 16325 16324 16325 16326 16326 16323 16326 16326 16315 16330 16318 16325 16322 16320 16322 16327 16327 16327 16322 16324 16328 16324 16324 16326 16328 16326 16324 16326 16329 16329 16328 16328 16326 16327 16323 16324 16329 16329 16323 16324 16322 16324 16322 16323 16323 16324 16325 16328 16328 16329 16329 16328 16330 16323 16326 16320 16325 16326 16326 16327 16327 16325 16325 16325 16326 16324 16329 16327 16325 16324 16326 16324 16326 16323 16325 16328 16329 16325 16326 16328 16323 16323 16325 16325 16328 16325 16324 16323 16324 16327 16327 16328 16324 16325 16323 16325 16327 16327 16326 16328 16324 16324 16329 16323 16326 16324 16325 16324 16327 16325 16326 16325 16325 16322 16329 16326 16327 16325 16325 16322 16323 16326 16328 16324 16326 16324 16328 16323 16324 16324 16325 16324 16325 16322 16323 16326 16325 16322 16328 16328 16325 16322 16326 16325 16327 16325 16328 16325 16329 16325 16330 16323 16327 16321 16322 16327 16326 16322 16324 16325 16326 16325 16326 16325 16324 16322 16327 16327 16328 16325 16323 16326 16323 16324 16327 16327 16324 16327 16327 16327 16326 16334 16332 16322 16325 16322 16324 16324 16326 16323 16320 16325 16327 16329 16324 16326 16326 16326 16327 16326 16324 16325 186 898 304 14614 
0 16331 16330 16330 16332 16327 16329 16328 16330 16330 16330 16330 16332 16332 16328 16329 16329 16329 16331 16328 16330 16329 16327 16330 16332 16329 16333 16329 16327 16331 16335 16328 16331 16327 16331 16327 16329 16329 16331 16329 16331 16329 16328 16330 16333 16328 16333 16329 16330 16329 16333 16333 16331 16331 16333 16332 16327 16329 16333 16325 16331 16332 16328 16372 16246 10 16281 16366 16303 16352 16312 16344 16321 16336 16323 16333 16324 16333 16327 16332 16326 16328 16329 16331 16330 16332 16330 16329 16327 16329 16332 16331 16330 16328 16329 16328 16328 16329 16331 16328 16327 16325 16327 16326 16326 16327 16331 16330 16328 16332 16327 16331 16329 16330 16327 16327 16322 16328 16329 16327 16328 16330 16330 16330 16331 16333 16331 16329 16329 16329 16331 16333 16331 16333 16332 16328 16336 16325 16331 16327 16332 16331 16329 16332 16334 16329 16331 16329 16327 16331 16333 16327 16329 16334 16332 16334 16330 16331 16332 16332 16333 16330 16335 16335 16332 16327 16331 16330 16328 16332 16328 16329 16328 16328 16332 16328 16326 16330 16328 16330 16326 16326 16332 16331 16330 16328 16329 16328 16329 16330 16327 16330 16325 16326 16331 16329 16329 16326 16329 16328 16330 16328 16335 16329 16332 16329 16335 16327 16329 16330 16333 16330 16331 16328 16332 16333 16328 16329 16332 16326 16333 16325 16332 16330 16327 16325 16333 16330 16331 16329 16331 16329 16327 16328 16330 16329 16329 16329 16333 16333 16331 16331 16329 16328 16326 16330 16332 16327 16329 16327 16332 16337 16327 16334 16329 16325 16326 16326 195 8136 304 14614 
0 16329 16327 16329 16326 16324 16324 16322 16326 16321 16321 16328 16325 16327 16327 16325 16324 16326 16326 16324 16327 16330 16326 16324 16329 16323 16327 16325 16324 16325 16327 16325 16326 16324 16327 16325 16324 16327 16327 16322 16325 16328 16325 16325 16322 16325 16328 16326 16325 16329 16324 16325 16323 16330 16325 16322 16327 16324 16325 16327 16326 16324 16327 16362 16246 11 16274 16365 16292 16349 16306 16340 16312 16333 16317 16325 16322 16329 16321 16323 16324 16328 16320 16322 16324 16326 16322 16322 16324 16323 16322 16326 16326 16325 16326 16322 16325 16326 16327 16323 16328 16324 16323 16324 16324 16323 16325 16322 16326 16322 16323 16324 16321 16326 16322 16327 16325 16323 16323 16324 16326 16326 16326 16329 16327 16323 16328 16324 16321 16329 16325 16329 16327 16332 16325 16327 16324 16324 16327 16323 16325 16328 16327 16324 16326 16329 16329 16327 16324 16328 16328 16327 16323 16326 16328 16324 16323 16323 16328 16326 16324 16323 16326 16329 16328 16327 16325 16324 16326 16326 16324 16329 16324 16324 16326 16331 16327 16326 16329 16326 16326 16326 16326 16329 16321 16327 16327 16326 16328 16327 16326 16321 16324 16326 16328 16327 16326 16329 16324 16329 16326 16327 16324 16326 16320 16326 16324 16328 16325 16328 16321 16326 16323 16320 16325 16321 16327 16326 16327 16324 16323 16326 16326 16324 16322 16323 16327 16325 16324 16326 16323 16322 16323 16324 16326 16323 16325 16325 16325 16324 16326 16323 16327 16326 16326 16323 16322 16322 16326 16328 16323 16328 16324 16326 16325 16325 16322 16327 200 8968 304 14614 
0 16327 16326 16323 16326 16327 16326 16329 16327 16326 16327 16328 16331 16328 16326 16326 16328 16324 16321 16327 16319 16319 16329 16331 16334 16326 16324 16324 16321 16328 16322 16326 16327 16325 16325 16325 16327 16326 16324 16323 16324 16328 16327 16325 16327 16325 16325 16327 16326 16326 16321 16325 16326 16328 16324 16325 16328 16327 16323 16328 16324 16329 16326 16371 16259 5 16288 16352 16301 16342 16314 16336 16321 16329 16320 16328 16321 16328 16320 16324 16322 16326 16327 16325 16329 16326 16328 16329 16327 16324 16323 16320 16324 16328 16328 16323 16328 16323 16321 16325 16322 16321 16326 16325 16324 16325 16324 16324 16324 16325 16323 16325 16328 16324 16325 16323 16328 16326 16326 16325 16325 16327 16326 16327 16322 16324 16328 16329 16329 16327 16327 16328 16325 16326 16335 16327 16327 16327 16328 16327 16326 16327 16327 16328 16327 16326 16326 16329 16329 16327 16331 16326 16323 16330 16323 16331 16328 16322 16326 16324 16327 16330 16329 16329 16325 16321 16325 16323 16323 16329 16328 16328 16324 16327 16327 16329 16329 16329 16324 16328 16325 16329 16325 16332 16324 16326 16327 16330 16329 16327 16325 16326 16327 16324 16323 16328 16327 16323 16329 16326 16323 16333 16326 16324 16325 16328 16329 16329 16327 16327 16330 16329 16331 16326 16330 16325 16329 16324 16323 16330 16329 16325 16331 16326 16332 16327 16325 16329 16322 16330 16331 16327 16327 16327 16327 16325 16326 16329 16322 16324 16328 16326 16327 16325 16326 16327 16324 16328 16329 16326 16327 16324 16325 16326 16322 16328 16323 16325 205 8333 304 14614 
0 16328 16329 16328 16327 16331 16326 16329 16328 16326 16327 16327 16326 16326 16324 16324 16329 16326 16325 16322 16328 16328 16328 16326 16324 16325 16327 16329 16326 16330 16324 16323 16324 16325 16325 16329 16327 16325 16323 16328 16327 16323 16326 16323 16324 16324 16328 16326 16324 16330 16324 16327 16328 16327 16327 16326 16323 16329 16327 16327 16327 16331 16326 16327 16316 16327 16322 16325 16327 16328 16326 16329 16324 16324 16325 16326 16327 16327 16325 16336 16332 16295 16354 16301 16349 16305 16339 16313 16338 16317 16332 16317 16331 16320 16327 16322 16327 16320 16324 16323 16330 16324 16326 16327 16325 16326 16325 16324 16322 16326 16325 16328 16323 16322 16324 16325 16327 16327 16329 16326 16326 16329 16326 16325 16327 16326 16317 16334 16320 16327 16325 16324 16321 16327 16323 16328 16328 16326 16325 16328 16325 16327 16324 16325 16333 16329 16328 16324 16324 16330 16321 16327 16328 16330 16329 16329 16324 16326 16324 16330 16326 16329 16325 16319 16329 16328 16328 16326 16330 16331 16325 16329 16326 16325 16327 16327 16331 16328 16323 16327 16328 16331 16324 16328 16328 16325 16326 16326 16327 16330 16325 16328 16321 16331 16323 16326 16330 16330 16328 16326 16331 16329 16327 16328 16331 16322 16326 16329 16329 16325 16328 16329 16328 16328 16326 16326 16325 16327 16327 16328 16327 16327 16326 16324 16326 16326 16326 16328 16327 16326 16326 16331 16327 16324 16328 16326 16327 16329 16326 16326 16329 16329 16324 16328 16325 16327 16335 16327 16328 16326 16328 16327 16325 16324 16325 16323 16325 16327 210 6701 304 14614 
0 16325 16328 16325 16325 16326 16327 16326 16327 16325 16325 16326 16323 16326 16323 16325 16324 16326 16324 16323 16330 16324 16326 16327 16328 16325 16325 16327 16327 16325 16323 16327 16325 16325 16327 16323 16325 16328 16325 16327 16328 16323 16327 16330 16327 16327 16328 16324 16328 16331 16332 16325 16328 16330 16322 16327 16325 16328 16329 16326 16324 16326 16327 16335 16299 16355 16296 16347 16302 16338 16314 16335 16315 16330 16318 16328 16321 16328 16318 16323 16318 16325 16323 16327 16327 16325 16325 16324 16327 16324 16326 16331 16325 16328 16322 16324 16323 16323 16325 16327 16327 16323 16324 16326 16322 16327 16327 16326 16326 16324 16320 16330 16320 16328 16323 16326 16322 16330 16322 16328 16322 16324 16325 16326 16323 16326 16329 16330 16327 16327 16328 16328 16326 16325 16327 16327 16325 16333 16329 16325 16325 16325 16325 16325 16329 16324 16329 16326 16326 16327 16329 16327 16328 16329 16327 16324 16326 16328 16331 16327 16323 16326 16328 16328 16328 16327 16326 16329 16325 16325 16327 16327 16327 16329 16325 16325 16325 16324 16329 16324 16324 16328 16326 16325 16327 16327 16324 16324 16327 16325 16327 16324 16327 16325 16324 16327 16323 16320 16329 16329 16326 16328 16327 16326 16324 16325 16326 16329 16325 16326 16330 16329 16326 16329 16324 16327 16328 16327 16323 16330 16325 16327 16322 16326 16329 16326 16325 16326 16327 16329 16326 16326 16332 16324 16325 16332 16324 16328 16329 16329 16325 16323 16329 16322 16327 16326 16326 16323 16327 16327 16325 16324 16327 16329 16328 16325 16327 16330 215 5101 304 14614 
0 16331 16330 16334 16333 16333 16330 16329 16333 16332 16329 16332 16335 16333 16335 16333 16332 16332 16332 16335 16330 16334 16333 16333 16334 16330 16334 16327 16331 16335 16330 16331 16332 16330 16328 16333 16333 16335 16332 16333 16331 16334 16334 16331 16335 16327 16333 16330 16329 16335 16331 16333 16329 16330 16333 16334 16333 16332 16332 16330 16335 16330 16336 16340 16305 16364 16300 16355 16311 16343 16316 16338 16323 16341 16329 16333 16327 16335 16329 16332 16330 16330 16331 16333 16333 16333 16332 16331 16334 16332 16334 16334 16335 16334 16333 16330 16332 16333 16333 16334 16329 16331 16335 16327 16329 16330 16335 16331 16334 16332 16336 16326 16340 16326 16337 16327 16337 16331 16337 16325 16332 16329 16334 16334 16335 16333 16338 16334 16337 16334 16334 16338 16335 16336 16332 16330 16335 16334 16332 16332 16329 16329 16332 16332 16333 16329 16331 16332 16335 16328 16330 16335 16333 16333 16331 16332 16331 16332 16335 16336 16329 16331 16334 16330 16326 16333 16334 16331 16332 16332 16329 16330 16329 16334 16331 16333 16330 16334 16331 16329 16333 16329 16336 16332 16336 16333 16331 16331 16329 16330 16331 16331 16332 16332 16333 16337 16334 16334 16333 16332 16329 16333 16332 16329 16333 16332 16331 16335 16334 16332 16334 16335 16333 16331 16331 16334 16331 16331 16332 16334 16330 16333 16337 16335 16333 16332 16335 16330 16332 16333 16331 16331 16336 16332 16337 16335 16334 16331 16336 16331 16333 16329 16334 16334 16338 16334 16334 16335 16336 16335 16333 16336 16331 16331 16332 16332 16334 16334 224 12862 304 14614 
0 16325 16323 16327 16325 16326 16327 16329 16326 16324 16326 16327 16327 16324 16329 16328 16329 16326 16329 16324 16328 16325 16325 16329 16324 16324 16328 16326 16325 16327 16328 16326 16328 16324 16324 16324 16327 16327 16327 16329 16321 16327 16324 16327 16323 16323 16326 16329 16325 16326 16326 16327 16324 16326 16323 16326 16327 16323 16326 16322 16322 16326 16322 16377 16239 18 16275 16364 16294 16345 16308 16337 16315 16330 16320 16324 16321 16330 16327 16324 16327 16326 16319 16327 16321 16325 16324 16327 16325 16325 16326 16322 16325 16320 16328 16319 16326 16323 16324 16324 16320 16323 16324 16328 16322 16326 16321 16328 16322 16326 16323 16324 16321 16326 16322 16329 16325 16323 16325 16331 16325 16324 16328 16328 16328 16325 16332 16331 16327 16331 16331 16326 16327 16325 16327 16327 16328 16327 16327 16325 16330 16327 16325 16326 16328 16322 16329 16325 16324 16330 16324 16326 16334 16328 16327 16328 16327 16322 16330 16326 16326 16326 16328 16327 16328 16323 16323 16326 16329 16324 16328 16325 16325 16325 16328 16325 16328 16329 16329 16325 16330 16326 16325 16322 16330 16325 16328 16324 16325 16328 16323 16324 16327 16327 16327 16327 16322 16325 16326 16326 16329 16328 16328 16348 16331 16329 16330 16326 16326 16326 16326 16324 16323 16328 16326 16323 16329 16326 16327 16327 16329 16327 16327 16330 16327 16325 16326 16327 16323 16325 16328 16325 16329 16326 16324 16326 16322 16325 16326 16328 16328 16325 16326 16325 16328 16325 16329 16323 16326 16324 16325 16323 16324 16325 16328 16326 16327 16327 229 14182 304 14614 
0 16322 16324 16331 16326 16324 16327 16326 16324 16326 16327 16324 16325 16323 16325 16328 16325 16325 16326 16325 16326 16323 16325 16328 16326 16327 16323 16327 16327 16327 16325 16326 16324 16325 16324 16329 16327 16325 16326 16328 16326 16326 16324 16324 16322 16329 16330 16327 16329 16324 16327 16325 16325 16322 16323 16328 16325 16324 16328 16327 16322 16322 16326 16372 16280 16356 16323 16329 16325 16324 16329 16323 16325 16320 16326 16323 16327 16323 16325 16323 16326 16323 16329 16323 16326 16325 16328 16325 16322 16326 16325 16327 16322 16323 16325 16321 16322 16327 16326 16322 16329 16324 16326 16319 16324 16324 16321 16330 16322 16327 16323 16323 16321 16324 16326 16325 16327 16325 16327 16326 16328 16326 16328 16328 16323 16326 16325 16327 16327 16325 16327 16329 16329 16328 16329 16324 16331 16325 16325 16327 16325 16327 16327 16323 16325 16327 16326 16322 16328 16323 16324 16328 16323 16329 16329 16329 16325 16323 16326 16327 16327 16326 16324 16326 16329 16325 16328 16328 16328 16323 16330 16324 16326 16327 16327 16326 16323 16327 16327 16323 16325 16327 16327 16327 16325 16327 16326 16329 16325 16327 16325 16328 16324 16328 16324 16323 16329 16324 16328 16325 16339 16333 16331 16325 16328 16326 16324 16326 16329 16326 16325 16322 16327 16325 16325 16327 16327 16328 16326 16322 16328 16327 16324 16328 16328 16327 16326 16326 16329 16328 16327 16330 16325 16330 16329 16328 16329 16326 16327 16327 16328 16327 16329 16324 16324 16325 16327 16325 16325 16324 16328 16325 16325 16328 16325 16324 16329 16323 234 13050 304 14614 
0 16326 16325 16328 16327 16326 16328 16323 16326 16325 16326 16327 16328 16328 16323 16324 16328 16324 16332 16327 16329 16326 16327 16325 16326 16328 16324 16324 16322 16328 16329 16329 16323 16325 16328 16326 16327 16327 16327 16325 16326 16326 16325 16328 16327 16329 16326 16326 16326 16323 16324 16330 16324 16326 16323 16324 16328 16325 16328 16326 16327 16329 16324 16331 16316 16329 16328 16323 16331 16324 16324 16330 16324 16326 16325 16324 16325 16328 16323 16329 16326 16326 16328 16323 16325 16327 16326 16326 16328 16327 16324 16326 16324 16325 16328 16325 16323 16324 16326 16326 16328 16325 16327 16327 16325 16326 16325 16325 16328 16329 16326 16326 16327 16328 16324 16324 16324 16327 16325 16321 16327 16324 16328 16321 16323 16327 16326 16324 16325 16327 16324 16328 16323 16326 16330 16327 16328 16326 16329 16329 16323 16328 16327 16327 16325 16327 16323 16325 16324 16326 16325 16327 16326 16328 16325 16327 16322 16330 16324 16329 16326 16323 16323 16325 16328 16327 16329 16326 16323 16328 16321 16321 16328 16328 16325 16324 16324 16328 16326 16323 16325 16326 16324 16327 16326 16324 16325 16329 16328 16324 16322 16328 16326 16326 16328 16326 16328 16325 16322 16325 16328 16329 16324 16331 16323 16326 16328 16327 16327 16325 16333 16335 16279 16367 16286 16351 16299 16345 16311 16338 16312 16333 16318 16329 16319 16330 16321 16328 16322 16332 16325 16322 16323 16327 16321 16324 16326 16326 16328 16326 16327 16325 16326 16327 16324 16325 16319 16323 16327 16324 16324 16327 16322 16317 16330 16320 16324 16324 239 11775 304 14614 
0 16329 16324 16327 16325 16328 16329 16328 16325 16326 16324 16326 16327 16328 16322 16323 16327 16327 16328 16327 16323 16329 16327 16321 16325 16322 16325 16323 16327 16322 16329 16325 16323 16325 16327 16328 16324 16322 16328 16324 16329 16328 16324 16325 16325 16327 16321 16327 16322 16327 16327 16323 16326 16323 16328 16323 16326 16328 16327 16328 16325 16323 16322 16376 16246 7 16281 16359 16302 16341 16313 16335 16318 16329 16322 16329 16322 16325 16327 16324 16323 16326 16321 16328 16324 16323 16326 16325 16324 16322 16324 16324 16325 16323 16324 16323 16326 16322 16325 16329 16326 16323 16326 16324 16329 16326 16325 16327 16325 16317 16334 16319 16324 16323 16321 16322 16329 16326 16326 16322 16325 16327 16321 16327 16326 16329 16326 16329 16327 16328 16325 16328 16326 16330 16325 16328 16326 16328 16322 16328 16328 16329 16325 16326 16325 16326 16325 16324 16324 16328 16327 16327 16324 16323 16323 16325 16326 16325 16323 16323 16323 16326 16327 16328 16324 16325 16328 16324 16327 16325 16324 16327 16325 16328 16326 16326 16324 16326 16329 16326 16330 16324 16326 16330 16323 16328 16331 16324 16324 16329 16325 16327 16322 16325 16321 16328 16327 16323 16326 16328 16328 16329 16331 16328 16324 16330 16325 16326 16328 16327 16323 16322 16328 16326 16321 16325 16323 16327 16327 16324 16322 16327 16324 16325 16327 16324 16327 16326 16329 16325 16325 16327 16325 16327 16329 16328 16322 16326 16322 16326 16328 16327 16326 16326 16325 16326 16324 16325 16328 16326 16329 16328 16328 16324 16329 16326 16323 16323 244 10305 304 14614 
0 16329 16328 16324 16330 16332 16331 16331 16329 16328 16330 16331 16329 16329 16331 16330 16329 16328 16330 16325 16330 16329 16330 16330 16327 16330 16328 16327 16329 16327 16327 16329 16330 16333 16326 16328 16333 16328 16330 16327 16331 16328 16330 16330 16331 16328 16328 16331 16327 16327 16326 16329 16329 16331 16331 16328 16329 16327 16333 16327 16327 16331 16327 16354 16263 16381 16280 16364 16295 16356 16310 16343 16316 16335 16320 16333 16325 16330 16325 16330 16329 16328 16325 16329 16327 16327 16327 16331 16328 16328 16330 16329 16331 16326 16328 16326 16330 16327 16327 16326 16325 16329 16328 16328 16325 16328 16330 16325 16331 16328 16322 16326 16329 16323 16327 16321 16328 16325 16329 16329 16329 16329 16325 16331 16331 16333 16330 16333 16329 16330 16328 16329 16330 16331 16334 16327 16333 16329 16332 16328 16330 16332 16332 16332 16328 16330 16331 16326 16334 16329 16324 16331 16332 16331 16330 16327 16331 16332 16332 16329 16329 16328 16329 16327 16330 16327 16330 16333 16329 16329 16330 16329 16331 16331 16332 16329 16331 16327 16329 16335 16327 16327 16331 16332 16330 16331 16330 16330 16331 16333 16330 16325 16327 16331 16328 16327 16333 16333 16327 16333 16327 16329 16332 16332 16327 16331 16330 16329 16331 16331 16332 16331 16332 16331 16332 16330 16333 16330 16328 16329 16332 16328 16330 16328 16331 16326 16332 16332 16329 16329 16333 16330 16331 16329 16328 16330 16331 16330 16329 16328 16330 16332 16334 16333 16332 16327 16330 16330 16329 16331 16331 16331 16333 16327 16326 16330 16329 16330 254 6094 304 14614 
0 16327 16327 16323 16324 16324 16326 16324 16324 16323 16326 16328 16326 16325 16329 16324 16324 16327 16326 16321 16325 16326 16324 16322 16327 16327 16324 16325 16324 16325 16322 16327 16325 16323 16323 16325 16325 16323 16327 16324 16325 16324 16320 16324 16326 16327 16326 16325 16327 16324 16325 16324 16327 16328 16326 16323 16323 16328 16325 16325 16327 16324 16326 16374 16247 11 16281 16360 16298 16345 16313 16338 16315 16331 16316 16324 16320 16325 16321 16323 16325 16323 16324 16323 16323 16325 16328 16324 16319 16324 16324 16327 16327 16326 16326 16325 16321 16322 16325 16324 16323 16320 16319 16323 16320 16322 16325 16323 16325 16315 16328 16318 16325 16326 16320 16325 16326 16320 16326 16323 16324 16325 16326 16326 16326 16327 16332 16326 16324 16331 16329 16328 16325 16325 16324 16322 16326 16329 16327 16326 16319 16326 16327 16326 16324 16323 16327 16327 16323 16326 16327 16323 16324 16326 16328 16326 16327 16327 16330 16325 16324 16325 16325 16328 16319 16326 16325 16317 16322 16323 16324 16326 16329 16325 16324 16327 16326 16327 16327 16330 16326 16328 16325 16326 16332 16325 16328 16326 16330 16324 16327 16326 16325 16323 16320 16322 16326 16326 16324 16325 16325 16325 16327 16326 16328 16327 16328 16324 16322 16324 16325 16327 16328 16329 16325 16329 16326 16323 16325 16322 16329 16326 16326 16326 16332 16329 16326 16324 16327 16327 16326 16326 16327 16324 16323 16322 16323 16326 16327 16322 16329 16325 16323 16324 16323 16326 16324 16327 16322 16327 16327 16324 16324 16328 16327 16325 16323 16328 259 8394 304 14614 
0 16322 16323 16321 16327 16324 16320 16329 16328 16321 16327 16324 16321 16325 16326 16325 16326 16326 16326 16322 16323 16324 16326 16325 16326 16323 16322 16325 16320 16329 16327 16328 16326 16326 16327 16330 16321 16324 16326 16328 16326 16322 16325 16326 16326 16327 16322 16327 16324 16323 16327 16320 16324 16326 16326 16323 16324 16321 16324 16325 16325 16327 16323 16353 16300 16340 16327 16324 16326 16319 16332 16322 16324 16320 16327 16324 16326 16321 16325 16321 16332 16318 16327 16322 16325 16325 16327 16325 16326 16325 16326 16322 16321 16325 16325 16322 16322 16323 16322 16328 16321 16327 16320 16324 16321 16321 16322 16323 16329 16325 16322 16321 16327 16324 16323 16325 16322 16328 16322 16325 16323 16326 16325 16326 16323 16325 16325 16323 16328 16328 16324 16327 16329 16327 16325 16328 16328 16326 16323 16326 16328 16324 16326 16324 16326 16328 16326 16328 16328 16327 16324 16326 16326 16326 16329 16327 16326 16326 16324 16327 16325 16324 16325 16324 16326 16326 16325 16324 16325 16323 16328 16325 16327 16326 16326 16325 16325 16324 16324 16327 16329 16326 16321 16329 16327 16324 16323 16326 16328 16323 16326 16326 16324 16323 16327 16325 16324 16326 16326 16325 16327 16326 16330 16325 16328 16328 16331 16325 16329 16323 16327 16325 16327 16322 16325 16325 16324 16326 16325 16325 16324 16324 16331 16327 16329 16325 16327 16327 16326 16330 16325 16321 16323 16326 16326 16328 16327 16326 16324 16325 16329 16325 16325 16326 16328 16322 16324 16324 16326 16323 16323 16324 16327 16325 16327 16326 16324 16323 264 10692 304 14614 
0 16327 16325 16330 16327 16329 16328 16329 16328 16324 16326 16333 16330 16324 16323 16323 16326 16329 16325 16329 16325 16327 16327 16325 16324 16326 16329 16328 16326 16329 16330 16327 16326 16334 16338 16328 16327 16326 16326 16323 16328 16328 16327 16328 16331 16324 16325 16331 16325 16327 16328 16327 16327 16325 16324 16327 16323 16332 16331 16333 16326 16328 16328 16363 16249 6 16274 16367 16296 16352 16311 16344 16313 16331 16320 16331 16316 16328 16320 16323 16324 16325 16323 16325 16325 16325 16327 16325 16324 16329 16328 16327 16326 16327 16329 16329 16327 16325 16330 16324 16322 16327 16327 16329 16326 16326 16329 16325 16329 16322 16330 16319 16328 16322 16326 16320 16324 16325 16326 16326 16327 16329 16328 16324 16329 16326 16327 16329 16328 16324 16330 16329 16330 16328 16328 16327 16326 16328 16327 16328 16326 16328 16326 16328 16326 16327 16324 16329 16324 16327 16331 16324 16326 16325 16327 16329 16327 16329 16329 16328 16327 16324 16327 16328 16329 16327 16325 16325 16331 16326 16328 16328 16326 16332 16326 16326 16326 16328 16325 16329 16327 16327 16329 16329 16326 16329 16328 16331 16325 16326 16328 16323 16327 16328 16328 16328 16331 16328 16327 16325 16326 16325 16326 16329 16329 16329 16329 16327 16328 16329 16324 16330 16326 16327 16328 16324 16330 16330 16328 16326 16326 16331 16327 16329 16326 16327 16326 16328 16327 16323 16328 16327 16328 16323 16326 16327 16330 16327 16331 16327 16329 16331 16324 16328 16328 16326 16326 16329 16328 16326 16330 16325 16326 16325 16324 16326 16325 16324 269 12499 304 14614 
0 16331 16326 16326 16324 16324 16326 16326 16324 16324 16327 16326 16324 16328 16324 16323 16324 16322 16329 16327 16326 16326 16327 16324 16327 16328 16329 16325 16331 16324 16326 16328 16324 16326 16328 16325 16326 16331 16324 16327 16327 16329 16324 16326 16327 16324 16326 16324 16326 16328 16327 16326 16326 16327 16325 16324 16328 16326 16327 16324 16328 16326 16338 16333 16275 16375 16282 16359 16296 16349 16306 16343 16310 16336 16318 16324 16323 16329 16323 16326 16323 16315 16322 16326 16322 16331 16327 16325 16325 16327 16326 16328 16324 16320 16329 16325 16325 16324 16326 16323 16328 16325 16323 16322 16321 16327 16319 16328 16321 16325 16323 16322 16325 16327 16325 16323 16327 16328 16327 16326 16326 16324 16327 16328 16327 16328 16329 16326 16328 16328 16329 16327 16327 16323 16330 16330 16328 16323 16328 16326 16325 16323 16325 16324 16327 16326 16331 16327 16328 16328 16327 16328 16327 16330 16331 16329 16328 16329 16328 16330 16329 16323 16328 16328 16325 16326 16325 16324 16322 16327 16330 16325 16329 16325 16325 16325 16325 16328 16328 16327 16324 16325 16326 16326 16325 16324 16329 16326 16326 16327 16326 16328 16326 16326 16326 16329 16326 16324 16330 16328 16328 16325 16325 16330 16329 16326 16327 16326 16326 16328 16326 16326 16324 16327 16330 16328 16327 16328 16325 16325 16326 16326 16327 16324 16323 16329 16324 16325 16326 16326 16327 16325 16326 16324 16324 16326 16327 16326 16331 16320 16328 16329 16326 16322 16324 16319 16325 16325 16327 16326 16326 16323 16325 16324 16322 16325 16322 16325 274 11372 304 14614 
0 16327 16325 16328 16326 16328 16327 16327 16328 16323 16329 16321 16327 16325 16327 16326 16333 16327 16307 16349 16301 16343 16307 16340 16315 16336 16316 16332 16323 16328 16322 16325 16322 16331 16322 16326 16327 16324 16323 16329 16324 16324 16325 16326 16327 16328 16323 16327 16327 16325 16323 16323 16325 16327 16326 16319 16325 16323 16321 16324 16326 16325 16324 16327 16313 16330 16322 16328 16321 16326 16328 16323 16323 16326 16323 16327 16325 16324 16324 16324 16331 16329 16328 16329 16326 16328 16330 16327 16329 16326 16327 16328 16324 16326 16323 16323 16328 16327 16326 16324 16324 16329 16324 16323 16326 16324 16327 16324 16327 16328 16325 16326 16326 16327 16322 16326 16323 16323 16325 16322 16326 16327 16326 16326 16325 16326 16326 16324 16326 16324 16323 16324 16327 16327 16322 16327 16329 16327 16323 16323 16326 16326 16324 16323 16327 16326 16328 16324 16327 16329 16325 16320 16324 16322 16324 16328 16326 16329 16325 16326 16329 16325 16325 16328 16327 16328 16326 16325 16324 16326 16326 16323 16325 16322 16323 16326 16323 16322 16322 16322 16322 16325 16328 16327 16328 16326 16323 16327 16326 16323 16324 16326 16326 16324 16324 16324 16322 16323 16327 16321 16327 16321 16326 16323 16326 16325 16324 16326 16325 16327 16325 16326 16327 16324 16327 16327 16324 16324 16328 16328 16326 16322 16324 16326 16326 16328 16329 16327 16321 16324 16323 16323 16327 16325 16326 16322 16322 16323 16325 16322 16325 16326 16328 16326 16324 16326 16327 16329 16321 16324 16324 16326 16323 16323 16329 16326 16328 16323 285 1100 304 14614 
0 16327 16330 16322 16326 16329 16328 16325 16324 16325 16329 16329 16325 16324 16326 16322 16372 16252 3 16287 16354 16305 16344 16312 16331 16317 16327 16318 16327 16319 16332 16321 16326 16322 16322 16322 16326 16328 16326 16323 16324 16323 16323 16326 16323 16324 16322 16323 16324 16323 16325 16324 16326 16323 16327 16324 16322 16320 16325 16327 16323 16326 16321 16333 16315 16334 16314 16326 16323 16329 16323 16327 16323 16324 16323 16327 16323 16326 16325 16329 16327 16326 16325 16325 16326 16330 16327 16328 16326 16327 16325 16324 16326 16323 16326 16327 16325 16326 16322 16324 16328 16323 16328 16328 16328 16326 16325 16329 16327 16322 16326 16326 16327 16327 16322 16326 16327 16330 16324 16326 16325 16329 16326 16323 16324 16328 16323 16332 16326 16326 16326 16326 16325 16324 16325 16328 16323 16322 16326 16326 16327 16326 16324 16327 16326 16325 16327 16326 16323 16324 16327 16324 16325 16325 16328 16320 16325 16327 16328 16329 16322 16326 16325 16323 16329 16325 16323 16333 16326 16328 16326 16325 16324 16327 16328 16326 16326 16328 16327 16326 16325 16327 16323 16328 16323 16323 16325 16327 16325 16327 16327 16326 16323 16327 16323 16325 16325 16322 16325 16326 16324 16325 16324 16326 16325 16327 16329 16328 16328 16327 16325 16324 16327 16323 16328 16323 16326 16325 16325 16327 16325 16327 16323 16322 16328 16327 16327 16330 16329 16325 16327 16327 16327 16327 16331 16323 16327 16327 16325 16325 16330 16327 16324 16327 16324 16322 16327 16330 16326 16324 16323 16326 16326 16329 16325 16325 16322 16329 290 4379 304 14614 
0 16334 16333 16329 16328 16335 16332 16335 16333 16331 16334 16336 16335 16331 16332 16335 16333 16333 16333 16335 16328 16332 16329 16333 16332 16329 16331 16329 16336 16330 16334 16330 16335 16334 16337 16330 16334 16334 16334 16332 16333 16335 16329 16334 16333 16333 16336 16336 16332 16332 16332 16331 16334 16334 16336 16333 16338 16331 16334 16331 16333 16329 16330 16372 16262 2 16287 16369 16308 16354 16316 16347 16324 16342 16322 16335 16325 16334 16324 16330 16328 16333 16327 16333 16335 16333 16329 16333 16330 16333 16333 16335 16332 16333 16335 16328 16334 16333 16331 16332 16331 16331 16336 16326 16331 16334 16332 16329 16333 16332 16332 16328 16330 16336 16328 16335 16329 16330 16331 16336 16328 16328 16337 16333 16333 16334 16335 16333 16336 16338 16335 16334 16334 16332 16339 16335 16335 16334 16334 16338 16339 16335 16333 16333 16332 16331 16335 16333 16335 16332 16334 16335 16335 16333 16334 16334 16335 16334 16336 16333 16338 16333 16336 16335 16330 16335 16337 16334 16333 16334 16331 16333 16333 16333 16334 16336 16337 16333 16334 16337 16330 16333 16334 16333 16334 16328 16339 16335 16333 16335 16334 16329 16335 16332 16335 16331 16335 16331 16332 16333 16337 16329 16332 16334 16328 16336 16336 16335 16337 16335 16331 16335 16333 16332 16331 16332 16333 16335 16332 16333 16333 16333 16336 16331 16332 16330 16333 16331 16332 16331 16338 16332 16331 16335 16338 16333 16335 16332 16333 16335 16334 16335 16333 16333 16333 16331 16333 16337 16329 16334 16331 16327 16334 16330 16331 16335 16335 16337 295 4182 304 14614 
0 16327 16327 16325 16329 16323 16324 16323 16326 16325 16327 16326 16327 16324 16326 16323 16329 16328 16325 16328 16326 16323 16329 16323 16327 16322 16323 16327 16323 16323 16326 16323 16327 16328 16329 16329 16327 16326 16325 16326 16326 16324 16324 16322 16324 16324 16326 16324 16326 16324 16329 16324 16325 16325 16326 16327 16326 16321 16325 16327 16327 16328 16323 16368 16268 16377 16301 16346 16308 16339 16314 16330 16320 16323 16319 16326 16324 16329 16322 16324 16326 16323 16322 16322 16324 16323 16326 16322 16325 16327 16327 16324 16321 16325 16324 16324 16324 16323 16321 16326 16325 16323 16323 16324 16323 16325 16325 16324 16324 16322 16321 16324 16326 16325 16325 16319 16323 16325 16325 16324 16321 16324 16324 16323 16323 16325 16324 16327 16326 16323 16324 16327 16327 16323 16327 16328 16327 16326 16326 16326 16326 16326 16324 16324 16324 16323 16326 16326 16327 16324 16325 16324 16325 16327 16323 16328 16325 16328 16325 16328 16328 16332 16325 16327 16328 16325 16326 16326 16328 16326 16326 16325 16327 16326 16326 16328 16324 16327 16327 16327 16327 16323 16327 16325 16326 16324 16322 16325 16325 16323 16323 16326 16326 16321 16330 16323 16324 16327 16325 16320 16322 16329 16330 16327 16326 16328 16323 16329 16327 16328 16324 16324 16326 16326 16330 16328 16324 16324 16327 16329 16328 16329 16326 16323 16326 16324 16330 16327 16330 16324 16328 16328 16329 16325 16330 16326 16328 16324 16326 16327 16326 16325 16324 16328 16327 16327 16325 16326 16328 16327 16325 16326 16326 16326 16325 16328 16327 16328 300 5012 304 14614 
0 16325 16325 16325 16327 16327 16326 16326 16322 16322 16326 16325 16326 16324 16325 16326 16326 16322 16326 16323 16328 16327 16325 16324 16324 16327 16325 16325 16326 16326 16326 16327 16325 16326 16327 16320 16322 16326 16324 16325 16325 16325 16324 16327 16323 16325 16323 16324 16326 16324 16324 16328 16327 16325 16324 16326 16326 16322 16326 16323 16325 16327 16317 16361 16292 16345 16323 16326 16326 16322 16326 16321 16327 16322 16319 16319 16323 16321 16328 16320 16320 16326 16324 16320 16320 16330 16327 16323 16328 16322 16325 16324 16324 16318 16320 16321 16325 16327 16325 16322 16326 16323 16323 16321 16324 16321 16321 16325 16321 16329 16320 16328 16321 16327 16322 16327 16321 16322 16323 16324 16323 16326 16329 16326 16320 16323 16323 16324 16324 16326 16328 16327 16326 16326 16325 16329 16326 16326 16327 16324 16321 16327 16326 16329 16327 16329 16325 16327 16325 16324 16326 16324 16324 16329 16324 16327 16326 16323 16327 16324 16322 16325 16324 16326 16325 16325 16326 16326 16325 16331 16323 16325 16322 16321 16324 16325 16326 16325 16323 16321 16325 16326 16324 16326 16323 16330 16323 16326 16322 16325 16325 16325 16327 16325 16324 16326 16324 16322 16326 16326 16326 16326 16327 16326 16326 16328 16325 16326 16325 16323 16325 16322 16325 16324 16324 16323 16326 16329 16325 16324 16326 16324 16332 16325 16326 16328 16324 16326 16326 16325 16323 16328 16323 16324 16323 16326 16325 16323 16325 16327 16325 16326 16325 16323 16324 16325 16324 16324 16326 16324 16328 16325 16323 16323 16326 16324 16321 16324 0 7886 304 14086 
0 16325 16327 16329 16324 16327 16325 16323 16323 16327 16322 16324 16329 16322 16329 16320 16323 16324 16329 16324 16328 16327 16323 16325 16324 16324 16322 16326 16325 16322 16326 16326 16323 16323 16321 16324 16323 16325 16324 16327 16325 16322 16323 16327 16329 16323 16325 16322 16326 16324 16320 16327 16322 16325 16327 16324 16329 16328 16326 16327 16322 16326 16336 16332 16280 16368 16283 16355 16297 16346 16309 16334 16314 16334 16321 16328 16318 16324 16323 16325 16318 16321 16323 16324 16326 16326 16325 16326 16326 16324 16324 16324 16320 16331 16324 16326 16327 16323 16321 16321 16321 16323 16326 16322 16324 16324 16317 16325 16320 16323 16325 16319 16323 16326 16325 16325 16322 16328 16324 16324 16323 16323 16326 16325 16329 16329 16325 16325 16328 16327 16325 16324 16329 16327 16327 16329 16327 16329 16329 16323 16327 16327 16324 16330 16328 16324 16325 16325 16330 16328 16327 16324 16326 16328 16325 16323 16328 16328 16329 16324 16328 16325 16323 16323 16324 16325 16326 16327 16329 16324 16322 16325 16326 16329 16325 16325 16323 16324 16322 16329 16324 16326 16330 16328 16328 16325 16326 16326 16324 16325 16326 16324 16326 16327 16327 16325 16326 16328 16325 16323 16324 16328 16327 16326 16326 16326 16322 16323 16326 16324 16326 16323 16323 16322 16324 16323 16326 16324 16330 16323 16324 16327 16325 16326 16328 16326 16329 16327 16324 16323 16322 16324 16327 16323 16324 16323 16324 16323 16320 16323 16326 16328 16324 16327 16327 16325 16326 16324 16324 16323 16323 16327 16325 16322 16328 16325 16326 16326 10 13955 304 14086 
0 16324 16327 16323 16330 16324 16330 16327 16327 16325 16326 16328 16327 16330 16326 16328 16327 16324 16329 16327 16323 16329 16326 16324 16327 16323 16326 16325 16327 16327 16330 16327 16323 16322 16327 16329 16326 16325 16328 16326 16326 16328 16328 16326 16325 16328 16327 16322 16330 16328 16324 16326 16327 16331 16324 16328 16325 16327 16325 16327 16322 16325 16346 16317 16301 16361 16299 16349 16307 16339 16312 16337 16316 16329 16320 16327 16318 16327 16324 16325 16324 16328 16322 16324 16327 16329 16325 16322 16325 16324 16324 16324 16323 16326 16328 16326 16325 16321 16327 16324 16326 16322 16328 16329 16324 16327 16325 16328 16326 16324 16323 16328 16328 16329 16327 16328 16328 16327 16326 16328 16326 16330 16329 16328 16332 16328 16331 16328 16331 16330 16329 16336 16328 16334 16328 16331 16328 16328 16329 16333 16330 16328 16332 16329 16329 16330 16326 16332 16331 16330 16326 16324 16326 16332 16327 16332 16329 16334 16332 16328 16328 16331 16329 16329 16331 16330 16332 16332 16332 16329 16326 16329 16331 16331 16332 16333 16330 16327 16329 16331 16331 16328 16331 16333 16328 16327 16331 16330 16328 16331 16327 16330 16328 16324 16330 16326 16329 16332 16329 16329 16330 16327 16326 16328 16332 16326 16331 16329 16330 16328 16328 16328 16327 16332 16328 16332 16329 16333 16332 16326 16331 16325 16328 16334 16332 16329 16332 16324 16331 16329 16328 16330 16326 16329 16330 16328 16330 16329 16331 16331 16329 16325 16328 16327 16323 16327 16331 16325 16329 16329 16327 16329 16330 16328 16330 16327 16328 16331 15 15275 304 14086 
0 16327 16326 16329 16326 16326 16327 16329 16326 16328 16327 16329 16324 16329 16326 16329 16324 16324 16327 16326 16327 16328 16327 16323 16327 16330 16328 16330 16326 16328 16327 16325 16328 16329 16326 16329 16323 16329 16330 16327 16327 16331 16328 16333 16326 16329 16328 16324 16328 16327 16323 16328 16330 16326 16326 16330 16324 16326 16325 16325 16326 16332 16325 0 16242 9 16275 16366 16301 16347 16313 16335 16315 16332 16321 16328 16324 16326 16319 16327 16325 16329 16326 16328 16325 16326 16325 16326 16323 16329 16326 16330 16327 16325 16325 16325 16325 16325 16321 16322 16327 16329 16328 16326 16329 16320 16335 16324 16329 16327 16323 16322 16326 16326 16326 16325 16329 16327 16327 16327 16327 16330 16328 16330 16331 16327 16329 16331 16332 16329 16325 16330 16327 16330 16325 16327 16326 16328 16325 16331 16327 16329 16331 16328 16327 16330 16331 16326 16334 16329 16327 16327 16331 16331 16327 16332 16327 16328 16327 16323 16328 16328 16333 16328 16326 16328 16325 16326 16331 16326 16326 16329 16330 16327 16328 16330 16328 16330 16326 16330 16330 16327 16329 16327 16327 16325 16327 16328 16326 16327 16326 16328 16326 16327 16329 16329 16324 16330 16328 16329 16325 16328 16326 16326 16327 16329 16329 16327 16328 16330 16328 16330 16323 16329 16327 16326 16330 16329 16329 16328 16330 16329 16327 16325 16324 16328 16326 16326 16329 16328 16329 16324 16331 16329 16331 16325 16323 16326 16327 16325 16325 16326 16328 16326 16328 16330 16326 16326 16325 16326 16323 16325 16327 16326 16327 16329 16328 16326 20 13170 304 14086 
0 16326 16324 16325 16328 16323 16323 16325 16326 16327 16331 16328 16327 16327 16320 16327 16328 16324 16328 16327 16326 16326 16325 16328 16324 16326 16327 16323 16328 16327 16325 16327 16325 16327 16321 16329 16329 16323 16329 16327 16329 16326 16325 16327 16327 16328 16327 16327 16330 16324 16328 16322 16323 16324 16328 16326 16323 16328 16327 16327 16327 16325 16324 16355 16302 16325 16336 16313 16338 16312 16337 16315 16329 16316 16332 16318 16328 16319 16325 16319 16328 16324 16325 16324 16322 16325 16325 16322 16325 16324 16328 16324 16325 16324 16325 16324 16325 16325 16324 16327 16322 16323 16327 16325 16322 16316 16327 16317 16327 16322 16322 16323 16323 16326 16325 16325 16327 16325 16325 16323 16326 16328 16324 16331 16327 16329 16329 16329 16328 16327 16325 16325 16329 16329 16323 16330 16330 16328 16328 16327 16324 16327 16328 16329 16328 16330 16324 16327 16328 16324 16329 16326 16327 16329 16327 16327 16327 16326 16329 16323 16332 16326 16327 16330 16325 16329 16331 16325 16326 16326 16329 16329 16322 16326 16330 16327 16325 16327 16327 16327 16326 16329 16328 16327 16323 16327 16325 16325 16328 16328 16327 16326 16326 16326 16317 16325 16329 16326 16328 16326 16324 16329 16324 16324 16325 16327 16327 16327 16325 16325 16325 16327 16326 16325 16325 16326 16328 16324 16323 16328 16325 16326 16325 16325 16327 16326 16325 16324 16326 16324 16324 16327 16324 16324 16323 16322 16325 16324 16326 16325 16329 16324 16324 16323 16327 16325 16324 16328 16323 16324 16322 16323 16328 16326 16325 16327 16322 16325 26 14265 304 14086 
0 16327 16324 16327 16327 16328 16326 16327 16328 16325 16324 16325 16325 16327 16324 16327 16321 16323 16328 16325 16324 16324 16325 16326 16325 16321 16324 16325 16327 16326 16323 16323 16324 16326 16324 16323 16329 16328 16327 16324 16327 16325 16327 16324 16327 16323 16328 16328 16328 16323 16324 16326 16326 16324 16328 16326 16328 16324 16323 16324 16325 16324 16325 16374 16244 6 16276 16361 16297 16344 16311 16339 16316 16325 16319 16327 16318 16328 16318 16330 16321 16329 16322 16322 16329 16326 16324 16326 16328 16323 16328 16323 16327 16323 16323 16321 16324 16326 16328 16326 16326 16327 16321 16325 16324 16326 16325 16323 16323 16319 16329 16320 16327 16323 16323 16320 16326 16321 16323 16325 16324 16326 16328 16328 16329 16327 16323 16331 16331 16326 16328 16327 16327 16328 16326 16327 16327 16329 16325 16330 16327 16324 16329 16322 16328 16325 16329 16328 16326 16329 16328 16330 16324 16323 16330 16327 16327 16327 16327 16327 16326 16326 16328 16327 16325 16327 16326 16325 16324 16325 16324 16326 16329 16322 16334 16325 16326 16329 16324 16327 16325 16327 16327 16324 16325 16322 16325 16328 16326 16325 16323 16327 16325 16326 16324 16330 16326 16327 16327 16327 16326 16329 16328 16329 16329 16328 16328 16327 16331 16328 16328 16326 16328 16328 16328 16324 16329 16323 16327 16328 16331 16325 16325 16327 16326 16324 16326 16321 16328 16328 16324 16326 16327 16326 16324 16325 16328 16325 16325 16325 16323 16327 16324 16323 16325 16324 16329 16326 16326 16327 16325 16328 16324 16324 16328 16326 16324 16321 31 13623 304 14086 
0 16326 16327 16323 16326 16325 16325 16328 16327 16321 16331 16324 16325 16328 16327 16324 16326 16329 16323 16329 16328 16327 16327 16326 16326 16328 16325 16326 16327 16325 16326 16325 16329 16326 16326 16321 16323 16326 16326 16326 16324 16323 16324 16331 16322 16325 16324 16327 16323 16329 16323 16326 16324 16327 16327 16326 16324 16328 16325 16327 16327 16325 16324 16371 16247 5 16277 16367 16296 16348 16308 16338 16315 16338 16318 16328 16319 16327 16322 16322 16319 16325 16324 16326 16321 16327 16324 16329 16327 16324 16323 16324 16326 16323 16325 16326 16324 16322 16326 16323 16323 16327 16328 16323 16323 16325 16324 16327 16325 16323 16322 16322 16327 16325 16328 16320 16325 16325 16322 16325 16322 16328 16324 16325 16324 16325 16324 16328 16330 16321 16329 16328 16326 16326 16327 16328 16329 16328 16323 16325 16325 16324 16325 16327 16327 16321 16326 16324 16325 16327 16329 16326 16325 16326 16327 16323 16333 16328 16327 16325 16328 16324 16331 16329 16327 16328 16325 16329 16319 16325 16329 16326 16327 16330 16323 16327 16325 16326 16326 16327 16323 16327 16326 16328 16331 16324 16327 16325 16327 16325 16326 16327 16325 16329 16327 16326 16327 16326 16324 16322 16326 16325 16325 16325 16327 16319 16325 16328 16326 16326 16329 16329 16329 16327 16329 16323 16329 16323 16325 16330 16326 16323 16329 16327 16326 16327 16327 16327 16326 16326 16322 16327 16325 16327 16327 16327 16328 16327 16324 16325 16328 16324 16330 16327 16326 16331 16328 16326 16327 16325 16326 16323 16327 16329 16329 16322 16326 16323 41 10877 304 14086 
0 16326 16322 16325 16327 16327 16326 16330 16324 16327 16327 16325 16327 16321 16327 16327 16328 16326 16322 16324 16326 16327 16329 16325 16329 16325 16327 16327 16326 16327 16326 16325 16327 16331 16330 16323 16326 16327 16324 16328 16325 16328 16324 16329 16326 16323 16326 16326 16325 16326 16323 16325 16327 16328 16324 16325 16324 16327 16322 16325 16326 16326 16330 16368 16236 16 16265 16368 16291 16350 16306 16339 16312 16334 16318 16326 16318 16329 16320 16329 16323 16329 16325 16326 16324 16326 16324 16325 16325 16329 16325 16325 16325 16322 16329 16324 16325 16324 16324 16323 16329 16327 16325 16323 16324 16327 16321 16323 16318 16331 16322 16328 16322 16323 16328 16326 16326 16324 16329 16326 16326 16327 16325 16327 16327 16323 16328 16330 16325 16331 16325 16329 16331 16331 16327 16326 16328 16330 16325 16328 16327 16327 16324 16331 16328 16325 16327 16323 16326 16326 16324 16326 16329 16327 16324 16329 16328 16328 16325 16327 16329 16325 16327 16330 16327 16329 16326 16326 16327 16326 16323 16329 16326 16324 16326 16327 16325 16328 16324 16328 16325 16330 16329 16327 16325 16326 16325 16328 16326 16326 16325 16325 16327 16327 16327 16329 16327 16327 16327 16328 16326 16326 16328 16328 16331 16327 16331 16329 16329 16328 16326 16327 16326 16327 16327 16327 16331 16324 16329 16326 16327 16322 16328 16326 16326 16320 16328 16328 16327 16323 16327 16327 16326 16330 16328 16325 16327 16325 16326 16329 16326 16323 16326 16324 16327 16327 16329 16328 16325 16327 16325 16324 16327 16326 16327 16327 16324 16327 46 12198 304 14086 
0 16326 16323 16328 16325 16328 16323 16325 16325 16327 16324 16325 16325 16331 16324 16323 16325 16327 16323 16324 16327 16328 16328 16328 16324 16329 16324 16326 16321 16326 16326 16330 16326 16323 16323 16328 16322 16328 16325 16325 16326 16330 16329 16329 16325 16325 16324 16328 16327 16328 16330 16323 16328 16328 16326 16326 16326 16326 16325 16328 16327 16330 16326 16368 16241 16 16267 16367 16294 16350 16306 16340 16317 16335 16317 16330 16316 16333 16323 16324 16320 16326 16327 16326 16325 16325 16326 16330 16326 16326 16327 16327 16326 16325 16326 16323 16324 16325 16323 16324 16325 16325 16327 16327 16329 16323 16317 16332 16323 16326 16325 16327 16323 16331 16324 16328 16329 16326 16322 16322 16331 16327 16326 16325 16331 16331 16327 16328 16325 16326 16328 16326 16334 16327 16326 16329 16325 16329 16332 16328 16327 16322 16325 16323 16326 16323 16323 16325 16329 16327 16329 16322 16325 16333 16329 16326 16327 16329 16324 16328 16323 16328 16326 16330 16329 16327 16328 16324 16329 16325 16329 16329 16328 16323 16324 16327 16328 16328 16327 16323 16328 16325 16326 16327 16328 16328 16328 16322 16327 16327 16324 16327 16329 16327 16328 16323 16328 16331 16325 16326 16324 16329 16326 16329 16327 16325 16327 16326 16326 16330 16327 16324 16326 16329 16324 16325 16325 16328 16328 16328 16327 16324 16328 16326 16331 16329 16328 16329 16326 16325 16326 16327 16326 16339 16331 16324 16331 16325 16327 16324 16326 16325 16326 16329 16327 16328 16328 16325 16331 16326 16323 16325 16327 16327 16325 16329 16327 16329 51 11558 304 14086 
0 16327 16326 16329 16324 16325 16326 16327 16328 16324 16328 16327 16328 16323 16328 16326 16326 16328 16331 16326 16327 16330 16329 16325 16324 16327 16325 16324 16326 16331 16325 16327 16326 16330 16324 16330 16323 16331 16325 16330 16328 16326 16331 16329 16324 16324 16326 16330 16328 16328 16327 16325 16324 16326 16325 16326 16325 16326 16328 16325 16329 16327 16328 16364 16293 16337 16337 16323 16336 16318 16331 16319 16331 16323 16325 16319 16325 16323 16319 16326 16325 16328 16329 16324 16327 16329 16325 16328 16323 16328 16325 16326 16327 16326 16324 16326 16325 16327 16325 16326 16329 16326 16328 16326 16325 16327 16324 16329 16321 16331 16324 16327 16321 16328 16329 16325 16331 16327 16326 16328 16328 16329 16331 16330 16325 16324 16332 16326 16326 16332 16328 16328 16331 16327 16324 16330 16329 16323 16326 16328 16330 16327 16328 16329 16325 16326 16327 16331 16328 16325 16330 16330 16328 16332 16328 16331 16322 16328 16330 16325 16330 16328 16327 16327 16326 16327 16334 16333 16327 16328 16324 16327 16330 16327 16331 16325 16329 16329 16328 16331 16324 16330 16324 16329 16327 16328 16330 16328 16327 16325 16329 16325 16329 16329 16329 16329 16325 16329 16326 16328 16331 16327 16325 16329 16328 16328 16325 16330 16326 16331 16328 16329 16331 16329 16329 16327 16330 16328 16326 16328 16327 16329 16328 16328 16326 16329 16326 16327 16326 16329 16327 16324 16329 16331 16327 16326 16331 16327 16327 16328 16327 16330 16330 16327 16324 16326 16327 16327 16329 16326 16325 16323 16325 16329 16326 16330 16328 16329 56 12878 304 14086 
0 16326 16326 16327 16327 16329 16326 16325 16325 16329 16326 16326 16326 16322 16325 16327 16328 16325 16327 16326 16326 16328 16324 16322 16327 16327 16324 16327 16327 16324 16324 16323 16327 16325 16328 16327 16328 16323 16328 16330 16328 16325 16326 16323 16324 16325 16326 16329 16326 16324 16326 16326 16325 16326 16326 16326 16325 16324 16328 16327 16326 16327 16325 16370 16282 16349 16321 16327 16325 16322 16326 16325 16325 16323 16330 16324 16326 16324 16327 16326 16323 16324 16328 16325 16323 16324 16325 16326 16327 16321 16325 16330 16326 16322 16325 16325 16327 16324 16328 16326 16324 16324 16327 16326 16323 16326 16325 16317 16329 16318 16326 16322 16323 16323 16325 16322 16327 16327 16322 16323 16329 16324 16328 16323 16328 16327 16324 16331 16326 16326 16327 16329 16324 16327 16329 16325 16328 16326 16330 16326 16325 16324 16326 16324 16327 16325 16325 16325 16325 16325 16326 16326 16325 16327 16327 16328 16330 16326 16328 16332 16331 16326 16329 16338 16333 16329 16332 16329 16329 16325 16325 16323 16329 16324 16329 16330 16329 16325 16329 16327 16327 16325 16330 16324 16328 16329 16328 16327 16328 16324 16328 16323 16327 16325 16327 16326 16326 16330 16327 16323 16329 16326 16330 16328 16329 16329 16327 16327 16330 16329 16326 16325 16324 16327 16326 16326 16325 16326 16327 16325 16329 16331 16328 16328 16328 16326 16328 16322 16329 16327 16326 16325 16323 16324 16324 16324 16325 16328 16326 16329 16326 16327 16326 16328 16326 16326 16327 16324 16326 16324 16327 16325 16331 16320 16326 16327 16324 16329 61 11265 304 14086 
0 16326 16326 16324 16324 16325 16326 16322 16321 16322 16327 16321 16324 16323 16324 16325 16326 16326 16327 16325 16325 16320 16324 16326 16324 16325 16326 16323 16325 16324 16325 16324 16319 16324 16322 16327 16323 16326 16327 16323 16328 16328 16325 16323 16321 16325 16326 16328 16327 16330 16324 16326 16324 16326 16322 16320 16324 16324 16323 16326 16328 16325 16326 16321 16304 16320 16324 16326 16325 16323 16325 16328 16326 16326 16325 16328 16325 16325 16324 16321 16327 16323 16322 16324 16327 16325 16326 16322 16327 16323 16326 16327 16323 16325 16326 16326 16326 16326 16325 16329 16326 16325 16329 16325 16321 16321 16325 16326 16320 16320 16324 16327 16325 16328 16325 16326 16325 16324 16324 16325 16326 16324 16325 16327 16327 16328 16324 16321 16325 16322 16325 16323 16327 16329 16326 16329 16326 16324 16329 16325 16328 16324 16328 16327 16325 16327 16325 16327 16325 16326 16323 16325 16322 16325 16325 16324 16327 16324 16324 16326 16326 16325 16326 16323 16326 16329 16327 16324 16326 16329 16322 16327 16326 16330 16324 16329 16326 16328 16326 16323 16328 16326 16327 16327 16324 16323 16325 16327 16327 16321 16326 16325 16325 16328 16327 16324 16325 16322 16325 16327 16327 16323 16327 16325 16326 16327 16331 16324 16326 16327 16325 16324 16326 16327 16327 16327 16322 16327 16327 16327 16327 16326 16325 16322 16326 16326 16326 16324 16327 16327 16322 16323 16323 16323 16328 16324 16325 16328 16324 16326 16323 16325 16322 16325 16322 16327 16320 16329 16324 16325 16328 16325 16324 16326 16326 16324 16327 16324 71 4352 304 14086 
0 16330 16326 16326 16326 16326 16323 16326 16324 16328 16326 16324 16325 16323 16326 16324 16328 16328 16325 16327 16327 16328 16324 16329 16329 16325 16328 16328 16327 16326 16324 16330 16329 16326 16323 16324 16324 16326 16324 16322 16326 16326 16327 16328 16327 16322 16324 16325 16324 16327 16326 16326 16323 16325 16323 16327 16326 16326 16324 16323 16327 16324 16322 16351 16313 16317 16342 16307 16335 16314 16334 16316 16334 16316 16332 16319 16324 16320 16326 16323 16324 16322 16327 16324 16327 16321 16327 16324 16327 16324 16326 16326 16325 16325 16329 16326 16330 16327 16324 16327 16326 16323 16323 16325 16323 16325 16323 16327 16327 16323 16319 16327 16321 16330 16323 16329 16327 16324 16326 16324 16327 16327 16326 16329 16331 16326 16325 16329 16327 16332 16325 16328 16326 16330 16327 16326 16327 16330 16328 16331 16327 16326 16328 16330 16329 16326 16327 16328 16331 16323 16327 16327 16327 16329 16328 16328 16327 16328 16327 16328 16329 16329 16326 16325 16326 16329 16325 16327 16325 16329 16330 16327 16326 16328 16326 16325 16327 16330 16326 16325 16329 16328 16327 16326 16325 16327 16326 16324 16329 16330 16323 16328 16326 16329 16327 16322 16330 16327 16329 16325 16324 16329 16326 16325 16329 16329 16328 16324 16328 16327 16330 16341 16332 16332 16328 16327 16325 16330 16327 16327 16326 16333 16326 16325 16325 16325 16327 16329 16324 16324 16330 16325 16328 16328 16327 16330 16327 16327 16325 16328 16324 16324 16323 16329 16327 16324 16327 16325 16329 16326 16331 16325 16326 16326 16326 16326 16326 16326 76 6427 304 14086 
0 16329 16331 16335 16333 16333 16333 16333 16332 16331 16333 16332 16337 16334 16333 16334 16336 16333 16336 16336 16330 16333 16332 16332 16332 16331 16329 16332 16336 16330 16333 16334 16332 16333 16332 16333 16334 16330 16334 16332 16333 16338 16332 16333 16334 16330 16333 16334 16333 16334 16335 16335 16332 16332 16333 16329 16336 16332 16330 16331 16332 16332 16331 16356 16279 16370 16290 16360 16302 16355 16313 16342 16323 16343 16323 16333 16327 16333 16330 16333 16329 16330 16328 16332 16333 16333 16334 16329 16333 16334 16330 16331 16331 16326 16330 16334 16330 16326 16329 16333 16333 16328 16325 16333 16328 16332 16333 16329 16328 16335 16336 16331 16329 16332 16332 16332 16332 16324 16332 16328 16334 16331 16333 16332 16331 16331 16333 16335 16335 16330 16335 16332 16331 16337 16335 16336 16333 16331 16333 16336 16335 16333 16333 16334 16333 16333 16332 16333 16332 16334 16335 16333 16337 16332 16333 16333 16335 16330 16332 16335 16333 16335 16334 16328 16336 16333 16333 16333 16336 16335 16332 16333 16332 16329 16332 16331 16334 16332 16328 16332 16336 16335 16332 16336 16333 16335 16333 16333 16334 16333 16333 16328 16332 16335 16332 16331 16331 16330 16327 16331 16331 16331 16330 16330 16333 16333 16333 16335 16328 16332 16331 16331 16329 16332 16335 16331 16331 16335 16332 16333 16334 16333 16335 16330 16329 16332 16333 16333 16333 16329 16333 16334 16333 16333 16330 16332 16339 16336 16335 16334 16332 16331 16327 16332 16333 16335 16332 16331 16333 16335 16332 16328 16333 16332 16335 16331 16331 16327 81 4316 304 14086 
0 16334 16334 16332 16331 16332 16331 16328 16331 16330 16332 16326 16333 16333 16328 16334 16333 16332 16328 16332 16330 16329 16332 16328 16329 16334 16329 16329 16330 16329 16331 16332 16331 16333 16333 16331 16335 16332 16331 16332 16326 16332 16330 16331 16330 16331 16332 16332 16331 16331 16331 16328 16333 16329 16332 16331 16329 16333 16331 16329 16332 16330 16331 16376 16254 14 16285 16367 16300 16349 16315 16340 16319 16335 16322 16333 16323 16332 16329 16333 16327 16330 16328 16333 16331 16329 16331 16331 16330 16327 16328 16331 16331 16328 16331 16329 16331 16331 16329 16329 16330 16329 16331 16331 16330 16331 16327 16331 16329 16329 16333 16327 16325 16338 16324 16331 16328 16329 16329 16332 16327 16331 16329 16331 16331 16329 16329 16331 16331 16330 16331 16331 16333 16335 16331 16331 16335 16334 16331 16336 16331 16330 16332 16329 16332 16338 16330 16330 16332 16334 16330 16330 16335 16333 16335 16332 16335 16335 16334 16334 16330 16331 16331 16330 16334 16331 16330 16334 16331 16331 16327 16333 16330 16331 16330 16332 16332 16332 16329 16331 16333 16328 16329 16327 16332 16330 16327 16332 16327 16329 16332 16328 16330 16329 16332 16329 16330 16334 16327 16327 16330 16331 16329 16332 16329 16329 16333 16333 16332 16331 16334 16330 16331 16332 16329 16331 16332 16333 16331 16331 16328 16331 16328 16332 16328 16331 16333 16330 16329 16331 16329 16331 16326 16332 16327 16331 16333 16330 16330 16330 16328 16334 16331 16333 16331 16331 16331 16330 16329 16331 16327 16329 16332 16332 16329 16331 16331 16331 86 2210 304 14086 
0 16328 16323 16327 16327 16324 16326 16327 16328 16326 16329 16325 16327 16326 16323 16327 16326 16326 16329 16325 16327 16327 16327 16326 16328 16324 16330 16329 16328 16325 16328 16326 16331 16328 16325 16326 16329 16326 16327 16321 16327 16326 16323 16325 16327 16327 16324 16323 16322 16322 16323 16325 16321 16325 16325 16331 16326 16322 16329 16326 16327 16327 16326 16351 16294 16357 16313 16332 16321 16324 16324 16325 16323 16322 16324 16322 16321 16325 16326 16323 16326 16321 16326 16327 16326 16324 16325 16325 16321 16328 16328 16326 16322 16325 16322 16320 16326 16324 16327 16324 16327 16325 16325 16322 16327 16324 16324 16325 16325 16324 16328 16324 16318 16331 16321 16331 16319 16323 16324 16324 16322 16324 16326 16324 16328 16325 16325 16325 16330 16327 16329 16329 16329 16331 16330 16325 16330 16328 16326 16328 16328 16327 16326 16324 16327 16328 16322 16323 16325 16323 16326 16326 16325 16324 16327 16325 16326 16323 16331 16326 16327 16328 16326 16323 16325 16328 16325 16327 16327 16326 16326 16322 16325 16329 16328 16326 16327 16323 16324 16325 16331 16329 16323 16326 16328 16328 16329 16327 16326 16322 16330 16324 16330 16324 16326 16327 16329 16322 16329 16323 16324 16327 16327 16327 16328 16323 16329 16325 16325 16328 16327 16330 16327 16328 16325 16325 16329 16325 16328 16324 16325 16323 16327 16324 16330 16324 16325 16324 16328 16326 16327 16323 16319 16327 16324 16328 16329 16326 16325 16323 16324 16327 16326 16328 16329 16327 16326 16331 16327 16327 16327 16326 16327 16326 16327 16325 16327 16326 91 99 304 14086 
0 16324 16327 16325 16325 16328 16327 16329 16324 16325 16325 16324 16326 16320 16327 16322 16323 16327 16327 16328 16328 16326 16325 16327 16327 16323 16325 16327 16324 16323 16325 16327 16326 16324 16325 16326 16324 16325 16323 16323 16329 16328 16323 16324 16323 16323 16327 16322 16327 16326 16326 16328 16326 16326 16327 16325 16326 16324 16329 16330 16325 16329 16323 16327 16313 16329 16319 16328 16327 16322 16328 16328 16327 16327 16326 16327 16328 16326 16327 16334 16322 16317 16340 16304 16341 16308 16334 16315 16332 16320 16328 16319 16324 16322 16325 16322 16329 16323 16323 16322 16327 16323 16327 16321 16325 16324 16325 16325 16328 16325 16329 16323 16326 16323 16324 16323 16323 16327 16322 16325 16326 16329 16325 16326 16325 16322 16328 16316 16334 16320 16327 16325 16324 16320 16328 16322 16329 16324 16327 16325 16322 16329 16325 16324 16326 16329 16326 16327 16329 16329 16329 16328 16327 16327 16326 16326 16328 16328 16326 16326 16328 16325 16326 16325 16330 16323 16327 16323 16321 16327 16326 16331 16331 16327 16331 16324 16329 16324 16328 16329 16327 16327 16325 16328 16330 16325 16328 16326 16326 16327 16323 16324 16322 16323 16327 16327 16325 16324 16322 16323 16325 16321 16327 16326 16329 16326 16324 16326 16329 16326 16325 16323 16325 16324 16326 16327 16327 16327 16323 16323 16324 16325 16326 16324 16327 16326 16328 16324 16327 16324 16326 16325 16327 16327 16324 16326 16327 16324 16325 16325 16323 16327 16328 16326 16325 16324 16324 16325 16326 16326 16326 16323 16329 16327 16325 16325 16325 16324 100 9315 304 14086 
0 16327 16321 16325 16326 16326 16326 16326 16325 16322 16325 16325 16330 16329 16327 16323 16327 16327 16325 16327 16328 16329 16327 16327 16325 16325 16330 16322 16328 16322 16328 16326 16331 16326 16328 16329 16327 16325 16328 16327 16327 16324 16328 16329 16328 16322 16323 16323 16326 16326 16326 16328 16325 16328 16328 16326 16326 16325 16326 16328 16326 16325 16328 16337 16281 16366 16285 16354 16302 16346 16307 16336 16313 16333 16324 16329 16320 16325 16321 16325 16327 16328 16322 16325 16326 16328 16327 16330 16330 16326 16323 16328 16326 16324 16331 16327 16325 16322 16328 16324 16328 16323 16326 16323 16325 16325 16325 16322 16327 16325 16323 16322 16328 16321 16326 16317 16325 16323 16325 16325 16323 16328 16329 16326 16331 16325 16325 16326 16327 16329 16331 16327 16327 16326 16326 16328 16328 16326 16329 16325 16326 16331 16326 16325 16325 16329 16327 16325 16321 16325 16326 16320 16329 16328 16325 16326 16326 16326 16329 16325 16329 16329 16324 16327 16325 16321 16327 16326 16327 16326 16328 16324 16327 16325 16326 16327 16330 16324 16324 16327 16328 16331 16327 16325 16327 16325 16325 16327 16327 16325 16324 16329 16323 16324 16329 16325 16324 16324 16324 16329 16327 16326 16325 16326 16326 16326 16329 16328 16326 16329 16327 16327 16328 16328 16324 16325 16327 16323 16326 16327 16329 16326 16326 16326 16326 16326 16325 16327 16325 16322 16329 16328 16327 16326 16325 16326 16326 16323 16328 16327 16326 16330 16327 16323 16328 16327 16327 16323 16325 16343 16331 16330 16328 16329 16324 16323 16328 16327 105 10167 304 14086 
0 16324 16329 16323 16324 16326 16325 16323 16326 16329 16326 16325 16329 16327 16327 16325 16327 16327 16325 16325 16324 16326 16325 16323 16324 16329 16327 16326 16324 16326 16326 16323 16323 16328 16327 16323 16323 16326 16327 16325 16322 16322 16327 16327 16325 16328 16328 16325 16329 16323 16322 16324 16328 16328 16327 16328 16326 16327 16325 16330 16328 16326 16332 16335 16298 16351 16302 16346 16308 16338 16313 16336 16316 16329 16321 16330 16324 16325 16325 16327 16326 16329 16322 16325 16324 16329 16324 16322 16323 16325 16328 16328 16323 16327 16324 16323 16325 16324 16323 16325 16324 16330 16325 16323 16329 16327 16325 16326 16327 16321 16326 16328 16328 16325 16323 16329 16321 16324 16322 16326 16321 16324 16322 16326 16324 16325 16326 16324 16327 16329 16327 16326 16328 16325 16328 16328 16327 16326 16324 16326 16329 16325 16329 16330 16328 16323 16325 16330 16327 16325 16325 16327 16324 16324 16327 16327 16323 16330 16326 16329 16326 16329 16329 16332 16328 16326 16325 16322 16327 16324 16327 16326 16322 16328 16326 16325 16323 16328 16323 16326 16326 16319 16328 16326 16324 16326 16326 16325 16324 16326 16328 16322 16327 16327 16324 16328 16323 16328 16326 16329 16322 16326 16325 16325 16328 16323 16327 16327 16328 16325 16326 16327 16325 16328 16326 16328 16324 16327 16330 16329 16326 16326 16327 16326 16329 16324 16327 16326 16326 16325 16328 16328 16323 16332 16328 16326 16327 16328 16329 16325 16327 16322 16326 16326 16327 16325 16325 16326 16326 16327 16326 16324 16325 16327 16323 16327 16327 16326 110 9521 304 14086 
0 16334 16333 16334 16335 16335 16334 16332 16337 16334 16333 16332 16331 16331 16333 16332 16336 16331 16337 16332 16332 16329 16332 16328 16331 16333 16327 16333 16331 16336 16331 16334 16330 16334 16328 16339 16333 16329 16331 16334 16331 16332 16334 16336 16335 16331 16336 16333 16332 16330 16336 16333 16333 16334 16334 16334 16333 16332 16333 16333 16334 16332 16332 16378 16263 9 16302 16354 16314 16347 16324 16337 16324 16334 16328 16332 16327 16330 16332 16329 16329 16334 16329 16332 16330 16333 16329 16330 16334 16335 16333 16333 16332 16328 16329 16333 16333 16329 16332 16333 16331 16331 16334 16333 16333 16327 16333 16331 16334 16332 16326 16336 16329 16325 16329 16330 16332 16332 16329 16329 16333 16333 16331 16336 16334 16334 16332 16332 16340 16330 16335 16337 16331 16333 16336 16334 16338 16328 16336 16331 16333 16332 16335 16333 16334 16334 16332 16332 16331 16333 16336 16332 16335 16329 16333 16334 16332 16334 16333 16335 16331 16334 16335 16333 16337 16332 16335 16334 16335 16331 16333 16331 16335 16332 16332 16335 16337 16332 16334 16330 16335 16332 16335 16335 16332 16332 16333 16333 16332 16329 16334 16336 16337 16331 16333 16332 16336 16333 16333 16333 16336 16329 16331 16330 16333 16335 16334 16331 16337 16333 16333 16330 16335 16334 16332 16334 16333 16338 16336 16336 16333 16337 16335 16333 16334 16335 16335 16335 16331 16334 16332 16334 16333 16334 16333 16332 16332 16334 16336 16333 16336 16333 16334 16332 16333 16336 16331 16335 16333 16335 16336 16333 16332 16333 16333 16329 16329 16334 115 7413 304 14086 
0 16333 16329 16332 16331 16328 16335 16332 16331 16331 16327 16331 16331 16333 16334 16328 16334 16331 16333 16329 16330 16329 16329 16332 16332 16327 16331 16337 16331 16330 16331 16331 16330 16332 16331 16329 16332 16332 16332 16328 16329 16329 16333 16330 16331 16326 16330 16332 16327 16330 16328 16330 16329 16329 16327 16332 16333 16331 16330 16331 16330 16325 16331 16365 16280 16377 16314 16349 16320 16339 16324 16333 16326 16328 16328 16331 16328 16326 16330 16327 16328 16331 16331 16328 16330 16328 16332 16329 16330 16327 16333 16331 16327 16332 16331 16332 16330 16333 16331 16327 16328 16329 16329 16330 16329 16333 16332 16327 16330 16329 16328 16325 16331 16322 16333 16325 16334 16328 16329 16325 16331 16329 16327 16330 16328 16330 16329 16335 16332 16328 16334 16328 16335 16331 16332 16332 16333 16329 16331 16325 16330 16328 16329 16332 16330 16328 16331 16327 16326 16329 16329 16331 16332 16332 16328 16331 16332 16332 16332 16327 16334 16333 16329 16331 16330 16331 16327 16329 16331 16329 16332 16333 16328 16329 16328 16328 16331 16333 16333 16332 16329 16330 16329 16331 16330 16326 16329 16328 16331 16332 16329 16329 16329 16328 16332 16329 16329 16331 16332 16331 16328 16329 16330 16331 16327 16329 16332 16329 16333 16328 16326 16333 16330 16328 16327 16328 16329 16327 16333 16331 16330 16329 16330 16332 16332 16327 16326 16332 16332 16328 16329 16327 16329 16332 16329 16332 16331 16332 16331 16328 16329 16327 16333 16329 16329 16331 16329 16327 16328 16331 16329 16328 16327 16326 16331 16327 16328 16328 120 5305 304 14086 
0 16325 16323 16327 16327 16329 16325 16330 16325 16325 16324 16327 16326 16327 16328 16327 16326 16327 16324 16328 16326 16326 16327 16328 16326 16323 16326 16328 16324 16324 16323 16324 16325 16326 16326 16325 16329 16327 16327 16326 16327 16321 16323 16323 16328 16325 16329 16328 16326 16331 16325 16326 16326 16328 16324 16324 16326 16325 16328 16328 16322 16328 16319 16377 16235 16 16271 16365 16295 16345 16309 16340 16310 16333 16318 16325 16315 16329 16324 16325 16322 16325 16324 16326 16326 16327 16323 16326 16325 16323 16327 16324 16324 16323 16323 16324 16323 16324 16326 16324 16327 16324 16319 16326 16324 16322 16324 16323 16324 16323 16324 16321 16325 16328 16318 16320 16329 16329 16325 16329 16327 16327 16326 16327 16326 16326 16327 16326 16326 16328 16325 16327 16326 16327 16322 16327 16327 16328 16328 16327 16326 16323 16327 16323 16327 16324 16328 16327 16322 16328 16329 16330 16329 16327 16325 16327 16330 16326 16326 16322 16327 16329 16331 16324 16323 16325 16327 16326 16327 16329 16328 16324 16328 16326 16326 16327 16328 16323 16330 16328 16324 16327 16323 16324 16326 16326 16327 16324 16324 16326 16327 16325 16328 16327 16326 16326 16326 16324 16327 16327 16325 16331 16327 16324 16326 16327 16324 16327 16326 16329 16327 16326 16328 16328 16327 16325 16326 16324 16332 16326 16323 16329 16323 16329 16326 16324 16327 16324 16327 16324 16322 16328 16326 16322 16325 16329 16325 16327 16323 16327 16326 16322 16324 16327 16326 16329 16324 16326 16325 16326 16326 16326 16327 16326 16327 16323 16323 16326 129 12084 304 14086 
0 16329 16324 16328 16328 16328 16326 16330 16327 16326 16331 16332 16329 16327 16327 16329 16323 16328 16332 16329 16329 16326 16330 16326 16331 16330 16324 16326 16327 16328 16325 16329 16326 16327 16326 16328 16323 16327 16330 16327 16324 16326 16329 16330 16325 16324 16326 16333 16330 16327 16331 16329 16327 16326 16325 16328 16329 16327 16327 16331 16327 16329 16331 16345 16310 16340 16331 16321 16333 16317 16332 16321 16332 16320 16332 16320 16328 16322 16330 16324 16329 16326 16331 16325 16330 16326 16330 16323 16327 16326 16327 16326 16330 16328 16328 16329 16327 16328 16330 16324 16324 16328 16326 16324 16328 16329 16328 16327 16323 16326 16326 16324 16330 16319 16327 16322 16323 16323 16329 16324 16327 16327 16327 16326 16327 16327 16328 16330 16327 16327 16328 16329 16333 16329 16329 16331 16329 16332 16329 16330 16327 16328 16329 16332 16331 16326 16327 16324 16325 16330 16330 16329 16329 16329 16329 16329 16329 16330 16326 16328 16328 16327 16329 16328 16329 16327 16331 16327 16325 16327 16329 16327 16329 16330 16330 16328 16329 16328 16331 16329 16331 16329 16326 16331 16330 16328 16328 16327 16326 16326 16328 16325 16327 16324 16325 16329 16331 16331 16326 16330 16324 16327 16328 16326 16325 16327 16331 16325 16328 16327 16325 16329 16326 16327 16329 16329 16325 16327 16330 16325 16325 16327 16328 16326 16331 16329 16327 16328 16327 16328 16330 16330 16329 16328 16329 16331 16330 16331 16329 16326 16330 16327 16330 16326 16330 16325 16327 16330 16327 16329 16329 16326 16328 16323 16328 16326 16329 16326 134 13399 304 14086 
0 16324 16325 16329 16325 16325 16326 16327 16323 16329 16324 16331 16327 16324 16326 16328 16326 16328 16326 16325 16325 16324 16327 16323 16325 16324 16322 16325 16328 16325 16328 16327 16325 16325 16325 16327 16324 16327 16328 16323 16325 16329 16328 16326 16327 16324 16327 16326 16324 16328 16330 16324 16327 16323 16328 16323 16326 16322 16326 16325 16324 16327 16334 16336 16303 16351 16300 16346 16308 16342 16311 16335 16317 16329 16317 16330 16321 16328 16326 16328 16326 16329 16324 16323 16325 16325 16326 16323 16326 16320 16326 16329 16327 16321 16326 16326 16324 16324 16324 16327 16324 16326 16320 16322 16328 16328 16323 16326 16323 16326 16318 16327 16320 16330 16319 16323 16322 16328 16321 16326 16326 16322 16326 16322 16313 16319 16328 16328 16328 16329 16329 16328 16322 16328 16326 16331 16327 16329 16328 16326 16326 16327 16326 16323 16327 16326 16325 16327 16327 16325 16331 16323 16331 16327 16328 16325 16327 16331 16326 16326 16326 16329 16328 16329 16329 16326 16329 16328 16326 16326 16324 16328 16328 16326 16326 16324 16323 16327 16327 16326 16330 16327 16326 16329 16327 16327 16324 16325 16326 16326 16328 16328 16326 16329 16329 16327 16327 16331 16327 16325 16326 16327 16325 16324 16326 16328 16327 16328 16326 16327 16328 16327 16324 16329 16325 16324 16326 16327 16325 16324 16327 16326 16329 16329 16330 16328 16328 16327 16325 16328 16325 16325 16323 16327 16326 16323 16329 16326 16325 16327 16325 16327 16325 16324 16326 16326 16324 16326 16326 16331 16327 16324 16323 16327 16331 16324 16324 16327 139 11782 304 14086 
0 16324 16320 16328 16332 16326 16326 16322 16328 16323 16323 16323 16324 16324 16326 16323 16326 16325 16326 16324 16324 16323 16327 16325 16324 16324 16329 16326 16325 16323 16327 16322 16322 16325 16326 16324 16325 16324 16330 16323 16328 16324 16327 16326 16325 16324 16331 16321 16326 16326 16326 16326 16327 16324 16325 16324 16325 16325 16328 16325 16321 16321 16324 16328 16314 16320 16323 16326 16329 16328 16328 16327 16326 16326 16324 16322 16324 16322 16324 16326 16327 16326 16327 16329 16326 16325 16365 16258 16381 16278 16360 16297 16353 16306 16336 16314 16335 16317 16330 16317 16326 16322 16326 16320 16326 16322 16326 16321 16325 16326 16323 16323 16324 16325 16324 16327 16327 16325 16329 16328 16323 16320 16325 16323 16327 16324 16324 16324 16327 16327 16330 16327 16325 16325 16317 16333 16318 16327 16325 16325 16328 16324 16323 16326 16329 16327 16327 16326 16326 16327 16330 16325 16326 16328 16329 16328 16328 16327 16328 16329 16331 16328 16326 16329 16325 16324 16324 16322 16326 16327 16329 16325 16327 16325 16329 16329 16324 16325 16324 16327 16325 16332 16328 16329 16327 16329 16327 16329 16327 16328 16326 16326 16324 16328 16329 16326 16328 16328 16325 16327 16323 16327 16329 16324 16327 16324 16322 16329 16328 16325 16323 16327 16327 16324 16324 16323 16327 16324 16324 16328 16322 16329 16324 16327 16325 16325 16327 16327 16324 16326 16329 16326 16326 16328 16325 16329 16326 16327 16327 16323 16324 16324 16328 16325 16327 16326 16326 16328 16328 16329 16326 16327 16331 16322 16328 16327 16327 16325 144 13077 304 14086 
0 16328 16325 16325 16327 16328 16326 16326 16324 16326 16325 16329 16326 16325 16329 16323 16327 16329 16323 16329 16322 16328 16327 16324 16330 16326 16321 16327 16327 16331 16329 16329 16327 16328 16326 16328 16328 16327 16324 16328 16330 16328 16322 16325 16328 16328 16326 16329 16324 16324 16322 16324 16327 16324 16324 16326 16327 16326 16326 16329 16340 16331 16326 16376 16244 9 16276 16364 16294 16348 16308 16339 16314 16335 16319 16326 16320 16331 16318 16324 16322 16325 16324 16326 16323 16327 16328 16327 16323 16325 16323 16328 16327 16327 16326 16324 16326 16325 16324 16327 16329 16324 16325 16326 16326 16326 16323 16328 16319 16322 16323 16326 16322 16327 16323 16325 16324 16324 16326 16328 16325 16326 16325 16323 16331 16329 16325 16330 16323 16327 16326 16327 16328 16329 16328 16329 16327 16327 16325 16327 16329 16326 16325 16328 16326 16326 16326 16329 16327 16330 16326 16328 16329 16328 16328 16327 16330 16324 16321 16328 16328 16329 16324 16324 16327 16324 16324 16325 16325 16327 16327 16324 16328 16326 16327 16325 16326 16324 16324 16323 16328 16329 16326 16329 16326 16329 16327 16323 16330 16326 16325 16328 16326 16322 16327 16328 16324 16330 16328 16329 16322 16329 16326 16329 16328 16325 16328 16325 16328 16325 16328 16326 16328 16328 16327 16327 16327 16321 16324 16324 16324 16327 16320 16329 16325 16327 16325 16328 16329 16324 16326 16325 16324 16324 16326 16328 16326 16327 16324 16326 16333 16324 16323 16330 16322 16323 16328 16326 16327 16325 16324 16326 16327 16325 16324 16326 16324 16326 149 11486 304 14086 
0 16328 16328 16325 16328 16328 16327 16329 16329 16327 16327 16327 16325 16326 16325 16324 16325 16328 16324 16324 16328 16326 16327 16326 16325 16327 16323 16328 16327 16326 16326 16322 16328 16325 16327 16328 16329 16326 16326 16325 16324 16325 16327 16325 16321 16330 16327 16328 16327 16326 16330 16326 16329 16326 16327 16322 16325 16326 16329 16329 16327 16329 16335 16369 16259 1 16291 16352 16304 16342 16312 16336 16319 16328 16323 16324 16320 16329 16323 16324 16324 16326 16325 16327 16320 16325 16325 16324 16320 16325 16326 16324 16326 16327 16323 16326 16324 16325 16321 16325 16326 16326 16325 16324 16327 16328 16326 16325 16324 16324 16325 16320 16328 16322 16328 16321 16323 16319 16326 16324 16322 16325 16321 16329 16325 16324 16325 16326 16326 16329 16327 16326 16333 16329 16328 16328 16323 16325 16325 16326 16325 16329 16326 16326 16322 16326 16324 16328 16326 16326 16324 16326 16328 16326 16328 16327 16328 16326 16327 16327 16324 16325 16323 16324 16326 16327 16327 16328 16329 16329 16323 16331 16327 16324 16325 16328 16329 16327 16324 16327 16326 16326 16327 16325 16324 16326 16324 16329 16326 16327 16329 16329 16326 16328 16326 16324 16323 16330 16328 16325 16326 16328 16330 16329 16327 16324 16326 16324 16329 16326 16329 16327 16326 16328 16326 16325 16328 16330 16327 16325 16329 16327 16328 16327 16326 16325 16328 16323 16326 16328 16326 16328 16325 16328 16325 16324 16324 16329 16324 16325 16322 16329 16327 16329 16326 16326 16323 16324 16324 16325 16326 16326 16325 16327 16323 16327 16322 16324 159 422 304 14086 
0 16326 16325 16324 16327 16325 16327 16323 16326 16327 16326 16324 16321 16324 16329 16327 16329 16321 16322 16327 16325 16328 16327 16324 16323 16326 16326 16327 16328 16325 16328 16327 16324 16331 16322 16321 16324 16326 16326 16324 16329 16325 16328 16324 16323 16330 16327 16327 16326 16326 16324 16327 16325 16325 16328 16323 16323 16326 16324 16327 16326 16324 16327 16352 16288 16358 16313 16336 16319 16329 16320 16326 16324 16321 16323 16323 16324 16320 16324 16326 16325 16326 16326 16323 16323 16324 16325 16323 16326 16323 16329 16324 16324 16322 16328 16325 16322 16325 16326 16326 16326 16323 16326 16322 16323 16324 16326 16325 16325 16322 16322 16317 16335 16322 16318 16324 16323 16320 16325 16320 16323 16326 16322 16324 16323 16327 16324 16328 16328 16330 16329 16326 16328 16328 16329 16327 16325 16324 16327 16327 16326 16327 16324 16323 16325 16327 16326 16326 16325 16326 16331 16328 16326 16326 16331 16327 16329 16323 16328 16326 16325 16324 16326 16324 16331 16324 16324 16326 16328 16323 16328 16322 16330 16327 16322 16327 16327 16326 16326 16324 16329 16327 16327 16325 16328 16323 16327 16322 16326 16328 16325 16325 16327 16322 16325 16323 16325 16332 16325 16325 16324 16325 16328 16325 16326 16326 16331 16326 16326 16327 16329 16324 16327 16326 16327 16329 16327 16325 16328 16323 16326 16330 16322 16326 16329 16325 16325 16331 16329 16331 16330 16332 16326 16326 16325 16325 16326 16325 16330 16328 16328 16328 16326 16323 16328 16323 16325 16324 16330 16325 16324 16326 16323 16323 16330 16323 16330 16324 164 4189 304 14086 
0 16327 16325 16325 16325 16327 16329 16329 16329 16326 16328 16330 16325 16325 16325 16324 16331 16323 16327 16325 16324 16328 16324 16328 16326 16325 16323 16325 16326 16325 16325 16324 16327 16327 16325 16324 16322 16327 16325 16325 16324 16327 16323 16328 16323 16325 16327 16325 16323 16325 16324 16323 16328 16330 16327 16325 16327 16327 16327 16327 16327 16328 16323 16369 16243 8 16271 16363 16294 16348 16308 16340 16313 16336 16316 16329 16317 16327 16318 16324 16325 16325 16321 16323 16326 16329 16321 16326 16325 16327 16323 16328 16323 16325 16325 16329 16323 16328 16320 16326 16324 16327 16327 16327 16320 16323 16328 16324 16325 16318 16329 16324 16324 16324 16322 16324 16327 16324 16325 16326 16324 16326 16325 16325 16324 16322 16324 16327 16328 16326 16324 16324 16329 16325 16325 16320 16324 16321 16327 16326 16327 16325 16322 16322 16327 16325 16323 16320 16326 16325 16323 16325 16327 16330 16323 16331 16327 16327 16328 16329 16327 16325 16326 16325 16329 16331 16326 16322 16326 16331 16326 16324 16327 16323 16326 16326 16329 16323 16327 16323 16329 16325 16324 16326 16329 16327 16329 16324 16326 16327 16325 16322 16327 16324 16322 16326 16328 16325 16327 16324 16328 16327 16329 16329 16325 16327 16325 16326 16329 16329 16326 16325 16329 16327 16330 16328 16326 16326 16326 16326 16327 16328 16328 16326 16326 16329 16328 16326 16324 16324 16328 16322 16327 16326 16322 16326 16323 16327 16327 16327 16326 16325 16327 16323 16327 16327 16327 16327 16324 16328 16324 16325 16327 16323 16323 16327 16326 16325 169 3060 304 14086 
0 16327 16327 16325 16329 16324 16328 16329 16323 16327 16325 16323 16326 16327 16326 16323 16327 16327 16324 16327 16328 16324 16330 16328 16326 16328 16324 16323 16324 16322 16327 16327 16329 16324 16328 16322 16327 16325 16326 16326 16328 16323 16328 16324 16327 16329 16325 16326 16323 16327 16326 16327 16324 16326 16325 16327 16323 16325 16326 16322 16326 16325 16329 16346 16267 16376 16279 16360 16295 16349 16310 16338 16316 16331 16318 16331 16318 16328 16321 16328 16322 16326 16323 16326 16323 16324 16323 16328 16324 16324 16325 16326 16327 16325 16327 16325 16327 16327 16324 16324 16327 16321 16324 16325 16327 16327 16323 16327 16317 16327 16318 16327 16320 16324 16321 16324 16325 16324 16324 16323 16322 16327 16328 16328 16326 16328 16325 16326 16323 16327 16328 16329 16322 16327 16328 16321 16326 16327 16327 16325 16327 16325 16324 16327 16327 16330 16329 16327 16328 16325 16326 16326 16328 16326 16329 16328 16327 16322 16327 16326 16327 16325 16329 16324 16326 16327 16327 16328 16326 16323 16329 16324 16327 16323 16324 16327 16330 16329 16324 16329 16324 16327 16325 16327 16327 16326 16326 16329 16324 16329 16327 16323 16331 16328 16324 16330 16324 16327 16326 16325 16326 16327 16327 16327 16328 16326 16324 16326 16324 16323 16327 16328 16325 16325 16323 16323 16324 16326 16326 16322 16318 16328 16329 16332 16328 16329 16325 16324 16324 16326 16327 16327 16326 16323 16325 16326 16327 16322 16326 16324 16326 16326 16326 16325 16328 16323 16325 16327 16327 16328 16322 16327 16324 16330 16326 16325 16326 16327 174 1931 304 14086 
0 16325 16329 16327 16328 16333 16332 16329 16328 16332 16327 16332 16333 16326 16329 16331 16330 16330 16328 16326 16326 16331 16328 16330 16328 16333 16332 16329 16333 16329 16331 16332 16332 16328 16329 16327 16331 16331 16330 16333 16331 16331 16327 16328 16330 16329 16327 16332 16331 16331 16329 16331 16327 16331 16331 16330 16329 16328 16329 16325 16331 16330 16333 16354 16262 16382 16276 16369 16299 16357 16310 16348 16317 16336 16323 16330 16324 16332 16327 16331 16324 16334 16328 16326 16327 16328 16332 16328 16330 16331 16329 16327 16326 16329 16327 16330 16326 16329 16329 16329 16328 16328 16327 16326 16330 16329 16329 16325 16333 16325 16333 16324 16329 16322 16329 16330 16329 16327 16330 16332 16330 16330 16332 16331 16329 16329 16331 16335 16335 16333 16329 16338 16329 16333 16338 16333 16328 16332 16333 16334 16331 16331 16333 16333 16333 16333 16331 16331 16329 16331 16332 16330 16334 16332 16334 16328 16331 16330 16330 16334 16333 16334 16333 16334 16333 16329 16333 16331 16331 16333 16332 16331 16330 16335 16332 16332 16331 16331 16332 16336 16333 16329 16327 16332 16328 16331 16329 16330 16330 16331 16326 16328 16332 16332 16330 16329 16334 16333 16332 16330 16330 16329 16331 16334 16335 16333 16331 16333 16327 16331 16330 16331 16333 16331 16332 16331 16330 16334 16329 16329 16327 16333 16332 16334 16331 16329 16333 16332 16334 16332 16333 16329 16333 16331 16329 16333 16331 16330 16329 16332 16330 16331 16335 16330 16327 16330 16334 16328 16329 16332 16326 16329 16335 16327 16332 16329 16332 16332 179 3251 304 14086 
0 16325 16327 16327 16325 16328 16329 16329 16329 16325 16326 16327 16322 16329 16323 16326 16328 16328 16325 16325 16328 16326 16329 16327 16328 16328 16326 16327 16326 16326 16324 16329 16325 16326 16325 16326 16327 16328 16331 16320 16328 16329 16327 16329 16323 16328 16326 16329 16326 16327 16328 16329 16326 16326 16326 16325 16329 16323 16328 16325 16333 16329 16335 16333 16296 16361 16299 16347 16306 16343 16314 16334 16318 16331 16320 16330 16318 16323 16324 16330 16321 16329 16327 16326 16326 16331 16325 16326 16330 16330 16327 16328 16330 16326 16327 16326 16326 16329 16328 16323 16326 16330 16330 16332 16328 16326 16329 16327 16319 16331 16321 16328 16322 16323 16322 16328 16325 16327 16323 16329 16328 16327 16328 16327 16328 16326 16331 16327 16330 16333 16329 16331 16328 16331 16329 16327 16328 16325 16323 16330 16324 16326 16330 16328 16329 16326 16326 16327 16330 16329 16330 16327 16328 16328 16327 16328 16330 16327 16327 16328 16328 16327 16328 16325 16327 16329 16328 16327 16327 16324 16327 16326 16328 16325 16330 16330 16329 16329 16328 16326 16328 16329 16331 16327 16327 16327 16325 16326 16326 16324 16326 16326 16328 16322 16329 16325 16327 16327 16326 16323 16327 16327 16323 16327 16329 16326 16327 16329 16327 16326 16328 16331 16328 16327 16329 16327 16326 16332 16328 16330 16326 16328 16331 16328 16325 16328 16329 16329 16325 16325 16326 16328 16326 16329 16327 16325 16327 16324 16328 16325 16327 16325 16332 16330 16325 16325 16326 16327 16326 16327 16327 16325 16325 16329 16326 16326 16328 16327 189 19 304 14086 
0 16324 16326 16322 16326 16325 16324 16322 16326 16327 16327 16326 16320 16326 16324 16329 16330 16325 16323 16321 16322 16326 16323 16325 16328 16324 16325 16322 16325 16326 16323 16328 16325 16324 16323 16321 16325 16325 16326 16324 16321 16324 16324 16326 16324 16322 16322 16327 16323 16323 16322 16328 16329 16326 16323 16326 16326 16328 16322 16325 16328 16328 16326 16325 16313 16315 16323 16320 16324 16325 16326 16327 16327 16326 16326 16326 16331 16329 16323 16328 16325 16324 16327 16326 16324 16326 16323 16329 16327 16325 16326 16325 16326 16324 16324 16323 16325 16328 16325 16330 16325 16331 16326 16329 16324 16323 16323 16327 16325 16322 16322 16324 16326 16328 16325 16326 16325 16326 16329 16325 16327 16329 16324 16326 16323 16326 16325 16324 16326 16326 16322 16325 16323 16326 16322 16327 16322 16325 16324 16323 16325 16324 16322 16328 16325 16328 16326 16321 16327 16329 16321 16328 16325 16329 16323 16324 16324 16325 16325 16329 16326 16326 16324 16323 16326 16322 16324 16378 16249 5 16286 16360 16299 16344 16312 16333 16315 16327 16319 16326 16318 16324 16322 16329 16323 16328 16320 16324 16323 16324 16322 16327 16323 16324 16323 16328 16323 16322 16320 16323 16323 16324 16326 16323 16324 16322 16325 16329 16326 16321 16327 16317 16323 16317 16328 16317 16323 16322 16325 16325 16324 16325 16325 16324 16326 16320 16323 16322 16327 16321 16326 16324 16323 16325 16326 16326 16325 16327 16328 16323 16328 16324 16323 16331 16327 16325 16325 16325 16322 16322 16327 16326 16324 16325 16326 16325 16328 16324 194 3193 304 14086 
0 16326 16331 16326 16327 16327 16327 16324 16334 16325 16323 16324 16323 16324 16328 16323 16325 16328 16327 16323 16327 16326 16325 16326 16326 16325 16327 16324 16326 16326 16328 16329 16325 16325 16325 16324 16328 16327 16325 16326 16327 16324 16326 16325 16326 16324 16323 16326 16328 16328 16325 16328 16327 16328 16329 16327 16326 16321 16327 16326 16326 16323 16326 16339 16314 16335 16340 16315 16336 16315 16331 16317 16338 16320 16330 16323 16326 16323 16324 16326 16326 16324 16325 16322 16326 16319 16329 16324 16328 16324 16323 16323 16327 16324 16323 16323 16322 16326 16328 16323 16326 16324 16327 16320 16324 16325 16324 16326 16327 16316 16332 16319 16326 16321 16324 16327 16328 16324 16326 16326 16326 16324 16329 16327 16327 16327 16330 16328 16330 16327 16330 16330 16327 16329 16330 16331 16329 16326 16327 16324 16332 16328 16328 16325 16324 16327 16324 16330 16327 16329 16326 16328 16326 16327 16328 16326 16327 16328 16324 16327 16324 16325 16325 16327 16324 16327 16326 16328 16327 16327 16329 16324 16324 16324 16326 16329 16324 16328 16327 16327 16327 16328 16332 16324 16327 16327 16324 16325 16324 16325 16328 16324 16327 16325 16329 16327 16323 16324 16327 16328 16327 16328 16325 16325 16325 16326 16326 16324 16327 16326 16327 16329 16330 16325 16322 16327 16327 16326 16326 16324 16328 16325 16330 16326 16328 16326 16329 16325 16323 16325 16325 16325 16327 16324 16325 16324 16326 16328 16325 16324 16328 16326 16325 16325 16326 16326 16325 16326 16327 16328 16327 16327 16325 16328 16329 16323 16325 16326 199 2172 304 14086 
0 16336 16333 16332 16332 16332 16329 16335 16335 16328 16334 16329 16333 16330 16333 16335 16331 16333 16333 16333 16331 16333 16330 16336 16329 16330 16331 16329 16333 16336 16329 16332 16329 16332 16332 16334 16333 16330 16332 16333 16333 16336 16332 16331 16332 16333 16333 16329 16331 16334 16330 16330 16331 16334 16343 16340 16333 16338 16327 16333 16331 16331 16348 16324 16314 16359 16312 16348 16314 16344 16320 16339 16326 16332 16326 16333 16325 16333 16325 16335 16328 16331 16330 16333 16327 16333 16332 16333 16333 16331 16329 16331 16333 16328 16331 16332 16330 16331 16330 16334 16326 16331 16332 16331 16330 16331 16330 16325 16333 16328 16331 16326 16329 16332 16330 16330 16333 16331 16335 16333 16334 16330 16333 16334 16335 16333 16334 16335 16335 16337 16334 16334 16336 16338 16333 16339 16337 16333 16333 16336 16332 16333 16334 16333 16328 16337 16332 16335 16332 16332 16332 16333 16334 16331 16333 16335 16331 16334 16336 16335 16338 16331 16333 16334 16331 16335 16335 16334 16332 16336 16336 16336 16335 16334 16333 16330 16329 16332 16334 16333 16334 16329 16332 16335 16336 16333 16332 16335 16332 16334 16332 16335 16331 16337 16330 16330 16337 16336 16332 16332 16333 16332 16333 16333 16331 16334 16335 16338 16332 16333 16333 16333 16331 16330 16335 16333 16334 16333 16334 16332 16331 16337 16330 16330 16330 16335 16329 16336 16335 16331 16337 16336 16334 16335 16335 16327 16336 16331 16333 16335 16333 16336 16332 16333 16333 16332 16332 16330 16334 16335 16332 16330 16329 16332 16331 16332 16332 16330 204 554 304 14086 
0 16334 16328 16335 16330 16335 16327 16328 16331 16332 16332 16329 16332 16331 16333 16333 16331 16329 16331 16331 16333 16333 16335 16331 16330 16335 16334 16328 16332 16332 16333 16332 16332 16330 16333 16333 16331 16332 16329 16330 16331 16326 16334 16328 16332 16332 16331 16329 16328 16332 16333 16332 16333 16333 16332 16333 16333 16330 16332 16331 16330 16329 16329 16378 16277 16371 16314 16343 16328 16331 16327 16332 16328 16329 16329 16332 16332 16329 16331 16329 16329 16333 16332 16329 16329 16333 16333 16332 16329 16330 16335 16337 16335 16332 16330 16331 16332 16329 16333 16328 16330 16329 16331 16332 16331 16332 16327 16331 16328 16331 16327 16331 16329 16333 16331 16328 16336 16330 16331 16332 16334 16335 16332 16337 16334 16335 16329 16333 16335 16329 16335 16336 16335 16335 16333 16331 16333 16335 16335 16332 16335 16332 16331 16333 16331 16332 16331 16333 16330 16335 16332 16333 16335 16329 16332 16333 16333 16334 16336 16334 16333 16333 16335 16332 16332 16331 16334 16333 16332 16333 16328 16334 16331 16334 16331 16330 16333 16335 16332 16333 16328 16334 16327 16334 16329 16333 16335 16336 16333 16332 16335 16334 16335 16333 16332 16329 16333 16330 16335 16333 16333 16332 16333 16334 16333 16334 16336 16335 16332 16331 16333 16334 16332 16330 16336 16332 16335 16331 16335 16337 16331 16333 16329 16330 16339 16336 16332 16331 16330 16337 16332 16333 16333 16333 16332 16333 16339 16332 16332 16333 16332 16333 16333 16330 16332 16334 16335 16332 16337 16335 16331 16330 16335 16333 16334 16333 16333 16330 208 14831 304 14086 
0 16332 16330 16333 16333 16327 16331 16329 16327 16327 16333 16332 16326 16329 16331 16328 16334 16328 16331 16330 16334 16330 16330 16332 16333 16331 16331 16333 16334 16335 16333 16331 16332 16332 16331 16332 16333 16331 16331 16334 16329 16331 16330 16331 16332 16331 16334 16326 16329 16332 16328 16325 16335 16329 16331 16334 16328 16330 16329 16331 16327 16328 16334 16376 16243 15 16283 16369 16298 16352 16314 16341 16318 16338 16321 16332 16324 16333 16321 16332 16327 16330 16328 16329 16328 16329 16331 16329 16334 16333 16327 16330 16334 16322 16331 16332 16326 16332 16329 16331 16327 16334 16329 16330 16331 16332 16332 16327 16324 16336 16321 16335 16325 16324 16328 16329 16330 16331 16331 16331 16329 16329 16332 16329 16332 16329 16334 16328 16335 16335 16333 16331 16333 16335 16331 16333 16329 16332 16335 16330 16333 16330 16331 16331 16331 16331 16332 16329 16330 16332 16334 16333 16331 16330 16331 16332 16333 16332 16335 16332 16328 16331 16331 16332 16332 16334 16330 16329 16333 16332 16332 16330 16329 16332 16333 16333 16336 16331 16329 16333 16331 16335 16331 16331 16332 16335 16334 16331 16329 16332 16331 16332 16330 16327 16330 16332 16331 16328 16330 16335 16331 16334 16334 16331 16331 16333 16332 16332 16328 16330 16330 16331 16329 16327 16332 16332 16329 16330 16335 16330 16324 16332 16329 16330 16327 16328 16330 16326 16327 16332 16332 16326 16335 16327 16330 16333 16330 16333 16327 16332 16332 16330 16332 16329 16332 16331 16334 16331 16328 16330 16329 16333 16333 16330 16330 16328 16330 16332 218 2290 304 14086 
0 16329 16326 16331 16325 16328 16324 16325 16326 16327 16329 16326 16327 16326 16324 16329 16324 16329 16324 16327 16326 16326 16327 16326 16326 16323 16321 16326 16326 16329 16322 16326 16324 16326 16326 16324 16325 16327 16329 16326 16327 16325 16326 16327 16326 16327 16327 16327 16326 16329 16329 16326 16323 16324 16327 16330 16327 16327 16324 16325 16325 16326 16325 16383 16252 16383 16291 16349 16307 16338 16310 16332 16312 16329 16318 16328 16321 16324 16324 16325 16323 16320 16321 16323 16322 16326 16324 16322 16323 16326 16324 16329 16324 16327 16324 16324 16324 16321 16325 16321 16322 16326 16327 16326 16328 16328 16317 16323 16322 16324 16329 16319 16323 16323 16325 16327 16324 16326 16323 16326 16324 16326 16330 16327 16325 16325 16327 16329 16325 16324 16325 16327 16323 16323 16325 16331 16328 16325 16326 16325 16323 16329 16327 16326 16327 16329 16326 16323 16325 16326 16328 16326 16330 16328 16327 16325 16327 16324 16328 16328 16323 16324 16323 16328 16328 16328 16326 16327 16324 16326 16329 16327 16322 16326 16330 16326 16325 16325 16332 16330 16326 16329 16326 16324 16329 16325 16329 16329 16327 16326 16324 16329 16325 16328 16326 16324 16325 16328 16326 16330 16324 16327 16325 16325 16328 16330 16331 16326 16327 16331 16326 16325 16327 16325 16327 16325 16327 16325 16328 16326 16324 16328 16331 16328 16323 16320 16328 16326 16324 16325 16322 16327 16327 16326 16326 16323 16327 16322 16326 16325 16322 16324 16329 16327 16323 16324 16328 16322 16327 16326 16327 16329 16323 16328 16323 16324 16327 16324 223 3118 304 14086 
0 16324 16329 16326 16324 16324 16325 16322 16325 16327 16325 16327 16324 16326 16324 16327 16324 16320 16324 16331 16328 16322 16328 16329 16327 16328 16327 16327 16328 16324 16323 16326 16323 16330 16329 16324 16326 16326 16327 16323 16323 16324 16331 16330 16328 16326 16326 16327 16327 16320 16328 16329 16328 16330 16326 16327 16326 16327 16327 16326 16328 16327 16326 16373 16267 16368 16308 16342 16320 16330 16323 16327 16324 16325 16322 16325 16323 16324 16322 16324 16323 16325 16324 16325 16322 16322 16325 16323 16323 16326 16327 16323 16325 16327 16321 16323 16327 16324 16324 16324 16324 16323 16327 16323 16326 16327 16327 16322 16328 16318 16326 16322 16324 16323 16325 16325 16323 16324 16323 16326 16326 16327 16323 16326 16327 16325 16327 16330 16328 16326 16326 16326 16324 16325 16331 16327 16327 16328 16323 16325 16331 16328 16327 16328 16324 16328 16326 16330 16327 16326 16327 16329 16329 16327 16324 16325 16325 16332 16328 16328 16326 16328 16327 16327 16329 16328 16323 16329 16325 16329 16327 16327 16328 16328 16326 16327 16323 16327 16324 16326 16325 16328 16325 16322 16324 16327 16329 16327 16325 16328 16323 16326 16325 16325 16324 16326 16325 16325 16324 16326 16326 16325 16324 16327 16323 16322 16326 16325 16324 16327 16324 16324 16324 16326 16324 16327 16323 16326 16327 16323 16328 16326 16321 16329 16326 16325 16326 16326 16327 16328 16328 16325 16325 16327 16322 16324 16326 16327 16326 16327 16326 16324 16323 16327 16325 16325 16323 16325 16323 16329 16326 16322 16323 16329 16326 16325 16325 16325 228 1504 304 14086 
0 16324 16326 16327 16330 16330 16324 16327 16324 16328 16328 16324 16326 16327 16325 16326 16327 16325 16323 16327 16325 16325 16326 16325 16330 16325 16322 16328 16330 16328 16328 16325 16327 16324 16327 16324 16328 16325 16327 16329 16326 16325 16328 16326 16327 16324 16327 16325 16324 16328 16322 16326 16325 16324 16328 16324 16322 16326 16325 16329 16323 16327 16320 16367 16289 16342 16330 16324 16330 16322 16331 16323 16330 16318 16331 16322 16325 16326 16324 16326 16324 16327 16328 16322 16327 16321 16326 16324 16329 16326 16323 16324 16325 16326 16325 16327 16325 16328 16325 16324 16326 16327 16327 16324 16324 16320 16317 16328 16321 16327 16327 16324 16327 16325 16323 16325 16324 16325 16329 16327 16326 16327 16326 16331 16327 16326 16327 16326 16326 16329 16328 16324 16328 16325 16326 16329 16330 16331 16327 16329 16326 16327 16328 16327 16325 16329 16327 16331 16328 16327 16325 16328 16331 16327 16330 16328 16326 16331 16326 16331 16325 16325 16327 16324 16329 16329 16327 16326 16328 16327 16329 16327 16324 16328 16328 16331 16325 16327 16327 16327 16330 16327 16329 16325 16329 16323 16327 16325 16328 16328 16325 16329 16332 16328 16329 16327 16326 16328 16327 16326 16326 16326 16325 16325 16327 16326 16328 16327 16326 16325 16323 16331 16329 16330 16326 16327 16322 16330 16327 16327 16329 16329 16326 16329 16323 16328 16324 16325 16327 16327 16328 16328 16328 16328 16329 16329 16329 16326 16325 16325 16327 16327 16326 16326 16329 16325 16325 16323 16322 16326 16324 16328 16329 16325 16327 16327 16329 16328 233 2333 304 14086 
0 16331 16329 16331 16333 16329 16327 16329 16333 16330 16333 16332 16332 16333 16332 16333 16332 16332 16330 16331 16326 16333 16330 16332 16327 16330 16331 16331 16331 16329 16332 16332 16330 16331 16328 16332 16334 16333 16330 16333 16333 16331 16330 16335 16333 16331 16330 16333 16331 16329 16330 16332 16337 16333 16329 16333 16332 16335 16335 16334 16331 16330 16348 16324 16314 16357 16306 16355 16312 16345 16317 16340 16321 16335 16322 16328 16326 16334 16330 16334 16327 16335 16331 16332 16331 16327 16332 16333 16336 16329 16331 16331 16332 16331 16333 16329 16332 16328 16330 16331 16331 16332 16332 16330 16331 16330 16326 16335 16325 16332 16325 16330 16323 16333 16331 16330 16331 16329 16327 16330 16331 16332 16332 16335 16334 16330 16335 16332 16335 16332 16332 16334 16329 16334 16333 16330 16330 16335 16331 16331 16334 16330 16329 16332 16334 16332 16333 16332 16332 16336 16336 16335 16332 16338 16333 16335 16332 16334 16330 16332 16332 16328 16336 16334 16335 16332 16333 16333 16332 16330 16333 16333 16332 16332 16336 16335 16333 16333 16337 16331 16336 16337 16332 16335 16328 16331 16333 16339 16331 16330 16329 16335 16330 16332 16333 16333 16334 16335 16335 16333 16334 16334 16334 16334 16332 16327 16335 16348 16336 16336 16333 16332 16333 16328 16331 16331 16332 16333 16330 16334 16333 16333 16333 16335 16334 16333 16333 16329 16335 16333 16333 16332 16330 16331 16331 16331 16329 16335 16331 16332 16333 16329 16329 16329 16335 16332 16331 16332 16328 16331 16331 16335 16331 16331 16333 16331 16332 16330 238 718 304 14086 
0 16327 16328 16328 16323 16324 16328 16325 16324 16327 16320 16326 16325 16325 16327 16326 16323 16324 16324 16325 16326 16323 16328 16328 16326 16327 16327 16326 16327 16330 16327 16326 16326 16327 16326 16327 16324 16325 16328 16327 16324 16328 16325 16326 16327 16327 16324 16325 16329 16325 16328 16328 16325 16330 16325 16326 16327 16328 16324 16323 16323 16323 16322 16363 16246 9 16277 16366 16292 16351 16304 16338 16313 16331 16313 16329 16319 16328 16327 16325 16326 16325 16325 16328 16325 16323 16325 16329 16326 16322 16320 16325 16326 16323 16323 16327 16322 16318 16322 16324 16322 16323 16325 16325 16322 16325 16321 16326 16323 16321 16326 16326 16322 16327 16322 16326 16327 16322 16326 16325 16324 16327 16327 16326 16326 16325 16326 16329 16326 16329 16327 16326 16327 16329 16326 16323 16331 16324 16327 16325 16329 16326 16329 16324 16328 16326 16324 16327 16326 16325 16331 16324 16327 16329 16328 16325 16325 16323 16329 16327 16329 16326 16327 16325 16328 16325 16329 16329 16323 16324 16329 16327 16323 16326 16324 16323 16322 16328 16330 16328 16329 16326 16323 16324 16324 16325 16327 16328 16325 16323 16327 16325 16328 16327 16326 16325 16326 16325 16326 16327 16328 16328 16327 16325 16328 16329 16328 16327 16328 16322 16330 16327 16326 16329 16328 16328 16330 16327 16324 16332 16322 16322 16326 16324 16326 16324 16326 16325 16326 16329 16328 16322 16331 16326 16328 16325 16321 16326 16330 16327 16326 16324 16327 16327 16325 16328 16328 16327 16324 16328 16327 16324 16331 16325 16329 16325 16326 16326 246 15557 304 14086 
0 16323 16330 16326 16323 16323 16327 16327 16323 16327 16324 16326 16330 16328 16324 16328 16329 16326 16327 16328 16327 16323 16325 16325 16326 16324 16325 16323 16321 16324 16324 16328 16326 16324 16324 16321 16325 16327 16325 16326 16328 16327 16325 16324 16328 16325 16326 16327 16324 16327 16325 16326 16332 16323 16323 16328 16328 16327 16327 16325 16323 16328 16334 16330 16300 16358 16293 16351 16306 16342 16313 16336 16319 16333 16317 16327 16320 16321 16324 16325 16322 16326 16327 16326 16329 16326 16325 16326 16325 16324 16320 16322 16327 16328 16324 16324 16322 16323 16320 16323 16325 16322 16323 16326 16325 16324 16325 16325 16330 16313 16333 16322 16325 16323 16323 16320 16326 16324 16328 16326 16327 16325 16329 16324 16324 16328 16324 16326 16329 16325 16327 16323 16328 16322 16328 16327 16323 16327 16330 16324 16326 16327 16326 16326 16326 16324 16324 16328 16328 16324 16330 16326 16326 16327 16326 16325 16322 16328 16327 16326 16326 16323 16330 16325 16326 16326 16327 16325 16330 16328 16324 16323 16323 16327 16326 16327 16326 16325 16323 16325 16327 16325 16327 16328 16324 16327 16334 16338 16320 16322 16327 16321 16324 16328 16323 16326 16326 16328 16327 16324 16324 16328 16328 16327 16327 16325 16326 16328 16325 16330 16329 16324 16327 16324 16325 16326 16328 16328 16325 16325 16326 16324 16325 16329 16328 16326 16328 16327 16330 16322 16327 16324 16324 16327 16328 16326 16325 16326 16327 16330 16324 16324 16325 16326 16329 16322 16327 16327 16332 16325 16326 16324 16325 16326 16324 16328 16324 16324 252 3 304 14086 
0 16327 16327 16326 16328 16324 16321 16327 16324 16325 16329 16324 16323 16326 16325 16325 16328 16327 16324 16325 16328 16327 16323 16324 16327 16324 16326 16324 16328 16324 16321 16329 16327 16326 16324 16329 16324 16326 16324 16327 16321 16323 16322 16324 16326 16328 16324 16327 16324 16325 16323 16324 16328 16327 16324 16325 16326 16324 16323 16327 16325 16325 16325 16368 16276 16368 16307 16338 16313 16326 16320 16325 16323 16323 16323 16325 16322 16324 16327 16322 16322 16323 16323 16320 16327 16323 16325 16327 16327 16324 16323 16325 16323 16327 16323 16323 16328 16327 16321 16324 16323 16326 16324 16326 16326 16328 16323 16325 16322 16324 16320 16328 16326 16321 16324 16326 16321 16323 16325 16326 16326 16327 16324 16324 16326 16323 16329 16328 16329 16330 16322 16328 16330 16328 16325 16325 16328 16326 16328 16326 16325 16323 16324 16325 16326 16327 16325 16327 16325 16328 16325 16328 16325 16326 16327 16326 16328 16326 16325 16328 16322 16326 16328 16325 16322 16325 16327 16326 16326 16329 16322 16325 16324 16328 16327 16327 16328 16333 16328 16329 16326 16326 16326 16326 16325 16327 16329 16329 16327 16327 16324 16327 16325 16324 16325 16329 16323 16326 16326 16328 16327 16327 16326 16326 16343 16330 16326 16329 16321 16325 16327 16328 16324 16327 16330 16326 16329 16326 16329 16327 16324 16329 16323 16326 16326 16327 16332 16325 16330 16327 16330 16323 16326 16324 16328 16322 16326 16325 16324 16326 16324 16327 16324 16326 16321 16326 16323 16325 16323 16325 16322 16324 16325 16324 16321 16326 16326 16327 256 15258 304 14086 
0 16331 16327 16328 16325 16324 16330 16326 16326 16325 16326 16328 16326 16325 16328 16329 16327 16324 16326 16328 16325 16329 16326 16329 16325 16329 16325 16323 16326 16327 16323 16326 16326 16323 16327 16326 16327 16325 16322 16327 16329 16327 16328 16325 16324 16327 16326 16323 16324 16328 16326 16330 16326 16324 16325 16327 16327 16326 16327 16327 16323 16328 16325 16357 16292 16349 16324 16331 16323 16322 16327 16325 16324 16329 16325 16323 16326 16324 16326 16327 16326 16325 16322 16325 16323 16326 16323 16322 16325 16323 16327 16328 16323 16321 16328 16321 16321 16321 16322 16324 16327 16325 16326 16324 16329 16325 16325 16327 16324 16321 16328 16322 16327 16320 16324 16324 16327 16322 16323 16328 16320 16329 16322 16325 16322 16326 16326 16325 16326 16329 16328 16328 16329 16328 16326 16328 16327 16328 16325 16331 16326 16328 16324 16325 16328 16326 16323 16327 16326 16323 16323 16328 16327 16327 16329 16329 16326 16325 16329 16327 16324 16326 16325 16327 16334 16325 16327 16325 16327 16322 16323 16324 16325 16325 16327 16322 16328 16326 16324 16329 16325 16327 16327 16326 16327 16325 16330 16323 16326 16327 16326 16325 16325 16325 16325 16327 16327 16324 16326 16329 16325 16324 16324 16329 16329 16332 16325 16331 16329 16328 16328 16326 16329 16328 16325 16325 16326 16327 16324 16324 16326 16328 16325 16329 16327 16322 16328 16325 16323 16326 16327 16328 16326 16325 16328 16329 16325 16328 16324 16325 16330 16327 16323 16324 16324 16325 16327 16327 16322 16329 16326 16327 16327 16325 16325 16325 16324 16324 261 13636 304 14086 
0 16331 16333 16335 16336 16332 16337 16331 16333 16331 16335 16329 16332 16331 16337 16333 16331 16333 16335 16331 16336 16333 16335 16335 16334 16335 16330 16334 16333 16332 16333 16331 16335 16331 16332 16334 16338 16336 16332 16328 16334 16329 16335 16334 16334 16334 16333 16333 16334 16331 16332 16332 16335 16332 16333 16331 16332 16331 16332 16330 16332 16331 16334 16352 16270 16383 16285 16367 16301 16357 16314 16348 16321 16342 16325 16338 16327 16336 16332 16338 16333 16334 16331 16331 16329 16338 16335 16331 16333 16332 16334 16334 16333 16332 16334 16334 16333 16331 16333 16332 16335 16329 16330 16333 16336 16334 16336 16328 16334 16326 16334 16329 16334 16328 16329 16331 16330 16332 16330 16332 16332 16332 16330 16334 16333 16332 16335 16335 16339 16337 16334 16335 16335 16333 16334 16337 16336 16334 16334 16335 16336 16336 16335 16331 16328 16334 16334 16333 16338 16335 16335 16333 16334 16334 16338 16335 16332 16336 16333 16334 16336 16333 16334 16334 16334 16332 16336 16333 16336 16332 16333 16331 16335 16335 16335 16333 16331 16331 16334 16331 16333 16332 16335 16335 16329 16332 16332 16333 16335 16332 16333 16333 16329 16334 16334 16334 16336 16335 16332 16334 16332 16334 16333 16335 16333 16335 16335 16331 16335 16333 16333 16334 16332 16333 16337 16330 16335 16336 16331 16336 16332 16334 16331 16335 16333 16333 16335 16332 16336 16333 16333 16336 16332 16334 16334 16333 16336 16332 16335 16335 16335 16335 16333 16332 16332 16335 16331 16330 16333 16332 16337 16333 16333 16334 16336 16337 16337 16336 266 11529 304 14086 
0 16323 16321 16327 16327 16324 16324 16325 16326 16328 16326 16325 16325 16328 16326 16323 16322 16326 16324 16331 16324 16324 16327 16326 16330 16327 16326 16323 16326 16329 16325 16328 16327 16330 16322 16325 16324 16328 16324 16327 16328 16323 16324 16324 16327 16326 16330 16322 16328 16322 16328 16324 16326 16325 16327 16323 16333 16322 16329 16327 16327 16324 16324 16364 16268 16381 16297 16350 16309 16339 16313 16332 16320 16328 16322 16324 16322 16326 16325 16328 16323 16325 16324 16326 16325 16329 16325 16322 16328 16324 16324 16324 16320 16325 16324 16324 16326 16326 16326 16322 16324 16327 16323 16327 16324 16327 16323 16329 16319 16328 16323 16320 16332 16320 16329 16321 16324 16322 16324 16326 16328 16327 16326 16325 16328 16331 16327 16328 16324 16327 16321 16330 16329 16329 16327 16327 16329 16324 16332 16328 16328 16323 16327 16326 16328 16327 16327 16327 16330 16327 16327 16326 16326 16332 16326 16324 16325 16322 16326 16331 16328 16329 16326 16328 16328 16324 16326 16325 16326 16324 16327 16326 16327 16328 16327 16324 16324 16328 16325 16331 16326 16326 16324 16323 16328 16325 16326 16325 16327 16326 16331 16329 16326 16323 16326 16327 16325 16326 16327 16328 16323 16324 16327 16329 16328 16329 16324 16327 16326 16331 16323 16326 16328 16324 16327 16325 16328 16324 16327 16328 16326 16329 16323 16327 16326 16329 16325 16324 16324 16329 16325 16324 16325 16327 16330 16323 16327 16324 16327 16328 16326 16330 16323 16327 16329 16327 16325 16325 16324 16324 16325 16325 16329 16330 16327 16325 16332 16329 276 940 304 14086 
0 16325 16323 16326 16325 16325 16329 16327 16326 16326 16326 16324 16327 16328 16328 16322 16324 16325 16326 16329 16325 16327 16326 16325 16327 16325 16325 16328 16326 16327 16325 16326 16326 16324 16324 16327 16326 16325 16326 16327 16330 16323 16328 16326 16324 16328 16326 16327 16326 16326 16324 16325 16330 16326 16324 16326 16328 16327 16329 16324 16325 16327 16322 16350 16301 16342 16322 16326 16328 16324 16329 16319 16332 16321 16327 16326 16324 16322 16326 16326 16326 16325 16329 16324 16324 16326 16326 16318 16325 16325 16324 16328 16326 16322 16324 16324 16323 16322 16327 16323 16329 16326 16325 16325 16323 16325 16327 16327 16327 16326 16325 16317 16331 16318 16326 16321 16325 16323 16329 16323 16328 16328 16329 16325 16326 16329 16328 16327 16327 16329 16329 16328 16329 16326 16329 16326 16327 16326 16327 16326 16325 16326 16329 16327 16326 16325 16327 16325 16327 16322 16327 16327 16327 16329 16327 16332 16327 16329 16322 16323 16326 16325 16326 16324 16323 16326 16327 16326 16328 16328 16329 16327 16327 16324 16326 16330 16330 16328 16328 16329 16325 16328 16331 16329 16324 16329 16325 16327 16327 16326 16328 16328 16326 16326 16326 16327 16323 16324 16327 16329 16330 16322 16326 16329 16329 16329 16325 16328 16323 16327 16325 16326 16324 16326 16329 16323 16329 16328 16326 16327 16326 16328 16328 16325 16330 16322 16327 16325 16326 16324 16329 16324 16322 16325 16327 16328 16325 16325 16330 16327 16328 16324 16327 16322 16327 16324 16326 16323 16327 16328 16326 16326 16329 16323 16328 16323 16324 16325 281 1773 304 14086 
0 16334 16331 16329 16333 16329 16330 16334 16328 16334 16328 16332 16327 16331 16332 16332 16332 16333 16332 16331 16328 16330 16330 16331 16331 16332 16329 16328 16332 16329 16333 16328 16330 16330 16331 16332 16335 16328 16334 16327 16330 16333 16329 16331 16334 16332 16333 16334 16329 16331 16330 16327 16330 16327 16329 16333 16330 16331 16327 16333 16332 16327 16329 16366 16256 4 16281 16365 16294 16353 16315 16345 16319 16338 16319 16322 16312 16328 16319 16331 16326 16330 16329 16329 16331 16334 16328 16333 16329 16328 16328 16329 16327 16331 16335 16327 16327 16328 16331 16328 16330 16330 16331 16327 16333 16331 16333 16325 16328 16331 16329 16327 16329 16327 16327 16329 16327 16328 16334 16326 16329 16330 16331 16328 16332 16332 16331 16330 16333 16333 16331 16333 16330 16335 16334 16335 16328 16332 16331 16332 16335 16328 16331 16328 16330 16333 16329 16332 16329 16329 16332 16334 16332 16332 16328 16329 16335 16337 16332 16334 16335 16331 16331 16327 16331 16333 16331 16331 16335 16327 16332 16326 16329 16329 16331 16335 16332 16331 16331 16328 16332 16327 16329 16330 16333 16327 16331 16330 16332 16330 16328 16334 16330 16329 16328 16332 16331 16332 16334 16331 16327 16329 16331 16330 16334 16331 16332 16333 16330 16332 16328 16332 16331 16332 16332 16330 16331 16329 16331 16326 16327 16334 16329 16328 16330 16331 16330 16332 16330 16330 16331 16329 16331 16327 16331 16330 16329 16330 16325 16329 16327 16331 16333 16331 16329 16331 16327 16331 16327 16329 16333 16331 16329 16329 16326 16326 16334 16327 286 645 304 14086 
0 16329 16325 16324 16328 16327 16329 16325 16328 16326 16324 16325 16325 16327 16322 16328 16328 16324 16327 16326 16329 16325 16324 16326 16325 16327 16326 16328 16326 16325 16327 16323 16328 16327 16327 16327 16329 16326 16326 16325 16330 16324 16323 16327 16331 16325 16325 16324 16328 16326 16327 16328 16329 16326 16329 16326 16331 16324 16325 16325 16328 16326 16331 16363 16294 16349 16319 16331 16327 16321 16330 16325 16329 16325 16332 16321 16326 16330 16323 16320 16330 16330 16324 16327 16329 16324 16327 16325 16327 16328 16324 16327 16325 16325 16327 16328 16327 16325 16324 16325 16324 16327 16323 16324 16328 16330 16327 16332 16327 16322 16322 16327 16319 16322 16324 16328 16326 16323 16324 16322 16328 16323 16325 16326 16327 16327 16328 16326 16325 16327 16324 16329 16329 16330 16328 16326 16329 16326 16328 16329 16325 16330 16323 16330 16326 16327 16326 16322 16323 16330 16329 16325 16326 16328 16327 16330 16330 16328 16326 16327 16332 16329 16328 16325 16327 16326 16330 16328 16323 16325 16329 16328 16323 16327 16328 16328 16327 16326 16325 16329 16327 16327 16329 16327 16328 16325 16328 16328 16325 16327 16325 16329 16326 16327 16327 16323 16331 16326 16329 16327 16324 16330 16325 16327 16329 16325 16328 16322 16332 16328 16326 16328 16324 16329 16329 16327 16323 16322 16328 16327 16326 16325 16326 16328 16331 16329 16326 16326 16323 16326 16328 16330 16329 16323 16323 16324 16329 16327 16325 16326 16324 16327 16325 16329 16325 16326 16328 16324 16325 16328 16326 16328 16328 16326 16326 16325 16326 16324 290 15405 304 14086 
0 16329 16324 16325 16325 16327 16329 16327 16327 16327 16323 16326 16325 16326 16326 16323 16325 16330 16323 16326 16327 16325 16327 16329 16327 16327 16325 16328 16327 16326 16326 16328 16327 16324 16325 16323 16326 16326 16328 16323 16324 16326 16324 16325 16331 16324 16329 16326 16326 16325 16327 16325 16325 16326 16328 16330 16327 16329 16328 16326 16324 16325 16326 16354 16255 16381 16278 16364 16293 16352 16305 16341 16312 16335 16318 16331 16321 16327 16320 16322 16322 16331 16321 16326 16326 16329 16322 16326 16321 16322 16325 16327 16324 16336 16335 16329 16326 16322 16319 16322 16323 16325 16323 16325 16323 16327 16330 16324 16324 16323 16319 16332 16325 16325 16321 16328 16328 16323 16325 16324 16325 16325 16328 16329 16327 16325 16329 16326 16325 16326 16325 16322 16326 16328 16327 16327 16333 16323 16327 16326 16327 16329 16324 16326 16328 16327 16327 16325 16326 16327 16325 16327 16323 16330 16325 16327 16329 16329 16330 16324 16328 16324 16324 16327 16324 16329 16329 16327 16326 16324 16324 16328 16326 16324 16324 16327 16324 16324 16327 16327 16326 16327 16327 16325 16324 16326 16325 16326 16325 16327 16326 16324 16329 16326 16326 16327 16328 16330 16325 16327 16326 16328 16325 16323 16325 16326 16326 16321 16328 16328 16329 16327 16325 16326 16328 16327 16328 16326 16326 16329 16326 16328 16322 16328 16325 16325 16326 16328 16327 16328 16325 16328 16329 16326 16327 16329 16324 16326 16327 16329 16329 16327 16326 16325 16328 16325 16322 16324 16323 16327 16331 16328 16324 16326 16322 16325 16328 16329 295 13300 304 14086 
0 16329 16327 16327 16322 16327 16325 16323 16329 16323 16326 16328 16328 16328 16328 16327 16325 16327 16329 16324 16323 16326 16321 16326 16326 16325 16325 16323 16329 16323 16327 16330 16324 16326 16325 16328 16325 16323 16324 16327 16330 16327 16327 16324 16328 16328 16325 16328 16329 16326 16329 16327 16326 16327 16327 16323 16328 16325 16327 16324 16325 16327 16324 16376 16245 9 16279 16360 16299 16345 16311 16334 16319 16327 16323 16324 16319 16328 16325 16327 16323 16323 16324 16324 16327 16326 16325 16325 16327 16322 16326 16325 16326 16324 16322 16324 16325 16327 16324 16323 16327 16322 16323 16324 16321 16325 16322 16324 16322 16323 16323 16328 16320 16325 16323 16326 16325 16319 16327 16324 16327 16327 16326 16322 16326 16329 16327 16329 16326 16325 16329 16324 16329 16327 16326 16326 16327 16325 16328 16326 16329 16326 16329 16325 16325 16325 16324 16329 16329 16326 16327 16323 16329 16326 16329 16326 16329 16328 16326 16326 16326 16327 16326 16327 16323 16326 16330 16324 16328 16324 16325 16327 16325 16322 16328 16325 16329 16327 16326 16323 16325 16327 16327 16329 16325 16326 16327 16328 16323 16323 16326 16327 16326 16327 16327 16327 16328 16326 16326 16324 16328 16328 16327 16326 16320 16328 16328 16326 16325 16327 16329 16327 16325 16324 16330 16328 16327 16325 16326 16322 16325 16326 16328 16329 16328 16327 16326 16325 16328 16325 16328 16328 16324 16326 16327 16327 16327 16327 16327 16325 16323 16325 16325 16322 16325 16323 16324 16322 16324 16326 16326 16329 16321 16325 16324 16328 16324 16328 0 6553 304 13763 
0 16327 16325 16325 16328 16326 16326 16328 16326 16325 16327 16326 16322 16325 16324 16327 16327 16326 16327 16327 16328 16323 16327 16328 16326 16327 16325 16326 16322 16322 16323 16325 16327 16326 16325 16329 16324 16325 16325 16326 16327 16326 16331 16323 16327 16325 16330 16323 16328 16324 16325 16328 16326 16326 16328 16324 16326 16323 16326 16322 16327 16327 16341 16321 16298 16360 16295 16347 16303 16342 16307 16338 16313 16330 16322 16328 16319 16328 16322 16326 16319 16327 16325 16326 16323 16328 16323 16324 16327 16324 16326 16322 16323 16330 16323 16327 16324 16324 16327 16323 16325 16327 16322 16326 16326 16319 16324 16326 16326 16328 16324 16327 16324 16327 16323 16326 16326 16326 16322 16327 16327 16329 16325 16327 16323 16325 16327 16327 16326 16329 16326 16326 16326 16327 16327 16325 16327 16326 16326 16327 16329 16325 16328 16326 16329 16328 16330 16327 16333 16328 16329 16331 16332 16326 16329 16327 16329 16326 16326 16326 16327 16331 16328 16324 16327 16327 16330 16327 16329 16328 16328 16325 16324 16330 16327 16326 16325 16324 16328 16328 16324 16328 16325 16327 16325 16329 16330 16324 16327 16324 16329 16326 16332 16338 16326 16326 16325 16322 16327 16330 16325 16329 16327 16326 16325 16325 16328 16326 16327 16325 16328 16326 16330 16328 16328 16325 16330 16327 16326 16326 16327 16326 16325 16329 16326 16326 16328 16324 16328 16325 16324 16329 16323 16323 16328 16325 16327 16324 16327 16326 16326 16327 16324 16324 16324 16323 16326 16326 16326 16328 16328 16326 16326 16328 16325 16329 16326 16327 5 7873 304 13763 
0 16328 16328 16324 16325 16330 16326 16325 16327 16328 16328 16328 16324 16325 16326 16327 16327 16328 16325 16328 16322 16323 16323 16324 16328 16323 16326 16324 16325 16329 16324 16323 16325 16324 16325 16328 16328 16325 16322 16329 16322 16328 16325 16324 16324 16325 16323 16324 16327 16329 16325 16324 16325 16328 16325 16324 16324 16327 16326 16327 16326 16327 16323 16321 16307 16322 16325 16326 16324 16326 16328 16324 16326 16326 16326 16325 16323 16328 16324 16326 16323 16326 16325 16326 16325 16325 16324 16323 16325 16323 16327 16328 16327 16328 16328 16325 16324 16324 16328 16328 16327 16324 16327 16325 16325 16326 16326 16332 16328 16330 16328 16325 16326 16322 16328 16325 16327 16325 16329 16325 16325 16327 16327 16324 16326 16326 16324 16325 16328 16320 16325 16327 16328 16325 16327 16330 16326 16325 16328 16323 16326 16328 16321 16327 16329 16330 16323 16327 16326 16325 16327 16329 16326 16328 16323 16324 16325 16327 16324 16327 16326 16323 16328 16327 16327 16329 16329 16326 16324 16324 16326 16325 16326 16325 16327 16324 16327 16328 16329 16326 16326 16324 16325 16329 16321 16323 16325 16325 16325 16330 16328 16324 16326 16324 16328 16324 16328 16324 16320 16326 16330 16328 16328 16327 16326 16327 16328 16323 16328 16330 16325 16326 16327 16326 16328 16325 16329 16325 16326 16326 16328 16326 16329 16328 16327 16323 16324 16327 16324 16325 16327 16326 16325 16325 16328 16324 16329 16326 16327 16325 16329 16324 16327 16327 16326 16326 16326 16328 16328 16325 16326 16325 16326 16330 16324 16324 16328 16327 10 6434 304 13763 
0 16332 16329 16332 16331 16331 16329 16330 16335 16333 16333 16335 16329 16330 16332 16335 16331 16331 16333 16332 16333 16331 16330 16333 16328 16331 16330 16330 16335 16328 16333 16331 16330 16331 16331 16332 16330 16333 16329 16332 16331 16334 16330 16332 16333 16331 16327 16333 16332 16331 16332 16332 16328 16331 16329 16329 16330 16333 16332 16331 16336 16329 16337 16344 16273 16382 16286 16365 16300 16350 16311 16347 16320 16340 16321 16331 16324 16332 16328 16336 16325 16332 16327 16333 16331 16330 16329 16332 16330 16328 16328 16333 16328 16329 16335 16330 16330 16331 16329 16325 16326 16329 16329 16327 16330 16327 16330 16323 16331 16327 16328 16330 16329 16325 16330 16330 16329 16330 16330 16329 16332 16330 16328 16333 16333 16330 16334 16329 16329 16331 16335 16334 16329 16330 16328 16334 16331 16335 16332 16331 16332 16329 16332 16333 16333 16333 16329 16331 16332 16328 16335 16333 16327 16337 16329 16332 16332 16331 16330 16329 16333 16336 16330 16332 16329 16336 16331 16328 16332 16329 16332 16333 16326 16331 16330 16332 16331 16333 16333 16332 16330 16333 16333 16329 16329 16331 16328 16336 16330 16328 16329 16334 16329 16331 16329 16331 16330 16332 16332 16331 16331 16329 16333 16330 16333 16328 16333 16330 16330 16328 16328 16331 16330 16330 16329 16329 16329 16327 16330 16331 16329 16326 16333 16331 16332 16331 16329 16330 16333 16329 16332 16330 16329 16333 16331 16332 16329 16330 16328 16329 16334 16327 16331 16334 16330 16330 16332 16331 16333 16327 16329 16331 16326 16333 16332 16331 16331 16330 15 8548 304 13763 
0 16327 16326 16326 16326 16321 16325 16326 16328 16324 16327 16328 16327 16321 16328 16327 16324 16326 16326 16326 16323 16325 16323 16327 16325 16325 16325 16325 16327 16327 16322 16326 16326 16325 16326 16326 16325 16324 16330 16322 16328 16325 16326 16329 16328 16324 16326 16322 16325 16327 16325 16327 16325 16327 16328 16320 16324 16327 16322 16325 16326 16325 16323 16375 16246 7 16282 16363 16298 16347 16311 16340 16318 16332 16320 16324 16320 16328 16322 16326 16325 16326 16325 16325 16325 16327 16322 16324 16323 16328 16327 16326 16323 16325 16326 16324 16325 16326 16326 16324 16322 16326 16326 16321 16326 16325 16324 16323 16326 16324 16323 16324 16329 16323 16333 16321 16331 16322 16329 16322 16323 16328 16329 16328 16329 16329 16326 16330 16328 16325 16327 16327 16329 16325 16326 16326 16332 16325 16326 16323 16326 16328 16324 16331 16322 16328 16324 16327 16326 16324 16328 16331 16328 16324 16327 16330 16325 16329 16327 16328 16329 16328 16329 16329 16326 16326 16329 16326 16324 16324 16326 16324 16326 16324 16327 16323 16324 16328 16327 16326 16325 16327 16328 16325 16326 16325 16325 16324 16326 16327 16325 16326 16329 16325 16325 16326 16324 16327 16322 16326 16323 16325 16326 16328 16328 16323 16329 16328 16325 16327 16331 16331 16331 16327 16328 16327 16330 16326 16327 16328 16327 16324 16324 16325 16329 16326 16327 16328 16322 16329 16327 16322 16328 16329 16327 16327 16328 16326 16322 16326 16322 16323 16328 16324 16321 16326 16327 16325 16328 16326 16326 16324 16325 16326 16324 16323 16323 16322 20 7417 304 13763 
0 16323 16329 16326 16324 16324 16326 16326 16326 16327 16323 16323 16323 16325 16326 16325 16326 16321 16325 16328 16325 16325 16324 16325 16327 16328 16328 16323 16327 16325 16327 16323 16329 16325 16326 16323 16324 16327 16324 16326 16324 16322 16327 16325 16324 16323 16328 16326 16326 16326 16326 16328 16327 16323 16326 16323 16325 16324 16329 16326 16323 16326 16323 16377 16255 5 16289 16355 16300 16340 16314 16332 16321 16330 16321 16326 16321 16326 16329 16322 16323 16321 16325 16327 16331 16326 16326 16322 16321 16319 16322 16325 16328 16322 16324 16322 16326 16325 16322 16324 16328 16323 16322 16322 16323 16327 16325 16326 16325 16319 16329 16318 16327 16321 16324 16321 16328 16324 16327 16327 16323 16325 16325 16326 16323 16325 16326 16326 16326 16331 16330 16329 16326 16328 16326 16327 16327 16327 16325 16323 16322 16323 16327 16327 16324 16325 16324 16325 16325 16325 16325 16324 16327 16325 16328 16324 16329 16327 16324 16327 16327 16324 16325 16321 16326 16324 16327 16326 16329 16326 16327 16325 16330 16328 16331 16324 16325 16326 16327 16322 16326 16325 16328 16328 16327 16328 16328 16327 16324 16326 16327 16321 16325 16322 16326 16328 16327 16326 16330 16326 16329 16329 16324 16325 16324 16326 16326 16326 16330 16324 16326 16326 16326 16327 16327 16328 16324 16324 16327 16327 16325 16322 16325 16324 16326 16329 16325 16324 16326 16324 16326 16328 16327 16325 16324 16324 16323 16323 16325 16326 16321 16324 16328 16327 16324 16320 16325 16324 16325 16329 16324 16325 16327 16326 16325 16326 16323 16326 32 301 304 13763 
0 16329 16325 16325 16328 16327 16332 16328 16328 16328 16328 16329 16328 16325 16327 16329 16329 16328 16329 16329 16325 16326 16329 16331 16331 16332 16329 16329 16330 16327 16331 16326 16329 16329 16330 16330 16329 16332 16328 16331 16335 16333 16328 16329 16330 16328 16331 16327 16328 16328 16328 16329 16328 16329 16332 16325 16327 16329 16325 16327 16330 16327 16331 16370 16248 7 16275 16363 16296 16353 16309 16344 16316 16335 16321 16330 16323 16329 16327 16328 16324 16332 16325 16331 16326 16327 16329 16329 16330 16324 16328 16324 16329 16328 16329 16330 16331 16328 16324 16327 16329 16327 16329 16328 16326 16327 16328 16326 16328 16326 16324 16336 16323 16328 16328 16324 16325 16324 16332 16329 16330 16327 16330 16321 16331 16327 16329 16329 16329 16331 16328 16333 16331 16331 16331 16334 16330 16332 16332 16328 16329 16329 16334 16327 16330 16331 16332 16332 16330 16327 16331 16329 16330 16330 16331 16330 16328 16329 16327 16332 16330 16332 16332 16329 16329 16327 16331 16331 16329 16331 16328 16329 16329 16328 16330 16328 16327 16329 16329 16331 16330 16331 16326 16328 16330 16329 16330 16329 16329 16328 16329 16330 16327 16330 16329 16325 16326 16326 16328 16330 16328 16327 16329 16332 16327 16332 16327 16328 16332 16331 16332 16331 16332 16328 16331 16331 16329 16329 16328 16323 16331 16328 16327 16329 16328 16328 16333 16328 16329 16332 16331 16329 16328 16331 16332 16333 16329 16328 16329 16329 16329 16332 16329 16328 16331 16329 16326 16329 16327 16328 16328 16326 16328 16329 16327 16327 16327 16327 37 3577 304 13763 
0 16328 16326 16326 16325 16327 16326 16325 16326 16329 16329 16324 16330 16327 16328 16325 16325 16325 16328 16326 16325 16325 16325 16325 16327 16323 16328 16327 16322 16324 16327 16326 16324 16324 16325 16326 16327 16323 16328 16324 16322 16322 16327 16324 16323 16327 16325 16326 16325 16322 16329 16325 16328 16327 16324 16326 16323 16322 16326 16325 16327 16326 16322 16365 16248 6 16270 16364 16298 16351 16310 16339 16317 16330 16317 16329 16319 16326 16322 16325 16327 16326 16327 16326 16320 16328 16323 16325 16325 16326 16325 16324 16324 16328 16322 16327 16326 16328 16327 16329 16325 16322 16322 16323 16325 16323 16321 16320 16326 16323 16327 16317 16329 16320 16325 16315 16329 16326 16323 16323 16320 16326 16325 16327 16327 16327 16329 16327 16326 16321 16327 16328 16327 16326 16321 16325 16329 16323 16330 16328 16324 16329 16323 16323 16330 16325 16330 16324 16330 16324 16328 16329 16327 16323 16329 16328 16325 16329 16325 16328 16326 16327 16326 16326 16329 16330 16329 16327 16328 16327 16324 16327 16330 16324 16329 16323 16329 16328 16326 16326 16329 16325 16327 16321 16321 16322 16326 16326 16327 16328 16327 16324 16329 16327 16328 16324 16325 16325 16325 16326 16325 16326 16327 16326 16328 16327 16325 16329 16324 16325 16325 16326 16324 16331 16324 16328 16327 16328 16326 16325 16324 16323 16323 16326 16326 16327 16326 16327 16328 16324 16324 16327 16326 16326 16323 16328 16327 16325 16323 16329 16324 16325 16323 16327 16323 16322 16329 16322 16328 16326 16327 16323 16325 16327 16327 16327 16322 16326 42 3425 304 13763 
0 16317 16322 16327 16325 16326 16327 16328 16325 16326 16326 16321 16326 16324 16327 16322 16322 16327 16325 16325 16330 16321 16324 16325 16324 16323 16329 16324 16328 16329 16327 16326 16324 16326 16327 16328 16324 16327 16324 16326 16322 16323 16326 16326 16325 16328 16322 16327 16326 16325 16323 16323 16326 16328 16325 16325 16327 16325 16323 16328 16329 16325 16326 16367 16240 9 16274 16364 16292 16352 16309 16340 16316 16337 16316 16329 16318 16325 16320 16327 16320 16325 16320 16324 16324 16324 16327 16324 16323 16323 16324 16324 16328 16323 16328 16322 16320 16319 16324 16325 16325 16325 16322 16321 16327 16325 16327 16325 16317 16328 16325 16323 16322 16325 16324 16325 16323 16325 16324 16327 16325 16329 16324 16327 16332 16326 16326 16327 16326 16327 16328 16324 16329 16329 16327 16324 16327 16325 16323 16327 16326 16327 16326 16326 16328 16326 16328 16325 16322 16327 16329 16326 16328 16328 16330 16321 16327 16323 16324 16324 16324 16326 16322 16326 16328 16324 16324 16323 16324 16324 16328 16324 16327 16326 16326 16326 16328 16324 16326 16326 16327 16327 16329 16328 16326 16326 16329 16330 16325 16327 16328 16326 16327 16323 16326 16325 16326 16323 16329 16325 16328 16323 16321 16331 16321 16325 16326 16327 16322 16330 16326 16327 16328 16327 16327 16325 16328 16324 16322 16326 16324 16328 16327 16323 16328 16325 16324 16323 16325 16324 16323 16326 16321 16324 16327 16327 16326 16326 16322 16327 16324 16326 16324 16323 16327 16322 16326 16325 16323 16327 16326 16327 16325 16329 16326 16324 16319 16326 47 3271 304 13763 
0 16328 16324 16327 16324 16324 16324 16331 16326 16326 16330 16329 16324 16323 16327 16325 16322 16324 16325 16326 16323 16326 16324 16323 16327 16329 16323 16325 16327 16326 16327 16325 16326 16324 16331 16328 16323 16326 16326 16323 16327 16325 16324 16327 16326 16326 16323 16328 16325 16323 16325 16327 16321 16327 16323 16327 16322 16324 16325 16322 16325 16324 16325 16319 16314 16326 16323 16322 16325 16325 16327 16328 16330 16327 16328 16328 16322 16328 16325 16322 16327 16325 16325 16326 16326 16326 16327 16327 16325 16326 16329 16326 16323 16322 16324 16328 16324 16325 16328 16328 16326 16322 16328 16323 16322 16326 16326 16325 16322 16323 16325 16324 16327 16325 16329 16324 16327 16325 16321 16325 16325 16328 16324 16329 16326 16326 16328 16329 16327 16325 16324 16328 16327 16324 16326 16326 16323 16325 16327 16326 16328 16323 16327 16327 16327 16327 16323 16323 16325 16327 16323 16326 16329 16326 16370 16269 16377 16300 16347 16315 16336 16324 16327 16324 16331 16322 16327 16324 16327 16325 16324 16326 16322 16327 16326 16325 16327 16325 16327 16325 16327 16323 16323 16326 16325 16327 16325 16327 16329 16327 16322 16325 16329 16326 16323 16326 16324 16326 16320 16324 16324 16321 16327 16323 16326 16323 16328 16325 16323 16323 16323 16323 16322 16328 16329 16327 16324 16326 16328 16326 16328 16330 16327 16325 16328 16325 16325 16325 16327 16331 16326 16324 16326 16329 16328 16327 16328 16329 16317 16331 16325 16327 16326 16328 16323 16326 16327 16327 16324 16327 16326 16324 16326 16329 16322 16327 16328 16325 52 2538 304 13763 
0 16325 16328 16324 16326 16324 16323 16322 16324 16321 16322 16323 16325 16321 16327 16322 16326 16323 16361 16283 16356 16315 16331 16319 16327 16324 16323 16322 16323 16322 16321 16326 16323 16327 16323 16323 16321 16322 16325 16322 16321 16322 16321 16324 16322 16322 16323 16326 16325 16324 16323 16324 16323 16326 16325 16322 16328 16323 16325 16319 16326 16326 16325 16323 16312 16330 16317 16327 16317 16322 16320 16327 16326 16325 16323 16322 16322 16324 16324 16322 16325 16327 16323 16321 16326 16325 16323 16325 16325 16322 16326 16326 16326 16323 16323 16327 16322 16327 16327 16324 16325 16328 16324 16326 16324 16324 16326 16323 16329 16328 16324 16328 16325 16324 16324 16327 16326 16326 16325 16326 16325 16327 16325 16326 16324 16323 16325 16323 16323 16329 16326 16327 16326 16325 16322 16323 16326 16326 16327 16327 16322 16320 16326 16325 16327 16322 16325 16320 16321 16326 16325 16326 16322 16322 16326 16322 16328 16323 16325 16325 16327 16325 16323 16326 16327 16326 16324 16326 16325 16323 16321 16323 16326 16322 16327 16327 16327 16327 16324 16327 16326 16327 16328 16326 16327 16326 16325 16325 16327 16324 16324 16324 16326 16323 16325 16325 16328 16323 16328 16321 16327 16318 16325 16322 16325 16326 16325 16324 16325 16324 16328 16324 16324 16321 16322 16324 16325 16324 16323 16327 16326 16322 16323 16327 16325 16326 16322 16323 16326 16325 16323 16324 16325 16325 16325 16320 16320 16326 16328 16324 16324 16327 16324 16323 16325 16327 16325 16324 16327 16325 16321 16323 16325 16330 16324 16329 16324 16326 62 6773 304 13763 
0 16332 16335 16333 16333 16333 16332 16331 16334 16334 16331 16331 16332 16333 16332 16329 16331 16332 16334 16332 16327 16333 16330 16331 16334 16329 16332 16337 16333 16331 16333 16331 16332 16329 16335 16331 16328 16336 16328 16333 16331 16333 16334 16328 16331 16331 16325 16332 16328 16334 16331 16330 16334 16331 16332 16332 16335 16335 16332 16329 16329 16331 16326 16383 16244 20 16281 16371 16301 16354 16312 16343 16320 16337 16321 16329 16324 16328 16325 16329 16329 16330 16324 16333 16330 16329 16328 16328 16330 16333 16329 16329 16328 16326 16329 16329 16328 16328 16327 16330 16330 16331 16331 16328 16328 16329 16321 16335 16326 16334 16329 16325 16332 16334 16331 16333 16331 16333 16331 16333 16333 16318 16321 16331 16330 16334 16331 16333 16333 16333 16335 16331 16337 16333 16331 16336 16329 16330 16333 16335 16333 16329 16331 16331 16331 16331 16329 16339 16332 16335 16332 16333 16332 16331 16332 16334 16335 16338 16333 16332 16335 16333 16335 16331 16333 16336 16331 16332 16330 16328 16335 16335 16333 16334 16332 16331 16332 16336 16329 16331 16329 16335 16334 16333 16331 16331 16330 16331 16331 16331 16332 16333 16332 16327 16333 16333 16334 16332 16336 16332 16330 16334 16333 16332 16326 16335 16332 16331 16333 16332 16331 16330 16337 16329 16332 16335 16331 16336 16329 16333 16331 16334 16332 16335 16329 16335 16331 16332 16329 16333 16332 16333 16331 16335 16332 16334 16333 16336 16328 16332 16329 16328 16330 16332 16333 16332 16326 16335 16332 16334 16330 16335 16336 16332 16328 16333 16331 16332 67 10006 304 13763 
0 16326 16327 16324 16323 16327 16329 16329 16326 16326 16325 16325 16327 16327 16331 16325 16326 16328 16329 16337 16338 16276 16373 16285 16361 16297 16349 16307 16337 16313 16332 16316 16331 16324 16330 16324 16326 16325 16326 16325 16326 16326 16332 16325 16324 16326 16330 16328 16327 16323 16325 16329 16326 16325 16322 16327 16324 16324 16327 16327 16327 16322 16326 16323 16315 16328 16324 16327 16326 16331 16324 16325 16331 16330 16327 16327 16332 16327 16327 16332 16330 16330 16328 16327 16329 16333 16325 16329 16327 16327 16326 16328 16328 16329 16326 16326 16329 16327 16327 16329 16327 16326 16331 16327 16331 16329 16331 16327 16330 16326 16329 16331 16327 16327 16332 16328 16329 16329 16326 16329 16329 16330 16331 16329 16328 16329 16329 16327 16329 16328 16328 16331 16329 16325 16327 16327 16329 16328 16325 16326 16326 16326 16329 16327 16330 16328 16327 16328 16329 16329 16330 16327 16330 16327 16328 16329 16327 16329 16329 16326 16333 16330 16324 16328 16327 16330 16326 16331 16327 16327 16328 16330 16328 16328 16328 16325 16329 16327 16331 16329 16327 16330 16329 16330 16330 16324 16328 16329 16328 16330 16326 16327 16325 16331 16326 16326 16327 16324 16321 16326 16326 16328 16325 16329 16325 16328 16326 16326 16325 16322 16328 16323 16326 16328 16325 16327 16325 16326 16325 16326 16326 16322 16325 16327 16327 16327 16323 16330 16326 16330 16328 16328 16329 16324 16327 16326 16328 16328 16326 16326 16325 16325 16326 16325 16327 16326 16327 16324 16324 16328 16331 16328 16332 16326 16328 16324 16331 16326 72 8917 304 13763 
0 16324 16327 16323 16324 16331 16324 16325 16326 16325 16324 16325 16325 16326 16325 16323 16324 16325 16326 16325 16326 16347 16253 4 16270 16365 16292 16350 16303 16339 16311 16336 16318 16328 16322 16327 16320 16325 16322 16328 16323 16328 16324 16327 16324 16328 16325 16325 16324 16322 16326 16320 16323 16322 16321 16322 16324 16322 16325 16320 16326 16326 16324 16327 16315 16322 16322 16322 16322 16323 16325 16325 16323 16323 16324 16326 16325 16319 16333 16327 16319 16329 16324 16324 16329 16331 16329 16331 16331 16328 16327 16328 16326 16323 16324 16324 16328 16327 16324 16330 16326 16320 16331 16325 16328 16328 16326 16330 16323 16324 16326 16326 16326 16328 16328 16324 16327 16327 16325 16327 16327 16325 16328 16327 16328 16326 16327 16324 16326 16326 16330 16330 16325 16325 16324 16327 16328 16326 16328 16325 16327 16325 16328 16326 16327 16329 16326 16325 16323 16324 16321 16328 16326 16327 16323 16324 16325 16326 16325 16326 16326 16330 16328 16328 16324 16328 16323 16325 16329 16323 16325 16326 16327 16330 16326 16322 16325 16326 16324 16324 16325 16321 16326 16324 16322 16326 16326 16326 16324 16322 16323 16323 16326 16326 16327 16327 16326 16325 16325 16327 16322 16324 16325 16324 16323 16327 16327 16324 16326 16324 16325 16325 16323 16327 16322 16330 16326 16324 16321 16328 16327 16329 16322 16326 16327 16326 16327 16325 16328 16324 16323 16321 16326 16324 16328 16322 16323 16326 16324 16327 16325 16325 16326 16326 16324 16323 16327 16326 16326 16326 16326 16325 16325 16329 16326 16322 16321 16325 77 8762 304 13763 
0 16324 16328 16327 16326 16325 16330 16328 16327 16327 16324 16326 16326 16326 16326 16327 16324 16327 16326 16329 16328 16324 16327 16325 16326 16327 16328 16328 16327 16329 16322 16329 16327 16325 16326 16324 16326 16324 16328 16327 16327 16328 16326 16327 16328 16326 16332 16321 16328 16323 16325 16327 16324 16324 16326 16325 16323 16326 16326 16323 16326 16324 16328 16357 16307 16309 16350 16297 16344 16305 16340 16312 16337 16317 16329 16321 16328 16319 16327 16324 16325 16326 16330 16326 16325 16325 16323 16327 16325 16321 16324 16325 16330 16324 16324 16325 16327 16319 16327 16328 16328 16325 16328 16324 16327 16324 16320 16326 16322 16329 16319 16329 16322 16328 16325 16327 16327 16326 16328 16328 16325 16325 16327 16326 16327 16328 16328 16330 16328 16324 16329 16328 16329 16326 16323 16327 16328 16325 16325 16326 16324 16323 16327 16332 16324 16324 16329 16327 16330 16327 16330 16330 16329 16327 16331 16324 16329 16324 16331 16326 16328 16327 16325 16327 16329 16333 16328 16329 16328 16326 16328 16329 16326 16327 16327 16326 16326 16328 16324 16328 16327 16325 16326 16325 16327 16325 16328 16326 16329 16327 16327 16327 16328 16322 16327 16325 16327 16324 16325 16326 16329 16330 16329 16327 16327 16329 16325 16325 16327 16326 16327 16327 16325 16325 16327 16328 16331 16324 16327 16327 16325 16327 16329 16326 16329 16327 16326 16327 16326 16327 16330 16325 16327 16325 16327 16327 16327 16322 16327 16327 16326 16328 16327 16327 16326 16331 16327 16323 16332 16332 16326 16326 16326 16330 16327 16324 16325 16327 82 8086 304 13763 
0 16324 16326 16327 16324 16325 16327 16326 16327 16326 16323 16321 16325 16326 16326 16321 16329 16326 16329 16326 16329 16328 16327 16324 16329 16323 16327 16328 16326 16326 16326 16323 16323 16325 16326 16325 16327 16324 16324 16329 16327 16326 16325 16328 16330 16323 16327 16329 16325 16328 16326 16326 16330 16325 16325 16328 16327 16327 16325 16324 16323 16328 16345 16320 16295 16361 16297 16350 16304 16344 16313 16334 16320 16331 16317 16327 16325 16327 16322 16324 16322 16326 16324 16324 16325 16326 16322 16324 16326 16323 16324 16324 16322 16325 16325 16320 16320 16324 16321 16323 16326 16325 16324 16323 16322 16320 16322 16327 16320 16328 16324 16325 16327 16323 16324 16321 16326 16326 16326 16325 16326 16330 16321 16327 16325 16327 16325 16328 16324 16322 16327 16329 16327 16328 16329 16327 16326 16324 16330 16324 16320 16327 16327 16324 16327 16331 16331 16323 16328 16327 16329 16325 16325 16326 16328 16328 16332 16328 16326 16329 16325 16328 16326 16326 16325 16324 16323 16328 16328 16323 16330 16329 16320 16328 16326 16329 16327 16324 16322 16327 16326 16327 16324 16328 16323 16323 16324 16329 16326 16326 16328 16326 16326 16324 16327 16323 16329 16323 16323 16329 16326 16323 16327 16329 16326 16325 16326 16324 16326 16324 16327 16326 16324 16327 16326 16324 16329 16327 16324 16328 16323 16327 16323 16326 16325 16328 16326 16332 16323 16327 16324 16324 16330 16324 16326 16323 16325 16328 16325 16327 16323 16326 16325 16323 16327 16323 16326 16327 16328 16327 16328 16325 16325 16323 16324 16327 16326 16323 92 8277 304 13763 
0 16323 16324 16327 16328 16323 16327 16323 16327 16327 16327 16325 16326 16326 16325 16326 16328 16325 16323 16324 16324 16328 16326 16327 16323 16329 16328 16324 16329 16323 16325 16326 16325 16326 16326 16325 16327 16325 16329 16328 16330 16329 16324 16325 16330 16329 16328 16325 16326 16326 16328 16327 16328 16329 16325 16326 16330 16326 16329 16324 16326 16324 16326 16379 16251 8 16285 16356 16302 16343 16314 16333 16317 16328 16321 16325 16318 16325 16322 16319 16326 16326 16323 16326 16324 16325 16326 16323 16325 16323 16328 16329 16327 16327 16322 16325 16331 16325 16325 16326 16326 16326 16323 16322 16326 16323 16324 16323 16326 16319 16326 16323 16322 16325 16323 16325 16327 16323 16329 16324 16326 16327 16329 16326 16326 16328 16329 16325 16325 16329 16327 16328 16327 16327 16329 16322 16326 16326 16328 16324 16327 16330 16327 16326 16328 16326 16325 16325 16324 16324 16329 16323 16327 16329 16327 16326 16328 16327 16328 16325 16325 16326 16325 16325 16327 16325 16325 16324 16329 16327 16323 16324 16325 16326 16329 16313 16327 16321 16327 16329 16324 16329 16329 16330 16325 16325 16328 16325 16327 16326 16326 16326 16325 16326 16326 16326 16324 16322 16324 16326 16330 16328 16329 16325 16324 16325 16330 16325 16327 16325 16325 16328 16325 16329 16329 16325 16326 16324 16326 16329 16323 16324 16325 16325 16328 16326 16326 16326 16329 16326 16326 16323 16326 16329 16326 16326 16322 16326 16325 16324 16327 16325 16326 16328 16323 16326 16319 16321 16324 16323 16324 16326 16323 16323 16323 16327 16326 16324 97 10085 304 13763 
0 16333 16333 16330 16334 16332 16331 16334 16336 16331 16331 16331 16331 16331 16331 16332 16334 16333 16335 16332 16334 16333 16333 16331 16335 16336 16333 16332 16332 16332 16332 16333 16332 16331 16330 16335 16332 16328 16333 16329 16332 16331 16330 16334 16330 16331 16332 16338 16330 16329 16334 16332 16337 16333 16334 16335 16330 16334 16334 16334 16333 16335 16331 16329 16315 16326 16331 16332 16329 16335 16336 16333 16335 16337 16332 16333 16335 16334 16334 16335 16336 16333 16336 16331 16335 16334 16333 16335 16330 16332 16332 16334 16333 16335 16331 16336 16334 16335 16334 16333 16334 16331 16334 16336 16331 16335 16335 16333 16336 16335 16332 16329 16333 16335 16330 16332 16337 16334 16334 16334 16334 16335 16333 16334 16332 16331 16331 16331 16331 16329 16334 16332 16336 16334 16332 16334 16332 16334 16362 16290 16373 16313 16348 16322 16338 16332 16329 16330 16331 16329 16333 16332 16331 16329 16332 16332 16331 16333 16333 16331 16330 16331 16332 16335 16334 16332 16332 16331 16334 16335 16333 16332 16333 16334 16329 16334 16334 16333 16330 16331 16333 16331 16334 16330 16334 16333 16331 16324 16342 16327 16332 16329 16332 16331 16337 16333 16335 16329 16330 16338 16329 16333 16330 16333 16336 16334 16335 16336 16333 16337 16338 16331 16331 16335 16335 16333 16334 16337 16334 16330 16333 16335 16332 16336 16332 16332 16339 16333 16335 16334 16337 16334 16335 16335 16333 16337 16332 16333 16336 16334 16331 16332 16332 16331 16336 16336 16334 16332 16331 16332 16337 16330 16337 16334 16334 16331 16335 16333 102 8881 304 13763 
0 16327 16324 16327 16322 16326 16328 16325 16327 16326 16330 16328 16326 16324 16327 16327 16326 16330 16326 16328 16326 16326 16326 16329 16323 16324 16327 16323 16328 16328 16330 16327 16327 16327 16324 16330 16331 16323 16329 16328 16325 16324 16327 16325 16329 16322 16327 16324 16326 16325 16330 16327 16324 16326 16328 16325 16330 16328 16329 16323 16327 16327 16321 16374 16276 16354 16319 16332 16329 16323 16325 16321 16324 16320 16325 16320 16326 16321 16324 16323 16327 16327 16324 16320 16326 16319 16328 16322 16327 16324 16325 16325 16328 16325 16321 16327 16320 16327 16329 16323 16328 16324 16325 16326 16323 16326 16319 16328 16327 16326 16325 16323 16325 16329 16324 16324 16326 16326 16329 16324 16327 16325 16326 16327 16327 16327 16328 16322 16327 16328 16332 16332 16326 16330 16332 16327 16328 16326 16325 16329 16327 16326 16328 16328 16326 16328 16324 16329 16326 16326 16328 16327 16326 16328 16326 16327 16326 16326 16328 16324 16325 16325 16327 16327 16323 16326 16327 16327 16328 16324 16327 16327 16328 16325 16326 16321 16327 16325 16327 16326 16323 16325 16328 16326 16327 16327 16327 16323 16328 16325 16323 16325 16327 16323 16328 16327 16327 16328 16328 16329 16328 16328 16326 16331 16325 16324 16328 16323 16320 16325 16324 16327 16327 16326 16324 16330 16322 16324 16326 16323 16329 16325 16326 16327 16325 16325 16328 16325 16326 16325 16328 16326 16326 16328 16327 16327 16326 16322 16327 16323 16327 16330 16326 16327 16325 16325 16328 16325 16329 16324 16325 16327 16322 16329 16326 16329 16324 16326 107 10763 304 13763 
0 16326 16326 16325 16329 16324 16325 16323 16329 16322 16325 16323 16325 16326 16327 16322 16326 16324 16327 16325 16327 16325 16330 16325 16324 16327 16322 16324 16326 16323 16329 16326 16323 16326 16327 16327 16323 16323 16321 16325 16328 16328 16326 16330 16324 16324 16328 16325 16329 16327 16323 16325 16327 16324 16324 16327 16325 16328 16326 16324 16326 16322 16325 16382 16238 16 16271 16368 16293 16351 16308 16338 16315 16331 16317 16327 16318 16329 16322 16328 16324 16329 16321 16327 16324 16327 16326 16325 16327 16329 16322 16326 16320 16328 16322 16327 16323 16323 16326 16327 16324 16325 16325 16325 16325 16320 16334 16319 16328 16321 16322 16321 16327 16329 16326 16327 16325 16326 16328 16324 16326 16325 16328 16328 16325 16332 16324 16325 16327 16328 16328 16327 16322 16326 16326 16328 16326 16327 16325 16328 16325 16325 16325 16327 16324 16328 16326 16328 16330 16326 16323 16325 16331 16326 16323 16328 16329 16327 16327 16326 16327 16326 16332 16326 16327 16328 16329 16326 16325 16325 16322 16329 16327 16325 16327 16327 16327 16324 16330 16329 16328 16328 16328 16329 16326 16326 16330 16329 16326 16326 16331 16327 16324 16326 16323 16323 16325 16330 16327 16323 16330 16325 16327 16327 16329 16326 16329 16324 16326 16328 16326 16327 16326 16327 16327 16329 16326 16326 16326 16325 16324 16328 16324 16328 16324 16328 16327 16327 16325 16327 16326 16329 16323 16329 16324 16326 16328 16324 16326 16322 16325 16325 16324 16329 16326 16325 16324 16324 16325 16327 16325 16328 16327 16323 16326 16327 16328 16325 112 9138 304 13763 
0 16324 16328 16327 16324 16324 16325 16328 16325 16324 16327 16326 16329 16326 16329 16329 16325 16326 16327 16327 16329 16322 16324 16325 16328 16324 16328 16327 16327 16326 16325 16326 16327 16318 16328 16326 16325 16324 16322 16326 16324 16324 16320 16327 16328 16323 16326 16327 16322 16326 16324 16327 16328 16327 16326 16324 16327 16325 16329 16327 16328 16328 16322 16381 16253 16383 16299 16351 16309 16343 16317 16331 16320 16327 16324 16324 16322 16322 16325 16324 16319 16326 16327 16322 16326 16328 16326 16325 16324 16323 16324 16324 16327 16326 16327 16319 16327 16324 16327 16324 16320 16326 16323 16324 16327 16324 16323 16321 16329 16320 16323 16321 16323 16324 16325 16323 16326 16322 16327 16325 16326 16327 16324 16325 16329 16324 16327 16328 16324 16330 16326 16329 16331 16328 16329 16326 16323 16326 16323 16326 16325 16329 16328 16326 16326 16327 16326 16328 16328 16326 16330 16323 16330 16327 16325 16324 16331 16329 16329 16326 16328 16326 16329 16325 16329 16328 16328 16325 16328 16326 16330 16325 16329 16324 16328 16325 16326 16325 16324 16325 16328 16328 16330 16330 16325 16322 16329 16324 16330 16328 16325 16326 16322 16326 16328 16329 16326 16328 16325 16325 16327 16327 16327 16324 16327 16326 16329 16328 16329 16325 16325 16324 16330 16328 16326 16327 16325 16325 16327 16323 16322 16326 16323 16325 16324 16322 16327 16325 16327 16327 16327 16326 16328 16327 16329 16328 16325 16326 16328 16327 16325 16329 16328 16326 16330 16325 16325 16327 16327 16329 16329 16327 16328 16326 16323 16327 16327 16326 121 11507 304 13763 
0 16323 16326 16326 16327 16328 16323 16326 16324 16329 16328 16322 16326 16326 16323 16323 16329 16326 16325 16324 16327 16324 16327 16327 16327 16327 16326 16326 16326 16327 16325 16323 16324 16325 16323 16327 16324 16327 16324 16322 16328 16324 16327 16325 16326 16327 16323 16326 16326 16326 16325 16325 16328 16326 16325 16325 16328 16326 16322 16328 16326 16327 16328 16345 16261 3 16269 16364 16295 16350 16304 16341 16312 16331 16315 16325 16320 16329 16320 16324 16323 16329 16323 16326 16326 16324 16324 16326 16324 16322 16326 16322 16330 16327 16325 16327 16326 16326 16326 16326 16325 16328 16325 16326 16321 16331 16318 16324 16320 16324 16324 16322 16321 16326 16323 16323 16322 16328 16327 16326 16324 16326 16329 16327 16325 16326 16326 16324 16327 16327 16329 16325 16322 16328 16328 16324 16329 16324 16326 16322 16327 16327 16325 16326 16327 16327 16325 16324 16327 16323 16327 16328 16327 16327 16330 16328 16327 16329 16329 16325 16323 16323 16329 16328 16327 16324 16326 16328 16326 16328 16326 16328 16326 16324 16326 16324 16325 16329 16322 16324 16325 16324 16325 16327 16326 16323 16327 16326 16325 16325 16323 16327 16327 16324 16323 16326 16323 16324 16328 16327 16327 16326 16328 16323 16326 16327 16327 16323 16328 16328 16326 16327 16327 16324 16325 16325 16326 16328 16327 16322 16324 16324 16328 16330 16328 16326 16324 16328 16327 16329 16322 16325 16324 16327 16327 16328 16326 16323 16326 16326 16326 16325 16326 16321 16328 16324 16323 16325 16328 16327 16326 16325 16325 16327 16323 16324 16323 16323 126 12825 304 13763 
0 16331 16333 16333 16331 16329 16333 16332 16335 16334 16337 16334 16331 16331 16335 16333 16335 16333 16330 16331 16330 16331 16332 16330 16332 16332 16329 16331 16335 16330 16337 16332 16333 16332 16329 16332 16331 16332 16331 16333 16334 16333 16331 16332 16333 16332 16333 16335 16330 16331 16331 16329 16331 16331 16329 16332 16333 16329 16332 16334 16333 16331 16334 16364 16251 20 16276 16372 16295 16357 16309 16342 16319 16340 16319 16338 16324 16339 16325 16330 16329 16329 16333 16331 16330 16331 16328 16331 16328 16337 16335 16331 16328 16330 16327 16331 16334 16329 16331 16330 16332 16329 16332 16328 16331 16327 16335 16325 16330 16329 16332 16327 16328 16332 16329 16333 16331 16330 16330 16334 16335 16333 16330 16332 16333 16334 16335 16333 16332 16333 16338 16330 16334 16333 16331 16336 16335 16334 16335 16332 16336 16329 16335 16332 16337 16329 16335 16335 16333 16328 16336 16335 16331 16333 16335 16333 16335 16334 16335 16333 16333 16334 16331 16336 16338 16335 16333 16329 16329 16336 16333 16340 16333 16337 16336 16334 16332 16333 16334 16335 16331 16338 16334 16336 16333 16335 16334 16332 16333 16335 16335 16334 16331 16333 16334 16332 16333 16331 16333 16334 16334 16332 16334 16334 16333 16332 16331 16335 16333 16330 16333 16337 16336 16328 16338 16330 16335 16332 16333 16333 16333 16334 16334 16329 16331 16328 16333 16333 16331 16332 16337 16330 16329 16333 16334 16333 16330 16334 16327 16335 16330 16332 16334 16331 16332 16336 16333 16334 16335 16329 16335 16333 16334 16332 16331 16332 16331 16329 131 11207 304 13763 
0 16327 16322 16325 16327 16327 16329 16327 16327 16326 16323 16326 16328 16324 16325 16321 16324 16328 16325 16326 16320 16329 16327 16326 16327 16325 16321 16324 16325 16324 16326 16326 16323 16328 16326 16329 16327 16323 16327 16329 16324 16326 16327 16322 16327 16323 16324 16327 16331 16324 16327 16327 16326 16328 16326 16326 16323 16327 16327 16329 16327 16327 16328 16347 16259 16382 16278 16364 16292 16347 16305 16342 16312 16332 16316 16326 16319 16332 16316 16328 16318 16328 16324 16326 16324 16326 16326 16324 16323 16323 16329 16325 16327 16326 16326 16322 16319 16329 16328 16324 16326 16326 16328 16324 16324 16324 16325 16317 16330 16322 16325 16316 16319 16324 16332 16323 16324 16324 16328 16324 16326 16328 16322 16327 16326 16326 16326 16328 16324 16329 16330 16325 16329 16327 16331 16328 16327 16324 16326 16324 16323 16327 16324 16327 16329 16322 16326 16326 16335 16331 16323 16327 16326 16324 16330 16327 16326 16328 16325 16331 16329 16326 16326 16324 16324 16326 16324 16328 16323 16328 16326 16328 16325 16329 16326 16328 16324 16329 16326 16330 16329 16327 16329 16328 16326 16326 16329 16327 16328 16325 16327 16331 16330 16328 16324 16327 16324 16325 16323 16329 16329 16328 16327 16327 16323 16325 16325 16332 16327 16331 16328 16325 16331 16324 16326 16330 16327 16325 16326 16323 16327 16327 16324 16324 16325 16327 16324 16327 16330 16325 16324 16329 16324 16329 16325 16327 16323 16325 16330 16326 16323 16327 16327 16325 16323 16330 16329 16325 16325 16327 16327 16327 16328 16328 16330 16329 16328 16329 136 10078 304 13763 
0 16325 16326 16328 16329 16326 16327 16329 16327 16323 16328 16323 16328 16326 16326 16329 16326 16328 16327 16325 16327 16327 16323 16326 16323 16328 16323 16328 16325 16329 16325 16329 16326 16326 16326 16326 16328 16324 16328 16328 16325 16326 16324 16327 16327 16325 16329 16329 16324 16329 16327 16326 16327 16321 16323 16325 16327 16328 16325 16325 16328 16327 16325 16373 16244 17 16276 16368 16293 16351 16309 16343 16316 16331 16321 16330 16320 16333 16326 16331 16324 16326 16328 16327 16324 16325 16323 16325 16326 16320 16324 16327 16325 16323 16327 16325 16325 16326 16323 16324 16324 16324 16325 16326 16325 16328 16328 16325 16329 16321 16328 16321 16327 16321 16328 16327 16329 16326 16325 16328 16327 16328 16325 16327 16327 16324 16329 16331 16323 16328 16325 16327 16325 16324 16330 16327 16325 16332 16329 16327 16331 16322 16326 16323 16326 16327 16326 16330 16327 16326 16330 16326 16330 16327 16328 16325 16319 16332 16331 16330 16329 16327 16327 16325 16323 16325 16331 16325 16327 16328 16329 16331 16331 16325 16329 16327 16330 16334 16330 16328 16326 16324 16328 16327 16327 16327 16329 16326 16326 16327 16330 16329 16324 16327 16326 16329 16326 16329 16328 16330 16325 16327 16327 16321 16327 16328 16326 16330 16329 16324 16328 16329 16327 16335 16328 16327 16327 16329 16330 16328 16326 16325 16323 16326 16326 16323 16324 16325 16326 16324 16328 16327 16327 16326 16324 16324 16325 16324 16325 16328 16322 16326 16332 16325 16327 16329 16324 16329 16322 16322 16327 16324 16328 16327 16326 16328 16322 16325 141 7965 304 13763 
0 16324 16324 16326 16328 16329 16326 16323 16327 16328 16324 16326 16321 16327 16328 16326 16327 16322 16322 16325 16326 16327 16326 16325 16329 16326 16325 16324 16325 16325 16323 16321 16325 16328 16327 16327 16324 16324 16325 16322 16326 16325 16324 16328 16324 16325 16330 16323 16325 16323 16322 16328 16328 16319 16321 16328 16328 16327 16327 16331 16325 16326 16324 16343 16274 16366 16284 16353 16298 16348 16303 16338 16315 16333 16316 16330 16319 16327 16318 16324 16320 16325 16320 16323 16324 16327 16323 16325 16326 16327 16328 16324 16323 16322 16324 16326 16329 16323 16327 16321 16323 16326 16324 16329 16322 16325 16322 16324 16329 16325 16316 16333 16319 16325 16319 16320 16321 16326 16322 16324 16322 16323 16326 16329 16326 16327 16324 16323 16326 16326 16330 16327 16325 16325 16325 16327 16330 16328 16326 16328 16328 16328 16326 16323 16326 16323 16325 16321 16326 16324 16323 16325 16328 16328 16328 16328 16328 16327 16325 16323 16325 16326 16327 16323 16324 16328 16328 16327 16327 16325 16326 16328 16328 16325 16325 16322 16322 16331 16328 16326 16326 16326 16328 16329 16325 16328 16324 16325 16327 16326 16324 16326 16327 16328 16326 16329 16329 16325 16326 16324 16324 16327 16329 16327 16326 16329 16327 16324 16328 16328 16325 16323 16329 16326 16329 16323 16325 16330 16323 16323 16325 16326 16327 16329 16328 16325 16330 16325 16325 16324 16326 16323 16327 16329 16323 16323 16325 16326 16325 16323 16326 16326 16325 16324 16326 16324 16322 16326 16325 16325 16325 16326 16323 16330 16324 16326 16328 16323 219 12369 304 13763 
0 16327 16322 16328 16329 16328 16325 16327 16325 16328 16324 16322 16326 16325 16327 16328 16324 16327 16327 16327 16329 16326 16325 16327 16326 16324 16326 16327 16326 16324 16323 16325 16328 16330 16328 16327 16327 16326 16328 16325 16327 16325 16329 16327 16326 16328 16327 16326 16325 16326 16327 16328 16322 16323 16329 16329 16324 16327 16328 16323 16329 16322 16323 16339 16315 16326 16339 16308 16337 16313 16333 16318 16326 16320 16329 16322 16326 16320 16326 16325 16329 16320 16329 16329 16325 16323 16327 16324 16325 16325 16329 16321 16325 16328 16326 16327 16320 16325 16329 16324 16325 16325 16327 16325 16322 16324 16325 16326 16325 16324 16327 16320 16325 16330 16321 16323 16323 16321 16324 16326 16326 16324 16323 16329 16325 16326 16327 16327 16328 16331 16326 16326 16327 16323 16327 16326 16327 16330 16329 16322 16326 16328 16327 16327 16324 16330 16319 16327 16326 16329 16328 16326 16321 16328 16327 16327 16326 16325 16326 16329 16322 16329 16325 16327 16326 16328 16329 16326 16326 16329 16328 16326 16326 16330 16323 16328 16323 16329 16326 16324 16327 16330 16322 16325 16326 16329 16327 16327 16329 16326 16325 16324 16322 16328 16326 16329 16326 16327 16328 16326 16325 16328 16323 16323 16326 16327 16323 16328 16329 16325 16330 16328 16328 16325 16327 16323 16327 16328 16326 16324 16327 16324 16325 16326 16327 16327 16326 16325 16327 16328 16328 16329 16327 16327 16329 16327 16328 16327 16325 16328 16326 16322 16324 16326 16325 16327 16328 16324 16323 16328 16328 16324 16325 16324 16327 16329 16328 16322 224 16138 304 13763 
0 16330 16332 16333 16333 16329 16330 16330 16330 16329 16327 16332 16331 16329 16329 16334 16325 16333 16330 16328 16328 16331 16326 16333 16329 16328 16329 16330 16332 16327 16331 16332 16333 16329 16331 16332 16331 16330 16334 16328 16334 16332 16330 16327 16332 16328 16334 16335 16331 16332 16333 16329 16332 16326 16329 16327 16332 16326 16332 16331 16335 16332 16327 16347 16281 16370 16290 16358 16304 16347 16312 16346 16319 16335 16319 16334 16326 16333 16325 16329 16327 16332 16327 16332 16329 16331 16329 16331 16329 16332 16329 16331 16328 16333 16327 16332 16333 16331 16333 16332 16329 16332 16334 16329 16328 16337 16327 16331 16332 16332 16321 16329 16328 16331 16328 16327 16332 16329 16333 16332 16327 16330 16330 16322 16336 16329 16330 16333 16332 16333 16331 16329 16333 16332 16332 16330 16334 16334 16333 16335 16328 16330 16329 16329 16331 16330 16333 16332 16329 16332 16332 16331 16332 16335 16328 16332 16331 16328 16331 16334 16331 16333 16329 16328 16331 16327 16334 16327 16332 16330 16327 16329 16328 16333 16330 16331 16332 16332 16329 16332 16332 16333 16333 16332 16330 16331 16331 16327 16330 16329 16332 16328 16327 16332 16329 16329 16334 16332 16331 16333 16332 16332 16331 16330 16335 16332 16335 16333 16330 16330 16334 16325 16332 16333 16333 16333 16329 16329 16330 16333 16332 16333 16329 16332 16332 16328 16332 16332 16335 16326 16329 16336 16331 16333 16333 16329 16329 16330 16330 16331 16331 16331 16331 16330 16332 16326 16329 16329 16333 16333 16332 16329 16330 16332 16331 16330 16333 16333 229 14519 304 13763 
0 16328 16325 16326 16329 16331 16326 16332 16328 16328 16329 16327 16322 16327 16326 16327 16329 16328 16324 16332 16329 16325 16331 16329 16329 16328 16329 16329 16328 16332 16328 16325 16329 16329 16330 16328 16327 16327 16327 16329 16325 16328 16331 16329 16328 16326 16328 16326 16329 16328 16327 16328 16328 16331 16330 16324 16328 16326 16324 16330 16327 16328 16334 16336 16293 16359 16296 16351 16304 16344 16311 16334 16320 16335 16318 16330 16317 16326 16322 16331 16321 16329 16323 16325 16327 16324 16326 16329 16321 16326 16326 16330 16326 16326 16328 16328 16328 16329 16322 16328 16324 16325 16326 16331 16325 16330 16326 16325 16327 16325 16322 16331 16322 16327 16324 16327 16323 16333 16323 16329 16328 16326 16323 16326 16332 16330 16327 16326 16327 16325 16331 16332 16329 16328 16328 16327 16326 16327 16327 16326 16325 16324 16324 16321 16327 16325 16325 16325 16328 16328 16323 16327 16328 16323 16330 16324 16332 16331 16331 16332 16325 16328 16328 16323 16328 16330 16328 16326 16327 16328 16329 16325 16328 16329 16329 16333 16328 16330 16325 16328 16328 16325 16329 16324 16326 16329 16327 16329 16328 16325 16326 16327 16329 16328 16325 16328 16326 16328 16328 16325 16326 16327 16323 16329 16331 16327 16327 16327 16326 16328 16328 16327 16329 16329 16328 16327 16329 16325 16323 16327 16325 16328 16326 16327 16322 16328 16325 16331 16324 16323 16326 16329 16324 16326 16328 16328 16328 16332 16327 16328 16328 16325 16322 16326 16327 16325 16328 16326 16325 16326 16325 16327 16326 16328 16327 16332 16327 16328 234 16328 304 13763 
0 16326 16329 16324 16326 16327 16321 16325 16329 16329 16326 16328 16322 16333 16327 16328 16329 16326 16323 16332 16325 16327 16330 16326 16325 16327 16325 16325 16325 16324 16324 16331 16323 16328 16328 16325 16328 16327 16325 16324 16323 16325 16328 16329 16326 16331 16322 16328 16327 16326 16327 16327 16323 16326 16324 16324 16323 16326 16327 16324 16324 16325 16337 16327 16286 16371 16288 16357 16297 16348 16306 16337 16313 16330 16313 16330 16322 16327 16320 16325 16321 16326 16327 16326 16322 16326 16327 16329 16325 16323 16329 16324 16324 16324 16324 16326 16325 16322 16326 16326 16320 16325 16326 16324 16323 16319 16328 16323 16324 16324 16319 16325 16329 16321 16325 16329 16321 16326 16326 16324 16329 16323 16324 16335 16327 16327 16331 16324 16328 16327 16322 16328 16328 16329 16327 16329 16325 16328 16326 16326 16329 16325 16328 16327 16327 16328 16325 16327 16326 16328 16326 16324 16329 16327 16326 16327 16327 16325 16330 16330 16325 16328 16328 16323 16325 16327 16326 16324 16323 16326 16327 16329 16328 16328 16328 16327 16327 16329 16324 16328 16329 16329 16330 16327 16325 16328 16324 16327 16329 16322 16329 16328 16326 16327 16329 16327 16328 16328 16324 16325 16327 16326 16327 16324 16325 16325 16327 16327 16332 16322 16328 16328 16325 16327 16328 16322 16327 16327 16325 16329 16325 16326 16331 16329 16327 16328 16327 16326 16327 16328 16328 16325 16324 16329 16326 16329 16325 16325 16324 16327 16324 16331 16329 16327 16324 16325 16326 16330 16322 16326 16321 16327 16321 16328 16326 16326 16323 16326 239 14220 304 13763 
0 16320 16323 16330 16324 16326 16321 16325 16327 16327 16321 16331 16325 16321 16327 16319 16322 16326 16329 16326 16328 16322 16326 16325 16326 16331 16324 16324 16325 16323 16324 16328 16326 16323 16326 16324 16326 16326 16327 16320 16324 16326 16325 16324 16326 16325 16326 16326 16325 16324 16323 16324 16322 16327 16328 16324 16323 16324 16326 16323 16339 16317 16322 16340 16313 16337 16312 16331 16312 16330 16319 16326 16324 16322 16320 16329 16323 16321 16325 16326 16324 16324 16322 16327 16323 16326 16326 16327 16326 16328 16323 16324 16324 16323 16321 16328 16324 16319 16325 16322 16325 16324 16326 16326 16325 16324 16328 16326 16315 16331 16319 16326 16323 16325 16321 16327 16326 16326 16326 16328 16323 16324 16322 16329 16322 16325 16326 16331 16324 16329 16324 16330 16327 16328 16324 16327 16325 16324 16323 16324 16323 16324 16326 16322 16326 16326 16326 16326 16325 16327 16323 16326 16325 16327 16327 16325 16326 16329 16326 16324 16327 16325 16325 16329 16323 16327 16327 16323 16324 16329 16325 16328 16328 16327 16321 16327 16329 16325 16327 16330 16328 16329 16326 16324 16329 16327 16324 16326 16325 16325 16323 16326 16325 16325 16325 16325 16324 16322 16325 16327 16325 16324 16326 16327 16321 16328 16326 16324 16327 16326 16328 16324 16324 16328 16324 16326 16328 16326 16326 16329 16325 16327 16326 16323 16325 16325 16325 16327 16327 16324 16322 16328 16322 16325 16327 16326 16327 16324 16326 16327 16326 16323 16323 16322 16325 16328 16323 16322 16327 16328 16325 16324 16327 16323 16328 16327 16323 16327 245 13358 304 13763 
0 16333 16329 16326 16323 16328 16322 16327 16324 16327 16328 16324 16325 16330 16323 16327 16327 16324 16327 16326 16324 16328 16323 16326 16327 16329 16326 16330 16327 16321 16327 16322 16329 16321 16324 16331 16323 16327 16325 16324 16325 16322 16324 16324 16328 16327 16330 16326 16322 16321 16324 16329 16325 16326 16326 16327 16324 16324 16324 16329 16326 16320 16325 16347 16307 16329 16332 16316 16337 16311 16326 16321 16331 16319 16327 16319 16328 16320 16326 16320 16326 16321 16325 16325 16326 16322 16326 16319 16326 16323 16325 16326 16322 16326 16326 16326 16324 16326 16323 16322 16325 16325 16324 16323 16324 16326 16323 16325 16327 16317 16328 16320 16326 16325 16320 16325 16328 16322 16323 16322 16329 16328 16329 16327 16326 16327 16326 16328 16326 16325 16328 16326 16327 16328 16327 16326 16326 16321 16326 16327 16325 16328 16329 16327 16327 16327 16324 16323 16326 16324 16326 16323 16326 16327 16329 16327 16326 16327 16326 16327 16329 16325 16326 16329 16323 16325 16329 16323 16330 16327 16321 16329 16323 16325 16328 16324 16329 16331 16323 16327 16326 16327 16327 16329 16325 16330 16322 16325 16325 16324 16323 16328 16329 16325 16329 16324 16326 16325 16328 16326 16326 16324 16325 16327 16329 16322 16326 16328 16326 16326 16327 16325 16327 16326 16329 16326 16324 16325 16326 16325 16327 16327 16329 16328 16323 16325 16329 16325 16326 16325 16324 16329 16325 16325 16326 16326 16324 16328 16326 16326 16326 16322 16323 16326 16323 16329 16324 16323 16325 16325 16324 16328 16324 16326 16329 16324 16324 16325 250 13698 304 13763 
0 16327 16323 16325 16326 16327 16325 16325 16327 16332 16321 16332 16325 16326 16329 16326 16324 16328 16327 16327 16326 16322 16328 16324 16323 16329 16327 16322 16324 16332 16325 16326 16328 16325 16328 16328 16326 16329 16326 16326 16325 16325 16326 16328 16330 16326 16328 16327 16326 16327 16329 16325 16329 16323 16327 16325 16324 16326 16326 16327 16328 16327 16325 3 16248 8 16288 16356 16304 16345 16312 16335 16318 16332 16323 16323 16321 16326 16324 16327 16320 16329 16326 16329 16327 16327 16323 16328 16324 16331 16329 16327 16329 16328 16325 16328 16330 16326 16329 16328 16327 16331 16329 16330 16326 16326 16323 16328 16322 16332 16325 16328 16327 16329 16329 16331 16327 16327 16330 16326 16329 16331 16327 16329 16331 16325 16331 16332 16327 16332 16331 16333 16330 16328 16330 16328 16333 16327 16332 16331 16326 16330 16328 16327 16328 16330 16333 16328 16331 16330 16329 16333 16327 16326 16334 16328 16326 16328 16326 16328 16328 16331 16327 16327 16334 16327 16328 16329 16327 16333 16331 16331 16328 16330 16330 16328 16328 16332 16336 16326 16328 16326 16329 16329 16329 16327 16330 16330 16327 16328 16328 16325 16330 16327 16329 16327 16329 16330 16333 16329 16333 16328 16328 16332 16329 16329 16333 16328 16329 16327 16328 16327 16329 16324 16331 16331 16327 16327 16333 16328 16326 16331 16329 16329 16330 16330 16333 16331 16335 16329 16329 16330 16327 16330 16329 16327 16331 16329 16330 16329 16324 16332 16333 16325 16329 16327 16328 16329 16333 16324 16331 16327 16327 16332 16326 16328 16335 16329 255 11587 304 13763 
0 16329 16327 16331 16324 16328 16328 16326 16324 16324 16326 16329 16332 16327 16326 16327 16328 16325 16329 16326 16325 16330 16328 16324 16326 16326 16323 16325 16328 16327 16327 16327 16329 16325 16327 16326 16324 16323 16327 16323 16327 16327 16327 16328 16322 16332 16327 16324 16328 16327 16325 16327 16328 16324 16327 16328 16330 16327 16325 16326 16331 16326 16327 16370 16273 16368 16311 16338 16323 16331 16322 16328 16328 16325 16321 16325 16324 16324 16326 16321 16324 16327 16324 16321 16326 16326 16326 16324 16329 16323 16327 16328 16328 16322 16323 16325 16324 16325 16329 16327 16324 16325 16327 16325 16324 16328 16326 16316 16326 16323 16328 16323 16324 16322 16331 16320 16329 16326 16324 16327 16327 16320 16329 16326 16327 16330 16325 16322 16328 16329 16323 16330 16326 16327 16334 16326 16329 16327 16326 16327 16327 16326 16325 16329 16328 16327 16326 16326 16329 16327 16329 16325 16328 16331 16330 16328 16326 16329 16325 16328 16328 16326 16331 16326 16328 16329 16327 16326 16334 16324 16324 16327 16326 16329 16328 16328 16325 16325 16327 16323 16332 16329 16328 16327 16330 16326 16327 16326 16326 16325 16327 16324 16326 16326 16326 16330 16320 16326 16326 16323 16327 16329 16329 16331 16329 16322 16332 16326 16327 16328 16322 16325 16327 16327 16329 16329 16324 16328 16329 16324 16326 16324 16324 16329 16324 16330 16329 16325 16326 16326 16325 16324 16329 16321 16327 16327 16325 16328 16326 16323 16327 16327 16323 16329 16325 16324 16329 16326 16323 16330 16323 16326 16328 16324 16328 16327 16328 16326 260 9473 304 13763 
0 16328 16325 16323 16328 16326 16325 16326 16329 16320 16328 16328 16325 16324 16325 16326 16323 16326 16328 16323 16324 16326 16328 16327 16326 16324 16324 16328 16325 16324 16331 16323 16324 16328 16326 16328 16328 16321 16327 16327 16322 16325 16323 16328 16328 16323 16325 16328 16327 16327 16326 16320 16325 16326 16325 16326 16327 16327 16326 16327 16327 16321 16327 16319 16306 16324 16328 16326 16326 16322 16331 16329 16326 16327 16327 16328 16326 16328 16325 16325 16327 16325 16325 16326 16324 16323 16328 16325 16326 16325 16329 16324 16325 16326 16325 16327 16322 16328 16328 16329 16325 16331 16322 16327 16326 16327 16327 16326 16324 16327 16325 16323 16330 16326 16329 16330 16325 16325 16329 16329 16325 16329 16323 16326 16328 16322 16329 16326 16326 16324 16328 16327 16327 16323 16327 16324 16328 16327 16326 16326 16328 16326 16326 16326 16325 16326 16325 16325 16328 16325 16327 16327 16325 16326 16325 16330 16326 16326 16329 16329 16325 16326 16328 16328 16327 16325 16327 16326 16327 16327 16325 16328 16330 16337 16285 16366 16290 16353 16304 16344 16310 16339 16313 16332 16314 16327 16319 16326 16322 16327 16321 16319 16327 16323 16322 16329 16324 16328 16326 16325 16325 16325 16325 16324 16323 16324 16328 16323 16323 16327 16324 16324 16328 16320 16325 16323 16322 16322 16319 16328 16321 16326 16322 16326 16321 16332 16320 16329 16326 16324 16328 16325 16326 16324 16324 16327 16330 16323 16328 16329 16326 16326 16326 16326 16328 16326 16324 16329 16324 16329 16325 16327 16327 16327 16322 16325 16326 16326 265 7745 304 13763 
0 16327 16327 16327 16328 16330 16330 16329 16328 16324 16329 16328 16329 16329 16335 16325 16329 16331 16326 16332 16326 16328 16332 16328 16329 16325 16327 16327 16331 16327 16329 16331 16326 16327 16327 16321 16326 16326 16326 16328 16327 16328 16330 16326 16329 16329 16329 16328 16327 16328 16327 16330 16325 16325 16327 16327 16327 16327 16325 16328 16327 16327 16329 16368 16240 16 16272 16370 16293 16353 16302 16347 16311 16335 16323 16332 16321 16331 16319 16327 16328 16326 16326 16327 16329 16327 16328 16324 16328 16329 16326 16327 16329 16326 16325 16328 16329 16330 16328 16322 16328 16327 16326 16328 16325 16320 16332 16322 16327 16323 16324 16338 16337 16329 16323 16328 16324 16326 16328 16328 16326 16327 16329 16331 16332 16325 16334 16328 16330 16330 16330 16329 16328 16327 16333 16329 16330 16327 16328 16328 16327 16325 16328 16326 16329 16328 16332 16330 16327 16329 16329 16330 16329 16328 16329 16330 16330 16326 16328 16324 16331 16328 16327 16329 16325 16333 16329 16328 16331 16324 16331 16327 16326 16326 16331 16329 16329 16328 16328 16329 16326 16328 16330 16330 16328 16332 16326 16329 16327 16328 16328 16324 16329 16329 16328 16327 16328 16327 16330 16327 16327 16331 16327 16327 16328 16325 16327 16329 16331 16327 16331 16326 16327 16327 16326 16329 16326 16326 16328 16327 16324 16325 16330 16328 16331 16326 16326 16332 16328 16328 16323 16329 16326 16325 16325 16323 16326 16327 16327 16325 16326 16326 16329 16329 16330 16328 16331 16327 16326 16325 16326 16327 16324 16324 16329 16326 16326 16328 271 1603 304 13763 
0 16323 16328 16322 16325 16329 16321 16326 16328 16325 16330 16325 16326 16326 16325 16327 16329 16328 16328 16326 16322 16326 16327 16323 16325 16327 16322 16326 16323 16325 16325 16326 16326 16328 16324 16325 16325 16326 16325 16326 16324 16325 16327 16326 16326 16328 16322 16327 16325 16324 16326 16323 16326 16324 16326 16325 16322 16327 16325 16325 16330 16324 16324 16382 16242 9 16280 16360 16304 16345 16308 16339 16318 16328 16318 16324 16320 16328 16325 16322 16324 16322 16321 16327 16319 16322 16324 16328 16326 16328 16324 16326 16324 16317 16322 16325 16323 16329 16328 16326 16324 16325 16327 16328 16322 16322 16328 16325 16316 16329 16320 16330 16321 16324 16324 16325 16326 16322 16326 16324 16329 16325 16325 16327 16330 16326 16326 16328 16324 16326 16328 16328 16329 16328 16325 16327 16328 16325 16328 16331 16326 16328 16324 16325 16325 16327 16326 16328 16326 16328 16324 16328 16328 16329 16327 16326 16323 16328 16324 16325 16330 16327 16326 16328 16326 16329 16326 16325 16327 16326 16329 16323 16329 16327 16325 16328 16326 16329 16329 16322 16328 16332 16330 16328 16330 16325 16328 16327 16327 16328 16329 16326 16328 16327 16327 16325 16323 16328 16328 16326 16330 16326 16323 16326 16327 16327 16329 16325 16322 16327 16331 16325 16326 16328 16327 16324 16326 16325 16328 16325 16328 16325 16325 16324 16324 16324 16324 16326 16331 16322 16328 16324 16327 16323 16324 16322 16324 16328 16328 16321 16330 16326 16327 16327 16324 16325 16326 16324 16327 16328 16326 16326 16322 16322 16325 16324 16323 16331 276 1942 304 13763 
0 16325 16329 16328 16326 16325 16322 16324 16325 16325 16326 16324 16323 16325 16325 16323 16320 16326 16327 16324 16326 16322 16327 16326 16325 16326 16323 16323 16326 16324 16322 16327 16327 16323 16327 16325 16324 16327 16327 16329 16327 16326 16328 16326 16323 16327 16325 16322 16328 16325 16322 16326 16324 16328 16328 16325 16326 16329 16324 16327 16326 16322 16329 16359 16241 13 16268 16359 16287 16349 16302 16346 16309 16333 16320 16331 16320 16327 16322 16328 16326 16321 16320 16324 16325 16326 16324 16324 16327 16322 16322 16324 16326 16324 16323 16323 16325 16323 16323 16325 16324 16325 16320 16323 16325 16315 16330 16324 16339 16328 16325 16325 16328 16327 16323 16325 16328 16326 16324 16327 16325 16323 16327 16326 16327 16329 16327 16320 16326 16322 16323 16327 16323 16328 16328 16331 16326 16328 16326 16329 16325 16326 16326 16326 16328 16329 16328 16326 16324 16328 16327 16325 16324 16328 16327 16327 16331 16327 16324 16327 16323 16328 16327 16321 16324 16326 16328 16329 16328 16328 16327 16327 16327 16324 16330 16324 16327 16328 16323 16328 16325 16326 16329 16323 16324 16329 16331 16326 16328 16324 16324 16327 16325 16327 16329 16322 16325 16326 16325 16328 16324 16323 16328 16322 16326 16327 16324 16324 16326 16320 16331 16326 16328 16327 16324 16327 16329 16328 16325 16329 16323 16325 16328 16323 16325 16328 16320 16327 16327 16322 16329 16327 16327 16327 16327 16325 16322 16323 16326 16328 16324 16326 16327 16325 16321 16326 16324 16327 16331 16327 16325 16325 16326 16324 16325 16327 16322 16327 281 325 304 13763 
0 16324 16327 16324 16322 16327 16323 16327 16323 16325 16323 16327 16327 16327 16325 16322 16329 16328 16329 16326 16328 16324 16330 16328 16323 16329 16325 16327 16328 16325 16330 16330 16325 16324 16329 16326 16325 16327 16326 16326 16324 16327 16323 16326 16324 16328 16325 16326 16329 16330 16325 16324 16327 16325 16322 16327 16323 16328 16327 16327 16326 16324 16323 16363 16240 14 16265 16367 16291 16348 16307 16341 16315 16336 16317 16324 16318 16324 16319 16327 16324 16324 16324 16327 16327 16328 16321 16328 16327 16321 16328 16325 16322 16327 16327 16324 16324 16327 16323 16327 16325 16324 16326 16325 16324 16325 16318 16327 16323 16332 16322 16324 16322 16328 16326 16326 16326 16332 16326 16325 16326 16326 16323 16328 16329 16330 16328 16328 16326 16327 16326 16327 16325 16333 16324 16327 16327 16324 16326 16327 16325 16328 16325 16328 16330 16326 16330 16328 16328 16325 16330 16325 16325 16329 16325 16327 16328 16325 16326 16331 16322 16329 16328 16326 16327 16328 16322 16321 16328 16325 16330 16326 16325 16327 16324 16328 16331 16324 16323 16327 16322 16325 16329 16330 16326 16325 16327 16329 16326 16328 16329 16322 16326 16326 16325 16326 16326 16326 16328 16328 16329 16326 16328 16326 16324 16329 16328 16329 16328 16327 16328 16324 16325 16326 16330 16326 16326 16326 16327 16327 16327 16323 16327 16326 16321 16329 16325 16323 16328 16329 16323 16327 16324 16328 16325 16327 16327 16329 16323 16329 16326 16324 16325 16327 16324 16328 16324 16327 16329 16324 16326 16326 16322 16325 16326 16324 16325 16324 285 14598 304 13763 
0 16334 16333 16331 16333 16327 16334 16326 16327 16329 16329 16332 16331 16329 16331 16332 16332 16336 16339 16331 16333 16328 16327 16332 16333 16329 16335 16329 16326 16332 16332 16333 16328 16331 16332 16328 16330 16332 16330 16328 16331 16331 16331 16334 16333 16330 16333 16331 16330 16332 16332 16331 16333 16332 16330 16329 16332 16333 16332 16327 16332 16334 16331 16358 16314 16332 16341 16321 16346 16320 16337 16323 16337 16324 16338 16328 16333 16328 16331 16329 16331 16331 16330 16331 16327 16334 16330 16329 16331 16335 16331 16329 16336 16333 16334 16331 16330 16332 16332 16331 16334 16336 16334 16330 16336 16330 16332 16332 16329 16322 16330 16327 16330 16336 16329 16328 16337 16333 16333 16329 16330 16336 16333 16331 16330 16333 16333 16334 16336 16335 16332 16333 16331 16333 16329 16333 16334 16331 16329 16331 16329 16331 16334 16330 16332 16332 16328 16331 16336 16335 16331 16334 16332 16332 16329 16332 16333 16335 16331 16335 16336 16332 16331 16332 16335 16331 16330 16331 16331 16331 16335 16334 16331 16333 16332 16332 16331 16331 16334 16332 16333 16331 16335 16338 16333 16334 16332 16331 16333 16335 16329 16333 16333 16333 16334 16332 16336 16332 16335 16331 16333 16331 16333 16328 16333 16330 16334 16332 16333 16332 16335 16334 16330 16334 16334 16335 16331 16333 16331 16332 16329 16332 16333 16331 16330 16332 16331 16334 16338 16333 16331 16333 16334 16331 16333 16331 16333 16336 16336 16331 16331 16332 16333 16336 16334 16335 16333 16332 16333 16335 16332 16332 16328 16332 16327 16333 16329 16331 291 21 304 13763 
0 16328 16334 16331 16330 16326 16338 16333 16327 16334 16327 16327 16328 16328 16329 16329 16325 16331 16329 16325 16326 16327 16328 16327 16325 16324 16328 16328 16332 16331 16329 16330 16329 16328 16328 16330 16328 16327 16332 16326 16331 16329 16327 16325 16327 16325 16328 16328 16332 16327 16332 16330 16328 16329 16326 16328 16333 16328 16328 16328 16327 16330 16325 16364 16291 16361 16314 16335 16323 16327 16329 16328 16327 16328 16328 16323 16329 16325 16328 16330 16323 16329 16330 16327 16329 16328 16323 16328 16325 16326 16331 16326 16325 16331 16325 16332 16327 16324 16332 16322 16326 16327 16327 16323 16326 16330 16325 16327 16328 16317 16332 16321 16333 16322 16325 16325 16334 16324 16332 16323 16326 16324 16330 16329 16326 16328 16332 16324 16331 16331 16331 16330 16328 16326 16329 16329 16329 16328 16331 16327 16331 16328 16330 16328 16332 16329 16333 16327 16329 16327 16332 16328 16327 16328 16326 16331 16330 16330 16331 16328 16329 16325 16327 16330 16328 16327 16331 16327 16326 16327 16327 16329 16326 16326 16329 16326 16329 16328 16327 16325 16331 16326 16329 16330 16323 16332 16322 16326 16331 16328 16330 16329 16329 16326 16328 16331 16324 16328 16326 16331 16329 16329 16327 16328 16329 16330 16328 16325 16327 16330 16328 16326 16328 16327 16326 16327 16330 16325 16332 16327 16327 16324 16327 16326 16332 16325 16327 16326 16329 16330 16328 16328 16328 16326 16331 16329 16330 16328 16328 16326 16324 16327 16327 16328 16328 16328 16327 16327 16324 16327 16328 16329 16324 16327 16330 16326 16326 16327 296 15049 304 13763 
0 16323 16326 16323 16324 16328 16326 16327 16323 16325 16325 16324 16325 16326 16327 16323 16326 16324 16324 16327 16322 16327 16325 16324 16327 16324 16323 16328 16322 16328 16327 16328 16326 16325 16326 16321 16330 16323 16326 16326 16325 16328 16326 16322 16326 16328 16327 16326 16328 16326 16326 16329 16326 16328 16322 16326 16322 16325 16323 16325 16326 16327 16320 16324 16314 16326 16322 16324 16328 16327 16324 16328 16325 16326 16327 16322 16323 16328 16325 16324 16325 16325 16325 16324 16327 16327 16325 16329 16326 16323 16320 16324 16325 16327 16324 16320 16324 16323 16329 16322 16324 16327 16324 16328 16325 16323 16328 16325 16321 16324 16327 16326 16327 16323 16320 16328 16321 16324 16328 16329 16325 16325 16323 16323 16328 16325 16325 16327 16325 16327 16325 16324 16323 16324 16324 16324 16326 16332 16326 16330 16324 16325 16324 16327 16324 16326 16325 16326 16326 16326 16324 16325 16324 16327 16328 16325 16323 16326 16325 16327 16322 16327 16326 16325 16324 16329 16322 16323 16323 16325 16324 16325 16323 16327 16324 16329 16319 16327 16325 16326 16326 16325 16325 16326 16325 16323 16327 16323 16326 16327 16325 16324 16326 16325 16323 16324 16323 16324 16326 16325 16324 16323 16323 16325 16325 16322 16324 16328 16326 16324 16322 16326 16325 16325 16328 16327 16323 16326 16328 16324 16324 16323 16325 16320 16324 16371 16261 2 16290 16353 16303 16339 16309 16333 16318 16325 16323 16329 16321 16324 16321 16325 16323 16324 16323 16323 16324 16327 16328 16320 16322 16324 16324 16329 16321 16322 16323 16324 302 310 304 13763 
0 16327 16321 16323 16329 16326 16322 16327 16324 16327 16323 16324 16326 16327 16328 16326 16324 16322 16325 16324 16324 16328 16328 16322 16329 16326 16326 16326 16325 16325 16323 16327 16321 16322 16327 16325 16327 16326 16320 16327 16329 16323 16327 16324 16324 16328 16327 16325 16328 16326 16324 16324 16326 16325 16327 16321 16321 16329 16327 16329 16328 16324 16324 16375 16247 11 16277 16359 16300 16345 16309 16337 16315 16328 16318 16322 16318 16327 16321 16326 16324 16324 16321 16324 16326 16326 16324 16326 16320 16328 16323 16326 16323 16324 16325 16326 16325 16321 16322 16328 16325 16322 16325 16325 16324 16325 16321 16324 16323 16326 16316 16332 16321 16326 16323 16320 16323 16329 16328 16324 16325 16323 16327 16322 16326 16327 16327 16328 16328 16322 16328 16328 16325 16326 16328 16327 16326 16323 16323 16327 16326 16322 16326 16322 16324 16324 16324 16325 16325 16328 16327 16323 16326 16326 16329 16325 16324 16326 16323 16326 16324 16326 16327 16322 16323 16324 16329 16327 16325 16331 16324 16324 16323 16324 16328 16325 16326 16326 16324 16324 16323 16328 16325 16324 16327 16324 16327 16325 16326 16327 16324 16327 16327 16322 16326 16324 16325 16322 16323 16326 16326 16325 16323 16327 16326 16326 16323 16324 16326 16327 16326 16325 16326 16324 16328 16327 16325 16329 16323 16328 16326 16322 16328 16325 16326 16329 16324 16326 16328 16326 16324 16329 16325 16329 16330 16329 16322 16326 16327 16325 16324 16323 16320 16331 16322 16325 16322 16329 16326 16322 16322 16326 16324 16322 16326 16325 16327 16327 2 2128 304 13349 
0 16325 16325 16328 16323 16327 16327 16324 16327 16324 16323 16326 16329 16325 16325 16327 16325 16324 16324 16326 16328 16326 16327 16330 16326 16333 16326 16328 16322 16328 16322 16325 16325 16327 16327 16326 16327 16326 16325 16330 16326 16324 16323 16327 16325 16328 16329 16326 16327 16325 16325 16327 16326 16322 16332 16325 16326 16331 16326 16327 16325 16325 16326 16371 16265 16372 16299 16344 16312 16333 16320 16329 16323 16326 16326 16327 16328 16322 16324 16326 16325 16327 16322 16323 16326 16325 16325 16325 16324 16328 16324 16323 16327 16325 16327 16331 16324 16327 16326 16320 16319 16326 16322 16327 16324 16324 16324 16326 16324 16319 16326 16315 16323 16326 16325 16326 16322 16325 16324 16323 16327 16326 16327 16328 16325 16332 16324 16324 16327 16324 16331 16327 16324 16327 16330 16326 16327 16325 16324 16327 16323 16326 16327 16329 16328 16323 16323 16328 16324 16324 16328 16327 16325 16326 16328 16330 16331 16326 16328 16327 16327 16327 16325 16325 16327 16323 16327 16329 16326 16326 16329 16325 16325 16326 16324 16327 16326 16324 16323 16329 16324 16328 16327 16328 16324 16325 16322 16329 16326 16325 16326 16326 16322 16325 16329 16324 16327 16320 16327 16325 16326 16326 16329 16324 16328 16327 16324 16325 16325 16323 16329 16328 16328 16329 16324 16329 16331 16328 16325 16326 16323 16328 16327 16325 16325 16326 16323 16329 16326 16323 16325 16327 16322 16327 16324 16325 16325 16324 16327 16328 16321 16326 16324 16328 16326 16327 16324 16325 16324 16324 16322 16327 16325 16327 16324 16325 16323 16330 7 1484 304 13349 
0 16324 16327 16325 16327 16328 16326 16324 16326 16323 16325 16329 16325 16326 16328 16325 16326 16328 16326 16325 16326 16323 16324 16324 16325 16318 16323 16325 16325 16323 16328 16328 16325 16324 16328 16323 16327 16329 16331 16326 16329 16327 16328 16328 16324 16325 16325 16329 16326 16325 16327 16327 16327 16323 16326 16329 16324 16324 16325 16326 16322 16329 16324 16380 16242 7 16279 16359 16303 16343 16311 16335 16316 16331 16319 16322 16317 16327 16319 16324 16321 16323 16324 16324 16325 16324 16326 16329 16323 16327 16326 16328 16324 16323 16323 16324 16322 16321 16324 16327 16325 16328 16323 16323 16321 16320 16333 16320 16324 16322 16326 16325 16324 16327 16328 16325 16326 16329 16324 16328 16327 16326 16330 16330 16330 16328 16327 16330 16328 16329 16329 16325 16330 16327 16329 16331 16329 16328 16329 16328 16324 16326 16326 16325 16333 16326 16326 16330 16329 16327 16332 16325 16326 16329 16325 16331 16328 16327 16328 16329 16328 16331 16329 16326 16329 16326 16329 16331 16328 16327 16332 16327 16325 16329 16328 16333 16332 16330 16329 16331 16328 16331 16329 16331 16331 16331 16331 16333 16330 16328 16331 16328 16330 16324 16327 16328 16328 16330 16326 16329 16329 16326 16332 16329 16329 16329 16329 16328 16332 16327 16326 16328 16329 16329 16327 16327 16328 16329 16327 16329 16331 16328 16329 16328 16326 16330 16326 16326 16327 16325 16328 16331 16322 16328 16330 16327 16330 16328 16328 16328 16327 16326 16326 16329 16332 16328 16330 16327 16329 16327 16331 16325 16333 16328 16331 16329 16326 16326 11 15755 304 13349 
0 16325 16323 16326 16325 16326 16326 16320 16325 16325 16322 16326 16328 16324 16325 16329 16321 16326 16325 16323 16323 16323 16326 16325 16326 16326 16321 16327 16327 16326 16321 16325 16325 16328 16326 16323 16322 16326 16329 16321 16324 16324 16325 16324 16327 16327 16327 16331 16324 16326 16330 16323 16326 16323 16324 16326 16327 16321 16323 16325 16325 16322 16324 16382 16247 7 16284 16358 16304 16341 16308 16336 16320 16330 16317 16326 16318 16336 16327 16328 16327 16324 16319 16327 16326 16322 16322 16323 16326 16328 16323 16326 16324 16324 16321 16325 16323 16326 16324 16324 16327 16326 16325 16327 16316 16323 16318 16324 16326 16328 16320 16324 16326 16320 16326 16325 16327 16328 16325 16326 16322 16323 16326 16327 16326 16328 16327 16324 16331 16326 16325 16329 16327 16325 16324 16327 16324 16331 16325 16326 16327 16328 16329 16327 16326 16328 16326 16329 16324 16324 16328 16329 16329 16328 16329 16329 16325 16324 16327 16326 16324 16327 16323 16330 16325 16327 16327 16330 16324 16323 16328 16323 16330 16329 16327 16330 16326 16326 16326 16331 16329 16327 16326 16326 16328 16327 16325 16327 16327 16326 16325 16332 16323 16327 16328 16328 16325 16328 16329 16325 16326 16326 16328 16327 16327 16323 16326 16327 16325 16322 16329 16328 16324 16326 16324 16326 16327 16326 16324 16327 16325 16326 16325 16326 16322 16328 16325 16329 16326 16324 16325 16327 16327 16326 16327 16324 16323 16323 16327 16326 16325 16330 16326 16329 16324 16326 16323 16323 16325 16328 16330 16327 16328 16328 16325 16324 16323 16327 17 9502 304 13349 
0 16329 16327 16330 16329 16332 16327 16329 16325 16327 16328 16331 16329 16329 16329 16329 16326 16328 16327 16327 16327 16329 16330 16327 16328 16332 16326 16329 16331 16327 16329 16325 16327 16328 16331 16326 16328 16327 16330 16329 16330 16329 16327 16327 16329 16328 16328 16330 16327 16330 16327 16326 16328 16329 16331 16330 16329 16326 16330 16326 16325 16327 16339 16323 16312 16347 16302 16346 16309 16338 16315 16336 16321 16332 16324 16331 16325 16329 16331 16332 16327 16333 16328 16327 16329 16327 16323 16329 16325 16327 16331 16327 16328 16327 16325 16330 16328 16329 16328 16329 16327 16323 16330 16324 16330 16327 16329 16326 16323 16318 16328 16326 16327 16326 16324 16325 16330 16329 16328 16327 16327 16327 16329 16328 16325 16327 16332 16327 16328 16329 16322 16335 16330 16332 16332 16328 16328 16327 16323 16331 16329 16324 16328 16328 16326 16328 16329 16326 16327 16329 16332 16330 16329 16327 16331 16326 16331 16327 16329 16334 16327 16326 16331 16330 16331 16328 16328 16325 16329 16328 16327 16329 16328 16327 16328 16329 16325 16328 16325 16331 16328 16324 16332 16327 16332 16327 16328 16329 16326 16326 16326 16324 16328 16327 16332 16329 16325 16327 16327 16328 16325 16330 16327 16327 16328 16330 16327 16328 16329 16332 16329 16329 16332 16329 16329 16322 16328 16324 16329 16329 16329 16327 16327 16326 16325 16326 16325 16326 16325 16328 16326 16323 16327 16330 16326 16324 16330 16325 16327 16328 16328 16324 16326 16328 16325 16331 16324 16325 16328 16324 16327 16327 16325 16325 16330 16325 16329 16327 22 9353 304 13349 
0 16325 16327 16326 16323 16326 16323 16324 16325 16328 16327 16326 16327 16326 16325 16327 16327 16325 16325 16322 16324 16322 16326 16324 16328 16328 16327 16326 16326 16326 16326 16325 16327 16329 16327 16324 16326 16327 16327 16326 16326 16325 16326 16328 16324 16328 16323 16327 16327 16325 16328 16328 16327 16328 16326 16327 16326 16325 16324 16326 16326 16326 16327 16367 16267 16380 16301 16346 16310 16338 16316 16330 16320 16326 16324 16321 16326 16326 16323 16327 16320 16326 16328 16324 16325 16328 16322 16320 16327 16323 16322 16324 16324 16326 16326 16326 16322 16322 16323 16325 16324 16323 16320 16326 16324 16325 16326 16324 16324 16329 16321 16324 16326 16321 16325 16322 16325 16327 16325 16326 16323 16325 16326 16328 16325 16325 16328 16326 16328 16327 16327 16326 16327 16325 16324 16331 16323 16327 16326 16326 16329 16324 16323 16323 16324 16322 16327 16322 16324 16327 16323 16326 16326 16325 16326 16328 16321 16331 16324 16323 16328 16325 16327 16328 16326 16326 16327 16324 16329 16327 16325 16328 16324 16325 16324 16324 16325 16327 16324 16324 16327 16327 16329 16324 16328 16324 16326 16328 16324 16323 16329 16322 16329 16326 16329 16329 16324 16323 16326 16327 16325 16329 16326 16326 16326 16327 16327 16321 16327 16329 16324 16323 16327 16328 16327 16324 16325 16326 16323 16327 16330 16327 16321 16329 16320 16325 16323 16324 16327 16326 16329 16324 16327 16323 16329 16325 16327 16328 16327 16327 16324 16325 16329 16328 16326 16327 16324 16326 16324 16323 16328 16327 16326 16326 16327 16329 16324 16324 93 8016 304 13349 
0 16331 16330 16335 16331 16329 16334 16331 16327 16331 16333 16330 16335 16326 16331 16333 16331 16331 16333 16330 16332 16331 16331 16335 16333 16326 16333 16329 16329 16335 16330 16329 16328 16332 16332 16331 16329 16328 16330 16331 16331 16332 16332 16332 16333 16332 16328 16336 16330 16329 16334 16333 16327 16331 16334 16334 16336 16332 16331 16334 16331 16331 16329 16375 16252 17 16278 16373 16296 16354 16313 16345 16319 16342 16323 16334 16328 16335 16326 16333 16327 16331 16331 16330 16328 16334 16327 16332 16331 16326 16338 16330 16326 16336 16329 16330 16332 16327 16333 16332 16329 16331 16333 16329 16335 16331 16332 16330 16327 16337 16328 16334 16328 16327 16333 16331 16334 16330 16332 16331 16330 16332 16330 16329 16332 16331 16332 16330 16332 16332 16332 16334 16330 16331 16329 16331 16332 16333 16332 16335 16330 16332 16333 16334 16329 16331 16334 16332 16335 16334 16332 16333 16333 16332 16334 16332 16331 16332 16333 16333 16332 16336 16333 16332 16328 16334 16334 16330 16332 16332 16333 16329 16329 16333 16331 16333 16336 16328 16335 16334 16327 16333 16335 16330 16331 16331 16333 16333 16332 16333 16333 16333 16334 16334 16327 16331 16334 16331 16327 16341 16333 16329 16331 16330 16332 16333 16335 16333 16337 16334 16330 16334 16336 16335 16333 16333 16332 16335 16333 16335 16333 16333 16333 16333 16332 16335 16336 16332 16335 16331 16330 16332 16335 16337 16328 16335 16331 16336 16333 16329 16332 16336 16333 16332 16335 16329 16332 16337 16332 16330 16330 16334 16333 16329 16329 16334 16333 16335 98 6887 304 13349 
0 16329 16324 16324 16326 16326 16326 16324 16328 16329 16327 16325 16323 16328 16323 16329 16324 16325 16324 16324 16325 16323 16322 16328 16325 16322 16321 16326 16321 16324 16328 16323 16326 16324 16321 16328 16325 16327 16323 16320 16330 16324 16327 16327 16325 16323 16325 16324 16324 16327 16324 16322 16326 16322 16326 16323 16327 16330 16325 16321 16325 16323 16324 16358 16282 16366 16309 16338 16314 16330 16323 16325 16324 16325 16325 16327 16327 16320 16325 16326 16319 16325 16328 16322 16323 16328 16323 16329 16325 16328 16325 16326 16325 16324 16321 16326 16325 16327 16324 16327 16326 16327 16329 16324 16323 16324 16325 16323 16327 16322 16327 16322 16320 16327 16323 16325 16318 16310 16322 16325 16321 16327 16326 16320 16329 16330 16324 16326 16326 16325 16326 16327 16325 16326 16323 16329 16329 16327 16328 16328 16328 16324 16324 16327 16326 16325 16323 16326 16322 16325 16327 16326 16327 16325 16325 16328 16324 16326 16323 16324 16323 16326 16327 16328 16322 16328 16328 16321 16329 16325 16327 16325 16328 16325 16323 16327 16328 16328 16326 16328 16327 16328 16327 16328 16325 16327 16328 16322 16329 16326 16325 16328 16327 16327 16328 16327 16325 16325 16329 16327 16327 16326 16326 16321 16327 16324 16323 16329 16321 16325 16326 16327 16326 16326 16325 16328 16325 16325 16329 16324 16323 16327 16321 16326 16328 16327 16329 16325 16326 16326 16326 16329 16326 16328 16329 16321 16325 16327 16324 16328 16323 16322 16325 16326 16327 16325 16322 16325 16323 16326 16328 16329 16325 16327 16327 16323 16326 16321 103 8694 304 13349 
0 16327 16325 16329 16324 16324 16325 16327 16329 16328 16322 16326 16323 16323 16327 16325 16324 16328 16326 16326 16326 16325 16325 16325 16325 16326 16328 16329 16325 16328 16324 16326 16326 16325 16325 16327 16326 16331 16324 16325 16329 16329 16323 16323 16324 16325 16324 16326 16328 16326 16324 16325 16327 16329 16325 16323 16325 16324 16322 16327 16329 16323 16327 16349 16304 16332 16335 16318 16336 16312 16332 16320 16330 16323 16330 16319 16329 16321 16324 16323 16326 16325 16329 16325 16329 16326 16324 16323 16325 16326 16322 16329 16326 16326 16326 16325 16322 16325 16324 16326 16325 16327 16323 16327 16323 16326 16323 16325 16322 16318 16331 16319 16325 16322 16324 16326 16329 16321 16326 16323 16326 16327 16329 16327 16324 16327 16322 16330 16327 16323 16331 16331 16328 16326 16326 16324 16330 16326 16325 16328 16323 16329 16326 16323 16329 16328 16320 16327 16328 16325 16324 16329 16325 16331 16326 16329 16328 16329 16331 16326 16328 16328 16329 16327 16328 16328 16328 16325 16324 16327 16324 16326 16328 16324 16326 16326 16330 16325 16325 16324 16328 16328 16327 16330 16328 16327 16324 16326 16325 16331 16322 16327 16324 16324 16324 16327 16325 16325 16322 16326 16324 16322 16330 16330 16323 16327 16328 16328 16328 16328 16325 16330 16324 16324 16327 16325 16326 16328 16326 16325 16329 16326 16324 16326 16326 16327 16328 16326 16330 16331 16322 16325 16325 16323 16325 16327 16324 16329 16323 16326 16327 16329 16325 16324 16321 16325 16328 16324 16326 16325 16322 16329 16329 16328 16326 16325 16325 16325 109 10278 304 13349 
0 16324 16327 16330 16326 16329 16329 16326 16326 16326 16329 16327 16325 16326 16328 16328 16328 16327 16329 16325 16325 16329 16327 16328 16327 16329 16327 16324 16322 16326 16324 16325 16326 16326 16327 16324 16328 16327 16326 16324 16328 16324 16326 16326 16331 16329 16331 16324 16326 16326 16323 16328 16324 16330 16325 16323 16329 16324 16325 16328 16324 16327 16325 16353 16257 2 16276 16366 16291 16353 16308 16337 16312 16339 16316 16330 16319 16327 16317 16324 16326 16324 16323 16325 16325 16326 16326 16329 16323 16325 16323 16328 16326 16322 16323 16327 16322 16326 16324 16325 16325 16325 16324 16326 16325 16322 16322 16323 16320 16331 16320 16331 16322 16326 16324 16331 16321 16324 16326 16326 16326 16328 16326 16323 16332 16325 16324 16330 16329 16328 16330 16326 16326 16327 16327 16330 16328 16324 16329 16330 16323 16328 16325 16327 16328 16323 16327 16328 16327 16328 16330 16325 16327 16327 16327 16325 16329 16326 16327 16327 16325 16329 16325 16329 16328 16329 16330 16323 16329 16324 16329 16325 16322 16327 16325 16328 16328 16327 16327 16325 16325 16328 16326 16330 16326 16327 16324 16323 16325 16323 16326 16328 16324 16326 16328 16326 16330 16322 16329 16326 16326 16324 16326 16325 16327 16330 16327 16324 16328 16318 16323 16326 16322 16327 16324 16324 16326 16326 16322 16326 16328 16324 16329 16324 16320 16332 16322 16329 16329 16321 16324 16329 16324 16326 16327 16323 16328 16322 16325 16325 16324 16325 16330 16326 16324 16325 16326 16326 16327 16324 16325 16321 16327 16325 16327 16329 16325 16324 114 11111 304 13349 
0 16329 16325 16327 16329 16325 16324 16329 16320 16326 16325 16326 16326 16325 16325 16330 16322 16325 16327 16328 16324 16326 16326 16327 16329 16327 16325 16327 16327 16331 16327 16327 16322 16326 16328 16326 16326 16329 16326 16333 16327 16330 16329 16325 16326 16325 16328 16327 16330 16326 16328 16327 16325 16327 16324 16324 16325 16328 16327 16328 16325 16330 16325 16363 16293 16350 16320 16328 16326 16329 16329 16323 16329 16324 16320 16324 16323 16324 16327 16325 16325 16324 16325 16325 16324 16323 16326 16328 16328 16330 16324 16326 16326 16326 16324 16326 16325 16327 16325 16324 16323 16324 16323 16326 16328 16323 16324 16331 16316 16332 16324 16327 16324 16322 16328 16328 16328 16324 16321 16330 16323 16328 16325 16326 16324 16328 16330 16328 16328 16326 16328 16327 16328 16328 16332 16328 16329 16331 16324 16328 16321 16327 16324 16323 16326 16330 16326 16326 16325 16326 16329 16331 16323 16327 16330 16327 16327 16329 16323 16329 16325 16327 16331 16326 16327 16330 16327 16324 16326 16327 16325 16328 16326 16325 16330 16328 16324 16329 16328 16331 16324 16331 16328 16328 16329 16330 16324 16326 16326 16329 16325 16326 16327 16329 16326 16323 16328 16324 16327 16332 16326 16329 16328 16329 16326 16325 16329 16328 16323 16327 16328 16327 16326 16327 16329 16327 16332 16328 16325 16334 16323 16328 16329 16325 16321 16328 16325 16329 16327 16328 16328 16328 16324 16324 16324 16328 16325 16325 16329 16328 16325 16327 16324 16323 16327 16330 16328 16329 16326 16325 16328 16326 16328 16326 16322 16328 16330 16328 119 8998 304 13349 
0 16323 16322 16330 16325 16325 16325 16326 16329 16328 16322 16328 16323 16323 16328 16325 16327 16326 16325 16332 16329 16324 16326 16327 16328 16325 16329 16322 16327 16325 16325 16327 16325 16326 16327 16328 16327 16324 16322 16326 16326 16324 16325 16329 16322 16323 16325 16325 16326 16323 16326 16323 16327 16330 16326 16327 16328 16327 16323 16324 16323 16318 16319 16368 16269 16358 16317 16337 16321 16330 16324 16324 16328 16320 16322 16323 16329 16319 16327 16325 16325 16325 16323 16325 16327 16326 16325 16326 16318 16328 16326 16322 16321 16327 16323 16328 16325 16321 16326 16323 16324 16324 16324 16327 16327 16324 16327 16322 16320 16327 16325 16323 16328 16321 16324 16330 16323 16327 16323 16328 16325 16328 16328 16323 16328 16327 16326 16323 16328 16325 16325 16328 16328 16329 16327 16325 16326 16327 16324 16330 16327 16328 16321 16324 16328 16326 16328 16328 16327 16329 16323 16325 16328 16327 16329 16328 16326 16328 16325 16325 16327 16325 16327 16326 16326 16327 16322 16327 16327 16325 16326 16325 16326 16326 16328 16326 16327 16329 16329 16329 16324 16326 16328 16326 16326 16328 16323 16327 16327 16325 16328 16324 16327 16328 16328 16324 16325 16326 16324 16327 16325 16324 16326 16328 16327 16322 16322 16326 16324 16324 16327 16325 16324 16326 16331 16327 16323 16326 16324 16326 16327 16323 16329 16327 16326 16325 16326 16328 16327 16324 16324 16324 16325 16326 16329 16325 16327 16324 16327 16323 16322 16327 16324 16326 16324 16327 16326 16325 16326 16324 16328 16322 16327 16326 16324 16322 16321 16325 124 6891 304 13349 
0 16329 16323 16329 16325 16323 16327 16325 16324 16327 16321 16327 16326 16326 16327 16327 16324 16328 16323 16324 16327 16324 16322 16328 16321 16325 16322 16327 16326 16329 16324 16330 16324 16324 16325 16326 16322 16330 16326 16329 16324 16324 16327 16326 16324 16317 16324 16322 16324 16328 16322 16326 16325 16321 16327 16325 16323 16330 16321 16326 16329 16324 16326 16352 16304 16324 16342 16310 16335 16311 16332 16315 16333 16320 16325 16320 16323 16317 16325 16322 16328 16324 16324 16325 16327 16322 16326 16324 16324 16326 16323 16329 16324 16323 16323 16324 16323 16324 16323 16328 16324 16327 16326 16324 16325 16325 16326 16320 16328 16328 16322 16324 16321 16324 16325 16328 16326 16324 16327 16327 16324 16326 16321 16326 16331 16328 16326 16326 16321 16327 16323 16326 16330 16326 16326 16324 16326 16326 16325 16328 16324 16326 16325 16326 16329 16322 16325 16327 16327 16331 16327 16323 16327 16324 16326 16327 16330 16325 16332 16326 16326 16328 16328 16327 16329 16325 16325 16327 16324 16328 16324 16328 16322 16328 16328 16325 16321 16329 16327 16331 16321 16328 16325 16324 16329 16323 16323 16327 16326 16327 16326 16325 16325 16327 16323 16330 16327 16329 16326 16325 16326 16326 16326 16328 16329 16326 16327 16328 16324 16327 16327 16322 16322 16324 16324 16328 16325 16322 16327 16325 16325 16326 16322 16327 16322 16329 16326 16326 16324 16330 16327 16325 16324 16324 16329 16328 16326 16326 16329 16324 16328 16323 16327 16325 16324 16329 16329 16326 16324 16327 16323 16326 16326 16329 16323 16325 16326 16327 129 5273 304 13349 
0 16325 16325 16322 16328 16324 16320 16327 16325 16324 16328 16325 16327 16327 16325 16328 16325 16326 16323 16329 16321 16328 16327 16323 16323 16327 16322 16324 16325 16323 16322 16324 16327 16325 16329 16324 16320 16326 16325 16325 16323 16325 16325 16327 16326 16325 16325 16323 16323 16327 16324 16323 16326 16329 16323 16324 16324 16324 16327 16326 16321 16327 16326 16343 16278 16365 16283 16356 16299 16341 16310 16335 16315 16330 16315 16327 16322 16324 16321 16326 16320 16329 16325 16325 16323 16324 16321 16329 16325 16326 16326 16320 16327 16323 16323 16324 16327 16325 16318 16325 16323 16326 16322 16323 16323 16329 16327 16324 16327 16324 16323 16326 16320 16326 16323 16322 16317 16333 16319 16327 16323 16324 16328 16327 16326 16326 16328 16331 16324 16329 16327 16327 16329 16329 16327 16327 16324 16324 16327 16328 16325 16328 16324 16328 16327 16322 16327 16327 16324 16324 16325 16324 16331 16325 16329 16325 16326 16326 16325 16329 16323 16327 16324 16328 16327 16328 16322 16327 16324 16326 16326 16323 16329 16321 16328 16329 16326 16323 16329 16333 16325 16332 16329 16330 16327 16325 16326 16326 16322 16325 16322 16326 16327 16323 16322 16323 16324 16322 16324 16324 16328 16328 16323 16325 16325 16324 16322 16325 16328 16323 16323 16328 16325 16325 16328 16323 16328 16323 16325 16327 16326 16322 16327 16328 16321 16326 16324 16326 16325 16326 16326 16326 16327 16323 16326 16325 16324 16328 16324 16330 16328 16328 16325 16327 16326 16327 16325 16326 16326 16331 16324 16323 16320 16329 16327 16326 16323 16326 134 14918 304 13349 
0 16324 16325 16326 16324 16324 16327 16326 16323 16323 16325 16324 16323 16327 16326 16326 16326 16328 16321 16326 16329 16326 16324 16324 16329 16326 16325 16327 16326 16324 16327 16326 16327 16328 16323 16328 16325 16330 16322 16327 16324 16324 16328 16324 16323 16326 16325 16325 16327 16324 16326 16320 16328 16324 16326 16325 16326 16328 16326 16323 16325 16323 16333 16333 16299 16351 16297 16346 16301 16337 16313 16335 16315 16330 16319 16329 16322 16328 16323 16324 16321 16325 16321 16323 16323 16326 16326 16323 16326 16323 16324 16323 16325 16329 16324 16321 16323 16325 16329 16325 16324 16324 16326 16325 16326 16323 16324 16327 16327 16321 16326 16321 16327 16317 16327 16321 16329 16328 16329 16325 16326 16324 16329 16323 16323 16329 16327 16338 16332 16326 16330 16324 16325 16325 16328 16328 16326 16326 16327 16322 16328 16326 16324 16327 16327 16327 16328 16329 16326 16327 16330 16324 16329 16325 16324 16330 16325 16327 16327 16328 16326 16326 16328 16328 16330 16325 16324 16328 16328 16325 16329 16322 16327 16324 16327 16329 16329 16325 16326 16325 16329 16326 16328 16328 16326 16324 16326 16325 16323 16326 16327 16324 16327 16325 16328 16325 16326 16327 16329 16326 16328 16326 16327 16326 16328 16327 16324 16329 16328 16324 16327 16328 16327 16327 16325 16326 16329 16325 16324 16326 16323 16323 16328 16328 16326 16326 16326 16325 16327 16324 16331 16326 16326 16325 16326 16327 16326 16325 16328 16325 16327 16326 16328 16324 16323 16325 16327 16327 16322 16324 16326 16324 16326 16327 16322 16327 16326 16326 139 15259 304 13349 
0 16326 16325 16330 16324 16327 16326 16323 16326 16327 16320 16326 16326 16327 16329 16327 16327 16328 16327 16324 16328 16326 16323 16325 16322 16325 16327 16324 16328 16327 16325 16326 16324 16326 16327 16325 16327 16326 16324 16327 16327 16328 16324 16326 16325 16324 16325 16324 16327 16323 16327 16329 16325 16327 16325 16324 16327 16327 16326 16324 16328 16324 16340 16320 16300 16361 16295 16353 16304 16341 16312 16335 16314 16332 16317 16329 16317 16330 16315 16322 16320 16321 16322 16329 16320 16327 16320 16322 16327 16323 16321 16328 16324 16326 16322 16325 16323 16323 16325 16325 16325 16325 16326 16324 16320 16322 16328 16323 16322 16326 16320 16324 16326 16319 16325 16324 16322 16322 16326 16326 16322 16321 16327 16329 16326 16327 16329 16327 16327 16327 16325 16326 16331 16331 16327 16328 16325 16328 16328 16328 16328 16324 16325 16329 16327 16327 16324 16330 16327 16328 16325 16327 16329 16329 16326 16329 16325 16325 16328 16326 16323 16325 16323 16328 16325 16326 16325 16327 16325 16329 16326 16327 16327 16327 16325 16327 16328 16327 16328 16326 16322 16331 16323 16330 16323 16324 16328 16328 16327 16333 16327 16320 16326 16325 16324 16328 16325 16325 16329 16331 16326 16330 16327 16329 16331 16325 16329 16328 16327 16328 16325 16329 16327 16327 16327 16324 16326 16329 16324 16326 16323 16327 16327 16329 16320 16324 16327 16326 16328 16320 16328 16327 16323 16329 16326 16330 16323 16330 16327 16323 16328 16327 16327 16328 16329 16327 16327 16323 16326 16332 16326 16324 16329 16325 16325 16328 16328 16327 144 12658 304 13349 
0 16331 16333 16334 16331 16332 16329 16328 16333 16334 16333 16329 16331 16335 16329 16335 16336 16329 16338 16329 16336 16339 16332 16333 16335 16329 16332 16336 16333 16333 16331 16331 16332 16335 16331 16333 16329 16337 16331 16331 16331 16334 16331 16335 16337 16335 16334 16336 16329 16339 16332 16331 16332 16337 16334 16335 16333 16332 16331 16332 16333 16334 16334 16370 16250 19 16274 16378 16294 16355 16313 16351 16318 16338 16323 16337 16323 16333 16328 16333 16327 16329 16329 16335 16328 16333 16329 16334 16330 16331 16331 16335 16328 16335 16333 16333 16336 16335 16330 16332 16326 16331 16331 16330 16334 16334 16333 16327 16340 16325 16335 16328 16330 16332 16332 16331 16332 16335 16335 16333 16334 16332 16332 16329 16332 16335 16330 16336 16331 16332 16339 16334 16334 16332 16332 16332 16332 16333 16335 16331 16336 16329 16333 16330 16332 16335 16335 16338 16335 16335 16333 16335 16336 16334 16335 16339 16335 16336 16331 16333 16337 16334 16335 16335 16334 16340 16333 16337 16331 16336 16337 16330 16336 16335 16330 16336 16333 16334 16333 16332 16331 16335 16338 16333 16334 16338 16330 16331 16334 16332 16330 16336 16330 16333 16333 16332 16335 16334 16331 16335 16336 16333 16336 16333 16330 16333 16333 16334 16330 16331 16331 16336 16337 16332 16331 16331 16331 16336 16328 16332 16329 16332 16331 16336 16332 16334 16333 16333 16333 16331 16336 16332 16332 16331 16333 16331 16335 16341 16333 16333 16334 16334 16335 16333 16332 16332 16329 16338 16333 16333 16332 16333 16335 16334 16331 16335 16333 16335 149 11044 304 13349 
0 16329 16327 16327 16329 16329 16327 16328 16327 16325 16328 16325 16329 16326 16327 16325 16328 16328 16329 16326 16329 16325 16328 16326 16328 16328 16328 16326 16326 16329 16329 16322 16326 16326 16324 16323 16324 16323 16331 16326 16327 16326 16327 16327 16325 16327 16327 16327 16325 16327 16328 16327 16327 16326 16330 16326 16321 16323 16326 16327 16327 16329 16329 16349 16268 16369 16285 16359 16299 16349 16309 16338 16317 16335 16320 16330 16318 16327 16325 16330 16322 16327 16323 16325 16327 16327 16324 16325 16328 16325 16325 16326 16325 16324 16328 16324 16326 16327 16323 16323 16324 16321 16321 16327 16322 16325 16327 16327 16327 16325 16319 16334 16317 16331 16323 16324 16321 16328 16330 16325 16322 16326 16326 16327 16328 16325 16326 16326 16329 16323 16329 16324 16331 16323 16329 16326 16329 16328 16328 16328 16322 16327 16326 16328 16327 16327 16328 16325 16326 16325 16322 16326 16328 16325 16324 16327 16326 16329 16328 16327 16327 16328 16326 16326 16332 16329 16324 16325 16326 16330 16325 16328 16325 16326 16322 16327 16330 16324 16326 16329 16325 16329 16328 16325 16332 16325 16326 16331 16323 16327 16325 16330 16325 16323 16326 16329 16324 16324 16325 16331 16327 16329 16323 16329 16326 16326 16328 16323 16325 16330 16324 16333 16331 16325 16329 16326 16326 16325 16329 16327 16328 16323 16327 16326 16327 16323 16329 16324 16329 16324 16325 16327 16328 16325 16326 16327 16324 16324 16329 16326 16329 16325 16326 16317 16315 16327 16320 16324 16327 16327 16329 16328 16327 16329 16325 16323 16326 16328 154 8935 304 13349 
0 16328 16318 16326 16326 16331 16333 16331 16331 16330 16332 16331 16330 16328 16330 16329 16330 16330 16329 16329 16330 16330 16324 16330 16328 16331 16328 16330 16328 16328 16331 16327 16330 16332 16328 16327 16329 16330 16329 16330 16328 16332 16329 16330 16330 16330 16329 16328 16328 16334 16329 16329 16330 16331 16331 16330 16329 16332 16329 16331 16334 16330 16329 16362 16256 5 16285 16367 16300 16347 16315 16349 16319 16340 16323 16336 16327 16336 16324 16333 16328 16328 16328 16332 16331 16333 16330 16331 16329 16329 16330 16330 16327 16330 16331 16331 16333 16325 16331 16328 16331 16329 16333 16330 16330 16331 16329 16331 16333 16330 16333 16324 16330 16328 16329 16331 16323 16332 16329 16327 16329 16333 16331 16329 16333 16332 16332 16330 16338 16332 16330 16330 16328 16335 16333 16329 16330 16332 16328 16331 16331 16327 16328 16332 16327 16333 16328 16329 16333 16328 16333 16332 16329 16334 16333 16328 16331 16328 16331 16333 16330 16331 16334 16332 16330 16333 16325 16327 16330 16328 16333 16329 16328 16331 16330 16329 16332 16329 16330 16333 16332 16330 16332 16330 16330 16331 16329 16330 16331 16333 16330 16331 16329 16333 16328 16331 16332 16331 16331 16331 16337 16328 16331 16335 16329 16331 16334 16332 16331 16332 16332 16332 16333 16331 16331 16329 16327 16337 16330 16332 16336 16327 16329 16329 16327 16329 16332 16328 16332 16332 16328 16329 16335 16333 16333 16333 16333 16330 16328 16330 16334 16330 16331 16331 16330 16333 16331 16331 16328 16331 16336 16328 16331 16331 16324 16330 16326 16333 160 1705 304 13349 
0 16330 16326 16328 16329 16328 16327 16328 16326 16329 16327 16325 16331 16324 16331 16327 16331 16326 16328 16326 16328 16328 16326 16329 16328 16328 16327 16329 16327 16325 16324 16327 16329 16328 16327 16328 16331 16330 16326 16332 16328 16327 16331 16330 16329 16329 16329 16330 16328 16327 16332 16330 16328 16329 16330 16328 16330 16333 16328 16328 16331 16325 16324 16368 16250 7 16278 16366 16296 16349 16310 16343 16318 16333 16321 16336 16324 16333 16324 16325 16322 16329 16328 16333 16324 16329 16327 16331 16326 16326 16331 16327 16327 16329 16320 16327 16329 16329 16331 16331 16323 16327 16326 16326 16328 16327 16326 16331 16330 16326 16330 16315 16331 16324 16328 16320 16328 16323 16331 16326 16325 16329 16333 16326 16331 16329 16326 16331 16325 16331 16330 16332 16335 16330 16326 16330 16332 16330 16330 16331 16325 16331 16332 16328 16327 16331 16324 16328 16324 16332 16329 16328 16327 16328 16327 16328 16331 16328 16333 16329 16332 16328 16333 16326 16332 16333 16329 16323 16329 16327 16324 16335 16328 16328 16329 16329 16325 16330 16327 16331 16327 16330 16328 16323 16327 16330 16328 16327 16327 16328 16322 16331 16326 16325 16329 16331 16330 16329 16329 16328 16326 16326 16329 16329 16329 16332 16328 16329 16327 16328 16327 16328 16326 16327 16327 16328 16328 16326 16331 16326 16331 16328 16327 16327 16328 16327 16325 16329 16325 16327 16327 16328 16329 16330 16331 16323 16328 16330 16327 16328 16325 16331 16326 16324 16327 16327 16327 16323 16328 16326 16323 16328 16322 16330 16330 16325 16330 16328 165 1066 304 13349 
0 16326 16326 16328 16324 16323 16327 16324 16327 16328 16329 16329 16325 16326 16329 16327 16326 16330 16327 16326 16325 16323 16328 16326 16321 16327 16331 16331 16328 16327 16326 16323 16327 16324 16325 16328 16326 16328 16329 16324 16327 16330 16324 16329 16324 16326 16326 16326 16327 16326 16330 16325 16326 16323 16326 16325 16326 16326 16323 16329 16327 16325 16330 16366 16265 16379 16294 16347 16305 16335 16318 16333 16320 16330 16327 16325 16323 16323 16324 16326 16326 16320 16324 16327 16324 16329 16325 16323 16326 16322 16326 16328 16321 16322 16328 16322 16324 16327 16324 16326 16330 16322 16327 16327 16324 16327 16324 16323 16325 16326 16323 16321 16327 16323 16327 16319 16327 16324 16326 16327 16324 16323 16328 16324 16328 16325 16329 16324 16330 16328 16326 16323 16328 16327 16328 16329 16326 16325 16328 16325 16327 16325 16329 16325 16326 16328 16331 16324 16328 16327 16324 16325 16329 16325 16324 16327 16323 16329 16329 16327 16331 16324 16326 16327 16327 16327 16330 16322 16322 16330 16325 16326 16329 16327 16326 16327 16329 16325 16327 16327 16328 16327 16323 16324 16326 16325 16330 16327 16326 16324 16324 16323 16329 16324 16325 16325 16326 16326 16328 16326 16321 16322 16325 16328 16325 16325 16329 16325 16329 16328 16326 16328 16329 16326 16324 16327 16325 16326 16331 16324 16324 16327 16328 16325 16326 16326 16326 16326 16325 16324 16323 16323 16325 16329 16325 16325 16324 16325 16326 16328 16325 16323 16326 16326 16324 16327 16326 16326 16324 16329 16323 16325 16325 16325 16326 16323 16324 16326 170 923 304 13349 
0 16330 16326 16324 16323 16328 16327 16328 16327 16328 16323 16328 16326 16324 16328 16323 16323 16324 16328 16326 16328 16325 16329 16326 16326 16324 16323 16326 16326 16327 16325 16328 16325 16330 16323 16326 16327 16326 16327 16327 16322 16328 16326 16327 16326 16327 16325 16328 16330 16324 16325 16325 16324 16330 16326 16327 16324 16328 16326 16324 16327 16323 16327 16358 16286 16370 16309 16341 16317 16326 16324 16326 16325 16327 16325 16322 16325 16323 16327 16323 16324 16326 16328 16323 16329 16330 16322 16325 16324 16326 16325 16323 16326 16327 16326 16322 16325 16326 16326 16325 16323 16326 16323 16324 16328 16327 16324 16326 16324 16324 16328 16315 16333 16323 16330 16320 16326 16323 16328 16323 16325 16325 16324 16324 16329 16325 16327 16326 16329 16328 16326 16328 16327 16328 16328 16328 16322 16328 16325 16321 16331 16325 16327 16325 16327 16327 16327 16324 16329 16324 16324 16322 16328 16328 16328 16326 16325 16329 16327 16327 16329 16325 16326 16327 16325 16327 16327 16327 16328 16327 16327 16325 16326 16324 16329 16322 16322 16332 16326 16326 16327 16328 16329 16328 16325 16326 16324 16325 16332 16327 16324 16329 16328 16328 16325 16323 16327 16326 16329 16323 16324 16326 16324 16331 16328 16326 16327 16331 16327 16326 16329 16325 16328 16326 16324 16326 16326 16328 16326 16325 16331 16324 16329 16323 16326 16325 16326 16324 16324 16326 16322 16329 16324 16326 16329 16323 16327 16325 16324 16324 16326 16326 16327 16326 16322 16327 16326 16320 16328 16328 16325 16322 16328 16322 16328 16327 16324 16324 175 2245 304 13349 
0 16325 16326 16325 16324 16327 16322 16325 16326 16327 16325 16327 16325 16324 16325 16325 16324 16325 16328 16322 16325 16323 16323 16321 16324 16321 16327 16323 16324 16325 16322 16324 16324 16326 16326 16323 16327 16324 16323 16326 16324 16327 16324 16324 16324 16322 16321 16327 16326 16320 16323 16321 16322 16324 16326 16323 16327 16323 16325 16326 16320 16327 16335 16326 16293 16361 16288 16350 16300 16343 16309 16335 16313 16333 16310 16328 16316 16327 16319 16325 16317 16326 16320 16325 16325 16327 16325 16326 16320 16321 16323 16326 16325 16323 16324 16325 16323 16320 16327 16325 16326 16323 16325 16325 16321 16324 16322 16317 16320 16326 16323 16319 16321 16324 16327 16316 16326 16321 16324 16324 16325 16323 16327 16326 16323 16329 16327 16327 16329 16327 16325 16326 16322 16330 16326 16325 16324 16328 16325 16325 16325 16325 16326 16326 16321 16327 16323 16323 16325 16329 16324 16324 16321 16326 16327 16325 16327 16327 16323 16330 16320 16325 16325 16322 16328 16323 16322 16325 16329 16327 16327 16325 16323 16324 16324 16326 16327 16326 16323 16327 16327 16326 16327 16327 16323 16327 16324 16327 16327 16327 16326 16327 16325 16326 16323 16322 16324 16326 16324 16327 16328 16324 16329 16323 16324 16323 16326 16327 16323 16326 16325 16325 16325 16325 16327 16329 16326 16324 16329 16325 16326 16323 16326 16326 16326 16326 16328 16325 16325 16324 16326 16326 16324 16333 16326 16323 16323 16323 16326 16325 16324 16327 16323 16322 16325 16324 16322 16329 16327 16329 16324 16326 16324 16323 16323 16323 16329 16323 233 2337 304 13349 
0 16324 16320 16326 16323 16324 16327 16321 16326 16326 16320 16323 16326 16326 16324 16327 16322 16325 16325 16326 16329 16322 16326 16327 16324 16325 16327 16323 16325 16328 16322 16327 16326 16323 16325 16327 16327 16326 16324 16324 16320 16322 16322 16325 16325 16322 16324 16326 16328 16322 16328 16323 16324 16324 16323 16327 16325 16324 16325 16326 16327 16324 16327 16377 16265 16363 16313 16339 16318 16326 16325 16323 16324 16323 16323 16325 16323 16322 16325 16325 16323 16319 16316 16327 16321 16325 16326 16321 16323 16327 16321 16325 16326 16323 16327 16323 16322 16324 16317 16325 16324 16323 16323 16323 16321 16323 16317 16328 16324 16324 16325 16322 16326 16327 16325 16324 16324 16325 16325 16325 16324 16323 16326 16324 16330 16329 16325 16326 16323 16326 16324 16327 16326 16330 16325 16327 16326 16327 16323 16324 16332 16323 16325 16330 16323 16329 16327 16324 16327 16327 16324 16328 16322 16329 16334 16327 16329 16328 16326 16329 16329 16322 16328 16331 16323 16327 16329 16326 16325 16326 16325 16332 16321 16327 16328 16327 16326 16330 16327 16327 16328 16325 16332 16323 16325 16327 16328 16323 16327 16326 16325 16329 16326 16329 16323 16325 16328 16328 16324 16329 16324 16327 16326 16327 16326 16329 16325 16329 16325 16325 16330 16326 16327 16328 16322 16326 16320 16326 16325 16325 16325 16323 16324 16330 16323 16326 16324 16325 16325 16324 16325 16323 16329 16327 16323 16327 16325 16325 16329 16321 16323 16325 16326 16329 16322 16324 16324 16320 16326 16326 16325 16326 16327 16326 16321 16329 16323 16325 239 3434 304 13349 
0 16321 16329 16323 16329 16322 16323 16324 16324 16322 16326 16326 16319 16324 16325 16327 16326 16321 16324 16328 16322 16325 16326 16323 16328 16324 16323 16329 16325 16325 16326 16319 16326 16329 16321 16324 16326 16321 16324 16322 16324 16327 16326 16322 16324 16324 16323 16324 16324 16322 16327 16323 16325 16324 16328 16328 16327 16319 16323 16326 16320 16326 16325 16362 16282 16342 16327 16318 16329 16313 16329 16320 16325 16318 16335 16326 16333 16327 16329 16325 16325 16322 16322 16319 16326 16321 16326 16326 16328 16322 16327 16324 16325 16323 16320 16323 16323 16322 16327 16323 16320 16320 16319 16320 16324 16313 16327 16327 16318 16322 16323 16319 16322 16325 16322 16323 16322 16327 16324 16326 16325 16331 16328 16327 16327 16325 16327 16325 16324 16326 16329 16323 16321 16327 16325 16322 16323 16328 16324 16327 16326 16325 16327 16327 16326 16327 16322 16323 16325 16322 16328 16320 16320 16325 16327 16329 16324 16329 16329 16326 16328 16325 16325 16325 16324 16321 16328 16321 16329 16329 16327 16327 16327 16325 16324 16325 16323 16325 16328 16327 16326 16328 16324 16324 16327 16323 16325 16327 16327 16326 16324 16326 16327 16330 16325 16325 16323 16322 16327 16324 16325 16328 16321 16326 16324 16323 16329 16327 16323 16326 16324 16319 16325 16324 16322 16320 16322 16327 16322 16327 16326 16326 16325 16324 16326 16323 16322 16326 16327 16324 16325 16323 16324 16322 16323 16323 16324 16322 16325 16327 16324 16318 16327 16322 16326 16326 16320 16315 16325 16319 16327 16322 16318 16325 16325 16323 16326 16319 244 5241 304 13349 
0 16326 16324 16330 16326 16327 16326 16327 16325 16326 16326 16323 16322 16322 16323 16327 16325 16323 16325 16326 16325 16325 16326 16322 16324 16326 16329 16328 16326 16327 16324 16329 16324 16322 16324 16332 16328 16326 16326 16325 16325 16326 16325 16322 16319 16324 16323 16326 16327 16319 16329 16327 16322 16328 16324 16326 16325 16327 16323 16327 16323 16322 16328 16379 16255 16382 16293 16351 16310 16332 16319 16331 16316 16326 16322 16324 16319 16325 16322 16325 16324 16325 16322 16324 16325 16328 16324 16323 16324 16326 16322 16323 16325 16326 16323 16328 16319 16325 16325 16326 16324 16323 16323 16324 16327 16326 16326 16325 16324 16324 16323 16325 16318 16326 16324 16322 16326 16326 16328 16328 16324 16328 16329 16326 16327 16327 16323 16329 16326 16326 16329 16328 16324 16331 16327 16327 16331 16328 16323 16328 16327 16326 16327 16323 16325 16325 16324 16324 16327 16325 16329 16327 16329 16329 16323 16326 16324 16325 16331 16322 16326 16329 16324 16326 16327 16328 16325 16326 16327 16328 16323 16331 16328 16334 16327 16327 16329 16322 16330 16326 16328 16327 16323 16327 16320 16327 16327 16328 16326 16324 16325 16323 16327 16327 16326 16328 16327 16327 16323 16324 16328 16328 16327 16329 16323 16328 16329 16329 16329 16325 16324 16329 16324 16323 16330 16326 16322 16328 16319 16330 16323 16328 16326 16328 16325 16326 16323 16325 16327 16326 16322 16327 16322 16326 16327 16327 16322 16326 16322 16325 16325 16324 16327 16322 16323 16331 16326 16324 16325 16326 16324 16324 16324 16325 16328 16324 16324 16324 249 4116 304 13349 
0 16327 16325 16325 16326 16329 16324 16326 16331 16325 16326 16327 16326 16329 16324 16327 16324 16326 16329 16324 16324 16326 16325 16325 16323 16326 16326 16326 16325 16326 16326 16328 16329 16324 16324 16327 16327 16324 16321 16325 16327 16324 16324 16325 16324 16328 16324 16327 16329 16328 16327 16325 16329 16325 16323 16327 16327 16327 16325 16327 16322 16330 16324 16346 16315 16314 16349 16304 16342 16311 16338 16314 16335 16319 16328 16325 16322 16314 16314 16320 16321 16323 16326 16326 16330 16323 16325 16327 16322 16326 16327 16326 16324 16326 16328 16328 16328 16322 16324 16327 16324 16328 16323 16326 16326 16324 16324 16327 16319 16324 16327 16322 16332 16322 16327 16323 16324 16321 16324 16328 16323 16331 16326 16329 16326 16326 16326 16328 16327 16329 16327 16332 16331 16327 16323 16325 16327 16328 16326 16329 16324 16327 16329 16325 16327 16325 16325 16330 16326 16329 16328 16327 16330 16332 16331 16328 16334 16332 16325 16332 16324 16326 16328 16328 16329 16332 16325 16329 16330 16328 16327 16328 16324 16325 16326 16325 16329 16326 16325 16327 16327 16326 16323 16323 16323 16328 16324 16327 16326 16327 16327 16325 16326 16330 16327 16328 16326 16328 16325 16321 16327 16323 16327 16329 16327 16329 16325 16325 16324 16326 16325 16327 16322 16326 16325 16330 16326 16329 16329 16322 16325 16331 16327 16322 16327 16329 16327 16325 16327 16325 16328 16327 16328 16326 16328 16324 16326 16324 16325 16325 16326 16326 16325 16326 16326 16326 16326 16327 16323 16327 16324 16325 16327 16324 16327 16324 16326 16328 254 2501 304 13349 
0 16322 16325 16329 16325 16323 16325 16328 16328 16324 16326 16326 16322 16322 16333 16327 16327 16324 16324 16329 16326 16324 16327 16325 16329 16327 16329 16328 16330 16325 16324 16328 16324 16325 16329 16325 16330 16326 16320 16327 16323 16327 16330 16329 16330 16324 16328 16326 16326 16324 16326 16329 16324 16325 16328 16323 16328 16324 16328 16328 16325 16324 16323 16380 16249 16382 16287 16358 16302 16340 16314 16336 16319 16326 16318 16323 16326 16326 16321 16321 16321 16327 16326 16326 16325 16327 16325 16326 16323 16329 16323 16323 16328 16323 16322 16322 16322 16326 16330 16320 16325 16325 16322 16323 16327 16324 16326 16327 16323 16327 16323 16333 16324 16323 16326 16324 16320 16326 16326 16324 16325 16327 16326 16329 16323 16329 16326 16329 16325 16325 16327 16327 16327 16327 16326 16329 16328 16327 16327 16327 16325 16329 16329 16326 16328 16325 16325 16327 16326 16326 16327 16327 16330 16327 16328 16326 16327 16326 16328 16327 16325 16329 16323 16325 16332 16326 16328 16326 16326 16325 16325 16329 16326 16328 16326 16327 16325 16323 16325 16327 16330 16328 16325 16329 16331 16323 16325 16329 16325 16328 16329 16322 16327 16327 16324 16325 16331 16322 16324 16329 16325 16329 16329 16323 16327 16322 16327 16324 16326 16324 16328 16322 16326 16326 16326 16327 16330 16328 16327 16323 16325 16330 16326 16324 16326 16326 16327 16328 16327 16325 16329 16324 16328 16326 16328 16324 16323 16324 16325 16327 16328 16324 16332 16324 16325 16328 16325 16326 16327 16325 16330 16323 16326 16324 16326 16331 16328 16327 259 885 304 13349 
0 16323 16321 16327 16328 16327 16327 16328 16328 16328 16327 16324 16326 16325 16323 16328 16326 16322 16325 16325 16326 16324 16329 16328 16327 16324 16327 16326 16328 16326 16329 16320 16329 16329 16326 16323 16329 16323 16323 16325 16323 16328 16329 16326 16326 16326 16328 16327 16324 16327 16324 16325 16325 16328 16324 16322 16327 16324 16324 16328 16323 16327 16326 16351 16252 5 16270 16367 16292 16349 16303 16341 16312 16333 16317 16331 16321 16323 16320 16326 16324 16327 16322 16325 16320 16328 16326 16328 16326 16327 16326 16327 16324 16327 16324 16323 16325 16321 16324 16322 16324 16325 16324 16325 16322 16323 16323 16325 16320 16322 16319 16326 16325 16324 16324 16326 16323 16329 16328 16325 16327 16327 16329 16322 16323 16324 16324 16327 16327 16329 16328 16325 16325 16329 16323 16327 16327 16328 16327 16327 16325 16328 16325 16326 16329 16326 16331 16325 16328 16326 16329 16324 16325 16327 16324 16323 16328 16326 16327 16324 16331 16326 16327 16325 16328 16328 16323 16327 16331 16325 16324 16324 16328 16325 16329 16327 16325 16327 16327 16326 16326 16322 16328 16327 16323 16328 16326 16326 16326 16324 16326 16326 16328 16323 16327 16326 16329 16324 16326 16327 16326 16325 16326 16325 16328 16329 16331 16322 16327 16326 16328 16324 16326 16326 16326 16329 16327 16324 16328 16326 16328 16327 16328 16332 16327 16322 16328 16327 16326 16325 16324 16326 16345 16336 16327 16328 16324 16326 16323 16326 16325 16323 16327 16323 16324 16323 16327 16322 16323 16324 16327 16325 16327 16326 16326 16326 16329 16324 264 11511 304 13349 
0 16330 16331 16330 16333 16332 16330 16333 16333 16333 16329 16333 16330 16327 16330 16330 16335 16333 16333 16329 16331 16335 16329 16336 16330 16331 16333 16333 16328 16331 16332 16329 16330 16333 16333 16333 16332 16330 16331 16328 16335 16333 16330 16328 16333 16333 16335 16329 16328 16332 16328 16329 16331 16333 16329 16331 16335 16330 16332 16329 16331 16329 16329 16368 16295 16357 16333 16335 16333 16328 16330 16328 16333 16329 16334 16328 16334 16330 16331 16331 16329 16327 16327 16326 16333 16333 16330 16329 16335 16333 16331 16327 16329 16328 16333 16328 16329 16328 16332 16332 16330 16332 16331 16331 16331 16330 16329 16331 16328 16336 16327 16332 16326 16333 16329 16331 16329 16329 16335 16331 16327 16334 16332 16332 16332 16333 16332 16335 16332 16336 16334 16331 16337 16334 16329 16336 16335 16331 16339 16333 16331 16334 16331 16335 16333 16331 16336 16332 16332 16335 16335 16333 16336 16331 16333 16333 16336 16335 16339 16331 16333 16332 16333 16330 16334 16331 16332 16333 16332 16329 16334 16331 16331 16335 16336 16336 16339 16331 16333 16333 16333 16333 16332 16333 16332 16333 16334 16334 16338 16333 16329 16332 16329 16331 16332 16331 16333 16335 16330 16330 16329 16333 16333 16331 16332 16333 16331 16333 16330 16330 16332 16333 16333 16332 16328 16331 16329 16333 16333 16334 16334 16331 16333 16330 16336 16327 16331 16336 16331 16334 16333 16331 16329 16331 16332 16328 16329 16330 16328 16335 16329 16329 16336 16334 16331 16335 16335 16332 16331 16329 16331 16333 16333 16331 16334 16333 16331 16335 269 10868 304 13349 
