0 3048 4526 5374 8192 5029 4996 4948 4886 4844 4798 4693 3360 1802 34 14668 12865 11128 9466 8192 8192 8192 8192 8192 8192 8192 8192 8192 8192 8192 9583 11540 13377 15110 435 2116 3728 4943 5349 5401 5387 5373 5343 5307 5301 5303 5255 5193 3841 2283 578 15159 13318 11463 9675 8192 8192 8192 8192 8192 8192 8192 8192 8192 8192 8192 8192 8192 8879 10946 12805 14564 16270 1587 3250 4667 5354 5510 5526 5513 5493 5469 5457 5435 4386 2955 1344 15980 14178 12330 10519 8813 8192 8192 8192 8192 8192 8192 8192 8192 8192 8192 8192 8192 8192 8192 9165 11165 13008 14754 83 1787 3434 4801 5435 5584 5611 5601 5587 5565 4447 2979 1427 16107 14337 12537 10727 9024 8192 8192 8192 8192 8192 8192 8192 8192 8192 8192 8192 8192 8192 8192 8192 10089 12000 13795 15530 869 2571 4153 5213 5575 5664 5675 5680 5268 3979 2460 847 15515 13758 11949 10181 8553 8192 8192 8192 8192 8192 8192 8192 8192 8192 8192 8192 8192 8192 8192 8305 10518 12404 14186 15924 1263 2954 4481 5362 5652 5715 5730 5707 4565 3104 1561 16272 14549 12763 10982 9278 8192 8192 8192 8192 8192 8192 8192 8192 8192 8192 8192 8192 8192 8192 8192 9751 11704 13533 15281 626 2350 3969 5141 5599 5741 5766 5782 4899 3547 2055 416 15091 13323 11545 9820 8248 8192 8192 8192 8192 8192 8192 8192 8192 8192 8192 8192 8192 8192 8192 9340 11347 13197 14954 307 2043 3699 5003 5565 5741 5804 5812 5149 
0 8192 8192 8192 8192 8192 8192 8192 8192 10455 12353 14159 15885 1240 2943 4483 5382 5723 5838 5870 5877 4804 3350 1817 158 14805 13042 11257 9537 8192 8192 8192 8192 8192 8192 8192 8192 8192 8192 8192 8192 8192 8192 8192 10143 12056 13872 15607 949 2647 4243 5275 5680 5827 5882 5903 5061 3725 2223 581 15237 13472 11689 9942 8361 8192 8192 8192 8192 8192 8192 8192 8192 8192 8192 8192 8192 8192 8192 9686 11634 13457 15194 532 2240 3872 5090 5616 5804 5877 5913 5431 4151 2653 1036 15703 13953 12165 10403 8750 8192 8192 8192 8192 8192 8192 8192 8192 8192 8192 8192 8192 8192 8192 9241 11226 13076 14814 137 1843 3501 4863 5521 5774 5876 5922 5800 4542 3029 1450 16146 14400 12613 10836 9166 8192 8192 8192 8192 8192 8192 8192 8192 8192 8192 8192 8192 8192 8192 8869 10925 12781 14539 16247 1566 3234 4678 5457 5758 5879 5927 5925 4820 3343 1810 129 14776 12980 11207 9496 8192 8192 8192 8192 8192 8192 8192 8192 8192 8192 8192 8192 8192 8192 8580 10696 12578 14336 16047 1370 3045 4534 5398 5732 5872 5930 5944 5032 3630 2115 457 15100 13328 11531 9812 8228 8192 8192 8192 8192 8192 8192 8192 8192 8192 8192 8192 8192 8192 8254 10454 12331 14109 15816 1137 2825 4358 5323 5708 5865 5936 5964 5204 3881 2384 742 15414 13644 11837 10107 8489 8192 8192 8192 8192 8192 8192 8192 8192 8192 8192 8192 8192 8192 8192 10279 12175 13952 257 6774 305 1203 
0 4111 5208 5678 5877 5976 6016 5881 4597 3059 1469 16141 14376 12588 10809 9117 8192 8192 8192 8192 8192 8192 8192 8192 8192 8192 8192 8192 8192 8192 10268 12164 13947 15665 993 2677 4233 5255 5699 5887 5983 6027 5791 4504 2968 1356 16028 14263 12470 10689 9019 8192 8192 8192 8192 8192 8192 8192 8192 8192 8192 8192 8192 8192 8225 10437 12320 14104 15801 1130 2814 4355 5319 5726 5903 5995 6047 5681 4379 2847 1233 15889 14127 12327 10551 8871 8192 8192 8192 8192 8192 8192 8192 8192 8192 8192 8192 8192 8192 8492 10638 12513 14281 15993 1309 2979 4492 5389 5757 5922 6008 6049 5556 4241 2717 1092 15749 13979 12172 10416 8753 8192 8192 8192 8192 8192 8192 8192 8192 8192 8192 8192 8192 8192 8869 10929 12788 14541 16253 1576 3242 4681 5458 5789 5938 6018 6060 5367 4017 2500 848 15496 13723 11934 10176 8544 8192 8192 8192 8192 8192 8192 8192 8192 8192 8192 8192 8192 8192 9303 11271 13102 14832 161 1857 3508 4848 5534 5819 5954 6036 6072 5187 3779 2259 583 15235 13454 11664 9927 8333 8192 8192 8192 8192 8192 8192 8192 8192 8192 8192 8192 8192 8192 9752 11677 13487 15211 536 2217 3837 5057 5623 5861 5979 6040 6075 4995 3494 1940 244 14877 13103 11304 9591 8192 8192 8192 8192 8192 8192 8192 8192 8192 8192 8192 8192 8192 8192 10155 12052 13840 15554 873 2555 4129 5221 5690 5891 5999 6057 5992 4732 3197 1608 16297 14535 12742 257 7244 305 1203 
0 3459 4831 5530 5826 5968 6046 6094 5287 3908 2389 718 15360 13593 11795 10041 8431 8192 8192 8192 8192 8192 8192 8192 8192 8192 8192 8192 8192 8192 9900 11827 13633 15355 673 2375 3971 5136 5654 5881 6002 6070 6091 4950 3437 1872 167 14796 13005 11205 9484 8192 8192 8192 8192 8192 8192 8192 8192 8192 8192 8192 8192 8192 8332 10526 12407 14181 15895 1209 2883 4399 5346 5744 5930 6032 6089 5774 4476 2941 1316 15982 14215 12419 10631 8951 8192 8192 8192 8192 8192 8192 8192 8192 8192 8192 8192 8192 8192 9258 11242 13085 14823 156 1845 3497 4852 5543 5832 5975 6058 6109 5284 3887 2364 690 15331 13554 11745 10005 8390 8192 8192 8192 8192 8192 8192 8192 8192 8192 8192 8192 8192 8192 10132 12039 13834 15547 867 2562 4130 5219 5693 5904 6017 6086 6062 4821 3288 1704 16379 14623 12839 11058 9345 8192 8192 8192 8192 8192 8192 8192 8192 8192 8192 8192 8192 8192 8963 11002 12851 14602 16312 1627 3292 4720 5476 5799 5965 6053 6108 5508 4156 2637 984 15653 13877 12078 10324 8686 8192 8192 8192 8192 8192 8192 8192 8192 8192 8192 8192 8192 8192 9950 11847 13663 15365 701 2389 3991 5142 5658 5889 6013 6084 6116 5003 3496 1921 228 14854 13071 11266 9550 8192 8192 8192 8192 8192 8192 8192 8192 8192 8192 8192 8192 8192 8773 10860 12731 14491 16202 1522 3184 4648 5449 5787 5962 6054 6117 5610 4274 2752 1100 15762 13993 12198 10429 257 7557 305 1203 
0 8192 8192 8192 8192 8192 8192 8192 8192 10190 12087 13886 15610 925 2598 4181 5232 5700 5917 6035 6109 6088 4845 3317 1720 14 14635 12844 11050 9345 8192 8192 8192 8192 8192 8192 8192 8192 8192 8192 8192 8192 8192 9387 11367 13198 14946 278 1986 3617 4934 5574 5852 6001 6082 6137 5315 3904 2364 691 15331 13561 11745 9987 8387 8192 8192 8192 8192 8192 8192 8192 8192 8192 8192 8192 8192 8559 10694 12570 14333 16043 1359 3025 4515 5397 5771 5954 6058 6119 5792 4484 2946 1323 15992 14217 12425 10650 8968 8192 8192 8192 8192 8192 8192 8192 8192 8192 8192 8192 8192 8192 10112 12018 13823 15549 875 2567 4151 5215 5698 5907 6039 6112 6142 4986 3448 1875 172 14802 13004 11204 9494 8192 8192 8192 8192 8192 8192 8192 8192 8192 8192 8192 8192 8192 9399 11375 13211 14956 286 1986 3618 4929 5569 5856 6009 6096 6150 5345 3952 2428 752 15393 13610 11819 10056 8433 8192 8192 8192 8192 8192 8192 8192 8192 8192 8192 8192 8192 8772 10868 12733 14493 16198 1523 3184 4633 5444 5790 5966 6073 6138 5724 4389 2855 1215 15879 14116 12329 10544 8873 8192 8192 8192 8192 8192 8192 8192 8192 8192 8192 8192 8192 8229 10461 12347 14127 15846 1176 2860 4388 5325 5748 5941 6058 6124 6053 4768 3214 1604 16270 14505 12699 10924 9208 8192 8192 8192 8192 8192 8192 8192 8192 8192 8192 8192 8192 8192 9991 11905 13706 15434 760 2453 4051 5174 5665 257 7889 305 1203 
0 8192 8192 8192 8192 8192 8192 8192 8192 9571 11534 13357 15095 415 2102 3739 5006 5602 5864 6023 6108 6167 5337 3922 2395 718 15354 13581 11768 10013 8410 8192 8192 8192 8192 8192 8192 8192 8192 8192 8192 8192 8192 9223 11228 13077 14824 155 1852 3502 4841 5539 5845 5997 6098 6155 5553 4176 2658 1001 15647 13864 12069 10314 8656 8192 8192 8192 8192 8192 8192 8192 8192 8192 8192 8192 8192 8933 10984 12847 14596 16306 1623 3281 4720 5467 5809 5975 6084 6139 5741 4394 2875 1233 15895 14121 12323 10551 8894 8192 8192 8192 8192 8192 8192 8192 8192 8192 8192 8192 8192 8680 10786 12652 14420 16131 1454 3111 4579 5414 5778 5976 6079 6142 5906 4598 3058 1433 16101 14334 12556 10745 9074 8192 8192 8192 8192 8192 8192 8192 8192 8192 8192 8192 8192 8500 10655 12536 14306 16018 1331 3001 4507 5389 5768 5965 6081 6157 6041 4746 3193 1586 16253 14491 12692 10900 9190 8192 8192 8192 8192 8192 8192 8192 8192 8192 8192 8192 8192 8292 10508 12399 14183 15902 1231 2899 4428 5357 5758 5950 6060 6142 6112 4850 3298 1691 16354 14587 12783 10993 9285 8192 8192 8192 8192 8192 8192 8192 8192 8192 8192 8192 8192 8192 10430 12317 14097 15817 1138 2813 4346 5314 5738 5943 6058 6140 6144 4926 3388 1806 93 14717 12919 11131 9417 8192 8192 8192 8192 8192 8192 8192 8192 8192 8192 8192 8192 8221 10454 12347 14124 15843 1169 2845 4370 5321 5746 5945 257 8163 305 1203 
0 1191 2873 4398 5337 5741 5946 6068 6142 6146 4906 3359 1771 59 14686 12893 11099 9384 8192 8192 8192 8192 8192 8192 8192 8192 8192 8192 8192 8192 8454 10628 12518 14298 16017 1333 3009 4511 5389 5770 5954 6078 6158 6128 4868 3316 1726 6 14625 12819 11028 9297 8192 8192 8192 8192 8192 8192 8192 8192 8192 8192 8192 8192 8519 10679 12558 14338 16047 1372 3044 4535 5394 5769 5967 6078 6149 6096 4808 3256 1649 16311 14546 12756 10956 9264 8192 8192 8192 8192 8192 8192 8192 8192 8192 8192 8192 8192 8812 10896 12764 14521 16238 1553 3214 4646 5450 5802 5979 6092 6164 5975 4658 3101 1484 16146 14372 12578 10794 9099 8192 8192 8192 8192 8192 8192 8192 8192 8192 8192 8192 8192 9147 11167 13018 14776 111 1816 3454 4827 5517 5836 5999 6098 6172 5830 4503 2941 1302 15946 14175 12381 10598 8913 8192 8192 8192 8192 8192 8192 8192 8192 8192 8192 8192 8192 9439 11419 13260 15001 334 2027 3663 4951 5574 5858 6022 6114 6177 5659 4296 2759 1114 15764 13991 12200 10416 8761 8192 8192 8192 8192 8192 8192 8192 8192 8192 8192 8192 8192 9801 11740 13556 15284 604 2283 3893 5085 5633 5890 6033 6123 6188 5460 4051 2525 847 15505 13738 11931 10171 8532 8192 8192 8192 8192 8192 8192 8192 8192 8192 8192 8192 8192 10272 12174 13960 15682 997 2680 4242 5262 5711 5929 6058 6138 6206 5246 3761 2211 517 15145 13364 11555 9813 8236 8192 8192 257 8448 305 1203 
0 8192 8192 8192 8192 8192 8192 8192 8192 9099 11123 12980 14731 57 1755 3408 4787 5510 5821 5997 6107 6171 6004 4680 3127 1504 16165 14398 12611 10824 9132 8192 8192 8192 8192 8192 8192 8192 8192 8192 8192 8192 8192 9660 11616 13441 15172 507 2198 3817 5044 5614 5882 6032 6129 6188 5678 4305 2767 1123 15757 13983 12179 10413 8748 8192 8192 8192 8192 8192 8192 8192 8192 8192 8192 8192 8192 10169 12071 13869 15602 911 2589 4159 5214 5700 5919 6059 6142 6201 5345 3904 2361 677 15326 13538 11738 9987 8395 8192 8192 8192 8192 8192 8192 8192 8192 8192 8192 8192 8704 10822 12684 14446 16152 1469 3131 4603 5431 5786 5975 6089 6159 6181 5000 3444 1858 143 14776 12972 11174 9445 8192 8192 8192 8192 8192 8192 8192 8192 8192 8192 8192 8192 9455 11432 13263 14999 322 2024 3654 4942 5577 5851 6019 6120 6181 5872 4527 2980 1340 15997 14232 12433 10650 8957 8192 8192 8192 8192 8192 8192 8192 8192 8192 8192 8192 8192 10162 12069 13865 15583 906 2586 4162 5224 5695 5924 6054 6147 6211 5418 4003 2469 783 15426 13649 11842 10104 8466 8192 8192 8192 8192 8192 8192 8192 8192 8192 8192 8192 8821 10906 12771 14530 16241 1559 3213 4648 5444 5799 5983 6094 6170 6212 5044 3505 1919 211 14838 13048 11245 9532 8192 8192 8192 8192 8192 8192 8192 8192 8192 8192 8192 8192 9703 11651 13469 15200 529 2219 3824 5044 5618 5884 6035 6126 6193 257 8740 305 1203 
0 8192 8192 8192 8192 8192 8192 8192 8192 9276 11278 13120 14865 187 1884 3513 4853 5545 5836 6013 6113 6184 6143 4860 3305 1701 16359 14602 12812 11013 9296 8192 8192 8192 8192 8192 8192 8192 8192 8192 8192 8192 8192 10140 12043 13844 15570 892 2582 4156 5213 5690 5922 6054 6147 6216 5638 4251 2702 1042 15690 13908 12101 10321 8659 8192 8192 8192 8192 8192 8192 8192 8192 8192 8192 8192 8832 10921 12786 14544 16251 1566 3213 4654 5453 5796 5986 6096 6178 6221 5162 3626 2058 351 14981 13191 11395 9644 8192 8192 8192 8192 8192 8192 8192 8192 8192 8192 8192 8192 9914 11836 13651 15371 697 2381 3982 5120 5634 5892 6041 6139 6209 5888 4542 2981 1339 15995 14220 12418 10624 8954 8192 8192 8192 8192 8192 8192 8192 8192 8192 8192 8192 8722 10832 12707 14468 16186 1502 3158 4610 5437 5784 5970 6096 6176 6237 5299 3813 2254 559 15186 13398 11596 9828 8255 8192 8192 8192 8192 8192 8192 8192 8192 8192 8192 8192 9805 11741 13552 15282 610 2270 3906 5058 5642 5871 6055 6125 6212 6042 4714 3130 1511 16161 14404 12588 10790 9098 8192 8192 8192 8192 8192 8192 8192 8192 8192 8192 8192 8575 10728 12612 14383 16096 1428 3088 4562 5403 5773 5970 6093 6173 6232 5431 3991 2441 737 15375 13587 11783 10025 8380 8192 8192 8192 8192 8192 8192 8192 8192 8192 8192 8192 9647 11614 13430 15164 480 2178 3788 5022 5609 5873 6029 6124 6191 6149 257 9043 305 1203 
0 16083 1405 3067 4551 5392 5770 5963 6090 6171 6235 5464 4027 2491 797 15433 13640 11825 10068 8454 8192 8192 8192 8192 8192 8192 8192 8192 8192 8192 8192 9852 11794 13615 15344 673 2370 3957 5114 5641 5891 6042 6144 6207 6258 5212 3665 2078 369 14992 13203 11382 9633 8192 8192 8192 8192 8192 8192 8192 8192 8192 8192 8192 8425 10613 12499 14277 15991 1310 2984 4484 5367 5755 5954 6077 6164 6230 5868 4488 2925 1273 15906 14129 12314 10526 8839 8192 8192 8192 8192 8192 8192 8192 8192 8192 8192 8192 9606 11558 13394 15137 463 2151 3774 5007 5599 5868 6023 6128 6197 6236 5134 3584 1988 275 14888 13089 11279 9525 8192 8192 8192 8192 8192 8192 8192 8192 8192 8192 8192 8617 10755 12642 14406 16114 1430 3099 4562 5403 5776 5969 6088 6161 6228 5682 4273 2724 1055 15697 13918 12104 10318 8670 8192 8192 8192 8192 8192 8192 8192 8192 8192 8192 8192 9928 11857 13676 15408 732 2424 4020 5142 5652 5892 6041 6139 6213 6207 4943 3365 1759 29 14650 12846 11043 9326 8192 8192 8192 8192 8192 8192 8192 8192 8192 8192 8192 9097 11146 12992 14735 73 1768 3422 4786 5503 5817 5987 6103 6178 6240 5446 3984 2434 738 15379 13597 11777 10001 8393 8192 8192 8192 8192 8192 8192 8192 8192 8192 8192 8192 10441 12339 14124 15837 1158 2824 4357 5311 5724 5938 6069 6157 6219 6010 4653 3072 1434 16085 14313 12491 10692 9014 8192 8192 8192 8192 257 9323 305 1203 
0 8192 8192 8192 8192 8192 8192 8192 8192 10265 12171 13960 15682 1003 2687 4233 5247 5692 5926 6057 6147 6215 6197 4912 3334 1715 16380 14614 12798 10994 9273 8192 8192 8192 8192 8192 8192 8192 8192 8192 8192 8192 9493 11461 13295 15027 353 2047 3676 4953 5569 5850 6013 6124 6191 6246 5398 3935 2377 669 15295 13521 11705 9945 8345 8192 8192 8192 8192 8192 8192 8192 8192 8192 8192 8685 10821 12677 14459 16160 1486 3140 4589 5420 5781 5958 6088 6171 6236 5866 4489 2922 1276 15916 14149 12333 10549 8857 8192 8192 8192 8192 8192 8192 8192 8192 8192 8192 8192 10171 12078 13879 15595 917 2603 4157 5206 5687 5909 6050 6140 6213 6241 5054 3482 1890 173 14791 12982 11196 9470 8192 8192 8192 8192 8192 8192 8192 8192 8192 8192 8192 9497 11465 13305 15046 375 2063 3689 4954 5567 5851 6013 6123 6196 6250 5471 4011 2453 758 15396 13606 11803 10035 8404 8192 8192 8192 8192 8192 8192 8192 8192 8192 8192 8772 10880 12747 14511 16226 1551 3203 4637 5436 5783 5973 6093 6177 6235 5941 4563 2987 1342 15980 14204 12381 10594 8918 8192 8192 8192 8192 8192 8192 8192 8192 8192 8192 8192 10247 12152 13936 15653 978 2657 4209 5236 5690 5918 6052 6145 6213 6239 5020 3452 1844 127 14757 12952 11145 9426 8192 8192 8192 8192 8192 8192 8192 8192 8192 8192 8192 9826 11763 13579 15308 624 2312 3916 5087 5626 5880 6025 6133 6209 6247 5352 3873 257 9646 305 1203 
0 8192 8192 8192 8192 8192 8192 8192 8192 10199 12114 13915 15638 956 2645 4203 5238 5694 5920 6052 6151 6216 6262 5120 3565 1972 246 14876 13056 11254 9503 8192 8192 8192 8192 8192 8192 8192 8192 8192 8192 8192 9716 11662 13481 15213 544 2235 3852 5053 5605 5873 6025 6131 6203 6256 5380 3905 2342 642 15269 13473 11656 9900 8310 8192 8192 8192 8192 8192 8192 8192 8192 8192 8192 9294 11298 13146 14889 214 1915 3554 4875 5533 5828 6006 6120 6190 6240 5695 4275 2707 1030 15666 13896 12067 10284 8633 8192 8192 8192 8192 8192 8192 8192 8192 8192 8192 8785 10883 12761 14523 16230 1542 3199 4635 5432 5780 5970 6098 6176 6234 6028 4652 3074 1433 16081 14307 12488 10699 9000 8192 8192 8192 8192 8192 8192 8192 8192 8192 8192 8278 10508 12401 14180 15894 1220 2891 4396 5319 5736 5939 6070 6165 6222 6233 4963 3389 1781 60 14676 12883 11075 9353 8192 8192 8192 8192 8192 8192 8192 8192 8192 8192 8192 10136 12045 13854 15579 904 2590 4140 5203 5678 5902 6052 6145 6215 6255 5251 3713 2137 423 15049 13255 11435 9688 8192 8192 8192 8192 8192 8192 8192 8192 8192 8192 8192 9732 11688 13505 15244 573 2263 3871 5068 5617 5875 6033 6133 6206 6260 5480 4016 2460 766 15427 13533 11858 9964 8446 8192 8192 8192 8192 8192 8192 8192 8192 8192 8192 9353 11348 13191 14940 272 1965 3603 4903 5543 5838 6004 6120 6190 6259 5747 4335 2768 257 9979 305 1203 
0 8192 8192 8192 8192 8192 8192 8192 8192 10347 12252 14038 15757 1082 2756 4290 5271 5712 5925 6060 6159 6220 6274 5184 3636 2048 330 14956 13152 11330 9597 8192 8192 8192 8192 8192 8192 8192 8192 8192 8192 8192 10025 11939 13761 15483 809 2497 4084 5171 5664 5896 6038 6146 6222 6262 5384 3900 2326 619 15243 13450 11631 9856 8256 8192 8192 8192 8192 8192 8192 8192 8192 8192 8192 9633 11597 13420 15154 480 2177 3795 5009 5585 5864 6020 6131 6207 6250 5627 4181 2622 940 15574 13775 11970 10182 8549 8192 8192 8192 8192 8192 8192 8192 8192 8192 8192 9304 11304 13154 14904 229 1924 3563 4873 5537 5830 6011 6120 6190 6254 5868 4474 2898 1240 15887 14111 12288 10500 8841 8192 8192 8192 8192 8192 8192 8192 8192 8192 8192 8953 11027 12880 14644 16356 1679 3327 4727 5468 5795 5978 6102 6180 6248 6138 4763 3183 1559 16207 14439 12619 10818 9095 8192 8192 8192 8192 8192 8192 8192 8192 8192 8192 8529 10697 12581 14357 16073 1389 3065 4551 5387 5763 5951 6083 6172 6236 6257 5030 3455 1845 124 14737 12915 11122 9379 8192 8192 8192 8192 8192 8192 8192 8192 8192 8192 8192 10374 12271 14064 15776 1095 2774 4311 5289 5715 5928 6062 6152 6222 6263 5260 3730 2150 435 15053 13260 11434 9681 8192 8192 8192 8192 8192 8192 8192 8192 8192 8192 8192 10075 11988 13794 15522 849 2539 4112 5187 5668 5902 6048 6140 6218 6273 5496 4020 2465 257 10311 305 1203 
0 15208 539 2235 3842 5035 5605 5874 6024 6131 6205 6264 5765 4344 2774 1112 15749 13970 12160 10371 8707 8192 8192 8192 8192 8192 8192 8192 8192 8192 8192 9285 11279 13126 14871 200 1892 3520 4847 5516 5824 6003 6112 6193 6255 6075 4683 3106 1466 16127 14358 12547 10751 9058 8192 8192 8192 8192 8192 8192 8192 8192 8192 8192 8860 10944 12812 14570 16283 1605 3254 4667 5438 5786 5975 6096 6178 6242 6250 5002 3422 1814 83 14706 12900 11092 9378 8192 8192 8192 8192 8192 8192 8192 8192 8192 8192 8352 10562 12455 14227 15938 1255 2929 4426 5329 5733 5943 6115 6112 6286 6242 5294 3744 2195 462 15100 13286 11483 9725 8192 8192 8192 8192 8192 8192 8192 8192 8192 8192 8192 10181 12090 13887 15601 920 2601 4159 5208 5675 5908 6048 6154 6224 6272 5563 4114 2548 863 15503 13707 11903 10115 8495 8192 8192 8192 8192 8192 8192 8192 8192 8192 8192 9793 11727 13551 15283 613 2295 3905 5069 5619 5876 6023 6136 6209 6273 5888 4478 2895 1235 15874 14088 12266 10476 8806 8192 8192 8192 8192 8192 8192 8192 8192 8192 8192 9279 11285 13134 14880 210 1912 3554 4873 5528 5829 6010 6118 6197 6253 6216 4867 3278 1652 16299 14532 12706 10897 9168 8192 8192 8192 8192 8192 8192 8192 8192 8192 8192 8715 10822 12695 14465 16178 1495 3148 4603 5413 5765 5964 6094 6179 6249 6277 5246 3725 2145 426 15052 13250 11433 9679 8192 8192 8192 8192 8192 257 10587 305 1203 
0 15292 616 2315 3915 5077 5616 5869 6038 6133 6210 6264 6076 4678 3085 1440 16091 14315 12490 10703 8989 8192 8192 8192 8192 8192 8192 8192 8192 8192 8192 9186 11192 13039 14789 114 1817 3460 4808 5497 5812 5994 6105 6191 6250 6280 5182 3635 2042 323 14940 13135 11321 9574 8192 8192 8192 8192 8192 8192 8192 8192 8192 8192 8417 10614 12502 14275 15989 1313 2978 4474 5360 5745 5948 6076 6168 6238 6281 5654 4206 2628 946 15569 13773 11958 10154 8525 8192 8192 8192 8192 8192 8192 8192 8192 8192 8192 9926 11869 13685 15414 742 2440 4025 5129 5643 5889 6044 6145 6215 6269 6205 4842 3233 1598 16245 14462 12637 10817 9093 8192 8192 8192 8192 8192 8192 8192 8192 8192 8192 9071 11121 12974 14738 68 1763 3412 4781 5491 5809 5988 6100 6190 6248 6297 5395 3897 2317 612 15234 13430 11598 9819 8244 8192 8192 8192 8192 8192 8192 8192 8192 8192 8192 10372 12276 14067 15787 1111 2799 4320 5277 5705 5928 6061 6156 6225 6282 6058 4641 3044 1402 16042 14259 12440 10624 8944 8192 8192 8192 8192 8192 8192 8192 8192 8192 8192 9498 11482 13312 15044 373 2069 3696 4952 5567 5846 6014 6121 6201 6253 6294 5325 3816 2232 522 15156 13357 11511 9762 8204 8192 8192 8192 8192 8192 8192 8192 8192 8192 8387 10586 12473 14249 15958 1276 2938 4439 5336 5738 5945 6072 6169 6235 6278 6088 4682 3078 1438 16090 14309 12498 10705 8995 8192 8192 8192 257 10886 305 1203 
0 8192 8192 8192 8192 8192 8192 8310 10535 12454 14159 15971 1221 2950 4410 5351 5714 5955 6070 6172 6221 6283 6251 4931 3324 1701 16341 14564 12733 10931 9194 8192 8192 8192 8192 8192 8192 8192 8192 8192 8192 9285 11292 13146 14895 220 1923 3570 4882 5525 5822 5996 6113 6190 6261 6298 5748 4311 2710 1027 15666 13870 12031 10252 8589 8192 8192 8192 8192 8192 8192 8192 8192 8192 8192 10132 12049 13852 15583 902 2580 4140 5208 5680 5899 6044 6150 6222 6274 6305 5297 3775 2192 477 15096 13284 11469 9692 8192 8192 8192 8192 8192 8192 8192 8192 8192 8192 8757 10871 12746 14508 16225 1546 3198 4629 5425 5778 5966 6091 6181 6244 6290 6251 4913 3307 1674 16332 14542 12715 10903 9184 8192 8192 8192 8192 8192 8192 8192 8192 8192 8192 9439 11430 13278 15020 349 2049 3667 4931 5560 5835 6015 6121 6201 6265 6298 5944 4495 2898 1239 15878 14083 12264 10471 8783 8192 8192 8192 8192 8192 8192 8192 8192 8192 8192 10073 11992 13802 15531 854 2540 4107 5185 5659 5893 6047 6151 6220 6275 6302 5607 4130 2541 851 15478 13675 11833 10059 8424 8192 8192 8192 8192 8192 8192 8192 8192 8192 8303 10530 12421 14202 15924 1235 2903 4408 5323 5723 5938 6075 6155 6239 6276 6308 5360 3838 2254 535 15166 13360 11529 9753 8192 8192 8192 8192 8192 8192 8192 8192 8192 8192 8876 10957 12830 14596 16312 1627 3283 4692 5446 5786 5979 6095 6186 6241 6289 257 11177 305 1203 
0 8192 8192 8192 8192 8192 8192 9611 11570 13402 15134 464 2157 3781 5005 5582 5857 6019 6125 6205 6264 6297 6206 4809 3191 1557 16203 14410 12585 10772 9060 8192 8192 8192 8192 8192 8192 8192 8192 8192 8192 9884 11827 13649 15376 707 2398 3992 5122 5639 5884 6034 6132 6215 6266 6305 6111 4664 3046 1393 16027 14243 12413 10600 8904 8192 8192 8192 8192 8192 8192 8192 8192 8192 8192 10062 11989 13794 15520 846 2535 4102 5167 5666 5903 6042 6143 6218 6268 6310 6033 4581 2963 1310 15947 14151 12321 10519 8819 8192 8192 8192 8192 8192 8192 8192 8192 8192 8192 10249 12163 13966 15688 1013 2691 4235 5248 5688 5915 6056 6153 6223 6275 6311 5990 4531 2919 1266 15891 14106 12286 10457 8786 8192 8192 8192 8192 8192 8192 8192 8192 8192 8192 10365 12272 14074 15802 1121 2796 4324 5280 5702 5917 6064 6161 6230 6282 6309 5973 4506 2888 1238 15874 14078 12254 10456 8767 8192 8192 8192 8192 8192 8192 8192 8192 8192 8192 10403 12316 14109 15827 1152 2822 4347 5301 5712 5931 6061 6162 6234 6279 6305 6019 4557 2937 1313 15891 14134 12313 10460 8795 8192 8192 8192 8192 8192 8192 8192 8192 8192 8192 10371 12273 14065 15793 1112 2783 4316 5281 5705 5921 6059 6157 6228 6280 6315 6095 4644 3018 1380 16021 14235 12402 10597 8884 8192 8192 8192 8192 8192 8192 8192 8192 8192 8192 10360 12255 14051 15776 1104 2786 4310 5276 5706 5922 6060 6161 6230 257 11481 305 1203 
0 8192 8192 8192 8192 8192 9835 11771 13587 15314 640 2325 3926 5079 5615 5877 6036 6141 6210 6266 6304 6315 5291 3744 2156 455 15080 13252 11416 9655 8192 8192 8192 8192 8192 8192 8192 8192 8192 8192 9613 11560 13389 15132 459 2148 3763 4996 5573 5849 6013 6125 6199 6265 6296 6319 5571 4059 2466 777 15405 13596 11755 9965 8345 8192 8192 8192 8192 8192 8192 8192 8192 8192 9248 11238 13088 14847 192 1888 3531 4851 5518 5823 5993 6114 6196 6258 6296 6305 5946 4456 2843 1190 15819 14017 12170 10352 8674 8192 8192 8192 8192 8192 8192 8192 8192 8192 8693 10809 12682 14450 16160 1484 3146 4595 5402 5769 5958 6083 6177 6241 6285 6309 6271 4913 3300 1680 16327 14543 12711 10892 9152 8192 8192 8192 8192 8192 8192 8192 8192 8192 8192 10269 12176 13971 15691 1012 2693 4235 5236 5687 5914 6057 6162 6231 6273 6305 6319 5363 3819 2238 532 15146 13330 11497 9718 8192 8192 8192 8192 8192 8192 8192 8192 8192 8192 9698 11624 13446 15183 505 2203 3812 5012 5590 5859 6021 6130 6201 6260 6296 6314 5917 4429 2812 1159 15791 13997 12160 10350 8680 8192 8192 8192 8192 8192 8192 8192 8192 8192 8888 10975 12842 14604 16316 1638 3295 4694 5448 5789 5975 6102 6190 6245 6288 6314 6301 5038 3453 1845 120 14725 12897 11062 9322 8192 8192 8192 8192 8192 8192 8192 8192 8192 8192 10236 12116 13919 15643 960 2640 4195 5225 5673 5901 6053 6160 257 11822 305 1203 
0 8192 8192 8192 8192 9236 11269 13113 14869 181 1884 3519 4849 5519 5817 5994 6104 6191 6249 6296 6318 6301 5020 3437 1837 119 14718 12879 11048 9320 8192 8192 8192 8192 8192 8192 8192 8192 8192 8192 10334 12209 14002 15731 1054 2733 4272 5256 5691 5915 6059 6154 6237 6276 6305 6312 5891 4397 2768 1110 15746 13959 12106 10282 8624 8192 8192 8192 8192 8192 8192 8192 8192 8192 9051 11075 12970 14695 49 1712 3378 4739 5477 5792 5985 6099 6186 6252 6295 6307 6306 5357 3819 2232 530 15149 13339 11500 9712 8192 8192 8192 8192 8192 8192 8192 8192 8192 8192 9860 11825 13642 15370 699 2381 3967 5101 5635 5880 6035 6138 6212 6263 6307 6320 6277 4953 3360 1748 23 14620 12794 10952 9204 8192 8192 8192 8192 8192 8192 8192 8192 8192 8192 10472 12351 14137 15853 1172 2842 4359 5300 5712 5934 6068 6160 6236 6284 6308 6310 6140 4655 3021 1393 16036 14245 12417 10603 8878 8192 8192 8192 8192 8192 8192 8192 8192 8192 8749 10944 12783 14544 16262 1574 3219 4644 5429 5781 5965 6095 6185 6245 6283 6320 6313 5949 4447 2824 1176 15818 14016 12180 10362 8676 8192 8192 8192 8192 8192 8192 8192 8192 8192 8986 11128 12949 14710 33 1736 3382 4756 5476 5797 5989 6105 6195 6248 6292 6321 6315 5753 4254 2644 980 15619 13828 11980 10172 8497 8192 8192 8192 8192 8192 8192 8192 8192 8192 9432 11529 13316 15064 393 2092 3702 4959 5567 5847 257 12097 305 1203 
0 4917 5541 5834 6008 6122 6200 6255 6289 6322 6301 5982 4475 2846 1206 15844 14046 12212 10384 8699 8192 8192 8192 8192 8192 8192 8192 8192 8192 9171 11253 13084 14828 162 1867 3505 4831 5508 5820 5995 6111 6187 6243 6292 6308 6298 6174 4735 3110 1489 16137 14360 12522 10686 8972 8192 8192 8192 8192 8192 8192 8192 8192 8192 8843 10941 12832 14588 16306 1628 3283 4684 5444 5779 5977 6098 6182 6246 6290 6306 6295 6261 5015 3445 1842 128 14726 12895 11052 9312 8192 8192 8192 8192 8192 8192 8192 8192 8192 8319 10502 12478 14229 15948 1266 2936 4441 5328 5732 5934 6078 6169 6241 6283 6305 6309 6279 5522 4003 2401 723 15352 13547 11694 9905 8283 8192 8192 8192 8192 8192 8192 8192 8192 8192 9836 11869 13665 15402 722 2410 3991 5114 5630 5883 6038 6138 6215 6262 6298 6315 6281 6179 4742 3123 1505 16158 14375 12520 10696 8967 8192 8192 8192 8192 8192 8192 8192 8192 8192 8908 10959 12899 14632 16350 1663 3322 4710 5460 5789 5974 6098 6191 6247 6282 6300 6303 6256 5530 3998 2395 719 15353 13530 11681 9882 8267 8192 8192 8192 8192 8192 8192 8192 8192 8192 9928 11916 13734 15468 787 2481 4054 5154 5647 5890 6045 6144 6223 6268 6294 6303 6277 6251 4988 3410 1817 103 14709 12866 11042 9259 8192 8192 8192 8192 8192 8192 8192 8192 8192 8542 10664 12644 14385 16100 1415 3073 4543 5382 5758 5954 6083 6185 6235 6271 6300 6295 257 12386 305 1203 
0 9340 11334 13243 14975 297 1993 3628 4913 5544 5831 6009 6114 6192 6255 6279 6296 6268 6253 6234 4848 3254 1656 16329 14538 12709 10876 9127 8192 8192 8192 8192 8192 8192 8192 8192 8192 9054 11080 12993 14778 91 1787 3433 4797 5492 5808 5990 6110 6194 6246 6275 6294 6268 6249 6271 5870 4319 2694 1064 15708 13893 12040 10249 8553 8192 8192 8192 8192 8192 8192 8192 8192 8192 9827 11691 13365 12613 11198 9829 8479 8192 8192 8192 8192 8192 8192 8192 8192 8192 8192 8192 8192 8192 8192 8192 8192 8192 8192 8192 8192 8192 8192 8192 8192 8192 8192 8192 8192 8192 8192 8192 8192 8192 8192 8192 8192 8192 8192 8192 8192 8192 8192 8192 8192 8192 8192 8192 8192 8192 8192 8192 8201 8271 8269 8265 8277 8330 8410 8471 8512 8531 8581 8674 8791 8867 8874 8859 8878 8932 9046 9142 9169 9204 9252 9320 9389 9416 9434 9481 9562 9599 9645 9637 9633 9654 9664 9685 9708 9703 9773 9851 9897 9945 9906 9882 9939 9997 10078 10073 10014 10029 10079 10194 10226 10165 10112 10183 10292 10359 10324 10262 10261 10381 10452 10436 10348 10317 10404 10519 10569 10526 10446 10450 10500 10575 10598 10603 10633 10653 10687 10693 10708 10735 10746 10732 10726 10726 10773 10802 10795 10787 10769 10821 10871 10910 10907 10898 10919 10985 11034 11030 11003 10979 11017 11083 11103 11068 11059 11053 11099 11146 11158 11155 11167 11175 11222 11255 11264 11265 11257 11296 11326 11340 11358 11342 11326 11363 257 12698 305 1203 
0 1283 1031 1215 1139 1327 1329 1051 1195 1229 1260 1224 847 876 1091 1278 1428 1390 1446 1602 1566 1435 1251 1184 1160 1041 911 830 812 960 1102 1268 1360 1330 1330 1229 1068 551 15861 14964 15564 913 2673 4236 5418 5905 5832 5854 5851 5831 5851 5831 5779 5753 5722 5671 5189 3751 2121 370 14992 13202 11437 9763 8267 8192 8192 8192 8325 10308 12083 13766 15549 826 2564 4126 5182 5659 5869 5910 5914 5952 5982 6009 6034 6046 6065 6060 6036 6006 5984 5942 5886 5832 4980 3504 1948 345 14990 13171 11315 9523 8192 8192 8192 8192 8192 8192 8192 8192 9301 11281 13146 14885 236 1915 3550 4823 5463 5761 5925 6029 6080 6110 6111 6074 6050 6028 6020 5728 4207 2594 978 15630 13828 12002 10195 8513 8192 8192 8192 8192 8192 8192 8192 8192 8192 8934 11016 12879 14640 16361 1667 3325 4708 5446 5770 5953 6063 6139 6184 6218 6228 6207 5476 3954 2370 692 15315 13513 11677 9897 8260 8192 8192 8192 8192 8192 8192 8192 8192 8192 8192 9357 11353 13196 14939 269 1956 3597 4889 5535 5832 5986 6104 6169 6225 6259 5164 3611 2023 301 14924 13115 11283 9559 8192 8192 8192 8192 8192 8192 8192 8192 8192 8192 8192 8525 10688 12575 14339 16058 1376 3043 4523 5367 5764 5957 6085 6169 6227 5191 3672 2100 393 15035 13246 11441 9694 8192 8192 8192 8192 8192 8192 8192 8192 8192 8192 8192 8192 10117 12033 13826 15547 860 2552 4123 258 2057 305 1203 
0 8192 8192 8192 8192 8192 8192 8192 8192 8192 8251 10489 12378 14154 15876 1198 2882 4393 5328 5741 5951 6081 6171 5779 4453 2929 1295 15954 14195 12420 10644 8970 8192 8192 8192 8192 8192 8192 8192 8192 8192 8192 8192 9168 11192 13042 14793 121 1816 3459 4815 5518 5827 6009 6119 6205 5489 4078 2553 885 15543 13776 11986 10217 8615 8192 8192 8192 8192 8192 8192 8192 8192 8192 8192 8192 9937 11856 13675 15391 714 2397 3987 5129 5652 5897 6052 6150 6227 5295 3816 2264 570 15218 13455 11651 9901 8336 8192 8192 8192 8192 8192 8192 8192 8192 8192 8192 8323 10545 12430 14209 15923 1246 2920 4428 5349 5746 5957 6089 6174 6238 5176 3643 2072 361 14990 13208 11408 9669 8192 8192 8192 8192 8192 8192 8192 8192 8192 8192 8192 8794 10897 12771 14534 16250 1570 3235 4668 5449 5797 5983 6100 6190 6240 5118 3571 1979 272 14903 13106 11296 9567 8192 8192 8192 8192 8192 8192 8192 8192 8192 8192 8192 9065 11100 12965 14722 48 1749 3392 4767 5495 5823 6002 6110 6194 6250 5121 3567 1979 263 14887 13101 11319 9576 8192 8192 8192 8192 8192 8192 8192 8192 8192 8192 8192 9189 11205 13053 14800 123 1829 3477 4824 5518 5831 6000 6117 6197 6246 5126 3571 1988 281 14905 13106 11302 9579 8192 8192 8192 8192 8192 8192 8192 8192 8192 8192 8192 9218 11228 13079 14825 147 1852 3491 4828 5521 5830 6004 6114 6199 6252 5191 3648 2067 356 258 2330 305 1203 
0 8192 8192 8192 8192 8192 8192 8192 8192 9313 11312 13157 14910 244 1941 3583 4900 5542 5839 6017 6125 6196 6256 5156 3616 2034 319 14943 13139 11342 9613 8192 8192 8192 8192 8192 8192 8192 8192 8192 8192 8192 9394 11375 13223 14957 292 1992 3634 4922 5555 5845 6013 6126 6210 6265 5295 3785 2205 497 15128 13332 11526 9766 8215 8192 8192 8192 8192 8192 8192 8192 8192 8192 8192 9262 11274 13119 14861 181 1877 3523 4845 5526 5827 6008 6121 6199 6257 5428 3964 2402 708 15350 13579 11760 10010 8390 8192 8192 8192 8192 8192 8192 8192 8192 8192 8192 9166 11189 13030 14787 102 1805 3446 4811 5509 5813 6001 6117 6194 6251 5568 4119 2580 902 15531 13756 11941 10182 8537 8192 8192 8192 8192 8192 8192 8192 8192 8192 8192 8962 11032 12889 14646 16357 1681 3326 4731 5471 5808 5986 6104 6193 6257 5679 4260 2704 1031 15664 13884 12067 10295 8644 8192 8192 8192 8192 8192 8192 8192 8192 8192 8192 8782 10883 12760 14521 16230 1550 3199 4631 5428 5786 5978 6100 6178 6245 5828 4427 2868 1206 15856 14074 12274 10485 8815 8192 8192 8192 8192 8192 8192 8192 8192 8192 8192 8626 10755 12624 14398 16107 1426 3087 4558 5394 5766 5963 6088 6183 6242 5989 4607 3047 1411 16061 14286 12477 10683 8997 8192 8192 8192 8192 8192 8192 8192 8192 8192 8192 8387 10586 12474 14251 15962 1281 2955 4459 5351 5740 5944 6081 6173 6238 6161 4812 3239 1609 258 2660 305 1203 
0 8192 8192 8192 8192 8192 8192 8192 8192 10202 12112 13908 15623 941 2623 4193 5218 5685 5922 6056 6161 6239 6279 5218 3668 2088 373 14998 13189 11386 9631 8192 8192 8192 8192 8192 8192 8192 8192 8192 8192 8192 9939 11860 13674 15394 714 2400 3985 5119 5645 5892 6041 6151 6217 6279 5363 3875 2309 611 15253 13457 11645 9878 8304 8192 8192 8192 8192 8192 8192 8192 8192 8192 8192 9789 11737 13554 15292 623 2310 3910 5081 5626 5879 6035 6136 6213 6277 5568 4100 2537 840 15473 13687 11852 10099 8464 8192 8192 8192 8192 8192 8192 8192 8192 8192 8192 9475 11461 13294 15031 362 2062 3685 4954 5574 5856 6017 6128 6210 6266 5775 4349 2789 1116 15760 13967 12150 10367 8716 8192 8192 8192 8192 8192 8192 8192 8192 8192 8192 9153 11170 13020 14769 91 1785 3432 4792 5497 5817 5993 6111 6194 6254 6022 4632 3060 1415 16061 14296 12497 10687 9004 8192 8192 8192 8192 8192 8192 8192 8192 8192 8192 8879 10950 12822 14578 16286 1603 3252 4669 5444 5780 6007 6065 6212 6234 6241 4905 3341 1719 16373 14610 12797 10998 9294 8192 8192 8192 8192 8192 8192 8192 8192 8192 8192 8523 10688 12571 14337 16043 1356 3024 4501 5368 5752 5952 6085 6173 6246 6284 5162 3605 2006 284 14923 13125 11318 9575 8192 8192 8192 8192 8192 8192 8192 8192 8192 8192 8192 10380 12278 14065 15791 1119 2795 4332 5294 5711 5941 6073 6166 6244 6287 5430 3940 2373 258 2958 305 1203 
0 15147 471 2164 3778 4999 5589 5862 6024 6134 6202 6276 6071 4670 3080 1428 16076 14313 12490 10680 8992 8192 8192 8192 8192 8192 8192 8192 8192 8192 8192 9162 11181 13034 14784 107 1801 3454 4800 5501 5815 5998 6109 6202 6259 6282 5071 3491 1883 149 14767 12962 11147 9406 8192 8192 8192 8192 8192 8192 8192 8192 8192 8192 8557 10715 12600 14375 16092 1413 3086 4555 5388 5757 5961 6082 6174 6244 6299 5423 3927 2356 652 15283 13473 11659 9888 8294 8192 8192 8192 8192 8192 8192 8192 8192 8192 8192 10233 12145 13938 15657 968 2648 4197 5222 5686 5913 6052 6158 6232 6287 5820 4409 2826 1161 15801 14024 12212 10424 8740 8192 8192 8192 8192 8192 8192 8192 8192 8192 8192 9718 11667 13485 15223 547 2239 3843 5044 5607 5869 6032 6139 6215 6270 6254 4933 3350 1726 16379 14600 12786 10985 9249 8192 8192 8192 8192 8192 8192 8192 8192 8192 8192 9028 11071 12936 14692 10 1715 3360 4744 5472 5798 5986 6106 6192 6246 6302 5408 3905 2327 620 15240 13437 11615 9856 8258 8192 8192 8192 8192 8192 8192 8192 8192 8192 8198 10448 12358 14144 15868 1196 2870 4390 5312 5726 5935 6075 6172 6242 6290 5972 4544 2946 1285 15916 14127 12293 10505 8819 8192 8192 8192 8192 8192 8192 8192 8192 8192 8192 9673 11633 13451 15190 520 2219 3838 5038 5600 5865 6030 6138 6215 6279 6303 5189 3634 2035 310 14920 13109 11299 9542 8192 8192 8192 8192 258 3267 305 1203 
0 8192 8192 8192 8192 8192 8192 8192 10087 12014 13819 15539 856 2540 4106 5178 5658 5899 6046 6149 6221 6284 6299 5084 3506 1888 169 14786 12972 11160 9429 8192 8192 8192 8192 8192 8192 8192 8192 8192 8192 9142 11164 13012 14759 83 1776 3419 4786 5495 5808 5992 6113 6194 6261 6299 5763 4320 2737 1064 15698 13901 12068 10298 8633 8192 8192 8192 8192 8192 8192 8192 8192 8192 8192 10225 12160 13871 15709 953 2704 4204 5253 5678 5925 6048 6161 6219 6287 6305 5140 3566 1963 234 14846 13024 11198 9454 8192 8192 8192 8192 8192 8192 8192 8192 8192 8192 9119 11152 13006 14768 100 1795 3443 4794 5493 5807 5987 6115 6189 6267 6295 5951 4496 2899 1231 15872 14078 12254 10456 8768 8192 8192 8192 8192 8192 8192 8192 8192 8192 8192 10103 12013 13820 15548 872 2556 4118 5190 5662 5911 6051 6154 6229 6286 6316 5356 3844 2256 550 15174 13362 11541 9775 8192 8192 8192 8192 8192 8192 8192 8192 8192 8192 8868 10938 12811 14568 16279 1597 3255 4673 5441 5783 5973 6099 6187 6249 6293 6249 4877 3274 1642 16299 14528 12700 10884 9167 8192 8192 8192 8192 8192 8192 8192 8192 8192 8192 9740 11687 13505 15245 570 2251 3857 5043 5604 5866 6029 6138 6217 6265 6313 5803 4342 2750 1074 15707 13902 12082 10308 8625 8192 8192 8192 8192 8192 8192 8192 8192 8192 8201 10451 12336 14120 15842 1156 2834 4354 5296 5716 5931 6073 6165 6239 6287 6312 258 3557 305 1203 
0 8192 8192 8192 8192 8192 8192 8981 11054 12915 14669 16379 1699 3353 4738 5476 5797 5983 6100 6186 6258 6298 6290 4976 3370 1745 8 14610 12797 10966 9223 8192 8192 8192 8192 8192 8192 8192 8192 8192 8192 9725 11685 13509 15245 568 2260 3861 5043 5612 5867 6031 6138 6212 6272 6309 6025 4575 2958 1306 15948 14155 12337 10543 8835 8192 8192 8192 8192 8192 8192 8192 8192 8192 8192 10295 12202 13988 15716 1036 2719 4257 5249 5692 5923 6062 6163 6231 6280 6313 5701 4224 2633 959 15579 13774 11950 10151 8529 8192 8192 8192 8192 8192 8192 8192 8192 8192 8606 10743 12629 14401 16120 1433 3101 4565 5389 5761 5953 6087 6183 6241 6293 6315 5446 3921 2339 629 15248 13438 11602 9835 8245 8192 8192 8192 8192 8192 8192 8192 8192 8192 9143 11182 13039 14796 131 1825 3474 4816 5507 5813 5993 6107 6193 6260 6303 6326 5202 3639 2036 314 14924 13110 11284 9519 8192 8192 8192 8192 8192 8192 8192 8192 8192 8192 9565 11536 13366 15110 445 2145 3760 4993 5580 5858 6018 6131 6209 6265 6311 6294 5010 3405 1782 48 14654 12828 11003 9270 8192 8192 8192 8192 8192 8192 8192 8192 8192 8192 9921 11853 13668 15395 721 2407 4002 5115 5631 5880 6036 6137 6215 6271 6321 6232 4835 3215 1582 16236 14454 12631 10820 9111 8192 8192 8192 8192 8192 8192 8192 8192 8192 8192 10231 12144 13941 15662 976 2655 4205 5224 5687 5908 6054 6152 6226 6285 258 3826 305 1203 
0 8192 8192 8192 8192 8192 8273 10497 12390 14183 15895 1224 2892 4399 5316 5727 5940 6072 6163 6240 6286 6306 5961 4496 2882 1220 15895 14013 12272 10404 8749 8192 8192 8192 8192 8192 8192 8192 8192 8192 8563 10710 12595 14373 16090 1411 3076 4545 5378 5749 5955 6090 6176 6248 6287 6312 5892 4427 2808 1147 15780 13994 12162 10359 8685 8192 8192 8192 8192 8192 8192 8192 8192 8192 8761 10864 12729 14497 16202 1531 3182 4620 5421 5769 5966 6090 6182 6255 6291 6321 5834 4364 2765 1099 15733 13943 12095 10309 8635 8192 8192 8192 8192 8192 8192 8192 8192 8192 8892 10968 12837 14601 16311 1629 3289 4694 5453 5787 5971 6101 6192 6252 6288 6323 5843 4363 2757 1098 15729 13930 12091 10293 8611 8192 8192 8192 8192 8192 8192 8192 8192 8192 8939 10995 12867 14630 16350 1661 3316 4713 5456 5792 5979 6102 6184 6251 6301 6326 5887 4414 2805 1149 15780 13983 12160 10359 8680 8192 8192 8192 8192 8192 8192 8192 8192 8192 8961 11017 12885 14646 16363 1677 3335 4722 5466 5795 5982 6104 6191 6257 6300 6323 5966 4496 2871 1216 15850 14061 12226 10419 8734 8192 8192 8192 8192 8192 8192 8192 8192 8192 8905 10963 12835 14603 16319 1640 3296 4697 5450 5790 5971 6101 6179 6254 6294 6319 6115 4648 3017 1375 16011 14211 12384 10567 8868 8192 8192 8192 8192 8192 8192 8192 8192 8192 8731 10836 12710 14483 16197 1519 3174 4609 5410 5771 5965 6090 6182 6254 258 4097 305 1203 
0 2476 2426 2379 2400 2630 2405 2196 2019 1885 2098 1938 1869 1973 2053 2393 2389 2233 2274 2160 2433 2572 2379 2428 2145 2098 2173 2000 2166 2141 2072 2265 2082 2085 2201 2124 2338 1911 724 16237 15973 1120 2802 4396 5504 6023 6084 6181 6143 6137 6136 6091 6029 5982 5925 5741 4355 2881 1181 15817 14073 12365 10677 9130 8424 9408 9540 11555 13428 15185 550 2253 3844 5054 5689 5968 6030 6059 6106 6153 6196 6230 6274 6294 6308 6280 6241 6200 5486 3989 2440 849 15524 13735 11908 10119 8491 8192 8192 8192 8192 8616 10756 12632 14480 16196 1534 3199 4605 5385 5734 5908 5996 6011 6020 6073 6132 6182 6232 6261 6293 6313 6317 6314 6306 6281 5913 4382 2807 1264 15962 14192 12349 10527 8815 8192 8192 8192 8192 8192 8192 9143 11171 13032 14796 129 1826 3467 4767 5440 5748 5928 6038 6085 6090 6100 6129 6177 6231 6256 6276 6281 6005 4472 2869 1287 15976 14200 12375 10554 8873 8192 8192 8192 8192 8192 8192 8192 8258 10487 12380 14167 15888 1219 2883 4375 5280 5688 5902 6041 6126 6179 6227 6211 6218 6227 6266 5325 3765 2184 504 15137 13323 11498 9726 8192 8192 8192 8192 8192 8192 8192 8192 8192 9374 11370 13215 14964 292 1985 3616 4894 5527 5817 5998 6110 6198 6255 6293 6326 6314 5414 3861 2275 582 15210 13404 11575 9809 8218 8192 8192 8192 8192 8192 8192 8192 8192 8192 10237 12150 13946 15676 996 2682 4225 5232 5676 262 14590 305 1203 
0 2301 2563 2874 3116 3173 2843 2492 2255 2130 2218 2243 2412 2794 2992 3059 2815 2413 2382 2432 2482 2622 2534 2714 2950 2867 2812 2486 2429 2624 2610 2564 2501 2449 2671 2732 2605 2444 1797 802 42 484 2018 3671 5022 5858 6007 6156 6256 6294 6289 6282 6227 6180 6117 6049 5465 4025 2509 795 15436 13701 12007 10352 8836 9428 11632 13446 15183 506 2211 3837 5048 5682 5980 6084 6100 6149 6204 6257 6311 6358 6393 6416 6413 6391 6345 6012 4392 2952 1346 16085 14297 12498 10693 9011 8192 8192 9386 10551 11556 12721 14790 158 1863 3504 4818 5532 5872 5959 5997 6044 6101 6137 6199 6261 6307 6362 6388 6413 6438 6438 6432 5579 4067 2531 953 15623 13833 12007 10229 8580 8192 8192 8192 8192 8192 8452 10668 12549 14330 16054 1367 3040 4481 5316 5701 5894 6001 6059 6060 6073 6124 6188 6231 6277 6297 6320 6339 6354 5301 3761 2206 570 15215 13415 11593 9818 8217 8192 8192 8192 8192 8192 8192 9018 11070 12928 14688 31 1728 3383 4730 5442 5768 5950 6052 6117 6155 6153 6163 6207 6252 6292 6312 5017 3406 1824 123 14755 12930 11121 9380 8192 8192 8192 8192 8192 8192 8192 8192 9003 11058 12926 14685 17 1720 3353 4723 5456 5779 5971 6086 6171 6229 6268 6267 6266 6288 5171 3576 1974 275 14898 13075 11247 9496 8192 8192 8192 8192 8192 8192 8192 8192 8192 9440 11424 13264 15013 340 2038 3660 4924 5544 5831 6006 6124 268 1115 305 1203 
0 1703 1599 1695 1788 1725 1733 1794 1710 1849 1852 1715 1845 1711 1758 1874 1734 1891 1902 1763 1841 1772 1755 1794 1761 1867 2032 2037 1927 1805 1693 1677 1527 1119 125 15562 15455 348 2198 3824 5124 5998 6264 6283 6293 6291 6296 6313 6270 6232 6209 6164 6050 4710 3246 1618 16257 14498 12711 10981 9329 8192 8192 8192 8414 10158 12041 13783 15600 886 2576 4155 5198 5694 5904 5941 5975 6016 6073 6123 6172 6228 6277 6310 6345 6364 6369 6370 6368 6349 5675 4159 2604 1051 15742 13952 12111 10305 8630 8192 8192 8192 8192 8192 8192 8192 9738 11698 13528 15261 588 2278 3857 5009 5553 5815 5975 6074 6133 6179 6176 6168 6201 6239 6273 6120 4591 2985 1392 16058 14276 12450 10634 8935 8192 8192 8192 8192 8192 8192 8192 8192 8192 9385 11381 13222 14971 306 1996 3626 4903 5533 5825 6003 6113 6205 6281 6325 6357 6383 5591 4041 2460 767 15402 13595 11766 9986 8361 8192 8192 8192 8192 8192 8192 8192 8192 8192 8192 9716 11670 13491 15220 542 2225 3833 5040 5600 5876 6033 6154 6245 6316 6306 4967 3386 1756 36 14653 12851 11042 9339 8192 8192 8192 8192 8192 8192 8192 8192 8192 8192 8192 9172 11191 13039 14785 104 1803 3442 4807 5514 5831 6017 6136 6235 6072 4729 3194 1572 16235 14476 12699 10916 9233 8192 8192 8192 8192 8192 8192 8192 8192 8192 8192 8192 8707 10827 12697 14464 16181 1500 3160 4612 5433 5803 5997 6131 273 3395 305 1203 
0 8192 8192 9850 11820 13658 15390 723 2416 4000 5112 5633 5889 6049 6153 6219 6267 6302 6301 6292 6326 5219 3631 2047 346 14971 13160 11320 9559 8192 8192 8192 8192 8192 8192 8192 8192 8192 9580 11535 13421 15141 472 2161 3783 4990 5587 5857 6032 6142 6210 6258 6295 6296 6293 6298 5630 4077 2484 812 15446 13634 11796 9993 8376 8192 8192 8192 8192 8192 8192 8192 8192 9021 11023 12998 14724 52 1754 3410 4765 5480 5809 5990 6113 6191 6249 6294 6297 6286 6291 6206 4690 3061 1436 16091 14306 12468 10643 8918 8192 8192 8192 8192 8192 8192 8192 8192 8192 10407 12337 14138 15859 1184 2865 4375 5308 5717 5940 6079 6171 6230 6276 6300 6280 6293 6318 5354 3777 2193 490 15108 13298 11448 9668 8192 8192 8192 8192 8192 8192 8192 8192 8192 9594 11523 13459 15162 489 2180 3797 5013 5581 5854 6029 6133 6213 6254 6290 6287 6273 6311 6222 4731 3098 1475 16136 14353 12521 10699 8988 8192 8192 8192 8192 8192 8192 8192 8192 8334 10515 12415 14247 15943 1257 2930 4432 5325 5730 5942 6081 6176 6228 6272 6282 6265 6287 6323 5849 4309 2709 1056 15701 13902 12056 10261 8584 8192 8192 8192 8192 8192 8192 8192 8192 9058 11062 12955 14754 70 1760 3416 4775 5476 5807 5982 6110 6193 6240 6271 6274 6270 6290 6329 5731 4176 2586 928 15574 13775 11931 10142 8485 8192 8192 8192 8192 8192 8192 8192 8192 9374 11337 13225 15009 319 2012 3638 277 11788 305 1203 
0 2383 2495 2470 2391 2429 2395 2514 2567 2424 2563 2572 2650 2686 2312 2351 2379 2409 2600 2374 2375 2538 2470 2605 2514 2359 2553 2433 2464 2486 2297 2529 2531 2493 2582 2396 2419 2240 1393 472 16212 687 2404 4007 5271 5933 6023 6131 6141 6137 6123 6092 6044 5988 5945 5870 4971 3568 1936 195 14828 13099 11418 9800 8341 9409 9745 11530 13402 15125 510 2230 3815 5033 5680 5972 6036 6066 6114 6161 6202 6241 6284 6307 6305 6293 6259 6222 6128 4808 3304 1776 121 14761 12937 11114 9375 8192 8192 8192 8192 9513 11316 12543 13814 15753 1109 2781 4294 5258 5691 5888 5956 5966 6009 6063 6122 6179 6229 6270 6305 6316 6321 6354 6352 6341 6322 6289 6216 5009 3518 1990 399 15042 13232 11378 9596 8192 8192 8192 8192 8192 8192 8792 10895 12787 14565 16279 1595 3243 4621 5376 5720 5904 6004 6072 6067 6075 6112 6164 6215 6244 6268 6276 6278 6265 5409 3891 2332 724 15375 13573 11757 9960 8325 8192 8192 8192 8192 8192 8192 8192 10116 12024 13844 15579 900 2572 4128 5158 5635 5867 6019 6104 6160 6178 6169 6178 6221 6256 6285 5462 3926 2355 690 15319 13518 11673 9920 8275 8192 8192 8192 8192 8192 8192 8192 8192 9770 11721 13549 15283 609 2293 3893 5049 5586 5854 6014 6127 6197 6245 6286 6300 6284 6127 4625 3014 1388 16040 14258 12425 10612 8896 8192 8192 8192 8192 8192 8192 8192 8192 8192 9671 11629 13468 15199 521 282 10390 305 1203 
0 15121 456 2154 3773 5010 5589 5860 6035 6152 6235 6309 6350 5769 4283 2696 1019 15649 13854 12038 10262 8586 8192 8192 8192 8192 8192 8192 8192 8192 8192 8995 11049 12909 14672 16379 1698 3344 4735 5471 5808 5995 6117 6213 6279 6339 6138 4696 3101 1454 16103 14326 12505 10716 9014 8192 8192 8192 8192 8192 8192 8192 8192 8192 8396 10596 12490 14270 15987 1310 2973 4473 5350 5738 5949 6092 6190 6263 6332 6354 5122 3519 1903 179 14789 12974 11168 9431 8192 8192 8192 8192 8192 8192 8192 8192 8192 8192 10092 12014 13813 15544 864 2549 4119 5192 5671 5903 6071 6169 6258 6320 6354 5503 3965 2388 685 15316 13514 11699 9920 8310 8192 8192 8192 8192 8192 8192 8192 8192 8192 9487 11462 13301 15042 360 2055 3677 4948 5560 5846 6031 6138 6230 6293 6346 5926 4460 2881 1212 15845 14060 12243 10466 8777 8192 8192 8192 8192 8192 8192 8192 8192 8192 8817 10913 12787 14556 16270 1592 3250 4673 5441 5785 5981 6110 6210 6276 6331 6312 4933 3327 1691 16335 14548 12740 10920 9203 8192 8192 8192 8192 8192 8192 8192 8192 8192 8192 10307 12221 14011 15737 1053 2731 4279 5265 5707 5934 6074 6178 6258 6326 6366 5465 3920 2325 615 15240 13436 11603 9846 8245 8192 8192 8192 8192 8192 8192 8192 8192 8192 9516 11479 13313 15056 386 2084 3704 4962 5571 5853 6030 6140 6229 6286 6348 5890 4413 2831 1159 15803 14025 12198 10398 8734 8192 8192 8192 287 15409 305 1203 
0 1512 1576 1451 1372 1666 1587 1548 1607 1456 1639 1662 1521 1731 1619 1593 1605 1443 1560 1609 1503 1527 1477 1510 1639 1517 1459 1600 1633 1602 1557 1491 1640 1665 1652 1502 1210 355 15445 14977 15966 1443 3133 4603 5687 6236 6341 6352 6363 6355 6377 6355 6321 6288 6248 6183 5126 3701 2129 421 15055 13280 11524 9855 8345 8192 8192 8192 9570 11379 12942 14874 190 1876 3559 4846 5535 5846 5928 5957 6009 6048 6099 6154 6212 6267 6309 6339 6356 6386 6399 6399 6390 5730 4217 2653 1100 15780 13996 12163 10347 8671 8192 8192 8192 8192 8192 8192 8192 10007 11933 13752 15481 805 2494 4044 5105 5591 5838 5984 6078 6131 6160 6156 6161 6208 6252 6286 5538 3989 2422 766 15426 13629 11789 10006 8395 8192 8192 8192 8192 8192 8192 8192 8192 8241 10481 12377 14160 15875 1194 2857 4373 5295 5704 5914 6065 6157 6235 6293 6334 6354 5973 4459 2872 1226 15867 14087 12268 10455 8771 8192 8192 8192 8192 8192 8192 8192 8192 8192 8192 9577 11529 13364 15105 434 2125 3743 4982 5578 5860 6025 6146 6230 6296 5968 4539 2978 1322 15976 14194 12394 10607 8932 8192 8192 8192 8192 8192 8192 8192 8192 8192 8192 8192 9972 11905 13710 15446 772 2479 4064 5161 5657 5913 6073 6182 6269 5214 3670 2090 392 15043 13247 11468 9745 8192 8192 8192 8192 8192 8192 8192 8192 8192 8192 8192 8192 10376 12277 14066 15791 1102 2789 4326 5295 5735 5954 293 845 305 1203 
0 2425 2470 2597 2617 2462 2368 2442 2574 2663 2577 2391 2443 2526 2560 2567 2339 2413 2568 2567 2572 2320 2299 2506 2530 2571 2492 2405 2626 2579 2478 2425 2365 2599 2602 2465 2389 2213 1826 759 15952 130 1690 3401 4803 5793 6172 6247 6321 6311 6301 6269 6239 6191 6131 6064 5476 4045 2510 797 15437 13706 11989 10340 8809 9195 9607 11043 13101 14833 196 1925 3567 4882 5607 5949 6045 6072 6129 6174 6216 6279 6336 6368 6404 6416 6405 6384 6329 5098 3592 2064 427 15071 13272 11454 9703 8192 8192 8192 8192 9220 11117 12754 14312 16146 1483 3148 4562 5383 5734 5908 5960 5976 6017 6079 6149 6200 6240 6293 6321 6339 6367 6384 6405 6410 6408 6166 4642 3065 1534 16261 14496 12667 10840 9107 8192 8192 8192 8192 8192 8192 9301 11301 13160 14906 248 1938 3563 4824 5481 5781 5902 6061 6056 6100 6078 6150 6182 6250 6261 6306 6302 6237 4750 3154 1579 16277 14513 12696 10874 9157 8192 8192 8192 8192 8192 8192 8192 8387 10586 12475 14264 15980 1318 2971 4440 5314 5705 5911 6043 6129 6187 6212 6204 6207 6252 6280 5507 3949 2377 713 15346 13540 11714 9942 8323 8192 8192 8192 8192 8192 8192 8192 8192 9400 11382 13232 14979 312 2000 3627 4911 5533 5824 5993 6111 6204 6261 6296 6313 6311 5453 3898 2319 627 15251 13459 11621 9846 8266 8192 8192 8192 8192 8192 8192 8192 8192 8192 10283 12199 13998 15721 1033 2711 4256 5251 297 12601 305 1203 
0 2308 2358 2362 2290 2483 2386 2373 2433 2320 2565 2465 2246 2365 2176 2425 2556 2291 2454 2311 2292 2481 2245 2364 2500 2345 2481 2300 2293 2402 2301 2485 2470 2342 2400 2319 2375 2201 1165 16357 15894 646 2426 4020 5295 6017 6186 6295 6323 6319 6306 6274 6235 6181 6113 6013 4777 3366 1724 16377 14642 12912 11212 9621 8279 9423 9798 11990 13813 15554 918 2623 4166 5242 5776 6008 6053 6096 6148 6195 6278 6266 6367 6373 6426 6408 6397 6370 5761 4271 2698 1136 15811 14040 12226 10421 8747 8192 8192 8192 8192 8363 10556 12445 14297 16017 1352 3013 4464 5323 5704 5893 6003 6005 6023 6066 6123 6191 6246 6277 6313 6329 6351 6356 6383 6374 5257 3736 2195 572 15226 13430 11600 9817 8219 8192 8192 8192 8192 8192 8192 10095 12020 13832 15562 888 2565 4123 5150 5624 5860 5992 6073 6114 6106 6118 6161 6226 6262 6297 6327 5606 4065 2486 850 15508 13714 11891 10108 8455 8192 8192 8192 8192 8192 8192 8192 8443 10636 12513 14295 16006 1331 2990 4469 5329 5719 5927 6063 6146 6212 6242 6248 6241 6259 5999 4475 2877 1251 15899 14117 12290 10474 8792 8192 8192 8192 8192 8192 8192 8192 8192 8192 10212 12119 13918 15639 962 2640 4196 5213 5671 5910 6050 6161 6239 6280 6326 6343 5552 3996 2411 727 15365 13562 11732 9966 8360 8192 8192 8192 8192 8192 8192 8192 8192 8192 9769 11708 13522 15249 562 2238 3837 5036 5602 5861 6039 302 10230 305 1203 
0 4320 5266 5700 5927 6065 6166 6245 6307 6348 6378 6118 4606 3008 1358 16004 14220 12400 10583 8908 8192 8192 8192 8192 8192 8192 8192 8192 8192 8192 8818 10912 12790 14545 16257 1574 3236 4652 5444 5795 5986 6115 6211 6296 6336 5062 3483 1879 155 14780 12992 11205 9483 8192 8192 8192 8192 8192 8192 8192 8192 8192 8192 8192 8764 10879 12753 14511 16227 1539 3202 4651 5445 5813 5996 6133 6234 5903 4549 3027 1388 16051 14295 12516 10740 9070 8192 8192 8192 8192 8192 8192 8192 8192 8192 8192 8192 8751 10860 12743 14511 16231 1555 3223 4662 5456 5816 6001 6140 6241 5374 3859 2312 627 15288 13508 11726 10000 8404 8192 8192 8192 8192 8192 8192 8192 8192 8192 8192 8192 9729 11680 13500 15225 548 2239 3854 5057 5640 5912 6063 6183 6005 4689 3178 1564 16233 14502 12728 10975 9274 8192 8192 8192 8192 8192 8192 8192 8192 8192 8192 8192 8791 10887 12754 14521 16233 1545 3209 4657 5457 5811 6002 6139 6240 5474 3987 2442 768 15426 13665 11881 10150 8529 8192 8192 8192 8192 8192 8192 8192 8192 8192 8192 8192 10183 12091 13893 15617 946 2633 4208 5245 5713 5950 6093 6203 6185 4907 3381 1775 66 14710 12925 11161 9447 8192 8192 8192 8192 8192 8192 8192 8192 8192 8192 8192 9203 11212 13066 14819 161 1853 3506 4845 5535 5851 6027 6157 6252 5792 4385 2865 1212 15862 14086 12307 10554 8892 8192 8192 8192 8192 8192 8192 8192 8192 8192 2 4448 305 1432 
0 1666 1298 1730 1557 1679 2031 1763 2137 2096 1769 1979 1618 1639 1703 1324 1514 1388 1245 1552 1569 1815 1925 1658 1722 1701 1852 2015 1913 1767 1695 1743 1704 1609 1587 1509 1535 814 15816 15062 15874 1348 3056 4535 5640 6182 6238 6247 6243 6250 6262 6241 6205 6171 6142 6077 5385 3963 2395 688 15311 13541 11777 10089 8538 8192 8192 8192 9594 11480 13200 15082 430 2118 3734 4970 5586 5872 5938 5959 6008 6059 6097 6150 6215 6264 6299 6314 6324 6332 6310 6219 4870 3322 1788 138 14778 12941 11121 9349 8192 8192 8192 8192 8192 8192 8192 9405 11401 13237 14996 338 2032 3650 4894 5505 5792 5955 6056 6122 6148 6140 6147 6190 6235 6270 6288 5628 4086 2515 884 15528 13734 11904 10098 8424 8192 8192 8192 8192 8192 8192 8192 8192 8442 10636 12533 14315 16032 1350 3009 4485 5346 5731 5931 6071 6167 6234 6284 6318 6348 6319 5289 3700 2113 414 15034 13218 11391 9636 8192 8192 8192 8192 8192 8192 8192 8192 8192 8192 9007 11063 12926 14672 16378 1691 3346 4729 5458 5791 5985 6109 6197 6270 6348 6365 5106 3502 1892 168 14772 12970 11150 9423 8192 8192 8192 8192 8192 8192 8192 8192 8192 8192 8192 10133 12047 13846 15565 883 2572 4133 5196 5672 5919 6068 6175 6254 6317 5187 3610 2015 306 14938 13152 11346 9619 8192 8192 8192 8192 8192 8192 8192 8192 8192 8192 8192 9282 11279 13127 14876 199 1896 3546 4864 5533 5844 7 14507 305 1432 
0 1499 1546 1706 1712 1818 1635 1434 1410 1356 1484 1545 1470 1542 1455 1417 1505 1499 1651 1675 1618 1724 1593 1488 1464 1389 1523 1518 1426 1440 1441 1518 1599 1621 1643 1610 1408 700 15772 14832 15452 864 2604 4176 5374 6105 6261 6275 6276 6269 6284 6275 6236 6213 6167 6118 5714 4269 2730 1048 15681 13911 12138 10430 8825 8192 8192 8192 8989 10824 12458 14125 15908 1024 2761 4299 5256 5719 5914 5937 5963 6029 6071 6108 6182 6233 6273 6306 6332 6348 6363 6354 6344 6317 5513 4003 2445 877 15558 13758 11918 10108 8460 8192 8192 8192 8192 8192 8192 8192 10054 11992 13804 15537 864 2544 4095 5120 5601 5845 5987 6078 6142 6170 6163 6164 6204 6240 6262 5656 4119 2542 907 15563 13773 11941 10160 8493 8192 8192 8192 8192 8192 8192 8192 8192 8192 10224 12142 13938 15664 989 2670 4221 5225 5670 5896 6043 6152 6240 6283 6328 6353 6279 4870 3246 1624 16281 14500 12686 10850 9144 8192 8192 8192 8192 8192 8192 8192 8192 8192 8192 8962 11020 12882 14637 16350 1667 3315 4706 5457 5793 5988 6108 6208 6281 6349 5285 3705 2118 406 15033 13238 11435 9685 8192 8192 8192 8192 8192 8192 8192 8192 8192 8192 8192 9000 11061 12921 14667 16368 1686 3347 4741 5478 5815 6004 6124 6222 6076 4752 3178 1588 16264 14500 12735 10921 9260 8192 8192 8192 8192 8192 8192 8192 8192 8192 8192 8192 9025 11075 12938 14693 24 1722 3379 4759 5495 12 12850 305 1432 
0 2340 2472 2522 2353 2448 2319 2334 2464 2336 2505 2488 2411 2508 2225 2303 2421 2375 2569 2389 2315 2495 2352 2458 2390 2197 2463 2451 2422 2492 2241 2387 2465 2298 2435 2359 2271 2268 1370 244 15968 330 2083 3746 5076 5934 6144 6250 6297 6283 6277 6242 6198 6144 6079 6019 5126 3725 2122 392 15030 13302 11604 9967 8472 9133 9517 11122 13123 14892 264 1983 3605 4899 5622 5946 6046 6066 6123 6177 6216 6273 6316 6355 6374 6388 6365 6321 5462 3965 2430 825 15501 13719 11901 10125 8476 8192 8192 8192 8192 8694 10820 12709 14535 16245 1571 3224 4639 5397 5746 5913 6003 6015 6031 6082 6143 6198 6248 6280 6307 6335 6355 6370 6372 6359 5194 3661 2123 496 15132 13331 11512 9722 8192 8192 8192 8192 8192 8192 8192 10197 12117 13925 15666 993 2672 4199 5184 5634 5869 5997 6068 6116 6102 6124 6176 6213 6271 6298 6322 5863 4432 2747 1228 15823 14097 12222 10448 8744 8192 8192 8192 8192 8192 8192 8192 8192 10321 12237 14043 15772 1087 2767 4295 5255 5680 5898 6046 6136 6192 6241 6247 6242 6254 6246 4846 3223 1615 16279 14497 12669 10854 9142 8192 8192 8192 8192 8192 8192 8192 8192 8192 9823 11769 13590 15328 653 2346 3933 5078 5613 5873 6031 6141 6229 6275 6320 6354 5950 4448 2854 1202 15843 14061 12225 10432 8756 8192 8192 8192 8192 8192 8192 8192 8192 8192 9187 11205 13063 14812 151 1847 3497 4824 5508 5827 6002 17 5576 305 1432 
0 2489 2645 2634 2303 1207 16198 29 1375 3080 4560 5652 6123 6229 6342 6399 6383 6365 6332 6278 6224 6156 5916 4512 3071 1414 16063 14344 12635 10961 9380 9067 10404 12524 14291 16011 1343 3035 4488 5420 5862 6049 6096 6133 6190 6241 6294 6346 6400 6432 6454 6449 6429 6179 4688 3126 1598 16300 14548 12743 10948 9249 8192 8192 8249 9688 10925 11863 12919 15016 372 2079 3704 4939 5577 5866 5940 5978 6031 6075 6128 6191 6240 6293 6342 6384 6403 6435 6448 6465 6473 5939 4402 2838 1284 15972 14189 12352 10544 8856 8192 8192 8192 8192 8192 8192 9536 11512 13358 15109 440 2129 3738 4941 5528 5801 5956 6049 6103 6093 6109 6143 6209 6246 6291 6318 6348 5665 4132 2554 936 15598 13797 11969 10167 8502 8192 8192 8192 8192 8192 8192 8192 9344 11343 13193 14940 272 1973 3599 4874 5512 5798 5983 6090 6162 6208 6216 6212 6236 6271 6193 4696 3082 1479 16135 14358 12539 10730 9028 8192 8192 8192 8192 8192 8192 8192 8192 8246 10491 12385 14172 15888 1206 2868 4377 5298 5706 5933 6076 6172 6231 6289 6325 6320 5825 4298 2713 1054 15700 13909 12088 10304 8642 8192 8192 8192 8192 8192 8192 8192 8192 8192 9620 11588 13406 15143 468 2152 3764 4995 5578 5857 6030 6151 6235 6291 6336 6167 4719 3126 1489 16157 14372 12573 10764 9084 8192 8192 8192 8192 8192 8192 8192 8192 8192 8300 10522 12411 14192 15909 1236 2909 4417 5332 5738 5951 6092 22 2876 305 1432 
0 8192 8192 8192 8192 8192 8192 8192 8192 8517 10681 12562 14324 16041 1364 3032 4516 5385 5770 5980 6118 6211 6296 5756 4314 2766 1095 15746 13964 12166 10383 8745 8192 8192 8192 8192 8192 8192 8192 8192 8192 8192 8679 10806 12688 14457 16177 1501 3176 4616 5434 5792 5996 6119 6217 6306 5773 4328 2770 1092 15717 13939 12132 10348 8691 8192 8192 8192 8192 8192 8192 8192 8192 8192 8192 8735 10859 12721 14487 16207 1529 3185 4629 5436 5794 5993 6122 6221 6299 5792 4349 2804 1132 15770 13988 12181 10417 8781 8192 8192 8192 8192 8192 8192 8192 8192 8192 8192 8872 10955 12821 14570 16276 1587 3238 4668 5454 5803 5997 6123 6229 6297 5835 4406 2853 1195 15843 14077 12282 10515 8843 8192 8192 8192 8192 8192 8192 8192 8192 8192 8192 8989 11035 12893 14647 16359 1679 3328 4737 5482 5815 6003 6136 6232 6298 5880 4447 2898 1231 15869 14084 12287 10511 8827 8192 8192 8192 8192 8192 8192 8192 8192 8192 8192 8935 11010 12877 14639 16351 1671 3336 4738 5483 5812 5996 6136 6226 6310 5902 4476 2920 1257 15891 14107 12300 10499 8838 8192 8192 8192 8192 8192 8192 8192 8192 8192 8192 8957 11025 12896 14658 16367 1681 3340 4734 5483 5818 6004 6134 6227 6308 5934 4508 2955 1291 15929 14168 12370 10572 8902 8192 8192 8192 8192 8192 8192 8192 8192 8192 8192 9004 11065 12912 14668 16376 1697 3342 4738 5484 5810 6007 6126 6230 6306 5991 4580 3029 1380 26 16338 305 1432 
0 8192 8192 8192 8192 8192 8192 8192 8430 10620 12500 14270 15988 1305 2978 4471 5353 5759 5964 6104 6199 6276 6345 5691 4205 2630 939 15572 13795 11976 10196 8557 8192 8192 8192 8192 8192 8192 8192 8192 8192 8650 10792 12675 14447 16160 1481 3144 4597 5420 5785 5982 6112 6209 6287 6340 5582 4065 2492 779 15414 13625 11819 10056 8434 8192 8192 8192 8192 8192 8192 8192 8192 8192 8731 10860 12734 14498 16215 1535 3198 4641 5434 5788 5984 6115 6212 6297 6341 5628 4115 2538 831 15474 13668 11863 10088 8468 8192 8192 8192 8192 8192 8192 8192 8192 8192 8793 10895 12767 14531 16240 1553 3205 4645 5429 5787 5990 6120 6216 6286 6344 5489 3959 2379 671 15308 13515 11706 9949 8357 8192 8192 8192 8192 8192 8192 8192 8192 8192 9128 11159 13006 14756 84 1784 3430 4799 5501 5825 6006 6132 6226 6289 6361 5464 3922 2338 629 15258 13467 11650 9886 8303 8192 8192 8192 8192 8192 8192 8192 8192 8192 9168 11197 13061 14814 141 1843 3489 4830 5515 5832 6016 6145 6229 6293 6360 5265 3683 2089 368 14992 13196 11384 9641 8192 8192 8192 8192 8192 8192 8192 8192 8192 8192 9456 11436 13274 15017 347 2036 3664 4930 5568 5852 6030 6151 6235 6308 6345 5119 3532 1913 179 14802 13013 11203 9498 8192 8192 8192 8192 8192 8192 8192 8192 8192 8192 9719 11678 13501 15240 557 2257 3857 5055 5617 5880 6046 6157 6247 6318 6315 4978 3389 1768 43 32 8335 305 1432 
0 2525 2581 2586 2720 2677 2508 2493 2461 2565 2645 2547 2516 2555 2609 2669 2599 2552 2537 2621 2697 2650 2587 2574 2558 2524 2564 2618 2609 2468 2458 2538 2660 2653 2602 2515 2482 2116 1144 16367 16290 1312 3057 4532 5623 6068 6150 6233 6232 6223 6206 6163 6118 6070 6010 5858 4497 3039 1392 15913 14339 12474 10922 9258 8917 9646 10492 12679 14452 16173 1544 3203 4623 5483 5886 6034 6063 6111 6163 6201 6255 6303 6352 6370 6369 6357 6339 6292 5765 4261 2701 1145 15831 14058 12226 10432 8757 8192 8192 8192 9240 10727 11858 12263 14216 16020 1367 3030 4468 5354 5749 5918 5948 5980 6045 6078 6143 6198 6250 6305 6332 6361 6380 6400 6405 6395 6385 6373 6253 4838 3299 1790 168 14812 12975 11132 9381 8192 8192 8192 8192 8192 8192 9658 11599 13444 15203 543 2236 3827 4982 5540 5804 5951 6032 6064 6056 6091 6133 6192 6237 6269 6291 6300 6315 6305 5303 3764 2208 587 15232 13412 11576 9802 8205 8192 8192 8192 8192 8192 8192 8417 10606 12499 14284 16003 1322 2985 4447 5308 5693 5909 6035 6111 6161 6165 6162 6188 6234 6278 6303 5383 3833 2270 596 15245 13439 11605 9836 8238 8192 8192 8192 8192 8192 8192 8192 8192 10208 12118 13929 15660 990 2662 4212 5211 5659 5899 6041 6145 6210 6259 6288 6278 6277 6009 4487 2883 1250 15898 14111 12264 10457 8775 8192 8192 8192 8192 8192 8192 8192 8192 8192 10039 11964 13779 15515 849 37 7205 305 1432 
0 2480 2432 2389 2282 2241 2447 2575 2742 2732 2730 2844 2818 2767 2639 2486 2516 2468 2409 2405 2397 2461 2442 2423 2501 2578 2618 2611 2604 2600 2643 2656 2639 2646 2604 2558 2446 2104 1254 43 16110 847 2575 4149 5365 5994 6083 6198 6221 6218 6202 6158 6122 6059 6007 5911 4764 3358 1715 16349 14613 12882 11191 9605 8379 9426 10231 12505 14280 16007 1357 3032 4491 5419 5857 6043 6064 6102 6147 6205 6254 6294 6335 6360 6359 6339 6305 6253 5552 4059 2507 930 15606 13834 12024 10222 8588 8192 8192 8286 9689 11068 11931 12706 14878 236 1953 3573 4854 5534 5839 5934 5956 6012 6049 6103 6159 6223 6272 6315 6356 6363 6383 6400 6398 6388 6352 6203 4734 3180 1666 22 14655 12829 10989 9217 8192 8192 8192 8192 8192 8192 9560 11516 13359 15120 461 2159 3762 4944 5520 5791 5949 6037 6079 6067 6080 6143 6189 6232 6276 6287 6305 6307 6241 4789 3196 1645 16348 14587 12755 10926 9186 8192 8192 8192 8192 8192 8192 8192 9191 11216 13064 14827 158 1861 3490 4808 5468 5785 5962 6059 6122 6172 6171 6166 6206 6246 6288 6164 4647 3038 1435 16102 14329 12487 10690 8970 8192 8192 8192 8192 8192 8192 8192 8192 9052 11099 12956 14714 53 1744 3389 4744 5462 5783 5970 6088 6179 6234 6284 6290 6271 6285 5097 3493 1893 199 14818 12996 11180 9431 8192 8192 8192 8192 8192 8192 8192 8192 8192 9216 11221 13073 14828 164 1866 3503 42 5407 305 1432 
0 2707 2661 2608 2686 2827 2721 2615 2611 2604 2786 2886 2793 2682 2645 2577 2482 2340 2110 2195 2224 2393 2500 2539 2617 2731 2829 2861 2728 2606 2576 2652 2691 2514 2327 2173 2206 1984 1012 16222 16116 980 2742 4284 5455 6046 6126 6236 6255 6238 6231 6185 6140 6086 6026 5930 4739 3326 1678 16327 14587 12847 11180 9579 8376 9417 9932 12161 13973 15729 1075 2744 4273 5303 5812 6026 6065 6097 6148 6196 6240 6286 6342 6372 6370 6361 6335 6285 5220 3733 2203 589 15248 13443 11615 9861 8277 8192 8192 8192 8192 8192 10400 12325 14144 15880 1204 2880 4377 5283 5693 5884 5997 6037 6029 6063 6128 6192 6243 6273 6300 6317 6341 6358 6352 6352 5499 3976 2415 819 15488 13684 11823 10046 8403 8192 8192 8192 8192 8192 8192 9531 11512 13360 15098 428 2112 3730 4939 5530 5800 5965 6062 6117 6117 6118 6156 6204 6251 6288 6307 6309 5007 3423 1855 175 14797 12986 11169 9430 8192 8192 8192 8192 8192 8192 8192 8192 9232 11248 13101 14856 186 1881 3513 4827 5490 5798 5978 6098 6180 6228 6256 6256 6250 6273 5684 4135 2557 891 15531 13742 11905 10113 8462 8192 8192 8192 8192 8192 8192 8192 8192 8192 10441 12336 14131 15865 1191 2870 4379 5300 5717 5931 6074 6177 6246 6305 6340 6362 5522 3957 2361 665 15294 13481 11638 9883 8275 8192 8192 8192 8192 8192 8192 8192 8192 8192 9537 11511 13343 15089 417 2102 3720 4973 5573 5855 47 4962 305 1432 
0 14808 142 1840 3486 4822 5507 5826 6003 6128 6242 6276 6338 5922 4397 2855 1147 15817 14001 12204 10419 8759 8192 8192 8192 8192 8192 8192 8192 8192 8192 8920 11006 12875 14633 16350 1664 3321 4712 5464 5801 5989 6124 6212 6282 6337 6133 4680 3084 1433 16079 14309 12490 10691 8989 8192 8192 8192 8192 8192 8192 8192 8192 8192 8546 10711 12585 14357 16080 1399 3068 4540 5386 5770 5972 6105 6199 6273 6336 6332 5005 3405 1779 50 14664 12841 11051 9326 8192 8192 8192 8192 8192 8192 8192 8192 8192 8192 10373 12266 14053 15768 1093 2764 4297 5280 5705 5931 6080 6180 6260 6321 6366 5347 3758 2164 451 15068 13280 11455 9702 8192 8192 8192 8192 8192 8192 8192 8192 8192 8192 9999 11924 13735 15457 782 2465 4046 5145 5647 5900 6059 6168 6246 6313 6355 5641 4119 2528 834 15466 13671 11847 10086 8445 8192 8192 8192 8192 8192 8192 8192 8192 8192 9533 11496 13328 15068 390 2088 3708 4960 5568 5858 6031 6145 6230 6302 6345 6032 4573 2988 1334 15979 14200 12389 10608 8913 8192 8192 8192 8192 8192 8192 8192 8192 8192 8957 11012 12873 14631 16331 1644 3299 4701 5457 5795 5987 6113 6209 6275 6325 6355 5069 3466 1847 130 14740 12932 11123 9397 8192 8192 8192 8192 8192 8192 8192 8192 8192 8254 10496 12383 14178 15899 1219 2892 4409 5313 5728 5944 6093 6187 6265 6318 6365 5516 3977 2385 689 15319 13523 11705 9964 8357 8192 8192 8192 51 15333 305 1432 
0 15898 1229 2904 4416 5329 5733 5949 6086 6193 6273 6318 6367 5634 4100 2519 818 15445 13648 11824 10043 8434 8192 8192 8192 8192 8192 8192 8192 8192 8192 9641 11599 13435 15172 494 2177 3796 5021 5595 5869 6036 6151 6230 6289 6350 6287 4853 3255 1618 16262 14493 12661 10847 9150 8192 8192 8192 8192 8192 8192 8192 8192 8192 8624 10769 12643 14412 16134 1446 3122 4572 5400 5769 5970 6102 6200 6276 6326 6365 5553 4012 2428 719 15352 13550 11731 9949 8340 8192 8192 8192 8192 8192 8192 8192 8192 8192 9877 11810 13628 15365 695 2389 3974 5114 5635 5894 6049 6154 6247 6314 6353 6269 4839 3234 1591 16238 14468 12647 10833 9112 8192 8192 8192 8192 8192 8192 8192 8192 8192 8744 10849 12728 14489 16208 1523 3184 4620 5420 5780 5976 6112 6207 6271 6330 6359 5622 4082 2499 798 15430 13626 11820 10043 8420 8192 8192 8192 8192 8192 8192 8192 8192 8192 9859 11830 13621 15377 684 2402 3984 5116 5629 5885 6046 6164 6245 6301 6341 6349 4988 3368 1737 0 14615 12797 10975 9258 8192 8192 8192 8192 8192 8192 8192 8192 8192 8603 10741 12628 14411 16115 1448 3102 4578 5392 5764 5974 6099 6202 6264 6333 6361 5803 4296 2709 1030 15667 13883 12044 10264 8599 8192 8192 8192 8192 8192 8192 8192 8192 8192 9594 11562 13390 15122 447 2139 3755 4984 5580 5870 6040 6149 6228 6289 6344 6382 5299 3707 2112 397 15003 13196 11390 9635 8192 8192 72 11114 305 1432 
0 2260 2315 2290 2379 2547 2288 2224 2243 2268 2466 2318 2183 2261 2313 2473 2379 2116 2202 2283 2437 2432 2161 2171 2273 2387 2429 2193 2176 2296 2406 2442 2295 2224 2329 2344 2246 1708 490 15736 15883 973 2740 4278 5441 6059 6184 6263 6252 6242 6236 6192 6143 6102 6036 5915 4712 3251 1636 16246 14544 12772 11113 9504 8270 9204 9514 10464 12689 14467 16206 1533 3190 4619 5479 5886 6029 6051 6101 6146 6183 6232 6285 6318 6352 6349 6330 6299 5399 3900 2359 751 15418 13624 11810 10047 8402 8192 8192 8192 8192 8192 9193 11209 13079 14837 185 1880 3525 4816 5471 5773 5943 6025 6051 6044 6086 6140 6200 6246 6275 6307 6322 6332 6335 6044 4496 2899 1329 16011 14232 12389 10571 8860 8192 8192 8192 8192 8192 8192 8192 10354 12271 14071 15802 1131 2803 4307 5240 5670 5888 6016 6097 6136 6130 6140 6188 6227 6271 6297 6195 4697 3074 1493 16173 14395 12564 10748 9040 8192 8192 8192 8192 8192 8192 8192 8192 9279 11284 13125 14878 211 1905 3535 4842 5504 5806 5978 6096 6171 6224 6267 6274 6255 6271 5133 3521 1925 216 14837 13031 11196 9424 8192 8192 8192 8192 8192 8192 8192 8192 8192 8939 11005 12874 14641 16360 1672 3325 4710 5453 5786 5976 6097 6189 6256 6312 6348 6196 4729 3126 1483 16125 14346 12512 10713 8993 8192 8192 8192 8192 8192 8192 8192 8192 8192 8415 10608 12489 14275 15988 1310 2975 4456 5347 5744 5948 6088 78 1716 305 1432 
0 8192 8555 10668 12616 14390 16106 1423 3095 4559 5399 5765 5972 6105 6190 6244 6285 6300 6288 6298 6326 4938 3309 1692 16347 14578 12749 10910 9187 8192 8192 8192 8192 8192 8192 8192 8192 8192 10242 12172 14012 15724 1046 2728 4275 5272 5708 5930 6075 6177 6241 6278 6300 6294 6306 6337 5445 3876 2288 584 15216 13398 11562 9789 8203 8192 8192 8192 8192 8192 8192 8192 8192 9577 11510 13446 15148 476 2167 3785 5005 5588 5873 6032 6143 6215 6272 6293 6282 6281 6311 6136 4604 2987 1365 16009 14226 12395 10568 8871 8192 8192 8192 8192 8192 8192 8192 8192 8658 10759 12667 14482 16183 1505 3161 4611 5417 5774 5979 6112 6193 6238 6279 6285 6271 6309 6348 5498 3927 2333 640 15259 13453 11611 9835 8236 8192 8192 8192 8192 8192 8192 8192 8192 9704 11625 13534 15262 588 2282 3886 5061 5623 5877 6042 6151 6220 6253 6280 6269 6281 6321 6357 5012 3383 1782 67 14678 12850 11018 9267 8192 8192 8192 8192 8192 8192 8192 8192 8192 10417 12313 14190 15876 1199 2870 4385 5318 5727 5952 6094 6175 6220 6264 6276 6268 6283 6330 6140 4606 2978 1355 16002 14207 12356 10539 8852 8192 8192 8192 8192 8192 8192 8192 8192 8934 10967 12859 14695 16379 1698 3342 4717 5469 5802 5994 6113 6187 6243 6275 6265 6266 6309 6338 6232 4721 3100 1481 16137 14356 12516 10697 8979 8192 8192 8192 8192 8192 8192 8192 8192 8908 10942 12800 14627 16355 1658 3308 82 14287 305 1432 
0 2344 2357 2424 2467 2361 2384 2399 2432 2505 2359 2312 2373 2364 2426 2364 2250 2369 2387 2434 2402 2114 2233 2474 2677 2443 2138 2195 2415 2684 2497 2339 2147 2311 2453 2498 2288 1961 1243 218 16115 797 2560 4141 5368 5979 6146 6278 6315 6305 6294 6258 6211 6176 6118 6032 5038 3641 2026 293 14940 13199 11493 9873 8418 9230 9633 11440 13381 15144 503 2200 3805 5033 5679 5979 6047 6070 6124 6181 6226 6283 6326 6368 6387 6387 6362 6299 4964 3437 1907 262 14892 13100 11273 9546 8192 8192 8192 8192 8192 9281 11287 13179 14966 310 2008 3628 4881 5510 5795 5947 6018 6017 6038 6090 6157 6210 6257 6296 6315 6337 6354 6387 6353 6159 4593 3016 1449 16151 14382 12543 10731 9008 8192 8192 8192 8192 8192 8192 8830 10913 12786 14570 16290 1626 3269 4651 5386 5735 5924 6029 6100 6116 6107 6134 6188 6241 6275 6306 6332 5120 3552 1987 313 14948 13152 11303 9546 8192 8192 8192 8192 8192 8192 8192 8192 9201 11229 13085 14844 174 1869 3502 4815 5485 5788 5982 6099 6176 6226 6257 6254 6244 6273 5537 3983 2412 736 15386 13586 11742 9973 8364 8192 8192 8192 8192 8192 8192 8192 8192 8628 10767 12642 14410 16121 1427 3087 4548 5380 5747 5955 6087 6181 6246 6299 6335 6342 5164 3546 1947 228 14857 13053 11229 9497 8192 8192 8192 8192 8192 8192 8192 8192 8192 8192 10277 12191 13996 15712 1041 2714 4259 5253 5697 5918 6065 87 13152 305 1432 
0 8192 8192 8192 8192 8192 8192 8192 10132 12063 13858 15581 899 2584 4159 5204 5678 5917 6068 6179 6258 6303 6370 5350 3774 2180 472 15090 13289 11477 9709 8192 8192 8192 8192 8192 8192 8192 8192 8192 8192 9709 11655 13485 15216 540 2234 3834 5044 5606 5872 6038 6142 6239 6300 6350 5667 4154 2573 880 15512 13719 11910 10119 8502 8192 8192 8192 8192 8192 8192 8192 8192 8192 9254 11266 13117 14864 201 1898 3532 4854 5526 5833 6002 6126 6220 6286 6342 6083 4527 3043 1304 15989 14169 12381 10566 8908 8192 8192 8192 8192 8192 8192 8192 8192 8192 8642 10777 12664 14434 16143 1463 3127 4588 5409 5772 5972 6116 6201 6272 6330 6352 5093 3491 1871 137 14759 12936 11134 9406 8192 8192 8192 8192 8192 8192 8192 8192 8192 8192 10215 12120 13914 15652 975 2659 4212 5238 5690 5919 6066 6175 6262 6314 6362 5570 4041 2454 751 15377 13579 11761 9983 8377 8192 8192 8192 8192 8192 8192 8192 8192 8192 9568 11538 13368 15106 431 2131 3744 4980 5575 5858 6030 6149 6237 6300 6348 6084 4619 3024 1372 16007 14230 12412 10617 8951 8192 8192 8192 8192 8192 8192 8192 8192 8192 8794 10895 12767 14538 16254 1561 3220 4655 5434 5786 5979 6116 6211 6270 6335 6374 5249 3657 2048 329 14947 13129 11320 9564 8192 8192 8192 8192 8192 8192 8192 8192 8192 8192 10109 12028 13827 15552 874 2559 4121 5191 5664 5910 6071 6177 6255 6307 6347 5860 4368 92 10253 305 1432 
0 806 2500 4084 5161 5656 5903 6053 6163 6245 6307 6336 6359 5563 4005 2417 721 15338 13542 11713 9938 8330 8192 8192 8192 8192 8192 8192 8192 8192 8192 10437 12333 14133 15849 1178 2852 4363 5300 5716 5946 6081 6184 6259 6304 6349 6363 5308 3716 2133 407 15023 13216 11388 9622 8192 8192 8192 8192 8192 8192 8192 8192 8192 8628 10815 12676 14460 16168 1492 3162 4603 5411 5774 5970 6108 6192 6253 6316 6344 6364 5151 3533 1926 211 14820 12998 11186 9437 8192 8192 8192 8192 8192 8192 8192 8192 8192 9041 11095 12955 14709 57 1746 3400 4779 5486 5806 5989 6110 6203 6269 6325 6353 6334 5031 3403 1798 67 14678 12865 11044 9324 8192 8192 8192 8192 8192 8192 8192 8192 8192 9291 11296 13150 14901 226 1922 3557 4872 5533 5839 6016 6134 6205 6278 6316 6347 6326 4952 3329 1713 16363 14597 12772 10948 9224 8192 8192 8192 8192 8192 8192 8192 8192 8192 9397 11388 13226 14972 308 2013 3645 4931 5554 5840 6023 6137 6217 6272 6328 6352 6317 4954 3332 1714 16364 14586 12763 10929 9192 8192 8192 8192 8192 8192 8192 8192 8192 8192 9401 11401 13250 14995 317 2021 3647 4920 5553 5842 6020 6137 6221 6278 6324 6344 6326 5030 3414 1801 75 14685 12866 11055 9334 8192 8192 8192 8192 8192 8192 8192 8192 8192 9378 11391 13233 14980 307 1992 3629 4907 5545 5842 6015 6141 6217 6271 6319 6347 6339 5175 3574 1978 267 14873 13073 11243 98 6182 305 1432 
0 8192 8192 8192 8192 8192 8192 8192 8938 10839 12037 13534 14669 13269 11943 10553 9153 8192 8192 8192 8192 8192 8192 8192 8192 8192 8192 8192 8192 8192 8192 8192 8192 8192 8192 8192 8192 8192 8192 8192 8219 8266 8284 8286 8305 8329 8348 8401 8407 8437 8471 8476 8504 8494 8496 8533 8548 8585 8621 8660 8703 8725 8755 8784 8801 8844 8917 9018 9170 9293 9398 9490 9521 9575 9597 9640 9750 9826 9944 10020 10075 10107 10114 10128 10169 10205 10293 10369 10418 10463 10482 10489 10532 10528 10560 10622 10672 10725 10746 10755 10773 10786 10805 10832 10861 10923 10971 11000 11019 10994 11013 11019 11044 11102 11139 11171 11210 11217 11215 11198 11200 11228 11260 11302 11368 11376 11400 11390 11369 11408 11399 11422 11489 11480 11543 11550 11541 11564 11544 11548 11595 11589 11644 11663 11674 11716 11713 11703 11725 11706 11749 11779 11790 11830 11820 11842 11844 11833 11868 11873 11890 11920 11933 11968 11975 11971 11983 11986 12005 12034 12044 12077 12088 12106 12121 12105 12146 12134 12148 12199 12180 12186 12207 12243 12271 12226 12267 12266 12284 12322 12309 12274 12313 12395 12472 12463 12411 12396 12424 12493 12483 12428 12407 12413 12493 12556 12542 12552 12544 12585 12615 12609 12633 12619 12667 12705 12708 12680 12649 12656 12702 12765 12783 12754 12734 12748 12812 12840 12823 12818 12842 12871 12900 12887 12886 12904 12918 12943 12940 12922 12984 12996 13005 13026 13007 13049 13081 13057 13079 13071 13078 13140 13118 13142 13160 13151 13195 13182 103 5009 305 1432 
0 8192 8192 8192 8192 8192 9960 11878 13700 15426 755 2434 4023 5137 5650 5899 6051 6166 6242 6296 6341 6365 5676 4143 2560 875 15504 13712 11886 10096 8454 8192 8192 8192 8192 8192 8192 8192 8192 8192 10337 12236 14031 15752 1073 2755 4285 5274 5703 5931 6079 6179 6252 6304 6340 6362 5483 3916 2329 618 15253 13455 11621 9858 8259 8192 8192 8192 8192 8192 8192 8192 8192 8345 10591 12475 14252 15968 1286 2955 4458 5349 5745 5959 6099 6194 6256 6311 6349 6365 5361 3782 2195 485 15113 13305 11488 9721 8192 8192 8192 8192 8192 8192 8192 8192 8192 8653 10814 12691 14464 16178 1506 3167 4608 5417 5777 5976 6102 6190 6270 6306 6355 6350 5290 3700 2108 389 15014 13190 11372 9630 8192 8192 8192 8192 8192 8192 8192 8192 8192 8834 10948 12819 14591 16302 1622 3281 4679 5451 5792 5990 6114 6206 6268 6316 6344 6354 5261 3665 2068 358 14970 13166 11334 9565 8192 8192 8192 8192 8192 8192 8192 8192 8192 8957 11034 12895 14654 16367 1688 3348 4743 5472 5802 5996 6117 6208 6276 6311 6351 6338 5297 3707 2115 395 15020 13205 11385 9615 8192 8192 8192 8192 8192 8192 8192 8192 8192 8963 11059 12910 14668 16383 1698 3354 4734 5473 5797 5997 6113 6198 6276 6318 6346 6334 5361 3781 2196 490 15103 13297 11467 9705 8192 8192 8192 8192 8192 8192 8192 8192 8192 8862 10995 12839 14602 16308 1615 3276 4684 5442 5799 5985 6114 6205 6263 6311 108 3033 305 1432 
0 3847 5031 5607 5858 6044 6145 6216 6257 6290 6282 6298 6320 5042 3419 1812 99 14712 12888 11062 9321 8192 8192 8192 8192 8192 8192 8192 8192 8192 10193 12132 13952 15666 995 2671 4230 5232 5688 5911 6068 6163 6230 6272 6286 6272 6287 6226 4745 3127 1502 16163 14381 12553 10742 9022 8192 8192 8192 8192 8192 8192 8192 8192 8493 10619 12565 14344 16069 1386 3063 4533 5372 5757 5960 6098 6172 6237 6282 6283 6275 6300 6061 4530 2922 1275 15917 14134 12304 10511 8803 8192 8192 8192 8192 8192 8192 8192 8192 8858 10896 12841 14593 16307 1628 3284 4697 5448 5796 5985 6114 6194 6250 6281 6278 6274 6311 5949 4410 2808 1157 15807 14014 12174 10373 8693 8192 8192 8192 8192 8192 8192 8192 8192 9117 11108 13045 14790 122 1818 3476 4815 5501 5823 6002 6128 6198 6245 6271 6271 6273 6300 5918 4366 2772 1121 15750 13947 12119 10341 8657 8192 8192 8192 8192 8192 8192 8192 8192 9174 11130 13072 14812 142 1827 3465 4812 5508 5822 6012 6123 6194 6242 6285 6264 6276 6301 6000 4462 2862 1230 15869 14087 12235 10449 8772 8192 8192 8192 8192 8192 8192 8192 8192 9155 11127 13048 14815 141 1830 3478 4816 5507 5831 6008 6119 6189 6245 6268 6253 6279 6309 6211 4703 3091 1465 16108 14325 12488 10692 8961 8192 8192 8192 8192 8192 8192 8192 8192 8897 10937 12860 14652 16353 1669 3325 4716 5466 5797 5988 6118 6194 6240 6269 6246 6268 6308 6356 113 1867 305 1432 
0 16278 1593 3248 4670 5437 5791 5987 6111 6209 6278 6326 6370 5655 4126 2547 852 15489 13683 11867 10099 8473 8192 8192 8192 8192 8192 8192 8192 8192 8192 9903 11834 13659 15394 719 2404 3995 5127 5646 5889 6048 6156 6232 6305 6344 6361 5045 3433 1819 86 14689 12874 11048 9321 8192 8192 8192 8192 8192 8192 8192 8192 8192 8648 10776 12662 14436 16159 1486 3145 4583 5402 5769 5966 6107 6199 6272 6321 6361 5884 4386 2795 1123 15753 13967 12139 10361 8698 8192 8192 8192 8192 8192 8192 8192 8192 8192 9614 11565 13406 15138 463 2156 3782 5001 5586 5863 6040 6146 6233 6284 6343 6381 5355 3765 2171 468 15080 13275 11449 9695 8192 8192 8192 8192 8192 8192 8192 8192 8192 8192 10391 12298 14091 15814 1133 2810 4340 5298 5718 5933 6080 6178 6252 6311 6346 6261 4808 3202 1560 16212 14434 12607 10795 9105 8192 8192 8192 8192 8192 8192 8192 8192 8192 9177 11189 13046 14803 141 1840 3477 4829 5516 5828 6003 6127 6215 6288 6334 6360 5779 4248 2655 980 15602 13817 12006 10208 8560 8192 8192 8192 8192 8192 8192 8192 8192 8192 9924 11862 13673 15400 735 2427 4021 5131 5646 5896 6058 6159 6243 6304 6339 6378 5336 3743 2146 424 15038 13230 11412 9648 8192 8192 8192 8192 8192 8192 8192 8192 8192 8369 10566 12451 14243 15965 1284 2958 4459 5343 5736 5951 6095 6182 6264 6307 6352 6328 4931 3312 1687 16342 14553 12744 10938 9209 8192 118 958 305 1432 
0 1768 1734 1649 1660 1664 1777 1761 1670 1697 1629 1846 1814 1733 1725 1616 1815 1809 1697 1666 1647 1837 1918 1742 1568 1523 1597 1512 1378 1350 1493 1716 1812 1815 1908 1975 1844 1152 16202 15447 15849 1180 2929 4461 5579 6220 6368 6379 6396 6385 6398 6385 6354 6321 6277 6228 5566 4138 2583 903 15536 13782 12018 10316 8740 8192 8192 8240 9396 11080 12757 14662 33 1726 3368 4741 5498 5838 5933 5958 6012 6060 6099 6155 6210 6263 6315 6340 6379 6391 6395 6318 4875 3292 1760 99 14724 12917 11090 9355 8192 8192 8192 8192 8192 8192 8192 9607 11569 13411 15156 480 2172 3774 4962 5534 5806 5966 6065 6115 6144 6136 6154 6200 6245 6289 6319 5078 3470 1896 208 14835 13008 11173 9438 8192 8192 8192 8192 8192 8192 8192 8192 8192 9374 11366 13221 14967 293 1981 3613 4897 5520 5824 5992 6111 6195 6254 6304 6338 6344 5788 4259 2672 1004 15646 13849 12020 10229 8565 8192 8192 8192 8192 8192 8192 8192 8192 8192 8192 10040 11957 13765 15488 800 2482 4060 5156 5651 5894 6056 6163 6244 6307 6348 5067 3469 1910 24 14851 12887 11189 9375 8192 8192 8192 8192 8192 8192 8192 8192 8192 8192 8192 9631 11597 13420 15158 488 2184 3795 5026 5600 5873 6040 6161 6248 6199 4869 3322 1701 16364 14614 12812 11040 9338 8192 8192 8192 8192 8192 8192 8192 8192 8192 8192 8192 9001 11046 12903 14647 16362 1674 3336 4733 5486 5820 6011 124 3456 305 1432 
0 2483 2411 2359 2531 2629 2591 2660 2560 2553 2639 2616 2769 2796 2738 2804 2571 2485 2476 2556 2649 2518 2506 2547 2750 2861 2636 2447 2464 2727 2988 2696 2417 2495 2727 3087 2814 2096 1566 685 392 998 2483 4085 5333 6028 6186 6288 6347 6346 6333 6296 6252 6192 6128 6046 4984 3583 1965 232 14879 13143 11470 9841 8453 9536 11017 13053 14793 114 1833 3510 4859 5534 5969 6041 6106 6121 6188 6233 6290 6342 6391 6418 6432 6433 6420 6389 5741 4244 2688 1133 15810 14047 12237 10440 8776 8192 8192 8192 9442 10796 11870 12422 14596 16348 1689 3337 4693 5454 5789 5930 5955 5993 6050 6095 6149 6215 6263 6316 6343 6382 6404 6424 6433 6446 6454 5819 4302 2744 1190 15879 14112 12275 10458 8770 8192 8192 8192 8192 8192 8192 9564 11533 13373 15127 465 2150 3752 4945 5528 5796 5959 6046 6100 6095 6107 6148 6202 6254 6283 6313 6339 5583 4044 2476 841 15502 13723 11871 10096 8437 8192 8192 8192 8192 8192 8192 8192 8993 11067 12926 14697 31 1730 3382 4742 5453 5775 5963 6083 6159 6210 6243 6229 6230 6271 6200 4713 3094 1494 16154 14374 12546 10721 9024 8192 8192 8192 8192 8192 8192 8192 8192 8192 10100 12021 13830 15554 875 2567 4131 5180 5650 5891 6048 6155 6239 6281 6334 6344 5979 4469 2881 1222 15860 14075 12229 10448 8765 8192 8192 8192 8192 8192 8192 8192 8192 8192 9103 11148 12999 14755 84 1787 3423 4790 5492 129 2607 305 1432 
0 8192 8192 8192 8192 8192 9327 11304 13143 14888 214 1922 3564 4864 5532 5823 6013 6128 6213 6284 6319 6354 6238 4784 3169 1538 16186 14417 12595 10775 9093 8192 8192 8192 8192 8192 8192 8192 8192 8192 9658 11579 13407 15146 483 2176 3789 5003 5589 5863 6025 6148 6227 6277 6333 6363 6130 4642 3034 1404 16051 14263 12446 10627 8943 8192 8192 8192 8192 8192 8192 8192 8192 8192 9813 11736 13557 15298 618 2312 3907 5078 5619 5883 6048 6150 6230 6287 6318 6358 6112 4621 3014 1383 16018 14244 12400 10603 8919 8192 8192 8192 8192 8192 8192 8192 8192 8192 9945 11835 13647 15378 699 2391 3986 5110 5632 5886 6048 6158 6226 6294 6330 6352 6140 4654 3043 1409 16055 14275 12454 10637 8945 8192 8192 8192 8192 8192 8192 8192 8192 8192 9941 11848 13663 15400 724 2413 4001 5127 5637 5898 6052 6161 6238 6289 6329 6345 6211 4753 3142 1507 16154 14366 12536 10745 9022 8192 8192 8192 8192 8192 8192 8192 8192 8192 9830 11774 13584 15316 635 2332 3932 5093 5630 5884 6043 6151 6230 6286 6326 6354 6291 4890 3277 1661 16314 14529 12708 10883 9167 8192 8192 8192 8192 8192 8192 8192 8192 8192 9695 11671 13491 15227 560 2249 3859 5045 5607 5873 6040 6150 6224 6279 6332 6360 6322 5126 3559 1910 240 14812 13029 11167 9434 8192 8192 8192 8192 8192 8192 8192 8192 8192 9341 11385 13199 14943 266 1962 3594 4890 5540 5835 6016 6131 6217 6268 134 990 305 1432 
0 8811 10878 12780 14607 16302 1624 3287 4691 5446 5785 5982 6108 6184 6240 6265 6252 6259 6291 6335 5918 4368 2761 1113 15747 13957 12127 10331 8633 8192 8192 8192 8192 8192 8192 8192 8192 9438 11385 13273 15065 368 2061 3692 4946 5561 5849 6017 6121 6193 6236 6263 6245 6267 6304 6353 5887 4332 2729 1089 15729 13939 12106 10312 8625 8192 8192 8192 8192 8192 8192 8192 8192 9592 11522 13398 15198 494 2182 3798 5014 5587 5858 6026 6131 6196 6230 6245 6236 6267 6306 6341 6212 4679 3057 1433 16089 14300 12470 10662 8933 8192 8192 8192 8192 8192 8192 8192 8192 9279 11242 13044 14868 218 1908 3539 4854 5522 5824 6003 6112 6175 6228 6241 6230 6256 6301 6345 6386 6151 4588 2976 1371 16032 14242 12413 10603 8899 8192 8192 8192 8192 8192 8192 8192 8192 9610 11015 11957 11479 10213 9183 9178 8790 8192 8192 8192 8192 8192 8192 8192 8192 8192 8192 8192 8192 8192 8192 8192 8192 8192 8192 8192 8192 8192 8192 8195 8225 8243 8263 8306 8330 8373 8390 8414 8413 8421 8436 8452 8480 8514 8527 8554 8601 8591 8587 8584 8609 8633 8664 8713 8726 8767 8794 8829 8880 8884 8919 8960 9038 9174 9279 9372 9426 9455 9515 9552 9586 9673 9733 9802 9850 9788 9717 9696 9918 10330 10644 10597 10270 10024 10110 10463 10661 10497 10160 10066 10366 10717 10761 10412 10084 10131 10500 10913 11016 10807 10671 10734 10900 10956 10790 10614 10605 10785 10984 11022 10906 142 258 305 1432 
0 5806 6000 6111 6186 6227 6255 6252 6258 6300 6348 6242 4728 3100 1490 16153 14366 12534 10720 8990 8192 8192 8192 8192 8192 8192 8192 8192 9133 11129 12991 14808 143 1839 3484 4816 5507 5822 5998 6112 6174 6226 6246 6240 6255 6298 6347 6389 5183 3586 2000 303 14919 13101 11277 9520 8192 8192 8192 8192 8192 8192 8192 8192 8621 10719 12447 14284 16019 1015 16019 14754 13344 11866 10347 8862 8192 8192 8192 8192 8192 8192 8192 8192 8192 8192 8192 8192 8192 8192 8192 8192 8192 8192 8192 8192 8192 8219 8252 8277 8298 8313 8340 8367 8391 8401 8419 8460 8461 8492 8509 8528 8551 8559 8559 8593 8609 8633 8658 8666 8702 8694 8732 8770 8798 8834 8876 8907 8976 9041 9100 9178 9255 9348 9420 9503 9557 9595 9671 9718 9757 9805 9831 9918 9982 10028 10093 10113 10170 10203 10221 10260 10295 10330 10387 10396 10421 10441 10457 10503 10514 10551 10595 10642 10682 10693 10691 10708 10753 10773 10806 10814 10848 10883 10882 10905 10920 10934 10967 10995 11027 11045 11054 11106 11107 11124 11131 11139 11168 11196 11208 11236 11239 11262 11298 11297 11324 11326 11339 11377 11384 11398 11429 11426 11453 11469 11463 11496 11510 11522 11568 11563 11570 11594 11602 11618 11636 11652 11674 11681 11710 11715 11727 11753 11750 11770 11794 11803 11840 11827 11838 11859 11885 11910 11883 11886 11971 11972 11969 11976 11989 12047 12046 12044 12002 12025 12113 12157 12105 12077 12081 12147 12232 12200 12169 12166 12203 12272 147 2725 305 1432 
0 8192 8192 8192 8192 8192 8192 8192 8192 8192 8192 9916 11844 13661 15393 711 2397 3997 5134 5660 5916 6076 6188 5944 4610 3102 1480 16152 14416 12645 10889 9214 8192 8192 8192 8192 8192 8192 8192 8192 8192 8192 8192 9026 11072 12923 14680 10 1712 3368 4758 5499 5828 6014 6151 6243 5536 4063 2521 855 15515 13750 11964 10223 8607 8192 8192 8192 8192 8192 8192 8192 8192 8192 8192 8192 10051 11976 13783 15495 817 2507 4091 5185 5687 5929 6083 6191 6262 5120 3588 2008 309 14950 13182 11398 9677 8192 8192 8192 8192 8192 8192 8192 8192 8192 8192 8192 8735 10839 12707 14479 16194 1518 3176 4616 5428 5797 5992 6130 6226 6028 4677 3149 1519 16194 14440 12643 10873 9209 8192 8192 8192 8192 8192 8192 8192 8192 8192 8192 8192 9555 11532 13360 15095 418 2107 3738 4988 5598 5877 6046 6169 6249 5696 4259 2719 1049 15697 13937 12158 10403 8753 8192 8192 8192 8192 8192 8192 8192 8192 8192 8192 8192 10206 12065 13895 15589 934 2602 4184 5223 5705 5931 6097 6198 6278 5392 3872 2311 616 15254 13474 11684 9948 8368 8192 8192 8192 8192 8192 8192 8192 8192 8192 8192 8607 10741 12621 14379 16093 1413 3073 4552 5404 5774 5983 6120 6216 6272 5082 3532 1939 231 14880 13095 11311 9596 8192 8192 8192 8192 8192 8192 8192 8192 8192 8192 8192 9280 11284 13128 14875 197 1896 3542 4868 5541 5850 6025 6155 6244 6085 4733 3200 1568 16220 14467 152 15705 305 1432 
0 2537 2518 2758 2952 2792 2418 2349 2544 2819 2791 2464 2336 2527 2793 2830 2544 2380 2494 2672 2791 2494 2246 2429 2642 2938 2710 2136 2455 2704 2913 2602 1997 2274 2757 2938 2534 1733 1339 1060 191 462 1988 3671 5032 5900 6139 6230 6321 6325 6314 6288 6247 6185 6133 6051 5295 3868 2304 579 15219 13489 11785 10167 8658 9205 10057 12356 14127 15860 1210 2900 4389 5364 5834 6037 6071 6110 6164 6223 6264 6330 6373 6393 6408 6413 6391 6312 4996 3476 1944 302 14931 13132 11321 9576 8192 8192 8192 8368 9856 11268 12057 13227 15259 612 2328 3919 5058 5615 5866 5944 5962 6013 6060 6121 6177 6245 6289 6323 6362 6379 6415 6420 6442 6436 6362 4910 3348 1819 184 14821 12991 11163 9413 8192 8192 8192 8192 8192 8192 8530 10676 12573 14351 16079 1405 3063 4491 5323 5696 5899 6016 6088 6107 6095 6120 6178 6238 6277 6303 6318 5966 4422 2840 1245 15916 14141 12310 10506 8818 8192 8192 8192 8192 8192 8192 8192 8342 10559 12448 14233 15963 1291 2959 4437 5322 5713 5918 6057 6146 6195 6251 6233 6232 6262 6283 4933 3309 1711 16383 14615 12775 10968 9232 8192 8192 8192 8192 8192 8192 8192 8192 8192 9739 11701 13529 15271 591 2306 3873 5077 5596 5870 6025 6138 6218 6284 6323 6357 6038 4534 2936 1283 15919 14137 12340 10518 8851 8192 8192 8192 8192 8192 8192 8192 8192 8192 8956 11028 12892 14646 16365 1669 3322 4718 5458 5796 158 1738 305 1432 
0 2257 2263 2236 2275 2360 2478 2528 2421 2240 2230 2304 2347 2316 2204 2180 2291 2343 2324 2263 2249 2420 2438 2327 2234 2134 2309 2428 2346 2351 2194 2251 2324 2186 2313 2343 2318 2041 941 16216 15912 616 2416 4006 5281 6034 6216 6295 6303 6279 6279 6271 6217 6152 6101 6023 5111 3703 2105 391 15034 13295 11587 9970 8470 9163 9433 9580 11718 13601 15352 700 2382 3953 5132 5727 5994 6043 6074 6143 6175 6216 6275 6319 6354 6372 6388 6366 6131 4644 3074 1527 16237 14477 12670 10870 9148 8192 8192 8192 8192 8192 8192 10059 12010 13826 15568 904 2582 4134 5152 5629 5854 5986 6052 6051 6067 6117 6169 6222 6265 6294 6312 6324 6346 6294 4865 3272 1721 39 14662 12836 11001 9268 8192 8192 8192 8192 8192 8192 8192 9699 11659 13494 15233 567 2257 3850 5006 5558 5825 5983 6071 6125 6148 6149 6167 6223 6258 6301 6276 4876 3263 1676 16358 14590 12751 10933 9213 8192 8192 8192 8192 8192 8192 8192 8192 8818 10915 12790 14555 16279 1606 3250 4651 5418 5757 5957 6072 6176 6224 6274 6290 6269 6285 5200 3603 2016 315 14931 13112 11277 9521 8192 8192 8192 8192 8192 8192 8192 8192 8192 8615 10765 12645 14429 16146 1460 3120 4569 5383 5752 5962 6088 6209 6221 6346 6325 6186 4692 3104 1462 16111 14329 12516 10708 9006 8192 8192 8192 8192 8192 8192 8192 8192 8192 8333 10546 12431 14210 15929 1256 2929 4426 5321 5727 5943 6089 163 2236 305 1432 
0 1432 1772 1441 1716 1428 1255 1577 1550 1537 1543 1272 1626 1732 1514 1627 1365 1544 1683 1403 1532 1443 1458 1575 1319 1460 1501 1465 1542 1386 1491 1589 1521 1642 1558 1479 1302 379 15478 14922 15760 1275 2939 4482 5588 6226 6361 6398 6402 6395 6407 6423 6378 6350 6312 6256 5677 4234 2702 1036 15686 13919 12142 10417 8814 8192 8192 8192 8565 10524 12205 13160 15214 527 2248 3856 5042 5609 5858 5954 5961 6005 6044 6107 6171 6229 6283 6317 6338 6367 6400 6409 6413 6423 6410 5241 3718 2189 572 15239 13422 11583 9795 8219 8192 8192 8192 8192 8192 8192 8192 10037 11968 13781 15518 846 2529 4082 5130 5611 5847 6003 6086 6149 6198 6185 6199 6215 6258 6299 5153 3534 1958 253 14868 13057 11224 9490 8192 8192 8192 8192 8192 8192 8192 8192 8192 8192 10140 12063 13869 15600 917 2596 4158 5195 5669 5902 6053 6162 6241 6296 6352 6396 5579 4025 2438 755 15379 13587 11764 9992 8382 8192 8192 8192 8192 8192 8192 8192 8192 8192 8192 8699 10824 12700 14466 16180 1505 3165 4609 5418 5775 5981 6111 6211 6301 5612 4142 2589 909 15567 13799 11990 10236 8617 8192 8192 8192 8192 8192 8192 8192 8192 8192 8192 8192 8866 10936 12809 14567 16272 1591 3245 4672 5464 5814 6006 6136 6232 5191 3687 2134 451 15104 13352 11586 9880 8316 8192 8192 8192 8192 8192 8192 8192 8192 8192 8192 8192 8758 10854 12724 14484 16189 1503 3170 4622 168 474 305 1432 
0 2545 2486 2370 2419 2464 2388 2399 2398 2369 2413 2379 2331 2466 2484 2571 2564 2413 2348 2337 2353 2499 2517 2416 2451 2320 2335 2433 2394 2465 2452 2340 2424 2423 2433 2486 2291 2022 1246 150 16294 1015 2748 4299 5479 6079 6231 6337 6365 6363 6355 6319 6269 6216 6159 6027 4769 3355 1711 16367 14631 12902 11213 9621 8409 9347 10213 12486 14261 16006 1347 3025 4487 5416 5848 6034 6063 6107 6164 6208 6270 6329 6377 6408 6420 6426 6406 6158 4653 3084 1529 16230 14476 12676 10881 9168 8192 8192 8192 8329 9994 11655 12702 14607 16381 1703 3341 4713 5453 5774 5930 5956 5990 6032 6087 6145 6209 6264 6296 6324 6360 6381 6409 6419 6430 6400 5052 3504 1975 345 14981 13175 11340 9590 8192 8192 8192 8192 8192 8192 8280 10493 12390 14179 15913 1235 2905 4376 5265 5676 5888 6004 6082 6099 6092 6117 6176 6233 6270 6301 6320 5797 4257 2679 1070 15736 13954 12131 10314 8662 8192 8192 8192 8192 8192 8192 8192 8678 10813 12692 14469 16183 1508 3165 4596 5386 5737 5944 6071 6144 6194 6241 6222 6230 6268 6138 4628 3018 1410 16064 14290 12452 10636 8951 8192 8192 8192 8192 8192 8192 8192 8192 8192 10271 12180 13966 15690 1017 2701 4233 5235 5682 5907 6059 6159 6233 6289 6326 6339 5636 4098 2524 849 15482 13696 11869 10092 8463 8192 8192 8192 8192 8192 8192 8192 8192 8192 9792 11733 13557 15286 604 2298 3908 5064 5611 5871 6030 172 14639 305 1432 
0 8192 8192 8192 8192 8192 8192 9034 11073 12935 14693 29 1724 3380 4751 5477 5805 5995 6132 6211 6279 6332 6369 5295 3692 2089 376 14987 13184 11379 9612 8192 8192 8192 8192 8192 8192 8192 8192 8192 8192 10261 12171 13967 15684 1013 2696 4251 5244 5692 5926 6070 6173 6260 6322 6363 5978 4485 2895 1239 15877 14097 12270 10473 8809 8192 8192 8192 8192 8192 8192 8192 8192 8192 9214 11234 13089 14846 178 1875 3522 4849 5525 5827 6008 6135 6221 6278 6332 6376 5311 3708 2105 386 14999 13197 11371 9629 8192 8192 8192 8192 8192 8192 8192 8192 8192 8192 10292 12205 13996 15718 1040 2724 4260 5255 5693 5924 6075 6175 6263 6305 6357 6028 4550 2954 1292 15939 14157 12335 10549 8871 8192 8192 8192 8192 8192 8192 8192 8192 8192 9292 11300 13139 14890 221 1921 3559 4868 5528 5830 6014 6136 6225 6279 6331 6373 5392 3816 2218 505 15127 13325 11484 9728 8192 8192 8192 8192 8192 8192 8192 8192 8192 8192 10241 12152 13946 15675 1002 2684 4239 5246 5697 5924 6073 6176 6248 6316 6350 6224 4766 3156 1519 16159 14385 12552 10747 9027 8192 8192 8192 8192 8192 8192 8192 8192 8192 9045 11099 12961 14720 52 1766 3412 4781 5483 5814 5999 6122 6215 6283 6332 6371 5636 4095 2507 813 15436 13641 11822 10041 8433 8192 8192 8192 8192 8192 8192 8192 8192 8192 9960 11895 13704 15433 748 2442 4025 5135 5640 5887 6049 6167 6241 6302 6353 6370 178 6470 305 1432 
0 5681 5922 6066 6158 6206 6250 6247 6243 6283 6317 6372 5129 3527 1935 220 14839 13018 11200 9450 8192 8192 8192 8192 8192 8192 8192 8192 8421 10575 12429 14283 16028 1335 3010 4489 5350 5747 5956 6087 6167 6218 6244 6234 6258 6285 6341 6376 5266 3676 2085 396 15022 13216 11373 9607 8192 8192 8192 8192 8192 8192 8192 8192 8283 10486 12242 14095 15840 1161 2841 4358 5301 5721 5944 6082 6155 6219 6228 6219 6238 6279 6329 6368 6372 4937 3309 1713 1 14606 12768 10957 9212 8192 8192 8192 8192 8192 8192 8192 8192 9070 10684 11598 11086 10195 9444 9447 9236 8192 8192 8192 8192 8192 8192 8192 8192 8192 8192 8192 8192 8192 8192 8192 8192 8192 8192 8192 8192 8192 8192 8192 8192 8203 8225 8244 8263 8292 8312 8328 8359 8370 8393 8412 8426 8455 8468 8482 8520 8518 8551 8572 8602 8620 8645 8679 8717 8773 8828 8884 8966 9069 9146 9242 9326 9396 9476 9526 9610 9667 9720 9783 9830 9899 9952 10001 10044 10071 10105 10156 10182 10228 10240 10299 10341 10384 10425 10465 10510 10552 10555 10596 10621 10630 10659 10682 10701 10731 10749 10776 10800 10828 10866 10889 10903 10936 10945 10961 11004 11004 11023 11039 11055 11082 11109 11118 11143 11155 11181 11212 11217 11248 11280 11282 11305 11315 11320 11354 11363 11377 11394 11398 11427 11452 11484 11452 11496 11505 11544 11549 11550 11571 11557 11616 11594 11640 11630 11662 11690 11683 11700 11719 11711 11766 11760 11761 11812 11791 183 6688 305 1432 
0 2568 2515 2616 2544 2378 2154 1992 2111 2145 2118 2196 2305 2568 2649 2394 2358 2380 2546 2688 2516 2418 2351 2262 2305 2229 2238 2430 2407 2414 2316 2217 2383 2478 2520 2485 2225 1770 737 15986 16270 1370 3126 4589 5675 6149 6260 6327 6318 6310 6294 6270 6222 6160 6100 5913 4533 3074 1406 16041 14298 12574 10892 9315 8533 9438 9541 11036 13107 14877 248 1944 3579 4887 5615 5946 6038 6077 6123 6174 6214 6268 6327 6361 6386 6401 6389 6368 5254 3759 2223 590 15252 13467 11651 9879 8275 8192 8192 8192 8192 8192 9759 11758 13589 15333 660 2358 3940 5067 5580 5837 5965 6036 6040 6054 6105 6165 6226 6256 6332 6259 6385 6309 6382 6072 4568 2936 1407 16068 14319 12470 10662 8962 8192 8192 8192 8192 8192 8192 8417 10593 12492 14285 16006 1338 2998 4469 5310 5701 5907 6033 6098 6126 6127 6131 6189 6239 6281 6307 6274 4836 3217 1631 16319 14562 12743 10912 9186 8192 8192 8192 8192 8192 8192 8192 8192 9273 11286 13135 14893 220 1914 3545 4851 5505 5808 5987 6102 6176 6226 6263 6267 6269 6283 5256 3674 2084 391 15009 13207 11363 9603 8192 8192 8192 8192 8192 8192 8192 8192 8192 8828 10929 12794 14557 16269 1587 3244 4660 5439 5778 5972 6091 6190 6256 6312 6344 6304 4895 3274 1657 16319 14536 12724 10919 9177 8192 8192 8192 8192 8192 8192 8192 8192 8192 8282 10512 12400 14187 15912 1233 2906 4411 5325 5733 5941 6083 188 8781 305 1432 
0 8192 8192 10247 12168 14026 15728 1046 2726 4273 5260 5705 5924 6074 6171 6225 6279 6295 6274 6304 6332 5373 3803 2214 507 15136 13331 11485 9718 8192 8192 8192 8192 8192 8192 8192 8192 8192 9695 11620 13545 15255 577 2264 3854 5034 5611 5879 6042 6152 6222 6269 6292 6276 6291 6314 6016 4471 2870 1234 15868 14076 12250 10445 8743 8192 8192 8192 8192 8192 8192 8192 8192 8887 10928 12841 14644 16345 1674 3334 4721 5469 5801 5988 6118 6192 6248 6273 6277 6275 6312 6352 5350 3769 2177 477 15087 13272 11441 9675 8192 8192 8192 8192 8192 8192 8192 8192 8192 9930 11835 13720 15462 783 2473 4052 5153 5659 5910 6060 6156 6222 6256 6276 6270 6275 6331 6344 4936 3309 1691 16339 14571 12756 10923 9190 8192 8192 8192 8192 8192 8192 8192 8192 8363 10544 12423 14283 15983 1297 2958 4460 5357 5752 5961 6085 6174 6230 6264 6258 6257 6289 6337 6166 4627 3018 1397 16041 14252 12426 10621 8912 8192 8192 8192 8192 8192 8192 8192 8192 8971 10993 12870 14700 21 1721 3369 4750 5478 5812 5989 6118 6190 6252 6276 6246 6264 6303 6340 6125 4571 2963 1337 15980 14190 12341 10521 8830 8192 8192 8192 8192 8192 8192 8192 8192 9123 11100 12904 14753 87 1602 297 15428 14008 12507 10966 9458 8192 8192 8192 8192 8192 8192 8192 8192 8192 8192 8192 8192 8192 8192 8192 8192 8192 8192 8192 8192 8192 8192 8192 8192 8192 8192 8214 8230 8252 8289 193 3624 305 1432 
0 14590 16294 1613 3271 4686 5455 5797 5990 6122 6217 6295 6141 4744 3179 1546 16190 14430 12632 10829 9123 8192 8192 8192 8192 8192 8192 8192 8192 8192 8192 8888 10968 12777 14634 16268 1654 3260 4717 5444 5811 5983 6127 6215 6298 6186 4804 3230 1601 16244 14485 12661 10877 9160 8192 8192 8192 8192 8192 8192 8192 8192 8192 8192 8887 10973 12848 14615 16333 1660 3311 4730 5470 5804 5989 6120 6216 6291 6248 4867 3289 1650 16309 14526 12712 10924 9221 8192 8192 8192 8192 8192 8192 8192 8192 8192 8192 8857 10946 12810 14575 16286 1604 3258 4672 5449 5795 5985 6122 6211 6298 6293 4959 3390 1757 34 14663 12877 11076 9366 8192 8192 8192 8192 8192 8192 8192 8192 8192 8192 8917 10984 12846 14603 16303 1624 3281 4686 5459 5795 5990 6124 6215 6297 6308 5012 3442 1823 102 14725 12931 11130 9409 8192 8192 8192 8192 8192 8192 8192 8192 8192 8192 8917 10990 12853 14619 16329 1646 3292 4702 5469 5807 5994 6124 6213 6294 6324 5055 3480 1861 132 14765 12958 11151 9433 8192 8192 8192 8192 8192 8192 8192 8192 8192 8192 8955 11014 12881 14644 16359 1680 3329 4729 5464 5799 5999 6120 6218 6291 6345 5129 3549 1935 212 14838 13032 11252 9523 8192 8192 8192 8192 8192 8192 8192 8192 8192 8192 8922 10984 12847 14604 16307 1617 3260 4677 5441 5794 5990 6116 6217 6280 6349 5198 3616 2014 297 14928 13139 11333 9602 8192 8192 8192 8192 8192 8192 198 2024 305 1432 
0 2132 2180 2209 2245 2179 2212 2316 2401 2402 2341 2301 2337 2408 2459 2348 2287 2209 2235 2333 2193 2154 2144 2155 2354 2324 2262 2310 2235 2371 2398 2294 2339 2337 2331 2270 1981 1190 105 15903 391 2131 3786 5102 5941 6176 6245 6249 6226 6234 6219 6177 6122 6074 6018 5702 4255 2745 1047 15685 13936 12216 10558 9002 8877 9420 9288 9628 11782 13641 15398 713 2400 3978 5150 5747 5989 6034 6076 6126 6172 6200 6249 6297 6333 6347 6343 6309 6051 4545 2971 1419 16117 14362 12553 10748 9049 8192 8192 8192 8192 8192 8192 9567 11532 13366 15119 454 2146 3750 4951 5535 5807 5958 6047 6077 6073 6099 6148 6210 6252 6271 6289 6313 6312 6314 5126 3571 2015 364 14992 13167 11332 9581 8192 8192 8192 8192 8192 8192 8192 8763 10872 12739 14514 16235 1555 3206 4616 5379 5736 5927 6045 6110 6161 6166 6165 6189 6239 6277 6311 5243 3688 2124 451 15067 13270 11436 9675 8192 8192 8192 8192 8192 8192 8192 8192 8192 10041 11962 13774 15503 828 2512 4077 5152 5639 5872 6033 6139 6211 6264 6293 6287 6288 5848 4317 2722 1102 15711 13911 12138 10258 8637 8192 8192 8192 8192 8192 8192 8192 8192 8192 9637 11605 13433 15178 504 2206 3818 5018 5592 5855 6018 6138 6222 6281 6333 6372 5614 4076 2497 792 15415 13625 11780 10009 8393 8192 8192 8192 8192 8192 8192 8192 8192 8192 9036 11095 12950 14723 50 1758 3401 4766 5485 5801 5988 203 16097 305 1432 
0 1409 1509 1634 1491 1450 1362 1327 1530 1371 1422 1396 1314 1497 1379 1442 1621 1390 1624 1559 1371 1528 1206 1314 1508 1366 1595 1497 1301 1492 1333 1500 1625 1457 1544 1446 1256 563 15603 14819 15740 1136 2856 4385 5528 6177 6275 6278 6284 6267 6285 6286 6245 6214 6176 6117 5682 4106 2699 915 15606 13787 12050 10305 8760 8192 8192 8192 9056 10897 12253 13899 15721 881 2656 4207 5233 5684 5901 5934 5969 6015 6059 6111 6165 6226 6277 6296 6332 6350 6354 6351 6343 6315 5469 3967 2414 833 15510 13707 11873 10071 8427 8192 8192 8192 8192 8192 8192 8192 9956 11897 13717 15454 783 2471 4034 5094 5591 5833 5989 6074 6141 6178 6171 6173 6197 6234 6277 5467 3917 2346 689 15327 13537 11686 9906 8300 8192 8192 8192 8192 8192 8192 8192 8192 8192 10276 12196 13988 15715 1034 2716 4263 5239 5681 5896 6045 6155 6228 6289 6338 6356 6043 4536 2944 1299 15938 14139 12321 10514 8818 8192 8192 8192 8192 8192 8192 8192 8192 8192 8192 8821 10922 12792 14553 16264 1585 3238 4665 5442 5779 5973 6106 6200 6283 6282 4944 3366 1752 34 14657 12850 11057 9346 8192 8192 8192 8192 8192 8192 8192 8192 8192 8192 8192 8807 10904 12774 14533 16249 1565 3207 4648 5437 5800 5992 6118 6209 5848 4476 2957 1315 15978 14238 12445 10682 9005 8192 8192 8192 8192 8192 8192 8192 8192 8192 8192 8192 8536 10695 12573 14336 16052 1375 3045 4537 5393 209 853 305 1432 
0 8192 8192 8192 8192 8192 8192 8699 10822 12701 14471 16187 1500 3147 4606 5411 5776 5971 6103 6202 6279 6323 6364 5359 3783 2186 471 15095 13296 11489 9740 8192 8192 8192 8192 8192 8192 8192 8192 8192 8192 10084 12006 13811 15529 849 2528 4103 5170 5663 5906 6055 6170 6256 6306 6347 5941 4460 2876 1207 15841 14064 12238 10472 8771 8192 8192 8192 8192 8192 8192 8192 8192 8192 9226 11243 13089 14845 176 1878 3516 4850 5524 5824 6005 6122 6210 6280 6337 6382 5231 3618 2009 299 14899 13085 11277 9517 8192 8192 8192 8192 8192 8192 8192 8192 8192 8192 10312 12213 14022 15744 1071 2752 4297 5271 5703 5926 6071 6188 6260 6310 6356 5898 4407 2811 1140 15776 13998 12163 10392 8721 8192 8192 8192 8192 8192 8192 8192 8192 8192 9389 11372 13212 14955 282 1971 3595 4895 5540 5838 6012 6135 6216 6299 6344 6369 5253 3645 2052 331 14952 13150 11343 9590 8192 8192 8192 8192 8192 8192 8192 8192 8192 8192 10388 12288 14082 15796 1111 2785 4314 5283 5717 5941 6079 6180 6250 6303 6350 6002 4519 2920 1257 15908 14121 12309 10516 8826 8192 8192 8192 8192 8192 8192 8192 8192 8192 9320 11308 13161 14903 232 1919 3562 4867 5532 5827 6004 6138 6221 6282 6332 6365 5397 3809 2216 509 15134 13326 11503 9758 8192 8192 8192 8192 8192 8192 8192 8192 8192 8192 10235 12143 13941 15662 977 2664 4217 5229 5685 5916 6068 6172 6258 6308 6351 6242 214 8399 305 1432 
0 2483 2367 2551 2460 2228 2397 2345 2481 2581 2321 2407 2394 2381 2543 2316 2302 2313 2267 2413 2323 2231 2269 2178 2319 2336 2229 2326 2213 2346 2460 2336 2450 2331 2368 2484 2248 2145 1364 57 16194 689 2423 4043 5300 5969 6087 6193 6192 6164 6177 6139 6107 6051 5998 5940 5300 3868 2276 545 15175 13445 11743 10110 8614 9208 9409 9408 11111 13147 14920 263 1950 3581 4889 5623 5959 6038 6070 6116 6157 6187 6230 6282 6308 6314 6309 6285 6211 4958 3452 1916 279 14919 13114 11294 9553 8192 8192 8192 8192 8192 8192 8452 10663 12539 14327 16056 1386 3058 4502 5324 5706 5908 6018 6087 6091 6100 6131 6180 6224 6256 6290 6297 6306 6299 5426 3904 2333 712 15374 13561 11709 9923 8308 8192 8192 8192 8192 8192 8192 8192 10236 12146 13944 15672 1001 2685 4227 5206 5644 5876 6025 6110 6166 6192 6175 6190 6225 6261 6296 5440 3890 2319 660 15291 13490 11646 9870 8262 8192 8192 8192 8192 8192 8192 8192 8192 9489 11476 13314 15053 384 2081 3705 4945 5548 5832 6005 6116 6195 6260 6304 6320 6314 5992 4477 2875 1226 15867 14083 12240 10441 8736 8192 8192 8192 8192 8192 8192 8192 8192 8192 9119 11163 13012 14763 80 1776 3417 4780 5488 5810 5998 6112 6206 6268 6333 6361 5620 4093 2521 824 15449 13662 11842 10077 8445 8192 8192 8192 8192 8192 8192 8192 8192 8192 8610 10765 12635 14412 16126 1449 3117 4566 5394 5761 5970 219 9371 305 1432 
0 789 2478 4051 5149 5652 5897 6055 6166 6236 6293 6330 6367 5587 4047 2460 766 15394 13590 11765 9976 8371 8192 8192 8192 8192 8192 8192 8192 8192 8192 10244 12152 13950 15672 998 2670 4221 5232 5682 5924 6068 6166 6245 6294 6339 6360 5417 3852 2266 548 15162 13365 11526 9766 8192 8192 8192 8192 8192 8192 8192 8192 8192 8329 10526 12422 14203 15923 1243 2914 4426 5330 5728 5940 6084 6171 6255 6308 6339 6363 5281 3699 2102 390 15002 13182 11366 9613 8192 8192 8192 8192 8192 8192 8192 8192 8192 8584 10721 12599 14384 16103 1418 3086 4558 5388 5765 5964 6090 6190 6261 6307 6353 6362 5182 3572 1968 241 14863 13028 11210 9468 8192 8192 8192 8192 8192 8192 8192 8192 8192 8828 10907 12798 14532 16247 1603 3221 4661 5420 5786 5970 6112 6191 6267 6315 6350 6358 5137 3514 1900 171 14786 12981 11163 9432 8192 8192 8192 8192 8192 8192 8192 8192 8192 8979 11005 12873 14636 16347 1661 3309 4711 5452 5798 5980 6114 6200 6269 6321 6351 6345 5104 3491 1879 153 14768 12956 11141 9396 8192 8192 8192 8192 8192 8192 8192 8192 8192 9103 11111 12968 14726 54 1753 3408 4777 5490 5802 5996 6111 6201 6277 6326 6352 6348 5096 3477 1872 145 14758 12939 11116 9377 8192 8192 8192 8192 8192 8192 8192 8192 8192 9123 11125 12991 14747 80 1778 3425 4776 5491 5812 5989 6123 6203 6269 6325 6344 6362 5142 3528 1919 213 14824 13023 11197 224 7191 305 1432 
0 8192 8192 8192 8192 8192 8522 10669 12573 14339 16069 1390 3059 4539 5378 5763 5964 6097 6200 6258 6323 6356 6019 4511 2914 1255 15888 14107 12271 10477 8778 8192 8192 8192 8192 8192 8192 8192 8192 8192 9573 11542 13376 15114 438 2126 3743 4978 5582 5855 6028 6144 6226 6298 6334 6373 5429 3869 2285 576 15193 13405 11571 9818 8239 8192 8192 8192 8192 8192 8192 8192 8192 8231 10466 12350 14131 15850 1164 2833 4368 5302 5720 5944 6086 6188 6253 6307 6339 6306 4898 3284 1655 16312 14538 12718 10914 9195 8192 8192 8192 8192 8192 8192 8192 8192 8192 9174 11180 13031 14791 120 1800 3459 4809 5507 5820 6000 6133 6212 6272 6319 6357 5794 4271 2686 1015 15651 13846 12040 10241 8590 8192 8192 8192 8192 8192 8192 8192 8192 8192 10013 11938 13749 15484 812 2499 4070 5164 5655 5909 6059 6169 6249 6294 6342 6372 5328 3738 2135 412 15038 13226 11402 9648 8192 8192 8192 8192 8192 8192 8192 8192 8192 8554 10697 12583 14356 16070 1391 3058 4526 5380 5764 5960 6103 6194 6263 6323 6356 6278 4851 3251 1619 16269 14485 12675 10864 9136 8192 8192 8192 8192 8192 8192 8192 8192 8192 9364 11342 13198 14954 277 1980 3614 4915 5547 5840 6016 6134 6224 6282 6326 6364 5911 4395 2812 1148 15785 13989 12166 10375 8699 8192 8192 8192 8192 8192 8192 8192 8192 8192 9974 11896 13705 15440 766 2443 4034 5139 5648 5898 6053 6164 6242 6300 6333 6362 230 1302 305 1432 
0 8192 8192 8192 8192 8192 9560 11506 13350 15096 421 2107 3725 4970 5570 5860 6028 6148 6228 6285 6326 6358 5972 4463 2880 1219 15863 14078 12252 10458 8774 8192 8192 8192 8192 8192 8192 8192 8192 8192 9951 11867 13679 15407 735 2434 4014 5141 5641 5888 6055 6165 6244 6290 6330 6357 5794 4274 2686 1017 15648 13855 12039 10242 8591 8192 8192 8192 8192 8192 8192 8192 8192 8192 10238 12132 13936 15665 993 2668 4222 5229 5692 5918 6064 6175 6236 6300 6345 6344 5670 4133 2543 863 15482 13673 11848 10073 8440 8192 8192 8192 8192 8192 8192 8192 8192 8192 10409 12297 14088 15812 1134 2807 4333 5288 5711 5937 6083 6178 6250 6302 6350 6355 5581 4039 2455 765 15397 13592 11757 9972 8359 8192 8192 8192 8192 8192 8192 8192 8192 8302 10567 12442 14224 15939 1253 2933 4428 5331 5743 5954 6090 6181 6246 6304 6336 6350 5565 4008 2424 729 15355 13551 11735 9948 8332 8192 8192 8192 8192 8192 8192 8192 8192 8423 10656 12522 14306 16017 1345 3020 4498 5362 5741 5956 6095 6191 6251 6294 6337 6338 5548 3994 2411 718 15360 13542 11730 9958 8344 8192 8192 8192 8192 8192 8192 8192 8192 8483 10695 12560 14335 16053 1365 3026 4490 5363 5751 5966 6099 6186 6261 6306 6326 6334 5617 4084 2502 824 15453 13659 11838 10046 8427 8192 8192 8192 8192 8192 8192 8192 8192 8397 10671 12524 14304 16030 1354 3024 4505 5365 5751 5959 6094 6192 6250 6302 235 2347 305 1432 
0 8192 8192 8192 8192 10303 12208 14007 15733 1060 2748 4286 5263 5692 5919 6068 6168 6243 6294 6329 6334 6320 5042 3428 1819 86 14689 12855 11044 9295 8192 8192 8192 8192 8192 8192 8192 8192 8192 9347 11430 13242 14985 317 2013 3647 4923 5551 5835 6015 6137 6211 6273 6309 6333 6327 5889 4363 2759 1098 15735 13934 12100 10298 8624 8192 8192 8192 8192 8192 8192 8192 8192 8192 10277 12214 13991 15714 1046 2727 4270 5248 5694 5928 6072 6165 6233 6289 6322 6332 6327 5342 3775 2190 490 15107 13290 11469 9700 8192 8192 8192 8192 8192 8192 8192 8192 8192 9016 11097 12967 14727 58 1753 3401 4759 5483 5803 5993 6119 6207 6258 6300 6324 6317 6287 4921 3294 1680 16330 14549 12729 10897 9152 8192 8192 8192 8192 8192 8192 8192 8192 8192 9682 11717 13517 15253 581 2278 3885 5066 5608 5872 6032 6152 6219 6271 6316 6328 6310 6119 4603 2987 1353 15996 14210 12360 10552 8862 8192 8192 8192 8192 8192 8192 8192 8192 8192 10182 12185 13948 15665 984 2661 4223 5233 5681 5913 6066 6164 6232 6276 6324 6307 6298 5914 4385 2777 1129 15769 13968 12146 10346 8668 8192 8192 8192 8192 8192 8192 8192 8192 8294 10480 12462 14200 15908 1224 2900 4402 5315 5724 5941 6087 6175 6238 6285 6314 6296 6303 5825 4292 2697 1037 15675 13888 12045 10247 8587 8192 8192 8192 8192 8192 8192 8192 8192 8549 10676 12648 14379 16100 1422 3085 4554 5389 5752 5956 240 3455 305 1432 
0 2141 2250 2345 2249 2159 2136 2172 2356 2295 2220 2194 2257 2361 2369 2204 2222 2134 2267 2369 2244 2252 2145 2222 2292 2239 2227 2216 2243 2362 2240 2169 2100 2283 2560 2404 2038 1785 1264 355 15769 16382 1722 3419 4825 5785 6077 6165 6184 6159 6162 6139 6100 6053 5993 5932 5478 4037 2491 781 15415 13674 11941 10284 8748 8882 9398 9499 10818 12936 14717 87 1791 3431 4792 5565 5919 6021 6049 6095 6149 6182 6214 6261 6291 6301 6300 6267 6223 5534 4030 2476 885 15553 13764 11945 10168 8523 8192 8192 8192 8192 8192 8318 10541 12441 14232 15956 1289 2956 4434 5300 5686 5887 5996 6061 6067 6077 6117 6171 6221 6249 6281 6294 6294 6287 6274 5180 3649 2096 461 15107 13277 11431 9653 8192 8192 8192 8192 8192 8192 8192 9149 11178 13035 14798 135 1841 3476 4790 5460 5768 5948 6048 6120 6151 6132 6159 6191 6233 6271 6280 5748 4205 2610 984 15644 13855 12008 10203 8538 8192 8192 8192 8192 8192 8192 8192 8192 9754 11704 13535 15277 603 2298 3893 5046 5588 5848 6008 6125 6193 6235 6273 6279 6254 6254 4931 3301 1689 16361 14593 12770 10924 9205 8192 8192 8192 8192 8192 8192 8192 8192 8192 9132 11167 13029 14786 114 1811 3450 4787 5488 5799 5989 6114 6198 6255 6313 6346 6235 4779 3166 1537 16182 14406 12598 10783 9074 8192 8192 8192 8192 8192 8192 8192 8192 8192 8308 10536 12422 14198 15912 1238 2907 4412 5326 5722 245 3788 305 1432 
0 1147 1138 1166 1275 1324 1536 1593 1460 1514 1440 1599 1820 1622 1587 1339 1271 1461 1239 1312 1357 1329 1557 1354 1299 1427 1431 1729 1687 1502 1561 1423 1321 946 16018 15137 15155 240 2058 3697 5036 5941 6283 6338 6358 6350 6347 6362 6333 6302 6261 6206 5951 4503 2997 1355 16008 14260 12488 10738 9128 8192 8192 8192 8601 10216 11982 13538 15403 692 2382 4013 5118 5650 5885 5935 5954 6014 6055 6096 6162 6225 6272 6311 6347 6366 6378 6391 6400 6383 5534 4029 2470 903 15581 13783 11946 10135 8476 8192 8192 8192 8192 8192 8192 8192 10063 11986 13809 15544 860 2549 4091 5134 5604 5846 5986 6080 6137 6173 6166 6171 6204 6244 6279 5237 3654 2086 405 15029 13225 11401 9637 8192 8192 8192 8192 8192 8192 8192 8192 8192 8611 10757 12639 14410 16116 1434 3095 4542 5376 5736 5942 6077 6169 6249 6299 6339 6359 5491 3937 2352 654 15297 13496 11688 9912 8315 8192 8192 8192 8192 8192 8192 8192 8192 8192 8192 9773 11714 13523 15255 578 2268 3871 5057 5607 5872 6035 6148 6236 6311 5519 4018 2452 759 15403 13622 11804 10053 8441 8192 8192 8192 8192 8192 8192 8192 8192 8192 8192 8192 10071 11995 13795 15517 844 2542 4124 5186 5672 5909 6072 6189 6140 4843 3318 1710 3 14643 12858 11093 9410 8192 8192 8192 8192 8192 8192 8192 8192 8192 8192 8192 8192 10110 12022 13819 15544 865 2553 4137 5210 5690 5934 6088 6194 5468 250 4862 305 1432 
0 1456 1558 1356 1274 1231 1307 1420 1520 1656 1851 1852 1722 1627 1534 1547 1367 1209 1103 1129 1165 1201 1321 1464 1531 1523 1405 1557 1667 1694 1731 1527 1465 1065 16237 15065 14837 16102 1570 3248 4690 5746 6234 6327 6345 6354 6341 6369 6345 6309 6268 6231 6144 4875 3432 1837 113 14742 12977 11231 9563 8192 8192 8192 8412 9776 11516 12984 14956 278 1952 3626 4894 5558 5851 5927 5954 6000 6050 6096 6151 6212 6264 6311 6340 6365 6381 6417 6375 6381 5575 4026 2506 900 15611 13791 11966 10161 8535 8192 8192 8192 8192 8192 8192 8192 10193 12103 13911 15637 952 2641 4171 5168 5622 5847 6001 6082 6137 6162 6153 6167 6207 6249 6288 5209 3611 2038 356 14992 13189 11350 9618 8192 8192 8192 8192 8192 8192 8192 8192 8192 8854 10948 12818 14590 16306 1632 3285 4683 5429 5771 5960 6084 6188 6259 6304 6336 6354 5441 3873 2288 585 15210 13406 11573 9799 8224 8192 8192 8192 8192 8192 8192 8192 8192 8192 8192 9947 11882 13693 15421 738 2434 4019 5134 5636 5887 6047 6159 6248 6321 5463 3941 2369 664 15307 13525 11713 9986 8373 8192 8192 8192 8192 8192 8192 8192 8192 8192 8192 8192 10379 12279 14070 15792 1117 2802 4343 5300 5726 5956 6096 6192 6042 4722 3204 1583 16260 14500 12720 10935 9256 8192 8192 8192 8192 8192 8192 8192 8192 8192 8192 8192 8192 10377 12283 14067 15786 1103 2779 4323 5298 5733 5954 6101 6205 5371 255 15964 305 1432 
0 8192 8192 8192 8192 8192 8817 10906 12778 14540 16251 1569 3224 4657 5438 5785 5984 6106 6206 6268 6312 6365 5980 4486 2891 1230 15868 14082 12249 10452 8795 8192 8192 8192 8192 8192 8192 8192 8192 8192 9683 11624 13461 15193 522 2208 3823 5028 5597 5873 6036 6150 6226 6286 6333 6367 5499 3929 2347 644 15270 13467 11643 9874 8267 8192 8192 8192 8192 8192 8192 8192 8192 8192 10380 12291 14082 15814 1136 2815 4337 5293 5716 5935 6083 6188 6256 6304 6351 6363 5071 3456 1837 101 14704 12896 11076 9335 8192 8192 8192 8192 8192 8192 8192 8192 8192 8969 10999 12867 14623 16339 1659 3317 4717 5460 5799 5987 6119 6205 6275 6328 6361 6091 4608 2999 1347 15989 14207 12374 10571 8873 8192 8192 8192 8192 8192 8192 8192 8192 8192 9613 11566 13397 15145 472 2160 3772 5007 5588 5864 6037 6147 6222 6287 6323 6360 5704 4167 2581 905 15526 13735 11908 10134 8487 8192 8192 8192 8192 8192 8192 8192 8192 8192 10188 12100 13899 15626 947 2622 4184 5221 5681 5913 6065 6178 6250 6301 6337 6363 5383 3811 2216 515 15139 13342 11519 9750 8192 8192 8192 8192 8192 8192 8192 8192 8192 8480 10670 12547 14323 16042 1354 3024 4496 5369 5751 5956 6100 6195 6257 6307 6345 6368 5123 3512 1913 190 14809 12987 11165 9451 8192 8192 8192 8192 8192 8192 8192 8192 8192 9041 11072 12942 14702 33 1738 3386 4761 5480 5802 5999 6114 6212 6278 6320 6347 260 12373 305 1432 
0 112 1807 3461 4807 5505 5817 6002 6119 6211 6270 6332 6361 5683 4149 2563 880 15517 13719 11895 10135 8498 8192 8192 8192 8192 8192 8192 8192 8192 8192 9971 11896 13706 15443 762 2447 4020 5134 5645 5894 6054 6161 6241 6304 6345 6369 5242 3633 2025 307 14933 13123 11302 9559 8192 8192 8192 8192 8192 8192 8192 8192 8192 8478 10647 12533 14307 16027 1351 3016 4509 5365 5755 5959 6100 6192 6260 6322 6354 6204 4740 3140 1503 16142 14365 12539 10728 9030 8192 8192 8192 8192 8192 8192 8192 8192 8192 9236 11249 13098 14846 178 1878 3521 4850 5519 5827 6005 6123 6214 6276 6339 6367 5788 4275 2688 1005 15643 13840 12025 10236 8589 8192 8192 8192 8192 8192 8192 8192 8192 8192 9909 11837 13660 15388 712 2400 3991 5118 5636 5889 6051 6163 6239 6294 6337 6373 5428 3848 2265 552 15179 13376 11552 9774 8197 8192 8192 8192 8192 8192 8192 8192 8192 8192 10438 12335 14122 15846 1173 2849 4374 5310 5720 5940 6083 6181 6257 6305 6348 6375 5078 3459 1840 114 14725 12901 11091 9342 8192 8192 8192 8192 8192 8192 8192 8192 8192 8870 10938 12813 14584 16298 1621 3280 4695 5450 5786 5984 6113 6208 6271 6321 6362 6197 4726 3122 1481 16121 14337 12515 10719 9007 8192 8192 8192 8192 8192 8192 8192 8192 8192 9395 11369 13209 14959 288 1986 3606 4894 5538 5840 6019 6136 6212 6280 6329 6361 5923 4414 2824 1172 15816 14028 12215 10409 8731 265 11861 305 1432 
0 8192 8192 8192 8192 8192 8192 8192 8192 10037 11968 13775 15499 820 2515 4078 5177 5664 5909 6067 6168 6256 6320 6115 4688 3120 1466 16112 14347 12530 10752 9045 8192 8192 8192 8192 8192 8192 8192 8192 8192 8192 10271 12169 13971 15692 1022 2701 4249 5247 5689 5929 6071 6182 6271 6316 5874 4420 2845 1171 15812 14030 12220 10447 8781 8192 8192 8192 8192 8192 8192 8192 8192 8192 8420 10616 12494 14272 15984 1303 2972 4473 5365 5750 5960 6100 6202 6270 6335 5715 4222 2654 963 15605 13822 12012 10240 8616 8192 8192 8192 8192 8192 8192 8192 8192 8192 8802 10898 12762 14525 16241 1560 3219 4655 5430 5787 5981 6115 6217 6283 6341 5589 4084 2510 821 15451 13666 11861 10099 8486 8192 8192 8192 8192 8192 8192 8192 8192 8192 9106 11129 12994 14753 79 1777 3440 4799 5501 5816 5999 6128 6216 6288 6355 5462 3930 2340 631 15263 13459 11636 9893 8301 8192 8192 8192 8192 8192 8192 8192 8192 8192 9354 11357 13198 14950 288 1986 3616 4908 5552 5851 6024 6144 6228 6300 6359 5381 3810 2212 496 15114 13314 11491 9733 8192 8192 8192 8192 8192 8192 8192 8192 8192 8192 9502 11473 13312 15049 371 2073 3693 4958 5579 5855 6030 6150 6237 6297 6356 5315 3740 2143 428 15054 13253 11448 9692 8192 8192 8192 8192 8192 8192 8192 8192 8192 8192 9721 11677 13498 15231 561 2261 3862 5064 5615 5880 6041 6158 6242 6300 6356 5320 3739 2127 410 270 10406 305 1432 
0 1865 3516 4849 5526 5827 6011 6141 6219 6278 6317 6342 6334 5505 3936 2351 636 15273 13466 11626 9866 8260 8192 8192 8192 8192 8192 8192 8192 8192 8841 11028 12863 14635 16353 1671 3329 4721 5473 5809 5992 6125 6213 6280 6316 6338 6337 5797 4267 2679 1016 15647 13835 12013 10234 8569 8192 8192 8192 8192 8192 8192 8192 8192 8424 10642 12531 14320 16045 1370 3038 4529 5381 5761 5971 6102 6199 6260 6304 6341 6323 6192 4700 3096 1468 16120 14322 12490 10674 8955 8192 8192 8192 8192 8192 8192 8192 8192 8192 10144 12100 13873 15608 938 2620 4179 5218 5688 5918 6068 6176 6247 6304 6332 6333 6319 5256 3666 2063 360 14984 13171 11333 9590 8192 8192 8192 8192 8192 8192 8192 8192 8192 9472 11511 13327 15065 390 2085 3713 4961 5579 5860 6035 6149 6222 6282 6313 6317 6314 5868 4345 2746 1081 15716 13932 12096 10301 8625 8192 8192 8192 8192 8192 8192 8192 8192 8524 10688 12601 14355 16081 1398 3065 4556 5323 5813 5927 6136 6164 6271 6290 6336 6308 6335 5092 3497 1891 181 14781 12976 11135 9405 8192 8192 8192 8192 8192 8192 8192 8192 8192 9752 11782 13572 15305 634 2316 3913 5087 5624 5890 6057 6158 6232 6276 6328 6323 6317 5878 4342 2750 1094 15728 13935 12108 10298 8635 8192 8192 8192 8192 8192 8192 8192 8192 8644 10763 12703 14442 16170 1505 3173 4610 5420 5775 5984 6114 6204 6259 6300 6326 6302 6317 5330 3746 2151 442 275 8088 305 1432 
0 2315 2555 2729 2753 2635 2408 2525 2790 2748 2635 2328 2368 2564 2663 2531 2418 2328 2440 2442 2367 2357 2405 2546 2435 2384 2368 2381 2524 2446 2373 2475 2381 2472 2434 2313 2501 2294 1609 515 15694 169 1877 3561 4931 5897 6270 6364 6393 6395 6383 6373 6345 6282 6228 6167 5634 4191 2667 974 15619 13885 12160 10505 8940 9140 9672 9812 11377 13353 15126 499 2190 3792 5038 5682 5980 6040 6079 6139 6185 6228 6290 6336 6399 6424 6438 6445 6437 5906 4392 2835 1268 15955 14188 12371 10603 8897 8192 8192 8192 8192 8192 8192 9917 11832 13663 15401 731 2421 4001 5078 5596 5845 5987 6063 6078 6073 6104 6169 6226 6268 6303 6324 6340 6296 4860 3248 1676 16377 14606 12778 10940 9215 8192 8192 8192 8192 8192 8192 8192 8749 10868 12745 14521 16231 1557 3212 4619 5397 5744 5940 6068 6130 6190 6202 6189 6211 6262 6311 5824 4287 2701 1058 15701 13911 12078 10295 8629 8192 8192 8192 8192 8192 8192 8192 8192 8693 10845 12634 14516 16152 1541 3143 4621 5388 5772 5949 6088 6178 6256 6289 6336 6326 5857 4334 2747 1086 15730 13956 12119 10340 8675 8192 8192 8192 8192 8192 8192 8192 8192 8192 9183 11207 13063 14822 159 1864 3503 4833 5515 5820 6002 6128 6214 6281 6342 6305 4926 3323 1694 16342 14577 12754 10961 9248 8192 8192 8192 8192 8192 8192 8192 8192 8192 8192 9448 11427 13264 15003 335 2030 3659 4931 5557 5852 6024 6149 281 7906 305 1432 
0 2182 2219 2307 2258 2263 2216 2232 2315 2307 2332 2300 2307 2315 2251 2263 2285 2214 2261 2287 2327 2409 2307 2230 2260 2200 2310 2351 2187 2295 2350 2306 2393 2226 2209 2356 2078 1734 617 15629 16207 1287 3033 4516 5617 6171 6281 6323 6313 6313 6298 6267 6208 6166 6108 5920 4524 3068 1407 16043 14314 12584 10901 9341 8478 9418 9597 9908 12174 14015 15768 1107 2786 4305 5327 5822 6012 6051 6088 6149 6183 6223 6290 6335 6370 6389 6392 6375 6147 4643 3062 1511 16215 14467 12638 10845 9121 8192 8192 8192 8192 8192 8192 9788 11746 13583 15323 655 2347 3932 5053 5577 5836 5967 6056 6075 6064 6100 6164 6217 6256 6290 6303 6325 6342 6076 4530 2931 1354 16027 14260 12427 10596 8901 8192 8192 8192 8192 8192 8192 8192 9892 11830 13649 15388 718 2416 3992 5091 5602 5852 5998 6087 6140 6164 6154 6180 6226 6265 6303 5814 4273 2686 1051 15713 13911 12078 10289 8624 8192 8192 8192 8192 8192 8192 8192 8192 9416 11405 13246 14988 318 2010 3626 4896 5527 5812 5990 6102 6192 6237 6290 6303 6285 6096 4594 2985 1363 16011 14232 12410 10610 8920 8192 8192 8192 8192 8192 8192 8192 8192 8192 9446 11426 13253 14989 309 2001 3631 4906 5544 5826 6002 6125 6211 6277 6323 6361 5475 3928 2339 634 15257 13463 11645 9889 8300 8192 8192 8192 8192 8192 8192 8192 8192 8192 9393 11388 13227 14970 298 1994 3627 4912 5546 5838 6014 6132 286 7321 305 1432 
0 2579 2660 2657 2490 2357 2426 2446 2368 2264 2147 2252 2354 2274 2174 2183 2348 2565 2484 2352 2254 2299 2503 2469 2363 2313 2222 2351 2375 2287 2309 2247 2331 2489 2408 2404 2292 2030 1506 241 15817 237 1929 3613 4976 5907 6257 6353 6380 6376 6374 6347 6313 6265 6206 6133 5264 3863 2297 585 15232 13512 11812 10184 8661 9206 9593 10293 12586 14355 16096 1439 3089 4540 5442 5871 6033 6068 6109 6168 6208 6257 6311 6360 6413 6431 6441 6433 6369 5004 3456 1932 282 14937 13132 11306 9580 8192 8192 8192 8192 8192 8192 10011 12019 13802 15540 863 2552 4103 5134 5620 5857 5979 6048 6040 6058 6115 6168 6222 6266 6293 6325 6344 6358 6224 4705 3103 1555 16255 14481 12658 10840 9120 8192 8192 8192 8192 8192 8192 8192 10082 12010 13825 15560 884 2570 4116 5146 5627 5873 5999 6090 6143 6142 6140 6182 6230 6277 6309 5913 4371 2784 1172 15821 14044 12204 10405 8732 8192 8192 8192 8192 8192 8192 8192 8192 9646 11605 13426 15171 502 2197 3811 5002 5580 5837 6002 6121 6193 6240 6280 6275 6276 5993 4474 2876 1232 15888 14089 12275 10476 8782 8192 8192 8192 8192 8192 8192 8192 8192 8192 9750 11703 13532 15272 596 2290 3889 5069 5607 5863 6034 6145 6226 6277 6343 6364 5239 3631 2025 309 14922 13111 11283 9540 8192 8192 8192 8192 8192 8192 8192 8192 8192 8192 9841 11778 13601 15337 662 2352 3937 5090 5625 5898 6024 6175 291 6381 305 1432 
0 8192 8192 8192 8192 8441 10653 12527 14304 16024 1345 3013 4496 5360 5747 5955 6100 6189 6259 6313 6337 6355 5476 3918 2338 635 15263 13469 11635 9866 8272 8192 8192 8192 8192 8192 8192 8192 8192 8525 10725 12590 14372 16092 1411 3080 4551 5387 5763 5960 6096 6196 6254 6310 6341 6347 5550 3996 2413 719 15359 13538 11711 9922 8326 8192 8192 8192 8192 8192 8192 8192 8192 8480 10716 12578 14361 16084 1410 3073 4534 5383 5757 5961 6102 6199 6257 6304 6342 6338 5641 4093 2506 815 15450 13658 11819 10050 8407 8192 8192 8192 8192 8192 8192 8192 8192 8357 10635 12515 14298 16027 1354 3026 4509 5359 5754 5958 6101 6188 6250 6309 6343 6340 5847 4314 2721 1055 15675 13878 12054 10237 8587 8192 8192 8192 8192 8192 8192 8192 8192 8192 10408 12273 14071 15793 1115 2787 4334 5290 5703 5934 6076 6182 6249 6285 6336 6336 6136 4628 3016 1378 16033 14234 12411 10621 8929 8192 8192 8192 8192 8192 8192 8192 8192 8192 10099 12015 13844 15528 900 2541 4131 5182 5671 5899 6057 6158 6242 6284 6332 6342 6316 5021 3401 1796 74 14693 12862 11032 9306 8192 8192 8192 8192 8192 8192 8192 8192 8192 9603 11601 13420 15160 495 2188 3805 5011 5600 5867 6031 6149 6219 6280 6323 6331 6317 5468 3912 2322 632 15248 13446 11593 9827 8211 8192 8192 8192 8192 8192 8192 8192 8192 8888 11043 12874 14637 16360 1681 3323 4721 5458 5796 5992 6112 6208 6258 296 1077 305 1432 
0 2442 2359 2382 2346 2491 2531 2428 2401 2326 2398 2515 2374 2382 2302 2381 2540 2401 2390 2325 2321 2497 2375 2298 2269 2091 2315 2381 2451 2700 2576 2693 2709 2585 2690 2466 2199 1662 356 15791 16039 1157 2913 4411 5543 6082 6199 6279 6273 6260 6252 6212 6171 6123 6061 5856 4446 2973 1301 15948 14206 12478 10805 9238 8715 9600 9701 11712 13606 15362 718 2436 4005 5150 5733 6008 6044 6080 6127 6179 6227 6282 6328 6362 6384 6390 6364 6332 5763 4258 2702 1140 15819 14039 12232 10445 8765 8192 8192 8192 8192 8192 9600 11568 13445 15172 509 2205 3805 4986 5549 5813 5951 6028 6028 6047 6093 6160 6213 6248 6282 6311 6325 6343 6349 6362 5665 4145 2583 1003 15676 13889 12048 10258 8596 8192 8192 8192 8192 8192 8192 9348 11341 13192 14943 268 1956 3590 4858 5487 5781 5950 6042 6099 6105 6118 6145 6200 6251 6282 6300 6305 5018 3426 1859 190 14808 12995 11180 9443 8192 8192 8192 8192 8192 8192 8192 8192 9343 11339 13177 14922 249 1944 3578 4865 5501 5799 5976 6096 6173 6219 6255 6243 6235 6266 5656 4127 2543 886 15522 13725 11902 10111 8474 8192 8192 8192 8192 8192 8192 8192 8192 8429 10623 12503 14280 15999 1321 2973 4464 5340 5732 5938 6072 6170 6241 6297 6337 6347 5497 3944 2364 670 15311 13496 11661 9896 8294 8192 8192 8192 8192 8192 8192 8192 8192 8192 9850 11789 13611 15348 668 2359 3951 5098 5619 5877 300 15782 305 1432 
0 6135 6191 6246 6285 6324 6347 6376 6374 6379 6383 6351 5060 3525 1990 367 15009 13201 11371 9577 8192 8192 8192 8192 8192 8192 8192 8192 10346 12253 14050 15778 1102 2766 4272 5220 5651 5864 6010 6096 6153 6183 6182 6173 6211 6250 6265 4916 3306 1722 16 14641 12832 11006 9279 8192 8192 8192 8192 8192 8192 8192 8192 8192 8614 10759 12631 14400 16116 1437 3095 4545 5362 5737 5943 6080 6180 6246 6311 6352 6378 5302 3686 2092 379 15003 13192 11367 9608 8192 8192 8192 8192 8192 8192 8192 8192 8192 8192 8192 9537 11511 13344 15076 396 2086 3706 4953 5570 5854 6030 6145 6232 6315 5339 3786 2210 505 15152 13375 11572 9824 8262 8192 8192 8192 8192 8192 8192 8192 8192 8192 8192 8192 9833 11764 13576 15300 624 2318 3922 5100 5636 5895 6059 6172 6010 4696 3191 1580 16267 14517 12749 10981 9306 8192 8192 8192 8192 8192 8192 8192 8192 8192 8192 8192 8192 9832 11764 13579 15307 629 2322 3923 5094 5654 5909 6067 6185 5460 4023 2513 866 15530 13775 12011 10267 8664 8192 8192 8192 8192 8192 8192 8192 8192 8192 8192 8192 8594 10740 12620 14387 16103 1415 3084 4556 5407 5783 5992 6127 6099 4817 3325 1747 64 14714 12947 11199 9514 8192 8192 8192 8192 8192 8192 8192 8192 8192 8192 8192 8192 10069 11981 13793 15518 847 2530 4109 5199 5690 5933 6084 6191 5587 4168 2643 984 15655 13902 12126 10382 8737 8192 8192 8192 8192 8192 4 12843 305 1519 
0 8192 8192 8192 8192 8192 9288 11262 13127 14883 214 1908 3552 4865 5531 5829 6002 6134 6225 6284 6326 6364 5989 4481 2878 1217 15857 14058 12232 10424 8739 8192 8192 8192 8192 8192 8192 8192 8192 8192 9667 11614 13440 15174 507 2206 3814 5027 5598 5864 6036 6146 6235 6288 6341 6366 5776 4258 2670 999 15625 13830 12003 10217 8561 8192 8192 8192 8192 8192 8192 8192 8192 8192 9981 11892 13701 15434 754 2450 4028 5133 5649 5892 6055 6166 6237 6291 6331 6374 5649 4116 2532 845 15466 13656 11835 10059 8444 8192 8192 8192 8192 8192 8192 8192 8192 8192 10250 12114 13936 15648 976 2644 4216 5221 5681 5912 6068 6171 6246 6296 6344 6353 5571 4021 2438 749 15384 13578 11747 9985 8338 8192 8192 8192 8192 8192 8192 8192 8192 8192 10395 12276 14072 15787 1108 2798 4323 5282 5707 5933 6083 6175 6254 6307 6333 6357 5574 4022 2442 749 15376 13571 11741 9955 8345 8192 8192 8192 8192 8192 8192 8192 8192 8192 10419 12299 14087 15816 1141 2814 4354 5297 5722 5937 6076 6181 6253 6307 6340 6361 5594 4054 2465 764 15395 13581 11750 9960 8340 8192 8192 8192 8192 8192 8192 8192 8192 8192 10410 12284 14068 15786 1112 2785 4321 5281 5714 5933 6080 6181 6261 6299 6347 6359 5695 4166 2581 892 15526 13732 11888 10111 8476 8192 8192 8192 8192 8192 8192 8192 8192 8192 10357 12221 14011 15741 1063 2744 4274 5254 5702 5931 6085 6178 6242 6302 9 9629 305 1519 
0 1699 1323 1280 1386 1659 1776 1449 1312 1359 1488 1632 1421 1320 1271 1234 1507 1520 1573 1728 1746 1875 1858 1540 1647 1528 1412 1371 991 1079 1187 1231 1386 1243 442 15728 14960 16014 1503 3191 4656 5714 6207 6240 6256 6255 6247 6270 6238 6198 6159 6124 6057 4977 3556 1941 202 14841 13061 11307 9651 8192 8192 8192 8262 9796 11589 13178 15089 387 2084 3743 4951 5584 5860 5928 5972 6002 6037 6120 6123 6215 6239 6301 6308 6343 6335 6342 6302 6268 5020 3509 1973 362 15008 13195 11355 9598 8192 8192 8192 8192 8192 8192 8192 8646 10786 12665 14438 16159 1477 3122 4541 5344 5709 5904 6025 6099 6143 6150 6156 6171 6215 6259 6272 5147 3577 2007 326 14964 13150 11315 9563 8192 8192 8192 8192 8192 8192 8192 8192 8192 9098 11132 12984 14744 72 1765 3399 4753 5465 5788 5973 6096 6185 6243 6294 6328 6344 5771 4252 2682 1017 15652 13868 12026 10243 8596 8192 8192 8192 8192 8192 8192 8192 8192 8192 8192 9889 11828 13647 15370 682 2369 3959 5107 5624 5889 6046 6157 6237 6312 6268 4909 3323 1699 16350 14583 12770 10981 9267 8192 8192 8192 8192 8192 8192 8192 8192 8192 8192 8192 9634 11583 13417 15161 481 2175 3787 5020 5604 5871 6040 6160 6245 5893 4523 2981 1335 15990 14235 12434 10662 8983 8192 8192 8192 8192 8192 8192 8192 8192 8192 8192 8192 9157 11178 13032 14779 116 1816 3462 4824 5522 5834 6018 6149 6231 14 12118 305 1519 
0 8192 8192 8192 8192 8192 8192 9707 11659 13480 15213 534 2224 3830 5031 5602 5872 6032 6150 6220 6295 6349 6297 4901 3290 1667 16321 14539 12725 10912 9220 8192 8192 8192 8192 8192 8192 8192 8192 8192 8640 10776 12658 14424 16140 1460 3118 4579 5400 5765 5973 6103 6197 6276 6326 6359 5630 4093 2504 811 15445 13655 11831 10052 8427 8192 8192 8192 8192 8192 8192 8192 8192 8192 9800 11743 13563 15299 623 2318 3915 5081 5621 5883 6044 6157 6243 6302 6344 6332 4968 3360 1734 16383 14607 12802 10986 9264 8192 8192 8192 8192 8192 8192 8192 8192 8192 8584 10726 12614 14390 16106 1424 3092 4552 5388 5762 5964 6101 6195 6267 6319 6358 5780 4280 2691 1014 15636 13847 12022 10248 8601 8192 8192 8192 8192 8192 8192 8192 8192 8192 9633 11600 13429 15170 493 2178 3797 5008 5593 5864 6029 6154 6224 6297 6342 6373 5215 3607 1999 279 14900 13096 11285 9544 8192 8192 8192 8192 8192 8192 8192 8192 8192 8301 10515 12406 14190 15903 1221 2895 4403 5320 5731 5942 6092 6186 6264 6319 6348 6056 4589 2990 1333 15968 14182 12350 10554 8864 8192 8192 8192 8192 8192 8192 8192 8192 8192 9278 11282 13121 14874 204 1904 3538 4862 5528 5832 6010 6126 6217 6276 6331 6378 5519 3969 2388 683 15303 13512 11677 9914 8311 8192 8192 8192 8192 8192 8192 8192 8192 8192 10108 12027 13836 15566 892 2576 4148 5194 5670 5910 6063 6165 6247 6307 6356 6369 19 8786 305 1519 
0 1472 1417 1384 1462 1320 1420 1533 1414 1658 1424 1403 1494 1313 1495 1514 1393 1576 1363 1343 1506 1296 1549 1499 1355 1578 1374 1411 1443 1323 1584 1559 1522 1488 1363 1478 1320 687 15899 14722 15209 503 2286 3899 5188 6023 6282 6316 6334 6317 6325 6332 6288 6265 6229 6173 5820 4362 2842 1181 15828 14070 12288 10573 8960 8192 8192 8192 8815 10589 12224 13834 15652 665 2321 3953 5101 5637 5884 5936 5960 6014 6059 6112 6159 6218 6270 6306 6337 6362 6379 6380 6378 6369 5622 4115 2555 985 15659 13880 12049 10229 8579 8192 8192 8192 8192 8192 8192 8192 9958 11897 13717 15447 769 2450 4016 5090 5593 5834 5981 6074 6137 6172 6161 6165 6201 6243 6278 5372 3819 2250 574 15223 13427 11593 9837 8244 8192 8192 8192 8192 8192 8192 8192 8192 8423 10620 12508 14294 16005 1323 2987 4471 5340 5718 5931 6063 6169 6239 6293 6335 6353 5708 4174 2601 923 15557 13765 11932 10147 8512 8192 8192 8192 8192 8192 8192 8192 8192 8192 8192 9522 11493 13333 15069 394 2085 3714 4962 5573 5851 6021 6138 6228 6299 5771 4309 2749 1070 15719 13945 12142 10362 8718 8192 8192 8192 8192 8192 8192 8192 8192 8192 8192 8192 9819 11761 13573 15305 628 2327 3922 5096 5636 5895 6055 6168 6260 5179 3643 2076 377 15031 13251 11480 9752 8232 8192 8192 8192 8192 8192 8192 8192 8192 8192 8192 8192 9826 11763 13576 15312 636 2326 3922 5095 5639 24 8820 305 1519 
0 8192 8192 8192 8192 8192 8192 8192 8192 10387 12281 14067 15794 1108 2783 4327 5292 5718 5942 6086 6180 6260 6336 5657 4189 2582 923 15534 13779 11957 10219 8569 8192 8192 8192 8192 8192 8192 8192 8192 8192 8685 10817 12691 14454 16166 1483 3151 4604 5413 5779 5981 6112 6198 6289 6353 5386 3815 2229 522 15147 13366 11555 9825 8224 8192 8192 8192 8192 8192 8192 8192 8192 8192 9309 11295 13150 14895 221 1921 3570 4886 5542 5844 6028 6144 6236 6292 6344 5081 3499 1881 156 14779 12993 11190 9458 8192 8192 8192 8192 8192 8192 8192 8192 8192 8192 9828 11772 13582 15313 636 2328 3931 5098 5628 5894 6052 6166 6258 6320 6184 4767 3195 1559 16217 14440 12639 10853 9143 8192 8192 8192 8192 8192 8192 8192 8192 8192 8192 10176 12088 13889 15615 942 2626 4192 5231 5685 5928 6077 6178 6269 6326 5936 4485 2908 1240 15880 14117 12301 10512 8848 8192 8192 8192 8192 8192 8192 8192 8192 8192 8286 10524 12419 14202 15912 1239 2905 4418 5331 5736 5955 6094 6200 6281 6342 5740 4258 2691 1008 15642 13861 12037 10271 8627 8192 8192 8192 8192 8192 8192 8192 8192 8192 8727 10842 12716 14483 16191 1512 3173 4622 5430 5783 5982 6108 6209 6294 6342 5538 4013 2442 739 15365 13589 11778 10009 8409 8192 8192 8192 8192 8192 8192 8192 8192 8192 9069 11113 12966 14727 56 1753 3400 4768 5498 5815 6006 6132 6214 6297 6360 5452 3896 2302 586 15209 32 13590 305 1519 
0 8192 8192 8192 8192 8192 8192 8192 8868 10947 12808 14568 16281 1601 3253 4675 5452 5795 5982 6116 6206 6276 6354 5555 4057 2482 780 15411 13613 11805 10039 8429 8192 8192 8192 8192 8192 8192 8192 8192 8192 8356 10574 12459 14238 15960 1281 2956 4462 5341 5737 5950 6090 6199 6269 6324 5938 4488 2915 1237 15873 14089 12268 10466 8815 8192 8192 8192 8192 8192 8192 8192 8192 8192 8192 10009 11933 13749 15474 788 2467 4049 5155 5662 5902 6056 6170 6252 6312 6321 5000 3399 1779 49 14670 12860 11064 9349 8192 8192 8192 8192 8192 8192 8192 8192 8192 8192 9480 11451 13278 15016 344 2045 3669 4937 5558 5849 6026 6139 6225 6295 6352 5485 3958 2373 665 15297 13488 11687 9925 8328 8192 8192 8192 8192 8192 8192 8192 8192 8192 8746 10854 12727 14498 16203 1534 3198 4635 5422 5772 5969 6107 6206 6283 6337 5971 4518 2933 1270 15910 14119 12295 10517 8844 8192 8192 8192 8192 8192 8192 8192 8192 8192 8192 10202 12123 13926 15649 967 2645 4203 5228 5685 5919 6068 6176 6263 6315 6360 5149 3554 1939 210 14821 13023 11225 9474 8192 8192 8192 8192 8192 8192 8192 8192 8192 8192 9499 11473 13309 15050 378 2075 3694 4948 5562 5853 6030 6145 6225 6299 6345 5712 4206 2635 947 15570 13777 11975 10180 8546 8192 8192 8192 8192 8192 8192 8192 8192 8192 8569 10733 12627 14399 16117 1439 3097 4568 5394 5766 5973 6104 6196 6273 6334 6307 4945 37 15769 305 1519 
0 2521 2483 2485 2526 2590 2538 2449 2484 2451 2523 2554 2463 2533 2476 2472 2547 2504 2526 2518 2423 2513 2504 2481 2528 2443 2508 2555 2483 2481 2487 2511 2690 2664 2498 2431 2291 2241 1671 439 16146 324 1945 3623 4995 5822 6020 6116 6185 6174 6165 6142 6089 6044 5992 5937 5377 3936 2382 656 15307 13572 11889 10237 8725 9194 9595 11583 13440 15193 555 2275 3851 5063 5699 5979 6054 6081 6127 6170 6223 6254 6303 6326 6332 6315 6275 6231 5763 4246 2693 1135 15824 14045 12231 10420 8748 8192 8192 8192 9410 10819 11852 12361 14578 16331 1673 3319 4702 5472 5806 5933 5952 5994 6056 6091 6153 6205 6260 6312 6335 6362 6371 6378 6383 6363 6340 6272 5290 3795 2250 672 15357 13546 11690 9884 8284 8192 8192 8192 8192 8192 8687 10847 12732 14514 16241 1556 3202 4596 5360 5717 5901 6010 6059 6066 6075 6113 6167 6229 6258 6280 6287 6298 6290 5899 4365 2790 1223 15907 14132 12297 10493 8803 8192 8192 8192 8192 8192 8192 8192 9999 11930 13754 15484 804 2493 4050 5108 5608 5853 6008 6089 6139 6160 6152 6175 6213 6250 6296 6158 4654 3042 1449 16123 14357 12515 10697 8987 8192 8192 8192 8192 8192 8192 8192 8192 9335 11340 13186 14932 268 1962 3600 4884 5511 5802 5983 6100 6184 6235 6265 6272 6257 6277 5260 3687 2101 403 15026 13208 11362 9617 8192 8192 8192 8192 8192 8192 8192 8192 8192 9160 11197 13056 14811 138 1827 43 1374 305 1519 
0 2650 2432 2425 2564 2539 2592 2631 2395 2579 2458 2568 2610 2435 2563 2452 2571 2547 2496 2469 2521 2531 2638 2533 2454 2500 2436 2622 2572 2501 2570 2464 2522 2594 2467 2622 2464 2165 1413 127 16365 1157 2874 4400 5536 5967 6032 6165 6166 6154 6148 6108 6055 6004 5953 5857 4673 3253 1584 16224 14475 12754 11067 9495 8540 9494 10357 12543 14315 16055 1416 3080 4522 5444 5864 6032 6061 6102 6145 6189 6235 6284 6320 6329 6316 6287 6254 6195 5264 3795 2253 650 15314 13517 11697 9929 8310 8192 8192 8360 9796 11226 12016 12909 15035 388 2123 3726 4945 5574 5850 5941 5961 6016 6066 6105 6160 6219 6264 6313 6337 6367 6374 6377 6372 6362 6324 6271 5452 3949 2415 858 15542 13754 11908 10107 8438 8192 8192 8192 8192 8192 8508 10708 12609 14391 16123 1444 3109 4524 5324 5694 5894 6000 6058 6057 6062 6114 6160 6223 6243 6274 6287 6290 6291 6216 4794 3213 1670 16381 14626 12797 10952 9215 8192 8192 8192 8192 8192 8192 8192 9373 11376 13235 14983 316 2025 3651 4890 5507 5787 5960 6071 6129 6175 6152 6163 6201 6238 6282 6299 5138 3568 1994 306 14932 13109 11271 9525 8192 8192 8192 8192 8192 8192 8192 8192 8418 10620 12506 14283 16007 1328 2997 4482 5331 5726 5928 6059 6151 6214 6262 6280 6271 6280 5870 4350 2754 1116 15751 13967 12127 10317 8653 8192 8192 8192 8192 8192 8192 8192 8192 8192 10315 12222 14014 15741 1057 48 2171 305 1519 
0 2281 2284 2239 2405 2389 2273 2294 2331 2579 2626 2155 1912 2201 2694 2654 2253 1990 2324 2689 2544 2137 2048 2366 2801 2701 2144 2017 2229 2482 2317 1839 1783 2169 2496 2571 2228 1809 1217 236 45 1291 3020 4530 5618 6046 6131 6203 6192 6177 6169 6131 6073 6018 5984 5870 4610 3181 1508 16141 14390 12671 10991 9417 8327 9372 9510 10903 13000 14782 148 1855 3486 4821 5578 5929 6036 6059 6106 6145 6197 6241 6273 6304 6326 6310 6283 6229 5383 3890 2348 744 15405 13621 11789 10010 8389 8192 8192 8192 8192 8192 9866 11818 13668 15401 729 2425 3989 5087 5590 5841 5969 6031 6033 6051 6097 6156 6215 6252 6283 6304 6316 6320 6317 6308 5872 4332 2756 1197 15881 14097 12270 10437 8742 8192 8192 8192 8192 8192 8192 8953 11017 12891 14665 16372 1697 3342 4699 5412 5739 5929 6032 6093 6110 6110 6132 6193 6227 6265 6284 6300 5645 4113 2530 914 15567 13774 11928 10143 8498 8192 8192 8192 8192 8192 8192 8192 8274 10497 12399 14181 15904 1225 2886 4369 5290 5689 5907 6045 6131 6195 6240 6251 6242 6249 6266 4975 3365 1791 89 14675 12921 11024 9342 8192 8192 8192 8192 8192 8192 8192 8192 8192 9546 11511 13350 15085 404 2094 3707 4948 5549 5828 6006 6125 6210 6256 6317 6329 6320 5008 3388 1790 73 14686 12867 11050 9314 8192 8192 8192 8192 8192 8192 8192 8192 8192 8300 10530 12414 14206 15921 1243 2905 4418 5324 5726 53 516 305 1519 
0 8192 8192 8192 8192 8192 8287 10491 12389 14177 15901 1226 2904 4427 5326 5731 5942 6086 6184 6255 6313 6353 6248 4794 3178 1544 16178 14400 12574 10766 9070 8192 8192 8192 8192 8192 8192 8192 8192 8192 9193 11204 13058 14819 147 1835 3470 4813 5512 5815 6003 6129 6217 6288 6329 6357 5699 4174 2589 908 15546 13765 11946 10158 8530 8192 8192 8192 8192 8192 8192 8192 8192 8192 10076 11999 13791 15511 836 2514 4087 5164 5656 5911 6062 6169 6245 6293 6332 6366 5264 3657 2059 329 14948 13152 11320 9570 8192 8192 8192 8192 8192 8192 8192 8192 8192 8580 10706 12597 14366 16079 1400 3070 4534 5386 5766 5971 6098 6196 6256 6311 6358 6226 4766 3151 1512 16157 14379 12560 10742 9041 8192 8192 8192 8192 8192 8192 8192 8192 8192 9371 11356 13207 14958 289 1982 3619 4909 5543 5839 6020 6136 6225 6293 6332 6363 5786 4263 2678 1006 15638 13835 12007 10217 8566 8192 8192 8192 8192 8192 8192 8192 8192 8192 9993 11920 13735 15471 797 2488 4060 5157 5656 5903 6058 6175 6250 6306 6333 6362 5406 3839 2241 538 15159 13348 11520 9762 8192 8192 8192 8192 8192 8192 8192 8192 8192 8387 10598 12491 14275 15999 1325 2993 4479 5356 5750 5959 6090 6182 6263 6312 6351 6350 5064 3445 1831 103 14711 12891 11061 9328 8192 8192 8192 8192 8192 8192 8192 8192 8192 9062 11079 12937 14699 23 1718 3370 4747 5472 5803 5991 6123 6208 6267 6325 6357 60 947 305 1519 
0 8192 8192 8192 8192 8192 9646 11590 13425 15163 502 2194 3813 5025 5595 5870 6034 6150 6232 6280 6337 6357 5952 4479 2755 1262 15746 14067 12146 10430 8675 8192 8192 8192 8192 8192 8192 8192 8192 8192 9822 11761 13581 15310 635 2337 3940 5091 5628 5874 6046 6155 6234 6285 6336 6369 5890 4382 2784 1125 15751 13976 12147 10355 8690 8192 8192 8192 8192 8192 8192 8192 8192 8192 9948 11858 13678 15404 728 2412 4006 5121 5640 5892 6049 6163 6245 6299 6338 6359 5869 4354 2761 1099 15744 13939 12122 10330 8669 8192 8192 8192 8192 8192 8192 8192 8192 8192 10067 11979 13789 15519 846 2538 4110 5186 5669 5915 6063 6162 6241 6291 6338 6361 5908 4389 2792 1126 15759 13973 12140 10329 8667 8192 8192 8192 8192 8192 8192 8192 8192 8192 10040 11947 13754 15489 813 2493 4072 5161 5656 5900 6056 6168 6243 6288 6348 6357 6018 4503 2901 1252 15890 14093 12276 10452 8790 8192 8192 8192 8192 8192 8192 8192 8192 8192 9974 11865 13681 15405 727 2422 4008 5126 5641 5898 6052 6164 6248 6283 6334 6348 6184 4699 3086 1438 16085 14295 12466 10650 8959 8192 8192 8192 8192 8192 8192 8192 8192 8192 9754 11683 13521 15254 581 2280 3881 5063 5616 5873 6039 6146 6236 6283 6330 6354 6322 4966 3343 1728 16370 14591 12755 10932 9213 8192 8192 8192 8192 8192 8192 8192 8192 8192 9421 11411 13265 15009 338 2031 3661 4921 5557 5850 6022 6138 6220 6274 65 2297 305 1519 
0 1828 1895 1952 2021 1847 1766 1709 1595 1647 1645 1582 1651 1646 1505 1516 1477 1643 1832 1588 1564 1594 1721 1998 1700 1485 1606 1645 1879 1710 1404 1521 1551 1800 1795 1464 1452 685 15984 15452 16215 1701 3389 4804 5824 6267 6318 6328 6337 6328 6351 6327 6284 6267 6227 6160 5192 3783 2195 464 15099 13331 11585 9897 8375 8192 8192 8408 9901 11594 13050 15017 357 2067 3689 4938 5572 5869 5934 5960 6010 6060 6099 6150 6218 6272 6311 6346 6362 6367 6383 6371 6279 4850 3295 1755 102 14728 12904 11059 9306 8192 8192 8192 8192 8192 8192 8192 9282 11310 13168 14926 265 1965 3579 4848 5486 5776 5952 6053 6122 6154 6150 6159 6194 6239 6278 6302 5149 3565 1997 316 14945 13125 11295 9553 8192 8192 8192 8192 8192 8192 8192 8192 8192 9121 11147 13016 14774 111 1796 3446 4779 5478 5791 5977 6099 6185 6255 6303 6335 6343 5975 4459 2860 1206 15848 14059 12233 10425 8756 8192 8192 8192 8192 8192 8192 8192 8192 8192 8192 9533 11502 13335 15080 407 2113 3724 4960 5571 5847 6023 6142 6231 6305 6357 5456 3890 2308 592 15220 13433 11620 9866 8285 8192 8192 8192 8192 8192 8192 8192 8192 8192 8192 8832 10916 12785 14546 16260 1576 3234 4656 5447 5794 5989 6126 6219 6302 5377 3846 2282 583 15218 13431 11664 9901 8343 8192 8192 8192 8192 8192 8192 8192 8192 8192 8192 8192 10217 12119 13921 15646 970 2647 4212 5249 5698 70 5509 305 1519 
0 2208 2238 1995 1402 649 15998 16335 1546 3277 4718 5749 6074 6157 6155 6138 6148 6137 6100 6050 6011 5962 5876 4662 3232 1563 16205 14453 12711 11021 9434 8192 9451 9287 9304 10317 12662 14437 16164 1488 3136 4595 5483 5903 6004 6040 6095 6129 6164 6188 6246 6270 6290 6280 6253 6210 5248 3746 2213 595 15254 13450 11626 9857 8246 8192 8192 8192 8192 8192 8192 10251 12151 13969 15702 1029 2715 4247 5200 5645 5866 5994 6068 6092 6086 6112 6161 6206 6241 6270 6287 6281 6278 6238 4958 3404 1851 189 14817 12994 11160 9394 8192 8192 8192 8192 8192 8192 8192 8833 10927 12795 14568 16286 1602 3250 4636 5389 5741 5933 6052 6123 6159 6168 6169 6187 6227 6260 6291 5372 3824 2257 599 15244 13433 11590 9825 8215 8192 8192 8192 8192 8192 8192 8192 8192 9752 11699 13521 15256 578 2271 3861 5052 5577 5825 6031 6098 6222 6234 6299 6292 6288 6154 4698 3065 1452 16099 14329 12482 10675 8967 8192 8192 8192 8192 8192 8192 8192 8192 8192 9068 11106 12961 14726 51 1752 3393 4767 5477 5789 5980 6109 6199 6265 6314 6350 6175 4700 3098 1453 16099 14317 12495 10693 8981 8192 8192 8192 8192 8192 8192 8192 8192 8192 8192 10338 12240 14029 15754 1067 2748 4291 5267 5699 5922 6067 6168 6258 6313 6354 5490 3951 2365 663 15294 13501 11685 9925 8306 8192 8192 8192 8192 8192 8192 8192 8192 8192 8596 10743 12622 14395 16107 1423 3081 4552 5379 75 4156 305 1519 
0 8192 8333 10518 12438 14247 15959 1275 2943 4435 5331 5739 5942 6095 6169 6241 6280 6285 6281 6289 6337 5384 3811 2229 535 15158 13341 11504 9722 8192 8192 8192 8192 8192 8192 8192 8192 8192 9661 11589 13531 15237 564 2262 3861 5042 5604 5872 6040 6145 6208 6262 6291 6287 6291 6318 6205 4687 3060 1441 16087 14301 12464 10642 8939 8192 8192 8192 8192 8192 8192 8192 8192 8505 10651 12565 14376 16083 1406 3073 4546 5384 5758 5967 6099 6186 6240 6280 6285 6264 6297 6339 5630 4068 2480 800 15433 13628 11832 9893 8489 8192 8192 8192 8192 8192 8192 8192 8192 9478 11429 13333 15083 418 2115 3725 4971 5568 5856 6018 6136 6208 6244 6284 6271 6273 6306 6354 5246 3657 2066 361 14981 13160 11323 9571 8192 8192 8192 8192 8192 8192 8192 8192 8192 10079 11983 13864 15579 898 2583 4151 5200 5681 5915 6064 6157 6207 6259 6275 6260 6291 6310 6364 5198 3602 2012 315 14928 13107 11275 9509 8192 8192 8192 8192 8192 8192 8192 8192 8192 10259 12138 13996 15740 1049 2731 4273 5257 5699 5922 6070 6159 6220 6261 6261 6251 6276 6327 6369 5471 3897 2305 619 15257 13433 11603 9829 8220 8192 8192 8192 8192 8192 8192 8192 8192 10019 11928 13774 15547 854 2541 4113 5174 5669 5910 6051 6152 6208 6249 6258 6245 6283 6312 6361 6339 4870 3244 1635 16291 14507 12691 10837 9116 8192 8192 8192 8192 8192 8192 8192 8192 8872 10878 12427 14237 15165 80 299 305 1519 
0 2582 2542 2606 2552 2545 2661 2611 2645 2636 2560 2625 2569 2592 2669 2574 2616 2565 2540 2688 2634 2674 2589 2518 2649 2633 2622 2548 2451 2583 2614 2630 2628 2474 2593 2686 2441 2234 1090 355 317 1409 3086 4564 5614 5890 6005 6126 6216 6216 6202 6159 6115 6063 6006 5891 4708 3300 1642 16275 14534 12805 11124 9557 8814 10559 12592 14355 16083 1423 3109 4536 5446 5864 6057 6074 6126 6166 6220 6269 6320 6351 6366 6355 6323 6271 5728 4229 2671 1120 15811 14048 12219 10444 8765 8192 8267 9369 10599 11586 13101 15044 414 2110 3712 4970 5602 5903 5966 5997 6055 6111 6150 6210 6260 6312 6360 6380 6405 6403 6405 6358 5329 3828 2294 695 15354 13546 11718 9943 8322 8192 8192 8192 8192 8192 8995 11080 12934 14714 52 1751 3406 4737 5430 5757 5920 6017 6067 6065 6084 6126 6191 6234 6274 6298 6320 6333 6343 5976 4437 2851 1275 15960 14197 12342 10536 8834 8192 8192 8192 8192 8192 8192 8192 10376 12285 14085 15813 1142 2814 4319 5248 5676 5883 6013 6096 6148 6140 6148 6186 6236 6270 6291 6138 4608 3000 1404 16067 14297 12472 10660 8963 8192 8192 8192 8192 8192 8192 8192 8192 9775 11719 13544 15278 610 2299 3894 5053 5587 5853 6009 6116 6187 6234 6267 6245 6255 6282 5033 3419 1832 125 14754 12927 11104 9365 8192 8192 8192 8192 8192 8192 8192 8192 8192 9783 11718 13549 15285 611 2293 3895 5060 5594 5860 6019 6138 85 11822 305 1519 
0 8192 8192 8192 8192 8192 8384 10580 12460 14241 15957 1276 2949 4441 5345 5743 5954 6091 6189 6268 6314 6350 6155 4678 3074 1443 16090 14310 12482 10682 8980 8192 8192 8192 8192 8192 8192 8192 8192 8192 9378 11360 13216 14958 294 2010 3644 4921 5551 5843 6016 6131 6219 6280 6333 6361 5603 4060 2471 780 15411 13608 11779 10024 8383 8192 8192 8192 8192 8192 8192 8192 8192 8192 10186 12092 13901 15631 949 2632 4180 5216 5677 5916 6073 6168 6255 6301 6339 6373 5108 3489 1869 151 14768 12955 11143 9400 8192 8192 8192 8192 8192 8192 8192 8192 8192 8887 10946 12815 14580 16290 1607 3259 4683 5449 5789 5981 6108 6208 6271 6316 6358 6031 4543 2946 1293 15934 14153 12324 10522 8821 8192 8192 8192 8192 8192 8192 8192 8192 8192 9654 11612 13438 15174 512 2209 3821 5021 5597 5873 6036 6150 6225 6291 6328 6374 5560 4008 2428 732 15350 13553 11724 9983 8290 8192 8192 8192 8192 8192 8192 8192 8192 8192 10359 12258 14048 15775 1097 2774 4314 5275 5701 5936 6080 6182 6251 6299 6353 6364 5177 3555 1948 230 14852 13036 11222 9489 8192 8192 8192 8192 8192 8192 8192 8192 8192 8930 10972 12834 14591 16313 1615 3297 4695 5453 5795 5985 6116 6207 6278 6325 6355 6197 4732 3126 1491 16145 14357 12545 10727 9036 8192 8192 8192 8192 8192 8192 8192 8192 8192 9576 11516 13356 15108 433 2129 3747 4991 5582 5868 6032 6137 6224 6282 6335 6368 90 10563 305 1519 
0 1337 1645 1230 1380 1221 964 1498 1318 1556 1799 1585 1788 1697 1452 1701 1324 1326 1200 974 1166 1090 1110 1439 1509 1614 1513 1325 1560 1607 1707 1646 1495 1445 1413 1170 897 120 15423 14781 15635 1080 2794 4341 5499 6167 6331 6368 6377 6376 6395 6390 6360 6342 6292 6233 5561 4124 2587 920 15563 13791 12012 10277 8696 8192 8192 8192 8656 10547 12209 13350 15339 629 2363 3968 5092 5626 5871 5938 5958 5995 6046 6113 6159 6230 6265 6313 6340 6372 6385 6404 6402 6401 6335 4935 3373 1837 198 14839 13009 11177 9430 8192 8192 8192 8192 8192 8192 8192 8695 10828 12702 14473 16197 1508 3153 4567 5353 5707 5912 6037 6108 6165 6170 6162 6187 6227 6267 6154 4643 3036 1436 16097 14323 12504 10677 8989 8192 8192 8192 8192 8192 8192 8192 8192 8192 9316 11317 13168 14917 250 1948 3585 4872 5517 5815 5986 6113 6203 6269 6324 6357 6350 4978 3361 1736 14 14621 12797 10988 9251 8192 8192 8192 8192 8192 8192 8192 8192 8192 8192 8192 10276 12175 13972 15705 1028 2711 4250 5254 5700 5925 6075 6177 6271 6289 5024 3446 1830 115 14745 12947 11157 9456 8192 8192 8192 8192 8192 8192 8192 8192 8192 8192 8192 8386 10586 12481 14258 15973 1285 2963 4471 5358 5760 5972 6110 6205 5701 4308 2792 1144 15804 14056 12279 10533 8891 8192 8192 8192 8192 8192 8192 8192 8192 8192 8192 8192 8476 10651 12527 14291 16001 1319 2986 4492 5369 95 15664 305 1519 
0 8192 8192 10186 12104 13946 15665 988 2673 4231 5244 5694 5922 6063 6160 6235 6275 6296 6279 6298 6326 5229 3638 2040 339 14959 13124 11298 9550 8192 8192 8192 8192 8192 8192 8192 8192 8192 9902 11824 13723 15421 743 2442 4020 5132 5642 5895 6057 6153 6219 6275 6287 6275 6278 6323 5623 4071 2483 806 15439 13619 11792 10005 8390 8192 8192 8192 8192 8192 8192 8192 8192 9395 11333 13273 15007 332 2030 3664 4940 5565 5841 6020 6136 6199 6258 6286 6274 6279 6307 6212 4694 3076 1452 16102 14313 12490 10678 8966 8192 8192 8192 8192 8192 8192 8192 8192 8581 10700 12603 14427 16122 1433 3089 4556 5391 5762 5961 6094 6177 6238 6263 6271 6270 6297 6339 5476 3904 2328 645 15269 13458 11608 9845 8245 8192 8192 8192 8192 8192 8192 8192 8192 9771 11671 13569 15299 634 2330 3928 5076 5614 5888 6045 6139 6203 6246 6271 6265 6279 6316 6339 4953 3320 1715 16382 14603 12772 10932 9222 8192 8192 8192 8192 8192 8192 8192 8192 8424 10588 12489 14360 16056 1372 3038 4521 5371 5746 5965 6095 6169 6228 6259 6263 6260 6296 6335 6145 4607 2991 1362 16016 14214 12378 10563 8865 8192 8192 8192 8192 8192 8192 8192 8192 9032 11046 12933 14771 73 1766 3423 4784 5492 5816 6001 6117 6182 6233 6256 6243 6260 6305 6339 6109 4551 2937 1321 15962 14165 12329 10509 8829 8192 8192 8192 8192 8192 8192 8192 8192 9265 11219 13080 14890 228 1917 3557 100 8959 305 1519 
0 8192 8192 8192 8192 8192 8192 8192 8192 8192 8192 8192 10068 11997 13797 15522 848 2537 4114 5196 5692 5931 6089 6145 4942 3452 1892 216 14889 13129 11359 9674 8192 8192 8192 8192 8192 8192 8192 8192 8192 8192 8192 8192 9332 11361 13169 14938 253 1959 3589 4908 5563 5865 6040 6171 5461 4013 2500 845 15526 13784 12013 10290 8676 8192 8192 8192 8192 8192 8192 8192 8192 8192 8192 8192 8989 11031 12887 14639 16340 1653 3319 4717 5492 5826 6014 6140 5939 4640 3146 1543 16227 14506 12755 11005 9324 8192 8192 8192 8192 8192 8192 8192 8192 8192 8192 8192 8642 10770 12644 14402 16113 1426 3094 4572 5412 5793 5991 6134 6227 5288 3782 2231 558 15222 13470 11693 9969 8397 8192 8192 8192 8192 8192 8192 8192 8192 8192 8192 8192 10292 12187 13977 15700 1020 2686 4251 5268 5718 5949 6093 6198 5861 4495 2986 1352 16021 14275 12498 10731 9070 8192 8192 8192 8192 8192 8192 8192 8192 8192 8192 8192 9605 11564 13397 15131 466 2156 3783 5009 5603 5887 6050 6174 6270 5256 3739 2175 470 15117 13360 11560 9835 8267 8192 8192 8192 8192 8192 8192 8192 8192 8192 8192 8666 10793 12665 14433 16146 1464 3129 4600 5422 5796 5989 6119 6224 5885 4507 2981 1336 15999 14253 12464 10698 9037 8192 8192 8192 8192 8192 8192 8192 8192 8192 8192 8192 9909 11827 13636 15359 688 2377 3983 5127 5650 5913 6064 6183 6265 5334 3809 2249 548 15197 13432 11643 105 6810 305 1519 
0 2290 2459 2292 2238 2271 2316 2508 2420 2246 2259 2280 2408 2444 2235 2211 2323 2461 2483 2226 2110 2235 2424 2479 2312 2158 2201 2387 2497 2316 2223 2214 2323 2455 2317 2168 2026 1420 368 15756 16267 1617 3329 4769 5775 6225 6313 6311 6308 6304 6292 6263 6205 6167 6107 5841 4392 2942 1142 15917 14067 12402 10682 9141 8669 9654 9455 9411 11165 13218 14975 316 2002 3645 4935 5645 5962 6035 6064 6122 6164 6210 6249 6303 6357 6374 6393 6386 6351 5104 3575 2038 395 15038 13243 11426 9668 8192 8192 8192 8192 8192 8192 8698 10858 12716 14496 16219 1544 3192 4599 5367 5724 5914 6022 6082 6078 6083 6133 6187 6246 6279 6297 6322 6345 6343 5210 3660 2110 477 15104 13300 11466 9704 8192 8192 8192 8192 8192 8192 8192 8514 10681 12567 14348 16070 1391 3043 4501 5325 5701 5913 6047 6119 6166 6178 6173 6196 6236 6283 6311 5061 3454 1872 178 14807 12974 11156 9414 8192 8192 8192 8192 8192 8192 8192 8192 8192 10216 12135 13939 15668 987 2668 4207 5208 5664 5893 6043 6151 6224 6266 6302 6310 6291 5436 3871 2289 595 15232 13423 11592 9806 8219 8192 8192 8192 8192 8192 8192 8192 8192 8192 10134 12065 13860 15584 898 2580 4152 5196 5675 5903 6054 6153 6236 6301 6350 6343 4995 3379 1760 37 14657 12842 11019 9295 8192 8192 8192 8192 8192 8192 8192 8192 8192 8192 9934 11859 13679 15400 722 2414 3999 5119 5634 5897 6046 111 4652 305 1519 
0 8192 8192 8192 8192 8192 8192 8192 9331 11321 13167 14908 237 1934 3561 4879 5535 5839 6013 6134 6224 6289 6353 5604 4087 2508 819 15455 13666 11859 10087 8460 8192 8192 8192 8192 8192 8192 8192 8192 8192 9359 11400 13206 14979 291 1993 3628 4924 5549 5839 6015 6146 6228 6293 6353 5671 4166 2579 887 15517 13732 11915 10142 8515 8192 8192 8192 8192 8192 8192 8192 8192 8192 9330 11328 13180 14926 256 1945 3578 4880 5546 5844 6016 6140 6222 6292 6348 5748 4237 2661 968 15605 13823 12007 10243 8585 8192 8192 8192 8192 8192 8192 8192 8192 8192 9229 11235 13089 14838 170 1867 3512 4844 5517 5819 6009 6134 6229 6295 6337 5894 4426 2847 1179 15825 14041 12226 10449 8769 8192 8192 8192 8192 8192 8192 8192 8192 8192 9061 11102 12956 14712 46 1748 3390 4766 5492 5814 6000 6110 6209 6295 6334 6102 4651 3063 1405 16046 14274 12456 10646 8963 8192 8192 8192 8192 8192 8192 8192 8192 8192 8799 10890 12767 14531 16252 1572 3232 4659 5434 5789 5982 6108 6209 6286 6334 6286 4893 3290 1659 16313 14542 12732 10924 9222 8192 8192 8192 8192 8192 8192 8192 8192 8192 8429 10613 12503 14280 15988 1296 2967 4452 5348 5745 5955 6099 6190 6271 6328 6371 5197 3599 1998 286 14913 13103 11306 9565 8192 8192 8192 8192 8192 8192 8192 8192 8192 8192 10314 12214 14006 15730 1047 2725 4266 5261 5709 5932 6073 6176 6259 6310 6366 5493 3941 2359 116 2233 305 1519 
0 8192 8192 8192 8192 8192 8865 10927 12789 14551 16262 1578 3236 4656 5439 5791 5987 6110 6191 6263 6319 6353 6252 4795 3190 1563 16215 14443 12616 10798 9090 8192 8192 8192 8192 8192 8192 8192 8192 8192 9550 11438 13339 15033 405 2065 3721 4948 5574 5847 6023 6138 6229 6281 6326 6352 5907 4395 2798 1138 15773 13988 12161 10363 8706 8192 8192 8192 8192 8192 8192 8192 8192 8192 10033 11932 13744 15471 795 2476 4051 5157 5657 5898 6056 6166 6243 6298 6329 6362 5641 4105 2521 840 15469 13674 11843 10072 8454 8192 8192 8192 8192 8192 8192 8192 8192 8192 10486 12368 14157 15881 1207 2879 4391 5310 5731 5947 6088 6183 6258 6308 6341 6353 5414 3850 2261 546 15174 13357 11529 9768 8192 8192 8192 8192 8192 8192 8192 8192 8192 8596 10779 12660 14435 16154 1477 3146 4594 5398 5769 5974 6104 6195 6261 6326 6346 6356 5261 3669 2064 346 14964 13155 11335 9589 8192 8192 8192 8192 8192 8192 8192 8192 8192 8967 11048 12888 14659 16370 1691 3349 4740 5473 5801 5994 6123 6210 6270 6322 6347 6352 5172 3564 1968 256 14874 13050 11247 9483 8192 8192 8192 8192 8192 8192 8192 8192 8192 9174 11211 13059 14823 147 1838 3486 4827 5511 5819 6010 6125 6219 6272 6315 6344 6342 5151 3534 1944 238 14853 13025 11208 9475 8192 8192 8192 8192 8192 8192 8192 8192 8192 9284 11314 13161 14915 243 1934 3571 4880 5537 5836 6012 6134 6216 6277 6316 121 2244 305 1519 
0 8192 8192 8192 8192 10284 12229 14006 15742 1064 2757 4297 5265 5704 5936 6083 6174 6246 6290 6321 6317 6317 5143 3530 1933 220 14831 13028 11188 9457 8192 8192 8192 8192 8192 8192 8192 8192 8192 9677 11722 13517 15253 583 2271 3883 5056 5613 5875 6046 6153 6231 6284 6311 6310 6311 5595 4049 2464 781 15416 13610 11783 9998 8382 8192 8192 8192 8192 8192 8192 8192 8192 9030 11094 12976 14735 68 1775 3426 4778 5490 5811 6002 6123 6200 6258 6302 6306 6309 6190 4703 3087 1458 16114 14321 12509 10699 8999 8192 8192 8192 8192 8192 8192 8192 8192 8192 10372 12359 14108 15832 1146 2814 4332 5292 5720 5941 6088 6176 6242 6283 6309 6297 6299 5395 3822 2236 543 15172 13354 11517 9747 8192 8192 8192 8192 8192 8192 8192 8192 8192 9430 11434 13300 15042 371 2072 3701 4951 5567 5855 6030 6143 6220 6261 6299 6304 6296 6205 4714 3099 1468 16110 14333 12505 10676 8975 8192 8192 8192 8192 8192 8192 8192 8192 8224 10439 12427 14178 15900 1219 2895 4406 5319 5735 5943 6087 6177 6227 6291 6303 6290 6302 5626 4065 2476 795 15435 13636 11801 10036 8414 8192 8192 8192 8192 8192 8192 8192 8192 9261 11255 13159 14883 212 1905 3545 4864 5526 5832 6004 6128 6211 6254 6298 6301 6288 6324 5144 3544 1944 236 14848 13031 11216 9454 8192 8192 8192 8192 8192 8192 8192 8192 8192 10004 11951 13802 15518 847 2535 4107 5184 5662 5912 6062 6158 126 1953 305 1519 
0 4837 5511 5821 6012 6123 6199 6244 6251 6262 6270 6301 6307 4854 3236 1618 16266 14489 12677 10838 9130 8192 8192 8192 8192 8192 8192 8192 8192 8852 10912 12809 14639 16325 1651 3310 4710 5467 5797 5995 6112 6185 6245 6263 6250 6260 6309 6358 5233 3622 2027 316 14922 13122 11290 9553 8192 8192 8192 8192 8192 8192 8192 8192 8332 10521 12401 14268 15957 1274 2951 4450 5344 5734 5956 6089 6168 6225 6254 6250 6254 6297 6329 5770 4219 2632 973 15612 13823 11995 10193 8549 8192 8192 8192 8192 8192 8192 8192 8192 9902 11782 13677 15433 752 2438 4018 5135 5645 5902 6047 6147 6206 6231 6221 6241 6277 6324 6363 5055 3431 1828 115 14736 12907 11103 9365 8192 8192 8192 8192 8192 8192 8192 8192 8890 10936 12784 14633 16345 1665 3316 4711 5460 5802 5991 6111 6183 6220 6235 6213 6259 6303 6346 5946 4380 2783 1145 15793 13998 12162 10355 8680 8192 8192 8192 8192 8192 8192 8192 8192 9833 11680 13545 15355 664 2359 3951 5097 5636 5886 6048 6142 6191 6230 6222 6226 6279 6314 6368 5635 4064 2478 805 15442 13634 11802 10015 8398 8192 8192 8192 8192 8192 8192 8192 8192 10362 12080 13956 15734 1033 2705 4240 5249 5705 5925 6071 6155 6204 6208 6212 6236 6283 6339 6375 5666 4098 2520 855 15488 13681 11839 10072 8425 8192 8192 8192 8192 8192 8192 8192 8225 10430 11831 13553 15362 632 15939 14690 13317 11830 10311 8839 8192 8192 8192 8192 131 1381 305 1519 
0 2481 2346 2427 2372 2325 2452 2370 2396 2429 2386 2481 2497 2395 2467 2375 2398 2452 2317 2398 2410 2416 2511 2348 2338 2472 2400 2507 2387 2286 2479 2435 2392 2390 2242 2485 2498 2096 1311 16356 16008 651 2355 3973 5260 6072 6337 6432 6490 6480 6468 6444 6414 6346 6280 6138 4835 3416 1805 95 14749 13020 11328 9724 8377 9380 9977 12284 14049 15779 1122 2813 4331 5336 5817 6022 6054 6112 6155 6211 6271 6325 6394 6423 6460 6477 6483 6484 5974 4471 2914 1358 16045 14285 12462 10675 8991 8192 8192 8192 9350 10610 11544 12000 13953 15758 1110 2762 4277 5269 5721 5916 5953 5989 6035 6084 6132 6200 6260 6310 6354 6376 6412 6440 6460 6477 6478 5177 3628 2106 480 15126 13319 11493 9731 8192 8192 8192 8192 8192 8192 8589 10704 12622 14369 16110 1422 3089 4511 5329 5698 5899 6014 6078 6082 6092 6122 6187 6234 6274 6301 6336 6182 4654 3065 1485 16169 14400 12587 10784 9050 8192 8192 8192 8192 8192 8192 8192 8752 10866 12745 14511 16230 1563 3215 4624 5396 5757 5945 6066 6146 6188 6204 6198 6222 6262 6308 5086 3462 1878 175 14790 12983 11165 9428 8192 8192 8192 8192 8192 8192 8192 8192 8192 10198 12101 13900 15631 956 2631 4185 5199 5659 5894 6049 6153 6228 6277 6318 6313 6069 4574 2982 1354 16000 14205 12392 10583 8888 8192 8192 8192 8192 8192 8192 8192 8192 8192 9575 11548 13380 15120 455 2146 3766 4988 5580 5857 137 4932 305 1519 
0 2488 2497 2407 2253 2317 2240 2151 2151 2014 2085 2222 2194 2409 2475 2512 2684 2708 2530 2503 2246 2461 2473 2241 2167 1974 2219 2270 2306 2142 2232 2374 2520 2503 2413 2339 2297 1916 767 16122 16117 1214 2974 4482 5600 6167 6309 6369 6378 6373 6357 6330 6264 6222 6158 5928 4504 3033 1373 16007 14279 12555 10897 9296 8611 9606 9742 11365 13325 15099 462 2173 3767 5014 5671 5974 6039 6078 6136 6182 6229 6280 6346 6384 6417 6435 6436 6433 5894 4381 2809 1235 15928 14148 12329 10538 8870 8192 8192 8192 8192 8192 8414 10608 12516 14307 16034 1367 3035 4498 5322 5702 5899 6008 6067 6053 6080 6118 6194 6239 6279 6312 6326 6346 6356 5499 3953 2388 759 15414 13615 11778 9985 8360 8192 8192 8192 8192 8192 8192 8661 10787 12673 14452 16172 1490 3142 4572 5361 5732 5929 6044 6117 6163 6152 6160 6196 6250 6294 6329 5192 3611 2044 362 15001 13199 11376 9615 8192 8192 8192 8192 8192 8192 8192 8192 8256 10487 12383 14166 15884 1205 2873 4375 5284 5700 5924 6059 6153 6220 6263 6287 6275 6276 5333 3759 2170 476 15103 13304 11467 9693 8192 8192 8192 8192 8192 8192 8192 8192 8192 8359 10569 12460 14244 15970 1285 2962 4454 5340 5729 5943 6079 6176 6255 6318 6340 6027 4556 2961 1305 15939 14163 12347 10555 8865 8192 8192 8192 8192 8192 8192 8192 8192 8192 8457 10651 12533 14312 16027 1343 3018 4502 5362 5750 5951 6086 6196 142 5067 305 1519 
0 2338 2408 2537 2581 2282 2313 2441 2451 2494 2167 2072 2274 2403 2640 2602 2550 2723 2702 2708 2561 2365 2413 2251 2143 2046 1929 2165 2319 2436 2534 2389 2479 2499 2538 2635 2485 2285 1587 271 15973 252 1935 3610 4973 5880 6204 6300 6384 6382 6374 6356 6316 6267 6195 6128 5213 3803 2228 513 15156 13424 11716 10087 8580 9272 9745 11896 13739 15475 825 2525 4099 5199 5753 5999 6064 6093 6138 6206 6244 6310 6366 6400 6433 6434 6440 6421 5975 4459 2896 1338 16040 14285 12471 10670 8978 8192 8192 8192 8192 9925 11803 13373 15270 630 2321 3911 5042 5593 5831 5950 5967 5985 6042 6107 6174 6230 6261 6301 6332 6357 6384 6402 6419 6425 5656 4136 2595 1028 15706 13920 12074 10288 8617 8192 8192 8192 8192 8192 8192 9714 11686 13519 15262 588 2266 3859 4998 5557 5820 5975 6052 6099 6098 6111 6162 6216 6257 6287 6319 6164 4650 3053 1467 16149 14378 12567 10740 9036 8192 8192 8192 8192 8192 8192 8192 8192 10174 12087 13892 15625 954 2628 4181 5184 5654 5886 6036 6126 6199 6225 6253 6234 6255 6263 4897 3280 1672 16338 14562 12742 10929 9207 8192 8192 8192 8192 8192 8192 8192 8192 8192 9768 11722 13542 15280 611 2301 3896 5065 5610 5868 6029 6137 6217 6280 6326 6350 5745 4224 2640 961 15600 13810 12007 10208 8558 8192 8192 8192 8192 8192 8192 8192 8192 8192 9457 11441 13280 15023 348 2052 3673 4931 5551 5855 6024 147 6665 305 1519 
0 8192 8192 8192 8192 8192 8192 8192 8451 10635 12531 14308 16032 1350 3009 4491 5375 5760 5965 6108 6203 6282 6347 5626 4119 2541 843 15471 13691 11872 10123 8480 8192 8192 8192 8192 8192 8192 8192 8192 8192 8389 10595 12474 14242 15964 1284 2960 4453 5357 5750 5964 6106 6197 6285 6346 5687 4200 2622 937 15587 13795 11983 10215 8587 8192 8192 8192 8192 8192 8192 8192 8192 8192 8397 10601 12477 14257 15973 1288 2951 4459 5356 5753 5965 6096 6201 6281 6343 5785 4311 2734 1055 15697 13912 12113 10330 8670 8192 8192 8192 8192 8192 8192 8192 8192 8192 8321 10546 12433 14215 15939 1271 2939 4444 5351 5746 5962 6098 6206 6284 6337 5909 4444 2871 1191 15832 14058 12250 10457 8784 8192 8192 8192 8192 8192 8192 8192 8192 8192 8192 10365 12262 14053 15769 1090 2765 4307 5280 5766 5878 6134 6165 6304 6320 6052 4594 3036 1367 16021 14238 12435 10647 8979 8192 8192 8192 8192 8192 8192 8192 8192 8192 8192 10254 12159 13960 15686 1008 2701 4247 5258 5713 5927 6083 6186 6267 6324 6230 4814 3237 1593 16235 14466 12653 10862 9154 8192 8192 8192 8192 8192 8192 8192 8192 8192 8192 10053 11984 13783 15510 828 2522 4095 5176 5667 5914 6072 6178 6264 6329 6359 5087 3492 1872 142 14766 12964 11154 9439 8192 8192 8192 8192 8192 8192 8192 8192 8192 8192 9808 11748 13558 15284 601 2284 3887 5072 5625 5888 6053 6167 6257 6310 6372 5341 3764 2164 152 3485 305 1519 
0 2296 2307 2474 2351 2457 2333 2215 2395 2308 2395 2362 2157 2281 2258 2325 2420 2331 2407 2379 2287 2357 2290 2363 2388 2267 2318 2267 2319 2363 2319 2371 2318 2262 2324 2250 2263 2071 1052 86 16259 1184 2955 4470 5591 6042 6128 6188 6166 6156 6160 6114 6058 6031 5968 5897 4729 3316 1642 16289 14537 12809 11125 9517 8302 9583 9623 9861 12022 13891 15662 1002 2665 4218 5276 5800 6005 6030 6080 6127 6169 6205 6252 6290 6306 6322 6295 6257 6192 4938 3427 1899 263 14904 13106 11281 9528 8192 8192 8192 8192 8192 8192 9379 11462 13287 15049 374 2072 3681 4912 5518 5799 5950 6039 6064 6057 6078 6142 6199 6239 6265 6290 6298 6296 6305 6277 5248 3715 2168 551 15197 13397 11537 9745 8192 8192 8192 8192 8192 8192 8192 9265 11280 13139 14893 220 1918 3537 4829 5482 5781 5948 6055 6116 6148 6126 6140 6197 6238 6267 6295 6241 4823 3210 1634 16326 14561 12738 10913 9177 8192 8192 8192 8192 8192 8192 8192 8192 9084 11121 12988 14742 85 1782 3428 4766 5464 5784 5965 6089 6180 6220 6265 6273 6255 6267 5667 4134 2549 881 15526 13726 11886 10106 8460 8192 8192 8192 8192 8192 8192 8192 8192 8192 10258 12171 13967 15689 1005 2690 4238 5229 5680 5900 6056 6156 6228 6282 6333 6363 5773 4246 2656 990 15625 13825 11997 10199 8548 8192 8192 8192 8192 8192 8192 8192 8192 8192 9210 11231 13089 14835 157 1854 3503 4831 5505 157 3251 305 1519 
0 1730 1861 1678 1700 1546 1597 1800 1714 1697 1682 1591 1793 1705 1613 1573 1492 1739 1787 1658 1636 1530 1633 1748 1552 1616 1556 1561 1677 1607 1653 1617 1391 1127 77 15407 15403 424 2247 3859 5159 6017 6255 6274 6285 6271 6272 6283 6249 6225 6190 6136 6065 4829 3386 1765 23 14644 12858 11120 9455 8192 8192 8192 8229 10043 11868 13244 15210 500 2184 3843 5016 5602 5863 5936 5955 6004 6054 6099 6159 6216 6260 6298 6332 6342 6347 6370 6357 6344 6295 5243 3736 2204 613 15283 13477 11624 9836 8217 8192 8192 8192 8192 8192 8192 8192 10099 12028 13837 15575 891 2575 4111 5137 5611 5849 5997 6085 6144 6189 6173 6184 6212 6246 6273 5660 4121 2548 903 15556 13765 11931 10153 8473 8192 8192 8192 8192 8192 8192 8192 8192 8192 9740 11697 13524 15261 589 2273 3876 5046 5599 5863 6022 6139 6225 6281 6340 6362 6382 5264 3632 2043 327 14945 13139 11318 9561 8192 8192 8192 8192 8192 8192 8192 8192 8192 8192 8192 9832 11771 13589 15319 642 2332 3929 5101 5626 5892 6050 6157 6244 6320 6060 4631 3067 1413 16059 14285 12482 10696 9007 8192 8192 8192 8192 8192 8192 8192 8192 8192 8192 8192 9067 11214 12980 14792 76 1802 3439 4809 5514 5836 6019 6146 6230 5982 4626 3093 1457 16115 14372 12574 10796 9123 8192 8192 8192 8192 8192 8192 8192 8192 8192 8192 8192 8192 10390 12282 14074 15791 1110 2788 4334 5318 5743 5962 162 16204 305 1519 
0 15354 681 2371 3968 5102 5623 5892 6050 6160 6240 6294 6341 6062 4586 2999 1343 15987 14207 12375 10591 8919 8192 8192 8192 8192 8192 8192 8192 8192 8192 9320 11312 13160 14900 232 1923 3569 4878 5536 5836 6015 6132 6214 6283 6336 6357 5097 3481 1858 131 14741 12938 11129 9388 8192 8192 8192 8192 8192 8192 8192 8192 8192 8555 10725 12601 14380 16096 1411 3078 4546 5393 5762 5964 6101 6194 6270 6322 6367 5474 3932 2345 633 15257 13458 11633 9876 8274 8192 8192 8192 8192 8192 8192 8192 8192 8192 10151 12061 13870 15592 918 2596 4160 5206 5678 5908 6061 6173 6252 6307 6356 5881 4393 2810 1140 15782 14000 12175 10395 8746 8192 8192 8192 8192 8192 8192 8192 8192 8192 9528 11491 13324 15058 377 2072 3702 4957 5574 5851 6023 6140 6225 6292 6337 6280 4877 3270 1642 16293 14513 12706 10899 9167 8192 8192 8192 8192 8192 8192 8192 8192 8192 8820 10926 12802 14570 16293 1612 3275 4687 5445 5791 5987 6115 6207 6273 6334 6369 5323 3729 2127 413 15031 13221 11389 9629 8192 8192 8192 8192 8192 8192 8192 8192 8192 8192 10358 12269 14064 15792 1117 2791 4323 5287 5711 5937 6077 6179 6257 6301 6361 5566 4033 2446 732 15365 13570 11743 9981 8374 8192 8192 8192 8192 8192 8192 8192 8192 8192 9887 11809 13630 15358 691 2382 3974 5115 5633 5885 6049 6156 6237 6306 6360 5895 4418 2833 1167 15819 14023 12202 10410 8744 8192 8192 8192 167 13012 305 1519 
0 1418 1325 1412 1393 1322 1511 1516 1502 1484 1292 1421 1554 1623 1609 1456 1366 1386 1341 1471 1443 1410 1505 1385 1479 1431 1444 1660 1532 1404 1415 1254 1557 1636 1433 1360 1090 451 15781 14701 15532 999 2727 4279 5455 6183 6376 6432 6447 6444 6457 6465 6432 6389 6347 6296 5523 4084 2553 885 15539 13768 11999 10284 8679 8192 8192 8192 9282 11050 12415 14185 15959 934 2672 4249 5248 5714 5902 5939 5967 6028 6071 6125 6182 6239 6292 6332 6364 6393 6415 6421 6437 6434 5446 3928 2385 790 15442 13632 11788 10005 8369 8192 8192 8192 8192 8192 8192 8192 10236 12145 13960 15686 1011 2684 4224 5188 5630 5855 6003 6098 6150 6170 6173 6179 6224 6262 6241 4796 3185 1593 16269 14501 12695 10888 9170 8192 8192 8192 8192 8192 8192 8192 8192 8192 9188 11207 13059 14814 144 1849 3491 4819 5498 5800 5987 6108 6202 6260 6315 6356 6214 4751 3145 1510 16146 14364 12557 10747 9047 8192 8192 8192 8192 8192 8192 8192 8192 8192 8192 8278 10510 12402 14185 15901 1232 2901 4412 5329 5727 5943 6091 6187 6278 5776 4337 2793 1128 15787 14023 12229 10462 8820 8192 8192 8192 8192 8192 8192 8192 8192 8192 8192 8192 9210 11217 13074 14820 145 1837 3486 4840 5521 5838 6017 6145 6159 4910 3409 1819 122 14772 13014 11256 9574 8192 8192 8192 8192 8192 8192 8192 8192 8192 8192 8192 8192 9619 11565 13393 15129 454 2149 3772 5014 5609 5888 172 13585 305 1519 
0 2366 2470 2406 2244 2358 2296 2427 2583 2367 2488 2394 2290 2526 2350 2415 2480 2327 2563 2449 2300 2415 2229 2453 2563 2323 2455 2364 2401 2565 2275 2328 2437 2402 2569 2382 2208 2097 1160 13 15995 655 2435 4038 5296 6057 6253 6351 6389 6370 6362 6342 6289 6245 6175 6071 4898 3487 1864 140 14783 13043 11360 9728 8323 9239 9581 11174 13193 14962 312 2034 3641 4930 5642 5950 6038 6070 6134 6189 6222 6281 6335 6386 6416 6439 6422 6405 5598 4090 2554 962 15636 13852 12033 10264 8603 8192 8192 8192 8192 8192 10386 12300 14134 15857 1194 2865 4366 5277 5682 5879 5985 6028 6023 6055 6120 6186 6249 6271 6306 6332 6353 6381 6394 6296 4805 3219 1678 6 14630 12781 10954 9213 8192 8192 8192 8192 8192 8192 8460 10617 12508 14294 16014 1337 3017 4470 5321 5696 5901 6026 6086 6116 6116 6130 6182 6230 6274 6315 6329 5095 3500 1927 240 14877 13064 11231 9472 8192 8192 8192 8192 8192 8192 8192 8192 9232 11247 13097 14850 189 1882 3517 4825 5485 5793 5974 6098 6172 6215 6254 6253 6251 6280 5353 3787 2202 509 15136 13349 11510 9751 8192 8192 8192 8192 8192 8192 8192 8192 8192 8904 10973 12838 14597 16319 1640 3296 4694 5445 5779 5969 6099 6189 6256 6315 6339 6268 4831 3212 1585 16245 14459 12637 10827 9104 8192 8192 8192 8192 8192 8192 8192 8192 8192 8516 10690 12579 14358 16076 1405 3077 4545 5380 5750 5954 6094 177 9323 305 1519 
0 1568 1498 1566 1474 1483 1535 1416 1533 1547 1442 1517 1386 1509 1605 1467 1591 1506 1488 1621 1412 1445 1523 1346 1450 1276 1221 1552 1601 1828 1861 1686 1845 1753 1720 1596 1044 285 15487 14669 15503 895 2630 4195 5389 6117 6334 6370 6382 6378 6396 6397 6360 6324 6300 6234 5651 4212 2677 1017 15681 13915 12151 10438 8831 8192 8192 8192 9237 10996 12393 14207 15961 1021 2790 4324 5283 5737 5916 5939 5978 6035 6074 6119 6189 6241 6299 6332 6352 6389 6400 6409 6412 6375 5127 3467 2085 330 15074 13182 11413 9611 8192 8192 8192 8192 8192 8192 8192 8693 10816 12681 14457 16177 1494 3142 4566 5358 5714 5912 6027 6102 6156 6157 6158 6182 6236 6270 6217 4747 3143 1553 16234 14462 12639 10847 9109 8192 8192 8192 8192 8192 8192 8192 8192 8192 9442 11425 13274 15025 341 2029 3653 4915 5538 5820 5997 6122 6202 6264 6327 6355 6351 5047 3424 1818 93 14714 12910 11073 9351 8192 8192 8192 8192 8192 8192 8192 8192 8192 8192 8222 10467 12360 14146 15866 1179 2853 4371 5308 5724 5951 6086 6182 6261 6311 5047 3478 1875 148 14774 12976 11190 9492 8192 8192 8192 8192 8192 8192 8192 8192 8192 8192 8192 8690 10809 12684 14442 16154 1468 3126 4596 5422 5789 5985 6115 6220 5678 4286 2766 1124 15784 14031 12263 10519 8856 8192 8192 8192 8192 8192 8192 8192 8192 8192 8192 8192 8839 10929 12795 14552 16275 1596 3249 4681 5471 5817 182 10480 305 1519 
0 8192 8192 8192 8192 8192 8192 8197 10444 12337 14126 15844 1170 2843 4372 5298 5720 5942 6087 6192 6277 6330 6365 5148 3554 1944 219 14831 13031 11210 9484 8192 8192 8192 8192 8192 8192 8192 8192 8192 8192 10016 11946 13760 15488 815 2500 4080 5162 5671 5910 6059 6168 6248 6312 6358 5501 3960 2368 654 15286 13495 11649 9906 8285 8192 8192 8192 8192 8192 8192 8192 8192 8192 9506 11484 13319 15051 377 2074 3699 4954 5561 5850 6027 6140 6232 6298 6346 5915 4447 2860 1193 15830 14049 12237 10467 8778 8192 8192 8192 8192 8192 8192 8192 8192 8192 8965 11024 12879 14639 16343 1662 3322 4713 5462 5796 5997 6120 6213 6287 6334 6308 4930 3334 1701 16358 14581 12774 10965 9235 8192 8192 8192 8192 8192 8192 8192 8192 8192 8192 10435 12329 14113 15834 1161 2833 4364 5305 5720 5947 6086 6179 6255 6321 6365 5416 3850 2261 541 15165 13352 11545 9782 8199 8192 8192 8192 8192 8192 8192 8192 8192 8192 9809 11759 13583 15313 643 2339 3936 5090 5621 5882 6046 6159 6242 6306 6349 5946 4464 2873 1204 15840 14059 12231 10457 8799 8192 8192 8192 8192 8192 8192 8192 8192 8192 9038 11086 12945 14700 29 1730 3380 4763 5480 5801 6002 6116 6221 6291 6337 6366 5086 3478 1860 137 14746 12936 11107 9380 8192 8192 8192 8192 8192 8192 8192 8192 8192 8192 10333 12222 14011 15730 1051 2727 4273 5258 5710 5930 6080 6179 6254 6325 6357 5669 4153 188 1183 305 1519 
0 2628 2658 2689 2659 2670 2483 2126 1299 282 298 1541 3201 4658 5628 5594 5445 5601 5910 5979 6058 6060 6031 6010 5974 5916 5735 4377 2931 1269 15935 14247 12557 10877 9308 11512 13270 14639 14443 16043 1517 3207 4611 5511 5947 6107 6127 6164 6208 6238 6273 6289 6288 6256 6200 6140 5502 4018 2482 894 15564 13790 11988 10218 8610 8192 8824 9907 11215 12642 14633 7 1708 3360 4730 5514 5866 5977 6017 6062 6104 6156 6202 6264 6310 6343 6356 6353 6345 6309 5690 4180 2612 1044 15731 13941 12113 10318 8634 8192 8192 8192 8192 8192 8813 10943 12798 14573 16310 1639 3283 4659 5394 5738 5912 6016 6063 6042 6072 6124 6189 6230 6262 6288 6310 6322 6322 6317 6084 4683 3003 1540 16174 14458 12587 10802 9036 8192 8192 8192 8192 8192 8192 8534 10681 12579 14355 16077 1401 3057 4504 5331 5703 5904 6022 6096 6113 6101 6126 6180 6229 6269 6289 6299 5894 4358 2759 1164 15832 14049 12211 10407 8740 8192 8192 8192 8192 8192 8192 8192 8380 10588 12474 14254 15977 1295 2973 4446 5320 5710 5920 6055 6139 6193 6236 6231 6227 6252 6287 5264 3700 2115 422 15046 13230 11385 9618 8192 8192 8192 8192 8192 8192 8192 8192 8192 9721 11678 13503 15240 576 2269 3869 5041 5585 5857 6014 6128 6207 6266 6301 6326 6303 5431 3876 2294 594 15234 13413 11581 9814 8198 8192 8192 8192 8192 8192 8192 8192 8192 8473 10655 12546 14330 16050 1378 3046 4507 193 4389 305 1519 
0 8192 8192 8192 8192 8192 8756 10872 12741 14513 16220 1545 3206 4636 5431 5777 5969 6102 6191 6272 6315 6362 6110 4623 3012 1372 16013 14228 12405 10599 8919 8192 8192 8192 8192 8192 8192 8192 8192 8192 9375 11355 13202 14950 279 1962 3602 4895 5543 5840 6010 6125 6209 6277 6336 6355 5760 4248 2659 981 15616 13810 11989 10224 8556 8192 8192 8192 8192 8192 8192 8192 8192 8192 9881 11819 13643 15376 698 2391 3970 5111 5633 5885 6045 6148 6236 6293 6338 6376 5475 3928 2340 632 15251 13455 11622 9849 8270 8192 8192 8192 8192 8192 8192 8192 8192 8192 10275 12186 13979 15706 1024 2709 4260 5240 5696 5928 6064 6172 6241 6306 6338 6374 5237 3633 2026 306 14916 13111 11293 9535 8192 8192 8192 8192 8192 8192 8192 8192 8192 8454 10634 12521 14299 16016 1337 2994 4480 5356 5744 5954 6087 6192 6256 6309 6350 6338 4962 3342 1722 16377 14602 12790 10965 9238 8192 8192 8192 8192 8192 8192 8192 8192 8192 8983 11035 12896 14664 16376 1689 3346 4726 5467 5800 5988 6113 6205 6271 6333 6349 6168 4686 3080 1429 16080 14289 12475 10666 8969 8192 8192 8192 8192 8192 8192 8192 8192 8192 9359 11356 13199 14941 269 1967 3589 4898 5534 5835 6013 6140 6178 6305 6295 6373 5925 4465 2833 1200 15807 14046 12194 10413 8716 8192 8192 8192 8192 8192 8192 8192 8192 8192 9692 11641 13471 15214 529 2224 3839 5033 5599 5868 6034 6144 6227 6278 6338 198 874 305 1519 
0 8192 8192 8192 8192 8192 8192 8192 10265 12186 13975 15699 1018 2699 4247 5248 5705 5933 6077 6184 6258 6334 6352 5072 3471 1853 121 14737 12938 11126 9403 8192 8192 8192 8192 8192 8192 8192 8192 8192 8192 9832 11777 13593 15332 655 2352 3958 5113 5639 5888 6064 6173 6254 6313 6366 5422 3871 2277 564 15192 13379 11561 9808 8221 8192 8192 8192 8192 8192 8192 8192 8192 8192 9294 11313 13163 14917 253 1953 3586 4900 5545 5846 6023 6145 6236 6304 6351 5869 4392 2811 1131 15770 13983 12154 10371 8698 8192 8192 8192 8192 8192 8192 8192 8192 8192 8650 10793 12671 14437 16153 1472 3121 4585 5405 5781 5984 6114 6203 6269 6345 6298 4916 3311 1677 16327 14605 12653 11025 9155 8192 8192 8192 8192 8192 8192 8192 8192 8192 8192 10235 12141 13943 15667 981 2676 4234 5245 5704 5928 6081 6185 6261 6324 6377 5457 3911 2309 597 15216 13395 11572 9829 8242 8192 8192 8192 8192 8192 8192 8192 8192 8192 9456 11455 13293 15037 371 2064 3695 4959 5570 5851 6034 6144 6238 6299 6348 5965 4499 2901 1230 15869 14075 12265 10452 8768 8192 8192 8192 8192 8192 8192 8192 8192 8192 8753 10872 12752 14524 16241 1567 3216 4644 5429 5795 5989 6116 6209 6293 6347 6375 5193 3591 1977 254 14868 13062 11247 9509 8192 8192 8192 8192 8192 8192 8192 8192 8192 8192 10103 12020 13826 15554 866 2556 4122 5181 5669 5910 6074 6178 6259 6317 6353 5867 4392 203 486 305 1519 
0 2305 2424 2375 2406 2460 2258 2298 2356 2321 2500 2400 2335 2420 2288 2442 2444 2294 2411 2313 2393 2447 2251 2356 2330 2322 2498 2341 2346 2359 2220 2436 2376 2361 2535 2309 2370 2221 1427 591 15934 246 1981 3639 4993 5828 6033 6146 6163 6140 6138 6124 6081 6028 5968 5934 5621 4169 2655 942 15580 13827 12106 10446 8914 8911 9412 9488 11196 13203 14967 325 2013 3633 4929 5637 5961 6027 6058 6107 6145 6180 6227 6271 6291 6291 6276 6244 6193 5203 3711 2171 548 15199 13414 11595 9823 8213 8192 8192 8192 8192 8192 9738 11708 13546 15290 619 2313 3897 5036 5568 5828 5964 6037 6040 6045 6098 6151 6198 6249 6266 6299 6303 6299 6303 6282 5987 4444 2862 1308 16006 14234 12386 10583 8856 8192 8192 8192 8192 8192 8192 8613 10756 12637 14406 16130 1454 3111 4531 5348 5712 5902 6023 6093 6130 6108 6129 6167 6218 6253 6280 6291 6117 4610 2999 1421 16093 14315 12494 10670 8945 8192 8192 8192 8192 8192 8192 8192 8192 9782 11727 13562 15299 623 2316 3902 5047 5586 5842 6010 6110 6185 6219 6262 6239 6235 6257 5605 4063 2488 818 15455 13656 11822 10023 8395 8192 8192 8192 8192 8192 8192 8192 8192 8450 10522 12554 14216 16026 1283 2985 4443 5342 5717 5941 6069 6174 6230 6291 6328 6343 5828 4316 2732 1069 15719 13921 12092 10295 8640 8192 8192 8192 8192 8192 8192 8192 8192 8192 9357 11356 13199 14941 269 1971 3601 4893 208 1396 305 1519 
0 1362 1622 1384 1310 1519 1319 1457 1431 1319 1524 1451 1432 1415 1301 1447 1535 1515 1463 1300 1323 1446 1456 1481 1409 1321 1426 1487 1527 1464 1360 1369 1395 874 16165 14900 15128 381 2181 3800 5104 5983 6197 6187 6208 6200 6187 6210 6166 6126 6102 6060 5978 4726 3287 1650 16292 14518 12747 10992 9341 8192 8192 8192 8224 9976 11731 12877 14922 218 1904 3585 4860 5534 5831 5932 5943 5992 6033 6086 6142 6191 6231 6271 6298 6307 6310 6322 6286 6258 6181 4890 3366 1838 219 14856 13041 11193 9404 8192 8192 8192 8192 8192 8192 8192 8278 10516 12416 14202 15933 1256 2922 4398 5270 5669 5882 6013 6099 6146 6182 6173 6167 6207 6235 6252 5163 3608 2035 360 14987 13184 11341 9581 8192 8192 8192 8192 8192 8192 8192 8192 8192 8369 10596 12447 14267 15954 1298 2953 4439 5324 5714 5932 6061 6163 6229 6288 6332 6356 5998 4496 2894 1239 15881 14101 12270 10465 8777 8192 8192 8192 8192 8192 8192 8192 8192 8192 8192 8913 10985 12853 14606 16324 1643 3299 4702 5456 5789 5984 6110 6207 6286 6346 5242 3656 2058 345 14958 13162 11351 9610 8192 8192 8192 8192 8192 8192 8192 8192 8192 8192 8192 8412 10615 12500 14273 15994 1321 2986 4478 5364 5756 5965 6105 6202 6246 5024 3465 1858 154 14797 13012 11228 9508 8192 8192 8192 8192 8192 8192 8192 8192 8192 8192 8192 8192 10118 12038 13848 15578 892 2592 4160 5217 5691 5930 6086 214 4231 305 1519 
0 2625 2464 2572 2547 2562 2642 2456 2506 2593 2565 2646 2457 2366 2483 2383 2472 2458 2413 2624 2723 2804 2866 2784 2814 2776 2590 2499 2311 2258 2278 2168 2207 2362 2609 2832 2672 2203 1273 172 135 1279 2937 4457 5554 5789 5919 6064 6156 6166 6164 6125 6080 6025 5975 5894 4977 3565 1943 193 14828 13085 11387 9796 8545 9679 11872 13682 15421 775 2482 4054 5171 5735 5999 6071 6088 6135 6189 6233 6276 6319 6332 6320 6296 6252 6130 4780 3273 1740 89 14735 12922 11117 9379 8192 8192 8552 9849 11003 11886 13753 15560 901 2606 4140 5203 5711 5929 5970 6004 6057 6105 6147 6205 6257 6313 6346 6370 6387 6393 6386 6358 6247 4879 3358 1835 203 14841 13028 11200 9457 8192 8192 8192 8192 8192 8192 9516 11507 13343 15094 428 2117 3736 4933 5520 5799 5946 6033 6062 6056 6087 6141 6197 6233 6280 6292 6304 6312 6311 5538 4014 2443 844 15513 13717 11883 10070 8429 8192 8192 8192 8192 8192 8192 8647 10754 12653 14422 16142 1459 3126 4551 5347 5721 5920 6037 6104 6148 6133 6153 6187 6234 6280 6295 5886 4346 2745 1129 15789 13996 12176 10371 8689 8192 8192 8192 8192 8192 8192 8192 8192 10012 11941 13758 15486 814 2496 4054 5135 5629 5869 6024 6129 6199 6235 6272 6249 6259 6257 4910 3288 1677 16346 14578 12755 10940 9207 8192 8192 8192 8192 8192 8192 8192 8192 8192 9900 11825 13648 15379 709 2394 3983 5097 5626 5876 219 7162 305 1519 
0 8192 9180 11146 13094 14827 163 1854 3496 4825 5508 5821 6004 6122 6207 6254 6285 6271 6280 6305 6320 4931 3309 1704 16369 14583 12757 10917 9187 8192 8192 8192 8192 8192 8192 8192 8192 8192 10308 12221 14079 15784 1111 2787 4307 5275 5707 5928 6078 6169 6226 6263 6279 6280 6287 6325 5844 4293 2695 1046 15681 13889 12042 10257 8583 8192 8192 8192 8192 8192 8192 8192 8192 9136 11123 13033 14815 143 1845 3489 4827 5507 5823 6001 6122 6205 6236 6279 6265 6269 6302 6344 5470 3899 2305 611 15229 13411 11567 9788 8192 8192 8192 8192 8192 8192 8192 8192 8192 9728 11645 13537 15294 617 2314 3918 5069 5618 5875 6041 6138 6214 6255 6274 6259 6274 6303 6356 5338 3758 2171 490 15117 13311 11475 9686 8192 8192 8192 8192 8192 8192 8192 8192 8192 10017 11914 13779 15531 842 2539 4110 5172 5654 5900 6056 6147 6216 6258 6254 6252 6278 6307 6363 5527 3968 2381 705 15329 13514 11675 9907 8277 8192 8192 8192 8192 8192 8192 8192 8192 9852 11755 13606 15390 719 2402 3984 5108 5633 5888 6044 6143 6207 6242 6252 6244 6269 6311 6358 6342 4886 3260 1660 16340 14568 12732 10890 9168 8192 8192 8192 8192 8192 8192 8192 8192 8817 10831 12300 14108 15399 13927 12617 11213 9772 8369 8192 8192 8192 8192 8192 8192 8192 8192 8192 8192 8192 8192 8192 8192 8192 8192 8192 8192 8192 8192 8192 8192 8192 8192 8192 8192 8203 8230 8255 8266 8285 224 4094 305 1519 
0 8192 8192 10349 12279 14097 15819 1147 2823 4346 5285 5716 5930 6075 6177 6230 6280 6299 6279 6295 6328 5248 3658 2072 366 14995 13165 11323 9567 8192 8192 8192 8192 8192 8192 8192 8192 8192 9724 11654 13576 15278 604 2288 3900 5066 5611 5876 6038 6151 6213 6262 6293 6265 6269 6311 5908 4365 2762 1120 15760 13967 12132 10314 8652 8192 8192 8192 8192 8192 8192 8192 8192 8866 10894 12822 14596 16304 1616 3272 4675 5438 5783 5979 6109 6188 6236 6276 6281 6276 6293 6348 5175 3589 1996 297 14907 13087 11268 9504 8192 8192 8192 8192 8192 8192 8192 8192 8192 9970 11885 13790 15494 809 2504 4071 5161 5659 5896 6055 6156 6229 6258 6276 6264 6273 6324 6236 4735 3111 1489 16143 14351 12530 10696 8993 8192 8192 8192 8192 8192 8192 8192 8192 8504 10643 12552 14407 16095 1416 3089 4534 5390 5755 5958 6095 6172 6237 6267 6272 6259 6298 6331 6017 4465 2858 1217 15872 14080 12248 10438 8736 8192 8192 8192 8192 8192 8192 8192 8192 8997 11004 12886 14717 6 1700 3347 4727 5455 5802 5995 6112 6177 6239 6272 6251 6269 6290 6329 6072 4527 2918 1291 15947 14158 12335 10504 8821 8192 8192 8192 8192 8192 8192 8192 8192 9086 11086 12956 14766 92 1788 3430 4780 5490 5814 6003 6112 6186 6235 6254 6239 6269 6295 6343 6364 5001 3371 1781 77 14699 12880 11042 9313 8192 8192 8192 8192 8192 8192 8192 8192 8491 10617 12378 14236 15970 945 229 3282 305 1519 
0 1535 1543 1549 1611 1484 1603 1592 1520 1660 1448 1466 1592 1480 1527 1445 1365 1575 1487 1473 1477 1342 1496 1622 1519 1540 1304 1216 1456 1581 1792 1867 1812 1775 1861 1762 1326 174 15155 14893 16269 1701 3363 4773 5798 6270 6307 6313 6319 6308 6320 6322 6271 6234 6201 6138 5404 3975 2413 709 15340 13569 11800 10106 8551 8192 8192 8192 9565 11317 12540 14460 16198 1499 3225 4620 5422 5790 5930 5946 5986 6033 6087 6135 6190 6250 6301 6326 6341 6362 6373 6375 6362 6260 4829 3277 1750 99 14738 12900 11070 9305 8192 8192 8192 8192 8192 8192 8192 8826 10926 12794 14569 16290 1606 3246 4631 5376 5729 5921 6036 6115 6163 6172 6165 6181 6224 6257 6273 4947 3321 1743 45 14672 12845 11021 9296 8192 8192 8192 8192 8192 8192 8192 8192 8192 8949 11016 12880 14642 16351 1665 3311 4696 5447 5771 5971 6100 6186 6252 6308 6348 6363 5590 4037 2452 763 15389 13588 11756 9989 8366 8192 8192 8192 8192 8192 8192 8192 8192 8192 8192 9514 11486 13325 15065 397 2090 3717 4970 5572 5858 6026 6138 6228 6306 5997 4573 3003 1348 15996 14230 12409 10636 8961 8192 8192 8192 8192 8192 8192 8192 8192 8192 8192 8192 9307 11308 13158 14897 224 1918 3553 4863 5542 5845 6027 6149 6232 5658 4239 2718 1051 15709 13955 12171 10404 8773 8192 8192 8192 8192 8192 8192 8192 8192 8192 8192 8192 8908 10978 12846 14604 16311 1632 3291 4708 5468 234 5532 305 1519 
0 2543 2251 2217 2350 2313 2380 2417 2111 2185 2156 2201 2499 2436 2531 2648 2550 2599 2529 2325 2412 2225 2122 2112 1895 1948 2085 2253 2529 2451 2339 2343 2305 2460 2522 2512 2485 2145 1210 16332 15792 530 2287 3901 5182 5926 6117 6222 6267 6258 6261 6226 6179 6133 6069 6007 5316 3891 2329 601 15232 13489 11781 10139 8648 9017 9329 10077 12413 14205 15951 1293 2955 4442 5385 5838 6024 6044 6098 6146 6195 6233 6279 6333 6346 6359 6338 6310 5746 4240 2677 1103 15791 14013 12201 10408 8735 8192 8192 8192 8192 8192 9712 11667 13557 15283 618 2315 3900 5039 5580 5828 5966 6035 6025 6043 6107 6163 6224 6250 6295 6314 6340 6347 6348 6345 5520 3997 2438 857 15516 13717 11883 10066 8417 8192 8192 8192 8192 8192 8192 9453 11436 13288 15039 385 2080 3696 4909 5513 5798 5962 6050 6114 6116 6116 6148 6208 6242 6277 6300 6236 4765 3148 1563 16248 14477 12651 10833 9100 8192 8192 8192 8192 8192 8192 8192 8192 9605 11569 13393 15138 472 2162 3769 4988 5556 5827 6002 6115 6178 6225 6258 6259 6251 6273 5273 3709 2114 429 15045 13243 11410 9650 8192 8192 8192 8192 8192 8192 8192 8192 8192 8955 11014 12872 14640 16351 1673 3324 4720 5452 5779 5977 6094 6187 6256 6313 6343 6329 5014 3382 1767 40 14665 12848 11025 9302 8192 8192 8192 8192 8192 8192 8192 8192 8192 8192 10439 12343 14139 15861 1180 2865 4372 5305 5715 5934 239 15743 305 1519 
0 2251 2178 2149 1950 2156 2358 2174 2196 2026 2003 2314 2141 2120 2158 2063 2284 2258 2066 2170 2140 2210 2273 2040 2066 2173 2150 2247 2117 2077 2196 2187 2230 2109 2094 2195 2118 1749 572 15792 15949 897 2692 4247 5445 6080 6232 6270 6271 6253 6260 6230 6176 6129 6074 5992 4908 3497 1856 124 14766 13026 11315 9687 8224 9302 9521 9408 10972 13066 14846 206 1889 3527 4863 5611 5946 6020 6052 6110 6159 6192 6240 6277 6329 6358 6363 6345 6297 5071 3548 2012 372 15011 13206 11397 9642 8192 8192 8192 8192 8192 8192 8473 10675 12555 14340 16069 1405 3068 4517 5331 5710 5902 6010 6073 6082 6091 6134 6182 6241 6274 6287 6308 6316 5972 4429 2831 1233 15919 14130 12292 10478 8778 8192 8192 8192 8192 8192 8192 8192 9448 11429 13271 15016 352 2042 3662 4913 5526 5804 5983 6076 6145 6179 6190 6183 6216 6261 6293 5450 3901 2323 666 15295 13490 11658 9869 8284 8192 8192 8192 8192 8192 8192 8192 8192 9469 11444 13281 15021 357 2050 3674 4935 5539 5824 5988 6114 6194 6260 6296 6310 6304 5550 4001 2425 749 15372 13571 11742 9978 8355 8192 8192 8192 8192 8192 8192 8192 8192 8192 9812 11758 13577 15313 635 2320 3918 5075 5616 5872 6029 6143 6224 6292 6339 6149 4702 3098 1452 16109 14320 12508 10720 9019 8192 8192 8192 8192 8192 8192 8192 8192 8192 8192 10067 11872 13818 15445 848 2481 4095 5153 5662 5897 6068 6163 245 1064 305 1519 
0 2474 2439 2491 2302 1767 717 16184 109 1534 3249 4698 5733 6173 6271 6361 6366 6348 6330 6313 6249 6196 6120 5730 4285 2790 1108 15752 14003 12289 10647 9094 9001 9521 10723 12892 14638 16380 1720 3370 4733 5544 5913 6049 6070 6116 6164 6213 6275 6334 6385 6410 6422 6426 6415 6380 5230 3723 2189 567 15221 13414 11607 9845 8255 8192 8192 8192 9145 10966 12665 14197 16049 1390 3050 4509 5348 5728 5897 5959 5967 6022 6066 6140 6188 6247 6285 6309 6351 6373 6392 6410 6425 6429 5948 4419 2855 1328 16018 14250 12420 10586 8882 8192 8192 8192 8192 8192 8192 9516 11492 13337 15089 415 2099 3704 4920 5507 5796 5959 6042 6090 6085 6096 6144 6201 6253 6291 6312 6331 5563 4023 2461 835 15490 13697 11873 10096 8445 8192 8192 8192 8192 8192 8192 8192 9196 11230 13073 14831 162 1864 3496 4813 5490 5789 5965 6089 6160 6201 6224 6217 6230 6263 6131 4614 3003 1381 16033 14259 12426 10629 8935 8192 8192 8192 8192 8192 8192 8192 8192 8192 10387 12287 14089 15814 1142 2785 4340 5255 5715 5904 6071 6150 6239 6276 6330 6333 5804 4273 2693 1023 15671 13881 12054 10249 8601 8192 8192 8192 8192 8192 8192 8192 8192 8192 9620 11583 13409 15149 478 2175 3790 5004 5583 5855 6015 6140 6231 6287 6343 6248 4811 3214 1579 16236 14458 12659 10834 9149 8192 8192 8192 8192 8192 8192 8192 8192 8192 8192 10381 12266 14061 15783 1101 2783 4322 5281 249 15560 305 1519 
0 6154 6208 6255 6317 6364 6396 6425 6434 6422 6405 6233 4753 3198 1672 14 14644 12836 11020 9322 8192 8192 8192 8192 9410 11371 13136 14970 334 2030 3657 4901 5524 5806 5940 5979 5991 6029 6104 6165 6220 6254 6286 6330 6352 6374 6393 6410 6421 6396 5066 3514 1983 349 14997 13173 11333 9561 8192 8192 8192 8192 8192 8192 8258 10477 12384 14182 15909 1233 2904 4383 5267 5677 5889 6013 6082 6105 6113 6121 6177 6241 6281 6300 6321 5729 4196 2624 1013 15681 13895 12067 10268 8599 8192 8192 8192 8192 8192 8192 8192 8253 10503 12395 14181 15897 1218 2875 4377 5289 5700 5918 6053 6146 6206 6252 6253 6245 6270 6141 4639 3027 1417 16077 14303 12466 10654 8959 8192 8192 8192 8192 8192 8192 8192 8192 8192 9898 11831 13652 15383 708 2395 3984 5107 5631 5880 6040 6154 6231 6287 6343 6359 5637 4092 2508 826 15464 13661 11842 10068 8443 8192 8192 8192 8192 8192 8192 8192 8192 8192 9428 11409 13244 14990 318 2013 3633 4916 5545 5846 6025 6142 6221 6287 6350 5721 4218 2644 957 15591 13801 11984 10218 8575 8192 8192 8192 8192 8192 8192 8192 8192 8192 8349 10563 12445 14233 15952 1273 2948 4452 5349 5749 5958 6104 6203 6273 6346 5506 3982 2401 696 15332 13545 11746 10003 8401 8192 8192 8192 8192 8192 8192 8192 8192 8192 8319 10527 12427 14196 15929 1244 2919 4430 5343 5746 5956 6101 6203 6281 6348 5173 3596 1991 271 14893 13108 254 14553 305 1519 
0 2452 2547 2368 2253 2408 2490 2604 2514 2320 2499 2550 2538 2431 2273 2481 2567 2506 2414 2273 2421 2567 2456 2412 2392 2581 2763 2605 2326 2217 2261 2437 2354 2189 2213 2316 2489 2378 1549 411 16307 802 2488 4095 5353 6069 6260 6363 6407 6408 6390 6371 6317 6265 6199 6077 4858 3442 1803 77 14726 13002 11323 9710 8347 9365 10084 12404 14187 15916 1245 2950 4438 5385 5832 6031 6066 6109 6161 6212 6258 6336 6377 6421 6438 6447 6453 6417 5667 4163 2616 1031 15707 13922 12109 10325 8646 8192 8192 8192 9327 10683 11925 12518 14687 61 1772 3404 4747 5480 5800 5934 5945 5995 6041 6092 6149 6212 6271 6316 6342 6379 6399 6422 6439 6447 6411 5009 3447 1923 281 14913 13116 11287 9527 8192 8192 8192 8192 8192 8192 8494 10658 12549 14337 16059 1372 3042 4489 5319 5696 5899 6005 6080 6100 6091 6129 6178 6234 6269 6296 6329 5837 4291 2711 1096 15760 13984 12153 10352 8684 8192 8192 8192 8192 8192 8192 8192 8757 10874 12748 14529 16253 1568 3213 4623 5403 5756 5945 6074 6146 6203 6231 6225 6228 6266 6146 4641 3029 1410 16059 14272 12451 10649 8951 8192 8192 8192 8192 8192 8192 8192 8192 8192 10300 12206 13997 15724 1047 2724 4267 5248 5686 5912 6059 6158 6235 6284 6321 6345 5634 4085 2501 812 15444 13655 11825 10038 8420 8192 8192 8192 8192 8192 8192 8192 8192 8192 9751 11707 13532 15267 598 2288 3894 5051 5612 5871 259 12900 305 1519 
0 8192 8192 8192 8192 8192 8192 10330 12227 14026 15749 1064 2747 4280 5266 5708 5939 6075 6187 6262 6305 6359 6299 4888 3270 1628 16278 14503 12693 10881 9164 8192 8192 8192 8192 8192 8192 8192 8192 8192 9031 11081 12938 14698 30 1731 3379 4747 5474 5804 5995 6119 6212 6283 6332 6355 5758 4245 2661 978 15600 13814 12004 10216 8565 8192 8192 8192 8192 8192 8192 8192 8192 8192 9974 11905 13715 15442 758 2445 4020 5140 5649 5898 6056 6160 6246 6300 6345 6375 5258 3663 2061 353 14971 13151 11340 9595 8192 8192 8192 8192 8192 8192 8192 8192 8192 8591 10709 12596 14367 16087 1405 3078 4551 5383 5755 5963 6102 6199 6262 6320 6348 6205 4738 3131 1487 16134 14357 12536 10718 9041 8192 8192 8192 8192 8192 8192 8192 8192 8192 9370 11354 13210 14959 285 1980 3612 4904 5554 5841 6010 6138 6231 6288 6332 6354 5745 4222 2644 965 15598 13793 11968 10191 8561 8192 8192 8192 8192 8192 8192 8192 8192 8192 10100 12017 13816 15554 874 2555 4120 5184 5665 5914 6065 6173 6250 6294 6347 6370 5331 3741 2173 363 15131 13189 11481 9630 8192 8192 8192 8192 8192 8192 8192 8192 8192 8498 10664 12546 14325 16041 1359 3031 4507 5372 5761 5960 6105 6194 6260 6316 6351 6316 4921 3309 1681 16339 14561 12737 10926 9185 8192 8192 8192 8192 8192 8192 8192 8192 8192 9272 11256 13099 14854 184 1889 3525 4849 5523 5831 6012 6124 6216 6281 6328 6366 265 5100 305 1519 
0 2578 2662 2540 2537 2463 2548 2693 2633 2592 2512 2521 2700 2571 2438 2375 2414 2696 2814 2773 2835 2808 2844 2852 2582 2519 2442 2406 2417 2206 2209 2409 2607 2789 2702 2517 2478 2271 1541 416 83 1235 2937 4447 5577 6014 6093 6216 6244 6233 6219 6185 6126 6066 6017 5880 4586 3149 1470 16097 14361 12648 10978 9402 8754 9615 11459 13368 15108 440 2171 3794 5024 5674 5970 6058 6080 6133 6175 6235 6283 6331 6370 6382 6375 6352 6314 6265 5190 3698 2168 557 15213 13419 11570 9808 8244 8192 8192 9074 10332 11507 12122 14066 15854 1206 2877 4376 5310 5746 5926 5953 5999 6049 6098 6146 6198 6258 6306 6350 6377 6398 6406 6407 6407 6393 6320 5014 3501 1983 370 15013 13203 11350 9580 8192 8192 8192 8192 8192 8192 9236 11277 13155 14913 267 1962 3578 4832 5470 5770 5939 6022 6075 6058 6088 6136 6191 6230 6271 6293 6309 6325 6328 5522 3987 2426 815 15479 13681 11828 10052 8456 8192 8192 8192 8192 8192 8192 8344 10570 12455 14247 15964 1299 2957 4434 5295 5693 5907 6035 6104 6150 6153 6160 6192 6228 6273 6310 5688 4145 2570 925 15569 13769 11937 10140 8501 8192 8192 8192 8192 8192 8192 8192 8192 10060 11976 13791 15513 850 2530 4103 5151 5636 5874 6036 6132 6204 6249 6272 6264 6269 6180 4708 3088 1475 16131 14353 12516 10700 9013 8192 8192 8192 8192 8192 8192 8192 8192 8192 9953 11884 13695 15422 747 2433 4012 270 6120 305 1519 
0 1934 2457 2963 2904 2243 1920 2417 3023 3117 2507 2015 2246 2758 3088 2646 2119 2147 2520 2868 2681 2306 2293 2546 2772 2727 2333 2297 2527 2729 2774 2483 2352 2480 2617 2670 2515 2222 1795 803 16307 189 1654 3357 4790 5788 6167 6259 6348 6359 6344 6335 6290 6242 6183 6107 5506 4070 2543 838 15485 13753 12029 10398 8852 9189 9735 11934 13755 15489 827 2552 4115 5201 5749 6007 6064 6092 6143 6203 6253 6321 6367 6400 6424 6430 6423 6403 6224 4722 3166 1642 16357 14602 12795 10984 9264 8192 8192 8192 9232 10555 11610 12076 14070 15853 1199 2872 4365 5308 5739 5923 5949 5986 6036 6055 6153 6173 6273 6306 6358 6370 6402 6406 6453 6447 6459 5735 4222 2667 1121 15799 14016 12176 10361 8686 8192 8192 8192 8192 8192 8192 10019 11949 13779 15511 837 2523 4072 5116 5597 5848 5980 6056 6086 6076 6106 6152 6212 6258 6289 6317 6327 6040 4490 2907 1320 15995 14226 12393 10572 8866 8192 8192 8192 8192 8192 8192 8192 9142 11172 13033 14795 129 1822 3461 4789 5473 5780 5960 6076 6149 6199 6199 6194 6216 6267 6309 5247 3667 2089 399 15036 13234 11394 9635 8192 8192 8192 8192 8192 8192 8192 8192 8192 10002 11923 13725 15454 776 2451 4029 5123 5626 5884 6033 6142 6219 6267 6304 6316 6305 5155 3539 1956 244 14856 13045 11223 9481 8192 8192 8192 8192 8192 8192 8192 8192 8192 8779 10891 12770 14541 16261 1580 3237 4658 5424 275 10118 305 1519 
0 5256 5701 5923 6073 6164 6222 6261 6281 6264 6290 6327 5638 4080 2491 810 15442 13627 11788 10021 8388 8192 8192 8192 8192 8192 8192 8192 8192 9590 11503 13441 15165 496 2192 3807 5012 5585 5866 6033 6136 6202 6243 6285 6262 6271 6307 6317 4928 3298 1687 16350 14579 12749 10944 9217 8192 8192 8192 8192 8192 8192 8192 8192 8519 10658 12565 14404 16101 1414 3075 4545 5382 5760 5959 6092 6172 6230 6265 6257 6251 6284 6327 5867 4308 2704 1055 15695 13884 12044 10250 8587 8192 8192 8192 8192 8192 8192 8192 8192 9452 11402 13297 15056 379 2072 3702 4949 5559 5850 6016 6130 6194 6240 6260 6260 6272 6307 6344 5034 3419 1821 115 14720 12896 11076 9334 8192 8192 8192 8192 8192 8192 8192 8192 8456 10617 12491 14365 16048 1362 3027 4502 5369 5754 5959 6095 6169 6222 6254 6249 6259 6287 6327 6308 4842 3219 1613 16274 14494 12666 10840 9156 8192 8192 8192 8192 8192 8192 8192 8192 8969 10991 12857 14697 16383 1705 3350 4741 5475 5802 5990 6098 6176 6223 6247 6231 6251 6300 6345 6328 4867 3233 1620 16288 14509 12695 10877 9140 8192 8192 8192 8192 8192 8192 8192 8192 9045 11038 12888 14718 66 1757 3408 4765 5483 5803 5985 6107 6173 6226 6240 6223 6257 6291 6345 6372 5547 3977 2390 718 15344 13539 11693 9937 8305 8192 8192 8192 8192 8192 8192 8192 8192 10350 12021 13513 15335 15021 13691 12327 10892 9429 8192 8192 8192 8192 8192 280 7441 305 1519 
0 2752 2899 2840 2686 2776 2699 2773 2880 2699 2773 2764 2667 2808 2716 2736 2873 2715 2814 2799 2658 2760 2713 2739 2821 2687 2694 2781 2702 2797 2771 2668 2768 2693 2747 2851 2731 2581 2001 1001 340 735 2178 3807 5120 5822 5911 6061 6161 6197 6193 6159 6122 6060 6021 5953 5490 4039 2501 788 15430 13706 12001 10362 8840 9712 11993 13766 15474 682 2327 3963 5116 5725 6000 6083 6105 6149 6190 6258 6302 6348 6362 6364 6359 6311 6270 6170 4887 3398 1873 238 14884 13079 11264 9532 8192 8193 9290 10492 11536 13006 14972 330 2034 3651 4934 5593 5895 5983 6014 6076 6113 6158 6210 6275 6321 6359 6390 6405 6404 6394 6362 5859 4344 2784 1236 15930 14155 12314 10511 8825 8192 8192 8192 8192 8192 9393 11462 13289 15049 395 2085 3696 4922 5513 5793 5940 6022 6037 6045 6088 6146 6203 6243 6272 6299 6315 6328 6349 6344 6278 4854 3286 1750 104 14729 12896 11075 9329 8192 8192 8192 8192 8192 8192 8634 10762 12653 14432 16155 1473 3129 4549 5351 5713 5917 6024 6087 6096 6094 6130 6175 6229 6275 6299 6318 6278 4870 3272 1705 15 14627 12808 11004 9267 8192 8192 8192 8192 8192 8192 8192 8192 10398 12298 14099 15823 1147 2821 4327 5266 5680 5902 6045 6126 6188 6207 6205 6212 6250 6289 5949 4411 2812 1189 15842 14051 12234 10428 8732 8192 8192 8192 8192 8192 8192 8192 8192 9285 11290 13145 14896 233 1932 3566 4862 5513 285 10343 305 1519 
0 8192 8192 9669 11615 13521 15231 559 2254 3863 5046 5610 5878 6044 6151 6215 6272 6311 6297 6303 6327 5353 3780 2194 495 15112 13287 11454 9683 8192 8192 8192 8192 8192 8192 8192 8192 8192 9535 11466 13417 15118 451 2144 3770 4998 5585 5867 6036 6139 6205 6269 6297 6297 6287 6321 5628 4071 2482 803 15432 13629 11794 10003 8370 8192 8192 8192 8192 8192 8192 8192 8192 9216 11171 13107 14852 183 1878 3529 4844 5520 5830 6016 6131 6203 6252 6291 6287 6278 6313 6109 4574 2962 1333 15981 14199 12369 10553 8869 8192 8192 8192 8192 8192 8192 8192 8192 8624 10722 12641 14452 16155 1478 3139 4589 5413 5770 5970 6101 6184 6239 6277 6285 6273 6300 6343 5187 3583 1992 301 14908 13077 11251 9495 8192 8192 8192 8192 8192 8192 8192 8192 8192 10031 11937 13842 15546 868 2555 4125 5186 5676 5907 6067 6155 6219 6274 6282 6269 6288 6329 5903 4341 2735 1088 15721 13909 12075 10255 8606 8192 8192 8192 8192 8192 8192 8192 8192 9018 11032 12938 14744 60 1756 3396 4766 5485 5813 6005 6119 6200 6237 6280 6273 6275 6312 6358 5241 3655 2075 378 14996 13173 11341 9592 8192 8192 8192 8192 8192 8192 8192 8192 8192 10039 11926 13808 15550 867 2554 4122 5190 5676 5919 6070 6165 6224 6262 6270 6258 6283 6334 6316 4866 3241 1629 16279 14498 12675 10864 9137 8192 8192 8192 8192 8192 8192 8192 8192 8511 10699 12455 14419 16047 1421 3042 4550 291 10809 305 1519 
0 6321 6331 6325 6332 6339 6327 6285 6256 6213 6136 5007 3571 1986 261 14890 13110 11369 9681 8192 8192 8192 8192 9471 11320 12647 14585 16319 1585 3301 4679 5451 5788 5926 5943 5986 6036 6074 6134 6195 6246 6290 6338 6314 6399 6348 6395 6365 6358 5094 3597 2048 446 15080 13288 11435 9674 8192 8192 8192 8192 8192 8192 8192 8278 10506 12398 14185 15910 1232 2885 4368 5259 5665 5884 6017 6099 6143 6174 6166 6184 6218 6255 6278 4941 3320 1740 38 14662 12842 11017 9277 8192 8192 8192 8192 8192 8192 8192 8192 8192 9023 11081 12944 14706 37 1732 3380 4743 5464 5788 5977 6096 6190 6257 6311 6345 6365 5301 3680 2083 371 14983 13173 11339 9596 8192 8192 8192 8192 8192 8192 8192 8192 8192 8192 8192 9996 11924 13738 15472 795 2485 4064 5158 5655 5907 6056 6168 6257 6323 5350 3795 2216 512 15133 13340 11546 9796 8222 8192 8192 8192 8192 8192 8192 8192 8192 8192 8192 8192 10276 12171 13961 15682 1006 2691 4245 5264 5708 5936 6088 6191 5997 4667 3156 1535 16210 14466 12684 10921 9243 8192 8192 8192 8192 8192 8192 8192 8192 8192 8192 8192 8192 10264 12164 13954 15676 999 2674 4231 5258 5709 5942 6095 6204 5385 3897 2366 697 15366 13603 11843 10106 8538 8192 8192 8192 8192 8192 8192 8192 8192 8192 8192 8192 9159 11180 13026 14775 98 1802 3454 4816 5526 5846 6029 6148 5943 4644 3146 1538 16206 14469 12696 10940 9266 8192 297 1023 305 1519 
0 8192 8192 8192 8192 8192 8192 8721 10842 12730 14496 16208 1528 3188 4623 5427 5785 5991 6115 6205 6289 6336 6389 5367 3788 2177 475 15099 13285 11477 9718 8192 8192 8192 8192 8192 8192 8192 8192 8192 8192 9895 11829 13646 15382 705 2406 3997 5129 5644 5902 6057 6165 6251 6316 6370 6072 4602 3005 1345 15987 14192 12373 10583 8886 8192 8192 8192 8192 8192 8192 8192 8192 8192 8814 10907 12780 14547 16266 1580 3245 4663 5448 5796 5991 6119 6209 6280 6349 6374 5450 3884 2291 584 15199 13388 11577 9807 8223 8192 8192 8192 8192 8192 8192 8192 8192 8192 9915 11852 13670 15394 722 2418 4004 5130 5639 5900 6060 6168 6247 6311 6356 6276 4835 3220 1586 16229 14451 12637 10825 9118 8192 8192 8192 8192 8192 8192 8192 8192 8192 8613 10806 12640 14440 16137 1484 3128 4594 5398 5780 5970 6114 6205 6273 6330 6368 5728 4224 2631 948 15577 13788 11956 10192 8539 8192 8192 8192 8192 8192 8192 8192 8192 8192 9655 11614 13438 15179 511 2205 3820 5030 5606 5861 6035 6157 6236 6301 6351 6380 5279 3674 2074 367 14966 13171 11347 9600 8192 8192 8192 8192 8192 8192 8192 8192 8192 8202 10441 12339 14123 15832 1153 2824 4358 5303 5727 5947 6080 6183 6256 6326 6360 6241 4785 3183 1548 16200 14423 12604 10792 9105 8192 8192 8192 8192 8192 8192 8192 8192 8192 9085 11126 12991 14751 89 1788 3433 4799 5500 5817 6004 6136 6214 6287 6333 6367 301 11433 305 1519 
0 6427 6430 6441 6446 6434 6397 6375 6306 5887 4427 2904 1276 15942 14186 12408 10673 9037 8192 8192 8192 8192 8971 11039 12404 14142 15701 987 2726 4243 5248 5690 5900 5998 6000 6027 6087 6143 6204 6256 6303 6330 6366 6384 6405 6429 6430 6432 6070 4530 2956 1411 16110 14335 12501 10677 8986 8192 8192 8192 8192 8192 8192 8192 8891 10980 12846 14617 16336 1645 3287 4665 5403 5740 5920 6046 6118 6182 6199 6184 6200 6233 6280 5551 3997 2429 761 15412 13610 11782 10019 8381 8192 8192 8192 8192 8192 8192 8192 8192 8192 9526 11498 13333 15074 401 2092 3713 4955 5558 5834 6009 6125 6217 6284 6338 6383 5540 3982 2407 710 15331 13533 11726 9949 8339 8192 8192 8192 8192 8192 8192 8192 8192 8192 8192 8670 10803 12675 14443 16156 1466 3127 4584 5413 5776 5974 6105 6210 6291 5237 3674 2096 393 15040 13271 11482 9741 8202 8192 8192 8192 8192 8192 8192 8192 8192 8192 8192 8192 9450 11429 13268 15013 336 2036 3664 4952 5577 5865 6043 6165 5737 4382 2887 1253 15927 14187 12417 10676 9031 8192 8192 8192 8192 8192 8192 8192 8192 8192 8192 8192 8192 9760 11699 13519 15251 575 2272 3875 5072 5632 5902 6070 6168 5013 3523 1972 298 14976 13220 11472 9768 8236 8192 8192 8192 8192 8192 8192 8192 8192 8192 8192 8192 8951 11008 12861 14616 16319 1637 3279 4707 5479 5820 6021 6142 5568 4182 2684 1047 15738 14006 12255 10538 8915 8192 8192 1 14024 305 1893 
0 2566 2573 2525 2587 2594 2569 2617 2568 2601 2533 2573 2588 2567 2612 2542 2560 2591 2506 2575 2553 2490 2637 2569 2606 2583 2420 2592 2585 2559 2649 2437 2502 2617 2561 2695 2502 2091 1289 16364 16373 1229 2944 4463 5571 6020 6118 6247 6273 6255 6245 6199 6150 6107 6045 5887 4540 3100 1428 16069 14328 12607 10930 9357 8843 9658 11656 13509 15252 584 2304 3905 5094 5698 5990 6058 6092 6144 6190 6233 6297 6339 6368 6387 6390 6364 6329 6244 4901 3395 1863 227 14861 13056 11240 9507 8192 8192 8192 9424 10663 11722 12309 14519 16267 1609 3253 4648 5451 5807 5930 5961 6003 6070 6100 6157 6224 6282 6326 6354 6384 6401 6421 6418 6410 6397 5672 4169 2615 1063 15747 13963 12118 10309 8640 8192 8192 8192 8192 8192 8192 10254 12160 13973 15713 1037 2719 4238 5200 5633 5857 5983 6055 6073 6068 6103 6168 6215 6254 6287 6303 6329 6334 5612 4083 2515 905 15577 13782 11955 10145 8500 8192 8192 8192 8192 8192 8192 8192 10269 12174 13978 15698 1032 2712 4236 5217 5658 5884 6019 6102 6159 6173 6169 6180 6235 6277 6312 5402 3851 2277 609 15238 13432 11602 9828 8217 8192 8192 8192 8192 8192 8192 8192 8192 10198 12107 13913 15646 967 2653 4201 5210 5661 5888 6042 6140 6212 6255 6297 6285 6277 5699 4161 2572 904 15536 13741 11905 10122 8487 8192 8192 8192 8192 8192 8192 8192 8192 8209 10459 12362 14146 15868 1181 2855 4371 5301 6 6698 305 1893 
0 8192 8192 8192 8192 8192 8192 8192 9102 11138 12994 14753 88 1792 3441 4803 5499 5819 6001 6131 6225 6295 6349 5519 3996 2412 707 15334 13538 11728 9965 8359 8192 8192 8192 8192 8192 8192 8192 8192 8192 9165 11191 13039 14794 117 1814 3453 4802 5510 5821 6009 6126 6214 6291 6352 5530 3996 2414 710 15348 13555 11750 9984 8372 8192 8192 8192 8192 8192 8192 8192 8192 8192 9215 11230 13079 14833 160 1862 3500 4837 5517 5831 6012 6136 6224 6295 6349 5573 4054 2468 772 15409 13617 11804 10036 8410 8192 8192 8192 8192 8192 8192 8192 8192 8192 9191 11212 13067 14817 143 1840 3478 4827 5513 5831 6018 6133 6229 6293 6335 5652 4147 2566 878 15512 13699 11875 10109 8500 8192 8192 8192 8192 8192 8192 8192 8192 8192 9106 11144 13003 14759 85 1783 3428 4792 5499 5819 5999 6121 6221 6284 6343 5780 4302 2713 1018 15658 13874 12059 10285 8635 8192 8192 8192 8192 8192 8192 8192 8192 8192 8985 11039 12900 14670 16382 1695 3348 4738 5478 5808 5993 6124 6214 6288 6351 5946 4484 2911 1239 15877 14098 12287 10496 8813 8192 8192 8192 8192 8192 8192 8192 8192 8192 8729 10843 12722 14487 16207 1526 3181 4627 5428 5783 5976 6110 6200 6275 6337 6170 4730 3145 1496 16144 14366 12558 10748 9044 8192 8192 8192 8192 8192 8192 8192 8192 8192 8368 10606 12467 14265 15973 1299 2960 4455 5339 5740 5954 6094 6193 6265 6319 6337 5005 3401 1776 12 701 305 1893 
0 8192 8192 8192 8192 8192 8192 8192 10145 12057 13855 15577 897 2576 4139 5193 5667 5908 6060 6170 6251 6314 6359 5467 3928 2333 629 15256 13473 11640 9908 8309 8192 8192 8192 8192 8192 8192 8192 8192 8192 9393 11386 13222 14961 283 1976 3602 4905 5548 5838 6014 6141 6226 6295 6342 6039 4585 2996 1340 15985 14195 12395 10590 8899 8192 8192 8192 8192 8192 8192 8192 8192 8192 8426 10616 12503 14284 16000 1318 2981 4469 5357 5751 5960 6095 6190 6266 6320 6373 5281 3694 2091 366 14987 13179 11362 9621 8192 8192 8192 8192 8192 8192 8192 8192 8192 8192 9804 11758 13576 15310 634 2332 3932 5085 5611 5880 6049 6153 6239 6305 6351 5922 4446 2849 1174 15820 14029 12199 10418 8744 8192 8192 8192 8192 8192 8192 8192 8192 8192 8783 10890 12760 14521 16241 1558 3217 4646 5436 5784 5976 6110 6199 6280 6334 6373 5250 3654 2046 317 14933 13125 11302 9543 8192 8192 8192 8192 8192 8192 8192 8192 8192 8192 9921 11850 13674 15396 723 2402 3993 5122 5638 5893 6048 6163 6238 6303 6352 6007 4537 2945 1289 15924 14144 12332 10537 8864 8192 8192 8192 8192 8192 8192 8192 8192 8192 8794 10890 12757 14524 16239 1561 3222 4640 5425 5782 5968 6112 6205 6274 6329 6380 5367 3798 2204 489 15117 13299 11478 9725 8192 8192 8192 8192 8192 8192 8192 8192 8192 8192 9874 11813 13637 15362 679 2368 3965 5112 5627 5889 6043 6163 6251 6300 6349 6235 17 519 305 1893 
0 1332 1517 1531 1492 1536 1347 1466 1565 1459 1528 1446 1481 1549 1396 1420 1492 1444 1536 1404 1399 1544 1411 1471 1404 1382 1555 1420 1481 1488 1362 1526 1423 1531 1627 1396 1355 656 15706 14900 15192 571 2343 3941 5214 6033 6310 6361 6368 6374 6373 6381 6338 6316 6289 6229 5786 4329 2792 1136 15786 14016 12266 10522 8902 8192 8192 8192 8859 10664 12269 13781 15627 645 2318 3954 5087 5628 5881 5933 5958 6008 6046 6100 6169 6223 6274 6307 6339 6376 6383 6397 6404 6401 5997 4463 2891 1349 16044 14279 12451 10620 8935 8192 8192 8192 8192 8192 8192 8192 9509 11496 13336 15091 428 2121 3721 4924 5512 5793 5953 6064 6126 6172 6172 6159 6198 6234 6277 5605 4052 2487 835 15478 13690 11866 10082 8457 8192 8192 8192 8192 8192 8192 8192 8192 8192 10179 12088 13883 15615 936 2617 4175 5189 5654 5896 6040 6158 6231 6289 6326 6357 5822 4301 2725 1061 15695 13902 12084 10313 8659 8192 8192 8192 8192 8192 8192 8192 8192 8192 8192 9155 11168 13017 14762 88 1789 3436 4795 5486 5810 6001 6125 6221 6294 5755 4310 2769 1088 15725 13954 12157 10389 8752 8192 8192 8192 8192 8192 8192 8192 8192 8192 8192 8192 9580 11561 13393 15135 456 2145 3769 5010 5596 5873 6049 6167 6242 5096 3568 1991 290 14943 13181 11397 9670 8192 8192 8192 8192 8192 8192 8192 8192 8192 8192 8192 8192 9719 11664 13487 15215 540 2229 3839 5051 5628 22 4969 305 1893 
0 8192 8192 8192 8192 8192 8192 8287 10518 12418 14200 15920 1251 2923 4437 5345 5769 5966 6102 6195 6268 6337 6381 5378 3806 2214 495 15104 13308 11467 9708 8192 8192 8192 8192 8192 8192 8192 8192 8192 8192 9917 11854 13672 15409 730 2421 4009 5129 5651 5900 6058 6170 6251 6321 6363 5796 4300 2714 1032 15666 13884 12066 10309 8644 8192 8192 8192 8192 8192 8192 8192 8192 8192 9401 11383 13215 14959 277 1972 3610 4903 5557 5845 6028 6149 6233 6302 6350 6244 4815 3218 1584 16243 14464 12655 10849 9152 8192 8192 8192 8192 8192 8192 8192 8192 8192 8736 10848 12718 14491 16209 1533 3186 4631 5431 5785 5983 6119 6212 6287 6335 6377 5445 3882 2282 577 15197 13397 11562 9800 8215 8192 8192 8192 8192 8192 8192 8192 8192 8192 9968 11906 13717 15447 777 2465 4052 5154 5659 5903 6069 6171 6253 6321 6364 5968 4482 2885 1212 15845 14077 12250 10466 8778 8192 8192 8192 8192 8192 8192 8192 8192 8192 9201 11221 13073 14823 140 1834 3474 4821 5521 5824 6020 6134 6224 6295 6345 6377 5145 3534 1927 223 14830 13024 11213 9482 8192 8192 8192 8192 8192 8192 8192 8192 8192 8321 10530 12420 14208 15923 1245 2906 4424 5331 5745 5957 6094 6193 6273 6329 6365 5853 4358 2775 1102 15749 13970 12136 10342 8683 8192 8192 8192 8192 8192 8192 8192 8192 8192 9527 11489 13316 15059 382 2079 3697 4960 5580 5855 6031 6156 6230 6303 6345 6373 5148 27 608 305 1893 
0 2252 2275 2319 2404 2332 2306 2353 2339 2378 2340 2278 2287 2285 2344 2348 2244 2236 2213 2310 2378 2333 2328 2315 2313 2352 2241 2206 2302 2360 2401 2349 2155 2264 2444 2409 2337 1488 314 16051 16345 1575 3301 4741 5765 6155 6272 6299 6291 6291 6275 6233 6184 6131 6078 5787 4356 2861 1181 15819 14083 12352 10679 9111 8723 9546 9461 10732 12893 14675 41 1734 3371 4770 5558 5920 6038 6064 6118 6165 6201 6250 6306 6352 6372 6383 6369 6343 5232 3723 2185 558 15206 13414 11591 9832 8238 8192 8192 8192 8192 8192 9120 11218 13063 14839 164 1876 3505 4804 5460 5772 5935 6027 6070 6056 6094 6147 6209 6249 6273 6314 6320 6338 6340 5624 4085 2516 921 15586 13792 11942 10150 8491 8192 8192 8192 8192 8192 8192 8525 10682 12563 14350 16074 1387 3056 4494 5331 5708 5916 6039 6109 6150 6142 6156 6191 6234 6285 6321 5637 4097 2515 872 15518 13723 11891 10114 8482 8192 8192 8192 8192 8192 8192 8192 8192 9967 11777 13747 15364 761 2382 4011 5096 5627 5867 6029 6123 6205 6245 6277 6281 6273 6007 4484 2887 1249 15899 14114 12283 10462 8773 8192 8192 8192 8192 8192 8192 8192 8192 8192 9720 11664 13474 15209 534 2228 3833 5028 5592 5855 6017 6138 6224 6272 6335 6354 5497 3938 2358 655 15280 13480 11663 9877 8292 8192 8192 8192 8192 8192 8192 8192 8192 8192 9507 11469 13309 15058 383 2077 3702 4967 5571 5851 6020 6134 32 809 305 1893 
0 8192 8192 8192 9416 11403 13281 15012 340 2042 3667 4933 5562 5842 6014 6134 6212 6265 6299 6306 6289 6296 4942 3316 1710 16367 14596 12783 10953 9224 8192 8192 8192 8192 8192 8192 8192 8192 8192 10163 12132 13930 15653 968 2645 4209 5227 5682 5926 6073 6164 6233 6288 6302 6289 6304 5972 4439 2842 1198 15837 14049 12206 10417 8708 8192 8192 8192 8192 8192 8192 8192 8192 8665 10770 12746 14481 16202 1519 3175 4614 5418 5775 5972 6110 6187 6252 6296 6299 6286 6296 5656 4105 2504 835 15463 13645 11809 10017 8404 8192 8192 8192 8192 8192 8192 8192 8192 9255 11239 13173 14886 212 1911 3548 4868 5532 5828 6007 6132 6202 6251 6297 6292 6286 6312 5433 3864 2278 580 15215 13391 11553 9800 8209 8192 8192 8192 8192 8192 8192 8192 8192 9633 11558 13468 15186 518 2198 3812 5021 5600 5870 6036 6145 6218 6261 6288 6273 6277 6314 5363 3834 2106 583 15057 13351 11415 9737 8192 8192 8192 8192 8192 8192 8192 8192 8192 9827 11747 13648 15363 703 2390 3988 5116 5639 5885 6044 6151 6222 6263 6297 6272 6286 6326 5335 3748 2160 462 15082 13268 11407 9654 8192 8192 8192 8192 8192 8192 8192 8192 8192 9839 11762 13656 15360 685 2376 3965 5113 5629 5891 6049 6150 6217 6277 6289 6277 6280 6324 5445 3871 2288 598 15218 13405 11561 9800 8209 8192 8192 8192 8192 8192 8192 8192 8192 9819 11722 13644 15338 662 2357 3947 5092 5627 5887 37 8691 305 1893 
0 2307 2496 2628 2714 2796 2652 2635 2595 2532 2481 2367 2309 2376 2380 2393 2284 2273 2358 2436 2569 2522 2482 2504 2477 2562 2587 2424 2479 2388 2342 2450 2319 2453 2501 2356 2409 1951 992 16375 16135 1030 2800 4338 5504 6116 6235 6335 6345 6335 6335 6280 6243 6184 6126 5944 4568 3121 1463 16105 14365 12647 10959 9384 8621 9402 10238 12506 14275 16016 1376 3059 4510 5423 5855 6040 6056 6109 6161 6211 6256 6325 6365 6390 6422 6412 6398 6341 5008 3484 1952 306 14947 13151 11340 9590 8192 8192 8192 8700 10084 11334 11916 13067 15108 459 2177 3778 4981 5590 5863 5935 5961 6019 6064 6115 6177 6225 6280 6330 6356 6391 6408 6429 6440 6447 6416 5177 3668 2142 536 15188 13380 11558 9768 8193 8192 8192 8192 8192 8192 8673 10817 12705 14480 16215 1537 3174 4583 5356 5712 5908 6026 6069 6076 6072 6123 6178 6235 6276 6297 6320 6334 5648 4117 2556 950 15609 13831 11993 10211 8565 8192 8192 8192 8192 8192 8192 8192 9771 11716 13551 15289 610 2293 3885 5027 5580 5830 5994 6097 6150 6188 6178 6192 6232 6270 6310 5096 3503 1923 229 14855 13035 11203 9463 8192 8192 8192 8192 8192 8192 8192 8192 8192 10374 12272 14068 15795 1113 2788 4318 5271 5689 5905 6057 6157 6232 6264 6312 6297 6292 5112 3500 1901 194 14805 12989 11163 9404 8192 8192 8192 8192 8192 8192 8192 8192 8192 8981 11044 12915 14666 16377 1684 3338 4717 5453 42 12028 305 1893 
0 2366 2353 2375 2318 2404 2492 2368 2376 2339 2372 2504 2373 2379 2364 2263 2338 2290 2339 2390 2315 2371 2350 2346 2363 2320 2383 2434 2413 2370 2293 2378 2405 2443 2515 2488 2476 2145 1223 5 15658 40 1764 3463 4855 5835 6241 6363 6421 6417 6419 6404 6364 6307 6256 6179 5498 4064 2523 829 15479 13744 12030 10363 8827 9102 9430 10077 12377 14177 15929 1281 2940 4438 5388 5843 6028 6070 6108 6154 6207 6256 6324 6372 6423 6445 6458 6443 5899 4397 2830 1254 15947 14167 12353 10562 8890 8192 8192 8192 8192 8192 9038 11089 12973 14734 81 1795 3425 4754 5442 5771 5937 6020 6052 6052 6094 6146 6203 6251 6288 6325 6345 6361 6375 5336 3792 2234 602 15240 13442 11600 9814 8240 8192 8192 8192 8192 8192 8192 9292 11298 13154 14904 236 1933 3566 4845 5494 5792 5966 6065 6131 6150 6130 6166 6215 6265 6305 6324 4982 3361 1780 86 14703 12879 11053 9323 8192 8192 8192 8192 8192 8192 8192 8192 8923 10982 12853 14617 16341 1657 3300 4689 5432 5767 5962 6091 6171 6231 6275 6286 6271 6261 4908 3298 1690 16359 14584 12777 10964 9243 8192 8192 8192 8192 8192 8192 8192 8192 8192 9225 11237 13083 14835 162 1858 3496 4827 5503 5813 5995 6119 6203 6271 6324 6365 5457 3885 2305 611 15236 13434 11627 9859 8278 8192 8192 8192 8192 8192 8192 8192 8192 8192 9567 11533 13371 15114 445 2151 3766 4994 5585 5862 6027 6145 6235 47 11551 305 1893 
0 8192 8192 8192 8192 8192 8192 8192 9989 11927 13744 15470 785 2482 4074 5164 5664 5903 6061 6171 6247 6317 6378 5235 3643 2032 316 14933 13120 11321 9595 8192 8192 8192 8192 8192 8192 8192 8192 8192 8192 9747 11691 13520 15246 569 2261 3865 5056 5614 5875 6046 6158 6247 6305 6368 5515 3972 2385 675 15307 13513 11710 9932 8347 8192 8192 8192 8192 8192 8192 8192 8192 8192 9422 11405 13232 14972 292 1983 3613 4911 5551 5845 6026 6139 6227 6296 6359 5815 4326 2747 1076 15725 13941 12130 10341 8702 8192 8192 8192 8192 8192 8192 8192 8192 8192 8956 11007 12870 14628 16343 1659 3313 4715 5466 5805 5995 6123 6223 6283 6340 6178 4734 3148 1501 16151 14371 12565 10762 9067 8192 8192 8192 8192 8192 8192 8192 8192 8192 8363 10575 12462 14244 15970 1295 2966 4468 5353 5749 5951 6094 6195 6275 6340 6374 5192 3597 1988 262 14887 13084 11261 9526 8192 8192 8192 8192 8192 8192 8192 8192 8192 8192 10074 11995 13808 15535 855 2545 4109 5179 5672 5920 6067 6169 6252 6316 6373 5667 4139 2561 861 15502 13699 11890 10124 8490 8192 8192 8192 8192 8192 8192 8192 8192 8192 9416 11405 13246 14987 316 2011 3643 4922 5556 5847 6024 6149 6241 6291 6344 6148 4706 3113 1466 16109 14320 12508 10706 9023 8192 8192 8192 8192 8192 8192 8192 8192 8192 8679 10803 12688 14459 16178 1499 3171 4621 5421 5782 5974 6107 6200 6281 6334 6376 5340 3746 52 6084 305 1893 
0 1381 1306 1521 1403 1534 1453 1237 1476 1408 1394 1496 1160 1432 1462 1251 1520 1214 1384 1538 1216 1462 1354 1408 1671 1401 1381 1494 1378 1547 1386 1180 1405 1372 1478 1437 980 191 15285 14648 15686 1141 2847 4379 5518 6198 6376 6431 6452 6439 6468 6467 6427 6399 6360 6305 5452 4013 2495 833 15481 13724 11953 10251 8667 8192 8192 8192 8919 10840 12239 13002 15091 298 2053 3698 4926 5559 5833 5946 5961 6000 6041 6113 6160 6232 6268 6316 6348 6370 6401 6415 6422 6445 6414 5114 3558 2026 391 15035 13218 11375 9635 8192 8192 8192 8192 8192 8192 8192 8315 10534 12417 14199 15918 1241 2905 4377 5273 5673 5880 6022 6098 6164 6182 6170 6191 6222 6264 6029 4499 2906 1289 15950 14188 12351 10547 8870 8192 8192 8192 8192 8192 8192 8192 8192 8192 9221 11225 13081 14835 167 1860 3512 4832 5497 5805 5986 6103 6195 6284 6332 6356 5991 4488 2902 1249 15899 14121 12295 10508 8823 8192 8192 8192 8192 8192 8192 8192 8192 8192 8192 8330 10554 12440 14220 15939 1259 2925 4432 5340 5740 5952 6090 6191 6274 5591 4122 2573 901 15548 13774 11980 10221 8602 8192 8192 8192 8192 8192 8192 8192 8192 8192 8192 8192 9198 11216 13062 14809 135 1832 3467 4816 5518 5844 6028 6147 6051 4758 3266 1667 16361 14634 12882 11120 9433 8192 8192 8192 8192 8192 8192 8192 8192 8192 8192 8192 8192 9575 11523 13344 15076 395 2081 3713 4989 5594 58 8443 305 1893 
0 8192 8192 8192 8192 8192 8192 8192 8192 8192 9258 11267 13117 14865 194 1885 3530 4852 5538 5847 6021 6151 6237 5994 4624 3089 1451 16109 14349 12562 10791 9125 8192 8192 8192 8192 8192 8192 8192 8192 8192 8192 8192 10024 11948 13754 15479 806 2497 4079 5174 5667 5919 6074 6188 6273 5623 4175 2633 959 15604 13837 12047 10286 8653 8192 8192 8192 8192 8192 8192 8192 8192 8192 8192 8480 10655 12536 14303 16013 1335 3013 4504 5382 5765 5972 6106 6206 6287 5369 3828 2254 551 15177 13402 11605 9865 8288 8192 8192 8192 8192 8192 8192 8192 8192 8192 8192 9223 11240 13090 14837 161 1860 3497 4843 5519 5829 6020 6148 6234 6247 4951 3410 1797 77 14708 12932 11143 9439 8192 8192 8192 8192 8192 8192 8192 8192 8192 8192 8192 9903 11836 13651 15382 699 2377 3975 5133 5651 5904 6058 6168 6264 5962 4567 3016 1392 16044 14285 12490 10709 9032 8192 8192 8192 8192 8192 8192 8192 8192 8192 8192 8217 10466 12360 14142 15861 1178 2858 4377 5323 5731 5960 6104 6201 6279 5718 4283 2737 1056 15703 13951 12141 10381 8729 8192 8192 8192 8192 8192 8192 8192 8192 8192 8192 8813 10913 12778 14537 16247 1567 3218 4661 5449 5795 5987 6112 6216 6296 5481 3966 2400 691 15334 13560 11748 10018 8401 8192 8192 8192 8192 8192 8192 8192 8192 8192 8192 9473 11388 13273 14978 327 2003 3643 4928 5565 5858 6029 6152 6245 6313 5273 3707 2121 410 15046 63 15850 305 1893 
0 1654 1542 1685 1571 1574 1464 1230 1524 1566 1630 1731 1706 1982 2104 1946 1878 1638 1582 1645 1562 1598 1542 1429 1513 1534 1569 1638 1623 1652 1703 1699 1767 1686 1516 1740 1431 1063 16247 14843 15596 921 2671 4228 5427 6169 6350 6335 6350 6355 6353 6361 6320 6289 6252 6206 5790 4348 2805 1189 15722 14089 12226 10555 8910 8192 8192 8192 9133 10915 12443 14232 15994 929 2670 4240 5252 5712 5912 5942 5974 6036 6070 6121 6183 6239 6298 6324 6360 6380 6396 6399 6393 6378 5435 3925 2377 785 15451 13662 11817 10017 8401 8192 8192 8192 8192 8192 8192 8192 9978 11903 13728 15464 799 2470 4038 5106 5599 5839 5992 6087 6150 6181 6195 6184 6209 6255 6291 5432 3872 2306 637 15274 13477 11656 9878 8277 8192 8192 8192 8192 8192 8192 8192 8192 8192 10174 12086 13886 15625 954 2622 4185 5206 5673 5905 6048 6156 6237 6299 6344 6376 5991 4478 2892 1231 15872 14079 12254 10440 8769 8192 8192 8192 8192 8192 8192 8192 8192 8192 8192 8506 10674 12553 14323 16030 1346 3016 4498 5373 5762 5963 6104 6204 6284 6204 4839 3278 1649 16301 14533 12744 10967 9278 8192 8192 8192 8192 8192 8192 8192 8192 8192 8192 8192 8489 10667 12545 14315 16033 1352 3017 4517 5386 5772 5989 6115 6219 5779 4400 2880 1236 15898 14156 12366 10604 8949 8192 8192 8192 8192 8192 8192 8192 8192 8192 8192 8192 8192 10433 12335 14121 15838 1172 2855 4388 5331 69 1129 305 1893 
0 8192 8192 8192 10336 12265 14047 15765 1095 2775 4313 5277 5701 5931 6068 6169 6242 6284 6338 6330 6312 5563 4019 2434 751 15381 13568 11747 9954 8331 8192 8192 8192 8192 8192 8192 8192 8192 8641 10783 12685 14446 16161 1481 3134 4588 5401 5766 5968 6102 6190 6260 6301 6332 6312 6311 5434 3880 2301 601 15231 13412 11577 9785 8213 8192 8192 8192 8192 8192 8192 8192 8192 8962 11032 12927 14681 13 1712 3366 4750 5484 5794 5989 6114 6196 6257 6293 6325 6310 6308 5466 3911 2316 623 15238 13415 11575 9804 8227 8192 8192 8192 8192 8192 8192 8192 8192 8960 11002 12923 14665 16377 1699 3344 4726 5464 5794 5991 6117 6199 6253 6286 6330 6310 6314 5613 4059 2471 796 15438 13619 11785 9989 8363 8192 8192 8192 8192 8192 8192 8192 8192 8820 10874 12832 14569 16280 1594 3244 4654 5441 5784 5982 6110 6197 6248 6287 6314 6302 6301 5901 4374 2760 1111 15742 13947 12122 10299 8641 8192 8192 8192 8192 8192 8192 8192 8192 8398 10555 12549 14293 16013 1329 2989 4470 5344 5740 5952 6090 6185 6243 6287 6317 6297 6298 6244 4779 3153 1546 16200 14406 12583 10756 9040 8192 8192 8192 8192 8192 8192 8192 8192 8192 10144 12109 13927 15656 979 2660 4218 5234 5681 5921 6073 6167 6233 6271 6310 6304 6295 6326 5253 3668 2078 377 14988 13170 11330 9563 8192 8192 8192 8192 8192 8192 8192 8192 8192 9552 11488 13386 15111 447 2145 3760 4990 5569 73 15213 305 1893 
0 1566 1560 1585 1567 1442 1503 1513 1560 1593 1494 1491 1545 1595 1567 1479 1448 1533 1590 1539 1502 1425 1445 1613 1579 1517 1442 1448 1597 1611 1552 1483 1515 1617 1648 1487 1205 455 15708 15044 16117 1568 3276 4709 5734 6103 6079 6083 6076 6077 6091 6065 6028 6013 5968 5909 5351 3908 2313 583 15199 13417 11642 9949 8398 8192 8192 8192 9246 11131 12630 14431 16176 1511 3191 4593 5411 5772 5926 5941 5975 6016 6068 6111 6156 6190 6226 6234 6242 6230 6211 6180 6133 6083 5884 4402 2864 1332 16054 14290 12441 10597 8878 8192 8192 8192 8192 8192 8192 8192 9548 11521 13369 15111 452 2146 3740 4937 5513 5788 5947 6050 6122 6149 6143 6126 6151 6188 6189 6211 5716 4215 2592 1007 15657 13894 12047 10243 8596 8192 8192 8192 8192 8192 8192 8192 8192 8192 10061 11972 13782 15518 841 2523 4096 5154 5635 5876 6026 6134 6214 6271 6299 6315 6314 5807 4282 2676 1032 15669 13880 12036 10229 8567 8192 8192 8192 8192 8192 8192 8192 8192 8192 8192 9821 11762 13576 15313 639 2330 3919 5083 5619 5878 6039 6148 6227 6295 6345 6180 4745 3142 1505 16153 14368 12542 10734 9012 8192 8192 8192 8192 8192 8192 8192 8192 8192 8192 8192 10017 11942 13746 15475 795 2484 4057 5158 5662 5904 6056 6166 6249 6321 5565 4094 2533 826 15466 13675 11876 10108 8483 8192 8192 8192 8192 8192 8192 8192 8192 8192 8192 8192 10129 12038 13837 15561 887 78 15017 305 1893 
0 5344 5826 6027 6035 6068 6119 6152 6184 6219 6248 6242 6228 6179 6133 6079 5342 3855 2303 706 15371 13578 11743 9975 8361 8192 8192 8557 10004 11313 12184 13839 15677 1035 2718 4239 5240 5706 5908 5941 5983 6034 6075 6118 6176 6231 6275 6287 6318 6327 6319 6296 6276 6250 6193 6133 5234 3741 2208 649 15318 13509 11652 9841 8237 8192 8192 8192 8192 8192 8952 11054 12924 14703 44 1745 3389 4715 5415 5745 5916 6004 6063 6050 6065 6109 6165 6211 6238 6254 6253 6248 6235 6212 5564 4039 2472 898 15570 13779 11935 10134 8489 8192 8192 8192 8192 8192 8192 8444 10622 12511 14290 16019 1336 3004 4463 5308 5698 5901 6023 6101 6139 6133 6137 6165 6208 6245 6263 6268 5354 3823 2261 612 15262 13453 11617 9841 8229 8192 8192 8192 8192 8192 8192 8192 8473 10649 12542 14332 16019 1392 3019 4510 5326 5734 5915 6063 6131 6208 6241 6253 6229 6247 6253 5029 3439 1864 162 14780 12959 11122 9380 8192 8192 8192 8192 8192 8192 8192 8192 8192 9721 11666 13496 15229 554 2254 3858 5038 5584 5851 6020 6130 6201 6269 6299 6307 6319 5503 3963 2377 684 15322 13515 11675 9900 8277 8192 8192 8192 8192 8192 8192 8192 8192 8192 10361 12271 14065 15793 1118 2795 4324 5275 5700 5923 6067 6170 6243 6290 6330 6357 5550 3996 2416 723 15342 13542 11712 9915 8324 8192 8192 8192 8192 8192 8192 8192 8192 8192 10078 11994 13799 15541 865 2554 4132 83 14025 305 1893 
0 2439 2511 2656 2633 2616 2463 2354 2377 2376 2395 2370 2344 2371 2367 2344 2325 2373 2513 2598 2631 2439 2351 2409 2510 2571 2423 2269 2300 2359 2431 2470 2379 2454 2493 2495 2437 2114 1400 364 16207 790 2476 4081 5306 5838 5970 6101 6166 6165 6155 6108 6056 6018 5958 5879 4987 3583 1946 211 14847 13127 11431 9807 8372 9227 10222 12447 14217 15954 1310 2990 4466 5399 5837 6028 6051 6091 6147 6182 6228 6277 6305 6311 6306 6270 6223 6138 4837 3344 1811 159 14798 13001 11174 9425 8192 8192 8192 8809 10231 11417 12019 13817 15671 951 2724 4191 5258 5669 5914 5929 5989 6021 6080 6122 6187 6233 6286 6311 6353 6358 6378 6376 6361 6338 6261 5063 3561 2033 428 15084 13263 11415 9636 8192 8192 8192 8192 8192 8192 8192 10428 12346 14139 15869 1196 2862 4354 5248 5662 5869 5995 6061 6102 6086 6101 6158 6220 6248 6276 6286 6294 6203 4742 3146 1589 16287 14535 12707 10878 9157 8192 8192 8192 8192 8192 8192 8192 8493 10670 12548 14336 16059 1381 3040 4499 5336 5721 5921 6052 6122 6182 6208 6195 6205 6244 6281 5946 4411 2811 1195 15846 14059 12227 10423 8756 8192 8192 8192 8192 8192 8192 8192 8192 8693 10818 12696 14466 16184 1499 3156 4598 5397 5750 5953 6085 6178 6242 6282 6318 6310 6197 4733 3120 1502 16165 14383 12538 10719 9014 8192 8192 8192 8192 8192 8192 8192 8192 8192 9136 11172 13024 14789 108 1811 3455 4813 89 14872 305 1893 
0 8192 8192 8192 8192 8192 8192 8299 10513 12407 14192 15909 1231 2900 4419 5331 5732 5940 6083 6179 6263 6327 6370 5334 3766 2167 448 15074 13268 11456 9718 8192 8192 8192 8192 8192 8192 8192 8192 8192 8192 9787 11735 13557 15296 622 2312 3911 5074 5621 5882 6041 6149 6235 6305 6361 5935 4459 2877 1212 15845 14070 12239 10458 8772 8192 8192 8192 8192 8192 8192 8192 8192 8192 8855 10931 12793 14558 16272 1588 3258 4671 5437 5786 5984 6111 6205 6282 6332 6378 5261 3663 2060 349 14970 13152 11336 9607 8192 8192 8192 8192 8192 8192 8192 8192 8192 8192 9998 11913 13725 15453 776 2465 4048 5147 5646 5900 6052 6161 6240 6301 6355 5928 4451 2857 1191 15830 14046 12227 10433 8774 8192 8192 8192 8192 8192 8192 8192 8192 8192 8947 11012 12880 14647 16356 1666 3311 4721 5456 5795 5986 6116 6208 6282 6334 6371 5296 3693 2104 381 15002 13206 11374 9620 8192 8192 8192 8192 8192 8192 8192 8192 8192 8192 10033 11952 13759 15478 802 2489 4070 5156 5659 5905 6053 6170 6249 6310 6345 6104 4642 3045 1394 16035 14255 12431 10638 8943 8192 8192 8192 8192 8192 8192 8192 8192 8192 8806 10900 12768 14531 16250 1563 3219 4654 5437 5780 5975 6106 6205 6277 6324 6366 5544 4003 2422 711 15342 13531 11718 9932 8344 8192 8192 8192 8192 8192 8192 8192 8192 8192 9758 11699 13521 15257 598 2278 3883 5056 5610 5869 6039 6153 6244 6288 6348 6346 94 15873 305 1893 
0 2707 2769 2655 2676 2411 2413 2523 2340 2268 2215 2242 2440 2677 2683 2806 2427 2536 2955 2978 2777 2306 2275 2640 2732 2423 2139 2145 2489 2759 2427 2324 2359 2751 2923 2650 2254 2069 1525 562 16108 523 2232 3866 5162 5950 6169 6270 6351 6346 6343 6313 6268 6215 6157 6049 4888 3485 1861 128 14763 13046 11357 9737 8402 9450 11187 13140 14900 229 1937 3603 4886 5617 5935 6053 6088 6135 6186 6244 6296 6343 6396 6422 6435 6431 6407 6312 4963 3436 1906 260 14898 13100 11278 9551 8192 8192 8192 9543 10729 11647 12324 14547 16293 1639 3291 4670 5470 5812 5935 5952 6019 6061 6109 6167 6223 6279 6329 6370 6399 6418 6426 6466 6452 6036 4512 2941 1398 16098 14324 12495 10678 8944 8192 8192 8192 8192 8192 8192 9507 11477 13325 15091 428 2123 3718 4930 5523 5794 5956 6041 6091 6092 6104 6151 6209 6246 6291 6311 6330 6198 4678 3070 1497 16167 14405 12577 10751 9050 8192 8192 8192 8192 8192 8192 8192 8926 11003 12870 14641 16355 1671 3320 4689 5436 5762 5947 6073 6147 6183 6201 6185 6220 6258 6298 5383 3823 2248 573 15201 13387 11558 9791 8216 8192 8192 8192 8192 8192 8192 8192 8192 9854 11795 13622 15354 680 2377 3961 5098 5620 5871 6027 6137 6210 6257 6307 6315 6298 5206 3602 2006 294 14917 13100 11270 9516 8192 8192 8192 8192 8192 8192 8192 8192 8192 8645 10787 12670 14443 16160 1484 3144 4583 5398 5764 5966 100 573 305 1893 
0 8192 8192 8192 8192 8192 8192 8192 8411 10604 12504 14277 15995 1310 2992 4488 5358 5758 5965 6099 6203 6283 6348 5647 4148 2571 875 15508 13725 11918 10162 8530 8192 8192 8192 8192 8192 8192 8192 8192 8192 8192 10441 12332 14112 15829 1145 2820 4353 5310 5735 5953 6091 6197 6274 6344 5802 4332 2768 1080 15719 13941 12120 10340 8688 8192 8192 8192 8192 8192 8192 8192 8192 8192 8192 10293 12201 13993 15719 1035 2716 4255 5267 5716 5935 6080 6188 6271 6329 5992 4550 2973 1305 15958 14183 12359 10587 8889 8192 8192 8192 8192 8192 8192 8192 8192 8192 8192 10089 12010 13815 15541 863 2549 4115 5195 5679 5918 6071 6179 6266 6323 6193 4771 3199 1556 16209 14429 12627 10826 9145 8192 8192 8192 8192 8192 8192 8192 8192 8192 8192 9853 11803 13616 15345 673 2358 3961 5112 5640 5898 6052 6174 6255 6324 6360 5059 3473 1850 120 14745 12933 11135 9399 8192 8192 8192 8192 8192 8192 8192 8192 8192 8192 9572 11539 13376 15121 445 2137 3769 5005 5601 5874 6038 6157 6239 6316 6376 5342 3767 2155 430 15052 13259 11437 9689 8192 8192 8192 8192 8192 8192 8192 8192 8192 8192 9202 11235 13089 14842 169 1881 3522 4846 5532 5828 6015 6147 6230 6295 6357 5593 4062 2484 770 15399 13597 11778 10032 8412 8192 8192 8192 8192 8192 8192 8192 8192 8192 8815 10925 12797 14558 16268 1585 3241 4678 5445 5795 5997 6117 6211 6294 6351 5907 4441 2862 104 14187 305 1893 
0 15163 487 2177 3787 5008 5593 5866 6043 6154 6232 6309 6357 5351 3798 2202 487 15102 13305 11491 9753 8192 8192 8192 8192 8192 8192 8192 8192 8192 8192 9193 11215 13068 14813 139 1834 3482 4828 5513 5823 6006 6125 6216 6293 6353 5701 4213 2633 954 15585 13794 11966 10195 8553 8192 8192 8192 8192 8192 8192 8192 8192 8192 8604 10759 12641 14415 16131 1460 3126 4584 5399 5774 5972 6098 6202 6269 6335 6185 4751 3159 1503 16154 14377 12547 10736 9037 8192 8192 8192 8192 8192 8192 8192 8192 8192 8192 10136 12056 13859 15589 913 2595 4156 5207 5677 5916 6065 6167 6257 6320 6367 5294 3705 2102 378 15002 13204 11373 9637 8192 8192 8192 8192 8192 8192 8192 8192 8192 8192 9493 11470 13306 15047 371 2066 3690 4954 5568 5853 6021 6140 6235 6305 6353 5770 4292 2711 1030 15664 13870 12041 10266 8611 8192 8192 8192 8192 8192 8192 8192 8192 8192 8704 10824 12702 14469 16128 1535 3129 4628 5394 5796 5966 6112 6187 6279 6325 6306 4929 3337 1697 16349 14564 12758 10941 9230 8192 8192 8192 8192 8192 8192 8192 8192 8192 8192 10099 12014 13818 15550 875 2564 4130 5185 5683 5925 6061 6169 6245 6316 6357 5557 4035 2450 746 15382 13591 11758 10011 8390 8192 8192 8192 8192 8192 8192 8192 8192 8192 9234 11249 13103 14860 184 1880 3519 4849 5523 5829 6010 6127 6222 6287 6338 6242 4809 3208 1575 16231 14456 12643 10833 9143 8192 8192 8192 109 12410 305 1893 
0 14906 241 1940 3580 4884 5547 5842 6018 6138 6229 6306 6366 5163 3574 1959 237 14854 13056 11243 9514 8192 8192 8192 8192 8192 8192 8192 8192 8192 8192 9111 11135 12991 14738 67 1763 3397 4766 5489 5807 6004 6125 6217 6287 6347 5404 3853 2260 542 15166 13372 11567 9859 8192 8192 8192 8192 8192 8192 8192 8192 8192 8192 8805 10918 12775 14542 16249 1571 3228 4664 5443 5792 5983 6112 6210 6288 6345 5590 4080 2506 802 15430 13645 11817 10051 8428 8192 8192 8192 8192 8192 8192 8192 8192 8192 8431 10619 12504 14281 15989 1318 2978 4478 5355 5750 5954 6094 6192 6273 6335 5850 4396 2822 1141 15784 14012 12203 10416 8742 8192 8192 8192 8192 8192 8192 8192 8192 8192 8192 10352 12259 14048 15771 1094 2776 4301 5276 5710 5932 6081 6183 6269 6324 6151 4715 3138 1482 16129 14349 12536 10731 9045 8192 8192 8192 8192 8192 8192 8192 8192 8192 8192 9976 11901 13718 15447 776 2464 4047 5153 5657 5901 6059 6172 6252 6317 6359 5093 3497 1879 156 14773 12968 11152 9426 8192 8192 8192 8192 8192 8192 8192 8192 8192 8192 9566 11527 13356 15094 423 2119 3748 4989 5583 5867 6033 6150 6237 6304 6365 5448 3908 2321 605 15235 13438 11620 9857 8266 8192 8192 8192 8192 8192 8192 8192 8192 8192 9033 11081 12932 14696 22 1726 3378 4754 5483 5809 5994 6117 6207 6293 6350 5836 4361 2787 1104 15736 13957 12127 10347 8685 8192 8192 8192 8192 115 5967 305 1893 
0 13730 15456 780 2469 4056 5160 5664 5916 6063 6176 6259 6216 4862 3307 1691 16355 14598 12796 11016 9315 8192 8192 8192 8192 8192 8192 8192 8192 8192 8192 8192 10320 12220 14009 15728 1038 2714 4270 5258 5707 5936 6085 6194 6275 6120 4746 3191 1559 16221 14457 12658 10876 9177 8192 8192 8192 8192 8192 8192 8192 8192 8192 8192 8399 10597 12479 14254 15975 1291 2964 4468 5365 5754 5957 6110 6206 6285 5994 4589 3042 1391 16041 14274 12478 10663 8982 8192 8192 8192 8192 8192 8192 8192 8192 8192 8192 8609 10748 12634 14396 16117 1435 3102 4568 5396 5772 5976 6113 6202 6287 5913 4498 2945 1288 15929 14168 12363 10582 8914 8192 8192 8192 8192 8192 8192 8192 8192 8192 8192 8959 11023 12885 14644 16354 1668 3318 4712 5473 5806 6002 6128 6223 6293 5895 4470 2923 1255 15895 14130 12341 10553 8886 8192 8192 8192 8192 8192 8192 8192 8192 8192 8192 9096 11135 12990 14743 74 1772 3415 4784 5494 5819 6006 6126 6229 6304 5810 4357 2800 1134 15779 14008 12193 10489 8663 8192 8192 8192 8192 8192 8192 8192 8192 8192 8192 9366 11351 13196 14937 260 1958 3593 4893 5542 5849 6030 6149 6235 6299 5780 4321 2772 1092 15735 13947 12140 10369 8708 8192 8192 8192 8192 8192 8192 8192 8192 8192 8192 9531 11496 13336 15074 390 2094 3715 4973 5573 5855 6029 6151 6238 6315 5688 4218 2657 969 15615 13830 12020 10264 8629 8192 8192 8192 8192 8192 8192 120 7813 305 1893 
0 1972 1979 2281 2302 2252 2075 2131 2511 2630 2468 2269 2232 2527 2593 2448 2267 2109 2284 2403 2301 2279 2200 2286 2366 2239 2456 2533 2379 2369 2194 2320 2492 2266 2289 2215 2131 2040 913 15970 16123 944 2725 4277 5462 6112 6241 6333 6343 6332 6311 6288 6228 6181 6110 5862 4455 2991 1326 15963 14234 12505 10853 9267 8501 9437 10147 12442 14201 15930 1290 2976 4465 5397 5845 6028 6060 6107 6160 6213 6257 6308 6365 6395 6417 6418 6400 6375 5657 4158 2605 1024 15703 13925 12110 10315 8658 8192 8192 8192 9086 10573 11765 12303 14427 16190 1532 3185 4601 5408 5768 5925 5949 5983 6043 6095 6144 6205 6256 6303 6344 6372 6398 6409 6429 6432 6416 5344 3834 2295 709 15378 13571 11732 9945 8332 8192 8192 8192 8192 8192 8192 10282 12186 13992 15723 1051 2732 4247 5207 5643 5865 5998 6060 6096 6084 6114 6166 6222 6272 6296 6308 6329 5329 3784 2221 574 15213 13411 11566 9791 8201 8192 8192 8192 8192 8192 8192 8192 9832 11772 13600 15330 666 2359 3938 5064 5593 5845 6013 6104 6174 6208 6208 6205 6237 6270 6062 4527 2918 1304 15967 14184 12360 10551 8866 8192 8192 8192 8192 8192 8192 8192 8192 8695 10827 12699 14468 16187 1509 3161 4600 5397 5756 5948 6083 6175 6247 6288 6323 6306 5850 4334 2741 1083 15728 13933 12111 10319 8643 8192 8192 8192 8192 8192 8192 8192 8192 8192 9863 11802 13620 15353 679 2362 3956 5097 5624 125 8106 305 1893 
0 2074 2161 2310 2446 2557 2514 2487 2604 2649 2688 2618 2559 2682 2679 2554 2364 2174 2363 2463 2520 2528 2335 2412 2540 2564 2614 2522 2507 2671 2577 2481 2413 2272 2503 2556 2333 2014 999 18 16294 942 2685 4248 5447 6129 6280 6400 6430 6416 6403 6389 6330 6278 6199 5945 4522 3073 1419 16069 14341 12624 10957 9370 8673 9542 10864 12970 14722 50 1774 3448 4789 5572 5918 6058 6079 6134 6183 6224 6287 6347 6398 6444 6456 6469 6454 6434 5383 3882 2351 721 15392 13606 11785 10022 8408 8192 8192 8419 9790 11068 11766 12534 14741 97 1814 3453 4780 5491 5818 5939 5958 6012 6053 6071 6176 6193 6299 6301 6373 6378 6424 6423 6457 6457 6262 4739 3160 1617 16347 14580 12758 10923 9204 8192 8192 8192 8192 8192 8192 9134 11153 13015 14782 112 1818 3453 4764 5437 5760 5937 6030 6084 6094 6101 6146 6191 6245 6277 6314 6332 5531 3986 2421 793 15437 13655 11809 10040 8414 8192 8192 8192 8192 8192 8192 8192 9337 11343 13185 14943 279 1975 3600 4870 5512 5810 5987 6090 6172 6213 6221 6212 6231 6277 5893 4351 2761 1127 15781 13985 12161 10372 8709 8192 8192 8192 8192 8192 8192 8192 8192 8599 10755 12639 14410 16127 1443 3098 4554 5380 5756 5959 6095 6189 6248 6290 6327 6326 5392 3816 2228 522 15146 13351 11519 9756 8192 8192 8192 8192 8192 8192 8192 8192 8192 8192 10193 12118 13925 15638 969 2648 4204 5223 5674 5918 130 5945 305 1893 
0 5236 5679 5879 5956 5966 6011 6065 6122 6189 6253 6290 6329 6357 6370 6399 6428 6438 6437 6436 5381 3870 2338 756 15419 13627 11775 10007 8373 8192 8192 8192 8192 8192 8192 10398 12297 14094 15826 1160 2829 4339 5250 5661 5871 6002 6075 6103 6083 6119 6172 6227 6268 6307 6324 6344 5683 4143 2571 960 15623 13828 11987 10204 8550 8192 8192 8192 8192 8192 8192 8192 9219 11229 13084 14842 183 1883 3514 4811 5479 5793 5972 6084 6158 6209 6234 6219 6230 6273 6306 5025 3411 1818 113 14730 12906 11088 9346 8192 8192 8192 8192 8192 8192 8192 8192 8192 10012 11931 13744 15484 810 2487 4057 5148 5641 5891 6050 6152 6230 6276 6320 6332 6300 4984 3365 1746 27 14639 12811 10996 9257 8192 8192 8192 8192 8192 8192 8192 8192 8192 8674 10807 12688 14458 16183 1503 3164 4592 5398 5771 5971 6103 6206 6270 6329 6369 5653 4120 2534 834 15467 13683 11863 10089 8447 8192 8192 8192 8192 8192 8192 8192 8192 8192 9227 11244 13095 14844 162 1852 3500 4835 5515 5832 6017 6137 6220 6293 6344 5841 4351 2777 1105 15755 13969 12140 10374 8706 8192 8192 8192 8192 8192 8192 8192 8192 8192 8472 10651 12536 14309 16021 1333 3006 4503 5373 5757 5967 6107 6202 6277 6348 5844 4379 2805 1130 15768 13983 12173 10398 8732 8192 8192 8192 8192 8192 8192 8192 8192 8192 8283 10526 12414 14195 15916 1241 2915 4429 5335 5747 5960 6095 6195 6286 6336 5797 135 6234 305 1893 
0 2490 2479 2448 2343 2498 2500 2479 2552 2480 2609 2706 2641 2593 2345 2309 2374 2324 2280 2056 2146 2393 2557 2740 2607 2603 2760 2669 2709 2495 2295 2483 2360 2367 2399 2168 2254 1940 1075 313 16207 1015 2787 4332 5506 6096 6201 6292 6284 6266 6267 6230 6178 6130 6068 5960 4673 3246 1586 16228 14485 12767 11097 9489 8387 9628 9844 11814 13674 15418 799 2505 4057 5185 5741 6006 6051 6091 6141 6185 6234 6290 6332 6382 6393 6406 6389 6356 6123 4624 3062 1521 16230 14468 12655 10832 9135 8192 8192 8192 8192 8192 9692 11627 13533 15267 607 2311 3896 5032 5578 5835 5956 6028 6020 6035 6108 6165 6222 6259 6300 6314 6337 6346 6370 6374 6349 5092 3551 2012 374 15017 13202 11364 9605 8192 8192 8192 8192 8192 8192 8192 10423 12332 14129 15857 1175 2854 4348 5253 5668 5882 6009 6080 6098 6100 6120 6173 6230 6276 6305 6310 6312 4983 3399 1840 169 14797 12975 11153 9382 8192 8192 8192 8192 8192 8192 8192 8192 9703 11658 13485 15226 553 2235 3834 5007 5569 5837 6002 6109 6174 6225 6247 6231 6238 6272 5752 4218 2633 988 15629 13845 12003 10225 8564 8192 8192 8192 8192 8192 8192 8192 8192 8543 10707 12591 14367 16084 1403 3069 4530 5364 5745 5952 6088 6172 6244 6298 6330 6345 5730 4202 2624 958 15591 13791 11962 10170 8508 8192 8192 8192 8192 8192 8192 8192 8192 8192 9649 11622 13449 15193 520 2208 3827 5028 5591 141 3491 305 1893 
0 8192 8192 8192 8192 8192 9663 11410 12569 14263 13506 12107 10743 9351 8192 8192 8192 8192 8192 8192 8192 8192 8192 8192 8192 8192 8192 8192 8192 8192 8192 8192 8192 8192 8192 8192 8192 8192 8192 8192 8211 8221 8252 8281 8308 8324 8345 8370 8377 8399 8424 8426 8469 8476 8482 8516 8511 8556 8563 8573 8612 8614 8637 8675 8694 8725 8754 8817 8862 8896 8985 9047 9129 9202 9263 9323 9381 9465 9545 9615 9676 9731 9771 9823 9850 9898 9933 9948 9991 10019 10064 10106 10144 10209 10237 10264 10287 10309 10362 10383 10415 10452 10462 10482 10512 10526 10559 10582 10613 10649 10660 10687 10713 10707 10758 10783 10782 10830 10830 10845 10882 10874 10923 10932 10947 10980 10984 11021 11039 11047 11086 11096 11108 11131 11143 11158 11182 11201 11210 11228 11244 11250 11276 11281 11297 11337 11329 11359 11368 11365 11412 11413 11425 11449 11447 11503 11501 11487 11538 11537 11573 11572 11562 11608 11630 11661 11645 11648 11669 11708 11720 11726 11706 11740 11775 11803 11805 11788 11816 11852 11859 11867 11856 11885 11954 11930 11902 11914 11973 12016 12011 11966 12008 12051 12064 12078 12041 12076 12120 12138 12144 12133 12145 12223 12110 12284 12148 12269 12209 12303 12246 12308 12291 12312 12327 12339 12360 12372 12379 12378 12422 12407 12449 12442 12451 12472 12492 12501 12530 12524 12561 12567 12574 12594 12566 12593 12587 12604 12614 12628 12660 12691 12707 12743 12731 12778 12786 12761 12783 12759 12794 12822 12843 12829 12827 12848 12888 12892 146 1286 305 1893 
0 8192 8192 8192 9246 11290 13153 14897 227 1929 3569 4876 5526 5828 6008 6134 6212 6266 6310 6320 6301 6291 4948 3329 1713 16382 14605 12782 10945 9233 8192 8192 8192 8192 8192 8192 8192 8192 8192 9839 11851 13642 15369 696 2385 3972 5114 5631 5891 6042 6149 6226 6270 6313 6310 6301 6171 4675 3052 1424 16079 14292 12473 10647 8953 8192 8192 8192 8192 8192 8192 8192 8192 8192 10288 12273 14030 15753 1072 2745 4275 5263 5700 5930 6072 6171 6236 6274 6325 6294 6298 5980 4454 2847 1203 15849 14045 12223 10398 8718 8192 8192 8192 8192 8192 8192 8192 8192 8360 10528 12512 14262 15975 1298 2973 4464 5352 5745 5955 6094 6180 6240 6278 6316 6294 6309 5966 4419 2800 1210 15798 14049 12162 10392 8685 8192 8192 8192 8192 8192 8192 8192 8192 8490 10611 12604 14332 16050 1377 3039 4513 5364 5749 5959 6089 6182 6242 6293 6306 6292 6300 6005 4470 2861 1218 15868 14076 12241 10435 8753 8192 8192 8192 8192 8192 8192 8192 8192 8508 10625 12600 14350 16072 1401 3070 4529 5383 5756 5963 6094 6183 6244 6290 6305 6286 6289 6199 4693 3074 1442 16090 14314 12486 10656 8932 8192 8192 8192 8192 8192 8192 8192 8192 8209 10423 12376 14173 15888 1214 2896 4395 5316 5715 5940 6088 6174 6230 6287 6289 6291 6298 6324 5011 3386 1784 74 14683 12872 11050 9311 8192 8192 8192 8192 8192 8192 8192 8192 8192 10109 12042 13882 15599 922 2602 4162 5200 5673 150 16282 305 1893 
0 1756 1524 1834 1654 1549 1775 1492 1656 1670 1382 1666 1594 1559 1751 1481 1534 1628 1518 1726 1593 1480 1684 1600 1704 1695 1510 1661 1646 1637 1738 1537 1645 1763 1744 1736 1422 701 16085 15078 15639 1010 2772 4312 5484 6179 6347 6372 6379 6367 6387 6390 6342 6319 6274 6225 5712 4278 2733 1057 15701 13954 12168 10445 8853 8192 8192 8192 8996 10701 12281 13905 15730 1029 2730 4273 5259 5726 5915 5938 5979 6026 6074 6130 6185 6241 6289 6335 6360 6383 6395 6424 6418 6402 5426 3915 2372 782 15449 13643 11789 10011 8359 8192 8192 8192 8192 8192 8192 8192 9758 11635 13533 15236 590 2249 3852 4983 5552 5811 5982 6075 6147 6186 6198 6193 6211 6248 6291 5356 3795 2228 554 15199 13404 11579 9814 8225 8192 8192 8192 8192 8192 8192 8192 8192 8192 9956 11887 13697 15422 732 2422 4014 5125 5630 5874 6040 6146 6231 6290 6349 6391 5842 4320 2742 1072 15701 13907 12088 10312 8662 8192 8192 8192 8192 8192 8192 8192 8192 8192 8192 8308 10532 12426 14209 15926 1241 2910 4420 5333 5741 5965 6104 6206 6285 5859 4443 2913 1258 15906 14144 12351 10586 8926 8192 8192 8192 8192 8192 8192 8192 8192 8192 8192 8192 8492 10670 12546 14320 16031 1349 3020 4512 5386 5773 5989 6124 6222 5457 3977 2452 798 15448 13699 11914 10194 8582 8192 8192 8192 8192 8192 8192 8192 8192 8192 8192 8192 8284 10512 12399 14184 15907 1225 2894 4419 5354 156 419 305 1893 
0 6120 6187 6219 6278 6339 6381 6409 6425 6429 6414 6365 5107 3598 2067 438 15075 13291 11465 9713 8192 8192 8192 8192 8192 10256 12172 14005 15776 1094 2781 4305 5248 5671 5866 5971 5993 6014 6060 6127 6184 6240 6269 6307 6333 6353 6388 6392 6410 6374 4971 3416 1893 247 14880 13066 11219 9468 8192 8192 8192 8192 8192 8192 8497 10651 12539 14323 16048 1384 3040 4485 5319 5700 5904 6014 6088 6103 6101 6128 6186 6235 6275 6299 6330 5606 4062 2494 858 15513 13723 11890 10109 8488 8192 8192 8192 8192 8192 8192 8192 8682 10811 12699 14469 16186 1509 3154 4586 5388 5740 5939 6069 6153 6205 6248 6240 6241 6265 5975 4446 2855 1219 15873 14086 12261 10455 8776 8192 8192 8192 8192 8192 8192 8192 8192 8192 10325 12266 13969 15787 1040 2760 4260 5260 5684 5915 6060 6159 6232 6291 6326 6338 5449 3879 2301 601 15230 13433 11596 9849 8244 8192 8192 8192 8192 8192 8192 8192 8192 8192 9919 11860 13669 15404 731 2429 4013 5131 5639 5888 6048 6149 6237 6307 6349 5637 4115 2531 833 15460 13672 11851 10085 8469 8192 8192 8192 8192 8192 8192 8192 8192 8192 8870 10956 12832 14593 16310 1626 3285 4695 5451 5796 5995 6112 6212 6284 6353 5462 3918 2334 628 15263 13466 11656 9901 8307 8192 8192 8192 8192 8192 8192 8192 8192 8192 8749 10859 12728 14497 16209 1520 3178 4626 5427 5789 5988 6113 6211 6288 6356 5186 3618 2008 287 14916 13130 160 14332 305 1893 
0 1211 1377 1594 1560 1499 1356 1391 1578 1444 1497 1394 1484 1643 1473 1480 1352 1371 1665 1466 1461 1417 1283 1653 1472 1453 1502 1275 1556 1612 1445 1582 1240 940 58 15018 15162 255 2065 3705 5049 5969 6323 6361 6384 6383 6382 6391 6361 6325 6294 6249 6042 4622 3110 1484 16135 14387 12625 10894 9242 8192 8192 8192 8674 10253 11864 13371 15272 563 2273 3902 5067 5631 5885 5931 5963 6010 6067 6107 6166 6217 6264 6319 6357 6375 6393 6406 6406 6401 5412 3902 2354 760 15404 13611 11775 9980 8355 8192 8192 8192 8192 8192 8192 8192 10371 12270 14069 15806 1122 2796 4303 5238 5656 5871 6011 6096 6153 6174 6152 6172 6220 6266 6287 5026 3407 1827 128 14740 12930 11122 9380 8192 8192 8192 8192 8192 8192 8192 8192 8192 9158 11107 13038 14753 111 1783 3443 4773 5474 5787 5983 6103 6201 6251 6309 6342 6364 5238 3614 2006 293 14909 13110 11297 9540 8192 8192 8192 8192 8192 8192 8192 8192 8192 8192 8192 10288 12203 13993 15726 1047 2722 4274 5257 5702 5928 6082 6183 6261 6321 5159 3586 1976 259 14885 13099 11300 9578 8192 8192 8192 8192 8192 8192 8192 8192 8192 8192 8192 8568 10729 12604 14370 16090 1407 3082 4562 5409 5776 5976 6110 6223 5726 4327 2813 1163 15832 14071 12299 10543 8889 8192 8192 8192 8192 8192 8192 8192 8192 8192 8192 8192 8720 10838 12716 14484 16201 1526 3181 4629 5436 5799 6000 6132 6176 4955 166 11698 305 1893 
0 2451 2582 2556 2583 2599 2582 2510 2204 2379 2759 2711 2534 2233 2379 2754 2548 2353 2260 2432 2836 2682 2342 2297 2425 2761 2717 2389 2377 2438 2617 2628 2405 2408 2480 2620 2587 2188 1397 282 16285 791 2451 4060 5305 6003 6176 6277 6343 6357 6336 6312 6254 6206 6141 6067 5062 3664 2067 337 14998 13284 11575 9952 8484 9295 10214 12477 14249 15971 1304 2979 4460 5399 5848 6039 6066 6099 6166 6216 6261 6316 6382 6407 6421 6406 6393 6246 4800 3249 1720 65 14714 12913 11124 9399 8192 8192 8192 9167 10501 11611 12068 14055 15839 1188 2870 4370 5313 5733 5924 5947 5995 6052 6094 6141 6199 6274 6309 6350 6375 6407 6438 6445 6454 6453 5596 4088 2545 976 15652 13862 12030 10237 8563 8192 8192 8192 8192 8192 8192 10029 11952 13769 15512 839 2520 4074 5116 5605 5845 5979 6064 6089 6095 6102 6158 6217 6267 6299 6314 6328 5824 4284 2705 1114 15788 13997 12170 10374 8702 8192 8192 8192 8192 8192 8192 8192 9272 11280 13131 14890 216 1915 3546 4842 5488 5793 5970 6085 6155 6200 6207 6207 6233 6255 6296 4971 3344 1752 40 14668 12853 11022 9296 8192 8192 8192 8192 8192 8192 8192 8192 8192 10251 12160 13960 15682 1008 2694 4242 5232 5677 5904 6057 6156 6218 6281 6316 6324 6193 4720 3112 1492 16149 14363 12543 10721 9026 8192 8192 8192 8192 8192 8192 8192 8192 8192 9238 11248 13106 14861 183 1877 3525 4838 5508 5819 171 11477 305 1893 
0 2566 2534 2496 2484 2463 2527 2565 2536 2518 2486 2453 2568 2563 2528 2496 2380 2468 2492 2315 2352 2379 2551 2817 2807 2782 2740 2626 2728 2660 2376 2306 2125 2184 2368 2301 2350 2228 1406 488 23 1086 2846 4377 5536 6090 6183 6281 6285 6272 6266 6222 6174 6126 6077 5976 4786 3369 1720 16368 14625 12902 11213 9622 8412 9628 9798 11822 13703 15440 796 2499 4058 5191 5748 6002 6055 6097 6145 6189 6237 6293 6338 6375 6391 6385 6380 6348 6121 4627 3073 1537 16252 14489 12674 10878 9162 8192 8192 8192 8192 8763 10879 12757 14592 16337 1656 3302 4675 5415 5754 5912 5991 5991 6024 6080 6151 6191 6247 6278 6309 6337 6364 6371 6383 6388 6383 5948 4416 2842 1306 15994 14215 12372 10542 8864 8192 8192 8192 8192 8192 8192 9652 11619 13453 15190 517 2208 3809 4972 5539 5804 5961 6045 6089 6077 6098 6144 6198 6249 6277 6304 6320 6317 5035 3467 1918 253 14883 13067 11239 9507 8192 8192 8192 8192 8192 8192 8192 8192 10041 11959 13774 15509 839 2526 4084 5141 5620 5866 6027 6114 6177 6215 6216 6208 6233 6282 6056 4517 2906 1293 15955 14168 12344 10542 8838 8192 8192 8192 8192 8192 8192 8192 8192 8354 10567 12454 14242 15959 1281 2948 4444 5326 5721 5928 6072 6179 6229 6286 6322 6326 6190 4707 3095 1473 16146 14360 12537 10741 9023 8192 8192 8192 8192 8192 8192 8192 8192 8192 9168 11183 13035 14784 107 1802 3445 4800 176 13429 305 1893 
0 10187 12068 13928 15666 977 2660 4209 5228 5688 5927 6067 6158 6210 6267 6268 6252 6276 6323 6362 5153 3547 1962 255 14865 13050 11220 9470 8192 8192 8192 8192 8192 8192 8192 8192 8192 10399 12277 14132 15880 1190 2861 4375 5308 5730 5942 6078 6168 6220 6249 6248 6248 6288 6328 6372 5430 3853 2273 585 15221 13408 11582 9803 8216 8192 8192 8192 8192 8192 8192 8192 8192 10153 11991 13812 15562 882 2406 1149 16285 14881 13391 11851 10298 8805 8192 8192 8192 8192 8192 8192 8192 8192 8192 8192 8192 8192 8192 8192 8192 8192 8192 8192 8192 8192 8192 8192 8192 8192 8192 8216 8241 8259 8277 8298 8315 8347 8368 8377 8405 8427 8440 8457 8471 8499 8528 8538 8574 8591 8621 8666 8692 8744 8792 8857 8946 9015 9112 9199 9281 9351 9411 9487 9543 9617 9671 9731 9776 9833 9887 9933 9957 10014 10068 10111 10155 10175 10205 10254 10288 10333 10349 10394 10414 10450 10487 10502 10538 10570 10588 10626 10635 10669 10706 10711 10754 10774 10789 10835 10832 10870 10893 10899 10949 10939 10954 10997 10999 11029 11045 11064 11094 11084 11103 11133 11146 11197 11223 11242 11286 11271 11301 11308 11314 11338 11331 11319 11353 11342 11386 11408 11426 11475 11461 11487 11513 11512 11538 11565 11559 11599 11590 11600 11627 11619 11654 11685 11680 11700 11696 11715 11759 11769 11772 11811 11808 11828 11838 11821 11864 11869 11872 11919 11893 11924 11961 11944 11978 11987 12009 12043 12011 12036 12051 12076 12095 12097 181 9072 305 1893 
0 2736 2557 2711 2691 2617 2127 826 9 258 1756 3454 4849 5788 6042 6138 6260 6262 6265 6239 6189 6135 6078 6013 5628 4182 2674 975 15615 13881 12175 10518 8994 9079 9733 12018 13817 15544 890 2602 4146 5237 5766 6021 6066 6095 6151 6209 6252 6312 6345 6374 6389 6378 6353 6296 5346 3857 2325 722 15387 13598 11783 10003 8411 8192 8192 8192 9643 11029 11920 12696 14866 223 1929 3563 4848 5531 5825 5938 5956 6005 6053 6104 6162 6218 6278 6316 6359 6367 6391 6419 6419 6426 6409 5760 4240 2688 1149 15844 14071 12234 10415 8719 8192 8192 8192 8192 8192 8192 9453 11444 13300 15052 379 2063 3687 4900 5509 5797 5959 6044 6093 6100 6103 6149 6202 6246 6276 6304 6316 5633 4093 2523 901 15556 13768 11938 10130 8485 8192 8192 8192 8192 8192 8192 8192 8719 10840 12721 14492 16207 1528 3190 4599 5388 5751 5937 6072 6152 6209 6250 6241 6236 6271 6248 4830 3218 1621 16287 14508 12677 10875 9133 8192 8192 8192 8192 8192 8192 8192 8192 8192 9844 11786 13600 15329 650 2340 3934 5076 5614 5874 6035 6150 6225 6283 6323 6340 6071 4568 2979 1335 15984 14197 12384 10566 8891 8192 8192 8192 8192 8192 8192 8192 8192 8192 8820 10920 12785 14546 16262 1581 3233 4654 5424 5783 5972 6110 6212 6280 6328 6352 5033 3434 1813 85 14707 12910 11092 9385 8192 8192 8192 8192 8192 8192 8192 8192 8192 8192 9613 11573 13398 15143 471 2159 3773 186 9948 305 1893 
0 2399 2316 2360 2390 2391 2423 2305 2331 2426 2388 2400 2318 2291 2540 2438 2373 2334 2196 2437 2461 2352 2426 2282 2422 2499 2317 2384 2327 2365 2459 2286 2317 2396 2378 2487 2283 2024 1422 158 16113 539 2243 3884 5174 5992 6203 6313 6351 6349 6332 6303 6265 6214 6152 6087 5340 3928 2362 648 15292 13562 11852 10231 8689 9067 9487 10044 12365 14161 15909 1254 2921 4405 5385 5840 6022 6058 6095 6162 6200 6251 6310 6358 6389 6409 6407 6395 5809 4308 2752 1179 15859 14101 12272 10496 8829 8192 8192 8192 8192 8192 9319 11319 13198 14952 297 1998 3616 4887 5508 5795 5945 6029 6043 6048 6100 6157 6205 6257 6300 6316 6341 6350 6364 6353 4993 3446 1811 263 14792 13066 11136 9457 8192 8192 8192 8192 8192 8192 8192 10086 12005 13828 15560 883 2576 4129 5143 5624 5857 5995 6080 6126 6121 6139 6178 6221 6276 6302 6323 5218 3648 2071 399 15020 13220 11385 9630 8192 8192 8192 8192 8192 8192 8192 8192 8737 10871 12729 14508 16225 1551 3199 4621 5395 5755 5952 6075 6157 6222 6260 6276 6258 6275 5566 4013 2430 762 15399 13601 11768 9970 8359 8192 8192 8192 8192 8192 8192 8192 8192 8312 10541 12439 14213 15938 1271 2939 4428 5328 5731 5943 6081 6179 6240 6306 6340 6368 5112 3483 1879 151 14773 12953 11134 9400 8192 8192 8192 8192 8192 8192 8192 8192 8192 8192 10244 12168 13959 15685 1010 2698 4247 5250 5687 5920 6065 192 2253 305 1893 
0 8192 8192 8192 9482 11470 13343 15075 395 2095 3718 4978 5573 5849 6021 6141 6216 6256 6300 6297 6293 6295 4919 3297 1683 16340 14561 12733 10907 9191 8192 8192 8192 8192 8192 8192 8192 8192 8192 10210 12174 13966 15695 1016 2689 4246 5246 5693 5921 6070 6174 6233 6276 6302 6281 6296 5980 4440 2841 1202 15851 14058 12230 10439 8748 8192 8192 8192 8192 8192 8192 8192 8192 8776 10852 12800 14535 16249 1566 3224 4650 5433 5777 5987 6110 6200 6246 6279 6296 6280 6307 5643 4093 2513 843 15471 13661 11836 10059 8438 8192 8192 8192 8192 8192 8192 8192 8192 9356 11321 13235 14947 272 1971 3591 4889 5532 5833 6013 6128 6209 6254 6284 6283 6284 6309 5396 3826 2241 557 15192 13366 11552 9766 8203 8192 8192 8192 8192 8192 8192 8192 8192 9774 11710 13589 15298 622 2320 3913 5082 5621 5878 6047 6152 6225 6257 6280 6275 6277 6326 5299 3717 2120 417 15037 13211 11381 9610 8192 8192 8192 8192 8192 8192 8192 8192 8192 9915 11842 13720 15431 752 2444 4037 5139 5646 5894 6058 6150 6215 6274 6288 6270 6289 6328 5263 3679 2093 385 14997 13182 11369 9584 8192 8192 8192 8192 8192 8192 8192 8192 8192 10021 11943 13814 15532 853 2531 4100 5181 5661 5904 6066 6156 6218 6265 6285 6273 6275 6334 5322 3739 2154 459 15076 13265 11429 9665 8192 8192 8192 8192 8192 8192 8192 8192 8192 9990 11891 13794 15484 805 2500 4075 5168 5660 5902 197 3587 305 1893 
0 2515 2516 2505 2490 2392 2466 2519 2528 2465 2449 2520 2551 2513 2409 2424 2511 2508 2471 2472 2488 2583 2512 2406 2452 2458 2509 2495 2348 2438 2513 2401 2350 2230 2339 2634 2652 2398 1359 16 274 1533 3223 4680 5703 5824 5764 6006 6165 6262 6267 6247 6213 6177 6133 6072 5649 4199 2676 955 15604 13872 12167 10519 8954 10250 12342 13815 14953 395 2140 3758 4993 5672 5990 6089 6112 6157 6213 6259 6326 6368 6401 6400 6396 6369 6212 4787 3278 1757 95 14735 12925 11129 9423 8192 8192 8637 9979 11060 11834 13622 15447 780 2494 4055 5157 5691 5920 5959 6006 6058 6097 6150 6209 6267 6319 6362 6398 6417 6432 6435 6446 6239 4729 3162 1634 16365 14601 12770 10937 9233 8192 8192 8192 8192 8192 8192 9564 11534 13378 15141 475 2164 3770 4948 5531 5803 5956 6047 6086 6067 6095 6146 6207 6254 6283 6312 6325 6347 5975 4421 2836 1257 15925 14122 12302 10472 8794 8192 8192 8192 8192 8192 8192 8192 9963 11896 13716 15451 775 2463 4047 5115 5610 5854 6000 6093 6146 6171 6164 6181 6228 6271 6312 5671 4121 2537 895 15541 13736 11914 10120 8492 8192 8192 8192 8192 8192 8192 8192 8192 9984 11915 13725 15460 779 2468 4032 5124 5617 5869 6034 6141 6208 6245 6284 6273 6265 5834 4304 2716 1063 15709 13920 12096 10309 8647 8192 8192 8192 8192 8192 8192 8192 8192 8192 10406 12296 14080 15800 1118 2787 4325 5279 5708 5920 6066 202 2958 305 1893 
0 2653 2489 2452 2470 2482 1919 607 16207 521 2180 3816 5124 5846 6014 6154 6255 6254 6251 6232 6186 6142 6095 6023 5667 4229 2725 1021 15665 13920 12214 10553 9014 9094 9581 11480 13394 15144 498 2209 3811 5032 5677 5972 6060 6081 6127 6190 6226 6286 6326 6357 6375 6372 6345 6313 5656 4166 2617 1040 15717 13933 12119 10338 8666 8192 8192 8250 9640 11044 11931 12624 14821 166 1882 3528 4823 5522 5829 5941 5958 6008 6049 6113 6166 6230 6274 6320 6352 6382 6395 6407 6426 6420 6402 6278 4837 3287 1774 132 14765 12950 11109 9376 8192 8192 8192 8192 8192 8192 9388 11371 13214 14972 306 2009 3627 4861 5481 5777 5939 6029 6075 6063 6091 6137 6192 6236 6277 6297 6314 6329 6182 4680 3085 1520 16215 14447 12624 10803 9080 8192 8192 8192 8192 8192 8192 8192 9260 11268 13132 14884 212 1908 3565 4774 5528 5754 5995 6054 6157 6159 6182 6156 6213 6253 6292 5988 4449 2845 1237 15887 14114 12284 10465 8771 8192 8192 8192 8192 8192 8192 8192 8192 9225 11252 13099 14845 177 1870 3503 4818 5503 5802 5986 6107 6178 6241 6276 6303 6281 6246 4814 3208 1585 16244 14465 12661 10827 9107 8192 8192 8192 8192 8192 8192 8192 8192 8192 9492 11465 13311 15048 378 2070 3701 4948 5556 5836 6018 6131 6214 6275 6321 6366 5972 4469 2880 1227 15860 14073 12254 10460 8770 8192 8192 8192 8192 8192 8192 8192 8192 8192 9273 11284 13133 14886 214 207 3731 305 1893 
0 2303 2312 2290 2356 2457 2385 2285 2281 2306 2456 2334 2316 2258 2396 2516 2396 2299 2184 2331 2476 2503 2264 2299 2248 2475 2391 2275 2246 2266 2407 2506 2352 2291 2338 2389 2436 1865 794 16024 16262 1296 3026 4525 5601 6016 6100 6188 6171 6162 6159 6123 6070 6020 5967 5866 4717 3325 1645 16300 14548 12804 11127 9533 8205 9132 9547 10717 12892 14662 16 1724 3366 4742 5549 5919 6033 6054 6094 6149 6192 6223 6271 6295 6307 6299 6269 6225 5603 4108 2544 962 15633 13859 12032 10255 8589 8192 8192 8192 8192 8192 9914 11855 13735 15459 800 2494 4051 5120 5614 5848 5970 6027 6025 6041 6112 6171 6230 6263 6276 6302 6322 6322 6323 6309 6254 4896 3349 1814 177 14817 12970 11140 9379 8192 8192 8192 8192 8192 8192 8192 10363 12274 14070 15800 1113 2793 4293 5223 5654 5877 6007 6074 6116 6098 6121 6167 6215 6258 6278 6293 6287 5131 3577 2020 348 14985 13172 11347 9579 8192 8192 8192 8192 8192 8192 8192 8192 9232 11253 13108 14858 201 1897 3530 4835 5488 5790 5974 6081 6161 6214 6243 6239 6227 6254 6104 4582 2967 1344 15999 14217 12382 10554 8864 8192 8192 8192 8192 8192 8192 8192 8192 8192 10063 11985 13799 15528 852 2535 4102 5172 5643 5887 6031 6146 6221 6278 6319 6352 6230 4774 3157 1532 16192 14412 12588 10772 9070 8192 8192 8192 8192 8192 8192 8192 8192 8192 8752 10857 12734 14506 16222 1533 3195 4625 5418 212 15166 305 1893 
0 2421 2247 2406 2474 2203 2302 2189 2213 2455 2267 2369 2334 2157 2359 2258 2268 2427 2301 2424 2426 2243 2344 2182 2259 2425 2256 2297 2210 2223 2437 2343 2240 2193 2177 2373 2342 2173 1626 455 16234 519 2201 3856 5172 5953 6135 6241 6256 6229 6233 6206 6168 6114 6065 6007 5543 4101 2555 835 15462 13738 12013 10362 8827 8981 9412 9537 11062 13136 14902 258 1950 3580 4893 5623 5945 6027 6064 6110 6157 6196 6248 6291 6334 6346 6339 6330 6276 5181 3685 2143 519 15163 13366 11554 9788 8199 8192 8192 8192 8192 8192 9099 11204 13035 14800 144 1854 3487 4803 5469 5774 5940 6031 6066 6057 6088 6154 6193 6231 6274 6307 6319 6326 6333 6236 4760 3159 1600 16303 14542 12714 10877 9159 8192 8192 8192 8192 8192 8192 8192 9901 11844 13665 15407 734 2429 4001 5092 5589 5839 5995 6084 6133 6154 6141 6172 6219 6256 6298 6305 5144 3574 2010 328 14962 13145 11317 9548 8192 8192 8192 8192 8192 8192 8192 8192 8306 10537 12422 14207 15930 1247 2909 4404 5302 5710 5914 6055 6150 6210 6267 6284 6275 6273 5770 4247 2687 1015 15630 13928 11990 10271 8570 8192 8192 8192 8192 8192 8192 8192 8192 8192 10043 11956 13757 15484 803 2483 4052 5145 5644 5892 6040 6150 6229 6294 6323 6361 5545 4011 2430 736 15359 13558 11743 9980 8370 8192 8192 8192 8192 8192 8192 8192 8192 8192 9406 11383 13235 14973 295 1994 3624 4906 5540 5843 219 4787 305 1893 
0 1571 1548 1646 1214 1436 1572 1478 1682 1401 1357 1523 1409 1659 1587 1352 1554 1574 1655 1633 1152 1223 1274 1319 1371 964 1045 1288 1510 1718 1480 1501 1680 1832 1909 1523 1230 712 16105 15257 15708 1062 2823 4341 5519 6113 6131 6149 6161 6140 6153 6147 6111 6077 6045 5994 5708 4259 2724 1028 15644 13871 12101 10402 8792 8192 8192 8192 8666 10635 12284 13724 15579 797 2550 4128 5166 5662 5884 5938 5956 5999 6058 6090 6146 6204 6232 6263 6277 6291 6286 6264 6232 6193 6125 4989 3492 1952 352 15003 13182 11330 9537 8192 8192 8192 8192 8192 8192 8192 8292 10532 12416 14210 15927 1260 2921 4399 5264 5664 5883 6009 6092 6142 6173 6152 6144 6190 6212 6235 5742 4198 2613 991 15640 13851 12016 10199 8562 8192 8192 8192 8192 8192 8192 8192 8192 8192 9906 11844 13660 15390 714 2400 3986 5104 5607 5869 6026 6133 6209 6271 6316 6336 6342 5433 3878 2296 612 15229 13432 11603 9819 8231 8192 8192 8192 8192 8192 8192 8192 8192 8192 8192 10042 11966 13774 15506 823 2511 4089 5166 5651 5898 6054 6160 6239 6306 6357 5289 3697 2097 372 14991 13191 11378 9620 8192 8192 8192 8192 8192 8192 8192 8192 8192 8192 8192 8828 10922 12785 14551 16267 1583 3246 4670 5446 5796 5988 6117 6217 6287 5509 4044 2487 795 15428 13656 11859 10095 8482 8192 8192 8192 8192 8192 8192 8192 8192 8192 8192 8192 9788 11733 13546 15275 599 2287 224 9520 305 1893 
0 2519 2511 1942 766 16349 576 2175 3818 5137 5716 5755 5970 6090 6127 6117 6092 6040 6016 5966 5905 5698 4293 2798 1075 15707 13971 12254 10583 9027 9036 9779 11973 13779 15533 881 2586 4130 5225 5764 6003 6050 6081 6126 6167 6208 6255 6291 6302 6284 6244 6201 6135 5065 3578 2043 415 15064 13262 11430 9668 8192 8192 8192 8901 10286 11483 12177 14126 15909 1265 2935 4419 5334 5750 5924 5951 5994 6043 6090 6141 6193 6256 6286 6329 6347 6353 6359 6358 6348 6295 6243 5262 3781 2245 673 15340 13539 11689 9896 8285 8192 8192 8192 8192 8192 8417 10639 12531 14333 16058 1392 3049 4484 5308 5686 5908 5946 6099 6044 6094 6087 6171 6197 6245 6261 6287 6278 6283 6104 4599 3001 1456 16153 14388 12549 10727 9025 8192 8192 8192 8192 8192 8192 8192 9627 11589 13427 15176 508 2197 3799 4979 5549 5821 5979 6078 6126 6166 6157 6184 6219 6241 6285 6264 4902 3286 1710 9 14632 12805 10979 9239 8192 8192 8192 8192 8192 8192 8192 8192 8817 10911 12783 14546 16267 1582 3238 4646 5414 5763 5952 6075 6167 6222 6262 6286 6261 6276 5523 3977 2402 734 15372 13567 11744 9948 8342 8192 8192 8192 8192 8192 8192 8192 8192 8530 10684 12571 14332 16044 1363 3026 4497 5360 5735 5939 6076 6181 6255 6294 6336 6341 5567 4027 2445 755 15395 13587 11744 9982 8374 8192 8192 8192 8192 8192 8192 8192 8192 8192 10056 11988 13791 15525 849 2537 4102 229 5386 305 1893 
0 2360 2176 2387 2421 2325 2349 2268 2280 2550 2329 2374 2253 2343 2521 2375 2298 2225 2377 2429 2468 2197 2225 2392 2380 2323 2113 2183 2470 2509 2367 2316 2231 2526 2504 2376 2290 1879 1037 16311 16010 978 2738 4292 5451 5986 6088 6184 6183 6165 6172 6127 6083 6027 5970 5891 4837 3435 1784 49 14698 12950 11265 9666 8255 9190 9443 10684 12845 14610 16354 1673 3321 4713 5521 5912 6031 6055 6099 6143 6184 6232 6274 6304 6308 6302 6270 6226 5436 3945 2403 807 15464 13684 11854 10083 8441 8192 8192 8192 8192 8192 9994 11935 13801 15538 870 2559 4109 5157 5624 5862 5984 6036 6029 6044 6111 6177 6223 6253 6285 6309 6319 6325 6323 6309 6056 4532 2940 1390 16094 14312 12467 10635 8911 8192 8192 8192 8192 8192 8192 8679 10805 12694 14478 16206 1527 3191 4594 5367 5715 5912 6031 6083 6113 6110 6127 6175 6214 6261 6289 6292 5997 4460 2859 1276 15950 14173 12348 10543 8823 8192 8192 8192 8192 8192 8192 8192 8192 10128 12043 13851 15579 901 2576 4121 5168 5643 5876 6028 6124 6181 6221 6251 6238 6238 6273 5270 3711 2136 453 15077 13260 11441 9668 8192 8192 8192 8192 8192 8192 8192 8192 8192 9053 11104 12963 14714 29 1731 3375 4745 5472 5791 5968 6093 6187 6260 6297 6335 6330 5326 3745 2158 458 15095 13279 11459 9698 8192 8192 8192 8192 8192 8192 8192 8192 8192 8192 10056 11987 13793 15516 833 2518 4089 5167 5648 234 5013 305 1893 
0 2216 2268 2463 2475 2256 2224 2108 2136 2156 1996 1869 1955 2096 2221 2187 2263 2418 2537 2534 2305 2294 2347 2314 2253 2011 2000 2199 2184 2181 2111 2067 2344 2338 2233 2199 1925 1498 317 15762 295 1996 3668 5034 5919 6175 6246 6270 6255 6265 6242 6202 6146 6099 6039 5759 4317 2811 1113 15749 13999 12275 10579 9016 8670 9387 9349 9739 12126 13944 15708 1028 2700 4236 5291 5814 6009 6044 6087 6136 6181 6212 6264 6314 6343 6353 6341 6326 5695 4195 2631 1056 15735 13957 12132 10340 8692 8192 8192 8192 8192 8192 8192 10206 12097 13911 15648 979 2657 4192 5187 5639 5865 5986 6070 6081 6075 6118 6169 6219 6259 6292 6303 6317 6325 5719 4168 2597 1006 15665 13881 12037 10243 8566 8192 8192 8192 8192 8192 8192 8192 10135 12046 13855 15589 913 2588 4137 5154 5632 5872 6015 6097 6149 6171 6161 6178 6229 6268 6298 5537 3984 2421 774 15424 13629 11796 10008 8381 8192 8192 8192 8192 8192 8192 8192 8192 9677 11623 13446 15180 505 2188 3782 4989 5566 5841 6007 6117 6198 6251 6283 6295 6273 5850 4332 2746 1092 15752 13969 12143 10351 8690 8192 8192 8192 8192 8192 8192 8192 8192 8192 9635 11597 13421 15157 471 2157 3774 5002 5583 5850 6017 6131 6218 6276 6329 6370 5339 3742 2153 449 15071 13265 11458 9702 8192 8192 8192 8192 8192 8192 8192 8192 8192 8192 9476 11456 13288 15026 355 2046 3679 4950 5563 5842 6016 6139 239 2610 305 1893 
0 2499 2497 2628 2589 2557 2484 2439 2618 2618 2568 2525 2476 2574 2591 2536 2555 2522 2588 2619 2559 2581 2553 2589 2573 2496 2526 2567 2560 2537 2433 2481 2643 2619 2595 2456 2449 2407 1626 374 16183 724 2443 4049 5303 5855 5845 6079 6178 6270 6275 6260 6207 6179 6114 6046 5468 4033 2499 789 15425 13693 11983 10338 8799 10492 12525 14272 15923 1118 2835 4374 5352 5839 6063 6103 6133 6188 6235 6294 6350 6390 6410 6413 6403 6359 6148 4688 3175 1643 16370 14616 12816 10994 9288 8192 8192 9213 10477 11577 13341 15189 545 2234 3843 5037 5650 5923 5977 6017 6077 6124 6168 6220 6285 6339 6378 6404 6420 6429 6410 5286 3777 2242 617 15285 13496 11668 9896 8299 8192 8192 8192 8192 8192 9319 11371 13204 14961 301 2000 3614 4879 5500 5787 5944 6032 6061 6053 6098 6150 6214 6256 6284 6307 6332 6348 6362 5607 4073 2508 893 15549 13770 11932 10148 8498 8192 8192 8192 8192 8192 8192 8987 11032 12905 14673 9 1712 3360 4709 5434 5757 5938 6044 6107 6145 6132 6154 6206 6252 6294 6326 5619 4069 2494 846 15507 13703 11872 10084 8438 8192 8192 8192 8192 8192 8192 8192 8432 10619 12512 14294 16012 1335 2995 4468 5332 5716 5934 6065 6156 6205 6254 6257 6250 6267 5891 4357 2766 1126 15786 13990 12151 10364 8693 8192 8192 8192 8192 8192 8192 8192 8192 8657 10778 12660 14431 16149 1472 3132 4583 5393 5754 5956 6085 6178 6245 246 12250 305 1893 
0 1607 1637 1593 1566 1355 1590 1636 1717 1581 1363 1347 1549 1753 1616 1611 1261 1493 1676 1718 1684 1460 1511 1751 1800 1760 1527 1494 1674 1614 1780 1545 1477 1669 1642 1689 1108 16197 15374 15137 230 2048 3693 5027 5955 6337 6433 6444 6448 6441 6475 6452 6422 6377 6336 6256 5056 3607 2053 345 14985 13221 11455 9776 8273 8192 8192 8192 9704 11567 12803 14768 110 1780 3479 4803 5514 5826 5935 5953 5997 6044 6096 6158 6217 6263 6312 6352 6375 6406 6422 6446 6438 6436 5299 3766 2242 637 15293 13490 11663 9872 8269 8192 8192 8192 8192 8192 8192 8192 10179 12101 13912 15639 964 2634 4176 5176 5633 5863 6013 6105 6154 6189 6194 6183 6223 6267 6308 5146 3528 1950 257 14879 13070 11255 9490 8192 8192 8192 8192 8192 8192 8192 8192 8192 8192 10361 12271 14070 15796 1121 2804 4327 5281 5706 5926 6075 6174 6254 6309 6371 6391 5518 3944 2360 650 15273 13459 11629 9858 8269 8192 8192 8192 8192 8192 8192 8192 8192 8192 8192 8979 11047 12912 14678 15 1718 3368 4750 5482 5814 6013 6129 6229 6306 5536 4019 2457 759 15413 13631 11827 10080 8479 8192 8192 8192 8192 8192 8192 8192 8192 8192 8192 8192 9292 11229 13138 14834 192 1866 3532 4857 5554 5844 6033 6153 6214 5002 3501 1920 229 14875 13122 11357 9633 8192 8192 8192 8192 8192 8192 8192 8192 8192 8192 8192 8192 9290 11290 13132 14876 201 1893 3540 4879 5555 251 16235 305 1893 
0 2614 2434 2402 2459 2385 2516 2431 2271 2401 2340 2373 2425 2257 2326 2410 2397 2432 2375 2322 2448 2419 2387 2485 2427 2466 2403 2288 2415 2422 2413 2389 2250 2343 2421 2424 2366 1992 1304 182 16000 657 2367 3980 5260 6036 6265 6367 6402 6391 6385 6357 6317 6260 6194 6084 4863 3454 1840 115 14754 13027 11342 9729 8350 9328 9759 11960 13784 15515 863 2571 4121 5211 5763 6013 6066 6093 6138 6197 6248 6306 6357 6402 6433 6453 6445 6430 5924 4415 2857 1295 15976 14208 12401 10601 8930 8192 8192 8192 8192 8700 10816 12685 14532 16257 1592 3244 4644 5407 5751 5917 5994 6004 6022 6080 6151 6199 6257 6281 6312 6343 6367 6384 6402 6400 5127 3567 2030 397 15028 13210 11375 9615 8192 8192 8192 8192 8192 8192 8192 10317 12229 14039 15770 1097 2783 4292 5235 5655 5878 6011 6078 6109 6110 6128 6182 6228 6273 6315 6333 5295 3739 2177 514 15144 13332 11511 9743 8192 8192 8192 8192 8192 8192 8192 8192 8973 11037 12904 14661 16379 1700 3355 4725 5444 5771 5963 6087 6166 6220 6263 6246 6248 6281 5472 3915 2325 646 15277 13466 11624 9864 8268 8192 8192 8192 8192 8192 8192 8192 8192 8694 10826 12703 14481 16203 1526 3178 4605 5406 5761 5953 6093 6191 6258 6302 6346 6218 4756 3150 1519 16176 14402 12582 10775 9062 8192 8192 8192 8192 8192 8192 8192 8192 8192 8553 10715 12589 14364 16080 1398 3069 4539 5374 5757 5959 6090 256 13251 305 1893 
0 15814 1137 2815 4344 5289 5723 5940 6085 6189 6269 6318 6370 5932 4444 2863 1197 15842 14063 12231 10457 8771 8192 8192 8192 8192 8192 8192 8192 8192 8192 9492 11456 13285 15029 362 2061 3687 4955 5574 5858 6027 6141 6231 6301 6333 6378 5282 3679 2079 358 14970 13172 11356 9595 8192 8192 8192 8192 8192 8192 8192 8192 8192 8239 10482 12382 14160 15883 1202 2876 4392 5312 5731 5950 6087 6186 6269 6318 6360 6079 4597 2994 1336 15979 14198 12385 10592 8879 8192 8192 8192 8192 8192 8192 8192 8192 8192 9343 11343 13183 14933 258 1953 3586 4898 5546 5843 6021 6143 6222 6294 6337 6382 5497 3931 2345 646 15266 13456 11628 9858 8259 8192 8192 8192 8192 8192 8192 8192 8192 8192 10197 12099 13891 15627 955 2633 4202 5220 5693 5930 6077 6180 6250 6308 6356 6342 4968 3347 1715 16356 14584 12764 10953 9214 8192 8192 8192 8192 8192 8192 8192 8192 8192 8901 10967 12836 14600 16327 1647 3300 4702 5456 5796 5982 6123 6215 6287 6332 6369 5897 4400 2805 1139 15774 13988 12162 10387 8720 8192 8192 8192 8192 8192 8192 8192 8192 8192 9746 11725 13522 15269 582 2281 3875 5070 5613 5881 6040 6156 6243 6290 6353 6377 5423 3856 2274 567 15199 13391 11553 9803 8225 8192 8192 8192 8192 8192 8192 8192 8192 8207 10443 12337 14132 15854 1176 2849 4379 5309 5732 5943 6095 6182 6255 6314 6351 6359 5002 3381 1760 36 14636 12826 11010 9262 8192 261 10393 305 1893 
0 1318 1213 1279 1210 1309 1371 1196 1253 1191 1301 1361 1081 1065 1016 1129 1383 1346 1545 1640 1538 1625 1427 1325 1426 1089 1033 920 815 1068 1061 1225 1353 1324 1398 1304 1171 597 15836 14989 15476 834 2605 4185 5398 6145 6340 6373 6388 6381 6399 6400 6366 6338 6299 6257 5866 4407 2873 1228 15871 14115 12329 10586 8967 8192 8192 8192 8192 9478 11451 12490 14415 16122 1421 3143 4556 5391 5753 5931 5975 5988 6029 6096 6149 6211 6259 6296 6338 6350 6370 6389 6404 6409 6396 5757 4239 2670 1116 15802 14010 12176 10354 8683 8192 8192 8192 8192 8192 8192 8192 9215 11246 13104 14857 191 1889 3524 4812 5462 5773 5944 6057 6130 6186 6205 6186 6204 6235 6278 5374 3806 2232 556 15192 13383 11563 9794 8194 8192 8192 8192 8192 8192 8192 8192 8192 8192 9759 11713 13539 15281 600 2285 3887 5053 5599 5858 6025 6140 6223 6292 6342 6383 5499 3978 2277 710 15218 13516 11611 9911 8277 8192 8192 8192 8192 8192 8192 8192 8192 8192 8192 8737 10848 12718 14475 16188 1501 3155 4601 5415 5776 5974 6109 6206 6293 5284 3738 2165 468 15112 13349 11559 9829 8266 8192 8192 8192 8192 8192 8192 8192 8192 8192 8192 8192 9374 11371 13203 14952 280 1973 3613 4907 5560 5855 6034 6160 5850 4522 3033 1413 16096 14367 12612 10860 9185 8192 8192 8192 8192 8192 8192 8192 8192 8192 8192 8192 8192 9615 11573 13397 15130 455 2152 3774 5018 266 14354 305 1893 
0 1636 1870 1619 1606 1748 1581 1855 1738 1494 1752 1639 1823 1866 1568 1737 1702 1761 1867 1661 1724 1666 1693 1744 1596 1678 1633 1675 1834 1631 1771 1723 1509 1471 299 15412 15391 251 2103 3741 5082 5976 6315 6351 6370 6371 6377 6387 6357 6315 6291 6235 6134 4788 3329 1709 16356 14612 12837 11085 9432 8192 8192 8192 8727 10234 12072 13858 15671 990 2667 4212 5232 5715 5906 5938 5983 6038 6085 6129 6184 6250 6294 6336 6360 6384 6390 6377 5439 3934 2382 782 15437 13643 11816 10025 8391 8192 8192 8192 8192 8192 8192 8671 10800 12685 14460 16216 1475 3193 4566 5373 5710 5918 6025 6101 6143 6133 6147 6174 6221 6277 6301 5677 4131 2546 904 15550 13758 11935 10137 8484 8192 8192 8192 8192 8192 8192 8192 8192 8343 10559 12436 14221 15939 1253 2922 4409 5305 5709 5919 6065 6159 6224 6291 6321 6346 6314 4970 3337 1734 9 14627 12804 10997 9257 8192 8192 8192 8192 8192 8192 8192 8192 8192 8192 9120 11153 13012 14765 95 1788 3430 4788 5489 5806 5996 6117 6213 6284 6355 5637 4134 2555 860 15505 13716 11897 10125 8494 8192 8192 8192 8192 8192 8192 8192 8192 8192 8192 8611 10760 12634 14401 16115 1440 3104 4563 5402 5775 5973 6108 6203 6302 5462 3942 2379 683 15326 13562 11757 10018 8418 8192 8192 8192 8192 8192 8192 8192 8192 8192 8192 8192 10247 12159 13948 15663 982 2661 4218 5250 5703 5949 6088 6197 6217 4962 275 15120 305 1893 
0 8192 8192 8192 8192 8192 8927 10992 12859 14612 16324 1634 3289 4695 5461 5791 5990 6122 6205 6283 6326 6373 5906 4410 2825 1168 15801 14015 12195 10390 8731 8192 8192 8192 8192 8192 8192 8192 8192 8192 9564 11530 13367 15104 432 2125 3744 4992 5581 5866 6030 6150 6235 6288 6341 6382 5618 4088 2504 810 15437 13633 11790 10023 8408 8192 8192 8192 8192 8192 8192 8192 8192 8192 9983 11922 13731 15476 803 2491 4072 5164 5661 5904 6057 6168 6247 6319 6344 6392 5387 3815 2213 502 15129 13318 11505 9725 8192 8192 8192 8192 8192 8192 8192 8192 8192 8192 10342 12245 14041 15762 1098 2780 4322 5281 5717 5940 6083 6186 6261 6312 6366 6380 5153 3538 1929 201 14806 12985 11185 9421 8192 8192 8192 8192 8192 8192 8192 8192 8192 8565 10696 12583 14360 16080 1399 3064 4538 5386 5763 5969 6103 6194 6277 6320 6362 6346 4965 3350 1710 16372 14598 12780 10969 9254 8192 8192 8192 8192 8192 8192 8192 8192 8192 9014 11052 12918 14680 5 1705 3357 4743 5475 5810 5999 6124 6221 6270 6327 6362 6261 4803 3189 1548 16195 14407 12598 10776 9067 8192 8192 8192 8192 8192 8192 8192 8192 8192 9171 11193 13048 14802 135 1843 3485 4832 5517 5829 6014 6136 6218 6282 6342 6369 6170 4681 3066 1416 16063 14290 12469 10580 8998 8192 8192 8192 8192 8192 8192 8192 8192 8192 9397 11359 13217 14958 296 1999 3638 4919 5546 5847 6020 6135 6226 6289 6340 280 12554 305 1893 
0 1696 1691 1474 1543 1601 1502 1619 1551 1621 1898 1713 1746 1703 1510 1784 1630 1599 1671 1473 1689 1747 1592 1713 1497 1579 1733 1550 1691 1640 1689 1842 1447 877 16093 15112 15672 855 2628 4204 5392 6131 6279 6286 6304 6286 6294 6311 6263 6232 6199 6153 5986 4579 3105 1453 16087 14327 12562 10831 9207 8192 8192 8192 8663 10382 12161 13822 15650 977 2663 4196 5221 5707 5916 5939 5976 6028 6059 6114 6164 6225 6273 6311 6337 6351 6362 6350 6322 5444 3942 2389 808 15480 13674 11827 10026 8402 8192 8192 8192 8192 8192 8192 8254 10492 12393 14184 15915 1239 2906 4389 5274 5670 5885 6018 6104 6142 6156 6150 6163 6220 6258 6282 5964 4421 2819 1215 15879 14097 12272 10491 8736 8192 8192 8192 8192 8192 8192 8192 8192 8192 10054 11980 13779 15506 831 2521 4091 5153 5639 5879 6035 6135 6223 6280 6321 6351 6333 5416 3857 2273 571 15197 13381 11547 9775 8192 8192 8192 8192 8192 8192 8192 8192 8192 8192 8192 10351 12247 14039 15759 1071 2746 4286 5265 5700 5925 6071 6173 6254 6331 6339 5021 3428 1810 83 14705 12901 11089 9374 8192 8192 8192 8192 8192 8192 8192 8192 8192 8192 8192 9577 11534 13365 15098 429 2124 3736 4988 5586 5867 6033 6150 6242 6305 5088 3534 1934 224 14861 13074 11276 9564 8192 8192 8192 8192 8192 8192 8192 8192 8192 8192 8192 8526 10688 12574 14340 16049 1365 3034 4522 5389 5778 5984 6114 6213 285 16099 305 1893 
0 8192 8192 8192 8192 8192 8192 8192 9745 11698 13526 15259 580 2278 3882 5070 5623 5889 6045 6170 6253 6320 6372 5318 3745 2141 425 15039 13250 11422 9681 8192 8192 8192 8192 8192 8192 8192 8192 8192 8192 9651 11619 13439 15171 498 2197 3809 5029 5609 5877 6044 6161 6247 6312 6363 5455 3913 2323 618 15246 13448 11647 9878 8290 8192 8192 8192 8192 8192 8192 8192 8192 8192 9485 11453 13292 15025 356 2053 3685 4955 5576 5853 6033 6151 6244 6314 6362 5641 4128 2552 855 15489 13694 11871 10097 8472 8192 8192 8192 8192 8192 8192 8192 8192 8192 9200 11224 13087 14846 175 1872 3509 4857 5534 5844 6016 6139 6229 6298 6343 5865 4383 2802 1121 15758 13961 12148 10365 8706 8192 8192 8192 8192 8192 8192 8192 8192 8192 8871 10962 12830 14595 16309 1628 3282 4688 5453 5802 5993 6118 6216 6290 6351 6141 4692 3102 1455 16095 14321 12494 10707 9006 8192 8192 8192 8192 8192 8192 8192 8192 8192 8460 10643 12518 14300 16015 1330 2995 4485 5367 5753 5963 6103 6201 6277 6348 6366 5085 3485 1871 148 14764 12962 11155 9427 8192 8192 8192 8192 8192 8192 8192 8192 8192 8192 10219 12120 13916 15636 959 2646 4199 5234 5701 5928 6077 6180 6259 6332 6376 5407 3847 2252 545 15162 13368 11548 9804 8204 8192 8192 8192 8192 8192 8192 8192 8192 8192 9734 11691 13557 15185 643 2244 3917 5046 5636 5872 6056 6158 6258 6301 6368 5835 4355 2758 290 9129 305 1893 
0 8192 8192 9868 11806 13673 15398 723 2424 4006 5121 5643 5891 6049 6154 6218 6274 6288 6283 6285 6327 5354 3776 2190 493 15116 13297 11455 9694 8192 8192 8192 8192 8192 8192 8192 8192 8192 9718 11645 13550 15266 591 2289 3900 5064 5609 5866 6040 6152 6212 6259 6298 6281 6285 6313 5645 4089 2502 830 15470 13665 11826 10058 8406 8192 8192 8192 8192 8192 8192 8192 8192 9401 11343 13301 15005 330 2023 3654 4920 5554 5838 6016 6135 6207 6258 6287 6271 6273 6294 6051 4512 2892 1254 15899 14103 12272 10452 8765 8192 8192 8192 8192 8192 8192 8192 8192 8851 10899 12845 14613 16324 1649 3308 4705 5456 5792 5983 6113 6182 6244 6278 6277 6277 6290 6346 5070 3453 1844 130 14740 12915 11084 9337 8192 8192 8192 8192 8192 8192 8192 8192 8192 10278 12179 14050 15737 1056 2733 4270 5261 5696 5924 6076 6165 6232 6263 6286 6271 6286 6319 5799 4260 2663 1009 15641 13854 12007 10222 8565 8192 8192 8192 8192 8192 8192 8192 8192 9379 11332 13241 14999 327 2026 3659 4932 5559 5844 6020 6123 6195 6253 6270 6261 6266 6312 6353 5183 3575 1984 276 14891 13078 11245 9489 8192 8192 8192 8192 8192 8192 8192 8192 8192 10289 12186 14075 15768 1089 2769 4303 5272 5704 5933 6072 6167 6218 6266 6270 6259 6286 6320 6233 4721 3093 1470 16120 14332 12490 10666 8969 8192 8192 8192 8192 8192 8192 8192 8192 8884 10932 12823 14668 16357 1667 3331 4719 295 10002 305 1893 
0 8192 8192 8192 8192 8192 8192 8192 8192 8192 9635 11595 13424 15154 488 2181 3789 5019 5615 5891 6054 6172 6260 5877 4490 2957 1308 15967 14206 12410 10647 8973 8192 8192 8192 8192 8192 8192 8192 8192 8192 8192 8192 10024 11945 13755 15473 803 2497 4086 5187 5679 5924 6073 6195 6274 5536 4069 2508 817 15459 13687 11897 10145 8523 8192 8192 8192 8192 8192 8192 8192 8192 8192 8192 8488 10675 12564 14343 16061 1379 3049 4527 5393 5780 5977 6124 6227 6303 5419 3873 2306 602 15243 13454 11657 9913 8329 8192 8192 8192 8192 8192 8192 8192 8192 8192 8192 8891 10967 12840 14596 16305 1622 3273 4691 5464 5811 6009 6141 6232 6304 5194 3644 2055 353 14992 13212 11414 9690 8192 8192 8192 8192 8192 8192 8192 8192 8192 8192 8192 9456 11423 13267 15002 319 2013 3643 4934 5576 5864 6043 6158 6252 6295 5065 3521 1920 204 14833 13041 11248 9525 8192 8192 8192 8192 8192 8192 8192 8192 8192 8192 8192 9738 11690 13503 15229 566 2266 3874 5066 5615 5895 6060 6177 6257 6264 4964 3405 1781 61 14683 12886 11104 9394 8192 8192 8192 8192 8192 8192 8192 8192 8192 8192 8192 9979 11908 13720 15448 769 2458 4048 5156 5664 5919 6073 6188 6270 6244 4904 3347 1728 3 14628 12826 11040 9331 8192 8192 8192 8192 8192 8192 8192 8192 8192 8192 8192 10157 12063 13870 15597 921 2611 4176 5224 5694 5941 6083 6194 6266 6234 4881 3327 1706 16363 0 2608 305 1223 
0 8192 8192 8192 8192 8192 8192 8192 8192 8192 9149 11179 13026 14772 105 1800 3453 4807 5505 5825 6011 6132 6230 6275 5051 3485 1893 183 14828 13045 11256 9534 8192 8192 8192 8192 8192 8192 8192 8192 8192 8192 8192 8192 9747 11697 13515 15250 575 2272 3877 5068 5642 5904 6069 6174 5663 4287 2788 1149 15827 14078 12301 10563 8904 8192 8192 8192 8192 8192 8192 8192 8192 8192 8192 8192 8192 10007 11928 13736 15470 786 2485 4064 5178 5678 5937 6084 6173 5026 3524 1966 285 14959 13198 11436 9744 8200 8192 8192 8192 8192 8192 8192 8192 8192 8192 8192 8192 9066 11104 12961 14716 36 1739 3385 4779 5514 5834 6033 6152 5613 4237 2741 1103 15780 14049 12282 10564 8904 8192 8192 8192 8192 8192 8192 8192 8192 8192 8192 8192 8467 10645 12519 14291 16006 1323 2999 4495 5388 5775 5986 6125 6190 5009 3508 1946 266 14928 13160 11388 9677 8192 8192 8192 8192 8192 8192 8192 8192 8192 8192 8192 8192 10129 12054 13856 15585 905 2597 4168 5229 5711 5939 6094 6197 5701 4312 2801 1150 15817 14059 12277 10527 8865 8192 8192 8192 8192 8192 8192 8192 8192 8192 8192 8192 9374 11371 13216 14960 300 1997 3633 4926 5567 5863 6039 6161 6258 5182 3658 2085 392 15047 13274 11487 9781 8222 8192 8192 8192 8192 8192 8192 8192 8192 8192 8192 8377 10580 12473 14252 15969 1286 2959 4464 5363 5764 5973 6112 6210 5910 4546 3029 1387 16059 14319 12526 5 4055 305 1223 
0 2456 2518 2650 2496 2300 1837 734 16238 46 1567 3294 4715 5754 6131 6231 6333 6341 6326 6313 6273 6219 6160 6100 5707 4266 2765 1075 15707 13976 12244 10603 9050 9057 9534 11431 13338 15091 448 2170 3771 5017 5675 5973 6056 6086 6140 6185 6248 6295 6351 6391 6407 6428 6415 6350 5688 4096 2623 973 15716 13890 12103 10282 8653 8192 8192 8192 9350 10783 11770 12261 14384 16149 1491 3153 4568 5408 5766 5928 5952 5978 6051 6084 6146 6200 6256 6308 6344 6378 6391 6419 6436 6444 6435 5803 4281 2725 1180 15861 14066 12239 10452 8748 8192 8192 8192 8192 8192 8192 9772 11727 13548 15290 621 2317 3903 5032 5566 5818 5958 6049 6096 6078 6109 6157 6208 6256 6290 6316 6320 5713 4179 2607 991 15643 13868 12019 10221 8568 8192 8192 8192 8192 8192 8192 8192 9191 11217 13086 14836 169 1872 3504 4815 5474 5789 5971 6088 6151 6202 6221 6201 6227 6270 6275 4873 3248 1650 16324 14550 12742 10906 9196 8192 8192 8192 8192 8192 8192 8192 8192 8192 10263 12160 13958 15680 998 2679 4218 5228 5675 5905 6057 6157 6224 6281 6311 6324 6096 4602 3000 1354 16003 14230 12398 10593 8886 8192 8192 8192 8192 8192 8192 8192 8192 8192 9345 11343 13179 14924 249 1949 3580 4880 5535 5826 6009 6129 6213 6278 6329 6370 5183 3573 1977 258 14880 13075 11280 9536 8192 8192 8192 8192 8192 8192 8192 8192 8192 8192 10058 11993 13792 15514 832 2508 4083 10 3489 305 1223 
0 2445 2442 2382 2299 2303 2300 2407 2398 2392 2420 2343 2371 2368 2317 2400 2317 2341 2385 2302 2382 2332 2318 2407 2319 2382 2394 2317 2432 2314 2368 2419 2340 2430 2371 2371 2436 2163 1497 285 15543 164 1866 3548 4925 5881 6290 6392 6456 6449 6435 6425 6381 6331 6264 6185 5278 3865 2297 582 15224 13506 11792 10156 8643 9123 9555 10933 13040 14792 146 1876 3515 4841 5584 5931 6053 6071 6126 6181 6228 6280 6339 6389 6428 6461 6472 6461 6139 4624 3054 1509 16202 14442 12636 10843 9140 8192 8192 8192 8192 8192 9203 11205 13130 14866 204 1901 3536 4832 5491 5792 5940 6027 6034 6040 6094 6153 6218 6258 6295 6326 6344 6373 6390 5628 4104 2534 924 15597 13807 11970 10193 8522 8192 8192 8192 8192 8192 8192 9044 11090 12956 14727 69 1769 3406 4744 5454 5769 5943 6054 6117 6144 6131 6152 6213 6250 6301 6334 5259 3694 2121 438 15076 13269 11442 9667 8192 8192 8192 8192 8192 8192 8192 8192 8563 10726 12612 14392 16110 1434 3105 4565 5376 5739 5945 6072 6161 6227 6269 6282 6266 6290 5197 3581 1990 291 14902 13091 11265 9508 8192 8192 8192 8192 8192 8192 8192 8192 8192 8826 10919 12797 14566 16281 1604 3261 4669 5441 5786 5980 6105 6201 6257 6320 6358 5627 4100 2512 816 15447 13649 11830 10076 8439 8192 8192 8192 8192 8192 8192 8192 8192 8192 9229 11247 13093 14840 171 1868 3510 4837 5522 5829 6007 6129 6213 15 2133 305 1223 
0 8192 8192 8192 8192 8192 8192 10105 12034 13842 15564 886 2571 4137 5191 5680 5911 6058 6170 6245 6317 6352 6218 4758 3166 1535 16184 14410 12599 10772 9074 8192 8192 8192 8192 8192 8192 8192 8192 8192 9153 11181 13037 14796 124 1826 3472 4811 5513 5820 6004 6126 6211 6285 6327 6367 5501 3945 2354 652 15278 13471 11655 9889 8295 8192 8192 8192 8192 8192 8192 8192 8192 8192 10241 12155 13955 15687 1017 2696 4242 5243 5694 5924 6071 6184 6250 6308 6354 6229 4784 3173 1532 16179 14399 12574 10793 9065 8192 8192 8192 8192 8192 8192 8192 8192 8192 9207 11224 13069 14827 161 1856 3501 4827 5514 5828 6015 6129 6212 6296 6327 6363 5594 4047 2459 762 15386 13579 11770 9988 8358 8192 8192 8192 8192 8192 8192 8192 8192 8192 10189 12099 13912 15643 973 2656 4217 5238 5692 5923 6071 6177 6255 6302 6352 6345 4991 3369 1742 9 14613 12802 10978 9253 8192 8192 8192 8192 8192 8192 8192 8192 8192 9026 11043 12937 14682 33 1725 3385 4751 5481 5802 5990 6120 6208 6270 6329 6362 5812 4301 2713 1033 15659 13859 12049 10259 8605 8192 8192 8192 8192 8192 8192 8192 8192 8192 9934 11868 13684 15416 739 2434 4013 5134 5641 5889 6047 6161 6244 6303 6345 6373 5281 3688 2091 379 14985 13183 11354 9602 8192 8192 8192 8192 8192 8192 8192 8192 8192 8586 10720 12604 14382 16108 1437 3104 4561 5393 5764 5971 6102 6207 6264 6318 6357 6185 19 15373 305 1223 
0 2699 2624 2684 2529 2613 2743 2632 2658 2634 2490 2800 2636 2642 2596 2456 2681 2619 2548 2552 2529 2630 2693 2558 2568 2653 2643 2750 2539 2557 2588 2653 2674 2680 2539 2606 2545 2336 1591 352 16264 839 2558 4131 5367 6012 6176 6293 6361 6366 6344 6322 6270 6224 6161 6075 5036 3637 2024 299 14954 13215 11522 9916 8562 9459 11062 13047 14798 147 1883 3531 4853 5592 5943 6059 6085 6137 6192 6232 6304 6359 6397 6424 6437 6438 6415 6117 4605 3051 1514 16216 14470 12671 10874 9176 8192 8192 8381 9706 10970 11908 12765 14917 265 1965 3597 4875 5552 5854 5935 5976 6026 6065 6109 6178 6242 6291 6338 6384 6404 6423 6434 6463 6469 6413 5054 3509 1989 368 15002 13194 11365 9617 8192 8192 8192 8192 8192 8192 9103 11148 13019 14781 115 1812 3454 4765 5440 5759 5929 6020 6069 6071 6092 6135 6194 6240 6268 6298 6335 6349 5824 4282 2705 1119 15781 13990 12163 10360 8693 8192 8192 8192 8192 8192 8192 8192 9912 11849 13668 15404 727 2409 3978 5090 5601 5857 6001 6088 6153 6171 6171 6190 6232 6278 6317 5278 3718 2147 466 15099 13296 11484 9713 8192 8192 8192 8192 8192 8192 8192 8192 8192 10326 12239 14034 15770 1092 2761 4285 5242 5690 5913 6052 6147 6222 6261 6297 6287 6290 5325 3744 2161 456 15093 13267 11445 9682 8192 8192 8192 8192 8192 8192 8192 8192 8192 8765 10865 12740 14508 16230 1547 3210 4633 5417 5774 29 10159 305 1223 
0 8192 8192 8192 8192 8192 8192 8192 8841 10929 12801 14569 16285 1600 3253 4679 5456 5792 5987 6123 6224 6298 6351 5487 3951 2368 659 15297 13498 11689 9944 8345 8192 8192 8192 8192 8192 8192 8192 8192 8192 9096 11134 12983 14733 69 1768 3411 4791 5498 5822 6010 6182 6176 6341 6328 5456 3873 2308 589 15227 13414 11612 9865 8287 8192 8192 8192 8192 8192 8192 8192 8192 8192 9291 11302 13144 14897 231 1927 3572 4886 5541 5843 6021 6147 6236 6294 6363 5388 3822 2218 509 15129 13336 11517 9764 8205 8192 8192 8192 8192 8192 8192 8192 8192 8192 9377 11358 13211 14955 289 1985 3617 4905 5558 5852 6027 6150 6233 6312 6359 5335 3756 2154 434 15050 13258 11466 9736 8192 8192 8192 8192 8192 8192 8192 8192 8192 8192 9493 11473 13310 15040 360 2050 3687 4956 5570 5855 6034 6151 6244 6310 6373 5308 3728 2134 421 15045 13256 11453 9696 8192 8192 8192 8192 8192 8192 8192 8192 8192 8192 9622 11588 13417 15156 483 2169 3795 5017 5610 5877 6043 6158 6245 6312 6362 5332 3740 2146 429 15057 13248 11447 9692 8192 8192 8192 8192 8192 8192 8192 8192 8192 8192 9621 11576 13407 15136 461 2158 3770 4999 5586 5867 6035 6150 6247 6307 6364 5370 3792 2193 483 15104 13306 11507 9758 8195 8192 8192 8192 8192 8192 8192 8192 8192 8192 9583 11555 13386 15121 441 2126 3749 4999 5582 5871 6037 6155 6237 6303 6377 5403 3840 2250 541 34 10125 305 1223 
0 8192 8192 8192 8192 8192 8192 9519 11498 13317 15056 379 2073 3703 4955 5575 5857 6026 6142 6224 6299 6346 6378 5143 3533 1928 213 14827 13020 11211 9474 8192 8192 8192 8192 8192 8192 8192 8192 8192 8371 10574 12459 14245 15960 1291 2956 4460 5354 5745 5957 6093 6189 6268 6313 6361 5861 4359 2764 1092 15728 13939 12111 10320 8661 8192 8192 8192 8192 8192 8192 8192 8192 8192 9568 11539 13376 15128 461 2159 3780 5005 5589 5864 6032 6149 6229 6289 6351 6374 5218 3602 1988 263 14874 13054 11241 9495 8192 8192 8192 8192 8192 8192 8192 8192 8192 8301 10524 12410 14197 15919 1233 2915 4418 5337 5735 5945 6088 6181 6272 6322 6358 6005 4527 2941 1281 15924 14145 12325 10520 8845 8192 8192 8192 8192 8192 8192 8192 8192 8192 9430 11409 13248 14984 311 2005 3645 4921 5556 5851 6014 6135 6226 6274 6339 6377 5420 3856 2266 549 15161 13371 11547 9796 8201 8192 8192 8192 8192 8192 8192 8192 8192 8192 10313 12219 14015 15737 1061 2736 4282 5257 5703 5932 6077 6181 6252 6316 6347 6289 4867 3256 1612 16271 14488 12677 10877 9156 8192 8192 8192 8192 8192 8192 8192 8192 8192 9043 11088 12948 14708 27 1733 3380 4757 5484 5807 6002 6120 6213 6285 6324 6358 5790 4284 2697 1016 15640 13858 12023 10239 8597 8192 8192 8192 8192 8192 8192 8192 8192 8192 9893 11761 13613 15322 663 2338 3950 5091 5629 5885 6041 6154 6231 6290 6337 6386 39 8480 305 1223 
0 8192 8192 8192 8192 8533 10716 12591 14368 16083 1406 3073 4548 5383 5757 5965 6095 6192 6266 6307 6353 6355 5388 3808 2221 519 15139 13332 11500 9734 8192 8192 8192 8192 8192 8192 8192 8192 8192 8670 10829 12699 14462 16181 1507 3165 4608 5406 5774 5979 6108 6202 6267 6317 6347 6344 5415 3841 2255 548 15174 13371 11510 9753 8195 8192 8192 8192 8192 8192 8192 8192 8192 8633 10806 12676 14438 16166 1487 3148 4596 5406 5774 5966 6112 6196 6265 6309 6342 6343 5537 3980 2389 698 15321 13514 11678 9898 8287 8192 8192 8192 8192 8192 8192 8192 8192 8467 10697 12568 14340 16073 1401 3069 4542 5376 5750 5961 6105 6192 6265 6307 6344 6341 5719 4184 2593 904 15530 13742 11907 10115 8479 8192 8192 8192 8192 8192 8192 8192 8192 8192 10524 12382 14165 15876 1195 2865 4393 5319 5730 5951 6090 6190 6254 6298 6332 6350 5983 4467 2871 1226 15864 14083 12251 10448 8783 8192 8192 8192 8192 8192 8192 8192 8192 8192 10260 12149 13950 15679 1000 2670 4231 5243 5689 5925 6065 6176 6242 6280 6332 6333 6273 4832 3217 1594 16249 14461 12623 10807 9089 8192 8192 8192 8192 8192 8192 8192 8192 8192 9797 11766 13580 15320 639 2340 3936 5083 5628 5885 6051 6160 6233 6280 6319 6342 6324 5275 3681 2091 378 15000 13193 11359 9607 8192 8192 8192 8192 8192 8192 8192 8192 8192 9205 11288 13108 14863 194 1898 3533 4858 5525 5830 6018 6144 6168 6309 44 7008 305 1223 
0 8192 8192 8192 8192 8192 8192 8192 8192 9763 11706 13532 15263 591 2282 3896 5071 5625 5891 6048 6159 6240 6321 5870 4417 2859 1177 15814 14043 12237 10455 8794 8192 8192 8192 8192 8192 8192 8192 8192 8192 8192 9730 11686 13507 15232 551 2229 3844 5044 5611 5878 6046 6161 6246 6313 5963 4538 2975 1318 15967 14199 12407 10606 8939 8192 8192 8192 8192 8192 8192 8192 8192 8192 8192 9691 11652 13469 15207 530 2231 3839 5041 5610 5878 6046 6161 6238 6309 6027 4612 3048 1392 16037 14270 12455 10667 8997 8192 8192 8192 8192 8192 8192 8192 8192 8192 8192 9643 11617 13449 15188 509 2210 3822 5034 5608 5882 6043 6155 6243 6315 6149 4728 3153 1497 16137 14364 12554 10778 9088 8192 8192 8192 8192 8192 8192 8192 8192 8192 8192 9527 11506 13341 15078 406 2096 3709 4970 5576 5854 6032 6148 6234 6320 6238 4845 3264 1637 16292 14520 12723 10940 9216 8192 8192 8192 8192 8192 8192 8192 8192 8192 8192 9460 11433 13266 15010 339 2023 3660 4942 5561 5857 6023 6147 6234 6295 6304 4950 3379 1751 24 14641 12854 11044 9328 8192 8192 8192 8192 8192 8192 8192 8192 8192 8192 9395 11384 13232 14972 300 1999 3639 4922 5552 5848 6023 6146 6226 6316 6349 5097 3509 1901 169 14773 12971 11156 9451 8192 8192 8192 8192 8192 8192 8192 8192 8192 8192 9229 11256 13110 14864 196 1897 3529 4852 5524 5829 6014 6137 6224 6312 6358 5245 3658 2060 49 4915 305 1223 
0 2365 2241 2299 2304 2256 2084 1967 2132 2224 2298 2288 2284 2576 2679 2614 2466 2297 2445 2509 2347 2216 2065 2196 2391 2260 2202 2085 2252 2477 2412 2338 2225 2353 2594 2503 2307 1617 445 15909 16067 1223 2980 4477 5589 6079 6201 6235 6225 6226 6217 6184 6137 6083 6038 5929 4721 3307 1652 16293 14543 12804 11128 9520 8237 9311 9393 9694 11968 13811 15574 898 2580 4137 5240 5781 6008 6042 6087 6133 6174 6214 6260 6353 6269 6396 6299 6337 6022 4550 2947 1420 16098 14346 12516 10735 9011 8192 8192 8192 8192 8192 8192 10052 12014 13826 15564 895 2577 4143 5158 5624 5857 5980 6060 6061 6062 6112 6164 6213 6256 6291 6309 6311 6326 6325 5674 4138 2573 972 15654 13852 12009 10211 8541 8192 8192 8192 8192 8192 8192 8510 10690 12577 14364 16082 1414 3074 4520 5334 5705 5910 6040 6109 6144 6136 6146 6182 6234 6273 6305 6179 4679 3055 1467 16148 14368 12546 10737 9031 8192 8192 8192 8192 8192 8192 8192 8192 9167 11194 13050 14805 145 1840 3477 4797 5488 5798 5976 6096 6166 6240 6275 6276 6271 6278 5332 3767 2175 485 15118 13305 11482 9717 8192 8192 8192 8192 8192 8192 8192 8192 8192 8457 10633 12526 14304 16022 1343 3005 4482 5347 5736 5937 6085 6177 6243 6311 6342 6365 5226 3622 2021 316 14924 13124 11303 9551 8192 8192 8192 8192 8192 8192 8192 8192 8192 8192 9996 11916 13730 15455 783 2459 4048 5144 5644 5889 60 13890 305 1223 
0 2411 2277 2092 2252 2297 2418 2381 2110 2097 2185 2304 2458 2455 2446 2470 2478 2440 2350 2239 2332 2404 2328 2266 2156 2242 2356 2329 2347 2288 2318 2418 2259 2262 2273 2289 2410 1839 655 15943 15873 993 2762 4303 5467 6117 6252 6334 6350 6327 6325 6295 6253 6193 6134 6005 4733 3307 1661 16310 14571 12844 11151 9543 8268 9305 9531 10990 13065 14829 195 1913 3534 4865 5588 5934 6053 6056 6122 6182 6208 6267 6315 6368 6389 6407 6387 6365 5272 3777 2239 625 15271 13491 11665 9897 8319 8192 8192 8192 8192 8192 9750 11736 13569 15318 641 2337 3912 5054 5576 5836 5959 6051 6046 6053 6109 6162 6215 6257 6297 6316 6334 6350 6355 5450 3906 2351 733 15388 13587 11747 9969 8337 8192 8192 8192 8192 8192 8192 9154 11191 13056 14814 157 1856 3488 4794 5469 5777 5956 6058 6115 6138 6139 6156 6201 6263 6294 6317 5370 3822 2248 583 15226 13409 11576 9790 8210 8192 8192 8192 8192 8192 8192 8192 8192 10451 12346 14140 15860 1190 2859 4376 5296 5703 5913 6059 6151 6211 6264 6279 6269 6280 5584 4040 2453 782 15419 13624 11798 10014 8382 8192 8192 8192 8192 8192 8192 8192 8192 8192 10390 12285 14083 15808 1134 2816 4339 5282 5710 5924 6065 6166 6240 6293 6346 6326 4935 3321 1704 16348 14583 12763 10973 9236 8192 8192 8192 8192 8192 8192 8192 8192 8192 8192 10333 12240 14036 15761 1076 2751 4290 5262 5701 5924 6076 6175 66 1942 305 1223 
0 2433 2374 2455 2419 2290 2406 2387 2410 2440 2317 2346 2346 2323 2458 2293 2301 2376 2327 2465 2400 2319 2390 2311 2375 2402 2314 2386 2401 2344 2430 2323 2344 2465 2323 2416 2398 2197 1691 412 16021 482 2152 3799 5130 5938 6175 6275 6324 6308 6307 6282 6233 6193 6136 6063 5430 3998 2451 736 15372 13638 11933 10285 8750 9141 9475 10576 12746 14516 16255 1603 3245 4654 5500 5897 6042 6060 6119 6170 6208 6261 6314 6365 6390 6399 6381 6359 6002 4486 2913 1361 16055 14302 12475 10682 8995 8192 8192 8192 8499 10188 11887 12645 14603 16369 1699 3351 4703 5454 5774 5934 5949 5995 6034 6094 6145 6202 6251 6297 6334 6363 6387 6404 6411 6414 6418 6223 4717 3142 1614 16340 14581 12750 10918 9177 8192 8192 8192 8192 8192 8192 9332 11311 13169 14936 276 1974 3601 4855 5476 5780 5945 6038 6086 6076 6097 6140 6195 6245 6272 6294 6318 6325 5151 3589 2029 376 15007 13195 11368 9593 8192 8192 8192 8192 8192 8192 8192 8192 10209 12124 13931 15668 991 2664 4210 5206 5656 5881 6022 6117 6169 6211 6203 6205 6237 6286 6136 4616 3003 1396 16056 14277 12444 10641 8929 8192 8192 8192 8192 8192 8192 8192 8192 8654 10802 12667 14447 16161 1487 3142 4584 5390 5754 5948 6085 6174 6243 6285 6313 6298 6184 4714 3108 1487 16139 14362 12532 10711 9012 8192 8192 8192 8192 8192 8192 8192 8192 8192 9455 11457 13285 15037 360 2047 3675 4947 71 2319 305 1223 
0 8192 8192 8192 8192 8192 8192 8611 10752 12623 14392 16106 1428 3094 4554 5396 5768 5969 6096 6194 6275 6330 6368 5217 3623 2012 293 14908 13105 11303 9563 8192 8192 8192 8192 8192 8192 8192 8192 8192 8192 10047 11977 13775 15502 824 2516 4095 5171 5657 5898 6054 6168 6250 6313 6358 5761 4263 2681 1003 15635 13841 12019 10238 8590 8192 8192 8192 8192 8192 8192 8192 8192 8192 9217 11240 13100 14856 181 1882 3517 4851 5526 5829 6007 6134 6219 6287 6333 6331 4965 3352 1725 16378 14596 12782 10967 9248 8192 8192 8192 8192 8192 8192 8192 8192 8192 8192 10415 12302 14092 15810 1130 2805 4322 5291 5723 5940 6077 6185 6258 6309 6361 5606 4079 2494 792 15419 13621 11797 10034 8409 8192 8192 8192 8192 8192 8192 8192 8192 8192 9561 11533 13370 15105 428 2126 3742 4983 5577 5862 6029 6145 6226 6292 6354 6284 4869 3259 1630 16291 14503 12687 10884 9170 8192 8192 8192 8192 8192 8192 8192 8192 8192 8457 10649 12536 14321 16032 1351 3013 4504 5371 5751 5958 6093 6195 6270 6330 6356 5590 4052 2467 764 15401 13605 11781 10016 8385 8192 8192 8192 8192 8192 8192 8192 8192 8192 9636 11597 13423 15151 480 2172 3792 5010 5591 5863 6034 6144 6231 6288 6340 6323 4956 3339 1716 16365 14601 12796 10933 9302 8192 8192 8192 8192 8192 8192 8192 8192 8192 8428 10616 12509 14280 15999 1319 2987 4475 5352 5742 5952 6093 6191 6262 6317 6368 5766 75 16240 305 1223 
0 2763 2536 2576 2803 2740 2847 2783 2633 2782 2691 2623 2715 2559 2704 2787 2630 2707 2629 2615 2821 2731 2744 2783 2627 2735 2652 2594 2736 2657 2731 2772 2654 2716 2647 2651 2731 2436 1619 284 16320 1048 2728 4278 5437 5881 6007 6122 6226 6233 6215 6188 6134 6086 6033 5952 5082 3679 2078 344 14987 13266 11568 9949 8615 9638 11819 13635 15373 705 2427 4000 5135 5741 6002 6079 6108 6151 6200 6247 6306 6342 6364 6370 6352 6327 6268 5317 3847 2306 704 15367 13591 11782 10032 8412 8192 8624 9765 10943 11922 13741 15560 908 2579 4140 5205 5714 5949 5982 6017 6069 6119 6156 6228 6284 6326 6372 6387 6406 6414 6416 6396 6305 4947 3417 1894 266 14900 13099 11263 9490 8192 8192 8192 8192 8192 8192 10189 12121 13929 15673 1003 2685 4208 5183 5630 5844 5973 6043 6049 6061 6112 6165 6218 6259 6286 6303 6328 6335 6335 6276 4834 3252 1714 44 14666 12852 11020 9293 8192 8192 8192 8192 8192 8192 8192 10314 12229 14030 15751 1068 2746 4262 5208 5658 5879 6009 6078 6116 6109 6133 6165 6235 6266 6300 6326 5592 4061 2495 861 15515 13723 11882 10097 8466 8192 8192 8192 8192 8192 8192 8192 8734 10850 12721 14490 16206 1527 3171 4601 5396 5742 5938 6066 6157 6207 6232 6238 6226 6259 6277 4936 3306 1713 5 14614 12788 10960 9233 8192 8192 8192 8192 8192 8192 8192 8192 8192 10307 12208 14007 15737 1058 2730 4279 5246 5682 81 2227 305 1223 
0 8192 8192 8192 8192 8192 8192 8192 8192 10247 12145 13932 15655 973 2651 4207 5233 5697 5921 6077 6184 6268 6337 5724 4239 2670 986 15623 13844 12029 10257 8608 8192 8192 8192 8192 8192 8192 8192 8192 8192 8204 10463 12361 14147 15870 1193 2872 4387 5317 5730 5957 6100 6194 6275 6337 5771 4287 2712 1025 15666 13869 12043 10288 8623 8192 8192 8192 8192 8192 8192 8192 8192 8192 8192 10310 12203 13999 15722 1049 2723 4271 5266 5709 5937 6084 6189 6269 6326 5845 4384 2818 1141 15781 13998 12196 10409 8751 8192 8192 8192 8192 8192 8192 8192 8192 8192 8192 10232 12129 13934 15664 985 2656 4212 5232 5692 5926 6080 6191 6273 6328 5814 4358 2796 1116 15750 13968 12157 10390 8741 8192 8192 8192 8192 8192 8192 8192 8192 8192 8192 10294 12204 13997 15717 1042 2733 4280 5268 5712 5940 6090 6188 6276 6336 5793 4325 2751 1067 15703 13917 12099 10324 8675 8192 8192 8192 8192 8192 8192 8192 8192 8192 8192 10339 12247 14041 15773 1093 2783 4325 5289 5721 5950 6094 6188 6271 6337 5789 4319 2742 1059 15688 13902 12085 10299 8647 8192 8192 8192 8192 8192 8192 8192 8192 8192 8192 10322 12228 14019 15740 1062 2749 4288 5274 5709 5940 6080 6192 6275 6332 5798 4325 2751 1079 15720 13940 12142 10362 8708 8192 8192 8192 8192 8192 8192 8192 8192 8192 8192 10413 12312 14100 15815 1134 2803 4340 5294 5722 5947 6091 6196 6273 6341 5778 4310 2743 1070 91 8536 305 1223 
0 2431 2556 2430 2555 2396 2449 2480 2412 2519 2462 2528 2445 2506 2399 2481 2414 2480 2523 2604 2599 2506 2350 2346 2415 2405 2307 2140 2175 2269 2462 2524 2682 2686 2821 2724 2529 2268 1539 464 15887 82 1735 3425 4837 5794 6159 6259 6335 6347 6334 6318 6278 6226 6156 6089 5279 3871 2311 604 15249 13529 11818 10183 8675 9215 9669 11890 13702 15430 763 2471 4042 5175 5737 6000 6062 6091 6148 6195 6253 6298 6355 6394 6424 6425 6415 6393 6010 4506 2947 1404 16104 14346 12541 10743 9068 8192 8192 8192 9318 10599 11593 12056 14123 15894 1237 2897 4395 5312 5738 5914 5950 5981 6040 6088 6133 6210 6253 6298 6344 6378 6402 6430 6441 6444 6444 5388 3885 2353 768 15426 13621 11777 10009 8393 8192 8192 8192 8192 8192 8192 10206 12123 13930 15665 990 2665 4200 5177 5631 5858 5992 6065 6092 6081 6110 6169 6225 6261 6307 6315 6332 5221 3664 2118 461 15105 13297 11480 9702 8192 8192 8192 8192 8192 8192 8192 8192 9893 11827 13652 15391 719 2409 3983 5086 5596 5854 6009 6112 6172 6206 6222 6202 6238 6279 5790 4247 2657 1008 15660 13858 12027 10246 8592 8192 8192 8192 8192 8192 8192 8192 8192 8874 10964 12830 14596 16311 1625 3289 4675 5432 5775 5964 6100 6185 6254 6298 6325 6317 5483 3927 2346 644 15268 13464 11632 9865 8267 8192 8192 8192 8192 8192 8192 8192 8192 8192 10155 12069 13860 15590 923 2601 4171 5210 5674 96 12885 305 1223 
0 8192 8192 8192 8192 8192 8192 8192 10225 12141 13934 15653 975 2662 4217 5235 5684 5920 6079 6180 6255 6307 6364 5626 4104 2522 828 15459 13656 11848 10080 8467 8192 8192 8192 8192 8192 8192 8192 8192 8192 9722 11671 13493 15228 554 2253 3856 5053 5605 5875 6037 6160 6243 6296 6345 5960 4496 2918 1257 15901 14119 12293 10511 8838 8192 8192 8192 8192 8192 8192 8192 8192 8192 9233 11244 13093 14852 177 1871 3513 4841 5517 5828 6006 6136 6223 6286 6337 6310 4926 3325 1690 16345 14567 12758 10956 9234 8192 8192 8192 8192 8192 8192 8192 8192 8192 8468 10654 12545 14310 16028 1354 3035 4509 5367 5756 5965 6093 6198 6270 6323 6368 5247 3648 2046 329 14941 13128 11327 9575 8192 8192 8192 8192 8192 8192 8192 8192 8192 8192 10226 12136 13937 15660 983 2666 4225 5242 5690 5923 6066 6171 6256 6321 6361 5559 4024 2434 735 15364 13577 11759 9993 8387 8192 8192 8192 8192 8192 8192 8192 8192 8192 9790 11736 13557 15290 624 2312 3902 5075 5615 5886 6044 6157 6239 6303 6352 5807 4319 2738 1051 15701 13921 12118 10334 8671 8192 8192 8192 8192 8192 8192 8192 8192 8192 9379 11365 13198 14945 270 1963 3596 4892 5539 5839 6019 6144 6219 6288 6350 6232 4791 3205 1575 16221 14450 12626 10828 9121 8192 8192 8192 8192 8192 8192 8192 8192 8192 8763 10868 12749 14514 16226 1538 3197 4633 5426 5775 5973 6110 6204 6282 6328 6374 5215 3613 101 11000 305 1223 
0 8192 8192 8192 8192 8192 8192 8192 9638 11599 13435 15169 490 2192 3805 5020 5601 5867 6041 6155 6233 6300 6353 5499 3951 2364 666 15291 13497 11681 9916 8316 8192 8192 8192 8192 8192 8192 8192 8192 8192 9566 11545 13376 15120 453 2158 3771 5004 5591 5863 6038 6147 6243 6303 6365 5596 4065 2485 779 15396 13596 11791 10017 8417 8192 8192 8192 8192 8192 8192 8192 8192 8192 9417 11398 13243 14985 315 2009 3639 4926 5553 5851 6020 6147 6236 6307 6352 5729 4239 2659 983 15619 13831 12015 10228 8600 8192 8192 8192 8192 8192 8192 8192 8192 8192 9243 11248 13102 14852 187 1886 3537 4854 5518 5836 6009 6141 6222 6295 6339 5956 4483 2903 1241 15877 14101 12280 10510 8823 8192 8192 8192 8192 8192 8192 8192 8192 8192 8924 10985 12845 14598 16308 1617 3277 4685 5455 5786 5977 6116 6217 6276 6331 6190 4752 3171 1526 16178 14401 12582 10806 9099 8192 8192 8192 8192 8192 8192 8192 8192 8192 8634 10776 12649 14417 16136 1451 3118 4571 5400 5774 5970 6103 6201 6278 6324 6360 5073 3466 1846 131 14734 12935 11121 9398 8192 8192 8192 8192 8192 8192 8192 8192 8192 8192 10384 12282 14081 15798 1129 2807 4340 5297 5721 5942 6078 6188 6269 6325 6369 5383 3812 2219 501 15124 13328 11504 9748 8192 8192 8192 8192 8192 8192 8192 8192 8192 8192 9989 11919 13735 15454 781 2473 4067 5156 5660 5908 6059 6164 6243 6311 6354 5764 4254 2672 106 10947 305 1223 
0 3894 5037 5579 5832 5960 5995 5999 6044 6110 6176 6227 6258 6292 6324 6353 6378 6387 6398 6409 6228 4705 3132 1602 16313 14552 12745 10918 9195 8192 8192 8192 8192 8192 8192 9367 11346 13200 14955 299 1989 3621 4863 5479 5781 5946 6036 6092 6081 6099 6140 6203 6249 6281 6321 6331 6084 4540 2950 1372 16050 14271 12445 10652 8934 8192 8192 8192 8192 8192 8192 8192 8422 10606 12489 14280 16000 1319 2979 4458 5316 5710 5925 6055 6140 6182 6219 6221 6216 6248 6301 5239 3652 2075 386 15014 13193 11356 9642 8192 8192 8192 8192 8192 8192 8192 8192 8192 9614 11565 13408 15148 469 2160 3773 4990 5568 5847 6010 6134 6212 6264 6310 6335 6322 5121 3501 1895 188 14813 13007 11181 9435 8192 8192 8192 8192 8192 8192 8192 8192 8192 8519 10673 12553 14335 16046 1373 3030 4514 5363 5748 5957 6089 6190 6250 6314 6358 5761 4245 2663 975 15620 13826 12008 10226 8573 8192 8192 8192 8192 8192 8192 8192 8192 8192 9155 11186 13040 14798 120 1818 3466 4816 5506 5814 6002 6124 6215 6297 6344 5955 4496 2920 1258 15896 14119 12298 10523 8850 8192 8192 8192 8192 8192 8192 8192 8192 8192 8412 10608 12496 14274 15985 1307 2982 4462 5351 5736 5957 6097 6194 6273 6336 6001 4548 2968 1306 15960 14192 12369 10586 8909 8192 8192 8192 8192 8192 8192 8192 8192 8192 8192 10439 12333 14120 15844 1164 2834 4368 5310 5722 5951 6080 6189 6273 6328 6011 111 9578 305 1223 
0 2403 2465 2548 2678 2688 2482 2390 2356 2443 2420 2167 2045 2129 2340 2549 2514 2481 2622 2755 2806 2725 2476 2477 2487 2426 2453 2277 2264 2351 2279 2395 2388 2380 2602 2524 2382 1961 809 16341 5 1307 3055 4546 5655 6223 6376 6468 6490 6480 6471 6443 6401 6336 6263 5788 4349 2859 1185 15835 14119 12405 10757 9194 8955 9670 11318 13295 15032 361 2081 3709 4952 5648 5962 6063 6079 6146 6190 6242 6310 6361 6412 6453 6478 6487 6491 6422 5024 3474 1946 292 14933 13142 11321 9602 8192 8192 8192 8192 9530 11370 12931 14713 105 1805 3448 4769 5469 5777 5934 5964 5978 6020 6084 6144 6213 6253 6299 6324 6358 6385 6420 6436 6445 5817 4293 2750 1193 15865 14071 12241 10440 8768 8192 8192 8192 8192 8192 8192 9544 11514 13358 15112 452 2143 3749 4943 5524 5806 5962 6055 6106 6101 6109 6156 6217 6261 6298 6328 5888 4340 2755 1150 15808 14030 12204 10390 8737 8192 8192 8192 8192 8192 8192 8192 8278 10515 12400 14189 15914 1245 2913 4418 5304 5702 5921 6059 6148 6194 6246 6242 6240 6267 5889 4351 2769 1124 15780 13995 12161 10365 8699 8192 8192 8192 8192 8192 8192 8192 8192 8192 10430 12338 14121 15844 1165 2836 4352 5297 5708 5924 6072 6169 6242 6288 6331 6341 5024 3403 1784 65 14682 12873 11073 9356 8192 8192 8192 8192 8192 8192 8192 8192 8192 8239 10471 12371 14165 15884 1203 2880 4402 5316 5728 5947 6086 6185 121 14484 305 1223 
0 1772 1800 2026 1993 1930 2007 1701 2008 1733 1700 1711 1451 1569 1759 1491 1867 1776 1885 2244 1956 2015 2023 1842 2045 1760 1475 1845 1582 1680 1518 1365 1795 1917 1878 1803 1306 853 16055 15163 16044 1461 3174 4632 5713 6307 6480 6514 6533 6530 6544 6544 6514 6473 6442 6380 5340 3892 2371 697 15352 13574 11810 10113 8553 8192 8264 8597 9895 11494 12980 14944 284 1950 3634 4900 5570 5886 5949 5975 6031 6077 6118 6167 6242 6293 6349 6385 6404 6441 6456 6479 6490 5443 3914 2389 778 15439 13630 11789 10021 8409 8192 8192 8192 8192 8192 8192 8192 10215 12129 13934 15660 980 2665 4192 5194 5642 5868 6010 6095 6157 6190 6181 6182 6234 6273 6312 5065 3448 1869 184 14816 13004 11174 9460 8192 8192 8192 8192 8192 8192 8192 8192 8192 8478 10646 12530 14314 16031 1353 3024 4498 5352 5734 5947 6083 6182 6246 6323 6356 6390 5297 3668 2072 364 14977 13186 11374 9615 8192 8192 8192 8192 8192 8192 8192 8192 8192 8192 8192 9585 11543 13376 15110 434 2125 3754 4985 5591 5869 6036 6148 6239 6308 5074 3511 1910 205 14840 13064 11277 9566 8192 8192 8192 8192 8192 8192 8192 8192 8192 8192 8192 8192 9975 11899 13710 15433 758 2453 4039 5159 5671 5922 6081 6192 5706 4316 2808 1173 15845 14106 12330 10590 8952 8192 8192 8192 8192 8192 8192 8192 8192 8192 8192 8192 8192 10060 11978 13785 15510 828 2516 4101 5201 5698 5943 127 2975 305 1223 
0 6119 6163 6233 6281 6330 6372 6388 6414 6434 6450 6452 5585 4072 2530 946 15619 13815 11978 10191 8546 8192 8192 8192 8192 8192 8192 8192 10391 12294 14091 15825 1151 2820 4324 5242 5659 5880 6014 6096 6136 6162 6147 6173 6220 6267 6305 5249 3666 2103 427 15054 13255 11436 9678 8192 8192 8192 8192 8192 8192 8192 8192 8192 8842 10920 12789 14559 16264 1578 3221 4638 5413 5761 5954 6090 6183 6247 6296 6346 6362 5530 3966 2387 700 15342 13540 11728 9957 8342 8192 8192 8192 8192 8192 8192 8192 8192 8192 8192 9917 11840 13662 15389 714 2399 3990 5117 5638 5890 6050 6155 6239 6353 5515 4039 2475 760 15414 13615 11838 10061 8462 8192 8192 8192 8192 8192 8192 8192 8192 8192 8192 8192 10243 12153 13941 15666 990 2673 4228 5251 5697 5930 6082 6192 6131 4820 3303 1700 16379 14638 12845 11079 9371 8192 8192 8192 8192 8192 8192 8192 8192 8192 8192 8192 8192 10348 12247 14032 15747 1069 2743 4293 5290 5724 5956 6106 6208 5451 3973 2447 776 15444 13694 11921 10191 8596 8192 8192 8192 8192 8192 8192 8192 8192 8192 8192 8192 9337 11333 13170 14913 244 1946 3586 4905 5563 5868 6046 6165 5931 4609 3115 1509 16188 14456 12684 10938 9248 8192 8192 8192 8192 8192 8192 8192 8192 8192 8192 8192 8596 10733 12620 14378 16092 1411 3079 4559 5410 5785 5984 6128 6228 5363 3866 2318 637 15300 13543 11766 10015 8440 8192 8192 8192 8192 8192 132 892 305 1223 
0 1454 1355 1485 1618 1408 1419 1379 1378 1489 1486 1387 1358 1358 1452 1486 1356 1151 1148 1356 1528 1635 1694 1655 1871 1754 1626 1578 1346 1364 1210 1030 1090 1058 1221 1346 1226 773 16230 15290 15524 843 2621 4200 5414 6153 6380 6428 6445 6436 6451 6459 6417 6393 6355 6303 5616 4180 2654 987 15643 13871 12104 10376 8780 8192 8192 8192 8647 10542 12313 13833 15673 799 2372 4014 5113 5649 5880 5930 5956 6008 6052 6100 6161 6225 6276 6315 6341 6384 6401 6416 6427 6430 6199 4673 3101 1562 16270 14504 12685 10847 9136 8192 8192 8192 8192 8192 8192 8192 8866 10957 12832 14594 16309 1622 3277 4656 5399 5736 5922 6039 6119 6160 6192 6183 6204 6241 6278 5597 4042 2477 824 15482 13694 11852 10067 8451 8192 8192 8192 8192 8192 8192 8192 8192 8192 9705 11671 13490 15235 561 2250 3857 5036 5591 5858 6024 6135 6220 6285 6338 6366 5611 4065 2463 769 15416 13592 11781 10018 8394 8192 8192 8192 8192 8192 8192 8192 8192 8192 8192 8741 10864 12736 14497 16214 1532 3191 4636 5425 5782 5990 6119 6207 6298 5262 3707 2126 426 15057 13271 11479 9731 8192 8192 8192 8192 8192 8192 8192 8192 8192 8192 8192 8192 9503 11481 13311 15048 372 2074 3707 4975 5592 5875 6046 6163 5734 4379 2884 1254 15926 14180 12414 10668 9012 8192 8192 8192 8192 8192 8192 8192 8192 8192 8192 8192 8192 9841 11776 13587 15315 643 2342 3945 5113 5653 137 3185 305 1223 
0 5935 6070 6165 6216 6262 6263 6261 6284 6322 6362 5420 3848 2259 575 15208 13388 11551 9788 8192 8192 8192 8192 8192 8192 8192 8192 8192 9962 11864 13702 15461 788 2465 4042 5140 5648 5895 6051 6136 6207 6246 6252 6252 6273 6307 6353 6392 5103 3497 1908 209 14823 13001 11167 9417 8192 8192 8192 8192 8192 8192 8192 8192 8376 10472 11840 12609 12397 10915 9552 8800 8192 8192 8192 8192 8192 8192 8192 8192 8192 8192 8192 8192 8192 8192 8192 8192 8192 8192 8192 8192 8192 8192 8192 8192 8192 8192 8192 8192 8192 8205 8217 8245 8273 8284 8302 8319 8341 8365 8367 8385 8410 8424 8443 8464 8477 8512 8525 8552 8576 8586 8631 8668 8697 8754 8812 8851 8943 9024 9100 9182 9231 9310 9375 9420 9499 9560 9605 9674 9714 9751 9806 9864 9906 9932 9987 10017 10057 10085 10120 10156 10177 10226 10242 10271 10313 10335 10371 10393 10417 10449 10481 10508 10543 10546 10587 10607 10613 10645 10660 10702 10716 10732 10754 10761 10806 10824 10839 10866 10870 10897 10934 10928 10957 10971 10992 11036 11026 11041 11071 11063 11106 11138 11129 11154 11163 11195 11214 11212 11242 11243 11261 11298 11294 11315 11333 11348 11381 11376 11384 11412 11420 11456 11450 11448 11461 11394 11302 11252 11341 11707 12100 12181 11833 11389 11327 11689 12062 12051 11598 11316 11590 11886 12203 11782 11300 11188 11562 12088 12317 12088 11793 11824 11977 12158 12004 11751 11687 11817 12051 12118 11970 11845 11873 12018 12219 12203 142 1286 305 1223 
0 2714 2608 2705 2722 2662 2642 2064 1173 380 622 2128 3765 5092 5717 5342 4768 4970 5631 5882 5828 5829 5946 5990 5977 5941 5861 5470 4189 2791 1309 16099 14442 12714 10967 12412 13164 12660 13115 14875 295 2022 3634 4933 5752 6071 6151 6192 6218 6222 6223 6219 6204 6168 6116 5825 4379 2901 1343 16022 14279 12514 10781 9140 8868 9142 9300 9758 11394 13438 15195 518 2204 3822 5060 5712 5970 6029 6075 6122 6160 6197 6237 6299 6334 6351 6356 6342 6276 4975 3462 1921 275 14921 13112 11291 9547 8192 8192 8192 8192 8192 8735 10819 12785 14537 16270 1592 3251 4646 5396 5744 5914 6016 6028 6027 6072 6139 6198 6244 6271 6309 6314 6329 6341 6342 6334 6101 4576 2991 1444 16151 14386 12537 10692 8988 8192 8192 8192 8192 8192 8192 9387 11372 13222 14977 314 2010 3633 4876 5487 5788 5950 6044 6095 6084 6100 6142 6200 6236 6269 6295 6301 6317 5608 4077 2505 893 15555 13750 11910 10115 8485 8192 8192 8192 8192 8192 8192 8192 9618 11569 13401 15138 464 2157 3763 4962 5545 5825 5988 6091 6151 6186 6200 6197 6224 6253 6300 5459 3908 2336 661 15307 13503 11669 9900 8308 8192 8192 8192 8192 8192 8192 8192 8192 9954 11885 13700 15435 761 2448 4026 5124 5619 5875 6033 6138 6206 6252 6292 6286 6275 5976 4451 2850 1211 15858 14059 12217 10426 8737 8192 8192 8192 8192 8192 8192 8192 8192 8192 10234 12146 13944 15676 1003 2690 4234 152 4215 305 1223 
0 2399 2403 2493 2422 2344 2350 2362 2426 2407 2345 2303 2338 2411 2424 2370 2305 2327 2444 2514 2583 2490 2425 2422 2321 2336 2293 2135 2115 2140 2230 2382 2379 2417 2500 2614 2634 2142 1069 16272 16271 1244 2982 4488 5586 6050 6135 6230 6230 6213 6199 6165 6106 6067 6010 5862 4542 3104 1432 16067 14323 12608 10921 9356 8559 9375 9707 11965 13779 15530 892 2569 4119 5233 5763 6004 6038 6087 6137 6181 6218 6275 6321 6338 6348 6342 6311 6262 5183 3688 2160 537 15201 13403 11582 9804 8222 8192 8192 8192 8192 10020 11950 13781 15577 906 2590 4153 5169 5638 5858 5970 5991 6004 6054 6116 6178 6224 6262 6295 6324 6369 6340 6355 6362 6347 6287 4849 3325 1765 152 14785 12955 11111 9354 8192 8192 8192 8192 8192 8192 8719 10823 12710 14488 16215 1543 3189 4588 5360 5728 5910 6020 6071 6088 6091 6127 6184 6229 6259 6287 6302 6306 5183 3620 2086 424 15072 13260 11416 9642 8192 8192 8192 8192 8192 8192 8192 8192 9666 11624 13451 15196 526 2216 3818 4997 5560 5836 5990 6100 6165 6208 6226 6212 6232 6261 6112 4599 2983 1377 16039 14252 12439 10604 8911 8192 8192 8192 8192 8192 8192 8192 8192 8192 10449 12338 14124 15844 1163 2827 4341 5288 5708 5922 6070 6161 6224 6288 6313 6320 6129 4638 3027 1393 16047 14268 12430 10625 8916 8192 8192 8192 8192 8192 8192 8192 8192 8192 9208 11224 13083 14830 157 1853 3495 4830 5511 157 8781 305 1223 
0 8192 8192 8192 8192 8192 8192 9055 11102 12947 14702 21 1709 3364 4745 5482 5809 5992 6117 6207 6285 6337 6348 5040 3432 1814 97 14698 12896 11087 9371 8192 8192 8192 8192 8192 8192 8192 8192 8192 8192 10394 12271 14075 15794 1121 2800 4332 5288 5711 5944 6079 6174 6260 6304 6363 5639 4114 2526 829 15450 13666 11830 10064 8426 8192 8192 8192 8192 8192 8192 8192 8192 8192 9505 11487 13320 15068 399 2090 3718 4964 5572 5854 6015 6141 6227 6298 6357 6255 4830 3221 1583 16228 14456 12630 10846 9122 8192 8192 8192 8192 8192 8192 8192 8192 8192 8470 10647 12533 14305 16019 1330 3011 4495 5357 5743 5960 6095 6192 6262 6323 6366 5481 3944 2356 657 15279 13486 11652 9909 8297 8192 8192 8192 8192 8192 8192 8192 8192 8192 9786 11730 13548 15278 603 2303 3898 5072 5620 5885 6045 6152 6244 6298 6341 6182 4736 3134 1489 16132 14350 12537 10793 8925 8192 8192 8192 8192 8192 8192 8192 8192 8192 8697 10819 12703 14481 16204 1530 3198 4635 5426 5774 5967 6110 6201 6273 6333 6369 5454 3901 2311 595 15206 13401 11589 9806 8222 8192 8192 8192 8192 8192 8192 8192 8192 8192 9841 11781 13599 15323 647 2339 3931 5092 5627 5883 6044 6153 6245 6302 6352 6223 4772 3172 1535 16178 14404 12607 10782 9086 8192 8192 8192 8192 8192 8192 8192 8192 8192 8723 10825 12707 14475 16190 1503 3169 4617 5416 5773 5976 6113 6203 6268 6319 6363 5561 162 4831 305 1223 
0 2646 2689 2697 2677 2688 2593 2582 2612 2652 2724 2720 2698 2679 2687 2737 2719 2711 2677 2659 2713 2672 2654 2655 2644 2741 2731 2636 2676 2653 2666 2720 2590 2646 2720 2683 2686 2401 1754 870 100 740 2336 3935 5222 5849 5945 6091 6202 6226 6219 6193 6144 6100 6041 5965 5366 3932 2388 666 15292 13563 11871 10222 8703 9916 12091 13862 15598 933 2627 4184 5244 5777 6032 6090 6116 6165 6212 6274 6320 6348 6372 6384 6363 6316 6252 5252 3783 2240 645 15305 13515 11689 9935 8371 8192 8882 10048 11179 12287 14407 16172 1498 3161 4574 5435 5828 5977 5999 6049 6099 6145 6201 6262 6303 6351 6380 6403 6417 6410 6388 5651 4148 2594 1028 15716 13940 12110 10296 8641 8192 8192 8192 8192 8192 9278 11360 13184 14949 283 1979 3590 4857 5482 5776 5937 6027 6058 6048 6083 6135 6194 6245 6279 6298 6331 6340 6346 6349 5606 4077 2523 937 15607 13823 11984 10180 8543 8192 8192 8192 8192 8192 8192 9519 11494 13337 15087 422 2103 3715 4925 5522 5809 5959 6049 6106 6107 6113 6153 6212 6247 6292 6311 6309 4977 3397 1828 139 14768 12949 11127 9384 8192 8192 8192 8192 8192 8192 8192 8192 9955 11890 13712 15444 770 2453 4028 5117 5615 5864 6013 6125 6178 6224 6223 6208 6244 6280 5779 4240 2651 997 15641 13849 12018 10222 8560 8192 8192 8192 8192 8192 8192 8192 8192 9303 11312 13162 14904 234 1926 3570 4873 5517 5808 5985 167 6115 305 1223 
0 1485 1372 1423 1448 1652 1860 1872 1856 1767 1757 1755 1866 1898 1735 1692 1594 1606 1606 1517 1594 1887 1686 1753 1529 1566 1850 1762 1932 1655 1647 1755 1559 1629 1672 1445 1550 845 16343 15489 15832 1272 3002 4506 5613 6214 6316 6315 6319 6318 6334 6329 6289 6256 6217 6168 5738 4294 2754 1081 15726 13956 12184 10489 8882 8192 8192 8192 9041 10963 12651 14371 16130 1317 3047 4508 5377 5768 5927 5945 5988 6042 6078 6132 6196 6245 6293 6337 6351 6370 6380 6393 6391 6365 6033 4509 2932 1393 16102 14339 12508 10668 8935 8192 8192 8192 8192 8192 8192 8192 9210 11244 13093 14853 185 1888 3527 4812 5462 5768 5946 6062 6129 6175 6191 6176 6198 6241 6271 6259 4850 3237 1644 16328 14560 12731 10922 9185 8192 8192 8192 8192 8192 8192 8192 8192 8192 8820 10913 12784 14545 16268 1583 3242 4660 5428 5778 5951 6098 6202 6250 6335 6347 6387 5754 4234 2638 975 15598 13818 11977 10193 8533 8192 8192 8192 8192 8192 8192 8192 8192 8192 8192 8947 11016 12881 14641 16356 1669 3323 4724 5470 5811 6003 6129 6216 6305 6353 5149 3566 1952 234 14858 13062 11254 9548 8192 8192 8192 8192 8192 8192 8192 8192 8192 8192 8192 8251 10490 12379 14161 15878 1210 2883 4414 5337 5749 5967 6107 6215 6276 5087 3538 1943 228 14872 13062 11280 9576 8192 8192 8192 8192 8192 8192 8192 8192 8192 8192 8192 8192 9744 11699 13515 15254 585 2280 3893 172 8302 305 1223 
0 6052 6103 6167 6210 6241 6262 6277 6275 6284 6248 6225 5107 3581 2040 418 15048 13241 11383 9621 8192 8192 8192 8192 8192 8192 8192 9450 11444 13285 15033 364 2064 3672 4899 5507 5795 5959 6057 6111 6135 6117 6145 6186 6234 6259 6270 6247 5102 3552 1984 309 14937 13130 11282 9521 8192 8192 8192 8192 8192 8192 8192 8192 8653 10851 12682 14485 16179 1516 3154 4586 5370 5741 5937 6068 6152 6208 6252 6258 6237 6251 6120 4609 2987 1381 16036 14253 12415 10603 8917 8192 8192 8192 8192 8192 8192 8192 8192 8192 9788 11727 13564 15288 616 2304 3905 5064 5609 5866 6024 6137 6213 6270 6321 6342 6253 4814 3193 1570 16217 14438 12625 10807 9084 8192 8192 8192 8192 8192 8192 8192 8192 8192 8457 10641 12520 14305 16024 1345 3016 4494 5355 5744 5951 6085 6187 6258 6326 6352 5701 4195 2616 930 15570 13774 11954 10181 8538 8192 8192 8192 8192 8192 8192 8192 8192 8192 8741 10852 12729 14497 16204 1531 3191 4623 5430 5780 5973 6105 6197 6281 6324 6233 4816 3214 1576 16232 14443 12629 10835 9125 8192 8192 8192 8192 8192 8192 8192 8192 8192 8192 9844 11786 13612 15349 668 2359 3953 5099 5629 5892 6047 6158 6252 6309 6358 5238 3650 2050 326 14938 13139 11305 9577 8192 8192 8192 8192 8192 8192 8192 8192 8192 8192 9194 11214 13063 14811 137 1827 3469 4822 5510 5823 6009 6126 6221 6290 6340 5576 4067 2490 789 15420 13630 11831 10064 182 80 305 1223 
0 14695 24 1721 3369 4757 5486 5819 6007 6138 6222 6289 6351 5209 3642 2032 310 14926 13129 11336 9592 8192 8192 8192 8192 8192 8192 8192 8192 8192 8192 8830 10927 12790 14551 16267 1586 3240 4670 5444 5788 5982 6123 6219 6285 6363 5350 3794 2197 484 15112 13309 11493 9767 8207 8192 8192 8192 8192 8192 8192 8192 8192 8192 8629 10775 12655 14427 16138 1456 3118 4576 5406 5769 5981 6115 6206 6284 6355 5434 3891 2307 599 15240 13438 11637 9872 8280 8192 8192 8192 8192 8192 8192 8192 8192 8192 8491 10660 12551 14324 16040 1361 3033 4517 5369 5763 5969 6106 6199 6277 6336 5550 4032 2452 747 15380 13587 11776 10019 8401 8192 8192 8192 8192 8192 8192 8192 8192 8192 8348 10570 12459 14238 15961 1284 2959 4461 5350 5750 5962 6099 6200 6272 6341 5670 4184 2613 915 15548 13749 11934 10175 8535 8192 8192 8192 8192 8192 8192 8192 8192 8192 8192 10417 12306 14100 15814 1125 2805 4327 5292 5719 5943 6088 6193 6265 6335 5804 4343 2775 1097 15743 13964 12165 10398 8719 8192 8192 8192 8192 8192 8192 8192 8192 8192 8192 10254 12160 13946 15665 976 2660 4217 5238 5702 5933 6080 6178 6271 6326 5938 4493 2935 1269 15920 14131 12317 10538 8856 8192 8192 8192 8192 8192 8192 8192 8192 8192 8192 10102 12030 13841 15561 887 2574 4150 5203 5681 5925 6075 6178 6257 6320 6145 4726 3137 1485 16116 14338 12519 10723 9037 8192 8192 8192 8192 8192 186 15783 305 1223 
0 2400 2502 2519 2525 2371 1777 907 16354 226 1702 3400 4828 5774 6063 6140 6258 6251 6236 6257 6115 6179 6028 6034 5598 4199 2654 980 15594 13881 12158 10521 8970 9038 9613 11547 13436 15181 530 2255 3844 5053 5686 5972 6059 6077 6128 6186 6241 6275 6330 6349 6369 6356 6346 6301 5910 4394 2834 1278 15975 14204 12375 10583 8887 8192 8192 8192 9376 10713 11755 12280 14456 16217 1564 3201 4614 5429 5789 5934 5953 6000 6045 6100 6151 6195 6271 6315 6348 6373 6394 6416 6418 6410 6389 6163 4658 3086 1568 16285 14526 12707 10870 9132 8192 8192 8192 8192 8192 8192 9455 11425 13272 15027 362 2055 3671 4898 5504 5789 5945 6036 6077 6072 6099 6134 6195 6231 6273 6301 6312 6319 5597 4069 2495 884 15551 13752 11922 10128 8479 8192 8192 8192 8192 8192 8192 8192 9794 11740 13573 15306 629 2316 3907 5043 5579 5839 5999 6090 6156 6199 6189 6191 6230 6270 6304 5200 3630 2048 358 14974 13163 11346 9577 8192 8192 8192 8192 8192 8192 8192 8192 8192 10123 12044 13856 15591 915 2601 4154 5198 5656 5894 6043 6148 6215 6269 6302 6302 6291 5354 3784 2191 499 15114 13310 11467 9713 8192 8192 8192 8192 8192 8192 8192 8192 8192 8434 10638 12524 14303 16021 1346 3014 4479 5355 5746 5944 6084 6185 6255 6314 6344 6323 4914 3291 1678 16343 14565 12757 10941 9228 8192 8192 8192 8192 8192 8192 8192 8192 8192 8525 10688 12565 14342 16055 1379 191 15059 305 1223 
0 2468 2512 2402 2022 1680 1678 1697 1726 1909 2165 2390 2386 2144 2129 2373 2562 2607 2436 2387 2474 2507 2388 2242 2343 2439 2317 2071 2004 2224 2418 2320 2122 2092 2244 2452 2341 1703 590 15892 16011 1036 2791 4331 5501 6084 6198 6274 6263 6256 6260 6219 6172 6126 6061 5982 4877 3477 1841 113 14745 13001 11294 9701 8274 9196 9296 9639 11696 13659 15358 738 2385 3991 5150 5740 5981 6037 6078 6135 6169 6203 6263 6307 6338 6358 6356 6334 5995 4486 2910 1352 16046 14286 12468 10668 8967 8192 8192 8192 8192 8192 8192 9992 11940 13760 15497 825 2507 4085 5135 5610 5855 5980 6057 6076 6060 6113 6164 6223 6258 6292 6310 6326 6331 6164 4650 3047 1488 16169 14388 12566 10719 9006 8192 8192 8192 8192 8192 8192 8192 9787 11730 13556 15288 622 2308 3899 5040 5578 5834 5987 6086 6138 6167 6153 6172 6227 6264 6294 6146 4628 3016 1416 16077 14299 12477 10663 8951 8192 8192 8192 8192 8192 8192 8192 8192 8990 11053 12916 14678 9 1714 3356 4724 5453 5777 5969 6097 6188 6229 6287 6303 6281 6279 4985 3356 1760 38 14649 12815 10987 9255 8192 8192 8192 8192 8192 8192 8192 8192 8192 8884 10965 12831 14602 16313 1629 3282 4687 5446 5775 5979 6109 6197 6260 6316 6358 5869 4378 2786 1122 15756 13973 12149 10358 8690 8192 8192 8192 8192 8192 8192 8192 8192 8192 8661 10786 12665 14432 16145 1467 3140 4591 5410 5768 5961 6098 196 15028 305 1223 
0 2384 2473 2545 2364 2402 2419 2473 2594 2449 2456 2532 2479 2552 2444 2370 2505 2438 2515 2492 2356 2459 2438 2493 2588 2481 2502 2448 2393 2503 2462 2463 2451 2375 2532 2512 2422 2280 1454 423 16225 603 2310 3926 5213 5905 6084 6191 6260 6253 6240 6204 6170 6119 6063 5985 5135 3728 2134 402 15034 13312 11598 9984 8515 9306 9913 12211 13999 15744 1091 2792 4303 5319 5806 6015 6052 6107 6148 6202 6253 6300 6340 6368 6366 6365 6344 6294 5814 4294 2728 1170 15860 14081 12259 10457 8779 8192 8192 8192 9327 10667 11729 12201 14335 16101 1452 3099 4533 5388 5770 5928 5949 5988 6044 6085 6142 6204 6260 6300 6342 6370 6386 6404 6412 6416 6405 6269 4824 3269 1749 111 14752 12938 11094 9346 8192 8192 8192 8192 8192 8192 8950 10993 12873 14655 16370 1692 3331 4687 5400 5735 5919 6017 6086 6075 6093 6128 6185 6233 6263 6295 6310 6316 5446 3923 2356 729 15382 13583 11761 9980 8345 8192 8192 8192 8192 8192 8192 8192 9626 11583 13418 15161 488 2187 3793 4977 5556 5822 5994 6104 6169 6203 6211 6202 6231 6268 6290 4962 3332 1743 35 14649 12829 11020 9280 8192 8192 8192 8192 8192 8192 8192 8192 8192 10111 12033 13836 15569 890 2574 4137 5178 5655 5893 6044 6150 6224 6288 6323 6329 6311 5081 3465 1862 145 14773 12948 11136 9397 8192 8192 8192 8192 8192 8192 8192 8192 8192 8540 10678 12582 14337 16067 1374 3037 4505 201 12901 305 1223 
0 1390 1185 1209 1332 1368 1485 1319 1357 1592 1488 1467 1185 1030 1268 1093 990 1006 889 1254 1356 1370 1540 1407 1645 1727 1486 1497 1335 1324 1465 1157 927 10 15046 15150 93 1918 3581 4943 5894 6207 6188 6212 6211 6212 6226 6184 6159 6147 6095 6022 5009 3593 1996 268 14885 13106 11339 9653 8192 8192 8192 8192 8859 10927 12353 13532 15426 765 2512 4066 5151 5642 5868 5961 5977 6002 6060 6120 6182 6224 6261 6282 6306 6327 6326 6313 6291 6273 6204 5028 3518 1985 374 15014 13200 11360 9573 8192 8192 8192 8192 8192 8192 8192 8192 10285 12196 14000 15742 1070 2745 4261 5207 5643 5864 6010 6091 6153 6192 6173 6167 6191 6233 6260 5333 3781 2211 541 15194 13383 11552 9780 8192 8192 8192 8192 8192 8192 8192 8192 8192 8192 10119 12054 13843 15573 892 2575 4137 5176 5652 5893 6044 6152 6218 6285 6330 6361 6177 4684 3082 1442 16092 14319 12492 10675 8982 8192 8192 8192 8192 8192 8192 8192 8192 8192 8192 8326 10546 12434 14214 15938 1254 2922 4423 5333 5737 5951 6092 6180 6261 6332 5385 3829 2233 520 15158 13410 11495 9826 8225 8192 8192 8192 8192 8192 8192 8192 8192 8192 8192 8192 10227 12135 13929 15649 976 2657 4228 5247 5700 5933 6078 6186 6266 5201 3657 2070 372 15016 13240 11472 9717 8192 8192 8192 8192 8192 8192 8192 8192 8192 8192 8192 8192 9720 11666 13491 15225 556 2244 3855 5061 5631 5894 6057 212 5909 305 1223 
0 8192 8192 8192 8192 8579 10724 12610 14385 16107 1429 3086 4552 5394 5759 5963 6096 6190 6258 6307 6342 6359 5451 3888 2296 596 15231 13414 11575 9799 8194 8192 8192 8192 8192 8192 8192 8192 8192 8192 10449 12334 14128 15861 1178 2852 4362 5302 5713 5940 6088 6173 6247 6306 6334 6351 5713 4184 2599 926 15566 13761 11921 10132 8488 8192 8192 8192 8192 8192 8192 8192 8192 8192 10210 12108 13909 15635 963 2643 4202 5223 5685 5904 6055 6177 6243 6293 6331 6355 5994 4481 2875 1218 15854 14051 12233 10428 8741 8192 8192 8192 8192 8192 8192 8192 8192 8192 9819 11747 13575 15300 629 2318 3908 5084 5619 5881 6041 6150 6237 6280 6330 6363 6275 4864 3240 1617 16277 14492 12659 10836 9132 8192 8192 8192 8192 8192 8192 8192 8192 8192 9422 11384 13230 14972 302 1997 3626 4904 5550 5840 6018 6129 6216 6279 6311 6348 6349 5210 3627 2029 314 14921 13111 11279 9507 8192 8192 8192 8192 8192 8192 8192 8192 8192 8801 10923 12792 14582 16281 1597 3253 4666 5429 5781 5974 6106 6195 6260 6323 6346 6346 5645 4113 2530 855 15485 13682 11862 10073 8428 8192 8192 8192 8192 8192 8192 8192 8192 8192 10410 12284 14067 15786 1102 2771 4311 5275 5707 5932 6073 6177 6245 6298 6326 6339 6176 4692 3086 1453 16102 14300 12476 10660 8947 8192 8192 8192 8192 8192 8192 8192 8192 8192 9706 11655 13481 15223 555 2248 3859 5050 5602 5869 6034 6138 6223 217 5731 305 1223 
0 8192 8192 8192 8192 8192 8192 8192 10083 12009 13814 15527 851 2541 4115 5190 5664 5907 6059 6173 6253 6312 6362 5215 3628 2022 306 14921 13187 11198 9688 8192 8192 8192 8192 8192 8192 8192 8192 8192 8192 9448 11438 13267 15016 340 2032 3661 4933 5558 5848 6019 6144 6223 6284 6344 5674 4180 2593 902 15543 13736 11909 10147 8501 8192 8192 8192 8192 8192 8192 8192 8192 8192 8675 10807 12679 14453 16174 1496 3163 4603 5414 5775 5973 6108 6191 6279 6329 6143 4705 3108 1455 16093 14308 12493 10702 8986 8192 8192 8192 8192 8192 8192 8192 8192 8192 8192 10148 12071 13872 15592 912 2588 4144 5203 5671 5914 6068 6171 6254 6309 6369 5238 3648 2049 334 14964 13160 11339 9593 8192 8192 8192 8192 8192 8192 8192 8192 8192 8192 9520 11486 13326 15064 392 2082 3708 4960 5575 5855 6032 6145 6226 6293 6343 5699 4207 2626 936 15566 13779 11959 10175 8540 8192 8192 8192 8192 8192 8192 8192 8192 8192 8723 10839 12707 14478 16190 1512 3171 4623 5426 5768 5964 6103 6198 6279 6335 6202 4776 3186 1545 16191 14410 12593 10801 9123 8192 8192 8192 8192 8192 8192 8192 8192 8192 8192 10188 12108 13908 15632 947 2634 4184 5220 5681 5916 6065 6175 6257 6312 6363 5329 3765 2171 459 15063 13261 11427 9673 8192 8192 8192 8192 8192 8192 8192 8192 8192 8192 9398 11387 13228 14971 298 1999 3630 4917 5551 5848 6018 6145 6235 6286 6349 5863 4399 222 4146 305 1223 
0 8192 8192 8192 8192 8777 10910 12778 14542 16261 1587 3234 4648 5430 5780 5979 6108 6198 6266 6311 6342 6348 5426 3863 2277 583 15203 13409 11585 9808 8212 8192 8192 8192 8192 8192 8192 8192 8192 8523 10740 12601 14369 16080 1400 3063 4534 5373 5755 5957 6092 6190 6261 6305 6339 6351 5677 4154 2568 894 15529 13725 11890 10109 8468 8192 8192 8192 8192 8192 8192 8192 8192 8192 10411 12285 14075 15798 1120 2799 4287 5309 5680 5949 6048 6191 6232 6302 6324 6355 6069 4584 2965 1330 15963 14180 12338 10548 8867 8192 8192 8192 8192 8192 8192 8192 8192 8192 9942 11873 13690 15432 757 2442 4020 5130 5644 5894 6047 6157 6237 6289 6323 6341 6320 5029 3408 1797 87 14698 12881 11047 9321 8192 8192 8192 8192 8192 8192 8192 8192 8192 9329 11377 13197 14952 290 1986 3619 4903 5544 5838 6016 6132 6212 6274 6315 6335 6320 5573 4026 2443 747 15375 13572 11732 9944 8329 8192 8192 8192 8192 8192 8192 8192 8192 8435 10674 12552 14318 16035 1370 3035 4508 5369 5746 5960 6090 6188 6264 6308 6336 6326 6243 4782 3169 1541 16191 14416 12593 10776 9062 8192 8192 8192 8192 8192 8192 8192 8192 8192 9806 11804 13589 15319 642 2336 3929 5087 5616 5875 6047 6149 6229 6285 6321 6337 6316 5537 4003 2424 740 15376 13567 11727 9946 8332 8192 8192 8192 8192 8192 8192 8192 8192 8661 10793 12704 14473 16183 1507 3166 4598 5406 5769 5972 6102 6189 227 2638 305 1223 
0 2512 2450 2179 1907 2152 2515 2604 2139 1728 2067 2672 2869 2090 1642 1719 2426 2898 2491 1935 1817 2276 2614 2310 1836 1985 2407 2653 2302 1827 1851 2242 2621 2576 2198 1971 2064 2152 1263 16275 15856 588 2378 4001 5253 5976 6121 6203 6215 6194 6188 6167 6130 6075 6020 5954 5362 3933 2354 625 15265 13509 11798 10165 8648 9048 9312 9405 10678 12866 14646 16382 1684 3335 4741 5548 5933 6019 6043 6090 6144 6185 6218 6277 6309 6315 6313 6295 6235 5111 3607 2062 434 15086 13288 11478 9711 8192 8192 8192 8192 8192 8192 8692 10897 12750 14525 16245 1556 3231 4624 5388 5728 5919 6016 6073 6075 6090 6129 6181 6232 6254 6284 6296 6303 6293 5868 4314 2728 1153 15835 14043 12199 10373 8691 8192 8192 8192 8192 8192 8192 8192 10128 12053 13863 15595 919 2610 4150 5162 5624 5865 6009 6095 6142 6153 6155 6176 6220 6260 6283 6023 4488 2886 1276 15943 14150 12333 10524 8815 8192 8192 8192 8192 8192 8192 8192 8192 9096 11142 12988 14749 86 1781 3433 4773 5467 5774 5977 6099 6177 6232 6283 6292 6281 6262 5058 3435 1832 120 14741 12922 11101 9346 8192 8192 8192 8192 8192 8192 8192 8192 8192 8701 10828 12707 14476 16188 1507 3173 4604 5407 5761 5961 6092 6185 6264 6306 6345 6191 4717 3108 1461 16102 14324 12501 10694 8998 8192 8192 8192 8192 8192 8192 8192 8192 8192 8192 10375 12283 14072 15788 1105 2792 4326 5273 5712 5932 232 830 305 1223 
0 8192 8192 8192 8192 8192 9193 11210 13063 14821 152 1842 3488 4824 5512 5817 6002 6127 6212 6276 6323 6358 5924 4411 2820 1158 15800 14017 12181 10388 8709 8192 8192 8192 8192 8192 8192 8192 8192 8192 9616 11572 13401 15144 482 2175 3789 5018 5586 5871 6039 6146 6228 6287 6334 6369 5732 4207 2624 938 15572 13779 11934 10130 8483 8192 8192 8192 8192 8192 8192 8192 8192 8192 9898 11832 13644 15379 700 2392 3978 5114 5634 5880 6044 6161 6238 6292 6337 6370 5598 4052 2467 773 15409 13611 11780 10022 8390 8192 8192 8192 8192 8192 8192 8192 8192 8192 10187 12099 13892 15610 931 2611 4172 5208 5671 5914 6063 6164 6236 6303 6348 6361 5491 3943 2368 663 15292 13481 11661 9888 8274 8192 8192 8192 8192 8192 8192 8192 8192 8192 10343 12243 14035 15761 1089 2764 4300 5273 5707 5931 6076 6165 6249 6298 6338 6366 5440 3878 2291 589 15211 13399 11554 9804 8201 8192 8192 8192 8192 8192 8192 8192 8192 8192 10437 12338 14119 15847 1178 2850 4369 5298 5722 5936 6087 6180 6249 6312 6340 6362 5440 3875 2287 579 15208 13394 11579 9790 8222 8192 8192 8192 8192 8192 8192 8192 8192 8231 10509 12387 14176 15893 1213 2889 4402 5321 5722 5942 6080 6176 6260 6308 6348 6353 5496 3947 2363 667 15279 13465 11621 9849 8239 8192 8192 8192 8192 8192 8192 8192 8192 8192 10440 12330 14122 15846 1167 2848 4366 5292 5718 5939 6081 6180 6253 6305 241 10326 305 1223 
0 8192 8192 10313 12225 14031 15767 1095 2760 4275 5210 5645 5860 6007 6094 6147 6183 6183 6168 6200 6244 6263 5288 3724 2154 488 15114 13302 11463 9692 8192 8192 8192 8192 8192 8192 8192 8192 8192 8192 10346 12243 14031 15749 1068 2734 4270 5243 5682 5914 6045 6149 6235 6284 6327 6350 6067 4564 2968 1327 15971 14193 12376 10572 8879 8192 8192 8192 8192 8192 8192 8192 8192 8192 8192 8644 10773 12651 14425 16134 1444 3107 4568 5393 5768 5958 6098 6194 6270 6342 5259 3677 2083 366 14983 13195 11395 9662 8192 8192 8192 8192 8192 8192 8192 8192 8192 8192 8192 8207 10468 12355 14142 15856 1182 2856 4381 5312 5736 5953 6103 6195 6226 4975 3431 1836 133 14762 12986 11194 9495 8192 8192 8192 8192 8192 8192 8192 8192 8192 8192 8192 8192 9997 11921 13731 15457 779 2473 4058 5166 5667 5923 6076 6191 5860 4518 3006 1376 16040 14299 12510 10747 9081 8192 8192 8192 8192 8192 8192 8192 8192 8192 8192 8192 8227 10472 12368 14149 15864 1191 2873 4398 5337 5758 5962 6106 6210 5499 4059 2530 863 15526 13758 11981 10248 8619 8192 8192 8192 8192 8192 8192 8192 8192 8192 8192 8192 9312 11303 13146 14887 217 1912 3559 4889 5550 5857 6028 6151 6242 5217 3696 2127 431 15073 13311 11521 9794 8246 8192 8192 8192 8192 8192 8192 8192 8192 8192 8192 8192 10235 12140 13930 15649 971 2654 4218 5239 5709 5947 6087 6202 6161 4870 3353 1745 39 247 467 305 1223 
0 2434 2425 2318 2441 2360 2286 2412 2302 2374 2462 2390 2507 2559 2401 2600 2396 2400 2324 2296 2444 2446 2437 2253 2328 2309 2466 2482 2333 2395 2369 2512 2499 2424 2364 2417 2315 2095 1083 16299 16034 819 2566 4142 5353 6035 6180 6294 6333 6312 6301 6267 6225 6168 6108 5964 4676 3263 1609 16263 14506 12769 11108 9514 8332 9409 10175 12477 14259 15988 1340 3033 4503 5419 5848 6035 6063 6100 6159 6209 6272 6324 6374 6398 6405 6400 6390 6345 5471 3974 2425 827 15496 13706 11883 10099 8478 8192 8192 8192 9262 10758 11929 12572 14765 128 1831 3468 4793 5497 5809 5935 5956 5990 6034 6100 6151 6215 6260 6306 6337 6363 6389 6406 6428 6430 6389 5065 3527 2007 379 15028 13216 11374 9608 8192 8192 8192 8192 8192 8192 8192 10409 12319 14120 15855 1176 2856 4346 5249 5666 5876 6007 6077 6100 6096 6119 6171 6228 6268 6299 6311 6253 4786 3184 1616 16298 14534 12712 10902 9167 8192 8192 8192 8192 8192 8192 8192 8192 10305 12207 14005 15727 1057 2734 4271 5225 5664 5891 6032 6126 6186 6218 6227 6214 6251 6288 5290 3725 2141 457 15077 13269 11441 9677 8192 8192 8192 8192 8192 8192 8192 8192 8192 9441 11427 13273 15015 342 2036 3664 4916 5554 5830 6006 6125 6192 6266 6305 6336 6311 4979 3364 1748 30 14650 12838 11024 9279 8192 8192 8192 8192 8192 8192 8192 8192 8192 8595 10738 12619 14388 16103 1427 3080 4544 5380 5754 251 13260 305 1223 
0 2401 2336 2502 2482 2487 2345 2200 2267 2370 2478 2618 2654 2705 2802 2698 2636 2456 2360 2307 2152 2161 2177 2187 2255 2253 2436 2614 2595 2571 2430 2502 2709 2658 2580 2394 2188 1943 803 16091 16182 1172 2930 4442 5562 6112 6219 6309 6320 6307 6299 6260 6217 6155 6100 5925 4531 3077 1425 16070 14323 12597 10911 9322 8553 9474 9783 11927 13765 15515 870 2579 4122 5222 5769 6007 6040 6093 6141 6190 6246 6302 6342 6374 6409 6406 6396 6368 5900 4378 2813 1258 15942 14173 12343 10543 8868 8192 8192 8192 8192 8192 10408 12291 14176 15891 1224 2900 4390 5286 5692 5885 5994 6010 6012 6064 6133 6187 6237 6275 6305 6321 6352 6362 6384 6387 6233 4731 3155 1618 16330 14565 12746 10919 9182 8192 8192 8192 8192 8192 8192 8971 11025 12884 14657 16378 1696 3344 4692 5416 5742 5923 6031 6086 6092 6098 6129 6194 6240 6280 6305 6320 5783 4251 2679 1070 15737 13958 12136 10312 8656 8192 8192 8192 8192 8192 8192 8192 8522 10681 12569 14339 16056 1375 3038 4506 5342 5725 5927 6062 6142 6191 6232 6237 6233 6256 6282 4956 3336 1745 27 14638 12830 11028 9271 8192 8192 8192 8192 8192 8192 8192 8192 8192 9811 11755 13579 15315 636 2331 3926 5072 5607 5862 6030 6137 6211 6276 6318 6345 6222 4746 3143 1520 16172 14393 12579 10762 9053 8192 8192 8192 8192 8192 8192 8192 8192 8192 8875 10964 12844 14606 16313 1622 3274 4679 5447 5791 256 12008 305 1223 
0 2477 2426 2294 2218 2107 2132 2332 2393 2403 2294 2156 2319 2435 2476 2505 2362 2360 2416 2265 2307 2211 2226 2408 2282 2313 2341 2307 2447 2403 2362 2428 2331 2345 2289 2170 2187 1797 812 16166 16161 1212 2981 4485 5600 6178 6361 6349 6464 6374 6424 6335 6330 6247 6192 5826 4382 2887 1223 15857 14114 12406 10717 9163 8760 9503 10218 12509 14279 16008 1361 3047 4504 5419 5849 6032 6062 6109 6166 6208 6263 6317 6365 6415 6439 6448 6447 6439 5463 3964 2430 822 15495 13725 11897 10121 8517 8192 8192 8192 8642 10586 12424 13987 15841 1187 2868 4365 5276 5689 5887 5963 5983 6011 6066 6125 6185 6247 6283 6303 6352 6365 6398 6419 6429 6429 5319 3804 2273 663 15316 13512 11675 9897 8283 8192 8192 8192 8192 8192 8192 10270 12183 13996 15730 1049 2716 4249 5211 5644 5879 5996 6073 6108 6085 6127 6178 6223 6273 6292 6328 6168 4642 3039 1454 16126 14373 12541 10707 9014 8192 8192 8192 8192 8192 8192 8192 8259 10484 12377 14165 15891 1204 2874 4365 5286 5697 5919 6051 6128 6194 6218 6216 6225 6263 6300 5035 3418 1828 130 14751 12926 11116 9366 8192 8192 8192 8192 8192 8192 8192 8192 8192 9935 11863 13684 15420 743 2432 4015 5123 5628 5878 6034 6147 6226 6273 6322 6335 6051 4552 2952 1316 15950 14171 12358 10562 8847 8192 8192 8192 8192 8192 8192 8192 8192 8192 9392 11390 13239 14975 303 1999 3625 4904 5546 5836 6016 261 11290 305 1223 
0 2364 2278 2390 2476 2396 2333 2286 2404 2499 2478 2306 2248 2370 2399 2481 2355 2180 2376 2369 2395 2383 2139 2284 2367 2380 2534 2341 2286 2495 2364 2453 2407 2227 2440 2398 2261 1809 566 15998 16233 1254 3021 4510 5624 6153 6280 6332 6316 6317 6310 6273 6229 6179 6117 5972 4619 3182 1521 16164 14436 12711 11016 9438 8372 9486 9582 9986 12244 14076 15829 1177 2846 4350 5364 5837 6016 6053 6096 6151 6194 6235 6293 6350 6386 6403 6407 6392 6305 4891 3336 1807 142 14787 12977 11163 9431 8192 8192 8192 8192 8192 8192 9643 11633 13455 15205 541 2231 3846 5006 5551 5817 5963 6048 6066 6067 6105 6157 6215 6255 6293 6319 6328 6353 6350 5308 3767 2217 581 15236 13430 11585 9806 8209 8192 8192 8192 8192 8192 8192 9038 11092 12946 14710 53 1746 3389 4730 5434 5765 5942 6054 6122 6152 6141 6151 6207 6259 6290 6319 5359 3810 2240 568 15212 13413 11586 9806 8215 8192 8192 8192 8192 8192 8192 8192 8192 10249 12150 13957 15681 1009 2688 4231 5217 5666 5896 6046 6147 6213 6264 6281 6284 6279 5762 4229 2652 990 15624 13822 12011 10216 8565 8192 8192 8192 8192 8192 8192 8192 8192 8192 10039 11956 13772 15503 820 2503 4077 5163 5645 5892 6046 6155 6228 6292 6338 6359 5358 3750 2156 444 15073 13262 11439 9693 8192 8192 8192 8192 8192 8192 8192 8192 8192 8192 9721 11681 13501 15240 564 2258 3863 5050 5606 5878 6038 271 2678 305 1223 
0 1424 1556 1410 1522 1513 1400 1547 1448 1461 1613 1430 1519 1554 1430 1608 1428 1399 1475 1333 1469 1397 1217 1353 1385 1609 1849 1752 1858 1841 1731 1701 1347 685 15797 14467 14953 230 2012 3650 4985 5918 6314 6395 6418 6419 6421 6439 6407 6383 6345 6295 5966 4512 2981 1378 16035 14289 12510 10785 9149 8192 8192 8192 8758 10406 12048 13646 15496 776 2480 4083 5159 5671 5896 5940 5967 6016 6062 6114 6172 6237 6283 6325 6363 6384 6416 6421 6429 6437 5476 3964 2422 831 15481 13689 11851 10059 8409 8192 8192 8192 8192 8192 8192 8192 10287 12200 14009 15734 1060 2744 4252 5213 5643 5859 6001 6093 6146 6173 6154 6177 6218 6265 6284 5000 3388 1810 112 14732 12913 11094 9342 8192 8192 8192 8192 8192 8192 8192 8192 8192 9018 11118 12867 14740 16371 1743 3361 4751 5452 5788 5965 6098 6186 6253 6310 6353 6363 5143 3513 1910 194 14808 13001 11165 9425 8192 8192 8192 8192 8192 8192 8192 8192 8192 8192 8192 10240 12154 13953 15679 998 2685 4235 5234 5691 5912 6077 6183 6257 6220 4884 3323 1703 16364 14603 12807 11020 9319 8192 8192 8192 8192 8192 8192 8192 8192 8192 8192 8192 8702 10819 12700 14456 16171 1492 3163 4616 5427 5787 5985 6117 6220 5462 3981 2436 763 15414 13667 11889 10167 8564 8192 8192 8192 8192 8192 8192 8192 8192 8192 8192 8192 9020 11070 12927 14682 6 1702 3348 4754 5490 5826 6015 6143 5836 4498 276 3384 305 1223 
0 1579 1662 1617 1597 1629 1626 1622 1601 1487 1528 1609 1597 1585 1609 1543 1600 1577 1540 1627 1614 1606 1555 1539 1567 1632 1610 1534 1594 1634 1582 1626 1439 1386 1324 296 15463 15101 16208 1686 3358 4777 5798 6289 6379 6404 6404 6394 6408 6393 6361 6328 6273 6181 4858 3394 1802 79 14709 12939 11188 9540 8192 8192 8197 8755 10102 11732 13501 15319 659 2354 3937 5097 5661 5902 5946 5983 6039 6073 6110 6180 6246 6301 6343 6364 6392 6405 6332 4899 3316 1778 118 14741 12923 11119 9368 8192 8192 8192 8192 8192 8192 8192 9389 11377 13228 14978 316 2010 3619 4870 5493 5797 6006 6010 6168 6131 6174 6150 6205 6236 6287 6038 4506 2904 1290 15944 14174 12351 10526 8836 8192 8192 8192 8192 8192 8192 8192 8192 8192 10045 11958 13769 15495 811 2498 4064 5149 5639 5878 6033 6139 6216 6283 6317 6347 6198 4716 3107 1474 16132 14353 12540 10732 9021 8192 8192 8192 8192 8192 8192 8192 8192 8192 8192 9142 11178 13021 14779 103 1804 3445 4797 5495 5812 6003 6120 6224 6287 6086 4685 3119 1478 16134 14372 12577 10775 9097 8192 8192 8192 8192 8192 8192 8192 8192 8192 8192 8192 9705 11649 13474 15199 520 2217 3836 5047 5619 5885 6047 6158 6250 5355 3831 2278 583 15230 13465 11679 9956 8367 8192 8192 8192 8192 8192 8192 8192 8192 8192 8192 8192 9982 11913 13728 15456 783 2477 4069 5175 5680 5922 6077 6185 5750 4377 2869 281 1465 305 1223 
0 2495 2505 2407 2398 2557 2608 2674 2631 2536 2526 2471 2423 2402 2437 2536 2517 2522 2427 2415 2546 2531 2558 2525 2417 2555 2530 2463 2510 2396 2484 2583 2459 2476 2436 2407 2575 2419 1890 937 16149 78 1539 3242 4694 5728 6091 6162 6283 6300 6288 6260 6226 6176 6113 6047 5520 4082 2566 869 15513 13775 12075 10433 8887 9111 9799 12075 13869 15596 928 2625 4190 5247 5776 6019 6063 6103 6159 6206 6257 6304 6350 6405 6390 6402 6385 6337 6100 4581 3051 1497 16225 14449 12661 10852 9139 8192 8192 8700 9930 11022 11824 13389 15283 641 2344 3945 5086 5658 5913 5950 5988 6041 6096 6145 6197 6251 6305 6349 6385 6406 6422 6437 6436 6415 5592 4102 2547 983 15659 13872 12030 10234 8578 8192 8192 8192 8192 8192 8238 10536 12407 14204 15939 1271 2941 4410 5281 5679 5884 5998 6068 6072 6069 6124 6177 6231 6266 6298 6318 6334 6349 5496 3978 2416 799 15451 13660 11823 10024 8404 8192 8192 8192 8192 8192 8192 8505 10662 12546 14335 16055 1380 3036 4500 5333 5713 5917 6048 6107 6160 6154 6157 6199 6245 6287 6321 5400 3851 2283 615 15259 13453 11628 9857 8253 8192 8192 8192 8192 8192 8192 8192 8336 10561 12454 14239 15956 1281 2955 4440 5318 5717 5927 6065 6157 6216 6266 6271 6265 6268 5679 4139 2551 877 15518 13714 11884 10102 8446 8192 8192 8192 8192 8192 8192 8192 8192 8606 10754 12643 14417 16139 1461 3118 4572 5399 286 1018 305 1223 
0 1807 1961 1865 1810 1861 1761 1815 1726 1567 1697 1691 1718 1790 1683 1708 1851 1753 1824 1791 1659 1850 1728 1693 1823 1740 1884 1892 1664 1646 1619 1664 1884 1825 1686 1740 1454 960 16257 15387 16345 1849 3486 4909 5876 6323 6387 6387 6389 6397 6395 6378 6343 6305 6274 6187 5014 3576 1987 263 14894 13132 11379 9716 8239 8280 8396 8816 10134 11987 13865 15650 969 2647 4193 5241 5719 5926 5955 5998 6049 6092 6138 6202 6256 6300 6357 6371 6393 6401 6187 4674 3083 1540 16236 14469 12652 10829 9133 8192 8192 8192 8192 8192 8192 8192 10081 12006 13812 15539 862 2550 4100 5136 5621 5853 5999 6085 6126 6144 6135 6160 6214 6260 6302 6230 4746 3130 1543 16210 14443 12614 10803 9081 8192 8192 8192 8192 8192 8192 8192 8192 8192 10073 11995 13808 15545 871 2552 4118 5170 5638 5883 6036 6149 6218 6276 6321 6341 6325 5385 3789 2196 505 15131 13316 11498 9728 8192 8192 8192 8192 8192 8192 8192 8192 8192 8192 8725 10850 12710 14478 16197 1519 3190 4623 5412 5768 5973 6103 6200 6274 6340 5949 4497 2920 1249 15899 14111 12310 10529 8847 8192 8192 8192 8192 8192 8192 8192 8192 8192 8192 8301 10522 12409 14193 15906 1228 2894 4405 5329 5735 5955 6097 6194 6280 5613 4159 2611 926 15575 13819 12017 10270 8628 8192 8192 8192 8192 8192 8192 8192 8192 8192 8192 8192 10183 12093 13884 15614 935 2623 4190 5227 5694 5933 6090 6187 290 13535 305 1223 
0 2344 2649 2601 1711 1729 2308 2710 2584 1667 1644 2287 2716 2673 1924 1663 2187 2604 2705 2176 1727 1969 2293 2419 2258 1961 2035 2279 2364 2299 2080 2036 2281 2472 2413 2201 2051 1980 1435 227 15846 436 2222 3864 5167 5925 6073 6145 6130 6129 6128 6098 6061 6005 5959 5913 5322 3888 2288 554 15185 13452 11725 10086 8563 9219 9484 9142 9317 11497 13382 15170 471 2185 3784 5051 5693 5973 6014 6058 6101 6140 6168 6204 6241 6277 6274 6254 6217 6017 4526 2966 1420 16121 14356 12539 10732 9009 8192 8192 8192 8192 8192 8192 9053 11124 12981 14740 82 1783 3419 4743 5439 5761 5930 6039 6085 6090 6085 6126 6174 6222 6257 6271 6276 6273 6257 5813 4273 2678 1095 15767 13990 12153 10322 8638 8192 8192 8192 8192 8192 8192 8192 9882 11834 13656 15393 705 2389 3964 5072 5581 5846 5994 6085 6146 6169 6158 6167 6212 6240 6275 6237 4832 3217 1626 16311 14541 12727 10891 9164 8192 8192 8192 8192 8192 8192 8192 8192 8307 10525 12419 14203 15919 1236 2906 4405 5303 5708 5912 6056 6151 6210 6258 6295 6288 6278 5609 4073 2491 820 15463 13672 11841 10040 8413 8192 8192 8192 8192 8192 8192 8192 8192 8192 9974 11907 13721 15445 775 2461 4039 5139 5635 5881 6048 6150 6235 6286 6333 6362 5609 4069 2487 797 15420 13607 11772 10004 8394 8192 8192 8192 8192 8192 8192 8192 8192 8192 9100 11147 13000 14745 72 1778 3429 4780 5493 300 1757 305 1223 
0 2393 2467 2484 2316 2116 2202 2319 2416 2498 2520 2701 2851 2746 2544 2361 2371 2454 2286 2029 1939 2013 2298 2453 2383 2407 2427 2500 2538 2391 2412 2569 2596 2562 2368 2188 2235 2184 1576 461 15830 170 1885 3557 4933 5844 6143 6241 6297 6293 6276 6252 6222 6179 6113 6037 5179 3770 2185 470 15111 13387 11671 10049 8552 9235 9663 11718 13564 15302 654 2375 3950 5119 5715 5992 6056 6085 6134 6188 6233 6286 6331 6372 6404 6398 6381 6356 6119 4618 3070 1534 16245 14482 12682 10856 9155 8192 8192 8192 8192 9584 11476 13078 14899 283 1977 3609 4858 5515 5793 5932 5969 5986 6031 6090 6145 6216 6257 6294 6319 6338 6372 6384 6392 6401 6370 5134 3606 2080 464 15113 13312 11457 9695 8192 8192 8192 8192 8192 8192 8192 10396 12303 14099 15832 1161 2850 4336 5243 5659 5867 6001 6072 6102 6083 6116 6174 6218 6258 6294 6307 6222 4736 3126 1548 16236 14477 12638 10817 9093 8192 8192 8192 8192 8192 8192 8192 8192 10195 12098 13913 15639 972 2647 4186 5198 5658 5883 6026 6131 6185 6232 6229 6224 6253 6279 5247 3661 2080 390 15020 13211 11375 9611 8192 8192 8192 8192 8192 8192 8192 8192 8192 9396 11382 13234 14984 316 2004 3641 4908 5537 5827 6005 6125 6205 6260 6311 6336 6310 4976 3357 1741 21 14624 12810 10992 9263 8192 8192 8192 8192 8192 8192 8192 8192 8192 8524 10700 12584 14365 16089 1409 3067 4540 5378 5751 0 2695 305 1428 
0 2690 2670 2581 2795 2661 2686 2364 1497 419 16374 979 2670 4228 5420 5905 5716 5765 6032 6187 6215 6279 6261 6236 6209 6151 6021 4811 3391 1772 63 14751 13069 11426 9849 12096 13850 15441 15359 66 1918 3613 4899 5695 6066 6185 6221 6284 6323 6358 6401 6440 6454 6443 6404 5916 4430 2895 1344 16041 14301 12514 10769 9124 8517 8976 9575 10509 11717 13839 15600 916 2601 4165 5232 5783 5979 6036 6079 6132 6173 6220 6275 6330 6385 6432 6457 6465 6394 4948 3384 1852 185 14818 13015 11195 9482 8192 8192 8192 8192 8192 8195 10442 12367 14164 15899 1230 2914 4394 5281 5683 5895 6005 6043 6046 6063 6125 6185 6248 6278 6310 6338 6358 6381 6390 5425 3891 2339 710 15357 13560 11725 9940 8323 8192 8192 8192 8192 8192 8192 9774 11726 13546 15287 613 2309 3910 5036 5570 5831 5984 6069 6118 6109 6133 6167 6225 6272 6305 6334 5632 4087 2512 875 15528 13746 11897 10117 8476 8192 8192 8192 8192 8192 8192 8192 8795 10903 12775 14545 16261 1578 3232 4642 5407 5757 5955 6083 6155 6208 6241 6241 6237 6270 5898 4375 2787 1146 15799 14013 12189 10379 8714 8192 8192 8192 8192 8192 8192 8192 8192 8754 10861 12733 14501 16213 1535 3184 4611 5411 5756 5959 6095 6187 6241 6294 6325 6318 5500 3944 2369 680 15308 13516 11681 9911 8308 8192 8192 8192 8192 8192 8192 8192 8192 8355 10564 12453 14236 15961 1285 2945 4440 5338 5735 5947 6088 5 670 305 1428 
0 8192 8192 9964 11900 13749 15471 799 2488 4069 5161 5659 5907 6059 6163 6229 6260 6279 6275 6295 6331 5359 3783 2190 481 15095 13287 11453 9685 8192 8192 8192 8192 8192 8192 8192 8192 8192 10025 11916 13840 15536 864 2550 4117 5187 5661 5908 6062 6169 6228 6272 6281 6268 6295 6330 5940 4391 2776 1137 15774 13979 12123 10326 8653 8192 8192 8192 8192 8192 8192 8192 8192 9362 11296 13210 14959 297 1995 3631 4917 5548 5841 6014 6131 6205 6243 6275 6253 6276 6316 6359 5156 3548 1953 240 14856 13032 11195 9448 8192 8192 8192 8192 8192 8192 8192 8192 8371 10555 12432 14310 16002 1323 2991 4472 5348 5749 5953 6096 6173 6228 6268 6248 6259 6294 6334 6047 4492 2887 1257 15908 14124 12286 10472 8784 8192 8192 8192 8192 8192 8192 8192 8192 9502 11434 13324 15092 403 2108 3728 4970 5573 5852 6033 6138 6202 6243 6251 6249 6268 6304 6360 5565 3993 2403 727 15352 13543 11721 9935 8317 8192 8192 8192 8192 8192 8192 8192 8192 10222 12098 13961 15701 1032 2706 4256 5252 5698 5927 6074 6156 6215 6248 6244 6245 6292 6326 6362 5320 3744 2162 469 15089 13282 11427 9667 8192 8192 8192 8192 8192 8192 8192 8192 8414 10581 12435 14280 16015 1334 3000 4482 5357 5748 5963 6085 6172 6216 6238 6235 6238 6301 6337 6381 5371 3788 2210 530 15142 13336 11502 9741 8192 8192 8192 8192 8192 8192 8192 8192 8518 10651 12468 14318 16074 1376 3036 9 12867 305 1428 
0 8192 8192 9476 11429 13350 15068 401 2084 3709 4962 5568 5853 6022 6133 6211 6254 6302 6290 6284 6309 5571 4016 2434 757 15380 13575 11739 9947 8342 8192 8192 8192 8192 8192 8192 8192 8192 9374 11325 13250 14961 296 1987 3623 4912 5547 5842 6021 6133 6205 6242 6299 6290 6281 6306 5919 4379 2773 1127 15767 13970 12137 10338 8673 8192 8192 8192 8192 8192 8192 8192 8192 9186 11158 13093 14847 175 1877 3514 4847 5512 5823 6006 6116 6198 6247 6278 6277 6278 6310 6274 4790 3167 1551 16210 14420 12583 10773 9028 8192 8192 8192 8192 8192 8192 8192 8192 8519 10689 12512 14441 16065 1468 3085 4593 5377 5772 5952 6101 6172 6235 6271 6268 6266 6300 6341 5354 3765 2175 473 15092 13272 11435 9661 8192 8192 8192 8192 8192 8192 8192 8192 8192 10000 11903 13811 15508 830 2510 4087 5161 5656 5904 6055 6160 6216 6264 6270 6268 6284 6320 5988 4447 2833 1205 15852 14055 12216 10419 8729 8192 8192 8192 8192 8192 8192 8192 8192 9215 11186 13094 14859 186 1879 3517 4838 5518 5833 6002 6118 6193 6248 6269 6250 6268 6298 6350 5292 3706 2131 429 15053 13245 11395 9640 8192 8192 8192 8192 8192 8192 8192 8192 8192 10239 12116 13999 15701 1027 2707 4249 5243 5692 5920 6068 6160 6223 6262 6256 6246 6283 6328 6250 4747 3116 1498 16157 14376 12558 10731 9020 8192 8192 8192 8192 8192 8192 8192 8192 8964 10984 12866 14701 16380 1691 3339 4725 14 11073 305 1428 
0 1369 1674 1662 1576 1428 1385 1655 1773 1723 1624 1507 1597 1646 1577 1527 1448 1547 1624 1638 1572 1466 1472 1532 1647 1677 1583 1495 1537 1612 1640 1550 1444 1575 1725 1781 1537 720 15921 15088 15605 982 2738 4273 5467 6158 6298 6312 6318 6317 6319 6318 6276 6244 6219 6156 5683 4230 2681 1003 15644 13870 12089 10390 8807 8192 8192 8192 9141 10977 12607 14452 16190 1462 3180 4603 5419 5791 5929 5942 5988 6040 6082 6136 6193 6242 6292 6327 6355 6371 6377 6380 6358 6188 4697 3114 1583 16300 14540 12721 10885 9155 8192 8192 8192 8192 8192 8192 8192 9333 11352 13204 14954 286 1974 3589 4853 5485 5781 5956 6056 6119 6167 6157 6159 6190 6234 6274 6238 4796 3182 1592 16269 14510 12682 10866 9135 8192 8192 8192 8192 8192 8192 8192 8192 8192 9546 11451 13333 15037 394 2060 3689 4929 5550 5827 5997 6116 6202 6259 6318 6342 6354 5445 3885 2304 605 15233 13430 11581 9832 8244 8192 8192 8192 8192 8192 8192 8192 8192 8192 8192 10101 12018 13818 15545 863 2544 4096 5184 5660 5902 6056 6167 6256 6323 5982 4554 2993 1330 15980 14200 12399 10617 8943 8192 8192 8192 8192 8192 8192 8192 8192 8192 8192 8192 9862 11804 13613 15341 659 2350 3954 5101 5638 5896 6061 6173 6262 5645 4208 2678 1011 15665 13893 12112 10343 8707 8192 8192 8192 8192 8192 8192 8192 8192 8192 8192 8192 9417 11405 13246 14981 307 2003 3644 4941 5577 24 770 305 1428 
0 8192 8192 8192 8192 8192 8554 10715 12595 14366 16082 1403 3066 4538 5384 5760 5973 6093 6195 6267 6324 6372 5888 4400 2803 1133 15776 13982 12158 10370 8703 8192 8192 8192 8192 8192 8192 8192 8192 8192 9438 11425 13260 15002 331 2026 3652 4928 5557 5850 6018 6139 6226 6285 6335 6375 5435 3870 2283 576 15200 13384 11572 9816 8223 8192 8192 8192 8192 8192 8192 8192 8192 8192 10138 12050 13842 15571 893 2580 4151 5206 5674 5911 6071 6170 6257 6302 6341 6361 5051 3423 1805 79 14686 12870 11052 9313 8192 8192 8192 8192 8192 8192 8192 8192 8192 8571 10718 12603 14377 16097 1421 3087 4555 5387 5759 5958 6093 6188 6272 6319 6352 6085 4602 2993 1347 15983 14197 12366 10576 8871 8192 8192 8192 8192 8192 8192 8192 8192 8192 9251 11260 13117 14864 197 1887 3527 4843 5520 5832 6010 6128 6221 6281 6328 6371 5694 4175 2586 896 15514 13721 11900 10121 8502 8192 8192 8192 8192 8192 8192 8192 8192 8192 9845 11801 13622 15348 675 2367 3967 5107 5632 5891 6052 6161 6234 6289 6347 6374 5410 3844 2255 547 15156 13347 11510 9756 8192 8192 8192 8192 8192 8192 8192 8192 8192 8192 10292 12203 14000 15717 1041 2722 4278 5265 5695 5925 6074 6176 6254 6303 6357 6370 5166 3548 1931 215 14822 13008 11177 9446 8192 8192 8192 8192 8192 8192 8192 8192 8192 8580 10711 12593 14368 16087 1409 3077 4543 5388 5764 5959 6099 6190 6254 6324 6355 29 1016 305 1428 
0 2374 2466 2567 2553 2483 2528 2494 2572 2607 2642 2665 2480 2375 2278 2318 2494 2517 2514 2424 2298 2408 2435 2437 2559 2506 2632 2570 2325 2362 2333 2465 2583 2381 2452 2506 2448 2377 1555 495 16172 225 1869 3566 4942 5855 6118 6222 6262 6240 6237 6220 6165 6116 6067 6012 5535 4097 2561 844 15479 13738 12046 10394 8862 9150 9561 10134 12432 14214 15956 1317 2962 4451 5401 5840 6029 6056 6108 6160 6196 6240 6289 6342 6375 6366 6366 6333 6282 5178 3684 2161 543 15200 13408 11585 9838 8255 8192 8192 8192 8192 9766 11706 13573 15351 676 2346 3932 5055 5591 5840 5959 6001 6002 6039 6103 6160 6225 6255 6290 6311 6337 6360 6362 6362 6363 6313 4997 3457 1933 308 14949 13139 11311 9544 8192 8192 8192 8192 8192 8192 8715 10813 12700 14480 16197 1523 3174 4576 5356 5716 5905 6014 6078 6086 6087 6119 6174 6230 6265 6291 6304 6324 5674 4138 2553 953 15629 13830 11990 10194 8547 8192 8192 8192 8192 8192 8192 8192 9109 11146 13006 14766 97 1798 3441 4767 5462 5775 5966 6081 6152 6210 6221 6208 6218 6257 6297 5179 3589 2011 311 14938 13115 11291 9550 8192 8192 8192 8192 8192 8192 8192 8192 8192 9724 11667 13501 15239 563 2257 3856 5039 5589 5854 6021 6132 6211 6260 6308 6329 6316 5359 3794 2207 521 15143 13336 11504 9743 8192 8192 8192 8192 8192 8192 8192 8192 8192 8192 10345 12249 14032 15754 1075 2752 4284 34 2318 305 1428 
0 1680 1753 1832 1779 1816 1692 1665 1849 1748 1790 1695 1574 1795 1802 1732 1722 1521 1728 1835 1735 1753 1580 1761 1883 1741 1718 1571 1662 1846 1824 1770 1683 1625 1556 634 15714 15271 16338 1803 3485 4870 5860 6287 6335 6349 6359 6348 6362 6334 6308 6273 6230 6146 4905 3463 1859 128 14759 12992 11242 9591 8192 8192 8233 8832 10251 11957 13835 15632 941 2631 4174 5215 5722 5922 5955 5997 6038 6085 6130 6199 6251 6299 6340 6357 6384 6385 6341 4996 3448 1914 263 14907 13104 11269 9503 8192 8192 8192 8192 8192 8192 8192 9460 11445 13293 15044 374 2067 3675 4905 5512 5793 5963 6063 6124 6140 6135 6156 6199 6240 6281 6315 5283 3711 2148 476 15102 13299 11479 9685 8192 8192 8192 8192 8192 8192 8192 8192 8192 9255 11264 13126 14880 208 1901 3542 4851 5506 5806 5987 6110 6187 6261 6309 6330 6336 6000 4488 2895 1248 15896 14107 12259 10461 8777 8192 8192 8192 8192 8192 8192 8192 8192 8192 8192 9957 11892 13705 15431 745 2436 4027 5138 5643 5893 6043 6158 6243 6317 6384 5305 3754 2141 423 15049 13244 11441 9682 8192 8192 8192 8192 8192 8192 8192 8192 8192 8192 8192 9470 11448 13283 15024 348 2037 3674 4939 5571 5855 6029 6151 6244 6299 5099 3541 1937 230 14864 13091 11295 9583 8192 8192 8192 8192 8192 8192 8192 8192 8192 8192 8192 8838 10919 12799 14553 16267 1579 3238 4671 5453 5813 6005 6126 6221 5890 38 15185 305 1428 
0 8192 8192 9004 11011 12988 14704 27 1731 3388 4767 5486 5808 5998 6118 6208 6262 6302 6313 6305 6311 5748 4197 2607 936 15566 13752 11910 10127 8480 8192 8192 8192 8192 8192 8192 8192 8192 8828 10872 12851 14585 16296 1620 3279 4688 5453 5802 5981 6116 6197 6255 6292 6308 6295 6313 5916 4375 2772 1121 15761 13957 12147 10343 8680 8192 8192 8192 8192 8192 8192 8192 8192 8618 10703 12672 14441 16157 1467 3131 4585 5405 5771 5975 6110 6188 6247 6295 6291 6286 6304 6110 4578 2963 1337 15982 14191 12355 10540 8847 8192 8192 8192 8192 8192 8192 8192 8192 8346 10511 12445 14255 15967 1286 2955 4454 5347 5743 5954 6089 6180 6242 6286 6296 6288 6304 6315 4956 3326 1720 16371 14592 12758 10933 9203 8192 8192 8192 8192 8192 8192 8192 8192 8192 10118 12035 13919 15622 946 2623 4188 5220 5678 5924 6068 6173 6232 6273 6302 6291 6298 6333 5492 3920 2333 648 15266 13451 11595 9829 8209 8192 8192 8192 8192 8192 8192 8192 8192 9436 11365 13298 15037 370 2075 3695 4955 5568 5850 6030 6136 6215 6260 6290 6277 6289 6313 6206 4694 3071 1442 16096 14311 12485 10651 8955 8192 8192 8192 8192 8192 8192 8192 8192 8397 10560 12475 14323 16011 1333 3000 4475 5349 5747 5953 6097 6182 6241 6276 6279 6272 6304 6340 5471 3912 2323 638 15266 13447 11614 9825 8226 8192 8192 8192 8192 8192 8192 8192 8192 9603 11521 13420 15174 500 2195 3813 5016 43 15965 305 1428 
0 8192 8192 8192 9404 11422 13301 15047 377 2071 3697 4957 5570 5853 6024 6135 6223 6275 6307 6316 6304 6234 4767 3154 1529 16175 14381 12551 10734 9025 8192 8192 8192 8192 8192 8192 8192 8192 8192 10163 12151 13922 15657 980 2668 4219 5238 5689 5925 6068 6168 6231 6282 6319 6293 6309 5898 4360 2753 1098 15736 13925 12082 10285 8608 8192 8192 8192 8192 8192 8192 8192 8192 8553 10688 12670 14397 16118 1440 3109 4576 5396 5767 5978 6104 6182 6250 6293 6305 6303 6313 5590 4034 2441 768 15395 13580 11739 9956 8347 8192 8192 8192 8192 8192 8192 8192 8192 9109 11116 13046 14769 103 1806 3446 4796 5501 5819 6003 6121 6205 6266 6296 6300 6287 6312 5402 3828 2249 552 15172 13354 11513 9730 8192 8192 8192 8192 8192 8192 8192 8192 8192 9490 11445 13346 15066 399 2095 3727 4979 5570 5848 6027 6135 6209 6254 6311 6293 6279 6310 5318 3734 2139 430 15048 13238 11402 9628 8192 8192 8192 8192 8192 8192 8192 8192 8192 9667 11611 13495 15210 528 2216 3826 5026 5602 5872 6036 6140 6210 6268 6299 6288 6286 6322 5304 3726 2137 437 15052 13249 11405 9632 8192 8192 8192 8192 8192 8192 8192 8192 8192 9734 11662 13560 15268 594 2289 3892 5061 5613 5882 6037 6142 6219 6259 6295 6292 6287 6313 5393 3813 2227 533 15153 13321 11490 9727 8192 8192 8192 8192 8192 8192 8192 8192 8192 9641 11572 13508 15213 541 2230 3833 5030 5602 5874 53 5658 305 1428 
0 2676 2601 2464 2570 2402 2518 2594 2380 2525 2491 2471 2580 2415 2409 2455 2437 2560 2547 2411 2439 2402 2439 2456 2400 2465 2546 2580 2467 2334 2358 2399 2595 2690 2617 2568 2410 2061 1169 16276 16295 1288 3022 4508 5606 6063 6135 6266 6280 6260 6249 6217 6155 6108 6040 5891 4547 3096 1429 16069 14335 12620 10938 9356 8605 9435 10765 12870 14624 16359 1702 3347 4719 5542 5909 6047 6065 6130 6167 6219 6275 6313 6363 6374 6375 6368 6318 5794 4289 2726 1166 15860 14085 12265 10477 8792 8192 8192 8192 8781 10350 11971 12623 14712 85 1808 3448 4765 5483 5792 5941 5961 5999 6043 6090 6161 6208 6267 6300 6328 6355 6389 6398 6416 6410 6407 6008 4483 2917 1387 16104 14330 12496 10657 8952 8192 8192 8192 8192 8192 8192 9132 11166 13035 14805 140 1853 3493 4790 5446 5761 5928 6041 6107 6108 6101 6134 6196 6227 6275 6312 6325 5954 4409 2811 1227 15903 14125 12273 10476 8793 8192 8192 8192 8192 8192 8192 8192 8314 10541 12436 14216 15940 1272 2933 4422 5307 5704 5919 6057 6149 6198 6246 6241 6227 6262 6294 5156 3556 1970 277 14903 13094 11251 9506 8192 8192 8192 8192 8192 8192 8192 8192 8192 9493 11467 13310 15064 386 2071 3692 4932 5560 5841 6011 6131 6205 6270 6320 6346 6324 5001 3384 1771 57 14676 12857 11025 9307 8192 8192 8192 8192 8192 8192 8192 8192 8192 8413 10604 12497 14276 15988 1307 2970 4469 5349 5745 59 13974 305 1428 
0 3571 4856 5500 5802 5977 6102 6176 6224 6259 6262 6252 6273 5276 3702 2114 427 15062 13249 11416 9659 8192 8192 8192 8192 8192 8192 8192 8192 8192 9379 11354 13207 14948 289 1982 3615 4901 5537 5828 5998 6119 6200 6274 6303 6335 6324 5095 3472 1871 151 14761 12949 11134 9383 8192 8192 8192 8192 8192 8192 8192 8192 8192 8929 11003 12864 14624 16342 1655 3304 4705 5454 5788 5977 6104 6194 6261 6328 6353 5816 4314 2727 1046 15678 13883 12073 10284 8625 8192 8192 8192 8192 8192 8192 8192 8192 8192 9664 11623 13461 15197 523 2218 3827 5028 5598 5864 6030 6148 6234 6291 6340 6291 4880 3262 1635 16287 14517 12694 10888 9174 8192 8192 8192 8192 8192 8192 8192 8192 8192 8692 10825 12700 14470 16192 1515 3183 4622 5418 5780 5976 6111 6205 6264 6331 6365 5307 3719 2127 408 15029 13226 11400 9670 8192 8192 8192 8192 8192 8192 8192 8192 8192 8192 10273 12184 13982 15698 1026 2709 4262 5245 5698 5927 6068 6173 6253 6321 6353 5667 4156 2569 872 15503 13703 11886 10119 8492 8192 8192 8192 8192 8192 8192 8192 8192 8192 9716 11678 13508 15248 569 2268 3866 5061 5611 5874 6039 6153 6235 6303 6350 6064 4596 2997 1342 15996 14220 12383 10604 8907 8192 8192 8192 8192 8192 8192 8192 8192 8192 9050 11093 12953 14699 30 1733 3387 4757 5480 5810 5997 6114 6217 6275 6331 6358 5108 3494 1883 156 14767 12967 11160 9410 8192 8192 8192 64 11828 305 1428 
0 2315 2313 2364 2378 2249 2249 2320 2307 2378 2299 2307 2384 2326 2354 2295 2265 2408 2418 2367 2353 2186 2259 2321 2235 2353 2260 2253 2405 2218 2324 2337 2227 2476 2384 2376 2353 1647 767 15948 16073 1228 2970 4469 5593 6132 6241 6336 6342 6329 6312 6287 6241 6191 6120 5932 4566 3123 1469 16109 14373 12659 10964 9397 8466 9234 9677 11920 13745 15483 835 2533 4092 5198 5765 6003 6052 6088 6137 6195 6230 6289 6351 6381 6403 6398 6388 6296 4887 3349 1823 155 14788 12974 11176 9443 8192 8192 8192 8192 9552 11349 12517 14079 15917 1265 2933 4413 5303 5711 5896 5957 5975 6006 6077 6134 6198 6249 6285 6317 6347 6380 6403 6405 6423 6420 5852 4325 2751 1212 15911 14135 12307 10483 8797 8192 8192 8192 8192 8192 8192 9546 11520 13363 15114 448 2140 3748 4938 5520 5799 5960 6047 6096 6085 6094 6150 6209 6244 6276 6315 6329 5524 3985 2416 787 15443 13645 11816 10037 8400 8192 8192 8192 8192 8192 8192 8192 9365 11362 13213 14959 302 1993 3613 4884 5509 5805 5979 6088 6151 6204 6218 6206 6228 6267 6206 4715 3101 1501 16165 14379 12540 10718 9016 8192 8192 8192 8192 8192 8192 8192 8192 8192 10431 12331 14115 15838 1151 2826 4346 5281 5703 5919 6061 6160 6228 6280 6311 6327 5973 4473 2874 1234 15887 14107 12283 10474 8798 8192 8192 8192 8192 8192 8192 8192 8192 8192 9592 11548 13377 15114 441 2130 3742 4981 5573 5852 69 13865 305 1428 
0 2555 2613 2428 2483 2543 2480 2539 2451 2397 2558 2529 2504 2459 2333 2478 2553 2496 2523 2356 2423 2573 2505 2550 2463 2386 2544 2468 2433 2486 2357 2545 2541 2434 2513 2360 2457 2377 1372 236 15901 435 2209 3846 5156 5970 6165 6271 6292 6277 6277 6250 6196 6160 6108 6043 5362 3941 2383 667 15311 13578 11875 10228 8708 9167 9439 9973 12279 14080 15820 1159 2818 4349 5341 5830 6033 6053 6097 6152 6193 6245 6292 6337 6381 6388 6378 6363 6234 4804 3258 1723 63 14706 12889 11088 9352 8192 8192 8192 8192 8192 9449 11407 13313 15072 407 2108 3722 4936 5530 5807 5948 6022 6015 6039 6097 6160 6212 6257 6289 6317 6338 6348 6373 6376 6365 5455 3943 2393 797 15468 13676 11827 10033 8395 8192 8192 8192 8192 8192 8192 10025 11953 13776 15518 849 2541 4089 5120 5608 5846 5986 6067 6112 6083 6116 6159 6210 6264 6290 6323 6327 5509 3972 2404 768 15429 13623 11790 10002 8366 8192 8192 8192 8192 8192 8192 8192 8967 11034 12900 14665 16374 1691 3337 4705 5439 5770 5954 6075 6151 6207 6237 6229 6241 6260 6261 4863 3244 1639 16310 14550 12726 10892 9190 8192 8192 8192 8192 8192 8192 8192 8192 8192 9936 11869 13686 15415 742 2427 4005 5120 5628 5878 6029 6143 6211 6269 6329 6336 6307 4928 3312 1693 16355 14577 12764 10956 9214 8192 8192 8192 8192 8192 8192 8192 8192 8192 8676 10812 12696 14464 16176 1495 3151 4606 5402 74 14398 305 1428 
0 8192 8192 8192 8192 8192 8192 8192 9618 11571 13399 15130 457 2151 3777 5007 5588 5869 6041 6153 6240 6300 6364 5249 3663 2062 349 14974 13167 11356 9618 8192 8192 8192 8192 8192 8192 8192 8192 8192 8192 9564 11530 13351 15095 430 2124 3742 4967 5574 5861 6031 6151 6237 6297 6352 5354 3794 2197 492 15112 13320 11507 9772 8203 8192 8192 8192 8192 8192 8192 8192 8192 8192 9468 11446 13289 15023 349 2048 3679 4944 5566 5858 6028 6146 6234 6300 6351 5501 3963 2368 668 15291 13491 11669 9902 8305 8192 8192 8192 8192 8192 8192 8192 8192 8192 9204 11220 13074 14833 162 1860 3498 4840 5524 5832 6011 6135 6221 6296 6344 5697 4208 2622 928 15564 13770 11961 10191 8536 8192 8192 8192 8192 8192 8192 8192 8192 8192 8912 10980 12851 14617 16327 1651 3310 4708 5466 5795 5996 6114 6215 6285 6342 5934 4480 2902 1232 15880 14086 12279 10501 8824 8192 8192 8192 8192 8192 8192 8192 8192 8192 8622 10760 12647 14416 16125 1435 3104 4573 5395 5774 5972 6098 6203 6281 6337 6215 4793 3197 1559 16212 14440 12620 10802 9121 8192 8192 8192 8192 8192 8192 8192 8192 8192 8192 10417 12314 14100 15820 1143 2821 4350 5298 5726 5946 6085 6182 6263 6323 6362 5154 3551 1936 201 14816 13016 11210 9472 8192 8192 8192 8192 8192 8192 8192 8192 8192 8192 9991 11920 13738 15466 790 2485 4062 5201 5600 5944 6041 6186 6234 6322 6347 5478 3926 2344 84 4752 305 1428 
0 2475 4052 5135 5634 5871 6035 6141 6219 6271 6308 6314 6309 5263 3679 2087 378 15009 13205 11379 9617 8192 8192 8192 8192 8192 8192 8192 8192 8192 8485 10662 12541 14308 16030 1353 3024 4496 5351 5745 5957 6095 6184 6260 6310 6350 6049 4573 2981 1335 15980 14192 12377 10585 8895 8192 8192 8192 8192 8192 8192 8192 8192 8192 8935 11002 12869 14631 16341 1664 3316 4725 5460 5793 5983 6113 6208 6286 6332 6302 4929 3329 1693 16359 14579 12770 10966 9254 8192 8192 8192 8192 8192 8192 8192 8192 8192 8192 10250 12165 13955 15678 1004 2679 4229 5240 5697 5929 6072 6180 6260 6321 6340 5023 3417 1796 71 14681 12889 11092 9371 8192 8192 8192 8192 8192 8192 8192 8192 8192 8192 9985 11920 13726 15446 775 2462 4049 5142 5659 5899 6066 6165 6254 6321 6342 5055 3466 1852 126 14737 12946 11146 9418 8192 8192 8192 8192 8192 8192 8192 8192 8192 8192 9946 11881 13694 15425 733 2422 4023 5146 5658 5900 6060 6167 6252 6310 6355 5113 3519 1901 177 14798 12994 11191 9459 8192 8192 8192 8192 8192 8192 8192 8192 8192 8192 9950 11852 13674 15392 718 2403 3991 5117 5638 5898 6050 6158 6251 6314 6366 5195 3601 2003 281 14898 13087 11294 9548 8192 8192 8192 8192 8192 8192 8192 8192 8192 8192 9823 11765 13580 15299 619 2303 3922 5083 5625 5879 6040 6163 6249 6308 6366 5314 3734 2136 418 15056 13263 11444 9707 8192 8192 8192 8192 8192 89 5805 305 1428 
0 8192 8192 8192 8192 8192 8192 8192 9093 11127 12982 14743 70 1771 3411 4773 5488 5814 5997 6126 6216 6289 6349 5426 3876 2290 577 15213 13420 11613 9867 8277 8192 8192 8192 8192 8192 8192 8192 8192 8192 9154 11176 13034 14786 108 1807 3456 4815 5509 5823 6011 6131 6223 6300 6352 5383 3821 2233 518 15144 13349 11522 9769 8209 8192 8192 8192 8192 8192 8192 8192 8192 8192 9230 11245 13099 14845 174 1876 3515 4850 5527 5831 6011 6135 6229 6289 6351 5375 3803 2204 493 15119 13329 11504 9745 8197 8192 8192 8192 8192 8192 8192 8192 8192 8192 9294 11295 13142 14889 215 1906 3547 4861 5525 5829 6016 6138 6224 6289 6360 5367 3806 2210 501 15122 13325 11519 9765 8208 8192 8192 8192 8192 8192 8192 8192 8192 8192 9341 11325 13173 14914 236 1931 3567 4877 5534 5846 5981 6155 6201 6316 6348 5422 3831 2281 560 15202 13394 11589 9847 8264 8192 8192 8192 8192 8192 8192 8192 8192 8192 9350 11339 13186 14934 261 1962 3591 4891 5544 5844 6024 6140 6233 6297 6350 5450 3912 2325 615 15245 13451 11635 9886 8303 8192 8192 8192 8192 8192 8192 8192 8192 8192 9297 11310 13155 14907 240 1939 3586 4889 5539 5839 6027 6142 6221 6304 6352 5543 4022 2437 722 15356 13555 11734 9979 8357 8192 8192 8192 8192 8192 8192 8192 8192 8192 9171 11209 13059 14810 137 1834 3471 4825 5511 5832 6010 6126 6217 6293 6354 5641 4115 2539 845 94 4382 305 1428 
0 249 1943 3561 4877 5533 5835 6010 6136 6223 6292 6328 6363 5584 4033 2448 749 15377 13581 11746 9985 8375 8192 8192 8192 8192 8192 8192 8192 8192 8192 10181 12095 13900 15630 961 2641 4199 5222 5690 5919 6067 6178 6248 6302 6361 6334 4984 3372 1749 12 14629 12819 10993 9257 8192 8192 8192 8192 8192 8192 8192 8192 8192 8942 11003 12872 14640 16356 1674 3343 4730 5471 5794 5990 6111 6206 6274 6334 6362 5811 4295 2703 1030 15659 13849 12033 10256 8587 8192 8192 8192 8192 8192 8192 8192 8192 8192 9877 11818 13639 15371 692 2376 3978 5116 5636 5888 6055 6158 6238 6302 6347 6379 5258 3637 2039 323 14931 13122 11312 9540 8192 8192 8192 8192 8192 8192 8192 8192 8192 8536 10691 12575 14353 16074 1394 3059 4534 5375 5760 5968 6103 6194 6253 6320 6358 6106 4624 3018 1371 16016 14232 12414 10621 8907 8192 8192 8192 8192 8192 8192 8192 8192 8192 9484 11455 13289 15038 368 2055 3685 4948 5554 5846 6020 6140 6228 6284 6338 6373 5570 4021 2441 743 15370 13568 11745 9974 8361 8192 8192 8192 8192 8192 8192 8192 8192 8192 10273 12188 13990 15717 1035 2720 4271 5257 5702 5927 6072 6182 6251 6309 6353 6366 5092 3468 1856 143 14746 12935 11100 9373 8192 8192 8192 8192 8192 8192 8192 8192 8192 8851 10937 12804 14571 16281 1600 3250 4665 5441 5777 5983 6115 6203 6273 6324 6353 6033 4551 2949 1297 15944 14160 12329 10530 8854 8192 99 2192 305 1428 
0 2389 2395 2553 2384 2487 2464 2418 2594 2397 2456 2563 2400 2494 2407 2349 2556 2489 2507 2492 2351 2466 2456 2440 2554 2481 2487 2553 2407 2370 2331 2346 2540 2545 2452 2387 2263 2237 1769 552 15933 16331 1476 3221 4678 5734 6201 6317 6380 6378 6367 6363 6316 6265 6207 6125 5536 4096 2568 868 15507 13778 12069 10417 8861 9041 9616 10693 12888 14652 3 1730 3398 4760 5554 5919 6045 6071 6123 6169 6226 6274 6337 6388 6421 6437 6435 6436 6401 5378 3880 2346 734 15395 13610 11783 10044 8416 8192 8192 8192 8192 9627 11608 13462 15260 581 2277 3871 5024 5576 5828 5962 5996 5999 6045 6113 6172 6225 6261 6296 6330 6348 6371 6404 6408 6402 5268 3737 2205 603 15254 13439 11609 9818 8230 8192 8192 8192 8192 8192 8192 10291 12208 14003 15735 1061 2740 4256 5216 5656 5873 5999 6074 6105 6102 6120 6172 6226 6274 6304 6319 5964 4430 2839 1237 15903 14131 12303 10493 8801 8192 8192 8192 8192 8192 8192 8192 8192 10430 12342 14138 15865 1189 2865 4376 5282 5693 5917 6055 6141 6204 6245 6236 6235 6265 6255 4844 3223 1613 16279 14507 12672 10852 9131 8192 8192 8192 8192 8192 8192 8192 8192 8192 9835 11787 13594 15326 638 2325 3922 5068 5613 5871 6036 6139 6214 6285 6322 6354 5862 4347 2763 1098 15754 13962 12136 10357 8681 8192 8192 8192 8192 8192 8192 8192 8192 8192 9370 11360 13212 14950 280 1971 3600 4894 5531 5839 104 1207 305 1428 
0 1457 1464 1510 1676 1464 1438 1553 1427 1566 1465 1360 1601 1547 1489 1533 1325 1549 1655 1478 1520 1445 1521 1603 1519 1479 1509 1531 1527 1553 1427 1380 1382 621 15845 14838 15088 454 2229 3849 5139 6011 6333 6407 6419 6411 6428 6449 6413 6375 6330 6282 5873 4417 2892 1267 15921 14161 12372 10649 9014 8192 8192 8192 8872 10491 12077 13705 15540 827 2535 4122 5190 5683 5897 5941 5977 6019 6066 6114 6181 6234 6290 6333 6362 6389 6413 6427 6428 6420 5355 3831 2297 688 15344 13535 11692 9909 8301 8192 8192 8192 8192 8192 8192 8261 10499 12398 14195 15918 1249 2913 4396 5280 5672 5885 6014 6098 6150 6166 6150 6186 6228 6267 6263 4857 3238 1654 16324 14558 12733 10926 9186 8192 8192 8192 8192 8192 8192 8192 8192 8192 9291 11293 13138 14884 211 1904 3540 4844 5504 5805 5998 6116 6197 6267 6325 6353 6328 4990 3374 1756 45 14656 12845 11031 9306 8192 8192 8192 8192 8192 8192 8192 8192 8192 8192 8303 10533 12418 14202 15910 1240 2913 4417 5326 5728 5950 6086 6183 6271 6111 4721 3177 1534 16185 14432 12626 10849 9160 8192 8192 8192 8192 8192 8192 8192 8192 8192 8192 8192 9060 11111 12968 14721 46 1751 3404 4781 5500 5828 6015 6140 6236 5316 3814 2261 575 15232 13463 11690 9965 8388 8192 8192 8192 8192 8192 8192 8192 8192 8192 8192 8192 9419 11396 13232 14973 296 1992 3629 4922 5570 5869 6043 6163 5700 4329 113 4028 305 1428 
0 2344 2359 2440 2448 2482 2387 2383 2421 2467 2520 2430 2402 2342 2412 2488 2459 2456 2360 2364 2467 2455 2451 2388 2347 2487 2478 2394 2357 2280 2432 2480 2395 2404 2380 2393 2366 1898 1051 73 18 1357 3094 4579 5657 6138 6223 6318 6326 6315 6304 6268 6214 6151 6093 5794 4361 2877 1196 15840 14101 12408 10723 9164 8904 9611 11049 13094 14829 166 1907 3560 4864 5604 5931 6057 6078 6120 6185 6229 6280 6341 6379 6411 6421 6414 6390 6359 5477 3986 2450 859 15520 13750 11930 10154 8521 8192 8192 8376 9688 10946 11813 12537 14729 92 1812 3449 4778 5503 5837 5940 5953 6015 6056 6112 6159 6228 6275 6322 6357 6383 6413 6432 6436 6443 6422 5505 3998 2462 890 15572 13784 11939 10142 8493 8192 8192 8192 8192 8192 8274 10530 12436 14234 15958 1282 2939 4423 5279 5678 5886 6005 6071 6075 6087 6117 6174 6231 6259 6297 6318 6335 6285 4838 3239 1677 16379 14624 12797 10971 9250 8192 8192 8192 8192 8192 8192 8192 9035 11082 12953 14709 47 1753 3394 4736 5444 5770 5960 6075 6140 6178 6185 6185 6213 6256 6305 5954 4406 2814 1197 15863 14076 12259 10463 8773 8192 8192 8192 8192 8192 8192 8192 8192 9430 11419 13246 14995 329 2019 3634 4905 5529 5825 6008 6117 6196 6241 6287 6296 6280 6058 4558 2953 1322 15981 14197 12381 10561 8867 8192 8192 8192 8192 8192 8192 8192 8192 8192 10003 11933 13746 15483 796 2493 4060 5154 118 3453 305 1428 
0 8192 8192 8192 8192 8192 8192 8192 8192 10300 12213 14008 15736 1062 2736 4285 5269 5713 5940 6078 6186 6273 6329 5707 4210 2646 958 15591 13806 11998 10218 8585 8192 8192 8192 8192 8192 8192 8192 8192 8192 8670 10796 12676 14443 16158 1488 3149 4605 5419 5777 5972 6113 6218 6284 6350 5445 3901 2312 605 15230 13431 11625 9878 8306 8192 8192 8192 8192 8192 8192 8192 8192 8192 9190 11215 13073 14818 146 1841 3484 4822 5516 5829 6009 6144 6232 6296 6358 5205 3615 2014 293 14924 13130 11333 9603 8192 8192 8192 8192 8192 8192 8192 8192 8192 8192 9630 11588 13425 15163 478 2171 3796 5015 5605 5874 6035 6163 6240 6310 6298 4953 3374 1748 18 14647 12835 11024 9325 8192 8192 8192 8192 8192 8192 8192 8192 8192 8192 9958 11897 13700 15431 751 2442 4030 5142 5657 5897 6047 6163 6255 6324 6192 4775 3204 1560 16217 14449 12638 10853 9145 8192 8192 8192 8192 8192 8192 8192 8192 8192 8192 10160 12073 13872 15601 921 2608 4164 5207 5681 5919 6073 6173 6272 6324 6006 4561 2998 1337 15983 14213 12397 10609 8925 8192 8192 8192 8192 8192 8192 8192 8192 8192 8243 10488 12382 14173 15892 1218 2892 4409 5332 5745 5923 6121 6172 6301 6315 5849 4359 2812 1114 15784 13971 12180 10397 8740 8192 8192 8192 8192 8192 8192 8192 8192 8192 8567 10730 12609 14385 16094 1414 3084 4561 5395 5762 5972 6107 6203 6281 6330 5636 4131 2553 865 15503 123 173 305 1428 
0 8192 8192 8192 8192 9665 11611 13445 15186 525 2213 3812 5005 5568 5845 6005 6112 6188 6232 6265 6258 6260 6271 4968 3349 1751 43 14661 12834 10997 9263 8192 8192 8192 8192 8192 8192 8192 8192 8192 9886 11826 13649 15377 702 2382 3977 5105 5620 5883 6035 6143 6223 6270 6326 6342 6019 4509 2923 1275 15914 14135 12313 10527 8831 8192 8192 8192 8192 8192 8192 8192 8192 8192 9749 11698 13521 15257 580 2272 3863 5056 5607 5871 6035 6144 6233 6292 6340 6371 5200 3584 1976 258 14872 13063 11248 9498 8192 8192 8192 8192 8192 8192 8192 8192 8192 8423 10615 12483 14273 15972 1305 2960 4468 5346 5744 5946 6087 6183 6259 6317 6363 5482 3929 2341 637 15260 13464 11649 9902 8290 8192 8192 8192 8192 8192 8192 8192 8192 8192 10050 11966 13774 15507 830 2519 4100 5171 5661 5906 6061 6171 6246 6305 6351 5696 4176 2581 890 15526 13727 11904 10142 8496 8192 8192 8192 8192 8192 8192 8192 8192 8192 9686 11643 13467 15209 536 2230 3833 5040 5610 5875 6046 6161 6241 6300 6353 5868 4395 2817 1141 15774 13989 12170 10364 8715 8192 8192 8192 8192 8192 8192 8192 8192 8192 9357 11349 13184 14924 253 1946 3583 4898 5537 5847 6013 6138 6224 6284 6345 6135 4682 3095 1443 16083 14304 12489 10694 8999 8192 8192 8192 8192 8192 8192 8192 8192 8192 8998 11052 12917 14678 10 1710 3364 4745 5464 5809 5998 6128 6220 6288 6334 6312 4940 3340 127 16188 305 1428 
0 8192 8192 8192 8192 8192 8192 8192 8192 9563 11539 13374 15114 439 2131 3755 5004 5600 5872 6040 6162 6254 6325 5707 4222 2668 985 15625 13834 12020 10258 8633 8192 8192 8192 8192 8192 8192 8192 8192 8192 8192 9817 11756 13581 15312 633 2321 3924 5091 5638 5901 6062 6171 6251 6330 5626 4137 2570 875 15511 13736 11929 10171 8537 8192 8192 8192 8192 8192 8192 8192 8192 8192 8192 10063 11980 13786 15507 832 2511 4091 5182 5672 5915 6068 6176 6264 6338 5534 4018 2446 745 15385 13588 11785 10047 8418 8192 8192 8192 8192 8192 8192 8192 8192 8192 8192 10231 12141 13938 15655 972 2648 4204 5238 5707 5938 6080 6194 6278 6342 5466 3915 2332 625 15268 13483 11681 9912 8328 8192 8192 8192 8192 8192 8192 8192 8192 8192 8192 10438 12334 14116 15832 1147 2827 4350 5307 5741 5951 6097 6201 6281 6338 5397 3832 2250 536 15157 13368 11560 9826 8242 8192 8192 8192 8192 8192 8192 8192 8192 8192 8386 10593 12483 14265 15980 1257 2992 4441 5386 5737 5982 6084 6215 6270 6359 5321 3753 2147 431 15057 13259 11448 9705 8192 8192 8192 8192 8192 8192 8192 8192 8192 8192 8639 10774 12647 14414 16124 1444 3111 4576 5408 5772 5973 6108 6207 6286 6353 5203 3625 2012 298 14918 13130 11335 9610 8192 8192 8192 8192 8192 8192 8192 8192 8192 8192 8868 10948 12822 14586 16296 1619 3277 4692 5463 5811 5997 6127 6230 6299 6340 5063 3489 1875 152 132 15636 305 1428 
0 2716 2688 2671 2701 2621 2567 2603 2653 2756 2747 2605 2585 2571 2661 2750 2696 2698 2619 2631 2753 2693 2738 2718 2645 2766 2737 2782 2863 2688 2732 2770 2768 2900 2786 2743 2795 2576 2211 1080 16242 390 1860 3528 4933 5801 6051 6129 6255 6293 6277 6258 6209 6156 6115 6045 5506 4075 2547 844 15485 13765 12058 10426 8891 9380 11547 13367 15113 421 2119 3759 4998 5661 5982 6087 6102 6155 6194 6258 6315 6357 6393 6417 6428 6402 6356 6249 4914 3398 1872 230 14886 13080 11268 9537 8192 8192 8632 9949 11126 11868 13564 15424 771 2476 4039 5141 5673 5919 5972 5994 6064 6103 6153 6216 6264 6324 6357 6392 6423 6440 6450 6451 6438 5442 3941 2406 821 15484 13712 11874 10097 8468 8192 8192 8192 8192 8192 8192 10136 12051 13866 15605 930 2609 4147 5150 5618 5857 5986 6061 6094 6082 6123 6164 6216 6265 6291 6325 6336 6298 4873 3267 1705 19 14652 12818 10997 9271 8192 8192 8192 8192 8192 8192 8192 8626 10759 12645 14418 16139 1463 3112 4553 5369 5728 5938 6061 6139 6177 6194 6198 6206 6258 6306 5774 4237 2648 1003 15648 13860 12027 10232 8577 8192 8192 8192 8192 8192 8192 8192 8192 9117 11153 13014 14770 103 1805 3443 4791 5485 5801 5985 6107 6197 6253 6299 6316 6312 5811 4283 2693 1038 15673 13885 12062 10260 8615 8192 8192 8192 8192 8192 8192 8192 8192 8192 9796 11740 13564 15299 625 2305 3909 5071 5614 5882 142 8435 305 1428 
0 1824 2127 2524 2445 2203 2138 2246 2551 2532 2201 2180 2276 2463 2490 2166 2112 2330 2356 2494 2273 2106 2328 2317 2393 2399 2152 2349 2379 2328 2339 2143 2291 2442 2401 2408 2118 1933 1534 392 15997 33 1644 3374 4802 5799 6198 6290 6303 6291 6293 6276 6233 6181 6119 6046 5472 4039 2492 781 15415 13673 11941 10294 8770 9090 9619 9794 11976 13821 15583 946 2634 4175 5251 5782 6007 6046 6080 6145 6185 6223 6277 6346 6376 6390 6398 6386 6347 5423 3918 2380 779 15446 13659 11824 10065 8448 8192 8192 8192 8192 8192 9076 11151 13018 14783 119 1815 3455 4778 5448 5774 5935 6025 6065 6050 6087 6133 6203 6240 6276 6316 6328 6342 6344 5792 4247 2663 1082 15755 13979 12130 10322 8641 8192 8192 8192 8192 8192 8192 8429 10611 12490 14285 16008 1326 2991 4451 5316 5702 5907 6031 6103 6144 6143 6141 6190 6238 6272 6310 5812 4270 2686 1061 15714 13922 12104 10311 8630 8192 8192 8192 8192 8192 8192 8192 8192 9780 11727 13551 15286 610 2305 3893 5049 5584 5854 6013 6123 6198 6241 6282 6278 6266 6099 4586 2980 1355 16010 14270 12327 10658 8835 8192 8192 8192 8192 8192 8192 8192 8192 8192 9637 11598 13431 15178 503 2198 3808 5010 5585 5852 6025 6139 6219 6284 6322 6364 5529 3980 2393 699 15328 13517 11693 9944 8329 8192 8192 8192 8192 8192 8192 8192 8192 8192 9454 11421 13265 15003 333 2036 3660 4928 5555 5836 6012 147 8295 305 1428 
0 1778 1639 1478 1470 1584 1805 1789 1661 1809 1764 1847 1831 1508 1557 1557 1588 1679 1593 1564 1675 1702 1688 1786 1710 1717 1698 1540 1634 1705 1669 1669 1504 1034 153 15276 15314 534 2344 3957 5231 6057 6344 6370 6394 6388 6389 6407 6370 6330 6302 6244 6022 4572 3068 1430 16083 14321 12545 10807 9174 8192 8192 8192 8920 10502 12193 13982 15764 1091 2769 4289 5284 5738 5921 5945 5985 6042 6081 6125 6189 6251 6297 6341 6369 6386 6393 6401 5564 4047 2504 913 15575 13784 11952 10160 8519 8192 8192 8192 8192 8192 8192 8229 10469 12364 14165 15879 1201 2868 4371 5267 5678 5885 6019 6091 6133 6157 6147 6175 6233 6267 6300 5535 3983 2410 755 15397 13599 11768 9993 8377 8192 8192 8192 8192 8192 8192 8192 8192 8395 10596 12487 14272 15986 1305 2959 4453 5331 5724 5930 6064 6169 6250 6286 6331 6355 6030 4534 2939 1301 15943 14166 12334 10535 8836 8192 8192 8192 8192 8192 8192 8192 8192 8192 8192 9380 11380 13216 14964 274 1974 3605 4902 5542 5837 6008 6133 6223 6291 6292 4954 3382 1755 41 14663 12865 11088 9360 8192 8192 8192 8192 8192 8192 8192 8192 8192 8192 8192 9446 11426 13253 14993 311 2006 3632 4916 5567 5846 6025 6144 6244 5808 4418 2895 1254 15911 14155 12371 10626 8952 8192 8192 8192 8192 8192 8192 8192 8192 8192 8192 8192 9260 11259 13099 14843 166 1869 3506 4849 5539 5847 6023 6142 6250 5220 3706 152 11282 305 1428 
0 8192 8192 8192 8192 8192 8192 8662 10790 12670 14437 16150 1468 3132 4592 5404 5770 5968 6107 6198 6269 6324 6360 5227 3527 2026 219 14894 13045 11256 9494 8192 8192 8192 8192 8192 8192 8192 8192 8192 8192 10159 12082 13880 15605 928 2623 4180 5213 5675 5915 6067 6166 6250 6318 6359 5612 4090 2502 802 15427 13628 11809 10036 8420 8192 8192 8192 8192 8192 8192 8192 8192 8192 9482 11460 13293 15029 352 2055 3683 4955 5556 5851 6031 6137 6223 6288 6348 6062 4593 3005 1359 16004 14225 12412 10621 8930 8192 8192 8192 8192 8192 8192 8192 8192 8192 8739 10851 12724 14485 16194 1513 3169 4607 5405 5774 5971 6112 6202 6271 6332 6331 5034 3437 1821 99 14716 12895 11108 9368 8192 8192 8192 8192 8192 8192 8192 8192 8192 8192 10380 12278 14064 15783 1102 2775 4302 5277 5709 5932 6076 6178 6257 6316 6358 5389 3834 2237 523 15144 13354 11529 9772 8209 8192 8192 8192 8192 8192 8192 8192 8192 8192 9766 11708 13535 15268 598 2286 3869 5058 5622 5882 6044 6151 6241 6289 6352 5765 4258 2673 1004 15630 13843 12027 10240 8620 8192 8192 8192 8192 8192 8192 8192 8192 8192 9149 11163 13023 14773 102 1802 3445 4802 5503 5816 5992 6135 6217 6282 6332 6192 4752 3153 1507 16152 14382 12552 10751 9064 8192 8192 8192 8192 8192 8192 8192 8192 8192 8432 10620 12510 14287 16007 1333 3010 4489 5365 5745 5952 6093 6193 6273 6327 6360 5260 3657 157 4571 305 1428 
0 6132 6178 6238 6277 6339 6386 6410 6432 6421 6398 6054 4547 2972 1431 16133 14388 12565 10776 9083 8192 8192 8346 9668 10947 11826 12707 14855 213 1924 3561 4846 5540 5842 5932 5961 6019 6073 6105 6168 6233 6283 6331 6367 6392 6417 6446 6456 6454 6396 5019 3480 1965 338 14981 13160 11316 9565 8192 8192 8192 8192 8192 8192 8948 11025 12898 14672 8 1705 3351 4685 5408 5746 5922 6022 6084 6076 6085 6123 6186 6235 6279 6297 6325 6342 5630 4091 2530 913 15576 13793 11958 10190 8545 8192 8192 8192 8192 8192 8192 8192 10010 11936 13742 15470 789 2489 4047 5118 5611 5857 6008 6098 6169 6189 6174 6187 6227 6272 6310 5060 3450 1867 161 14789 12976 11147 9444 8192 8192 8192 8192 8192 8192 8192 8192 8286 10534 12417 14210 15938 1264 2923 4425 5317 5718 5921 6067 6159 6221 6266 6301 6285 6283 5050 3423 1820 104 14726 12906 11075 9327 8192 8192 8192 8192 8192 8192 8192 8192 8192 9152 11183 13040 14802 140 1829 3477 4810 5495 5810 5993 6114 6210 6261 6334 6356 5830 4318 2729 1052 15692 13896 12079 10284 8635 8192 8192 8192 8192 8192 8192 8192 8192 8192 9482 11454 13293 15041 373 2060 3685 4942 5563 5846 6016 6142 6232 6291 6337 6122 4664 3071 1429 16076 14295 12470 10676 8983 8192 8192 8192 8192 8192 8192 8192 8192 8192 8561 10717 12599 14372 16095 1412 3081 4554 5392 5762 5966 6100 6193 6270 6333 6162 4724 3135 1495 162 3008 305 1428 
0 2449 2435 2470 2430 2529 2513 2514 2608 2491 2551 2567 2516 2601 2529 2518 2530 2536 2566 2587 2497 2513 2535 2507 2472 2470 2535 2576 2544 2435 2403 2423 2474 2655 2559 2447 2381 2039 1410 71 15951 529 2258 3889 5183 5979 6203 6303 6362 6357 6341 6312 6264 6213 6159 6068 5088 3689 2096 378 15015 13283 11579 9943 8468 9209 9660 11727 13589 15324 680 2386 3969 5125 5726 5998 6060 6098 6149 6190 6251 6302 6347 6395 6417 6427 6421 6386 5477 3986 2448 839 15514 13731 11920 10131 8502 8192 8192 8192 8192 8192 10308 12234 14069 15799 1138 2821 4332 5259 5680 5886 5996 6035 6033 6070 6134 6194 6252 6280 6312 6330 6367 6374 6396 6327 4876 3293 1746 74 14694 12872 11041 9309 8192 8192 8192 8192 8192 8192 8192 10407 12302 14092 15816 1142 2815 4333 5256 5672 5882 6014 6093 6128 6129 6138 6183 6245 6274 6314 6326 4981 3369 1799 110 14726 12912 11079 9339 8192 8192 8192 8192 8192 8192 8192 8192 9067 11118 12981 14740 74 1769 3405 4762 5466 5783 5979 6098 6178 6240 6270 6277 6273 6277 5229 3633 2043 347 14969 13166 11337 9592 8192 8192 8192 8192 8192 8192 8192 8192 8192 8798 10906 12768 14535 16250 1569 3225 4637 5423 5776 5978 6109 6198 6267 6325 6351 5969 4481 2894 1245 15890 14104 12288 10497 8823 8192 8192 8192 8192 8192 8192 8192 8192 8192 8648 10776 12647 14420 16134 1452 3120 4574 5400 5763 5970 6112 171 14274 305 1428 
0 2420 2529 2466 2419 2520 2398 2498 2520 2402 2469 2438 2381 2563 2440 2476 2491 2430 2526 2532 2413 2498 2421 2471 2545 2408 2443 2457 2452 2496 2468 2424 2468 2435 2473 2476 2357 2042 1211 72 16269 1013 2747 4307 5483 6083 6203 6298 6303 6297 6285 6260 6199 6154 6093 6006 4911 3506 1875 130 14779 13038 11348 9742 8385 9297 9601 11027 13091 14859 221 1938 3553 4871 5607 5947 6045 6075 6125 6179 6216 6271 6324 6366 6388 6402 6381 6350 5728 4233 2661 1100 15785 14012 12192 10397 8728 8192 8192 8192 8192 8781 10882 12746 14577 16283 1609 3267 4654 5406 5750 5921 5999 6000 6029 6077 6140 6200 6249 6280 6314 6337 6354 6375 6384 6385 6358 5043 3499 1976 338 14966 13168 11334 9554 8192 8192 8192 8192 8192 8192 8603 10739 12631 14405 16138 1453 3105 4538 5346 5715 5908 6016 6078 6090 6093 6126 6180 6228 6270 6304 6314 6326 5151 3589 2024 357 14992 13179 11345 9578 8192 8192 8192 8192 8192 8192 8192 8192 9698 11662 13487 15232 554 2245 3848 5016 5565 5838 6003 6110 6176 6213 6224 6218 6232 6268 5983 4442 2841 1200 15853 14065 12236 10443 8753 8192 8192 8192 8192 8192 8192 8192 8192 8371 10584 12481 14264 15978 1301 2971 4457 5331 5731 5938 6080 6165 6244 6290 6322 6334 5955 4445 2845 1194 15837 14033 12220 10427 8733 8192 8192 8192 8192 8192 8192 8192 8192 8192 9480 11464 13300 15046 368 2066 3694 4954 5559 176 13683 305 1428 
0 2484 2446 2506 2593 2590 2516 2385 1996 1138 65 204 1557 3257 4703 5715 5818 5648 5656 6015 6164 6183 6242 6225 6203 6169 6119 5987 4751 3332 1709 11 14691 13011 11343 9826 12090 13791 14677 14876 144 1974 3613 4894 5687 6068 6175 6215 6266 6301 6347 6396 6417 6420 6405 6368 5473 4008 2481 877 15559 13804 12032 10280 8690 8648 9016 9756 10633 12168 14140 15891 1210 2899 4404 5368 5832 5989 6030 6077 6127 6180 6222 6269 6340 6375 6422 6445 6449 6181 4668 3078 1527 16227 14463 12662 10895 9061 8192 8192 8192 8192 8192 8226 10480 12371 14181 15906 1230 2900 4402 5283 5683 5885 6003 6058 6049 6068 6127 6190 6239 6277 6303 6317 6351 6370 6222 4702 3105 1541 16240 14472 12645 10811 9085 8192 8192 8192 8192 8192 8192 8192 10362 12280 14066 15804 1128 2807 4311 5248 5671 5890 6019 6095 6141 6122 6145 6186 6239 6280 6317 6155 4625 3020 1419 16089 14316 12481 10682 8959 8192 8192 8192 8192 8192 8192 8192 8192 9973 11901 13711 15443 783 2464 4047 5126 5631 5870 6026 6129 6193 6244 6264 6250 6252 6219 4768 3145 1545 16199 14425 12601 10782 9062 8192 8192 8192 8192 8192 8192 8192 8192 8192 10158 12080 13884 15613 938 2615 4168 5204 5675 5905 6052 6156 6230 6288 6332 6341 5735 4204 2618 935 15579 13783 11946 10158 8512 8192 8192 8192 8192 8192 8192 8192 8192 8192 10077 11999 13805 15535 859 2548 4118 5182 5655 5903 6058 181 13093 305 1428 
0 1489 1611 1612 1668 1511 1475 1597 1530 1571 1565 1484 1625 1575 1564 1648 1554 1577 1572 1499 1601 1635 1588 1613 1535 1607 1613 1603 1641 1639 1667 1626 1685 1636 1697 1638 1367 633 15689 15016 15960 1386 3105 4586 5674 6278 6411 6454 6457 6458 6476 6482 6440 6395 6362 6309 5668 4229 2689 1011 15665 13878 12097 10381 8768 8192 8192 8192 9210 11055 12587 14264 16056 1234 2980 4462 5348 5745 5917 5937 5980 6034 6084 6142 6194 6245 6292 6335 6368 6390 6420 6435 6450 6444 5950 4424 2861 1318 16008 14232 12380 10566 8866 8192 8192 8192 8192 8192 8192 8192 8997 11059 12936 14706 33 1730 3369 4720 5423 5753 5932 6060 6135 6183 6216 6193 6203 6255 6287 5739 4186 2617 976 15630 13853 12029 10213 8567 8192 8192 8192 8192 8192 8192 8192 8192 8192 9159 11199 13064 14818 149 1850 3489 4826 5506 5815 5996 6115 6205 6279 6349 6377 6081 4591 2999 1342 15978 14201 12366 10581 8877 8192 8192 8192 8192 8192 8192 8192 8192 8192 8192 8192 9949 11888 13711 15443 762 2452 4034 5155 5658 5907 6064 6181 6269 5957 4559 3046 1325 16086 14215 12515 10642 9051 8192 8192 8192 8192 8192 8192 8192 8192 8192 8192 8192 8192 10204 12120 13911 15634 959 2645 4208 5248 5711 5944 6099 6204 5456 3975 2451 781 15456 13707 11935 10214 8610 8192 8192 8192 8192 8192 8192 8192 8192 8192 8192 8192 8192 10282 12188 13981 15705 1034 2704 4269 5283 186 12512 305 1428 
0 1047 1264 1206 1510 1467 1094 1312 1331 1362 1576 1241 1220 1341 1232 1465 1321 1185 1428 1257 1366 1360 1168 1392 1331 1288 1339 1164 1265 1380 1357 1418 1173 1238 1426 1302 1148 61 15078 14826 15814 1295 2984 4500 5606 6222 6384 6430 6443 6430 6459 6457 6427 6394 6353 6302 5666 4223 2694 1043 15703 13934 12165 10445 8835 8192 8192 8192 8192 10169 11939 12350 14389 16143 1501 3194 4589 5404 5762 5934 5971 5984 6032 6096 6150 6214 6256 6302 6328 6364 6389 6402 6423 6434 6430 5465 3957 2415 821 15485 13693 11837 10052 8406 8192 8192 8192 8192 8192 8192 8192 9693 11653 13479 15226 551 2238 3830 4996 5546 5813 5977 6079 6143 6184 6194 6187 6210 6253 6291 5077 3448 1867 182 14807 12991 11164 9421 8192 8192 8192 8192 8192 8192 8192 8192 8192 8192 10213 12129 13923 15648 970 2648 4192 5208 5663 5906 6050 6156 6238 6303 6349 6382 5147 3529 1910 191 14815 13012 11198 9464 8192 8192 8192 8192 8192 8192 8192 8192 8192 8192 8192 9385 11377 13212 14955 283 1970 3598 4900 5541 5844 6026 6143 6232 6119 4767 3230 1609 16265 14518 12730 10948 9261 8192 8192 8192 8192 8192 8192 8192 8192 8192 8192 8192 8192 10007 11931 13735 15460 784 2475 4068 5166 5672 5924 6083 6190 5440 3970 2457 784 15456 13713 11922 10208 8597 8192 8192 8192 8192 8192 8192 8192 8192 8192 8192 8192 8192 10295 12193 13976 15696 1015 2701 4254 5273 191 14761 305 1428 
0 8192 8192 9788 11732 13589 15310 634 2321 3923 5089 5621 5879 6046 6148 6213 6261 6299 6292 6291 6315 5342 3765 2173 483 15098 13283 11451 9672 8192 8192 8192 8192 8192 8192 8192 8192 8192 9650 11591 13488 15214 542 2239 3848 5031 5594 5871 6039 6141 6216 6260 6303 6286 6282 6310 5643 4078 2484 817 15450 13642 11803 10029 8314 8192 8192 8192 8192 8192 8192 8192 8192 9290 11225 13197 14901 236 1923 3571 4877 5530 5837 6014 6121 6209 6248 6287 6280 6282 6299 6105 4569 2948 1313 15955 14165 12318 10497 8806 8192 8192 8192 8192 8192 8192 8192 8192 8637 10724 12678 14439 16160 1479 3139 4581 5404 5759 5959 6097 6184 6240 6274 6275 6281 6294 6344 5130 3525 1924 220 14838 13019 11186 9430 8192 8192 8192 8192 8192 8192 8192 8192 8192 10148 12051 13933 15627 943 2627 4194 5222 5685 5908 6066 6161 6226 6265 6290 6269 6277 6319 5859 4306 2710 1048 15689 13892 12042 10246 8569 8192 8192 8192 8192 8192 8192 8192 8192 9220 11192 13110 14878 212 1910 3543 4860 5527 5830 6002 6126 6202 6243 6276 6266 6269 6308 6349 5286 3701 2113 415 15020 13199 11374 9587 8192 8192 8192 8192 8192 8192 8192 8192 8192 10095 11990 13881 15585 911 2601 4162 5210 5674 5905 6056 6153 6218 6263 6271 6261 6276 6314 6347 4951 3326 1725 0 14612 12795 10975 9224 8192 8192 8192 8192 8192 8192 8192 8192 8512 10644 12524 14392 16081 1396 3055 4529 201 4346 305 1428 
0 1366 1455 1442 1434 1413 1263 1378 1382 1557 1593 1412 1551 1542 1638 1667 1410 1499 1521 1514 1639 1449 1423 1518 1529 1641 1540 1443 1464 1406 1411 1400 1449 1523 1596 1552 1228 463 15684 15250 216 2047 3704 5053 5955 6242 6237 6244 6244 6239 6267 6225 6192 6166 6127 6061 5121 3696 2094 357 14983 13214 11462 9760 8253 8192 8192 8192 9683 11526 12808 14779 104 1824 3500 4806 5503 5823 5931 5947 5989 6038 6089 6132 6200 6243 6280 6319 6327 6335 6331 6319 6302 6237 5059 3561 2020 423 15067 13255 11411 9640 8192 8192 8192 8192 8192 8192 8192 8840 10941 12811 14581 16307 1624 3263 4638 5386 5733 5913 6029 6102 6149 6152 6139 6175 6221 6247 6271 5652 4118 2544 914 15559 13780 11938 10158 8495 8192 8192 8192 8192 8192 8192 8192 8192 8192 10404 12300 14082 15809 1134 2805 4319 5264 5689 5912 6050 6158 6230 6284 6324 6342 6335 5265 3662 2068 364 14977 13158 11332 9572 8192 8192 8192 8192 8192 8192 8192 8192 8192 8192 8577 10702 12596 14373 16086 1403 3075 4540 5372 5760 5952 6094 6188 6267 6339 6301 4931 3328 1695 16349 14577 12755 10944 9226 8192 8192 8192 8192 8192 8192 8192 8192 8192 8192 8192 9761 11702 13512 15245 567 2250 3860 5056 5612 5874 6041 6153 6253 6298 5133 3556 1963 239 14889 13107 11315 9577 8192 8192 8192 8192 8192 8192 8192 8192 8192 8192 8192 8643 10775 12656 14426 16140 1454 3113 4583 206 6695 305 1428 
0 8192 8804 10862 12856 14577 16295 1616 3277 4691 5447 5781 5980 6102 6184 6251 6288 6306 6292 6302 6224 4759 3115 1498 16139 14346 12515 10704 8975 8192 8192 8192 8192 8192 8192 8192 8192 8192 10062 12006 13847 15567 884 2560 4125 5183 5664 5903 6057 6156 6214 6261 6294 6300 6294 6310 5535 3994 2402 721 15356 13542 11703 9926 8297 8192 8192 8192 8192 8192 8192 8192 8192 9011 11011 12961 14699 30 1728 3381 4752 5469 5796 5983 6107 6197 6246 6291 6291 6283 6288 6308 5065 3467 1873 169 14786 12952 11108 9355 8192 8192 8192 8192 8192 8192 8192 8192 8192 9788 11715 13659 15311 644 2359 3935 5099 5611 5889 6021 6144 6206 6256 6286 6277 6280 6299 6243 4767 3136 1524 16172 14389 12551 10729 9004 8192 8192 8192 8192 8192 8192 8192 8192 8192 10256 12177 14053 15737 1059 2737 4278 5254 5696 5916 6072 6162 6234 6262 6289 6275 6281 6309 6195 4697 3069 1451 16104 14318 12476 10654 8952 8192 8192 8192 8192 8192 8192 8192 8192 8230 10435 12337 14216 15905 1216 2884 4402 5315 5723 5940 6081 6167 6224 6274 6281 6260 6286 6312 6307 4894 3264 1651 16316 14536 12698 10882 9162 8192 8192 8192 8192 8192 8192 8192 8192 8192 10300 12193 14051 15784 1097 2772 4310 5275 5704 5926 6068 6160 6218 6260 6272 6261 6273 6312 6348 5471 3911 2310 632 15254 13448 11596 9813 8213 8192 8192 8192 8192 8192 8192 8192 8192 9574 11514 13339 15114 442 212 2655 305 1428 
0 2314 2456 2486 2352 2283 2279 2390 2476 2419 2350 2317 2380 2410 2359 2338 2329 2409 2429 2286 2291 2304 2413 2525 2368 2347 2439 2501 2536 2327 2163 2245 2217 2139 2113 2095 2177 1871 908 16372 287 1802 3507 4906 5777 5972 6077 6121 6099 6096 6074 6028 5974 5930 5872 5666 4240 2730 1019 15654 13914 12188 10533 8988 8801 9452 9640 11842 13697 15457 806 2495 4072 5188 5746 5995 6031 6067 6108 6153 6183 6228 6264 6264 6260 6235 6192 6135 5055 3572 2033 410 15056 13254 11415 9659 8192 8192 8192 8192 8192 8988 11062 12941 14751 82 1783 3432 4760 5452 5762 5933 6012 6013 6024 6078 6134 6200 6226 6268 6283 6295 6310 6302 6295 6264 6211 5049 3543 2007 399 15040 13238 11392 9622 8192 8192 8192 8192 8192 8192 8192 10236 12152 13956 15685 1010 2687 4208 5189 5630 5858 5989 6058 6100 6085 6110 6146 6197 6233 6264 6266 6272 6048 4529 2934 1365 16058 14290 12454 10646 8926 8192 8192 8192 8192 8192 8192 8192 8192 10352 12246 14044 15768 1094 2769 4289 5243 5675 5887 6030 6127 6179 6215 6236 6213 6232 6257 5656 4125 2540 889 15517 13729 11890 10105 8453 8192 8192 8192 8192 8192 8192 8192 8192 8661 10790 12697 14350 16194 1401 3143 4535 5390 5735 5958 6068 6177 6229 6290 6316 6316 5976 4487 2881 1239 15879 14089 12253 10457 8776 8192 8192 8192 8192 8192 8192 8192 8192 8192 9289 11291 13138 14886 212 1903 3537 4851 217 4523 305 1428 
0 8192 8192 8192 8192 8192 9942 11867 13670 15395 720 2410 3995 5135 5647 5896 6048 6156 6248 6296 6363 6372 5574 4036 2463 777 15403 13597 11768 10001 8373 8192 8192 8192 8192 8192 8192 8192 8192 8192 10102 12020 13815 15544 857 2536 4114 5178 5677 5918 6067 6170 6241 6302 6334 6378 5590 4047 2461 776 15399 13594 11765 9970 8358 8192 8192 8192 8192 8192 8192 8192 8192 8192 10086 11998 13804 15531 857 2541 4124 5185 5669 5918 6064 6170 6256 6306 6353 6368 5660 4122 2534 841 15473 13658 11820 10049 8388 8192 8192 8192 8192 8192 8192 8192 8192 8192 10009 11929 13744 15479 802 2500 4082 5164 5659 5904 6064 6164 6251 6302 6346 6372 5734 4196 2603 917 15543 13745 11912 10121 8498 8192 8192 8192 8192 8192 8192 8192 8192 8192 9955 11876 13701 15428 749 2433 4023 5132 5646 5903 6055 6169 6244 6305 6349 6373 5883 4376 2781 1118 15755 13958 12128 10312 8643 8192 8192 8192 8192 8192 8192 8192 8192 8192 9812 11743 13566 15285 629 2313 3912 5079 5625 5876 6048 6148 6234 6272 6343 6362 6124 4630 3017 1373 16014 14225 12407 10602 8888 8192 8192 8192 8192 8192 8192 8192 8192 8192 9580 11532 13363 15111 432 2128 3742 4972 5584 5857 6037 6147 6232 6286 6328 6362 6327 4967 3344 1720 16373 14596 12780 10956 9223 8192 8192 8192 8192 8192 8192 8192 8192 8192 9115 11171 13022 14775 109 1811 3464 4813 5500 5828 6006 6128 6211 6280 222 5559 305 1428 
0 1434 1392 1378 1343 1406 1442 1454 1445 1382 1453 1431 1355 1432 1434 1472 1509 1306 1449 1415 1413 1517 1308 1402 1488 1457 1488 1296 1256 1429 1507 1594 1452 1370 1460 1458 1343 225 15215 14917 16109 1573 3261 4700 5750 6151 6149 6172 6150 6154 6173 6147 6116 6087 6049 5997 5456 4025 2465 746 15366 13598 11829 10132 8552 8192 8192 8192 8406 10545 12267 13004 15096 419 2147 3760 4966 5576 5832 5961 5966 5988 6042 6109 6160 6200 6234 6271 6279 6285 6291 6285 6273 6230 6191 6044 4631 3092 1580 16325 14562 12719 10867 9122 8192 8192 8192 8192 8192 8192 8192 8651 10794 12686 14455 16185 1502 3152 4555 5349 5711 5900 6029 6098 6149 6175 6159 6167 6198 6222 6237 5270 3721 2159 491 15120 13319 11475 9708 8192 8192 8192 8192 8192 8192 8192 8192 8192 8192 10108 12038 13851 15580 898 2587 4143 5185 5656 5885 6041 6143 6227 6284 6327 6361 6354 5078 3447 1840 110 14717 12881 11069 9333 8192 8192 8192 8192 8192 8192 8192 8192 8192 8192 8192 10048 11968 13772 15498 825 2514 4090 5173 5654 5906 6057 6164 6245 6319 6174 4766 3181 1543 16192 14423 12610 10825 9125 8192 8192 8192 8192 8192 8192 8192 8192 8192 8192 8192 9041 11092 12952 14706 28 1728 3384 4771 5492 5814 6008 6132 6218 6274 5042 3484 1886 180 14815 13035 11209 9488 8192 8192 8192 8192 8192 8192 8192 8192 8192 8192 8192 8192 10044 11958 13765 15481 801 233 12516 305 1428 
0 12040 13914 15669 971 2644 4200 5218 5684 5913 6064 6157 6220 6248 6256 6239 6272 6317 6353 5540 3969 2388 707 15348 13536 11699 9910 8300 8192 8192 8192 8192 8192 8192 8192 8192 9830 11705 13524 15301 634 2332 3929 5081 5617 5876 6040 6134 6204 6236 6244 6237 6272 6313 6348 6389 5442 3870 2283 607 15239 13431 11594 9819 8217 8192 8192 8192 8192 8192 8192 8192 8192 9991 11110 11306 10246 9029 8911 9276 8305 8192 8192 8192 8192 8192 8192 8192 8192 8192 8192 8192 8192 8192 8192 8192 8192 8192 8192 8192 8192 8192 8192 8192 8192 8192 8192 8192 8192 8194 8212 8227 8254 8268 8282 8312 8330 8353 8360 8383 8396 8417 8448 8478 8487 8522 8539 8578 8623 8664 8721 8791 8857 8962 9041 9130 9210 9269 9355 9418 9491 9534 9598 9659 9702 9753 9812 9848 9908 9943 9985 10035 10075 10120 10148 10171 10208 10262 10277 10326 10350 10386 10417 10432 10484 10499 10526 10552 10553 10582 10619 10617 10643 10676 10697 10734 10757 10778 10821 10851 10874 10878 10901 10912 10937 10944 10963 10989 10989 11022 11038 11049 11075 11096 11117 11137 11141 11171 11184 11198 11235 11233 11255 11275 11287 11306 11320 11331 11341 11351 11371 11393 11415 11425 11443 11468 11469 11483 11502 11520 11532 11543 11555 11569 11594 11606 11614 11635 11649 11668 11676 11679 11699 11732 11733 11753 11737 11775 11803 11807 11832 11827 11826 11873 11869 11889 11904 11896 11939 11960 11957 11967 11971 11995 12024 12025 12022 12049 238 9049 305 1428 
0 2109 3733 4970 5566 5851 6022 6135 6222 6296 6350 5958 4496 2909 1252 15883 14094 12273 10470 8805 8192 8192 8192 8192 8192 8192 8192 8192 8192 8192 8192 10169 12072 13868 15594 912 2593 4151 5204 5673 5919 6078 6183 6260 6303 5050 3479 1874 167 14799 12999 11216 9497 8192 8192 8192 8192 8192 8192 8192 8192 8192 8192 8192 8644 10770 12647 14411 16114 1425 3081 4563 5403 5775 5981 6116 6213 6284 5147 3601 2021 314 14949 13175 11381 9663 8192 8192 8192 8192 8192 8192 8192 8192 8192 8192 8192 8192 10319 12278 14024 15771 1075 2774 4298 5292 5720 5946 6090 6200 6278 5214 3657 2082 378 15013 13225 11430 9701 8192 8192 8192 8192 8192 8192 8192 8192 8192 8192 8192 8192 10289 12195 13983 15707 1026 2701 4257 5268 5715 5949 6092 6192 6271 5329 3796 2231 529 15170 13398 11599 9873 8297 8192 8192 8192 8192 8192 8192 8192 8192 8192 8192 8192 10263 12165 13950 15669 992 2671 4229 5257 5712 5943 6091 6200 6277 5513 4050 2494 813 15463 13689 11886 10129 8517 8192 8192 8192 8192 8192 8192 8192 8192 8192 8192 8192 10120 12034 13834 15556 875 2560 4138 5206 5690 5934 6085 6190 6271 5772 4352 2812 1151 15788 14017 12211 10445 8784 8192 8192 8192 8192 8192 8192 8192 8192 8192 8192 8192 9906 11841 13650 15372 697 2391 3978 5119 5657 5915 6072 6178 6260 6069 4709 3158 1524 16175 14413 12619 10825 9145 8192 8192 8192 8192 8192 8192 243 8445 305 1428 
0 6199 6226 6201 6207 6218 6178 6155 6111 6063 5870 4455 2948 1277 15900 14133 12344 10609 8999 8192 8192 8192 8192 9985 11831 13210 15169 448 2136 3785 4991 5594 5858 5931 5937 5987 6041 6090 6137 6201 6237 6268 6304 6313 6317 6303 6303 6271 6117 4650 3092 1572 16300 14544 12723 10902 9157 8192 8192 8192 8192 8192 8192 8192 8685 10814 12679 14457 16170 1487 3134 4554 5350 5699 5899 6030 6107 6163 6177 6162 6179 6207 6245 6242 4892 3280 1701 16382 14621 12811 10987 9244 8192 8192 8192 8192 8192 8192 8192 8192 8192 8977 11038 12901 14662 16370 1696 3342 4719 5443 5773 5965 6096 6184 6252 6290 6338 6350 5545 3997 2422 721 15352 13554 11715 9953 8330 8192 8192 8192 8192 8192 8192 8192 8192 8192 8192 9539 11517 13343 15080 406 2104 3722 4971 5569 5852 6025 6141 6223 6302 6018 4607 3045 1399 16045 14277 12468 10675 9008 8192 8192 8192 8192 8192 8192 8192 8192 8192 8192 8192 9308 11321 13162 14897 223 1926 3563 4872 5541 5849 6018 6140 6234 5649 4248 2724 1061 15718 13960 12169 10412 8764 8192 8192 8192 8192 8192 8192 8192 8192 8192 8192 8192 8901 10979 12837 14600 16314 1631 3288 4706 5474 5814 6007 6135 6229 5248 3733 2175 490 15145 13373 11599 9867 8298 8192 8192 8192 8192 8192 8192 8192 8192 8192 8192 8192 9536 11503 13338 15072 406 2105 3728 4986 5596 5879 6049 6166 6042 4788 3191 1648 16308 14567 12791 11008 9329 248 12719 305 1428 
0 8192 8192 8192 9242 11299 13153 14900 226 1921 3556 4861 5527 5827 6019 6131 6207 6260 6301 6329 6310 6265 4867 3240 1630 16284 14506 12685 10858 9115 8192 8192 8192 8192 8192 8192 8192 8192 8192 9826 11848 13641 15372 698 2388 3985 5119 5628 5889 6042 6156 6229 6272 6302 6326 6310 6130 4615 2997 1352 15999 14209 12370 10587 8852 8192 8192 8192 8192 8192 8192 8192 8192 8192 10180 12184 13944 15675 989 2683 4237 5239 5691 5921 6070 6169 6232 6282 6315 6313 6302 5964 4446 2834 1193 15832 14027 12198 10388 8695 8192 8192 8192 8192 8192 8192 8192 8192 8209 10410 12414 14160 15878 1195 2874 4396 5315 5727 5935 6090 6173 6241 6284 6311 6310 6306 5996 4464 2853 1211 15857 14051 12212 10401 8707 8192 8192 8192 8192 8192 8192 8192 8192 8233 10426 12424 14178 15894 1208 2880 4391 5313 5726 5940 6088 6171 6240 6288 6322 6309 6310 6105 4581 2969 1338 15985 14194 12359 10538 8828 8192 8192 8192 8192 8192 8192 8192 8192 8192 10364 12336 14117 15842 1159 2835 4349 5296 5721 5937 6086 6178 6241 6275 6339 6264 6319 6277 4861 3228 1618 16276 14481 12671 10851 9124 8192 8192 8192 8192 8192 8192 8192 8192 8192 10126 12078 13899 15623 938 2616 4170 5209 5675 5907 6065 6161 6226 6273 6301 6296 6298 6323 5136 3552 1964 259 14880 13046 11225 9456 8192 8192 8192 8192 8192 8192 8192 8192 8192 9781 11716 13603 15313 638 2334 3933 5086 5622 253 6411 305 1428 
0 8192 8192 8192 8192 8192 9616 11556 13391 15138 468 2163 3786 5006 5588 5862 6028 6144 6227 6283 6332 6363 5925 4414 2815 1155 15793 13996 12154 10373 8712 8192 8192 8192 8192 8192 8192 8192 8192 8192 9846 11773 13601 15338 651 2343 3947 5098 5625 5878 6040 6196 6192 6328 6317 6382 5838 4332 2731 1065 15707 13905 12074 10290 8615 8192 8192 8192 8192 8192 8192 8192 8192 8192 10001 11905 13716 15445 769 2455 4046 5142 5644 5896 6051 6160 6239 6288 6338 6357 5845 4330 2746 1073 15710 13904 12097 10295 8636 8192 8192 8192 8192 8192 8192 8192 8192 8192 10057 11963 13767 15497 811 2515 4087 5161 5656 5902 6050 6164 6241 6304 6337 6354 5846 4329 2732 1066 15697 13903 12081 10302 8649 8192 8192 8192 8192 8192 8192 8192 8192 8192 10101 12002 13809 15536 854 2529 4109 5178 5656 5902 6059 6169 6239 6297 6323 6364 5906 4390 2801 1142 15786 13985 12169 10362 8686 8192 8192 8192 8192 8192 8192 8192 8192 8192 10050 11940 13762 15491 808 2497 4085 5175 5655 5899 6060 6173 6241 6293 6333 6346 6126 4617 3008 1361 16003 14209 12372 10576 8874 8192 8192 8192 8192 8192 8192 8192 8192 8192 9853 11760 13578 15313 645 2330 3932 5081 5619 5880 6043 6150 6229 6290 6325 6345 6296 4893 3267 1646 16298 14519 12708 10888 9162 8192 8192 8192 8192 8192 8192 8192 8192 8192 9547 11516 13349 15086 424 2127 3751 4987 5584 5854 6022 6146 6221 6287 263 14432 305 1428 
0 1717 1821 2099 2551 2786 2672 2525 2263 2174 1987 1868 2042 2344 2673 2736 2385 2175 1966 2037 2176 2068 2321 2534 2630 2614 2068 1930 2028 2036 2319 2243 2296 2688 2605 2466 2017 1245 768 16070 16104 1109 2831 4365 5532 6146 6280 6370 6360 6342 6341 6310 6260 6201 6140 5871 4445 2975 1302 15951 14208 12491 10839 9239 8511 9354 9704 11719 13588 15338 691 2394 3971 5138 5728 5991 6048 6083 6136 6180 6240 6289 6339 6387 6414 6434 6414 6393 5874 4360 2796 1240 15927 14162 12353 10550 8858 8192 8192 8192 8192 8192 10358 12248 14116 15824 1151 2834 4336 5257 5678 5890 5990 6018 6020 6062 6137 6190 6244 6276 6303 6327 6353 6376 6385 6384 5283 3745 2206 577 15231 13437 11603 9812 8217 8192 8192 8192 8192 8192 8192 10130 12049 13853 15591 923 2613 4165 5171 5628 5856 5995 6076 6117 6095 6123 6169 6232 6272 6307 6331 5891 4344 2761 1156 15817 14030 12199 10390 8696 8192 8192 8192 8192 8192 8192 8192 8207 10453 12347 14147 15875 1192 2860 4369 5277 5696 5913 6055 6141 6196 6247 6244 6235 6260 6219 4763 3148 1533 16201 14438 12601 10786 9074 8192 8192 8192 8192 8192 8192 8192 8192 8192 10009 11929 13735 15458 775 2465 4044 5141 5639 5884 6040 6143 6224 6288 6376 6296 5881 4301 2765 1069 15729 13918 12107 10323 8651 8192 8192 8192 8192 8192 8192 8192 8192 8192 9520 11485 13317 15052 377 2064 3690 4949 5564 5852 6013 269 3288 305 1428 
0 8192 8464 10612 12525 14350 16064 1394 3068 4539 5371 5760 5965 6101 6184 6234 6273 6270 6272 6292 6338 5271 3681 2084 383 14996 13158 11331 9566 8192 8192 8192 8192 8192 8192 8192 8192 8192 10075 11976 13883 15581 897 2591 4157 5191 5673 5906 6062 6160 6211 6272 6269 6265 6287 6317 5888 4340 2737 1081 15726 13936 12104 10282 8628 8192 8192 8192 8192 8192 8192 8192 8192 9367 11321 13225 14989 320 2027 3657 4918 5555 5842 6021 6130 6197 6247 6268 6249 6273 6301 6359 5162 3550 1956 249 14852 13038 11198 9429 8192 8192 8192 8192 8192 8192 8192 8192 8206 10436 12318 14190 15882 1204 2890 4397 5316 5726 5947 6083 6164 6221 6257 6252 6252 6280 6335 6133 4586 2960 1340 15994 14208 12378 10553 8861 8192 8192 8192 8192 8192 8192 8192 8192 9212 11185 13062 14881 189 1887 3524 4845 5520 5829 6001 6136 6130 6272 6217 6268 6234 6321 6329 5784 4195 2624 952 15608 13793 11959 10172 8516 8192 8192 8192 8192 8192 8192 8192 8192 9832 11712 13577 15375 685 2374 3965 5098 5627 5893 6039 6145 6200 6239 6236 6235 6270 6313 6363 5780 4225 2624 977 15614 13807 11981 10183 8535 8192 8192 8192 8192 8192 8192 8192 8192 9878 11704 13493 15280 620 2309 3909 5078 5614 5879 6051 6136 6197 6226 6215 6225 6271 6316 6359 6392 5112 3505 1914 205 14819 12987 11163 9410 8192 8192 8192 8192 8192 8192 8192 8192 8903 10769 11910 12749 12841 11406 273 16322 305 1428 
0 2285 2204 2227 2380 2226 2289 2250 2198 2325 2202 2266 2270 2232 2247 2189 2249 2301 2255 2324 2230 2229 2269 2221 2244 2229 2178 2279 2279 2257 2251 2155 2263 2317 2343 2300 2136 1851 1262 268 16190 802 2538 4137 5374 6046 6199 6306 6318 6294 6300 6277 6222 6176 6116 6038 4954 3550 1932 194 14837 13107 11425 9817 8351 9419 9580 10341 12396 14217 15977 1332 2978 4464 5407 5856 6021 6051 6110 6155 6187 6239 6301 6354 6389 6398 6397 6381 6235 4775 3214 1683 23 14649 12826 11020 9298 8192 8192 8192 8192 8192 8640 10747 12715 14466 16206 1531 3191 4603 5378 5739 5917 6016 6040 6029 6073 6142 6194 6244 6277 6312 6335 6347 6359 6363 5676 4146 2585 1000 15670 13876 12046 10234 8570 8192 8192 8192 8192 8192 8192 9211 11233 13084 14848 177 1871 3501 4806 5470 5772 5947 6048 6104 6122 6119 6151 6199 6256 6284 6310 6228 4759 3145 1556 16240 14470 12657 10832 9116 8192 8192 8192 8192 8192 8192 8192 8192 9687 11639 13463 15201 531 2224 3830 5014 5574 5838 6002 6114 6178 6229 6262 6257 6257 6283 5215 3631 2054 357 14984 13162 11323 9579 8192 8192 8192 8192 8192 8192 8192 8192 8192 9161 11194 13047 14800 124 1830 3477 4805 5506 5808 5989 6114 6197 6267 6303 6354 6322 4946 3331 1709 16364 14587 12773 10944 9233 8192 8192 8192 8192 8192 8192 8192 8192 8192 8421 10617 12508 14283 15998 1316 2989 4471 5346 5747 5943 278 16132 305 1428 
0 8192 8192 8192 8192 8192 8192 8192 9433 11420 13271 15018 343 2040 3675 4944 5559 5855 6030 6139 6224 6294 6348 5605 4082 2507 807 15433 13640 11814 10039 8432 8192 8192 8192 8192 8192 8192 8192 8192 8192 8921 10991 12857 14625 16337 1647 3296 4696 5454 5792 5992 6120 6219 6288 6333 5882 4421 2843 1162 15804 14031 12202 10421 8755 8192 8192 8192 8192 8192 8192 8192 8192 8192 8428 10629 12508 14279 15989 1314 2985 4488 5370 5749 5963 6086 6200 6268 6330 6192 4768 3172 1528 16170 14403 12596 10787 9082 8192 8192 8192 8192 8192 8192 8192 8192 8192 8192 10169 12089 13892 15616 940 2627 4187 5223 5689 5916 6069 6179 6252 6308 6367 5284 3696 2095 373 14973 13163 11342 9604 8192 8192 8192 8192 8192 8192 8192 8192 8192 8192 9537 11500 13340 15087 413 2118 3737 4974 5580 5860 6031 6143 6231 6307 6348 5550 4045 2452 745 15371 13572 11740 9995 8384 8192 8192 8192 8192 8192 8192 8192 8192 8192 9008 11071 12928 14687 12 1717 3369 4747 5477 5812 5999 6123 6209 6278 6348 5843 4377 2792 1124 15754 13959 12160 10392 8715 8192 8192 8192 8192 8192 8192 8192 8192 8192 8478 10663 12549 14329 16046 1363 3032 4515 5371 5752 5964 6097 6206 6262 6321 6076 4641 3049 1391 16038 14259 12437 10643 8972 8192 8192 8192 8192 8192 8192 8192 8192 8192 8192 10310 12215 14003 15720 1038 2714 4265 5265 5707 5925 6071 6184 6265 6309 6332 5001 3407 283 15097 305 1428 
0 8192 8192 8192 8192 8192 8192 8857 10944 12819 14588 16311 1622 3281 4694 5452 5794 5979 6110 6203 6275 6331 6370 5344 3753 2158 439 15060 13247 11436 9681 8192 8192 8192 8192 8192 8192 8192 8192 8192 8192 10244 12158 13953 15678 998 2686 4242 5252 5691 5921 6079 6171 6254 6310 6355 5865 4368 2782 1102 15736 13950 12138 10336 8682 8192 8192 8192 8192 8192 8192 8192 8192 8192 9471 11446 13285 15035 363 2054 3682 4947 5558 5848 6020 6144 6230 6286 6328 6346 5018 3406 1782 57 14720 12749 11127 9249 8192 8192 8192 8192 8192 8192 8192 8192 8192 8538 10698 12577 14357 16066 1387 3052 4523 5368 5753 5956 6102 6200 6268 6320 6360 5596 4065 2476 773 15414 13617 11794 10019 8401 8192 8192 8192 8192 8192 8192 8192 8192 8192 9924 11863 13687 15416 745 2442 4030 5134 5638 5892 6053 6163 6247 6298 6355 6186 4719 3118 1475 16120 14330 12506 10708 8990 8192 8192 8192 8192 8192 8192 8192 8192 8192 9025 11066 12933 14690 13 1710 3345 4735 5465 5806 5995 6121 6216 6281 6334 6372 5391 3826 2228 520 15149 13341 11533 9778 8193 8192 8192 8192 8192 8192 8192 8192 8192 8192 10260 12167 13963 15681 1001 2693 4241 5246 5697 5925 6079 6177 6254 6305 6354 6036 4553 2964 1303 15937 14158 12336 10536 8833 8192 8192 8192 8192 8192 8192 8192 8192 8192 9270 11280 13129 14879 206 1908 3544 4865 5526 5829 6009 6124 6218 6290 6334 6377 5311 294 9871 305 1428 
0 1409 1576 1588 1398 1570 1524 1519 1623 1476 1481 1506 1436 1487 1507 1509 1509 1491 1519 1528 1562 1503 1506 1533 1509 1514 1522 1522 1546 1614 1521 1468 1480 1501 1644 1569 1307 866 16078 15074 15463 653 2439 4048 5286 6089 6366 6407 6433 6429 6424 6433 6395 6370 6341 6292 5767 4322 2792 1146 15789 14036 12244 10529 8928 8192 8192 8192 9027 10670 12281 14096 15853 1111 2803 4351 5314 5748 5916 5940 5986 6039 6083 6133 6187 6251 6303 6339 6374 6404 6415 6423 6432 6386 5003 3434 1905 260 14886 13069 11223 9476 8192 8192 8192 8192 8192 8192 8192 8956 11034 12905 14671 6 1707 3347 4709 5420 5744 5927 6045 6114 6162 6156 6151 6198 6228 6285 6025 4494 2900 1298 15970 14183 12363 10549 8869 8192 8192 8192 8192 8192 8192 8192 8192 8192 9821 11766 13589 15318 642 2321 3912 5075 5598 5862 6025 6140 6217 6273 6318 6366 6136 4637 3044 1401 16051 14261 12451 10641 8946 8192 8192 8192 8192 8192 8192 8192 8192 8192 8192 8806 10900 12773 14533 16239 1554 3205 4640 5427 5779 5976 6114 6214 6286 5890 4467 2924 1270 15925 14155 12368 10583 8897 8192 8192 8192 8192 8192 8192 8192 8192 8192 8192 8192 9478 11465 13295 15035 355 2058 3678 4961 5577 5867 6041 6154 6244 5121 3603 2032 333 14982 13210 11449 9718 8192 8192 8192 8192 8192 8192 8192 8192 8192 8192 8192 8192 9725 11670 13488 15219 549 2243 3854 5061 5622 5895 299 15554 305 1428 
0 1586 1569 1382 1521 1850 1877 1832 1650 1521 1689 1761 1487 1460 1405 1515 1817 1618 1358 1399 1442 2241 2219 1403 1034 1194 1907 2260 1779 939 1178 1850 2215 1354 16360 14957 15479 642 2430 4041 5301 6089 6324 6289 6310 6310 6308 6319 6288 6259 6221 6172 6078 4817 3367 1745 1 14621 12835 11090 9430 8192 8192 8192 8369 10032 11844 13403 15304 617 2319 3928 5074 5630 5882 5930 5962 6014 6058 6101 6162 6215 6265 6311 6338 6353 6370 6363 6359 6326 5327 3828 2285 694 15363 13564 11719 9950 8308 8192 8192 8192 8192 8192 8192 8251 10488 12381 14154 15885 1206 2873 4353 5259 5664 5879 6010 6088 6152 6162 6153 6170 6225 6247 6269 5782 4174 2657 969 15670 13829 12049 10229 8577 8192 8192 8192 8192 8192 8192 8192 8192 8192 10287 12200 13995 15715 1041 2726 4267 5236 5679 5901 6048 6152 6219 6285 6323 6356 6348 5158 3526 1928 220 14831 13012 11186 9468 8192 8192 8192 8192 8192 8192 8192 8192 8192 8192 8413 10613 12499 14265 15981 1305 2968 4463 5344 5741 5948 6088 6186 6265 6336 5947 4496 2931 1270 15920 14138 12338 10558 8878 8192 8192 8192 8192 8192 8192 8192 8192 8192 8192 8192 10075 12003 13812 15530 855 2539 4111 5188 5674 5921 6076 6183 6261 5830 4439 2901 1249 15905 14132 12330 10570 8922 8192 8192 8192 8192 8192 8192 8192 8192 8192 8192 8192 9273 11274 13118 14864 183 1880 3510 4851 5533 5843 6024 6153 304 14283 305 1428 
0 2372 2496 2462 2379 2395 2477 2474 2337 2150 2141 2187 2154 2088 2038 2164 2388 2511 2551 2616 2585 2650 2544 2380 2377 2293 2320 2252 2112 2195 2218 2246 2318 2260 2362 2467 2402 2364 1658 383 15928 2 1678 3380 4803 5787 6148 6251 6304 6280 6272 6259 6223 6171 6111 6056 5515 4085 2553 846 15477 13740 12015 10376 8846 9085 9529 10041 12354 14138 15892 1245 2922 4417 5374 5844 6020 6049 6091 6151 6191 6235 6298 6340 6387 6390 6391 6372 6323 5267 3770 2233 603 15264 13459 11641 9883 8264 8192 8192 8192 8192 8192 9997 11942 13781 15522 853 2540 4100 5143 5622 5857 5979 6036 6030 6060 6111 6176 6228 6266 6283 6306 6336 6348 6360 6301 4870 3289 1745 72 14702 12878 11060 9288 8192 8192 8192 8192 8192 8192 8192 10285 12187 14012 15734 1066 2731 4252 5215 5654 5874 6007 6077 6119 6116 6132 6176 6225 6266 6304 6308 5260 3700 2141 468 15104 13292 11457 9694 8192 8192 8192 8192 8192 8192 8192 8192 8641 10777 12659 14436 16155 1472 3147 4574 5370 5736 5933 6070 6157 6214 6264 6270 6254 6275 5694 4157 2573 918 15556 13763 11934 10135 8493 8192 8192 8192 8192 8192 8192 8192 8192 8192 10396 12295 14087 15808 1125 2793 4316 5265 5698 5922 6063 6171 6243 6291 6329 6367 5313 3720 2135 429 15043 13238 11435 9678 8192 8192 8192 8192 8192 8192 8192 8192 8192 8192 9975 11896 13707 15425 740 2431 4013 5134 5632 5892 4 12010 305 2026 
0 2314 2378 2157 2091 2099 2252 2452 2337 2250 2143 2165 2313 2273 2271 2188 2194 2349 2263 2135 2072 2130 2374 2355 2130 2096 2149 2374 2411 2142 2110 2110 2301 2405 2218 2202 2214 1985 1230 16244 15720 471 2240 3865 5165 6006 6253 6319 6330 6316 6321 6289 6246 6188 6145 6063 5132 3729 2136 416 15060 13328 11628 9988 8497 9303 9560 9634 11647 13567 15332 681 2363 3953 5133 5737 5991 6042 6080 6128 6175 6224 6281 6328 6369 6391 6401 6388 6331 5024 3487 1959 312 14946 13152 11337 9601 8192 8192 8192 8192 8192 8192 9146 11216 13061 14822 159 1862 3515 4801 5465 5775 5943 6032 6083 6076 6093 6140 6199 6256 6292 6309 6332 6338 6024 4478 2873 1290 15970 14175 12405 10424 8909 8192 8192 8192 8192 8192 8192 8192 9772 11719 13559 15297 637 2332 3918 5049 5588 5833 5995 6095 6152 6177 6165 6186 6224 6268 6305 5498 3944 2363 700 15341 13539 11701 9931 8308 8192 8192 8192 8192 8192 8192 8192 8192 9693 11642 13466 15203 535 2214 3819 5016 5581 5848 6008 6119 6203 6258 6297 6305 6287 5544 3994 2416 740 15374 13583 11767 9983 8365 8192 8192 8192 8192 8192 8192 8192 8192 8192 10067 11987 13796 15525 854 2542 4106 5175 5657 5905 6053 6161 6240 6295 6350 6098 4641 3045 1403 16050 14280 12455 10663 8972 8192 8192 8192 8192 8192 8192 8192 8192 8192 8192 10304 12209 13998 15717 1035 2715 4254 5253 5701 5923 6071 6179 9 13993 305 2026 
0 2192 2145 2212 2422 2388 2346 2427 2384 2502 2248 2108 2128 2248 2367 2280 2132 2171 2219 2353 2304 2241 2330 2319 2376 2258 2139 2275 2286 2304 2342 2151 2248 2290 2243 2337 2162 1670 648 15645 15949 1138 2900 4413 5563 6156 6306 6325 6330 6321 6318 6284 6243 6198 6146 6070 4992 3580 1949 218 14854 13112 11401 9765 8310 9338 9363 9312 9957 12380 14161 15906 1221 2887 4402 5383 5871 6010 6054 6109 6147 6197 6231 6280 6336 6368 6399 6393 6387 5568 4056 2510 908 15569 13780 11957 10168 8530 8192 8192 8192 8192 8192 8192 10137 12049 13863 15598 935 2612 4153 5168 5630 5866 5997 6074 6093 6076 6120 6172 6218 6267 6286 6322 6330 6335 5394 3848 2279 644 15303 13497 11662 9891 8258 8192 8192 8192 8192 8192 8192 8192 10316 12209 14006 15722 1056 2725 4256 5222 5653 5885 6016 6112 6164 6175 6172 6188 6243 6275 6312 5101 3506 1929 231 14855 13046 11229 9456 8192 8192 8192 8192 8192 8192 8192 8192 8192 10023 11945 13749 15475 799 2483 4054 5126 5636 5878 6030 6142 6203 6266 6307 6325 6305 5358 3787 2201 505 15136 13329 11505 9747 8192 8192 8192 8192 8192 8192 8192 8192 8192 8192 10112 12039 13848 15568 886 2579 4142 5193 5663 5905 6058 6162 6240 6299 6348 6169 4703 3110 1464 16112 14329 12515 10707 9005 8192 8192 8192 8192 8192 8192 8192 8192 8192 8192 10088 12002 13808 15532 861 2543 4114 5183 5665 5908 6060 19 11241 305 2026 
0 1703 2289 2725 2977 3073 2712 2363 1798 1436 1592 1850 2465 2958 3066 2984 2470 2118 1799 1589 1729 1962 2406 2702 2612 2486 2251 2288 2415 2358 2408 2517 2638 2844 2463 2084 1680 1062 334 15728 16203 1490 3206 4661 5720 6198 6327 6371 6372 6361 6354 6323 6261 6208 6149 5699 4257 2746 1067 15709 13977 12257 10586 9037 8859 9490 9670 11375 13354 15124 485 2177 3771 5023 5682 5967 6046 6078 6130 6171 6225 6277 6329 6381 6416 6420 6435 6399 5331 3825 2296 671 15333 13543 11724 9964 8346 8192 8192 8192 8192 8192 9074 11186 13012 14777 118 1820 3455 4781 5457 5773 5936 6028 6068 6055 6096 6144 6205 6258 6282 6310 6337 6354 6326 4900 3305 1755 81 14699 12910 11042 9309 8192 8192 8192 8192 8192 8192 8192 9545 11519 13352 15104 435 2130 3728 4944 5536 5814 5974 6087 6134 6158 6149 6169 6217 6267 6307 6007 4464 2862 1249 15916 14126 12308 10492 8806 8192 8192 8192 8192 8192 8192 8192 8192 9286 11294 13152 14901 234 1926 3564 4859 5510 5803 5993 6108 6193 6238 6288 6299 6282 6020 4508 2914 1284 15939 14150 12306 10517 8816 8192 8192 8192 8192 8192 8192 8192 8192 8192 9551 11524 13354 15097 421 2114 3731 4967 5572 5850 6022 6128 6214 6292 6328 6368 5187 3570 1963 254 14872 13072 11260 9509 8192 8192 8192 8192 8192 8192 8192 8192 8192 8192 9805 11757 13575 15305 632 2318 3924 5091 5623 5882 6045 6156 6231 24 10606 305 2026 
0 2315 2623 2568 2551 2412 2312 2568 2374 2140 2139 2135 2548 2574 2229 2254 2166 2435 2629 2363 2443 2385 2415 2536 2189 2233 2220 2327 2438 2302 2257 2299 2425 2455 2525 2280 2352 1928 1069 16144 15752 601 2387 3996 5260 6069 6321 6422 6447 6436 6427 6409 6360 6299 6238 6146 4921 3504 1892 162 14800 13060 11365 9752 8340 9367 9633 11060 13131 14901 265 1984 3599 4902 5620 5954 6041 6071 6131 6180 6223 6284 6348 6396 6434 6456 6454 6452 5604 4107 2565 955 15630 13853 12042 10258 8608 8192 8192 8192 8192 8192 9420 11423 13285 15039 375 2077 3696 4917 5525 5808 5961 6038 6051 6048 6102 6153 6213 6265 6307 6328 6344 6371 6366 5053 3475 1914 241 14880 13062 11237 9475 8192 8192 8192 8192 8192 8192 8192 9675 11648 13484 15229 559 2265 3839 5006 5553 5829 5993 6083 6134 6150 6141 6172 6221 6278 6312 6158 4621 3010 1407 16072 14306 12475 10666 8969 8192 8192 8192 8192 8192 8192 8192 8192 9375 11362 13197 14942 264 1960 3585 4878 5518 5813 5995 6106 6185 6242 6280 6285 6272 6060 4554 2959 1324 15987 14210 12388 10585 8878 8192 8192 8192 8192 8192 8192 8192 8192 8192 9705 11658 13475 15211 537 2226 3828 5037 5599 5866 6024 6132 6215 6293 6332 6359 5094 3478 1867 145 14763 12967 11159 9439 8192 8192 8192 8192 8192 8192 8192 8192 8192 8192 10043 11967 13770 15494 815 2500 4074 5163 5656 5901 6064 6171 6247 29 9744 305 2026 
0 8192 8192 8192 8192 8192 8192 8389 10592 12473 14249 15967 1290 2963 4461 5348 5749 5953 6098 6193 6269 6328 6369 5178 3570 1955 229 14841 13039 11231 9472 8192 8192 8192 8192 8192 8192 8192 8192 8192 8192 10244 12147 13948 15672 999 2681 4236 5252 5695 5936 6078 6179 6259 6305 6372 5505 3957 2364 648 15258 13475 11644 9879 8286 8192 8192 8192 8192 8192 8192 8192 8192 8192 9772 11734 13551 15297 624 2314 3910 5081 5617 5883 6050 6169 6243 6305 6346 5878 4385 2799 1123 15759 13964 12142 10366 8717 8192 8192 8192 8192 8192 8192 8192 8192 8192 9282 11275 13131 14879 204 1895 3544 4863 5535 5831 6014 6129 6227 6289 6335 6290 4892 3281 1650 16304 14542 12725 10918 9214 8192 8192 8192 8192 8192 8192 8192 8192 8192 8648 10777 12660 14429 16146 1465 3124 4582 5405 5771 5979 6110 6208 6271 6329 6367 5390 3802 2204 488 15113 13317 11494 9726 8192 8192 8192 8192 8192 8192 8192 8192 8192 8192 10130 12054 13856 15585 912 2600 4157 5199 5674 5915 6067 6174 6255 6308 6364 5864 4370 2786 1108 15750 13949 12142 10370 8692 8192 8192 8192 8192 8192 8192 8192 8192 8192 9483 11462 13296 15033 370 2060 3683 4939 5567 5854 6031 6146 6227 6303 6349 6351 5020 3416 1798 80 14696 12869 11072 9347 8192 8192 8192 8192 8192 8192 8192 8192 8192 8583 10732 12604 14378 16097 1421 3083 4551 5391 5758 5975 6106 6201 6268 6327 6358 5614 4079 34 6894 305 2026 
0 8192 8192 8192 8192 8192 8192 9149 11183 13035 14786 124 1826 3477 4826 5510 5823 6000 6131 6220 6281 6345 6326 4953 3345 1715 16360 14580 12775 10953 9236 8192 8192 8192 8192 8192 8192 8192 8192 8192 8492 10666 12561 14342 16052 1374 3055 4538 5383 5755 5967 6101 6193 6265 6323 6372 5434 3874 2281 561 15194 13391 11567 9804 8227 8192 8192 8192 8192 8192 8192 8192 8192 8192 10088 12003 13816 15544 873 2555 4120 5183 5664 5911 6061 6173 6257 6298 6351 5914 4433 2836 1170 15806 14053 12134 10494 8701 8192 8192 8192 8192 8192 8192 8192 8192 8192 9416 11403 13223 14969 300 1995 3632 4915 5545 5843 6019 6141 6228 6287 6343 6356 5057 3451 1833 111 14722 12914 11112 9382 8192 8192 8192 8192 8192 8192 8192 8192 8192 8563 10711 12596 14374 16086 1401 3073 4535 5391 5754 5970 6103 6189 6267 6325 6359 5626 4090 2510 818 15450 13652 11826 10057 8428 8192 8192 8192 8192 8192 8192 8192 8192 8192 9972 11899 13707 15445 776 2457 4042 5147 5647 5901 6057 6161 6249 6303 6351 6258 4804 3198 1555 16201 14428 12617 10804 9109 8192 8192 8192 8192 8192 8192 8192 8192 8192 9042 11086 12943 14699 35 1730 3387 4760 5476 5810 5995 6121 6216 6281 6325 6367 5504 3947 2363 660 15281 13486 11682 9898 8296 8192 8192 8192 8192 8192 8192 8192 8192 8192 10197 12109 13903 15624 953 2635 4187 5223 5677 5921 6073 6169 6247 6303 6354 6207 4740 39 4794 305 2026 
0 2382 2528 2559 2509 2401 2327 2458 2495 2458 2465 2397 2497 2462 2461 2403 2386 2369 2597 2455 2410 2392 2330 2609 2423 2411 2327 2464 2565 2593 2340 2388 2453 2467 2581 2427 2303 1934 867 16123 16213 1148 2916 4428 5546 6102 6193 6303 6320 6312 6293 6247 6203 6149 6088 5870 4457 3006 1324 15967 14218 12511 10838 9281 8715 9526 10602 12792 14542 16278 1626 3289 4679 5507 5900 6047 6071 6117 6165 6219 6276 6320 6374 6388 6409 6399 6382 6329 5179 3681 2148 525 15176 13388 11565 9804 8216 8192 8192 8192 9367 11062 12421 13733 15674 1020 2695 4236 5217 5673 5880 5950 5966 6007 6063 6119 6190 6238 6279 6320 6347 6364 6388 6398 6421 6416 6314 4848 3289 1769 128 14762 12942 11106 9350 8192 8192 8192 8192 8192 8192 8741 10839 12732 14514 16237 1558 3204 4596 5375 5723 5909 6017 6081 6100 6096 6131 6181 6240 6270 6301 6313 6190 4683 3075 1496 16175 14403 12580 10756 9034 8192 8192 8192 8192 8192 8192 8192 8192 10427 12329 14124 15844 1151 2828 4343 5263 5680 5901 6050 6139 6189 6225 6220 6215 6239 6294 5298 3729 2147 460 15086 13294 11465 9708 8192 8192 8192 8192 8192 8192 8192 8192 8192 9432 11417 13265 15008 321 2013 3643 4906 5537 5832 6007 6119 6201 6257 6302 6331 6324 5133 3521 1928 216 14830 13029 11205 9462 8192 8192 8192 8192 8192 8192 8192 8192 8192 8373 10578 12479 14267 15982 1295 2970 4466 5339 5734 48 15399 305 2026 
0 1652 1741 1854 1608 1593 1596 1595 1759 1642 1646 1716 1616 1734 1714 1608 1664 1605 1665 1791 1664 1601 1580 1650 1729 1698 1613 1633 1713 1762 1712 1657 1631 1737 1769 1623 1443 699 16017 15291 16114 1563 3266 4700 5751 6241 6287 6294 6303 6291 6313 6289 6267 6229 6190 6135 5384 3962 2391 671 15303 13539 11753 10053 8580 8192 8192 8197 9722 11476 12982 14902 286 1960 3599 4874 5548 5846 5935 5955 6012 6054 6101 6147 6211 6267 6291 6343 6344 6354 6347 6331 5437 3925 2377 780 15451 13669 11821 10031 8383 8192 8192 8192 8192 8192 8192 8402 10605 12495 14280 15998 1322 2990 4451 5303 5692 5896 6022 6093 6145 6144 6139 6178 6213 6257 6289 5968 4429 2822 1208 15863 14083 12245 10454 8753 8192 8192 8192 8192 8192 8192 8192 8192 8192 10127 12052 13854 15585 912 2594 4151 5192 5658 5891 6047 6147 6215 6291 6321 6348 6340 5415 3838 2246 546 15174 13349 11516 9743 8192 8192 8192 8192 8192 8192 8192 8192 8192 8192 8227 10484 12376 14165 15889 1213 2893 4408 5317 5724 5936 6081 6180 6264 6329 6338 5019 3414 1787 57 14669 12855 11051 9346 8192 8192 8192 8192 8192 8192 8192 8192 8192 8192 8192 9651 11615 13433 15172 494 2180 3788 5022 5602 5873 6039 6152 6244 6302 5078 3519 1912 193 14820 13041 11243 9536 8192 8192 8192 8192 8192 8192 8192 8192 8192 8192 8192 8662 10801 12681 14444 16156 1479 3138 4601 5417 5788 54 4375 305 2026 
0 2330 2365 2262 2375 2344 2257 2298 2272 2244 2351 2166 2297 2328 2299 2369 2261 2213 2347 2290 2358 2342 2186 2343 2330 2300 2326 2214 2281 2337 2247 2291 2248 2312 2409 2333 2291 2013 1197 35 15936 643 2423 4028 5279 5929 6033 6118 6099 6082 6092 6055 6014 5955 5917 5856 5263 3835 2232 489 15125 13382 11667 10028 8523 9144 9362 9345 10350 12630 14416 16147 1461 3126 4576 5466 5879 6019 6036 6081 6128 6152 6182 6216 6248 6249 6233 6199 6153 5387 3893 2342 738 15405 13613 11779 10001 8400 8192 8192 8192 8192 8192 8419 10623 12507 14297 16025 1352 3011 4468 5311 5706 5898 6001 6063 6063 6072 6111 6171 6213 6240 6272 6270 6270 6260 6237 6101 4615 3032 1487 16203 14428 12586 10757 9019 8192 8192 8192 8192 8192 8192 8192 9981 11924 13743 15480 803 2489 4045 5104 5598 5854 5994 6075 6120 6140 6131 6156 6197 6236 6255 6266 6076 4568 2958 1385 16055 14271 12458 10617 8929 8192 8192 8192 8192 8192 8192 8192 8192 9359 11353 13200 14943 279 1969 3598 4874 5508 5797 5979 6095 6180 6224 6267 6262 6247 6252 5640 4103 2523 865 15501 13691 11856 10064 8437 8192 8192 8192 8192 8192 8192 8192 8192 8192 10293 12200 13997 15717 1041 2709 4251 5242 5680 5910 6053 6155 6229 6290 6328 6343 5960 4460 2861 1214 15854 14061 12223 10430 8742 8192 8192 8192 8192 8192 8192 8192 8192 8192 8893 10972 12833 14596 16300 1615 3268 4674 62 13205 305 2026 
0 2624 2597 2663 2728 2582 2454 1911 706 16311 274 1737 3417 4838 5717 5837 6024 6122 6182 6182 6172 6127 6083 6027 5968 5807 4466 3016 1327 15960 14229 12509 10848 9281 9020 10657 12668 14434 16164 1510 3180 4601 5470 5879 6057 6076 6126 6162 6213 6269 6300 6333 6348 6333 6303 6251 5895 4388 2834 1301 16004 14236 12420 10628 8928 8192 8192 9131 10363 11359 12439 14568 16316 1653 3303 4686 5479 5832 5956 5974 6038 6075 6127 6188 6237 6298 6333 6372 6381 6395 6401 6385 6341 5386 3901 2353 772 15450 13649 11800 10037 8398 8192 8192 8192 8192 8192 8742 10893 12770 14536 16255 1568 3222 4607 5375 5713 5902 6012 6064 6057 6083 6117 6177 6229 6268 6283 6306 6322 6321 6224 4755 3172 1624 16330 14559 12735 10913 9188 8192 8192 8192 8192 8192 8192 8192 9951 11879 13701 15437 771 2449 4003 5104 5597 5845 5986 6079 6135 6135 6133 6167 6219 6262 6288 6316 5038 3457 1883 198 14819 13011 11191 9425 8192 8192 8192 8192 8192 8192 8192 8192 9164 11187 13039 14802 135 1830 3466 4806 5491 5793 5972 6092 6167 6211 6260 6256 6250 6272 5548 4000 2413 740 15375 13571 11742 9971 8323 8192 8192 8192 8192 8192 8192 8192 8192 8949 11014 12884 14649 16367 1687 3339 4718 5446 5787 5971 6102 6192 6259 6304 6334 6330 5419 3862 2273 582 15214 13411 11568 9792 8231 8192 8192 8192 8192 8192 8192 8192 8192 8270 10516 12430 14220 15945 1267 2933 67 12392 305 2026 
0 8192 8192 8192 8192 8192 8192 9187 11204 13063 14815 137 1830 3477 4825 5519 5815 6005 6119 6208 6290 6335 6246 4823 3214 1577 16229 14447 12644 10827 9118 8192 8192 8192 8192 8192 8192 8192 8192 8192 8192 10405 12305 14104 15823 1149 2823 4349 5289 5719 5943 6080 6185 6256 6322 6373 5446 3905 2316 599 15223 13429 11608 9840 8259 8192 8192 8192 8192 8192 8192 8192 8192 8192 9542 11519 13355 15082 409 2099 3729 4967 5571 5858 6024 6149 6233 6290 6339 6129 4664 3073 1422 16067 14275 12441 10663 8974 8192 8192 8192 8192 8192 8192 8192 8192 8192 8478 10650 12530 14314 16028 1349 3020 4509 5365 5738 5957 6092 6197 6268 6320 6372 5423 3873 2277 568 15190 13385 11584 9803 8238 8192 8192 8192 8192 8192 8192 8192 8192 8192 9751 11708 13528 15266 597 2281 3896 5068 5618 5881 6037 6149 6235 6305 6358 6159 4695 3095 1444 16086 14308 12489 10691 8997 8192 8192 8192 8192 8192 8192 8192 8192 8192 8541 10705 12582 14358 16072 1394 3064 4540 5383 5752 5967 6098 6195 6270 6328 6371 5509 3972 2383 678 15315 13502 11691 9917 8326 8192 8192 8192 8192 8192 8192 8192 8192 8192 9652 11601 13437 15175 493 2187 3798 5030 5594 5871 6028 6146 6234 6293 6347 6323 4957 3341 1713 16371 14591 12777 10948 9226 8192 8192 8192 8192 8192 8192 8192 8192 8192 8293 10516 12412 14188 15960 1167 2953 4369 5346 5717 5961 6077 6186 6257 6317 6353 5804 72 11003 305 2026 
0 8192 8192 8192 8192 8192 8192 8192 9767 11719 13539 15278 599 2291 3903 5076 5621 5892 6051 6169 6246 6319 6359 5119 3526 1905 187 14802 13001 11188 9480 8192 8192 8192 8192 8192 8192 8192 8192 8192 8192 9575 11542 13366 15107 430 2120 3745 4986 5587 5861 6034 6154 6245 6320 6365 5377 3803 2209 496 15118 13325 11510 9764 8199 8192 8192 8192 8192 8192 8192 8192 8192 8192 9278 11292 13147 14892 225 1926 3567 4887 5545 5845 6016 6144 6234 6300 6353 5628 4101 2518 816 15452 13651 11824 10067 8431 8192 8192 8192 8192 8192 8192 8192 8192 8192 8832 10932 12796 14564 16276 1597 3254 4677 5450 5791 5995 6124 6220 6284 6347 5901 4440 2864 1195 15834 14055 12257 10470 8786 8192 8192 8192 8192 8192 8192 8192 8192 8192 8387 10594 12478 14243 15953 1256 2929 4437 5343 5743 5952 6094 6198 6276 6344 6221 4810 3227 1586 16245 14470 12670 10877 9184 8192 8192 8192 8192 8192 8192 8192 8192 8192 8192 10252 12158 13948 15670 985 2661 4216 5240 5698 5929 6079 6186 6264 6326 6377 5250 3658 2050 327 14946 13144 11345 9594 8192 8192 8192 8192 8192 8192 8192 8192 8192 8192 9705 11659 13483 15221 548 2252 3863 5058 5620 5884 6044 6163 6245 6306 6360 5641 4122 2536 831 15454 13654 11825 10054 8436 8192 8192 8192 8192 8192 8192 8192 8192 8192 9033 11085 12959 14715 46 1753 3411 4775 5497 5824 6004 6127 6218 6292 6356 6102 4648 3053 85 14197 305 2026 
0 1157 2822 4346 5290 5715 5947 6091 6194 6263 6310 6352 6378 5133 3516 1913 176 14799 12981 11159 9426 8192 8192 8192 8192 8192 8192 8192 8192 8192 8593 10715 12599 14370 16080 1389 3058 4524 5384 5765 5972 6109 6195 6273 6320 6366 6330 4939 3324 1690 16347 14580 12751 10941 9225 8192 8192 8192 8192 8192 8192 8192 8192 8192 8926 10978 12851 14614 16329 1645 3305 4713 5465 5804 5986 6120 6215 6274 6321 6372 6224 4755 3142 1501 16142 14354 12527 10714 9017 8192 8192 8192 8192 8192 8192 8192 8192 8192 9245 11238 13096 14851 184 1877 3519 4842 5520 5830 6015 6130 6224 6297 6334 6363 6123 4615 3013 1364 15995 14218 12405 10580 8891 8192 8192 8192 8192 8192 8192 8192 8192 8192 9490 11440 13290 15033 365 2053 3681 4952 5569 5858 6029 6147 6232 6291 6343 6363 6026 4526 2922 1269 15906 14113 12295 10494 8792 8192 8192 8192 8192 8192 8192 8192 8192 8192 9604 11546 13379 15120 431 2131 3751 4986 5582 5861 6039 6139 6232 6291 6326 6372 5983 4481 2889 1234 15880 14093 12273 10480 8787 8192 8192 8192 8192 8192 8192 8192 8192 8192 9798 11727 13551 15285 610 2299 3902 5072 5624 5882 6050 6161 6238 6280 6337 6367 5980 4468 2872 1220 15862 14072 12239 10436 8756 8192 8192 8192 8192 8192 8192 8192 8192 8192 9819 11727 13556 15297 630 2322 3921 5092 5626 5892 6048 6160 6238 6297 6346 6363 6086 4577 2971 1318 15957 14180 12337 10525 91 921 305 2026 
0 2459 2532 2667 2582 2465 2472 2537 2677 2698 2608 2623 2584 2619 2637 2615 2628 2561 2538 2545 2576 2606 2547 2567 2576 2645 2689 2543 2582 2588 2632 2664 2545 2521 2641 2659 2611 2114 1022 92 40 1294 3004 4504 5598 6014 6082 6199 6217 6209 6185 6142 6090 6038 5979 5732 4333 2870 1181 15813 14083 12372 10716 9161 8963 9679 11830 13651 15382 711 2418 4013 5152 5731 5992 6044 6084 6134 6190 6232 6280 6322 6355 6361 6357 6315 6273 6176 4863 3358 1833 197 14844 13024 11223 9474 8192 8192 8512 9684 10875 11839 13091 15102 460 2158 3755 4982 5604 5880 5954 5990 6044 6080 6131 6190 6235 6288 6330 6377 6382 6396 6404 6398 6372 6312 5249 3753 2223 637 15302 13505 11650 9865 8256 8192 8192 8192 8192 8192 8982 11075 12943 14713 58 1758 3401 4735 5433 5750 5915 6015 6066 6059 6077 6123 6182 6222 6260 6290 6306 6320 6321 6176 4672 3077 1526 16226 14454 12625 10800 9076 8192 8192 8192 8192 8192 8192 8192 9986 11926 13747 15483 808 2496 4050 5117 5602 5854 5995 6084 6139 6146 6134 6169 6216 6258 6292 6307 5082 3501 1930 252 14873 13060 11231 9478 8192 8192 8192 8192 8192 8192 8192 8192 8945 11096 12903 14712 20 1734 3367 4733 5451 5780 5956 6082 6162 6219 6254 6260 6253 6266 5658 4115 2530 868 15519 13718 11887 10103 8452 8192 8192 8192 8192 8192 8192 8192 8192 8702 10824 12690 14462 16180 1498 3154 4595 96 1493 305 2026 
0 2652 2435 2299 2325 2279 2342 2235 2114 2264 2397 2634 2783 2663 2684 2674 2659 2690 2460 2403 2429 2387 2414 2238 2179 2345 2410 2524 2434 2369 2546 2594 2619 2562 2433 2536 2421 1868 830 16002 16281 1307 3038 4527 5614 6106 6186 6297 6302 6300 6285 6243 6187 6135 6071 5647 4211 2719 1020 15665 13925 12218 10567 9016 8920 9572 11604 13466 15209 543 2254 3858 5069 5702 5975 6062 6081 6138 6190 6237 6284 6335 6387 6400 6407 6400 6360 6269 4925 3406 1878 237 14860 13061 11242 9500 8192 8192 8192 9408 10597 11587 12246 14460 16201 1534 3189 4602 5426 5805 5937 5958 6012 6060 6108 6157 6214 6280 6318 6356 6388 6407 6432 6442 6434 6374 5000 3467 1941 309 14948 13147 11300 9549 8192 8192 8192 8192 8192 8192 8918 11025 12894 14669 8 1717 3351 4705 5414 5744 5928 6022 6079 6074 6086 6127 6189 6233 6275 6302 6323 6339 6024 4481 2886 1311 15989 14222 12388 10567 8860 8192 8192 8192 8192 8192 8192 8192 9631 11600 13437 15180 520 2212 3813 4997 5563 5825 5993 6087 6149 6184 6170 6184 6226 6270 6300 5608 4066 2483 827 15474 13675 11828 10061 8421 8192 8192 8192 8192 8192 8192 8192 8192 9945 11876 13696 15421 747 2431 4018 5123 5626 5871 6033 6134 6201 6263 6285 6275 6274 5693 4156 2573 898 15532 13737 11900 10113 8477 8192 8192 8192 8192 8192 8192 8192 8192 8192 10447 12344 14132 15860 1188 2860 4377 5298 5711 101 3834 305 2026 
0 2503 2616 2617 2456 2508 2462 2539 2638 2495 2490 2477 2461 2572 2528 2507 2546 2513 2564 2527 2480 2501 2491 2559 2592 2560 2480 2432 2489 2560 2562 2505 2470 2477 2582 2596 2452 2179 1324 250 16096 514 2228 3868 5173 5995 6243 6350 6409 6399 6393 6360 6317 6270 6195 6076 4844 3441 1821 94 14747 13025 11336 9739 8403 9462 10709 12843 14597 16305 1638 3309 4689 5518 5903 6054 6071 6127 6180 6231 6290 6344 6393 6421 6450 6462 6442 6428 5491 3999 2457 860 15528 13747 11935 10153 8533 8192 8192 8662 9993 11178 11853 13056 15097 448 2150 3756 4972 5590 5874 5940 5970 6025 6061 6123 6165 6239 6286 6333 6372 6406 6426 6448 6462 6466 6088 4567 2986 1445 16139 14379 12547 10726 9032 8192 8192 8192 8192 8192 8192 9482 11443 13294 15049 383 2078 3692 4917 5508 5793 5953 6046 6097 6087 6108 6142 6209 6256 6293 6316 6338 5802 4261 2680 1070 15734 13938 12100 10309 8620 8192 8192 8192 8192 8192 8192 8192 9232 11252 13110 14861 203 1913 3540 4844 5489 5799 5970 6084 6163 6201 6222 6203 6235 6276 6254 4810 3194 1591 16252 14478 12655 10836 9117 8192 8192 8192 8192 8192 8192 8192 8192 8192 10399 12292 14076 15806 1126 2794 4326 5270 5694 5924 6061 6164 6228 6284 6316 6324 5909 4396 2811 1156 15795 14014 12193 10386 8714 8192 8192 8192 8192 8192 8192 8192 8192 8192 9616 11584 13415 15150 475 2172 3783 5005 5588 5859 106 854 305 2026 
0 407 2103 3725 4967 5577 5855 6025 6148 6229 6285 6334 6373 5540 3980 2386 681 15308 13504 11684 9901 8308 8192 8192 8192 8192 8192 8192 8192 8192 8192 10074 11984 13791 15514 836 2522 4098 5172 5659 5906 6057 6162 6245 6303 6344 6383 5231 3621 2018 294 14918 13103 11289 9546 8192 8192 8192 8192 8192 8192 8192 8192 8192 8434 10604 12499 14274 15993 1309 2983 4467 5356 5747 5947 6090 6195 6264 6317 6353 6316 4897 3290 1659 16311 14532 12722 10886 9177 8192 8192 8192 8192 8192 8192 8192 8192 8192 8938 11001 12874 14642 16355 1676 3323 4722 5463 5800 5997 6116 6214 6268 6324 6365 6086 4599 2992 1339 15976 14189 12365 10562 8866 8192 8192 8192 8192 8192 8192 8192 8192 8192 9441 11414 13263 15010 336 2027 3657 4934 5557 5841 6018 6141 6216 6286 6329 6368 5862 4353 2760 1090 15727 13930 12104 10317 8652 8192 8192 8192 8192 8192 8192 8192 8192 8192 9841 11769 13587 15321 650 2338 3935 5091 5623 5880 6038 6156 6238 6293 6341 6369 5688 4150 2570 887 15512 13708 11879 10106 8473 8192 8192 8192 8192 8192 8192 8192 8192 8192 10124 12031 13831 15564 884 2572 4143 5195 5678 5909 6058 6170 6241 6292 6336 6371 5550 3998 2418 717 15355 13557 11721 9949 8358 8192 8192 8192 8192 8192 8192 8192 8192 8192 10366 12255 14048 15768 1095 2770 4313 5276 5703 5935 6073 6176 6250 6298 6362 6364 5477 3919 2333 636 15274 13453 11636 9857 126 1369 305 2026 
0 2483 2500 2507 2470 2558 2585 2492 2510 2379 2462 2572 2472 2594 2374 2434 2475 2526 2595 2544 2367 2477 2418 2593 2611 2454 2501 2474 2459 2501 2387 2468 2558 2433 2545 2425 2400 2374 1816 788 16326 45 1568 3305 4736 5757 6174 6270 6357 6356 6342 6324 6274 6232 6176 6097 5505 4071 2537 825 15473 13738 12031 10395 8863 9174 9738 11566 13476 15208 547 2263 3870 5069 5691 5978 6060 6097 6137 6194 6245 6295 6354 6398 6429 6432 6427 6419 6357 5002 3480 1955 311 14959 13161 11347 9613 8192 8192 8192 8325 9744 11355 12372 13744 15666 1006 2687 4221 5216 5677 5885 5949 5979 6009 6064 6113 6181 6242 6284 6327 6357 6380 6406 6424 6438 6436 6256 4736 3164 1628 16357 14595 12768 10927 9199 8192 8192 8192 8192 8192 8192 9095 11111 12979 14750 80 1770 3420 4746 5436 5752 5931 6024 6081 6087 6096 6143 6194 6230 6278 6299 6319 6109 4564 2965 1382 16066 14294 12481 10654 8955 8192 8192 8192 8192 8192 8192 8192 8546 10699 12580 14354 16070 1397 3060 4508 5341 5722 5928 6051 6134 6188 6228 6204 6217 6254 6303 5190 3593 2011 314 14942 13118 11295 9555 8192 8192 8192 8192 8192 8192 8192 8192 8192 9714 11665 13485 15226 544 2240 3842 5029 5588 5855 6022 6128 6210 6271 6314 6337 6304 4978 3360 1756 38 14651 12814 10995 9262 8192 8192 8192 8192 8192 8192 8192 8192 8192 8699 10823 12703 14471 16187 1511 3167 4605 5417 131 8684 305 2026 
0 2511 2501 2520 2647 2647 2583 2580 2452 2443 2432 2299 2431 2443 2468 2586 2481 2528 2521 2411 2513 2505 2459 2490 2436 2454 2544 2436 2420 2457 2463 2521 2475 2456 2540 2579 2466 2158 1393 283 16100 493 2161 3813 5132 5996 6263 6365 6413 6415 6402 6390 6343 6275 6226 6122 5028 3631 2044 325 14970 13249 11555 9942 8478 9344 9827 12043 13850 15577 925 2623 4177 5237 5775 6019 6064 6107 6147 6204 6264 6317 6373 6411 6453 6468 6462 6442 6170 4655 3090 1546 16245 14500 12696 10887 9187 8192 8192 8192 8391 10022 11776 13018 14940 317 2017 3629 4877 5532 5812 5940 5955 5985 6041 6104 6160 6210 6262 6304 6331 6367 6391 6409 6434 6445 6381 4951 3382 1848 202 14838 13029 11202 9465 8192 8192 8192 8192 8192 8192 8683 10797 12682 14463 16196 1518 3176 4576 5366 5719 5909 6028 6081 6097 6102 6124 6191 6239 6285 6312 6329 5735 4204 2625 1008 15665 13866 12053 10261 8597 8192 8192 8192 8192 8192 8192 8192 8847 10937 12821 14588 16306 1623 3275 4668 5413 5762 5940 6077 6154 6212 6233 6217 6232 6266 6140 4611 3008 1392 16042 14264 12426 10632 8939 8192 8192 8192 8192 8192 8192 8192 8192 8192 10336 12234 14025 15748 1070 2751 4288 5253 5695 5912 6061 6161 6240 6291 6325 6342 5615 4069 2492 810 15456 13651 11831 10044 8424 8192 8192 8192 8192 8192 8192 8192 8192 8192 9845 11777 13600 15334 654 2341 3936 5091 5621 5880 136 7907 305 2026 
0 2615 2574 2649 2606 2809 2881 2693 2647 2409 2444 2572 2335 2276 2153 2228 2675 2726 2768 2815 2693 2903 2866 2696 2703 2533 2546 2574 2380 2428 2362 2401 2568 2540 2649 2634 2500 2129 1059 75 84 1394 3137 4606 5681 6171 6265 6355 6354 6332 6335 6291 6245 6183 6124 5869 4449 2981 1305 15956 14226 12514 10859 9285 8926 9647 10677 12861 14604 16337 1684 3348 4724 5536 5903 6046 6074 6122 6173 6221 6283 6332 6386 6415 6436 6440 6425 6409 5855 4361 2798 1242 15933 14160 12348 10564 8889 8192 8192 8192 9256 10710 11902 12365 14347 16126 1475 3127 4553 5395 5768 5919 5947 5995 6040 6085 6142 6217 6254 6308 6345 6373 6401 6415 6428 6454 6460 6435 5718 4203 2653 1099 15792 14008 12159 10349 8659 8192 8192 8192 8192 8192 8192 10433 12338 14142 15868 1193 2858 4353 5251 5656 5865 5990 6061 6067 6074 6114 6167 6211 6266 6287 6310 6332 6336 5300 3756 2208 564 15211 13423 11590 9807 8232 8192 8192 8192 8192 8192 8192 8192 10395 12291 14094 15820 1153 2829 4343 5265 5669 5894 6027 6118 6166 6185 6177 6200 6243 6286 6305 4966 3350 1757 57 14671 12847 11047 9296 8192 8192 8192 8192 8192 8192 8192 8192 8359 10569 12458 14249 15971 1300 2970 4456 5330 5723 5934 6075 6162 6227 6282 6304 6302 6299 5210 3615 2022 316 14925 13123 11288 9553 8192 8192 8192 8192 8192 8192 8192 8192 8192 8827 10927 12806 14569 16283 1599 3249 141 8844 305 2026 
0 2291 2285 2239 2024 2007 2191 2337 2506 2448 2490 2561 2591 2621 2491 2464 2427 2322 2292 2167 2203 2271 2225 2265 2263 2310 2446 2420 2406 2444 2405 2477 2474 2366 2360 2270 2143 1857 892 16135 15953 802 2582 4147 5371 6081 6250 6327 6323 6316 6316 6274 6233 6184 6125 6019 4825 3413 1779 47 14680 12937 11240 9639 8270 9378 9643 10255 12506 14306 16070 1409 3079 4536 5453 5869 6027 6059 6108 6158 6202 6246 6294 6351 6394 6416 6402 6386 6323 4949 3411 1881 231 14864 13055 11250 9489 8192 8192 8192 8192 8192 8192 9797 11819 13621 15366 699 2394 3979 5078 5587 5842 5972 6044 6056 6065 6104 6173 6220 6262 6281 6320 6332 6353 6362 5498 3967 2417 801 15455 13644 11815 10023 8390 8192 8192 8192 8192 8192 8192 8985 11045 12915 14687 15 1738 3373 4726 5437 5763 5943 6049 6123 6144 6134 6146 6201 6254 6290 6327 5689 4147 2570 939 15584 13790 11957 10165 8516 8192 8192 8192 8192 8192 8192 8192 8192 9970 11910 13714 15463 781 2464 4037 5126 5621 5873 6030 6128 6202 6253 6280 6274 6275 6067 4548 2941 1317 15970 14185 12364 10564 8871 8192 8192 8192 8192 8192 8192 8192 8192 8192 9756 11710 13534 15259 598 2282 3882 5053 5606 5863 6031 6141 6228 6285 6329 6359 5582 4028 2449 764 15392 13596 11763 9987 8377 8192 8192 8192 8192 8192 8192 8192 8192 8192 9428 11407 13250 14992 323 2013 3636 4921 5552 5845 6013 146 5606 305 2026 
0 1834 2106 1748 1456 1590 1963 2152 1826 1788 1828 1862 1726 1435 1602 1819 1751 1678 1345 1432 1714 1732 1669 1475 1400 1749 1762 1559 1581 1507 1695 1803 1510 1578 1485 1584 1301 65 15259 15347 425 2251 3875 5167 6041 6343 6399 6415 6409 6407 6422 6405 6373 6350 6300 6222 5048 3606 2034 323 14937 13172 11415 9737 8232 8192 8192 8420 10106 11911 13203 15179 488 2185 3825 5012 5604 5868 5938 5956 6004 6052 6098 6162 6231 6273 6317 6352 6373 6400 6417 6418 6423 6402 5159 3625 2105 496 15145 13336 11495 9719 8192 8192 8192 8192 8192 8192 8192 8832 10937 12807 14575 16282 1610 3249 4634 5380 5720 5914 6033 6113 6152 6152 6144 6188 6229 6265 6303 5283 3714 2147 474 15108 13301 11479 9710 8192 8192 8192 8192 8192 8192 8192 8192 8192 8741 10857 12737 14500 16219 1544 3195 4628 5402 5749 5950 6088 6180 6255 6300 6345 6356 6001 4481 2894 1238 15885 14090 12262 10457 8791 8192 8192 8192 8192 8192 8192 8192 8192 8192 8192 9279 11282 13137 14881 214 1902 3550 4866 5523 5833 6012 6130 6214 6296 6362 5232 3633 2027 308 14930 13137 11326 9573 8192 8192 8192 8192 8192 8192 8192 8192 8192 8192 8192 8837 10928 12792 14555 16265 1589 3243 4669 5447 5800 5995 6124 6216 6202 4884 3349 1739 34 14665 12877 11096 9398 8192 8192 8192 8192 8192 8192 8192 8192 8192 8192 8192 8357 10567 12449 14225 15943 1260 2936 4445 5348 182 4267 305 2026 
0 8192 8192 8192 9544 11590 13409 15150 476 2160 3768 4995 5576 5857 6022 6147 6217 6270 6311 6320 6301 6230 4757 3139 1521 16176 14393 12579 10748 9032 8192 8192 8192 8192 8192 8192 8192 8192 8192 10057 12071 13832 15553 870 2549 4119 5187 5668 5906 6058 6163 6234 6273 6312 6303 6302 6070 4554 2938 1332 15860 14231 12252 10564 8783 8192 8192 8192 8192 8192 8192 8192 8192 8192 10325 12321 14060 15786 1102 2774 4308 5276 5707 5935 6072 6169 6236 6281 6320 6302 6304 5988 4452 2850 1199 15841 14030 12209 10390 8721 8192 8192 8192 8192 8192 8192 8192 8192 8289 10480 12478 14221 15943 1252 2913 4422 5329 5727 5950 6088 6178 6246 6282 6319 6304 6313 6010 4471 2859 1221 15856 14056 12218 10403 8712 8192 8192 8192 8192 8192 8192 8192 8192 8340 10506 12491 14241 15959 1282 2950 4446 5346 5739 5949 6084 6179 6248 6283 6311 6299 6303 6159 4647 3024 1394 16039 14243 12416 10596 8913 8192 8192 8192 8192 8192 8192 8192 8192 8192 10383 12355 14134 15861 1184 2856 4371 5303 5722 5936 6082 6179 6238 6278 6311 6287 6309 6312 4943 3315 1710 16370 14596 12769 10919 9197 8192 8192 8192 8192 8192 8192 8192 8192 8192 10088 12023 13857 15585 919 2597 4166 5211 5673 5915 6057 6169 6228 6266 6302 6288 6291 6327 5403 3826 2242 549 15159 13349 11493 9728 8192 8192 8192 8192 8192 8192 8192 8192 8192 9521 11461 13409 15116 443 2128 3743 4979 5571 188 12818 305 2026 
0 16284 14493 12674 10854 9121 8192 8192 8192 8192 8192 8192 8192 8192 9113 10917 12062 13804 14439 12939 11602 10214 8809 8192 8192 8192 8192 8192 8192 8192 8192 8192 8192 8192 8192 8192 8192 8192 8192 8192 8192 8192 8192 8192 8192 8192 8192 8192 8192 8192 8200 8236 8250 8275 8300 8318 8339 8345 8374 8405 8413 8437 8451 8478 8496 8530 8546 8572 8621 8645 8681 8750 8808 8895 8988 9075 9184 9275 9328 9420 9492 9555 9633 9680 9747 9800 9851 9923 9961 10013 10061 10107 10142 10190 10219 10253 10311 10335 10395 10413 10430 10485 10521 10552 10568 10592 10635 10657 10690 10707 10729 10765 10784 10820 10841 10844 10888 10900 10930 10969 10965 11005 11021 11018 11060 11076 11086 11138 11132 11162 11178 11171 11218 11249 11248 11281 11280 11290 11334 11311 11337 11362 11360 11425 11424 11460 11497 11490 11528 11535 11528 11555 11529 11532 11558 11562 11590 11603 11637 11671 11682 11710 11694 11712 11739 11740 11775 11782 11779 11818 11791 11813 11835 11838 11871 11894 11948 11950 11921 11892 11958 11993 12087 11909 12023 11968 12108 12063 12083 12010 12087 12132 12159 12167 12104 12150 12185 12228 12225 12215 12200 12242 12262 12279 12286 12292 12313 12329 12357 12366 12365 12375 12400 12398 12433 12424 12430 12456 12482 12490 12513 12500 12514 12540 12529 12576 12571 12576 12624 12606 12632 12660 12616 12682 12674 12694 12723 12693 12737 12752 12745 12782 12760 12788 12833 12811 12844 12839 12851 12893 12899 12903 12925 12898 12946 12949 12961 12989 193 12709 305 2026 
0 8192 8192 8192 8192 8192 8192 8192 10428 12324 14115 15841 1161 2836 4366 5304 5719 5937 6124 6125 6306 6287 6388 5459 3957 2325 642 15245 13472 11640 9878 8293 8192 8192 8192 8192 8192 8192 8192 8192 8192 9773 11720 13538 15275 597 2284 3887 5063 5616 5877 6044 6159 6238 6302 6349 5995 4534 2942 1283 15928 14137 12323 10515 8853 8192 8192 8192 8192 8192 8192 8192 8192 8192 9008 11046 12904 14663 16383 1705 3359 4744 5478 5805 5992 6126 6222 6280 6337 6370 5166 3560 1946 215 14825 13018 11193 9450 8192 8192 8192 8192 8192 8192 8192 8192 8192 8192 10310 12213 14010 15731 1056 2739 4286 5267 5704 5932 6076 6180 6263 6317 6364 5749 4245 2666 984 15618 13826 12006 10238 8588 8192 8192 8192 8192 8192 8192 8192 8192 8192 9527 11499 13332 15077 402 2091 3710 4961 5579 5861 6029 6147 6228 6297 6349 6348 5005 3391 1763 36 14646 12836 11022 9294 8192 8192 8192 8192 8192 8192 8192 8192 8192 8421 10606 12494 14266 15986 1300 2970 4471 5355 5744 5963 6100 6190 6265 6320 6361 5670 4143 2565 873 15505 13703 11891 10108 8473 8192 8192 8192 8192 8192 8192 8192 8192 8192 9696 11647 13474 15211 534 2232 3849 5044 5605 5872 6034 6152 6236 6296 6353 6339 4985 3367 1747 12 14620 12793 10979 9248 8192 8192 8192 8192 8192 8192 8192 8192 8192 8554 10714 12596 14379 16104 1427 3087 4550 5392 5763 5970 6107 6199 6271 6332 6367 5756 198 11413 305 2026 
0 15963 1290 2955 4451 5348 5735 5954 6090 6188 6276 6322 6357 5964 4468 2872 1211 15846 14077 12252 10454 8799 8192 8192 8192 8192 8192 8192 8192 8192 8192 9527 11502 13321 15064 396 2087 3724 4970 5572 5854 6021 6148 6235 6300 6342 6381 5309 3717 2126 402 15018 13202 11389 9627 8192 8192 8192 8192 8192 8192 8192 8192 8192 8246 10469 12362 14158 15876 1199 2879 4389 5321 5729 5938 6090 6183 6256 6319 6357 6125 4644 3047 1397 16036 14252 12415 10601 8920 8192 8192 8192 8192 8192 8192 8192 8192 8192 9357 11337 13191 14936 273 1975 3605 4900 5539 5841 6015 6136 6220 6278 6335 6373 5530 3976 2390 691 15323 13524 11698 9936 8322 8192 8192 8192 8192 8192 8192 8192 8192 8192 10270 12168 13962 15685 999 2689 4237 5243 5694 5922 6071 6174 6259 6315 6350 6328 4969 3359 1743 9 14618 12804 11005 9270 8192 8192 8192 8192 8192 8192 8192 8192 8192 9046 11073 12932 14694 17 1713 3365 4743 5481 5805 5997 6115 6213 6271 6324 6361 5885 4370 2786 1125 15762 13974 12144 10365 8690 8192 8192 8192 8192 8192 8192 8192 8192 8192 9859 11792 13613 15353 675 2373 3967 5106 5638 5886 6049 6161 6233 6304 6336 6371 5380 3799 2205 496 15118 13308 11504 9730 8192 8192 8192 8192 8192 8192 8192 8192 8192 8373 10564 12451 14232 15950 1267 2943 4446 5344 5738 5950 6090 6187 6262 6311 6354 6320 4929 3316 1689 16342 14572 12763 10953 9235 8192 203 10094 305 2026 
0 14073 15792 1115 2796 4329 5290 5723 5942 6079 6191 6275 6349 5341 3787 2203 484 15114 13323 11540 9787 8233 8192 8192 8192 8192 8192 8192 8192 8192 8192 8293 10524 12404 14183 15900 1219 2896 4407 5336 5752 5955 6100 6199 6285 6352 5234 3666 2072 362 14993 13197 11379 9662 8192 8192 8192 8192 8192 8192 8192 8192 8192 8192 8576 10731 12611 14375 16080 1403 3078 4552 5396 5773 5973 6116 6213 6287 6335 5115 3540 1933 208 14826 13018 11219 9493 8192 8192 8192 8192 8192 8192 8192 8192 8192 8192 8941 10998 12868 14623 16339 1661 3324 4722 5480 5812 6002 6127 6218 6301 6314 5012 3436 1809 78 14687 12888 11094 9371 8192 8192 8192 8192 8192 8192 8192 8192 8192 8192 9102 11140 12994 14749 66 1766 3409 4777 5491 5817 6010 6141 6232 6296 6299 4970 3393 1768 56 14673 12869 11070 9350 8192 8192 8192 8192 8192 8192 8192 8192 8192 8192 9214 11233 13076 14823 154 1839 3489 4836 5525 5838 6018 6133 6225 6300 6308 4962 3386 1757 27 14640 12855 11049 9338 8192 8192 8192 8192 8192 8192 8192 8192 8192 8192 9323 11317 13168 14910 243 1951 3590 4892 5546 5844 6018 6146 6232 6301 6295 4927 3343 1711 16368 14619 12800 10998 9294 8192 8192 8192 8192 8192 8192 8192 8192 8192 8192 9349 11339 13183 14931 258 1946 3585 4891 5547 5842 6028 6149 6239 6307 6137 4734 3167 1520 16172 14400 12597 10793 9107 8192 8192 8192 8192 8192 8192 226 3190 305 2026 
0 2613 2585 2475 2541 2542 2653 2459 2090 2026 1903 2105 2066 1968 2097 2288 2521 2534 2285 2221 2297 2483 2657 2449 2172 2047 2078 2282 2223 2070 2060 2128 2350 2299 2099 2152 2228 2174 1263 16261 15815 725 2506 4099 5332 6078 6270 6330 6334 6326 6325 6296 6251 6196 6129 6051 4939 3530 1901 172 14810 13077 11382 9755 8325 9263 9579 9766 12002 13866 15627 984 2653 4190 5264 5789 6005 6037 6082 6145 6188 6234 6275 6350 6370 6402 6403 6385 6308 4904 3351 1817 149 14793 12991 11162 9435 8192 8192 8192 8192 8192 8192 9402 11431 13264 15019 356 2050 3669 4912 5521 5798 5951 6044 6082 6061 6103 6143 6203 6255 6287 6320 6328 6346 6029 4487 2892 1319 15996 14215 12374 10572 8869 8192 8192 8192 8192 8192 8192 8192 9873 11819 13633 15365 691 2381 3955 5071 5583 5852 6001 6087 6143 6168 6160 6181 6223 6272 6301 5625 4127 2426 941 15458 13764 11830 10126 8436 8192 8192 8192 8192 8192 8192 8192 8192 9631 11581 13408 15155 490 2171 3785 4984 5564 5835 6008 6124 6197 6255 6291 6293 6280 5717 4186 2603 930 15568 13775 11947 10160 8517 8192 8192 8192 8192 8192 8192 8192 8192 8192 9843 11770 13595 15318 653 2343 3942 5089 5615 5871 6035 6148 6223 6297 6341 6310 4915 3304 1676 16341 14563 12752 10948 9225 8192 8192 8192 8192 8192 8192 8192 8192 8192 8192 10003 11935 13741 15468 792 2488 4057 5158 5656 5900 6057 6169 245 15425 305 2026 
0 2926 2674 2493 2604 2599 2685 2605 2393 2561 2616 2630 2732 2535 2540 2601 2582 2744 2642 2508 2592 2579 2655 2638 2500 2573 2600 2647 2613 2480 2565 2592 2533 2375 2193 2364 2554 2538 2230 1199 438 762 2083 3737 5077 5926 6124 6240 6356 6369 6361 6341 6299 6243 6184 6122 5517 4084 2555 840 15491 13762 12055 10413 8887 9166 10196 12446 14224 15952 1282 2972 4439 5390 5835 6035 6070 6124 6174 6221 6278 6339 6380 6411 6428 6439 6417 6355 5079 3561 2044 413 15068 13275 11446 9714 8192 8192 8415 9748 10955 11827 13020 15058 415 2129 3736 4968 5600 5880 5949 5982 6039 6092 6136 6190 6249 6313 6358 6389 6421 6435 6449 6484 6468 5804 4290 2740 1183 15871 14085 12265 10467 8771 8192 8192 8192 8192 8192 8192 10137 12030 13853 15596 936 2617 4158 5157 5620 5851 5979 6056 6074 6082 6107 6170 6219 6257 6293 6321 6337 6350 5133 3563 2001 344 14977 13163 11338 9576 8192 8192 8192 8192 8192 8192 8192 8750 10862 12734 14503 16231 1555 3210 4610 5392 5742 5934 6055 6118 6162 6181 6169 6208 6264 6303 6108 4589 2978 1372 16045 14248 12440 10632 8923 8192 8192 8192 8192 8192 8192 8192 8192 9217 11240 13096 14843 184 1888 3520 4832 5495 5811 5982 6104 6182 6243 6281 6298 6285 6080 4574 2971 1345 15996 14202 12372 10560 8864 8192 8192 8192 8192 8192 8192 8192 8192 8192 9877 11808 13643 15367 699 2386 3985 5106 5628 5870 250 14872 305 2026 
0 8192 8192 8192 8192 8192 8192 9628 11590 13426 15160 487 2173 3793 5008 5590 5872 6043 6156 6244 6305 6354 6257 4822 3225 1589 16238 14473 12668 10874 9147 8192 8192 8192 8192 8192 8192 8192 8192 8192 8678 10804 12674 14438 16150 1471 3130 4586 5403 5769 5974 6111 6202 6285 6336 6370 5604 4063 2481 782 15421 13618 11806 10047 8423 8192 8192 8192 8192 8192 8192 8192 8192 8192 9820 11757 13571 15310 634 2330 3933 5094 5629 5894 6058 6166 6248 6303 6363 6347 4970 3363 1736 5 14612 12783 10983 9264 8192 8192 8192 8192 8192 8192 8192 8192 8192 8530 10682 12578 14357 16074 1398 3063 4539 5388 5769 5970 6109 6201 6274 6333 6369 5815 4285 2700 1019 15652 13856 12020 10249 8591 8192 8192 8192 8192 8192 8192 8192 8192 8192 9567 11535 13358 15111 440 2130 3748 4988 5582 5867 6038 6155 6236 6293 6347 6381 5256 3639 2026 308 14933 13137 11307 9575 8192 8192 8192 8192 8192 8192 8192 8192 8192 8230 10472 12364 14159 15879 1189 2862 4386 5313 5730 5942 6096 6197 6272 6326 6355 6125 4648 3054 1404 16052 14260 12445 10646 8954 8192 8192 8192 8192 8192 8192 8192 8192 8192 9299 11286 13139 14884 215 1913 3551 4870 5533 5839 6011 6135 6224 6289 6337 6377 5676 4133 2544 853 15480 13685 11851 10070 8446 8192 8192 8192 8192 8192 8192 8192 8192 8192 10039 11968 13779 15512 840 2528 4111 5176 5667 5909 6066 6176 6245 6318 6347 6381 255 16297 305 2026 
0 8192 8192 10144 12094 13917 15637 965 2652 4210 5230 5681 5922 6063 6165 6231 6273 6298 6281 6296 6335 5188 3595 2004 289 14911 13088 11256 9515 8192 8192 8192 8192 8192 8192 8192 8192 8192 9969 11899 13746 15462 786 2475 4054 5152 5645 5898 6050 6154 6223 6264 6304 6282 6286 6315 5470 3906 2324 638 15261 13449 11618 9847 8287 8192 8192 8192 8192 8192 8192 8192 8192 9627 11557 13497 15190 521 2210 3825 5028 5591 5871 6032 6139 6207 6257 6287 6276 6285 6313 5908 4363 2764 1125 15756 13965 12132 10342 8659 8192 8192 8192 8192 8192 8192 8192 8192 9064 11046 13001 14736 71 1762 3407 4767 5483 5810 5998 6113 6192 6238 6285 6272 6275 6310 6334 5047 3431 1832 120 14735 12900 11069 9330 8192 8192 8192 8192 8192 8192 8192 8192 8192 10356 12261 14114 15818 1139 2816 4357 5288 5711 5936 6077 6170 6229 6265 6272 6268 6295 6339 5746 4193 2593 923 15565 13752 11929 10117 8463 8192 8192 8192 8192 8192 8192 8192 8192 9431 11382 13288 15049 384 2075 3702 4954 5569 5843 6025 6142 6202 6252 6270 6259 6277 6303 6361 5169 3573 1985 281 14893 13073 11240 9487 8192 8192 8192 8192 8192 8192 8192 8192 8192 10334 12222 14097 15788 1105 2781 4310 5284 5712 5935 6078 6158 6223 6262 6258 6266 6280 6322 6263 4756 3139 1530 16179 14398 12567 10745 9034 8192 8192 8192 8192 8192 8192 8192 8192 8895 10938 12831 14675 16358 1672 3324 4711 260 15561 305 2026 
0 2317 2368 2407 2369 2496 2535 2470 2492 2462 2506 2577 2475 2384 2339 2378 2443 2399 2331 2288 2416 2508 2494 2488 2364 2458 2483 2406 2442 2344 2347 2503 2507 2498 2198 2086 2529 2621 1993 776 16055 330 1846 3518 4904 5804 6046 6130 6223 6231 6218 6196 6144 6104 6041 5967 5539 4099 2576 862 15513 13782 12057 10412 8890 9139 9659 11779 13611 15289 647 2369 3960 5130 5709 5989 6054 6079 6139 6184 6235 6282 6326 6352 6360 6355 6322 6296 6191 4820 3309 1768 122 14761 12954 11131 9411 8192 8192 8192 9079 10332 11494 11997 13952 15781 1024 2816 4244 5305 5698 5936 5928 6000 6028 6088 6131 6196 6249 6293 6328 6358 6386 6396 6401 6392 6367 6261 4868 3340 1823 189 14825 13008 11168 9424 8192 8192 8192 8192 8192 8192 9349 11361 13225 14975 308 1998 3616 4856 5488 5783 5947 6031 6068 6065 6079 6138 6196 6232 6273 6295 6313 6312 6300 5029 3479 1934 277 14916 13087 11271 9515 8192 8192 8192 8192 8192 8192 8192 9029 11074 12936 14701 30 1742 3377 4724 5440 5761 5949 6056 6129 6162 6160 6164 6199 6248 6288 6309 5087 3505 1933 238 14870 13053 11236 9487 8192 8192 8192 8192 8192 8192 8192 8192 8678 10808 12678 14443 16155 1468 3120 4562 5374 5744 5940 6076 6162 6221 6269 6277 6263 6268 5515 3972 2393 712 15344 13549 11706 9938 8320 8192 8192 8192 8192 8192 8192 8192 8192 8765 10872 12749 14515 16230 1544 3204 293 11571 305 2026 
0 8192 8192 8192 8192 8192 8192 8429 10626 12518 14289 16004 1318 2992 4486 5350 5751 5956 6087 6190 6275 6327 6363 5459 3901 2316 614 15243 13441 11601 9852 8245 8192 8192 8192 8192 8192 8192 8192 8192 8192 9755 11705 13528 15267 589 2286 3892 5072 5617 5880 6046 6151 6234 6291 6344 6062 4602 3007 1339 15980 14197 12377 10575 8888 8192 8192 8192 8192 8192 8192 8192 8192 8192 8800 10900 12781 14550 16269 1588 3246 4667 5438 5785 5977 6107 6207 6283 6324 6378 5290 3702 2098 381 14983 13200 11370 9649 8192 8192 8192 8192 8192 8192 8192 8192 8192 8192 10076 12000 13806 15535 850 2532 4103 5174 5673 5912 6055 6168 6252 6314 6354 5868 4391 2807 1137 15771 13984 12153 10379 8701 8192 8192 8192 8192 8192 8192 8192 8192 8192 9174 11197 13050 14801 124 1821 3463 4806 5506 5816 6007 6123 6217 6282 6336 6361 5138 3525 1913 187 14801 12988 11174 9435 8192 8192 8192 8192 8192 8192 8192 8192 8192 8192 10331 12223 14011 15735 1058 2735 4276 5266 5700 5923 6066 6183 6254 6310 6360 5779 4283 2693 1011 15637 13844 12021 10231 8589 8192 8192 8192 8192 8192 8192 8192 8192 8192 9392 11380 13223 14972 298 1990 3625 4912 5555 5846 6018 6136 6228 6290 6337 6360 5050 3441 1831 98 14716 12903 11087 9355 8192 8192 8192 8192 8192 8192 8192 8192 8192 8195 10468 12370 14138 15877 1192 2871 4379 5317 5719 5950 6083 6175 6256 6313 6352 5758 298 13902 305 2026 
0 2640 2581 2745 2753 2642 2529 2397 2543 2666 2629 2576 2482 2454 2533 2525 2447 2450 2462 2529 2618 2573 2537 2525 2472 2563 2584 2537 2571 2569 2639 2760 2676 2663 2630 2619 2711 2492 1719 530 16200 618 2260 3886 5165 5801 5945 6046 6139 6137 6120 6096 6046 5996 5940 5861 5038 3636 2017 271 14927 13194 11496 9893 8440 9376 11052 13022 14770 96 1809 3478 4813 5582 5925 6044 6073 6117 6153 6207 6252 6291 6316 6322 6302 6274 6221 6176 5484 3994 2450 862 15526 13749 11909 10126 8476 8192 8192 8192 9570 10869 11850 12595 14794 157 1875 3509 4808 5507 5823 5946 5953 5998 6058 6100 6159 6212 6255 6298 6336 6353 6365 6373 6365 6360 6319 6192 4771 3242 1722 90 14717 12885 11025 9275 8192 8192 8192 8192 8192 8192 8453 10636 12523 14318 16055 1379 3036 4477 5306 5686 5892 6007 6078 6113 6096 6120 6160 6211 6254 6275 6293 6295 5820 4283 2695 1115 15789 13998 12170 10370 8670 8192 8192 8192 8192 8192 8192 8192 8726 10841 12726 14498 16217 1542 3196 4605 5380 5737 5933 6068 6144 6192 6229 6210 6214 6256 6281 5358 3796 2216 544 15172 13374 11536 9760 8192 8192 8192 8192 8192 8192 8192 8192 8192 9175 11202 13057 14810 131 1835 3469 4798 5495 5805 5987 6109 6187 6252 6303 6347 6334 5565 4026 2447 772 15401 13606 11764 9981 8353 8192 8192 8192 8192 8192 8192 8192 8192 8192 9773 11725 13539 15274 595 2287 3888 303 15277 305 2026 
0 4903 5590 5920 5998 6027 6092 6130 6180 6229 6278 6348 6373 6393 6407 6392 6369 6214 4781 3254 1724 82 14711 12892 11088 9343 8192 8192 8192 8192 8192 9411 11416 13286 15045 382 2089 3695 4918 5521 5791 5949 6022 6021 6031 6089 6144 6203 6248 6273 6310 6327 6341 6354 6358 6343 6046 4514 2928 1379 16081 14311 12477 10656 8935 8192 8192 8192 8192 8192 8192 9693 11645 13480 15224 558 2255 3845 5010 5555 5804 5966 6041 6081 6079 6104 6159 6204 6251 6281 6305 6312 6331 5596 4060 2489 884 15533 13745 11889 10105 8446 8192 8192 8192 8192 8192 8192 8192 10006 11933 13750 15479 815 2502 4058 5122 5614 5857 6007 6095 6161 6179 6181 6185 6226 6279 6308 5533 3989 2415 752 15401 13603 11763 9990 8344 8192 8192 8192 8192 8192 8192 8192 8192 10245 12155 13956 15685 1015 2683 4235 5221 5674 5899 6045 6150 6211 6263 6286 6255 6262 6100 4588 2972 1345 15986 14202 12361 10562 8868 8192 8192 8192 8192 8192 8192 8192 8192 8199 10498 12356 14160 15861 1193 2855 4374 5283 5704 5920 6062 6160 6238 6289 6317 6313 6156 4670 3063 1439 16087 14305 12493 10682 8984 8192 8192 8192 8192 8192 8192 8192 8192 8192 9932 11858 13674 15398 721 2401 3995 5111 5632 5884 6040 6142 6231 6279 6328 6352 5884 4378 2795 1139 15770 13972 12133 10359 8687 8192 8192 8192 8192 8192 8192 8192 8192 8192 10035 11955 13763 15499 818 2505 4081 5161 5655 5894 3 11010 305 764 
0 2610 2319 2012 2028 2101 2087 2267 2379 2531 2553 2237 2160 2108 2173 2326 2173 2181 2321 2349 2452 2244 2151 2368 2412 2505 2314 2055 2202 2232 2244 2244 2198 2442 2620 2430 2232 1690 1047 56 16254 1004 2841 4328 5530 6029 6145 6218 6236 6198 6202 6161 6107 6057 6013 5892 4618 3182 1514 16147 14407 12691 11013 9432 8464 9355 9382 10745 12800 14598 16342 1667 3304 4713 5532 5922 6029 6051 6113 6156 6202 6238 6286 6328 6350 6333 6310 6269 5297 3804 2271 656 15326 13531 11711 9930 8333 8192 8192 8192 8192 9214 11246 13098 14925 244 1949 3585 4855 5508 5793 5934 6006 6006 6037 6094 6159 6216 6251 6281 6307 6334 6338 6357 6360 6338 6186 4694 3122 1583 16302 14544 12712 10860 9123 8192 8192 8192 8192 8192 8192 8986 11033 12912 14688 21 1714 3366 4709 5422 5747 5930 6029 6093 6097 6103 6133 6187 6231 6265 6286 6308 6285 5013 3451 1886 220 14849 13038 11190 9447 8192 8192 8192 8192 8192 8192 8192 8192 9970 11901 13726 15456 786 2480 4035 5125 5612 5866 6013 6117 6180 6211 6228 6216 6234 6265 5959 4436 2825 1201 15852 14068 12218 10422 8747 8192 8192 8192 8192 8192 8192 8192 8192 8602 10754 12632 14403 16124 1444 3101 4554 5372 5752 5955 6079 6175 6233 6293 6314 6320 6039 4535 2930 1281 15932 14151 12320 10511 8812 8192 8192 8192 8192 8192 8192 8192 8192 8192 9485 11469 13304 15048 371 2070 3686 4951 5557 8 11650 305 764 
0 2756 2801 2724 2527 2218 2144 2217 2189 2334 2231 2448 2559 2574 2590 2567 2591 2676 2668 2684 2644 2494 2430 2283 2329 2477 2493 2456 2382 2275 2442 2477 2592 2708 2637 2695 2579 2141 1325 16330 16137 1009 2728 4280 5471 6089 6204 6310 6354 6335 6326 6297 6240 6189 6124 5983 4679 3257 1599 16248 14514 12789 11101 9514 8527 9441 10493 12694 14456 16184 1536 3207 4624 5483 5882 6042 6065 6119 6176 6228 6275 6328 6373 6407 6428 6414 6405 6353 5163 3659 2124 489 15140 13336 11523 9766 8192 8192 8192 8210 9700 11207 12169 13316 15344 693 2389 3974 5097 5623 5871 5946 5963 6012 6058 6119 6188 6233 6282 6328 6357 6381 6401 6430 6428 6445 6419 5126 3594 2071 458 15105 13297 11458 9667 8192 8192 8192 8192 8192 8192 8208 10456 12360 14162 15892 1217 2888 4377 5265 5668 5884 6003 6080 6099 6088 6119 6179 6229 6277 6290 6317 6335 5079 3506 1948 276 14902 13106 11282 9540 8192 8192 8192 8192 8192 8192 8192 8192 9906 11839 13656 15390 708 2389 3973 5095 5607 5858 6011 6113 6177 6215 6226 6221 6244 6281 5707 4170 2582 934 15584 13798 11961 10178 8525 8192 8192 8192 8192 8192 8192 8192 8192 8795 10902 12780 14548 16269 1588 3244 4660 5427 5776 5974 6093 6188 6254 6305 6338 6332 5443 3874 2288 588 15210 13402 11587 9796 8225 8192 8192 8192 8192 8192 8192 8192 8192 8192 10039 11968 13780 15514 844 2532 4103 5179 5659 30 3162 305 764 
0 2488 2466 2379 2270 1662 789 16212 109 1678 3391 4815 5758 6030 6114 6164 6158 6151 6124 6079 6029 5985 5923 5635 4193 2682 968 15597 13865 12165 10493 8971 8983 9512 10114 12360 14147 15900 1257 2919 4410 5377 5835 6013 6049 6096 6138 6178 6219 6266 6299 6312 6313 6282 6240 6188 5130 3646 2117 514 15165 13363 11547 9782 8216 8192 8192 8192 8918 10808 12516 13796 15738 1082 2743 4270 5226 5675 5876 5968 5976 6004 6062 6125 6174 6227 6260 6292 6317 6331 6357 6357 6355 6330 6295 6224 4955 3443 1918 315 14963 13149 11286 9514 8192 8192 8192 8192 8192 8192 8667 10801 12685 14482 16209 1535 3179 4581 5353 5712 5896 6008 6073 6085 6078 6117 6163 6218 6252 6269 6284 6290 6259 4971 3408 1864 202 14842 13020 11174 9413 8192 8192 8192 8192 8192 8192 8192 8192 10390 12283 14083 15811 1136 2807 4325 5255 5675 5887 6025 6114 6171 6201 6194 6194 6234 6255 6250 4846 3227 1628 16308 14536 12711 10892 9158 8192 8192 8192 8192 8192 8192 8192 8192 8192 10439 12329 14112 15832 1146 2825 4342 5281 5699 5912 6056 6157 6230 6268 6309 6296 6279 5250 3677 2093 396 15016 13207 11384 9626 8192 8192 8192 8192 8192 8192 8192 8192 8192 8509 10683 12578 14351 16067 1392 3069 4535 5371 5739 5945 6090 6181 6252 6310 6344 6370 5134 3510 1910 197 14803 12992 11155 9423 8192 8192 8192 8192 8192 8192 8192 8192 8192 8192 10337 12235 14027 15749 51 9809 305 764 
0 9807 11726 13600 15358 677 2367 3961 5102 5635 5887 6047 6141 6206 6250 6279 6262 6276 6310 6350 5556 3999 2418 742 15370 13562 11713 9952 8319 8192 8192 8192 8192 8192 8192 8192 8192 9697 11625 13496 15279 584 2279 3878 5053 5610 5871 6037 6136 6196 6269 6245 6269 6258 6313 6337 6138 4592 2960 1346 15986 14191 12363 10540 8821 8192 8192 8192 8192 8192 8192 8192 8192 8994 11006 12849 14681 25 1520 203 15321 13903 12402 10870 9363 8192 8192 8192 8192 8192 8192 8192 8192 8192 8192 8192 8192 8192 8192 8192 8192 8192 8192 8192 8192 8192 8192 8192 8192 8192 8192 8192 8208 8236 8254 8269 8290 8306 8328 8342 8368 8377 8399 8419 8432 8447 8464 8490 8509 8533 8547 8577 8582 8612 8641 8670 8705 8740 8781 8841 8898 8940 9014 9081 9180 9238 9302 9379 9429 9535 9588 9601 9672 9698 9758 9820 9804 9879 9916 9953 10005 9994 10050 10097 10120 10182 10176 10204 10252 10274 10328 10349 10356 10403 10415 10446 10475 10473 10525 10543 10556 10584 10592 10629 10680 10685 10687 10702 10728 10782 10786 10790 10815 10832 10866 10889 10887 10947 10939 10954 10984 10983 11027 11043 11041 11068 11075 11100 11131 11124 11156 11163 11182 11224 11220 11236 11248 11255 11294 11317 11328 11336 11341 11363 11375 11401 11417 11421 11429 11452 11462 11487 11505 11509 11539 11538 11566 11597 11597 11617 11615 11622 11674 11672 11681 11700 11690 11745 11733 11737 11776 11763 11822 11816 11812 11841 11848 11872 56 7725 305 764 
0 2389 2482 2481 2361 2161 2272 2387 2491 2517 2292 2208 2234 2200 2206 2198 2208 2335 2334 2259 2195 2188 2313 2480 2481 2367 2249 2124 2238 2276 2250 2279 2107 2190 2229 2219 2273 1658 602 16009 16161 1337 3087 4568 5654 6139 6240 6306 6307 6301 6286 6245 6191 6141 6082 5872 4463 3026 1250 15993 14158 12529 10766 9264 8447 9348 9437 11507 13390 15147 496 2195 3802 5031 5690 5979 6041 6076 6121 6171 6216 6269 6331 6356 6378 6382 6359 6280 4907 3366 1831 172 14801 13005 11198 9460 8192 8192 8192 8192 8192 10104 12036 13886 15645 969 2646 4194 5187 5645 5860 5977 6008 6016 6062 6123 6180 6237 6272 6300 6323 6354 6375 6374 6388 6347 5002 3460 1921 287 14921 13099 11262 9499 8192 8192 8192 8192 8192 8192 8390 10578 12478 14264 15997 1320 2986 4453 5303 5695 5904 6011 6080 6102 6098 6125 6172 6229 6273 6291 6313 6053 4512 2907 1315 15988 14214 12391 10574 8885 8192 8192 8192 8192 8192 8192 8192 8192 10416 12314 14101 15821 1150 2819 4332 5259 5678 5905 6032 6135 6191 6232 6229 6227 6256 6282 5110 3501 1918 218 14839 13036 11216 9471 8192 8192 8192 8192 8192 8192 8192 8192 8192 9690 11640 13464 15201 528 2219 3829 5013 5588 5857 6020 6136 6224 6270 6320 6340 6268 4847 3225 1607 16264 14485 12663 10850 9132 8192 8192 8192 8192 8192 8192 8192 8192 8192 8852 10944 12821 14581 16295 1619 3273 4682 5440 5784 5976 61 15090 305 764 
0 1449 1465 1550 1631 1542 1393 1422 1549 1680 1488 1492 1459 1499 1693 1480 1428 1458 1415 1645 1560 1394 1559 1468 1578 1577 1383 1545 1543 1562 1676 1491 1343 909 16024 15009 15233 432 2236 3865 5156 6005 6269 6288 6311 6299 6313 6318 6273 6250 6220 6165 6029 4639 3171 1524 16177 14415 12631 10884 9254 8192 8192 8192 8572 10285 12024 13197 15195 476 2164 3818 5010 5592 5858 5939 5952 5991 6049 6099 6157 6212 6260 6300 6337 6351 6368 6369 6366 6354 6305 5026 3491 1957 338 14981 13180 11346 9565 8192 8192 8192 8192 8192 8192 8192 8559 10726 12610 14390 16117 1437 3093 4521 5327 5699 5894 6027 6099 6152 6173 6158 6174 6215 6256 6285 5121 3529 1953 264 14888 13076 11251 9503 8192 8192 8192 8192 8192 8192 8192 8192 8192 8761 10873 12743 14519 16229 1546 3208 4628 5412 5764 5962 6083 6178 6242 6307 6340 6367 5731 4189 2610 933 15569 13767 11944 10145 8496 8192 8192 8192 8192 8192 8192 8192 8192 8192 8192 9418 11407 13243 14991 321 2010 3660 4924 5561 5847 6016 6139 6220 6297 6125 4726 3154 1505 16152 14381 12567 10773 9085 8192 8192 8192 8192 8192 8192 8192 8192 8192 8192 8192 9270 11280 13125 14867 197 1894 3543 4875 5540 5843 6023 6144 6239 5735 4329 2802 1148 15807 14052 12273 10500 8847 8192 8192 8192 8192 8192 8192 8192 8192 8192 8192 8192 8920 10971 12834 14590 16302 1616 3273 4686 5470 5809 5995 6136 67 958 305 764 
0 8192 8192 8192 9490 11458 13335 15065 394 2084 3700 4956 5576 5857 6033 6145 6225 6272 6303 6319 6309 6301 4920 3292 1679 16346 14566 12733 10919 9177 8192 8192 8192 8192 8192 8192 8192 8192 8192 9959 11922 13751 15477 804 2499 4078 5163 5665 5905 6067 6166 6232 6289 6304 6303 6303 6194 4706 3088 1456 16104 14328 12490 10673 8959 8192 8192 8192 8192 8192 8192 8192 8192 8192 10237 12218 13999 15734 1049 2733 4275 5262 5698 5922 6078 6176 6239 6291 6309 6310 6306 5963 4432 2830 1188 15827 14040 12201 10416 8710 8192 8192 8192 8192 8192 8192 8192 8192 8415 10570 12560 14306 16021 1339 3012 4491 5362 5760 5958 6103 6188 6256 6295 6312 6296 6310 5825 4287 2692 1029 15665 13877 12023 10236 8570 8192 8192 8192 8192 8192 8192 8192 8192 8689 10758 12740 14482 16202 1522 3186 4622 5424 5784 5978 6118 6192 6254 6297 6304 6295 6315 5891 4355 2753 1100 15740 13946 12102 10320 8649 8192 8192 8192 8192 8192 8192 8192 8192 8731 10779 12736 14491 16210 1525 3185 4608 5420 5786 5983 6110 6183 6248 6297 6302 6293 6306 6117 4588 2973 1354 16014 14220 12386 10572 8874 8192 8192 8192 8192 8192 8192 8192 8192 8472 10606 12549 14330 16038 1355 3026 4510 5381 5760 5962 6098 6175 6242 6288 6302 6282 6298 6280 4823 3206 1583 16231 14452 12617 10781 9067 8192 8192 8192 8192 8192 8192 8192 8192 8192 10320 12251 14080 15787 1109 2790 4327 5290 5718 88 12497 305 764 
0 2096 2035 2195 2183 2426 2663 2521 2563 2395 2440 2687 2681 2620 2447 2240 2310 2269 2300 2295 2295 2406 2362 2403 2363 2305 2480 2544 2580 2614 2352 2370 2368 2328 2485 2280 2182 1925 891 14 16099 889 2675 4234 5438 6149 6361 6479 6504 6496 6486 6468 6409 6356 6289 5945 4495 3025 1383 16041 14304 12592 10910 9341 8671 9519 10685 12852 14601 16326 1667 3340 4726 5533 5904 6045 6073 6132 6177 6245 6295 6352 6399 6440 6477 6480 6499 6477 5342 3841 2311 688 15345 13559 11746 9991 8399 8192 8192 8648 9938 11084 11720 12559 14739 94 1814 3446 4771 5511 5833 5937 5962 6019 6060 6104 6160 6232 6284 6336 6366 6401 6435 6452 6481 6488 5888 4360 2807 1253 15940 14164 12329 10533 8848 8192 8192 8192 8192 8192 8192 9802 11745 13583 15319 644 2338 3915 5037 5575 5829 5970 6057 6091 6086 6118 6163 6223 6267 6299 6324 6352 5108 3516 1949 273 14902 13086 11264 9513 8192 8192 8192 8192 8192 8192 8192 8192 10207 12113 13912 15632 954 2626 4182 5196 5659 5884 6032 6130 6183 6223 6216 6216 6252 6300 5360 3793 2216 524 15150 13364 11547 9776 8195 8192 8192 8192 8192 8192 8192 8192 8192 9707 11655 13486 15221 549 2242 3850 5038 5587 5855 6026 6139 6215 6266 6309 6325 6214 4749 3145 1522 16177 14394 12568 10766 9048 8192 8192 8192 8192 8192 8192 8192 8192 8192 9256 11268 13119 14869 205 1903 3550 4859 5525 5828 6007 100 12696 305 764 
0 2852 2720 2805 2846 2820 2882 2701 2708 2842 2721 2806 2683 2669 2823 2721 2763 2688 2592 2737 2677 2654 2655 2569 2704 2715 2649 2641 2520 2628 2681 2641 2635 2608 2702 2753 2697 2526 1811 654 16288 630 2284 3899 5191 5965 6132 6248 6355 6385 6374 6362 6313 6267 6197 6112 5192 3788 2217 496 15158 13440 11728 10123 8641 9694 11967 13761 15493 812 2513 4108 5205 5766 6019 6091 6125 6179 6222 6288 6344 6398 6425 6466 6457 6464 6428 5977 4473 2911 1354 16052 14294 12475 10688 8990 8192 8192 9077 10431 11502 12159 14289 16053 1394 3057 4526 5387 5788 5946 5971 6017 6076 6114 6176 6243 6301 6339 6384 6409 6444 6464 6467 6484 6326 4820 3243 1722 68 14704 12878 11053 9317 8192 8192 8192 8192 8192 8192 9130 11146 13018 14785 113 1815 3451 4770 5442 5769 5939 6039 6089 6088 6095 6146 6204 6251 6288 6318 6339 6362 5127 3556 1995 330 14968 13138 11326 9588 8192 8192 8192 8192 8192 8192 8192 8192 10433 12331 14123 15854 1186 2850 4358 5282 5695 5917 6045 6134 6184 6205 6197 6218 6257 6296 5815 4266 2681 1043 15690 13895 12064 10281 8612 8192 8192 8192 8192 8192 8192 8192 8192 9104 11141 12997 14760 86 1778 3419 4761 5477 5805 5984 6114 6197 6249 6301 6330 6316 5575 4030 2459 776 15412 13614 11790 10029 8397 8192 8192 8192 8192 8192 8192 8192 8192 8192 10130 12046 13850 15575 894 2582 4137 5200 5671 5915 6061 105 12055 305 764 
0 8192 8192 8192 8192 8192 8192 8192 8192 8192 8192 10432 12325 14112 15835 1161 2831 4368 5316 5746 5961 6103 6208 6205 4916 3391 1785 71 14708 12921 11147 9459 8192 8192 8192 8192 8192 8192 8192 8192 8192 8192 8192 9525 11485 13313 15047 374 2076 3698 4962 5583 5871 6037 6154 6252 5620 4164 2620 945 15604 13843 12051 10309 8671 8192 8192 8192 8192 8192 8192 8192 8192 8192 8192 8445 10642 12518 14291 16006 1329 2995 4484 5373 5766 5978 6111 6206 6234 4964 3435 1825 114 14753 12969 11189 9476 8192 8192 8192 8192 8192 8192 8192 8192 8192 8192 8192 9659 11619 13442 15167 498 2192 3814 5032 5606 5884 6044 6169 6259 5667 4225 2679 1010 15664 13909 12115 10356 8716 8192 8192 8192 8192 8192 8192 8192 8192 8192 8192 8537 10697 12577 14342 16053 1380 3044 4534 5387 5771 5971 6108 6217 6268 5052 3511 1910 198 14849 13070 11285 9579 8192 8192 8192 8192 8192 8192 8192 8192 8192 8192 8192 9717 11670 13491 15220 545 2239 3846 5047 5616 5893 6046 6166 6257 5797 4378 2841 1180 15830 14070 12275 10508 8861 8192 8192 8192 8192 8192 8192 8192 8192 8192 8192 8549 10725 12601 14372 16080 1403 3064 4545 5397 5782 5984 6109 6212 6297 5376 3828 2253 545 15177 13405 11603 9875 8279 8192 8192 8192 8192 8192 8192 8192 8192 8192 8192 9466 11440 13277 15019 353 2052 3678 4957 5570 5866 6036 6156 6244 6160 4813 3271 1646 16314 14562 12771 110 13096 305 764 
0 161 1859 3488 4819 5505 5823 6009 6130 6211 6298 6345 5131 3548 1932 215 14855 13060 11263 9540 8192 8192 8192 8192 8192 8192 8192 8192 8192 8192 8192 9081 11125 12975 14723 49 1746 3395 4774 5488 5823 6018 6133 6228 6082 4745 3211 1587 16260 14521 12726 10943 9261 8192 8192 8192 8192 8192 8192 8192 8192 8192 8192 8192 8616 10747 12640 14400 16108 1423 3094 4568 5409 5782 5985 6122 6224 5562 4133 2602 938 15608 13844 12068 10323 8676 8192 8192 8192 8192 8192 8192 8192 8192 8192 8192 8192 9317 11320 13169 14908 239 1931 3564 4884 5556 5859 6035 6155 6235 5079 3555 1980 290 14935 13154 11379 9669 8192 8192 8192 8192 8192 8192 8192 8192 8192 8192 8192 8192 10321 12231 14014 15730 1045 2730 4286 5282 5734 5952 6102 6205 5907 4563 3042 1406 16074 14320 12548 10785 9095 8192 8192 8192 8192 8192 8192 8192 8192 8192 8192 8192 9231 11241 13087 14830 159 1859 3501 4841 5534 5851 6034 6149 6243 5572 4123 2590 918 15588 13815 12030 10279 8664 8192 8192 8192 8192 8192 8192 8192 8192 8192 8192 8192 10112 12030 13825 15553 867 2556 4135 5207 5697 5928 6089 6203 6284 5409 3895 2335 642 15283 13516 11732 9984 8386 8192 8192 8192 8192 8192 8192 8192 8192 8192 8192 8370 10577 12458 14231 15950 1269 2940 4442 5355 5763 5976 6118 6210 6302 5213 3659 2078 369 15000 13221 11446 9712 8192 8192 8192 8192 8192 8192 8192 8192 8192 115 11775 305 764 
0 1639 1562 1443 1468 1457 1595 1659 1511 1497 1482 1514 1608 1575 1517 1490 1518 1550 1575 1547 1444 1451 1591 1546 1545 1384 1308 1664 1655 1644 1581 1269 1485 1354 424 15673 14982 16110 1597 3271 4710 5768 6236 6293 6297 6309 6301 6312 6304 6257 6219 6178 6105 4915 3484 1883 162 14797 13027 11289 9631 8192 8192 8192 8363 9774 11547 13206 15081 419 2110 3723 4958 5588 5862 5941 5967 6015 6061 6102 6151 6214 6273 6306 6334 6358 6361 6342 6201 4702 3116 1572 16283 14521 12700 10861 9146 8192 8192 8192 8192 8192 8192 8192 9447 11429 13279 15032 361 2049 3680 4903 5505 5795 5966 6065 6125 6159 6154 6154 6196 6236 6274 6237 4782 3154 1560 16244 14477 12654 10823 9091 8192 8192 8192 8192 8192 8192 8192 8192 8192 9667 11631 13459 15204 535 2224 3833 5017 5575 5845 6010 6129 6210 6270 6309 6349 6342 5349 3764 2179 476 15104 13290 11472 9686 8192 8192 8192 8192 8192 8192 8192 8192 8192 8192 8297 10524 12412 14192 15909 1227 2891 4400 5324 5729 5938 6076 6181 6266 6334 5761 4294 2732 1049 15683 13899 12096 10319 8674 8192 8192 8192 8192 8192 8192 8192 8192 8192 8192 8214 10462 12364 14145 15871 1197 2877 4395 5322 5730 5954 6097 6204 6286 5379 3849 2286 580 15223 13440 11636 9893 8323 8192 8192 8192 8192 8192 8192 8192 8192 8192 8192 8192 10110 12025 13832 15557 885 2566 4147 5215 5694 5930 6081 6193 6032 4702 125 13570 305 764 
0 2320 2448 2611 2347 2289 2429 2438 2539 2456 2315 2474 2440 2407 2426 2238 2392 2398 2335 2389 2257 2407 2343 2280 2285 2226 2362 2334 2306 2225 2270 2221 2390 2216 2316 2275 2251 2117 1357 97 15893 173 1892 3584 4952 5885 6193 6280 6306 6298 6292 6281 6237 6185 6121 6057 5343 3927 2356 640 15286 13556 11823 10192 8662 9208 9688 9954 12217 14027 15793 1157 2822 4346 5339 5821 6019 6047 6092 6150 6192 6247 6295 6354 6384 6405 6402 6387 6358 5236 3721 2183 561 15221 13424 11595 9823 8247 8192 8192 8192 8192 8192 8453 10683 12558 14347 16070 1404 3063 4512 5336 5711 5908 6025 6083 6084 6097 6133 6192 6249 6282 6309 6326 6328 6277 4812 3209 1638 16343 14575 12740 10931 9199 8192 8192 8192 8192 8192 8192 8192 9207 11238 13095 14855 177 1880 3512 4822 5481 5795 5972 6074 6142 6188 6172 6177 6214 6269 6301 5853 4323 2737 1100 15756 13967 12145 10347 8679 8192 8192 8192 8192 8192 8192 8192 8192 8996 11057 12918 14674 14 1714 3360 4738 5461 5783 5976 6099 6184 6245 6296 6318 6318 5951 4433 2842 1197 15843 14059 12238 10419 8750 8192 8192 8192 8192 8192 8192 8192 8192 8192 9244 11254 13107 14854 185 1872 3518 4846 5510 5831 6005 6129 6213 6277 6325 6365 5072 3459 1831 111 14723 12909 11101 9368 8192 8192 8192 8192 8192 8192 8192 8192 8192 8192 9484 11465 13304 15044 368 2052 3678 4949 5566 5858 6030 6150 130 15962 305 764 
0 1404 1632 1855 1772 1696 1411 1396 1656 1533 1419 1150 1079 1325 1383 1399 1270 1326 1615 1641 1592 1462 1424 1647 1593 1486 1413 1247 1462 1484 1308 1449 1291 1458 1623 1331 1317 656 15710 14993 15333 662 2437 4019 5275 6073 6293 6326 6338 6333 6334 6341 6301 6279 6231 6184 5672 4222 2683 1003 15652 13888 12098 10398 8798 8192 8192 8192 8800 10519 12192 13782 15615 906 2614 4190 5213 5695 5903 5931 5959 6016 6071 6113 6164 6229 6274 6309 6341 6367 6381 6384 6391 6368 5521 4014 2458 882 15555 13762 11920 10132 8467 8192 8192 8192 8192 8192 8192 8192 10069 11998 13816 15546 865 2551 4104 5138 5602 5846 5996 6083 6148 6176 6175 6175 6210 6249 6284 5341 3781 2220 540 15179 13360 11533 9771 8193 8192 8192 8192 8192 8192 8192 8192 8192 8419 10627 12511 14284 16005 1324 2994 4473 5337 5725 5931 6073 6167 6244 6298 6344 6359 5701 4164 2585 910 15538 13751 11921 10140 8482 8192 8192 8192 8192 8192 8192 8192 8192 8192 8192 9522 11488 13318 15062 394 2083 3707 4954 5570 5853 6025 6141 6231 6309 5781 4327 2775 1101 15744 13962 12158 10409 8745 8192 8192 8192 8192 8192 8192 8192 8192 8192 8192 8192 9781 11727 13547 15279 598 2287 3889 5073 5637 5889 6057 6173 6255 5213 3686 2119 431 15074 13302 11535 9804 8253 8192 8192 8192 8192 8192 8192 8192 8192 8192 8192 8192 9765 11708 13516 15248 566 2257 3857 5063 5627 135 15129 305 764 
0 2676 2444 2405 2448 2458 2605 2536 2493 2508 2586 2665 2622 2455 2363 2458 2596 2561 2480 2309 2403 2627 2584 2580 2451 2439 2675 2624 2585 2568 2443 2628 2619 2494 2584 2521 2523 2251 1093 31 16197 976 2721 4283 5462 6071 6192 6296 6336 6327 6317 6285 6229 6176 6104 5901 4525 3070 1412 16057 14327 12609 10944 9364 8584 9560 11280 13225 14961 290 2010 3658 4935 5642 5964 6066 6087 6135 6181 6240 6298 6361 6393 6415 6422 6426 6400 6338 5069 3563 2029 387 15038 13249 11425 9683 8192 8192 8192 8192 9718 11162 12176 13458 15445 791 2487 4049 5135 5647 5878 5947 5971 6015 6066 6125 6183 6244 6288 6326 6358 6386 6414 6422 6443 6437 6220 4704 3122 1593 16311 14542 12706 10886 9148 8192 8192 8192 8192 8192 8192 8816 10899 12786 14562 16271 1584 3241 4627 5390 5733 5916 6031 6096 6099 6106 6137 6187 6240 6276 6314 6338 5509 3968 2403 770 15429 13628 11808 10015 8403 8192 8192 8192 8192 8192 8192 8192 8799 10892 12768 14528 16250 1566 3215 4617 5405 5759 5951 6084 6160 6209 6254 6251 6246 6275 5951 4427 2831 1205 15856 14064 12239 10444 8740 8192 8192 8192 8192 8192 8192 8192 8192 8192 10282 12181 13977 15703 1024 2708 4249 5244 5694 5917 6065 6168 6244 6293 6335 6362 5462 3892 2308 595 15226 13421 11594 9806 8236 8192 8192 8192 8192 8192 8192 8192 8192 8192 9740 11691 13509 15253 574 2263 3879 5061 5614 5876 140 15244 305 764 
0 8192 8192 8192 8192 8192 8192 10281 12178 13976 15707 1021 2709 4256 5259 5702 5922 6085 6179 6256 6311 6352 6296 4889 3287 1654 16306 14517 12707 10898 9170 8192 8192 8192 8192 8192 8192 8192 8192 8192 9205 11217 13076 14836 176 1876 3515 4851 5518 5831 6004 6128 6218 6281 6338 6367 5698 4168 2583 900 15521 13730 11882 10114 8478 8192 8192 8192 8192 8192 8192 8192 8192 8192 10121 12047 13848 15588 914 2599 4159 5201 5686 5912 6074 6176 6247 6304 6352 6386 5149 3530 1925 200 14807 12998 11182 9423 8192 8192 8192 8192 8192 8192 8192 8192 8192 8855 10911 12784 14551 16259 1568 3230 4670 5441 5786 5987 6115 6206 6268 6326 6359 6031 4547 2945 1301 15945 14164 12347 10560 8877 8192 8192 8192 8192 8192 8192 8192 8192 8192 9769 11701 13528 15263 591 2277 3891 5069 5617 5880 6037 6152 6228 6298 6340 6356 5526 3970 2388 689 15315 13510 11694 9918 8322 8192 8192 8192 8192 8192 8192 8192 8192 8244 10511 12401 14188 15907 1230 2896 4403 5324 5730 5953 6091 6189 6258 6310 6352 6358 5064 3441 1831 105 14715 12910 11091 9352 8192 8192 8192 8192 8192 8192 8192 8192 8192 9159 11144 13005 14764 87 1785 3423 4790 5496 5826 6006 6129 6217 6275 6317 6356 6077 4581 2987 1336 15985 14205 12385 10592 8884 8192 8192 8192 8192 8192 8192 8192 8192 8192 9829 11748 13574 15309 634 2329 3924 5087 5629 5883 6041 6151 6243 6294 6331 6357 145 9701 305 764 
0 1890 1644 1809 1596 1647 1877 1577 1622 1508 1468 1785 1529 1633 1703 1652 1894 1656 1641 1746 1697 1891 1650 1457 1669 1596 1814 1689 1456 1662 1712 1722 1798 1357 1779 1734 1385 765 15739 15073 15965 1402 3111 4586 5678 6267 6354 6356 6382 6369 6381 6370 6337 6316 6267 6226 5653 4208 2668 983 15622 13860 12076 10351 8782 8192 8192 8192 9285 10974 12502 14278 16050 1365 3058 4501 5371 5775 5924 5947 5994 6040 6084 6136 6192 6245 6300 6329 6360 6383 6401 6401 6402 5847 4324 2760 1220 15918 14130 12306 10487 8794 8192 8192 8192 8192 8192 8192 8192 10107 12031 13844 15576 910 2587 4123 5149 5618 5851 6001 6084 6134 6149 6156 6166 6212 6249 6284 6051 4512 2915 1316 15978 14198 12377 10566 8877 8192 8192 8192 8192 8192 8192 8192 8192 8192 9956 11886 13705 15433 750 2428 4006 5121 5624 5874 6026 6145 6222 6275 6316 6349 6357 5347 3743 2166 468 15087 13276 11449 9682 8192 8192 8192 8192 8192 8192 8192 8192 8192 8192 8192 10438 12341 14119 15835 1148 2829 4355 5299 5722 5937 6076 6186 6258 6323 6030 4587 3011 1349 15993 14219 12398 10623 8933 8192 8192 8192 8192 8192 8192 8192 8192 8192 8192 8192 9986 11910 13721 15444 776 2462 4047 5159 5657 5908 6067 6180 6266 5751 4339 2809 1138 15786 14035 12234 10474 8816 8192 8192 8192 8192 8192 8192 8192 8192 8192 8192 8192 9472 11446 13278 15011 335 2033 3670 4948 5575 155 3738 305 764 
0 2722 2632 2667 2617 2611 2718 2662 2628 2750 2773 2939 2875 2583 2557 2534 2591 2585 2258 2307 2539 2695 2851 2696 2708 2962 3016 3010 2793 2591 2718 2638 2608 2522 2442 2629 2548 2351 1952 856 341 768 2209 3853 5177 5910 6068 6161 6261 6256 6251 6218 6163 6128 6069 6006 5489 4049 2524 818 15452 13719 12023 10377 8873 9288 10695 12766 14518 16244 1586 3255 4658 5498 5894 6059 6081 6130 6169 6228 6285 6332 6363 6378 6396 6372 6339 6279 5381 3896 2360 763 15449 13655 11836 10068 8463 8192 8771 9857 10980 11965 13853 15661 1001 2687 4224 5250 5729 5957 5985 6033 6088 6117 6170 6238 6293 6338 6376 6398 6414 6429 6423 6398 6355 5238 3746 2219 627 15275 13470 11648 9873 8279 8192 8192 8192 8192 8699 10832 12746 14524 16247 1575 3223 4618 5385 5729 5905 6006 6025 6030 6068 6134 6191 6238 6272 6296 6311 6342 6347 6360 6355 5721 4187 2631 1070 15757 13975 12131 10326 8637 8192 8192 8192 8192 8192 8192 9936 11864 13684 15429 761 2445 4019 5090 5589 5839 5985 6065 6099 6082 6112 6152 6221 6263 6295 6315 6322 5955 4413 2818 1227 15901 14117 12282 10479 8787 8192 8192 8192 8192 8192 8192 8192 9351 11355 13208 14958 286 1985 3613 4879 5512 5809 5977 6086 6144 6187 6202 6191 6220 6269 6309 5683 4141 2555 914 15558 13760 11934 10135 8499 8192 8192 8192 8192 8192 8192 8192 8192 10124 12034 13827 15561 896 2579 4145 160 2951 305 764 
0 8192 8192 8192 8192 9761 11736 13542 15276 601 2290 3892 5064 5617 5881 6047 6152 6232 6281 6324 6339 6323 5293 3723 2143 442 15059 13252 11412 9657 8192 8192 8192 8192 8192 8192 8192 8192 8192 9022 11161 12983 14741 76 1774 3424 4786 5495 5811 6002 6126 6206 6265 6316 6330 6333 5898 4385 2788 1130 15779 13984 12144 10334 8665 8192 8192 8192 8192 8192 8192 8192 8192 8192 10388 12310 14093 15818 1146 2824 4353 5298 5720 5940 6086 6183 6243 6294 6324 6333 6330 5121 3511 1902 186 14796 12984 11156 9416 8192 8192 8192 8192 8192 8192 8192 8192 8192 9399 11465 13277 15027 357 2056 3686 4950 5566 5853 6030 6141 6218 6279 6316 6329 6320 5980 4454 2856 1211 15844 14045 12226 10415 8731 8192 8192 8192 8192 8192 8192 8192 8192 8192 10362 12308 14068 15804 1132 2817 4348 5292 5712 5936 6079 6173 6243 6294 6323 6318 6314 5436 3864 2278 577 15198 13388 11548 9780 8192 8192 8192 8192 8192 8192 8192 8192 8192 9052 11107 12992 14749 70 1773 3425 4783 5498 5813 5998 6118 6202 6262 6308 6327 6323 6311 5046 3435 1839 119 14731 12901 11079 9330 8192 8192 8192 8192 8192 8192 8192 8192 8192 9692 11694 13519 15259 588 2278 3879 5058 5614 5878 6041 6155 6220 6271 6310 6325 6310 6218 4743 3130 1508 16156 14377 12540 10720 9022 8192 8192 8192 8192 8192 8192 8192 8192 8192 10168 12160 13937 15666 986 2666 4224 5229 5693 5920 6062 165 3452 305 764 
0 2294 2156 2209 2471 2192 2331 2180 2376 2447 2266 2217 2224 2296 2523 2274 2222 2214 2194 2529 2280 2248 2259 2187 2418 2405 2190 2326 2185 2324 2407 2230 2358 2344 2333 2370 2152 1789 917 16039 16110 1046 2804 4345 5497 6074 6185 6261 6257 6239 6245 6207 6154 6100 6040 5930 4678 3266 1612 16250 14501 12769 11086 9494 8274 9267 9500 10626 12797 14570 16320 1638 3276 4687 5522 5903 6030 6059 6114 6159 6192 6248 6294 6334 6356 6360 6346 6304 5603 4106 2556 968 15637 13856 12045 10260 8599 8192 8192 8192 8192 8192 9099 11142 13022 14793 140 1840 3469 4786 5462 5772 5935 6025 6058 6056 6083 6137 6205 6250 6277 6304 6321 6334 6332 6328 5072 3514 1976 328 14959 13136 11309 9549 8192 8192 8192 8192 8192 8192 8192 9756 11715 13542 15281 615 2316 3899 5035 5576 5830 5979 6068 6127 6132 6135 6166 6217 6260 6286 6305 5490 3952 2382 733 15380 13575 11750 9961 8350 8192 8192 8192 8192 8192 8192 8192 8192 10382 12280 14074 15806 1132 2808 4317 5262 5686 5906 6046 6140 6210 6245 6271 6256 6265 5984 4456 2853 1223 15870 14068 12240 10448 8762 8192 8192 8192 8192 8192 8192 8192 8192 8192 9933 11864 13675 15398 728 2415 3998 5115 5624 5878 6037 6146 6222 6290 6325 6359 5598 4061 2476 792 15430 13641 11812 10028 8414 8192 8192 8192 8192 8192 8192 8192 8192 8192 9496 11478 13299 15039 357 2048 3667 4931 5552 5846 6013 170 6260 305 764 
0 8192 8192 8192 8192 8192 8192 8662 10794 12665 14434 16143 1471 3136 4583 5405 5759 5970 6110 6203 6285 6322 6380 5199 3607 2002 281 14890 13088 11267 9527 8192 8192 8192 8192 8192 8192 8192 8192 8192 8192 10212 12126 13935 15655 976 2661 4225 5239 5689 5926 6062 6176 6259 6311 6357 5675 4152 2566 870 15501 13703 11868 10099 8475 8192 8192 8192 8192 8192 8192 8192 8192 8192 9505 11484 13317 15063 398 2082 3717 4967 5576 5855 6021 6144 6220 6300 6343 6229 4800 3199 1559 16199 14422 12622 10836 9122 8192 8192 8192 8192 8192 8192 8192 8192 8192 8699 10818 12686 14451 16155 1473 3131 4576 5402 5767 5970 6106 6200 6278 6323 6371 5414 3851 2258 552 15174 13390 11573 9821 8232 8192 8192 8192 8192 8192 8192 8192 8192 8192 10057 11974 13785 15509 831 2515 4101 5176 5660 5902 6061 6169 6248 6305 6352 6062 4583 2993 1340 15979 14193 12381 10583 8889 8192 8192 8192 8192 8192 8192 8192 8192 8192 9095 11120 12984 14737 71 1769 3427 4780 5493 5810 5994 6128 6218 6296 6338 6369 5343 3760 2158 442 15066 13258 11448 9696 8192 8192 8192 8192 8192 8192 8192 8192 8192 8192 10257 12169 13964 15676 993 2679 4223 5241 5693 5932 6076 6175 6258 6308 6364 6063 4588 3001 1349 15985 14209 12390 10587 8910 8192 8192 8192 8192 8192 8192 8192 8192 8192 9211 11217 13067 14815 133 1823 3468 4818 5497 5826 5996 6125 6218 6279 6331 6365 5414 175 2008 305 764 
0 2761 2734 2635 2792 2781 2769 2843 2797 2912 2853 2664 2644 2548 2549 2531 2409 2499 2616 2706 2840 2830 2969 3099 3044 3010 2794 2779 2815 2715 2728 2581 2611 2581 2642 2674 2722 2466 1947 805 304 1154 2717 4245 5438 5799 5868 6026 6132 6149 6143 6118 6064 6020 5973 5911 5341 3898 2342 602 15244 13522 11826 10196 8711 9867 12098 13863 15577 922 2624 4178 5243 5781 6021 6077 6106 6143 6209 6244 6300 6322 6344 6329 6302 6258 6216 5741 4231 2691 1140 15818 14044 12236 10452 8781 8192 8582 9647 10775 11848 13595 15437 775 2461 4042 5156 5690 5943 5977 6015 6071 6124 6161 6219 6281 6320 6351 6379 6387 6389 6367 6330 6251 5037 3535 2002 391 15039 13239 11390 9624 8192 8192 8192 8192 8192 8192 10393 12327 14127 15867 1207 2880 4367 5262 5666 5869 5985 6041 6040 6066 6111 6164 6217 6259 6275 6303 6321 6324 6331 6312 5727 4187 2628 1058 15743 13954 12109 10308 8631 8192 8192 8192 8192 8192 8192 9325 11320 13169 14934 261 1952 3593 4852 5489 5788 5951 6041 6095 6114 6106 6141 6197 6246 6273 6301 6302 5979 4438 2839 1246 15920 14132 12310 10486 8783 8192 8192 8192 8192 8192 8192 8192 8573 10724 12604 14379 16096 1420 3082 4531 5350 5724 5929 6058 6139 6193 6224 6209 6221 6251 6284 5592 4054 2475 809 15445 13649 11806 10013 8384 8192 8192 8192 8192 8192 8192 8192 8192 9568 11540 13372 15120 455 2140 3751 4978 185 5760 305 764 
0 8192 8192 8192 8192 9475 11517 13323 15068 395 2087 3713 4962 5575 5850 6025 6139 6217 6274 6318 6340 6314 5404 3838 2258 564 15177 13384 11557 9784 8192 8192 8192 8192 8192 8192 8192 8192 8192 8986 11108 12961 14721 55 1755 3403 4762 5484 5810 5996 6130 6201 6264 6312 6329 6325 5904 4375 2779 1122 15757 13963 12137 10333 8651 8192 8192 8192 8192 8192 8192 8192 8192 8193 10447 12367 14145 15865 1183 2857 4383 5302 5720 5948 6090 6186 6244 6294 6335 6319 6318 5043 3435 1827 102 14706 12893 11073 9339 8192 8192 8192 8192 8192 8192 8192 8192 8192 9709 11735 13529 15260 582 2280 3884 5065 5614 5880 6034 6145 6226 6275 6308 6323 6301 5708 4165 2580 896 15537 13736 11898 10112 8485 8192 8192 8192 8192 8192 8192 8192 8192 8720 10840 12748 14507 16229 1546 3196 4635 5434 5777 5980 6113 6205 6249 6293 6318 6313 6316 5029 3412 1804 85 14697 12871 11047 9317 8192 8192 8192 8192 8192 8192 8192 8192 8192 9755 11763 13576 15318 649 2334 3932 5092 5627 5886 6052 6157 6217 6269 6313 6309 6301 5917 4380 2782 1127 15765 13958 12132 10326 8661 8192 8192 8192 8192 8192 8192 8192 8192 8496 10650 12619 14353 16072 1405 3072 4540 5371 5751 5966 6094 6185 6244 6291 6314 6309 6311 5411 3836 2250 558 15175 13370 11535 9740 8192 8192 8192 8192 8192 8192 8192 8192 8192 9337 11330 13225 14958 288 1979 3616 4910 5543 5841 6022 6133 190 4998 305 764 
0 2854 2868 2748 2924 2909 2773 2430 1365 620 691 1887 3511 4898 5747 5659 5550 5757 5994 6050 6120 6113 6081 6059 6029 5977 5759 4382 2919 1254 15929 14234 12570 10932 10279 12576 14301 15294 15570 871 2660 4215 5296 5883 6138 6175 6211 6262 6286 6324 6350 6351 6330 6268 6238 5994 4535 3037 1507 16200 14450 12658 10889 9228 8212 8993 9604 10569 11529 13767 15543 864 2551 4112 5219 5773 5974 6023 6078 6122 6167 6212 6261 6318 6361 6402 6409 6404 6403 6235 4770 3224 1691 24 14652 12832 11015 9292 8192 8192 8192 8192 8602 10755 12643 14490 16206 1537 3196 4609 5383 5733 5904 5989 5997 6021 6072 6147 6196 6243 6285 6311 6327 6348 6370 6374 6383 6379 6360 5122 3592 2066 463 15119 13301 11457 9680 8192 8192 8192 8192 8192 8192 9579 11536 13378 15134 471 2172 3779 4958 5531 5807 5949 6035 6057 6056 6100 6150 6203 6249 6278 6302 6312 6330 6344 6023 4482 2895 1326 16010 14241 12414 10600 8909 8192 8192 8192 8192 8192 8192 8236 10455 12355 14154 15871 1185 2858 4349 5257 5679 5891 6016 6096 6135 6129 6141 6181 6233 6282 6305 6313 5003 3413 1838 141 14772 12950 11132 9378 8192 8192 8192 8192 8192 8192 8192 8192 9713 11669 13502 15239 569 2253 3875 5018 5569 5856 5991 6126 6174 6229 6240 6232 6247 6278 5835 4305 2706 1075 15722 13933 12095 10307 8634 8192 8192 8192 8192 8192 8192 8192 8192 9314 11307 13157 14906 233 195 6086 305 764 
0 2229 2173 2232 2214 2304 2302 2257 2288 2359 2438 2419 2251 2194 2181 2189 2050 1843 1928 2083 2247 2283 2189 2397 2587 2640 2551 2247 2159 2243 2299 2317 2162 2057 2150 2145 2079 1814 1052 151 16160 732 2467 4084 5334 6055 6228 6353 6339 6327 6344 6285 6263 6195 6146 6053 5058 3645 2061 326 14986 13246 11540 9911 8436 9165 9387 10169 12424 14213 15955 1306 2969 4448 5414 5852 6027 6050 6102 6159 6201 6240 6297 6352 6388 6413 6399 6381 5784 4287 2711 1155 15828 14058 12250 10457 8785 8192 8192 8192 8192 8192 9937 11864 13742 15471 799 2483 4050 5116 5614 5857 5975 6033 6028 6060 6112 6160 6234 6272 6310 6328 6348 6367 6379 6368 5088 3531 1993 352 14983 13160 11330 9558 8192 8192 8192 8192 8192 8192 8192 10195 12113 13923 15663 991 2675 4198 5192 5649 5871 6000 6076 6121 6113 6134 6175 6222 6278 6300 6322 5594 4052 2472 822 15477 13665 11827 10046 8412 8192 8192 8192 8192 8192 8192 8192 8473 10654 12546 14331 16058 1370 3041 4493 5345 5728 5931 6073 6156 6213 6249 6251 6248 6266 5990 4459 2856 1227 15885 14095 12257 10458 8763 8192 8192 8192 8192 8192 8192 8192 8192 8192 10271 12199 14002 15724 1046 2728 4258 5247 5692 5913 6056 6162 6234 6292 6336 6355 5550 3991 2409 720 15343 13547 11705 9936 8336 8192 8192 8192 8192 8192 8192 8192 8192 8192 9866 11804 13626 15356 690 2382 3972 5109 5631 5881 6044 200 7260 305 764 
0 14799 126 1826 3468 4819 5510 5825 6015 6133 6232 6298 5991 4566 3008 1345 15994 14226 12406 10632 8956 8192 8192 8192 8192 8192 8192 8192 8192 8192 8192 9034 11087 12952 14703 32 1731 3380 4765 5488 5819 6005 6130 6227 6287 6142 4732 3166 1519 16164 14399 12591 10797 9088 8192 8192 8192 8192 8192 8192 8192 8192 8192 8192 8887 10966 12839 14594 16311 1627 3293 4701 5467 5806 5995 6125 6208 6303 6263 4906 3331 1704 16359 14585 12787 10982 9289 8192 8192 8192 8192 8192 8192 8192 8192 8192 8192 8738 10849 12725 14485 16196 1516 3178 4624 5421 5774 5974 6116 6213 6291 6338 5087 3510 1896 173 14798 12990 11192 9466 8192 8192 8192 8192 8192 8192 8192 8192 8192 8192 8547 10709 12585 14360 16070 1392 3057 4532 5386 5761 5970 6106 6205 6281 6350 5262 3681 2080 359 14981 13187 11393 9641 8192 8192 8192 8192 8192 8192 8192 8192 8192 8192 8373 10581 12467 14239 15960 1284 2951 4456 5350 5750 5966 6099 6197 6275 6349 5415 3860 2273 564 15181 13385 11577 9824 8266 8192 8192 8192 8192 8192 8192 8192 8192 8192 8192 10423 12323 14111 15835 1158 2832 4364 5301 5725 5936 6091 6196 6267 6342 5526 4004 2427 724 15359 13571 11751 9998 8409 8192 8192 8192 8192 8192 8192 8192 8192 8192 8192 10340 12244 14034 15761 1077 2752 4284 5273 5718 5937 6083 6187 6269 6333 5619 4121 2553 848 15483 13714 11893 10143 8515 8192 8192 8192 8192 8192 205 3473 305 764 
0 2162 2282 2250 2262 2157 2140 2305 2117 2195 2140 2041 2319 2108 2148 2186 2105 2248 2283 2017 2236 2082 2196 2332 2082 2174 2202 2093 2332 2153 2088 2246 2072 2279 2277 2114 2119 1541 492 16064 16161 1352 3101 4581 5655 6108 6224 6262 6249 6243 6241 6198 6149 6107 6055 5955 4726 3298 1635 16285 14539 12798 11109 9503 8234 9284 9325 9449 11468 13404 15168 490 2179 3791 5026 5690 5979 6029 6065 6118 6162 6204 6245 6302 6328 6349 6354 6322 6080 4590 3015 1464 16164 14405 12601 10783 9084 8192 8192 8192 8192 8192 8192 10081 12039 13850 15592 923 2600 4149 5170 5638 5864 5992 6057 6064 6064 6117 6172 6218 6266 6288 6309 6317 6329 6329 5352 3821 2255 637 15273 13468 11622 9836 8242 8192 8192 8192 8192 8192 8192 8923 11004 12871 14647 16369 1687 3327 4691 5424 5756 5939 6046 6113 6154 6144 6150 6191 6247 6273 6307 5679 4136 2556 917 15565 13759 11928 10133 8497 8192 8192 8192 8192 8192 8192 8192 8192 9880 11823 13649 15380 708 2392 3972 5095 5618 5870 6023 6130 6197 6246 6291 6283 6267 6185 4715 3097 1468 16124 14356 12511 10698 8975 8192 8192 8192 8192 8192 8192 8192 8192 8192 9478 11453 13295 15044 363 2059 3679 4946 5550 5838 6020 6134 6216 6271 6318 6353 5910 4426 2832 1172 15802 14010 12189 10399 8728 8192 8192 8192 8192 8192 8192 8192 8192 8192 8999 11048 12909 14669 7 1702 3357 4741 5469 5794 5985 238 2883 305 764 
0 2332 2334 2262 2142 2280 2247 2437 2525 2355 2374 2312 2422 2388 2216 2054 2192 2020 2176 1922 1894 2241 2233 2570 2456 2416 2583 2529 2428 2426 2147 2303 2303 2170 2206 1931 1935 1534 425 15936 16315 1489 3232 4679 5732 6177 6282 6310 6303 6303 6289 6251 6202 6150 6087 5800 4351 2854 1162 15805 14066 12342 10658 9100 8717 9548 9552 10219 12482 14279 16035 1360 3036 4509 5428 5871 6022 6052 6106 6152 6197 6232 6299 6347 6382 6390 6399 6373 5997 4477 2901 1343 16038 14272 12446 10647 8950 8192 8192 8192 8192 8192 8192 9963 11904 13726 15477 801 2493 4068 5116 5607 5848 5979 6061 6075 6077 6115 6160 6223 6262 6290 6308 6319 6348 5925 4372 2778 1191 15867 14078 12254 10429 8738 8192 8192 8192 8192 8192 8192 8192 10061 11989 13805 15538 865 2551 4107 5147 5630 5866 6006 6097 6145 6166 6158 6185 6227 6272 6314 5627 4083 2502 863 15514 13714 11890 10088 8461 8192 8192 8192 8192 8192 8192 8192 8192 9661 11621 13446 15186 515 2201 3798 5003 5577 5844 6010 6123 6202 6254 6296 6299 6276 5849 4324 2743 1094 15737 13943 12125 10325 8655 8192 8192 8192 8192 8192 8192 8192 8192 8192 9752 11702 13515 15252 581 2274 3874 5050 5602 5863 6021 6138 6229 6290 6331 6369 5211 3602 1995 268 14890 13089 11266 9518 8192 8192 8192 8192 8192 8192 8192 8192 8192 8192 9725 11673 13491 15223 548 2237 3838 5030 5603 5875 6034 6147 261 9702 305 764 
0 2708 2610 2484 2321 2260 2276 2334 2459 2414 2409 2382 2430 2547 2506 2480 2530 2559 2631 2499 2347 2339 2340 2456 2434 2332 2418 2397 2467 2491 2400 2533 2510 2470 2600 2403 2342 2113 1257 337 16003 552 2304 3912 5217 5985 6142 6243 6288 6258 6260 6232 6188 6144 6082 5996 4974 3572 1950 211 14834 13110 11411 9786 8328 9289 9684 11358 13324 15065 421 2138 3752 5005 5663 5970 6048 6076 6125 6176 6226 6263 6320 6364 6384 6390 6368 6356 6245 4851 3317 1786 136 14780 12946 11130 9405 8192 8192 8192 8192 8441 10624 12527 14361 16111 1434 3091 4522 5363 5727 5894 5989 5992 6022 6068 6135 6191 6241 6271 6308 6327 6353 6377 6375 6390 6377 5915 4391 2831 1296 15993 14211 12386 10564 8860 8192 8192 8192 8192 8192 8192 9603 11575 13417 15166 494 2179 3787 4962 5534 5800 5956 6045 6095 6089 6101 6152 6200 6249 6282 6298 6307 6133 4605 3004 1427 16110 14340 12496 10679 8994 8192 8192 8192 8192 8192 8192 8192 8292 10510 12405 14192 15922 1255 2919 4398 5297 5691 5909 6049 6137 6187 6224 6227 6220 6241 6290 5434 3870 2294 619 15248 13451 11615 9838 8250 8192 8192 8192 8192 8192 8192 8192 8192 9277 11281 13135 14891 226 1922 3558 4854 5519 5817 5992 6102 6197 6255 6308 6338 6324 5434 3867 2289 595 15226 13421 11591 9825 8231 8192 8192 8192 8192 8192 8192 8192 8192 8192 10212 12120 13924 15650 978 2665 4204 5230 266 9777 305 764 
0 1385 1428 1280 1168 1374 1665 1802 1607 1312 1320 1489 1513 1407 1296 1327 1660 1684 1602 1368 1316 1392 1449 1405 1374 1467 1588 1631 1544 1421 1343 1503 1507 1571 1497 1331 1280 628 15711 14880 15384 762 2513 4089 5314 6099 6338 6384 6403 6395 6393 6412 6374 6337 6299 6249 5712 4264 2729 1080 15734 13966 12200 10478 8881 8192 8192 8192 8892 10639 12277 13934 15741 1016 2709 4270 5251 5717 5908 5939 5972 6008 6069 6123 6178 6241 6284 6332 6356 6378 6407 6403 6418 6404 5403 3891 2349 755 15414 13614 11772 9983 8357 8192 8192 8192 8192 8192 8192 8192 10329 12243 14046 15778 1107 2781 4288 5225 5649 5875 6008 6098 6152 6170 6163 6177 6212 6267 6296 5048 3431 1849 151 14772 12949 11124 9387 8192 8192 8192 8192 8192 8192 8192 8192 8192 8932 10999 12870 14638 16345 1656 3323 4703 5438 5778 5960 6097 6189 6256 6315 6346 6368 5287 3663 2069 360 14977 13177 11348 9605 8192 8192 8192 8192 8192 8192 8192 8192 8192 8192 8192 10123 12035 13834 15556 870 2564 4120 5184 5669 5907 6059 6164 6256 6327 5180 3605 2018 303 14942 13159 11367 9653 8192 8192 8192 8192 8192 8192 8192 8192 8192 8192 8192 8398 10603 12483 14258 15973 1292 2961 4465 5362 5756 5962 6100 6216 5692 4300 2780 1131 15805 14063 12278 10526 8882 8192 8192 8192 8192 8192 8192 8192 8192 8192 8192 8192 8624 10750 12628 14392 16105 1417 3085 4561 5403 5788 271 11242 305 764 
0 1153 1579 1408 1421 1117 1072 1477 1413 1367 1295 1026 1452 1423 1302 1435 1154 1355 1400 1197 1381 1239 1296 1539 1198 1306 1227 1184 1480 1344 1310 1360 1153 1410 1383 1102 902 16090 14924 15004 16223 1694 3375 4792 5809 6278 6376 6409 6408 6409 6423 6412 6374 6355 6299 6236 5073 3626 2072 367 14996 13237 11461 9769 8266 8192 8192 8192 8865 10886 12368 13590 15515 827 2561 4131 5185 5663 5878 5966 5967 6012 6069 6126 6187 6240 6286 6324 6353 6372 6396 6412 6409 6429 6347 4918 3340 1809 156 14784 12974 11115 9363 8192 8192 8192 8192 8192 8192 8192 8409 10614 12507 14286 16004 1329 2990 4448 5300 5685 5890 6024 6102 6168 6191 6185 6193 6223 6270 5958 4421 2837 1223 15884 14105 12279 10476 8795 8192 8192 8192 8192 8192 8192 8192 8192 8192 9179 11198 13049 14799 124 1830 3466 4798 5483 5799 5984 6108 6196 6277 6329 6362 6037 4547 2967 1316 15960 14177 12357 10572 8898 8192 8192 8192 8192 8192 8192 8192 8192 8192 8192 8192 10403 12294 14072 15787 1112 2797 4335 5294 5716 5939 6080 6191 6271 5707 4261 2720 1054 15706 13933 12129 10378 8742 8192 8192 8192 8192 8192 8192 8192 8192 8192 8192 8192 8855 10938 12804 14558 16266 1592 3245 4674 5456 5802 6003 6140 6200 4993 3492 1920 233 14884 13127 11360 9653 8192 8192 8192 8192 8192 8192 8192 8192 8192 8192 8192 8192 9131 11159 13012 14766 95 1790 3436 4805 5520 276 8805 305 764 
0 2446 2501 2452 2486 2505 2425 2525 2496 2443 2465 2427 2486 2551 2369 2338 2476 2563 2662 2469 2324 2435 2476 2483 2436 2256 2352 2426 2397 2466 2502 2704 2918 2823 2701 2513 2386 1855 592 15977 16244 1362 3086 4554 5627 5935 6085 6226 6324 6325 6318 6283 6231 6186 6122 5940 4555 3113 1464 16114 14383 12675 10990 9423 8936 10269 12409 14165 15883 1223 2921 4420 5370 5839 6041 6078 6128 6172 6218 6282 6333 6390 6417 6430 6421 6397 6362 5411 3921 2395 802 15467 13688 11865 10104 8484 8192 8192 9317 10542 11403 12105 14325 16063 1411 3070 4519 5397 5799 5943 5968 6029 6074 6115 6167 6224 6292 6341 6368 6405 6431 6439 6455 6448 5853 4341 2786 1235 15919 14156 12322 10520 8824 8192 8192 8192 8192 8192 8192 10103 11994 13819 15550 880 2568 4114 5184 5558 5893 5950 6083 6064 6090 6094 6174 6216 6263 6285 6314 6331 6343 5129 3566 2011 345 14987 13172 11341 9591 8192 8192 8192 8192 8192 8192 8192 8882 10969 12833 14598 16325 1648 3294 4672 5415 5759 5947 6054 6124 6166 6171 6174 6192 6272 6297 6193 4674 3075 1469 16138 14354 12530 10718 8992 8192 8192 8192 8192 8192 8192 8192 8192 9255 11270 13124 14880 221 1912 3546 4851 5514 5807 5981 6106 6187 6245 6283 6288 6268 6179 4704 3088 1466 16126 14349 12514 10700 9003 8192 8192 8192 8192 8192 8192 8192 8192 8192 9871 11806 13619 15347 667 2355 3951 5098 5616 5872 6032 286 11111 305 764 
0 1597 1510 1434 1563 1505 1367 1309 1295 1455 1586 1458 1433 1377 1429 1639 1568 1482 1437 1386 1527 1524 1393 1470 1362 1511 1511 1299 1434 1348 1420 1551 1365 1646 1703 1302 1236 309 15725 15038 15485 986 2719 4265 5454 6174 6375 6447 6457 6452 6474 6480 6445 6426 6379 6337 5763 4318 2787 1150 15799 14035 12267 10535 8922 8192 8192 8192 8507 10419 12237 13103 15171 472 2189 3826 5018 5592 5860 5945 5960 6007 6056 6107 6171 6236 6282 6321 6352 6380 6408 6420 6442 6459 6430 5386 3880 2315 728 15372 13589 11732 9957 8313 8192 8192 8192 8192 8192 8192 8288 10522 12414 14208 15930 1243 2916 4399 5277 5676 5888 6015 6100 6149 6169 6157 6179 6224 6273 6299 5111 3495 1925 234 14855 13057 11240 9488 8192 8192 8192 8192 8192 8192 8192 8192 8192 8847 10930 12804 14562 16268 1580 3228 4645 5427 5771 5967 6088 6180 6258 6313 6357 6378 5433 3833 2250 552 15179 13379 11544 9785 8204 8192 8192 8192 8192 8192 8192 8192 8192 8192 8192 9905 11835 13654 15374 704 2392 3983 5121 5642 5898 6058 6170 6252 6320 5448 3895 2324 619 15249 13461 11664 9922 8337 8192 8192 8192 8192 8192 8192 8192 8192 8192 8192 8192 10280 12181 13972 15693 1006 2696 4252 5257 5717 5944 6093 6189 6053 4726 3213 1602 16278 14533 12747 10996 9301 8192 8192 8192 8192 8192 8192 8192 8192 8192 8192 8192 8192 10397 12287 14066 15791 1114 2791 4346 5313 291 15104 305 764 
0 2123 3754 4990 5577 5850 6031 6144 6225 6279 6316 6351 6335 5160 3553 1947 224 14821 13004 11167 9437 8192 8192 8192 8192 8192 8192 8192 8192 8192 9185 11250 13087 14856 191 1881 3522 4839 5516 5832 6011 6134 6214 6270 6310 6349 6341 5551 3996 2411 722 15350 13553 11714 9937 8340 8192 8192 8192 8192 8192 8192 8192 8192 8570 10794 12630 14402 16118 1433 3086 4561 5390 5757 5971 6096 6192 6255 6304 6334 6324 6010 4495 2889 1248 15896 14108 12278 10467 8792 8192 8192 8192 8192 8192 8192 8192 8192 8192 10228 12152 13945 15669 990 2676 4216 5228 5689 5926 6068 6163 6253 6295 6328 6329 6322 5059 3442 1842 129 14751 12925 11107 9366 8192 8192 8192 8192 8192 8192 8192 8192 8192 9528 11573 13367 15103 425 2121 3747 4980 5583 5862 6028 6139 6223 6273 6312 6329 6314 5651 4124 2526 824 15503 13650 11876 10021 8442 8192 8192 8192 8192 8192 8192 8192 8192 8592 10774 12670 14443 16153 1476 3138 4592 5408 5766 5970 6104 6189 6248 6304 6324 6325 6296 4902 3279 1652 16320 14536 12712 10891 9167 8192 8192 8192 8192 8192 8192 8192 8192 8192 9778 11820 13599 15332 656 2346 3939 5094 5620 5893 6046 6156 6232 6278 6318 6328 6312 5698 4169 2583 901 15546 13724 11893 10104 8465 8192 8192 8192 8192 8192 8192 8192 8192 8643 10773 12683 14438 16162 1484 3148 4595 5414 5774 5976 6106 6187 6259 6292 6326 6309 6325 5175 3576 1975 262 296 11130 305 764 
0 2601 2618 2559 2567 2515 2575 2637 2574 2599 2516 2516 2620 2577 2672 2665 2570 2644 2652 2762 2819 2656 2595 2504 2555 2677 2630 2528 2506 2485 2607 2580 2472 2432 2485 2613 2645 2427 1662 529 16153 390 2013 3681 5026 5851 6045 6173 6276 6294 6283 6269 6224 6176 6126 6051 5494 4051 2506 784 15424 13696 11983 10338 8774 9380 10332 12563 14321 16033 1393 3097 4543 5444 5866 6044 6076 6120 6172 6228 6280 6334 6374 6404 6410 6402 6383 6343 5646 4153 2600 1024 15707 13934 12108 10308 8656 8192 8192 8192 9429 10769 11838 12262 14447 16210 1552 3193 4592 5411 5778 5937 5954 5998 6053 6090 6147 6214 6261 6306 6347 6372 6405 6418 6439 6434 6425 6115 4589 3022 1497 16206 14436 12593 10777 9068 8192 8192 8192 8192 8192 8192 9224 11238 13109 14868 215 1913 3543 4818 5471 5775 5942 6038 6101 6094 6102 6147 6193 6246 6281 6310 6326 6231 4734 3122 1549 16237 14483 12654 10819 9079 8192 8192 8192 8192 8192 8192 8192 8192 10331 12239 14047 15775 1111 2777 4302 5246 5680 5900 6052 6139 6196 6226 6232 6222 6263 6295 5427 3858 2281 602 15232 13431 11583 9816 8226 8192 8192 8192 8192 8192 8192 8192 8192 9131 11159 13013 14773 98 1800 3449 4799 5488 5803 5990 6112 6193 6258 6314 6343 6350 5292 3697 2106 390 15018 13213 11387 9647 8192 8192 8192 8192 8192 8192 8192 8192 8192 8192 10232 12135 13930 15652 973 2658 4210 5226 301 12880 305 764 
0 2486 2473 2330 2493 2521 2596 2698 2529 2614 2581 2455 2509 2340 2383 2516 2415 2526 2443 2403 2629 2529 2566 2560 2406 2581 2497 2453 2535 2374 2514 2559 2459 2506 2381 2445 2578 2401 1913 694 15973 222 1759 3449 4853 5811 6134 6217 6300 6301 6282 6277 6224 6175 6117 6057 5551 4112 2584 880 15518 13785 12070 10429 8876 9187 9616 11387 13324 15070 436 2163 3779 5001 5677 5960 6053 6087 6132 6178 6234 6289 6342 6375 6400 6404 6396 6372 6302 5030 3515 1982 346 14987 13181 11359 9592 8192 8192 8192 8354 9762 11259 12099 13132 15207 560 2260 3852 5029 5597 5864 5938 5952 6000 6054 6112 6165 6233 6281 6318 6344 6373 6398 6408 6425 6428 6413 5725 4211 2662 1113 15799 14012 12189 10367 8688 8192 8192 8192 8192 8192 8192 10019 11945 13768 15505 833 2516 4072 5116 5595 5842 5975 6049 6082 6083 6108 6149 6209 6244 6280 6306 6320 6264 4799 3198 1631 16335 14569 12751 10926 9188 8192 8192 8192 8192 8192 8192 8192 8492 10666 12552 14334 16056 1378 3038 4500 5336 5721 5922 6045 6134 6180 6212 6192 6203 6262 6286 5666 4119 2540 886 15536 13733 11900 10108 8476 8192 8192 8192 8192 8192 8192 8192 8192 9242 11257 13111 14853 192 1890 3531 4842 5506 5809 5983 6107 6189 6248 6298 6320 6319 5682 4150 2569 896 15544 13742 11907 10112 8469 8192 8192 8192 8192 8192 8192 8192 8192 8192 10039 11958 13762 15493 815 2498 4071 1 7961 305 1208 
0 2606 2513 2371 2219 2278 2232 2199 2192 2017 2030 2124 2117 2284 2239 2221 2364 2288 2376 2367 2266 2378 2245 2221 2239 2094 2254 2237 2189 2254 2130 2222 2294 2306 2404 2360 2275 2015 1165 16324 15667 165 1933 3603 4959 5903 6239 6333 6342 6327 6334 6315 6277 6232 6174 6116 5461 4035 2488 789 15429 13689 11961 10318 8779 9119 9523 9548 10760 12915 14702 65 1752 3402 4771 5569 5924 6028 6066 6118 6171 6206 6255 6308 6360 6395 6407 6402 6394 5481 3982 2443 843 15507 13736 11906 10129 8515 8192 8192 8192 8192 8192 8313 10582 12449 14240 15973 1288 2943 4426 5293 5687 5899 6006 6072 6079 6073 6115 6173 6248 6274 6305 6318 6333 6321 4966 3377 1819 156 14782 12965 11136 9399 8192 8192 8192 8192 8192 8192 8192 9139 11183 13033 14803 145 1840 3477 4785 5466 5784 5964 6061 6128 6167 6167 6173 6213 6260 6293 5994 4447 2847 1231 15900 14106 12278 10479 8789 8192 8192 8192 8192 8192 8192 8192 8192 9010 11065 12931 14695 32 1727 3369 4735 5461 5785 5969 6096 6179 6237 6288 6306 6305 6014 4502 2901 1261 15910 14124 12285 10489 8798 8192 8192 8192 8192 8192 8192 8192 8192 8192 9364 11365 13206 14961 286 1983 3614 4902 5542 5833 6004 6124 6216 6279 6331 6359 5178 3564 1957 232 14850 13045 11230 9489 8192 8192 8192 8192 8192 8192 8192 8192 8192 8192 9626 11596 13417 15160 487 2178 3789 5008 5588 5872 6038 6140 11 672 305 1208 
0 8192 8192 8192 8192 9828 11843 13635 15361 687 2378 3980 5112 5634 5896 6045 6159 6238 6274 6322 6324 6320 5475 3914 2326 625 15235 13433 11597 9815 8228 8192 8192 8192 8192 8192 8192 8192 8192 9065 11152 13024 14780 117 1812 3458 4810 5502 5822 6001 6116 6204 6272 6304 6326 6310 6141 4626 3025 1400 16052 14265 12424 10630 8918 8192 8192 8192 8192 8192 8192 8192 8192 8192 10316 12290 14053 15782 1113 2797 4323 5286 5718 5935 6080 6165 6248 6285 6312 6311 6312 5395 3824 2237 536 15170 13345 11514 9753 8192 8192 8192 8192 8192 8192 8192 8192 8192 9328 11343 13217 14964 294 1987 3619 4907 5544 5843 6013 6140 6208 6266 6306 6317 6305 6240 4782 3158 1532 16185 14415 12589 10763 9046 8192 8192 8192 8192 8192 8192 8192 8192 8192 10233 12211 13972 15703 1033 2710 4268 5252 5696 5919 6067 6183 6242 6289 6321 6292 6300 5746 4202 2609 948 15579 13781 11946 10147 8512 8192 8192 8192 8192 8192 8192 8192 8192 8937 10978 12911 14637 16355 1671 3329 4726 5466 5802 5993 6107 6196 6256 6294 6301 6289 6320 5341 3762 2170 467 15085 13280 11436 9672 8192 8192 8192 8192 8192 8192 8192 8192 8192 9578 11540 13421 15143 472 2165 3774 4999 5588 5865 6035 6139 6216 6261 6305 6300 6293 6318 5076 3464 1858 155 14758 12945 11090 9362 8192 8192 8192 8192 8192 8192 8192 8192 8192 10022 11971 13811 15535 864 2556 4122 5192 5669 5922 6066 15 15650 305 1208 
0 14856 206 1886 3545 4852 5527 5834 6009 6129 6222 6288 6346 6292 4886 3291 1666 16316 14549 12725 10930 9227 8192 8192 8192 8192 8192 8192 8192 8192 8192 8788 10884 12754 14519 16244 1569 3223 4660 5441 5781 5983 6105 6215 6275 6335 6369 5259 3653 2051 324 14951 13139 11323 9580 8192 8192 8192 8192 8192 8192 8192 8192 8192 8248 10492 12392 14186 15904 1230 2904 4410 5321 5729 5952 6094 6195 6261 6323 6360 5613 4076 2488 790 15429 13630 11806 10061 8437 8192 8192 8192 8192 8192 8192 8192 8192 8192 10006 11937 13744 15472 797 2483 4071 5160 5661 5907 6057 6171 6253 6312 6354 6013 4540 2962 1294 15934 14155 12347 10547 8872 8192 8192 8192 8192 8192 8192 8192 8192 8192 9447 11434 13270 15015 348 2039 3669 4941 5566 5848 6030 6150 6229 6289 6343 6358 5065 3449 1832 122 14728 12914 11101 9373 8192 8192 8192 8192 8192 8192 8192 8192 8192 8758 10868 12736 14513 16231 1547 3202 4638 5423 5776 5982 6112 6212 6276 6333 6373 5514 3960 2371 660 15299 13492 11670 9910 8322 8192 8192 8192 8192 8192 8192 8192 8192 8192 10263 12161 13962 15691 1013 2697 4244 5241 5702 5930 6079 6181 6261 6310 6360 6031 4549 2962 1306 15942 14154 12331 10549 8851 8192 8192 8192 8192 8192 8192 8192 8192 8192 9538 11500 13341 15081 402 2103 3723 4971 5574 5861 6032 6148 6224 6288 6337 6379 5208 3588 1987 274 14881 13076 11256 9510 8192 8192 8192 20 14030 305 1208 
0 6136 6184 6254 6300 6333 6376 6404 6415 6446 6459 6458 6146 4620 3046 1509 16220 14456 12623 10798 9096 8192 8192 8192 8192 8192 8192 9565 11518 13370 15124 461 2153 3752 4937 5521 5805 5952 6041 6084 6089 6101 6139 6196 6254 6295 6316 6333 6329 4991 3401 1842 163 14802 12989 11153 9401 8192 8192 8192 8192 8192 8192 8192 8583 10726 12615 14394 16117 1444 3111 4556 5362 5730 5931 6052 6129 6183 6187 6180 6203 6272 6296 5895 4353 2771 1140 15792 14018 12196 10391 8713 8192 8192 8192 8192 8192 8192 8192 8192 9349 11345 13188 14933 266 1954 3579 4868 5516 5814 5991 6115 6187 6241 6291 6300 6295 5778 4264 2683 1026 15669 13891 12064 10286 8622 8192 8192 8192 8192 8192 8192 8192 8192 8192 10202 12109 13910 15636 960 2648 4201 5217 5667 5906 6063 6171 6248 6293 6335 6362 5170 3549 1950 238 14851 13032 11223 9484 8192 8192 8192 8192 8192 8192 8192 8192 8192 8301 10529 12423 14209 15931 1259 2929 4434 5332 5732 5939 6088 6183 6267 6320 6355 5458 3906 2312 596 15218 13415 11596 9830 8259 8192 8192 8192 8192 8192 8192 8192 8192 8192 9788 11739 13554 15284 608 2294 3901 5078 5628 5879 6044 6151 6242 6297 6367 5512 3976 2393 688 15315 13524 11724 9951 8353 8192 8192 8192 8192 8192 8192 8192 8192 8192 9593 11557 13380 15114 441 2127 3740 4972 5583 5863 6028 6154 6230 6295 6351 5496 3973 2400 691 15341 13555 11741 9995 25 15201 305 1208 
0 2351 3943 5075 5607 5863 6030 6128 6195 6252 6283 6274 6270 5852 4330 2749 1104 15746 13962 12122 10338 8651 8192 8192 8192 8192 8192 8192 8192 8192 8271 10503 12396 14183 15908 1226 2902 4416 5320 5723 5937 6078 6175 6244 6305 6327 6361 5228 3610 2010 301 14926 13117 11292 9543 8192 8192 8192 8192 8192 8192 8192 8192 8192 8608 10757 12642 14424 16144 1464 3128 4583 5393 5754 6013 6037 6251 6230 6349 6344 5481 3902 2335 615 15259 13452 11646 9879 8299 8192 8192 8192 8192 8192 8192 8192 8192 8192 10093 12002 13808 15538 857 2542 4125 5187 5672 5905 6061 6168 6247 6321 6358 5478 3929 2338 634 15257 13456 11640 9880 8276 8192 8192 8192 8192 8192 8192 8192 8192 8192 9884 11822 13643 15383 705 2408 4000 5122 5649 5902 6062 6170 6243 6306 6348 5430 3865 2266 555 15192 13388 11565 9812 8221 8192 8192 8192 8192 8192 8192 8192 8192 8192 9962 11891 13707 15444 764 2459 4040 5146 5647 5900 6062 6169 6254 6310 6363 5386 3808 2222 503 15131 13341 11528 9770 8218 8192 8192 8192 8192 8192 8192 8192 8192 8192 10110 12026 13825 15552 874 2556 4118 5191 5673 5913 6070 6169 6252 6312 6364 5374 3786 2195 484 15100 13301 11501 9737 8192 8192 8192 8192 8192 8192 8192 8192 8192 8192 10117 12038 13843 15569 893 2579 4151 5210 5682 5921 6062 6178 6256 6309 6366 5359 3779 2174 456 15068 13280 11463 9705 8192 8192 8192 8192 8192 30 13485 305 1208 
0 6303 6317 6324 6323 6336 6344 6292 6257 6230 6190 5877 4440 2914 1250 15893 14151 12366 10649 9035 8192 8192 8192 9033 10841 12576 14387 16140 1428 3137 4566 5407 5794 5925 5949 6000 6047 6093 6141 6199 6260 6299 6339 6356 6386 6384 6382 6381 6264 4824 3261 1734 86 14722 12888 11040 9291 8192 8192 8192 8192 8192 8192 8192 8831 10944 12827 14598 16319 1647 3291 4652 5397 5734 5924 6048 6117 6171 6187 6175 6186 6230 6271 6307 5213 3625 2055 377 15016 13202 11368 9612 8192 8192 8192 8192 8192 8192 8192 8192 8192 8447 10631 12523 14302 16002 1324 2990 4472 5345 5730 5934 6082 6175 6242 6309 6345 6379 6183 4700 3088 1462 16111 14338 12511 10709 9004 8192 8192 8192 8192 8192 8192 8192 8192 8192 8192 8650 10788 12663 14430 16140 1456 3112 4584 5407 5769 5981 6103 6202 6288 6348 5575 4054 2479 784 15421 13639 11833 10072 8465 8192 8192 8192 8192 8192 8192 8192 8192 8192 8192 8192 10169 12079 13871 15590 903 2591 4163 5222 5699 5932 6081 6196 6282 5526 4054 2498 818 15467 13698 11898 10160 8544 8192 8192 8192 8192 8192 8192 8192 8192 8192 8192 8192 9376 11365 13201 14943 263 1956 3589 4904 5562 5869 6038 6164 6260 5308 3794 2236 548 15195 13433 11647 9930 8364 8192 8192 8192 8192 8192 8192 8192 8192 8192 8192 8192 9637 11587 13416 15136 463 2163 3780 5026 5612 5891 6065 6181 6237 5038 3517 1931 239 14881 13119 11354 40 5807 305 1208 
0 2288 3892 5066 5613 5870 6031 6141 6226 6275 6320 6350 6292 4923 3299 1681 16341 14558 12735 10919 9184 8192 8192 8192 8192 8192 8192 8192 8192 8192 9354 11363 13199 14960 279 1979 3604 4889 5538 5835 6018 6131 6208 6273 6315 6354 6332 5317 3754 2163 450 15079 13268 11450 9666 8192 8192 8192 8192 8192 8192 8192 8192 8192 8692 10889 12727 14494 16207 1519 3189 4624 5414 5775 5972 6103 6206 6259 6309 6339 6337 5911 4396 2791 1137 15779 13969 12160 10341 8683 8192 8192 8192 8192 8192 8192 8192 8192 8192 10134 12053 13856 15586 916 2602 4172 5204 5674 5910 6062 6162 6243 6288 6338 6343 6329 5096 3505 1897 185 14789 12966 11143 9405 8192 8192 8192 8192 8192 8192 8192 8192 8192 9178 11289 13101 14859 192 1883 3517 4853 5514 5824 6010 6128 6214 6267 6310 6342 6337 5874 4360 2753 1091 15736 13941 12092 10299 8621 8192 8192 8192 8192 8192 8192 8192 8192 8192 10240 12179 13961 15696 1017 2703 4249 5246 5689 5918 6077 6167 6240 6281 6317 6345 6318 5320 3744 2155 455 15064 13257 11416 9636 8192 8192 8192 8192 8192 8192 8192 8192 8192 8980 11080 12937 14707 41 1740 3402 4766 5483 5803 5991 6119 6201 6261 6308 6331 6320 6276 4847 3217 1602 16261 14484 12645 10817 9091 8192 8192 8192 8192 8192 8192 8192 8192 8192 9702 11745 13529 15266 596 2284 3896 5062 5611 5886 6032 6153 6227 6275 6318 6331 6312 6012 4489 2873 1231 45 6246 305 1208 
0 2644 2231 1997 2230 2418 2126 1912 1991 2327 2673 2510 2288 2184 2384 2709 2700 2499 2238 2175 2438 2471 2373 2296 2194 2374 2392 2307 2354 2300 2406 2528 2439 2472 2414 2412 2442 2161 1665 635 16145 255 1804 3499 4882 5730 5922 6029 6113 6103 6104 6073 6022 5977 5927 5860 5426 3979 2421 693 15332 13604 11892 10271 8734 9085 9571 11471 13369 15106 469 2188 3789 5019 5668 5963 6044 6059 6103 6151 6197 6236 6259 6282 6279 6253 6211 6163 6037 4604 3084 1557 16273 14519 12711 10880 9181 8192 8192 8192 8764 10133 11402 11933 13519 15417 771 2460 4026 5132 5656 5889 5940 5966 6028 6069 6114 6167 6228 6272 6307 6328 6340 6336 6335 6324 6288 6236 5889 4366 2810 1280 15997 14215 12364 10539 8835 8192 8192 8192 8192 8192 8192 9614 11570 13417 15168 504 2193 3788 4963 5519 5796 5950 6042 6077 6074 6090 6138 6185 6217 6256 6269 6267 6265 6096 4604 3011 1457 16149 14390 12567 10727 9012 8192 8192 8192 8192 8192 8192 8192 9047 11099 12958 14714 48 1744 3386 4724 5440 5762 5947 6061 6128 6178 6194 6170 6191 6236 6266 6135 4633 3019 1418 16150 14200 12553 10610 8988 8192 8192 8192 8192 8192 8192 8192 8192 8814 10916 12786 14560 16275 1592 3239 4656 5427 5765 5961 6084 6169 6235 6271 6299 6269 6283 5113 3525 1938 227 14842 13010 11189 9435 8192 8192 8192 8192 8192 8192 8192 8192 8192 8920 10998 12862 14624 16340 1653 50 7517 305 1208 
0 8192 8192 8192 8192 8192 8192 10365 12270 14057 15786 1104 2777 4320 5273 5702 5926 6068 6170 6238 6302 6339 6370 5222 3618 2017 306 14907 13088 11274 9510 8192 8192 8192 8192 8192 8192 8192 8192 8192 8192 10413 12317 14105 15829 1149 2814 4340 5292 5705 5930 6076 6174 6245 6313 6346 6070 4598 2985 1332 15972 14203 12379 10578 8896 8192 8192 8192 8192 8192 8192 8192 8192 8192 9007 11058 12913 14667 16375 1690 3343 4728 5472 5798 5986 6111 6200 6273 6329 6357 5391 3837 2248 538 15157 13342 11536 9776 8192 8192 8192 8192 8192 8192 8192 8192 8192 8192 9942 11876 13692 15419 739 2436 4015 5138 5645 5893 6054 6150 6237 6291 6347 6098 4633 3021 1372 16008 14222 12404 10579 8906 8192 8192 8192 8192 8192 8192 8192 8192 8192 8838 10922 12786 14557 16266 1581 3245 4668 5439 5775 5978 6105 6204 6269 6320 6359 5422 3861 2263 551 15179 13379 11548 9806 8209 8192 8192 8192 8192 8192 8192 8192 8192 8192 9936 11866 13668 15382 708 2401 3993 5118 5634 5890 6048 6159 6244 6296 6340 6137 4680 3085 1438 16078 14292 12471 10664 8978 8192 8192 8192 8192 8192 8192 8192 8192 8192 8732 10843 12725 14479 16194 1513 3174 4620 5416 5773 5976 6099 6203 6257 6324 6371 5433 3892 2293 582 15202 13424 11588 9842 8239 8192 8192 8192 8192 8192 8192 8192 8192 8192 9843 11780 13593 15323 647 2338 3941 5086 5620 5878 6041 6155 6231 6302 6341 6185 55 2909 305 1208 
0 4428 5329 5733 5948 6085 6172 6241 6283 6304 6306 6307 6017 4491 2878 1238 15883 14095 12249 10458 8770 8192 8192 8192 8192 8192 8192 8192 8192 8375 10528 12502 14262 15975 1302 2968 4469 5339 5743 5954 6091 6185 6248 6289 6301 6285 6307 6076 4559 2950 1309 15952 14163 12334 10528 8826 8192 8192 8192 8192 8192 8192 8192 8192 8310 10470 12425 14206 15930 1247 2921 4429 5335 5734 5943 6084 6173 6230 6278 6308 6291 6297 6219 4736 3107 1485 16142 14362 12530 10710 8996 8192 8192 8192 8192 8192 8192 8192 8192 8192 10371 12306 14113 15829 1152 2820 4344 5287 5722 5938 6077 6176 6234 6282 6294 6288 6301 6326 5038 3427 1825 107 14727 12892 11071 9327 8192 8192 8192 8192 8192 8192 8192 8192 8192 10037 11961 13828 15536 858 2548 4130 5191 5668 5903 6057 6162 6221 6274 6295 6277 6293 6327 5422 3855 2259 565 15188 13361 11525 9725 8192 8192 8192 8192 8192 8192 8192 8192 8192 9495 11431 13379 15109 441 2140 3756 4988 5580 5863 6030 6139 6212 6258 6296 6285 6283 6310 6082 4541 2935 1295 15936 14147 12311 10488 8795 8192 8192 8192 8192 8192 8192 8192 8192 8603 10705 12612 14418 16115 1440 3107 4568 5398 5758 5959 6098 6184 6240 6284 6276 6266 6295 6336 5344 3765 2187 491 15102 13292 11467 9699 8192 8192 8192 8192 8192 8192 8192 8192 8192 9789 11703 13601 15327 645 2343 3935 5090 5624 5881 6038 6144 6208 6245 6276 6264 6276 92 14345 305 1208 
0 6432 6425 6431 6452 6423 6393 6364 6321 6116 4692 3189 1598 16263 14531 12760 10996 9358 8192 8192 8192 8192 9144 11159 12279 13334 15307 652 2371 3957 5086 5621 5863 5977 5983 6006 6067 6132 6187 6246 6282 6319 6359 6373 6393 6409 6422 6438 6341 4878 3296 1761 108 14742 12918 11096 9341 8192 8192 8192 8192 8192 8192 8192 8404 10612 12502 14290 16007 1341 2997 4452 5300 5681 5895 6031 6117 6166 6198 6186 6185 6225 6276 5865 4328 2753 1128 15789 14000 12167 10387 8706 8192 8192 8192 8192 8192 8192 8192 8192 8192 9239 11259 13111 14865 189 1893 3529 4839 5507 5810 5998 6114 6207 6271 6329 6369 5851 4338 2762 1085 15713 13922 12112 10324 8690 8192 8192 8192 8192 8192 8192 8192 8192 8192 8192 8269 10505 12401 14187 15903 1222 2894 4403 5330 5738 5950 6093 6190 6281 5493 3988 2433 745 15397 13638 11826 10088 8487 8192 8192 8192 8192 8192 8192 8192 8192 8192 8192 8192 9105 11137 12998 14750 80 1780 3428 4805 5511 5836 6019 6144 5961 4650 3159 1552 16245 14509 12745 10987 9310 8192 8192 8192 8192 8192 8192 8192 8192 8192 8192 8192 8192 9485 11457 13292 15026 358 2058 3685 4960 5593 5881 6057 6182 5274 3793 2260 594 15272 13531 11771 10045 8482 8192 8192 8192 8192 8192 8192 8192 8192 8192 8192 8192 8575 10729 12593 14361 16072 1391 3057 4554 5407 5787 5990 6133 5768 4429 2955 1339 16017 14292 12543 10796 9162 8192 8192 107 667 305 1208 
0 8192 8192 8192 8192 8192 9165 11176 13027 14779 111 1808 3455 4802 5505 5815 6003 6124 6217 6276 6316 6364 6150 4668 3065 1433 16075 14294 12470 10651 8978 8192 8192 8192 8192 8192 8192 8192 8192 8192 9390 11353 13207 14947 279 1969 3608 4899 5549 5834 6016 6137 6220 6283 6329 6359 6069 4575 2976 1327 15969 14174 12352 10561 8865 8192 8192 8192 8192 8192 8192 8192 8192 8192 9576 11523 13366 15106 440 2125 3741 4994 5573 5859 6027 6140 6222 6285 6343 6368 5933 4436 2844 1184 15824 14040 12211 10407 8741 8192 8192 8192 8192 8192 8192 8192 8192 8192 9781 11712 13535 15278 598 2297 3897 5070 5621 5877 6040 6151 6234 6288 6326 6366 5899 4384 2789 1129 15764 13983 12146 10356 8673 8192 8192 8192 8192 8192 8192 8192 8192 8192 9889 11814 13643 15375 703 2390 3977 5117 5635 5892 6050 6159 6236 6292 6340 6360 5944 4425 2824 1154 15794 14004 12169 10383 8701 8192 8192 8192 8192 8192 8192 8192 8192 8192 9855 11765 13594 15328 654 2345 3942 5089 5624 5877 6049 6153 6238 6298 6340 6364 6040 4540 2935 1291 15928 14147 12317 10510 8820 8192 8192 8192 8192 8192 8192 8192 8192 8192 9746 11666 13501 15235 561 2248 3860 5054 5614 5882 6039 6154 6228 6292 6332 6360 6189 4700 3083 1444 16090 14298 12470 10652 8942 8192 8192 8192 8192 8192 8192 8192 8192 8192 9537 11478 13324 15066 389 2090 3711 4957 5566 5856 6028 6138 6226 6289 112 1335 305 1208 
0 8192 8192 8192 8192 8192 8843 10909 12782 14549 16259 1574 3230 4656 5437 5792 5985 6109 6198 6268 6326 6352 6244 4790 3174 1549 16195 14410 12590 10778 9052 8192 8192 8192 8192 8192 8192 8192 8192 8192 9386 11361 13212 14967 297 1989 3625 4907 5552 5845 6022 6136 6215 6279 6330 6355 5976 4471 2875 1224 15852 14062 12213 10429 8755 8192 8192 8192 8192 8192 8192 8192 8192 8192 9864 11782 13608 15344 667 2357 3953 5107 5631 5884 6050 6157 6236 6290 6335 6357 5725 4195 2606 930 15563 13757 11932 10161 8492 8192 8192 8192 8192 8192 8192 8192 8192 8192 10230 12114 13911 15636 952 2631 4192 5217 5685 5919 6068 6168 6252 6304 6339 6366 5526 3987 2411 718 15354 13567 11724 9959 8346 8192 8192 8192 8192 8192 8192 8192 8192 8284 10538 12411 14194 15912 1237 2906 4412 5319 5734 5952 6082 6183 6246 6297 6341 6351 5379 3816 2227 528 15152 13350 11530 9767 8192 8192 8192 8192 8192 8192 8192 8192 8192 8615 10792 12657 14434 16144 1463 3117 4569 5402 5767 5967 6104 6193 6267 6307 6346 6355 5287 3709 2118 403 15023 13224 11384 9636 8192 8192 8192 8192 8192 8192 8192 8192 8192 8812 10937 12801 14568 16283 1603 3260 4679 5451 5791 5979 6117 6199 6269 6310 6345 6341 5270 3680 2086 380 14992 13183 11351 9596 8192 8192 8192 8192 8192 8192 8192 8192 8192 8886 10999 12856 14627 16344 1659 3318 4720 5463 5797 5991 6114 6209 6260 6329 117 378 305 1208 
0 8192 8192 8192 8192 8192 8192 9700 11647 13469 15211 541 2234 3840 5042 5604 5876 6044 6164 6248 6306 6356 6356 5021 3407 1781 53 14659 12847 11045 9302 8192 8192 8192 8192 8192 8192 8192 8192 8192 8495 10659 12551 14319 16036 1355 3020 4510 5375 5757 5967 6100 6194 6269 6330 6369 5796 4292 2708 1024 15665 13877 12065 10268 8627 8192 8192 8192 8192 8192 8192 8192 8192 8192 9605 11569 13404 15136 463 2155 3761 5002 5584 5869 6039 6147 6234 6304 6349 6390 5226 3615 2007 288 14906 13106 11290 9541 8192 8192 8192 8192 8192 8192 8192 8192 8192 8235 10473 12366 14149 15876 1206 2884 4403 5326 5734 5952 6093 6191 6280 6326 6355 6086 4588 2990 1335 15978 14194 12365 10560 8875 8192 8192 8192 8192 8192 8192 8192 8192 8192 9223 11230 13083 14832 169 1870 3525 4862 5526 5830 6010 6144 6221 6297 6342 6379 5562 4011 2421 710 15335 13542 11710 9947 8338 8192 8192 8192 8192 8192 8192 8192 8192 8192 10086 12003 13801 15529 846 2525 4093 5176 5668 5917 6069 6170 6253 6307 6357 6378 5086 3471 1860 138 14745 12951 11127 9397 8192 8192 8192 8192 8192 8192 8192 8192 8192 8748 10833 12706 14477 16200 1518 3182 4629 5420 5782 5988 6119 6211 6271 6332 6356 6062 4572 2975 1327 16011 14082 12434 10505 8909 8192 8192 8192 8192 8192 8192 8192 8192 8192 9471 11435 13279 15025 353 2047 3672 4948 5568 5851 6028 6143 6225 6301 6338 6373 121 15843 305 1208 
0 2341 2290 2375 2357 2354 2416 2447 2482 2485 2395 2391 2396 2389 2405 2415 2408 2438 2378 2350 2295 2294 2366 2395 2428 2377 2361 2394 2377 2439 2434 2394 2470 2359 2392 2373 2188 1957 993 16083 15875 486 2275 3890 5182 5988 6235 6302 6305 6289 6288 6270 6223 6177 6111 6040 5091 3692 2102 373 15022 13292 11579 9955 8479 9274 9617 9632 11748 13632 15395 745 2433 4009 5163 5749 6000 6050 6085 6147 6184 6230 6278 6334 6372 6392 6400 6397 6363 5345 3849 2318 698 15368 13573 11748 9978 8354 8192 8192 8192 8192 8192 9224 11290 13129 14886 234 1934 3568 4835 5482 5786 5936 6034 6063 6053 6091 6151 6203 6248 6287 6302 6328 6350 6355 6319 4922 3348 1800 141 14764 12943 11111 9352 8192 8192 8192 8192 8192 8192 8192 9937 11863 13690 15420 756 2488 3956 5139 5571 5868 5981 6090 6120 6135 6130 6174 6223 6261 6301 6322 5320 3762 2192 531 15167 13363 11540 9756 8197 8192 8192 8192 8192 8192 8192 8192 8342 10562 12458 14245 15975 1301 2977 4443 5322 5715 5917 6065 6159 6216 6260 6278 6262 6270 5862 4330 2739 1102 15744 13941 12107 10306 8644 8192 8192 8192 8192 8192 8192 8192 8192 8192 10097 12011 13820 15550 880 2557 4120 5181 5661 5898 6049 6156 6232 6287 6335 6358 5564 4012 2432 740 15373 13571 11748 9965 8364 8192 8192 8192 8192 8192 8192 8192 8192 8192 9571 11540 13371 15114 446 2134 3738 4983 5577 5856 127 1027 305 1208 
0 2263 2557 2545 2564 2540 2237 2320 2187 2167 2342 2292 2423 2416 2270 2443 2386 2436 2591 2470 2656 2634 2438 2468 2286 2423 2633 2416 2411 2325 2359 2625 2453 2376 2381 2350 2389 1812 624 16080 16264 1419 3154 4635 5707 6193 6308 6376 6361 6357 6352 6318 6266 6206 6150 5839 4407 2918 1240 15877 14154 12425 10766 9200 8812 9679 9947 12058 13877 15647 1010 2701 4227 5284 5796 6015 6056 6090 6148 6208 6253 6309 6365 6402 6427 6441 6442 6422 5793 4286 2728 1161 15852 14148 12174 10562 8755 8192 8192 8192 8192 8192 8192 10433 12304 14109 15836 1169 2833 4338 5256 5672 5884 6008 6070 6076 6089 6123 6180 6238 6279 6310 6329 6353 6363 5406 3862 2298 662 15314 13501 11664 9901 8269 8192 8192 8192 8192 8192 8192 8505 10677 12567 14341 16075 1395 3068 4513 5343 5718 5919 6050 6126 6173 6175 6171 6207 6259 6303 6331 5046 3431 1852 158 14782 12966 11132 9393 8192 8192 8192 8192 8192 8192 8192 8192 8192 10380 12276 14064 15791 1113 2784 4314 5264 5699 5919 6060 6166 6231 6272 6311 6304 6302 5184 3559 1964 260 14883 13061 11236 9496 8192 8192 8192 8192 8192 8192 8192 8192 8192 8326 10554 12444 14219 15936 1271 2938 4441 5334 5727 5944 6086 6192 6263 6324 6358 5753 4234 2659 981 15608 13829 12006 10238 8588 8192 8192 8192 8192 8192 8192 8192 8192 8192 8611 10760 12635 14404 16118 1432 3100 4556 5401 5769 5972 6110 6206 136 8172 305 1208 
0 2174 2430 2347 2044 2176 2038 2278 2488 2450 2862 2932 2650 2616 2390 2533 2532 1995 1985 1927 2045 2240 2088 2186 2412 2471 2562 2405 2423 2615 2623 2627 2457 2318 2327 2160 2117 1835 1091 8 15693 340 2114 3773 5094 5983 6276 6360 6346 6342 6346 6333 6290 6248 6189 6132 5464 4030 2475 765 15408 13666 11941 10305 8748 9246 9599 9504 9885 12267 14084 15853 1161 2837 4348 5360 5851 6018 6051 6103 6155 6191 6241 6292 6343 6387 6413 6420 6414 6044 4522 2949 1382 16069 14307 12493 10700 8986 8192 8192 8192 8192 8192 8192 9884 11810 13635 15380 709 2403 3981 5074 5588 5841 5973 6058 6080 6073 6105 6170 6218 6263 6299 6320 6332 6347 6112 4578 2974 1398 16080 14293 12457 10649 8946 8192 8192 8192 8192 8192 8192 8192 9767 11720 13545 15286 627 2317 3904 5045 5574 5841 6000 6087 6145 6172 6152 6187 6221 6271 6309 5845 4306 2720 1089 15752 13961 12125 10335 8676 8192 8192 8192 8192 8192 8192 8192 8192 9273 11276 13120 14873 214 1916 3541 4847 5502 5805 5984 6103 6188 6245 6294 6312 6290 6149 4657 3052 1428 16095 14299 12489 10669 8973 8192 8192 8192 8192 8192 8192 8192 8192 8192 9261 11259 13106 14852 178 1869 3513 4834 5502 5818 6001 6119 6208 6270 6329 6362 5557 4013 2431 730 15360 13563 11749 9985 8357 8192 8192 8192 8192 8192 8192 8192 8192 8192 9146 11179 13031 14782 106 1814 3456 4801 5499 5820 6004 141 10840 305 1208 
0 1861 1764 1467 1410 1828 2114 1835 1266 1201 1712 2081 2064 1206 1104 1692 2159 2062 1124 1063 1721 2140 2161 1421 1044 1526 1891 2130 1697 1155 1456 1665 1854 1749 1426 1553 1525 837 16012 14984 15747 1247 2959 4455 5604 6152 6217 6213 6228 6208 6236 6210 6184 6153 6118 6061 5652 4200 2657 966 15589 13821 12047 10334 8764 8192 8192 8192 8956 10795 12505 14187 15971 1299 2971 4452 5347 5752 5921 5936 5983 6020 6071 6120 6170 6227 6267 6302 6307 6325 6317 6304 6274 6218 5120 3617 2073 475 15126 13316 11472 9683 8192 8192 8192 8192 8192 8192 8192 8784 10896 12774 14548 16260 1587 3226 4616 5381 5726 5916 6032 6102 6145 6155 6141 6165 6208 6253 6272 6210 4762 3144 1572 16255 14483 12654 10836 9101 8192 8192 8192 8192 8192 8192 8192 8192 8192 9705 11673 13498 15237 564 2248 3857 5026 5576 5848 6013 6125 6203 6266 6312 6336 6336 6098 4594 2988 1350 15997 14220 12388 10580 8867 8192 8192 8192 8192 8192 8192 8192 8192 8192 8192 9677 11634 13456 15187 511 2205 3808 5018 5586 5862 6028 6136 6224 6298 6356 6180 4736 3141 1503 16155 14372 12552 10755 9050 8192 8192 8192 8192 8192 8192 8192 8192 8192 8192 8192 10189 12106 13894 15618 938 2618 4184 5218 5683 5921 6074 6177 6262 6333 5336 3767 2190 475 15107 13307 11509 9763 8204 8192 8192 8192 8192 8192 8192 8192 8192 8192 8192 8508 10676 12563 14333 16037 1358 3026 146 13165 305 1208 
0 2346 2467 2304 2353 2224 2277 2380 2227 2336 2325 2269 2353 2150 2214 2393 2349 2466 2297 2177 2335 2288 2343 2357 2215 2343 2334 2277 2349 2221 2302 2411 2347 2389 2312 2178 2181 1640 662 16106 16284 1414 3165 4627 5680 6111 6198 6282 6275 6260 6254 6210 6159 6103 6035 5640 4198 2693 996 15639 13910 12193 10536 8986 8897 9541 10597 12758 14524 16251 1599 3267 4668 5508 5898 6039 6056 6112 6162 6207 6261 6303 6354 6384 6394 6381 6343 6290 5134 3624 2098 472 15118 13309 11488 9730 8192 8192 8192 8192 9277 10955 12188 13163 15242 583 2297 3880 5034 5595 5846 5951 5966 6008 6061 6109 6168 6226 6282 6307 6336 6362 6392 6398 6405 6407 6348 5061 3526 2004 384 15028 13207 11359 9605 8192 8192 8192 8192 8192 8192 8334 10562 12464 14261 15985 1316 2986 4438 5287 5694 5893 6015 6082 6098 6090 6121 6180 6234 6263 6285 6302 6322 5261 3711 2147 492 15130 13326 11483 9723 8192 8192 8192 8192 8192 8192 8192 8192 9872 11806 13631 15363 706 2386 3978 5085 5601 5857 6008 6109 6172 6210 6212 6212 6235 6274 6061 4526 2922 1310 15968 14185 12345 10539 8856 8192 8192 8192 8192 8192 8192 8192 8192 8596 10744 12631 14409 16133 1450 3112 4564 5379 5752 5949 6086 6178 6231 6282 6318 6315 5922 4405 2810 1160 15804 14016 12191 10376 8711 8192 8192 8192 8192 8192 8192 8192 8192 8192 9680 11630 13452 15190 522 2205 3819 5021 5579 151 9435 305 1208 
0 2785 2853 2736 2792 2778 2173 1291 180 256 1650 3315 4731 5745 6078 6149 6260 6277 6260 6247 6207 6145 6097 6026 5789 4392 2928 1240 15876 14161 12437 10796 9229 9247 10536 12655 14405 16125 1460 3138 4575 5458 5881 6061 6077 6129 6185 6227 6284 6331 6381 6398 6403 6399 6365 6324 5798 4299 2749 1198 15884 14120 12307 10517 8864 8192 8614 9684 10881 11860 13521 15396 754 2446 4017 5140 5700 5934 5974 6015 6073 6120 6163 6233 6281 6334 6379 6408 6425 6431 6427 6420 6401 5631 4130 2585 1018 15690 13905 12064 10264 8612 8192 8192 8192 8192 8192 9887 11886 13700 15442 778 2475 4036 5095 5593 5829 5959 6033 6022 6051 6098 6161 6214 6238 6287 6304 6332 6344 6376 6348 6041 4547 2922 1411 16064 14326 12470 10649 8928 8192 8192 8192 8192 8192 8192 9089 11111 12984 14748 83 1785 3421 4747 5436 5759 5939 6041 6092 6100 6104 6135 6192 6242 6281 6309 6325 5855 4309 2725 1116 15780 13984 12165 10333 8663 8192 8192 8192 8192 8192 8192 8192 8814 10915 12784 14559 16279 1603 3258 4663 5416 5759 5946 6074 6145 6192 6240 6217 6223 6264 6314 5343 3771 2196 508 15137 13332 11490 9717 8192 8192 8192 8192 8192 8192 8192 8192 8192 9986 11923 13731 15460 781 2459 4041 5133 5635 5882 6039 6144 6219 6267 6297 6303 6292 5657 4120 2526 864 15499 13706 11857 10075 8453 8192 8192 8192 8192 8192 8192 8192 8192 8561 10709 12598 14363 16084 156 6727 305 1208 
0 2397 2289 2379 2254 2322 2348 2188 2297 2332 2360 2447 2270 2264 2303 2269 2369 2305 2293 2373 2286 2299 2278 2258 2406 2308 2286 2294 2294 2376 2308 2263 2310 2325 2374 2236 1984 1266 182 15908 263 1972 3656 5006 5921 6230 6327 6339 6327 6315 6307 6267 6214 6166 6107 5724 4280 2779 1077 15728 13969 12245 10578 9014 8905 9403 9427 9854 12256 14060 15822 1143 2813 4340 5347 5836 6012 6055 6100 6153 6192 6224 6281 6343 6382 6401 6396 6383 5686 4182 2633 1041 15718 13933 12123 10336 8686 8192 8192 8192 8192 8192 8192 10323 12202 14001 15739 1077 2756 4277 5227 5663 5875 5999 6064 6079 6086 6125 6177 6227 6275 6299 6316 6339 6347 5670 4129 2552 949 15611 13808 11972 10223 8430 8192 8192 8192 8192 8192 8192 8192 10262 12188 13985 15718 1037 2713 4249 5217 5654 5886 6027 6107 6160 6165 6166 6186 6232 6277 6306 5483 3929 2354 696 15332 13520 11703 9920 8326 8192 8192 8192 8192 8192 8192 8192 8192 9808 11744 13566 15301 616 2308 3896 5050 5593 5854 6013 6134 6204 6249 6290 6302 6289 5747 4218 2628 970 15606 13824 11995 10208 8552 8192 8192 8192 8192 8192 8192 8192 8192 8192 9837 11772 13582 15314 628 2329 3926 5078 5621 5872 6036 6143 6221 6298 6343 6375 5174 3560 1947 235 14849 13025 11209 9478 8192 8192 8192 8192 8192 8192 8192 8192 8192 8192 9732 11689 13511 15239 557 2244 3857 5051 5606 5877 6039 6153 165 15284 305 1208 
0 2388 2390 2395 2541 2445 2290 2308 2364 2569 2555 2317 2321 2340 2528 2534 2294 2377 2368 2468 2541 2277 2315 2409 2445 2580 2354 2325 2428 2343 2462 2368 2303 2513 2431 2472 2291 1667 873 16086 16346 1505 3212 4671 5727 6197 6303 6372 6371 6358 6357 6308 6258 6199 6142 5835 4396 2917 1247 15886 14144 12422 10757 9189 8798 9510 9929 12261 14053 15789 1139 2832 4350 5344 5821 6023 6056 6094 6153 6203 6258 6306 6360 6398 6425 6437 6414 6379 5234 3716 2188 555 15208 13403 11580 9826 8252 8192 8192 8192 8192 8690 10821 12721 14523 16244 1578 3235 4622 5393 5743 5910 6018 6021 6031 6081 6142 6205 6253 6278 6320 6333 6357 6382 6392 6312 4838 3249 1707 40 14665 12835 11001 9274 8192 8192 8192 8192 8192 8192 8439 10613 12508 14297 16026 1351 3017 4470 5310 5695 5901 6018 6081 6114 6109 6129 6180 6233 6276 6313 6333 5264 3709 2142 484 15125 13325 11493 9715 8192 8192 8192 8192 8192 8192 8192 8192 8939 11021 12885 14651 16368 1688 3337 4718 5447 5769 5955 6080 6162 6218 6256 6256 6255 6274 5639 4092 2526 856 15480 13683 11850 10066 8436 8192 8192 8192 8192 8192 8192 8192 8192 8347 10567 12461 14248 15971 1293 2957 4449 5336 5723 5939 6077 6177 6251 6304 6346 6360 5172 3546 1940 222 14842 13021 11197 9465 8192 8192 8192 8192 8192 8192 8192 8192 8192 8192 10228 12140 13940 15670 988 2669 4220 5234 5698 5916 6066 170 14902 305 1208 
0 2387 2317 2412 2450 2409 2380 2294 2339 2416 2378 2396 2319 2344 2452 2405 2368 2302 2313 2391 2444 2373 2365 2330 2298 2370 2335 2375 2430 2347 2373 2349 2360 2451 2380 2318 2216 1798 938 16285 16308 1330 3075 4561 5661 6189 6336 6431 6448 6444 6426 6398 6356 6282 6215 5891 4455 2985 1321 15974 14237 12521 10859 9289 8742 9430 10571 12740 14502 16234 1574 3244 4649 5498 5895 6048 6078 6119 6171 6235 6285 6333 6392 6434 6448 6473 6459 6173 4560 3104 1489 16246 14444 12664 10836 9168 8192 8192 8192 9089 10459 11456 11938 13662 15515 870 2552 4109 5174 5678 5901 5947 5974 6032 6077 6128 6190 6253 6298 6340 6380 6407 6429 6453 6477 6476 5545 4031 2494 907 15564 13761 11929 10158 8504 8192 8192 8192 8192 8192 8192 10181 12092 13902 15630 967 2657 4194 5180 5636 5867 5997 6065 6092 6094 6123 6169 6221 6274 6309 6328 6337 4981 3386 1818 127 14750 12931 11098 9364 8192 8192 8192 8192 8192 8192 8192 8192 10336 12243 14040 15770 1098 2773 4297 5252 5675 5895 6040 6137 6190 6221 6220 6216 6256 6289 5327 3746 2169 482 15116 13314 11480 9726 8192 8192 8192 8192 8192 8192 8192 8192 8192 9742 11684 13495 15230 557 2250 3852 5037 5591 5860 6026 6132 6208 6268 6302 6324 6236 4812 3208 1591 16248 14460 12659 10845 9132 8192 8192 8192 8192 8192 8192 8192 8192 8192 9170 11186 13040 14801 129 1825 3474 4810 5500 5813 5993 175 12905 305 1208 
0 8606 10756 12644 14415 16133 1452 3123 4545 5346 5708 5906 6031 6096 6139 6136 6127 6174 6223 6261 6296 6189 4684 3068 1483 16144 14384 12550 10744 9013 8192 8192 8192 8192 8192 8192 8192 8192 8192 9867 11814 13637 15381 710 2392 3975 5101 5617 5868 6026 6135 6209 6279 6309 6349 6344 5875 4350 2761 1106 15745 13945 12116 10324 8648 8192 8192 8192 8192 8192 8192 8192 8192 8192 8192 9950 11881 13688 15417 747 2439 4032 5088 5665 5867 6072 6134 6261 6293 6379 5765 4289 2692 1017 15644 13867 12049 10245 8611 8192 8192 8192 8192 8192 8192 8192 8192 8192 8192 8561 10722 12606 14375 16083 1406 3068 4531 5386 5762 5963 6109 6197 6291 6062 4677 3133 1485 16119 14379 12555 10788 9119 8192 8192 8192 8192 8192 8192 8192 8192 8192 8192 8192 9485 11452 13287 15026 352 2050 3667 4951 5572 5872 6034 6155 6256 5986 4614 3087 1458 16114 14358 12562 10780 9108 8192 8192 8192 8192 8192 8192 8192 8192 8192 8192 8192 9256 11268 13118 14861 194 1887 3532 4867 5535 5853 6031 6151 6241 5889 4512 2987 1343 16001 14240 12458 10689 9002 8192 8192 8192 8192 8192 8192 8192 8192 8192 8192 8192 9521 11489 13321 15058 384 2072 3709 4968 5588 5871 6043 6168 6248 5850 4456 2924 1268 15925 14173 12374 10614 8955 8192 8192 8192 8192 8192 8192 8192 8192 8192 8192 8192 9847 11781 13593 15320 642 2329 3924 5093 5648 5901 6066 6176 6262 5882 4483 2949 180 9982 305 1208 
0 8192 8192 8192 8192 8192 8192 8192 8692 10825 12690 14455 16169 1487 3138 4607 5409 5782 5972 6109 6209 6282 6345 5390 3838 2245 533 15164 13363 11559 9790 8224 8192 8192 8192 8192 8192 8192 8192 8192 8192 8358 10572 12464 14243 15968 1284 2949 4459 5345 5753 5951 6100 6197 6274 6340 5560 4061 2483 782 15418 13620 11798 10039 8417 8192 8192 8192 8192 8192 8192 8192 8192 8192 8192 10345 12244 14039 15762 1086 2772 4304 5275 5707 5930 6084 6185 6264 6340 5768 4301 2726 1045 15684 13891 12074 10299 8656 8192 8192 8192 8192 8192 8192 8192 8192 8192 8192 10117 12039 13843 15565 876 2561 4116 5195 5673 5915 6070 6173 6258 6322 5970 4533 2960 1299 15943 14178 12361 10591 8891 8192 8192 8192 8192 8192 8192 8192 8192 8192 8192 9896 11830 13646 15375 696 2383 3981 5123 5639 5902 6052 6164 6256 6313 6201 4808 3229 1590 16244 14470 12660 10863 9153 8192 8192 8192 8192 8192 8192 8192 8192 8192 8192 9626 11585 13421 15156 481 2176 3796 5019 5595 5864 6028 6155 6240 6304 6342 5067 3472 1854 130 14753 12945 11128 9398 8192 8192 8192 8192 8192 8192 8192 8192 8192 8192 9325 11323 13175 14919 244 1936 3573 4879 5537 5844 6010 6136 6221 6297 6356 5335 3754 2158 440 15065 13262 11442 9706 8192 8192 8192 8192 8192 8192 8192 8192 8192 8192 8956 11020 12892 14648 16365 1688 3344 4736 5472 5801 5996 6121 6219 6290 6346 5574 4067 2493 185 9586 305 1208 
0 2407 2045 2031 2292 2612 2765 2563 2537 2709 2868 2777 2553 2333 2493 2506 2455 2282 2118 2327 2414 2517 2438 2426 2430 2565 2514 2578 2523 2567 2583 2484 2460 2421 2522 2551 2332 1987 1383 605 280 983 2599 4187 5393 5744 5846 6013 6132 6136 6126 6101 6053 6008 5957 5893 5164 3741 2128 393 15028 13298 11590 9970 8489 9414 10941 12935 14679 12 1743 3414 4774 5556 5913 6044 6062 6110 6149 6197 6241 6295 6306 6321 6296 6264 6223 6159 5087 3608 2078 459 15120 13321 11496 9743 8192 8192 8192 8837 10168 11312 11925 13626 15485 831 2514 4066 5158 5668 5888 5941 5973 6027 6077 6124 6180 6236 6282 6312 6341 6360 6369 6369 6353 6327 6255 5173 3671 2137 549 15217 13414 11557 9770 8192 8192 8192 8192 8192 8192 8239 10509 12414 14210 15931 1258 2927 4396 5266 5665 5881 5998 6061 6085 6080 6108 6151 6217 6246 6271 6281 6289 6280 5414 3889 2332 705 15364 13578 11743 9950 8339 8192 8192 8192 8192 8192 8192 8192 10148 12061 13861 15594 916 2595 4147 5169 5633 5870 6008 6101 6157 6181 6174 6187 6223 6255 6294 5333 3781 2208 540 15175 13369 11530 9747 8192 8192 8192 8192 8192 8192 8192 8192 8192 9945 11880 13694 15422 747 2434 4005 5115 5619 5858 6021 6128 6208 6259 6292 6297 6270 5780 4250 2663 1011 15649 13858 12019 10227 8578 8192 8192 8192 8192 8192 8192 8192 8192 8192 10091 11993 13796 15530 846 2524 4099 195 778 305 1208 
0 2413 2494 2262 2315 2391 2335 2417 2310 2304 2378 2348 2325 2288 2246 2354 2431 2398 2312 2257 2251 2281 2260 2205 2256 2368 2571 2680 2637 2558 2500 2513 2457 2279 2095 1978 2074 1890 1134 158 16122 762 2493 4096 5319 5972 6065 6185 6179 6161 6167 6122 6080 6029 5973 5916 5125 3722 2112 384 15015 13295 11586 9942 8459 9196 9482 9905 12189 14006 15760 1107 2762 4280 5315 5813 6005 6044 6085 6126 6172 6217 6257 6294 6316 6311 6283 6244 6103 4670 3128 1595 16316 14567 12759 10941 9218 8192 8192 8192 8192 8192 8854 10922 12870 14637 16352 1673 3325 4696 5419 5756 5925 6013 6037 6024 6072 6128 6201 6241 6268 6296 6306 6325 6316 6311 6289 5366 3849 2290 697 15361 13539 11696 9914 8292 8192 8192 8192 8192 8192 8192 9713 11673 13506 15244 573 2266 3860 5000 5550 5810 5968 6055 6106 6105 6116 6151 6191 6230 6268 6284 6292 5489 3958 2384 754 15408 13603 11783 9987 8361 8192 8192 8192 8192 8192 8192 8192 8677 10807 12683 14463 16187 1508 3161 4589 5372 5738 5933 6067 6151 6207 6245 6237 6226 6253 6252 4912 3289 1692 16363 14586 12763 10945 9220 8192 8192 8192 8192 8192 8192 8192 8192 8192 9743 11686 13506 15250 572 2268 3873 5038 5592 5856 6023 6127 6213 6272 6316 6341 6294 4963 3350 1727 0 14632 12783 11002 9238 8192 8192 8192 8192 8192 8192 8192 8192 8192 8482 10665 12559 14335 16045 1365 3026 4498 5362 200 2039 305 1208 
0 2489 2296 2349 2311 2501 2548 2328 2357 2317 2408 2564 2346 2332 2367 2379 2613 2417 2277 2386 2309 2543 2468 2215 2391 2330 2434 2455 2258 2405 2479 2476 2538 2329 2349 2389 2307 2264 1483 250 16094 509 2228 3863 5164 5863 6043 6166 6219 6209 6191 6170 6118 6071 6027 5958 5368 3935 2364 642 15288 13545 11828 10189 8666 9107 9460 10404 12617 14398 16154 1498 3144 4583 5472 5877 6031 6041 6111 6151 6187 6238 6275 6321 6337 6326 6311 6268 6001 4493 2928 1383 16088 14315 12499 10691 8978 8192 8192 8192 8192 8192 10249 12140 14011 15767 1091 2779 4291 5237 5670 5874 5985 6016 6012 6058 6122 6181 6233 6266 6295 6319 6336 6350 6352 6348 6327 5565 4047 2495 919 15592 13817 11963 10137 8483 8192 8192 8192 8192 8192 8192 9740 11696 13525 15262 600 2286 3877 5015 5553 5821 5967 6049 6106 6096 6105 6149 6204 6250 6272 6289 6308 5897 4356 2764 1180 15850 14063 12228 10412 8717 8192 8192 8192 8192 8192 8192 8192 8343 10561 12454 14251 15975 1308 2970 4451 5316 5709 5915 6054 6141 6189 6236 6226 6221 6254 6282 5237 3667 2086 393 15014 13215 11377 9598 8192 8192 8192 8192 8192 8192 8192 8192 8192 9301 11293 13151 14902 233 1929 3563 4855 5516 5817 5997 6115 6205 6267 6311 6339 6332 5345 3771 2179 477 15096 13291 11480 9683 8192 8192 8192 8192 8192 8192 8192 8192 8192 8192 10176 12095 13901 15626 948 2623 4170 5206 205 918 305 1208 
0 2518 2629 2468 2483 2505 2469 2595 2452 2413 2528 2413 2507 2461 2346 2503 2459 2443 2508 2350 2474 2564 2456 2495 2378 2407 2585 2559 2474 2493 2436 2546 2563 2422 2469 2466 2432 2116 1028 16309 84 1415 3129 4597 5608 5867 6005 6139 6157 6157 6133 6090 6055 5994 5948 5856 4723 3309 1653 16281 14539 12804 11117 9526 8441 9252 10342 12518 14284 16028 1375 3041 4500 5425 5854 6030 6052 6100 6138 6181 6227 6268 6293 6314 6302 6256 6224 6061 4621 3089 1558 16279 14522 12709 10907 9187 8192 8192 8192 9287 10640 11766 12500 14672 46 1760 3401 4752 5499 5826 5934 5953 6014 6050 6110 6154 6221 6265 6302 6344 6353 6371 6373 6364 6354 6306 6225 4974 3474 1960 349 14987 13177 11335 9546 8192 8192 8192 8192 8192 8192 9197 11243 13103 14868 199 1904 3533 4812 5470 5759 5930 6021 6068 6071 6084 6132 6178 6231 6258 6279 6287 6286 6301 5933 4401 2814 1247 15936 14149 12336 10499 8811 8192 8192 8192 8192 8192 8192 8192 10064 11988 13804 15538 854 2536 4099 5137 5618 5863 6006 6096 6144 6155 6145 6176 6220 6259 6283 6258 4848 3234 1657 16341 14562 12743 10923 9191 8192 8192 8192 8192 8192 8192 8192 8192 9128 11165 13012 14774 108 1807 3444 4778 5468 5786 5973 6101 6175 6222 6264 6272 6254 6268 5528 3976 2393 725 15369 13573 11732 9939 8315 8192 8192 8192 8192 8192 8192 8192 8192 8751 10864 12741 14502 16215 1538 3191 209 14369 305 1208 
0 8192 8458 10599 12555 14339 16066 1382 3055 4523 5370 5748 5958 6099 6185 6239 6284 6302 6286 6302 6321 4994 3366 1752 46 14642 12802 10980 9246 8192 8192 8192 8192 8192 8192 8192 8192 8192 10099 12010 13877 15575 904 2596 4150 5202 5679 5909 6061 6163 6216 6268 6291 6286 6292 6324 5538 3984 2397 718 15346 13544 11710 9938 8332 8192 8192 8192 8192 8192 8192 8192 8192 9383 11319 13254 14981 313 2007 3644 4921 5553 5840 6017 6133 6198 6244 6286 6278 6276 6315 6273 4801 3168 1553 16212 14437 12587 10766 9034 8192 8192 8192 8192 8192 8192 8192 8192 8244 10456 12366 14241 15872 1280 2886 4437 5307 5750 5930 6097 6171 6235 6271 6280 6266 6288 6326 5725 4174 2574 905 15554 13742 11906 10109 8454 8192 8192 8192 8192 8192 8192 8192 8192 9288 11247 13157 14931 253 1947 3578 4877 5530 5828 6004 6124 6200 6243 6277 6258 6269 6299 6343 5295 3706 2125 434 15047 13223 11399 9630 8192 8192 8192 8192 8192 8192 8192 8192 8192 9985 11881 13771 15515 838 2523 4092 5164 5656 5902 6061 6154 6217 6256 6261 6255 6276 6313 6374 5144 3541 1949 240 14837 13027 11185 9446 8192 8192 8192 8192 8192 8192 8192 8192 8192 10220 12099 13969 15720 1030 2709 4255 5250 5696 5921 6065 6163 6222 6253 6268 6266 6286 6320 6359 5368 3791 2201 512 15131 13317 11488 9695 8192 8192 8192 8192 8192 8192 8192 8192 8192 10042 11929 13770 15522 848 2539 249 5913 305 1208 
0 2268 2375 2391 2305 2392 2366 2316 2342 2265 2355 2390 2317 2320 2295 2300 2325 2309 2360 2371 2353 2339 2260 2321 2337 2373 2371 2241 2295 2346 2385 2416 2313 2287 2341 2289 2224 1822 750 16146 16104 1025 2789 4332 5499 6093 6229 6308 6310 6290 6285 6257 6211 6154 6094 5926 4584 3143 1484 16122 14388 12670 10996 9391 8353 9459 9695 11399 13348 15111 467 2176 3777 5016 5676 5966 6042 6069 6130 6175 6225 6267 6325 6373 6387 6399 6389 6372 6062 4544 2974 1428 16135 14373 12549 10746 9032 8192 8192 8192 8192 8192 8532 10690 12620 14389 16117 1444 3111 4547 5351 5716 5907 6009 6052 6037 6076 6133 6187 6243 6269 6305 6321 6348 6345 6354 5153 3599 2052 415 15051 13234 11408 9635 8192 8192 8192 8192 8192 8192 8192 9641 11604 13438 15189 514 2212 3802 4984 5545 5817 5977 6070 6125 6141 6128 6157 6219 6263 6297 6314 5340 3791 2219 554 15199 13398 11553 9785 8196 8192 8192 8192 8192 8192 8192 8192 8334 10553 12454 14232 15954 1271 2944 4434 5309 5707 5922 6060 6158 6204 6261 6271 6266 6270 5699 4164 2585 922 15561 13774 11939 10152 8509 8192 8192 8192 8192 8192 8192 8192 8192 8192 10329 12210 14001 15766 1047 2757 4272 5263 5685 5923 6056 6172 6231 6299 6322 6363 5227 3615 2012 294 14894 13086 11265 9519 8192 8192 8192 8192 8192 8192 8192 8192 8192 8192 10010 11938 13753 15479 803 2489 4066 5164 5652 5894 6052 262 6725 305 1208 
0 8192 8192 8192 8192 8192 10428 12299 14090 15822 1148 2817 4351 5295 5717 5931 6083 6184 6251 6306 6342 6345 5733 4203 2616 938 15568 13765 11935 10133 8508 8192 8192 8192 8192 8192 8192 8192 8192 8192 10437 12310 14104 15828 1148 2816 4336 5297 5714 5939 6073 6179 6253 6299 6339 6351 5830 4306 2723 1059 15699 13909 12070 10286 8617 8192 8192 8192 8192 8192 8192 8192 8192 8192 10359 12216 14009 15739 1059 2746 4278 5266 5704 5930 6083 6175 6236 6302 6327 6342 6050 4538 2932 1287 15925 14138 12310 10489 8797 8192 8192 8192 8192 8192 8192 8192 8192 8192 10096 11996 13798 15532 860 2534 4117 5173 5663 5904 6054 6167 6248 6297 6332 6341 6274 4845 3233 1601 16259 14472 12654 10848 9114 8192 8192 8192 8192 8192 8192 8192 8192 8192 9775 11749 13560 15291 609 2307 3905 5072 5623 5883 6044 6149 6229 6290 6329 6340 6328 5219 3632 2042 321 14939 13113 11295 9535 8192 8192 8192 8192 8192 8192 8192 8192 8192 9187 11286 13101 14863 198 1897 3536 4845 5516 5829 6014 6125 6197 6279 6317 6327 6332 5706 4185 2591 916 15548 13744 11915 10127 8490 8192 8192 8192 8192 8192 8192 8192 8192 8460 10667 12552 14343 16070 1383 3045 4511 5367 5751 5960 6101 6193 6249 6307 6326 6319 6260 4838 3218 1598 16256 14462 12651 10818 9112 8192 8192 8192 8192 8192 8192 8192 8192 8192 9912 11907 13703 15430 763 2458 4040 5146 5642 5899 6059 6162 6235 267 8022 305 1208 
0 8192 8192 8192 9833 11798 13648 15384 705 2390 3985 5115 5641 5892 6053 6156 6218 6275 6306 6292 6296 6287 4848 3216 1600 16260 14486 12656 10839 9127 8192 8192 8192 8192 8192 8192 8192 8192 8192 10276 12228 14026 15749 1072 2749 4289 5263 5707 5930 6075 6180 6233 6286 6301 6285 6304 6103 4589 2984 1351 15979 14195 12341 10544 8843 8192 8192 8192 8192 8192 8192 8192 8192 8516 10633 12586 14357 16100 1335 3107 4494 5406 5726 5981 6084 6204 6224 6296 6287 6280 6290 5958 4409 2810 1161 15811 14021 12183 10368 8691 8192 8192 8192 8192 8192 8192 8192 8192 8819 10860 12821 14564 16276 1599 3242 4666 5444 5789 5980 6110 6195 6247 6285 6289 6276 6298 5972 4434 2832 1195 15837 14050 12224 10421 8735 8192 8192 8192 8192 8192 8192 8192 8192 8939 10956 12911 14650 16368 1684 3329 4726 5467 5800 5992 6111 6188 6248 6286 6286 6275 6312 6021 4484 2874 1236 15874 14094 12247 10450 8765 8192 8192 8192 8192 8192 8192 8192 8192 8868 10900 12841 14612 16330 1647 3299 4708 5452 5796 5990 6114 6196 6246 6285 6286 6274 6301 6173 4661 3037 1411 16052 14261 12419 10610 8919 8192 8192 8192 8192 8192 8192 8192 8192 8657 10745 12677 14460 16170 1482 3142 4597 5404 5774 5970 6103 6186 6235 6279 6274 6269 6294 6328 4979 3352 1741 12 14630 12792 10982 9243 8192 8192 8192 8192 8192 8192 8192 8192 8246 10462 12367 14213 15908 1230 2898 4413 5323 5732 272 6886 305 1208 
0 3765 4998 5586 5864 6037 6142 6219 6264 6319 6311 6300 6298 4916 3285 1664 16326 14551 12717 10889 9163 8192 8192 8192 8192 8192 8192 8192 8192 8192 10079 12067 13861 15597 928 2610 4170 5214 5681 5919 6067 6171 6238 6286 6320 6300 6303 6170 4665 3046 1426 16067 14275 12434 10620 8911 8192 8192 8192 8192 8192 8192 8192 8192 8262 10332 12465 14114 15915 1181 2897 4377 5317 5725 5957 6081 6175 6234 6277 6308 6288 6300 6105 4568 2955 1318 15962 14176 12337 10513 8822 8192 8192 8192 8192 8192 8192 8192 8192 8447 10590 12558 14316 16038 1361 3032 4506 5374 5749 5962 6096 6184 6250 6289 6307 6293 6310 6114 4587 2964 1330 15975 14186 12350 10547 8844 8192 8192 8192 8192 8192 8192 8192 8192 8503 10636 12589 14357 16077 1398 3072 4543 5390 5764 5970 6101 6180 6250 6291 6298 6285 6304 6243 4768 3145 1522 16169 14395 12560 10737 9028 8192 8192 8192 8192 8192 8192 8192 8192 8321 10498 12445 14237 15948 1267 2941 4449 5340 5731 5953 6089 6176 6242 6275 6289 6282 6299 6332 5070 3451 1852 136 14746 12921 11090 9354 8192 8192 8192 8192 8192 8192 8192 8192 8192 10219 12136 13980 15686 1009 2694 4247 5249 5698 5934 6076 6171 6231 6277 6300 6279 6293 6336 5473 3904 2309 618 15239 13425 11580 9798 8212 8192 8192 8192 8192 8192 8192 8192 8192 9682 11603 13543 15239 569 2257 3867 5053 5605 5874 6047 6145 6215 6258 6297 6282 6277 6322 277 7889 305 1208 
0 1683 1470 1394 1504 1561 1709 1815 1724 1935 2035 1942 1870 1616 1650 1738 1700 1563 1454 1398 1570 1622 1577 1658 1729 1825 1824 1661 1668 1796 1884 1773 1422 756 16019 15217 15533 793 2569 4142 5365 6121 6333 6356 6386 6369 6376 6394 6353 6319 6285 6240 5995 4548 3051 1418 16072 14318 12530 10805 9197 8192 8192 8192 8955 10569 12239 13982 15786 1105 2779 4288 5274 5731 5914 5945 5984 6032 6080 6132 6190 6249 6293 6334 6361 6378 6394 6393 5972 4438 2869 1320 16015 14242 12403 10595 8913 8192 8192 8192 8192 8192 8192 8192 10095 12015 13828 15551 876 2558 4106 5137 5613 5854 5996 6078 6137 6142 6139 6162 6221 6260 6299 6170 4667 3055 1462 16139 14373 12547 10749 9026 8192 8192 8192 8192 8192 8192 8192 8192 8192 9845 11777 13603 15331 643 2339 3934 5075 5606 5867 6021 6133 6214 6271 6314 6342 6345 5420 3842 2257 551 15180 13378 11551 9771 8192 8192 8192 8192 8192 8192 8192 8192 8192 8192 8192 10332 12247 14031 15754 1075 2754 4282 5261 5707 5928 6072 6176 6263 6317 6050 4611 3042 1389 16034 14256 12446 10647 8961 8192 8192 8192 8192 8192 8192 8192 8192 8192 8192 8192 10046 11974 13788 15511 836 2522 4101 5182 5668 5916 6076 6177 6266 5774 4357 2819 1147 15786 14033 12231 10464 8812 8192 8192 8192 8192 8192 8192 8192 8192 8192 8192 8192 9480 11451 13278 15026 352 2049 3675 4954 5574 5863 6046 6170 6260 5380 282 11922 305 1208 
0 1969 1787 1644 1380 1689 2010 1865 1740 1671 1765 1888 1782 1655 1686 1791 1982 1795 1649 1536 1614 1764 1493 1730 1463 1641 1747 1427 1670 1691 1609 1812 1515 1681 1976 1551 1383 444 15414 15150 15795 1211 2943 4456 5575 6222 6377 6398 6413 6415 6424 6426 6388 6357 6313 6267 5493 4067 2530 849 15494 13724 11941 10231 8669 8192 8192 8192 9248 11061 12650 14478 16227 1494 3191 4624 5431 5797 5931 5948 5995 6037 6089 6143 6193 6264 6302 6345 6365 6392 6418 6432 6429 6432 5554 4047 2490 909 15577 13792 11944 10129 8498 8192 8192 8192 8192 8192 8192 8192 9643 11625 13459 15198 529 2227 3815 4984 5549 5816 5981 6077 6140 6191 6201 6190 6217 6248 6295 5496 3938 2370 702 15351 13555 11716 9933 8319 8192 8192 8192 8192 8192 8192 8192 8192 8192 9791 11738 13547 15287 613 2305 3895 5059 5608 5864 6027 6138 6226 6303 6343 6380 6007 4501 2917 1272 15906 14128 12313 10508 8818 8192 8192 8192 8192 8192 8192 8192 8192 8192 8192 8192 10405 12301 14087 15810 1136 2822 4354 5299 5734 5944 6094 6192 6272 6037 4647 3100 1453 16107 14347 12547 10758 9084 8192 8192 8192 8192 8192 8192 8192 8192 8192 8192 8192 8192 10454 12348 14134 15857 1185 2858 4391 5328 5754 5976 6112 6217 5599 4170 2645 987 15644 13894 12124 10365 8737 8192 8192 8192 8192 8192 8192 8192 8192 8192 8192 8192 8192 10243 12145 13931 15652 974 2660 4230 5250 292 11473 305 1208 
0 2438 2330 2293 2379 2343 2384 2218 2149 2336 2311 2371 2350 2263 2406 2405 2339 2381 2227 2347 2444 2312 2377 2225 2272 2451 2285 2294 2266 2258 2460 2350 2272 2346 2320 2472 2361 1958 1218 16331 15957 517 2251 3877 5181 6009 6243 6346 6375 6370 6365 6335 6290 6251 6182 6110 5104 3700 2096 383 15027 13299 11605 9985 8488 9297 9623 10556 12753 14521 16270 1620 3260 4668 5507 5896 6042 6067 6117 6167 6207 6265 6321 6370 6409 6427 6432 6433 6333 4911 3364 1832 182 14810 13006 11193 9471 8192 8192 8192 8192 8192 8192 10085 12080 13864 15607 938 2628 4177 5178 5630 5865 5990 6051 6051 6067 6114 6172 6231 6269 6303 6324 6346 6361 6258 4755 3158 1592 16285 14503 12693 10858 9138 8192 8192 8192 8192 8192 8192 8192 9993 11920 13742 15489 822 2502 4064 5127 5610 5862 6005 6088 6143 6154 6141 6174 6225 6281 6318 6045 4505 2899 1297 15949 14170 12332 10541 8830 8192 8192 8192 8192 8192 8192 8192 8192 9494 11475 13310 15054 384 2073 3696 4943 5546 5826 5990 6110 6194 6239 6285 6278 6274 6134 4641 3035 1420 16076 14301 12467 10652 8965 8192 8192 8192 8192 8192 8192 8192 8192 8192 9573 11537 13369 15112 438 2124 3751 4975 5570 5852 6016 6138 6208 6281 6330 6364 5373 3784 2195 492 15104 13307 11505 9737 8192 8192 8192 8192 8192 8192 8192 8192 8192 8192 9679 11640 13462 15200 520 2215 3823 5028 5593 5871 6032 6144 297 10038 305 1208 
0 2445 2411 2549 2455 2118 2206 2513 2548 2475 2136 2124 2540 2672 2566 2234 2054 2350 2615 2443 2186 2102 2320 2615 2511 2243 2218 2341 2605 2546 2259 2198 2263 2455 2507 2310 2214 1755 753 15915 15990 1165 2918 4438 5559 6159 6319 6372 6365 6354 6361 6327 6281 6229 6175 6059 4792 3369 1727 16375 14639 12898 11204 9598 8414 9592 9604 9667 11773 13680 15442 785 2459 4047 5186 5758 5995 6046 6095 6141 6188 6242 6287 6339 6382 6410 6433 6427 6371 5036 3488 1962 305 14940 13146 11322 9575 8192 8192 8192 8192 8192 8192 9274 11317 13170 14933 265 1958 3595 4857 5488 5784 5952 6035 6075 6059 6099 6147 6201 6259 6282 6319 6335 6351 6354 5091 3531 1980 322 14944 13129 11297 9538 8192 8192 8192 8192 8192 8192 8192 9149 11184 13036 14795 127 1833 3471 4792 5461 5777 5958 6063 6128 6168 6157 6162 6210 6259 6296 6274 4832 3217 1624 16304 14532 12707 10898 9157 8192 8192 8192 8192 8192 8192 8192 8192 8636 10767 12648 14419 16138 1460 3123 4566 5378 5742 5945 6080 6169 6228 6276 6298 6291 6286 5165 3553 1949 244 14868 13057 11238 9470 8192 8192 8192 8192 8192 8192 8192 8192 8192 8557 10718 12603 14376 16088 1411 3078 4542 5377 5756 5954 6082 6177 6266 6311 6363 6040 4553 2966 1312 15959 14170 12353 10545 8871 8192 8192 8192 8192 8192 8192 8192 8192 8192 8327 10548 12435 14216 15932 1252 2916 4430 5329 5736 5942 6087 302 8096 305 1208 
0 8974 10972 12636 14529 16254 1272 16289 15025 13614 12120 10592 9091 8192 8192 8192 8192 8192 8192 8192 8192 8192 8192 8192 8192 8192 8192 8192 8192 8192 8192 8192 8192 8192 8192 8192 8197 8218 8247 8258 8288 8305 8324 8351 8363 8381 8408 8425 8458 8443 8489 8495 8520 8549 8552 8587 8595 8612 8645 8670 8703 8739 8772 8823 8862 8934 9020 9095 9197 9260 9337 9407 9472 9540 9586 9654 9705 9761 9807 9865 9904 9956 10014 10058 10088 10125 10177 10203 10251 10272 10297 10344 10356 10397 10428 10456 10512 10540 10555 10536 10574 10648 10687 10671 10675 10716 10780 10779 10793 10785 10831 10890 10902 10911 10903 10936 10981 10991 11009 11021 11028 11070 11104 11115 11129 11140 11160 11191 11215 11231 11234 11247 11274 11285 11309 11329 11328 11359 11367 11397 11409 11406 11441 11455 11466 11492 11473 11513 11538 11546 11589 11559 11578 11617 11613 11659 11668 11653 11709 11674 11699 11739 11724 11765 11773 11768 11819 11819 11837 11854 11845 11871 11923 11903 11908 11920 11917 11982 11986 11984 11958 12024 12077 12064 12038 12017 12085 12161 12164 12103 12101 12114 12188 12212 12193 12177 12174 12222 12274 12280 12290 12329 12361 12373 12383 12353 12367 12372 12371 12387 12380 12398 12421 12444 12483 12500 12518 12521 12512 12533 12571 12583 12614 12607 12600 12610 12612 12637 12664 12658 12685 12676 12698 12717 12726 12776 12766 12786 12818 12796 12837 12820 12820 12875 12857 12886 12893 12873 12937 12932 12941 12973 12946 12991 13010 12988 13033 13017 2 3274 305 1195 
0 8192 8192 8192 8192 8192 8192 8192 8192 8192 8192 10120 12026 13827 15544 872 2559 4124 5204 5687 5933 6067 6195 6253 5054 3522 1936 224 14876 13094 11306 9607 8192 8192 8192 8192 8192 8192 8192 8192 8192 8192 8192 9140 11164 13021 14773 95 1789 3437 4814 5510 5831 6022 6147 6235 5821 4424 2895 1240 15894 14132 12350 10593 8942 8192 8192 8192 8192 8192 8192 8192 8192 8192 8192 8192 10129 12043 13850 15580 906 2592 4161 5222 5693 5933 6088 6190 6277 5365 3836 2268 578 15218 13448 11639 9916 8341 8192 8192 8192 8192 8192 8192 8192 8192 8192 8192 8872 10961 12826 14593 16305 1622 3282 4709 5464 5810 6006 6133 6231 6160 4839 3299 1679 16337 14576 12786 11004 9301 8192 8192 8192 8192 8192 8192 8192 8192 8192 8192 8192 9782 11712 13533 15259 588 2280 3893 5076 5632 5888 6050 6164 6262 5759 4332 2792 1124 15774 14017 12217 10457 8810 8192 8192 8192 8192 8192 8192 8192 8192 8192 8192 8402 10594 12485 14257 15969 1275 2953 4455 5351 5752 5967 6106 6212 6289 5355 3818 2246 542 15196 13426 11639 9881 8319 8192 8192 8192 8192 8192 8192 8192 8192 8192 8192 9281 11285 13132 14875 209 1900 3547 4870 5543 5848 6025 6147 6237 6229 4911 3361 1753 39 14679 12866 11097 9389 8192 8192 8192 8192 8192 8192 8192 8192 8192 8192 8192 10010 11934 13741 15468 786 2469 4062 5165 5667 5914 6067 6174 6263 5966 4571 3025 1370 16034 14274 7 1223 305 1195 
0 2689 2606 2638 2678 2663 2713 2649 2619 2549 2441 2462 2435 2503 2576 2512 2515 2419 2469 2599 2572 2696 2629 2527 2608 2484 2540 2521 2415 2545 2482 2539 2602 2508 2630 2576 2462 2214 1190 172 16351 1082 2819 4346 5504 5929 6029 6198 6299 6303 6298 6263 6215 6177 6116 6019 4865 3457 1831 87 14739 13007 11317 9726 8747 10486 12554 14299 16018 1388 3020 4550 5417 5868 6053 6091 6128 6183 6239 6281 6348 6385 6410 6420 6419 6391 6261 4894 3389 1862 218 14860 13057 11253 9522 8192 8192 8869 10195 11294 12092 14283 16029 1368 3027 4484 5384 5795 5958 5982 6036 6086 6136 6178 6242 6304 6347 6379 6416 6431 6450 6446 5817 4308 2752 1195 15878 14103 12277 10483 8784 8192 8192 8192 8192 8192 8303 10582 12443 14239 15970 1294 2958 4432 5297 5696 5889 5999 6065 6063 6075 6118 6185 6232 6267 6308 6320 6342 6357 5871 4326 2744 1164 15840 14055 12219 10421 8731 8192 8192 8192 8192 8192 8192 8280 10487 12381 14174 15904 1230 2909 4394 5283 5690 5902 6035 6102 6145 6148 6157 6197 6249 6280 6318 5732 4194 2605 968 15615 13823 11979 10190 8533 8192 8192 8192 8192 8192 8192 8192 8192 10289 12201 14001 15729 1065 2743 4277 5241 5684 5905 6052 6145 6207 6246 6278 6258 6273 5915 4388 2786 1146 15801 14011 12186 10361 8689 8192 8192 8192 8192 8192 8192 8192 8192 8374 10585 12483 14256 15977 1288 2953 4437 5341 5732 5936 6075 6177 16 9206 305 1195 
0 1543 1805 1837 1762 1897 1567 1527 1461 1304 1539 1602 1629 1616 1426 1408 1556 1583 1726 1799 1705 1734 1571 1531 1470 1468 1551 1626 1674 1664 1581 1481 1389 1186 260 15375 15028 16376 1825 3493 4875 5872 6261 6300 6308 6303 6307 6320 6298 6261 6229 6190 6105 4897 3457 1848 121 14761 12982 11217 9570 8192 8192 8192 8397 10021 11804 13225 15184 486 2195 3831 5010 5611 5872 5936 5962 6013 6067 6104 6155 6214 6269 6307 6347 6358 6375 6369 6372 6344 5477 3967 2424 845 15523 13724 11866 10061 8442 8192 8192 8192 8192 8192 8192 8192 10296 12202 14006 15735 1063 2745 4253 5211 5642 5867 6010 6096 6148 6165 6154 6161 6205 6252 6284 5681 4134 2556 916 15560 13761 11937 10141 8493 8192 8192 8192 8192 8192 8192 8192 8192 8192 10344 12253 14048 15787 1103 2774 4309 5259 5693 5918 6054 6155 6225 6281 6360 6290 6369 4888 3336 1652 16377 14540 12760 10919 9213 8192 8192 8192 8192 8192 8192 8192 8192 8192 8192 8782 10885 12766 14520 16230 1556 3203 4633 5429 5774 5979 6108 6200 6273 6339 5527 4002 2423 722 15359 13570 11760 10020 8385 8192 8192 8192 8192 8192 8192 8192 8192 8192 8192 8460 10642 12518 14301 16015 1330 2995 4488 5366 5765 5977 6107 6210 6287 5236 3689 2117 408 15052 13265 11482 9761 8201 8192 8192 8192 8192 8192 8192 8192 8192 8192 8192 8192 10230 12139 13936 15658 977 2660 4220 5252 5710 5944 6088 6192 21 8153 305 1195 
0 8192 8192 8192 8192 8192 8235 10469 12368 14157 15875 1197 2864 4383 5316 5725 5945 6084 6180 6254 6314 6346 6335 4966 3349 1732 16378 14593 12781 10964 9243 8192 8192 8192 8192 8192 8192 8192 8192 8192 9076 11096 12969 14726 54 1758 3410 4773 5479 5807 6000 6123 6209 6279 6323 6362 5970 4462 2861 1207 15852 14066 12238 10453 8781 8192 8192 8192 8192 8192 8192 8192 8192 8192 9786 11709 13526 15258 584 2270 3879 5060 5607 5873 6048 6154 6240 6289 6333 6363 5559 4014 2431 733 15362 13565 11729 9967 8364 8192 8192 8192 8192 8192 8192 8192 8192 8192 10405 12300 14085 15817 1145 2819 4351 5296 5722 5927 6079 6180 6252 6321 6346 6369 5225 3608 2006 280 14897 13086 11263 9504 8192 8192 8192 8192 8192 8192 8192 8192 8192 8846 10927 12802 14571 16278 1598 3256 4670 5442 5783 5985 6110 6208 6265 6318 6356 6291 4861 3245 1617 16269 14503 12679 10862 9143 8192 8192 8192 8192 8192 8192 8192 8192 8192 9410 11355 13201 14950 285 1977 3609 4904 5540 5847 6015 6163 6210 6265 6333 6345 6080 4545 2981 1303 15964 14166 12354 10542 8857 8192 8192 8192 8192 8192 8192 8192 8192 8192 9842 11752 13583 15317 647 2340 3930 5088 5627 5883 6042 6151 6242 6296 6329 6358 5838 4320 2724 1059 15682 13907 12052 10282 8616 8192 8192 8192 8192 8192 8192 8192 8192 8192 10167 12059 13867 15597 925 2606 4169 5217 5684 5919 6067 6171 6248 6309 6352 26 6175 305 1195 
0 8192 8192 8192 8192 8192 9410 11371 13215 14960 291 1988 3625 4920 5558 5852 6025 6139 6225 6279 6329 6366 6197 4719 3109 1467 16105 14323 12504 10693 8993 8192 8192 8192 8192 8192 8192 8192 8192 8192 9759 11671 13494 15236 568 2266 3875 5052 5611 5882 6048 6160 6239 6295 6338 6363 6069 4557 2957 1305 15949 14158 12328 10535 8845 8192 8192 8192 8192 8192 8192 8192 8192 8192 9983 11876 13687 15418 743 2435 4029 5143 5651 5912 6062 6167 6244 6296 6337 6359 5984 4474 2874 1217 15857 14064 12241 10452 8748 8192 8192 8192 8192 8192 8192 8192 8192 8192 10136 12014 13813 15542 867 2553 4128 5187 5671 5917 6069 6168 6245 6304 6333 6357 5963 4454 2851 1195 15831 14038 12212 10402 8743 8192 8192 8192 8192 8192 8192 8192 8192 8192 10229 12100 13895 15616 936 2650 4117 5275 5640 5953 6046 6193 6233 6315 6328 6359 6026 4525 2923 1295 15927 14156 12315 10522 8825 8192 8192 8192 8192 8192 8192 8192 8192 8192 10165 12046 13848 15573 897 2583 4150 5198 5679 5916 6069 6175 6243 6294 6343 6335 6166 4667 3059 1420 16074 14288 12472 10650 8943 8192 8192 8192 8192 8192 8192 8192 8192 8192 9996 11920 13734 15470 795 2483 4067 5164 5654 5908 6058 6169 6243 6296 6334 6343 6306 4938 3314 1690 16339 14562 12740 10938 9216 8192 8192 8192 8192 8192 8192 8192 8192 8192 9682 11670 13484 15218 541 2232 3842 5046 5607 5876 6041 6153 6235 6289 31 3775 305 1195 
0 15483 804 2497 4073 5167 5660 5908 6067 6164 6250 6306 6372 6085 4609 3058 1346 16037 14193 12415 10596 8916 8192 8192 8192 8192 8192 8192 8192 8192 8192 9271 11273 13116 14864 187 1886 3527 4854 5520 5825 6017 6133 6226 6283 6347 6383 5243 3638 2034 317 14934 13138 11318 9582 8192 8192 8192 8192 8192 8192 8192 8192 8192 8385 10579 12468 14249 15962 1283 2948 4456 5338 5749 5957 6097 6199 6269 6326 6351 5811 4306 2720 1044 15687 13894 12073 10295 8636 8192 8192 8192 8192 8192 8192 8192 8192 8192 9800 11745 13570 15312 636 2334 3923 5090 5629 5884 6050 6160 6244 6302 6348 6366 5044 3433 1815 95 14700 12884 11067 9340 8192 8192 8192 8192 8192 8192 8192 8192 8192 8765 10867 12742 14514 16222 1548 3199 4636 5428 5785 5984 6110 6210 6269 6331 6362 5718 4189 2607 924 15553 13770 11940 10167 8526 8192 8192 8192 8192 8192 8192 8192 8192 8192 10001 11929 13737 15477 801 2498 4077 5155 5657 5904 6065 6178 6253 6307 6343 6349 5013 3398 1770 40 14652 12816 11013 9275 8192 8192 8192 8192 8192 8192 8192 8192 8192 8888 10960 12836 14597 16308 1628 3279 4688 5460 5795 5988 6110 6211 6277 6322 6362 5785 4269 2688 1011 15636 13854 12026 10249 8612 8192 8192 8192 8192 8192 8192 8192 8192 8192 9993 11908 13725 15453 780 2460 4046 5149 5654 5901 6056 6170 6243 6303 6345 6367 5147 3522 1913 193 14813 13003 11189 9463 8192 8192 36 1466 305 1195 
0 2267 2361 2310 2255 2188 2413 2471 2457 2386 2279 2516 2488 2517 2317 2363 2344 2469 2349 2248 2239 2301 2341 2434 2349 2396 2445 2329 2424 2267 2265 2372 2368 2409 2406 2265 2356 2225 1627 551 15881 103 1803 3505 4892 5834 6141 6232 6266 6247 6243 6228 6183 6128 6081 6029 5615 4172 2635 928 15578 13846 12131 10462 8926 9077 9581 9576 11197 13217 14989 371 2055 3675 4957 5649 5966 6031 6070 6131 6162 6208 6256 6316 6354 6366 6373 6355 6322 5629 4133 2581 1005 15683 13899 12091 10299 8653 8192 8192 8192 8192 8192 8837 10925 12808 14577 16295 1614 3274 4653 5403 5737 5921 6018 6058 6054 6082 6132 6189 6242 6273 6295 6319 6340 6340 6336 5549 4020 2462 869 15543 13747 11912 10114 8470 8192 8192 8192 8192 8192 8192 9046 11093 12957 14723 55 1745 3379 4723 5429 5762 5940 6048 6113 6126 6125 6145 6196 6240 6279 6303 6230 4758 3140 1562 16244 14466 12663 10829 9106 8192 8192 8192 8192 8192 8192 8192 8192 9335 11341 13186 14932 261 1954 3583 4875 5514 5806 5979 6097 6175 6229 6277 6271 6253 6279 5374 3817 2234 544 15169 13370 11539 9776 8207 8192 8192 8192 8192 8192 8192 8192 8192 8563 10725 12605 14380 16094 1415 3069 4537 5373 5754 5947 6080 6185 6252 6308 6344 6367 5264 3658 2060 350 14970 13169 11340 9600 8192 8192 8192 8192 8192 8192 8192 8192 8192 8192 10040 11965 13772 15499 832 2514 4093 5170 5662 45 6602 305 1195 
0 8921 10960 12846 14692 0 1696 3344 4731 5472 5803 5989 6114 6186 6236 6254 6238 6264 6294 6352 5986 4424 2822 1182 15823 14030 12196 10390 8715 8192 8192 8192 8192 8192 8192 8192 8192 9487 11414 13274 15083 394 2091 3718 4967 5571 5847 6027 6129 6198 6240 6239 6228 6268 6308 6357 6098 4545 2932 1304 15954 14163 12318 10526 8803 8192 8192 8192 8192 8192 8192 8192 8192 9487 11345 13086 14930 270 1972 3599 4896 5532 5841 6010 6132 6184 6227 6221 6223 6272 6306 6345 6397 5730 4159 2575 926 15567 13776 11918 10122 8481 8192 8192 8192 8192 8192 8192 8192 8192 9981 10912 11372 10310 9166 9025 9494 8846 8192 8192 8192 8192 8192 8192 8192 8192 8192 8192 8192 8192 8192 8192 8192 8192 8192 8192 8192 8192 8192 8192 8192 8198 8224 8245 8252 8279 8317 8318 8347 8373 8389 8421 8427 8457 8478 8487 8511 8542 8548 8578 8614 8640 8679 8709 8773 8850 8891 9002 9097 9182 9301 9380 9446 9544 9576 9664 9725 9756 9871 9881 9966 10018 10047 10115 10145 10191 10253 10266 10333 10354 10395 10437 10459 10497 10555 10563 10626 10637 10661 10690 10714 10750 10773 10781 10823 10861 10870 10912 10928 10958 10981 10998 11016 11012 11019 11101 11124 11119 11135 11144 11210 11212 11195 11221 11243 11293 11329 11296 11312 11346 11375 11397 11398 11395 11445 11461 11478 11473 11478 11501 11523 11553 11583 11597 11635 11661 11661 11672 11658 11667 11676 11686 11710 11718 11709 11742 11760 11801 50 7311 305 1195 
0 2514 4078 5165 5654 5908 6059 6169 6240 6293 6336 6346 6285 4881 3259 1649 16299 14520 12701 10891 9153 8192 8192 8192 8192 8192 8192 8192 8192 8192 9568 11556 13378 15122 454 2150 3771 4997 5581 5856 6025 6140 6227 6279 6327 6341 6329 5335 3772 2181 484 15098 13297 11447 9697 8192 8192 8192 8192 8192 8192 8192 8192 8192 8794 10977 12806 14574 16292 1611 3263 4674 5443 5783 5979 6116 6203 6254 6309 6337 6332 5960 4443 2834 1187 15820 14030 12187 10395 8707 8192 8192 8192 8192 8192 8192 8192 8192 8192 10183 12108 13902 15638 957 2649 4204 5227 5689 5915 6073 6172 6243 6290 6329 6331 6315 5178 3582 1990 277 14890 13071 11252 9500 8192 8192 8192 8192 8192 8192 8192 8192 8192 9202 11303 13114 14862 189 1890 3532 4845 5511 5824 6000 6123 6211 6269 6305 6335 6314 6013 4489 2890 1243 15885 14099 12272 10459 8781 8192 8192 8192 8192 8192 8192 8192 8192 8192 10268 12223 13994 15724 1043 2729 4273 5261 5699 5924 6072 6167 6243 6283 6335 6330 6309 5447 3881 2303 603 15223 13414 11576 9792 8192 8192 8192 8192 8192 8192 8192 8192 8192 8855 10957 12851 14621 16332 1648 3305 4709 5455 5793 5981 6113 6201 6259 6307 6323 6325 6369 4965 3502 1794 150 14693 12916 11044 9340 8192 8192 8192 8192 8192 8192 8192 8192 8192 9581 11618 13436 15178 502 2191 3809 5017 5589 5861 6028 6141 6220 6279 6309 6322 6297 6171 4690 3072 1444 55 5919 305 1195 
0 2159 2163 2306 2539 2528 2397 2331 2366 2474 2358 2203 2155 2113 2171 2131 2049 2146 2290 2458 2623 2648 2602 2548 2481 2484 2373 2231 2151 2147 2206 2219 2194 2157 2245 2320 2335 2014 1075 16200 15895 715 2496 4076 5326 6064 6263 6314 6309 6303 6310 6287 6231 6183 6124 6057 5120 3716 2118 397 15031 13305 11588 9959 8473 9279 9552 9564 11031 13126 14899 261 1946 3582 4902 5626 5958 6035 6076 6122 6162 6213 6256 6322 6360 6389 6400 6391 6366 5462 3969 2418 811 15480 13687 11875 10107 8478 8192 8192 8192 8192 8192 8335 10622 12470 14255 15979 1301 2980 4446 5307 5694 5901 6010 6067 6076 6077 6121 6184 6241 6270 6297 6318 6337 6342 5888 4334 2752 1166 15836 14036 12217 10394 8722 8192 8192 8192 8192 8192 8192 8192 10149 12072 13880 15620 945 2629 4177 5178 5639 5876 6014 6103 6150 6165 6157 6180 6231 6284 6316 5849 4314 2713 1085 15740 13937 12119 10319 8625 8192 8192 8192 8192 8192 8192 8192 8192 9408 11387 13235 14980 315 2000 3624 4908 5514 5823 5977 6118 6189 6253 6280 6309 6276 6207 4730 3127 1507 16170 14395 12561 10765 9048 8192 8192 8192 8192 8192 8192 8192 8192 8192 9233 11258 13105 14865 187 1881 3523 4849 5513 5812 6003 6116 6213 6276 6325 6363 5722 4194 2629 929 15562 13765 11952 10165 8540 8192 8192 8192 8192 8192 8192 8192 8192 8192 8955 11022 12884 14639 16350 1659 3306 4707 5462 5804 5981 92 15477 305 1195 
0 4286 5263 5705 5935 6071 6172 6236 6283 6304 6291 6309 6147 4619 3004 1379 16012 14228 12389 10573 8880 8192 8192 8192 8192 8192 8192 8192 8192 8402 10550 12516 14289 16010 1329 3007 4488 5354 5748 5964 6093 6178 6243 6291 6298 6297 6304 6060 4535 2923 1289 15929 14148 12309 10517 8819 8192 8192 8192 8192 8192 8192 8192 8192 8618 10707 12671 14434 16159 1478 3135 4587 5405 5771 5973 6104 6193 6242 6280 6298 6278 6305 6049 4514 2896 1256 15891 14096 12257 10431 8750 8192 8192 8192 8192 8192 8192 8192 8192 8698 10778 12732 14497 16220 1541 3198 4636 5423 5776 5973 6108 6191 6247 6282 6286 6280 6308 6148 4615 2995 1366 16018 14228 12402 10585 8864 8192 8192 8192 8192 8192 8192 8192 8192 8620 10714 12656 14435 16156 1479 3147 4590 5405 5771 5970 6112 6189 6248 6284 6276 6280 6298 6302 4876 3246 1631 16286 14505 12674 10831 9108 8192 8192 8192 8192 8192 8192 8192 8192 8280 10491 12421 14231 15941 1263 2937 4444 5339 5740 5957 6085 6178 6226 6276 6274 6271 6299 6340 5216 3614 2028 320 14941 13107 11275 9525 8192 8192 8192 8192 8192 8192 8192 8192 8192 10089 11988 13882 15577 902 2588 4157 5200 5673 5914 6060 6163 6224 6271 6277 6260 6290 6326 5702 4151 2552 885 15510 13715 11858 10078 8434 8192 8192 8192 8192 8192 8192 8192 8192 9501 11421 13349 15093 425 2125 3739 4977 5582 5860 6029 6136 6199 6248 6275 6256 6277 6309 103 3783 305 1195 
0 8192 8192 8192 8192 8192 8192 8192 9200 11217 13068 14810 138 1831 3482 4826 5514 5833 6011 6132 6227 6288 6361 5533 4018 2443 746 15372 13593 11785 10013 8410 8192 8192 8192 8192 8192 8192 8192 8192 8192 8840 10929 12793 14553 16267 1579 3238 4658 5436 5796 5984 6117 6216 6287 6351 5791 4318 2754 1075 15711 13928 12126 10352 8708 8192 8192 8192 8192 8192 8192 8192 8192 8192 8517 10677 12564 14328 16032 1345 3019 4499 5370 5759 5972 6105 6196 6279 6337 6136 4699 3127 1477 16125 14350 12541 10739 9050 8192 8192 8192 8192 8192 8192 8192 8192 8192 8192 10282 12185 13985 15708 1028 2714 4261 5261 5710 5935 6079 6188 6267 6322 6370 5115 3506 1884 166 14773 12976 11172 9441 8192 8192 8192 8192 8192 8192 8192 8192 8192 8192 9784 11720 13542 15278 602 2301 3905 5073 5620 5885 6049 6168 6250 6317 6368 5500 3969 2380 671 15292 13493 11678 9935 8328 8192 8192 8192 8192 8192 8192 8192 8192 8192 9219 11240 13090 14844 161 1850 3502 4836 5522 5835 6016 6135 6226 6311 6350 5942 4477 2901 1237 15886 14102 12295 10497 8828 8192 8192 8192 8192 8192 8192 8192 8192 8192 8545 10696 12581 14355 16064 1395 3063 4538 5385 5764 5973 6109 6206 6284 6327 6360 5071 3469 1839 107 14719 12907 11106 9378 8192 8192 8192 8192 8192 8192 8192 8192 8192 8192 10030 11958 13763 15483 810 2494 4079 5168 5667 5911 6060 6175 6256 6320 6362 5600 4071 113 13569 305 1195 
0 1536 1532 1728 1946 1731 1721 1718 1724 1864 1551 1449 1493 1343 1467 1325 1349 1500 1515 1630 1565 1609 1652 1650 1703 1614 1549 1582 1518 1518 1564 1387 1495 1479 1481 1598 1371 947 30 15254 15560 832 2614 4189 5398 6128 6258 6258 6267 6252 6274 6271 6222 6192 6156 6106 5713 4260 2708 1030 15661 13887 12131 10421 8809 8192 8192 8192 8892 10600 12330 14162 15922 1261 2932 4420 5333 5753 5918 5939 5985 6034 6076 6120 6177 6229 6285 6307 6328 6336 6333 6305 5682 4164 2591 1019 15694 13904 12054 10260 8579 8192 8192 8192 8192 8192 8192 8192 9932 11869 13694 15440 767 2462 4034 5107 5595 5839 5993 6077 6147 6171 6160 6177 6200 6249 6279 5970 4437 2831 1218 15872 14079 12247 10442 8750 8192 8192 8192 8192 8192 8192 8192 8192 8192 9902 11843 13652 15378 689 2377 3956 5091 5614 5861 6025 6138 6218 6271 6323 6352 6348 5213 3588 1998 280 14902 13098 11271 9535 8192 8192 8192 8192 8192 8192 8192 8192 8192 8192 8321 10539 12432 14207 15926 1247 2909 4404 5319 5730 5948 6087 6176 6273 6338 5766 4300 2745 1073 15714 13932 12123 10343 8699 8192 8192 8192 8192 8192 8192 8192 8192 8192 8192 8192 10251 12159 13957 15678 998 2689 4236 5247 5700 5931 6082 6187 6269 5548 3977 2528 779 15474 13654 11888 10123 8521 8192 8192 8192 8192 8192 8192 8192 8192 8192 8192 8192 9815 11758 13582 15316 639 2344 3942 5109 5644 5906 118 16293 305 1195 
0 2396 2313 2426 2521 2538 2337 2263 2334 2337 2245 2222 2246 2515 2768 2715 2726 2528 2518 2609 2434 2392 2104 1936 2144 2126 2280 2393 2335 2517 2581 2495 2570 2461 2569 2708 2394 1909 745 16155 53 1414 3135 4627 5658 6014 6102 6224 6231 6217 6205 6155 6112 6061 5988 5709 4276 2780 1077 15719 13995 12283 10627 9070 8918 9633 11348 13286 15011 355 2087 3715 4963 5645 5954 6053 6076 6118 6176 6224 6265 6325 6349 6367 6364 6339 6312 6244 5064 3565 2034 408 15072 13264 11435 9674 8192 8192 8192 8192 9608 11016 11889 12665 14846 205 1916 3542 4833 5514 5818 5937 5949 5998 6047 6096 6163 6208 6273 6305 6335 6368 6376 6390 6403 6391 6356 5741 4230 2676 1129 15824 14044 12190 10371 8698 8192 8192 8192 8192 8192 8192 9679 11635 13482 15227 559 2251 3846 4993 5543 5810 5962 6047 6087 6084 6104 6133 6203 6248 6273 6297 6301 6241 4782 3181 1618 16316 14548 12733 10899 9162 8192 8192 8192 8192 8192 8192 8192 8255 10494 12382 14170 15894 1221 2884 4387 5277 5693 5907 6039 6124 6174 6214 6207 6212 6242 6277 5623 4080 2496 845 15495 13687 11868 10086 8448 8192 8192 8192 8192 8192 8192 8192 8192 9133 11168 13024 14784 114 1805 3452 4785 5484 5793 5977 6102 6188 6252 6291 6312 6310 5583 4051 2472 796 15436 13632 11798 10023 8402 8192 8192 8192 8192 8192 8192 8192 8192 8192 10046 11966 13771 15509 836 2518 4097 5161 124 1171 305 1195 
0 2357 2489 2278 2394 2406 2323 2511 2483 2377 2486 2305 2330 2493 2319 2454 2376 2295 2481 2342 2317 2442 2335 2513 2446 2271 2400 2349 2481 2492 2300 2302 2340 2401 2524 2364 2249 2061 1361 443 16075 451 2187 3824 5140 5924 6075 6168 6169 6151 6149 6123 6074 6027 5973 5913 5142 3734 2133 403 15044 13312 11609 9993 8489 9313 9629 9993 12135 13960 15713 1070 2748 4275 5307 5810 6015 6047 6081 6130 6161 6224 6260 6299 6318 6309 6300 6270 6215 5385 3892 2349 748 15421 13633 11826 10034 8406 8192 8192 8192 8192 8192 9702 11655 13513 15260 603 2291 3882 5021 5565 5825 5964 6036 6039 6040 6100 6156 6204 6241 6282 6291 6306 6316 6316 6294 6207 4783 3211 1672 13 14641 12807 10976 9220 8192 8192 8192 8192 8192 8192 8206 10443 12341 14135 15864 1191 2856 4341 5256 5672 5885 6005 6081 6108 6109 6117 6168 6218 6254 6277 6290 6280 5209 3675 2106 447 15086 13279 11429 9665 8192 8192 8192 8192 8192 8192 8192 8192 9097 11135 13001 14763 101 1800 3438 4773 5463 5789 5966 6088 6158 6206 6242 6243 6233 6261 6209 4770 3144 1541 16196 14434 12591 10779 9051 8192 8192 8192 8192 8192 8192 8192 8192 8192 9899 11835 13654 15400 728 2420 4004 5104 5619 5875 6033 6147 6212 6274 6321 6344 6318 4991 3365 1760 38 14653 12837 11006 9279 8192 8192 8192 8192 8192 8192 8192 8192 8192 8417 10610 12494 14288 15999 1318 2976 4459 128 16112 305 1195 
0 6345 6334 6350 6356 6329 6303 6259 6222 5923 4469 2955 1314 15962 14194 12430 10680 9078 8192 8192 8192 8192 9092 11134 12286 13826 15653 987 2714 4238 5231 5681 5892 5990 5991 6021 6081 6144 6192 6250 6291 6320 6340 6376 6387 6383 6382 6383 6182 4662 3074 1537 16258 14486 12640 10804 9073 8192 8192 8192 8192 8192 8192 8192 8604 10759 12644 14417 16136 1459 3110 4543 5341 5704 5908 6030 6119 6164 6204 6185 6190 6229 6264 5831 4293 2708 1075 15738 13951 12119 10327 8669 8192 8192 8192 8192 8192 8192 8192 8192 8192 9315 11313 13155 14899 222 1913 3546 4856 5506 5807 5998 6112 6206 6274 6321 6361 5988 4499 2919 1272 15908 14130 12298 10511 8837 8192 8192 8192 8192 8192 8192 8192 8192 8192 8192 8204 10454 12341 14136 15848 1174 2848 4369 5312 5719 5948 6085 6188 6271 5760 4335 2797 1132 15794 14031 12218 10468 8807 8192 8192 8192 8192 8192 8192 8192 8192 8192 8192 8192 8841 10911 12780 14542 16252 1559 3222 4653 5452 5804 5996 6130 6227 5121 3602 2035 355 15021 13245 11487 9771 8215 8192 8192 8192 8192 8192 8192 8192 8192 8192 8192 8192 9049 11084 12931 14685 12 1709 3367 4756 5499 5829 6021 6150 5654 4289 2800 1172 15849 14121 12360 10617 8976 8192 8192 8192 8192 8192 8192 8192 8192 8192 8192 8192 8192 10293 12197 13990 15708 1030 2718 4273 5284 5730 5957 6111 6179 5015 3515 1954 269 14930 13167 11401 9695 8192 8192 133 11750 305 1195 
0 8192 8192 8192 8192 8192 8192 10404 12310 14102 15830 1151 2826 4355 5315 5723 5953 6087 6186 6270 6322 6364 6196 4724 3125 1473 16118 14332 12511 10699 8996 8192 8192 8192 8192 8192 8192 8192 8192 8192 9004 11055 12928 14691 15 1720 3364 4747 5472 5809 6001 6134 6222 6278 6345 6371 5741 4218 2625 940 15561 13774 11955 10162 8523 8192 8192 8192 8192 8192 8192 8192 8192 8192 9761 11715 13535 15270 596 2293 3891 5082 5623 5882 6052 6160 6243 6303 6353 6388 5337 3744 2155 441 15049 13246 11413 9660 8192 8192 8192 8192 8192 8192 8192 8192 8192 8192 10408 12304 14104 15827 1150 2838 4367 5310 5729 5948 6088 6192 6255 6325 6360 6323 4922 3304 1666 16317 14539 12708 10891 9179 8192 8192 8192 8192 8192 8192 8192 8192 8192 8883 10959 12831 14610 16302 1604 3307 4670 5473 5783 6005 6112 6219 6273 6337 6365 6049 4545 2956 1290 15937 14146 12333 10513 8851 8192 8192 8192 8192 8192 8192 8192 8192 8192 9469 11432 13263 15008 336 2024 3647 4933 5558 5853 6026 6142 6229 6293 6333 6375 5716 4198 2609 929 15561 13771 11936 10176 8534 8192 8192 8192 8192 8192 8192 8192 8192 8192 9958 11889 13692 15421 738 2430 4013 5127 5646 5902 6058 6166 6252 6305 6350 6369 5456 3896 2310 602 15224 13421 11606 9837 8257 8192 8192 8192 8192 8192 8192 8192 8192 8192 10417 12325 14110 15828 1148 2817 4351 5301 5718 5942 6091 6184 6257 6312 6360 143 4682 305 1195 
0 3754 4961 5585 5858 5927 5948 6004 6047 6092 6141 6211 6253 6283 6321 6339 6357 6346 6343 6316 6217 4845 3302 1782 144 14780 12958 11109 9366 8192 8192 8192 8192 8192 8192 8192 9046 11109 12971 14738 65 1770 3399 4727 5433 5748 5932 6046 6109 6158 6152 6156 6181 6216 6255 6282 5409 3856 2286 637 15286 13474 11637 9859 8258 8192 8192 8192 8192 8192 8192 8192 8192 8447 10637 12535 14316 16036 1342 3005 4475 5343 5726 5933 6082 6174 6240 6298 6330 6353 6315 4992 3358 1742 15 14633 12805 10980 9255 8192 8192 8192 8192 8192 8192 8192 8192 8192 8192 8735 10861 12729 14492 16206 1524 3187 4634 5418 5774 5976 6101 6205 6284 6340 6029 4578 3009 1356 15999 14218 12405 10604 8924 8192 8192 8192 8192 8192 8192 8192 8192 8192 8192 8192 10028 11942 13751 15480 796 2485 4062 5166 5663 5905 6071 6173 6264 6082 4704 3164 1528 16185 14420 12616 10840 9147 8192 8192 8192 8192 8192 8192 8192 8192 8192 8192 8192 8993 11050 12905 14658 16375 1698 3353 4752 5488 5819 6014 6133 6227 5897 4532 3001 1360 16011 14262 12465 10695 9044 8192 8192 8192 8192 8192 8192 8192 8192 8192 8192 8192 8990 11044 12903 14656 16361 1674 3328 4730 5478 5822 6015 6144 6239 5676 4271 2749 1091 15746 13987 12202 10441 8782 8192 8192 8192 8192 8192 8192 8192 8192 8192 8192 8192 9550 11510 13345 15083 413 2103 3733 4988 5591 5876 6044 6170 6256 5529 4071 148 6812 305 1195 
0 6162 6209 6247 6293 6302 6313 6316 6308 6280 6252 6001 4504 2929 1398 16120 14355 12510 10685 8938 8192 8192 8192 8192 8192 8192 8192 9037 11105 12978 14747 82 1778 3407 4736 5439 5749 5934 6051 6122 6164 6191 6169 6182 6210 6241 6281 5101 3527 1951 273 14889 13074 11250 9503 8192 8192 8192 8192 8192 8192 8192 8192 8192 8574 10729 12616 14388 16104 1430 3090 4542 5377 5743 5947 6085 6170 6244 6303 6334 6355 6185 4692 3079 1444 16089 14307 12484 10683 8983 8192 8192 8192 8192 8192 8192 8192 8192 8192 8192 8747 10849 12724 14487 16193 1514 3170 4606 5412 5771 5974 6106 6200 6291 6347 5694 4218 2652 972 15616 13837 12028 10245 8602 8192 8192 8192 8192 8192 8192 8192 8192 8192 8192 8192 10061 11980 13783 15497 814 2503 4085 5178 5673 5921 6073 6176 6263 5710 4298 2766 1100 15750 13985 12188 10434 8783 8192 8192 8192 8192 8192 8192 8192 8192 8192 8192 8192 9131 11152 13007 14756 86 1785 3434 4797 5508 5840 6023 6144 6240 5539 4095 2557 884 15548 13782 11997 10246 8625 8192 8192 8192 8192 8192 8192 8192 8192 8192 8192 8192 9271 11273 13119 14862 181 1888 3537 4873 5550 5853 6033 6152 6288 5264 3891 2227 623 15199 13495 11671 9970 8370 8192 8192 8192 8192 8192 8192 8192 8192 8192 8192 8192 9772 11718 13535 15265 596 2290 3888 5087 5633 5908 6073 6181 6258 5154 3617 2047 347 14982 13207 11437 9697 8192 8192 8192 153 4639 305 1195 
0 2297 2292 2238 2350 2318 2243 2144 2148 2303 2420 2384 2292 2274 2297 2375 2345 2261 2249 2269 2243 2280 2269 2249 2325 2256 2249 2341 2304 2347 2316 2321 2388 2284 2257 2269 2178 1917 840 16010 16004 941 2712 4259 5442 6035 6143 6202 6197 6177 6179 6136 6089 6037 5993 5908 4825 3422 1768 21 14658 12924 11245 9626 8223 9270 9453 9636 11903 13754 15515 856 2545 4101 5204 5761 5999 6043 6078 6134 6204 6163 6265 6288 6325 6316 6308 6265 6174 4782 3237 1711 46 14685 12867 11050 9330 8192 8192 8192 8192 8192 8192 9621 11660 13476 15214 546 2249 3841 4996 5553 5817 5967 6042 6063 6059 6096 6156 6206 6244 6272 6294 6300 6311 6307 6227 4785 3210 1657 16375 14611 12787 10953 9209 8192 8192 8192 8192 8192 8192 8192 9926 11868 13685 15426 747 2446 4010 5097 5603 5851 5995 6082 6132 6139 6129 6167 6211 6259 6283 6284 5492 3972 2396 752 15381 13588 11746 9955 8341 8192 8192 8192 8192 8192 8192 8192 8192 10185 12103 13902 15626 958 2632 4176 5198 5651 5888 6042 6134 6195 6245 6282 6270 6264 6195 4745 3124 1520 16175 14406 12589 10767 9040 8192 8192 8192 8192 8192 8192 8192 8192 8192 9507 11475 13310 15050 373 2064 3679 4940 5549 5836 6008 6123 6207 6273 6320 6353 6060 4575 2978 1342 15999 14221 12403 10606 8916 8192 8192 8192 8192 8192 8192 8192 8192 8192 8679 10806 12687 14455 16170 1487 3145 4587 5400 5760 158 6260 305 1195 
0 1615 1581 1478 1529 1437 1594 1677 1451 1461 1453 1500 1640 1529 1497 1621 1537 1507 1419 1478 1645 1693 1641 1617 1646 1674 1591 1487 1477 1483 1679 1620 1610 1597 1501 1479 1087 11 15267 14858 16104 1574 3258 4696 5753 6249 6339 6359 6358 6359 6372 6364 6323 6300 6258 6188 5300 3881 2326 623 15269 13491 11715 10006 8469 8192 8192 8192 9374 11246 12592 14304 16059 1231 3001 4469 5348 5745 5922 5948 5981 6028 6086 6143 6196 6245 6294 6323 6359 6379 6388 6405 6395 6402 6052 4523 2950 1418 16125 14360 12525 10694 8969 8192 8192 8192 8192 8192 8192 8192 8943 11019 12888 14664 16380 1699 3335 4698 5418 5745 5929 6051 6122 6173 6205 6186 6205 6236 6273 6030 4493 2906 1294 15952 14163 12340 10530 8828 8192 8192 8192 8192 8192 8192 8192 8192 8192 8977 11045 12915 14672 7 1704 3352 4733 5464 5789 5981 6109 6198 6268 6335 6368 6397 5155 3520 1909 185 14804 12996 11184 9431 8192 8192 8192 8192 8192 8192 8192 8192 8192 8192 8192 9660 11616 13443 15170 501 2193 3810 5024 5610 5876 6040 6161 6253 6330 5294 3724 2135 429 15068 13299 11500 9752 8204 8192 8192 8192 8192 8192 8192 8192 8192 8192 8192 8192 9768 11710 13535 15257 583 2280 3897 5094 5632 5902 6064 6183 6098 4794 3287 1685 16363 14617 12850 11069 9381 8192 8192 8192 8192 8192 8192 8192 8192 8192 8192 8192 8192 9608 11568 13394 15120 446 2138 3763 5010 163 2620 305 1195 
0 8192 8192 8192 8192 8192 8470 10648 12543 14322 16031 1357 3025 4520 5377 5754 5960 6096 6197 6265 6314 6374 5962 4474 2880 1221 15854 14059 12235 10439 8775 8192 8192 8192 8192 8192 8192 8192 8192 8192 9429 11405 13253 14998 334 2020 3649 4925 5560 5844 6016 6139 6224 6289 6336 6377 5468 3907 2324 610 15239 13432 11624 9855 8250 8192 8192 8192 8192 8192 8192 8192 8192 8192 10214 12126 13916 15640 959 2650 4202 5223 5687 5927 6072 6177 6254 6304 6350 6355 5018 3406 1781 43 14659 12841 11017 9300 8192 8192 8192 8192 8192 8192 8192 8192 8192 8724 10836 12723 14501 16218 1530 3197 4629 5425 5784 5981 6108 6206 6266 6320 6357 6042 4542 2944 1288 15927 14132 12318 10525 8835 8192 8192 8192 8192 8192 8192 8192 8192 8192 9483 11465 13307 15052 380 2073 3696 4957 5569 5848 6032 6143 6225 6297 6333 6380 5618 4078 2491 794 15416 13625 11797 10028 8400 8192 8192 8192 8192 8192 8192 8192 8192 8192 10005 12042 13749 15549 820 2540 4092 5182 5659 5915 6054 6172 6236 6308 6343 6372 5305 3714 2108 398 15022 13208 11365 9618 8192 8192 8192 8192 8192 8192 8192 8192 8192 8432 10599 12481 14257 15974 1298 2965 4451 5355 5739 5959 6090 6189 6250 6316 6356 6347 4974 3363 1743 8 14618 12812 10984 9267 8192 8192 8192 8192 8192 8192 8192 8192 8192 9037 11066 12938 14694 25 1725 3369 4753 5473 5816 6000 6122 6211 6273 6327 6359 172 6399 305 1195 
0 2359 2463 2278 1324 354 368 1685 3373 4800 5745 5857 6012 6136 6214 6228 6206 6162 6116 6073 6015 5901 4613 3183 1505 16141 14405 12683 11019 9437 8984 10239 12381 14150 15878 1224 2924 4400 5374 5837 6047 6084 6118 6166 6217 6274 6319 6356 6376 6386 6364 6314 6244 5111 3625 2095 476 15120 13334 11502 9749 8192 8192 8192 8860 10210 11467 12081 13832 15672 1019 2696 4225 5243 5711 5914 5955 5988 6041 6090 6144 6197 6252 6310 6339 6369 6397 6419 6419 6422 6410 6356 5098 3590 2125 375 15184 13275 11498 9682 8192 8192 8192 8192 8192 8192 8275 10505 12415 14203 15929 1258 2922 4400 5276 5677 5880 6004 6069 6101 6096 6118 6171 6230 6260 6293 6307 6322 6119 4597 3003 1429 16112 14347 12527 10697 8994 8192 8192 8192 8192 8192 8192 8192 8733 10848 12713 14482 16205 1524 3176 4597 5382 5739 5941 6067 6147 6207 6215 6206 6212 6257 6299 5590 4043 2463 802 15444 13652 11829 10043 8398 8192 8192 8192 8192 8192 8192 8192 8192 9183 11213 13065 14830 163 1852 3493 4832 5506 5817 5998 6120 6197 6254 6301 6334 6313 5721 4186 2605 922 15562 13760 11923 10149 8484 8192 8192 8192 8192 8192 8192 8192 8192 8192 9783 11723 13541 15271 587 2285 3898 5068 5612 5876 6040 6152 6230 6302 6345 6376 5154 3538 1926 215 14816 13012 11212 9471 8192 8192 8192 8192 8192 8192 8192 8192 8192 8192 10020 11943 13753 15479 801 2488 4067 5159 5654 177 10417 305 1195 
0 8192 8192 8192 8192 8192 8192 8192 10157 12074 13883 15615 937 2626 4180 5212 5680 5916 6066 6171 6255 6313 6361 5514 3981 2391 687 15315 13523 11701 9931 8338 8192 8192 8192 8192 8192 8192 8192 8192 8192 9567 11531 13365 15102 431 2126 3747 4989 5585 5862 6028 6143 6239 6306 6355 5877 4405 2826 1165 15790 14001 12171 10382 8731 8192 8192 8192 8192 8192 8192 8192 8192 8192 8936 11014 12883 14644 16354 1675 3325 4724 5460 5802 5996 6123 6209 6270 6326 6312 4929 3323 1698 16341 14563 12742 10949 9241 8192 8192 8192 8192 8192 8192 8192 8192 8192 8196 10447 12348 14143 15863 1180 2849 4372 5316 5718 5940 6089 6190 6258 6322 6359 5370 3808 2209 489 15119 13317 11497 9753 8192 8192 8192 8192 8192 8192 8192 8192 8192 8192 9843 11772 13589 15313 635 2320 3924 5084 5628 5884 6042 6145 6240 6306 6356 5820 4334 2751 1074 15720 13932 12117 10331 8662 8192 8192 8192 8192 8192 8192 8192 8192 8192 9114 11137 13001 14748 75 1768 3409 4785 5491 5820 5998 6127 6216 6275 6334 6262 4849 3239 1615 16268 14489 12670 10874 9179 8192 8192 8192 8192 8192 8192 8192 8192 8192 8310 10535 12427 14211 15938 1259 2940 4440 5335 5730 5945 6089 6186 6261 6330 6370 5394 3826 2222 506 15131 13317 11502 9737 8192 8192 8192 8192 8192 8192 8192 8192 8192 8192 9774 11760 13570 15297 634 2319 3925 5079 5625 5878 6044 6155 6239 6305 6356 5794 4318 182 5868 305 1195 
0 2364 2169 1941 1984 2241 2384 2298 2067 2117 2314 2435 2420 2290 2204 2303 2273 2304 2315 2229 2222 2129 2095 2153 2199 2241 2257 2212 2209 2215 2230 2245 2230 2209 2193 2210 2102 1791 927 16092 15997 893 2665 4222 5429 6021 6149 6190 6167 6156 6158 6135 6079 6037 5994 5932 5189 3777 2163 427 15055 13294 11579 9957 8461 9170 9309 9190 9671 12045 13868 15608 916 2604 4160 5258 5802 5996 6033 6072 6113 6162 6191 6232 6263 6290 6299 6288 6249 5733 4229 2662 1098 15782 14002 12169 10380 8691 8192 8192 8192 8192 8192 8192 9679 11622 13458 15211 545 2229 3829 4996 5549 5822 5973 6050 6087 6088 6106 6137 6199 6245 6268 6287 6292 6292 6267 5099 3552 1992 343 14968 13148 11299 9528 8192 8192 8192 8192 8192 8192 8192 8511 10676 12573 14353 16086 1407 3061 4518 5336 5714 5916 6039 6108 6169 6174 6163 6194 6229 6270 6287 5339 3788 2220 553 15183 13373 11527 9754 8192 8192 8192 8192 8192 8192 8192 8192 8192 9722 11674 13500 15239 557 2250 3846 5067 5513 5907 5964 6155 6187 6269 6273 6309 6276 5983 4456 2864 1221 15871 14079 12254 10432 8754 8192 8192 8192 8192 8192 8192 8192 8192 8192 9339 11342 13192 14932 258 1951 3584 4883 5531 5825 6003 6120 6200 6277 6325 6352 5733 4216 2638 958 15592 13788 11977 10180 8540 8192 8192 8192 8192 8192 8192 8192 8192 8192 8699 10820 12707 14479 16194 1523 3183 4625 5417 5768 187 6919 305 1195 
0 8192 8734 10795 12754 14518 16242 1555 3223 4645 5434 5783 5981 6103 6178 6244 6293 6299 6282 6295 6340 5080 3481 1878 167 14767 12932 11103 9362 8192 8192 8192 8192 8192 8192 8192 8192 8192 9946 11867 13774 15477 803 2499 4068 5164 5656 5898 6057 6153 6231 6261 6300 6280 6286 6318 6023 4482 2864 1241 15880 14083 12242 10429 8743 8192 8192 8192 8192 8192 8192 8192 8192 8646 10745 12657 14467 16166 1489 3139 4591 5406 5777 5977 6099 6183 6236 6274 6278 6267 6293 6331 5590 4028 2445 769 15405 13597 11750 9982 8359 8192 8192 8192 8192 8192 8192 8192 8192 9406 11360 13271 15027 351 2039 3670 4931 5551 5847 6016 6131 6198 6250 6276 6271 6276 6302 6347 5424 3860 2271 583 15205 13384 11546 9756 8192 8192 8192 8192 8192 8192 8192 8192 8192 9680 11619 13503 15264 571 2271 3876 5058 5611 5875 6041 6139 6209 6251 6271 6268 6272 6309 6352 5516 3954 2367 683 15313 13507 11655 9881 8265 8192 8192 8192 8192 8192 8192 8192 8192 9678 11612 13476 15255 564 2253 3849 5038 5597 5872 6039 6136 6209 6247 6269 6248 6278 6306 6343 6148 4611 2991 1367 16026 14229 12404 10579 8874 8192 8192 8192 8192 8192 8192 8192 8192 8874 10989 12669 14574 16276 16143 14847 13492 12032 10522 9024 8192 8192 8192 8192 8192 8192 8192 8192 8192 8192 8192 8192 8192 8192 8192 8192 8192 8192 8192 8192 8192 8192 8192 8192 8192 8192 8192 8192 8192 8206 192 5427 305 1195 
0 1463 1599 1500 1612 1773 1583 1729 1678 1504 1718 1505 1469 1642 1441 1610 1650 1509 1753 1706 1630 1802 1592 1627 1758 1479 1599 1611 1459 1711 1447 1494 1716 1551 1750 1607 1310 942 16039 15217 16010 1343 3063 4570 5661 6182 6217 6220 6233 6215 6230 6222 6182 6159 6108 6058 5612 4175 2627 918 15553 13779 12011 10300 8722 8192 8192 8192 9121 10905 12531 14279 16044 1379 3046 4509 5371 5760 5922 5947 5978 6030 6067 6119 6173 6220 6274 6294 6309 6323 6311 6289 6274 6120 4653 3101 1568 16295 14538 12712 10882 9134 8192 8192 8192 8192 8192 8192 8192 9414 11409 13254 15048 299 2066 3624 4895 5490 5792 5945 6056 6121 6151 6146 6148 6172 6222 6255 6269 5479 3931 2361 716 15366 13563 11720 9933 8320 8192 8192 8192 8192 8192 8192 8192 8192 8387 10589 12478 14258 15975 1291 2957 4447 5329 5710 5921 6053 6157 6235 6291 6329 6343 6321 5256 3657 2068 367 14983 13177 11346 9604 8192 8192 8192 8192 8192 8192 8192 8192 8192 8192 8596 10748 12624 14391 16105 1431 3093 4561 5385 5760 5959 6097 6190 6274 6333 6366 5173 3563 1953 228 14846 13035 11236 9495 8192 8192 8192 8192 8192 8192 8192 8192 8192 8192 8192 9490 11464 13303 15040 370 2065 3692 4960 5573 5861 6031 6145 6242 6318 5487 3975 2399 695 15333 13551 11749 9980 8386 8192 8192 8192 8192 8192 8192 8192 8192 8192 8192 8192 10259 12161 13950 15674 996 2675 4231 201 13108 305 1195 
0 2308 2173 1925 1337 14 15547 2 1735 3440 4839 5795 6113 6171 6162 6159 6161 6153 6106 6072 6010 5973 5863 4563 3122 1441 16073 14324 12597 10898 9304 8192 9276 9271 9279 10100 12493 14271 15995 1317 2976 4477 5415 5867 6002 6033 6077 6128 6158 6187 6244 6273 6294 6287 6265 6222 5485 3983 2433 832 15489 13712 11884 10129 8469 8192 8192 8192 8192 8192 8192 9721 11667 13497 15239 572 2263 3868 5014 5560 5830 5976 6068 6112 6098 6109 6149 6200 6235 6272 6279 6284 6282 6111 4595 2991 1421 16113 14344 12507 10688 8953 8192 8192 8192 8192 8192 8192 8192 8982 11043 12905 14660 16376 1687 3343 4705 5431 5759 5950 6069 6135 6181 6192 6183 6201 6238 6275 6138 4638 3022 1429 16094 14328 12489 10671 8980 8192 8192 8192 8192 8192 8192 8192 8192 8192 10505 12279 14147 15804 1182 2819 4359 5269 5702 5908 6064 6158 6221 6267 6310 6310 6293 5207 3623 2028 327 14942 13128 11303 9550 8192 8192 8192 8192 8192 8192 8192 8192 8192 8192 10192 12107 13901 15622 943 2623 4189 5218 5676 5910 6059 6157 6240 6304 6345 6334 4962 3348 1728 1 14617 12804 10991 9260 8192 8192 8192 8192 8192 8192 8192 8192 8192 8192 9781 11716 13545 15276 605 2296 3903 5084 5619 5882 6042 6159 6245 6308 6357 5478 3949 2357 651 15276 13483 11655 9891 8306 8192 8192 8192 8192 8192 8192 8192 8192 8192 8245 10488 12383 14169 15893 1212 2892 4412 5324 5730 206 15052 305 1195 
0 1478 1383 1492 1322 1359 1496 1412 1478 1447 1305 1438 1468 1456 1487 1396 1361 1442 1460 1437 1488 1418 1431 1545 1360 1374 1325 1360 1574 1436 1321 1283 1361 1617 1651 1402 1100 198 15303 15018 16177 1629 3308 4729 5772 6232 6285 6306 6300 6292 6310 6300 6259 6224 6190 6125 5317 3900 2334 619 15247 13478 11714 10015 8468 8192 8192 8192 9382 11148 12433 14111 15886 1183 2919 4402 5310 5723 5911 5943 5976 6018 6063 6119 6180 6231 6282 6313 6336 6350 6367 6361 6367 6344 5744 4221 2647 1091 15782 14011 12161 10348 8662 8192 8192 8192 8192 8192 8192 8192 9496 11482 13322 15065 394 2092 3696 4910 5508 5792 5959 6065 6131 6169 6186 6170 6194 6225 6264 5730 4200 2615 987 15647 13865 12034 10252 8582 8192 8192 8192 8192 8192 8192 8192 8192 8192 9790 11746 13566 15302 628 2312 3912 5064 5597 5855 6023 6130 6226 6285 6325 6362 6257 4807 3187 1565 16216 14446 12613 10800 9104 8192 8192 8192 8192 8192 8192 8192 8192 8192 8192 8192 10399 12289 14079 15801 1115 2789 4327 5288 5713 5938 6078 6189 6287 6293 5072 3519 1880 186 14783 13019 11216 9503 8192 8192 8192 8192 8192 8192 8192 8192 8192 8192 8192 8198 10440 12343 14125 15850 1168 2839 4369 5317 5738 5952 6099 6200 5899 4549 3038 1399 16066 14324 12544 10775 9089 8192 8192 8192 8192 8192 8192 8192 8192 8192 8192 8192 8192 10266 12176 13966 15686 1016 2701 4246 5269 240 7431 305 1195 
0 2351 2406 2358 2420 2468 2379 2441 2459 2511 2560 2415 2447 2382 2365 2482 2365 2438 2462 2385 2472 2369 2395 2483 2403 2491 2446 2347 2491 2479 2512 2519 2312 2379 2429 2446 2503 2178 1636 580 16118 235 1793 3484 4888 5817 6112 6206 6255 6251 6241 6224 6174 6122 6070 6011 5493 4049 2513 801 15456 13719 11997 10353 8818 9082 9521 10537 12715 14475 16220 1566 3221 4629 5497 5887 6041 6064 6103 6156 6197 6250 6307 6343 6366 6372 6361 6336 6298 5293 3800 2265 657 15325 13541 11724 9934 8326 8192 8192 8192 9040 10820 12393 13435 15467 822 2520 4077 5136 5632 5859 5952 5961 6006 6047 6116 6176 6236 6274 6297 6341 6365 6373 6403 6386 6391 6369 6018 4491 2920 1399 16105 14342 12509 10685 8968 8192 8192 8192 8192 8192 8192 9560 11520 13365 15117 451 2151 3750 4939 5517 5794 5946 6048 6096 6078 6094 6140 6195 6240 6287 6308 6308 6318 5415 3883 2320 691 15344 13531 11705 9918 8334 8192 8192 8192 8192 8192 8192 8192 9843 11781 13603 15341 677 2375 3963 5073 5593 5839 6004 6101 6162 6204 6198 6200 6226 6277 6310 5068 3467 1886 188 14806 12989 11156 9414 8192 8192 8192 8192 8192 8192 8192 8192 8192 10170 12081 13883 15614 936 2622 4171 5198 5656 5888 6046 6144 6220 6268 6313 6322 6292 5291 3720 2134 432 15063 13253 11428 9658 8192 8192 8192 8192 8192 8192 8192 8192 8192 8449 10641 12534 14312 16037 1349 3013 255 14144 305 1195 
0 1756 1774 1847 1829 1548 1712 1783 1670 1934 1587 1637 1850 1546 1981 1637 1660 1755 1649 1797 1937 1535 1730 1643 1698 1987 1679 1649 1723 1693 1881 1840 1529 1762 1754 1850 1768 953 16261 15493 15675 972 2743 4297 5466 6178 6345 6343 6362 6357 6355 6353 6321 6287 6242 6196 5606 4165 2614 935 15576 13825 12058 10348 8794 8192 8458 8678 9583 11135 12978 14847 196 1882 3516 4843 5556 5874 5948 5976 6035 6074 6127 6168 6233 6290 6334 6360 6382 6372 6363 5120 3584 2050 409 15048 13254 11420 9664 8192 8192 8192 8192 8192 8192 8192 9425 11417 13264 15020 347 2043 3663 4902 5504 5798 5960 6062 6117 6137 6134 6151 6197 6251 6285 6321 5282 3723 2162 496 15141 13332 11495 9723 8192 8192 8192 8192 8192 8192 8192 8192 8192 9395 11392 13228 14972 303 1995 3622 4897 5528 5814 5989 6110 6196 6261 6303 6331 6314 5929 4410 2818 1168 15816 14021 12191 10366 8716 8192 8192 8192 8192 8192 8192 8192 8192 8192 8192 10244 12150 13945 15673 998 2682 4234 5234 5690 5914 6056 6171 6259 6318 6367 5167 3563 1948 227 14848 13052 11247 9516 8192 8192 8192 8192 8192 8192 8192 8192 8192 8192 8192 9828 11783 13595 15323 649 2334 3932 5095 5634 5890 6050 6161 6250 6172 4833 3277 1656 16314 14561 12772 10997 9307 8192 8192 8192 8192 8192 8192 8192 8192 8192 8192 8192 9374 11356 13198 14937 267 1968 3606 4899 5546 5850 6030 6151 261 132 305 1195 
0 2647 2556 2479 2602 2526 2510 2473 2353 2550 2721 2692 2914 2812 2917 2836 2732 2671 2393 2360 2247 2273 2296 2303 2460 2648 2726 2679 2598 2502 2760 2786 2858 2739 2560 2507 2449 2174 1769 742 129 624 2085 3729 5073 5820 5905 6074 6189 6227 6216 6203 6155 6107 6060 5997 5518 4081 2547 836 15491 13767 12053 10428 8901 9376 11371 13238 14963 218 1925 3605 4882 5610 5938 6073 6094 6135 6193 6243 6291 6348 6369 6383 6387 6348 6311 6235 5089 3587 2054 434 15096 13290 11470 9704 8192 8192 8461 9683 10806 11736 13048 15056 416 2127 3732 4960 5597 5888 5962 5997 6047 6092 6133 6195 6252 6302 6353 6376 6399 6414 6418 6411 6393 5856 4331 2765 1216 15906 14139 12288 10486 8777 8192 8192 8192 8192 8192 8192 10225 12125 13933 15670 992 2673 4199 5180 5630 5858 5990 6061 6076 6069 6108 6169 6222 6250 6285 6305 6325 6339 6225 4746 3149 1599 16298 14545 12709 10895 9156 8192 8192 8192 8192 8192 8192 8192 9814 11762 13586 15327 648 2329 3909 5044 5578 5838 5990 6078 6137 6151 6143 6168 6228 6267 6297 6252 4794 3176 1588 16275 14511 12684 10871 9142 8192 8192 8192 8192 8192 8192 8192 8192 9327 11319 13172 14918 255 1958 3582 4870 5512 5805 5989 6108 6183 6230 6273 6263 6255 6286 5171 3584 1993 289 14903 13087 11262 9507 8192 8192 8192 8192 8192 8192 8192 8192 8192 9349 11345 13193 14942 274 1966 3588 4880 5530 270 5250 305 1195 
0 8192 10124 12017 13909 15614 935 2620 4180 5221 5682 5921 6069 6158 6210 6250 6261 6261 6280 6327 6354 4976 3345 1738 16 14628 12801 10971 9241 8192 8192 8192 8192 8192 8192 8192 8192 8443 10607 12499 14351 16039 1359 3027 4505 5366 5750 5961 6098 6174 6228 6271 6266 6263 6295 6333 5946 4393 2783 1149 15789 13991 12148 10349 8656 8192 8192 8192 8192 8192 8192 8192 8192 9178 11172 13085 14867 193 1894 3539 4861 5533 5833 6007 6129 6198 6250 6273 6269 6276 6309 6353 5284 3700 2105 408 15022 13203 11377 9615 8192 8192 8192 8192 8192 8192 8192 8192 8192 10036 11938 13833 15550 862 2551 4114 5188 5669 5908 6065 6160 6224 6261 6271 6270 6281 6320 6188 4657 3044 1424 16071 14278 12441 10622 8928 8192 8192 8192 8192 8192 8192 8192 8192 8729 10807 12697 14552 16234 1556 3202 4644 5436 5788 5983 6103 6180 6237 6271 6264 6267 6308 6344 5896 4337 2736 1097 15738 13925 12096 10304 8622 8192 8192 8192 8192 8192 8192 8192 8192 9211 11187 13064 14866 201 1891 3525 4850 5523 5836 6013 6131 6192 6246 6271 6253 6273 6309 6354 6385 5029 3410 1814 102 14711 12885 11051 9315 8192 8192 8192 8192 8192 8192 8192 8192 8360 10465 11739 11789 11063 9658 8933 8545 8192 8192 8192 8192 8192 8192 8192 8192 8192 8192 8192 8192 8192 8192 8192 8192 8192 8192 8192 8192 8192 8192 8192 8192 8192 8192 8192 8192 8207 8227 8250 8273 8284 8306 275 5044 305 1195 
0 2490 2352 2314 2340 2409 2450 2331 2245 2275 2332 2358 2369 2365 2412 2218 2021 2318 2675 2610 2219 2035 2338 2637 2509 2104 2003 2324 2601 2600 2189 1986 2366 2560 2545 2299 1854 1970 1280 16317 16034 583 2359 3982 5254 6019 6204 6299 6315 6299 6296 6269 6217 6171 6108 6030 4938 3545 1923 205 14844 13116 11417 9813 8356 9259 9545 10117 12382 14177 15927 1280 2928 4423 5388 5846 6027 6047 6102 6150 6204 6241 6293 6354 6383 6392 6399 6375 6292 4909 3370 1842 182 14826 13026 11203 9487 8192 8192 8192 8192 8192 8192 10058 12061 13840 15585 911 2594 4142 5162 5625 5858 5989 6050 6045 6055 6118 6168 6225 6269 6297 6309 6331 6353 6351 5604 4073 2514 916 15575 13783 11949 10141 8489 8192 8192 8192 8192 8192 8192 8947 11027 12885 14665 16381 1714 3358 4716 5432 5759 5944 6041 6109 6135 6136 6150 6195 6252 6293 6321 5881 4333 2746 1133 15789 13993 12158 10353 8673 8192 8192 8192 8192 8192 8192 8192 8192 9819 11758 13592 15331 661 2354 3936 5067 5594 5856 6014 6119 6200 6248 6281 6271 6274 6230 4786 3166 1559 16221 14442 12622 10785 9067 8192 8192 8192 8192 8192 8192 8192 8192 8192 9500 11476 13314 15060 383 2079 3695 4953 5554 5835 6014 6127 6223 6282 6320 6349 5809 4312 2730 1060 15687 13900 12081 10301 8653 8192 8192 8192 8192 8192 8192 8192 8192 8192 9138 11162 13020 14777 104 1791 3434 4791 5500 5808 5997 280 6365 305 1195 
0 1652 1483 1377 1699 1673 1630 1590 1449 1586 1676 1607 1574 1509 1540 1649 1573 1500 1456 1554 1625 1581 1535 1482 1641 1682 1572 1538 1498 1593 1732 1563 1298 741 15870 14908 15255 496 2285 3908 5180 6029 6319 6369 6389 6383 6394 6409 6374 6354 6308 6260 6072 4649 3154 1541 16200 14441 12669 10919 9289 8192 8192 8192 8445 10236 12029 13280 15258 564 2249 3890 5049 5616 5876 5938 5961 6007 6051 6112 6160 6225 6275 6316 6344 6377 6396 6402 6411 6414 6292 4829 3253 1733 86 14705 12882 11065 9318 8192 8192 8192 8192 8192 8192 8192 9095 11138 13005 14764 101 1789 3422 4744 5440 5750 5947 6056 6092 6188 6140 6175 6170 6246 6271 6211 4701 3111 1506 16180 14397 12579 10752 9073 8192 8192 8192 8192 8192 8192 8192 8192 8192 9388 11385 13231 14983 315 2010 3639 4904 5528 5821 5990 6118 6202 6262 6323 6352 6376 5224 3593 2004 289 14910 13094 11264 9512 8192 8192 8192 8192 8192 8192 8192 8192 8192 8192 8192 10161 12078 13875 15603 920 2599 4161 5202 5683 5915 6069 6174 6263 6327 5449 3902 2323 618 15258 13470 11669 9930 8332 8192 8192 8192 8192 8192 8192 8192 8192 8192 8192 8192 10285 12193 13987 15706 1034 2719 4267 5273 5714 5944 6082 6196 6180 4886 3361 1755 53 14696 12909 11133 9428 8192 8192 8192 8192 8192 8192 8192 8192 8192 8192 8192 8192 10170 12082 13875 15596 923 2615 4176 5235 5704 5942 6082 6195 285 5181 305 1195 
0 8192 8192 8192 8192 8192 8192 8192 8192 9940 11866 13688 15406 733 2426 4016 5136 5641 5901 6059 6172 6262 6324 5654 4145 2589 901 15541 13762 11952 10186 8553 8192 8192 8192 8192 8192 8192 8192 8192 8192 8192 10213 12114 13910 15632 951 2636 4199 5230 5688 5928 6073 6179 6262 6336 5531 4014 2436 731 15371 13578 11782 10016 8415 8192 8192 8192 8192 8192 8192 8192 8192 8192 8223 10474 12365 14152 15876 1194 2862 4378 5343 5667 5995 6053 6218 6249 6356 5402 3878 2269 580 15197 13420 11607 9874 8278 8192 8192 8192 8192 8192 8192 8192 8192 8192 8571 10718 12609 14376 16089 1404 3065 4533 5388 5765 5969 6107 6194 6284 6343 5305 3724 2128 415 15037 13247 11452 9715 8192 8192 8192 8192 8192 8192 8192 8192 8192 8192 8845 10936 12790 14552 16260 1587 3236 4667 5440 5795 5991 6124 6212 6293 6344 5196 3619 2018 294 14922 13128 11334 9598 8192 8192 8192 8192 8192 8192 8192 8192 8192 8192 9113 11139 12995 14746 79 1783 3432 4784 5498 5818 6008 6127 6219 6295 6340 5101 3518 1902 173 14790 12992 11199 9460 8192 8192 8192 8192 8192 8192 8192 8192 8192 8192 9338 11330 13181 14929 262 1962 3598 4901 5545 5836 6019 6138 6238 6302 6322 5029 3436 1806 82 14706 12892 11098 9386 8192 8192 8192 8192 8192 8192 8192 8192 8192 8192 9497 11478 13309 15053 377 2075 3695 4958 5569 5858 6031 6151 6238 6310 6299 4964 3384 1758 35 290 1302 305 1195 
0 2624 2814 2678 2685 2768 2659 2669 2018 901 260 323 1810 3485 4873 5702 5265 4549 4726 5515 5892 5830 5809 5921 5998 5986 5956 5871 5120 3721 2279 727 15527 13897 12181 10660 12850 13697 12481 12957 14854 248 1977 3603 4923 5759 6101 6167 6196 6210 6233 6232 6227 6202 6163 6113 5670 4193 2687 1102 15779 14021 12253 10501 8902 8773 9149 9410 9888 11675 13632 15395 715 2410 3985 5153 5750 5970 6015 6074 6122 6163 6204 6242 6291 6332 6350 6353 6341 6238 4831 3283 1746 92 14726 12934 11128 9370 8192 8192 8192 8192 8192 8192 8752 10890 12762 14543 16262 1585 3241 4637 5393 5739 5932 6032 6090 6092 6094 6137 6188 6243 6276 6297 6308 6316 6327 5663 4128 2549 952 15611 13798 11963 10148 8514 8192 8192 8192 8192 8192 8192 8192 10188 12100 13912 15644 977 2647 4192 5194 5652 5883 6019 6107 6154 6176 6171 6190 6236 6273 6314 5775 4243 2666 1041 15693 13887 12059 10266 8601 8192 8192 8192 8192 8192 8192 8192 8192 9422 11401 13250 14997 332 2037 3652 4915 5542 5825 5998 6111 6200 6253 6295 6301 6296 6227 4786 3165 1547 16220 14436 12631 10805 9089 8192 8192 8192 8192 8192 8192 8192 8192 8192 9268 11271 13112 14864 189 1877 3517 4842 5509 5807 6005 6120 6210 6271 6333 6368 5936 4445 2856 1198 15841 14058 12226 10431 8767 8192 8192 8192 8192 8192 8192 8192 8192 8192 8835 10927 12785 14554 16271 1583 3240 4668 5441 5788 299 12479 305 1195 
0 4314 5272 5715 5923 6074 6168 6238 6278 6316 6299 6293 6060 4532 2916 1288 15939 14140 12307 10502 8818 8192 8192 8192 8192 8192 8192 8192 8192 8287 10474 12451 14205 15923 1239 2910 4409 5326 5737 5943 6083 6171 6245 6279 6307 6301 6299 6095 4565 2952 1324 15977 14191 12358 10547 8845 8192 8192 8192 8192 8192 8192 8192 8192 8309 10484 12454 14230 15954 1270 2943 4441 5341 5739 5956 6088 6171 6234 6286 6300 6288 6303 6223 4740 3115 1493 16134 14351 12523 10700 8982 8192 8192 8192 8192 8192 8192 8192 8192 8192 10326 12287 14099 15824 1152 2834 4350 5295 5714 5936 6083 6172 6242 6276 6310 6292 6297 6326 5022 3398 1789 75 14685 12841 11017 9270 8192 8192 8192 8192 8192 8192 8192 8192 8192 10038 11970 13839 15551 877 2565 4136 5198 5675 5908 6066 6163 6228 6273 6294 6285 6291 6321 5377 3796 2209 509 15122 13303 11453 9676 8192 8192 8192 8192 8192 8192 8192 8192 8192 9581 11502 13450 15162 497 2189 3805 5018 5592 5865 6032 6132 6208 6265 6294 6277 6278 6324 5923 4374 2762 1121 15763 13959 12113 10311 8626 8192 8192 8192 8192 8192 8192 8192 8192 8849 10891 12824 14601 16312 1630 3286 4699 5456 5792 5985 6106 6198 6250 6285 6274 6275 6303 6341 5123 3525 1929 224 14824 13004 11162 9433 8192 8192 8192 8192 8192 8192 8192 8192 8192 10094 11993 13899 15585 910 2596 4154 5203 5677 5912 6054 6156 6219 6263 6289 6261 6290 304 13392 305 1195 
0 8192 8192 8192 8192 8192 9144 11149 13015 14772 105 1812 3455 4802 5499 5824 5998 6122 6215 6279 6329 6360 6181 4707 3094 1454 16099 14315 12484 10675 8980 8192 8192 8192 8192 8192 8192 8192 8192 8192 9572 11515 13357 15106 438 2133 3747 4982 5582 5858 6027 6142 6226 6280 6340 6365 5991 4489 2889 1235 15879 14120 12207 10537 8729 8192 8192 8192 8192 8192 8192 8192 8192 8192 9848 11765 13577 15309 626 2316 3910 5075 5618 5878 6049 6156 6232 6283 6333 6357 5855 4353 2771 1108 15750 13963 12144 10350 8691 8192 8192 8192 8192 8192 8192 8192 8192 8192 10109 12020 13816 15556 876 2569 4132 5200 5663 5910 6053 6163 6244 6298 6337 6359 5742 4228 2637 961 15595 13805 11973 10184 8523 8192 8192 8192 8192 8192 8192 8192 8192 8192 10264 12168 13968 15702 1019 2702 4252 5253 5700 5926 6076 6177 6258 6303 6340 6359 5696 4165 2574 892 15522 13725 11892 10104 8455 8192 8192 8192 8192 8192 8192 8192 8192 8192 10365 12244 14035 15763 1086 2767 4303 5272 5701 5936 6085 6175 6250 6301 6340 6347 5737 4202 2613 931 15566 13773 11948 10154 8492 8192 8192 8192 8192 8192 8192 8192 8192 8192 10392 12267 14055 15782 1105 2783 4315 5277 5705 5935 6079 6174 6251 6293 6342 6348 5822 4311 2716 1047 15675 13889 12067 10265 8608 8192 8192 8192 8192 8192 8192 8192 8192 8192 10305 12184 13979 15700 1023 2703 4247 5240 5696 5924 6072 6172 6245 6302 4 10139 305 1480 
0 8192 10163 12058 13954 15645 968 2646 4208 5227 5684 5923 6070 6164 6226 6266 6278 6263 6294 6326 6159 4630 3022 1395 16049 14266 12437 10622 8916 8192 8192 8192 8192 8192 8192 8192 8192 8976 10994 12905 14707 21 1719 3370 4756 5479 5812 6004 6113 6190 6237 6262 6262 6271 6301 6349 5788 4233 2635 966 15605 13805 11976 10169 8522 8192 8192 8192 8192 8192 8192 8192 8192 9573 11523 13406 15173 496 2190 3809 5017 5599 5862 6038 6138 6205 6259 6271 6262 6284 6307 6353 5648 4085 2496 825 15455 13648 11798 10013 8377 8192 8192 8192 8192 8192 8192 8192 8192 9860 11778 13635 15406 720 2414 3993 5133 5642 5896 6054 6145 6215 6248 6254 6258 6277 6317 6355 5918 4355 2746 1107 15753 13950 12111 10325 8656 8192 8192 8192 8192 8192 8192 8192 8192 9664 11590 13432 15222 552 2237 3836 5037 5603 5877 6035 6137 6204 6241 6243 6234 6276 6309 6359 6381 5241 3661 2072 377 14986 13185 11330 9568 8192 8192 8192 8192 8192 8192 8192 8192 8501 10629 12303 14007 15724 14932 13652 12277 10817 9361 8192 8192 8192 8192 8192 8192 8192 8192 8192 8192 8192 8192 8192 8192 8192 8192 8192 8192 8192 8192 8192 8192 8192 8215 8239 8260 8286 8298 8323 8353 8372 8398 8412 8429 8455 8502 8415 8559 8469 8597 8522 8596 8554 8635 8621 8664 8666 8694 8718 8757 8768 8807 8845 8891 8972 9011 9088 9156 9243 9322 9394 9451 9525 9578 9632 9696 9732 9 10970 305 1480 
0 1449 1615 1368 1620 1680 1427 1598 1395 1428 1748 1613 1679 1610 1397 1638 1593 1489 1630 1333 1458 1600 1443 1696 1578 1537 1634 1463 1626 1632 1495 1600 1447 1525 1624 1474 1449 698 15817 15060 15513 921 2671 4227 5411 6124 6258 6281 6271 6273 6284 6282 6244 6213 6184 6135 5738 4285 2748 1061 15710 13947 12153 10440 8850 8192 8192 8192 8805 10649 12343 13834 15684 968 2696 4252 5234 5701 5899 5936 5964 6014 6063 6111 6173 6227 6265 6303 6330 6343 6358 6364 6356 6329 6181 4732 3177 1642 16377 14623 12780 10949 9185 8192 8192 8192 8192 8192 8192 8192 9020 11087 12958 14732 67 1772 3404 4740 5429 5750 5933 6044 6120 6156 6176 6157 6182 6229 6262 6282 5084 3490 1916 227 14853 13040 11226 9472 8192 8192 8192 8192 8192 8192 8192 8192 8192 8795 10896 12767 14543 16252 1565 3215 4638 5411 5762 5963 6091 6177 6257 6293 6337 6364 5965 4446 2850 1195 15832 14043 12217 10423 8738 8192 8192 8192 8192 8192 8192 8192 8192 8192 8192 9159 11184 13041 14789 114 1809 3450 4800 5495 5821 6002 6120 6215 6293 6361 5359 3782 2191 484 15113 13334 11524 9761 8203 8192 8192 8192 8192 8192 8192 8192 8192 8192 8192 8504 10667 12553 14331 16037 1348 3052 4470 5421 5744 5993 6100 6215 6277 5278 3735 2162 454 15088 13326 11520 9777 8245 8192 8192 8192 8192 8192 8192 8192 8192 8192 8192 8192 9977 11897 13710 15436 765 2454 4049 14 9026 305 1480 
0 2148 2301 2430 2412 2246 2217 2198 2510 2372 2267 2222 2218 2491 2446 2215 2237 2231 2426 2528 2202 2250 2218 2317 2475 2331 2380 2484 2336 2364 2144 2086 2223 2062 2146 2141 2064 2206 1627 592 16145 58 1722 3439 4841 5848 6238 6346 6397 6385 6370 6364 6316 6266 6207 6134 5508 4074 2531 825 15472 13731 11996 10354 8831 9036 9418 9995 12307 14109 15858 1216 2887 4372 5369 5836 6025 6060 6107 6154 6213 6252 6313 6366 6396 6439 6432 6426 6164 4654 3079 1553 16246 14485 12677 10864 9153 8192 8192 8192 8192 8192 10308 12191 14062 15807 1135 2812 4316 5265 5678 5879 5990 6009 6024 6067 6136 6185 6251 6285 6312 6334 6364 6379 6400 6405 5597 4071 2520 932 15589 13806 11960 10166 8507 8192 8192 8192 8192 8192 8192 9817 11763 13579 15325 660 2352 3946 5051 5577 5835 5973 6065 6109 6103 6117 6166 6223 6258 6291 6322 6205 4698 3087 1503 16179 14413 12581 10768 9058 8192 8192 8192 8192 8192 8192 8192 8192 10167 12073 13890 15615 938 2624 4182 5198 5651 5886 6036 6131 6189 6225 6249 6232 6255 6292 5022 3404 1823 114 14726 12914 11090 9356 8192 8192 8192 8192 8192 8192 8192 8192 8192 9756 11699 13524 15259 575 2260 3868 5048 5597 5861 6025 6137 6221 6268 6323 6339 5981 4478 2886 1245 15894 14109 12284 10493 8810 8192 8192 8192 8192 8192 8192 8192 8192 8192 9357 11349 13190 14933 262 1963 3593 4896 5536 5835 6001 24 459 305 1480 
0 14521 16232 1538 3194 4628 5428 5781 5991 6123 6220 6282 6343 5559 4046 2467 772 15421 13641 11830 10073 8467 8192 8192 8192 8192 8192 8192 8192 8192 8192 8515 10687 12560 14334 16051 1370 3040 4518 5380 5770 5976 6115 6211 6287 6357 5342 3781 2198 478 15102 13319 11516 9759 8204 8192 8192 8192 8192 8192 8192 8192 8192 8192 8811 10921 12785 14546 16260 1588 3242 4674 5452 5805 5997 6126 6220 6295 6351 5090 3503 1893 177 14794 12991 11194 9463 8192 8192 8192 8192 8192 8192 8192 8192 8192 8192 9272 11289 13128 14879 202 1901 3535 4866 5536 5846 6028 6156 6240 6305 6237 4849 3279 1646 16297 14523 12717 10936 9225 8192 8192 8192 8192 8192 8192 8192 8192 8192 8192 9689 11641 13463 15190 514 2208 3820 5034 5607 5889 6050 6164 6254 6316 6060 4632 3081 1421 16072 14301 12498 10710 9014 8192 8192 8192 8192 8192 8192 8192 8192 8192 8192 10011 11947 13763 15482 807 2495 4089 5177 5679 5922 6067 6182 6261 6332 5924 4474 2898 1234 15872 14087 12277 10476 8819 8192 8192 8192 8192 8192 8192 8192 8192 8192 8192 10231 12148 13942 15677 999 2688 4248 5253 5708 5937 6087 6191 6270 6346 5808 4342 2768 1079 15717 13936 12118 10346 8706 8192 8192 8192 8192 8192 8192 8192 8192 8192 8192 10436 12339 14126 15843 1166 2849 4378 5322 5741 5953 6095 6200 6281 6344 5713 4221 2643 956 15595 13810 12008 10227 8590 8192 8192 8192 8192 8192 8192 29 504 305 1480 
0 2449 2521 2441 2491 2431 2408 2572 2467 2425 2394 2372 2511 2507 2464 2507 2511 2546 2471 2322 2322 2418 2579 2603 2484 2430 2360 2425 2499 2458 2450 2374 2462 2565 2475 2375 2252 2098 1456 118 15876 552 2320 3941 5213 5997 6171 6261 6279 6261 6252 6228 6184 6128 6073 6001 5034 3640 2029 296 14933 13200 11497 9872 8417 9282 9663 11009 13057 14815 178 1901 3535 4861 5608 5950 6035 6071 6112 6170 6213 6262 6321 6358 6375 6386 6376 6344 6238 4839 3307 1778 122 14753 12953 11121 9410 8192 8192 8192 8192 8226 10454 12366 14203 15959 1281 2956 4435 5305 5697 5889 5986 5992 6012 6064 6125 6197 6238 6276 6304 6328 6351 6368 6377 6380 6369 6042 4508 2935 1389 16091 14318 12475 10658 8934 8192 8192 8192 8192 8192 8192 9485 11480 13330 15084 413 2118 3722 4924 5520 5796 5953 6044 6093 6088 6091 6141 6195 6245 6279 6300 6321 6278 4875 3281 1717 28 14653 12837 11002 9271 8192 8192 8192 8192 8192 8192 8192 8192 10193 12100 13914 15643 961 2643 4190 5197 5652 5877 6024 6123 6181 6224 6217 6210 6241 6281 5742 4203 2610 967 15606 13817 11993 10175 8534 8192 8192 8192 8192 8192 8192 8192 8192 8820 10912 12781 14542 16261 1569 3223 4640 5418 5761 5956 6089 6193 6241 6286 6327 6320 5801 4276 2693 1030 15675 13879 12064 10268 8604 8192 8192 8192 8192 8192 8192 8192 8192 8192 9738 11696 13521 15253 571 2270 3876 5048 34 621 305 1480 
0 15315 648 2339 3937 5090 5627 5890 6044 6157 6239 6287 6349 5797 4311 2729 1048 15669 13886 12054 10267 8627 8192 8192 8192 8192 8192 8192 8192 8192 8192 9168 11184 13034 14792 125 1822 3477 4816 5507 5821 6002 6125 6219 6285 6340 6273 4861 3263 1631 16278 14509 12688 10879 9167 8192 8192 8192 8192 8192 8192 8192 8192 8192 8404 10608 12492 14272 15990 1309 2976 4465 5357 5746 5955 6093 6195 6271 6325 6372 5410 3841 2251 540 15156 13365 11559 9801 8221 8192 8192 8192 8192 8192 8192 8192 8192 8192 9899 11835 13648 15371 698 2390 3988 5116 5637 5894 6052 6160 6243 6302 6361 5996 4526 2936 1272 15909 14134 12296 10506 8826 8192 8192 8192 8192 8192 8192 8192 8192 8192 9067 11106 12971 14732 66 1770 3420 4781 5495 5814 5995 6131 6213 6282 6334 6382 5257 3647 2042 317 14928 13114 11304 9555 8192 8192 8192 8192 8192 8192 8192 8192 8192 8192 10242 12155 13965 15689 1015 2691 4243 5246 5695 5930 6073 6175 6263 6314 6364 5901 4398 2812 1137 15768 13986 12165 10385 8701 8192 8192 8192 8192 8192 8192 8192 8192 8192 9347 11337 13185 14935 270 1978 3614 4898 5542 5843 6018 6142 6226 6288 6338 6370 5213 3595 1990 265 14869 13062 11227 9493 8192 8192 8192 8192 8192 8192 8192 8192 8192 8192 10397 12305 14106 15828 1149 2837 4362 5303 5724 5930 6084 6182 6265 6321 6361 5973 4485 2895 1227 15861 14071 12235 10433 8763 8192 8192 38 14088 305 1480 
0 1391 3055 4520 5379 5760 5964 6091 6192 6259 6319 6340 6355 5319 3750 2161 454 15070 13259 11442 9669 8192 8192 8192 8192 8192 8192 8192 8192 8192 8739 10879 12745 14504 16216 1539 3203 4638 5434 5780 5978 6109 6195 6264 6315 6346 6351 5296 3714 2121 403 15012 13202 11382 9635 8192 8192 8192 8192 8192 8192 8192 8192 8192 8844 10957 12825 14587 16312 1625 3286 4685 5450 5795 5991 6119 6208 6267 6319 6349 6358 5307 3726 2130 421 15040 13225 11387 9613 8192 8192 8192 8192 8192 8192 8192 8192 8192 8782 10927 12778 14553 16270 1588 3247 4667 5442 5787 5993 6115 6210 6261 6315 6341 6348 5423 3858 2277 572 15193 13395 11571 9787 8215 8192 8192 8192 8192 8192 8192 8192 8192 8709 10874 12722 14488 16209 1529 3186 4628 5424 5779 5972 6108 6200 6264 6307 6348 6341 5571 4028 2445 754 15393 13571 11750 9969 8355 8192 8192 8192 8192 8192 8192 8192 8192 8479 10745 12584 14350 16071 1399 3058 4537 5377 5758 5962 6098 6188 6255 6315 6345 6331 5856 4333 2744 1091 15721 13933 12096 10303 8651 8192 8192 8192 8192 8192 8192 8192 8192 8192 10366 12264 14057 15787 1113 2786 4327 5282 5716 5939 6075 6177 6250 6302 6327 6333 6209 4735 3120 1483 16127 14346 12515 10691 8982 8192 8192 8192 8192 8192 8192 8192 8192 8192 9884 11850 13664 15398 720 2419 4005 5123 5638 5890 6051 6158 6233 6290 6330 6335 6330 5202 3609 2013 298 14915 13101 43 12022 305 1480 
0 1315 1219 1619 1445 1592 1427 1134 1586 1578 1434 1535 1128 1423 1683 1398 1526 1411 1330 1733 1435 1411 1556 1295 1585 1474 1283 1584 1405 1618 1771 1420 1463 545 15520 14838 15194 647 2394 3988 5244 6073 6314 6373 6382 6385 6395 6399 6365 6333 6306 6252 5868 4406 2884 1244 15890 14145 12361 10627 9017 8192 8192 8192 8886 10640 12245 13618 15505 689 2394 4014 5110 5646 5882 5929 5959 6011 6063 6113 6162 6233 6276 6319 6348 6372 6396 6404 6416 6408 6176 4656 3078 1542 16255 14498 12664 10846 9118 8192 8192 8192 8192 8192 8192 8192 9204 11235 13085 14847 175 1871 3502 4795 5461 5766 5951 6059 6120 6163 6176 6168 6191 6232 6279 5824 4292 2711 1079 15735 13941 12120 10324 8662 8192 8192 8192 8192 8192 8192 8192 8192 8192 9786 11726 13544 15282 614 2308 3910 5051 5595 5855 6020 6137 6219 6283 6334 6361 6081 4589 2993 1358 16002 14209 12380 10586 8902 8192 8192 8192 8192 8192 8192 8192 8192 8192 8192 8581 10737 12618 14388 16106 1426 3087 4546 5392 5761 5975 6107 6202 6282 5955 4542 2998 1349 15999 14240 12433 10672 8987 8192 8192 8192 8192 8192 8192 8192 8192 8192 8192 8192 9073 11105 12961 14710 23 1716 3372 4761 5491 5827 6010 6140 6236 5313 3803 2258 578 15229 13471 11700 9978 8400 8192 8192 8192 8192 8192 8192 8192 8192 8192 8192 8192 9237 11244 13092 14836 164 1858 3506 4850 5542 5849 6025 6157 5830 53 5189 305 1480 
0 8192 8192 8192 8192 9912 11869 13669 15399 722 2420 4000 5124 5635 5890 6047 6160 6229 6279 6324 6328 6325 5284 3704 2122 420 15044 13245 11407 9656 8192 8192 8192 8192 8192 8192 8192 8192 8192 9240 11327 13137 14891 211 1908 3553 4867 5529 5825 6008 6126 6212 6264 6313 6326 6312 5920 4396 2798 1143 15785 13993 12168 10361 8699 8192 8192 8192 8192 8192 8192 8192 8192 8247 10489 12412 14185 15910 1235 2914 4421 5323 5733 5943 6090 6186 6252 6301 6317 6319 6315 5183 3577 1982 270 14887 13067 11235 9470 8192 8192 8192 8192 8192 8192 8192 8192 8192 9484 11543 13367 15114 451 2149 3772 4997 5584 5860 6034 6142 6219 6268 6308 6322 6300 6066 4533 2920 1263 15897 14110 12285 10463 8762 8192 8192 8192 8192 8192 8192 8192 8192 8192 10387 12336 14093 15816 1140 2820 4344 5287 5712 5936 6079 6176 6243 6288 6322 6308 6312 5526 3975 2393 697 15327 13531 11691 9917 8302 8192 8192 8192 8192 8192 8192 8192 8192 9117 11142 13043 14783 117 1820 3455 4807 5502 5823 6002 6125 6203 6263 6300 6310 6304 6320 5100 3497 1888 177 14784 12971 11144 9396 8192 8192 8192 8192 8192 8192 8192 8192 8192 9772 11757 13594 15328 659 2355 3944 5095 5617 5876 6045 6157 6225 6285 6321 6303 6293 6245 4812 3197 1575 16225 14447 12634 10817 9094 8192 8192 8192 8192 8192 8192 8192 8192 8192 10266 12245 14023 15744 1065 2744 4283 5263 5704 5917 6074 71 11128 305 1480 
0 2281 2355 2395 2479 2507 2384 2333 2334 2366 2366 2317 2291 2277 2331 2351 2360 2400 2332 2311 2367 2333 2376 2353 2296 2426 2390 2385 2368 2257 2381 2360 2347 2334 2312 2427 2315 1945 1007 16205 15925 603 2361 3977 5239 6035 6249 6316 6320 6308 6311 6282 6238 6189 6133 6074 5316 3898 2320 597 15240 13494 11793 10122 8612 9240 9547 9545 10523 12775 14567 16320 1630 3284 4686 5528 5916 6030 6064 6115 6166 6201 6244 6305 6349 6384 6403 6396 6384 5796 4280 2714 1139 15819 14042 12234 10438 8763 8192 8192 8192 8192 8192 8192 10276 12162 13968 15703 1031 2711 4251 5213 5649 5867 5992 6065 6073 6074 6115 6172 6234 6266 6298 6319 6333 6347 6309 4881 3291 1740 67 14687 12858 11024 9280 8192 8192 8192 8192 8192 8192 8192 9525 11550 13341 15123 439 2147 3739 4950 5524 5814 5978 6072 6129 6164 6151 6174 6211 6260 6296 6311 4979 3368 1785 89 14701 12872 11053 9318 8192 8192 8192 8192 8192 8192 8192 8192 8465 10658 12546 14325 16045 1362 3038 4504 5356 5725 5929 6066 6166 6224 6272 6302 6290 6292 5439 3873 2287 605 15230 13417 11588 9823 8228 8192 8192 8192 8192 8192 8192 8192 8192 8192 10370 12269 14057 15773 1093 2770 4308 5274 5699 5928 6067 6171 6248 6305 6356 6374 5124 3499 1888 173 14802 12985 11163 9428 8192 8192 8192 8192 8192 8192 8192 8192 8192 8192 9976 11904 13721 15452 777 2457 4034 5146 5647 5891 97 14611 305 1480 
0 2892 2916 2971 3008 3017 2879 2718 2232 1275 509 797 2174 3782 5086 5859 5803 5854 6067 6162 6236 6237 6206 6175 6146 6083 5998 4924 3515 1906 190 14862 13176 11544 9957 11782 13665 15369 301 496 1961 3719 5002 5752 6105 6201 6237 6288 6323 6367 6401 6433 6431 6419 6389 6302 5300 3849 2327 717 15391 13628 11830 10124 8545 9042 9370 10082 10727 13067 14837 189 1887 3533 4866 5600 5938 6021 6071 6126 6165 6213 6264 6322 6376 6410 6449 6453 6454 6136 4623 3046 1497 16183 14412 12604 10806 9103 8192 8192 8192 8192 10358 12268 14088 15876 1207 2885 4377 5271 5696 5884 5964 5969 6011 6063 6141 6189 6237 6279 6309 6343 6372 6403 6410 6420 6440 6438 6402 5033 3496 1981 361 15000 13174 11350 9580 8192 8192 8192 8192 8192 8192 10400 12291 14100 15836 1169 2846 4338 5243 5663 5866 5986 6043 6046 6059 6119 6173 6226 6267 6299 6319 6349 6363 6368 5641 4120 2565 969 15634 13834 12015 10225 8577 8192 8192 8192 8192 8192 8192 9418 11400 13257 15008 347 2040 3654 4897 5512 5794 5965 6050 6112 6112 6111 6156 6212 6270 6303 6322 6128 4587 2990 1393 16066 14293 12477 10638 8939 8192 8192 8192 8192 8192 8192 8192 8497 10672 12555 14339 16058 1388 3054 4508 5349 5726 5934 6064 6143 6196 6223 6212 6228 6262 6300 5328 3750 2165 467 15104 13293 11458 9692 8192 8192 8192 8192 8192 8192 8192 8192 8192 10409 12302 14097 15822 1147 105 7011 305 1480 
0 8192 8192 8192 8192 8192 8192 8247 10481 12374 14161 15876 1198 2874 4383 5317 5733 5943 6083 6185 6262 6324 6368 5368 3782 2184 474 15089 13287 11471 9724 8192 8192 8192 8192 8192 8192 8192 8192 8192 8192 9758 11714 13546 15280 604 2296 3896 5059 5611 5877 6038 6157 6248 6302 6350 5888 4399 2812 1133 15775 13980 12157 10381 8717 8192 8192 8192 8192 8192 8192 8192 8192 8192 8970 11023 12884 14640 16346 1655 3317 4709 5461 5803 5993 6113 6213 6278 6345 6369 5090 3487 1870 147 14760 12947 11136 9411 8192 8192 8192 8192 8192 8192 8192 8192 8192 8192 10240 12152 13948 15672 996 2682 4236 5241 5694 5918 6065 6174 6252 6312 6362 5722 4194 2614 918 15555 13760 11949 10165 8521 8192 8192 8192 8192 8192 8192 8192 8192 8192 9401 11382 13230 14975 306 2004 3629 4916 5550 5845 6020 6135 6221 6297 6339 6325 4972 3356 1727 16371 14596 12798 10980 9282 8192 8192 8192 8192 8192 8192 8192 8192 8192 8311 10536 12422 14198 15916 1237 2912 4419 5327 5738 5950 6089 6186 6264 6327 6356 5692 4165 2581 891 15526 13713 11883 10120 8466 8192 8192 8192 8192 8192 8192 8192 8192 8192 9515 11497 13333 15082 415 2118 3735 4980 5576 5851 6027 6144 6230 6290 6344 6372 5067 3451 1826 100 14702 12893 11068 9323 8192 8192 8192 8192 8192 8192 8192 8192 8192 8239 10472 12371 14154 15881 1201 2869 4393 5305 5725 5940 6084 6186 6259 6313 6368 5893 110 5649 305 1480 
0 8192 8192 8935 10974 12923 14643 16363 1674 3327 4716 5468 5799 5986 6123 6194 6255 6286 6305 6289 6315 5533 3972 2385 697 15320 13528 11668 9907 8284 8192 8192 8192 8192 8192 8192 8192 8192 9336 11301 13228 14956 288 1986 3629 4912 5546 5847 6017 6133 6209 6263 6298 6289 6289 6315 5449 3883 2288 592 15210 13398 11558 9799 8201 8192 8192 8192 8192 8192 8192 8192 8192 9547 11493 13417 15130 463 2158 3783 5009 5588 5862 6028 6143 6213 6268 6306 6294 6292 6319 5429 3861 2276 573 15199 13389 11552 9769 8192 8192 8192 8192 8192 8192 8192 8192 8192 9573 11504 13429 15133 461 2152 3776 5000 5586 5868 6030 6139 6196 6263 6289 6284 6292 6322 5567 4006 2420 741 15370 13573 11724 9961 8342 8192 8192 8192 8192 8192 8192 8192 8192 9496 11429 13376 15078 411 2101 3725 4969 5612 5796 6073 6110 6241 6234 6314 6262 6286 6302 5779 4227 2633 964 15608 13798 11961 10152 8502 8192 8192 8192 8192 8192 8192 8192 8192 9246 11203 13159 14895 243 1945 3591 4891 5532 5838 6016 6129 6201 6248 6283 6279 6281 6314 6163 4622 2992 1363 16010 14215 12366 10548 8874 8192 8192 8192 8192 8192 8192 8192 8192 8695 10779 12710 14502 16214 1533 3196 4625 5415 5781 5975 6110 6181 6239 6287 6275 6273 6289 6349 5100 3489 1897 185 14797 12978 11144 9400 8192 8192 8192 8192 8192 8192 8192 8192 8192 10321 12216 14088 15774 1095 2774 4302 5270 5714 120 11123 305 1480 
0 1716 3428 4773 5502 5823 5925 5948 6004 6044 6087 6136 6208 6255 6295 6331 6365 6373 6395 6398 6375 6177 4671 3096 1548 16269 14503 12672 10836 9111 8192 8192 8192 8192 8192 8192 8192 9288 11303 13162 14918 253 1948 3579 4848 5477 5772 5951 6053 6123 6169 6178 6171 6187 6239 6266 6080 4545 2946 1333 15995 14215 12383 10562 8888 8192 8192 8192 8192 8192 8192 8192 8192 8192 9753 11689 13528 15260 584 2275 3866 5042 5587 5850 6020 6130 6218 6270 6322 6354 6338 5030 3405 1793 78 14689 12879 11074 9333 8192 8192 8192 8192 8192 8192 8192 8192 8192 8192 8405 10606 12483 14269 15977 1295 2963 4455 5343 5744 5951 6094 6185 6276 6334 5253 3675 2085 381 14999 13211 11406 9688 8192 8192 8192 8192 8192 8192 8192 8192 8192 8192 8192 8685 10815 12687 14454 16167 1492 3154 4609 5424 5780 5984 6118 6217 5929 4581 3049 1413 16081 14331 12560 10767 9096 8192 8192 8192 8192 8192 8192 8192 8192 8192 8192 8192 8617 10762 12640 14405 16119 1441 3106 4582 5412 5784 5986 6124 6227 5310 3805 2267 584 15235 13471 11698 9969 8395 8192 8192 8192 8192 8192 8192 8192 8192 8192 8192 8192 9620 11580 13404 15134 461 2156 3772 5016 5611 5895 6056 6168 5870 4536 3043 1421 16100 14363 12602 10830 9171 8192 8192 8192 8192 8192 8192 8192 8192 8192 8192 8192 8764 10866 12740 14497 16212 1536 3199 4641 5446 5805 6002 6135 6246 5340 3833 2281 603 126 402 305 1480 
0 2368 2370 2415 2493 2588 2483 2308 2299 2406 2470 2515 2415 2364 2487 2423 2430 2428 2352 2442 2469 2335 2463 2418 2386 2488 2332 2423 2443 2388 2411 2434 2366 2544 2448 2366 2302 1683 819 16007 16269 1377 3103 4581 5657 6135 6229 6296 6301 6288 6275 6232 6181 6129 6064 5687 4244 2744 1059 15700 13960 12233 10581 9028 8877 9545 10228 12534 14299 16030 1381 3067 4528 5429 5865 6035 6060 6094 6155 6198 6258 6314 6358 6388 6406 6390 6385 6350 5476 3979 2435 838 15499 13716 11893 10099 8462 8192 8192 8192 8192 9229 11254 13123 14945 273 1967 3592 4871 5506 5794 5941 6008 5999 6032 6084 6154 6218 6257 6299 6318 6346 6363 6376 6387 6382 6035 4493 2922 1376 16083 14315 12467 10653 8963 8192 8192 8192 8192 8192 8192 9313 11322 13174 14926 262 1956 3579 4847 5487 5783 5943 6042 6088 6097 6101 6136 6199 6251 6280 6297 6322 5633 4095 2517 894 15553 13763 11921 10147 8488 8192 8192 8192 8192 8192 8192 8192 8716 10841 12715 14482 16205 1529 3186 4608 5391 5741 5941 6071 6155 6199 6232 6240 6231 6261 6222 4761 3137 1527 16190 14414 12592 10769 9041 8192 8192 8192 8192 8192 8192 8192 8192 8192 10024 11957 13767 15509 837 2527 4102 5157 5643 5891 6036 6144 6230 6275 6320 6355 6017 4515 2907 1264 15906 14122 12288 10487 8805 8192 8192 8192 8192 8192 8192 8192 8192 8192 9169 11206 13057 14820 148 1840 3490 4816 5511 5819 130 11269 305 1480 
0 2655 2537 2452 2417 2425 2468 2421 2416 2437 2429 2579 2582 2546 2565 2405 2503 2545 2463 2471 2337 2367 2566 2539 2571 2489 2393 2539 2514 2501 2512 2425 2521 2545 2469 2468 2313 2203 1603 425 16021 255 1934 3612 4968 5897 6220 6318 6393 6393 6381 6362 6318 6266 6202 6115 5094 3696 2109 393 15044 13310 11601 9975 8496 9293 9892 12179 13977 15717 1045 2737 4269 5304 5795 6027 6065 6106 6167 6204 6267 6324 6383 6420 6431 6452 6440 6423 5863 4356 2794 1239 15921 14150 12333 10529 8867 8192 8192 8192 9467 10728 11676 12131 14305 16076 1414 3070 4522 5384 5767 5927 5951 6004 6044 6079 6144 6207 6266 6310 6352 6388 6413 6437 6447 6468 6446 5178 3648 2124 506 15146 13338 11502 9726 8192 8192 8192 8192 8192 8192 8213 10470 12375 14169 15891 1212 2883 4374 5258 5678 5889 6010 6078 6099 6090 6117 6179 6233 6270 6307 6325 6294 4881 3273 1702 18 14634 12825 11016 9286 8192 8192 8192 8192 8192 8192 8192 8192 10401 12300 14093 15811 1135 2804 4325 5260 5686 5903 6041 6130 6189 6220 6207 6219 6253 6292 5321 3743 2168 485 15115 13293 11475 9714 8192 8192 8192 8192 8192 8192 8192 8192 8192 9585 11587 13362 15132 453 2134 3765 4979 5577 5836 6015 6134 6207 6257 6314 6326 6288 4933 3313 1689 16352 14578 12771 10947 9212 8192 8192 8192 8192 8192 8192 8192 8192 8192 8788 10892 12759 14533 16247 1570 3230 4655 5429 5776 135 14527 305 1480 
0 4302 5272 5711 5928 6071 6169 6235 6278 6315 6297 6298 5998 4475 2859 1225 15870 14079 12246 10443 8767 8192 8192 8192 8192 8192 8192 8192 8192 8660 10760 12725 14452 16172 1490 3139 4600 5412 5774 5968 6097 6190 6241 6282 6303 6280 6307 5826 4282 2683 1034 15674 13881 12031 10242 8574 8192 8192 8192 8192 8192 8192 8192 8192 8959 10973 12944 14668 0 1698 3339 4726 5471 5802 5987 6107 6198 6249 6291 6292 6281 6309 5786 4251 2645 981 15624 13828 11976 10197 8548 8192 8192 8192 8192 8192 8192 8192 8192 9149 11132 13092 14808 135 1839 3468 4821 5508 5825 6007 6118 6189 6247 6291 6287 6273 6309 5880 4330 2736 1090 15733 13932 12091 10297 8630 8192 8192 8192 8192 8192 8192 8192 8192 9055 11052 13007 14744 80 1783 3424 4789 5495 5815 6004 6122 6199 6248 6280 6282 6272 6296 6071 4529 2909 1274 15908 14124 12329 10460 8762 8192 8192 8192 8192 8192 8192 8192 8192 8836 10864 12802 14575 16290 1607 3272 4676 5441 5786 5980 6108 6187 6237 6285 6278 6278 6305 6278 4821 3200 1588 16240 14468 12646 10821 9109 8192 8192 8192 8192 8192 8192 8192 8192 8467 10622 12535 14344 16055 1373 3037 4522 5373 5750 5960 6086 6182 6239 6274 6274 6261 6299 6317 5235 3635 2048 345 14969 13139 11315 9549 8192 8192 8192 8192 8192 8192 8192 8192 8192 10125 12022 13924 15612 941 2622 4191 5210 5681 5917 6063 6163 6213 6264 6275 6260 6281 6328 140 11166 305 1480 
0 2339 2382 2476 2584 2388 2404 2487 2495 2636 2457 2388 2479 2415 2570 2481 2349 2485 2402 2422 2384 2257 2477 2512 2411 2428 2254 2398 2580 2484 2507 2391 2474 2609 2524 2439 2304 2232 1766 614 16073 150 1753 3460 4864 5830 6240 6346 6441 6459 6437 6423 6389 6350 6278 6211 5533 4103 2577 881 15529 13797 12081 10433 8887 9136 9690 11524 13439 15181 538 2241 3857 5056 5689 5984 6056 6087 6144 6194 6239 6313 6368 6404 6447 6469 6475 6467 6359 4907 3358 1831 175 14806 13001 11194 9485 8192 8192 8192 8192 9751 11465 12843 14603 16383 1702 3348 4704 5452 5770 5919 5958 5979 6028 6083 6146 6204 6272 6297 6330 6358 6383 6405 6434 6439 6345 4922 3207 1837 64 14791 12897 11111 9345 8192 8192 8192 8192 8192 8192 8814 10899 12772 14549 16277 1598 3247 4637 5385 5735 5921 6022 6093 6093 6097 6127 6187 6260 6281 6314 6338 5294 3730 2175 508 15139 13333 11509 9733 8192 8192 8192 8192 8192 8192 8192 8192 9336 11335 13188 14946 278 1981 3608 4879 5514 5809 5990 6101 6172 6213 6249 6236 6244 6276 5511 3947 2373 693 15327 13535 11706 9940 8322 8192 8192 8192 8192 8192 8192 8192 8192 8931 10999 12874 14634 16347 1661 3317 4711 5450 5788 5975 6107 6184 6261 6309 6339 6257 4819 3206 1578 16232 14461 12671 10865 9151 8192 8192 8192 8192 8192 8192 8192 8192 8192 8656 10786 12677 14438 16155 1468 3119 4583 5396 5767 5963 150 7791 305 1480 
0 3187 3162 2572 2400 2895 3079 2293 910 15965 928 2628 4194 5388 5937 5979 6164 6270 6341 6343 6321 6269 6233 6180 6119 5609 4168 2657 946 15598 13879 12181 10526 9001 10835 12833 14571 16262 1275 2915 4456 5409 5869 6071 6118 6148 6210 6267 6321 6384 6412 6444 6468 6464 6440 6403 5810 4301 2760 1214 15907 14133 12318 10550 8892 8192 9013 10298 11636 13057 15030 393 2082 3701 4960 5618 5912 5996 6026 6089 6132 6179 6254 6299 6355 6394 6425 6447 6457 6474 6417 5032 3502 1982 330 14976 13171 11342 9600 8192 8192 8192 8192 8192 8626 10770 12677 14451 16177 1512 3163 4574 5361 5716 5900 6004 6035 6029 6061 6138 6187 6240 6275 6309 6328 6351 6376 6397 6397 5511 3985 2433 844 15506 13707 11867 10064 8436 8192 8192 8192 8192 8192 8192 10186 12104 13902 15635 963 2643 4181 5169 5633 5859 6005 6068 6075 6115 6090 6185 6211 6281 6292 6332 6344 5267 3691 2146 483 15134 13309 11504 9726 8192 8192 8192 8192 8192 8192 8192 8192 9961 11882 13700 15437 764 2448 4024 5106 5608 5859 6017 6114 6164 6214 6207 6198 6242 6279 6195 4688 3083 1468 16138 14358 12528 10710 8995 8192 8192 8192 8192 8192 8192 8192 8192 8916 10985 12846 14600 16321 1636 3286 4686 5436 5772 5965 6093 6189 6238 6291 6300 6284 6267 4870 3259 1639 16305 14544 12709 10893 9162 8192 8192 8192 8192 8192 8192 8192 8192 8192 9919 11847 13668 15401 734 2419 4003 155 7285 305 1480 
0 1965 1713 1745 1805 1651 1674 1465 1441 1637 1470 1487 1420 1400 1618 1730 1657 1724 1615 1633 1733 1675 1697 1538 1419 1496 1490 1487 1403 1296 1495 1526 1621 1620 1518 1614 1321 387 15500 14889 16066 1542 3227 4676 5741 6287 6408 6429 6438 6443 6458 6453 6420 6390 6346 6291 5521 4082 2549 869 15509 13743 11951 10265 8667 8192 8192 8192 9152 11073 12637 14142 15954 1077 2832 4355 5298 5727 5912 5951 5980 6031 6078 6135 6194 6251 6298 6328 6367 6389 6410 6431 6446 6436 6273 4760 3182 1655 16372 14601 12780 10942 9210 8192 8192 8192 8192 8192 8192 8192 8429 10629 12518 14303 16026 1344 3002 4461 5311 5696 5904 6039 6119 6170 6209 6195 6208 6241 6275 6086 4569 2972 1354 16025 14245 12417 10615 8924 8192 8192 8192 8192 8192 8192 8192 8192 8192 8656 10788 12668 14435 16143 1463 3113 4574 5393 5759 5961 6086 6196 6266 6328 6373 6352 4970 3350 1719 16380 14620 12806 11006 9283 8192 8192 8192 8192 8192 8192 8192 8192 8192 8192 8192 9609 11427 13429 15029 442 2072 3742 4969 5598 5856 6035 6152 6249 6229 4923 3370 1756 38 14683 12902 11111 9404 8192 8192 8192 8192 8192 8192 8192 8192 8192 8192 8192 8192 9791 11737 13548 15277 601 2289 3888 5083 5638 5910 6069 6184 5710 4341 2840 1206 15884 14131 12366 10614 8958 8192 8192 8192 8192 8192 8192 8192 8192 8192 8192 8192 8192 9774 11714 13537 15263 591 2286 3894 5091 160 12663 305 1480 
0 2501 2510 2314 2380 2391 2458 2516 2381 2305 2369 2395 2505 2429 2297 2326 2354 2462 2490 2329 2344 2359 2473 2544 2382 2325 2401 2349 2561 2346 2344 2348 2371 2621 2419 2391 2224 1943 1239 16374 16023 738 2498 4082 5325 6065 6245 6352 6389 6362 6357 6334 6279 6237 6167 6058 4863 3464 1829 104 14748 13020 11330 9731 8341 9308 9691 11725 13584 15328 674 2384 3947 5125 5717 5987 6053 6091 6138 6194 6248 6297 6351 6389 6417 6443 6430 6405 5845 4348 2784 1220 15909 14151 12333 10531 8864 8192 8192 8192 8192 8710 10829 12698 14540 16246 1578 3232 4636 5396 5745 5912 5995 6009 6015 6091 6147 6202 6251 6286 6311 6337 6362 6387 6399 6402 5437 3913 2362 765 15426 13625 11797 9998 8370 8192 8192 8192 8192 8192 8192 9947 11878 13704 15447 776 2453 4018 5096 5594 5845 5991 6063 6107 6108 6120 6163 6228 6259 6304 6326 5944 4397 2810 1217 15877 14093 12277 10482 8772 8192 8192 8192 8192 8192 8192 8192 8192 10302 12211 14011 15741 1054 2730 4261 5238 5682 5900 6043 6131 6204 6235 6249 6245 6265 6217 4754 3133 1527 16194 14429 12603 10775 9070 8192 8192 8192 8192 8192 8192 8192 8192 8192 9850 11786 13607 15332 652 2342 3932 5077 5614 5878 6037 6141 6224 6282 6315 6355 5679 4150 2567 896 15524 13735 11910 10118 8483 8192 8192 8192 8192 8192 8192 8192 8192 8192 9520 11489 13331 15074 404 2097 3725 4973 5576 5856 6023 165 11359 305 1480 
0 8192 8192 8192 8192 8192 8192 8192 9696 11655 13493 15232 560 2253 3870 5063 5630 5887 6056 6166 6246 6314 6373 5265 3669 2064 334 14958 13148 11340 9595 8192 8192 8192 8192 8192 8192 8192 8192 8192 8192 9589 11559 13387 15132 459 2161 3773 5003 5597 5871 6034 6156 6246 6316 6368 5399 3833 2239 520 15152 13346 11535 9777 8232 8192 8192 8192 8192 8192 8192 8192 8192 8192 9488 11483 13304 15058 372 2065 3683 4957 5580 5860 6032 6154 6241 6295 6369 5498 3957 2372 664 15292 13500 11692 9929 8334 8192 8192 8192 8192 8192 8192 8192 8192 8192 9344 11348 13177 14931 256 1955 3590 4902 5551 5851 6027 6149 6239 6300 6357 5660 4160 2579 878 15505 13723 11897 10122 8509 8192 8192 8192 8192 8192 8192 8192 8192 8192 9051 11110 12971 14726 64 1761 3419 4790 5503 5823 6009 6134 6224 6308 6357 5868 4396 2820 1146 15771 13988 12165 10377 8715 8192 8192 8192 8192 8192 8192 8192 8192 8192 8709 10837 12711 14487 16207 1521 3185 4626 5433 5785 5988 6125 6208 6295 6346 6118 4672 3085 1430 16075 14303 12477 10673 8999 8192 8192 8192 8192 8192 8192 8192 8192 8192 8377 10586 12466 14246 15967 1294 2957 4467 5355 5756 5970 6103 6202 6285 6338 6335 4995 3400 1766 39 14645 12841 11036 9310 8192 8192 8192 8192 8192 8192 8192 8192 8192 8192 10257 12168 13966 15682 1003 2681 4237 5256 5707 5937 6073 6187 6263 6331 6376 5352 3779 2178 170 6921 305 1480 
0 1371 1484 1556 1521 1549 1354 1349 1520 1550 1578 1515 1405 1468 1516 1492 1519 1543 1650 1538 1115 1120 1733 1929 1521 1239 1200 1788 1842 1433 1267 1299 1714 1885 1462 1151 1112 962 16376 15101 15653 1034 2797 4330 5506 6173 6277 6270 6291 6285 6297 6287 6247 6226 6179 6133 5682 4241 2699 1011 15650 13886 12129 10413 8826 8192 8192 8192 8765 10668 12331 13900 15721 1002 2712 4259 5249 5711 5910 5935 5964 6021 6053 6113 6163 6232 6273 6302 6329 6345 6360 6360 6353 6320 5645 4130 2567 1009 15695 13903 12065 10258 8576 8192 8192 8192 8192 8192 8192 8192 9838 11790 13615 15366 695 2380 3959 5063 5569 5820 5980 6074 6134 6171 6166 6175 6198 6242 6264 5885 4350 2750 1130 15795 14013 12177 10358 8692 8192 8192 8192 8192 8192 8192 8192 8192 8192 9800 11744 13557 15290 612 2300 3893 5058 5596 5857 6018 6123 6213 6275 6319 6350 6359 5200 3566 1960 248 14875 13069 11248 9494 8192 8192 8192 8192 8192 8192 8192 8192 8192 8192 8192 10270 12177 13962 15688 1001 2677 4224 5241 5691 5915 6066 6172 6262 6318 5755 4280 2726 1044 15679 13904 12104 10336 8669 8192 8192 8192 8192 8192 8192 8192 8192 8192 8192 8192 9971 11899 13707 15427 759 2442 4029 5149 5656 5916 6067 6173 6258 5507 4037 2490 796 15446 13679 11889 10131 8520 8192 8192 8192 8192 8192 8192 8192 8192 8192 8192 8192 9464 11443 13283 15019 351 2055 3679 4962 180 819 305 1480 
0 8192 8192 8192 8192 8192 8192 8192 8192 10224 12128 13916 15648 974 2658 4223 5246 5702 5933 6076 6182 6274 6336 5205 3627 2030 313 14943 13140 11342 9597 8192 8192 8192 8192 8192 8192 8192 8192 8192 8192 8192 9643 11596 13423 15160 480 2174 3780 5006 5597 5873 6044 6157 6232 6315 5654 4188 2622 937 15574 13790 11974 10212 8580 8192 8192 8192 8192 8192 8192 8192 8192 8192 8192 8998 11055 12914 14671 16377 1696 3349 4744 5482 5802 6010 6128 6231 6289 6139 4748 3180 1536 16188 14415 12589 10800 9089 8192 8192 8192 8192 8192 8192 8192 8192 8192 8192 8196 10453 12343 14129 15849 1174 2848 4374 5309 5732 5952 6087 6199 6266 6337 5303 3738 2152 429 15055 13258 11442 9702 8192 8192 8192 8192 8192 8192 8192 8192 8192 8192 8192 9848 11796 13614 15337 659 2351 3950 5105 5629 5879 6062 6171 6249 6320 5733 4273 2715 1026 15655 13872 12053 10293 8634 8192 8192 8192 8192 8192 8192 8192 8192 8192 8192 9186 11221 13078 14830 149 1842 3497 4838 5525 5831 6017 6136 6231 6298 6246 4883 3298 1664 16316 14547 12727 10924 9199 8192 8192 8192 8192 8192 8192 8192 8192 8192 8192 8354 10571 12449 14224 15949 1281 2947 4463 5351 5752 5966 6093 6201 6267 6346 5381 3833 2249 526 15146 13353 11534 9781 8223 8192 8192 8192 8192 8192 8192 8192 8192 8192 8192 9992 11924 13739 15468 787 2480 4060 5154 5659 5905 6067 6173 6247 6319 5794 4343 184 15646 305 1480 
0 15590 945 2715 4273 5466 6136 6221 6220 6235 6222 6232 6242 6197 6164 6131 6082 5927 4527 3043 1377 16007 14224 12440 10707 9092 8192 8192 8192 8192 9988 11883 12849 14906 96 1815 3459 4817 5486 5828 5939 5972 5981 6037 6097 6162 6197 6244 6278 6312 6325 6330 6331 6323 6298 6264 5946 4431 2850 1316 16034 14261 12430 10603 8883 8192 8192 8192 8192 8192 8192 8192 9029 11090 12951 14716 41 1739 3371 4718 5419 5743 5933 6047 6121 6172 6191 6175 6178 6213 6246 6230 4809 3198 1617 16292 14529 12713 10916 9190 8192 8192 8192 8192 8192 8192 8192 8192 8192 8769 10880 12754 14519 16225 1545 3209 4622 5411 5764 5955 6092 6188 6263 6311 6346 6372 5664 4127 2552 866 15495 13706 11867 10096 8468 8192 8192 8192 8192 8192 8192 8192 8192 8192 8192 9122 11150 13006 14754 81 1785 3423 4788 5495 5822 6006 6124 6225 6294 6259 4897 3330 1709 16369 14602 12807 11005 9295 8192 8192 8192 8192 8192 8192 8192 8192 8192 8192 8192 8765 10872 12741 14499 16215 1539 3193 4630 5443 5795 5993 6130 6218 6043 4690 3165 1539 16207 14464 12677 10900 9210 8192 8192 8192 8192 8192 8192 8192 8192 8192 8192 8192 8192 10423 12323 14110 15825 1158 2835 4370 5326 5749 5964 6105 6212 5709 4319 2802 1156 15817 14065 12273 10522 8876 8192 8192 8192 8192 8192 8192 8192 8192 8192 8192 8192 8654 10781 12647 14407 16123 1444 3095 4577 5413 5796 5997 6129 6230 190 2090 305 1480 
0 2462 2625 2616 2616 2602 2475 2526 2498 2407 2475 2424 2398 2483 2383 2434 2501 2464 2556 2583 2484 2567 2472 2385 2490 2432 2515 2562 2361 2450 2461 2426 2591 2418 2444 2595 2435 2408 1848 867 273 490 1957 3639 4992 5714 5810 5957 6081 6084 6086 6056 6012 5964 5915 5855 5590 4150 2635 915 15550 13805 12096 10442 8902 9083 9689 11867 13698 15437 786 2495 4044 5169 5745 5990 6045 6069 6119 6156 6201 6233 6268 6271 6271 6229 6183 6135 5877 4372 2837 1296 15995 14229 12398 10607 8906 8192 8192 8223 9524 10843 11837 12787 14917 269 1992 3602 4885 5551 5857 5943 5969 6012 6066 6108 6160 6211 6265 6300 6313 6328 6342 6333 6324 6292 6242 6145 4918 3424 1898 295 14944 13117 11264 9495 8192 8192 8192 8192 8192 8192 8992 11073 12946 14715 59 1751 3395 4719 5412 5741 5914 6019 6074 6059 6082 6105 6166 6218 6249 6267 6273 6261 6256 6090 4594 3010 1463 16169 14397 12571 10755 9027 8192 8192 8192 8192 8192 8192 8192 9661 11625 13452 15190 517 2214 3810 4987 5550 5813 5977 6069 6137 6162 6153 6156 6194 6239 6270 6270 5089 3520 1957 276 14900 13087 11266 9496 8192 8192 8192 8192 8192 8192 8192 8192 8501 10681 12572 14387 16001 1453 3008 4554 5322 5752 5922 6078 6140 6220 6255 6278 6252 6256 5865 4334 2733 1094 15734 13943 12095 10285 8625 8192 8192 8192 8192 8192 8192 8192 8192 8192 10290 12208 14007 15734 1056 194 13395 305 1480 
0 1436 1658 1668 1549 1528 1442 1582 1544 1417 1431 1362 1481 1482 1417 1447 1427 1451 1527 1478 1544 1445 1434 1518 1374 1510 1513 1517 1584 1344 1400 1478 1426 1649 1485 1272 1240 349 15710 15081 15883 1367 3082 4565 5657 6126 6139 6162 6152 6154 6175 6143 6110 6085 6048 5996 5480 4035 2474 767 15390 13610 11837 10131 8569 8192 8192 8192 8719 10650 12351 13743 15614 918 2643 4193 5211 5687 5891 5944 5960 6012 6052 6098 6160 6210 6248 6276 6282 6295 6281 6279 6242 6205 6139 5129 3634 2091 506 15158 13337 11486 9678 8192 8192 8192 8192 8192 8192 8192 8192 10225 12142 13951 15683 1000 2674 4195 5175 5627 5854 5997 6088 6137 6178 6158 6157 6184 6212 6238 5988 4468 2858 1261 15928 14162 12325 10528 8850 8192 8192 8192 8192 8192 8192 8192 8192 8192 9542 11504 13333 15063 384 2072 3702 4946 5548 5829 5999 6112 6198 6267 6309 6334 6354 5675 4139 2564 891 15528 13735 11897 10119 8485 8192 8192 8192 8192 8192 8192 8192 8192 8192 8192 9509 11484 13311 15047 373 2063 3686 4951 5564 5850 6022 6134 6223 6300 6352 5516 4006 2427 720 15361 13560 11747 9978 8373 8192 8192 8192 8192 8192 8192 8192 8192 8192 8192 8192 10399 12300 14076 15791 1112 2790 4319 5298 5728 5942 6089 6192 6265 5777 4360 2826 1161 15812 14051 12244 10472 8818 8192 8192 8192 8192 8192 8192 8192 8192 8192 8192 8192 9055 11098 12964 14722 49 1751 199 14207 305 1480 
0 8192 8192 8192 9535 11578 13400 15133 452 2149 3772 4994 5585 5865 6029 6143 6218 6271 6312 6327 6313 6259 4841 3219 1601 16250 14468 12647 10813 9104 8192 8192 8192 8192 8192 8192 8192 8192 8192 9903 11927 13714 15445 767 2461 4045 5136 5654 5901 6050 6157 6220 6280 6323 6320 6305 6197 4702 3069 1438 16087 14299 12475 10663 8946 8192 8192 8192 8192 8192 8192 8192 8192 8192 10130 12138 13906 15620 947 2625 4190 5212 5679 5908 6063 6166 6235 6283 6316 6315 6300 6193 4709 3085 1469 16117 14336 12503 10691 8979 8192 8192 8192 8192 8192 8192 8192 8192 8192 10200 12188 13958 15695 1006 2685 4233 5232 5691 5927 6071 6162 6233 6278 6307 6299 6306 6286 4874 3244 1632 16291 14500 12660 10839 9108 8192 8192 8192 8192 8192 8192 8192 8192 8192 10065 12044 13861 15609 929 2617 4179 5203 5674 5903 6064 6168 6227 6286 6309 6297 6303 6320 5079 3470 1870 151 14751 12920 11106 9350 8192 8192 8192 8192 8192 8192 8192 8192 8192 9816 11781 13631 15348 669 2367 3956 5099 5627 5884 6047 6152 6226 6268 6298 6299 6294 6317 5486 3920 2332 643 15273 13451 11618 9825 8223 8192 8192 8192 8192 8192 8192 8192 8192 9324 11275 13241 14945 277 1971 3612 4898 5533 5836 6011 6131 6197 6253 6293 6301 6290 6304 6058 4521 2905 1271 15921 14127 12292 10483 8785 8192 8192 8192 8192 8192 8192 8192 8192 8557 10674 12618 14397 16115 1437 3106 4562 5394 209 1024 305 1480 
0 2093 2197 2540 2871 2552 2166 2297 2475 2804 2571 2347 2238 2285 2439 2540 2437 2527 2355 2324 2399 2391 2538 2529 2495 2602 2513 2448 2470 2410 2609 2622 2547 2511 2443 2524 2614 2379 1619 380 16132 567 2230 3864 5168 5927 6113 6215 6277 6262 6260 6233 6179 6121 6070 5991 5046 3651 2035 306 14942 13217 11522 9910 8417 9241 10065 12365 14139 15874 1206 2904 4399 5361 5834 6029 6065 6112 6161 6212 6262 6310 6348 6380 6389 6377 6353 6301 5476 3984 2437 844 15518 13737 11904 10129 8499 8192 8192 8192 9406 10764 11845 12462 14664 13 1726 3361 4717 5476 5806 5939 5957 6001 6043 6099 6149 6213 6268 6308 6345 6369 6394 6404 6420 6421 6401 5800 4279 2726 1175 15869 14092 12263 10439 8763 8192 8192 8192 8192 8192 8192 9449 11439 13292 15049 380 2083 3693 4911 5518 5795 5954 6052 6102 6103 6109 6146 6210 6247 6281 6302 6330 5562 4027 2457 824 15478 13680 11833 10055 8430 8192 8192 8192 8192 8192 8192 8192 8835 10936 12800 14571 16284 1597 3241 4641 5424 5761 5957 6075 6159 6218 6251 6239 6245 6261 6170 4686 3070 1453 16110 14342 12517 10693 8991 8192 8192 8192 8192 8192 8192 8192 8192 8192 10051 11972 13786 15516 848 2540 4105 5184 5659 5898 6045 6156 6237 6290 6327 6354 5856 4331 2741 1076 15719 13921 12100 10300 8633 8192 8192 8192 8192 8192 8192 8192 8192 8192 9221 11241 13086 14838 166 1854 3499 4830 5510 244 479 305 1480 
0 8192 8192 8192 8192 8192 8192 8192 10069 11996 13785 15509 828 2519 4097 5174 5660 5904 6065 6165 6253 6315 6357 5419 3861 2275 565 15203 13399 11579 9834 8245 8192 8192 8192 8192 8192 8192 8192 8192 8192 9644 11599 13423 15159 479 2174 3788 5010 5592 5866 6032 6138 6241 6295 6339 5718 4219 2635 947 15574 13793 11974 10179 8556 8192 8192 8192 8192 8192 8192 8192 8192 8192 9242 11251 13097 14851 181 1882 3527 4854 5516 5832 6011 6127 6226 6285 6339 5858 4382 2797 1130 15763 13970 12146 10380 8728 8192 8192 8192 8192 8192 8192 8192 8192 8192 8865 10949 12820 14580 16288 1604 3267 4676 5443 5788 5985 6121 6208 6284 6341 6127 4693 3100 1463 16108 14345 12514 10724 9026 8192 8192 8192 8192 8192 8192 8192 8192 8192 8350 10560 12447 14231 15952 1271 2947 4436 5344 5735 5959 6096 6192 6267 6329 6322 4984 3382 1756 28 14642 12839 11031 9290 8192 8192 8192 8192 8192 8192 8192 8192 8192 8192 10256 12165 13964 15685 1013 2704 4246 5243 5696 5927 6069 6181 6262 6313 6375 5294 3709 2101 382 15001 13262 11301 9704 8192 8192 8192 8192 8192 8192 8192 8192 8192 8192 9791 11732 13551 15281 597 2284 3894 5073 5612 5879 6041 6160 6239 6308 6347 5595 4077 2491 797 15431 13639 11823 10058 8427 8192 8192 8192 8192 8192 8192 8192 8192 8192 9359 11358 13196 14943 276 1968 3604 4900 5545 5842 6021 6140 6222 6294 6349 5886 4424 2840 256 8752 305 1480 
0 1570 1593 1418 1529 1519 1559 1576 1503 1629 1563 1574 1537 1380 1543 1505 1506 1564 1416 1545 1556 1500 1656 1584 1447 1592 1565 1618 1651 1460 1496 1550 1396 1452 1484 1559 1674 885 15911 15425 16370 1838 3529 4918 5893 6258 6275 6285 6280 6272 6291 6264 6233 6198 6152 6096 5092 3678 2072 343 14955 13186 11427 9737 8251 8192 8192 8192 9339 11271 12897 14767 102 1777 3467 4797 5497 5825 5933 5945 5992 6037 6083 6133 6202 6244 6287 6322 6340 6358 6359 6354 6350 6311 5466 3964 2411 842 15523 13723 11881 10084 8440 8192 8192 8192 8192 8192 8192 8192 9578 11546 13385 15128 456 2141 3731 4941 5522 5803 5964 6080 6141 6184 6201 6196 6199 6235 6274 5782 4247 2676 1053 15709 13924 12091 10312 8617 8192 8192 8192 8192 8192 8192 8192 8192 8192 9401 11388 13233 14979 302 1995 3633 4902 5535 5827 6003 6126 6213 6284 6331 6369 6382 5218 3588 1978 264 14883 13067 11233 9491 8192 8192 8192 8192 8192 8192 8192 8192 8192 8192 8192 9585 11555 13378 15109 432 2119 3735 4992 5584 5869 6030 6155 6246 6313 5707 4237 2683 998 15643 13854 12049 10287 8630 8192 8192 8192 8192 8192 8192 8192 8192 8192 8192 8192 9203 11221 13072 14819 146 1849 3494 4841 5532 5849 6030 6145 6243 5527 4078 2539 862 15531 13766 11990 10250 8633 8192 8192 8192 8192 8192 8192 8192 8192 8192 8192 8192 8599 10735 12611 14377 16081 1399 3069 4551 261 13961 305 1480 
0 8192 8192 8192 8192 8192 8192 9516 11477 13317 15062 383 2062 3679 4949 5554 5843 6014 6135 6217 6269 6323 6355 5521 3976 2395 702 15330 13540 11708 9958 8340 8192 8192 8192 8192 8192 8192 8192 8192 8192 10153 12063 13863 15585 916 2595 4159 5200 5679 5908 6067 6170 6237 6306 6344 6012 4546 2957 1303 15938 14164 12331 10558 8846 8192 8192 8192 8192 8192 8192 8192 8192 8192 9238 11250 13095 14845 170 1871 3511 4848 5513 5825 6011 6121 6217 6288 6328 6348 5033 3424 1804 76 14681 12874 11067 9336 8192 8192 8192 8192 8192 8192 8192 8192 8192 8420 10623 12506 14289 16000 1322 2996 4486 5357 5754 5952 6091 6194 6263 6326 6362 5422 3859 2266 563 15183 13387 11566 9816 8216 8192 8192 8192 8192 8192 8192 8192 8192 8192 10074 12001 13815 15541 860 2548 4127 5185 5667 5904 6063 6173 6241 6299 6354 5813 4325 2738 1061 15682 13891 12060 10296 8611 8192 8192 8192 8192 8192 8192 8192 8192 8192 9456 11453 13290 15032 358 2056 3681 4942 5565 5841 6020 6135 6230 6297 6342 6237 4800 3203 1572 16218 14433 12623 10804 9115 8192 8192 8192 8192 8192 8192 8192 8192 8192 8785 10891 12760 14523 16233 1549 3203 4642 5429 5781 5975 6106 6201 6269 6331 6363 5229 3624 2021 300 14916 13125 11302 9558 8192 8192 8192 8192 8192 8192 8192 8192 8192 8192 10329 12229 14018 15743 1065 2745 4288 5263 5710 5925 6079 6180 6246 6319 6359 5649 4133 266 8509 305 1480 
0 2655 2671 2620 2730 2880 2795 2707 2676 2785 2931 2928 2815 2756 2799 2852 2782 2687 2589 2614 2706 2656 2749 2843 2990 3135 2962 2791 2748 2636 2621 2388 2239 2334 2414 2551 2565 2314 1658 618 16378 869 2507 4105 5340 5955 6024 6190 6284 6325 6321 6292 6242 6189 6133 6043 5051 3648 2057 333 14978 13266 11567 9944 8706 11065 12954 14703 31 1682 3329 4732 5549 5922 6077 6115 6157 6203 6271 6324 6382 6412 6434 6452 6424 6399 6020 4519 2971 1432 16139 14371 12552 10768 9083 8192 8192 9303 10620 11691 13155 15094 441 2151 3760 4989 5607 5904 5973 5998 6067 6112 6162 6227 6275 6327 6380 6398 6409 6473 6437 6477 5585 4114 2535 983 15636 13862 12016 10253 8592 8192 8192 8192 8192 8192 8192 10054 11982 13795 15536 851 2539 4085 5130 5616 5849 5994 6063 6088 6082 6112 6171 6225 6274 6297 6322 6344 6173 4643 3039 1466 16137 14379 12565 10738 9030 8192 8192 8192 8192 8192 8192 8192 9044 11093 12956 14715 55 1750 3386 4740 5455 5781 5961 6078 6151 6191 6204 6194 6215 6269 6311 5356 3783 2219 536 15159 13369 11542 9765 8204 8192 8192 8192 8192 8192 8192 8192 8192 9798 11745 13578 15313 643 2335 3928 5081 5614 5871 6033 6136 6219 6269 6312 6319 6303 5144 3522 1916 193 14809 12981 11150 9419 8192 8192 8192 8192 8192 8192 8192 8192 8192 8512 10679 12568 14340 16064 1385 3047 4520 5383 5758 5961 6094 6189 6261 277 354 305 1480 
0 1097 728 1124 1681 2199 1922 1532 1666 1653 1712 1352 960 1395 1750 2098 2172 1472 1535 1514 1392 1510 1105 1465 1968 1938 2086 1503 1236 1437 1239 1561 1684 1695 2030 1778 1426 512 15490 15035 15987 1440 3138 4605 5694 6234 6316 6315 6325 6326 6339 6315 6284 6256 6210 6141 5088 3674 2088 370 15005 13228 11485 9804 8276 8192 8192 8192 9597 11422 13062 14975 312 2003 3633 4905 5560 5863 5929 5984 5999 6038 6112 6128 6233 6249 6311 6331 6360 6366 6374 6362 6224 4749 3177 1638 16377 14609 12800 10960 9228 8192 8192 8192 8192 8192 8192 8192 9416 11401 13256 15003 338 2031 3647 4883 5499 5789 5949 6058 6120 6152 6147 6147 6199 6231 6274 6277 4910 3294 1705 6 14618 12797 10989 9255 8192 8192 8192 8192 8192 8192 8192 8192 8192 9490 11470 13311 15052 377 2079 3697 4944 5545 5835 5999 6114 6206 6267 6306 6342 6345 5568 4015 2432 739 15370 13568 11737 9951 8351 8192 8192 8192 8192 8192 8192 8192 8192 8192 8192 10081 12002 13812 15546 872 2566 4137 5192 5673 5903 6059 6166 6250 6324 6143 4713 3140 1490 16140 14363 12552 10749 9060 8192 8192 8192 8192 8192 8192 8192 8192 8192 8192 8192 9749 11695 13509 15243 573 2259 3870 5056 5614 5889 6056 6159 6252 5807 4404 2866 1205 15855 14091 12298 10545 8882 8192 8192 8192 8192 8192 8192 8192 8192 8192 8192 8192 9326 11316 13154 14897 218 1918 3564 4883 5537 5845 282 5802 305 1480 
0 8192 8192 8192 8192 8192 8192 8721 10842 12722 14492 16205 1529 3190 4620 5416 5785 5978 6105 6205 6274 6328 6369 5317 3725 2121 404 15029 13234 11400 9668 8192 8192 8192 8192 8192 8192 8192 8192 8192 8192 10389 12291 14078 15803 1129 2816 4338 5291 5718 5939 6082 6184 6256 6313 6358 5674 4153 2568 869 15502 13690 11875 10087 8468 8192 8192 8192 8192 8192 8192 8192 8192 8192 9773 11716 13543 15281 607 2307 3897 5073 5616 5879 6043 6150 6236 6298 6346 6046 4571 2982 1332 15973 14186 12376 10582 8880 8192 8192 8192 8192 8192 8192 8192 8192 8192 9220 11242 13085 14835 165 1868 3508 4835 5513 5820 5996 6128 6224 6287 6335 6339 5020 3410 1782 67 14684 12874 11078 9368 8192 8192 8192 8192 8192 8192 8192 8192 8192 8532 10691 12570 14344 16067 1370 3005 4532 5348 5772 5942 6113 6179 6270 6319 6364 5402 3860 2267 570 15184 13390 11573 9833 8235 8192 8192 8192 8192 8192 8192 8192 8192 8192 10147 12068 13858 15590 907 2595 4147 5209 5679 5914 6067 6174 6247 6309 6360 5778 4293 2700 1019 15656 13864 12046 10267 8606 8192 8192 8192 8192 8192 8192 8192 8192 8192 9575 11548 13384 15123 449 2145 3770 4999 5585 5866 6036 6154 6233 6293 6343 6229 4790 3182 1536 16174 14391 12562 10764 9062 8192 8192 8192 8192 8192 8192 8192 8192 8192 8845 10941 12806 14573 16290 1600 3264 4677 5446 5796 5980 6115 6210 6282 6340 6364 5289 3687 286 15757 305 1480 
0 8192 8192 8192 8914 11006 12897 14657 16372 1692 3338 4724 5465 5800 5997 6118 6203 6260 6295 6326 6315 6287 4901 3282 1670 16319 14545 12725 10904 9160 8192 8192 8192 8192 8192 8192 8192 8192 8192 9910 11923 13704 15432 756 2450 4029 5134 5648 5902 6052 6161 6226 6277 6317 6320 6302 5864 4332 2734 1079 15721 13925 12085 10289 8611 8192 8192 8192 8192 8192 8192 8192 8192 8572 10709 12666 14402 16126 1457 3126 4585 5401 5769 5971 6107 6195 6243 6294 6311 6303 6312 5437 3864 2278 575 15199 13399 11561 9793 8192 8192 8192 8192 8192 8192 8192 8192 8192 9278 11273 13167 14895 224 1916 3557 4866 5517 5828 6007 6137 6213 6261 6311 6306 6305 6319 5135 3545 1952 241 14855 13051 11212 9481 8192 8192 8192 8192 8192 8192 8192 8192 8192 9831 11792 13639 15361 674 2366 3964 5109 5634 5890 6046 6156 6222 6270 6300 6292 6301 6300 4913 3295 1676 16328 14553 12746 10919 9189 8192 8192 8192 8192 8192 8192 8192 8192 8192 10153 12119 13926 15652 973 2656 4216 5237 5683 5924 6069 6171 6237 6274 6316 6285 6294 6269 4820 3195 1583 16226 14444 12614 10784 9064 8192 8192 8192 8192 8192 8192 8192 8192 8192 10295 12256 14057 15772 1101 2780 4321 5277 5712 5937 6080 6174 6229 6280 6303 6290 6297 6258 4792 3165 1548 16203 14409 12579 10764 9043 8192 8192 8192 8192 8192 8192 8192 8192 8192 10387 12344 14154 15876 1196 2872 4389 5319 5726 5951 291 13971 305 1480 
0 1169 1319 1278 1114 1526 1621 1575 1665 1484 1614 1871 1559 1935 1752 1799 1897 1334 1568 1365 1529 1715 1629 1659 1723 1360 1707 1598 1728 1763 1557 1712 1701 1648 1649 1397 1230 660 15675 15009 15592 992 2749 4300 5462 6174 6368 6406 6423 6422 6420 6435 6405 6371 6337 6281 5666 4221 2691 1023 15679 13904 12137 10425 8802 8192 8192 8192 8922 10800 12493 14139 15940 1225 2939 4434 5342 5743 5919 5944 5976 6030 6073 6127 6193 6240 6297 6336 6363 6382 6414 6426 6432 6436 6032 4502 2931 1388 16092 14314 12491 10657 8944 8192 8192 8192 8192 8192 8192 8192 8870 10959 12831 14594 16322 1637 3279 4656 5401 5743 5929 6053 6126 6172 6208 6194 6208 6243 6276 5887 4342 2766 1137 15792 14003 12186 10383 8705 8192 8192 8192 8192 8192 8192 8192 8192 8192 9087 11131 12973 14729 56 1751 3397 4768 5475 5799 5987 6113 6203 6268 6342 6378 6263 4808 3205 1569 16215 14440 12625 10813 9105 8192 8192 8192 8192 8192 8192 8192 8192 8192 8192 8192 9817 11760 13583 15312 635 2315 3920 5089 5632 5901 6056 6173 6256 6172 4820 3270 1653 16322 14552 12768 10985 9291 8192 8192 8192 8192 8192 8192 8192 8192 8192 8192 8192 8192 9956 11885 13694 15419 748 2443 4038 5158 5672 5928 6086 6190 5668 4279 2769 1121 15795 14046 12268 10531 8883 8192 8192 8192 8192 8192 8192 8192 8192 8192 8192 8192 8192 9913 11852 13661 15390 707 2394 3982 5137 297 525 305 1480 
0 2474 2390 2403 2331 2455 2649 2592 2495 2322 2210 2292 2275 2263 2247 2244 2323 2271 2235 2198 2302 2497 2465 2450 2333 2273 2439 2362 2308 2266 2158 2378 2430 2306 2391 2250 2332 2055 789 15831 15877 913 2704 4239 5430 6091 6235 6310 6308 6290 6287 6254 6211 6158 6104 5984 4718 3300 1651 16297 14560 12826 11146 9541 8303 9420 9557 10359 12569 14362 16108 1450 3117 4557 5452 5875 6030 6065 6105 6152 6200 6251 6295 6348 6379 6400 6394 6375 6238 4779 3225 1691 24 14665 12849 11031 9327 8192 8192 8192 8192 8192 8192 10040 12027 13824 15563 896 2583 4147 5161 5629 5854 5981 6053 6050 6060 6122 6173 6224 6252 6296 6321 6335 6352 6350 5433 3902 2343 736 15393 13575 11732 9955 8330 8192 8192 8192 8192 8192 8192 9009 11066 12929 14698 30 1735 3373 4718 5427 5756 5945 6055 6114 6145 6128 6155 6200 6246 6281 6296 5758 4219 2631 1005 15660 13870 12038 10259 8594 8192 8192 8192 8192 8192 8192 8192 8192 9963 11879 13686 15416 741 2425 4000 5106 5614 5862 6023 6130 6191 6248 6282 6265 6260 6143 4647 3030 1411 16065 14302 12459 10654 8959 8192 8192 8192 8192 8192 8192 8192 8192 8192 9665 11615 13436 15176 507 2198 3803 5012 5580 5850 6021 6137 6216 6287 6328 6352 5693 4169 2583 902 15529 13738 11925 10129 8489 8192 8192 8192 8192 8192 8192 8192 8192 8192 9295 11295 13136 14873 191 1893 3527 4856 5523 5829 6013 1 4144 305 1979 
0 1236 1312 1371 1439 1263 1229 1415 1333 1447 1318 1178 1375 1298 1344 1324 1135 1377 1343 1243 1373 1206 1335 1492 1244 1445 1318 1291 1509 1147 1300 1451 1297 1495 1209 1071 1103 16358 14969 14669 15793 1294 2997 4486 5605 6190 6309 6332 6331 6330 6343 6331 6305 6286 6242 6181 5352 3930 2379 694 15326 13568 11797 10099 8533 8192 8192 8192 8192 10081 11930 12267 14311 16062 1428 3109 4540 5377 5749 5925 5980 5986 6030 6083 6152 6212 6255 6290 6325 6348 6369 6373 6388 6385 6369 5735 4213 2645 1094 15775 13986 12137 10319 8647 8192 8192 8192 8192 8192 8192 8192 9362 11365 13211 14969 297 1995 3619 4868 5491 5781 5951 6063 6133 6180 6199 6187 6206 6232 6276 5597 4048 2469 821 15464 13663 11831 10051 8415 8192 8192 8192 8192 8192 8192 8192 8192 8192 9640 11609 13438 15183 509 2193 3804 5008 5573 5855 6022 6128 6220 6283 6338 6367 6008 4512 2916 1250 15893 14107 12284 10480 8797 8192 8192 8192 8192 8192 8192 8192 8192 8192 8192 8229 10481 12381 14161 15882 1203 2869 4394 5320 5735 5949 6089 6188 6271 5961 4558 3017 1366 16022 14260 12469 10687 9004 8192 8192 8192 8192 8192 8192 8192 8192 8192 8192 8192 8655 10789 12663 14426 16135 1454 3117 4591 5418 5792 5985 6118 6260 5406 4046 2431 815 15433 13715 11914 10185 8562 8192 8192 8192 8192 8192 8192 8192 8192 8192 8192 8192 8700 10820 12691 14455 16165 1485 3147 4609 6 5661 305 1979 
